{"type": "FeatureCollection", "features": [{"type": "Feature", "geometry": {"type": "LineString", "coordinates": [[10.62694, 64.25211], [10.62614, 64.25293]]}, "properties": {"P": 11.35, "tau": 15.07, "tau_c": 33.24, "omega": 12.23, "M": 0.45, "D": 0.0, "R": 0.14, "sving": 0.25, "os": 0.28, "foss": 0.0, "juv": 0.0, "B": 0.42, "Q": 29.13, "w": 48.67, "h": 0.74, "S": 0.00208, "elv": "Steinsdalselva", "km": 0.0}}, {"type": "Feature", "geometry": {"type": "LineString", "coordinates": [[10.62614, 64.25293], [10.62573, 64.25381]]}, "properties": {"P": 17.02, "tau": 12.39, "tau_c": 28.79, "omega": 9.25, "M": 0.43, "D": 0.0, "R": 0.11, "sving": 0.16, "os": 0.17, "foss": 0.0, "juv": 0.0, "B": 0.92, "Q": 29.4, "w": 48.72, "h": 0.81, "S": 0.00156, "elv": "Steinsdalselva", "km": 0.1}}, {"type": "Feature", "geometry": {"type": "LineString", "coordinates": [[10.62573, 64.25381], [10.62561, 64.2547]]}, "properties": {"P": 30.63, "tau": 28.41, "tau_c": 52.22, "omega": 30.41, "M": 0.54, "D": 0.0, "R": 0.24, "sving": 0.08, "os": 0.11, "foss": 0.36, "juv": 0.0, "B": 0.92, "Q": 29.42, "w": 48.78, "h": 0.56, "S": 0.00514, "elv": "Steinsdalselva", "km": 0.2}}, {"type": "Feature", "geometry": {"type": "LineString", "coordinates": [[10.62561, 64.2547], [10.62546, 64.25559]]}, "properties": {"P": 49.42, "tau": 69.54, "tau_c": 99.18, "omega": 109.69, "M": 0.7, "D": 0.0, "R": 0.45, "sving": 0.11, "os": 0.17, "foss": 0.5, "juv": 0.0, "B": 0.92, "Q": 29.46, "w": 48.84, "h": 0.38, "S": 0.01854, "elv": "Steinsdalselva", "km": 0.3}}, {"type": "Feature", "geometry": {"type": "LineString", "coordinates": [[10.62546, 64.25559], [10.6251, 64.25646]]}, "properties": {"P": 59.85, "tau": 70.24, "tau_c": 99.91, "omega": 111.28, "M": 0.7, "D": 0.0, "R": 0.45, "sving": 0.14, "os": 0.26, "foss": 0.69, "juv": 0.0, "B": 0.92, "Q": 29.46, "w": 48.86, "h": 0.38, "S": 0.01881, "elv": "Steinsdalselva", "km": 0.4}}, {"type": "Feature", "geometry": {"type": "LineString", "coordinates": [[10.6251, 64.25646], [10.62529, 64.25729]]}, "properties": {"P": 71.57, "tau": 73.4, "tau_c": 103.06, "omega": 118.55, "M": 0.71, "D": 0.0, "R": 0.46, "sving": 0.06, "os": 0.38, "foss": 1.0, "juv": 0.0, "B": 0.92, "Q": 29.5, "w": 48.87, "h": 0.37, "S": 0.02002, "elv": "Steinsdalselva", "km": 0.5}}, {"type": "Feature", "geometry": {"type": "LineString", "coordinates": [[10.62529, 64.25729], [10.62592, 64.25815]]}, "properties": {"P": 71.07, "tau": 74.7, "tau_c": 104.41, "omega": 121.55, "M": 0.72, "D": 0.01, "R": 0.47, "sving": 0.12, "os": 0.52, "foss": 0.76, "juv": 0.0, "B": 0.92, "Q": 29.5, "w": 48.93, "h": 0.37, "S": 0.02055, "elv": "Steinsdalselva", "km": 0.6}}, {"type": "Feature", "geometry": {"type": "LineString", "coordinates": [[10.62592, 64.25815], [10.62607, 64.25903]]}, "properties": {"P": 80.47, "tau": 75.81, "tau_c": 105.55, "omega": 124.13, "M": 0.72, "D": 0.1, "R": 0.47, "sving": 0.4, "os": 0.61, "foss": 0.54, "juv": 0.0, "B": 0.92, "Q": 29.52, "w": 48.99, "h": 0.37, "S": 0.021, "elv": "Steinsdalselva", "km": 0.7}}, {"type": "Feature", "geometry": {"type": "LineString", "coordinates": [[10.62607, 64.25903], [10.6251, 64.2598]]}, "properties": {"P": 79.47, "tau": 68.6, "tau_c": 97.89, "omega": 107.7, "M": 0.7, "D": 0.24, "R": 0.45, "sving": 0.55, "os": 0.44, "foss": 0.39, "juv": 0.0, "B": 0.92, "Q": 29.81, "w": 49.05, "h": 0.39, "S": 0.01806, "elv": "Steinsdalselva", "km": 0.8}}, {"type": "Feature", "geometry": {"type": "LineString", "coordinates": [[10.6251, 64.2598], [10.6234, 64.2603]]}, "properties": {"P": 63.97, "tau": 23.18, "tau_c": 45.01, "omega": 22.74, "M": 0.52, "D": 0.43, "R": 0.2, "sving": 0.49, "os": 0.27, "foss": 0.3, "juv": 0.0, "B": 0.92, "Q": 29.81, "w": 49.11, "h": 0.62, "S": 0.00382, "elv": "Steinsdalselva", "km": 0.9}}, {"type": "Feature", "geometry": {"type": "LineString", "coordinates": [[10.6234, 64.2603], [10.62153, 64.26068]]}, "properties": {"P": 35.01, "tau": 22.57, "tau_c": 44.15, "omega": 21.88, "M": 0.51, "D": 0.39, "R": 0.2, "sving": 0.05, "os": 0.17, "foss": 0.0, "juv": 0.0, "B": 0.92, "Q": 29.85, "w": 49.16, "h": 0.63, "S": 0.00367, "elv": "Steinsdalselva", "km": 1.0}}, {"type": "Feature", "geometry": {"type": "LineString", "coordinates": [[10.62153, 64.26068], [10.61959, 64.26098]]}, "properties": {"P": 31.49, "tau": 19.12, "tau_c": 39.2, "omega": 17.25, "M": 0.49, "D": 0.32, "R": 0.17, "sving": 0.14, "os": 0.11, "foss": 0.0, "juv": 0.0, "B": 0.92, "Q": 29.86, "w": 49.17, "h": 0.67, "S": 0.0029, "elv": "Steinsdalselva", "km": 1.1}}, {"type": "Feature", "geometry": {"type": "LineString", "coordinates": [[10.61959, 64.26098], [10.61841, 64.26169]]}, "properties": {"P": 21.75, "tau": 14.27, "tau_c": 31.77, "omega": 11.33, "M": 0.45, "D": 0.17, "R": 0.13, "sving": 0.08, "os": 0.14, "foss": 0.0, "juv": 0.0, "B": 0.92, "Q": 29.86, "w": 49.18, "h": 0.76, "S": 0.0019, "elv": "Steinsdalselva", "km": 1.2}}, {"type": "Feature", "geometry": {"type": "LineString", "coordinates": [[10.61841, 64.26169], [10.61727, 64.26243]]}, "properties": {"P": 24.47, "tau": 15.46, "tau_c": 33.66, "omega": 12.72, "M": 0.46, "D": 0.11, "R": 0.14, "sving": 0.14, "os": 0.23, "foss": 0.0, "juv": 0.0, "B": 0.92, "Q": 29.86, "w": 49.18, "h": 0.74, "S": 0.00214, "elv": "Steinsdalselva", "km": 1.3}}, {"type": "Feature", "geometry": {"type": "LineString", "coordinates": [[10.61727, 64.26243], [10.61566, 64.26295]]}, "properties": {"P": 24.77, "tau": 14.48, "tau_c": 32.11, "omega": 11.57, "M": 0.45, "D": 0.08, "R": 0.13, "sving": 0.05, "os": 0.38, "foss": 0.0, "juv": 0.0, "B": 0.92, "Q": 29.86, "w": 49.18, "h": 0.76, "S": 0.00194, "elv": "Steinsdalselva", "km": 1.4}}, {"type": "Feature", "geometry": {"type": "LineString", "coordinates": [[10.61566, 64.26295], [10.61411, 64.26353]]}, "properties": {"P": 32.39, "tau": 14.9, "tau_c": 32.77, "omega": 12.06, "M": 0.45, "D": 0.07, "R": 0.14, "sving": 0.06, "os": 0.62, "foss": 0.0, "juv": 0.0, "B": 0.92, "Q": 29.86, "w": 49.18, "h": 0.75, "S": 0.00202, "elv": "Steinsdalselva", "km": 1.5}}, {"type": "Feature", "geometry": {"type": "LineString", "coordinates": [[10.61411, 64.26353], [10.61268, 64.26418]]}, "properties": {"P": 44.08, "tau": 12.56, "tau_c": 28.99, "omega": 9.44, "M": 0.43, "D": 0.1, "R": 0.12, "sving": 0.12, "os": 0.91, "foss": 0.0, "juv": 0.0, "B": 0.92, "Q": 29.86, "w": 49.18, "h": 0.81, "S": 0.00158, "elv": "Steinsdalselva", "km": 1.6}}, {"type": "Feature", "geometry": {"type": "LineString", "coordinates": [[10.61268, 64.26418], [10.61129, 64.26484]]}, "properties": {"P": 38.98, "tau": 11.0, "tau_c": 26.36, "omega": 7.8, "M": 0.42, "D": 0.09, "R": 0.1, "sving": 0.18, "os": 0.73, "foss": 0.0, "juv": 0.0, "B": 0.92, "Q": 29.86, "w": 49.18, "h": 0.86, "S": 0.00131, "elv": "Steinsdalselva", "km": 1.7}}, {"type": "Feature", "geometry": {"type": "LineString", "coordinates": [[10.61129, 64.26484], [10.6101, 64.26557]]}, "properties": {"P": 29.08, "tau": 12.37, "tau_c": 28.67, "omega": 9.23, "M": 0.43, "D": 0.06, "R": 0.12, "sving": 0.17, "os": 0.45, "foss": 0.0, "juv": 0.0, "B": 0.92, "Q": 29.86, "w": 49.18, "h": 0.81, "S": 0.00155, "elv": "Steinsdalselva", "km": 1.8}}, {"type": "Feature", "geometry": {"type": "LineString", "coordinates": [[10.6101, 64.26557], [10.60932, 64.2664]]}, "properties": {"P": 20.63, "tau": 10.99, "tau_c": 26.34, "omega": 7.79, "M": 0.42, "D": 0.03, "R": 0.1, "sving": 0.15, "os": 0.27, "foss": 0.0, "juv": 0.0, "B": 0.92, "Q": 29.86, "w": 49.18, "h": 0.86, "S": 0.00131, "elv": "Steinsdalselva", "km": 1.9}}, {"type": "Feature", "geometry": {"type": "LineString", "coordinates": [[10.60932, 64.2664], [10.60868, 64.26725]]}, "properties": {"P": 14.62, "tau": 10.32, "tau_c": 25.18, "omega": 7.12, "M": 0.41, "D": 0.01, "R": 0.1, "sving": 0.11, "os": 0.17, "foss": 0.0, "juv": 0.0, "B": 0.92, "Q": 29.86, "w": 49.18, "h": 0.88, "S": 0.00119, "elv": "Steinsdalselva", "km": 2.0}}, {"type": "Feature", "geometry": {"type": "LineString", "coordinates": [[10.60868, 64.26725], [10.60799, 64.26809]]}, "properties": {"P": 13.09, "tau": 15.29, "tau_c": 33.38, "omega": 12.51, "M": 0.46, "D": 0.0, "R": 0.14, "sving": 0.06, "os": 0.1, "foss": 0.0, "juv": 0.0, "B": 0.92, "Q": 29.86, "w": 49.18, "h": 0.74, "S": 0.0021, "elv": "Steinsdalselva", "km": 2.1}}, {"type": "Feature", "geometry": {"type": "LineString", "coordinates": [[10.60799, 64.26809], [10.60733, 64.26894]]}, "properties": {"P": 18.37, "tau": 14.3, "tau_c": 31.81, "omega": 11.36, "M": 0.45, "D": 0.0, "R": 0.13, "sving": 0.24, "os": 0.1, "foss": 0.0, "juv": 0.0, "B": 0.92, "Q": 29.86, "w": 49.18, "h": 0.76, "S": 0.00191, "elv": "Steinsdalselva", "km": 2.2}}, {"type": "Feature", "geometry": {"type": "LineString", "coordinates": [[10.60733, 64.26894], [10.60688, 64.26982]]}, "properties": {"P": 16.52, "tau": 14.15, "tau_c": 31.57, "omega": 11.19, "M": 0.45, "D": 0.02, "R": 0.13, "sving": 0.1, "os": 0.16, "foss": 0.0, "juv": 0.0, "B": 0.92, "Q": 29.86, "w": 49.18, "h": 0.77, "S": 0.00188, "elv": "Steinsdalselva", "km": 2.3}}, {"type": "Feature", "geometry": {"type": "LineString", "coordinates": [[10.60688, 64.26982], [10.60528, 64.27031]]}, "properties": {"P": 18.28, "tau": 14.93, "tau_c": 32.82, "omega": 12.1, "M": 0.45, "D": 0.03, "R": 0.14, "sving": 0.04, "os": 0.26, "foss": 0.0, "juv": 0.0, "B": 0.92, "Q": 29.86, "w": 49.18, "h": 0.75, "S": 0.00203, "elv": "Steinsdalselva", "km": 2.4}}, {"type": "Feature", "geometry": {"type": "LineString", "coordinates": [[10.60528, 64.27031], [10.60416, 64.27102]]}, "properties": {"P": 30.6, "tau": 12.76, "tau_c": 29.32, "omega": 9.65, "M": 0.44, "D": 0.09, "R": 0.12, "sving": 0.22, "os": 0.4, "foss": 0.0, "juv": 0.0, "B": 0.92, "Q": 29.86, "w": 49.18, "h": 0.8, "S": 0.00162, "elv": "Steinsdalselva", "km": 2.5}}, {"type": "Feature", "geometry": {"type": "LineString", "coordinates": [[10.60416, 64.27102], [10.60369, 64.27189]]}, "properties": {"P": 39.9, "tau": 13.66, "tau_c": 30.79, "omega": 10.64, "M": 0.44, "D": 0.12, "R": 0.13, "sving": 0.22, "os": 0.64, "foss": 0.0, "juv": 0.0, "B": 0.92, "Q": 29.86, "w": 49.18, "h": 0.78, "S": 0.00179, "elv": "Steinsdalselva", "km": 2.6}}, {"type": "Feature", "geometry": {"type": "LineString", "coordinates": [[10.60369, 64.27189], [10.60225, 64.27249]]}, "properties": {"P": 53.89, "tau": 8.5, "tau_c": 21.9, "omega": 5.38, "M": 0.39, "D": 0.16, "R": 0.08, "sving": 0.36, "os": 0.95, "foss": 0.0, "juv": 0.0, "B": 0.92, "Q": 29.86, "w": 49.18, "h": 0.96, "S": 0.0009, "elv": "Steinsdalselva", "km": 2.7}}, {"type": "Feature", "geometry": {"type": "LineString", "coordinates": [[10.60225, 64.27249], [10.60021, 64.27251]]}, "properties": {"P": 42.83, "tau": 9.45, "tau_c": 23.63, "omega": 6.27, "M": 0.4, "D": 0.09, "R": 0.09, "sving": 0.46, "os": 0.59, "foss": 0.0, "juv": 0.0, "B": 0.92, "Q": 29.86, "w": 49.18, "h": 0.92, "S": 0.00105, "elv": "Steinsdalselva", "km": 2.8}}, {"type": "Feature", "geometry": {"type": "LineString", "coordinates": [[10.60021, 64.27251], [10.59816, 64.27252]]}, "properties": {"P": 31.46, "tau": 10.72, "tau_c": 25.86, "omega": 7.51, "M": 0.41, "D": 0.05, "R": 0.1, "sving": 0.35, "os": 0.39, "foss": 0.0, "juv": 0.0, "B": 0.92, "Q": 29.86, "w": 49.18, "h": 0.87, "S": 0.00126, "elv": "Steinsdalselva", "km": 2.9}}, {"type": "Feature", "geometry": {"type": "LineString", "coordinates": [[10.59816, 64.27252], [10.59612, 64.27262]]}, "properties": {"P": 18.13, "tau": 8.99, "tau_c": 22.79, "omega": 5.83, "M": 0.39, "D": 0.03, "R": 0.08, "sving": 0.14, "os": 0.24, "foss": 0.0, "juv": 0.0, "B": 0.92, "Q": 29.86, "w": 49.18, "h": 0.94, "S": 0.00098, "elv": "Steinsdalselva", "km": 3.0}}, {"type": "Feature", "geometry": {"type": "LineString", "coordinates": [[10.59612, 64.27262], [10.59409, 64.27247]]}, "properties": {"P": 18.7, "tau": 10.04, "tau_c": 24.69, "omega": 6.84, "M": 0.41, "D": 0.03, "R": 0.09, "sving": 0.23, "os": 0.15, "foss": 0.0, "juv": 0.0, "B": 0.92, "Q": 29.86, "w": 49.18, "h": 0.89, "S": 0.00115, "elv": "Steinsdalselva", "km": 3.1}}, {"type": "Feature", "geometry": {"type": "LineString", "coordinates": [[10.59409, 64.27247], [10.59216, 64.27217]]}, "properties": {"P": 26.39, "tau": 8.98, "tau_c": 23.07, "omega": 5.81, "M": 0.39, "D": 0.03, "R": 0.08, "sving": 0.55, "os": 0.09, "foss": 0.0, "juv": 0.0, "B": 0.92, "Q": 29.87, "w": 50.6, "h": 0.91, "S": 0.001, "elv": "Steinsdalselva", "km": 3.2}}, {"type": "Feature", "geometry": {"type": "LineString", "coordinates": [[10.59216, 64.27217], [10.59049, 64.27166]]}, "properties": {"P": 20.35, "tau": 10.14, "tau_c": 25.48, "omega": 6.9, "M": 0.4, "D": 0.0, "R": 0.09, "sving": 0.37, "os": 0.11, "foss": 0.0, "juv": 0.0, "B": 0.92, "Q": 29.87, "w": 52.01, "h": 0.84, "S": 0.00122, "elv": "Steinsdalselva", "km": 3.3}}, {"type": "Feature", "geometry": {"type": "LineString", "coordinates": [[10.59049, 64.27166], [10.59005, 64.27081]]}, "properties": {"P": 20.71, "tau": 11.79, "tau_c": 25.56, "omega": 8.83, "M": 0.46, "D": 0.0, "R": 0.14, "sving": 0.2, "os": 0.18, "foss": 0.0, "juv": 0.0, "B": 0.94, "Q": 39.06, "w": 53.42, "h": 0.98, "S": 0.00123, "elv": "Steinsdalselva", "km": 3.4}}, {"type": "Feature", "geometry": {"type": "LineString", "coordinates": [[10.59005, 64.27081], [10.58925, 64.27003]]}, "properties": {"P": 17.81, "tau": 9.88, "tau_c": 22.78, "omega": 6.83, "M": 0.43, "D": 0.03, "R": 0.12, "sving": 0.01, "os": 0.28, "foss": 0.0, "juv": 0.0, "B": 0.94, "Q": 39.06, "w": 54.84, "h": 1.03, "S": 0.00098, "elv": "Steinsdalselva", "km": 3.5}}, {"type": "Feature", "geometry": {"type": "LineString", "coordinates": [[10.58925, 64.27003], [10.58792, 64.26934]]}, "properties": {"P": 37.15, "tau": 9.97, "tau_c": 23.2, "omega": 6.91, "M": 0.43, "D": 0.03, "R": 0.11, "sving": 0.43, "os": 0.45, "foss": 0.0, "juv": 0.0, "B": 0.94, "Q": 39.06, "w": 56.25, "h": 1.0, "S": 0.00101, "elv": "Steinsdalselva", "km": 3.6}}, {"type": "Feature", "geometry": {"type": "LineString", "coordinates": [[10.58792, 64.26934], [10.58627, 64.26881]]}, "properties": {"P": 49.18, "tau": 9.68, "tau_c": 22.71, "omega": 6.62, "M": 0.43, "D": 0.04, "R": 0.11, "sving": 0.5, "os": 0.74, "foss": 0.0, "juv": 0.0, "B": 0.94, "Q": 39.06, "w": 56.25, "h": 1.02, "S": 0.00097, "elv": "Steinsdalselva", "km": 3.7}}, {"type": "Feature", "geometry": {"type": "LineString", "coordinates": [[10.58627, 64.26881], [10.58428, 64.26863]]}, "properties": {"P": 55.58, "tau": 10.75, "tau_c": 24.48, "omega": 7.69, "M": 0.44, "D": 0.0, "R": 0.12, "sving": 0.63, "os": 0.82, "foss": 0.0, "juv": 0.0, "B": 0.94, "Q": 39.06, "w": 56.25, "h": 0.97, "S": 0.00113, "elv": "Steinsdalselva", "km": 3.8}}, {"type": "Feature", "geometry": {"type": "LineString", "coordinates": [[10.58428, 64.26863], [10.58226, 64.26879]]}, "properties": {"P": 43.52, "tau": 9.66, "tau_c": 22.66, "omega": 6.59, "M": 0.43, "D": 0.0, "R": 0.11, "sving": 0.6, "os": 0.51, "foss": 0.0, "juv": 0.0, "B": 0.94, "Q": 39.06, "w": 56.25, "h": 1.02, "S": 0.00097, "elv": "Steinsdalselva", "km": 3.9}}, {"type": "Feature", "geometry": {"type": "LineString", "coordinates": [[10.58226, 64.26879], [10.58085, 64.26942]]}, "properties": {"P": 30.76, "tau": 9.97, "tau_c": 23.18, "omega": 6.9, "M": 0.43, "D": 0.0, "R": 0.11, "sving": 0.41, "os": 0.32, "foss": 0.0, "juv": 0.0, "B": 0.94, "Q": 39.06, "w": 56.26, "h": 1.0, "S": 0.00101, "elv": "Steinsdalselva", "km": 4.0}}, {"type": "Feature", "geometry": {"type": "LineString", "coordinates": [[10.58085, 64.26942], [10.57969, 64.27016]]}, "properties": {"P": 24.19, "tau": 11.27, "tau_c": 25.33, "omega": 8.24, "M": 0.45, "D": 0.0, "R": 0.13, "sving": 0.29, "os": 0.22, "foss": 0.0, "juv": 0.0, "B": 0.94, "Q": 39.06, "w": 56.27, "h": 0.95, "S": 0.00121, "elv": "Steinsdalselva", "km": 4.1}}, {"type": "Feature", "geometry": {"type": "LineString", "coordinates": [[10.57969, 64.27016], [10.57839, 64.27086]]}, "properties": {"P": 15.15, "tau": 11.61, "tau_c": 25.85, "omega": 8.59, "M": 0.45, "D": 0.0, "R": 0.13, "sving": 0.07, "os": 0.15, "foss": 0.0, "juv": 0.0, "B": 0.94, "Q": 39.13, "w": 56.28, "h": 0.94, "S": 0.00126, "elv": "Steinsdalselva", "km": 4.2}}, {"type": "Feature", "geometry": {"type": "LineString", "coordinates": [[10.57839, 64.27086], [10.57719, 64.27159]]}, "properties": {"P": 13.19, "tau": 12.04, "tau_c": 26.53, "omega": 9.05, "M": 0.45, "D": 0.01, "R": 0.14, "sving": 0.05, "os": 0.1, "foss": 0.0, "juv": 0.0, "B": 0.94, "Q": 39.13, "w": 56.29, "h": 0.92, "S": 0.00133, "elv": "Steinsdalselva", "km": 4.3}}, {"type": "Feature", "geometry": {"type": "LineString", "coordinates": [[10.57719, 64.27159], [10.57607, 64.27234]]}, "properties": {"P": 17.19, "tau": 10.94, "tau_c": 24.83, "omega": 7.89, "M": 0.44, "D": 0.04, "R": 0.12, "sving": 0.19, "os": 0.06, "foss": 0.0, "juv": 0.0, "B": 0.94, "Q": 39.13, "w": 56.56, "h": 0.96, "S": 0.00116, "elv": "Steinsdalselva", "km": 4.4}}, {"type": "Feature", "geometry": {"type": "LineString", "coordinates": [[10.57607, 64.27234], [10.57515, 64.27314]]}, "properties": {"P": 17.2, "tau": 11.04, "tau_c": 25.03, "omega": 7.98, "M": 0.44, "D": 0.05, "R": 0.12, "sving": 0.24, "os": 0.0, "foss": 0.0, "juv": 0.0, "B": 0.94, "Q": 39.14, "w": 56.82, "h": 0.95, "S": 0.00118, "elv": "Steinsdalselva", "km": 4.5}}, {"type": "Feature", "geometry": {"type": "LineString", "coordinates": [[10.57515, 64.27314], [10.57479, 64.27401]]}, "properties": {"P": 16.67, "tau": 9.84, "tau_c": 22.02, "omega": 6.85, "M": 0.45, "D": 0.08, "R": 0.13, "sving": 0.17, "os": 0.0, "foss": 0.0, "juv": 0.0, "B": 0.95, "Q": 40.94, "w": 53.56, "h": 1.1, "S": 0.00091, "elv": "Steinsdalselva", "km": 4.6}}, {"type": "Feature", "geometry": {"type": "LineString", "coordinates": [[10.57479, 64.27401], [10.57481, 64.27491]]}, "properties": {"P": 16.57, "tau": 9.81, "tau_c": 21.72, "omega": 6.83, "M": 0.45, "D": 0.11, "R": 0.14, "sving": 0.12, "os": 0.0, "foss": 0.0, "juv": 0.0, "B": 0.95, "Q": 40.95, "w": 52.3, "h": 1.12, "S": 0.00089, "elv": "Steinsdalselva", "km": 4.7}}, {"type": "Feature", "geometry": {"type": "LineString", "coordinates": [[10.57481, 64.27491], [10.57454, 64.2758]]}, "properties": {"P": 14.01, "tau": 8.4, "tau_c": 19.48, "omega": 5.47, "M": 0.43, "D": 0.11, "R": 0.12, "sving": 0.08, "os": 0.0, "foss": 0.0, "juv": 0.0, "B": 0.95, "Q": 40.96, "w": 52.56, "h": 1.2, "S": 0.00072, "elv": "Steinsdalselva", "km": 4.8}}, {"type": "Feature", "geometry": {"type": "LineString", "coordinates": [[10.57454, 64.2758], [10.57427, 64.27669]]}, "properties": {"P": 10.01, "tau": 6.44, "tau_c": 16.08, "omega": 3.72, "M": 0.4, "D": 0.09, "R": 0.09, "sving": 0.03, "os": 0.0, "foss": 0.0, "juv": 0.0, "B": 0.95, "Q": 40.96, "w": 52.57, "h": 1.35, "S": 0.00049, "elv": "Steinsdalselva", "km": 4.9}}, {"type": "Feature", "geometry": {"type": "LineString", "coordinates": [[10.57427, 64.27669], [10.57349, 64.27751]]}, "properties": {"P": 9.53, "tau": 9.12, "tau_c": 20.39, "omega": 6.17, "M": 0.45, "D": 0.04, "R": 0.13, "sving": 0.02, "os": 0.0, "foss": 0.0, "juv": 0.0, "B": 0.95, "Q": 40.97, "w": 51.05, "h": 1.19, "S": 0.00078, "elv": "Steinsdalselva", "km": 5.0}}, {"type": "Feature", "geometry": {"type": "LineString", "coordinates": [[10.57349, 64.27751], [10.57333, 64.2784]]}, "properties": {"P": 6.57, "tau": 7.32, "tau_c": 17.7, "omega": 4.48, "M": 0.41, "D": 0.02, "R": 0.1, "sving": 0.0, "os": 0.0, "foss": 0.0, "juv": 0.0, "B": 0.95, "Q": 41.01, "w": 53.05, "h": 1.26, "S": 0.00059, "elv": "Steinsdalselva", "km": 5.1}}, {"type": "Feature", "geometry": {"type": "LineString", "coordinates": [[10.57333, 64.2784], [10.57317, 64.27929]]}, "properties": {"P": 10.35, "tau": 13.24, "tau_c": 27.46, "omega": 10.48, "M": 0.48, "D": 0.0, "R": 0.17, "sving": 0.03, "os": 0.0, "foss": 0.0, "juv": 0.0, "B": 0.95, "Q": 41.01, "w": 54.59, "h": 0.95, "S": 0.00142, "elv": "Steinsdalselva", "km": 5.2}}, {"type": "Feature", "geometry": {"type": "LineString", "coordinates": [[10.57317, 64.27929], [10.57291, 64.28018]]}, "properties": {"P": 17.88, "tau": 12.61, "tau_c": 26.49, "omega": 9.76, "M": 0.48, "D": 0.01, "R": 0.16, "sving": 0.26, "os": 0.0, "foss": 0.0, "juv": 0.0, "B": 0.95, "Q": 41.11, "w": 54.62, "h": 0.97, "S": 0.00132, "elv": "Steinsdalselva", "km": 5.3}}, {"type": "Feature", "geometry": {"type": "LineString", "coordinates": [[10.57291, 64.28018], [10.57229, 64.281]]}, "properties": {"P": 17.85, "tau": 12.87, "tau_c": 26.54, "omega": 10.09, "M": 0.49, "D": 0.02, "R": 0.17, "sving": 0.22, "os": 0.0, "foss": 0.0, "juv": 0.0, "B": 0.95, "Q": 41.15, "w": 53.1, "h": 0.99, "S": 0.00133, "elv": "Steinsdalselva", "km": 5.4}}, {"type": "Feature", "geometry": {"type": "LineString", "coordinates": [[10.57229, 64.281], [10.57087, 64.28166]]}, "properties": {"P": 17.35, "tau": 12.64, "tau_c": 26.54, "omega": 9.81, "M": 0.48, "D": 0.04, "R": 0.16, "sving": 0.19, "os": 0.0, "foss": 0.0, "juv": 0.0, "B": 0.95, "Q": 41.16, "w": 54.65, "h": 0.97, "S": 0.00133, "elv": "Steinsdalselva", "km": 5.5}}, {"type": "Feature", "geometry": {"type": "LineString", "coordinates": [[10.57087, 64.28166], [10.56963, 64.28236]]}, "properties": {"P": 18.72, "tau": 11.28, "tau_c": 24.76, "omega": 8.3, "M": 0.46, "D": 0.13, "R": 0.14, "sving": 0.15, "os": 0.0, "foss": 0.0, "juv": 0.0, "B": 0.95, "Q": 41.17, "w": 56.2, "h": 1.0, "S": 0.00116, "elv": "Steinsdalselva", "km": 5.6}}, {"type": "Feature", "geometry": {"type": "LineString", "coordinates": [[10.56963, 64.28236], [10.56842, 64.28308]]}, "properties": {"P": 18.82, "tau": 11.28, "tau_c": 24.76, "omega": 8.3, "M": 0.46, "D": 0.24, "R": 0.14, "sving": 0.01, "os": 0.0, "foss": 0.0, "juv": 0.0, "B": 0.95, "Q": 41.18, "w": 56.22, "h": 1.0, "S": 0.00116, "elv": "Steinsdalselva", "km": 5.7}}, {"type": "Feature", "geometry": {"type": "LineString", "coordinates": [[10.56842, 64.28308], [10.56707, 64.28376]]}, "properties": {"P": 27.52, "tau": 4.67, "tau_c": 13.12, "omega": 2.33, "M": 0.36, "D": 0.42, "R": 0.06, "sving": 0.08, "os": 0.08, "foss": 0.0, "juv": 0.0, "B": 0.95, "Q": 41.22, "w": 56.24, "h": 1.47, "S": 0.00032, "elv": "Steinsdalselva", "km": 5.8}}, {"type": "Feature", "geometry": {"type": "LineString", "coordinates": [[10.56421, 64.28609], [10.56347, 64.28692]]}, "properties": {"P": 38.44, "tau": 9.19, "tau_c": 21.04, "omega": 6.21, "M": 0.44, "D": -0.0, "R": 0.12, "sving": 0.05, "os": 0.56, "foss": 0.34, "juv": 0.0, "B": 0.95, "Q": 41.3, "w": 54.45, "h": 1.12, "S": 0.00083, "elv": "Steinsdalselva", "km": 6.2}}, {"type": "Feature", "geometry": {"type": "LineString", "coordinates": [[10.56347, 64.28692], [10.56221, 64.28762]]}, "properties": {"P": 92.63, "tau": 112.08, "tau_c": 117.69, "omega": 229.11, "M": 0.95, "D": -0.0, "R": 0.75, "sving": 0.17, "os": 0.86, "foss": 0.47, "juv": 0.0, "B": 0.95, "Q": 41.94, "w": 46.88, "h": 0.44, "S": 0.02611, "elv": "Steinsdalselva", "km": 6.3}}, {"type": "Feature", "geometry": {"type": "LineString", "coordinates": [[10.56221, 64.28762], [10.56113, 64.28836]]}, "properties": {"P": 91.62, "tau": 122.15, "tau_c": 122.8, "omega": 260.58, "M": 0.99, "D": -0.0, "R": 0.79, "sving": 0.13, "os": 0.62, "foss": 0.65, "juv": 0.0, "B": 0.95, "Q": 41.95, "w": 44.88, "h": 0.44, "S": 0.02842, "elv": "Steinsdalselva", "km": 6.4}}, {"type": "Feature", "geometry": {"type": "LineString", "coordinates": [[10.56113, 64.28836], [10.55974, 64.28901]]}, "properties": {"P": 100.0, "tau": 122.19, "tau_c": 122.94, "omega": 260.65, "M": 0.99, "D": -0.0, "R": 0.79, "sving": 0.27, "os": 0.39, "foss": 1.0, "juv": 0.0, "B": 0.95, "Q": 41.95, "w": 44.98, "h": 0.44, "S": 0.02849, "elv": "Steinsdalselva", "km": 6.5}}, {"type": "Feature", "geometry": {"type": "LineString", "coordinates": [[10.55974, 64.28901], [10.55839, 64.28968]]}, "properties": {"P": 93.07, "tau": 123.08, "tau_c": 123.58, "omega": 263.37, "M": 1.0, "D": 0.02, "R": 0.79, "sving": 0.39, "os": 0.24, "foss": 0.79, "juv": 0.0, "B": 0.95, "Q": 41.96, "w": 44.98, "h": 0.44, "S": 0.02878, "elv": "Steinsdalselva", "km": 6.6}}, {"type": "Feature", "geometry": {"type": "LineString", "coordinates": [[10.55839, 64.28968], [10.55641, 64.28985]]}, "properties": {"P": 86.84, "tau": 124.34, "tau_c": 124.47, "omega": 267.26, "M": 1.0, "D": 0.12, "R": 0.79, "sving": 0.38, "os": 0.14, "foss": 0.57, "juv": 0.0, "B": 0.95, "Q": 41.97, "w": 44.99, "h": 0.43, "S": 0.0292, "elv": "Steinsdalselva", "km": 6.7}}, {"type": "Feature", "geometry": {"type": "LineString", "coordinates": [[10.55641, 64.28985], [10.55436, 64.28981]]}, "properties": {"P": 88.69, "tau": 111.22, "tau_c": 123.39, "omega": 223.21, "M": 0.9, "D": 0.29, "R": 0.7, "sving": 0.44, "os": 0.22, "foss": 0.43, "juv": 0.0, "B": 0.95, "Q": 41.98, "w": 52.95, "h": 0.4, "S": 0.0287, "elv": "Steinsdalselva", "km": 6.8}}, {"type": "Feature", "geometry": {"type": "LineString", "coordinates": [[10.55436, 64.28981], [10.55233, 64.28965]]}, "properties": {"P": 68.0, "tau": 23.64, "tau_c": 42.62, "omega": 23.94, "M": 0.55, "D": 0.53, "R": 0.25, "sving": 0.2, "os": 0.37, "foss": 0.32, "juv": 0.0, "B": 0.95, "Q": 41.98, "w": 58.91, "h": 0.7, "S": 0.00342, "elv": "Steinsdalselva", "km": 6.9}}, {"type": "Feature", "geometry": {"type": "LineString", "coordinates": [[10.55233, 64.28965], [10.55037, 64.28936]]}, "properties": {"P": 54.84, "tau": 16.66, "tau_c": 32.51, "omega": 14.57, "M": 0.51, "D": 0.47, "R": 0.2, "sving": 0.06, "os": 0.6, "foss": 0.0, "juv": 0.0, "B": 0.95, "Q": 44.14, "w": 59.2, "h": 0.85, "S": 0.00199, "elv": "Steinsdalselva", "km": 7.0}}, {"type": "Feature", "geometry": {"type": "LineString", "coordinates": [[10.55037, 64.28936], [10.54842, 64.28907]]}, "properties": {"P": 60.31, "tau": 17.7, "tau_c": 34.04, "omega": 15.9, "M": 0.52, "D": 0.31, "R": 0.21, "sving": 0.03, "os": 0.99, "foss": 0.0, "juv": 0.0, "B": 0.95, "Q": 44.14, "w": 59.51, "h": 0.83, "S": 0.00218, "elv": "Steinsdalselva", "km": 7.1}}, {"type": "Feature", "geometry": {"type": "LineString", "coordinates": [[10.54842, 64.28907], [10.54641, 64.28889]]}, "properties": {"P": 37.53, "tau": 18.74, "tau_c": 35.54, "omega": 17.23, "M": 0.53, "D": 0.05, "R": 0.22, "sving": 0.06, "os": 0.61, "foss": 0.0, "juv": 0.0, "B": 0.95, "Q": 44.15, "w": 59.82, "h": 0.8, "S": 0.00238, "elv": "Steinsdalselva", "km": 7.2}}, {"type": "Feature", "geometry": {"type": "LineString", "coordinates": [[10.54641, 64.28889], [10.54435, 64.2888]]}, "properties": {"P": 26.74, "tau": 16.4, "tau_c": 32.27, "omega": 14.23, "M": 0.51, "D": 0.03, "R": 0.2, "sving": 0.05, "os": 0.37, "foss": 0.0, "juv": 0.0, "B": 0.95, "Q": 44.23, "w": 59.84, "h": 0.85, "S": 0.00196, "elv": "Steinsdalselva", "km": 7.3}}, {"type": "Feature", "geometry": {"type": "LineString", "coordinates": [[10.54435, 64.2888], [10.54233, 64.28866]]}, "properties": {"P": 23.67, "tau": 16.61, "tau_c": 32.57, "omega": 14.5, "M": 0.51, "D": 0.07, "R": 0.2, "sving": 0.05, "os": 0.23, "foss": 0.0, "juv": 0.0, "B": 0.95, "Q": 44.24, "w": 59.85, "h": 0.85, "S": 0.002, "elv": "Steinsdalselva", "km": 7.4}}, {"type": "Feature", "geometry": {"type": "LineString", "coordinates": [[10.54233, 64.28866], [10.54049, 64.28826]]}, "properties": {"P": 30.51, "tau": 16.82, "tau_c": 32.88, "omega": 14.77, "M": 0.51, "D": 0.13, "R": 0.2, "sving": 0.24, "os": 0.15, "foss": 0.0, "juv": 0.0, "B": 0.95, "Q": 44.24, "w": 59.86, "h": 0.84, "S": 0.00204, "elv": "Steinsdalselva", "km": 7.5}}, {"type": "Feature", "geometry": {"type": "LineString", "coordinates": [[10.54049, 64.28826], [10.53845, 64.28819]]}, "properties": {"P": 37.75, "tau": 11.43, "tau_c": 24.92, "omega": 8.48, "M": 0.46, "D": 0.24, "R": 0.14, "sving": 0.34, "os": 0.21, "foss": 0.0, "juv": 0.0, "B": 0.95, "Q": 44.25, "w": 59.89, "h": 1.0, "S": 0.00117, "elv": "Steinsdalselva", "km": 7.6}}, {"type": "Feature", "geometry": {"type": "LineString", "coordinates": [[10.53845, 64.28819], [10.53672, 64.28864]]}, "properties": {"P": 38.43, "tau": 9.6, "tau_c": 21.98, "omega": 6.6, "M": 0.44, "D": 0.3, "R": 0.12, "sving": 0.23, "os": 0.3, "foss": 0.0, "juv": 0.0, "B": 0.95, "Q": 44.25, "w": 59.93, "h": 1.07, "S": 0.00091, "elv": "Steinsdalselva", "km": 7.7}}, {"type": "Feature", "geometry": {"type": "LineString", "coordinates": [[10.53672, 64.28864], [10.53522, 64.28925]]}, "properties": {"P": 40.2, "tau": 5.62, "tau_c": 14.92, "omega": 3.05, "M": 0.38, "D": 0.38, "R": 0.07, "sving": 0.07, "os": 0.49, "foss": 0.0, "juv": 0.0, "B": 0.95, "Q": 44.52, "w": 59.97, "h": 1.37, "S": 0.00042, "elv": "Steinsdalselva", "km": 7.8}}, {"type": "Feature", "geometry": {"type": "LineString", "coordinates": [[10.53522, 64.28925], [10.53323, 64.28938]]}, "properties": {"P": 57.7, "tau": 5.65, "tau_c": 14.98, "omega": 3.08, "M": 0.38, "D": 0.37, "R": 0.07, "sving": 0.31, "os": 0.79, "foss": 0.0, "juv": 0.0, "B": 0.95, "Q": 44.52, "w": 60.01, "h": 1.36, "S": 0.00042, "elv": "Steinsdalselva", "km": 7.9}}, {"type": "Feature", "geometry": {"type": "LineString", "coordinates": [[10.52113, 64.28885], [10.5194, 64.28934]]}, "properties": {"P": 28.73, "tau": 7.49, "tau_c": 18.41, "omega": 4.61, "M": 0.41, "D": -0.0, "R": 0.09, "sving": 0.22, "os": 0.47, "foss": 0.0, "juv": 0.0, "B": 0.95, "Q": 44.57, "w": 60.59, "h": 1.19, "S": 0.00064, "elv": "Steinsdalselva", "km": 8.6}}, {"type": "Feature", "geometry": {"type": "LineString", "coordinates": [[10.5194, 64.28934], [10.51768, 64.28983]]}, "properties": {"P": 36.0, "tau": 8.69, "tau_c": 20.17, "omega": 5.74, "M": 0.43, "D": -0.0, "R": 0.12, "sving": 0.09, "os": 0.78, "foss": 0.0, "juv": 0.0, "B": 0.96, "Q": 46.45, "w": 60.84, "h": 1.16, "S": 0.00077, "elv": "Steinsdalselva", "km": 8.7}}, {"type": "Feature", "geometry": {"type": "LineString", "coordinates": [[10.51768, 64.28983], [10.51582, 64.29022]]}, "properties": {"P": 36.32, "tau": 10.13, "tau_c": 22.55, "omega": 7.15, "M": 0.45, "D": -0.0, "R": 0.13, "sving": 0.07, "os": 0.78, "foss": 0.0, "juv": 0.0, "B": 0.96, "Q": 46.46, "w": 61.1, "h": 1.08, "S": 0.00096, "elv": "Steinsdalselva", "km": 8.8}}, {"type": "Feature", "geometry": {"type": "LineString", "coordinates": [[10.56358, 64.25595], [10.56249, 64.25671]]}, "properties": {"P": 20.84, "tau": 76.2, "tau_c": 251.79, "omega": 93.38, "M": 0.3, "D": 0.0, "R": 0.03, "sving": 0.07, "os": 0.21, "foss": 1.0, "juv": 0.0, "B": 0.44, "Q": 0.51, "w": 6.42, "h": 0.07, "S": 0.11949, "elv": "Killingbekken", "km": 0.5}}, {"type": "Feature", "geometry": {"type": "LineString", "coordinates": [[10.54434, 64.25506], [10.54611, 64.25549]]}, "properties": {"P": 14.89, "tau": 73.65, "tau_c": 236.22, "omega": 90.06, "M": 0.31, "D": 0.0, "R": 0.03, "sving": 0.03, "os": 0.0, "foss": 1.0, "juv": 0.0, "B": 0.39, "Q": 0.59, "w": 6.73, "h": 0.07, "S": 0.10517, "elv": "bekk", "km": 0.6}}, {"type": "Feature", "geometry": {"type": "LineString", "coordinates": [[10.54611, 64.25549], [10.54771, 64.25605]]}, "properties": {"P": 15.55, "tau": 67.65, "tau_c": 223.53, "omega": 79.62, "M": 0.3, "D": 0.02, "R": 0.03, "sving": 0.06, "os": 0.0, "foss": 1.0, "juv": 0.0, "B": 0.39, "Q": 0.59, "w": 6.9, "h": 0.07, "S": 0.09418, "elv": "bekk", "km": 0.7}}, {"type": "Feature", "geometry": {"type": "LineString", "coordinates": [[10.54922, 64.25666], [10.55116, 64.25693]]}, "properties": {"P": 12.33, "tau": 64.31, "tau_c": 212.76, "omega": 74.39, "M": 0.3, "D": 0.02, "R": 0.03, "sving": 0.03, "os": 0.07, "foss": 0.72, "juv": 0.0, "B": 0.39, "Q": 0.64, "w": 7.15, "h": 0.08, "S": 0.08532, "elv": "bekk", "km": 0.9}}, {"type": "Feature", "geometry": {"type": "LineString", "coordinates": [[10.55116, 64.25693], [10.55296, 64.25735]]}, "properties": {"P": 17.68, "tau": 66.99, "tau_c": 216.93, "omega": 79.13, "M": 0.31, "D": 0.0, "R": 0.03, "sving": 0.11, "os": 0.11, "foss": 1.0, "juv": 0.0, "B": 0.39, "Q": 0.66, "w": 7.25, "h": 0.08, "S": 0.0887, "elv": "bekk", "km": 1.0}}, {"type": "Feature", "geometry": {"type": "LineString", "coordinates": [[10.55296, 64.25735], [10.55462, 64.25784]]}, "properties": {"P": 17.48, "tau": 71.33, "tau_c": 227.06, "omega": 86.58, "M": 0.31, "D": 0.0, "R": 0.03, "sving": 0.02, "os": 0.18, "foss": 1.0, "juv": 0.0, "B": 0.39, "Q": 0.67, "w": 7.35, "h": 0.07, "S": 0.09718, "elv": "bekk", "km": 1.1}}, {"type": "Feature", "geometry": {"type": "LineString", "coordinates": [[10.55462, 64.25784], [10.55647, 64.25823]]}, "properties": {"P": 19.26, "tau": 66.04, "tau_c": 219.46, "omega": 77.09, "M": 0.3, "D": 0.0, "R": 0.03, "sving": 0.05, "os": 0.29, "foss": 1.0, "juv": 0.0, "B": 0.39, "Q": 0.68, "w": 7.9, "h": 0.07, "S": 0.09078, "elv": "bekk", "km": 1.2}}, {"type": "Feature", "geometry": {"type": "LineString", "coordinates": [[10.55647, 64.25823], [10.55836, 64.25855]]}, "properties": {"P": 22.62, "tau": 73.49, "tau_c": 243.23, "omega": 89.17, "M": 0.3, "D": 0.0, "R": 0.03, "sving": 0.12, "os": 0.46, "foss": 1.0, "juv": 0.0, "B": 0.39, "Q": 0.69, "w": 8.43, "h": 0.07, "S": 0.11151, "elv": "bekk", "km": 1.3}}, {"type": "Feature", "geometry": {"type": "LineString", "coordinates": [[10.53807, 64.29023], [10.53637, 64.28984]]}, "properties": {"P": 29.87, "tau": 30.87, "tau_c": 41.58, "omega": 37.02, "M": 0.74, "D": -0.0, "R": 0.5, "sving": 0.45, "os": 0.0, "foss": 0.0, "juv": 0.0, "B": 0.65, "Q": 44.5, "w": 38.43, "h": 0.97, "S": 0.00326, "elv": "Bjørndalsbekken", "km": 1.7}}, {"type": "Feature", "geometry": {"type": "LineString", "coordinates": [[10.51638, 64.27697], [10.51739, 64.27773]]}, "properties": {"P": 3.18, "tau": 44.0, "tau_c": 139.0, "omega": 45.47, "M": 0.32, "D": 0.0, "R": 0.03, "sving": 0.15, "os": 0.1, "foss": 0.0, "juv": 0.0, "B": 0.29, "Q": 1.31, "w": 10.31, "h": 0.12, "S": 0.03642, "elv": "Sørmelanselva", "km": 0.0}}, {"type": "Feature", "geometry": {"type": "LineString", "coordinates": [[10.51739, 64.27773], [10.51798, 64.27849]]}, "properties": {"P": 32.85, "tau": 61.9, "tau_c": 177.53, "omega": 74.19, "M": 0.35, "D": 0.0, "R": 0.05, "sving": 0.18, "os": 0.08, "foss": 1.0, "juv": 0.0, "B": 0.69, "Q": 1.31, "w": 10.31, "h": 0.11, "S": 0.0594, "elv": "Sørmelanselva", "km": 0.1}}, {"type": "Feature", "geometry": {"type": "LineString", "coordinates": [[10.51798, 64.27849], [10.51903, 64.27901]]}, "properties": {"P": 37.14, "tau": 68.64, "tau_c": 191.39, "omega": 86.0, "M": 0.36, "D": 0.01, "R": 0.06, "sving": 0.36, "os": 0.05, "foss": 1.0, "juv": 0.0, "B": 0.69, "Q": 1.31, "w": 10.34, "h": 0.1, "S": 0.06904, "elv": "Sørmelanselva", "km": 0.2}}, {"type": "Feature", "geometry": {"type": "LineString", "coordinates": [[10.51903, 64.27901], [10.52062, 64.27956]]}, "properties": {"P": 37.28, "tau": 60.29, "tau_c": 174.72, "omega": 71.37, "M": 0.35, "D": 0.05, "R": 0.05, "sving": 0.32, "os": 0.06, "foss": 1.0, "juv": 0.0, "B": 0.69, "Q": 1.31, "w": 10.39, "h": 0.11, "S": 0.05754, "elv": "Sørmelanselva", "km": 0.3}}, {"type": "Feature", "geometry": {"type": "LineString", "coordinates": [[10.52062, 64.27956], [10.52262, 64.27963]]}, "properties": {"P": 35.15, "tau": 58.49, "tau_c": 169.2, "omega": 68.57, "M": 0.35, "D": 0.08, "R": 0.05, "sving": 0.15, "os": 0.09, "foss": 1.0, "juv": 0.0, "B": 0.69, "Q": 1.35, "w": 10.45, "h": 0.11, "S": 0.05396, "elv": "Sørmelanselva", "km": 0.4}}, {"type": "Feature", "geometry": {"type": "LineString", "coordinates": [[10.52262, 64.27963], [10.52451, 64.27996]]}, "properties": {"P": 29.53, "tau": 52.4, "tau_c": 156.23, "omega": 58.58, "M": 0.34, "D": 0.14, "R": 0.04, "sving": 0.07, "os": 0.15, "foss": 0.72, "juv": 0.0, "B": 0.69, "Q": 1.37, "w": 10.58, "h": 0.12, "S": 0.046, "elv": "Sørmelanselva", "km": 0.5}}, {"type": "Feature", "geometry": {"type": "LineString", "coordinates": [[10.52451, 64.27996], [10.52637, 64.28033]]}, "properties": {"P": 32.04, "tau": 49.42, "tau_c": 150.33, "omega": 53.82, "M": 0.33, "D": 0.22, "R": 0.04, "sving": 0.19, "os": 0.25, "foss": 0.51, "juv": 0.0, "B": 0.69, "Q": 1.38, "w": 10.73, "h": 0.12, "S": 0.04259, "elv": "Sørmelanselva", "km": 0.6}}, {"type": "Feature", "geometry": {"type": "LineString", "coordinates": [[10.52637, 64.28033], [10.52759, 64.28097]]}, "properties": {"P": 40.76, "tau": 32.81, "tau_c": 108.86, "omega": 30.17, "M": 0.3, "D": 0.35, "R": 0.03, "sving": 0.36, "os": 0.4, "foss": 0.37, "juv": 0.0, "B": 0.7, "Q": 1.49, "w": 10.85, "h": 0.15, "S": 0.02233, "elv": "Sørmelanselva", "km": 0.7}}, {"type": "Feature", "geometry": {"type": "LineString", "coordinates": [[10.53755, 64.28262], [10.53699, 64.28344]]}, "properties": {"P": 14.83, "tau": 42.14, "tau_c": 127.19, "omega": 43.57, "M": 0.33, "D": 0.0, "R": 0.04, "sving": 0.4, "os": 0.12, "foss": 0.0, "juv": 0.0, "B": 0.71, "Q": 1.7, "w": 11.69, "h": 0.14, "S": 0.03049, "elv": "Sørmelanselva", "km": 1.8}}, {"type": "Feature", "geometry": {"type": "LineString", "coordinates": [[10.53699, 64.28344], [10.53562, 64.28405]]}, "properties": {"P": 34.21, "tau": 89.45, "tau_c": 215.3, "omega": 128.67, "M": 0.42, "D": 0.0, "R": 0.1, "sving": 0.08, "os": 0.1, "foss": 1.0, "juv": 0.0, "B": 0.71, "Q": 1.71, "w": 11.4, "h": 0.1, "S": 0.08737, "elv": "Sørmelanselva", "km": 1.9}}, {"type": "Feature", "geometry": {"type": "LineString", "coordinates": [[10.53562, 64.28405], [10.53427, 64.28472]]}, "properties": {"P": 37.88, "tau": 104.78, "tau_c": 237.66, "omega": 162.09, "M": 0.44, "D": 0.0, "R": 0.12, "sving": 0.2, "os": 0.09, "foss": 1.0, "juv": 0.0, "B": 0.72, "Q": 1.72, "w": 11.06, "h": 0.1, "S": 0.10645, "elv": "Sørmelanselva", "km": 2.0}}, {"type": "Feature", "geometry": {"type": "LineString", "coordinates": [[10.53427, 64.28472], [10.53265, 64.28527]]}, "properties": {"P": 39.15, "tau": 107.03, "tau_c": 241.39, "omega": 167.07, "M": 0.44, "D": 0.0, "R": 0.13, "sving": 0.25, "os": 0.08, "foss": 1.0, "juv": 0.0, "B": 0.72, "Q": 1.72, "w": 11.09, "h": 0.1, "S": 0.10982, "elv": "Sørmelanselva", "km": 2.1}}, {"type": "Feature", "geometry": {"type": "LineString", "coordinates": [[10.53265, 64.28527], [10.53119, 64.28588]]}, "properties": {"P": 46.09, "tau": 107.05, "tau_c": 241.39, "omega": 167.13, "M": 0.44, "D": 0.04, "R": 0.13, "sving": 0.47, "os": 0.08, "foss": 1.0, "juv": 0.0, "B": 0.72, "Q": 1.72, "w": 11.1, "h": 0.1, "S": 0.10982, "elv": "Sørmelanselva", "km": 2.2}}, {"type": "Feature", "geometry": {"type": "LineString", "coordinates": [[10.53119, 64.28588], [10.53098, 64.28673]]}, "properties": {"P": 45.85, "tau": 101.6, "tau_c": 231.83, "omega": 155.22, "M": 0.44, "D": 0.13, "R": 0.12, "sving": 0.6, "os": 0.1, "foss": 0.72, "juv": 0.0, "B": 0.72, "Q": 1.74, "w": 11.12, "h": 0.1, "S": 0.1013, "elv": "Sørmelanselva", "km": 2.3}}, {"type": "Feature", "geometry": {"type": "LineString", "coordinates": [[10.53098, 64.28673], [10.52976, 64.2865]]}, "properties": {"P": 49.48, "tau": 85.98, "tau_c": 208.73, "omega": 121.7, "M": 0.41, "D": 0.29, "R": 0.1, "sving": 0.74, "os": 0.15, "foss": 0.51, "juv": 0.0, "B": 0.72, "Q": 1.74, "w": 11.5, "h": 0.11, "S": 0.08212, "elv": "Sørmelanselva", "km": 2.4}}, {"type": "Feature", "geometry": {"type": "LineString", "coordinates": [[10.52976, 64.2865], [10.52858, 64.28578]]}, "properties": {"P": 47.38, "tau": 36.09, "tau_c": 113.55, "omega": 34.92, "M": 0.32, "D": 0.49, "R": 0.04, "sving": 0.66, "os": 0.12, "foss": 0.37, "juv": 0.0, "B": 0.72, "Q": 1.74, "w": 11.87, "h": 0.15, "S": 0.0243, "elv": "Sørmelanselva", "km": 2.5}}, {"type": "Feature", "geometry": {"type": "LineString", "coordinates": [[10.55969, 64.25823], [10.56111, 64.25879]]}, "properties": {"P": 41.89, "tau": 61.09, "tau_c": 177.9, "omega": 72.51, "M": 0.34, "D": 0.0, "R": 0.05, "sving": 0.25, "os": 1.0, "foss": 1.0, "juv": 0.0, "B": 0.51, "Q": 1.25, "w": 10.07, "h": 0.1, "S": 0.05965, "elv": "Rosselva", "km": 0.0}}, {"type": "Feature", "geometry": {"type": "LineString", "coordinates": [[10.56111, 64.25879], [10.56289, 64.25924]]}, "properties": {"P": 33.86, "tau": 66.79, "tau_c": 189.31, "omega": 82.46, "M": 0.35, "D": 0.0, "R": 0.05, "sving": 0.17, "os": 0.63, "foss": 1.0, "juv": 0.0, "B": 0.51, "Q": 1.26, "w": 10.1, "h": 0.1, "S": 0.06755, "elv": "Rosselva", "km": 0.1}}, {"type": "Feature", "geometry": {"type": "LineString", "coordinates": [[10.56289, 64.25924], [10.56479, 64.25958]]}, "properties": {"P": 28.43, "tau": 70.95, "tau_c": 197.72, "omega": 89.92, "M": 0.36, "D": 0.0, "R": 0.06, "sving": 0.11, "os": 0.38, "foss": 1.0, "juv": 0.0, "B": 0.5, "Q": 1.26, "w": 10.14, "h": 0.1, "S": 0.07368, "elv": "Rosselva", "km": 0.2}}, {"type": "Feature", "geometry": {"type": "LineString", "coordinates": [[10.56479, 64.25958], [10.56669, 64.25992]]}, "properties": {"P": 24.37, "tau": 74.48, "tau_c": 203.87, "omega": 96.53, "M": 0.37, "D": 0.0, "R": 0.06, "sving": 0.02, "os": 0.24, "foss": 1.0, "juv": 0.0, "B": 0.5, "Q": 1.28, "w": 10.18, "h": 0.1, "S": 0.07834, "elv": "Rosselva", "km": 0.3}}, {"type": "Feature", "geometry": {"type": "LineString", "coordinates": [[10.56669, 64.25992], [10.56854, 64.26031]]}, "properties": {"P": 22.8, "tau": 76.93, "tau_c": 207.8, "omega": 101.24, "M": 0.37, "D": 0.0, "R": 0.07, "sving": 0.02, "os": 0.14, "foss": 1.0, "juv": 0.0, "B": 0.5, "Q": 1.3, "w": 10.24, "h": 0.1, "S": 0.08139, "elv": "Rosselva", "km": 0.4}}, {"type": "Feature", "geometry": {"type": "LineString", "coordinates": [[10.56854, 64.26031], [10.57039, 64.2607]]}, "properties": {"P": 21.81, "tau": 81.89, "tau_c": 217.21, "omega": 110.74, "M": 0.38, "D": 0.0, "R": 0.07, "sving": 0.02, "os": 0.09, "foss": 1.0, "juv": 0.0, "B": 0.5, "Q": 1.31, "w": 10.3, "h": 0.09, "S": 0.08892, "elv": "Rosselva", "km": 0.5}}, {"type": "Feature", "geometry": {"type": "LineString", "coordinates": [[10.57039, 64.2607], [10.57224, 64.2611]]}, "properties": {"P": 21.31, "tau": 86.28, "tau_c": 224.55, "omega": 119.52, "M": 0.38, "D": 0.0, "R": 0.08, "sving": 0.01, "os": 0.05, "foss": 1.0, "juv": 0.0, "B": 0.5, "Q": 1.33, "w": 10.36, "h": 0.09, "S": 0.09504, "elv": "Rosselva", "km": 0.6}}, {"type": "Feature", "geometry": {"type": "LineString", "coordinates": [[10.57224, 64.2611], [10.5741, 64.26147]]}, "properties": {"P": 20.4, "tau": 86.25, "tau_c": 224.48, "omega": 119.47, "M": 0.38, "D": 0.0, "R": 0.08, "sving": 0.02, "os": 0.0, "foss": 1.0, "juv": 0.0, "B": 0.5, "Q": 1.34, "w": 10.42, "h": 0.09, "S": 0.09498, "elv": "Rosselva", "km": 0.7}}, {"type": "Feature", "geometry": {"type": "LineString", "coordinates": [[10.5741, 64.26147], [10.57599, 64.26183]]}, "properties": {"P": 21.89, "tau": 87.77, "tau_c": 226.45, "omega": 122.64, "M": 0.39, "D": 0.0, "R": 0.08, "sving": 0.1, "os": 0.0, "foss": 1.0, "juv": 0.0, "B": 0.5, "Q": 1.36, "w": 10.5, "h": 0.09, "S": 0.09666, "elv": "Rosselva", "km": 0.8}}, {"type": "Feature", "geometry": {"type": "LineString", "coordinates": [[10.57599, 64.26183], [10.57788, 64.26219]]}, "properties": {"P": 22.25, "tau": 92.06, "tau_c": 233.7, "omega": 131.45, "M": 0.39, "D": 0.0, "R": 0.08, "sving": 0.11, "os": 0.0, "foss": 1.0, "juv": 0.0, "B": 0.5, "Q": 1.37, "w": 10.56, "h": 0.09, "S": 0.10294, "elv": "Rosselva", "km": 0.9}}, {"type": "Feature", "geometry": {"type": "LineString", "coordinates": [[10.57788, 64.26219], [10.57943, 64.26276]]}, "properties": {"P": 21.5, "tau": 100.69, "tau_c": 247.57, "omega": 149.77, "M": 0.41, "D": 0.0, "R": 0.09, "sving": 0.05, "os": 0.0, "foss": 1.0, "juv": 0.0, "B": 0.5, "Q": 1.4, "w": 10.63, "h": 0.09, "S": 0.11553, "elv": "Rosselva", "km": 1.0}}, {"type": "Feature", "geometry": {"type": "LineString", "coordinates": [[10.57943, 64.26276], [10.58097, 64.26335]]}, "properties": {"P": 21.37, "tau": 109.6, "tau_c": 263.11, "omega": 169.12, "M": 0.42, "D": 0.0, "R": 0.1, "sving": 0.03, "os": 0.0, "foss": 1.0, "juv": 0.0, "B": 0.5, "Q": 1.41, "w": 10.68, "h": 0.09, "S": 0.13048, "elv": "Rosselva", "km": 1.1}}, {"type": "Feature", "geometry": {"type": "LineString", "coordinates": [[10.58097, 64.26335], [10.5827, 64.2638]]}, "properties": {"P": 24.94, "tau": 107.03, "tau_c": 258.04, "omega": 163.58, "M": 0.41, "D": 0.01, "R": 0.1, "sving": 0.21, "os": 0.0, "foss": 1.0, "juv": 0.0, "B": 0.5, "Q": 1.42, "w": 10.71, "h": 0.09, "S": 0.1255, "elv": "Rosselva", "km": 1.2}}, {"type": "Feature", "geometry": {"type": "LineString", "coordinates": [[10.5827, 64.2638], [10.58461, 64.26409]]}, "properties": {"P": 31.48, "tau": 103.07, "tau_c": 251.92, "omega": 154.85, "M": 0.41, "D": 0.04, "R": 0.1, "sving": 0.56, "os": 0.0, "foss": 1.0, "juv": 0.0, "B": 0.5, "Q": 1.42, "w": 10.79, "h": 0.09, "S": 0.11962, "elv": "Rosselva", "km": 1.3}}, {"type": "Feature", "geometry": {"type": "LineString", "coordinates": [[10.58461, 64.26409], [10.58504, 64.26469]]}, "properties": {"P": 25.21, "tau": 99.65, "tau_c": 246.66, "omega": 147.43, "M": 0.4, "D": 0.08, "R": 0.09, "sving": 0.16, "os": 0.0, "foss": 1.0, "juv": 0.0, "B": 0.5, "Q": 1.42, "w": 10.87, "h": 0.09, "S": 0.11468, "elv": "Rosselva", "km": 1.4}}, {"type": "Feature", "geometry": {"type": "LineString", "coordinates": [[10.58504, 64.26469], [10.58389, 64.26536]]}, "properties": {"P": 31.14, "tau": 92.7, "tau_c": 229.07, "omega": 133.83, "M": 0.4, "D": 0.13, "R": 0.09, "sving": 0.41, "os": 0.0, "foss": 1.0, "juv": 0.0, "B": 0.5, "Q": 1.51, "w": 10.94, "h": 0.1, "S": 0.0989, "elv": "Rosselva", "km": 1.5}}, {"type": "Feature", "geometry": {"type": "LineString", "coordinates": [[10.58389, 64.26536], [10.58505, 64.26609]]}, "properties": {"P": 26.24, "tau": 75.91, "tau_c": 198.93, "omega": 100.45, "M": 0.38, "D": 0.2, "R": 0.07, "sving": 0.08, "os": 0.0, "foss": 1.0, "juv": 0.0, "B": 0.5, "Q": 1.51, "w": 11.01, "h": 0.1, "S": 0.07459, "elv": "Rosselva", "km": 1.6}}, {"type": "Feature", "geometry": {"type": "LineString", "coordinates": [[10.58505, 64.26609], [10.58534, 64.26696]]}, "properties": {"P": 32.76, "tau": 56.47, "tau_c": 160.98, "omega": 65.75, "M": 0.35, "D": 0.23, "R": 0.05, "sving": 0.44, "os": 0.0, "foss": 1.0, "juv": 0.0, "B": 0.5, "Q": 1.52, "w": 11.08, "h": 0.12, "S": 0.04885, "elv": "Rosselva", "km": 1.7}}, {"type": "Feature", "geometry": {"type": "LineString", "coordinates": [[10.58534, 64.26696], [10.58636, 64.26774]]}, "properties": {"P": 19.65, "tau": 51.62, "tau_c": 150.97, "omega": 57.8, "M": 0.34, "D": 0.21, "R": 0.05, "sving": 0.02, "os": 0.0, "foss": 0.72, "juv": 0.0, "B": 0.5, "Q": 1.52, "w": 11.09, "h": 0.12, "S": 0.04296, "elv": "Rosselva", "km": 1.8}}, {"type": "Feature", "geometry": {"type": "LineString", "coordinates": [[10.58636, 64.26774], [10.58742, 64.26851]]}, "properties": {"P": 18.16, "tau": 48.92, "tau_c": 145.29, "omega": 53.5, "M": 0.34, "D": 0.17, "R": 0.05, "sving": 0.2, "os": 0.0, "foss": 0.51, "juv": 0.0, "B": 0.5, "Q": 1.52, "w": 11.1, "h": 0.13, "S": 0.03979, "elv": "Rosselva", "km": 1.9}}, {"type": "Feature", "geometry": {"type": "LineString", "coordinates": [[10.63456, 64.29991], [10.63285, 64.29943]]}, "properties": {"P": 15.46, "tau": 46.56, "tau_c": 154.44, "omega": 48.23, "M": 0.3, "D": 0.0, "R": 0.03, "sving": 0.06, "os": 0.25, "foss": 0.72, "juv": 0.0, "B": 0.41, "Q": 0.96, "w": 8.8, "h": 0.11, "S": 0.04496, "elv": "Grytelva", "km": 0.2}}, {"type": "Feature", "geometry": {"type": "LineString", "coordinates": [[10.63285, 64.29943], [10.63084, 64.29924]]}, "properties": {"P": 17.89, "tau": 48.25, "tau_c": 158.65, "omega": 50.75, "M": 0.3, "D": 0.0, "R": 0.03, "sving": 0.04, "os": 0.15, "foss": 1.0, "juv": 0.0, "B": 0.41, "Q": 0.97, "w": 8.9, "h": 0.1, "S": 0.04744, "elv": "Grytelva", "km": 0.3}}, {"type": "Feature", "geometry": {"type": "LineString", "coordinates": [[10.63084, 64.29924], [10.62905, 64.29881]]}, "properties": {"P": 17.81, "tau": 53.51, "tau_c": 168.96, "omega": 59.07, "M": 0.32, "D": 0.0, "R": 0.03, "sving": 0.08, "os": 0.09, "foss": 1.0, "juv": 0.0, "B": 0.41, "Q": 1.01, "w": 8.98, "h": 0.1, "S": 0.05381, "elv": "Grytelva", "km": 0.4}}, {"type": "Feature", "geometry": {"type": "LineString", "coordinates": [[10.62905, 64.29881], [10.62716, 64.29844]]}, "properties": {"P": 17.41, "tau": 57.38, "tau_c": 177.62, "omega": 65.31, "M": 0.32, "D": 0.0, "R": 0.04, "sving": 0.08, "os": 0.06, "foss": 1.0, "juv": 0.0, "B": 0.41, "Q": 1.01, "w": 9.05, "h": 0.1, "S": 0.05946, "elv": "Grytelva", "km": 0.5}}, {"type": "Feature", "geometry": {"type": "LineString", "coordinates": [[10.62716, 64.29844], [10.62524, 64.29811]]}, "properties": {"P": 15.83, "tau": 66.68, "tau_c": 197.38, "omega": 81.07, "M": 0.34, "D": 0.0, "R": 0.05, "sving": 0.01, "os": 0.0, "foss": 1.0, "juv": 0.0, "B": 0.41, "Q": 1.03, "w": 9.13, "h": 0.09, "S": 0.07343, "elv": "Grytelva", "km": 0.6}}, {"type": "Feature", "geometry": {"type": "LineString", "coordinates": [[10.62524, 64.29811], [10.62337, 64.29776]]}, "properties": {"P": 17.42, "tau": 61.67, "tau_c": 186.0, "omega": 72.58, "M": 0.33, "D": 0.03, "R": 0.04, "sving": 0.08, "os": 0.0, "foss": 1.0, "juv": 0.0, "B": 0.41, "Q": 1.04, "w": 9.18, "h": 0.1, "S": 0.06521, "elv": "Grytelva", "km": 0.7}}, {"type": "Feature", "geometry": {"type": "LineString", "coordinates": [[10.62337, 64.29776], [10.62161, 64.2973]]}, "properties": {"P": 17.85, "tau": 60.74, "tau_c": 183.11, "omega": 71.11, "M": 0.33, "D": 0.07, "R": 0.04, "sving": 0.05, "os": 0.0, "foss": 1.0, "juv": 0.0, "B": 0.41, "Q": 1.06, "w": 9.24, "h": 0.1, "S": 0.06319, "elv": "Grytelva", "km": 0.8}}, {"type": "Feature", "geometry": {"type": "LineString", "coordinates": [[10.62161, 64.2973], [10.61997, 64.29677]]}, "properties": {"P": 20.52, "tau": 54.3, "tau_c": 168.98, "omega": 60.56, "M": 0.32, "D": 0.15, "R": 0.04, "sving": 0.14, "os": 0.0, "foss": 1.0, "juv": 0.0, "B": 0.41, "Q": 1.06, "w": 9.28, "h": 0.1, "S": 0.05382, "elv": "Grytelva", "km": 0.9}}, {"type": "Feature", "geometry": {"type": "LineString", "coordinates": [[10.61997, 64.29677], [10.61801, 64.29657]]}, "properties": {"P": 23.63, "tau": 46.02, "tau_c": 150.11, "omega": 47.77, "M": 0.31, "D": 0.24, "R": 0.03, "sving": 0.25, "os": 0.0, "foss": 1.0, "juv": 0.0, "B": 0.41, "Q": 1.07, "w": 9.36, "h": 0.11, "S": 0.04247, "elv": "Grytelva", "km": 1.0}}, {"type": "Feature", "geometry": {"type": "LineString", "coordinates": [[10.60432, 64.29564], [10.60252, 64.2959]]}, "properties": {"P": 17.44, "tau": 44.34, "tau_c": 142.76, "omega": 45.65, "M": 0.31, "D": 0.0, "R": 0.03, "sving": 0.12, "os": 0.0, "foss": 1.0, "juv": 0.0, "B": 0.42, "Q": 1.19, "w": 9.85, "h": 0.12, "S": 0.03841, "elv": "Grytelva", "km": 1.8}}, {"type": "Feature", "geometry": {"type": "LineString", "coordinates": [[10.60252, 64.2959], [10.60054, 64.29567]]}, "properties": {"P": 12.02, "tau": 45.99, "tau_c": 145.29, "omega": 48.24, "M": 0.32, "D": 0.01, "R": 0.03, "sving": 0.02, "os": 0.0, "foss": 0.72, "juv": 0.0, "B": 0.42, "Q": 1.23, "w": 9.92, "h": 0.12, "S": 0.03979, "elv": "Grytelva", "km": 1.9}}, {"type": "Feature", "geometry": {"type": "LineString", "coordinates": [[10.60054, 64.29567], [10.59862, 64.29535]]}, "properties": {"P": 21.19, "tau": 43.12, "tau_c": 139.05, "omega": 43.95, "M": 0.31, "D": 0.04, "R": 0.03, "sving": 0.31, "os": 0.0, "foss": 1.0, "juv": 0.0, "B": 0.42, "Q": 1.23, "w": 9.99, "h": 0.12, "S": 0.03644, "elv": "Grytelva", "km": 2.0}}, {"type": "Feature", "geometry": {"type": "LineString", "coordinates": [[10.59862, 64.29535], [10.59661, 64.29517]]}, "properties": {"P": 17.82, "tau": 41.95, "tau_c": 135.79, "omega": 42.31, "M": 0.31, "D": 0.05, "R": 0.03, "sving": 0.07, "os": 0.0, "foss": 1.0, "juv": 0.0, "B": 0.42, "Q": 1.25, "w": 10.08, "h": 0.12, "S": 0.03475, "elv": "Grytelva", "km": 2.1}}, {"type": "Feature", "geometry": {"type": "LineString", "coordinates": [[10.59483, 64.29474], [10.59305, 64.29468]]}, "properties": {"P": 15.74, "tau": 40.04, "tau_c": 129.81, "omega": 39.72, "M": 0.31, "D": 0.11, "R": 0.03, "sving": 0.13, "os": 0.0, "foss": 0.72, "juv": 0.0, "B": 0.43, "Q": 1.3, "w": 10.23, "h": 0.13, "S": 0.03176, "elv": "Grytelva", "km": 2.3}}, {"type": "Feature", "geometry": {"type": "LineString", "coordinates": [[10.57985, 64.2941], [10.57779, 64.29403]]}, "properties": {"P": 8.13, "tau": 30.46, "tau_c": 98.06, "omega": 27.62, "M": 0.31, "D": -0.0, "R": 0.03, "sving": 0.09, "os": 0.0, "foss": 0.37, "juv": 0.0, "B": 0.45, "Q": 1.96, "w": 12.59, "h": 0.17, "S": 0.01812, "elv": "Grytelva", "km": 3.1}}, {"type": "Feature", "geometry": {"type": "LineString", "coordinates": [[10.57575, 64.29408], [10.57376, 64.29385]]}, "properties": {"P": 25.15, "tau": 30.33, "tau_c": 97.69, "omega": 27.45, "M": 0.31, "D": -0.0, "R": 0.03, "sving": 0.51, "os": 0.0, "foss": 1.0, "juv": 0.0, "B": 0.45, "Q": 1.97, "w": 12.68, "h": 0.17, "S": 0.01799, "elv": "Grytelva", "km": 3.3}}, {"type": "Feature", "geometry": {"type": "LineString", "coordinates": [[10.57376, 64.29385], [10.57206, 64.29341]]}, "properties": {"P": 24.49, "tau": 30.51, "tau_c": 97.69, "omega": 27.73, "M": 0.31, "D": 0.01, "R": 0.03, "sving": 0.45, "os": 0.0, "foss": 1.0, "juv": 0.0, "B": 0.45, "Q": 2.0, "w": 12.73, "h": 0.17, "S": 0.01799, "elv": "Grytelva", "km": 3.4}}, {"type": "Feature", "geometry": {"type": "LineString", "coordinates": [[10.57206, 64.29341], [10.57181, 64.29258]]}, "properties": {"P": 13.65, "tau": 30.74, "tau_c": 97.69, "omega": 28.07, "M": 0.31, "D": 0.03, "R": 0.03, "sving": 0.03, "os": 0.0, "foss": 0.72, "juv": 0.0, "B": 0.45, "Q": 2.03, "w": 12.79, "h": 0.17, "S": 0.01799, "elv": "Grytelva", "km": 3.5}}, {"type": "Feature", "geometry": {"type": "LineString", "coordinates": [[10.57181, 64.29258], [10.57126, 64.29206]]}, "properties": {"P": 11.26, "tau": 27.53, "tau_c": 90.3, "omega": 23.95, "M": 0.3, "D": 0.03, "R": 0.03, "sving": 0.09, "os": 0.0, "foss": 0.51, "juv": 0.0, "B": 0.46, "Q": 2.04, "w": 12.84, "h": 0.18, "S": 0.01537, "elv": "Grytelva", "km": 3.6}}, {"type": "Feature", "geometry": {"type": "LineString", "coordinates": [[10.57126, 64.29206], [10.56932, 64.29176]]}, "properties": {"P": 14.52, "tau": 26.79, "tau_c": 88.5, "omega": 23.04, "M": 0.3, "D": 0.02, "R": 0.03, "sving": 0.46, "os": 0.0, "foss": 0.37, "juv": 0.0, "B": 0.46, "Q": 2.05, "w": 12.88, "h": 0.18, "S": 0.01476, "elv": "Grytelva", "km": 3.7}}, {"type": "Feature", "geometry": {"type": "LineString", "coordinates": [[10.56932, 64.29176], [10.56734, 64.29151]]}, "properties": {"P": 13.22, "tau": 51.07, "tau_c": 140.6, "omega": 58.15, "M": 0.36, "D": -0.0, "R": 0.06, "sving": 0.66, "os": 0.05, "foss": 0.0, "juv": 0.0, "B": 0.46, "Q": 2.05, "w": 12.9, "h": 0.14, "S": 0.03726, "elv": "Grytelva", "km": 3.8}}, {"type": "Feature", "geometry": {"type": "LineString", "coordinates": [[10.56734, 64.29151], [10.56534, 64.29131]]}, "properties": {"P": 21.7, "tau": 69.41, "tau_c": 175.05, "omega": 90.3, "M": 0.4, "D": -0.0, "R": 0.09, "sving": 0.12, "os": 0.08, "foss": 1.0, "juv": 0.0, "B": 0.46, "Q": 2.06, "w": 12.93, "h": 0.12, "S": 0.05776, "elv": "Grytelva", "km": 3.9}}, {"type": "Feature", "geometry": {"type": "LineString", "coordinates": [[10.56534, 64.29131], [10.56377, 64.29181]]}, "properties": {"P": 22.38, "tau": 79.78, "tau_c": 193.13, "omega": 110.29, "M": 0.41, "D": -0.0, "R": 0.1, "sving": 0.12, "os": 0.09, "foss": 1.0, "juv": 0.0, "B": 0.46, "Q": 2.07, "w": 12.95, "h": 0.12, "S": 0.0703, "elv": "Grytelva", "km": 4.0}}, {"type": "Feature", "geometry": {"type": "LineString", "coordinates": [[10.56377, 64.29181], [10.56176, 64.2918]]}, "properties": {"P": 20.53, "tau": 82.16, "tau_c": 197.01, "omega": 115.09, "M": 0.42, "D": -0.0, "R": 0.1, "sving": 0.02, "os": 0.07, "foss": 1.0, "juv": 0.0, "B": 0.46, "Q": 2.08, "w": 12.98, "h": 0.11, "S": 0.07316, "elv": "Grytelva", "km": 4.1}}, {"type": "Feature", "geometry": {"type": "LineString", "coordinates": [[10.56176, 64.2918], [10.55999, 64.29183]]}, "properties": {"P": 26.53, "tau": 87.36, "tau_c": 205.71, "omega": 125.69, "M": 0.42, "D": 0.03, "R": 0.11, "sving": 0.34, "os": 0.07, "foss": 1.0, "juv": 0.0, "B": 0.46, "Q": 2.09, "w": 13.0, "h": 0.11, "S": 0.07976, "elv": "Grytelva", "km": 4.2}}, {"type": "Feature", "geometry": {"type": "LineString", "coordinates": [[10.55999, 64.29183], [10.55797, 64.29169]]}, "properties": {"P": 21.38, "tau": 86.25, "tau_c": 203.79, "omega": 123.42, "M": 0.42, "D": 0.11, "R": 0.11, "sving": 0.21, "os": 0.06, "foss": 0.72, "juv": 0.0, "B": 0.46, "Q": 2.09, "w": 13.02, "h": 0.11, "S": 0.07828, "elv": "Grytelva", "km": 4.3}}, {"type": "Feature", "geometry": {"type": "LineString", "coordinates": [[10.55797, 64.29169], [10.55601, 64.29144]]}, "properties": {"P": 25.63, "tau": 63.7, "tau_c": 163.83, "omega": 79.98, "M": 0.39, "D": 0.25, "R": 0.08, "sving": 0.07, "os": 0.05, "foss": 1.0, "juv": 0.0, "B": 0.46, "Q": 2.1, "w": 13.03, "h": 0.13, "S": 0.05059, "elv": "Grytelva", "km": 4.4}}, {"type": "Feature", "geometry": {"type": "LineString", "coordinates": [[10.55601, 64.29144], [10.55427, 64.29096]]}, "properties": {"P": 20.68, "tau": 41.99, "tau_c": 121.53, "omega": 43.99, "M": 0.35, "D": 0.35, "R": 0.05, "sving": 0.01, "os": 0.0, "foss": 0.72, "juv": 0.0, "B": 0.46, "Q": 2.1, "w": 13.04, "h": 0.15, "S": 0.02784, "elv": "Grytelva", "km": 4.5}}, {"type": "Feature", "geometry": {"type": "LineString", "coordinates": [[10.55427, 64.29096], [10.55237, 64.29114]]}, "properties": {"P": 24.38, "tau": 29.35, "tau_c": 94.0, "omega": 26.32, "M": 0.31, "D": 0.4, "R": 0.03, "sving": 0.41, "os": 0.0, "foss": 0.51, "juv": 0.0, "B": 0.46, "Q": 2.1, "w": 13.05, "h": 0.18, "S": 0.01666, "elv": "Grytelva", "km": 4.6}}, {"type": "Feature", "geometry": {"type": "LineString", "coordinates": [[10.55016, 64.29043], [10.55038, 64.28956]]}, "properties": {"P": 45.08, "tau": 58.69, "tau_c": 63.64, "omega": 94.08, "M": 0.92, "D": -0.0, "R": 0.72, "sving": 0.74, "os": 0.0, "foss": 0.0, "juv": 0.0, "B": 0.65, "Q": 44.14, "w": 35.14, "h": 0.78, "S": 0.00763, "elv": "Grytelva", "km": 4.9}}, {"type": "Feature", "geometry": {"type": "LineString", "coordinates": [[10.66279, 64.27682], [10.66109, 64.27729]]}, "properties": {"P": 18.24, "tau": 78.44, "tau_c": 258.33, "omega": 97.16, "M": 0.3, "D": 0.0, "R": 0.03, "sving": 0.01, "os": 0.0, "foss": 1.0, "juv": 0.0, "B": 0.49, "Q": 0.5, "w": 6.33, "h": 0.06, "S": 0.12578, "elv": "Granlibekken", "km": 0.8}}, {"type": "Feature", "geometry": {"type": "LineString", "coordinates": [[10.66109, 64.27729], [10.65959, 64.27791]]}, "properties": {"P": 19.96, "tau": 81.84, "tau_c": 267.67, "omega": 103.13, "M": 0.31, "D": 0.0, "R": 0.03, "sving": 0.09, "os": 0.0, "foss": 1.0, "juv": 0.0, "B": 0.49, "Q": 0.5, "w": 6.45, "h": 0.06, "S": 0.13504, "elv": "Granlibekken", "km": 0.9}}, {"type": "Feature", "geometry": {"type": "LineString", "coordinates": [[10.65959, 64.27791], [10.65864, 64.27869]]}, "properties": {"P": 20.26, "tau": 93.07, "tau_c": 287.02, "omega": 124.87, "M": 0.32, "D": 0.0, "R": 0.04, "sving": 0.07, "os": 0.0, "foss": 1.0, "juv": 0.0, "B": 0.5, "Q": 0.53, "w": 6.52, "h": 0.06, "S": 0.15528, "elv": "Granlibekken", "km": 1.0}}, {"type": "Feature", "geometry": {"type": "LineString", "coordinates": [[10.65864, 64.27869], [10.65674, 64.27902]]}, "properties": {"P": 22.81, "tau": 102.76, "tau_c": 307.16, "omega": 144.08, "M": 0.33, "D": 0.0, "R": 0.04, "sving": 0.19, "os": 0.0, "foss": 1.0, "juv": 0.0, "B": 0.51, "Q": 0.54, "w": 6.58, "h": 0.06, "S": 0.17783, "elv": "Granlibekken", "km": 1.1}}, {"type": "Feature", "geometry": {"type": "LineString", "coordinates": [[10.63221, 64.27722], [10.63042, 64.27686]]}, "properties": {"P": 65.14, "tau": 242.96, "tau_c": 274.32, "omega": 627.05, "M": 0.89, "D": 0.0, "R": 0.68, "sving": 0.12, "os": 0.55, "foss": 0.72, "juv": 0.0, "B": 0.73, "Q": 8.01, "w": 17.77, "h": 0.17, "S": 0.14183, "elv": "bekk", "km": 0.7}}, {"type": "Feature", "geometry": {"type": "LineString", "coordinates": [[10.63042, 64.27686], [10.62964, 64.27609]]}, "properties": {"P": 58.68, "tau": 227.9, "tau_c": 283.88, "omega": 559.25, "M": 0.8, "D": 0.04, "R": 0.58, "sving": 0.12, "os": 0.58, "foss": 0.51, "juv": 0.0, "B": 0.74, "Q": 8.15, "w": 21.71, "h": 0.15, "S": 0.1519, "elv": "bekk", "km": 0.8}}, {"type": "Feature", "geometry": {"type": "LineString", "coordinates": [[10.6752, 64.3354], [10.67359, 64.33563]]}, "properties": {"P": 7.7, "tau": 62.58, "tau_c": 177.14, "omega": 75.61, "M": 0.35, "D": 0.0, "R": 0.05, "sving": 0.57, "os": 0.09, "foss": 0.0, "juv": 0.0, "B": 0.29, "Q": 1.38, "w": 10.61, "h": 0.11, "S": 0.05915, "elv": "Sveselva", "km": 0.0}}, {"type": "Feature", "geometry": {"type": "LineString", "coordinates": [[10.67359, 64.33563], [10.67219, 64.33599]]}, "properties": {"P": 29.84, "tau": 63.5, "tau_c": 178.93, "omega": 77.22, "M": 0.35, "D": 0.0, "R": 0.06, "sving": 0.32, "os": 0.08, "foss": 1.0, "juv": 0.0, "B": 0.56, "Q": 1.39, "w": 10.64, "h": 0.11, "S": 0.06035, "elv": "Sveselva", "km": 0.1}}, {"type": "Feature", "geometry": {"type": "LineString", "coordinates": [[10.67219, 64.33599], [10.67033, 64.3356]]}, "properties": {"P": 27.93, "tau": 62.93, "tau_c": 176.7, "omega": 76.38, "M": 0.36, "D": 0.02, "R": 0.06, "sving": 0.22, "os": 0.06, "foss": 1.0, "juv": 0.0, "B": 0.56, "Q": 1.41, "w": 10.69, "h": 0.11, "S": 0.05885, "elv": "Sveselva", "km": 0.2}}, {"type": "Feature", "geometry": {"type": "LineString", "coordinates": [[10.67033, 64.3356], [10.66838, 64.33531]]}, "properties": {"P": 29.53, "tau": 60.52, "tau_c": 170.58, "omega": 72.37, "M": 0.35, "D": 0.06, "R": 0.06, "sving": 0.31, "os": 0.0, "foss": 1.0, "juv": 0.0, "B": 0.56, "Q": 1.42, "w": 10.57, "h": 0.11, "S": 0.05484, "elv": "Sveselva", "km": 0.3}}, {"type": "Feature", "geometry": {"type": "LineString", "coordinates": [[10.66838, 64.33531], [10.6664, 64.33507]]}, "properties": {"P": 24.82, "tau": 58.61, "tau_c": 166.2, "omega": 69.2, "M": 0.35, "D": 0.1, "R": 0.05, "sving": 0.01, "os": 0.0, "foss": 1.0, "juv": 0.0, "B": 0.56, "Q": 1.44, "w": 10.66, "h": 0.11, "S": 0.05207, "elv": "Sveselva", "km": 0.4}}, {"type": "Feature", "geometry": {"type": "LineString", "coordinates": [[10.6664, 64.33507], [10.66441, 64.33483]]}, "properties": {"P": 26.23, "tau": 45.83, "tau_c": 139.42, "omega": 48.61, "M": 0.33, "D": 0.14, "R": 0.04, "sving": 0.05, "os": 0.0, "foss": 1.0, "juv": 0.0, "B": 0.57, "Q": 1.45, "w": 10.74, "h": 0.13, "S": 0.03664, "elv": "Sveselva", "km": 0.5}}, {"type": "Feature", "geometry": {"type": "LineString", "coordinates": [[10.66441, 64.33483], [10.6626, 64.33441]]}, "properties": {"P": 19.78, "tau": 44.27, "tau_c": 134.46, "omega": 46.43, "M": 0.33, "D": 0.13, "R": 0.04, "sving": 0.03, "os": 0.0, "foss": 0.72, "juv": 0.0, "B": 0.57, "Q": 1.5, "w": 10.82, "h": 0.13, "S": 0.03407, "elv": "Sveselva", "km": 0.6}}, {"type": "Feature", "geometry": {"type": "LineString", "coordinates": [[10.6626, 64.33441], [10.66077, 64.33401]]}, "properties": {"P": 15.47, "tau": 40.87, "tau_c": 125.42, "omega": 41.54, "M": 0.33, "D": 0.12, "R": 0.04, "sving": 0.02, "os": 0.0, "foss": 0.51, "juv": 0.0, "B": 0.57, "Q": 1.52, "w": 10.66, "h": 0.14, "S": 0.02965, "elv": "Sveselva", "km": 0.7}}, {"type": "Feature", "geometry": {"type": "LineString", "coordinates": [[10.66077, 64.33401], [10.65882, 64.33372]]}, "properties": {"P": 25.05, "tau": 38.35, "tau_c": 119.27, "omega": 37.97, "M": 0.32, "D": 0.08, "R": 0.04, "sving": 0.07, "os": 0.0, "foss": 1.0, "juv": 0.0, "B": 0.57, "Q": 1.54, "w": 10.66, "h": 0.15, "S": 0.02681, "elv": "Sveselva", "km": 0.8}}, {"type": "Feature", "geometry": {"type": "LineString", "coordinates": [[10.65882, 64.33372], [10.65687, 64.33342]]}, "properties": {"P": 22.97, "tau": 32.94, "tau_c": 105.58, "omega": 30.62, "M": 0.31, "D": 0.06, "R": 0.03, "sving": 0.01, "os": 0.0, "foss": 1.0, "juv": 0.0, "B": 0.57, "Q": 1.55, "w": 10.45, "h": 0.16, "S": 0.02101, "elv": "Sveselva", "km": 0.9}}, {"type": "Feature", "geometry": {"type": "LineString", "coordinates": [[10.65687, 64.33342], [10.6549, 64.33315]]}, "properties": {"P": 22.28, "tau": 37.42, "tau_c": 115.48, "omega": 36.8, "M": 0.32, "D": 0.01, "R": 0.04, "sving": 0.02, "os": 0.0, "foss": 1.0, "juv": 0.0, "B": 0.57, "Q": 1.57, "w": 10.52, "h": 0.15, "S": 0.02514, "elv": "Sveselva", "km": 1.0}}, {"type": "Feature", "geometry": {"type": "LineString", "coordinates": [[10.6549, 64.33315], [10.65306, 64.33276]]}, "properties": {"P": 16.6, "tau": 41.79, "tau_c": 124.52, "omega": 43.17, "M": 0.34, "D": -0.0, "R": 0.04, "sving": 0.03, "os": 0.0, "foss": 0.72, "juv": 0.0, "B": 0.57, "Q": 1.59, "w": 10.58, "h": 0.15, "S": 0.02922, "elv": "Sveselva", "km": 1.1}}, {"type": "Feature", "geometry": {"type": "LineString", "coordinates": [[10.65306, 64.33276], [10.6511, 64.3325]]}, "properties": {"P": 12.29, "tau": 44.92, "tau_c": 132.21, "omega": 47.8, "M": 0.34, "D": -0.0, "R": 0.05, "sving": 0.01, "os": 0.0, "foss": 0.51, "juv": 0.0, "B": 0.57, "Q": 1.61, "w": 10.88, "h": 0.14, "S": 0.03294, "elv": "Sveselva", "km": 1.2}}, {"type": "Feature", "geometry": {"type": "LineString", "coordinates": [[10.6511, 64.3325], [10.64911, 64.33226]]}, "properties": {"P": 21.97, "tau": 39.96, "tau_c": 121.16, "omega": 40.47, "M": 0.33, "D": -0.0, "R": 0.04, "sving": 0.01, "os": 0.0, "foss": 1.0, "juv": 0.0, "B": 0.57, "Q": 1.62, "w": 10.88, "h": 0.15, "S": 0.02767, "elv": "Sveselva", "km": 1.3}}, {"type": "Feature", "geometry": {"type": "LineString", "coordinates": [[10.64911, 64.33226], [10.64717, 64.33196]]}, "properties": {"P": 23.47, "tau": 45.59, "tau_c": 134.22, "omega": 48.79, "M": 0.34, "D": -0.0, "R": 0.05, "sving": 0.07, "os": 0.0, "foss": 1.0, "juv": 0.0, "B": 0.58, "Q": 1.64, "w": 11.21, "h": 0.14, "S": 0.03395, "elv": "Sveselva", "km": 1.4}}, {"type": "Feature", "geometry": {"type": "LineString", "coordinates": [[10.64717, 64.33196], [10.64528, 64.33159]]}, "properties": {"P": 17.81, "tau": 47.72, "tau_c": 138.54, "omega": 52.12, "M": 0.34, "D": -0.0, "R": 0.05, "sving": 0.07, "os": 0.0, "foss": 0.72, "juv": 0.0, "B": 0.58, "Q": 1.66, "w": 11.29, "h": 0.13, "S": 0.03618, "elv": "Sveselva", "km": 1.5}}, {"type": "Feature", "geometry": {"type": "LineString", "coordinates": [[10.64528, 64.33159], [10.64324, 64.3315]]}, "properties": {"P": 22.58, "tau": 48.58, "tau_c": 140.23, "omega": 53.49, "M": 0.35, "D": -0.0, "R": 0.05, "sving": 0.02, "os": 0.0, "foss": 1.0, "juv": 0.0, "B": 0.58, "Q": 1.67, "w": 11.36, "h": 0.13, "S": 0.03706, "elv": "Sveselva", "km": 1.6}}, {"type": "Feature", "geometry": {"type": "LineString", "coordinates": [[10.64324, 64.3315], [10.64149, 64.33112]]}, "properties": {"P": 17.51, "tau": 55.5, "tau_c": 152.8, "omega": 64.94, "M": 0.36, "D": -0.0, "R": 0.06, "sving": 0.03, "os": 0.0, "foss": 0.72, "juv": 0.0, "B": 0.58, "Q": 1.72, "w": 11.43, "h": 0.13, "S": 0.04401, "elv": "Sveselva", "km": 1.7}}, {"type": "Feature", "geometry": {"type": "LineString", "coordinates": [[10.64149, 64.33112], [10.63959, 64.33078]]}, "properties": {"P": 24.5, "tau": 54.62, "tau_c": 150.73, "omega": 63.5, "M": 0.36, "D": 0.01, "R": 0.06, "sving": 0.08, "os": 0.0, "foss": 1.0, "juv": 0.0, "B": 0.58, "Q": 1.73, "w": 11.43, "h": 0.13, "S": 0.04282, "elv": "Sveselva", "km": 1.8}}, {"type": "Feature", "geometry": {"type": "LineString", "coordinates": [[10.63959, 64.33078], [10.63779, 64.33034]]}, "properties": {"P": 25.64, "tau": 59.4, "tau_c": 157.4, "omega": 71.95, "M": 0.38, "D": 0.02, "R": 0.07, "sving": 0.03, "os": 0.07, "foss": 1.0, "juv": 0.0, "B": 0.58, "Q": 1.74, "w": 11.1, "h": 0.13, "S": 0.0467, "elv": "Sveselva", "km": 1.9}}, {"type": "Feature", "geometry": {"type": "LineString", "coordinates": [[10.63779, 64.33034], [10.63583, 64.33006]]}, "properties": {"P": 26.76, "tau": 52.16, "tau_c": 143.18, "omega": 59.76, "M": 0.36, "D": 0.04, "R": 0.06, "sving": 0.02, "os": 0.12, "foss": 1.0, "juv": 0.0, "B": 0.58, "Q": 1.76, "w": 11.14, "h": 0.14, "S": 0.03864, "elv": "Sveselva", "km": 2.0}}, {"type": "Feature", "geometry": {"type": "LineString", "coordinates": [[10.63583, 64.33006], [10.63391, 64.32972]]}, "properties": {"P": 22.88, "tau": 51.19, "tau_c": 141.0, "omega": 58.2, "M": 0.36, "D": 0.03, "R": 0.06, "sving": 0.05, "os": 0.2, "foss": 0.72, "juv": 0.0, "B": 0.58, "Q": 1.77, "w": 11.17, "h": 0.14, "S": 0.03747, "elv": "Sveselva", "km": 2.1}}, {"type": "Feature", "geometry": {"type": "LineString", "coordinates": [[10.63391, 64.32972], [10.63196, 64.32942]]}, "properties": {"P": 29.04, "tau": 51.34, "tau_c": 142.77, "omega": 58.28, "M": 0.36, "D": 0.02, "R": 0.06, "sving": 0.44, "os": 0.32, "foss": 0.51, "juv": 0.0, "B": 0.58, "Q": 1.77, "w": 11.46, "h": 0.14, "S": 0.03842, "elv": "Sveselva", "km": 2.2}}, {"type": "Feature", "geometry": {"type": "LineString", "coordinates": [[10.63196, 64.32942], [10.63034, 64.32889]]}, "properties": {"P": 36.07, "tau": 55.2, "tau_c": 150.25, "omega": 64.68, "M": 0.37, "D": -0.0, "R": 0.06, "sving": 0.74, "os": 0.53, "foss": 0.37, "juv": 0.0, "B": 0.58, "Q": 1.78, "w": 11.46, "h": 0.13, "S": 0.04255, "elv": "Sveselva", "km": 2.3}}, {"type": "Feature", "geometry": {"type": "LineString", "coordinates": [[10.63034, 64.32889], [10.62934, 64.32939]]}, "properties": {"P": 56.68, "tau": 57.69, "tau_c": 145.05, "omega": 70.37, "M": 0.4, "D": -0.0, "R": 0.09, "sving": 0.67, "os": 0.85, "foss": 1.0, "juv": 0.0, "B": 0.6, "Q": 2.19, "w": 12.13, "h": 0.15, "S": 0.03965, "elv": "Sveselva", "km": 2.4}}, {"type": "Feature", "geometry": {"type": "LineString", "coordinates": [[10.62934, 64.32939], [10.62939, 64.33026]]}, "properties": {"P": 54.0, "tau": 62.95, "tau_c": 155.95, "omega": 79.56, "M": 0.4, "D": -0.0, "R": 0.09, "sving": 0.64, "os": 0.74, "foss": 1.0, "juv": 0.0, "B": 0.6, "Q": 2.2, "w": 12.42, "h": 0.14, "S": 0.04584, "elv": "Sveselva", "km": 2.5}}, {"type": "Feature", "geometry": {"type": "LineString", "coordinates": [[10.62939, 64.33026], [10.62913, 64.33112]]}, "properties": {"P": 30.22, "tau": 74.53, "tau_c": 177.72, "omega": 101.08, "M": 0.42, "D": -0.0, "R": 0.1, "sving": 0.07, "os": 0.46, "foss": 0.72, "juv": 0.0, "B": 0.6, "Q": 2.2, "w": 12.71, "h": 0.13, "S": 0.05953, "elv": "Sveselva", "km": 2.6}}, {"type": "Feature", "geometry": {"type": "LineString", "coordinates": [[10.62913, 64.33112], [10.62815, 64.33189]]}, "properties": {"P": 37.89, "tau": 79.77, "tau_c": 186.18, "omega": 111.5, "M": 0.43, "D": 0.0, "R": 0.11, "sving": 0.3, "os": 0.28, "foss": 1.0, "juv": 0.0, "B": 0.6, "Q": 2.22, "w": 12.75, "h": 0.12, "S": 0.06533, "elv": "Sveselva", "km": 2.7}}, {"type": "Feature", "geometry": {"type": "LineString", "coordinates": [[10.62815, 64.33189], [10.62712, 64.33265]]}, "properties": {"P": 33.98, "tau": 72.58, "tau_c": 177.48, "omega": 96.86, "M": 0.41, "D": 0.0, "R": 0.1, "sving": 0.25, "os": 0.18, "foss": 1.0, "juv": 0.0, "B": 0.6, "Q": 2.24, "w": 13.45, "h": 0.12, "S": 0.05937, "elv": "Sveselva", "km": 2.8}}, {"type": "Feature", "geometry": {"type": "LineString", "coordinates": [[10.62712, 64.33265], [10.62566, 64.33329]]}, "properties": {"P": 28.3, "tau": 74.03, "tau_c": 179.69, "omega": 99.7, "M": 0.41, "D": 0.0, "R": 0.1, "sving": 0.05, "os": 0.11, "foss": 1.0, "juv": 0.0, "B": 0.6, "Q": 2.25, "w": 13.5, "h": 0.12, "S": 0.06086, "elv": "Sveselva", "km": 2.9}}, {"type": "Feature", "geometry": {"type": "LineString", "coordinates": [[10.62566, 64.33329], [10.62419, 64.3339]]}, "properties": {"P": 21.61, "tau": 84.94, "tau_c": 198.18, "omega": 121.44, "M": 0.43, "D": 0.0, "R": 0.11, "sving": 0.03, "os": 0.07, "foss": 0.72, "juv": 0.0, "B": 0.6, "Q": 2.26, "w": 13.54, "h": 0.12, "S": 0.07403, "elv": "Sveselva", "km": 3.0}}, {"type": "Feature", "geometry": {"type": "LineString", "coordinates": [[10.62419, 64.3339], [10.62307, 64.33457]]}, "properties": {"P": 30.45, "tau": 82.75, "tau_c": 194.25, "omega": 117.02, "M": 0.43, "D": 0.03, "R": 0.11, "sving": 0.2, "os": 0.0, "foss": 1.0, "juv": 0.0, "B": 0.6, "Q": 2.28, "w": 13.57, "h": 0.12, "S": 0.07112, "elv": "Sveselva", "km": 3.1}}, {"type": "Feature", "geometry": {"type": "LineString", "coordinates": [[10.62307, 64.33457], [10.62223, 64.33532]]}, "properties": {"P": 32.67, "tau": 72.2, "tau_c": 176.04, "omega": 96.27, "M": 0.41, "D": 0.03, "R": 0.1, "sving": 0.32, "os": 0.0, "foss": 1.0, "juv": 0.0, "B": 0.6, "Q": 2.28, "w": 13.59, "h": 0.13, "S": 0.05841, "elv": "Sveselva", "km": 3.2}}, {"type": "Feature", "geometry": {"type": "LineString", "coordinates": [[10.62223, 64.33532], [10.62173, 64.33614]]}, "properties": {"P": 29.92, "tau": 70.85, "tau_c": 173.54, "omega": 93.74, "M": 0.41, "D": 0.03, "R": 0.1, "sving": 0.2, "os": 0.0, "foss": 1.0, "juv": 0.0, "B": 0.6, "Q": 2.29, "w": 13.61, "h": 0.13, "S": 0.05676, "elv": "Sveselva", "km": 3.3}}, {"type": "Feature", "geometry": {"type": "LineString", "coordinates": [[10.62173, 64.33614], [10.62185, 64.33703]]}, "properties": {"P": 29.41, "tau": 90.28, "tau_c": 206.46, "omega": 132.63, "M": 0.44, "D": -0.0, "R": 0.12, "sving": 0.17, "os": 0.0, "foss": 1.0, "juv": 0.0, "B": 0.6, "Q": 2.29, "w": 13.62, "h": 0.11, "S": 0.08035, "elv": "Sveselva", "km": 3.4}}, {"type": "Feature", "geometry": {"type": "LineString", "coordinates": [[10.62185, 64.33703], [10.62167, 64.33789]]}, "properties": {"P": 38.98, "tau": 93.17, "tau_c": 211.21, "omega": 138.75, "M": 0.44, "D": 0.01, "R": 0.12, "sving": 0.59, "os": 0.0, "foss": 1.0, "juv": 0.0, "B": 0.6, "Q": 2.29, "w": 13.62, "h": 0.11, "S": 0.08408, "elv": "Sveselva", "km": 3.5}}, {"type": "Feature", "geometry": {"type": "LineString", "coordinates": [[10.62167, 64.33789], [10.62009, 64.33843]]}, "properties": {"P": 33.68, "tau": 79.84, "tau_c": 190.14, "omega": 111.04, "M": 0.42, "D": 0.01, "R": 0.11, "sving": 0.38, "os": 0.0, "foss": 1.0, "juv": 0.0, "B": 0.6, "Q": 2.29, "w": 13.8, "h": 0.12, "S": 0.06814, "elv": "Sveselva", "km": 3.6}}, {"type": "Feature", "geometry": {"type": "LineString", "coordinates": [[10.62009, 64.33843], [10.61829, 64.33821]]}, "properties": {"P": 33.62, "tau": 82.36, "tau_c": 195.5, "omega": 115.91, "M": 0.42, "D": 0.01, "R": 0.11, "sving": 0.32, "os": 0.05, "foss": 1.0, "juv": 0.0, "B": 0.6, "Q": 2.29, "w": 13.97, "h": 0.12, "S": 0.07204, "elv": "Sveselva", "km": 3.7}}, {"type": "Feature", "geometry": {"type": "LineString", "coordinates": [[10.61829, 64.33821], [10.61695, 64.33863]]}, "properties": {"P": 22.82, "tau": 96.54, "tau_c": 208.94, "omega": 147.72, "M": 0.46, "D": -0.0, "R": 0.15, "sving": 0.02, "os": 0.07, "foss": 0.72, "juv": 0.0, "B": 0.61, "Q": 2.59, "w": 14.15, "h": 0.12, "S": 0.08228, "elv": "Sveselva", "km": 3.8}}, {"type": "Feature", "geometry": {"type": "LineString", "coordinates": [[10.60508, 64.34444], [10.6068, 64.34412]]}, "properties": {"P": 16.22, "tau": 94.78, "tau_c": 303.64, "omega": 126.35, "M": 0.31, "D": 0.0, "R": 0.03, "sving": 0.11, "os": 0.12, "foss": 1.0, "juv": 0.0, "B": 0.36, "Q": 0.45, "w": 6.01, "h": 0.06, "S": 0.17377, "elv": "Sirielva", "km": 1.4}}, {"type": "Feature", "geometry": {"type": "LineString", "coordinates": [[10.77276, 64.29716], [10.77185, 64.29639]]}, "properties": {"P": 6.84, "tau": 46.79, "tau_c": 135.66, "omega": 50.83, "M": 0.34, "D": 0.0, "R": 0.05, "sving": 0.56, "os": 0.0, "foss": 0.0, "juv": 0.0, "B": 0.3, "Q": 1.81, "w": 12.11, "h": 0.14, "S": 0.03469, "elv": "Skippelva", "km": 0.0}}, {"type": "Feature", "geometry": {"type": "LineString", "coordinates": [[10.77185, 64.29639], [10.77015, 64.296]]}, "properties": {"P": 13.36, "tau": 59.15, "tau_c": 160.53, "omega": 71.13, "M": 0.37, "D": 0.0, "R": 0.06, "sving": 0.44, "os": 0.0, "foss": 0.0, "juv": 0.0, "B": 0.68, "Q": 1.81, "w": 12.12, "h": 0.12, "S": 0.04857, "elv": "Skippelva", "km": 0.1}}, {"type": "Feature", "geometry": {"type": "LineString", "coordinates": [[10.77015, 64.296], [10.76828, 64.29571]]}, "properties": {"P": 35.96, "tau": 57.85, "tau_c": 157.7, "omega": 68.94, "M": 0.37, "D": 0.0, "R": 0.06, "sving": 0.38, "os": 0.0, "foss": 1.0, "juv": 0.0, "B": 0.68, "Q": 1.82, "w": 12.13, "h": 0.13, "S": 0.04687, "elv": "Skippelva", "km": 0.2}}, {"type": "Feature", "geometry": {"type": "LineString", "coordinates": [[10.76828, 64.29571], [10.76628, 64.29553]]}, "properties": {"P": 30.12, "tau": 62.38, "tau_c": 166.43, "omega": 76.81, "M": 0.37, "D": 0.0, "R": 0.07, "sving": 0.13, "os": 0.0, "foss": 1.0, "juv": 0.0, "B": 0.68, "Q": 1.82, "w": 12.15, "h": 0.12, "S": 0.0522, "elv": "Skippelva", "km": 0.3}}, {"type": "Feature", "geometry": {"type": "LineString", "coordinates": [[10.76628, 64.29553], [10.76424, 64.29546]]}, "properties": {"P": 28.39, "tau": 66.37, "tau_c": 173.88, "omega": 83.96, "M": 0.38, "D": 0.02, "R": 0.07, "sving": 0.02, "os": 0.0, "foss": 1.0, "juv": 0.0, "B": 0.68, "Q": 1.83, "w": 12.17, "h": 0.12, "S": 0.05698, "elv": "Skippelva", "km": 0.4}}, {"type": "Feature", "geometry": {"type": "LineString", "coordinates": [[10.76424, 64.29546], [10.76224, 64.29534]]}, "properties": {"P": 30.55, "tau": 66.08, "tau_c": 173.24, "omega": 83.46, "M": 0.38, "D": 0.08, "R": 0.07, "sving": 0.03, "os": 0.0, "foss": 1.0, "juv": 0.0, "B": 0.68, "Q": 1.83, "w": 12.19, "h": 0.12, "S": 0.05657, "elv": "Skippelva", "km": 0.5}}, {"type": "Feature", "geometry": {"type": "LineString", "coordinates": [[10.76224, 64.29534], [10.76037, 64.29499]]}, "properties": {"P": 35.23, "tau": 52.92, "tau_c": 148.28, "omega": 60.64, "M": 0.36, "D": 0.15, "R": 0.06, "sving": 0.16, "os": 0.0, "foss": 1.0, "juv": 0.0, "B": 0.68, "Q": 1.84, "w": 12.31, "h": 0.13, "S": 0.04144, "elv": "Skippelva", "km": 0.6}}, {"type": "Feature", "geometry": {"type": "LineString", "coordinates": [[10.76037, 64.29499], [10.75856, 64.29475]]}, "properties": {"P": 31.85, "tau": 43.5, "tau_c": 129.02, "omega": 45.77, "M": 0.34, "D": 0.22, "R": 0.05, "sving": 0.23, "os": 0.0, "foss": 0.72, "juv": 0.0, "B": 0.68, "Q": 1.85, "w": 12.45, "h": 0.14, "S": 0.03138, "elv": "Skippelva", "km": 0.7}}, {"type": "Feature", "geometry": {"type": "LineString", "coordinates": [[10.75856, 64.29475], [10.75662, 64.29505]]}, "properties": {"P": 32.41, "tau": 40.77, "tau_c": 119.34, "omega": 42.12, "M": 0.34, "D": 0.25, "R": 0.05, "sving": 0.39, "os": 0.0, "foss": 0.51, "juv": 0.0, "B": 0.69, "Q": 2.01, "w": 12.58, "h": 0.15, "S": 0.02684, "elv": "Skippelva", "km": 0.8}}, {"type": "Feature", "geometry": {"type": "LineString", "coordinates": [[10.75143, 64.29584], [10.75008, 64.29517]]}, "properties": {"P": 8.6, "tau": 25.91, "tau_c": 86.12, "omega": 21.99, "M": 0.3, "D": 0.0, "R": 0.03, "sving": 0.3, "os": 0.0, "foss": 0.0, "juv": 0.0, "B": 0.7, "Q": 2.08, "w": 12.98, "h": 0.19, "S": 0.01398, "elv": "Skippelva", "km": 1.2}}, {"type": "Feature", "geometry": {"type": "LineString", "coordinates": [[10.75008, 64.29517], [10.74821, 64.29486]]}, "properties": {"P": 2.14, "tau": 35.22, "tau_c": 107.16, "omega": 34.19, "M": 0.33, "D": 0.0, "R": 0.04, "sving": 0.02, "os": 0.0, "foss": 0.0, "juv": 0.0, "B": 0.7, "Q": 2.1, "w": 13.02, "h": 0.17, "S": 0.02164, "elv": "Skippelva", "km": 1.3}}, {"type": "Feature", "geometry": {"type": "LineString", "coordinates": [[10.74821, 64.29486], [10.74618, 64.29471]]}, "properties": {"P": 8.3, "tau": 42.42, "tau_c": 122.8, "omega": 44.61, "M": 0.35, "D": 0.0, "R": 0.05, "sving": 0.25, "os": 0.0, "foss": 0.0, "juv": 0.0, "B": 0.7, "Q": 2.1, "w": 13.14, "h": 0.15, "S": 0.02842, "elv": "Skippelva", "km": 1.4}}, {"type": "Feature", "geometry": {"type": "LineString", "coordinates": [[10.74618, 64.29471], [10.7442, 64.29449]]}, "properties": {"P": 41.36, "tau": 44.06, "tau_c": 126.62, "omega": 47.05, "M": 0.35, "D": 0.0, "R": 0.05, "sving": 0.54, "os": 0.05, "foss": 1.0, "juv": 0.0, "B": 0.7, "Q": 2.1, "w": 13.26, "h": 0.15, "S": 0.03022, "elv": "Skippelva", "km": 1.5}}, {"type": "Feature", "geometry": {"type": "LineString", "coordinates": [[10.7442, 64.29449], [10.7422, 64.29432]]}, "properties": {"P": 35.02, "tau": 47.24, "tau_c": 129.2, "omega": 52.48, "M": 0.37, "D": 0.0, "R": 0.06, "sving": 0.21, "os": 0.08, "foss": 1.0, "juv": 0.0, "B": 0.7, "Q": 2.27, "w": 13.37, "h": 0.15, "S": 0.03146, "elv": "Skippelva", "km": 1.6}}, {"type": "Feature", "geometry": {"type": "LineString", "coordinates": [[10.7422, 64.29432], [10.74127, 64.29506]]}, "properties": {"P": 25.66, "tau": 48.17, "tau_c": 131.39, "omega": 53.92, "M": 0.37, "D": 0.02, "R": 0.06, "sving": 0.04, "os": 0.14, "foss": 0.72, "juv": 0.0, "B": 0.7, "Q": 2.28, "w": 13.5, "h": 0.15, "S": 0.03254, "elv": "Skippelva", "km": 1.7}}, {"type": "Feature", "geometry": {"type": "LineString", "coordinates": [[10.74127, 64.29506], [10.73952, 64.29539]]}, "properties": {"P": 27.91, "tau": 48.67, "tau_c": 132.83, "omega": 54.68, "M": 0.37, "D": 0.08, "R": 0.06, "sving": 0.23, "os": 0.16, "foss": 0.51, "juv": 0.0, "B": 0.7, "Q": 2.28, "w": 13.63, "h": 0.15, "S": 0.03326, "elv": "Skippelva", "km": 1.8}}, {"type": "Feature", "geometry": {"type": "LineString", "coordinates": [[10.73952, 64.29539], [10.73767, 64.29508]]}, "properties": {"P": 40.82, "tau": 40.15, "tau_c": 115.23, "omega": 41.55, "M": 0.35, "D": 0.17, "R": 0.05, "sving": 0.73, "os": 0.22, "foss": 0.37, "juv": 0.0, "B": 0.71, "Q": 2.31, "w": 13.66, "h": 0.16, "S": 0.02502, "elv": "Skippelva", "km": 1.9}}, {"type": "Feature", "geometry": {"type": "LineString", "coordinates": [[10.73767, 64.29508], [10.73622, 64.29445]]}, "properties": {"P": 42.92, "tau": 29.39, "tau_c": 92.43, "omega": 26.53, "M": 0.32, "D": 0.23, "R": 0.04, "sving": 1.0, "os": 0.35, "foss": 0.0, "juv": 0.0, "B": 0.71, "Q": 2.31, "w": 13.78, "h": 0.19, "S": 0.0161, "elv": "Skippelva", "km": 2.0}}, {"type": "Feature", "geometry": {"type": "LineString", "coordinates": [[10.73622, 64.29445], [10.73494, 64.29377]]}, "properties": {"P": 36.33, "tau": 26.9, "tau_c": 87.12, "omega": 23.34, "M": 0.31, "D": 0.24, "R": 0.03, "sving": 0.52, "os": 0.57, "foss": 0.0, "juv": 0.0, "B": 0.71, "Q": 2.33, "w": 13.99, "h": 0.19, "S": 0.01431, "elv": "Skippelva", "km": 2.1}}, {"type": "Feature", "geometry": {"type": "LineString", "coordinates": [[10.73494, 64.29377], [10.73643, 64.29326]]}, "properties": {"P": 29.62, "tau": 23.58, "tau_c": 77.44, "omega": 19.46, "M": 0.3, "D": 0.22, "R": 0.03, "sving": 0.1, "os": 0.74, "foss": 0.0, "juv": 0.0, "B": 0.71, "Q": 2.49, "w": 14.18, "h": 0.21, "S": 0.0113, "elv": "Skippelva", "km": 2.2}}, {"type": "Feature", "geometry": {"type": "LineString", "coordinates": [[10.73121, 64.29138], [10.72937, 64.29099]]}, "properties": {"P": 8.51, "tau": 21.23, "tau_c": 70.64, "omega": 16.83, "M": 0.3, "D": -0.0, "R": 0.03, "sving": 0.1, "os": 0.19, "foss": 0.0, "juv": 0.0, "B": 0.72, "Q": 2.69, "w": 14.73, "h": 0.23, "S": 0.00941, "elv": "Skippelva", "km": 2.7}}, {"type": "Feature", "geometry": {"type": "LineString", "coordinates": [[10.72937, 64.29099], [10.72752, 64.29059]]}, "properties": {"P": 6.28, "tau": 26.98, "tau_c": 83.93, "omega": 23.74, "M": 0.32, "D": -0.0, "R": 0.04, "sving": 0.06, "os": 0.13, "foss": 0.0, "juv": 0.0, "B": 0.72, "Q": 2.69, "w": 14.75, "h": 0.21, "S": 0.01328, "elv": "Skippelva", "km": 2.8}}, {"type": "Feature", "geometry": {"type": "LineString", "coordinates": [[10.72752, 64.29059], [10.72573, 64.29014]]}, "properties": {"P": 30.02, "tau": 26.99, "tau_c": 83.93, "omega": 23.76, "M": 0.32, "D": -0.0, "R": 0.04, "sving": 0.03, "os": 0.08, "foss": 1.0, "juv": 0.0, "B": 0.72, "Q": 2.7, "w": 14.81, "h": 0.21, "S": 0.01328, "elv": "Skippelva", "km": 2.9}}, {"type": "Feature", "geometry": {"type": "LineString", "coordinates": [[10.72573, 64.29014], [10.72408, 64.28962]]}, "properties": {"P": 21.94, "tau": 31.93, "tau_c": 95.73, "omega": 30.15, "M": 0.33, "D": -0.0, "R": 0.04, "sving": 0.02, "os": 0.05, "foss": 0.72, "juv": 0.0, "B": 0.72, "Q": 2.7, "w": 15.19, "h": 0.19, "S": 0.01727, "elv": "Skippelva", "km": 3.0}}, {"type": "Feature", "geometry": {"type": "LineString", "coordinates": [[10.72408, 64.28962], [10.72223, 64.28931]]}, "properties": {"P": 23.13, "tau": 37.83, "tau_c": 108.44, "omega": 38.44, "M": 0.35, "D": -0.0, "R": 0.05, "sving": 0.3, "os": 0.0, "foss": 0.51, "juv": 0.0, "B": 0.72, "Q": 2.75, "w": 15.57, "h": 0.17, "S": 0.02216, "elv": "Skippelva", "km": 3.1}}, {"type": "Feature", "geometry": {"type": "LineString", "coordinates": [[10.72223, 64.28931], [10.72044, 64.28887]]}, "properties": {"P": 33.2, "tau": 42.16, "tau_c": 107.74, "omega": 46.07, "M": 0.39, "D": 0.04, "R": 0.08, "sving": 0.06, "os": 0.0, "foss": 1.0, "juv": 0.0, "B": 0.74, "Q": 3.42, "w": 15.95, "h": 0.2, "S": 0.02188, "elv": "Skippelva", "km": 3.2}}, {"type": "Feature", "geometry": {"type": "LineString", "coordinates": [[10.72044, 64.28887], [10.71854, 64.28911]]}, "properties": {"P": 24.89, "tau": 32.49, "tau_c": 90.21, "omega": 31.64, "M": 0.36, "D": 0.07, "R": 0.06, "sving": 0.04, "os": 0.0, "foss": 0.72, "juv": 0.0, "B": 0.74, "Q": 3.43, "w": 16.33, "h": 0.22, "S": 0.01534, "elv": "Skippelva", "km": 3.3}}, {"type": "Feature", "geometry": {"type": "LineString", "coordinates": [[10.71854, 64.28911], [10.71678, 64.28873]]}, "properties": {"P": 18.18, "tau": 26.2, "tau_c": 78.0, "omega": 23.17, "M": 0.34, "D": 0.07, "R": 0.04, "sving": 0.01, "os": 0.0, "foss": 0.51, "juv": 0.0, "B": 0.74, "Q": 3.44, "w": 16.69, "h": 0.23, "S": 0.01147, "elv": "Skippelva", "km": 3.4}}, {"type": "Feature", "geometry": {"type": "LineString", "coordinates": [[10.71678, 64.28873], [10.71495, 64.28832]]}, "properties": {"P": 23.56, "tau": 37.73, "tau_c": 101.25, "omega": 39.11, "M": 0.37, "D": 0.03, "R": 0.07, "sving": 0.32, "os": 0.06, "foss": 0.37, "juv": 0.0, "B": 0.75, "Q": 3.45, "w": 16.71, "h": 0.2, "S": 0.01932, "elv": "Skippelva", "km": 3.5}}, {"type": "Feature", "geometry": {"type": "LineString", "coordinates": [[10.71495, 64.28832], [10.71319, 64.28786]]}, "properties": {"P": 19.6, "tau": 33.12, "tau_c": 92.2, "omega": 32.45, "M": 0.36, "D": 0.04, "R": 0.06, "sving": 0.5, "os": 0.09, "foss": 0.0, "juv": 0.0, "B": 0.75, "Q": 3.45, "w": 16.73, "h": 0.21, "S": 0.01602, "elv": "Skippelva", "km": 3.6}}, {"type": "Feature", "geometry": {"type": "LineString", "coordinates": [[10.71319, 64.28786], [10.7115, 64.28739]]}, "properties": {"P": 47.24, "tau": 25.7, "tau_c": 76.84, "omega": 22.55, "M": 0.33, "D": 0.04, "R": 0.04, "sving": 0.53, "os": 0.13, "foss": 1.0, "juv": 0.0, "B": 0.75, "Q": 3.46, "w": 16.76, "h": 0.24, "S": 0.01113, "elv": "Skippelva", "km": 3.7}}, {"type": "Feature", "geometry": {"type": "LineString", "coordinates": [[10.7115, 64.28739], [10.71187, 64.28672]]}, "properties": {"P": 29.83, "tau": 30.09, "tau_c": 86.08, "omega": 28.28, "M": 0.35, "D": 0.04, "R": 0.05, "sving": 0.08, "os": 0.19, "foss": 0.72, "juv": 0.0, "B": 0.75, "Q": 3.47, "w": 16.8, "h": 0.22, "S": 0.01397, "elv": "Skippelva", "km": 3.8}}, {"type": "Feature", "geometry": {"type": "LineString", "coordinates": [[10.71187, 64.28672], [10.7124, 64.286]]}, "properties": {"P": 28.26, "tau": 34.37, "tau_c": 94.23, "omega": 34.28, "M": 0.36, "D": 0.02, "R": 0.06, "sving": 0.15, "os": 0.27, "foss": 0.51, "juv": 0.0, "B": 0.75, "Q": 3.51, "w": 16.83, "h": 0.21, "S": 0.01673, "elv": "Skippelva", "km": 3.9}}, {"type": "Feature", "geometry": {"type": "LineString", "coordinates": [[10.7124, 64.286], [10.71103, 64.28543]]}, "properties": {"P": 42.38, "tau": 36.83, "tau_c": 99.03, "omega": 37.85, "M": 0.37, "D": 0.09, "R": 0.07, "sving": 0.64, "os": 0.36, "foss": 0.37, "juv": 0.0, "B": 0.75, "Q": 3.52, "w": 16.86, "h": 0.2, "S": 0.01848, "elv": "Skippelva", "km": 4.0}}, {"type": "Feature", "geometry": {"type": "LineString", "coordinates": [[10.71103, 64.28543], [10.70994, 64.28472]]}, "properties": {"P": 47.13, "tau": 25.03, "tau_c": 75.09, "omega": 21.75, "M": 0.33, "D": 0.19, "R": 0.04, "sving": 0.89, "os": 0.56, "foss": 0.0, "juv": 0.0, "B": 0.75, "Q": 3.52, "w": 16.89, "h": 0.24, "S": 0.01063, "elv": "Skippelva", "km": 4.1}}, {"type": "Feature", "geometry": {"type": "LineString", "coordinates": [[10.70994, 64.28472], [10.70803, 64.28464]]}, "properties": {"P": 48.01, "tau": 19.37, "tau_c": 62.46, "omega": 15.04, "M": 0.31, "D": 0.25, "R": 0.03, "sving": 0.54, "os": 0.89, "foss": 0.0, "juv": 0.0, "B": 0.75, "Q": 3.52, "w": 16.89, "h": 0.27, "S": 0.00735, "elv": "Skippelva", "km": 4.2}}, {"type": "Feature", "geometry": {"type": "LineString", "coordinates": [[10.70803, 64.28464], [10.70624, 64.28507]]}, "properties": {"P": 47.77, "tau": 19.56, "tau_c": 63.61, "omega": 15.21, "M": 0.31, "D": 0.26, "R": 0.03, "sving": 0.77, "os": 0.63, "foss": 0.0, "juv": 0.0, "B": 0.75, "Q": 3.52, "w": 17.32, "h": 0.26, "S": 0.00763, "elv": "Skippelva", "km": 4.3}}, {"type": "Feature", "geometry": {"type": "LineString", "coordinates": [[10.69635, 64.2861], [10.69456, 64.28565]]}, "properties": {"P": 10.49, "tau": 23.95, "tau_c": 64.67, "omega": 21.24, "M": 0.37, "D": -0.0, "R": 0.07, "sving": 0.03, "os": 0.23, "foss": 0.0, "juv": 0.0, "B": 0.8, "Q": 6.17, "w": 22.45, "h": 0.31, "S": 0.00788, "elv": "Skippelva", "km": 5.0}}, {"type": "Feature", "geometry": {"type": "LineString", "coordinates": [[10.69456, 64.28565], [10.6928, 64.28518]]}, "properties": {"P": 9.71, "tau": 23.95, "tau_c": 64.67, "omega": 21.25, "M": 0.37, "D": -0.0, "R": 0.07, "sving": 0.09, "os": 0.14, "foss": 0.0, "juv": 0.0, "B": 0.8, "Q": 6.2, "w": 22.56, "h": 0.31, "S": 0.00788, "elv": "Skippelva", "km": 5.1}}, {"type": "Feature", "geometry": {"type": "LineString", "coordinates": [[10.6928, 64.28518], [10.69091, 64.28485]]}, "properties": {"P": 35.71, "tau": 24.45, "tau_c": 64.67, "omega": 21.98, "M": 0.38, "D": -0.0, "R": 0.07, "sving": 0.04, "os": 0.08, "foss": 1.0, "juv": 0.0, "B": 0.81, "Q": 6.44, "w": 22.66, "h": 0.32, "S": 0.00788, "elv": "Skippelva", "km": 5.2}}, {"type": "Feature", "geometry": {"type": "LineString", "coordinates": [[10.69091, 64.28485], [10.68894, 64.28466]]}, "properties": {"P": 28.72, "tau": 24.4, "tau_c": 64.67, "omega": 21.9, "M": 0.38, "D": 0.0, "R": 0.07, "sving": 0.12, "os": 0.05, "foss": 0.72, "juv": 0.0, "B": 0.81, "Q": 6.45, "w": 22.77, "h": 0.32, "S": 0.00788, "elv": "Skippelva", "km": 5.3}}, {"type": "Feature", "geometry": {"type": "LineString", "coordinates": [[10.68894, 64.28466], [10.68704, 64.28431]]}, "properties": {"P": 24.39, "tau": 24.34, "tau_c": 64.67, "omega": 21.83, "M": 0.38, "D": 0.1, "R": 0.07, "sving": 0.01, "os": 0.07, "foss": 0.51, "juv": 0.0, "B": 0.81, "Q": 6.45, "w": 22.86, "h": 0.31, "S": 0.00788, "elv": "Skippelva", "km": 5.4}}, {"type": "Feature", "geometry": {"type": "LineString", "coordinates": [[10.68704, 64.28431], [10.68575, 64.28365]]}, "properties": {"P": 27.15, "tau": 24.35, "tau_c": 64.67, "omega": 21.83, "M": 0.38, "D": 0.24, "R": 0.07, "sving": 0.04, "os": 0.11, "foss": 0.37, "juv": 0.0, "B": 0.81, "Q": 6.46, "w": 22.87, "h": 0.31, "S": 0.00788, "elv": "Skippelva", "km": 5.5}}, {"type": "Feature", "geometry": {"type": "LineString", "coordinates": [[10.68006, 64.28296], [10.68043, 64.28374]]}, "properties": {"P": 19.73, "tau": 24.45, "tau_c": 64.89, "omega": 21.97, "M": 0.38, "D": 0.0, "R": 0.07, "sving": 0.27, "os": 0.3, "foss": 0.0, "juv": 0.0, "B": 0.81, "Q": 6.47, "w": 22.92, "h": 0.31, "S": 0.00794, "elv": "Skippelva", "km": 5.9}}, {"type": "Feature", "geometry": {"type": "LineString", "coordinates": [[10.68043, 64.28374], [10.67999, 64.2845]]}, "properties": {"P": 17.59, "tau": 24.4, "tau_c": 64.89, "omega": 21.9, "M": 0.38, "D": 0.0, "R": 0.07, "sving": 0.08, "os": 0.41, "foss": 0.0, "juv": 0.0, "B": 0.81, "Q": 6.47, "w": 23.01, "h": 0.31, "S": 0.00794, "elv": "Skippelva", "km": 6.0}}, {"type": "Feature", "geometry": {"type": "LineString", "coordinates": [[10.67999, 64.2845], [10.67829, 64.28481]]}, "properties": {"P": 75.34, "tau": 24.54, "tau_c": 64.89, "omega": 22.1, "M": 0.38, "D": 0.0, "R": 0.07, "sving": 0.92, "os": 0.59, "foss": 1.0, "juv": 0.0, "B": 0.81, "Q": 6.56, "w": 23.09, "h": 0.32, "S": 0.00794, "elv": "Skippelva", "km": 6.1}}, {"type": "Feature", "geometry": {"type": "LineString", "coordinates": [[10.67829, 64.28481], [10.67636, 64.28455]]}, "properties": {"P": 72.33, "tau": 37.44, "tau_c": 87.14, "omega": 40.62, "M": 0.43, "D": 0.0, "R": 0.11, "sving": 0.69, "os": 0.91, "foss": 0.72, "juv": 0.0, "B": 0.81, "Q": 6.71, "w": 23.19, "h": 0.27, "S": 0.01431, "elv": "Skippelva", "km": 6.2}}, {"type": "Feature", "geometry": {"type": "LineString", "coordinates": [[10.67636, 64.28455], [10.67491, 64.28404]]}, "properties": {"P": 48.58, "tau": 37.39, "tau_c": 87.14, "omega": 40.54, "M": 0.43, "D": 0.01, "R": 0.11, "sving": 0.34, "os": 0.63, "foss": 0.51, "juv": 0.0, "B": 0.81, "Q": 6.72, "w": 23.28, "h": 0.27, "S": 0.01431, "elv": "Skippelva", "km": 6.3}}, {"type": "Feature", "geometry": {"type": "LineString", "coordinates": [[10.67491, 64.28404], [10.67316, 64.28359]]}, "properties": {"P": 47.85, "tau": 45.55, "tau_c": 100.44, "omega": 53.79, "M": 0.45, "D": 0.01, "R": 0.14, "sving": 0.01, "os": 0.41, "foss": 1.0, "juv": 0.0, "B": 0.81, "Q": 6.73, "w": 23.34, "h": 0.24, "S": 0.01902, "elv": "Skippelva", "km": 6.4}}, {"type": "Feature", "geometry": {"type": "LineString", "coordinates": [[10.67316, 64.28359], [10.67137, 64.28315]]}, "properties": {"P": 42.32, "tau": 35.85, "tau_c": 84.58, "omega": 38.16, "M": 0.42, "D": 0.01, "R": 0.11, "sving": 0.31, "os": 0.25, "foss": 0.72, "juv": 0.0, "B": 0.81, "Q": 6.74, "w": 23.36, "h": 0.27, "S": 0.01348, "elv": "Skippelva", "km": 6.5}}, {"type": "Feature", "geometry": {"type": "LineString", "coordinates": [[10.67137, 64.28315], [10.66939, 64.28291]]}, "properties": {"P": 41.53, "tau": 35.85, "tau_c": 84.58, "omega": 38.15, "M": 0.42, "D": 0.01, "R": 0.11, "sving": 0.1, "os": 0.15, "foss": 1.0, "juv": 0.0, "B": 0.81, "Q": 6.74, "w": 23.37, "h": 0.27, "S": 0.01348, "elv": "Skippelva", "km": 6.6}}, {"type": "Feature", "geometry": {"type": "LineString", "coordinates": [[10.66939, 64.28291], [10.6674, 64.28304]]}, "properties": {"P": 32.86, "tau": 51.51, "tau_c": 109.65, "omega": 64.16, "M": 0.47, "D": -0.0, "R": 0.15, "sving": 0.08, "os": 0.09, "foss": 0.72, "juv": 0.0, "B": 0.81, "Q": 6.75, "w": 23.38, "h": 0.23, "S": 0.02266, "elv": "Skippelva", "km": 6.7}}, {"type": "Feature", "geometry": {"type": "LineString", "coordinates": [[10.6674, 64.28304], [10.66541, 64.28281]]}, "properties": {"P": 24.97, "tau": 50.42, "tau_c": 107.95, "omega": 62.22, "M": 0.47, "D": -0.0, "R": 0.15, "sving": 0.04, "os": 0.06, "foss": 0.51, "juv": 0.0, "B": 0.81, "Q": 6.76, "w": 23.39, "h": 0.23, "S": 0.02196, "elv": "Skippelva", "km": 6.8}}, {"type": "Feature", "geometry": {"type": "LineString", "coordinates": [[10.66541, 64.28281], [10.66344, 64.28254]]}, "properties": {"P": 41.35, "tau": 69.69, "tau_c": 136.1, "omega": 98.97, "M": 0.51, "D": -0.0, "R": 0.2, "sving": 0.1, "os": 0.0, "foss": 1.0, "juv": 0.0, "B": 0.81, "Q": 6.76, "w": 23.4, "h": 0.2, "S": 0.03491, "elv": "Skippelva", "km": 6.9}}, {"type": "Feature", "geometry": {"type": "LineString", "coordinates": [[10.66344, 64.28254], [10.66153, 64.28221]]}, "properties": {"P": 44.27, "tau": 93.89, "tau_c": 168.44, "omega": 151.69, "M": 0.56, "D": -0.0, "R": 0.26, "sving": 0.04, "os": 0.07, "foss": 1.0, "juv": 0.0, "B": 0.81, "Q": 6.77, "w": 23.42, "h": 0.18, "S": 0.05348, "elv": "Skippelva", "km": 7.0}}, {"type": "Feature", "geometry": {"type": "LineString", "coordinates": [[10.66153, 64.28221], [10.65951, 64.2821]]}, "properties": {"P": 48.77, "tau": 110.5, "tau_c": 189.26, "omega": 191.55, "M": 0.58, "D": -0.0, "R": 0.29, "sving": 0.09, "os": 0.12, "foss": 1.0, "juv": 0.0, "B": 0.81, "Q": 6.78, "w": 23.43, "h": 0.17, "S": 0.06751, "elv": "Skippelva", "km": 7.1}}, {"type": "Feature", "geometry": {"type": "LineString", "coordinates": [[10.65951, 64.2821], [10.65747, 64.28196]]}, "properties": {"P": 51.83, "tau": 155.3, "tau_c": 241.43, "omega": 311.86, "M": 0.64, "D": -0.0, "R": 0.37, "sving": 0.02, "os": 0.17, "foss": 1.0, "juv": 0.0, "B": 0.81, "Q": 6.78, "w": 23.44, "h": 0.14, "S": 0.10986, "elv": "Skippelva", "km": 7.2}}, {"type": "Feature", "geometry": {"type": "LineString", "coordinates": [[10.65747, 64.28196], [10.65542, 64.28191]]}, "properties": {"P": 65.26, "tau": 149.65, "tau_c": 235.68, "omega": 295.53, "M": 0.63, "D": 0.02, "R": 0.36, "sving": 0.41, "os": 0.23, "foss": 1.0, "juv": 0.0, "B": 0.81, "Q": 6.78, "w": 23.58, "h": 0.15, "S": 0.10469, "elv": "Skippelva", "km": 7.3}}, {"type": "Feature", "geometry": {"type": "LineString", "coordinates": [[10.65542, 64.28191], [10.65351, 64.28162]]}, "properties": {"P": 78.98, "tau": 143.64, "tau_c": 229.38, "omega": 278.5, "M": 0.63, "D": 0.07, "R": 0.35, "sving": 0.82, "os": 0.26, "foss": 1.0, "juv": 0.0, "B": 0.81, "Q": 6.79, "w": 23.72, "h": 0.15, "S": 0.09917, "elv": "Skippelva", "km": 7.4}}, {"type": "Feature", "geometry": {"type": "LineString", "coordinates": [[10.65351, 64.28162], [10.65298, 64.28096]]}, "properties": {"P": 72.5, "tau": 133.71, "tau_c": 213.88, "omega": 252.85, "M": 0.63, "D": 0.13, "R": 0.35, "sving": 0.6, "os": 0.28, "foss": 0.87, "juv": 0.0, "B": 0.82, "Q": 7.19, "w": 24.04, "h": 0.16, "S": 0.08622, "elv": "Skippelva", "km": 7.5}}, {"type": "Feature", "geometry": {"type": "LineString", "coordinates": [[10.65298, 64.28096], [10.6544, 64.28031]]}, "properties": {"P": 56.25, "tau": 105.21, "tau_c": 181.15, "omega": 179.12, "M": 0.58, "D": 0.25, "R": 0.29, "sving": 0.08, "os": 0.37, "foss": 0.69, "juv": 0.0, "B": 0.82, "Q": 7.19, "w": 24.36, "h": 0.17, "S": 0.06185, "elv": "Skippelva", "km": 7.6}}, {"type": "Feature", "geometry": {"type": "LineString", "coordinates": [[10.6544, 64.28031], [10.65456, 64.27945]]}, "properties": {"P": 75.0, "tau": 90.71, "tau_c": 158.67, "omega": 146.05, "M": 0.57, "D": 0.36, "R": 0.27, "sving": 0.45, "os": 0.6, "foss": 0.57, "juv": 0.0, "B": 0.82, "Q": 7.74, "w": 24.68, "h": 0.19, "S": 0.04745, "elv": "Skippelva", "km": 7.7}}, {"type": "Feature", "geometry": {"type": "LineString", "coordinates": [[10.65456, 64.27945], [10.6529, 64.27901]]}, "properties": {"P": 82.24, "tau": 19.07, "tau_c": 52.04, "omega": 15.59, "M": 0.37, "D": 0.5, "R": 0.06, "sving": 0.78, "os": 0.85, "foss": 0.41, "juv": 0.0, "B": 0.82, "Q": 7.74, "w": 24.87, "h": 0.38, "S": 0.0051, "elv": "Skippelva", "km": 7.8}}, {"type": "Feature", "geometry": {"type": "LineString", "coordinates": [[10.6529, 64.27901], [10.65084, 64.27899]]}, "properties": {"P": 54.53, "tau": 15.71, "tau_c": 45.42, "omega": 11.8, "M": 0.35, "D": 0.36, "R": 0.05, "sving": 0.42, "os": 0.54, "foss": 0.34, "juv": 0.0, "B": 0.82, "Q": 7.75, "w": 25.06, "h": 0.41, "S": 0.00389, "elv": "Skippelva", "km": 7.9}}, {"type": "Feature", "geometry": {"type": "LineString", "coordinates": [[10.65084, 64.27899], [10.64888, 64.27878]]}, "properties": {"P": 33.01, "tau": 39.78, "tau_c": 88.41, "omega": 44.75, "M": 0.45, "D": 0.19, "R": 0.13, "sving": 0.01, "os": 0.33, "foss": 0.31, "juv": 0.0, "B": 0.83, "Q": 7.76, "w": 25.08, "h": 0.28, "S": 0.01473, "elv": "Skippelva", "km": 8.0}}, {"type": "Feature", "geometry": {"type": "LineString", "coordinates": [[10.64888, 64.27878], [10.64711, 64.27833]]}, "properties": {"P": 17.51, "tau": 42.77, "tau_c": 93.08, "omega": 49.65, "M": 0.46, "D": 0.0, "R": 0.14, "sving": 0.16, "os": 0.2, "foss": 0.0, "juv": 0.0, "B": 0.83, "Q": 7.78, "w": 25.09, "h": 0.27, "S": 0.01633, "elv": "Skippelva", "km": 8.1}}, {"type": "Feature", "geometry": {"type": "LineString", "coordinates": [[10.64711, 64.27833], [10.64537, 64.27785]]}, "properties": {"P": 42.26, "tau": 42.78, "tau_c": 93.08, "omega": 49.67, "M": 0.46, "D": 0.0, "R": 0.14, "sving": 0.08, "os": 0.13, "foss": 1.0, "juv": 0.0, "B": 0.83, "Q": 7.79, "w": 25.11, "h": 0.27, "S": 0.01633, "elv": "Skippelva", "km": 8.2}}, {"type": "Feature", "geometry": {"type": "LineString", "coordinates": [[10.64537, 64.27785], [10.64351, 64.27747]]}, "properties": {"P": 32.57, "tau": 42.79, "tau_c": 93.08, "omega": 49.7, "M": 0.46, "D": 0.0, "R": 0.14, "sving": 0.08, "os": 0.08, "foss": 0.72, "juv": 0.0, "B": 0.83, "Q": 7.79, "w": 25.12, "h": 0.27, "S": 0.01633, "elv": "Skippelva", "km": 8.3}}, {"type": "Feature", "geometry": {"type": "LineString", "coordinates": [[10.64351, 64.27747], [10.64166, 64.27707]]}, "properties": {"P": 32.45, "tau": 63.89, "tau_c": 124.03, "omega": 88.28, "M": 0.52, "D": 0.0, "R": 0.2, "sving": 0.2, "os": 0.06, "foss": 0.51, "juv": 0.0, "B": 0.83, "Q": 7.8, "w": 25.13, "h": 0.22, "S": 0.02899, "elv": "Skippelva", "km": 8.4}}, {"type": "Feature", "geometry": {"type": "LineString", "coordinates": [[10.64166, 64.27707], [10.6397, 64.2768]]}, "properties": {"P": 29.81, "tau": 65.48, "tau_c": 123.92, "omega": 91.92, "M": 0.53, "D": 0.02, "R": 0.22, "sving": 0.16, "os": 0.09, "foss": 0.37, "juv": 0.0, "B": 0.83, "Q": 7.81, "w": 24.11, "h": 0.23, "S": 0.02894, "elv": "Skippelva", "km": 8.5}}, {"type": "Feature", "geometry": {"type": "LineString", "coordinates": [[10.6397, 64.2768], [10.6377, 64.27676]]}, "properties": {"P": 48.95, "tau": 54.69, "tau_c": 106.85, "omega": 71.4, "M": 0.51, "D": 0.05, "R": 0.2, "sving": 0.12, "os": 0.15, "foss": 1.0, "juv": 0.0, "B": 0.83, "Q": 7.81, "w": 23.09, "h": 0.26, "S": 0.02152, "elv": "Skippelva", "km": 8.6}}, {"type": "Feature", "geometry": {"type": "LineString", "coordinates": [[10.6377, 64.27676], [10.63566, 64.27675]]}, "properties": {"P": 39.94, "tau": 54.8, "tau_c": 107.1, "omega": 71.58, "M": 0.51, "D": 0.05, "R": 0.2, "sving": 0.0, "os": 0.24, "foss": 0.72, "juv": 0.0, "B": 0.83, "Q": 7.81, "w": 23.15, "h": 0.26, "S": 0.02162, "elv": "Skippelva", "km": 8.7}}, {"type": "Feature", "geometry": {"type": "LineString", "coordinates": [[10.63566, 64.27675], [10.63361, 64.27663]]}, "properties": {"P": 46.34, "tau": 54.68, "tau_c": 107.1, "omega": 71.32, "M": 0.51, "D": 0.08, "R": 0.2, "sving": 0.24, "os": 0.39, "foss": 0.51, "juv": 0.0, "B": 0.83, "Q": 7.82, "w": 23.26, "h": 0.26, "S": 0.02162, "elv": "Skippelva", "km": 8.8}}, {"type": "Feature", "geometry": {"type": "LineString", "coordinates": [[10.63361, 64.27663], [10.63171, 64.27636]]}, "properties": {"P": 46.04, "tau": 58.5, "tau_c": 111.52, "omega": 78.76, "M": 0.52, "D": 0.13, "R": 0.22, "sving": 0.05, "os": 0.62, "foss": 0.37, "juv": 0.0, "B": 0.83, "Q": 8.0, "w": 23.37, "h": 0.25, "S": 0.02344, "elv": "Skippelva", "km": 8.9}}, {"type": "Feature", "geometry": {"type": "LineString", "coordinates": [[10.63171, 64.27636], [10.63014, 64.2758]]}, "properties": {"P": 43.53, "tau": 34.4, "tau_c": 75.62, "omega": 36.86, "M": 0.45, "D": 0.25, "R": 0.14, "sving": 0.03, "os": 0.88, "foss": 0.0, "juv": 0.0, "B": 0.83, "Q": 8.15, "w": 23.37, "h": 0.33, "S": 0.01078, "elv": "Skippelva", "km": 9.0}}, {"type": "Feature", "geometry": {"type": "LineString", "coordinates": [[10.63014, 64.2758], [10.62822, 64.27591]]}, "properties": {"P": 38.11, "tau": 30.2, "tau_c": 70.34, "omega": 30.41, "M": 0.43, "D": 0.2, "R": 0.11, "sving": 0.09, "os": 0.75, "foss": 0.0, "juv": 0.0, "B": 0.83, "Q": 8.15, "w": 24.52, "h": 0.33, "S": 0.00933, "elv": "Skippelva", "km": 9.1}}, {"type": "Feature", "geometry": {"type": "LineString", "coordinates": [[10.62822, 64.27591], [10.6266, 64.27575]]}, "properties": {"P": 45.49, "tau": 25.03, "tau_c": 61.49, "omega": 23.23, "M": 0.41, "D": 0.13, "R": 0.09, "sving": 0.06, "os": 0.82, "foss": 0.34, "juv": 0.0, "B": 0.83, "Q": 8.17, "w": 24.58, "h": 0.36, "S": 0.00713, "elv": "Skippelva", "km": 9.2}}, {"type": "Feature", "geometry": {"type": "LineString", "coordinates": [[10.6266, 64.27575], [10.62489, 64.27528]]}, "properties": {"P": 42.57, "tau": 59.95, "tau_c": 115.0, "omega": 81.32, "M": 0.52, "D": 0.0, "R": 0.21, "sving": 0.09, "os": 0.57, "foss": 0.44, "juv": 0.0, "B": 0.83, "Q": 8.18, "w": 24.6, "h": 0.25, "S": 0.02493, "elv": "Skippelva", "km": 9.3}}, {"type": "Feature", "geometry": {"type": "LineString", "coordinates": [[10.62489, 64.27528], [10.62314, 64.27485]]}, "properties": {"P": 40.47, "tau": 66.7, "tau_c": 121.43, "omega": 95.34, "M": 0.55, "D": 0.0, "R": 0.25, "sving": 0.0, "os": 0.36, "foss": 0.6, "juv": 0.0, "B": 0.83, "Q": 8.2, "w": 23.46, "h": 0.24, "S": 0.02779, "elv": "Skippelva", "km": 9.4}}, {"type": "Feature", "geometry": {"type": "LineString", "coordinates": [[10.62314, 64.27485], [10.62127, 64.27515]]}, "properties": {"P": 52.12, "tau": 69.02, "tau_c": 127.08, "omega": 99.54, "M": 0.54, "D": 0.0, "R": 0.24, "sving": 0.15, "os": 0.22, "foss": 1.0, "juv": 0.0, "B": 0.83, "Q": 8.21, "w": 24.62, "h": 0.23, "S": 0.03044, "elv": "Skippelva", "km": 9.5}}, {"type": "Feature", "geometry": {"type": "LineString", "coordinates": [[10.62127, 64.27515], [10.61934, 64.27497]]}, "properties": {"P": 53.25, "tau": 107.93, "tau_c": 171.35, "omega": 190.05, "M": 0.63, "D": 0.0, "R": 0.35, "sving": 0.17, "os": 0.15, "foss": 0.9, "juv": 0.0, "B": 0.83, "Q": 8.22, "w": 23.47, "h": 0.2, "S": 0.05534, "elv": "Skippelva", "km": 9.6}}, {"type": "Feature", "geometry": {"type": "LineString", "coordinates": [[10.61934, 64.27497], [10.61741, 64.27482]]}, "properties": {"P": 54.26, "tau": 145.56, "tau_c": 212.27, "omega": 291.71, "M": 0.69, "D": 0.0, "R": 0.43, "sving": 0.37, "os": 0.09, "foss": 0.67, "juv": 0.0, "B": 0.83, "Q": 8.22, "w": 23.49, "h": 0.17, "S": 0.08493, "elv": "Skippelva", "km": 9.7}}, {"type": "Feature", "geometry": {"type": "LineString", "coordinates": [[10.61741, 64.27482], [10.61559, 64.27477]]}, "properties": {"P": 63.86, "tau": 160.46, "tau_c": 227.58, "omega": 335.42, "M": 0.71, "D": 0.01, "R": 0.45, "sving": 0.34, "os": 0.06, "foss": 1.0, "juv": 0.0, "B": 0.83, "Q": 8.23, "w": 23.5, "h": 0.17, "S": 0.09762, "elv": "Skippelva", "km": 9.8}}, {"type": "Feature", "geometry": {"type": "LineString", "coordinates": [[10.61559, 64.27477], [10.61395, 64.27426]]}, "properties": {"P": 64.42, "tau": 136.38, "tau_c": 206.91, "omega": 264.1, "M": 0.66, "D": 0.05, "R": 0.39, "sving": 0.46, "os": 0.0, "foss": 1.0, "juv": 0.0, "B": 0.83, "Q": 8.24, "w": 24.7, "h": 0.17, "S": 0.08069, "elv": "Skippelva", "km": 9.9}}, {"type": "Feature", "geometry": {"type": "LineString", "coordinates": [[10.61395, 64.27426], [10.61308, 64.2735]]}, "properties": {"P": 61.33, "tau": 133.04, "tau_c": 203.41, "omega": 254.83, "M": 0.65, "D": 0.1, "R": 0.38, "sving": 0.31, "os": 0.0, "foss": 1.0, "juv": 0.0, "B": 0.83, "Q": 8.24, "w": 24.74, "h": 0.17, "S": 0.07799, "elv": "Skippelva", "km": 10.0}}, {"type": "Feature", "geometry": {"type": "LineString", "coordinates": [[10.61308, 64.2735], [10.61275, 64.27262]]}, "properties": {"P": 59.94, "tau": 126.28, "tau_c": 199.0, "omega": 235.45, "M": 0.63, "D": 0.19, "R": 0.36, "sving": 0.35, "os": 0.0, "foss": 0.83, "juv": 0.0, "B": 0.83, "Q": 8.34, "w": 25.95, "h": 0.17, "S": 0.07464, "elv": "Skippelva", "km": 10.1}}, {"type": "Feature", "geometry": {"type": "LineString", "coordinates": [[10.61275, 64.27262], [10.61149, 64.27195]]}, "properties": {"P": 58.5, "tau": 95.21, "tau_c": 162.44, "omega": 157.18, "M": 0.59, "D": 0.31, "R": 0.29, "sving": 0.48, "os": 0.0, "foss": 0.6, "juv": 0.0, "B": 0.83, "Q": 8.37, "w": 25.99, "h": 0.2, "S": 0.04973, "elv": "Skippelva", "km": 10.2}}, {"type": "Feature", "geometry": {"type": "LineString", "coordinates": [[10.61149, 64.27195], [10.60968, 64.27221]]}, "properties": {"P": 49.93, "tau": 48.34, "tau_c": 100.04, "omega": 59.5, "M": 0.48, "D": 0.47, "R": 0.17, "sving": 0.34, "os": 0.0, "foss": 0.44, "juv": 0.0, "B": 0.83, "Q": 8.37, "w": 26.05, "h": 0.26, "S": 0.01886, "elv": "Skippelva", "km": 10.3}}, {"type": "Feature", "geometry": {"type": "LineString", "coordinates": [[10.60968, 64.27221], [10.6078, 64.27235]]}, "properties": {"P": 45.85, "tau": 19.83, "tau_c": 52.81, "omega": 16.57, "M": 0.38, "D": 0.56, "R": 0.07, "sving": 0.28, "os": 0.0, "foss": 0.41, "juv": 0.0, "B": 0.83, "Q": 8.37, "w": 26.07, "h": 0.38, "S": 0.00526, "elv": "Skippelva", "km": 10.4}}, {"type": "Feature", "geometry": {"type": "LineString", "coordinates": [[10.6078, 64.27235], [10.606, 64.27192]]}, "properties": {"P": 35.49, "tau": 14.13, "tau_c": 41.34, "omega": 10.19, "M": 0.34, "D": 0.46, "R": 0.05, "sving": 0.17, "os": 0.0, "foss": 0.34, "juv": 0.0, "B": 0.83, "Q": 8.41, "w": 26.09, "h": 0.45, "S": 0.00322, "elv": "Skippelva", "km": 10.5}}, {"type": "Feature", "geometry": {"type": "LineString", "coordinates": [[10.606, 64.27192], [10.604, 64.2718]]}, "properties": {"P": 17.52, "tau": 15.82, "tau_c": 44.83, "omega": 11.98, "M": 0.35, "D": 0.26, "R": 0.05, "sving": 0.15, "os": 0.0, "foss": 0.0, "juv": 0.0, "B": 0.83, "Q": 8.42, "w": 26.11, "h": 0.43, "S": 0.00379, "elv": "Skippelva", "km": 10.6}}, {"type": "Feature", "geometry": {"type": "LineString", "coordinates": [[10.68839, 64.30024], [10.68828, 64.29935]]}, "properties": {"P": 5.18, "tau": 36.22, "tau_c": 119.95, "omega": 34.49, "M": 0.3, "D": 0.05, "R": 0.03, "sving": 0.4, "os": 0.0, "foss": 0.0, "juv": 0.0, "B": 0.29, "Q": 1.37, "w": 10.58, "h": 0.14, "S": 0.02712, "elv": "Smørelva", "km": 0.0}}, {"type": "Feature", "geometry": {"type": "LineString", "coordinates": [[10.68999, 64.29687], [10.68967, 64.296]]}, "properties": {"P": 9.23, "tau": 38.4, "tau_c": 123.36, "omega": 37.67, "M": 0.31, "D": 0.0, "R": 0.03, "sving": 0.03, "os": 0.0, "foss": 0.51, "juv": 0.0, "B": 0.43, "Q": 1.44, "w": 10.78, "h": 0.14, "S": 0.02868, "elv": "Smørelva", "km": 0.4}}, {"type": "Feature", "geometry": {"type": "LineString", "coordinates": [[10.68967, 64.296], [10.68999, 64.29512]]}, "properties": {"P": 7.11, "tau": 34.35, "tau_c": 114.0, "omega": 32.11, "M": 0.3, "D": 0.0, "R": 0.03, "sving": 0.05, "os": 0.0, "foss": 0.37, "juv": 0.0, "B": 0.43, "Q": 1.45, "w": 10.84, "h": 0.14, "S": 0.02449, "elv": "Smørelva", "km": 0.5}}, {"type": "Feature", "geometry": {"type": "LineString", "coordinates": [[10.68999, 64.29512], [10.69076, 64.29429]]}, "properties": {"P": 20.79, "tau": 43.57, "tau_c": 135.14, "omega": 45.15, "M": 0.32, "D": 0.0, "R": 0.04, "sving": 0.29, "os": 0.0, "foss": 1.0, "juv": 0.0, "B": 0.43, "Q": 1.46, "w": 10.9, "h": 0.13, "S": 0.03442, "elv": "Smørelva", "km": 0.6}}, {"type": "Feature", "geometry": {"type": "LineString", "coordinates": [[10.69076, 64.29429], [10.69151, 64.29347]]}, "properties": {"P": 14.01, "tau": 57.1, "tau_c": 162.87, "omega": 66.7, "M": 0.35, "D": 0.0, "R": 0.05, "sving": 0.1, "os": 0.0, "foss": 0.72, "juv": 0.0, "B": 0.43, "Q": 1.49, "w": 10.94, "h": 0.12, "S": 0.05, "elv": "Smørelva", "km": 0.7}}, {"type": "Feature", "geometry": {"type": "LineString", "coordinates": [[10.69151, 64.29347], [10.69267, 64.29276]]}, "properties": {"P": 17.01, "tau": 63.39, "tau_c": 175.62, "omega": 77.47, "M": 0.36, "D": 0.0, "R": 0.06, "sving": 0.0, "os": 0.0, "foss": 1.0, "juv": 0.0, "B": 0.43, "Q": 1.49, "w": 10.98, "h": 0.11, "S": 0.05814, "elv": "Smørelva", "km": 0.8}}, {"type": "Feature", "geometry": {"type": "LineString", "coordinates": [[10.69267, 64.29276], [10.69353, 64.29195]]}, "properties": {"P": 17.71, "tau": 68.78, "tau_c": 186.09, "omega": 87.1, "M": 0.37, "D": 0.0, "R": 0.07, "sving": 0.04, "os": 0.0, "foss": 1.0, "juv": 0.0, "B": 0.44, "Q": 1.5, "w": 11.03, "h": 0.11, "S": 0.06527, "elv": "Smørelva", "km": 0.9}}, {"type": "Feature", "geometry": {"type": "LineString", "coordinates": [[10.69353, 64.29195], [10.69428, 64.29113]]}, "properties": {"P": 17.71, "tau": 66.16, "tau_c": 180.76, "omega": 82.42, "M": 0.37, "D": 0.03, "R": 0.06, "sving": 0.0, "os": 0.0, "foss": 1.0, "juv": 0.0, "B": 0.44, "Q": 1.51, "w": 11.05, "h": 0.11, "S": 0.06158, "elv": "Smørelva", "km": 1.0}}, {"type": "Feature", "geometry": {"type": "LineString", "coordinates": [[10.69428, 64.29113], [10.69523, 64.29033]]}, "properties": {"P": 21.73, "tau": 69.13, "tau_c": 186.21, "omega": 87.83, "M": 0.37, "D": 0.08, "R": 0.07, "sving": 0.19, "os": 0.0, "foss": 1.0, "juv": 0.0, "B": 0.44, "Q": 1.52, "w": 11.1, "h": 0.11, "S": 0.06535, "elv": "Smørelva", "km": 1.1}}, {"type": "Feature", "geometry": {"type": "LineString", "coordinates": [[10.69523, 64.29033], [10.69641, 64.28961]]}, "properties": {"P": 22.06, "tau": 55.37, "tau_c": 159.34, "omega": 63.84, "M": 0.35, "D": 0.16, "R": 0.05, "sving": 0.13, "os": 0.0, "foss": 1.0, "juv": 0.0, "B": 0.44, "Q": 1.52, "w": 11.19, "h": 0.12, "S": 0.04785, "elv": "Smørelva", "km": 1.2}}, {"type": "Feature", "geometry": {"type": "LineString", "coordinates": [[10.69641, 64.28961], [10.69807, 64.28908]]}, "properties": {"P": 18.85, "tau": 44.8, "tau_c": 134.58, "omega": 47.35, "M": 0.33, "D": 0.2, "R": 0.04, "sving": 0.16, "os": 0.0, "foss": 0.72, "juv": 0.0, "B": 0.44, "Q": 1.55, "w": 10.98, "h": 0.13, "S": 0.03414, "elv": "Smørelva", "km": 1.3}}, {"type": "Feature", "geometry": {"type": "LineString", "coordinates": [[10.69807, 64.28908], [10.6994, 64.28843]]}, "properties": {"P": 12.37, "tau": 41.17, "tau_c": 123.02, "omega": 42.29, "M": 0.33, "D": 0.15, "R": 0.04, "sving": 0.01, "os": 0.0, "foss": 0.51, "juv": 0.0, "B": 0.44, "Q": 1.63, "w": 10.76, "h": 0.15, "S": 0.02852, "elv": "Smørelva", "km": 1.4}}, {"type": "Feature", "geometry": {"type": "LineString", "coordinates": [[10.70101, 64.2879], [10.70211, 64.28718]]}, "properties": {"P": 9.4, "tau": 47.4, "tau_c": 88.99, "omega": 59.01, "M": 0.53, "D": -0.0, "R": 0.23, "sving": 0.07, "os": 0.06, "foss": 0.0, "juv": 0.0, "B": 0.53, "Q": 6.13, "w": 15.22, "h": 0.32, "S": 0.01493, "elv": "Smørelva", "km": 1.6}}, {"type": "Feature", "geometry": {"type": "LineString", "coordinates": [[10.64123, 64.30293], [10.64104, 64.30207]]}, "properties": {"P": 24.31, "tau": 136.81, "tau_c": 364.2, "omega": 216.77, "M": 0.38, "D": 0.0, "R": 0.07, "sving": 0.42, "os": 0.21, "foss": 1.0, "juv": 0.0, "B": 0.39, "Q": 0.59, "w": 7.26, "h": 0.05, "S": 0.27218, "elv": "bekk", "km": 0.0}}, {"type": "Feature", "geometry": {"type": "LineString", "coordinates": [[10.64104, 64.30207], [10.63981, 64.30139]]}, "properties": {"P": 26.03, "tau": 134.93, "tau_c": 364.2, "omega": 211.95, "M": 0.37, "D": 0.0, "R": 0.07, "sving": 0.42, "os": 0.34, "foss": 1.0, "juv": 0.0, "B": 0.39, "Q": 0.6, "w": 7.6, "h": 0.05, "S": 0.27218, "elv": "bekk", "km": 0.1}}, {"type": "Feature", "geometry": {"type": "LineString", "coordinates": [[10.83382, 64.25787], [10.83476, 64.25715]]}, "properties": {"P": 19.85, "tau": 81.19, "tau_c": 185.9, "omega": 114.33, "M": 0.44, "D": 0.0, "R": 0.12, "sving": 0.06, "os": 0.0, "foss": 1.0, "juv": 0.0, "B": 0.44, "Q": 1.69, "w": 9.44, "h": 0.13, "S": 0.06514, "elv": "Stordalsbekken", "km": 2.2}}, {"type": "Feature", "geometry": {"type": "LineString", "coordinates": [[10.89619, 64.27575], [10.89644, 64.27527]]}, "properties": {"P": 25.54, "tau": 43.61, "tau_c": 132.02, "omega": 45.58, "M": 0.33, "D": 0.01, "R": 0.04, "sving": 0.43, "os": 0.93, "foss": 1.0, "juv": 0.0, "B": 0.3, "Q": 1.62, "w": 11.47, "h": 0.14, "S": 0.03285, "elv": "Langvasselva", "km": 0.0}}, {"type": "Feature", "geometry": {"type": "LineString", "coordinates": [[10.89644, 64.27527], [10.89711, 64.27448]]}, "properties": {"P": 27.15, "tau": 43.01, "tau_c": 130.69, "omega": 44.69, "M": 0.33, "D": 0.02, "R": 0.04, "sving": 0.18, "os": 0.75, "foss": 0.72, "juv": 0.0, "B": 0.44, "Q": 1.62, "w": 11.48, "h": 0.14, "S": 0.03219, "elv": "Langvasselva", "km": 0.1}}, {"type": "Feature", "geometry": {"type": "LineString", "coordinates": [[10.89711, 64.27448], [10.89857, 64.27387]]}, "properties": {"P": 27.12, "tau": 41.47, "tau_c": 127.52, "omega": 42.39, "M": 0.33, "D": 0.04, "R": 0.04, "sving": 0.15, "os": 0.47, "foss": 1.0, "juv": 0.0, "B": 0.44, "Q": 1.63, "w": 11.54, "h": 0.14, "S": 0.03065, "elv": "Langvasselva", "km": 0.2}}, {"type": "Feature", "geometry": {"type": "LineString", "coordinates": [[10.89857, 64.27387], [10.8997, 64.27312]]}, "properties": {"P": 32.05, "tau": 39.22, "tau_c": 122.6, "omega": 39.14, "M": 0.32, "D": 0.04, "R": 0.04, "sving": 0.65, "os": 0.29, "foss": 1.0, "juv": 0.0, "B": 0.44, "Q": 1.63, "w": 11.61, "h": 0.14, "S": 0.02833, "elv": "Langvasselva", "km": 0.3}}, {"type": "Feature", "geometry": {"type": "LineString", "coordinates": [[10.8997, 64.27312], [10.89942, 64.27248]]}, "properties": {"P": 25.8, "tau": 39.81, "tau_c": 121.66, "omega": 40.21, "M": 0.33, "D": 0.02, "R": 0.04, "sving": 0.65, "os": 0.18, "foss": 0.72, "juv": 0.0, "B": 0.44, "Q": 1.72, "w": 11.68, "h": 0.15, "S": 0.0279, "elv": "Langvasselva", "km": 0.4}}, {"type": "Feature", "geometry": {"type": "LineString", "coordinates": [[10.89942, 64.27248], [10.8974, 64.2723]]}, "properties": {"P": 18.33, "tau": 39.34, "tau_c": 120.91, "omega": 39.5, "M": 0.33, "D": 0.02, "R": 0.04, "sving": 0.43, "os": 0.13, "foss": 0.51, "juv": 0.0, "B": 0.44, "Q": 1.72, "w": 11.75, "h": 0.15, "S": 0.02755, "elv": "Langvasselva", "km": 0.5}}, {"type": "Feature", "geometry": {"type": "LineString", "coordinates": [[10.8974, 64.2723], [10.89587, 64.27182]]}, "properties": {"P": 22.95, "tau": 39.09, "tau_c": 120.51, "omega": 39.13, "M": 0.32, "D": 0.02, "R": 0.04, "sving": 0.22, "os": 0.14, "foss": 1.0, "juv": 0.0, "B": 0.44, "Q": 1.72, "w": 11.83, "h": 0.15, "S": 0.02737, "elv": "Langvasselva", "km": 0.6}}, {"type": "Feature", "geometry": {"type": "LineString", "coordinates": [[10.89587, 64.27182], [10.89513, 64.27131]]}, "properties": {"P": 22.55, "tau": 37.8, "tau_c": 117.38, "omega": 37.32, "M": 0.32, "D": 0.02, "R": 0.04, "sving": 0.51, "os": 0.11, "foss": 0.72, "juv": 0.0, "B": 0.44, "Q": 1.74, "w": 11.86, "h": 0.15, "S": 0.02597, "elv": "Langvasselva", "km": 0.7}}, {"type": "Feature", "geometry": {"type": "LineString", "coordinates": [[10.89513, 64.27131], [10.89592, 64.27051]]}, "properties": {"P": 25.77, "tau": 36.3, "tau_c": 113.84, "omega": 35.23, "M": 0.32, "D": 0.01, "R": 0.04, "sving": 0.47, "os": 0.08, "foss": 1.0, "juv": 0.0, "B": 0.45, "Q": 1.75, "w": 11.89, "h": 0.15, "S": 0.02443, "elv": "Langvasselva", "km": 0.8}}, {"type": "Feature", "geometry": {"type": "LineString", "coordinates": [[10.89592, 64.27051], [10.89589, 64.26963]]}, "properties": {"P": 16.63, "tau": 41.35, "tau_c": 125.22, "omega": 42.45, "M": 0.33, "D": -0.0, "R": 0.04, "sving": 0.21, "os": 0.05, "foss": 0.72, "juv": 0.0, "B": 0.45, "Q": 1.75, "w": 11.97, "h": 0.14, "S": 0.02955, "elv": "Langvasselva", "km": 0.9}}, {"type": "Feature", "geometry": {"type": "LineString", "coordinates": [[10.89589, 64.26963], [10.89653, 64.26881]]}, "properties": {"P": 15.29, "tau": 42.77, "tau_c": 128.15, "omega": 44.58, "M": 0.33, "D": 0.01, "R": 0.04, "sving": 0.36, "os": 0.0, "foss": 0.51, "juv": 0.0, "B": 0.45, "Q": 1.77, "w": 12.04, "h": 0.14, "S": 0.03096, "elv": "Langvasselva", "km": 1.0}}, {"type": "Feature", "geometry": {"type": "LineString", "coordinates": [[10.89653, 64.26881], [10.89653, 64.26799]]}, "properties": {"P": 20.0, "tau": 46.39, "tau_c": 133.8, "omega": 50.32, "M": 0.35, "D": 0.05, "R": 0.05, "sving": 0.11, "os": 0.0, "foss": 1.0, "juv": 0.0, "B": 0.45, "Q": 1.84, "w": 12.11, "h": 0.14, "S": 0.03374, "elv": "Langvasselva", "km": 1.1}}, {"type": "Feature", "geometry": {"type": "LineString", "coordinates": [[10.89653, 64.26799], [10.89543, 64.26723]]}, "properties": {"P": 20.01, "tau": 37.3, "tau_c": 114.71, "omega": 36.78, "M": 0.33, "D": 0.1, "R": 0.04, "sving": 0.06, "os": 0.0, "foss": 1.0, "juv": 0.0, "B": 0.45, "Q": 1.84, "w": 12.19, "h": 0.15, "S": 0.0248, "elv": "Langvasselva", "km": 1.2}}, {"type": "Feature", "geometry": {"type": "LineString", "coordinates": [[10.89543, 64.26723], [10.89487, 64.26646]]}, "properties": {"P": 20.03, "tau": 33.27, "tau_c": 105.97, "omega": 31.2, "M": 0.31, "D": 0.11, "R": 0.03, "sving": 0.34, "os": 0.0, "foss": 0.72, "juv": 0.0, "B": 0.45, "Q": 1.85, "w": 12.31, "h": 0.16, "S": 0.02116, "elv": "Langvasselva", "km": 1.3}}, {"type": "Feature", "geometry": {"type": "LineString", "coordinates": [[10.89487, 64.26646], [10.89518, 64.26565]]}, "properties": {"P": 12.93, "tau": 33.66, "tau_c": 106.93, "omega": 31.72, "M": 0.31, "D": 0.07, "R": 0.03, "sving": 0.14, "os": 0.0, "foss": 0.51, "juv": 0.0, "B": 0.45, "Q": 1.88, "w": 12.52, "h": 0.16, "S": 0.02155, "elv": "Langvasselva", "km": 1.4}}, {"type": "Feature", "geometry": {"type": "LineString", "coordinates": [[10.89518, 64.26565], [10.89356, 64.26512]]}, "properties": {"P": 10.36, "tau": 32.85, "tau_c": 104.44, "omega": 30.69, "M": 0.31, "D": 0.02, "R": 0.03, "sving": 0.2, "os": 0.0, "foss": 0.37, "juv": 0.0, "B": 0.45, "Q": 1.94, "w": 12.74, "h": 0.16, "S": 0.02056, "elv": "Langvasselva", "km": 1.5}}, {"type": "Feature", "geometry": {"type": "LineString", "coordinates": [[10.89356, 64.26512], [10.89321, 64.26426]]}, "properties": {"P": 3.16, "tau": 37.11, "tau_c": 106.58, "omega": 37.28, "M": 0.35, "D": 0.0, "R": 0.05, "sving": 0.11, "os": 0.0, "foss": 0.0, "juv": 0.0, "B": 0.46, "Q": 2.18, "w": 12.29, "h": 0.18, "S": 0.02141, "elv": "Langvasselva", "km": 1.6}}, {"type": "Feature", "geometry": {"type": "LineString", "coordinates": [[10.89321, 64.26426], [10.89364, 64.26339]]}, "properties": {"P": 23.7, "tau": 43.68, "tau_c": 120.59, "omega": 47.03, "M": 0.36, "D": 0.0, "R": 0.06, "sving": 0.35, "os": 0.0, "foss": 1.0, "juv": 0.0, "B": 0.46, "Q": 2.19, "w": 12.49, "h": 0.16, "S": 0.02741, "elv": "Langvasselva", "km": 1.7}}, {"type": "Feature", "geometry": {"type": "LineString", "coordinates": [[10.89364, 64.26339], [10.89451, 64.26261]]}, "properties": {"P": 19.63, "tau": 59.4, "tau_c": 151.02, "omega": 73.01, "M": 0.39, "D": 0.0, "R": 0.08, "sving": 0.07, "os": 0.0, "foss": 1.0, "juv": 0.0, "B": 0.46, "Q": 2.19, "w": 12.66, "h": 0.14, "S": 0.04299, "elv": "Langvasselva", "km": 1.8}}, {"type": "Feature", "geometry": {"type": "LineString", "coordinates": [[10.89451, 64.26261], [10.89456, 64.26177]]}, "properties": {"P": 21.48, "tau": 67.68, "tau_c": 165.78, "omega": 88.04, "M": 0.41, "D": 0.0, "R": 0.1, "sving": 0.16, "os": 0.0, "foss": 1.0, "juv": 0.0, "B": 0.46, "Q": 2.2, "w": 12.68, "h": 0.13, "S": 0.0518, "elv": "Langvasselva", "km": 1.9}}, {"type": "Feature", "geometry": {"type": "LineString", "coordinates": [[10.89456, 64.26177], [10.89456, 64.26087]]}, "properties": {"P": 21.17, "tau": 70.52, "tau_c": 170.58, "omega": 93.41, "M": 0.41, "D": 0.0, "R": 0.1, "sving": 0.13, "os": 0.0, "foss": 1.0, "juv": 0.0, "B": 0.46, "Q": 2.2, "w": 12.69, "h": 0.13, "S": 0.05485, "elv": "Langvasselva", "km": 2.0}}, {"type": "Feature", "geometry": {"type": "LineString", "coordinates": [[10.89456, 64.26087], [10.89569, 64.26021]]}, "properties": {"P": 23.57, "tau": 70.48, "tau_c": 174.67, "omega": 92.72, "M": 0.4, "D": 0.0, "R": 0.09, "sving": 0.29, "os": 0.0, "foss": 1.0, "juv": 0.0, "B": 0.46, "Q": 2.21, "w": 13.44, "h": 0.12, "S": 0.05751, "elv": "Langvasselva", "km": 2.1}}, {"type": "Feature", "geometry": {"type": "LineString", "coordinates": [[10.89569, 64.26021], [10.89712, 64.2596]]}, "properties": {"P": 25.44, "tau": 72.9, "tau_c": 179.14, "omega": 97.28, "M": 0.41, "D": 0.0, "R": 0.09, "sving": 0.4, "os": 0.0, "foss": 1.0, "juv": 0.0, "B": 0.46, "Q": 2.22, "w": 13.52, "h": 0.12, "S": 0.06049, "elv": "Langvasselva", "km": 2.2}}, {"type": "Feature", "geometry": {"type": "LineString", "coordinates": [[10.84471, 64.26211], [10.84294, 64.26171]]}, "properties": {"P": 12.19, "tau": 52.27, "tau_c": 164.61, "omega": 57.32, "M": 0.32, "D": 0.02, "R": 0.04, "sving": 0.16, "os": 0.0, "foss": 1.0, "juv": 0.0, "B": 0.28, "Q": 1.07, "w": 9.32, "h": 0.1, "S": 0.05107, "elv": "Skånelva", "km": 0.0}}, {"type": "Feature", "geometry": {"type": "LineString", "coordinates": [[10.84294, 64.26171], [10.84097, 64.26147]]}, "properties": {"P": 21.05, "tau": 48.92, "tau_c": 157.1, "omega": 52.12, "M": 0.31, "D": 0.03, "R": 0.03, "sving": 0.35, "os": 0.0, "foss": 1.0, "juv": 0.0, "B": 0.41, "Q": 1.07, "w": 9.35, "h": 0.11, "S": 0.04652, "elv": "Skånelva", "km": 0.1}}, {"type": "Feature", "geometry": {"type": "LineString", "coordinates": [[10.84097, 64.26147], [10.83943, 64.26091]]}, "properties": {"P": 18.68, "tau": 46.2, "tau_c": 149.44, "omega": 48.15, "M": 0.31, "D": 0.03, "R": 0.03, "sving": 0.13, "os": 0.06, "foss": 1.0, "juv": 0.0, "B": 0.41, "Q": 1.09, "w": 9.38, "h": 0.11, "S": 0.04209, "elv": "Skånelva", "km": 0.2}}, {"type": "Feature", "geometry": {"type": "LineString", "coordinates": [[10.83943, 64.26091], [10.83873, 64.26019]]}, "properties": {"P": 21.28, "tau": 49.44, "tau_c": 156.66, "omega": 53.09, "M": 0.32, "D": 0.01, "R": 0.03, "sving": 0.29, "os": 0.09, "foss": 1.0, "juv": 0.0, "B": 0.42, "Q": 1.1, "w": 9.42, "h": 0.11, "S": 0.04626, "elv": "Skånelva", "km": 0.3}}, {"type": "Feature", "geometry": {"type": "LineString", "coordinates": [[10.83873, 64.26019], [10.83743, 64.25958]]}, "properties": {"P": 15.33, "tau": 54.83, "tau_c": 169.11, "omega": 61.54, "M": 0.32, "D": 0.04, "R": 0.04, "sving": 0.08, "os": 0.13, "foss": 0.72, "juv": 0.0, "B": 0.42, "Q": 1.1, "w": 9.48, "h": 0.1, "S": 0.0539, "elv": "Skånelva", "km": 0.4}}, {"type": "Feature", "geometry": {"type": "LineString", "coordinates": [[10.83743, 64.25958], [10.8365, 64.2589]]}, "properties": {"P": 24.88, "tau": 45.45, "tau_c": 149.48, "omega": 46.89, "M": 0.3, "D": 0.09, "R": 0.03, "sving": 0.31, "os": 0.21, "foss": 1.0, "juv": 0.0, "B": 0.42, "Q": 1.11, "w": 9.82, "h": 0.11, "S": 0.04211, "elv": "Skånelva", "km": 0.5}}, {"type": "Feature", "geometry": {"type": "LineString", "coordinates": [[10.83527, 64.25823], [10.83611, 64.25744]]}, "properties": {"P": 22.21, "tau": 39.42, "tau_c": 122.55, "omega": 39.42, "M": 0.32, "D": 0.09, "R": 0.04, "sving": 0.03, "os": 0.5, "foss": 0.72, "juv": 0.0, "B": 0.44, "Q": 1.52, "w": 10.73, "h": 0.14, "S": 0.02831, "elv": "Skånelva", "km": 0.7}}, {"type": "Feature", "geometry": {"type": "LineString", "coordinates": [[10.83611, 64.25744], [10.83461, 64.2569]]}, "properties": {"P": 25.25, "tau": 38.78, "tau_c": 117.98, "omega": 38.82, "M": 0.33, "D": 0.11, "R": 0.04, "sving": 0.2, "os": 0.68, "foss": 0.51, "juv": 0.0, "B": 0.44, "Q": 1.69, "w": 11.19, "h": 0.15, "S": 0.02623, "elv": "Skånelva", "km": 0.8}}, {"type": "Feature", "geometry": {"type": "LineString", "coordinates": [[10.83461, 64.2569], [10.83347, 64.25619]]}, "properties": {"P": 25.21, "tau": 31.74, "tau_c": 103.42, "omega": 29.05, "M": 0.31, "D": 0.15, "R": 0.03, "sving": 0.07, "os": 0.91, "foss": 0.37, "juv": 0.0, "B": 0.44, "Q": 1.71, "w": 11.65, "h": 0.16, "S": 0.02016, "elv": "Skånelva", "km": 0.9}}, {"type": "Feature", "geometry": {"type": "LineString", "coordinates": [[10.71231, 64.36851], [10.71171, 64.36936]]}, "properties": {"P": 15.86, "tau": 104.13, "tau_c": 342.08, "omega": 142.26, "M": 0.3, "D": 0.0, "R": 0.03, "sving": 0.23, "os": 0.0, "foss": 1.0, "juv": 0.0, "B": 0.35, "Q": 0.39, "w": 6.0, "h": 0.05, "S": 0.22056, "elv": "bekk", "km": 2.5}}, {"type": "Feature", "geometry": {"type": "LineString", "coordinates": [[10.71171, 64.36936], [10.71148, 64.37021]]}, "properties": {"P": 15.28, "tau": 100.05, "tau_c": 315.56, "omega": 136.54, "M": 0.32, "D": 0.0, "R": 0.03, "sving": 0.15, "os": 0.0, "foss": 1.0, "juv": 0.0, "B": 0.36, "Q": 0.45, "w": 6.0, "h": 0.05, "S": 0.18769, "elv": "bekk", "km": 2.6}}, {"type": "Feature", "geometry": {"type": "LineString", "coordinates": [[10.81136, 64.43799], [10.80958, 64.43753]]}, "properties": {"P": 18.54, "tau": 54.61, "tau_c": 180.97, "omega": 59.74, "M": 0.3, "D": -0.0, "R": 0.03, "sving": 0.28, "os": 0.0, "foss": 1.0, "juv": 0.0, "B": 0.39, "Q": 0.79, "w": 8.0, "h": 0.09, "S": 0.06173, "elv": "bekk", "km": 3.2}}, {"type": "Feature", "geometry": {"type": "LineString", "coordinates": [[10.80958, 64.43753], [10.80875, 64.43678]]}, "properties": {"P": 21.08, "tau": 63.32, "tau_c": 201.65, "omega": 73.83, "M": 0.31, "D": -0.0, "R": 0.03, "sving": 0.45, "os": 0.0, "foss": 1.0, "juv": 0.0, "B": 0.39, "Q": 0.79, "w": 8.04, "h": 0.08, "S": 0.07664, "elv": "bekk", "km": 3.3}}, {"type": "Feature", "geometry": {"type": "LineString", "coordinates": [[10.76686, 64.32845], [10.76825, 64.3291]]}, "properties": {"P": 13.45, "tau": 61.56, "tau_c": 194.68, "omega": 71.18, "M": 0.32, "D": 0.0, "R": 0.03, "sving": 0.05, "os": 0.0, "foss": 0.72, "juv": 0.0, "B": 0.46, "Q": 0.79, "w": 7.75, "h": 0.09, "S": 0.07144, "elv": "Indre Trollengelva", "km": 1.0}}, {"type": "Feature", "geometry": {"type": "LineString", "coordinates": [[10.76825, 64.3291], [10.76983, 64.32968]]}, "properties": {"P": 19.41, "tau": 68.93, "tau_c": 214.57, "omega": 83.35, "M": 0.32, "D": 0.0, "R": 0.04, "sving": 0.13, "os": 0.0, "foss": 1.0, "juv": 0.0, "B": 0.46, "Q": 0.79, "w": 8.04, "h": 0.08, "S": 0.08678, "elv": "Indre Trollengelva", "km": 1.1}}, {"type": "Feature", "geometry": {"type": "LineString", "coordinates": [[10.76983, 64.32968], [10.77143, 64.33024]]}, "properties": {"P": 19.2, "tau": 66.55, "tau_c": 212.42, "omega": 78.91, "M": 0.31, "D": 0.0, "R": 0.03, "sving": 0.12, "os": 0.0, "foss": 1.0, "juv": 0.0, "B": 0.46, "Q": 0.79, "w": 8.33, "h": 0.08, "S": 0.08504, "elv": "Indre Trollengelva", "km": 1.2}}, {"type": "Feature", "geometry": {"type": "LineString", "coordinates": [[10.77143, 64.33024], [10.77298, 64.33082]]}, "properties": {"P": 21.33, "tau": 83.44, "tau_c": 231.09, "omega": 111.82, "M": 0.36, "D": 0.0, "R": 0.06, "sving": 0.16, "os": 0.0, "foss": 1.0, "juv": 0.0, "B": 0.48, "Q": 0.96, "w": 8.52, "h": 0.08, "S": 0.10066, "elv": "Indre Trollengelva", "km": 1.3}}, {"type": "Feature", "geometry": {"type": "LineString", "coordinates": [[10.77298, 64.33082], [10.7738, 64.33162]]}, "properties": {"P": 19.73, "tau": 85.25, "tau_c": 236.92, "omega": 115.0, "M": 0.36, "D": 0.01, "R": 0.06, "sving": 0.06, "os": 0.0, "foss": 1.0, "juv": 0.0, "B": 0.48, "Q": 0.97, "w": 8.74, "h": 0.08, "S": 0.10579, "elv": "Indre Trollengelva", "km": 1.4}}, {"type": "Feature", "geometry": {"type": "LineString", "coordinates": [[10.7738, 64.33162], [10.77465, 64.33242]]}, "properties": {"P": 22.64, "tau": 77.3, "tau_c": 221.8, "omega": 99.85, "M": 0.35, "D": 0.04, "R": 0.05, "sving": 0.19, "os": 0.0, "foss": 1.0, "juv": 0.0, "B": 0.48, "Q": 0.98, "w": 8.97, "h": 0.08, "S": 0.09273, "elv": "Indre Trollengelva", "km": 1.5}}, {"type": "Feature", "geometry": {"type": "LineString", "coordinates": [[10.77465, 64.33242], [10.776, 64.33307]]}, "properties": {"P": 25.52, "tau": 80.45, "tau_c": 225.18, "omega": 106.17, "M": 0.36, "D": 0.08, "R": 0.06, "sving": 0.29, "os": 0.0, "foss": 1.0, "juv": 0.0, "B": 0.48, "Q": 1.02, "w": 9.02, "h": 0.09, "S": 0.09557, "elv": "Indre Trollengelva", "km": 1.6}}, {"type": "Feature", "geometry": {"type": "LineString", "coordinates": [[10.776, 64.33307], [10.77768, 64.33322]]}, "properties": {"P": 18.32, "tau": 66.23, "tau_c": 196.13, "omega": 80.32, "M": 0.34, "D": 0.17, "R": 0.05, "sving": 0.05, "os": 0.0, "foss": 0.72, "juv": 0.0, "B": 0.48, "Q": 1.03, "w": 9.08, "h": 0.09, "S": 0.0725, "elv": "Indre Trollengelva", "km": 1.7}}, {"type": "Feature", "geometry": {"type": "LineString", "coordinates": [[10.77768, 64.33322], [10.77959, 64.33354]]}, "properties": {"P": 27.64, "tau": 59.25, "tau_c": 181.96, "omega": 68.39, "M": 0.33, "D": 0.2, "R": 0.04, "sving": 0.28, "os": 0.0, "foss": 1.0, "juv": 0.0, "B": 0.48, "Q": 1.03, "w": 9.2, "h": 0.1, "S": 0.06241, "elv": "Indre Trollengelva", "km": 1.8}}, {"type": "Feature", "geometry": {"type": "LineString", "coordinates": [[10.78062, 64.33425], [10.78227, 64.33432]]}, "properties": {"P": 22.14, "tau": 43.48, "tau_c": 141.68, "omega": 44.27, "M": 0.31, "D": 0.13, "R": 0.03, "sving": 0.33, "os": 0.0, "foss": 0.72, "juv": 0.0, "B": 0.49, "Q": 1.12, "w": 9.43, "h": 0.12, "S": 0.03784, "elv": "Indre Trollengelva", "km": 2.0}}, {"type": "Feature", "geometry": {"type": "LineString", "coordinates": [[10.78227, 64.33432], [10.78386, 64.33486]]}, "properties": {"P": 21.8, "tau": 43.56, "tau_c": 141.68, "omega": 44.4, "M": 0.31, "D": 0.12, "R": 0.03, "sving": 0.52, "os": 0.0, "foss": 0.51, "juv": 0.0, "B": 0.49, "Q": 1.14, "w": 9.55, "h": 0.12, "S": 0.03784, "elv": "Indre Trollengelva", "km": 2.1}}, {"type": "Feature", "geometry": {"type": "LineString", "coordinates": [[10.76313, 64.34472], [10.76153, 64.34528]]}, "properties": {"P": 3.18, "tau": 27.32, "tau_c": 90.33, "omega": 23.6, "M": 0.3, "D": 0.0, "R": 0.03, "sving": 0.12, "os": 0.0, "foss": 0.0, "juv": 0.0, "B": 0.53, "Q": 1.75, "w": 11.2, "h": 0.18, "S": 0.01538, "elv": "Indre Trollengelva", "km": 3.9}}, {"type": "Feature", "geometry": {"type": "LineString", "coordinates": [[10.76153, 64.34528], [10.7602, 64.34593]]}, "properties": {"P": 2.21, "tau": 39.34, "tau_c": 116.7, "omega": 39.88, "M": 0.34, "D": 0.0, "R": 0.05, "sving": 0.04, "os": 0.0, "foss": 0.0, "juv": 0.0, "B": 0.53, "Q": 1.76, "w": 11.1, "h": 0.16, "S": 0.02567, "elv": "Indre Trollengelva", "km": 4.0}}, {"type": "Feature", "geometry": {"type": "LineString", "coordinates": [[10.7602, 64.34593], [10.75876, 64.34658]]}, "properties": {"P": 20.9, "tau": 51.15, "tau_c": 141.04, "omega": 58.12, "M": 0.36, "D": 0.0, "R": 0.06, "sving": 0.01, "os": 0.0, "foss": 1.0, "juv": 0.0, "B": 0.53, "Q": 1.77, "w": 11.17, "h": 0.14, "S": 0.03749, "elv": "Indre Trollengelva", "km": 4.1}}, {"type": "Feature", "geometry": {"type": "LineString", "coordinates": [[10.75876, 64.34658], [10.75726, 64.34719]]}, "properties": {"P": 23.91, "tau": 74.85, "tau_c": 184.93, "omega": 100.4, "M": 0.4, "D": 0.0, "R": 0.09, "sving": 0.05, "os": 0.07, "foss": 1.0, "juv": 0.0, "B": 0.53, "Q": 1.78, "w": 11.19, "h": 0.12, "S": 0.06446, "elv": "Indre Trollengelva", "km": 4.2}}, {"type": "Feature", "geometry": {"type": "LineString", "coordinates": [[10.75726, 64.34719], [10.75569, 64.34777]]}, "properties": {"P": 26.81, "tau": 90.23, "tau_c": 211.43, "omega": 131.23, "M": 0.43, "D": 0.0, "R": 0.11, "sving": 0.13, "os": 0.11, "foss": 1.0, "juv": 0.0, "B": 0.53, "Q": 1.78, "w": 11.21, "h": 0.11, "S": 0.08425, "elv": "Indre Trollengelva", "km": 4.3}}, {"type": "Feature", "geometry": {"type": "LineString", "coordinates": [[10.75569, 64.34777], [10.75413, 64.34836]]}, "properties": {"P": 27.8, "tau": 102.88, "tau_c": 241.22, "omega": 156.7, "M": 0.43, "D": 0.0, "R": 0.11, "sving": 0.11, "os": 0.17, "foss": 1.0, "juv": 0.0, "B": 0.53, "Q": 1.78, "w": 12.24, "h": 0.1, "S": 0.10967, "elv": "Indre Trollengelva", "km": 4.4}}, {"type": "Feature", "geometry": {"type": "LineString", "coordinates": [[10.75413, 64.34836], [10.75231, 64.34875]]}, "properties": {"P": 28.92, "tau": 101.34, "tau_c": 247.14, "omega": 151.79, "M": 0.41, "D": 0.0, "R": 0.1, "sving": 0.09, "os": 0.28, "foss": 1.0, "juv": 0.0, "B": 0.53, "Q": 1.78, "w": 13.26, "h": 0.09, "S": 0.11512, "elv": "Indre Trollengelva", "km": 4.5}}, {"type": "Feature", "geometry": {"type": "LineString", "coordinates": [[10.75231, 64.34875], [10.75049, 64.34914]]}, "properties": {"P": 39.65, "tau": 140.59, "tau_c": 261.08, "omega": 256.76, "M": 0.54, "D": 0.0, "R": 0.23, "sving": 0.13, "os": 0.45, "foss": 1.0, "juv": 0.0, "B": 0.57, "Q": 2.83, "w": 13.89, "h": 0.11, "S": 0.12847, "elv": "Indre Trollengelva", "km": 4.6}}, {"type": "Feature", "geometry": {"type": "LineString", "coordinates": [[10.75134, 64.34949], [10.75328, 64.34981]]}, "properties": {"P": 36.73, "tau": 57.73, "tau_c": 132.94, "omega": 72.4, "M": 0.43, "D": 0.0, "R": 0.12, "sving": 0.02, "os": 0.73, "foss": 0.51, "juv": 0.0, "B": 0.71, "Q": 2.83, "w": 12.79, "h": 0.18, "S": 0.03331, "elv": "Skjellåa", "km": 2.4}}, {"type": "Feature", "geometry": {"type": "LineString", "coordinates": [[10.75328, 64.34981], [10.75512, 64.35022]]}, "properties": {"P": 42.26, "tau": 65.39, "tau_c": 151.0, "omega": 85.7, "M": 0.43, "D": 0.0, "R": 0.12, "sving": 0.04, "os": 0.44, "foss": 1.0, "juv": 0.0, "B": 0.71, "Q": 2.85, "w": 14.0, "h": 0.16, "S": 0.04297, "elv": "Skjellåa", "km": 2.5}}, {"type": "Feature", "geometry": {"type": "LineString", "coordinates": [[10.75512, 64.35022], [10.75694, 64.35064]]}, "properties": {"P": 30.58, "tau": 49.03, "tau_c": 127.05, "omega": 56.19, "M": 0.39, "D": 0.0, "R": 0.08, "sving": 0.1, "os": 0.27, "foss": 0.72, "juv": 0.0, "B": 0.71, "Q": 2.87, "w": 15.23, "h": 0.16, "S": 0.03042, "elv": "Skjellåa", "km": 2.6}}, {"type": "Feature", "geometry": {"type": "LineString", "coordinates": [[10.75694, 64.35064], [10.75875, 64.35108]]}, "properties": {"P": 33.44, "tau": 57.87, "tau_c": 143.21, "omega": 71.25, "M": 0.4, "D": 0.0, "R": 0.09, "sving": 0.01, "os": 0.16, "foss": 1.0, "juv": 0.0, "B": 0.71, "Q": 2.87, "w": 15.28, "h": 0.15, "S": 0.03866, "elv": "Skjellåa", "km": 2.7}}, {"type": "Feature", "geometry": {"type": "LineString", "coordinates": [[10.75875, 64.35108], [10.76044, 64.35159]]}, "properties": {"P": 26.04, "tau": 67.11, "tau_c": 158.68, "omega": 88.22, "M": 0.42, "D": 0.0, "R": 0.11, "sving": 0.04, "os": 0.1, "foss": 0.72, "juv": 0.0, "B": 0.71, "Q": 2.91, "w": 15.33, "h": 0.14, "S": 0.04746, "elv": "Skjellåa", "km": 2.8}}, {"type": "Feature", "geometry": {"type": "LineString", "coordinates": [[10.76044, 64.35159], [10.76225, 64.35202]]}, "properties": {"P": 31.98, "tau": 53.26, "tau_c": 134.44, "omega": 63.35, "M": 0.4, "D": 0.04, "R": 0.09, "sving": 0.01, "os": 0.06, "foss": 1.0, "juv": 0.0, "B": 0.71, "Q": 2.92, "w": 15.39, "h": 0.16, "S": 0.03407, "elv": "Skjellåa", "km": 2.9}}, {"type": "Feature", "geometry": {"type": "LineString", "coordinates": [[10.76225, 64.35202], [10.76416, 64.35237]]}, "properties": {"P": 35.05, "tau": 59.89, "tau_c": 145.76, "omega": 75.02, "M": 0.41, "D": 0.04, "R": 0.1, "sving": 0.09, "os": 0.07, "foss": 1.0, "juv": 0.0, "B": 0.71, "Q": 2.95, "w": 15.47, "h": 0.15, "S": 0.04004, "elv": "Skjellåa", "km": 3.0}}, {"type": "Feature", "geometry": {"type": "LineString", "coordinates": [[10.76416, 64.35237], [10.76594, 64.35282]]}, "properties": {"P": 27.56, "tau": 50.63, "tau_c": 129.05, "omega": 58.99, "M": 0.39, "D": 0.07, "R": 0.08, "sving": 0.03, "os": 0.12, "foss": 0.72, "juv": 0.0, "B": 0.71, "Q": 2.97, "w": 15.53, "h": 0.16, "S": 0.03139, "elv": "Skjellåa", "km": 3.1}}, {"type": "Feature", "geometry": {"type": "LineString", "coordinates": [[10.76594, 64.35282], [10.76788, 64.35313]]}, "properties": {"P": 35.76, "tau": 56.09, "tau_c": 138.41, "omega": 68.4, "M": 0.41, "D": 0.05, "R": 0.09, "sving": 0.0, "os": 0.19, "foss": 1.0, "juv": 0.0, "B": 0.72, "Q": 3.01, "w": 15.6, "h": 0.16, "S": 0.03611, "elv": "Skjellåa", "km": 3.2}}, {"type": "Feature", "geometry": {"type": "LineString", "coordinates": [[10.76788, 64.35313], [10.76975, 64.35349]]}, "properties": {"P": 33.9, "tau": 52.14, "tau_c": 131.68, "omega": 61.56, "M": 0.4, "D": 0.08, "R": 0.09, "sving": 0.05, "os": 0.32, "foss": 0.72, "juv": 0.0, "B": 0.72, "Q": 3.02, "w": 15.74, "h": 0.16, "S": 0.03268, "elv": "Skjellåa", "km": 3.3}}, {"type": "Feature", "geometry": {"type": "LineString", "coordinates": [[10.76975, 64.35349], [10.77166, 64.35383]]}, "properties": {"P": 32.81, "tau": 42.48, "tau_c": 113.39, "omega": 45.93, "M": 0.37, "D": 0.07, "R": 0.07, "sving": 0.05, "os": 0.52, "foss": 0.51, "juv": 0.0, "B": 0.72, "Q": 3.07, "w": 15.87, "h": 0.18, "S": 0.02423, "elv": "Skjellåa", "km": 3.4}}, {"type": "Feature", "geometry": {"type": "LineString", "coordinates": [[10.77166, 64.35383], [10.77354, 64.35415]]}, "properties": {"P": 36.96, "tau": 44.97, "tau_c": 116.06, "omega": 50.12, "M": 0.39, "D": 0.04, "R": 0.08, "sving": 0.05, "os": 0.84, "foss": 0.37, "juv": 0.0, "B": 0.72, "Q": 3.22, "w": 15.99, "h": 0.18, "S": 0.02539, "elv": "Skjellåa", "km": 3.5}}, {"type": "Feature", "geometry": {"type": "LineString", "coordinates": [[10.77354, 64.35415], [10.77532, 64.35458]]}, "properties": {"P": 22.9, "tau": 49.39, "tau_c": 124.2, "omega": 57.32, "M": 0.4, "D": 0.01, "R": 0.09, "sving": 0.03, "os": 0.71, "foss": 0.0, "juv": 0.0, "B": 0.72, "Q": 3.24, "w": 16.12, "h": 0.17, "S": 0.02907, "elv": "Skjellåa", "km": 3.6}}, {"type": "Feature", "geometry": {"type": "LineString", "coordinates": [[10.77532, 64.35458], [10.77727, 64.35483]]}, "properties": {"P": 15.46, "tau": 53.95, "tau_c": 132.68, "omega": 65.02, "M": 0.41, "D": 0.0, "R": 0.09, "sving": 0.01, "os": 0.44, "foss": 0.0, "juv": 0.0, "B": 0.72, "Q": 3.24, "w": 16.23, "h": 0.17, "S": 0.03318, "elv": "Skjellåa", "km": 3.7}}, {"type": "Feature", "geometry": {"type": "LineString", "coordinates": [[10.77727, 64.35483], [10.77912, 64.35523]]}, "properties": {"P": 37.79, "tau": 52.7, "tau_c": 130.14, "omega": 62.91, "M": 0.4, "D": 0.0, "R": 0.09, "sving": 0.05, "os": 0.27, "foss": 1.0, "juv": 0.0, "B": 0.72, "Q": 3.27, "w": 16.27, "h": 0.17, "S": 0.03192, "elv": "Skjellåa", "km": 3.8}}, {"type": "Feature", "geometry": {"type": "LineString", "coordinates": [[10.77912, 64.35523], [10.78094, 64.35553]]}, "properties": {"P": 40.12, "tau": 60.2, "tau_c": 142.98, "omega": 76.17, "M": 0.42, "D": 0.0, "R": 0.11, "sving": 0.22, "os": 0.16, "foss": 1.0, "juv": 0.0, "B": 0.72, "Q": 3.29, "w": 16.31, "h": 0.16, "S": 0.03853, "elv": "Skjellåa", "km": 3.9}}, {"type": "Feature", "geometry": {"type": "LineString", "coordinates": [[10.78094, 64.35553], [10.78251, 64.35579]]}, "properties": {"P": 28.99, "tau": 58.18, "tau_c": 139.52, "omega": 72.53, "M": 0.42, "D": 0.04, "R": 0.1, "sving": 0.08, "os": 0.1, "foss": 0.72, "juv": 0.0, "B": 0.72, "Q": 3.3, "w": 16.37, "h": 0.16, "S": 0.03669, "elv": "Skjellåa", "km": 4.0}}, {"type": "Feature", "geometry": {"type": "LineString", "coordinates": [[10.78251, 64.35579], [10.78378, 64.35647]]}, "properties": {"P": 36.15, "tau": 53.85, "tau_c": 131.62, "omega": 64.97, "M": 0.41, "D": 0.07, "R": 0.1, "sving": 0.08, "os": 0.07, "foss": 1.0, "juv": 0.0, "B": 0.72, "Q": 3.33, "w": 16.42, "h": 0.17, "S": 0.03265, "elv": "Skjellåa", "km": 4.1}}, {"type": "Feature", "geometry": {"type": "LineString", "coordinates": [[10.78378, 64.35647], [10.78528, 64.35699]]}, "properties": {"P": 24.95, "tau": 44.17, "tau_c": 114.02, "omega": 48.93, "M": 0.39, "D": 0.07, "R": 0.08, "sving": 0.03, "os": 0.0, "foss": 0.72, "juv": 0.0, "B": 0.73, "Q": 3.35, "w": 16.47, "h": 0.18, "S": 0.0245, "elv": "Skjellåa", "km": 4.2}}, {"type": "Feature", "geometry": {"type": "LineString", "coordinates": [[10.78528, 64.35699], [10.78701, 64.35749]]}, "properties": {"P": 19.55, "tau": 48.73, "tau_c": 122.39, "omega": 56.34, "M": 0.4, "D": 0.03, "R": 0.09, "sving": 0.06, "os": 0.0, "foss": 0.51, "juv": 0.0, "B": 0.73, "Q": 3.37, "w": 16.56, "h": 0.18, "S": 0.02823, "elv": "Skjellåa", "km": 4.3}}, {"type": "Feature", "geometry": {"type": "LineString", "coordinates": [[10.78701, 64.35749], [10.78884, 64.35786]]}, "properties": {"P": 14.45, "tau": 56.5, "tau_c": 136.03, "omega": 69.65, "M": 0.42, "D": 0.0, "R": 0.1, "sving": 0.02, "os": 0.0, "foss": 0.37, "juv": 0.0, "B": 0.73, "Q": 3.39, "w": 16.64, "h": 0.17, "S": 0.03488, "elv": "Skjellåa", "km": 4.4}}, {"type": "Feature", "geometry": {"type": "LineString", "coordinates": [[10.78884, 64.35786], [10.79038, 64.35845]]}, "properties": {"P": 30.03, "tau": 43.48, "tau_c": 111.57, "omega": 48.01, "M": 0.39, "D": 0.0, "R": 0.08, "sving": 0.03, "os": 0.0, "foss": 1.0, "juv": 0.0, "B": 0.73, "Q": 3.49, "w": 16.72, "h": 0.19, "S": 0.02346, "elv": "Skjellåa", "km": 4.5}}, {"type": "Feature", "geometry": {"type": "LineString", "coordinates": [[10.79038, 64.35845], [10.79206, 64.35898]]}, "properties": {"P": 31.36, "tau": 58.77, "tau_c": 138.59, "omega": 73.92, "M": 0.42, "D": 0.0, "R": 0.11, "sving": 0.03, "os": 0.0, "foss": 1.0, "juv": 0.0, "B": 0.73, "Q": 3.5, "w": 16.79, "h": 0.17, "S": 0.0362, "elv": "Skjellåa", "km": 4.6}}, {"type": "Feature", "geometry": {"type": "LineString", "coordinates": [[10.79206, 64.35898], [10.79371, 64.35952]]}, "properties": {"P": 28.41, "tau": 58.78, "tau_c": 138.59, "omega": 73.96, "M": 0.42, "D": 0.0, "R": 0.11, "sving": 0.2, "os": 0.0, "foss": 0.72, "juv": 0.0, "B": 0.73, "Q": 3.51, "w": 16.86, "h": 0.17, "S": 0.0362, "elv": "Skjellåa", "km": 4.7}}, {"type": "Feature", "geometry": {"type": "LineString", "coordinates": [[10.79371, 64.35952], [10.79561, 64.35983]]}, "properties": {"P": 33.53, "tau": 77.68, "tau_c": 169.06, "omega": 110.32, "M": 0.46, "D": 0.0, "R": 0.14, "sving": 0.06, "os": 0.0, "foss": 1.0, "juv": 0.0, "B": 0.73, "Q": 3.52, "w": 16.88, "h": 0.15, "S": 0.05387, "elv": "Skjellåa", "km": 4.8}}, {"type": "Feature", "geometry": {"type": "LineString", "coordinates": [[10.79561, 64.35983], [10.79761, 64.36]]}, "properties": {"P": 28.27, "tau": 70.35, "tau_c": 157.47, "omega": 95.7, "M": 0.45, "D": 0.02, "R": 0.13, "sving": 0.14, "os": 0.0, "foss": 0.72, "juv": 0.0, "B": 0.73, "Q": 3.53, "w": 16.9, "h": 0.15, "S": 0.04674, "elv": "Skjellåa", "km": 4.9}}, {"type": "Feature", "geometry": {"type": "LineString", "coordinates": [[10.79761, 64.36], [10.79945, 64.36041]]}, "properties": {"P": 37.42, "tau": 67.03, "tau_c": 152.14, "omega": 89.31, "M": 0.44, "D": 0.05, "R": 0.12, "sving": 0.17, "os": 0.0, "foss": 1.0, "juv": 0.0, "B": 0.73, "Q": 3.53, "w": 16.94, "h": 0.16, "S": 0.04363, "elv": "Skjellåa", "km": 5.0}}, {"type": "Feature", "geometry": {"type": "LineString", "coordinates": [[10.79945, 64.36041], [10.8014, 64.36065]]}, "properties": {"P": 42.07, "tau": 70.36, "tau_c": 157.55, "omega": 95.73, "M": 0.45, "D": 0.07, "R": 0.13, "sving": 0.6, "os": 0.0, "foss": 0.72, "juv": 0.0, "B": 0.73, "Q": 3.54, "w": 16.98, "h": 0.15, "S": 0.04678, "elv": "Skjellåa", "km": 5.1}}, {"type": "Feature", "geometry": {"type": "LineString", "coordinates": [[10.8014, 64.36065], [10.80279, 64.36131]]}, "properties": {"P": 55.32, "tau": 56.61, "tau_c": 134.4, "omega": 70.16, "M": 0.42, "D": 0.13, "R": 0.11, "sving": 0.78, "os": 0.0, "foss": 1.0, "juv": 0.0, "B": 0.73, "Q": 3.58, "w": 17.03, "h": 0.17, "S": 0.03405, "elv": "Skjellåa", "km": 5.2}}, {"type": "Feature", "geometry": {"type": "LineString", "coordinates": [[10.80279, 64.36131], [10.80242, 64.36203]]}, "properties": {"P": 51.21, "tau": 58.33, "tau_c": 136.79, "omega": 73.32, "M": 0.43, "D": 0.18, "R": 0.11, "sving": 0.83, "os": 0.0, "foss": 0.72, "juv": 0.0, "B": 0.73, "Q": 3.62, "w": 17.07, "h": 0.17, "S": 0.03527, "elv": "Skjellåa", "km": 5.3}}, {"type": "Feature", "geometry": {"type": "LineString", "coordinates": [[10.80242, 64.36203], [10.80072, 64.36253]]}, "properties": {"P": 41.67, "tau": 36.13, "tau_c": 97.09, "omega": 36.89, "M": 0.37, "D": 0.3, "R": 0.07, "sving": 0.58, "os": 0.0, "foss": 0.51, "juv": 0.0, "B": 0.73, "Q": 3.62, "w": 17.12, "h": 0.21, "S": 0.01777, "elv": "Skjellåa", "km": 5.4}}, {"type": "Feature", "geometry": {"type": "LineString", "coordinates": [[10.80072, 64.36253], [10.79907, 64.36307]]}, "properties": {"P": 27.13, "tau": 29.54, "tau_c": 84.06, "omega": 27.63, "M": 0.35, "D": 0.33, "R": 0.05, "sving": 0.15, "os": 0.0, "foss": 0.37, "juv": 0.0, "B": 0.73, "Q": 3.63, "w": 17.16, "h": 0.23, "S": 0.01332, "elv": "Skjellåa", "km": 5.5}}, {"type": "Feature", "geometry": {"type": "LineString", "coordinates": [[10.79907, 64.36307], [10.79759, 64.3637]]}, "properties": {"P": 17.57, "tau": 20.37, "tau_c": 64.37, "omega": 16.21, "M": 0.32, "D": 0.36, "R": 0.03, "sving": 0.14, "os": 0.0, "foss": 0.0, "juv": 0.0, "B": 0.73, "Q": 3.64, "w": 17.19, "h": 0.27, "S": 0.00781, "elv": "Skjellåa", "km": 5.6}}, {"type": "Feature", "geometry": {"type": "LineString", "coordinates": [[10.7874, 64.37142], [10.78615, 64.3721]]}, "properties": {"P": 2.01, "tau": 16.69, "tau_c": 55.24, "omega": 12.21, "M": 0.3, "D": 0.0, "R": 0.03, "sving": 0.03, "os": 0.0, "foss": 0.0, "juv": 0.0, "B": 0.74, "Q": 3.81, "w": 17.58, "h": 0.3, "S": 0.00575, "elv": "Skjellåa", "km": 6.7}}, {"type": "Feature", "geometry": {"type": "LineString", "coordinates": [[10.78615, 64.3721], [10.78506, 64.37287]]}, "properties": {"P": 4.14, "tau": 18.8, "tau_c": 60.0, "omega": 14.51, "M": 0.31, "D": 0.01, "R": 0.03, "sving": 0.09, "os": 0.0, "foss": 0.0, "juv": 0.0, "B": 0.74, "Q": 3.84, "w": 17.63, "h": 0.28, "S": 0.00678, "elv": "Skjellåa", "km": 6.8}}, {"type": "Feature", "geometry": {"type": "LineString", "coordinates": [[10.78506, 64.37287], [10.78371, 64.37354]]}, "properties": {"P": 3.57, "tau": 16.65, "tau_c": 54.93, "omega": 12.19, "M": 0.3, "D": 0.06, "R": 0.03, "sving": 0.0, "os": 0.0, "foss": 0.0, "juv": 0.0, "B": 0.74, "Q": 3.86, "w": 17.69, "h": 0.3, "S": 0.00569, "elv": "Skjellåa", "km": 6.9}}, {"type": "Feature", "geometry": {"type": "LineString", "coordinates": [[10.78108, 64.37491], [10.78022, 64.37572]]}, "properties": {"P": 7.9, "tau": 25.37, "tau_c": 74.01, "omega": 22.34, "M": 0.34, "D": 0.0, "R": 0.05, "sving": 0.22, "os": 0.0, "foss": 0.0, "juv": 0.0, "B": 0.74, "Q": 3.94, "w": 17.86, "h": 0.25, "S": 0.01032, "elv": "Skjellåa", "km": 7.2}}, {"type": "Feature", "geometry": {"type": "LineString", "coordinates": [[10.78022, 64.37572], [10.78053, 64.37655]]}, "properties": {"P": 4.82, "tau": 32.43, "tau_c": 84.47, "omega": 32.16, "M": 0.38, "D": 0.0, "R": 0.08, "sving": 0.06, "os": 0.0, "foss": 0.0, "juv": 0.0, "B": 0.74, "Q": 3.98, "w": 16.31, "h": 0.25, "S": 0.01345, "elv": "Skjellåa", "km": 7.3}}, {"type": "Feature", "geometry": {"type": "LineString", "coordinates": [[10.78053, 64.37655], [10.78024, 64.37743]]}, "properties": {"P": 30.72, "tau": 41.77, "tau_c": 101.37, "omega": 46.22, "M": 0.41, "D": 0.0, "R": 0.1, "sving": 0.0, "os": 0.0, "foss": 1.0, "juv": 0.0, "B": 0.74, "Q": 3.98, "w": 16.36, "h": 0.22, "S": 0.01937, "elv": "Skjellåa", "km": 7.4}}, {"type": "Feature", "geometry": {"type": "LineString", "coordinates": [[10.78024, 64.37743], [10.77923, 64.37822]]}, "properties": {"P": 37.28, "tau": 51.33, "tau_c": 117.33, "omega": 62.17, "M": 0.44, "D": 0.0, "R": 0.12, "sving": 0.21, "os": 0.0, "foss": 1.0, "juv": 0.0, "B": 0.74, "Q": 4.0, "w": 16.39, "h": 0.2, "S": 0.02595, "elv": "Skjellåa", "km": 7.5}}, {"type": "Feature", "geometry": {"type": "LineString", "coordinates": [[10.77923, 64.37822], [10.77838, 64.37903]]}, "properties": {"P": 34.88, "tau": 57.34, "tau_c": 127.06, "omega": 72.88, "M": 0.45, "D": 0.0, "R": 0.13, "sving": 0.1, "os": 0.0, "foss": 1.0, "juv": 0.0, "B": 0.74, "Q": 4.01, "w": 16.41, "h": 0.19, "S": 0.03043, "elv": "Skjellåa", "km": 7.6}}, {"type": "Feature", "geometry": {"type": "LineString", "coordinates": [[10.77838, 64.37903], [10.77756, 64.37985]]}, "properties": {"P": 34.48, "tau": 67.04, "tau_c": 142.06, "omega": 91.19, "M": 0.47, "D": 0.0, "R": 0.16, "sving": 0.05, "os": 0.0, "foss": 1.0, "juv": 0.0, "B": 0.74, "Q": 4.01, "w": 16.42, "h": 0.18, "S": 0.03804, "elv": "Skjellåa", "km": 7.7}}, {"type": "Feature", "geometry": {"type": "LineString", "coordinates": [[10.75402, 64.37645], [10.75495, 64.37723]]}, "properties": {"P": 16.77, "tau": 120.52, "tau_c": 364.2, "omega": 160.09, "M": 0.33, "D": -0.0, "R": 0.04, "sving": 0.18, "os": 0.28, "foss": 1.0, "juv": 0.0, "B": 0.31, "Q": 0.2, "w": 6.0, "h": 0.03, "S": 0.48269, "elv": "bekk", "km": 1.2}}, {"type": "Feature", "geometry": {"type": "LineString", "coordinates": [[10.75495, 64.37723], [10.75658, 64.37777]]}, "properties": {"P": 19.44, "tau": 130.08, "tau_c": 364.2, "omega": 180.0, "M": 0.36, "D": -0.0, "R": 0.06, "sving": 0.22, "os": 0.44, "foss": 1.0, "juv": 0.0, "B": 0.31, "Q": 0.21, "w": 6.0, "h": 0.03, "S": 0.5124, "elv": "bekk", "km": 1.3}}, {"type": "Feature", "geometry": {"type": "LineString", "coordinates": [[10.79828, 64.35077], [10.8002, 64.35068]]}, "properties": {"P": 29.86, "tau": 71.6, "tau_c": 230.07, "omega": 86.74, "M": 0.31, "D": 0.0, "R": 0.03, "sving": 0.32, "os": 0.0, "foss": 1.0, "juv": 0.0, "B": 0.61, "Q": 0.64, "w": 7.25, "h": 0.07, "S": 0.09977, "elv": "Trollengelva", "km": 0.9}}, {"type": "Feature", "geometry": {"type": "LineString", "coordinates": [[10.8002, 64.35068], [10.80169, 64.35031]]}, "properties": {"P": 31.32, "tau": 84.81, "tau_c": 259.39, "omega": 110.62, "M": 0.33, "D": 0.0, "R": 0.04, "sving": 0.37, "os": 0.0, "foss": 1.0, "juv": 0.0, "B": 0.61, "Q": 0.65, "w": 7.3, "h": 0.07, "S": 0.12682, "elv": "Trollengelva", "km": 1.0}}, {"type": "Feature", "geometry": {"type": "LineString", "coordinates": [[10.80169, 64.35031], [10.8035, 64.34992]]}, "properties": {"P": 25.38, "tau": 96.86, "tau_c": 281.34, "omega": 134.42, "M": 0.34, "D": 0.0, "R": 0.05, "sving": 0.08, "os": 0.0, "foss": 1.0, "juv": 0.0, "B": 0.62, "Q": 0.68, "w": 7.36, "h": 0.07, "S": 0.14918, "elv": "Trollengelva", "km": 1.1}}, {"type": "Feature", "geometry": {"type": "LineString", "coordinates": [[10.8035, 64.34992], [10.80538, 64.34964]]}, "properties": {"P": 29.6, "tau": 108.34, "tau_c": 304.19, "omega": 157.93, "M": 0.36, "D": 0.01, "R": 0.06, "sving": 0.24, "os": 0.0, "foss": 1.0, "juv": 0.0, "B": 0.62, "Q": 0.69, "w": 7.43, "h": 0.06, "S": 0.17441, "elv": "Trollengelva", "km": 1.2}}, {"type": "Feature", "geometry": {"type": "LineString", "coordinates": [[10.80538, 64.34964], [10.80739, 64.34972]]}, "properties": {"P": 34.19, "tau": 97.25, "tau_c": 282.06, "omega": 135.23, "M": 0.34, "D": 0.05, "R": 0.05, "sving": 0.41, "os": 0.0, "foss": 1.0, "juv": 0.0, "B": 0.62, "Q": 0.69, "w": 7.51, "h": 0.07, "S": 0.14995, "elv": "Trollengelva", "km": 1.3}}, {"type": "Feature", "geometry": {"type": "LineString", "coordinates": [[10.80739, 64.34972], [10.80937, 64.34982]]}, "properties": {"P": 39.75, "tau": 91.83, "tau_c": 269.51, "omega": 124.76, "M": 0.34, "D": 0.08, "R": 0.05, "sving": 0.61, "os": 0.0, "foss": 1.0, "juv": 0.0, "B": 0.62, "Q": 0.71, "w": 7.59, "h": 0.07, "S": 0.1369, "elv": "Trollengelva", "km": 1.4}}, {"type": "Feature", "geometry": {"type": "LineString", "coordinates": [[10.80937, 64.34982], [10.81101, 64.35034]]}, "properties": {"P": 34.44, "tau": 83.49, "tau_c": 250.16, "omega": 109.07, "M": 0.33, "D": 0.13, "R": 0.04, "sving": 0.31, "os": 0.0, "foss": 1.0, "juv": 0.0, "B": 0.62, "Q": 0.72, "w": 7.67, "h": 0.07, "S": 0.11795, "elv": "Trollengelva", "km": 1.5}}, {"type": "Feature", "geometry": {"type": "LineString", "coordinates": [[10.81101, 64.35034], [10.81139, 64.35092]]}, "properties": {"P": 32.13, "tau": 74.6, "tau_c": 227.85, "omega": 93.19, "M": 0.33, "D": 0.17, "R": 0.04, "sving": 0.15, "os": 0.0, "foss": 1.0, "juv": 0.0, "B": 0.63, "Q": 0.75, "w": 7.76, "h": 0.08, "S": 0.09785, "elv": "Trollengelva", "km": 1.6}}, {"type": "Feature", "geometry": {"type": "LineString", "coordinates": [[10.81139, 64.35092], [10.81251, 64.35155]]}, "properties": {"P": 26.58, "tau": 61.99, "tau_c": 200.12, "omega": 71.42, "M": 0.31, "D": 0.24, "R": 0.03, "sving": 0.1, "os": 0.0, "foss": 0.72, "juv": 0.0, "B": 0.63, "Q": 0.76, "w": 7.85, "h": 0.08, "S": 0.07548, "elv": "Trollengelva", "km": 1.7}}, {"type": "Feature", "geometry": {"type": "LineString", "coordinates": [[10.81716, 64.36031], [10.81873, 64.36088]]}, "properties": {"P": 42.8, "tau": 33.19, "tau_c": 58.24, "omega": 37.49, "M": 0.57, "D": 0.0, "R": 0.27, "sving": 0.41, "os": 0.0, "foss": 0.43, "juv": 0.0, "B": 0.94, "Q": 14.22, "w": 23.79, "h": 0.53, "S": 0.00639, "elv": "Trollengelva", "km": 3.2}}, {"type": "Feature", "geometry": {"type": "LineString", "coordinates": [[10.84081, 64.37716], [10.83978, 64.37642]]}, "properties": {"P": 37.28, "tau": 101.16, "tau_c": 305.07, "omega": 140.68, "M": 0.33, "D": 0.0, "R": 0.04, "sving": 0.13, "os": 1.0, "foss": 1.0, "juv": 0.0, "B": 0.48, "Q": 0.54, "w": 6.66, "h": 0.06, "S": 0.17542, "elv": "bekk", "km": 0.0}}, {"type": "Feature", "geometry": {"type": "LineString", "coordinates": [[10.83978, 64.37642], [10.83903, 64.37559]]}, "properties": {"P": 30.52, "tau": 101.31, "tau_c": 305.07, "omega": 141.04, "M": 0.33, "D": 0.0, "R": 0.04, "sving": 0.13, "os": 0.62, "foss": 1.0, "juv": 0.0, "B": 0.47, "Q": 0.55, "w": 6.67, "h": 0.06, "S": 0.17542, "elv": "bekk", "km": 0.1}}, {"type": "Feature", "geometry": {"type": "LineString", "coordinates": [[10.89253, 64.33237], [10.89138, 64.3331]]}, "properties": {"P": 41.27, "tau": 123.35, "tau_c": 174.66, "omega": 234.48, "M": 0.71, "D": 0.0, "R": 0.45, "sving": 0.34, "os": 0.0, "foss": 1.0, "juv": 0.0, "B": 0.56, "Q": 6.91, "w": 16.63, "h": 0.22, "S": 0.0575, "elv": "bekk", "km": 0.2}}, {"type": "Feature", "geometry": {"type": "LineString", "coordinates": [[10.89827, 64.37634], [10.89628, 64.37624]]}, "properties": {"P": 32.8, "tau": 38.42, "tau_c": 127.19, "omega": 37.19, "M": 0.3, "D": 0.08, "R": 0.03, "sving": 0.23, "os": 0.0, "foss": 1.0, "juv": 0.0, "B": 0.66, "Q": 1.05, "w": 8.41, "h": 0.13, "S": 0.03049, "elv": "Austerelva", "km": 1.3}}, {"type": "Feature", "geometry": {"type": "LineString", "coordinates": [[10.89447, 64.37634], [10.89245, 64.37618]]}, "properties": {"P": 18.63, "tau": 55.5, "tau_c": 168.84, "omega": 62.82, "M": 0.33, "D": -0.0, "R": 0.04, "sving": 0.11, "os": 0.09, "foss": 0.51, "juv": 0.0, "B": 0.67, "Q": 1.12, "w": 9.43, "h": 0.11, "S": 0.05373, "elv": "Austerelva", "km": 1.5}}, {"type": "Feature", "geometry": {"type": "LineString", "coordinates": [[10.89245, 64.37618], [10.89045, 64.37593]]}, "properties": {"P": 17.62, "tau": 56.42, "tau_c": 171.12, "omega": 64.29, "M": 0.33, "D": -0.0, "R": 0.04, "sving": 0.15, "os": 0.15, "foss": 0.37, "juv": 0.0, "B": 0.67, "Q": 1.13, "w": 9.52, "h": 0.1, "S": 0.05519, "elv": "Austerelva", "km": 1.6}}, {"type": "Feature", "geometry": {"type": "LineString", "coordinates": [[10.89045, 64.37593], [10.88859, 64.37558]]}, "properties": {"P": 31.82, "tau": 55.63, "tau_c": 172.63, "omega": 62.68, "M": 0.32, "D": -0.0, "R": 0.04, "sving": 0.03, "os": 0.24, "foss": 1.0, "juv": 0.0, "B": 0.67, "Q": 1.13, "w": 9.97, "h": 0.1, "S": 0.05617, "elv": "Austerelva", "km": 1.7}}, {"type": "Feature", "geometry": {"type": "LineString", "coordinates": [[10.88859, 64.37558], [10.88663, 64.37533]]}, "properties": {"P": 36.06, "tau": 66.13, "tau_c": 198.07, "omega": 80.01, "M": 0.33, "D": -0.0, "R": 0.04, "sving": 0.04, "os": 0.4, "foss": 1.0, "juv": 0.0, "B": 0.67, "Q": 1.14, "w": 10.37, "h": 0.09, "S": 0.07394, "elv": "Austerelva", "km": 1.8}}, {"type": "Feature", "geometry": {"type": "LineString", "coordinates": [[10.88663, 64.37533], [10.88457, 64.37523]]}, "properties": {"P": 45.94, "tau": 82.84, "tau_c": 202.48, "omega": 115.41, "M": 0.41, "D": -0.0, "R": 0.1, "sving": 0.02, "os": 0.65, "foss": 1.0, "juv": 0.0, "B": 0.71, "Q": 1.64, "w": 10.77, "h": 0.11, "S": 0.07728, "elv": "Austerelva", "km": 1.9}}, {"type": "Feature", "geometry": {"type": "LineString", "coordinates": [[10.88457, 64.37523], [10.88267, 64.3749]]}, "properties": {"P": 56.52, "tau": 104.52, "tau_c": 242.71, "omega": 160.39, "M": 0.43, "D": 0.02, "R": 0.11, "sving": 0.09, "os": 0.94, "foss": 1.0, "juv": 0.0, "B": 0.71, "Q": 1.65, "w": 11.17, "h": 0.1, "S": 0.11103, "elv": "Austerelva", "km": 2.0}}, {"type": "Feature", "geometry": {"type": "LineString", "coordinates": [[10.88267, 64.3749], [10.88073, 64.37457]]}, "properties": {"P": 47.71, "tau": 82.33, "tau_c": 208.32, "omega": 113.35, "M": 0.4, "D": 0.07, "R": 0.08, "sving": 0.37, "os": 0.57, "foss": 0.72, "juv": 0.0, "B": 0.71, "Q": 1.65, "w": 11.69, "h": 0.1, "S": 0.0818, "elv": "Austerelva", "km": 2.1}}, {"type": "Feature", "geometry": {"type": "LineString", "coordinates": [[10.88073, 64.37457], [10.87899, 64.37413]]}, "properties": {"P": 44.47, "tau": 70.91, "tau_c": 187.98, "omega": 91.41, "M": 0.38, "D": 0.1, "R": 0.07, "sving": 0.12, "os": 0.4, "foss": 1.0, "juv": 0.0, "B": 0.71, "Q": 1.66, "w": 11.88, "h": 0.11, "S": 0.0666, "elv": "Austerelva", "km": 2.2}}, {"type": "Feature", "geometry": {"type": "LineString", "coordinates": [[10.87899, 64.37413], [10.87806, 64.37335]]}, "properties": {"P": 42.62, "tau": 78.49, "tau_c": 194.54, "omega": 107.02, "M": 0.4, "D": 0.09, "R": 0.09, "sving": 0.06, "os": 0.62, "foss": 0.72, "juv": 0.0, "B": 0.72, "Q": 1.85, "w": 12.07, "h": 0.11, "S": 0.07133, "elv": "Austerelva", "km": 2.3}}, {"type": "Feature", "geometry": {"type": "LineString", "coordinates": [[10.87806, 64.37335], [10.87602, 64.37328]]}, "properties": {"P": 47.98, "tau": 66.82, "tau_c": 171.64, "omega": 85.25, "M": 0.39, "D": 0.14, "R": 0.08, "sving": 0.04, "os": 0.99, "foss": 0.51, "juv": 0.0, "B": 0.73, "Q": 1.92, "w": 12.28, "h": 0.12, "S": 0.05552, "elv": "Austerelva", "km": 2.4}}, {"type": "Feature", "geometry": {"type": "LineString", "coordinates": [[10.87602, 64.37328], [10.87424, 64.37284]]}, "properties": {"P": 56.33, "tau": 65.26, "tau_c": 169.86, "omega": 82.26, "M": 0.38, "D": 0.21, "R": 0.08, "sving": 0.17, "os": 0.6, "foss": 1.0, "juv": 0.0, "B": 0.73, "Q": 1.92, "w": 12.48, "h": 0.12, "S": 0.05438, "elv": "Austerelva", "km": 2.5}}, {"type": "Feature", "geometry": {"type": "LineString", "coordinates": [[10.87077, 64.37196], [10.86904, 64.37151]]}, "properties": {"P": 52.12, "tau": 38.01, "tau_c": 95.59, "omega": 40.22, "M": 0.4, "D": 0.26, "R": 0.09, "sving": 0.19, "os": 0.81, "foss": 0.37, "juv": 0.0, "B": 0.79, "Q": 3.68, "w": 15.47, "h": 0.22, "S": 0.01722, "elv": "Austerelva", "km": 2.8}}, {"type": "Feature", "geometry": {"type": "LineString", "coordinates": [[10.86298, 64.37135], [10.86094, 64.37122]]}, "properties": {"P": 15.23, "tau": 30.01, "tau_c": 83.36, "omega": 28.45, "M": 0.36, "D": -0.0, "R": 0.06, "sving": 0.15, "os": 0.29, "foss": 0.0, "juv": 0.0, "B": 0.8, "Q": 3.93, "w": 17.77, "h": 0.23, "S": 0.0131, "elv": "Austerelva", "km": 3.2}}, {"type": "Feature", "geometry": {"type": "LineString", "coordinates": [[10.86094, 64.37122], [10.85902, 64.37089]]}, "properties": {"P": 10.82, "tau": 46.57, "tau_c": 114.28, "omega": 53.44, "M": 0.41, "D": -0.0, "R": 0.09, "sving": 0.05, "os": 0.18, "foss": 0.0, "juv": 0.0, "B": 0.8, "Q": 3.95, "w": 17.83, "h": 0.19, "S": 0.02462, "elv": "Austerelva", "km": 3.3}}, {"type": "Feature", "geometry": {"type": "LineString", "coordinates": [[10.85902, 64.37089], [10.85704, 64.37064]]}, "properties": {"P": 37.98, "tau": 50.26, "tau_c": 120.81, "omega": 59.59, "M": 0.42, "D": -0.0, "R": 0.1, "sving": 0.06, "os": 0.11, "foss": 1.0, "juv": 0.0, "B": 0.8, "Q": 3.95, "w": 17.9, "h": 0.19, "S": 0.02751, "elv": "Austerelva", "km": 3.4}}, {"type": "Feature", "geometry": {"type": "LineString", "coordinates": [[10.85704, 64.37064], [10.85506, 64.37037]]}, "properties": {"P": 37.71, "tau": 50.28, "tau_c": 120.77, "omega": 59.64, "M": 0.42, "D": -0.0, "R": 0.1, "sving": 0.09, "os": 0.07, "foss": 1.0, "juv": 0.0, "B": 0.8, "Q": 3.96, "w": 17.92, "h": 0.19, "S": 0.02749, "elv": "Austerelva", "km": 3.5}}, {"type": "Feature", "geometry": {"type": "LineString", "coordinates": [[10.85506, 64.37037], [10.85308, 64.37011]]}, "properties": {"P": 26.6, "tau": 58.76, "tau_c": 134.87, "omega": 74.59, "M": 0.44, "D": -0.0, "R": 0.12, "sving": 0.02, "os": 0.0, "foss": 0.72, "juv": 0.0, "B": 0.8, "Q": 3.98, "w": 17.95, "h": 0.17, "S": 0.03428, "elv": "Austerelva", "km": 3.6}}, {"type": "Feature", "geometry": {"type": "LineString", "coordinates": [[10.85308, 64.37011], [10.85149, 64.36963]]}, "properties": {"P": 23.27, "tau": 62.88, "tau_c": 141.58, "omega": 82.22, "M": 0.44, "D": -0.0, "R": 0.13, "sving": 0.02, "os": 0.07, "foss": 0.51, "juv": 0.0, "B": 0.8, "Q": 3.99, "w": 17.98, "h": 0.17, "S": 0.03778, "elv": "Austerelva", "km": 3.7}}, {"type": "Feature", "geometry": {"type": "LineString", "coordinates": [[10.85149, 64.36963], [10.84955, 64.36933]]}, "properties": {"P": 39.24, "tau": 65.41, "tau_c": 145.6, "omega": 87.01, "M": 0.45, "D": -0.0, "R": 0.13, "sving": 0.05, "os": 0.11, "foss": 1.0, "juv": 0.0, "B": 0.8, "Q": 4.0, "w": 18.01, "h": 0.17, "S": 0.03996, "elv": "Austerelva", "km": 3.8}}, {"type": "Feature", "geometry": {"type": "LineString", "coordinates": [[10.84955, 64.36933], [10.84762, 64.36902]]}, "properties": {"P": 36.85, "tau": 70.54, "tau_c": 153.74, "omega": 96.93, "M": 0.46, "D": -0.0, "R": 0.14, "sving": 0.16, "os": 0.18, "foss": 0.72, "juv": 0.0, "B": 0.8, "Q": 4.02, "w": 18.14, "h": 0.16, "S": 0.04455, "elv": "Austerelva", "km": 3.9}}, {"type": "Feature", "geometry": {"type": "LineString", "coordinates": [[10.84762, 64.36902], [10.84575, 64.36865]]}, "properties": {"P": 46.43, "tau": 71.56, "tau_c": 155.73, "omega": 98.87, "M": 0.46, "D": -0.0, "R": 0.14, "sving": 0.1, "os": 0.29, "foss": 1.0, "juv": 0.0, "B": 0.8, "Q": 4.03, "w": 18.28, "h": 0.16, "S": 0.04571, "elv": "Austerelva", "km": 4.0}}, {"type": "Feature", "geometry": {"type": "LineString", "coordinates": [[10.84575, 64.36865], [10.84373, 64.36849]]}, "properties": {"P": 53.89, "tau": 83.93, "tau_c": 170.59, "omega": 125.17, "M": 0.49, "D": -0.0, "R": 0.18, "sving": 0.11, "os": 0.47, "foss": 1.0, "juv": 0.0, "B": 0.81, "Q": 4.29, "w": 18.42, "h": 0.16, "S": 0.05485, "elv": "Austerelva", "km": 4.1}}, {"type": "Feature", "geometry": {"type": "LineString", "coordinates": [[10.84373, 64.36849], [10.8417, 64.36842]]}, "properties": {"P": 56.8, "tau": 87.49, "tau_c": 175.99, "omega": 132.78, "M": 0.5, "D": -0.0, "R": 0.18, "sving": 0.18, "os": 0.78, "foss": 0.72, "juv": 0.0, "B": 0.81, "Q": 4.3, "w": 18.55, "h": 0.15, "S": 0.05838, "elv": "Austerelva", "km": 4.2}}, {"type": "Feature", "geometry": {"type": "LineString", "coordinates": [[10.96456, 64.30162], [10.96306, 64.30224]]}, "properties": {"P": 41.42, "tau": 71.83, "tau_c": 141.27, "omega": 102.5, "M": 0.51, "D": 0.02, "R": 0.2, "sving": 0.39, "os": 0.23, "foss": 1.0, "juv": 0.0, "B": 0.59, "Q": 5.01, "w": 18.03, "h": 0.19, "S": 0.03762, "elv": "Storelva", "km": 0.0}}, {"type": "Feature", "geometry": {"type": "LineString", "coordinates": [[10.96306, 64.30224], [10.96136, 64.30272]]}, "properties": {"P": 30.69, "tau": 68.85, "tau_c": 137.14, "omega": 96.46, "M": 0.5, "D": 0.06, "R": 0.19, "sving": 0.1, "os": 0.25, "foss": 0.72, "juv": 0.0, "B": 0.59, "Q": 5.01, "w": 18.06, "h": 0.2, "S": 0.03545, "elv": "Storelva", "km": 0.1}}, {"type": "Feature", "geometry": {"type": "LineString", "coordinates": [[10.96136, 64.30272], [10.95936, 64.30293]]}, "properties": {"P": 33.4, "tau": 61.81, "tau_c": 127.01, "omega": 82.61, "M": 0.49, "D": 0.15, "R": 0.17, "sving": 0.19, "os": 0.4, "foss": 0.51, "juv": 0.0, "B": 0.59, "Q": 5.01, "w": 18.09, "h": 0.21, "S": 0.03041, "elv": "Storelva", "km": 0.2}}, {"type": "Feature", "geometry": {"type": "LineString", "coordinates": [[10.95936, 64.30293], [10.95764, 64.30341]]}, "properties": {"P": 40.11, "tau": 54.11, "tau_c": 115.95, "omega": 68.19, "M": 0.47, "D": 0.23, "R": 0.15, "sving": 0.32, "os": 0.66, "foss": 0.37, "juv": 0.0, "B": 0.59, "Q": 5.01, "w": 18.26, "h": 0.22, "S": 0.02534, "elv": "Storelva", "km": 0.3}}, {"type": "Feature", "geometry": {"type": "LineString", "coordinates": [[10.95764, 64.30341], [10.957, 64.30425]]}, "properties": {"P": 36.41, "tau": 32.58, "tau_c": 84.69, "omega": 32.5, "M": 0.38, "D": 0.3, "R": 0.08, "sving": 0.3, "os": 0.9, "foss": 0.0, "juv": 0.0, "B": 0.59, "Q": 5.01, "w": 20.44, "h": 0.25, "S": 0.01352, "elv": "Storelva", "km": 0.4}}, {"type": "Feature", "geometry": {"type": "LineString", "coordinates": [[10.957, 64.30425], [10.95675, 64.30514]]}, "properties": {"P": 26.25, "tau": 28.73, "tau_c": 75.27, "omega": 27.36, "M": 0.38, "D": 0.28, "R": 0.07, "sving": 0.18, "os": 0.55, "foss": 0.0, "juv": 0.0, "B": 0.6, "Q": 5.38, "w": 20.6, "h": 0.27, "S": 0.01068, "elv": "Storelva", "km": 0.5}}, {"type": "Feature", "geometry": {"type": "LineString", "coordinates": [[10.95675, 64.30514], [10.95574, 64.3059]]}, "properties": {"P": 19.05, "tau": 27.04, "tau_c": 72.24, "omega": 25.08, "M": 0.37, "D": 0.26, "R": 0.07, "sving": 0.09, "os": 0.33, "foss": 0.0, "juv": 0.0, "B": 0.6, "Q": 5.39, "w": 20.75, "h": 0.28, "S": 0.00984, "elv": "Storelva", "km": 0.6}}, {"type": "Feature", "geometry": {"type": "LineString", "coordinates": [[10.95574, 64.3059], [10.95473, 64.30667]]}, "properties": {"P": 15.73, "tau": 18.24, "tau_c": 54.59, "omega": 14.24, "M": 0.33, "D": 0.24, "R": 0.04, "sving": 0.14, "os": 0.21, "foss": 0.0, "juv": 0.0, "B": 0.6, "Q": 5.4, "w": 20.92, "h": 0.33, "S": 0.00562, "elv": "Storelva", "km": 0.7}}, {"type": "Feature", "geometry": {"type": "LineString", "coordinates": [[10.95473, 64.30667], [10.95363, 64.30743]]}, "properties": {"P": 11.37, "tau": 15.4, "tau_c": 48.35, "omega": 11.17, "M": 0.32, "D": 0.21, "R": 0.04, "sving": 0.06, "os": 0.13, "foss": 0.0, "juv": 0.0, "B": 0.6, "Q": 5.41, "w": 20.93, "h": 0.36, "S": 0.00441, "elv": "Storelva", "km": 0.8}}, {"type": "Feature", "geometry": {"type": "LineString", "coordinates": [[10.95363, 64.30743], [10.95266, 64.30822]]}, "properties": {"P": 8.91, "tau": 16.2, "tau_c": 50.1, "omega": 12.01, "M": 0.32, "D": 0.14, "R": 0.04, "sving": 0.09, "os": 0.08, "foss": 0.0, "juv": 0.0, "B": 0.6, "Q": 5.42, "w": 20.94, "h": 0.35, "S": 0.00473, "elv": "Storelva", "km": 0.9}}, {"type": "Feature", "geometry": {"type": "LineString", "coordinates": [[10.95266, 64.30822], [10.95135, 64.30891]]}, "properties": {"P": 7.53, "tau": 13.39, "tau_c": 43.7, "omega": 9.13, "M": 0.31, "D": 0.11, "R": 0.03, "sving": 0.09, "os": 0.07, "foss": 0.0, "juv": 0.0, "B": 0.6, "Q": 5.42, "w": 20.96, "h": 0.38, "S": 0.0036, "elv": "Storelva", "km": 1.0}}, {"type": "Feature", "geometry": {"type": "LineString", "coordinates": [[10.95135, 64.30891], [10.94994, 64.30957]]}, "properties": {"P": 8.19, "tau": 14.62, "tau_c": 46.55, "omega": 10.36, "M": 0.31, "D": 0.11, "R": 0.03, "sving": 0.06, "os": 0.11, "foss": 0.0, "juv": 0.0, "B": 0.6, "Q": 5.42, "w": 20.97, "h": 0.36, "S": 0.00408, "elv": "Storelva", "km": 1.1}}, {"type": "Feature", "geometry": {"type": "LineString", "coordinates": [[10.94385, 64.314], [10.94283, 64.31475]]}, "properties": {"P": 10.53, "tau": 35.69, "tau_c": 86.75, "omega": 37.52, "M": 0.41, "D": -0.0, "R": 0.1, "sving": 0.02, "os": 0.3, "foss": 0.0, "juv": 0.0, "B": 0.61, "Q": 5.66, "w": 21.0, "h": 0.26, "S": 0.01418, "elv": "Storelva", "km": 1.8}}, {"type": "Feature", "geometry": {"type": "LineString", "coordinates": [[10.94283, 64.31475], [10.94183, 64.31554]]}, "properties": {"P": 7.65, "tau": 35.62, "tau_c": 86.75, "omega": 37.41, "M": 0.41, "D": -0.0, "R": 0.1, "sving": 0.01, "os": 0.19, "foss": 0.0, "juv": 0.0, "B": 0.61, "Q": 5.67, "w": 21.09, "h": 0.26, "S": 0.01418, "elv": "Storelva", "km": 1.9}}, {"type": "Feature", "geometry": {"type": "LineString", "coordinates": [[10.94183, 64.31554], [10.94072, 64.3163]]}, "properties": {"P": 33.93, "tau": 51.78, "tau_c": 113.54, "omega": 63.93, "M": 0.46, "D": -0.0, "R": 0.14, "sving": 0.1, "os": 0.24, "foss": 1.0, "juv": 0.0, "B": 0.61, "Q": 5.68, "w": 21.16, "h": 0.22, "S": 0.0243, "elv": "Storelva", "km": 2.0}}, {"type": "Feature", "geometry": {"type": "LineString", "coordinates": [[10.94072, 64.3163], [10.93978, 64.31704]]}, "properties": {"P": 35.61, "tau": 54.38, "tau_c": 117.5, "omega": 68.61, "M": 0.46, "D": -0.0, "R": 0.15, "sving": 0.29, "os": 0.39, "foss": 0.72, "juv": 0.0, "B": 0.61, "Q": 5.69, "w": 21.18, "h": 0.21, "S": 0.02602, "elv": "Storelva", "km": 2.1}}, {"type": "Feature", "geometry": {"type": "LineString", "coordinates": [[10.93978, 64.31704], [10.93924, 64.31788]]}, "properties": {"P": 42.84, "tau": 53.67, "tau_c": 117.5, "omega": 67.16, "M": 0.46, "D": 0.03, "R": 0.14, "sving": 0.09, "os": 0.62, "foss": 1.0, "juv": 0.0, "B": 0.61, "Q": 5.7, "w": 21.66, "h": 0.21, "S": 0.02602, "elv": "Storelva", "km": 2.2}}, {"type": "Feature", "geometry": {"type": "LineString", "coordinates": [[10.93924, 64.31788], [10.93732, 64.31812]]}, "properties": {"P": 44.71, "tau": 57.01, "tau_c": 123.13, "omega": 73.17, "M": 0.46, "D": 0.05, "R": 0.15, "sving": 0.04, "os": 1.0, "foss": 0.72, "juv": 0.0, "B": 0.61, "Q": 5.7, "w": 21.85, "h": 0.2, "S": 0.02857, "elv": "Storelva", "km": 2.3}}, {"type": "Feature", "geometry": {"type": "LineString", "coordinates": [[10.93732, 64.31812], [10.93666, 64.31895]]}, "properties": {"P": 40.88, "tau": 44.18, "tau_c": 99.37, "omega": 51.27, "M": 0.44, "D": 0.13, "R": 0.13, "sving": 0.35, "os": 0.61, "foss": 0.51, "juv": 0.0, "B": 0.62, "Q": 6.19, "w": 22.04, "h": 0.24, "S": 0.01861, "elv": "Storelva", "km": 2.4}}, {"type": "Feature", "geometry": {"type": "LineString", "coordinates": [[10.93666, 64.31895], [10.93591, 64.31971]]}, "properties": {"P": 30.41, "tau": 46.82, "tau_c": 103.87, "omega": 55.68, "M": 0.45, "D": 0.15, "R": 0.13, "sving": 0.17, "os": 0.42, "foss": 0.37, "juv": 0.0, "B": 0.62, "Q": 6.2, "w": 22.23, "h": 0.23, "S": 0.02034, "elv": "Storelva", "km": 2.5}}, {"type": "Feature", "geometry": {"type": "LineString", "coordinates": [[10.93591, 64.31971], [10.93401, 64.32002]]}, "properties": {"P": 22.48, "tau": 30.74, "tau_c": 77.09, "omega": 30.42, "M": 0.4, "D": 0.21, "R": 0.09, "sving": 0.33, "os": 0.27, "foss": 0.0, "juv": 0.0, "B": 0.62, "Q": 6.21, "w": 22.41, "h": 0.28, "S": 0.0112, "elv": "Storelva", "km": 2.6}}, {"type": "Feature", "geometry": {"type": "LineString", "coordinates": [[10.93401, 64.32002], [10.93246, 64.32062]]}, "properties": {"P": 13.72, "tau": 29.37, "tau_c": 74.62, "omega": 28.49, "M": 0.39, "D": 0.16, "R": 0.08, "sving": 0.1, "os": 0.17, "foss": 0.0, "juv": 0.0, "B": 0.62, "Q": 6.21, "w": 22.42, "h": 0.29, "S": 0.01049, "elv": "Storelva", "km": 2.7}}, {"type": "Feature", "geometry": {"type": "LineString", "coordinates": [[10.93246, 64.32062], [10.93053, 64.32093]]}, "properties": {"P": 14.78, "tau": 30.53, "tau_c": 76.71, "omega": 30.12, "M": 0.4, "D": 0.16, "R": 0.09, "sving": 0.21, "os": 0.11, "foss": 0.0, "juv": 0.0, "B": 0.62, "Q": 6.21, "w": 22.42, "h": 0.28, "S": 0.01109, "elv": "Storelva", "km": 2.8}}, {"type": "Feature", "geometry": {"type": "LineString", "coordinates": [[10.93053, 64.32093], [10.92925, 64.32163]]}, "properties": {"P": 13.77, "tau": 25.43, "tau_c": 67.31, "omega": 23.18, "M": 0.38, "D": 0.19, "R": 0.07, "sving": 0.13, "os": 0.12, "foss": 0.0, "juv": 0.0, "B": 0.62, "Q": 6.21, "w": 22.44, "h": 0.3, "S": 0.00854, "elv": "Storelva", "km": 2.9}}, {"type": "Feature", "geometry": {"type": "LineString", "coordinates": [[10.92925, 64.32163], [10.928, 64.32233]]}, "properties": {"P": 17.47, "tau": 17.57, "tau_c": 51.62, "omega": 13.62, "M": 0.34, "D": 0.29, "R": 0.05, "sving": 0.14, "os": 0.19, "foss": 0.0, "juv": 0.0, "B": 0.62, "Q": 6.21, "w": 22.45, "h": 0.36, "S": 0.00502, "elv": "Storelva", "km": 3.0}}, {"type": "Feature", "geometry": {"type": "LineString", "coordinates": [[10.928, 64.32233], [10.92703, 64.32311]]}, "properties": {"P": 20.77, "tau": 13.2, "tau_c": 41.93, "omega": 9.04, "M": 0.31, "D": 0.37, "R": 0.03, "sving": 0.09, "os": 0.31, "foss": 0.0, "juv": 0.0, "B": 0.62, "Q": 6.25, "w": 22.47, "h": 0.41, "S": 0.00331, "elv": "Storelva", "km": 3.1}}, {"type": "Feature", "geometry": {"type": "LineString", "coordinates": [[10.91629, 64.32677], [10.91459, 64.32727]]}, "properties": {"P": 11.75, "tau": 25.43, "tau_c": 64.63, "omega": 23.44, "M": 0.39, "D": -0.0, "R": 0.08, "sving": 0.32, "os": 0.07, "foss": 0.0, "juv": 0.0, "B": 0.63, "Q": 6.64, "w": 21.89, "h": 0.33, "S": 0.00787, "elv": "Storelva", "km": 3.9}}, {"type": "Feature", "geometry": {"type": "LineString", "coordinates": [[10.91459, 64.32727], [10.91319, 64.32793]]}, "properties": {"P": 17.72, "tau": 42.4, "tau_c": 92.07, "omega": 48.98, "M": 0.46, "D": -0.0, "R": 0.14, "sving": 0.55, "os": 0.0, "foss": 0.0, "juv": 0.0, "B": 0.63, "Q": 6.65, "w": 21.27, "h": 0.27, "S": 0.01598, "elv": "Storelva", "km": 4.0}}, {"type": "Feature", "geometry": {"type": "LineString", "coordinates": [[10.91319, 64.32793], [10.91282, 64.3288]]}, "properties": {"P": 36.05, "tau": 55.98, "tau_c": 112.41, "omega": 72.98, "M": 0.5, "D": -0.0, "R": 0.18, "sving": 0.31, "os": 0.0, "foss": 1.0, "juv": 0.0, "B": 0.63, "Q": 6.65, "w": 21.29, "h": 0.24, "S": 0.02382, "elv": "Storelva", "km": 4.1}}, {"type": "Feature", "geometry": {"type": "LineString", "coordinates": [[10.91282, 64.3288], [10.91378, 64.32955]]}, "properties": {"P": 31.82, "tau": 63.27, "tau_c": 120.98, "omega": 87.32, "M": 0.52, "D": -0.0, "R": 0.21, "sving": 0.07, "os": 0.0, "foss": 1.0, "juv": 0.0, "B": 0.63, "Q": 6.66, "w": 20.65, "h": 0.23, "S": 0.02759, "elv": "Storelva", "km": 4.2}}, {"type": "Feature", "geometry": {"type": "LineString", "coordinates": [[10.91378, 64.32955], [10.91349, 64.3304]]}, "properties": {"P": 36.75, "tau": 70.51, "tau_c": 132.41, "omega": 101.63, "M": 0.53, "D": -0.0, "R": 0.23, "sving": 0.27, "os": 0.0, "foss": 1.0, "juv": 0.0, "B": 0.63, "Q": 6.68, "w": 21.32, "h": 0.22, "S": 0.03305, "elv": "Storelva", "km": 4.3}}, {"type": "Feature", "geometry": {"type": "LineString", "coordinates": [[10.91349, 64.3304], [10.91238, 64.33116]]}, "properties": {"P": 36.74, "tau": 79.81, "tau_c": 144.54, "omega": 121.44, "M": 0.55, "D": -0.0, "R": 0.25, "sving": 0.51, "os": 0.0, "foss": 0.72, "juv": 0.0, "B": 0.63, "Q": 6.7, "w": 21.32, "h": 0.21, "S": 0.03938, "elv": "Storelva", "km": 4.4}}, {"type": "Feature", "geometry": {"type": "LineString", "coordinates": [[10.91238, 64.33116], [10.91078, 64.33171]]}, "properties": {"P": 38.93, "tau": 77.21, "tau_c": 141.05, "omega": 115.83, "M": 0.55, "D": 0.01, "R": 0.24, "sving": 0.32, "os": 0.0, "foss": 1.0, "juv": 0.0, "B": 0.63, "Q": 6.71, "w": 21.32, "h": 0.21, "S": 0.0375, "elv": "Storelva", "km": 4.5}}, {"type": "Feature", "geometry": {"type": "LineString", "coordinates": [[10.91078, 64.33171], [10.90922, 64.3323]]}, "properties": {"P": 36.93, "tau": 75.5, "tau_c": 136.82, "omega": 112.62, "M": 0.55, "D": 0.01, "R": 0.25, "sving": 0.22, "os": 0.0, "foss": 1.0, "juv": 0.0, "B": 0.63, "Q": 6.72, "w": 20.66, "h": 0.22, "S": 0.03528, "elv": "Storelva", "km": 4.6}}, {"type": "Feature", "geometry": {"type": "LineString", "coordinates": [[10.90922, 64.3323], [10.90749, 64.33278]]}, "properties": {"P": 33.0, "tau": 74.35, "tau_c": 135.18, "omega": 110.2, "M": 0.55, "D": 0.01, "R": 0.25, "sving": 0.05, "os": 0.0, "foss": 1.0, "juv": 0.0, "B": 0.63, "Q": 6.74, "w": 20.66, "h": 0.22, "S": 0.03444, "elv": "Storelva", "km": 4.7}}, {"type": "Feature", "geometry": {"type": "LineString", "coordinates": [[10.90749, 64.33278], [10.9056, 64.33314]]}, "properties": {"P": 40.13, "tau": 77.4, "tau_c": 137.05, "omega": 117.22, "M": 0.56, "D": -0.0, "R": 0.27, "sving": 0.35, "os": 0.0, "foss": 1.0, "juv": 0.0, "B": 0.63, "Q": 6.75, "w": 20.0, "h": 0.22, "S": 0.0354, "elv": "Storelva", "km": 4.8}}, {"type": "Feature", "geometry": {"type": "LineString", "coordinates": [[10.9056, 64.33314], [10.90384, 64.33361]]}, "properties": {"P": 39.26, "tau": 82.04, "tau_c": 144.97, "omega": 126.93, "M": 0.57, "D": 0.0, "R": 0.27, "sving": 0.3, "os": 0.0, "foss": 1.0, "juv": 0.0, "B": 0.63, "Q": 6.76, "w": 20.69, "h": 0.21, "S": 0.03961, "elv": "Storelva", "km": 4.9}}, {"type": "Feature", "geometry": {"type": "LineString", "coordinates": [[10.90384, 64.33361], [10.90185, 64.33342]]}, "properties": {"P": 32.85, "tau": 80.41, "tau_c": 144.69, "omega": 122.9, "M": 0.56, "D": 0.02, "R": 0.25, "sving": 0.29, "os": 0.0, "foss": 0.72, "juv": 0.0, "B": 0.63, "Q": 6.79, "w": 21.39, "h": 0.21, "S": 0.03946, "elv": "Storelva", "km": 5.0}}, {"type": "Feature", "geometry": {"type": "LineString", "coordinates": [[10.90185, 64.33342], [10.89986, 64.33322]]}, "properties": {"P": 37.76, "tau": 76.24, "tau_c": 141.21, "omega": 113.44, "M": 0.54, "D": 0.05, "R": 0.23, "sving": 0.17, "os": 0.05, "foss": 1.0, "juv": 0.0, "B": 0.63, "Q": 6.8, "w": 22.09, "h": 0.21, "S": 0.03759, "elv": "Storelva", "km": 5.1}}, {"type": "Feature", "geometry": {"type": "LineString", "coordinates": [[10.89986, 64.33322], [10.89803, 64.33291]]}, "properties": {"P": 37.86, "tau": 72.85, "tau_c": 138.52, "omega": 105.89, "M": 0.53, "D": 0.09, "R": 0.22, "sving": 0.12, "os": 0.09, "foss": 1.0, "juv": 0.0, "B": 0.63, "Q": 6.8, "w": 22.79, "h": 0.21, "S": 0.03616, "elv": "Storelva", "km": 5.2}}, {"type": "Feature", "geometry": {"type": "LineString", "coordinates": [[10.89803, 64.33291], [10.89608, 64.333]]}, "properties": {"P": 35.96, "tau": 65.62, "tau_c": 130.16, "omega": 90.83, "M": 0.5, "D": 0.12, "R": 0.19, "sving": 0.27, "os": 0.13, "foss": 0.72, "juv": 0.0, "B": 0.63, "Q": 6.82, "w": 23.53, "h": 0.21, "S": 0.03193, "elv": "Storelva", "km": 5.3}}, {"type": "Feature", "geometry": {"type": "LineString", "coordinates": [[10.89608, 64.333], [10.89409, 64.3331]]}, "properties": {"P": 30.32, "tau": 60.37, "tau_c": 122.68, "omega": 80.59, "M": 0.49, "D": 0.15, "R": 0.18, "sving": 0.12, "os": 0.21, "foss": 0.51, "juv": 0.0, "B": 0.63, "Q": 6.83, "w": 23.58, "h": 0.22, "S": 0.02837, "elv": "Storelva", "km": 5.4}}, {"type": "Feature", "geometry": {"type": "LineString", "coordinates": [[10.89409, 64.3331], [10.89227, 64.33351]]}, "properties": {"P": 33.24, "tau": 49.25, "tau_c": 105.48, "omega": 60.29, "M": 0.47, "D": 0.19, "R": 0.15, "sving": 0.26, "os": 0.35, "foss": 0.37, "juv": 0.0, "B": 0.64, "Q": 6.93, "w": 23.63, "h": 0.24, "S": 0.02097, "elv": "Storelva", "km": 5.5}}, {"type": "Feature", "geometry": {"type": "LineString", "coordinates": [[10.89227, 64.33351], [10.89023, 64.33348]]}, "properties": {"P": 28.83, "tau": 41.76, "tau_c": 93.73, "omega": 47.6, "M": 0.45, "D": 0.2, "R": 0.13, "sving": 0.25, "os": 0.55, "foss": 0.0, "juv": 0.0, "B": 0.64, "Q": 6.94, "w": 23.69, "h": 0.26, "S": 0.01656, "elv": "Storelva", "km": 5.6}}, {"type": "Feature", "geometry": {"type": "LineString", "coordinates": [[10.89023, 64.33348], [10.88898, 64.33403]]}, "properties": {"P": 30.63, "tau": 37.03, "tau_c": 85.99, "omega": 40.07, "M": 0.43, "D": 0.2, "R": 0.12, "sving": 0.01, "os": 0.9, "foss": 0.0, "juv": 0.0, "B": 0.64, "Q": 6.96, "w": 23.75, "h": 0.27, "S": 0.01394, "elv": "Storelva", "km": 5.7}}, {"type": "Feature", "geometry": {"type": "LineString", "coordinates": [[10.88898, 64.33403], [10.88754, 64.33466]]}, "properties": {"P": 28.46, "tau": 31.5, "tau_c": 76.49, "omega": 31.78, "M": 0.41, "D": 0.17, "R": 0.1, "sving": 0.18, "os": 0.68, "foss": 0.0, "juv": 0.0, "B": 0.64, "Q": 6.99, "w": 23.79, "h": 0.29, "S": 0.01103, "elv": "Storelva", "km": 5.8}}, {"type": "Feature", "geometry": {"type": "LineString", "coordinates": [[10.88754, 64.33466], [10.88574, 64.33509]]}, "properties": {"P": 19.69, "tau": 27.42, "tau_c": 68.18, "omega": 26.15, "M": 0.4, "D": 0.11, "R": 0.09, "sving": 0.16, "os": 0.42, "foss": 0.0, "juv": 0.0, "B": 0.64, "Q": 7.01, "w": 23.04, "h": 0.32, "S": 0.00876, "elv": "Storelva", "km": 5.9}}, {"type": "Feature", "geometry": {"type": "LineString", "coordinates": [[10.88574, 64.33509], [10.88395, 64.33546]]}, "properties": {"P": 16.62, "tau": 27.33, "tau_c": 68.0, "omega": 26.02, "M": 0.4, "D": 0.05, "R": 0.09, "sving": 0.26, "os": 0.26, "foss": 0.0, "juv": 0.0, "B": 0.64, "Q": 7.02, "w": 23.07, "h": 0.32, "S": 0.00871, "elv": "Storelva", "km": 6.0}}, {"type": "Feature", "geometry": {"type": "LineString", "coordinates": [[10.88395, 64.33546], [10.8821, 64.33577]]}, "properties": {"P": 12.03, "tau": 34.69, "tau_c": 80.65, "omega": 36.66, "M": 0.43, "D": -0.0, "R": 0.11, "sving": 0.18, "os": 0.17, "foss": 0.0, "juv": 0.0, "B": 0.64, "Q": 7.04, "w": 23.1, "h": 0.29, "S": 0.01226, "elv": "Storelva", "km": 6.1}}, {"type": "Feature", "geometry": {"type": "LineString", "coordinates": [[10.8821, 64.33577], [10.88006, 64.33586]]}, "properties": {"P": 9.34, "tau": 40.19, "tau_c": 89.62, "omega": 45.26, "M": 0.45, "D": -0.0, "R": 0.13, "sving": 0.09, "os": 0.1, "foss": 0.0, "juv": 0.0, "B": 0.64, "Q": 7.05, "w": 23.13, "h": 0.27, "S": 0.01514, "elv": "Storelva", "km": 6.2}}, {"type": "Feature", "geometry": {"type": "LineString", "coordinates": [[10.88006, 64.33586], [10.87801, 64.33589]]}, "properties": {"P": 30.79, "tau": 42.25, "tau_c": 92.78, "omega": 48.66, "M": 0.46, "D": -0.0, "R": 0.14, "sving": 0.06, "os": 0.07, "foss": 1.0, "juv": 0.0, "B": 0.64, "Q": 7.08, "w": 23.16, "h": 0.27, "S": 0.01623, "elv": "Storelva", "km": 6.3}}, {"type": "Feature", "geometry": {"type": "LineString", "coordinates": [[10.87801, 64.33589], [10.87601, 64.33608]]}, "properties": {"P": 24.35, "tau": 42.1, "tau_c": 93.87, "omega": 48.21, "M": 0.45, "D": 0.01, "R": 0.13, "sving": 0.13, "os": 0.0, "foss": 0.72, "juv": 0.0, "B": 0.64, "Q": 7.09, "w": 23.96, "h": 0.26, "S": 0.01661, "elv": "Storelva", "km": 6.4}}, {"type": "Feature", "geometry": {"type": "LineString", "coordinates": [[10.87601, 64.33608], [10.87423, 64.33653]]}, "properties": {"P": 17.64, "tau": 42.84, "tau_c": 95.01, "omega": 49.45, "M": 0.45, "D": 0.03, "R": 0.13, "sving": 0.0, "os": 0.0, "foss": 0.51, "juv": 0.0, "B": 0.64, "Q": 7.11, "w": 23.98, "h": 0.26, "S": 0.01702, "elv": "Storelva", "km": 6.5}}, {"type": "Feature", "geometry": {"type": "LineString", "coordinates": [[10.87423, 64.33653], [10.87237, 64.33692]]}, "properties": {"P": 16.05, "tau": 40.86, "tau_c": 91.83, "omega": 46.2, "M": 0.44, "D": 0.06, "R": 0.13, "sving": 0.05, "os": 0.0, "foss": 0.37, "juv": 0.0, "B": 0.64, "Q": 7.11, "w": 24.0, "h": 0.26, "S": 0.01589, "elv": "Storelva", "km": 6.6}}, {"type": "Feature", "geometry": {"type": "LineString", "coordinates": [[10.87237, 64.33692], [10.87039, 64.33696]]}, "properties": {"P": 12.46, "tau": 35.86, "tau_c": 83.59, "omega": 38.32, "M": 0.43, "D": 0.08, "R": 0.11, "sving": 0.26, "os": 0.0, "foss": 0.0, "juv": 0.0, "B": 0.64, "Q": 7.12, "w": 24.02, "h": 0.28, "S": 0.01317, "elv": "Storelva", "km": 6.7}}, {"type": "Feature", "geometry": {"type": "LineString", "coordinates": [[10.87039, 64.33696], [10.86837, 64.33704]]}, "properties": {"P": 15.68, "tau": 34.79, "tau_c": 81.81, "omega": 36.7, "M": 0.43, "D": 0.06, "R": 0.11, "sving": 0.42, "os": 0.0, "foss": 0.0, "juv": 0.0, "B": 0.64, "Q": 7.13, "w": 24.03, "h": 0.28, "S": 0.01261, "elv": "Storelva", "km": 6.8}}, {"type": "Feature", "geometry": {"type": "LineString", "coordinates": [[10.86837, 64.33704], [10.86641, 64.33691]]}, "properties": {"P": 10.63, "tau": 35.34, "tau_c": 82.68, "omega": 37.54, "M": 0.43, "D": 0.04, "R": 0.11, "sving": 0.15, "os": 0.07, "foss": 0.0, "juv": 0.0, "B": 0.64, "Q": 7.14, "w": 24.04, "h": 0.28, "S": 0.01289, "elv": "Storelva", "km": 6.9}}, {"type": "Feature", "geometry": {"type": "LineString", "coordinates": [[10.86641, 64.33691], [10.86482, 64.33635]]}, "properties": {"P": 12.9, "tau": 34.31, "tau_c": 80.95, "omega": 35.98, "M": 0.42, "D": 0.02, "R": 0.11, "sving": 0.25, "os": 0.12, "foss": 0.0, "juv": 0.0, "B": 0.64, "Q": 7.14, "w": 24.05, "h": 0.28, "S": 0.01235, "elv": "Storelva", "km": 7.0}}, {"type": "Feature", "geometry": {"type": "LineString", "coordinates": [[10.86482, 64.33635], [10.86293, 64.33604]]}, "properties": {"P": 26.49, "tau": 32.55, "tau_c": 77.94, "omega": 33.36, "M": 0.42, "D": 0.02, "R": 0.1, "sving": 0.82, "os": 0.15, "foss": 0.0, "juv": 0.0, "B": 0.64, "Q": 7.14, "w": 24.05, "h": 0.29, "S": 0.01145, "elv": "Storelva", "km": 7.1}}, {"type": "Feature", "geometry": {"type": "LineString", "coordinates": [[10.86293, 64.33604], [10.86171, 64.33653]]}, "properties": {"P": 26.02, "tau": 38.29, "tau_c": 87.58, "omega": 42.12, "M": 0.44, "D": 0.03, "R": 0.12, "sving": 0.7, "os": 0.19, "foss": 0.0, "juv": 0.0, "B": 0.64, "Q": 7.14, "w": 24.06, "h": 0.27, "S": 0.01446, "elv": "Storelva", "km": 7.2}}, {"type": "Feature", "geometry": {"type": "LineString", "coordinates": [[10.86171, 64.33653], [10.86263, 64.3373]]}, "properties": {"P": 14.95, "tau": 32.37, "tau_c": 77.64, "omega": 33.1, "M": 0.42, "D": 0.1, "R": 0.1, "sving": 0.06, "os": 0.29, "foss": 0.0, "juv": 0.0, "B": 0.64, "Q": 7.14, "w": 24.06, "h": 0.29, "S": 0.01136, "elv": "Storelva", "km": 7.3}}, {"type": "Feature", "geometry": {"type": "LineString", "coordinates": [[10.86263, 64.3373], [10.86188, 64.33812]]}, "properties": {"P": 20.81, "tau": 26.46, "tau_c": 67.17, "omega": 24.78, "M": 0.39, "D": 0.15, "R": 0.08, "sving": 0.27, "os": 0.3, "foss": 0.0, "juv": 0.0, "B": 0.64, "Q": 7.15, "w": 24.06, "h": 0.32, "S": 0.00851, "elv": "Storelva", "km": 7.4}}, {"type": "Feature", "geometry": {"type": "LineString", "coordinates": [[10.86188, 64.33812], [10.86018, 64.33798]]}, "properties": {"P": 26.75, "tau": 24.52, "tau_c": 63.61, "omega": 22.22, "M": 0.39, "D": 0.16, "R": 0.08, "sving": 0.46, "os": 0.38, "foss": 0.0, "juv": 0.0, "B": 0.64, "Q": 7.15, "w": 24.06, "h": 0.33, "S": 0.00763, "elv": "Storelva", "km": 7.5}}, {"type": "Feature", "geometry": {"type": "LineString", "coordinates": [[10.86018, 64.33798], [10.85814, 64.338]]}, "properties": {"P": 25.74, "tau": 21.28, "tau_c": 57.45, "omega": 18.13, "M": 0.37, "D": 0.15, "R": 0.07, "sving": 0.24, "os": 0.58, "foss": 0.0, "juv": 0.0, "B": 0.64, "Q": 7.15, "w": 24.06, "h": 0.35, "S": 0.00622, "elv": "Storelva", "km": 7.6}}, {"type": "Feature", "geometry": {"type": "LineString", "coordinates": [[10.85814, 64.338], [10.85702, 64.33853]]}, "properties": {"P": 37.52, "tau": 22.02, "tau_c": 58.89, "omega": 19.04, "M": 0.37, "D": 0.15, "R": 0.07, "sving": 0.4, "os": 0.94, "foss": 0.0, "juv": 0.0, "B": 0.64, "Q": 7.15, "w": 24.06, "h": 0.34, "S": 0.00654, "elv": "Storelva", "km": 7.7}}, {"type": "Feature", "geometry": {"type": "LineString", "coordinates": [[10.85702, 64.33853], [10.85753, 64.33936]]}, "properties": {"P": 32.92, "tau": 15.12, "tau_c": 46.03, "omega": 11.03, "M": 0.33, "D": 0.19, "R": 0.04, "sving": 0.43, "os": 0.7, "foss": 0.0, "juv": 0.0, "B": 0.64, "Q": 7.15, "w": 25.38, "h": 0.39, "S": 0.00399, "elv": "Storelva", "km": 7.8}}, {"type": "Feature", "geometry": {"type": "LineString", "coordinates": [[10.85753, 64.33936], [10.85628, 64.34001]]}, "properties": {"P": 38.81, "tau": 14.65, "tau_c": 46.03, "omega": 10.49, "M": 0.32, "D": 0.21, "R": 0.04, "sving": 0.4, "os": 0.97, "foss": 0.0, "juv": 0.0, "B": 0.64, "Q": 7.15, "w": 26.71, "h": 0.37, "S": 0.00399, "elv": "Storelva", "km": 7.9}}, {"type": "Feature", "geometry": {"type": "LineString", "coordinates": [[10.85628, 64.34001], [10.85552, 64.34075]]}, "properties": {"P": 29.08, "tau": 13.77, "tau_c": 36.39, "omega": 10.14, "M": 0.38, "D": 0.26, "R": 0.07, "sving": 0.13, "os": 0.61, "foss": 0.0, "juv": 0.0, "B": 0.68, "Q": 11.61, "w": 28.04, "h": 0.56, "S": 0.0025, "elv": "Storelva", "km": 8.0}}, {"type": "Feature", "geometry": {"type": "LineString", "coordinates": [[10.85448, 64.34296], [10.85251, 64.34308]]}, "properties": {"P": 7.7, "tau": 6.46, "tau_c": 21.21, "omega": 3.41, "M": 0.3, "D": -0.0, "R": 0.03, "sving": 0.16, "os": 0.11, "foss": 0.0, "juv": 0.0, "B": 0.68, "Q": 11.65, "w": 28.43, "h": 0.78, "S": 0.00085, "elv": "Storelva", "km": 8.4}}, {"type": "Feature", "geometry": {"type": "LineString", "coordinates": [[10.85251, 64.34308], [10.85199, 64.34392]]}, "properties": {"P": 4.52, "tau": 6.48, "tau_c": 21.21, "omega": 3.43, "M": 0.31, "D": -0.0, "R": 0.03, "sving": 0.05, "os": 0.09, "foss": 0.0, "juv": 0.0, "B": 0.68, "Q": 11.66, "w": 28.29, "h": 0.78, "S": 0.00085, "elv": "Storelva", "km": 8.5}}, {"type": "Feature", "geometry": {"type": "LineString", "coordinates": [[10.85199, 64.34392], [10.85102, 64.34469]]}, "properties": {"P": 10.24, "tau": 19.05, "tau_c": 44.46, "omega": 16.34, "M": 0.43, "D": -0.0, "R": 0.11, "sving": 0.18, "os": 0.05, "foss": 0.0, "juv": 0.0, "B": 0.69, "Q": 12.58, "w": 28.14, "h": 0.52, "S": 0.00373, "elv": "Storelva", "km": 8.6}}, {"type": "Feature", "geometry": {"type": "LineString", "coordinates": [[10.85102, 64.34469], [10.84943, 64.34515]]}, "properties": {"P": 13.03, "tau": 27.89, "tau_c": 58.65, "omega": 28.22, "M": 0.48, "D": -0.0, "R": 0.16, "sving": 0.22, "os": 0.05, "foss": 0.0, "juv": 0.0, "B": 0.69, "Q": 12.6, "w": 28.39, "h": 0.44, "S": 0.00648, "elv": "Storelva", "km": 8.7}}, {"type": "Feature", "geometry": {"type": "LineString", "coordinates": [[10.84943, 64.34515], [10.84787, 64.34563]]}, "properties": {"P": 10.59, "tau": 34.71, "tau_c": 68.59, "omega": 38.65, "M": 0.51, "D": -0.0, "R": 0.19, "sving": 0.04, "os": 0.07, "foss": 0.0, "juv": 0.0, "B": 0.69, "Q": 12.62, "w": 28.39, "h": 0.4, "S": 0.00887, "elv": "Storelva", "km": 8.8}}, {"type": "Feature", "geometry": {"type": "LineString", "coordinates": [[10.84787, 64.34563], [10.84635, 64.34623]]}, "properties": {"P": 15.06, "tau": 38.1, "tau_c": 75.99, "omega": 43.76, "M": 0.5, "D": -0.0, "R": 0.19, "sving": 0.22, "os": 0.09, "foss": 0.0, "juv": 0.0, "B": 0.69, "Q": 12.62, "w": 30.8, "h": 0.36, "S": 0.01088, "elv": "Storelva", "km": 8.9}}, {"type": "Feature", "geometry": {"type": "LineString", "coordinates": [[10.84635, 64.34623], [10.8456, 64.34704]]}, "properties": {"P": 22.32, "tau": 42.43, "tau_c": 82.53, "omega": 50.99, "M": 0.51, "D": -0.0, "R": 0.2, "sving": 0.47, "os": 0.11, "foss": 0.0, "juv": 0.0, "B": 0.69, "Q": 12.63, "w": 31.2, "h": 0.34, "S": 0.01284, "elv": "Storelva", "km": 9.0}}, {"type": "Feature", "geometry": {"type": "LineString", "coordinates": [[10.8456, 64.34704], [10.8448, 64.34786]]}, "properties": {"P": 33.72, "tau": 45.65, "tau_c": 87.44, "omega": 56.56, "M": 0.52, "D": 0.0, "R": 0.21, "sving": 0.88, "os": 0.15, "foss": 0.0, "juv": 0.0, "B": 0.69, "Q": 12.64, "w": 31.6, "h": 0.32, "S": 0.01441, "elv": "Storelva", "km": 9.1}}, {"type": "Feature", "geometry": {"type": "LineString", "coordinates": [[10.8448, 64.34786], [10.84535, 64.34862]]}, "properties": {"P": 26.85, "tau": 39.76, "tau_c": 78.75, "omega": 46.45, "M": 0.5, "D": 0.02, "R": 0.19, "sving": 0.58, "os": 0.18, "foss": 0.0, "juv": 0.0, "B": 0.69, "Q": 12.64, "w": 31.21, "h": 0.35, "S": 0.01169, "elv": "Storelva", "km": 9.2}}, {"type": "Feature", "geometry": {"type": "LineString", "coordinates": [[10.84535, 64.34862], [10.8474, 64.34867]]}, "properties": {"P": 20.29, "tau": 41.9, "tau_c": 82.19, "omega": 50.03, "M": 0.51, "D": 0.02, "R": 0.2, "sving": 0.21, "os": 0.27, "foss": 0.0, "juv": 0.0, "B": 0.69, "Q": 12.66, "w": 31.62, "h": 0.34, "S": 0.01273, "elv": "Storelva", "km": 9.3}}, {"type": "Feature", "geometry": {"type": "LineString", "coordinates": [[10.8474, 64.34867], [10.84921, 64.34902]]}, "properties": {"P": 26.69, "tau": 41.98, "tau_c": 82.32, "omega": 50.15, "M": 0.51, "D": 0.03, "R": 0.2, "sving": 0.33, "os": 0.39, "foss": 0.0, "juv": 0.0, "B": 0.69, "Q": 12.67, "w": 31.66, "h": 0.34, "S": 0.01277, "elv": "Storelva", "km": 9.4}}, {"type": "Feature", "geometry": {"type": "LineString", "coordinates": [[10.84921, 64.34902], [10.84956, 64.34987]]}, "properties": {"P": 42.29, "tau": 40.73, "tau_c": 80.6, "omega": 48.02, "M": 0.51, "D": 0.03, "R": 0.19, "sving": 0.79, "os": 0.58, "foss": 0.0, "juv": 0.0, "B": 0.69, "Q": 12.68, "w": 31.71, "h": 0.34, "S": 0.01224, "elv": "Storelva", "km": 9.5}}, {"type": "Feature", "geometry": {"type": "LineString", "coordinates": [[10.84956, 64.34987], [10.84842, 64.35061]]}, "properties": {"P": 53.5, "tau": 38.47, "tau_c": 77.03, "omega": 44.31, "M": 0.5, "D": 0.03, "R": 0.19, "sving": 0.92, "os": 0.91, "foss": 0.0, "juv": 0.0, "B": 0.69, "Q": 12.83, "w": 31.77, "h": 0.35, "S": 0.01118, "elv": "Storelva", "km": 9.6}}, {"type": "Feature", "geometry": {"type": "LineString", "coordinates": [[10.84842, 64.35061], [10.84725, 64.35135]]}, "properties": {"P": 42.18, "tau": 37.65, "tau_c": 76.28, "omega": 42.89, "M": 0.49, "D": 0.03, "R": 0.18, "sving": 0.78, "os": 0.6, "foss": 0.0, "juv": 0.0, "B": 0.69, "Q": 12.85, "w": 32.23, "h": 0.35, "S": 0.01097, "elv": "Storelva", "km": 9.7}}, {"type": "Feature", "geometry": {"type": "LineString", "coordinates": [[10.84725, 64.35135], [10.84533, 64.35157]]}, "properties": {"P": 30.95, "tau": 40.4, "tau_c": 80.25, "omega": 47.46, "M": 0.5, "D": 0.03, "R": 0.19, "sving": 0.54, "os": 0.37, "foss": 0.0, "juv": 0.0, "B": 0.69, "Q": 12.87, "w": 32.29, "h": 0.34, "S": 0.01214, "elv": "Storelva", "km": 9.8}}, {"type": "Feature", "geometry": {"type": "LineString", "coordinates": [[10.84533, 64.35157], [10.84342, 64.35127]]}, "properties": {"P": 19.7, "tau": 35.88, "tau_c": 73.66, "omega": 40.03, "M": 0.49, "D": 0.05, "R": 0.17, "sving": 0.21, "os": 0.24, "foss": 0.0, "juv": 0.0, "B": 0.69, "Q": 12.9, "w": 32.31, "h": 0.36, "S": 0.01023, "elv": "Storelva", "km": 9.9}}, {"type": "Feature", "geometry": {"type": "LineString", "coordinates": [[10.84342, 64.35127], [10.84159, 64.35087]]}, "properties": {"P": 16.54, "tau": 34.07, "tau_c": 70.96, "omega": 37.17, "M": 0.48, "D": 0.04, "R": 0.16, "sving": 0.17, "os": 0.18, "foss": 0.0, "juv": 0.0, "B": 0.69, "Q": 12.91, "w": 32.33, "h": 0.37, "S": 0.00949, "elv": "Storelva", "km": 10.0}}, {"type": "Feature", "geometry": {"type": "LineString", "coordinates": [[10.84159, 64.35087], [10.83982, 64.3512]]}, "properties": {"P": 19.69, "tau": 34.99, "tau_c": 72.34, "omega": 38.63, "M": 0.48, "D": 0.03, "R": 0.17, "sving": 0.35, "os": 0.13, "foss": 0.0, "juv": 0.0, "B": 0.69, "Q": 12.92, "w": 32.37, "h": 0.36, "S": 0.00986, "elv": "Storelva", "km": 10.1}}, {"type": "Feature", "geometry": {"type": "LineString", "coordinates": [[10.83982, 64.3512], [10.83826, 64.35179]]}, "properties": {"P": 21.48, "tau": 35.68, "tau_c": 73.39, "omega": 39.72, "M": 0.49, "D": 0.01, "R": 0.17, "sving": 0.5, "os": 0.08, "foss": 0.0, "juv": 0.0, "B": 0.69, "Q": 12.93, "w": 32.41, "h": 0.36, "S": 0.01015, "elv": "Storelva", "km": 10.2}}, {"type": "Feature", "geometry": {"type": "LineString", "coordinates": [[10.83826, 64.35179], [10.83655, 64.35229]]}, "properties": {"P": 11.51, "tau": 32.57, "tau_c": 68.52, "omega": 34.87, "M": 0.48, "D": 0.02, "R": 0.16, "sving": 0.13, "os": 0.05, "foss": 0.0, "juv": 0.0, "B": 0.69, "Q": 13.04, "w": 32.45, "h": 0.38, "S": 0.00885, "elv": "Storelva", "km": 10.3}}, {"type": "Feature", "geometry": {"type": "LineString", "coordinates": [[10.83655, 64.35229], [10.83522, 64.35298]]}, "properties": {"P": 18.07, "tau": 35.73, "tau_c": 73.23, "omega": 39.84, "M": 0.49, "D": 0.01, "R": 0.17, "sving": 0.44, "os": 0.0, "foss": 0.0, "juv": 0.0, "B": 0.69, "Q": 13.06, "w": 32.49, "h": 0.36, "S": 0.01011, "elv": "Storelva", "km": 10.4}}, {"type": "Feature", "geometry": {"type": "LineString", "coordinates": [[10.83522, 64.35298], [10.83329, 64.35302]]}, "properties": {"P": 9.15, "tau": 33.74, "tau_c": 70.28, "omega": 36.69, "M": 0.48, "D": 0.03, "R": 0.16, "sving": 0.06, "os": 0.0, "foss": 0.0, "juv": 0.0, "B": 0.69, "Q": 13.07, "w": 32.53, "h": 0.37, "S": 0.00931, "elv": "Storelva", "km": 10.5}}, {"type": "Feature", "geometry": {"type": "LineString", "coordinates": [[10.83329, 64.35302], [10.83144, 64.35263]]}, "properties": {"P": 12.9, "tau": 34.56, "tau_c": 71.51, "omega": 37.98, "M": 0.48, "D": 0.04, "R": 0.17, "sving": 0.19, "os": 0.0, "foss": 0.0, "juv": 0.0, "B": 0.69, "Q": 13.07, "w": 32.55, "h": 0.37, "S": 0.00964, "elv": "Storelva", "km": 10.6}}, {"type": "Feature", "geometry": {"type": "LineString", "coordinates": [[10.83144, 64.35263], [10.82979, 64.35297]]}, "properties": {"P": 15.54, "tau": 31.08, "tau_c": 66.25, "omega": 32.62, "M": 0.47, "D": 0.04, "R": 0.15, "sving": 0.32, "os": 0.0, "foss": 0.0, "juv": 0.0, "B": 0.69, "Q": 13.1, "w": 32.58, "h": 0.38, "S": 0.00827, "elv": "Storelva", "km": 10.7}}, {"type": "Feature", "geometry": {"type": "LineString", "coordinates": [[10.82979, 64.35297], [10.82941, 64.35385]]}, "properties": {"P": 11.4, "tau": 30.0, "tau_c": 64.61, "omega": 31.01, "M": 0.46, "D": 0.02, "R": 0.15, "sving": 0.19, "os": 0.0, "foss": 0.0, "juv": 0.0, "B": 0.69, "Q": 13.1, "w": 32.6, "h": 0.39, "S": 0.00787, "elv": "Storelva", "km": 10.8}}, {"type": "Feature", "geometry": {"type": "LineString", "coordinates": [[10.82941, 64.35385], [10.82818, 64.35454]]}, "properties": {"P": 9.63, "tau": 33.87, "tau_c": 70.35, "omega": 36.92, "M": 0.48, "D": 0.0, "R": 0.17, "sving": 0.11, "os": 0.0, "foss": 0.0, "juv": 0.0, "B": 0.69, "Q": 13.17, "w": 32.63, "h": 0.37, "S": 0.00933, "elv": "Storelva", "km": 10.9}}, {"type": "Feature", "geometry": {"type": "LineString", "coordinates": [[10.82818, 64.35454], [10.82612, 64.35459]]}, "properties": {"P": 7.91, "tau": 31.29, "tau_c": 66.45, "omega": 32.95, "M": 0.47, "D": 0.03, "R": 0.15, "sving": 0.03, "os": 0.0, "foss": 0.0, "juv": 0.0, "B": 0.69, "Q": 13.18, "w": 32.66, "h": 0.38, "S": 0.00832, "elv": "Storelva", "km": 11.0}}, {"type": "Feature", "geometry": {"type": "LineString", "coordinates": [[10.82612, 64.35459], [10.82467, 64.35515]]}, "properties": {"P": 7.61, "tau": 30.97, "tau_c": 65.97, "omega": 32.47, "M": 0.47, "D": 0.04, "R": 0.15, "sving": 0.0, "os": 0.0, "foss": 0.0, "juv": 0.0, "B": 0.69, "Q": 13.2, "w": 32.7, "h": 0.38, "S": 0.0082, "elv": "Storelva", "km": 11.1}}, {"type": "Feature", "geometry": {"type": "LineString", "coordinates": [[10.82467, 64.35515], [10.82414, 64.35602]]}, "properties": {"P": 15.45, "tau": 28.36, "tau_c": 61.93, "omega": 28.62, "M": 0.46, "D": 0.04, "R": 0.14, "sving": 0.33, "os": 0.0, "foss": 0.0, "juv": 0.0, "B": 0.69, "Q": 13.21, "w": 32.73, "h": 0.4, "S": 0.00723, "elv": "Storelva", "km": 11.2}}, {"type": "Feature", "geometry": {"type": "LineString", "coordinates": [[10.82414, 64.35602], [10.82292, 64.35672]]}, "properties": {"P": 11.1, "tau": 29.41, "tau_c": 63.66, "omega": 30.15, "M": 0.46, "D": 0.02, "R": 0.15, "sving": 0.18, "os": 0.0, "foss": 0.0, "juv": 0.0, "B": 0.69, "Q": 13.26, "w": 32.97, "h": 0.39, "S": 0.00764, "elv": "Storelva", "km": 11.3}}, {"type": "Feature", "geometry": {"type": "LineString", "coordinates": [[10.82292, 64.35672], [10.82175, 64.35742]]}, "properties": {"P": 13.07, "tau": 29.63, "tau_c": 64.2, "omega": 30.44, "M": 0.46, "D": 0.04, "R": 0.15, "sving": 0.15, "os": 0.08, "foss": 0.0, "juv": 0.0, "B": 0.69, "Q": 13.27, "w": 33.21, "h": 0.39, "S": 0.00777, "elv": "Storelva", "km": 11.4}}, {"type": "Feature", "geometry": {"type": "LineString", "coordinates": [[10.82175, 64.35742], [10.82105, 64.35826]]}, "properties": {"P": 13.54, "tau": 27.77, "tau_c": 59.74, "omega": 27.96, "M": 0.46, "D": 0.08, "R": 0.15, "sving": 0.07, "os": 0.12, "foss": 0.0, "juv": 0.0, "B": 0.7, "Q": 14.17, "w": 33.45, "h": 0.42, "S": 0.00673, "elv": "Storelva", "km": 11.5}}, {"type": "Feature", "geometry": {"type": "LineString", "coordinates": [[10.82105, 64.35826], [10.81976, 64.35896]]}, "properties": {"P": 19.94, "tau": 22.96, "tau_c": 52.26, "omega": 21.27, "M": 0.44, "D": 0.08, "R": 0.12, "sving": 0.3, "os": 0.2, "foss": 0.0, "juv": 0.0, "B": 0.7, "Q": 14.19, "w": 33.68, "h": 0.45, "S": 0.00515, "elv": "Storelva", "km": 11.6}}, {"type": "Feature", "geometry": {"type": "LineString", "coordinates": [[10.81976, 64.35896], [10.81887, 64.35975]]}, "properties": {"P": 31.11, "tau": 22.27, "tau_c": 51.27, "omega": 20.33, "M": 0.43, "D": 0.04, "R": 0.12, "sving": 0.36, "os": 0.31, "foss": 0.33, "juv": 0.0, "B": 0.7, "Q": 14.19, "w": 33.91, "h": 0.46, "S": 0.00495, "elv": "Storelva", "km": 11.7}}, {"type": "Feature", "geometry": {"type": "LineString", "coordinates": [[10.81887, 64.35975], [10.81921, 64.36063]]}, "properties": {"P": 42.33, "tau": 38.93, "tau_c": 76.49, "omega": 45.33, "M": 0.51, "D": -0.0, "R": 0.2, "sving": 0.48, "os": 0.48, "foss": 0.42, "juv": 0.0, "B": 0.7, "Q": 14.22, "w": 33.93, "h": 0.36, "S": 0.01103, "elv": "Storelva", "km": 11.8}}, {"type": "Feature", "geometry": {"type": "LineString", "coordinates": [[10.81921, 64.36063], [10.82032, 64.3613]]}, "properties": {"P": 52.8, "tau": 93.78, "tau_c": 138.28, "omega": 161.5, "M": 0.68, "D": -0.0, "R": 0.42, "sving": 0.07, "os": 0.78, "foss": 0.58, "juv": 0.0, "B": 0.7, "Q": 14.23, "w": 31.15, "h": 0.27, "S": 0.03604, "elv": "Storelva", "km": 11.9}}, {"type": "Feature", "geometry": {"type": "LineString", "coordinates": [[10.82032, 64.3613], [10.82112, 64.36179]]}, "properties": {"P": 66.45, "tau": 98.83, "tau_c": 143.59, "omega": 174.11, "M": 0.69, "D": -0.0, "R": 0.43, "sving": 0.18, "os": 0.78, "foss": 1.0, "juv": 0.0, "B": 0.7, "Q": 14.23, "w": 31.16, "h": 0.26, "S": 0.03886, "elv": "Storelva", "km": 12.0}}, {"type": "Feature", "geometry": {"type": "LineString", "coordinates": [[10.82112, 64.36179], [10.81988, 64.3625]]}, "properties": {"P": 67.56, "tau": 100.64, "tau_c": 145.47, "omega": 178.69, "M": 0.69, "D": -0.0, "R": 0.44, "sving": 0.44, "os": 0.56, "foss": 1.0, "juv": 0.0, "B": 0.7, "Q": 14.24, "w": 31.17, "h": 0.26, "S": 0.03988, "elv": "Storelva", "km": 12.1}}, {"type": "Feature", "geometry": {"type": "LineString", "coordinates": [[10.81988, 64.3625], [10.81924, 64.36334]]}, "properties": {"P": 55.65, "tau": 102.54, "tau_c": 147.4, "omega": 183.55, "M": 0.7, "D": 0.02, "R": 0.44, "sving": 0.27, "os": 0.44, "foss": 0.77, "juv": 0.0, "B": 0.7, "Q": 14.25, "w": 31.18, "h": 0.26, "S": 0.04095, "elv": "Storelva", "km": 12.2}}, {"type": "Feature", "geometry": {"type": "LineString", "coordinates": [[10.81924, 64.36334], [10.81817, 64.36411]]}, "properties": {"P": 56.38, "tau": 102.61, "tau_c": 147.47, "omega": 183.75, "M": 0.7, "D": 0.12, "R": 0.44, "sving": 0.55, "os": 0.28, "foss": 0.56, "juv": 0.0, "B": 0.7, "Q": 14.26, "w": 31.19, "h": 0.26, "S": 0.04099, "elv": "Storelva", "km": 12.3}}, {"type": "Feature", "geometry": {"type": "LineString", "coordinates": [[10.81817, 64.36411], [10.81796, 64.36492]]}, "properties": {"P": 44.51, "tau": 86.67, "tau_c": 135.59, "omega": 142.73, "M": 0.64, "D": 0.26, "R": 0.36, "sving": 0.27, "os": 0.18, "foss": 0.4, "juv": 0.0, "B": 0.7, "Q": 14.28, "w": 34.01, "h": 0.25, "S": 0.03465, "elv": "Storelva", "km": 12.4}}, {"type": "Feature", "geometry": {"type": "LineString", "coordinates": [[10.81796, 64.36492], [10.81946, 64.36554]]}, "properties": {"P": 33.01, "tau": 34.92, "tau_c": 70.69, "omega": 38.79, "M": 0.49, "D": 0.43, "R": 0.18, "sving": 0.05, "os": 0.11, "foss": 0.3, "juv": 0.0, "B": 0.7, "Q": 14.28, "w": 34.02, "h": 0.38, "S": 0.00942, "elv": "Storelva", "km": 12.5}}, {"type": "Feature", "geometry": {"type": "LineString", "coordinates": [[10.81946, 64.36554], [10.8202, 64.36632]]}, "properties": {"P": 29.96, "tau": 28.18, "tau_c": 60.58, "omega": 28.53, "M": 0.47, "D": 0.4, "R": 0.15, "sving": 0.35, "os": 0.08, "foss": 0.0, "juv": 0.0, "B": 0.7, "Q": 14.32, "w": 34.05, "h": 0.42, "S": 0.00692, "elv": "Storelva", "km": 12.6}}, {"type": "Feature", "geometry": {"type": "LineString", "coordinates": [[10.8202, 64.36632], [10.81897, 64.36698]]}, "properties": {"P": 32.08, "tau": 23.78, "tau_c": 53.63, "omega": 22.36, "M": 0.44, "D": 0.29, "R": 0.13, "sving": 0.65, "os": 0.05, "foss": 0.0, "juv": 0.0, "B": 0.7, "Q": 14.32, "w": 34.08, "h": 0.45, "S": 0.00542, "elv": "Storelva", "km": 12.7}}, {"type": "Feature", "geometry": {"type": "LineString", "coordinates": [[10.81897, 64.36698], [10.81719, 64.36744]]}, "properties": {"P": 20.49, "tau": 23.22, "tau_c": 52.66, "omega": 21.61, "M": 0.44, "D": 0.09, "R": 0.12, "sving": 0.49, "os": 0.0, "foss": 0.0, "juv": 0.0, "B": 0.7, "Q": 14.37, "w": 34.1, "h": 0.45, "S": 0.00523, "elv": "Storelva", "km": 12.8}}, {"type": "Feature", "geometry": {"type": "LineString", "coordinates": [[10.81719, 64.36744], [10.81562, 64.36796]]}, "properties": {"P": 9.21, "tau": 23.47, "tau_c": 53.08, "omega": 21.95, "M": 0.44, "D": 0.03, "R": 0.13, "sving": 0.12, "os": 0.0, "foss": 0.0, "juv": 0.0, "B": 0.7, "Q": 14.38, "w": 34.11, "h": 0.45, "S": 0.00531, "elv": "Storelva", "km": 12.9}}, {"type": "Feature", "geometry": {"type": "LineString", "coordinates": [[10.88539, 64.37649], [10.88509, 64.37562]]}, "properties": {"P": 43.32, "tau": 115.87, "tau_c": 242.63, "omega": 189.79, "M": 0.48, "D": 0.0, "R": 0.16, "sving": 0.37, "os": 0.08, "foss": 1.0, "juv": 0.0, "B": 0.71, "Q": 1.64, "w": 9.4, "h": 0.11, "S": 0.11096, "elv": "Tuvbekken", "km": 1.5}}, {"type": "Feature", "geometry": {"type": "LineString", "coordinates": [[10.92438, 64.35259], [10.92263, 64.35303]]}, "properties": {"P": 26.58, "tau": 60.96, "tau_c": 191.39, "omega": 70.33, "M": 0.32, "D": 0.01, "R": 0.04, "sving": 0.12, "os": 0.72, "foss": 1.0, "juv": 0.0, "B": 0.39, "Q": 0.75, "w": 7.27, "h": 0.09, "S": 0.06904, "elv": "Litlstøa", "km": 2.4}}, {"type": "Feature", "geometry": {"type": "LineString", "coordinates": [[10.92263, 64.35303], [10.9207, 64.35333]]}, "properties": {"P": 31.58, "tau": 52.07, "tau_c": 173.52, "omega": 55.89, "M": 0.3, "D": 0.07, "R": 0.03, "sving": 0.29, "os": 0.84, "foss": 1.0, "juv": 0.0, "B": 0.39, "Q": 0.76, "w": 7.6, "h": 0.09, "S": 0.05675, "elv": "Litlstøa", "km": 2.5}}, {"type": "Feature", "geometry": {"type": "LineString", "coordinates": [[10.90038, 64.35874], [10.89906, 64.35943]]}, "properties": {"P": 12.63, "tau": 52.7, "tau_c": 156.66, "omega": 59.07, "M": 0.34, "D": 0.0, "R": 0.04, "sving": 0.24, "os": 0.0, "foss": 0.51, "juv": 0.0, "B": 0.43, "Q": 1.35, "w": 10.34, "h": 0.12, "S": 0.04626, "elv": "Litlstøa", "km": 4.1}}, {"type": "Feature", "geometry": {"type": "LineString", "coordinates": [[10.89906, 64.35943], [10.89766, 64.36009]]}, "properties": {"P": 21.65, "tau": 58.7, "tau_c": 169.8, "omega": 68.89, "M": 0.35, "D": 0.0, "R": 0.05, "sving": 0.34, "os": 0.0, "foss": 1.0, "juv": 0.0, "B": 0.43, "Q": 1.35, "w": 10.42, "h": 0.11, "S": 0.05434, "elv": "Litlstøa", "km": 4.2}}, {"type": "Feature", "geometry": {"type": "LineString", "coordinates": [[10.89766, 64.36009], [10.89734, 64.36087]]}, "properties": {"P": 20.67, "tau": 50.71, "tau_c": 153.43, "omega": 55.79, "M": 0.33, "D": 0.01, "R": 0.04, "sving": 0.27, "os": 0.0, "foss": 1.0, "juv": 0.0, "B": 0.43, "Q": 1.35, "w": 10.5, "h": 0.12, "S": 0.04437, "elv": "Litlstøa", "km": 4.3}}, {"type": "Feature", "geometry": {"type": "LineString", "coordinates": [[10.89734, 64.36087], [10.89757, 64.36154]]}, "properties": {"P": 17.98, "tau": 53.99, "tau_c": 156.51, "omega": 61.53, "M": 0.34, "D": 0.01, "R": 0.05, "sving": 0.07, "os": 0.0, "foss": 1.0, "juv": 0.0, "B": 0.43, "Q": 1.44, "w": 10.59, "h": 0.12, "S": 0.04617, "elv": "Litlstøa", "km": 4.4}}, {"type": "Feature", "geometry": {"type": "LineString", "coordinates": [[10.89757, 64.36154], [10.89567, 64.36166]]}, "properties": {"P": 17.31, "tau": 53.62, "tau_c": 156.51, "omega": 60.84, "M": 0.34, "D": 0.04, "R": 0.05, "sving": 0.27, "os": 0.0, "foss": 0.72, "juv": 0.0, "B": 0.43, "Q": 1.45, "w": 10.8, "h": 0.12, "S": 0.04617, "elv": "Litlstøa", "km": 4.5}}, {"type": "Feature", "geometry": {"type": "LineString", "coordinates": [[10.89567, 64.36166], [10.8946, 64.36241]]}, "properties": {"P": 17.34, "tau": 54.51, "tau_c": 158.6, "omega": 62.28, "M": 0.34, "D": 0.08, "R": 0.05, "sving": 0.42, "os": 0.0, "foss": 0.51, "juv": 0.0, "B": 0.43, "Q": 1.46, "w": 10.93, "h": 0.12, "S": 0.04741, "elv": "Litlstøa", "km": 4.6}}, {"type": "Feature", "geometry": {"type": "LineString", "coordinates": [[10.8946, 64.36241], [10.89299, 64.36297]]}, "properties": {"P": 14.53, "tau": 43.28, "tau_c": 133.27, "omega": 44.86, "M": 0.32, "D": 0.15, "R": 0.04, "sving": 0.3, "os": 0.0, "foss": 0.37, "juv": 0.0, "B": 0.44, "Q": 1.5, "w": 10.99, "h": 0.13, "S": 0.03347, "elv": "Litlstøa", "km": 4.7}}, {"type": "Feature", "geometry": {"type": "LineString", "coordinates": [[10.89299, 64.36297], [10.89128, 64.36346]]}, "properties": {"P": 21.25, "tau": 36.33, "tau_c": 117.09, "omega": 34.94, "M": 0.31, "D": 0.17, "R": 0.03, "sving": 0.1, "os": 0.0, "foss": 1.0, "juv": 0.0, "B": 0.44, "Q": 1.52, "w": 11.05, "h": 0.14, "S": 0.02584, "elv": "Litlstøa", "km": 4.8}}, {"type": "Feature", "geometry": {"type": "LineString", "coordinates": [[10.89128, 64.36346], [10.89024, 64.36411]]}, "properties": {"P": 21.89, "tau": 33.95, "tau_c": 111.81, "omega": 31.69, "M": 0.3, "D": 0.13, "R": 0.03, "sving": 0.19, "os": 0.0, "foss": 1.0, "juv": 0.0, "B": 0.44, "Q": 1.52, "w": 11.11, "h": 0.15, "S": 0.02356, "elv": "Litlstøa", "km": 4.9}}, {"type": "Feature", "geometry": {"type": "LineString", "coordinates": [[10.88878, 64.36471], [10.88803, 64.36549]]}, "properties": {"P": 16.75, "tau": 32.68, "tau_c": 108.32, "omega": 30.04, "M": 0.3, "D": 0.17, "R": 0.03, "sving": 0.29, "os": 0.0, "foss": 0.51, "juv": 0.0, "B": 0.44, "Q": 1.55, "w": 11.2, "h": 0.15, "S": 0.02211, "elv": "Litlstøa", "km": 5.1}}, {"type": "Feature", "geometry": {"type": "LineString", "coordinates": [[10.88512, 64.36715], [10.88346, 64.36768]]}, "properties": {"P": 5.48, "tau": 36.38, "tau_c": 113.97, "omega": 35.31, "M": 0.32, "D": 0.0, "R": 0.04, "sving": 0.29, "os": 0.0, "foss": 0.0, "juv": 0.0, "B": 0.44, "Q": 1.65, "w": 11.19, "h": 0.15, "S": 0.02448, "elv": "Litlstøa", "km": 5.5}}, {"type": "Feature", "geometry": {"type": "LineString", "coordinates": [[10.88346, 64.36768], [10.88197, 64.3683]]}, "properties": {"P": 3.85, "tau": 43.05, "tau_c": 128.77, "omega": 44.95, "M": 0.33, "D": 0.0, "R": 0.04, "sving": 0.17, "os": 0.0, "foss": 0.0, "juv": 0.0, "B": 0.44, "Q": 1.65, "w": 11.26, "h": 0.14, "S": 0.03125, "elv": "Litlstøa", "km": 5.6}}, {"type": "Feature", "geometry": {"type": "LineString", "coordinates": [[10.88197, 64.3683], [10.88081, 64.36903]]}, "properties": {"P": 24.28, "tau": 43.13, "tau_c": 128.74, "omega": 45.08, "M": 0.34, "D": 0.0, "R": 0.04, "sving": 0.48, "os": 0.0, "foss": 1.0, "juv": 0.0, "B": 0.44, "Q": 1.66, "w": 11.28, "h": 0.14, "S": 0.03124, "elv": "Litlstøa", "km": 5.7}}, {"type": "Feature", "geometry": {"type": "LineString", "coordinates": [[10.88081, 64.36903], [10.8789, 64.36936]]}, "properties": {"P": 24.95, "tau": 45.67, "tau_c": 133.97, "omega": 48.97, "M": 0.34, "D": 0.0, "R": 0.05, "sving": 0.51, "os": 0.0, "foss": 1.0, "juv": 0.0, "B": 0.44, "Q": 1.67, "w": 11.3, "h": 0.14, "S": 0.03383, "elv": "Litlstøa", "km": 5.8}}, {"type": "Feature", "geometry": {"type": "LineString", "coordinates": [[10.8789, 64.36936], [10.87939, 64.36996]]}, "properties": {"P": 16.99, "tau": 57.48, "tau_c": 159.74, "omega": 67.89, "M": 0.36, "D": 0.0, "R": 0.06, "sving": 0.2, "os": 0.07, "foss": 0.72, "juv": 0.0, "B": 0.44, "Q": 1.67, "w": 11.63, "h": 0.12, "S": 0.0481, "elv": "Litlstøa", "km": 5.9}}, {"type": "Feature", "geometry": {"type": "LineString", "coordinates": [[10.87939, 64.36996], [10.88043, 64.37067]]}, "properties": {"P": 11.57, "tau": 63.5, "tau_c": 171.64, "omega": 78.32, "M": 0.37, "D": 0.01, "R": 0.07, "sving": 0.03, "os": 0.08, "foss": 0.51, "juv": 0.0, "B": 0.44, "Q": 1.67, "w": 11.64, "h": 0.12, "S": 0.05553, "elv": "Litlstøa", "km": 6.0}}, {"type": "Feature", "geometry": {"type": "LineString", "coordinates": [[10.88043, 64.37067], [10.88029, 64.37151]]}, "properties": {"P": 18.55, "tau": 47.81, "tau_c": 140.05, "omega": 52.12, "M": 0.34, "D": 0.01, "R": 0.05, "sving": 0.02, "os": 0.07, "foss": 1.0, "juv": 0.0, "B": 0.44, "Q": 1.67, "w": 11.64, "h": 0.13, "S": 0.03697, "elv": "Litlstøa", "km": 6.1}}, {"type": "Feature", "geometry": {"type": "LineString", "coordinates": [[10.88029, 64.37151], [10.87856, 64.37188]]}, "properties": {"P": 25.3, "tau": 54.87, "tau_c": 154.58, "omega": 63.5, "M": 0.35, "D": 0.01, "R": 0.06, "sving": 0.41, "os": 0.09, "foss": 1.0, "juv": 0.0, "B": 0.44, "Q": 1.67, "w": 11.64, "h": 0.12, "S": 0.04504, "elv": "Litlstøa", "km": 6.2}}, {"type": "Feature", "geometry": {"type": "LineString", "coordinates": [[10.87856, 64.37188], [10.87913, 64.3727]]}, "properties": {"P": 17.65, "tau": 61.92, "tau_c": 169.34, "omega": 75.44, "M": 0.37, "D": 0.0, "R": 0.06, "sving": 0.17, "os": 0.13, "foss": 0.72, "juv": 0.0, "B": 0.44, "Q": 1.67, "w": 11.76, "h": 0.12, "S": 0.05405, "elv": "Litlstøa", "km": 6.3}}, {"type": "Feature", "geometry": {"type": "LineString", "coordinates": [[10.87913, 64.3727], [10.8783, 64.37332]]}, "properties": {"P": 24.33, "tau": 69.0, "tau_c": 183.8, "omega": 88.0, "M": 0.38, "D": 0.0, "R": 0.07, "sving": 0.3, "os": 0.14, "foss": 1.0, "juv": 0.0, "B": 0.44, "Q": 1.67, "w": 11.88, "h": 0.11, "S": 0.06367, "elv": "Litlstøa", "km": 6.4}}, {"type": "Feature", "geometry": {"type": "LineString", "coordinates": [[10.84414, 64.36754], [10.84322, 64.36824]]}, "properties": {"P": 63.24, "tau": 201.5, "tau_c": 279.34, "omega": 456.02, "M": 0.72, "D": 0.0, "R": 0.47, "sving": 0.33, "os": 0.38, "foss": 1.0, "juv": 0.0, "B": 0.71, "Q": 4.3, "w": 13.6, "h": 0.14, "S": 0.14708, "elv": "Gaupdalsbekken", "km": 1.2}}, {"type": "Feature", "geometry": {"type": "LineString", "coordinates": [[10.9461, 64.31744], [10.94422, 64.31771]]}, "properties": {"P": 16.5, "tau": 93.55, "tau_c": 300.39, "omega": 124.06, "M": 0.31, "D": 0.0, "R": 0.03, "sving": 0.04, "os": 0.19, "foss": 1.0, "juv": 0.0, "B": 0.36, "Q": 0.45, "w": 6.06, "h": 0.06, "S": 0.17008, "elv": "Gomholbekken", "km": 1.0}}, {"type": "Feature", "geometry": {"type": "LineString", "coordinates": [[10.94422, 64.31771], [10.94231, 64.31794]]}, "properties": {"P": 20.5, "tau": 88.67, "tau_c": 288.16, "omega": 115.02, "M": 0.31, "D": 0.02, "R": 0.03, "sving": 0.21, "os": 0.3, "foss": 1.0, "juv": 0.0, "B": 0.36, "Q": 0.46, "w": 6.09, "h": 0.06, "S": 0.15651, "elv": "Gomholbekken", "km": 1.1}}, {"type": "Feature", "geometry": {"type": "LineString", "coordinates": [[10.94252, 64.31866], [10.94075, 64.3182]]}, "properties": {"P": 36.73, "tau": 89.39, "tau_c": 288.48, "omega": 116.54, "M": 0.31, "D": 0.0, "R": 0.03, "sving": 0.11, "os": 0.63, "foss": 1.0, "juv": 0.0, "B": 0.58, "Q": 0.46, "w": 6.11, "h": 0.06, "S": 0.15685, "elv": "Langsteinholbekken", "km": 1.4}}, {"type": "Feature", "geometry": {"type": "LineString", "coordinates": [[10.92712, 64.32408], [10.92529, 64.32401]]}, "properties": {"P": 10.49, "tau": 34.68, "tau_c": 71.9, "omega": 37.56, "M": 0.48, "D": -0.0, "R": 0.17, "sving": 0.28, "os": 0.0, "foss": 0.0, "juv": 0.0, "B": 0.53, "Q": 6.25, "w": 15.9, "h": 0.36, "S": 0.00974, "elv": "bekk", "km": 2.4}}, {"type": "Feature", "geometry": {"type": "LineString", "coordinates": [[10.83381, 64.32806], [10.83586, 64.3281]]}, "properties": {"P": 15.35, "tau": 27.02, "tau_c": 88.29, "omega": 23.4, "M": 0.31, "D": 0.02, "R": 0.03, "sving": 0.17, "os": 0.16, "foss": 1.0, "juv": 0.0, "B": 0.31, "Q": 2.14, "w": 13.19, "h": 0.19, "S": 0.01469, "elv": "Krokelva", "km": 0.0}}, {"type": "Feature", "geometry": {"type": "LineString", "coordinates": [[10.83586, 64.3281], [10.83778, 64.3278]]}, "properties": {"P": 18.81, "tau": 27.64, "tau_c": 89.48, "omega": 24.2, "M": 0.31, "D": 0.02, "R": 0.03, "sving": 0.09, "os": 0.27, "foss": 0.72, "juv": 0.0, "B": 0.46, "Q": 2.16, "w": 13.21, "h": 0.19, "S": 0.01509, "elv": "Krokelva", "km": 0.1}}, {"type": "Feature", "geometry": {"type": "LineString", "coordinates": [[10.83975, 64.32765], [10.84174, 64.32785]]}, "properties": {"P": 27.46, "tau": 49.26, "tau_c": 138.4, "omega": 55.1, "M": 0.36, "D": 0.0, "R": 0.06, "sving": 0.53, "os": 0.7, "foss": 0.37, "juv": 0.0, "B": 0.46, "Q": 2.16, "w": 13.89, "h": 0.14, "S": 0.03611, "elv": "Krokelva", "km": 0.3}}, {"type": "Feature", "geometry": {"type": "LineString", "coordinates": [[10.84174, 64.32785], [10.8432, 64.32831]]}, "properties": {"P": 25.61, "tau": 57.5, "tau_c": 141.19, "omega": 70.75, "M": 0.41, "D": 0.0, "R": 0.09, "sving": 0.51, "os": 0.86, "foss": 0.0, "juv": 0.0, "B": 0.47, "Q": 2.73, "w": 14.24, "h": 0.16, "S": 0.03757, "elv": "Krokelva", "km": 0.4}}, {"type": "Feature", "geometry": {"type": "LineString", "coordinates": [[10.8432, 64.32831], [10.84417, 64.32908]]}, "properties": {"P": 37.44, "tau": 81.17, "tau_c": 182.71, "omega": 115.62, "M": 0.44, "D": 0.0, "R": 0.13, "sving": 0.46, "os": 0.55, "foss": 1.0, "juv": 0.0, "B": 0.47, "Q": 2.73, "w": 14.59, "h": 0.13, "S": 0.06292, "elv": "Krokelva", "km": 0.5}}, {"type": "Feature", "geometry": {"type": "LineString", "coordinates": [[10.84417, 64.32908], [10.84494, 64.3299]]}, "properties": {"P": 31.22, "tau": 86.41, "tau_c": 191.96, "omega": 126.32, "M": 0.45, "D": 0.0, "R": 0.13, "sving": 0.28, "os": 0.35, "foss": 1.0, "juv": 0.0, "B": 0.47, "Q": 2.77, "w": 14.95, "h": 0.13, "S": 0.06945, "elv": "Krokelva", "km": 0.6}}, {"type": "Feature", "geometry": {"type": "LineString", "coordinates": [[10.84494, 64.3299], [10.84517, 64.33078]]}, "properties": {"P": 29.45, "tau": 91.69, "tau_c": 200.37, "omega": 137.5, "M": 0.46, "D": 0.0, "R": 0.14, "sving": 0.3, "os": 0.22, "foss": 1.0, "juv": 0.0, "B": 0.47, "Q": 2.77, "w": 14.98, "h": 0.12, "S": 0.07567, "elv": "Krokelva", "km": 0.7}}, {"type": "Feature", "geometry": {"type": "LineString", "coordinates": [[10.84517, 64.33078], [10.84556, 64.33165]]}, "properties": {"P": 26.94, "tau": 115.15, "tau_c": 228.74, "omega": 192.26, "M": 0.5, "D": 0.0, "R": 0.19, "sving": 0.14, "os": 0.14, "foss": 1.0, "juv": 0.0, "B": 0.48, "Q": 2.78, "w": 14.0, "h": 0.12, "S": 0.09861, "elv": "Krokelva", "km": 0.8}}, {"type": "Feature", "geometry": {"type": "LineString", "coordinates": [[10.84556, 64.33165], [10.84498, 64.33249]]}, "properties": {"P": 26.18, "tau": 98.49, "tau_c": 204.51, "omega": 153.69, "M": 0.48, "D": 0.06, "R": 0.17, "sving": 0.11, "os": 0.09, "foss": 1.0, "juv": 0.0, "B": 0.48, "Q": 2.79, "w": 14.01, "h": 0.13, "S": 0.07883, "elv": "Krokelva", "km": 0.9}}, {"type": "Feature", "geometry": {"type": "LineString", "coordinates": [[10.84498, 64.33249], [10.84499, 64.33329]]}, "properties": {"P": 28.38, "tau": 95.2, "tau_c": 199.61, "omega": 146.4, "M": 0.48, "D": 0.1, "R": 0.16, "sving": 0.22, "os": 0.06, "foss": 1.0, "juv": 0.0, "B": 0.48, "Q": 2.79, "w": 14.05, "h": 0.13, "S": 0.0751, "elv": "Krokelva", "km": 1.0}}, {"type": "Feature", "geometry": {"type": "LineString", "coordinates": [[10.84499, 64.33329], [10.84577, 64.33411]]}, "properties": {"P": 22.69, "tau": 72.88, "tau_c": 164.95, "omega": 99.81, "M": 0.44, "D": 0.1, "R": 0.13, "sving": 0.01, "os": 0.0, "foss": 1.0, "juv": 0.0, "B": 0.48, "Q": 2.79, "w": 14.09, "h": 0.14, "S": 0.05128, "elv": "Krokelva", "km": 1.1}}, {"type": "Feature", "geometry": {"type": "LineString", "coordinates": [[10.84577, 64.33411], [10.84719, 64.33472]]}, "properties": {"P": 21.72, "tau": 78.41, "tau_c": 173.01, "omega": 111.0, "M": 0.45, "D": 0.04, "R": 0.14, "sving": 0.29, "os": 0.0, "foss": 0.72, "juv": 0.0, "B": 0.48, "Q": 2.85, "w": 14.19, "h": 0.14, "S": 0.05642, "elv": "Krokelva", "km": 1.2}}, {"type": "Feature", "geometry": {"type": "LineString", "coordinates": [[10.84719, 64.33472], [10.84667, 64.33544]]}, "properties": {"P": 19.65, "tau": 98.19, "tau_c": 210.01, "omega": 151.81, "M": 0.47, "D": 0.0, "R": 0.15, "sving": 0.4, "os": 0.0, "foss": 0.51, "juv": 0.0, "B": 0.48, "Q": 2.85, "w": 15.3, "h": 0.12, "S": 0.08313, "elv": "Krokelva", "km": 1.3}}, {"type": "Feature", "geometry": {"type": "LineString", "coordinates": [[10.84667, 64.33544], [10.8481, 64.33606]]}, "properties": {"P": 30.51, "tau": 81.39, "tau_c": 180.63, "omega": 116.62, "M": 0.45, "D": 0.03, "R": 0.13, "sving": 0.53, "os": 0.0, "foss": 1.0, "juv": 0.0, "B": 0.48, "Q": 2.98, "w": 15.4, "h": 0.13, "S": 0.06149, "elv": "Krokelva", "km": 1.4}}, {"type": "Feature", "geometry": {"type": "LineString", "coordinates": [[10.8481, 64.33606], [10.85012, 64.33616]]}, "properties": {"P": 35.7, "tau": 81.41, "tau_c": 180.92, "omega": 116.63, "M": 0.45, "D": 0.04, "R": 0.13, "sving": 0.77, "os": 0.05, "foss": 1.0, "juv": 0.0, "B": 0.48, "Q": 2.98, "w": 15.47, "h": 0.13, "S": 0.0617, "elv": "Krokelva", "km": 1.5}}, {"type": "Feature", "geometry": {"type": "LineString", "coordinates": [[10.85012, 64.33616], [10.85157, 64.33571]]}, "properties": {"P": 22.29, "tau": 80.4, "tau_c": 179.68, "omega": 114.5, "M": 0.45, "D": 0.07, "R": 0.13, "sving": 0.2, "os": 0.08, "foss": 0.72, "juv": 0.0, "B": 0.48, "Q": 2.98, "w": 15.56, "h": 0.13, "S": 0.06085, "elv": "Krokelva", "km": 1.6}}, {"type": "Feature", "geometry": {"type": "LineString", "coordinates": [[10.85157, 64.33571], [10.85358, 64.33556]]}, "properties": {"P": 26.64, "tau": 77.62, "tau_c": 178.28, "omega": 108.31, "M": 0.44, "D": 0.13, "R": 0.12, "sving": 0.11, "os": 0.08, "foss": 1.0, "juv": 0.0, "B": 0.48, "Q": 2.99, "w": 16.22, "h": 0.13, "S": 0.05991, "elv": "Krokelva", "km": 1.7}}, {"type": "Feature", "geometry": {"type": "LineString", "coordinates": [[10.85358, 64.33556], [10.85402, 64.33627]]}, "properties": {"P": 29.54, "tau": 64.19, "tau_c": 157.87, "omega": 82.17, "M": 0.41, "D": 0.24, "R": 0.09, "sving": 0.45, "os": 0.1, "foss": 0.72, "juv": 0.0, "B": 0.48, "Q": 3.01, "w": 16.88, "h": 0.14, "S": 0.04698, "elv": "Krokelva", "km": 1.8}}, {"type": "Feature", "geometry": {"type": "LineString", "coordinates": [[10.85402, 64.33627], [10.85601, 64.33613]]}, "properties": {"P": 31.07, "tau": 32.4, "tau_c": 83.56, "omega": 32.26, "M": 0.39, "D": 0.35, "R": 0.08, "sving": 0.48, "os": 0.15, "foss": 0.51, "juv": 0.0, "B": 0.5, "Q": 4.38, "w": 17.54, "h": 0.25, "S": 0.01316, "elv": "Krokelva", "km": 1.9}}, {"type": "Feature", "geometry": {"type": "LineString", "coordinates": [[10.85601, 64.33613], [10.85764, 64.33657]]}, "properties": {"P": 21.18, "tau": 33.45, "tau_c": 86.89, "omega": 33.62, "M": 0.38, "D": 0.34, "R": 0.08, "sving": 0.07, "os": 0.16, "foss": 0.37, "juv": 0.0, "B": 0.5, "Q": 4.38, "w": 18.2, "h": 0.24, "S": 0.01423, "elv": "Krokelva", "km": 2.0}}, {"type": "Feature", "geometry": {"type": "LineString", "coordinates": [[10.85764, 64.33657], [10.85849, 64.33732]]}, "properties": {"P": 24.92, "tau": 22.09, "tau_c": 65.53, "omega": 18.47, "M": 0.34, "D": 0.35, "R": 0.05, "sving": 0.64, "os": 0.22, "foss": 0.0, "juv": 0.0, "B": 0.5, "Q": 4.38, "w": 18.84, "h": 0.28, "S": 0.00809, "elv": "Krokelva", "km": 2.1}}, {"type": "Feature", "geometry": {"type": "LineString", "coordinates": [[10.9041, 64.31269], [10.90256, 64.3131]]}, "properties": {"P": 1.54, "tau": 90.29, "tau_c": 269.83, "omega": 121.23, "M": 0.33, "D": 0.03, "R": 0.04, "sving": 0.05, "os": 0.0, "foss": 0.0, "juv": 0.0, "B": 0.26, "Q": 0.66, "w": 7.34, "h": 0.07, "S": 0.13723, "elv": "Svartvasselva", "km": 0.0}}, {"type": "Feature", "geometry": {"type": "LineString", "coordinates": [[10.90256, 64.3131], [10.90128, 64.31376]]}, "properties": {"P": 18.53, "tau": 77.84, "tau_c": 242.92, "omega": 97.98, "M": 0.32, "D": 0.08, "R": 0.04, "sving": 0.2, "os": 0.0, "foss": 1.0, "juv": 0.0, "B": 0.38, "Q": 0.66, "w": 7.37, "h": 0.07, "S": 0.11122, "elv": "Svartvasselva", "km": 0.1}}, {"type": "Feature", "geometry": {"type": "LineString", "coordinates": [[10.90128, 64.31376], [10.89954, 64.31415]]}, "properties": {"P": 16.39, "tau": 72.42, "tau_c": 228.24, "omega": 88.64, "M": 0.32, "D": 0.11, "R": 0.04, "sving": 0.0, "os": 0.0, "foss": 1.0, "juv": 0.0, "B": 0.38, "Q": 0.68, "w": 7.4, "h": 0.08, "S": 0.09818, "elv": "Svartvasselva", "km": 0.2}}, {"type": "Feature", "geometry": {"type": "LineString", "coordinates": [[10.89954, 64.31415], [10.89838, 64.31486]]}, "properties": {"P": 17.27, "tau": 65.66, "tau_c": 212.55, "omega": 77.05, "M": 0.31, "D": 0.13, "R": 0.03, "sving": 0.04, "os": 0.0, "foss": 1.0, "juv": 0.0, "B": 0.38, "Q": 0.69, "w": 7.44, "h": 0.08, "S": 0.08515, "elv": "Svartvasselva", "km": 0.3}}, {"type": "Feature", "geometry": {"type": "LineString", "coordinates": [[10.89838, 64.31486], [10.89673, 64.3153]]}, "properties": {"P": 18.44, "tau": 65.78, "tau_c": 212.78, "omega": 77.27, "M": 0.31, "D": 0.17, "R": 0.03, "sving": 0.07, "os": 0.0, "foss": 1.0, "juv": 0.0, "B": 0.39, "Q": 0.69, "w": 7.49, "h": 0.08, "S": 0.08533, "elv": "Svartvasselva", "km": 0.4}}, {"type": "Feature", "geometry": {"type": "LineString", "coordinates": [[10.89944, 64.27925], [10.90054, 64.27858]]}, "properties": {"P": 41.31, "tau": 82.4, "tau_c": 205.65, "omega": 113.44, "M": 0.4, "D": 0.0, "R": 0.09, "sving": 0.31, "os": 0.25, "foss": 1.0, "juv": 0.0, "B": 0.68, "Q": 1.22, "w": 8.4, "h": 0.11, "S": 0.07972, "elv": "bekk", "km": 1.6}}, {"type": "Feature", "geometry": {"type": "LineString", "coordinates": [[10.89184, 64.45036], [10.89254, 64.4512]]}, "properties": {"P": 18.46, "tau": 116.38, "tau_c": 364.2, "omega": 163.98, "M": 0.32, "D": -0.0, "R": 0.04, "sving": 0.47, "os": 0.0, "foss": 1.0, "juv": 0.0, "B": 0.34, "Q": 0.35, "w": 6.0, "h": 0.04, "S": 0.28877, "elv": "Tverråelva", "km": 1.4}}, {"type": "Feature", "geometry": {"type": "LineString", "coordinates": [[10.89254, 64.4512], [10.89358, 64.45196]]}, "properties": {"P": 16.84, "tau": 124.44, "tau_c": 364.2, "omega": 180.48, "M": 0.34, "D": -0.0, "R": 0.05, "sving": 0.31, "os": 0.0, "foss": 1.0, "juv": 0.0, "B": 0.34, "Q": 0.35, "w": 6.0, "h": 0.04, "S": 0.31781, "elv": "Tverråelva", "km": 1.5}}, {"type": "Feature", "geometry": {"type": "LineString", "coordinates": [[10.89358, 64.45196], [10.89517, 64.45254]]}, "properties": {"P": 17.5, "tau": 129.22, "tau_c": 364.2, "omega": 190.53, "M": 0.35, "D": 0.03, "R": 0.06, "sving": 0.32, "os": 0.0, "foss": 1.0, "juv": 0.0, "B": 0.34, "Q": 0.35, "w": 6.0, "h": 0.04, "S": 0.33488, "elv": "Tverråelva", "km": 1.6}}, {"type": "Feature", "geometry": {"type": "LineString", "coordinates": [[10.89517, 64.45254], [10.8969, 64.45303]]}, "properties": {"P": 17.15, "tau": 116.56, "tau_c": 364.2, "omega": 164.47, "M": 0.32, "D": 0.08, "R": 0.04, "sving": 0.24, "os": 0.0, "foss": 1.0, "juv": 0.0, "B": 0.34, "Q": 0.35, "w": 6.0, "h": 0.04, "S": 0.288, "elv": "Tverråelva", "km": 1.7}}, {"type": "Feature", "geometry": {"type": "LineString", "coordinates": [[10.90045, 64.46058], [10.90028, 64.46137]]}, "properties": {"P": 15.57, "tau": 48.31, "tau_c": 150.89, "omega": 51.73, "M": 0.32, "D": -0.0, "R": 0.04, "sving": 0.51, "os": 0.07, "foss": 0.0, "juv": 0.0, "B": 0.68, "Q": 1.23, "w": 9.99, "h": 0.11, "S": 0.04291, "elv": "Sørelva", "km": 1.7}}, {"type": "Feature", "geometry": {"type": "LineString", "coordinates": [[10.90028, 64.46137], [10.89991, 64.4622]]}, "properties": {"P": 14.95, "tau": 66.28, "tau_c": 188.61, "omega": 81.5, "M": 0.35, "D": -0.0, "R": 0.05, "sving": 0.44, "os": 0.09, "foss": 0.0, "juv": 0.0, "B": 0.68, "Q": 1.24, "w": 10.0, "h": 0.1, "S": 0.06705, "elv": "Sørelva", "km": 1.8}}, {"type": "Feature", "geometry": {"type": "LineString", "coordinates": [[10.89991, 64.4622], [10.89931, 64.463]]}, "properties": {"P": 38.23, "tau": 74.72, "tau_c": 205.54, "omega": 96.76, "M": 0.36, "D": -0.0, "R": 0.06, "sving": 0.37, "os": 0.11, "foss": 1.0, "juv": 0.0, "B": 0.68, "Q": 1.24, "w": 10.01, "h": 0.1, "S": 0.07963, "elv": "Sørelva", "km": 1.9}}, {"type": "Feature", "geometry": {"type": "LineString", "coordinates": [[10.89931, 64.463], [10.89755, 64.4634]]}, "properties": {"P": 40.96, "tau": 87.13, "tau_c": 229.53, "omega": 120.59, "M": 0.38, "D": -0.0, "R": 0.07, "sving": 0.45, "os": 0.13, "foss": 1.0, "juv": 0.0, "B": 0.68, "Q": 1.24, "w": 10.02, "h": 0.09, "S": 0.0993, "elv": "Sørelva", "km": 2.0}}, {"type": "Feature", "geometry": {"type": "LineString", "coordinates": [[10.5817, 64.28718], [10.58004, 64.28689]]}, "properties": {"P": 13.38, "tau": 91.87, "tau_c": 285.27, "omega": 122.47, "M": 0.32, "D": 0.0, "R": 0.04, "sving": 0.15, "os": 0.0, "foss": 0.72, "juv": 0.0, "B": 0.41, "Q": 0.53, "w": 6.56, "h": 0.06, "S": 0.15338, "elv": "Skauvåsbekken", "km": 0.1}}, {"type": "Feature", "geometry": {"type": "LineString", "coordinates": [[10.58004, 64.28689], [10.57816, 64.28655]]}, "properties": {"P": 21.54, "tau": 83.38, "tau_c": 266.83, "omega": 106.5, "M": 0.31, "D": 0.05, "R": 0.03, "sving": 0.31, "os": 0.0, "foss": 1.0, "juv": 0.0, "B": 0.42, "Q": 0.54, "w": 6.62, "h": 0.06, "S": 0.13419, "elv": "Skauvåsbekken", "km": 0.2}}, {"type": "Feature", "geometry": {"type": "LineString", "coordinates": [[10.57816, 64.28655], [10.57636, 64.28672]]}, "properties": {"P": 22.55, "tau": 73.64, "tau_c": 243.58, "omega": 89.21, "M": 0.3, "D": 0.08, "R": 0.03, "sving": 0.29, "os": 0.0, "foss": 1.0, "juv": 0.0, "B": 0.44, "Q": 0.54, "w": 6.7, "h": 0.07, "S": 0.11183, "elv": "Skauvåsbekken", "km": 0.3}}, {"type": "Feature", "geometry": {"type": "LineString", "coordinates": [[10.57446, 64.28645], [10.57373, 64.28575]]}, "properties": {"P": 21.08, "tau": 68.59, "tau_c": 226.28, "omega": 81.14, "M": 0.3, "D": 0.11, "R": 0.03, "sving": 0.35, "os": 0.0, "foss": 0.72, "juv": 0.0, "B": 0.47, "Q": 0.59, "w": 6.83, "h": 0.07, "S": 0.09651, "elv": "Skauvåsbekken", "km": 0.5}}]}