{"type": "FeatureCollection", "features": [{"type": "Feature", "geometry": {"type": "LineString", "coordinates": [[8.63666, 59.50156], [8.63594, 59.50079]]}, "properties": {"P": 24.05, "tau": 158.97, "tau_c": 133.95, "omega": 393.01, "M": 1.19, "D": 0.02, "R": 0.93, "sving": 0.08, "os": 0.27, "foss": 0.0, "juv": 0.12, "B": 0.49, "Q": 61.77, "w": 52.15, "h": 0.48, "S": 0.03382, "elv": "Vallaråi", "km": 0.0}}, {"type": "Feature", "geometry": {"type": "LineString", "coordinates": [[8.63594, 59.50079], [8.63615, 59.50016]]}, "properties": {"P": 83.47, "tau": 156.51, "tau_c": 127.89, "omega": 388.07, "M": 1.22, "D": 0.05, "R": 0.94, "sving": 0.12, "os": 0.18, "foss": 1.0, "juv": 0.12, "B": 1.13, "Q": 61.78, "w": 48.15, "h": 0.52, "S": 0.03083, "elv": "Vallaråi", "km": 0.1}}, {"type": "Feature", "geometry": {"type": "LineString", "coordinates": [[8.63615, 59.50016], [8.63557, 59.49933]]}, "properties": {"P": 84.8, "tau": 137.49, "tau_c": 114.39, "omega": 323.92, "M": 1.2, "D": 0.05, "R": 0.93, "sving": 0.22, "os": 0.15, "foss": 1.0, "juv": 0.12, "B": 1.13, "Q": 61.78, "w": 46.15, "h": 0.57, "S": 0.02466, "elv": "Vallaråi", "km": 0.2}}, {"type": "Feature", "geometry": {"type": "LineString", "coordinates": [[8.63557, 59.49933], [8.63522, 59.49847]]}, "properties": {"P": 71.57, "tau": 130.25, "tau_c": 105.7, "omega": 302.82, "M": 1.23, "D": 0.03, "R": 0.95, "sving": 0.07, "os": 0.1, "foss": 0.72, "juv": 0.12, "B": 1.13, "Q": 61.78, "w": 42.15, "h": 0.63, "S": 0.02106, "elv": "Vallaråi", "km": 0.3}}, {"type": "Feature", "geometry": {"type": "LineString", "coordinates": [[8.63522, 59.49847], [8.63546, 59.49758]]}, "properties": {"P": 73.56, "tau": 154.79, "tau_c": 111.52, "omega": 394.72, "M": 1.39, "D": 0.07, "R": 0.99, "sving": 0.26, "os": 0.06, "foss": 0.51, "juv": 0.12, "B": 1.13, "Q": 61.79, "w": 36.0, "h": 0.67, "S": 0.02344, "elv": "Vallaråi", "km": 0.4}}, {"type": "Feature", "geometry": {"type": "LineString", "coordinates": [[8.63546, 59.49758], [8.63608, 59.49675]]}, "properties": {"P": 68.42, "tau": 131.07, "tau_c": 106.0, "omega": 305.69, "M": 1.24, "D": 0.18, "R": 0.95, "sving": 0.28, "os": 0.0, "foss": 0.37, "juv": 0.0, "B": 1.13, "Q": 61.8, "w": 42.0, "h": 0.63, "S": 0.02118, "elv": "Vallaråi", "km": 0.5}}, {"type": "Feature", "geometry": {"type": "LineString", "coordinates": [[8.41871, 59.62263], [8.42023, 59.62218]]}, "properties": {"P": 13.07, "tau": 50.22, "tau_c": 82.92, "omega": 67.39, "M": 0.61, "D": 0.0, "R": 0.32, "sving": 0.03, "os": 0.0, "foss": 0.0, "juv": 0.0, "B": 0.96, "Q": 18.57, "w": 35.03, "h": 0.4, "S": 0.01296, "elv": "Åmotsdalsåi", "km": 0.0}}, {"type": "Feature", "geometry": {"type": "LineString", "coordinates": [[8.42023, 59.62218], [8.42178, 59.62174]]}, "properties": {"P": 14.55, "tau": 42.44, "tau_c": 71.81, "omega": 53.26, "M": 0.59, "D": 0.0, "R": 0.3, "sving": 0.12, "os": 0.0, "foss": 0.0, "juv": 0.0, "B": 0.96, "Q": 18.59, "w": 33.27, "h": 0.45, "S": 0.00972, "elv": "Åmotsdalsåi", "km": 0.1}}, {"type": "Feature", "geometry": {"type": "LineString", "coordinates": [[8.42178, 59.62174], [8.42333, 59.62132]]}, "properties": {"P": 23.11, "tau": 75.13, "tau_c": 105.53, "omega": 121.62, "M": 0.71, "D": 0.0, "R": 0.46, "sving": 0.22, "os": 0.0, "foss": 0.0, "juv": 0.0, "B": 0.96, "Q": 18.61, "w": 31.52, "h": 0.36, "S": 0.02099, "elv": "Åmotsdalsåi", "km": 0.2}}, {"type": "Feature", "geometry": {"type": "LineString", "coordinates": [[8.42333, 59.62132], [8.42455, 59.62071]]}, "properties": {"P": 26.26, "tau": 89.49, "tau_c": 113.11, "omega": 158.66, "M": 0.79, "D": 0.0, "R": 0.57, "sving": 0.11, "os": 0.07, "foss": 0.0, "juv": 0.0, "B": 0.96, "Q": 18.62, "w": 27.76, "h": 0.38, "S": 0.02411, "elv": "Åmotsdalsåi", "km": 0.3}}, {"type": "Feature", "geometry": {"type": "LineString", "coordinates": [[8.42455, 59.62071], [8.42529, 59.61996]]}, "properties": {"P": 57.38, "tau": 115.4, "tau_c": 127.23, "omega": 232.32, "M": 0.91, "D": 0.0, "R": 0.7, "sving": 0.16, "os": 0.11, "foss": 1.0, "juv": 0.0, "B": 0.96, "Q": 18.63, "w": 24.0, "h": 0.39, "S": 0.03051, "elv": "Åmotsdalsåi", "km": 0.4}}, {"type": "Feature", "geometry": {"type": "LineString", "coordinates": [[8.42529, 59.61996], [8.4265, 59.61934]]}, "properties": {"P": 55.97, "tau": 123.09, "tau_c": 133.24, "omega": 254.89, "M": 0.92, "D": 0.0, "R": 0.72, "sving": 0.01, "os": 0.17, "foss": 1.0, "juv": 0.0, "B": 0.96, "Q": 18.64, "w": 24.0, "h": 0.37, "S": 0.03346, "elv": "Åmotsdalsåi", "km": 0.5}}, {"type": "Feature", "geometry": {"type": "LineString", "coordinates": [[8.4265, 59.61934], [8.42755, 59.61863]]}, "properties": {"P": 65.23, "tau": 139.76, "tau_c": 140.38, "omega": 308.85, "M": 1.0, "D": 0.0, "R": 0.79, "sving": 0.17, "os": 0.28, "foss": 1.0, "juv": 0.0, "B": 0.96, "Q": 18.65, "w": 22.0, "h": 0.38, "S": 0.03714, "elv": "Åmotsdalsåi", "km": 0.6}}, {"type": "Feature", "geometry": {"type": "LineString", "coordinates": [[8.42755, 59.61863], [8.42884, 59.61801]]}, "properties": {"P": 73.51, "tau": 148.38, "tau_c": 140.38, "omega": 339.95, "M": 1.06, "D": 0.03, "R": 0.84, "sving": 0.22, "os": 0.46, "foss": 1.0, "juv": 0.0, "B": 0.96, "Q": 18.66, "w": 20.0, "h": 0.41, "S": 0.03714, "elv": "Åmotsdalsåi", "km": 0.7}}, {"type": "Feature", "geometry": {"type": "LineString", "coordinates": [[8.42884, 59.61801], [8.43025, 59.61747]]}, "properties": {"P": 89.65, "tau": 134.74, "tau_c": 117.74, "omega": 305.6, "M": 1.14, "D": 0.12, "R": 0.9, "sving": 0.26, "os": 0.75, "foss": 1.0, "juv": 0.0, "B": 1.0, "Q": 26.23, "w": 22.0, "h": 0.53, "S": 0.02613, "elv": "Åmotsdalsåi", "km": 0.8}}, {"type": "Feature", "geometry": {"type": "LineString", "coordinates": [[8.43025, 59.61747], [8.43058, 59.61662]]}, "properties": {"P": 89.83, "tau": 106.97, "tau_c": 103.07, "omega": 217.77, "M": 1.04, "D": 0.2, "R": 0.83, "sving": 0.5, "os": 0.81, "foss": 0.72, "juv": 0.0, "B": 1.0, "Q": 26.61, "w": 24.0, "h": 0.54, "S": 0.02002, "elv": "Åmotsdalsåi", "km": 0.9}}, {"type": "Feature", "geometry": {"type": "LineString", "coordinates": [[8.43058, 59.61662], [8.4305, 59.61573]]}, "properties": {"P": 74.07, "tau": 70.09, "tau_c": 78.82, "omega": 117.6, "M": 0.89, "D": 0.25, "R": 0.68, "sving": 0.52, "os": 0.52, "foss": 0.51, "juv": 0.0, "B": 1.0, "Q": 26.62, "w": 26.0, "h": 0.61, "S": 0.01171, "elv": "Åmotsdalsåi", "km": 1.0}}, {"type": "Feature", "geometry": {"type": "LineString", "coordinates": [[8.4305, 59.61573], [8.42963, 59.61496]]}, "properties": {"P": 56.23, "tau": 80.44, "tau_c": 89.96, "omega": 142.34, "M": 0.89, "D": 0.17, "R": 0.69, "sving": 0.23, "os": 0.32, "foss": 0.37, "juv": 0.0, "B": 1.0, "Q": 26.63, "w": 28.0, "h": 0.54, "S": 0.01525, "elv": "Åmotsdalsåi", "km": 1.1}}, {"type": "Feature", "geometry": {"type": "LineString", "coordinates": [[8.42963, 59.61496], [8.42885, 59.61416]]}, "properties": {"P": 37.37, "tau": 62.3, "tau_c": 79.47, "omega": 97.22, "M": 0.78, "D": 0.08, "R": 0.56, "sving": 0.27, "os": 0.22, "foss": 0.0, "juv": 0.0, "B": 1.0, "Q": 26.64, "w": 32.0, "h": 0.53, "S": 0.0119, "elv": "Åmotsdalsåi", "km": 1.2}}, {"type": "Feature", "geometry": {"type": "LineString", "coordinates": [[8.42885, 59.61416], [8.42814, 59.61334]]}, "properties": {"P": 57.04, "tau": 99.65, "tau_c": 114.33, "omega": 189.5, "M": 0.87, "D": 0.0, "R": 0.66, "sving": 0.09, "os": 0.14, "foss": 1.0, "juv": 0.0, "B": 1.0, "Q": 26.66, "w": 34.0, "h": 0.41, "S": 0.02464, "elv": "Åmotsdalsåi", "km": 1.3}}, {"type": "Feature", "geometry": {"type": "LineString", "coordinates": [[8.42814, 59.61334], [8.42692, 59.6127]]}, "properties": {"P": 46.21, "tau": 94.46, "tau_c": 114.33, "omega": 173.72, "M": 0.83, "D": 0.0, "R": 0.61, "sving": 0.07, "os": 0.08, "foss": 0.72, "juv": 0.0, "B": 1.0, "Q": 26.83, "w": 37.33, "h": 0.39, "S": 0.02464, "elv": "Åmotsdalsåi", "km": 1.4}}, {"type": "Feature", "geometry": {"type": "LineString", "coordinates": [[8.42692, 59.6127], [8.42574, 59.61205]]}, "properties": {"P": 53.45, "tau": 106.8, "tau_c": 127.72, "omega": 205.82, "M": 0.84, "D": 0.0, "R": 0.62, "sving": 0.07, "os": 0.08, "foss": 1.0, "juv": 0.0, "B": 1.0, "Q": 26.84, "w": 39.33, "h": 0.35, "S": 0.03075, "elv": "Åmotsdalsåi", "km": 1.5}}, {"type": "Feature", "geometry": {"type": "LineString", "coordinates": [[8.42574, 59.61205], [8.42476, 59.61138]]}, "properties": {"P": 48.95, "tau": 106.86, "tau_c": 127.72, "omega": 206.02, "M": 0.84, "D": 0.01, "R": 0.62, "sving": 0.1, "os": 0.12, "foss": 0.72, "juv": 0.0, "B": 1.0, "Q": 26.86, "w": 39.33, "h": 0.35, "S": 0.03075, "elv": "Åmotsdalsåi", "km": 1.6}}, {"type": "Feature", "geometry": {"type": "LineString", "coordinates": [[8.42476, 59.61138], [8.42433, 59.61051]]}, "properties": {"P": 54.68, "tau": 95.84, "tau_c": 120.73, "omega": 175.17, "M": 0.79, "D": 0.03, "R": 0.57, "sving": 0.05, "os": 0.19, "foss": 1.0, "juv": 0.0, "B": 1.0, "Q": 26.86, "w": 41.33, "h": 0.36, "S": 0.02747, "elv": "Åmotsdalsåi", "km": 1.7}}, {"type": "Feature", "geometry": {"type": "LineString", "coordinates": [[8.42433, 59.61051], [8.4235, 59.60974]]}, "properties": {"P": 62.88, "tau": 97.54, "tau_c": 119.63, "omega": 180.77, "M": 0.82, "D": 0.03, "R": 0.6, "sving": 0.49, "os": 0.32, "foss": 0.72, "juv": 0.0, "B": 1.0, "Q": 26.87, "w": 39.33, "h": 0.37, "S": 0.02697, "elv": "Åmotsdalsåi", "km": 1.8}}, {"type": "Feature", "geometry": {"type": "LineString", "coordinates": [[8.4235, 59.60974], [8.42251, 59.60905]]}, "properties": {"P": 83.56, "tau": 95.54, "tau_c": 107.26, "omega": 180.51, "M": 0.89, "D": 0.02, "R": 0.69, "sving": 0.67, "os": 0.52, "foss": 1.0, "juv": 0.0, "B": 1.02, "Q": 32.25, "w": 38.0, "h": 0.45, "S": 0.02168, "elv": "Åmotsdalsåi", "km": 1.9}}, {"type": "Feature", "geometry": {"type": "LineString", "coordinates": [[8.42251, 59.60905], [8.42355, 59.6084]]}, "properties": {"P": 85.97, "tau": 106.92, "tau_c": 110.52, "omega": 214.99, "M": 0.97, "D": 0.0, "R": 0.77, "sving": 0.68, "os": 0.77, "foss": 0.72, "juv": 0.0, "B": 1.02, "Q": 32.36, "w": 34.0, "h": 0.47, "S": 0.02302, "elv": "Åmotsdalsåi", "km": 2.0}}, {"type": "Feature", "geometry": {"type": "LineString", "coordinates": [[8.42355, 59.6084], [8.42529, 59.60837]]}, "properties": {"P": 94.15, "tau": 116.55, "tau_c": 117.57, "omega": 243.33, "M": 0.99, "D": 0.0, "R": 0.79, "sving": 0.66, "os": 0.79, "foss": 1.0, "juv": 0.0, "B": 1.02, "Q": 32.37, "w": 34.0, "h": 0.46, "S": 0.02605, "elv": "Åmotsdalsåi", "km": 2.1}}, {"type": "Feature", "geometry": {"type": "LineString", "coordinates": [[8.42529, 59.60837], [8.42698, 59.60814]]}, "properties": {"P": 72.83, "tau": 153.63, "tau_c": 131.5, "omega": 369.69, "M": 1.17, "D": 0.0, "R": 0.92, "sving": 0.17, "os": 0.49, "foss": 0.72, "juv": 0.0, "B": 1.02, "Q": 32.37, "w": 28.0, "h": 0.48, "S": 0.03259, "elv": "Åmotsdalsåi", "km": 2.2}}, {"type": "Feature", "geometry": {"type": "LineString", "coordinates": [[8.42698, 59.60814], [8.42856, 59.60777]]}, "properties": {"P": 78.72, "tau": 166.88, "tau_c": 130.21, "omega": 423.01, "M": 1.28, "D": 0.0, "R": 0.97, "sving": 0.18, "os": 0.3, "foss": 1.0, "juv": 0.08, "B": 1.02, "Q": 32.38, "w": 24.0, "h": 0.53, "S": 0.03196, "elv": "Åmotsdalsåi", "km": 2.3}}, {"type": "Feature", "geometry": {"type": "LineString", "coordinates": [[8.42856, 59.60777], [8.43015, 59.6074]]}, "properties": {"P": 75.17, "tau": 188.61, "tau_c": 130.87, "omega": 512.9, "M": 1.44, "D": 0.0, "R": 1.0, "sving": 0.04, "os": 0.24, "foss": 1.0, "juv": 0.08, "B": 1.02, "Q": 32.39, "w": 20.0, "h": 0.6, "S": 0.03228, "elv": "Åmotsdalsåi", "km": 2.4}}, {"type": "Feature", "geometry": {"type": "LineString", "coordinates": [[8.43015, 59.6074], [8.43169, 59.60696]]}, "properties": {"P": 80.06, "tau": 166.31, "tau_c": 119.48, "omega": 427.74, "M": 1.39, "D": 0.05, "R": 0.99, "sving": 0.02, "os": 0.39, "foss": 1.0, "juv": 0.08, "B": 1.03, "Q": 32.41, "w": 20.0, "h": 0.63, "S": 0.02691, "elv": "Åmotsdalsåi", "km": 2.5}}, {"type": "Feature", "geometry": {"type": "LineString", "coordinates": [[8.43169, 59.60696], [8.43333, 59.60663]]}, "properties": {"P": 83.81, "tau": 175.43, "tau_c": 118.24, "omega": 465.6, "M": 1.48, "D": 0.13, "R": 1.0, "sving": 0.09, "os": 0.64, "foss": 0.72, "juv": 0.08, "B": 1.03, "Q": 32.42, "w": 18.0, "h": 0.68, "S": 0.02635, "elv": "Åmotsdalsåi", "km": 2.6}}, {"type": "Feature", "geometry": {"type": "LineString", "coordinates": [[8.43333, 59.60663], [8.43497, 59.6063]]}, "properties": {"P": 87.5, "tau": 126.91, "tau_c": 98.25, "omega": 289.47, "M": 1.29, "D": 0.26, "R": 0.97, "sving": 0.01, "os": 0.93, "foss": 0.51, "juv": 0.08, "B": 1.03, "Q": 32.44, "w": 20.0, "h": 0.71, "S": 0.01819, "elv": "Åmotsdalsåi", "km": 2.7}}, {"type": "Feature", "geometry": {"type": "LineString", "coordinates": [[8.43497, 59.6063], [8.43666, 59.60613]]}, "properties": {"P": 70.41, "tau": 87.26, "tau_c": 81.55, "omega": 166.22, "M": 1.07, "D": 0.32, "R": 0.85, "sving": 0.0, "os": 0.57, "foss": 0.37, "juv": 0.0, "B": 1.03, "Q": 32.44, "w": 24.0, "h": 0.71, "S": 0.01253, "elv": "Åmotsdalsåi", "km": 2.8}}, {"type": "Feature", "geometry": {"type": "LineString", "coordinates": [[8.43666, 59.60613], [8.43821, 59.60573]]}, "properties": {"P": 53.78, "tau": 61.57, "tau_c": 65.62, "omega": 99.93, "M": 0.94, "D": 0.33, "R": 0.74, "sving": 0.11, "os": 0.35, "foss": 0.0, "juv": 0.0, "B": 1.03, "Q": 32.63, "w": 26.0, "h": 0.77, "S": 0.00812, "elv": "Åmotsdalsåi", "km": 2.9}}, {"type": "Feature", "geometry": {"type": "LineString", "coordinates": [[8.43821, 59.60573], [8.4398, 59.60542]]}, "properties": {"P": 39.93, "tau": 59.58, "tau_c": 70.41, "omega": 93.51, "M": 0.85, "D": 0.21, "R": 0.63, "sving": 0.03, "os": 0.22, "foss": 0.0, "juv": 0.0, "B": 1.03, "Q": 32.64, "w": 32.0, "h": 0.65, "S": 0.00934, "elv": "Åmotsdalsåi", "km": 3.0}}, {"type": "Feature", "geometry": {"type": "LineString", "coordinates": [[8.4398, 59.60542], [8.44154, 59.60535]]}, "properties": {"P": 31.52, "tau": 54.1, "tau_c": 67.5, "omega": 80.91, "M": 0.8, "D": 0.09, "R": 0.58, "sving": 0.02, "os": 0.13, "foss": 0.0, "juv": 0.0, "B": 1.03, "Q": 32.65, "w": 34.0, "h": 0.64, "S": 0.00859, "elv": "Åmotsdalsåi", "km": 3.1}}, {"type": "Feature", "geometry": {"type": "LineString", "coordinates": [[8.44154, 59.60535], [8.44323, 59.60511]]}, "properties": {"P": 30.17, "tau": 57.73, "tau_c": 72.51, "omega": 88.3, "M": 0.8, "D": 0.02, "R": 0.57, "sving": 0.13, "os": 0.08, "foss": 0.0, "juv": 0.0, "B": 1.03, "Q": 32.69, "w": 36.0, "h": 0.59, "S": 0.00991, "elv": "Åmotsdalsåi", "km": 3.2}}, {"type": "Feature", "geometry": {"type": "LineString", "coordinates": [[8.44323, 59.60511], [8.44485, 59.60476]]}, "properties": {"P": 34.22, "tau": 59.83, "tau_c": 76.19, "omega": 92.4, "M": 0.79, "D": 0.0, "R": 0.56, "sving": 0.37, "os": 0.05, "foss": 0.0, "juv": 0.0, "B": 1.04, "Q": 32.71, "w": 38.0, "h": 0.56, "S": 0.01094, "elv": "Åmotsdalsåi", "km": 3.3}}, {"type": "Feature", "geometry": {"type": "LineString", "coordinates": [[8.44485, 59.60476], [8.44616, 59.60417]]}, "properties": {"P": 31.62, "tau": 54.68, "tau_c": 73.06, "omega": 80.74, "M": 0.75, "D": 0.0, "R": 0.51, "sving": 0.39, "os": 0.0, "foss": 0.0, "juv": 0.0, "B": 1.04, "Q": 32.72, "w": 40.0, "h": 0.55, "S": 0.01006, "elv": "Åmotsdalsåi", "km": 3.4}}, {"type": "Feature", "geometry": {"type": "LineString", "coordinates": [[8.44616, 59.60417], [8.44703, 59.60339]]}, "properties": {"P": 35.14, "tau": 67.42, "tau_c": 85.19, "omega": 108.93, "M": 0.79, "D": 0.0, "R": 0.57, "sving": 0.44, "os": 0.0, "foss": 0.0, "juv": 0.0, "B": 1.04, "Q": 32.72, "w": 40.31, "h": 0.5, "S": 0.01368, "elv": "Åmotsdalsåi", "km": 3.5}}, {"type": "Feature", "geometry": {"type": "LineString", "coordinates": [[8.44703, 59.60339], [8.44746, 59.60253]]}, "properties": {"P": 24.88, "tau": 66.04, "tau_c": 87.41, "omega": 104.61, "M": 0.76, "D": 0.0, "R": 0.52, "sving": 0.11, "os": 0.0, "foss": 0.0, "juv": 0.0, "B": 1.04, "Q": 32.81, "w": 44.31, "h": 0.47, "S": 0.0144, "elv": "Åmotsdalsåi", "km": 3.6}}, {"type": "Feature", "geometry": {"type": "LineString", "coordinates": [[8.44746, 59.60253], [8.44743, 59.60163]]}, "properties": {"P": 26.47, "tau": 79.16, "tau_c": 95.48, "omega": 137.2, "M": 0.83, "D": 0.0, "R": 0.61, "sving": 0.02, "os": 0.0, "foss": 0.0, "juv": 0.0, "B": 1.04, "Q": 32.81, "w": 40.31, "h": 0.47, "S": 0.01718, "elv": "Åmotsdalsåi", "km": 3.7}}, {"type": "Feature", "geometry": {"type": "LineString", "coordinates": [[8.44743, 59.60163], [8.44831, 59.6009]]}, "properties": {"P": 32.84, "tau": 79.55, "tau_c": 91.45, "omega": 139.87, "M": 0.87, "D": 0.0, "R": 0.66, "sving": 0.19, "os": 0.0, "foss": 0.0, "juv": 0.0, "B": 1.04, "Q": 32.85, "w": 36.31, "h": 0.51, "S": 0.01576, "elv": "Åmotsdalsåi", "km": 3.8}}, {"type": "Feature", "geometry": {"type": "LineString", "coordinates": [[8.44831, 59.6009], [8.44911, 59.60011]]}, "properties": {"P": 36.76, "tau": 79.17, "tau_c": 88.85, "omega": 139.79, "M": 0.89, "D": 0.0, "R": 0.69, "sving": 0.3, "os": 0.0, "foss": 0.0, "juv": 0.0, "B": 1.04, "Q": 32.86, "w": 34.31, "h": 0.54, "S": 0.01488, "elv": "Åmotsdalsåi", "km": 3.9}}, {"type": "Feature", "geometry": {"type": "LineString", "coordinates": [[8.44911, 59.60011], [8.45028, 59.59947]]}, "properties": {"P": 34.83, "tau": 95.04, "tau_c": 98.18, "omega": 183.16, "M": 0.97, "D": 0.0, "R": 0.77, "sving": 0.09, "os": 0.0, "foss": 0.0, "juv": 0.0, "B": 1.04, "Q": 32.88, "w": 32.0, "h": 0.53, "S": 0.01817, "elv": "Åmotsdalsåi", "km": 4.0}}, {"type": "Feature", "geometry": {"type": "LineString", "coordinates": [[8.45028, 59.59947], [8.45152, 59.59884]]}, "properties": {"P": 39.08, "tau": 107.67, "tau_c": 101.15, "omega": 222.22, "M": 1.06, "D": 0.0, "R": 0.85, "sving": 0.12, "os": 0.0, "foss": 0.0, "juv": 0.0, "B": 1.04, "Q": 32.89, "w": 28.0, "h": 0.57, "S": 0.01928, "elv": "Åmotsdalsåi", "km": 4.1}}, {"type": "Feature", "geometry": {"type": "LineString", "coordinates": [[8.45152, 59.59884], [8.45274, 59.59821]]}, "properties": {"P": 37.49, "tau": 144.23, "tau_c": 132.43, "omega": 333.41, "M": 1.09, "D": 0.0, "R": 0.87, "sving": 0.02, "os": 0.0, "foss": 0.0, "juv": 0.0, "B": 1.04, "Q": 32.9, "w": 32.0, "h": 0.44, "S": 0.03305, "elv": "Åmotsdalsåi", "km": 4.2}}, {"type": "Feature", "geometry": {"type": "LineString", "coordinates": [[8.45274, 59.59821], [8.45395, 59.5976]]}, "properties": {"P": 64.19, "tau": 145.78, "tau_c": 133.42, "omega": 338.55, "M": 1.09, "D": 0.0, "R": 0.87, "sving": 0.06, "os": 0.0, "foss": 1.0, "juv": 0.0, "B": 1.04, "Q": 32.91, "w": 32.0, "h": 0.44, "S": 0.03355, "elv": "Åmotsdalsåi", "km": 4.3}}, {"type": "Feature", "geometry": {"type": "LineString", "coordinates": [[8.45395, 59.5976], [8.45518, 59.597]]}, "properties": {"P": 68.07, "tau": 167.34, "tau_c": 143.14, "omega": 415.71, "M": 1.17, "D": 0.0, "R": 0.92, "sving": 0.13, "os": 0.0, "foss": 1.0, "juv": 0.0, "B": 1.05, "Q": 32.92, "w": 30.0, "h": 0.44, "S": 0.03862, "elv": "Åmotsdalsåi", "km": 4.4}}, {"type": "Feature", "geometry": {"type": "LineString", "coordinates": [[8.45518, 59.597], [8.4566, 59.59648]]}, "properties": {"P": 60.63, "tau": 179.98, "tau_c": 146.25, "omega": 465.11, "M": 1.23, "D": 0.0, "R": 0.95, "sving": 0.07, "os": 0.0, "foss": 0.72, "juv": 0.0, "B": 1.05, "Q": 32.93, "w": 28.0, "h": 0.46, "S": 0.04032, "elv": "Åmotsdalsåi", "km": 4.5}}, {"type": "Feature", "geometry": {"type": "LineString", "coordinates": [[8.4566, 59.59648], [8.45733, 59.59569]]}, "properties": {"P": 72.33, "tau": 205.31, "tau_c": 155.44, "omega": 566.56, "M": 1.32, "D": 0.01, "R": 0.98, "sving": 0.17, "os": 0.0, "foss": 1.0, "juv": 0.0, "B": 1.05, "Q": 32.97, "w": 26.0, "h": 0.46, "S": 0.04554, "elv": "Åmotsdalsåi", "km": 4.6}}, {"type": "Feature", "geometry": {"type": "LineString", "coordinates": [[8.45733, 59.59569], [8.4583, 59.59495]]}, "properties": {"P": 67.71, "tau": 220.98, "tau_c": 145.54, "omega": 645.91, "M": 1.52, "D": 0.07, "R": 1.0, "sving": 0.11, "os": 0.0, "foss": 0.72, "juv": 0.08, "B": 1.05, "Q": 32.98, "w": 20.0, "h": 0.56, "S": 0.03993, "elv": "Åmotsdalsåi", "km": 4.7}}, {"type": "Feature", "geometry": {"type": "LineString", "coordinates": [[8.4583, 59.59495], [8.45888, 59.59414]]}, "properties": {"P": 82.27, "tau": 158.13, "tau_c": 114.31, "omega": 398.5, "M": 1.38, "D": 0.17, "R": 0.99, "sving": 0.27, "os": 0.0, "foss": 1.0, "juv": 0.08, "B": 1.05, "Q": 32.99, "w": 20.0, "h": 0.65, "S": 0.02463, "elv": "Åmotsdalsåi", "km": 4.8}}, {"type": "Feature", "geometry": {"type": "LineString", "coordinates": [[8.45888, 59.59414], [8.46052, 59.59385]]}, "properties": {"P": 68.29, "tau": 128.97, "tau_c": 103.09, "omega": 294.72, "M": 1.25, "D": 0.22, "R": 0.96, "sving": 0.0, "os": 0.0, "foss": 0.72, "juv": 0.08, "B": 1.05, "Q": 33.0, "w": 22.0, "h": 0.66, "S": 0.02003, "elv": "Åmotsdalsåi", "km": 4.9}}, {"type": "Feature", "geometry": {"type": "LineString", "coordinates": [[8.46052, 59.59385], [8.46213, 59.59349]]}, "properties": {"P": 62.58, "tau": 118.17, "tau_c": 100.71, "omega": 257.91, "M": 1.17, "D": 0.23, "R": 0.92, "sving": 0.03, "os": 0.0, "foss": 0.51, "juv": 0.08, "B": 1.05, "Q": 33.01, "w": 24.0, "h": 0.63, "S": 0.01912, "elv": "Åmotsdalsåi", "km": 5.0}}, {"type": "Feature", "geometry": {"type": "LineString", "coordinates": [[8.46213, 59.59349], [8.46309, 59.59277]]}, "properties": {"P": 64.32, "tau": 103.44, "tau_c": 91.48, "omega": 212.89, "M": 1.13, "D": 0.15, "R": 0.9, "sving": 0.38, "os": 0.0, "foss": 0.37, "juv": 0.08, "B": 1.05, "Q": 33.02, "w": 24.0, "h": 0.67, "S": 0.01577, "elv": "Åmotsdalsåi", "km": 5.1}}, {"type": "Feature", "geometry": {"type": "LineString", "coordinates": [[8.46309, 59.59277], [8.46379, 59.59197]]}, "properties": {"P": 41.04, "tau": 81.31, "tau_c": 85.1, "omega": 147.42, "M": 0.96, "D": 0.09, "R": 0.75, "sving": 0.21, "os": 0.0, "foss": 0.0, "juv": 0.0, "B": 1.05, "Q": 33.03, "w": 30.0, "h": 0.61, "S": 0.01365, "elv": "Åmotsdalsåi", "km": 5.2}}, {"type": "Feature", "geometry": {"type": "LineString", "coordinates": [[8.46379, 59.59197], [8.46419, 59.59111]]}, "properties": {"P": 37.07, "tau": 106.33, "tau_c": 103.2, "omega": 216.83, "M": 1.03, "D": 0.03, "R": 0.82, "sving": 0.03, "os": 0.0, "foss": 0.0, "juv": 0.0, "B": 1.05, "Q": 33.03, "w": 30.0, "h": 0.54, "S": 0.02007, "elv": "Åmotsdalsåi", "km": 5.3}}, {"type": "Feature", "geometry": {"type": "LineString", "coordinates": [[8.46419, 59.59111], [8.46516, 59.59037]]}, "properties": {"P": 65.91, "tau": 101.54, "tau_c": 96.77, "omega": 204.35, "M": 1.05, "D": 0.0, "R": 0.84, "sving": 0.15, "os": 0.0, "foss": 1.0, "juv": 0.0, "B": 1.06, "Q": 33.05, "w": 28.0, "h": 0.59, "S": 0.01765, "elv": "Åmotsdalsåi", "km": 5.4}}, {"type": "Feature", "geometry": {"type": "LineString", "coordinates": [[8.46516, 59.59037], [8.46626, 59.58967]]}, "properties": {"P": 76.46, "tau": 156.23, "tau_c": 131.9, "omega": 379.71, "M": 1.18, "D": 0.0, "R": 0.93, "sving": 0.42, "os": 0.0, "foss": 1.0, "juv": 0.0, "B": 1.06, "Q": 33.05, "w": 28.0, "h": 0.49, "S": 0.03279, "elv": "Åmotsdalsåi", "km": 5.5}}, {"type": "Feature", "geometry": {"type": "LineString", "coordinates": [[8.46626, 59.58967], [8.46747, 59.5891]]}, "properties": {"P": 67.8, "tau": 186.92, "tau_c": 145.14, "omega": 495.2, "M": 1.29, "D": 0.0, "R": 0.97, "sving": 0.23, "os": 0.0, "foss": 0.72, "juv": 0.08, "B": 1.06, "Q": 33.06, "w": 26.0, "h": 0.48, "S": 0.0397, "elv": "Åmotsdalsåi", "km": 5.6}}, {"type": "Feature", "geometry": {"type": "LineString", "coordinates": [[8.46747, 59.5891], [8.46911, 59.5889]]}, "properties": {"P": 79.95, "tau": 243.25, "tau_c": 155.81, "omega": 742.0, "M": 1.56, "D": 0.0, "R": 1.0, "sving": 0.31, "os": 0.0, "foss": 1.0, "juv": 0.17, "B": 1.06, "Q": 33.06, "w": 20.0, "h": 0.54, "S": 0.04575, "elv": "Åmotsdalsåi", "km": 5.7}}, {"type": "Feature", "geometry": {"type": "LineString", "coordinates": [[8.46911, 59.5889], [8.47076, 59.5886]]}, "properties": {"P": 74.63, "tau": 248.37, "tau_c": 150.68, "omega": 771.23, "M": 1.65, "D": 0.0, "R": 0.99, "sving": 0.01, "os": 0.05, "foss": 1.0, "juv": 0.25, "B": 1.06, "Q": 33.07, "w": 18.0, "h": 0.59, "S": 0.04279, "elv": "Åmotsdalsåi", "km": 5.8}}, {"type": "Feature", "geometry": {"type": "LineString", "coordinates": [[8.47076, 59.5886], [8.4725, 59.58854]]}, "properties": {"P": 79.02, "tau": 253.32, "tau_c": 144.66, "omega": 799.89, "M": 1.75, "D": 0.01, "R": 0.97, "sving": 0.11, "os": 0.09, "foss": 1.0, "juv": 0.34, "B": 1.06, "Q": 33.07, "w": 16.0, "h": 0.65, "S": 0.03944, "elv": "Åmotsdalsåi", "km": 5.9}}, {"type": "Feature", "geometry": {"type": "LineString", "coordinates": [[8.4725, 59.58854], [8.47383, 59.58795]]}, "properties": {"P": 68.3, "tau": 326.5, "tau_c": 151.45, "omega": 1169.23, "M": 2.16, "D": 0.07, "R": 0.83, "sving": 0.07, "os": 0.13, "foss": 0.72, "juv": 0.34, "B": 1.06, "Q": 33.08, "w": 12.0, "h": 0.77, "S": 0.04323, "elv": "Åmotsdalsåi", "km": 6.0}}, {"type": "Feature", "geometry": {"type": "LineString", "coordinates": [[8.47383, 59.58795], [8.47534, 59.5875]]}, "properties": {"P": 76.51, "tau": 232.11, "tau_c": 127.37, "omega": 708.88, "M": 1.82, "D": 0.22, "R": 0.95, "sving": 0.16, "os": 0.22, "foss": 0.51, "juv": 0.25, "B": 1.06, "Q": 33.09, "w": 14.0, "h": 0.77, "S": 0.03058, "elv": "Åmotsdalsåi", "km": 6.1}}, {"type": "Feature", "geometry": {"type": "LineString", "coordinates": [[8.47534, 59.5875], [8.47686, 59.58704]]}, "properties": {"P": 76.94, "tau": 129.05, "tau_c": 103.9, "omega": 294.62, "M": 1.24, "D": 0.39, "R": 0.95, "sving": 0.01, "os": 0.36, "foss": 0.37, "juv": 0.17, "B": 1.07, "Q": 33.09, "w": 22.42, "h": 0.65, "S": 0.02035, "elv": "Åmotsdalsåi", "km": 6.2}}, {"type": "Feature", "geometry": {"type": "LineString", "coordinates": [[8.47686, 59.58704], [8.47841, 59.58662]]}, "properties": {"P": 69.51, "tau": 87.77, "tau_c": 89.93, "omega": 164.6, "M": 0.98, "D": 0.45, "R": 0.77, "sving": 0.12, "os": 0.59, "foss": 0.0, "juv": 0.08, "B": 1.07, "Q": 33.49, "w": 30.42, "h": 0.59, "S": 0.01524, "elv": "Åmotsdalsåi", "km": 6.3}}, {"type": "Feature", "geometry": {"type": "LineString", "coordinates": [[8.47841, 59.58662], [8.47975, 59.58607]]}, "properties": {"P": 67.15, "tau": 68.76, "tau_c": 83.73, "omega": 113.02, "M": 0.82, "D": 0.4, "R": 0.6, "sving": 0.06, "os": 0.97, "foss": 0.0, "juv": 0.0, "B": 1.07, "Q": 33.49, "w": 38.42, "h": 0.53, "S": 0.01321, "elv": "Åmotsdalsåi", "km": 6.4}}, {"type": "Feature", "geometry": {"type": "LineString", "coordinates": [[8.47975, 59.58607], [8.48089, 59.58539]]}, "properties": {"P": 51.32, "tau": 52.58, "tau_c": 73.95, "omega": 75.55, "M": 0.71, "D": 0.31, "R": 0.46, "sving": 0.16, "os": 0.63, "foss": 0.0, "juv": 0.0, "B": 1.07, "Q": 33.5, "w": 44.84, "h": 0.52, "S": 0.01031, "elv": "Åmotsdalsåi", "km": 6.5}}, {"type": "Feature", "geometry": {"type": "LineString", "coordinates": [[8.48089, 59.58539], [8.48223, 59.58481]]}, "properties": {"P": 37.89, "tau": 45.38, "tau_c": 70.56, "omega": 60.19, "M": 0.64, "D": 0.24, "R": 0.37, "sving": 0.13, "os": 0.39, "foss": 0.0, "juv": 0.0, "B": 1.07, "Q": 33.52, "w": 51.27, "h": 0.49, "S": 0.00938, "elv": "Åmotsdalsåi", "km": 6.6}}, {"type": "Feature", "geometry": {"type": "LineString", "coordinates": [[8.48223, 59.58481], [8.48331, 59.58411]]}, "properties": {"P": 28.73, "tau": 40.82, "tau_c": 62.86, "omega": 52.28, "M": 0.65, "D": 0.15, "R": 0.38, "sving": 0.04, "os": 0.23, "foss": 0.0, "juv": 0.0, "B": 1.07, "Q": 33.52, "w": 46.85, "h": 0.56, "S": 0.00745, "elv": "Åmotsdalsåi", "km": 6.7}}, {"type": "Feature", "geometry": {"type": "LineString", "coordinates": [[8.48331, 59.58411], [8.48417, 59.58337]]}, "properties": {"P": 31.8, "tau": 34.84, "tau_c": 56.08, "omega": 41.65, "M": 0.62, "D": 0.07, "R": 0.34, "sving": 0.4, "os": 0.16, "foss": 0.0, "juv": 0.0, "B": 1.07, "Q": 33.56, "w": 46.85, "h": 0.6, "S": 0.00593, "elv": "Åmotsdalsåi", "km": 6.8}}, {"type": "Feature", "geometry": {"type": "LineString", "coordinates": [[8.48417, 59.58337], [8.48541, 59.58277]]}, "properties": {"P": 29.7, "tau": 42.87, "tau_c": 63.83, "omega": 56.38, "M": 0.67, "D": 0.01, "R": 0.41, "sving": 0.19, "os": 0.26, "foss": 0.0, "juv": 0.0, "B": 1.07, "Q": 33.57, "w": 44.85, "h": 0.57, "S": 0.00768, "elv": "Åmotsdalsåi", "km": 6.9}}, {"type": "Feature", "geometry": {"type": "LineString", "coordinates": [[8.48541, 59.58277], [8.48508, 59.58192]]}, "properties": {"P": 32.88, "tau": 43.81, "tau_c": 63.23, "omega": 58.54, "M": 0.69, "D": 0.01, "R": 0.44, "sving": 0.14, "os": 0.38, "foss": 0.0, "juv": 0.0, "B": 1.07, "Q": 33.6, "w": 42.43, "h": 0.59, "S": 0.00754, "elv": "Åmotsdalsåi", "km": 7.0}}, {"type": "Feature", "geometry": {"type": "LineString", "coordinates": [[8.48508, 59.58192], [8.48537, 59.58104]]}, "properties": {"P": 47.18, "tau": 52.08, "tau_c": 69.74, "omega": 75.54, "M": 0.75, "D": 0.02, "R": 0.51, "sving": 0.32, "os": 0.61, "foss": 0.0, "juv": 0.0, "B": 1.07, "Q": 33.6, "w": 40.0, "h": 0.58, "S": 0.00917, "elv": "Åmotsdalsåi", "km": 7.1}}, {"type": "Feature", "geometry": {"type": "LineString", "coordinates": [[8.634, 59.60473], [8.63517, 59.60409]]}, "properties": {"P": 50.13, "tau": 59.99, "tau_c": 101.36, "omega": 85.05, "M": 0.59, "D": 0.0, "R": 0.3, "sving": 0.17, "os": 1.0, "foss": 1.0, "juv": 0.0, "B": 0.77, "Q": 16.31, "w": 36.43, "h": 0.32, "S": 0.01936, "elv": "bekk", "km": 0.0}}, {"type": "Feature", "geometry": {"type": "LineString", "coordinates": [[8.63517, 59.60409], [8.63616, 59.6035]]}, "properties": {"P": 36.68, "tau": 60.21, "tau_c": 101.36, "omega": 85.55, "M": 0.59, "D": 0.0, "R": 0.3, "sving": 0.11, "os": 0.61, "foss": 0.72, "juv": 0.0, "B": 0.77, "Q": 16.43, "w": 36.49, "h": 0.32, "S": 0.01936, "elv": "bekk", "km": 0.1}}, {"type": "Feature", "geometry": {"type": "LineString", "coordinates": [[8.63616, 59.6035], [8.63693, 59.60282]]}, "properties": {"P": 30.64, "tau": 60.41, "tau_c": 101.36, "omega": 86.03, "M": 0.6, "D": 0.0, "R": 0.31, "sving": 0.11, "os": 0.49, "foss": 0.51, "juv": 0.0, "B": 0.77, "Q": 16.55, "w": 36.55, "h": 0.32, "S": 0.01936, "elv": "bekk", "km": 0.2}}, {"type": "Feature", "geometry": {"type": "LineString", "coordinates": [[7.89007, 59.56302], [7.89065, 59.56385]]}, "properties": {"P": 34.93, "tau": 101.8, "tau_c": 261.59, "omega": 149.74, "M": 0.39, "D": 0.0, "R": 0.08, "sving": 0.94, "os": 1.0, "foss": 1.0, "juv": 0.0, "B": 0.46, "Q": 1.14, "w": 9.61, "h": 0.08, "S": 0.12897, "elv": "bekk", "km": 0.0}}, {"type": "Feature", "geometry": {"type": "LineString", "coordinates": [[7.89065, 59.56385], [7.89208, 59.5642]]}, "properties": {"P": 28.86, "tau": 96.64, "tau_c": 251.86, "omega": 139.02, "M": 0.38, "D": 0.0, "R": 0.08, "sving": 0.8, "os": 0.61, "foss": 1.0, "juv": 0.0, "B": 0.46, "Q": 1.14, "w": 9.62, "h": 0.08, "S": 0.11956, "elv": "bekk", "km": 0.1}}, {"type": "Feature", "geometry": {"type": "LineString", "coordinates": [[7.89208, 59.5642], [7.89373, 59.56418]]}, "properties": {"P": 23.33, "tau": 104.14, "tau_c": 265.23, "omega": 154.82, "M": 0.39, "D": 0.0, "R": 0.08, "sving": 0.49, "os": 0.42, "foss": 1.0, "juv": 0.0, "B": 0.46, "Q": 1.15, "w": 9.63, "h": 0.08, "S": 0.13259, "elv": "bekk", "km": 0.2}}, {"type": "Feature", "geometry": {"type": "LineString", "coordinates": [[7.89373, 59.56418], [7.89532, 59.56387]]}, "properties": {"P": 18.7, "tau": 101.29, "tau_c": 259.86, "omega": 148.82, "M": 0.39, "D": 0.03, "R": 0.08, "sving": 0.17, "os": 0.29, "foss": 1.0, "juv": 0.0, "B": 0.47, "Q": 1.15, "w": 9.65, "h": 0.08, "S": 0.12728, "elv": "bekk", "km": 0.3}}, {"type": "Feature", "geometry": {"type": "LineString", "coordinates": [[7.89532, 59.56387], [7.897, 59.56379]]}, "properties": {"P": 18.62, "tau": 98.14, "tau_c": 254.02, "omega": 142.25, "M": 0.39, "D": 0.08, "R": 0.08, "sving": 0.19, "os": 0.21, "foss": 1.0, "juv": 0.0, "B": 0.47, "Q": 1.15, "w": 9.68, "h": 0.08, "S": 0.12162, "elv": "bekk", "km": 0.4}}, {"type": "Feature", "geometry": {"type": "LineString", "coordinates": [[7.897, 59.56379], [7.89799, 59.56443]]}, "properties": {"P": 18.36, "tau": 82.68, "tau_c": 224.84, "omega": 111.26, "M": 0.37, "D": 0.14, "R": 0.06, "sving": 0.18, "os": 0.13, "foss": 1.0, "juv": 0.0, "B": 0.47, "Q": 1.16, "w": 9.71, "h": 0.09, "S": 0.09528, "elv": "bekk", "km": 0.5}}, {"type": "Feature", "geometry": {"type": "LineString", "coordinates": [[7.89799, 59.56443], [7.89948, 59.56482]]}, "properties": {"P": 15.7, "tau": 71.66, "tau_c": 202.08, "omega": 90.75, "M": 0.35, "D": 0.17, "R": 0.06, "sving": 0.24, "os": 0.09, "foss": 0.72, "juv": 0.0, "B": 0.47, "Q": 1.18, "w": 9.78, "h": 0.09, "S": 0.07697, "elv": "bekk", "km": 0.6}}, {"type": "Feature", "geometry": {"type": "LineString", "coordinates": [[7.89948, 59.56482], [7.90099, 59.56491]]}, "properties": {"P": 21.45, "tau": 65.92, "tau_c": 190.17, "omega": 80.55, "M": 0.35, "D": 0.2, "R": 0.05, "sving": 0.41, "os": 0.12, "foss": 1.0, "juv": 0.0, "B": 0.47, "Q": 1.19, "w": 9.86, "h": 0.1, "S": 0.06816, "elv": "bekk", "km": 0.7}}, {"type": "Feature", "geometry": {"type": "LineString", "coordinates": [[7.90099, 59.56491], [7.90214, 59.56439]]}, "properties": {"P": 19.35, "tau": 50.89, "tau_c": 155.71, "omega": 55.84, "M": 0.33, "D": 0.21, "R": 0.04, "sving": 0.46, "os": 0.17, "foss": 0.72, "juv": 0.0, "B": 0.47, "Q": 1.24, "w": 9.93, "h": 0.11, "S": 0.0457, "elv": "bekk", "km": 0.8}}, {"type": "Feature", "geometry": {"type": "LineString", "coordinates": [[7.90214, 59.56439], [7.90381, 59.56422]]}, "properties": {"P": 21.32, "tau": 41.89, "tau_c": 135.66, "omega": 42.21, "M": 0.31, "D": 0.17, "R": 0.03, "sving": 0.32, "os": 0.26, "foss": 1.0, "juv": 0.0, "B": 0.47, "Q": 1.24, "w": 10.0, "h": 0.12, "S": 0.03469, "elv": "bekk", "km": 0.9}}, {"type": "Feature", "geometry": {"type": "LineString", "coordinates": [[7.90381, 59.56422], [7.90507, 59.56364]]}, "properties": {"P": 18.36, "tau": 42.94, "tau_c": 137.96, "omega": 43.76, "M": 0.31, "D": 0.09, "R": 0.03, "sving": 0.0, "os": 0.41, "foss": 1.0, "juv": 0.0, "B": 0.47, "Q": 1.25, "w": 10.05, "h": 0.12, "S": 0.03587, "elv": "bekk", "km": 1.0}}, {"type": "Feature", "geometry": {"type": "LineString", "coordinates": [[7.92529, 59.5584], [7.92537, 59.55758]]}, "properties": {"P": 12.95, "tau": 37.97, "tau_c": 121.56, "omega": 37.17, "M": 0.31, "D": -0.0, "R": 0.03, "sving": 0.04, "os": 0.0, "foss": 1.0, "juv": 0.0, "B": 0.48, "Q": 1.5, "w": 11.05, "h": 0.14, "S": 0.02785, "elv": "bekk", "km": 1.4}}, {"type": "Feature", "geometry": {"type": "LineString", "coordinates": [[7.92537, 59.55758], [7.92601, 59.5568]]}, "properties": {"P": 11.13, "tau": 41.37, "tau_c": 129.12, "omega": 42.03, "M": 0.32, "D": -0.0, "R": 0.04, "sving": 0.16, "os": 0.0, "foss": 0.72, "juv": 0.0, "B": 0.48, "Q": 1.51, "w": 11.07, "h": 0.13, "S": 0.03142, "elv": "bekk", "km": 1.5}}, {"type": "Feature", "geometry": {"type": "LineString", "coordinates": [[7.92601, 59.5568], [7.92573, 59.55599]]}, "properties": {"P": 14.05, "tau": 46.89, "tau_c": 140.84, "omega": 50.36, "M": 0.33, "D": 0.01, "R": 0.04, "sving": 0.11, "os": 0.0, "foss": 1.0, "juv": 0.0, "B": 0.48, "Q": 1.52, "w": 11.09, "h": 0.13, "S": 0.03739, "elv": "bekk", "km": 1.6}}, {"type": "Feature", "geometry": {"type": "LineString", "coordinates": [[7.92573, 59.55599], [7.92537, 59.55522]]}, "properties": {"P": 13.67, "tau": 52.65, "tau_c": 152.97, "omega": 59.48, "M": 0.34, "D": 0.03, "R": 0.05, "sving": 0.32, "os": 0.0, "foss": 0.72, "juv": 0.0, "B": 0.48, "Q": 1.53, "w": 11.11, "h": 0.12, "S": 0.04411, "elv": "bekk", "km": 1.7}}, {"type": "Feature", "geometry": {"type": "LineString", "coordinates": [[7.96875, 59.60844], [7.96848, 59.60926]]}, "properties": {"P": 15.94, "tau": 47.54, "tau_c": 154.3, "omega": 49.97, "M": 0.31, "D": 0.0, "R": 0.03, "sving": 0.37, "os": 0.0, "foss": 1.0, "juv": 0.0, "B": 0.46, "Q": 1.04, "w": 9.19, "h": 0.11, "S": 0.04487, "elv": "bekk", "km": 0.9}}, {"type": "Feature", "geometry": {"type": "LineString", "coordinates": [[7.96848, 59.60926], [7.96868, 59.61012]]}, "properties": {"P": 12.78, "tau": 55.93, "tau_c": 173.44, "omega": 63.08, "M": 0.32, "D": 0.0, "R": 0.04, "sving": 0.08, "os": 0.0, "foss": 1.0, "juv": 0.0, "B": 0.46, "Q": 1.05, "w": 9.21, "h": 0.1, "S": 0.0567, "elv": "bekk", "km": 1.0}}, {"type": "Feature", "geometry": {"type": "LineString", "coordinates": [[7.96868, 59.61012], [7.96927, 59.61096]]}, "properties": {"P": 14.21, "tau": 62.48, "tau_c": 187.8, "omega": 73.94, "M": 0.33, "D": 0.0, "R": 0.04, "sving": 0.19, "os": 0.0, "foss": 1.0, "juv": 0.0, "B": 0.46, "Q": 1.05, "w": 9.25, "h": 0.1, "S": 0.06647, "elv": "bekk", "km": 1.1}}, {"type": "Feature", "geometry": {"type": "LineString", "coordinates": [[7.96927, 59.61096], [7.96967, 59.61177]]}, "properties": {"P": 16.92, "tau": 68.52, "tau_c": 199.93, "omega": 84.49, "M": 0.34, "D": 0.0, "R": 0.05, "sving": 0.42, "os": 0.0, "foss": 1.0, "juv": 0.0, "B": 0.46, "Q": 1.06, "w": 9.29, "h": 0.09, "S": 0.07534, "elv": "bekk", "km": 1.2}}, {"type": "Feature", "geometry": {"type": "LineString", "coordinates": [[7.96967, 59.61177], [7.97024, 59.61258]]}, "properties": {"P": 16.2, "tau": 90.7, "tau_c": 242.65, "omega": 126.58, "M": 0.37, "D": 0.0, "R": 0.07, "sving": 0.32, "os": 0.0, "foss": 1.0, "juv": 0.0, "B": 0.46, "Q": 1.08, "w": 9.33, "h": 0.08, "S": 0.11097, "elv": "bekk", "km": 1.3}}, {"type": "Feature", "geometry": {"type": "LineString", "coordinates": [[7.97024, 59.61258], [7.9719, 59.61286]]}, "properties": {"P": 16.94, "tau": 96.51, "tau_c": 253.93, "omega": 138.32, "M": 0.38, "D": 0.0, "R": 0.07, "sving": 0.32, "os": 0.06, "foss": 1.0, "juv": 0.0, "B": 0.46, "Q": 1.09, "w": 9.36, "h": 0.08, "S": 0.12154, "elv": "bekk", "km": 1.4}}, {"type": "Feature", "geometry": {"type": "LineString", "coordinates": [[7.9719, 59.61286], [7.97354, 59.61318]]}, "properties": {"P": 18.09, "tau": 94.35, "tau_c": 250.51, "omega": 133.81, "M": 0.38, "D": 0.02, "R": 0.07, "sving": 0.37, "os": 0.1, "foss": 1.0, "juv": 0.0, "B": 0.46, "Q": 1.09, "w": 9.43, "h": 0.08, "S": 0.11828, "elv": "bekk", "km": 1.5}}, {"type": "Feature", "geometry": {"type": "LineString", "coordinates": [[7.97354, 59.61318], [7.97503, 59.61357]]}, "properties": {"P": 15.75, "tau": 89.82, "tau_c": 242.25, "omega": 124.64, "M": 0.37, "D": 0.03, "R": 0.07, "sving": 0.09, "os": 0.16, "foss": 1.0, "juv": 0.0, "B": 0.46, "Q": 1.09, "w": 9.49, "h": 0.08, "S": 0.11061, "elv": "bekk", "km": 1.6}}, {"type": "Feature", "geometry": {"type": "LineString", "coordinates": [[7.97503, 59.61357], [7.97656, 59.61377]]}, "properties": {"P": 19.31, "tau": 88.11, "tau_c": 235.01, "omega": 121.88, "M": 0.37, "D": 0.09, "R": 0.07, "sving": 0.22, "os": 0.25, "foss": 1.0, "juv": 0.0, "B": 0.46, "Q": 1.14, "w": 9.56, "h": 0.09, "S": 0.1041, "elv": "bekk", "km": 1.7}}, {"type": "Feature", "geometry": {"type": "LineString", "coordinates": [[7.97656, 59.61377], [7.97826, 59.61385]]}, "properties": {"P": 25.2, "tau": 85.7, "tau_c": 229.5, "omega": 117.29, "M": 0.37, "D": 0.16, "R": 0.07, "sving": 0.5, "os": 0.38, "foss": 1.0, "juv": 0.0, "B": 0.47, "Q": 1.16, "w": 9.62, "h": 0.09, "S": 0.09927, "elv": "bekk", "km": 1.8}}, {"type": "Feature", "geometry": {"type": "LineString", "coordinates": [[7.97826, 59.61385], [7.97989, 59.61367]]}, "properties": {"P": 26.2, "tau": 53.1, "tau_c": 165.91, "omega": 58.76, "M": 0.32, "D": 0.27, "R": 0.04, "sving": 0.28, "os": 0.6, "foss": 1.0, "juv": 0.0, "B": 0.47, "Q": 1.16, "w": 10.05, "h": 0.1, "S": 0.05188, "elv": "bekk", "km": 1.9}}, {"type": "Feature", "geometry": {"type": "LineString", "coordinates": [[7.98103, 59.613], [7.98255, 59.61258]]}, "properties": {"P": 20.54, "tau": 39.68, "tau_c": 119.38, "omega": 40.17, "M": 0.33, "D": 0.17, "R": 0.04, "sving": 0.06, "os": 0.64, "foss": 0.72, "juv": 0.0, "B": 0.49, "Q": 1.65, "w": 10.84, "h": 0.15, "S": 0.02686, "elv": "bekk", "km": 2.1}}, {"type": "Feature", "geometry": {"type": "LineString", "coordinates": [[7.98255, 59.61258], [7.98428, 59.61244]]}, "properties": {"P": 15.09, "tau": 40.26, "tau_c": 122.12, "omega": 40.89, "M": 0.33, "D": 0.06, "R": 0.04, "sving": 0.2, "os": 0.4, "foss": 0.51, "juv": 0.0, "B": 0.49, "Q": 1.66, "w": 11.23, "h": 0.15, "S": 0.02811, "elv": "bekk", "km": 2.2}}, {"type": "Feature", "geometry": {"type": "LineString", "coordinates": [[7.98428, 59.61244], [7.98591, 59.61212]]}, "properties": {"P": 9.21, "tau": 38.82, "tau_c": 121.2, "omega": 38.62, "M": 0.32, "D": 0.02, "R": 0.04, "sving": 0.06, "os": 0.25, "foss": 0.37, "juv": 0.0, "B": 0.49, "Q": 1.67, "w": 11.71, "h": 0.14, "S": 0.02769, "elv": "bekk", "km": 2.3}}, {"type": "Feature", "geometry": {"type": "LineString", "coordinates": [[7.98591, 59.61212], [7.98743, 59.61185]]}, "properties": {"P": 15.76, "tau": 37.77, "tau_c": 119.27, "omega": 37.09, "M": 0.32, "D": 0.01, "R": 0.03, "sving": 0.09, "os": 0.15, "foss": 1.0, "juv": 0.0, "B": 0.49, "Q": 1.67, "w": 11.83, "h": 0.14, "S": 0.02681, "elv": "bekk", "km": 2.4}}, {"type": "Feature", "geometry": {"type": "LineString", "coordinates": [[7.88511, 59.62221], [7.88527, 59.62132]]}, "properties": {"P": 13.94, "tau": 120.25, "tau_c": 222.32, "omega": 209.04, "M": 0.54, "D": 0.0, "R": 0.24, "sving": 0.11, "os": 0.09, "foss": 1.0, "juv": 0.0, "B": 0.35, "Q": 4.24, "w": 18.54, "h": 0.13, "S": 0.09316, "elv": "bekk", "km": 0.0}}, {"type": "Feature", "geometry": {"type": "LineString", "coordinates": [[7.88527, 59.62132], [7.88536, 59.62043]]}, "properties": {"P": 21.51, "tau": 135.08, "tau_c": 241.57, "omega": 246.93, "M": 0.56, "D": 0.02, "R": 0.26, "sving": 0.07, "os": 0.06, "foss": 1.0, "juv": 0.0, "B": 0.55, "Q": 4.24, "w": 18.54, "h": 0.13, "S": 0.10999, "elv": "bekk", "km": 0.1}}, {"type": "Feature", "geometry": {"type": "LineString", "coordinates": [[7.88536, 59.62043], [7.88526, 59.61955]]}, "properties": {"P": 23.03, "tau": 116.58, "tau_c": 217.5, "omega": 199.93, "M": 0.54, "D": 0.06, "R": 0.23, "sving": 0.24, "os": 0.0, "foss": 1.0, "juv": 0.0, "B": 0.55, "Q": 4.25, "w": 18.59, "h": 0.13, "S": 0.08916, "elv": "bekk", "km": 0.2}}, {"type": "Feature", "geometry": {"type": "LineString", "coordinates": [[7.88526, 59.61955], [7.88516, 59.61866]]}, "properties": {"P": 26.03, "tau": 111.44, "tau_c": 210.76, "omega": 187.39, "M": 0.53, "D": 0.08, "R": 0.22, "sving": 0.45, "os": 0.0, "foss": 1.0, "juv": 0.0, "B": 0.55, "Q": 4.25, "w": 18.64, "h": 0.14, "S": 0.08372, "elv": "bekk", "km": 0.3}}, {"type": "Feature", "geometry": {"type": "LineString", "coordinates": [[7.88516, 59.61866], [7.88435, 59.618]]}, "properties": {"P": 21.54, "tau": 103.79, "tau_c": 198.59, "omega": 169.72, "M": 0.52, "D": 0.09, "R": 0.21, "sving": 0.39, "os": 0.0, "foss": 0.72, "juv": 0.0, "B": 0.56, "Q": 4.35, "w": 18.69, "h": 0.14, "S": 0.07433, "elv": "bekk", "km": 0.4}}, {"type": "Feature", "geometry": {"type": "LineString", "coordinates": [[7.88435, 59.618], [7.88274, 59.61763]]}, "properties": {"P": 23.22, "tau": 99.14, "tau_c": 192.38, "omega": 158.88, "M": 0.52, "D": 0.11, "R": 0.2, "sving": 0.23, "os": 0.0, "foss": 1.0, "juv": 0.0, "B": 0.56, "Q": 4.35, "w": 18.74, "h": 0.14, "S": 0.06976, "elv": "bekk", "km": 0.5}}, {"type": "Feature", "geometry": {"type": "LineString", "coordinates": [[7.88274, 59.61763], [7.88117, 59.61723]]}, "properties": {"P": 17.88, "tau": 93.55, "tau_c": 184.53, "omega": 146.2, "M": 0.51, "D": 0.14, "R": 0.2, "sving": 0.09, "os": 0.0, "foss": 0.72, "juv": 0.0, "B": 0.56, "Q": 4.36, "w": 18.79, "h": 0.15, "S": 0.06418, "elv": "bekk", "km": 0.6}}, {"type": "Feature", "geometry": {"type": "LineString", "coordinates": [[7.88117, 59.61723], [7.8801, 59.61653]]}, "properties": {"P": 27.43, "tau": 67.56, "tau_c": 146.62, "omega": 91.63, "M": 0.46, "D": 0.19, "R": 0.14, "sving": 0.53, "os": 0.0, "foss": 1.0, "juv": 0.0, "B": 0.56, "Q": 4.36, "w": 18.93, "h": 0.17, "S": 0.04052, "elv": "bekk", "km": 0.7}}, {"type": "Feature", "geometry": {"type": "LineString", "coordinates": [[7.8801, 59.61653], [7.87956, 59.6157]]}, "properties": {"P": 22.12, "tau": 66.78, "tau_c": 145.88, "omega": 90.05, "M": 0.46, "D": 0.14, "R": 0.14, "sving": 0.21, "os": 0.0, "foss": 1.0, "juv": 0.0, "B": 0.56, "Q": 4.36, "w": 19.07, "h": 0.17, "S": 0.04011, "elv": "bekk", "km": 0.8}}, {"type": "Feature", "geometry": {"type": "LineString", "coordinates": [[7.87956, 59.6157], [7.88, 59.61486]]}, "properties": {"P": 15.56, "tau": 57.88, "tau_c": 128.13, "omega": 73.98, "M": 0.45, "D": 0.1, "R": 0.14, "sving": 0.06, "os": 0.0, "foss": 0.72, "juv": 0.0, "B": 0.56, "Q": 4.68, "w": 19.2, "h": 0.19, "S": 0.03094, "elv": "bekk", "km": 0.9}}, {"type": "Feature", "geometry": {"type": "LineString", "coordinates": [[7.88, 59.61486], [7.87911, 59.61411]]}, "properties": {"P": 15.91, "tau": 65.38, "tau_c": 140.24, "omega": 88.01, "M": 0.47, "D": 0.03, "R": 0.15, "sving": 0.3, "os": 0.06, "foss": 0.51, "juv": 0.0, "B": 0.56, "Q": 4.68, "w": 19.34, "h": 0.18, "S": 0.03707, "elv": "bekk", "km": 1.0}}, {"type": "Feature", "geometry": {"type": "LineString", "coordinates": [[7.87911, 59.61411], [7.87786, 59.6135]]}, "properties": {"P": 16.69, "tau": 56.28, "tau_c": 126.35, "omega": 70.94, "M": 0.45, "D": 0.03, "R": 0.13, "sving": 0.51, "os": 0.09, "foss": 0.37, "juv": 0.0, "B": 0.56, "Q": 4.68, "w": 19.47, "h": 0.19, "S": 0.03009, "elv": "bekk", "km": 1.1}}, {"type": "Feature", "geometry": {"type": "LineString", "coordinates": [[7.87786, 59.6135], [7.8768, 59.61324]]}, "properties": {"P": 19.86, "tau": 62.92, "tau_c": 136.86, "omega": 83.24, "M": 0.46, "D": -0.0, "R": 0.14, "sving": 0.1, "os": 0.11, "foss": 1.0, "juv": 0.0, "B": 0.56, "Q": 4.68, "w": 19.47, "h": 0.18, "S": 0.0353, "elv": "bekk", "km": 1.2}}, {"type": "Feature", "geometry": {"type": "LineString", "coordinates": [[7.8768, 59.61324], [7.8754, 59.61289]]}, "properties": {"P": 17.21, "tau": 106.33, "tau_c": 199.3, "omega": 176.52, "M": 0.53, "D": -0.0, "R": 0.23, "sving": 0.04, "os": 0.12, "foss": 0.72, "juv": 0.0, "B": 0.56, "Q": 4.68, "w": 19.47, "h": 0.14, "S": 0.07486, "elv": "bekk", "km": 1.3}}, {"type": "Feature", "geometry": {"type": "LineString", "coordinates": [[7.8754, 59.61289], [7.87419, 59.61228]]}, "properties": {"P": 23.14, "tau": 122.73, "tau_c": 220.85, "omega": 216.77, "M": 0.56, "D": -0.0, "R": 0.25, "sving": 0.15, "os": 0.12, "foss": 1.0, "juv": 0.0, "B": 0.56, "Q": 4.68, "w": 19.47, "h": 0.14, "S": 0.09193, "elv": "bekk", "km": 1.4}}, {"type": "Feature", "geometry": {"type": "LineString", "coordinates": [[7.87419, 59.61228], [7.87287, 59.61177]]}, "properties": {"P": 26.03, "tau": 128.54, "tau_c": 228.4, "omega": 231.58, "M": 0.56, "D": -0.0, "R": 0.26, "sving": 0.34, "os": 0.12, "foss": 1.0, "juv": 0.0, "B": 0.56, "Q": 4.68, "w": 19.49, "h": 0.13, "S": 0.09832, "elv": "bekk", "km": 1.5}}, {"type": "Feature", "geometry": {"type": "LineString", "coordinates": [[7.87287, 59.61177], [7.87175, 59.61113]]}, "properties": {"P": 21.58, "tau": 127.21, "tau_c": 227.77, "omega": 227.85, "M": 0.56, "D": -0.0, "R": 0.26, "sving": 0.04, "os": 0.1, "foss": 1.0, "juv": 0.0, "B": 0.56, "Q": 4.68, "w": 19.7, "h": 0.13, "S": 0.09778, "elv": "bekk", "km": 1.6}}, {"type": "Feature", "geometry": {"type": "LineString", "coordinates": [[7.87175, 59.61113], [7.87139, 59.61026]]}, "properties": {"P": 25.92, "tau": 134.55, "tau_c": 237.1, "omega": 246.92, "M": 0.57, "D": 0.04, "R": 0.27, "sving": 0.3, "os": 0.09, "foss": 1.0, "juv": 0.0, "B": 0.56, "Q": 4.73, "w": 19.92, "h": 0.13, "S": 0.10596, "elv": "bekk", "km": 1.7}}, {"type": "Feature", "geometry": {"type": "LineString", "coordinates": [[7.87139, 59.61026], [7.87036, 59.60962]]}, "properties": {"P": 29.56, "tau": 127.98, "tau_c": 220.13, "omega": 232.65, "M": 0.58, "D": 0.1, "R": 0.29, "sving": 0.42, "os": 0.09, "foss": 1.0, "juv": 0.0, "B": 0.57, "Q": 5.2, "w": 20.02, "h": 0.14, "S": 0.09133, "elv": "bekk", "km": 1.8}}, {"type": "Feature", "geometry": {"type": "LineString", "coordinates": [[7.87036, 59.60962], [7.86862, 59.60975]]}, "properties": {"P": 30.26, "tau": 93.85, "tau_c": 176.49, "omega": 149.15, "M": 0.53, "D": 0.17, "R": 0.22, "sving": 0.51, "os": 0.07, "foss": 1.0, "juv": 0.0, "B": 0.57, "Q": 5.21, "w": 20.13, "h": 0.16, "S": 0.05871, "elv": "bekk", "km": 1.9}}, {"type": "Feature", "geometry": {"type": "LineString", "coordinates": [[7.86862, 59.60975], [7.86692, 59.61]]}, "properties": {"P": 25.9, "tau": 82.59, "tau_c": 161.72, "omega": 124.05, "M": 0.51, "D": 0.15, "R": 0.2, "sving": 0.33, "os": 0.0, "foss": 1.0, "juv": 0.0, "B": 0.57, "Q": 5.21, "w": 20.33, "h": 0.17, "S": 0.0493, "elv": "bekk", "km": 2.0}}, {"type": "Feature", "geometry": {"type": "LineString", "coordinates": [[7.86692, 59.61], [7.8653, 59.60999]]}, "properties": {"P": 21.36, "tau": 85.32, "tau_c": 165.53, "omega": 129.98, "M": 0.52, "D": 0.09, "R": 0.21, "sving": 0.08, "os": 0.0, "foss": 1.0, "juv": 0.0, "B": 0.57, "Q": 5.22, "w": 20.33, "h": 0.17, "S": 0.05164, "elv": "bekk", "km": 2.1}}, {"type": "Feature", "geometry": {"type": "LineString", "coordinates": [[7.97817, 59.61445], [7.9795, 59.61396]]}, "properties": {"P": 14.74, "tau": 38.66, "tau_c": 120.91, "omega": 38.12, "M": 0.32, "D": -0.0, "R": 0.04, "sving": 0.52, "os": 0.0, "foss": 0.72, "juv": 0.0, "B": 0.47, "Q": 1.16, "w": 8.22, "h": 0.14, "S": 0.02755, "elv": "bekk", "km": 1.3}}, {"type": "Feature", "geometry": {"type": "LineString", "coordinates": [[7.92916, 59.55052], [7.9303, 59.54995]]}, "properties": {"P": 11.78, "tau": 52.14, "tau_c": 142.8, "omega": 59.71, "M": 0.37, "D": 0.02, "R": 0.06, "sving": 0.34, "os": 0.06, "foss": 1.0, "juv": 0.0, "B": 0.32, "Q": 1.7, "w": 10.72, "h": 0.14, "S": 0.03844, "elv": "bekk", "km": 0.0}}, {"type": "Feature", "geometry": {"type": "LineString", "coordinates": [[7.9303, 59.54995], [7.93125, 59.5492]]}, "properties": {"P": 24.86, "tau": 55.5, "tau_c": 151.52, "omega": 65.07, "M": 0.37, "D": 0.02, "R": 0.06, "sving": 0.22, "os": 0.0, "foss": 1.0, "juv": 0.0, "B": 0.76, "Q": 1.7, "w": 11.08, "h": 0.13, "S": 0.04327, "elv": "bekk", "km": 0.1}}, {"type": "Feature", "geometry": {"type": "LineString", "coordinates": [[7.93125, 59.5492], [7.9318, 59.5484]]}, "properties": {"P": 25.69, "tau": 47.09, "tau_c": 135.52, "omega": 51.34, "M": 0.35, "D": 0.02, "R": 0.05, "sving": 0.28, "os": 0.0, "foss": 1.0, "juv": 0.0, "B": 0.76, "Q": 1.73, "w": 11.46, "h": 0.14, "S": 0.03462, "elv": "bekk", "km": 0.2}}, {"type": "Feature", "geometry": {"type": "LineString", "coordinates": [[7.9318, 59.5484], [7.93241, 59.54757]]}, "properties": {"P": 29.37, "tau": 66.16, "tau_c": 175.32, "omega": 83.27, "M": 0.38, "D": 0.0, "R": 0.07, "sving": 0.47, "os": 0.0, "foss": 1.0, "juv": 0.0, "B": 0.76, "Q": 1.73, "w": 11.83, "h": 0.12, "S": 0.05794, "elv": "bekk", "km": 0.3}}, {"type": "Feature", "geometry": {"type": "LineString", "coordinates": [[7.93241, 59.54757], [7.93248, 59.54671]]}, "properties": {"P": 28.04, "tau": 78.59, "tau_c": 198.4, "omega": 106.57, "M": 0.4, "D": 0.0, "R": 0.09, "sving": 0.65, "os": 0.0, "foss": 0.72, "juv": 0.0, "B": 0.76, "Q": 1.74, "w": 11.85, "h": 0.11, "S": 0.07419, "elv": "bekk", "km": 0.4}}, {"type": "Feature", "geometry": {"type": "LineString", "coordinates": [[7.93248, 59.54671], [7.93142, 59.54603]]}, "properties": {"P": 33.37, "tau": 77.57, "tau_c": 197.47, "omega": 104.47, "M": 0.39, "D": 0.01, "R": 0.08, "sving": 0.65, "os": 0.0, "foss": 1.0, "juv": 0.0, "B": 0.76, "Q": 1.74, "w": 11.98, "h": 0.11, "S": 0.07349, "elv": "bekk", "km": 0.5}}, {"type": "Feature", "geometry": {"type": "LineString", "coordinates": [[7.93142, 59.54603], [7.92969, 59.54588]]}, "properties": {"P": 22.19, "tau": 75.64, "tau_c": 194.78, "omega": 100.63, "M": 0.39, "D": 0.02, "R": 0.08, "sving": 0.04, "os": 0.0, "foss": 1.0, "juv": 0.0, "B": 0.76, "Q": 1.74, "w": 12.1, "h": 0.11, "S": 0.07151, "elv": "bekk", "km": 0.6}}, {"type": "Feature", "geometry": {"type": "LineString", "coordinates": [[7.92969, 59.54588], [7.92801, 59.54571]]}, "properties": {"P": 27.63, "tau": 73.06, "tau_c": 182.77, "omega": 96.91, "M": 0.4, "D": 0.07, "R": 0.09, "sving": 0.51, "os": 0.0, "foss": 0.72, "juv": 0.0, "B": 0.77, "Q": 1.92, "w": 12.23, "h": 0.12, "S": 0.06296, "elv": "bekk", "km": 0.7}}, {"type": "Feature", "geometry": {"type": "LineString", "coordinates": [[7.92801, 59.54571], [7.92791, 59.54485]]}, "properties": {"P": 31.79, "tau": 73.48, "tau_c": 184.38, "omega": 97.6, "M": 0.4, "D": 0.15, "R": 0.09, "sving": 0.82, "os": 0.0, "foss": 0.51, "juv": 0.0, "B": 0.77, "Q": 1.92, "w": 12.35, "h": 0.12, "S": 0.06408, "elv": "bekk", "km": 0.8}}, {"type": "Feature", "geometry": {"type": "LineString", "coordinates": [[7.92791, 59.54485], [7.92901, 59.54418]]}, "properties": {"P": 24.16, "tau": 47.91, "tau_c": 136.25, "omega": 52.8, "M": 0.35, "D": 0.29, "R": 0.05, "sving": 0.44, "os": 0.0, "foss": 0.37, "juv": 0.0, "B": 0.77, "Q": 1.92, "w": 12.51, "h": 0.14, "S": 0.03499, "elv": "bekk", "km": 0.9}}, {"type": "Feature", "geometry": {"type": "LineString", "coordinates": [[7.92901, 59.54418], [7.93024, 59.54357]]}, "properties": {"P": 13.11, "tau": 30.66, "tau_c": 98.97, "omega": 27.83, "M": 0.31, "D": 0.35, "R": 0.03, "sving": 0.18, "os": 0.0, "foss": 0.0, "juv": 0.0, "B": 0.77, "Q": 1.93, "w": 12.55, "h": 0.17, "S": 0.01846, "elv": "bekk", "km": 1.0}}, {"type": "Feature", "geometry": {"type": "LineString", "coordinates": [[7.93089, 59.54031], [7.93142, 59.53946]]}, "properties": {"P": 9.33, "tau": 34.01, "tau_c": 105.2, "omega": 32.44, "M": 0.32, "D": 0.0, "R": 0.04, "sving": 0.06, "os": 0.0, "foss": 0.37, "juv": 0.0, "B": 0.77, "Q": 2.03, "w": 12.81, "h": 0.17, "S": 0.02086, "elv": "bekk", "km": 1.5}}, {"type": "Feature", "geometry": {"type": "LineString", "coordinates": [[7.93142, 59.53946], [7.93123, 59.53862]]}, "properties": {"P": 7.28, "tau": 29.73, "tau_c": 95.45, "omega": 26.75, "M": 0.31, "D": 0.0, "R": 0.03, "sving": 0.33, "os": 0.0, "foss": 0.0, "juv": 0.0, "B": 0.78, "Q": 2.04, "w": 12.85, "h": 0.18, "S": 0.01717, "elv": "bekk", "km": 1.6}}, {"type": "Feature", "geometry": {"type": "LineString", "coordinates": [[7.93123, 59.53862], [7.93198, 59.53784]]}, "properties": {"P": 21.74, "tau": 48.74, "tau_c": 136.15, "omega": 54.35, "M": 0.36, "D": 0.0, "R": 0.06, "sving": 0.05, "os": 0.0, "foss": 1.0, "juv": 0.0, "B": 0.78, "Q": 2.04, "w": 12.86, "h": 0.14, "S": 0.03494, "elv": "bekk", "km": 1.7}}, {"type": "Feature", "geometry": {"type": "LineString", "coordinates": [[7.93198, 59.53784], [7.93293, 59.53731]]}, "properties": {"P": 18.24, "tau": 55.78, "tau_c": 149.75, "omega": 65.99, "M": 0.37, "D": 0.0, "R": 0.07, "sving": 0.13, "os": 0.0, "foss": 0.72, "juv": 0.0, "B": 0.78, "Q": 2.05, "w": 12.89, "h": 0.13, "S": 0.04227, "elv": "bekk", "km": 1.8}}, {"type": "Feature", "geometry": {"type": "LineString", "coordinates": [[7.93293, 59.53731], [7.93323, 59.53643]]}, "properties": {"P": 21.83, "tau": 56.91, "tau_c": 151.91, "omega": 67.93, "M": 0.37, "D": 0.02, "R": 0.07, "sving": 0.01, "os": 0.0, "foss": 1.0, "juv": 0.0, "B": 0.78, "Q": 2.05, "w": 12.91, "h": 0.13, "S": 0.0435, "elv": "bekk", "km": 1.9}}, {"type": "Feature", "geometry": {"type": "LineString", "coordinates": [[7.93323, 59.53643], [7.93364, 59.53558]]}, "properties": {"P": 24.9, "tau": 56.17, "tau_c": 152.15, "omega": 66.45, "M": 0.37, "D": 0.03, "R": 0.07, "sving": 0.17, "os": 0.0, "foss": 1.0, "juv": 0.0, "B": 0.78, "Q": 2.06, "w": 13.3, "h": 0.13, "S": 0.04363, "elv": "bekk", "km": 2.0}}, {"type": "Feature", "geometry": {"type": "LineString", "coordinates": [[7.93364, 59.53558], [7.93436, 59.53477]]}, "properties": {"P": 23.96, "tau": 49.16, "tau_c": 139.87, "omega": 54.73, "M": 0.35, "D": 0.09, "R": 0.05, "sving": 0.33, "os": 0.0, "foss": 0.72, "juv": 0.0, "B": 0.78, "Q": 2.07, "w": 13.7, "h": 0.14, "S": 0.03687, "elv": "bekk", "km": 2.1}}, {"type": "Feature", "geometry": {"type": "LineString", "coordinates": [[7.93436, 59.53477], [7.93486, 59.53393]]}, "properties": {"P": 28.59, "tau": 53.59, "tau_c": 134.23, "omega": 63.95, "M": 0.4, "D": 0.17, "R": 0.09, "sving": 0.57, "os": 0.0, "foss": 0.51, "juv": 0.0, "B": 0.8, "Q": 2.71, "w": 14.11, "h": 0.16, "S": 0.03396, "elv": "bekk", "km": 2.2}}, {"type": "Feature", "geometry": {"type": "LineString", "coordinates": [[7.93486, 59.53393], [7.93604, 59.53359]]}, "properties": {"P": 22.48, "tau": 31.16, "tau_c": 91.55, "omega": 29.34, "M": 0.34, "D": 0.3, "R": 0.05, "sving": 0.29, "os": 0.0, "foss": 0.37, "juv": 0.0, "B": 0.81, "Q": 2.75, "w": 14.51, "h": 0.2, "S": 0.0158, "elv": "bekk", "km": 2.3}}, {"type": "Feature", "geometry": {"type": "LineString", "coordinates": [[7.93729, 59.53371], [7.9384, 59.5335]]}, "properties": {"P": 7.07, "tau": 23.02, "tau_c": 74.5, "omega": 18.94, "M": 0.31, "D": 0.19, "R": 0.03, "sving": 0.05, "os": 0.0, "foss": 0.0, "juv": 0.0, "B": 0.81, "Q": 2.76, "w": 14.95, "h": 0.22, "S": 0.01046, "elv": "bekk", "km": 2.5}}, {"type": "Feature", "geometry": {"type": "LineString", "coordinates": [[7.9384, 59.5335], [7.93997, 59.53319]]}, "properties": {"P": 5.93, "tau": 23.78, "tau_c": 76.2, "omega": 19.85, "M": 0.31, "D": 0.05, "R": 0.03, "sving": 0.18, "os": 0.0, "foss": 0.0, "juv": 0.0, "B": 0.81, "Q": 2.76, "w": 14.96, "h": 0.22, "S": 0.01094, "elv": "bekk", "km": 2.6}}, {"type": "Feature", "geometry": {"type": "LineString", "coordinates": [[7.93997, 59.53319], [7.94159, 59.53286]]}, "properties": {"P": 22.72, "tau": 23.87, "tau_c": 76.57, "omega": 19.95, "M": 0.31, "D": 0.0, "R": 0.03, "sving": 0.1, "os": 0.0, "foss": 1.0, "juv": 0.0, "B": 0.81, "Q": 2.77, "w": 15.04, "h": 0.22, "S": 0.01105, "elv": "bekk", "km": 2.7}}, {"type": "Feature", "geometry": {"type": "LineString", "coordinates": [[7.94159, 59.53286], [7.94313, 59.53263]]}, "properties": {"P": 17.4, "tau": 26.7, "tau_c": 83.18, "omega": 23.41, "M": 0.32, "D": 0.0, "R": 0.04, "sving": 0.1, "os": 0.0, "foss": 0.72, "juv": 0.0, "B": 0.81, "Q": 2.77, "w": 15.13, "h": 0.21, "S": 0.01304, "elv": "bekk", "km": 2.8}}, {"type": "Feature", "geometry": {"type": "LineString", "coordinates": [[7.94313, 59.53263], [7.9448, 59.53254]]}, "properties": {"P": 14.04, "tau": 31.16, "tau_c": 91.12, "omega": 29.4, "M": 0.34, "D": 0.01, "R": 0.05, "sving": 0.11, "os": 0.0, "foss": 0.51, "juv": 0.0, "B": 0.81, "Q": 2.91, "w": 15.21, "h": 0.2, "S": 0.01565, "elv": "bekk", "km": 2.9}}, {"type": "Feature", "geometry": {"type": "LineString", "coordinates": [[7.9448, 59.53254], [7.94654, 59.53245]]}, "properties": {"P": 11.98, "tau": 36.23, "tau_c": 101.69, "omega": 36.48, "M": 0.36, "D": 0.03, "R": 0.06, "sving": 0.09, "os": 0.0, "foss": 0.37, "juv": 0.0, "B": 0.81, "Q": 2.92, "w": 15.29, "h": 0.19, "S": 0.01949, "elv": "bekk", "km": 3.0}}, {"type": "Feature", "geometry": {"type": "LineString", "coordinates": [[7.84916, 59.6229], [7.84984, 59.6222]]}, "properties": {"P": 7.1, "tau": 67.52, "tau_c": 217.68, "omega": 80.12, "M": 0.31, "D": 0.0, "R": 0.03, "sving": 0.0, "os": 0.0, "foss": 1.0, "juv": 0.0, "B": 0.28, "Q": 0.68, "w": 7.48, "h": 0.08, "S": 0.08931, "elv": "bekk", "km": 0.0}}, {"type": "Feature", "geometry": {"type": "LineString", "coordinates": [[7.9273, 59.57863], [7.92811, 59.57799]]}, "properties": {"P": 42.65, "tau": 375.01, "tau_c": 156.65, "omega": 1526.95, "M": 2.39, "D": 0.0, "R": 0.74, "sving": 0.5, "os": 0.0, "foss": 0.51, "juv": 0.02, "B": 0.77, "Q": 109.04, "w": 32.4, "h": 0.83, "S": 0.04625, "elv": "bekk", "km": 0.5}}, {"type": "Feature", "geometry": {"type": "LineString", "coordinates": [[7.90649, 59.5634], [7.90809, 59.56312]]}, "properties": {"P": 35.55, "tau": 61.84, "tau_c": 179.05, "omega": 73.84, "M": 0.35, "D": 0.0, "R": 0.05, "sving": 1.0, "os": 1.0, "foss": 1.0, "juv": 0.0, "B": 0.47, "Q": 1.26, "w": 10.1, "h": 0.1, "S": 0.06043, "elv": "bekk", "km": 0.0}}, {"type": "Feature", "geometry": {"type": "LineString", "coordinates": [[7.90809, 59.56312], [7.90945, 59.56322]]}, "properties": {"P": 22.36, "tau": 100.75, "tau_c": 253.82, "omega": 148.66, "M": 0.4, "D": 0.0, "R": 0.09, "sving": 0.44, "os": 0.62, "foss": 0.72, "juv": 0.0, "B": 0.48, "Q": 1.26, "w": 10.1, "h": 0.08, "S": 0.12143, "elv": "bekk", "km": 0.1}}, {"type": "Feature", "geometry": {"type": "LineString", "coordinates": [[7.90945, 59.56322], [7.91025, 59.56392]]}, "properties": {"P": 25.07, "tau": 122.24, "tau_c": 291.56, "omega": 196.11, "M": 0.42, "D": 0.0, "R": 0.1, "sving": 0.53, "os": 0.43, "foss": 1.0, "juv": 0.0, "B": 0.48, "Q": 1.26, "w": 10.1, "h": 0.08, "S": 0.16023, "elv": "bekk", "km": 0.2}}, {"type": "Feature", "geometry": {"type": "LineString", "coordinates": [[7.91025, 59.56392], [7.91161, 59.56435]]}, "properties": {"P": 22.75, "tau": 108.28, "tau_c": 267.5, "omega": 164.8, "M": 0.4, "D": 0.01, "R": 0.09, "sving": 0.42, "os": 0.33, "foss": 1.0, "juv": 0.0, "B": 0.48, "Q": 1.26, "w": 10.12, "h": 0.08, "S": 0.13487, "elv": "bekk", "km": 0.3}}, {"type": "Feature", "geometry": {"type": "LineString", "coordinates": [[7.91161, 59.56435], [7.91234, 59.56504]]}, "properties": {"P": 19.46, "tau": 103.65, "tau_c": 259.42, "omega": 154.77, "M": 0.4, "D": 0.01, "R": 0.09, "sving": 0.26, "os": 0.21, "foss": 1.0, "juv": 0.0, "B": 0.49, "Q": 1.26, "w": 10.14, "h": 0.08, "S": 0.12684, "elv": "bekk", "km": 0.4}}, {"type": "Feature", "geometry": {"type": "LineString", "coordinates": [[7.91234, 59.56504], [7.91284, 59.56589]]}, "properties": {"P": 13.61, "tau": 116.79, "tau_c": 280.73, "omega": 184.02, "M": 0.42, "D": 0.01, "R": 0.1, "sving": 0.07, "os": 0.15, "foss": 0.72, "juv": 0.0, "B": 0.49, "Q": 1.28, "w": 10.16, "h": 0.08, "S": 0.14854, "elv": "bekk", "km": 0.5}}, {"type": "Feature", "geometry": {"type": "LineString", "coordinates": [[7.91284, 59.56589], [7.9143, 59.56617]]}, "properties": {"P": 20.51, "tau": 125.65, "tau_c": 296.04, "omega": 204.29, "M": 0.42, "D": 0.03, "R": 0.11, "sving": 0.36, "os": 0.1, "foss": 1.0, "juv": 0.0, "B": 0.5, "Q": 1.28, "w": 10.18, "h": 0.08, "S": 0.16518, "elv": "bekk", "km": 0.6}}, {"type": "Feature", "geometry": {"type": "LineString", "coordinates": [[8.10982, 59.5808], [8.11026, 59.58156]]}, "properties": {"P": 11.9, "tau": 40.82, "tau_c": 116.34, "omega": 42.25, "M": 0.35, "D": -0.0, "R": 0.05, "sving": 0.48, "os": 0.07, "foss": 0.37, "juv": 0.0, "B": 0.49, "Q": 1.54, "w": 9.13, "h": 0.16, "S": 0.02551, "elv": "bekk", "km": 0.7}}, {"type": "Feature", "geometry": {"type": "LineString", "coordinates": [[8.11026, 59.58156], [8.11201, 59.58165]]}, "properties": {"P": 4.36, "tau": 31.76, "tau_c": 101.83, "omega": 29.13, "M": 0.31, "D": -0.0, "R": 0.03, "sving": 0.25, "os": 0.06, "foss": 0.0, "juv": 0.0, "B": 0.49, "Q": 1.55, "w": 10.17, "h": 0.17, "S": 0.01954, "elv": "bekk", "km": 0.8}}, {"type": "Feature", "geometry": {"type": "LineString", "coordinates": [[8.11201, 59.58165], [8.11377, 59.58172]]}, "properties": {"P": 18.21, "tau": 40.42, "tau_c": 126.23, "omega": 40.75, "M": 0.32, "D": -0.0, "R": 0.04, "sving": 0.47, "os": 0.0, "foss": 1.0, "juv": 0.0, "B": 0.49, "Q": 1.55, "w": 11.2, "h": 0.14, "S": 0.03003, "elv": "bekk", "km": 0.9}}, {"type": "Feature", "geometry": {"type": "LineString", "coordinates": [[8.11377, 59.58172], [8.11553, 59.58179]]}, "properties": {"P": 9.54, "tau": 47.08, "tau_c": 140.78, "omega": 50.71, "M": 0.33, "D": -0.0, "R": 0.04, "sving": 0.01, "os": 0.0, "foss": 0.72, "juv": 0.0, "B": 0.49, "Q": 1.55, "w": 11.21, "h": 0.13, "S": 0.03736, "elv": "bekk", "km": 1.0}}, {"type": "Feature", "geometry": {"type": "LineString", "coordinates": [[8.11553, 59.58179], [8.11729, 59.58181]]}, "properties": {"P": 13.43, "tau": 48.06, "tau_c": 142.81, "omega": 52.24, "M": 0.34, "D": -0.0, "R": 0.04, "sving": 0.05, "os": 0.0, "foss": 1.0, "juv": 0.0, "B": 0.49, "Q": 1.56, "w": 11.23, "h": 0.13, "S": 0.03844, "elv": "bekk", "km": 1.1}}, {"type": "Feature", "geometry": {"type": "LineString", "coordinates": [[8.11729, 59.58181], [8.11905, 59.58187]]}, "properties": {"P": 15.41, "tau": 57.33, "tau_c": 161.95, "omega": 67.3, "M": 0.35, "D": -0.0, "R": 0.06, "sving": 0.2, "os": 0.0, "foss": 1.0, "juv": 0.0, "B": 0.49, "Q": 1.56, "w": 11.25, "h": 0.12, "S": 0.04943, "elv": "bekk", "km": 1.2}}, {"type": "Feature", "geometry": {"type": "LineString", "coordinates": [[8.11905, 59.58187], [8.12073, 59.58207]]}, "properties": {"P": 17.16, "tau": 54.02, "tau_c": 154.92, "omega": 61.83, "M": 0.35, "D": 0.01, "R": 0.05, "sving": 0.33, "os": 0.0, "foss": 1.0, "juv": 0.0, "B": 0.49, "Q": 1.57, "w": 11.27, "h": 0.12, "S": 0.04524, "elv": "bekk", "km": 1.3}}, {"type": "Feature", "geometry": {"type": "LineString", "coordinates": [[8.12073, 59.58207], [8.12218, 59.58258]]}, "properties": {"P": 17.25, "tau": 58.2, "tau_c": 163.77, "omega": 68.77, "M": 0.36, "D": 0.03, "R": 0.06, "sving": 0.32, "os": 0.0, "foss": 1.0, "juv": 0.0, "B": 0.49, "Q": 1.57, "w": 11.35, "h": 0.12, "S": 0.05055, "elv": "bekk", "km": 1.4}}, {"type": "Feature", "geometry": {"type": "LineString", "coordinates": [[8.12218, 59.58258], [8.12324, 59.58329]]}, "properties": {"P": 14.51, "tau": 52.33, "tau_c": 152.19, "omega": 58.98, "M": 0.34, "D": 0.05, "R": 0.05, "sving": 0.35, "os": 0.0, "foss": 0.72, "juv": 0.0, "B": 0.49, "Q": 1.57, "w": 11.43, "h": 0.12, "S": 0.04365, "elv": "bekk", "km": 1.5}}, {"type": "Feature", "geometry": {"type": "LineString", "coordinates": [[8.20021, 59.6081], [8.19905, 59.60749]]}, "properties": {"P": 9.99, "tau": 22.95, "tau_c": 58.75, "omega": 20.09, "M": 0.39, "D": 0.0, "R": 0.08, "sving": 0.6, "os": 0.0, "foss": 0.0, "juv": 0.0, "B": 0.56, "Q": 4.27, "w": 13.56, "h": 0.36, "S": 0.00651, "elv": "Øyfjellsåi", "km": 0.2}}, {"type": "Feature", "geometry": {"type": "LineString", "coordinates": [[8.19905, 59.60749], [8.19916, 59.60662]]}, "properties": {"P": 8.95, "tau": 18.97, "tau_c": 55.34, "omega": 15.03, "M": 0.34, "D": 0.01, "R": 0.05, "sving": 0.57, "os": 0.0, "foss": 0.0, "juv": 0.0, "B": 0.56, "Q": 4.27, "w": 16.09, "h": 0.33, "S": 0.00577, "elv": "Øyfjellsåi", "km": 0.3}}, {"type": "Feature", "geometry": {"type": "LineString", "coordinates": [[8.19916, 59.60662], [8.19928, 59.60575]]}, "properties": {"P": 5.83, "tau": 20.69, "tau_c": 62.84, "omega": 16.77, "M": 0.33, "D": 0.01, "R": 0.04, "sving": 0.35, "os": 0.0, "foss": 0.0, "juv": 0.0, "B": 0.56, "Q": 4.28, "w": 18.62, "h": 0.28, "S": 0.00744, "elv": "Øyfjellsåi", "km": 0.4}}, {"type": "Feature", "geometry": {"type": "LineString", "coordinates": [[8.19928, 59.60575], [8.19974, 59.60491]]}, "properties": {"P": 3.06, "tau": 22.47, "tau_c": 66.6, "omega": 18.89, "M": 0.34, "D": 0.01, "R": 0.05, "sving": 0.14, "os": 0.0, "foss": 0.0, "juv": 0.0, "B": 0.56, "Q": 4.29, "w": 18.63, "h": 0.27, "S": 0.00836, "elv": "Øyfjellsåi", "km": 0.5}}, {"type": "Feature", "geometry": {"type": "LineString", "coordinates": [[8.19974, 59.60491], [8.20002, 59.60406]]}, "properties": {"P": 2.39, "tau": 22.46, "tau_c": 66.6, "omega": 18.88, "M": 0.34, "D": 0.03, "R": 0.05, "sving": 0.05, "os": 0.0, "foss": 0.0, "juv": 0.0, "B": 0.56, "Q": 4.29, "w": 18.65, "h": 0.27, "S": 0.00836, "elv": "Øyfjellsåi", "km": 0.6}}, {"type": "Feature", "geometry": {"type": "LineString", "coordinates": [[8.20002, 59.60406], [8.20076, 59.60325]]}, "properties": {"P": 7.03, "tau": 20.53, "tau_c": 62.45, "omega": 16.6, "M": 0.33, "D": 0.08, "R": 0.04, "sving": 0.35, "os": 0.0, "foss": 0.0, "juv": 0.0, "B": 0.56, "Q": 4.3, "w": 18.67, "h": 0.28, "S": 0.00735, "elv": "Øyfjellsåi", "km": 0.7}}, {"type": "Feature", "geometry": {"type": "LineString", "coordinates": [[8.20076, 59.60325], [8.20063, 59.60239]]}, "properties": {"P": 8.66, "tau": 17.8, "tau_c": 56.27, "omega": 13.52, "M": 0.32, "D": 0.12, "R": 0.03, "sving": 0.41, "os": 0.0, "foss": 0.0, "juv": 0.0, "B": 0.56, "Q": 4.31, "w": 18.68, "h": 0.3, "S": 0.00597, "elv": "Øyfjellsåi", "km": 0.8}}, {"type": "Feature", "geometry": {"type": "LineString", "coordinates": [[8.20063, 59.60239], [8.19955, 59.60169]]}, "properties": {"P": 6.15, "tau": 17.11, "tau_c": 54.77, "omega": 12.77, "M": 0.31, "D": 0.09, "R": 0.03, "sving": 0.27, "os": 0.0, "foss": 0.0, "juv": 0.0, "B": 0.56, "Q": 4.32, "w": 18.75, "h": 0.31, "S": 0.00565, "elv": "Øyfjellsåi", "km": 0.9}}, {"type": "Feature", "geometry": {"type": "LineString", "coordinates": [[8.19813, 59.60115], [8.19764, 59.60033]]}, "properties": {"P": 3.8, "tau": 17.3, "tau_c": 54.67, "omega": 13.02, "M": 0.32, "D": 0.0, "R": 0.03, "sving": 0.21, "os": 0.0, "foss": 0.0, "juv": 0.0, "B": 0.56, "Q": 4.44, "w": 18.87, "h": 0.31, "S": 0.00563, "elv": "Øyfjellsåi", "km": 1.1}}, {"type": "Feature", "geometry": {"type": "LineString", "coordinates": [[8.19764, 59.60033], [8.19659, 59.59963]]}, "properties": {"P": 3.26, "tau": 22.9, "tau_c": 66.93, "omega": 19.47, "M": 0.34, "D": 0.0, "R": 0.05, "sving": 0.16, "os": 0.0, "foss": 0.0, "juv": 0.0, "B": 0.56, "Q": 4.45, "w": 18.93, "h": 0.28, "S": 0.00844, "elv": "Øyfjellsåi", "km": 1.2}}, {"type": "Feature", "geometry": {"type": "LineString", "coordinates": [[8.19659, 59.59963], [8.19499, 59.59934]]}, "properties": {"P": 6.58, "tau": 23.12, "tau_c": 67.49, "omega": 19.73, "M": 0.34, "D": 0.0, "R": 0.05, "sving": 0.4, "os": 0.0, "foss": 0.0, "juv": 0.0, "B": 0.56, "Q": 4.45, "w": 19.01, "h": 0.27, "S": 0.00859, "elv": "Øyfjellsåi", "km": 1.3}}, {"type": "Feature", "geometry": {"type": "LineString", "coordinates": [[8.19499, 59.59934], [8.19333, 59.59916]]}, "properties": {"P": 5.99, "tau": 23.24, "tau_c": 67.77, "omega": 19.88, "M": 0.34, "D": 0.0, "R": 0.05, "sving": 0.36, "os": 0.0, "foss": 0.0, "juv": 0.0, "B": 0.56, "Q": 4.45, "w": 19.03, "h": 0.27, "S": 0.00866, "elv": "Øyfjellsåi", "km": 1.4}}, {"type": "Feature", "geometry": {"type": "LineString", "coordinates": [[8.18081, 59.62161], [8.18228, 59.6218]]}, "properties": {"P": 9.61, "tau": 64.01, "tau_c": 187.91, "omega": 76.79, "M": 0.34, "D": -0.0, "R": 0.05, "sving": 0.01, "os": 0.1, "foss": 0.72, "juv": 0.0, "B": 0.43, "Q": 0.96, "w": 8.13, "h": 0.1, "S": 0.06656, "elv": "bekk", "km": 3.1}}, {"type": "Feature", "geometry": {"type": "LineString", "coordinates": [[8.18228, 59.6218], [8.18393, 59.6215]]}, "properties": {"P": 19.4, "tau": 54.76, "tau_c": 157.77, "omega": 62.65, "M": 0.35, "D": 0.09, "R": 0.05, "sving": 0.42, "os": 0.15, "foss": 1.0, "juv": 0.0, "B": 0.45, "Q": 1.21, "w": 8.92, "h": 0.12, "S": 0.04692, "elv": "bekk", "km": 3.2}}, {"type": "Feature", "geometry": {"type": "LineString", "coordinates": [[8.18393, 59.6215], [8.18557, 59.6214]]}, "properties": {"P": 15.39, "tau": 47.51, "tau_c": 148.79, "omega": 50.53, "M": 0.32, "D": 0.17, "R": 0.04, "sving": 0.16, "os": 0.24, "foss": 0.72, "juv": 0.0, "B": 0.45, "Q": 1.22, "w": 9.85, "h": 0.12, "S": 0.04173, "elv": "bekk", "km": 3.3}}, {"type": "Feature", "geometry": {"type": "LineString", "coordinates": [[8.19183, 59.59546], [8.19223, 59.59459]]}, "properties": {"P": 4.7, "tau": 14.4, "tau_c": 47.54, "omega": 10.03, "M": 0.3, "D": 0.0, "R": 0.03, "sving": 0.13, "os": 0.13, "foss": 0.0, "juv": 0.0, "B": 0.64, "Q": 4.66, "w": 19.43, "h": 0.34, "S": 0.00426, "elv": "Vikåi", "km": 0.5}}, {"type": "Feature", "geometry": {"type": "LineString", "coordinates": [[8.19223, 59.59459], [8.19236, 59.5937]]}, "properties": {"P": 3.31, "tau": 21.11, "tau_c": 62.55, "omega": 17.37, "M": 0.34, "D": 0.0, "R": 0.05, "sving": 0.05, "os": 0.08, "foss": 0.0, "juv": 0.0, "B": 0.65, "Q": 4.67, "w": 19.45, "h": 0.29, "S": 0.00737, "elv": "Vikåi", "km": 0.6}}, {"type": "Feature", "geometry": {"type": "LineString", "coordinates": [[8.19236, 59.5937], [8.19283, 59.59284]]}, "properties": {"P": 3.36, "tau": 24.58, "tau_c": 69.79, "omega": 21.61, "M": 0.35, "D": 0.0, "R": 0.05, "sving": 0.12, "os": 0.0, "foss": 0.0, "juv": 0.0, "B": 0.66, "Q": 4.67, "w": 19.47, "h": 0.27, "S": 0.00918, "elv": "Vikåi", "km": 0.7}}, {"type": "Feature", "geometry": {"type": "LineString", "coordinates": [[8.19283, 59.59284], [8.19372, 59.59209]]}, "properties": {"P": 2.7, "tau": 26.78, "tau_c": 74.13, "omega": 24.46, "M": 0.36, "D": 0.0, "R": 0.06, "sving": 0.07, "os": 0.0, "foss": 0.0, "juv": 0.0, "B": 0.66, "Q": 4.69, "w": 19.49, "h": 0.26, "S": 0.01036, "elv": "Vikåi", "km": 0.8}}, {"type": "Feature", "geometry": {"type": "LineString", "coordinates": [[8.19372, 59.59209], [8.19462, 59.59134]]}, "properties": {"P": 3.06, "tau": 27.22, "tau_c": 74.96, "omega": 25.04, "M": 0.36, "D": 0.0, "R": 0.06, "sving": 0.08, "os": 0.0, "foss": 0.0, "juv": 0.0, "B": 0.67, "Q": 4.7, "w": 19.5, "h": 0.26, "S": 0.01059, "elv": "Vikåi", "km": 0.9}}, {"type": "Feature", "geometry": {"type": "LineString", "coordinates": [[8.19462, 59.59134], [8.19504, 59.59049]]}, "properties": {"P": 4.19, "tau": 26.64, "tau_c": 73.78, "omega": 24.28, "M": 0.36, "D": 0.03, "R": 0.06, "sving": 0.11, "os": 0.0, "foss": 0.0, "juv": 0.0, "B": 0.68, "Q": 4.71, "w": 19.52, "h": 0.26, "S": 0.01026, "elv": "Vikåi", "km": 1.0}}, {"type": "Feature", "geometry": {"type": "LineString", "coordinates": [[8.19504, 59.59049], [8.19514, 59.58961]]}, "properties": {"P": 5.04, "tau": 26.54, "tau_c": 73.59, "omega": 24.15, "M": 0.36, "D": 0.04, "R": 0.06, "sving": 0.15, "os": 0.0, "foss": 0.0, "juv": 0.0, "B": 0.69, "Q": 4.71, "w": 19.54, "h": 0.27, "S": 0.01021, "elv": "Vikåi", "km": 1.1}}, {"type": "Feature", "geometry": {"type": "LineString", "coordinates": [[8.19514, 59.58961], [8.19556, 59.58877]]}, "properties": {"P": 4.75, "tau": 22.15, "tau_c": 64.63, "omega": 18.63, "M": 0.34, "D": 0.04, "R": 0.05, "sving": 0.15, "os": 0.0, "foss": 0.0, "juv": 0.0, "B": 0.69, "Q": 4.72, "w": 19.55, "h": 0.29, "S": 0.00787, "elv": "Vikåi", "km": 1.2}}, {"type": "Feature", "geometry": {"type": "LineString", "coordinates": [[8.19556, 59.58877], [8.1958, 59.58795]]}, "properties": {"P": 9.64, "tau": 25.5, "tau_c": 71.48, "omega": 22.8, "M": 0.36, "D": 0.01, "R": 0.06, "sving": 0.46, "os": 0.0, "foss": 0.0, "juv": 0.0, "B": 0.7, "Q": 4.72, "w": 19.56, "h": 0.27, "S": 0.00963, "elv": "Vikåi", "km": 1.3}}, {"type": "Feature", "geometry": {"type": "LineString", "coordinates": [[8.1958, 59.58795], [8.19554, 59.58709]]}, "properties": {"P": 10.45, "tau": 33.39, "tau_c": 86.68, "omega": 33.58, "M": 0.39, "D": 0.0, "R": 0.08, "sving": 0.48, "os": 0.0, "foss": 0.0, "juv": 0.0, "B": 0.71, "Q": 4.73, "w": 19.58, "h": 0.24, "S": 0.01416, "elv": "Vikåi", "km": 1.4}}, {"type": "Feature", "geometry": {"type": "LineString", "coordinates": [[8.19554, 59.58709], [8.19394, 59.58675]]}, "properties": {"P": 9.4, "tau": 32.09, "tau_c": 84.23, "omega": 31.72, "M": 0.38, "D": 0.0, "R": 0.07, "sving": 0.42, "os": 0.0, "foss": 0.0, "juv": 0.0, "B": 0.71, "Q": 4.74, "w": 19.6, "h": 0.24, "S": 0.01337, "elv": "Vikåi", "km": 1.5}}, {"type": "Feature", "geometry": {"type": "LineString", "coordinates": [[8.19394, 59.58675], [8.19243, 59.58628]]}, "properties": {"P": 20.72, "tau": 38.69, "tau_c": 96.25, "omega": 41.49, "M": 0.4, "D": 0.0, "R": 0.09, "sving": 0.03, "os": 0.0, "foss": 1.0, "juv": 0.0, "B": 0.72, "Q": 4.75, "w": 19.61, "h": 0.23, "S": 0.01746, "elv": "Vikåi", "km": 1.6}}, {"type": "Feature", "geometry": {"type": "LineString", "coordinates": [[8.19243, 59.58628], [8.19098, 59.58577]]}, "properties": {"P": 23.36, "tau": 38.16, "tau_c": 95.29, "omega": 40.69, "M": 0.4, "D": 0.0, "R": 0.09, "sving": 0.46, "os": 0.0, "foss": 0.72, "juv": 0.0, "B": 0.72, "Q": 4.76, "w": 19.64, "h": 0.23, "S": 0.01712, "elv": "Vikåi", "km": 1.7}}, {"type": "Feature", "geometry": {"type": "LineString", "coordinates": [[8.19098, 59.58577], [8.19058, 59.58492]]}, "properties": {"P": 21.0, "tau": 38.91, "tau_c": 96.64, "omega": 41.85, "M": 0.4, "D": 0.03, "R": 0.09, "sving": 0.47, "os": 0.0, "foss": 0.51, "juv": 0.0, "B": 0.73, "Q": 4.77, "w": 19.67, "h": 0.23, "S": 0.0176, "elv": "Vikåi", "km": 1.8}}, {"type": "Feature", "geometry": {"type": "LineString", "coordinates": [[8.19058, 59.58492], [8.19066, 59.58403]]}, "properties": {"P": 19.08, "tau": 37.88, "tau_c": 94.58, "omega": 40.29, "M": 0.4, "D": 0.07, "R": 0.09, "sving": 0.46, "os": 0.0, "foss": 0.37, "juv": 0.0, "B": 0.73, "Q": 4.8, "w": 19.69, "h": 0.23, "S": 0.01686, "elv": "Vikåi", "km": 1.9}}, {"type": "Feature", "geometry": {"type": "LineString", "coordinates": [[8.19066, 59.58403], [8.19106, 59.58317]]}, "properties": {"P": 9.85, "tau": 30.16, "tau_c": 80.31, "omega": 29.06, "M": 0.38, "D": 0.14, "R": 0.07, "sving": 0.24, "os": 0.0, "foss": 0.0, "juv": 0.0, "B": 0.73, "Q": 4.8, "w": 19.71, "h": 0.25, "S": 0.01216, "elv": "Vikåi", "km": 2.0}}, {"type": "Feature", "geometry": {"type": "LineString", "coordinates": [[8.19106, 59.58317], [8.1915, 59.5823]]}, "properties": {"P": 7.92, "tau": 30.48, "tau_c": 80.91, "omega": 29.5, "M": 0.38, "D": 0.13, "R": 0.07, "sving": 0.15, "os": 0.0, "foss": 0.0, "juv": 0.0, "B": 0.74, "Q": 4.81, "w": 19.73, "h": 0.25, "S": 0.01234, "elv": "Vikåi", "km": 2.1}}, {"type": "Feature", "geometry": {"type": "LineString", "coordinates": [[8.1915, 59.5823], [8.19216, 59.58152]]}, "properties": {"P": 6.13, "tau": 21.82, "tau_c": 63.67, "omega": 18.27, "M": 0.34, "D": 0.12, "R": 0.05, "sving": 0.09, "os": 0.0, "foss": 0.0, "juv": 0.0, "B": 0.74, "Q": 4.81, "w": 19.75, "h": 0.29, "S": 0.00764, "elv": "Vikåi", "km": 2.2}}, {"type": "Feature", "geometry": {"type": "LineString", "coordinates": [[8.19216, 59.58152], [8.19292, 59.58072]]}, "properties": {"P": 9.7, "tau": 27.07, "tau_c": 74.29, "omega": 24.88, "M": 0.36, "D": 0.06, "R": 0.06, "sving": 0.28, "os": 0.07, "foss": 0.0, "juv": 0.0, "B": 0.74, "Q": 4.82, "w": 19.76, "h": 0.27, "S": 0.0104, "elv": "Vikåi", "km": 2.3}}, {"type": "Feature", "geometry": {"type": "LineString", "coordinates": [[8.19292, 59.58072], [8.19361, 59.58004]]}, "properties": {"P": 11.34, "tau": 25.33, "tau_c": 70.84, "omega": 22.62, "M": 0.36, "D": 0.06, "R": 0.06, "sving": 0.34, "os": 0.1, "foss": 0.0, "juv": 0.0, "B": 0.75, "Q": 4.82, "w": 19.78, "h": 0.27, "S": 0.00946, "elv": "Vikåi", "km": 2.4}}, {"type": "Feature", "geometry": {"type": "LineString", "coordinates": [[8.19361, 59.58004], [8.19285, 59.57932]]}, "properties": {"P": 9.95, "tau": 20.08, "tau_c": 59.84, "omega": 16.22, "M": 0.34, "D": 0.03, "R": 0.04, "sving": 0.29, "os": 0.14, "foss": 0.0, "juv": 0.0, "B": 0.75, "Q": 4.85, "w": 19.8, "h": 0.3, "S": 0.00675, "elv": "Vikåi", "km": 2.5}}, {"type": "Feature", "geometry": {"type": "LineString", "coordinates": [[8.19285, 59.57932], [8.192, 59.57854]]}, "properties": {"P": 11.33, "tau": 24.31, "tau_c": 68.72, "omega": 21.33, "M": 0.35, "D": 0.02, "R": 0.06, "sving": 0.28, "os": 0.22, "foss": 0.0, "juv": 0.0, "B": 0.75, "Q": 4.85, "w": 19.87, "h": 0.28, "S": 0.0089, "elv": "Vikåi", "km": 2.6}}, {"type": "Feature", "geometry": {"type": "LineString", "coordinates": [[8.192, 59.57854], [8.19146, 59.57774]]}, "properties": {"P": 13.09, "tau": 28.66, "tau_c": 77.45, "omega": 27.01, "M": 0.37, "D": 0.02, "R": 0.07, "sving": 0.21, "os": 0.36, "foss": 0.0, "juv": 0.0, "B": 0.76, "Q": 4.85, "w": 19.93, "h": 0.26, "S": 0.01131, "elv": "Vikåi", "km": 2.7}}, {"type": "Feature", "geometry": {"type": "LineString", "coordinates": [[8.19146, 59.57774], [8.19101, 59.57691]]}, "properties": {"P": 14.61, "tau": 28.84, "tau_c": 77.02, "omega": 27.33, "M": 0.37, "D": 0.02, "R": 0.07, "sving": 0.07, "os": 0.57, "foss": 0.0, "juv": 0.0, "B": 0.76, "Q": 4.98, "w": 20.0, "h": 0.26, "S": 0.01118, "elv": "Vikåi", "km": 2.8}}, {"type": "Feature", "geometry": {"type": "LineString", "coordinates": [[8.19101, 59.57691], [8.19115, 59.57602]]}, "properties": {"P": 21.05, "tau": 20.44, "tau_c": 60.25, "omega": 16.67, "M": 0.34, "D": 0.02, "R": 0.05, "sving": 0.1, "os": 0.92, "foss": 0.0, "juv": 0.0, "B": 0.76, "Q": 4.98, "w": 20.06, "h": 0.3, "S": 0.00684, "elv": "Vikåi", "km": 2.9}}, {"type": "Feature", "geometry": {"type": "LineString", "coordinates": [[8.19115, 59.57602], [8.19063, 59.57518]]}, "properties": {"P": 15.45, "tau": 32.71, "tau_c": 84.35, "omega": 32.75, "M": 0.39, "D": -0.0, "R": 0.08, "sving": 0.03, "os": 0.66, "foss": 0.0, "juv": 0.0, "B": 0.77, "Q": 5.01, "w": 20.13, "h": 0.25, "S": 0.01341, "elv": "Vikåi", "km": 3.0}}, {"type": "Feature", "geometry": {"type": "LineString", "coordinates": [[8.19063, 59.57518], [8.18964, 59.57445]]}, "properties": {"P": 13.51, "tau": 40.05, "tau_c": 97.53, "omega": 43.78, "M": 0.41, "D": -0.0, "R": 0.1, "sving": 0.14, "os": 0.41, "foss": 0.0, "juv": 0.0, "B": 0.77, "Q": 5.02, "w": 20.17, "h": 0.23, "S": 0.01793, "elv": "Vikåi", "km": 3.1}}, {"type": "Feature", "geometry": {"type": "LineString", "coordinates": [[8.18964, 59.57445], [8.18903, 59.57361]]}, "properties": {"P": 27.08, "tau": 38.31, "tau_c": 94.49, "omega": 41.07, "M": 0.41, "D": 0.01, "R": 0.09, "sving": 0.01, "os": 0.26, "foss": 1.0, "juv": 0.0, "B": 0.77, "Q": 5.03, "w": 20.2, "h": 0.23, "S": 0.01683, "elv": "Vikåi", "km": 3.2}}, {"type": "Feature", "geometry": {"type": "LineString", "coordinates": [[8.18903, 59.57361], [8.18851, 59.57276]]}, "properties": {"P": 24.38, "tau": 37.61, "tau_c": 93.01, "omega": 40.04, "M": 0.4, "D": 0.01, "R": 0.09, "sving": 0.24, "os": 0.16, "foss": 0.72, "juv": 0.0, "B": 0.77, "Q": 5.06, "w": 20.22, "h": 0.24, "S": 0.0163, "elv": "Vikåi", "km": 3.3}}, {"type": "Feature", "geometry": {"type": "LineString", "coordinates": [[8.18851, 59.57276], [8.18802, 59.57193]]}, "properties": {"P": 15.72, "tau": 37.61, "tau_c": 93.01, "omega": 40.03, "M": 0.4, "D": 0.03, "R": 0.09, "sving": 0.03, "os": 0.1, "foss": 0.51, "juv": 0.0, "B": 0.78, "Q": 5.07, "w": 20.24, "h": 0.24, "S": 0.0163, "elv": "Vikåi", "km": 3.4}}, {"type": "Feature", "geometry": {"type": "LineString", "coordinates": [[8.18802, 59.57193], [8.18811, 59.57103]]}, "properties": {"P": 18.14, "tau": 42.92, "tau_c": 102.29, "omega": 48.39, "M": 0.42, "D": 0.05, "R": 0.11, "sving": 0.29, "os": 0.06, "foss": 0.37, "juv": 0.0, "B": 0.78, "Q": 5.07, "w": 20.26, "h": 0.22, "S": 0.01972, "elv": "Vikåi", "km": 3.5}}, {"type": "Feature", "geometry": {"type": "LineString", "coordinates": [[8.18811, 59.57103], [8.18741, 59.57025]]}, "properties": {"P": 13.54, "tau": 33.38, "tau_c": 85.39, "omega": 33.75, "M": 0.39, "D": 0.12, "R": 0.08, "sving": 0.41, "os": 0.0, "foss": 0.0, "juv": 0.0, "B": 0.78, "Q": 5.07, "w": 20.27, "h": 0.25, "S": 0.01374, "elv": "Vikåi", "km": 3.6}}, {"type": "Feature", "geometry": {"type": "LineString", "coordinates": [[8.18741, 59.57025], [8.18588, 59.56982]]}, "properties": {"P": 11.3, "tau": 29.63, "tau_c": 78.4, "omega": 28.43, "M": 0.38, "D": 0.14, "R": 0.07, "sving": 0.28, "os": 0.0, "foss": 0.0, "juv": 0.0, "B": 0.78, "Q": 5.08, "w": 20.29, "h": 0.26, "S": 0.01158, "elv": "Vikåi", "km": 3.7}}, {"type": "Feature", "geometry": {"type": "LineString", "coordinates": [[8.18588, 59.56982], [8.18415, 59.56965]]}, "properties": {"P": 8.52, "tau": 25.84, "tau_c": 71.1, "omega": 23.37, "M": 0.36, "D": 0.12, "R": 0.06, "sving": 0.18, "os": 0.0, "foss": 0.0, "juv": 0.0, "B": 0.78, "Q": 5.08, "w": 20.31, "h": 0.28, "S": 0.00953, "elv": "Vikåi", "km": 3.8}}, {"type": "Feature", "geometry": {"type": "LineString", "coordinates": [[8.18415, 59.56965], [8.18313, 59.56904]]}, "properties": {"P": 3.84, "tau": 26.78, "tau_c": 72.73, "omega": 24.62, "M": 0.37, "D": 0.06, "R": 0.06, "sving": 0.01, "os": 0.0, "foss": 0.0, "juv": 0.0, "B": 0.79, "Q": 5.12, "w": 20.33, "h": 0.27, "S": 0.00997, "elv": "Vikåi", "km": 3.9}}, {"type": "Feature", "geometry": {"type": "LineString", "coordinates": [[8.18313, 59.56904], [8.18176, 59.56849]]}, "properties": {"P": 7.48, "tau": 27.64, "tau_c": 74.39, "omega": 25.75, "M": 0.37, "D": 0.04, "R": 0.07, "sving": 0.23, "os": 0.0, "foss": 0.0, "juv": 0.0, "B": 0.79, "Q": 5.12, "w": 20.35, "h": 0.27, "S": 0.01043, "elv": "Vikåi", "km": 4.0}}, {"type": "Feature", "geometry": {"type": "LineString", "coordinates": [[8.18176, 59.56849], [8.18019, 59.56808]]}, "properties": {"P": 3.81, "tau": 23.51, "tau_c": 66.83, "omega": 20.37, "M": 0.35, "D": 0.06, "R": 0.05, "sving": 0.03, "os": 0.0, "foss": 0.0, "juv": 0.0, "B": 0.79, "Q": 5.13, "w": 20.78, "h": 0.28, "S": 0.00842, "elv": "Vikåi", "km": 4.1}}, {"type": "Feature", "geometry": {"type": "LineString", "coordinates": [[8.18019, 59.56808], [8.17896, 59.56744]]}, "properties": {"P": 4.21, "tau": 24.62, "tau_c": 69.69, "omega": 21.73, "M": 0.35, "D": 0.05, "R": 0.05, "sving": 0.06, "os": 0.0, "foss": 0.0, "juv": 0.0, "B": 0.79, "Q": 5.13, "w": 21.19, "h": 0.27, "S": 0.00915, "elv": "Vikåi", "km": 4.2}}, {"type": "Feature", "geometry": {"type": "LineString", "coordinates": [[8.27327, 59.6179], [8.27327, 59.61705]]}, "properties": {"P": 18.74, "tau": 57.48, "tau_c": 190.27, "omega": 64.0, "M": 0.3, "D": 0.0, "R": 0.03, "sving": 0.61, "os": 0.08, "foss": 1.0, "juv": 0.0, "B": 0.44, "Q": 0.74, "w": 7.74, "h": 0.09, "S": 0.06824, "elv": "Grytåi", "km": 0.1}}, {"type": "Feature", "geometry": {"type": "LineString", "coordinates": [[8.27327, 59.61705], [8.27228, 59.61639]]}, "properties": {"P": 14.44, "tau": 61.94, "tau_c": 200.72, "omega": 71.24, "M": 0.31, "D": 0.0, "R": 0.03, "sving": 0.24, "os": 0.05, "foss": 1.0, "juv": 0.0, "B": 0.44, "Q": 0.74, "w": 7.74, "h": 0.08, "S": 0.07594, "elv": "Grytåi", "km": 0.2}}, {"type": "Feature", "geometry": {"type": "LineString", "coordinates": [[8.27228, 59.61639], [8.27072, 59.61615]]}, "properties": {"P": 15.48, "tau": 67.13, "tau_c": 212.82, "omega": 79.93, "M": 0.32, "D": 0.0, "R": 0.03, "sving": 0.38, "os": 0.0, "foss": 1.0, "juv": 0.0, "B": 0.44, "Q": 0.74, "w": 7.76, "h": 0.08, "S": 0.08537, "elv": "Grytåi", "km": 0.3}}, {"type": "Feature", "geometry": {"type": "LineString", "coordinates": [[8.27072, 59.61615], [8.26973, 59.61552]]}, "properties": {"P": 11.87, "tau": 70.11, "tau_c": 220.76, "omega": 84.93, "M": 0.32, "D": 0.0, "R": 0.04, "sving": 0.04, "os": 0.0, "foss": 1.0, "juv": 0.0, "B": 0.44, "Q": 0.74, "w": 7.87, "h": 0.08, "S": 0.09186, "elv": "Grytåi", "km": 0.4}}, {"type": "Feature", "geometry": {"type": "LineString", "coordinates": [[8.26973, 59.61552], [8.26832, 59.61509]]}, "properties": {"P": 16.49, "tau": 69.15, "tau_c": 217.96, "omega": 83.37, "M": 0.32, "D": 0.01, "R": 0.04, "sving": 0.46, "os": 0.0, "foss": 1.0, "juv": 0.0, "B": 0.44, "Q": 0.76, "w": 7.97, "h": 0.08, "S": 0.08954, "elv": "Grytåi", "km": 0.5}}, {"type": "Feature", "geometry": {"type": "LineString", "coordinates": [[8.26832, 59.61509], [8.2672, 59.6145]]}, "properties": {"P": 14.62, "tau": 65.88, "tau_c": 202.18, "omega": 78.76, "M": 0.33, "D": 0.04, "R": 0.04, "sving": 0.22, "os": 0.0, "foss": 1.0, "juv": 0.0, "B": 0.45, "Q": 0.84, "w": 8.08, "h": 0.09, "S": 0.07704, "elv": "Grytåi", "km": 0.6}}, {"type": "Feature", "geometry": {"type": "LineString", "coordinates": [[8.2672, 59.6145], [8.26711, 59.61369]]}, "properties": {"P": 16.31, "tau": 65.54, "tau_c": 202.43, "omega": 78.08, "M": 0.32, "D": 0.09, "R": 0.04, "sving": 0.3, "os": 0.0, "foss": 1.0, "juv": 0.0, "B": 0.45, "Q": 0.84, "w": 8.19, "h": 0.09, "S": 0.07723, "elv": "Grytåi", "km": 0.7}}, {"type": "Feature", "geometry": {"type": "LineString", "coordinates": [[8.26711, 59.61369], [8.26696, 59.61292]]}, "properties": {"P": 11.49, "tau": 57.46, "tau_c": 184.81, "omega": 64.6, "M": 0.31, "D": 0.16, "R": 0.03, "sving": 0.07, "os": 0.0, "foss": 0.72, "juv": 0.0, "B": 0.45, "Q": 0.85, "w": 8.3, "h": 0.09, "S": 0.06438, "elv": "Grytåi", "km": 0.8}}, {"type": "Feature", "geometry": {"type": "LineString", "coordinates": [[8.00359, 59.62239], [8.00279, 59.62165]]}, "properties": {"P": 39.45, "tau": 221.35, "tau_c": 121.5, "omega": 695.74, "M": 1.82, "D": 0.02, "R": 0.95, "sving": 0.64, "os": 0.0, "foss": 1.0, "juv": 0.0, "B": 0.5, "Q": 107.06, "w": 42.0, "h": 0.81, "S": 0.02782, "elv": "Tokke", "km": 0.0}}, {"type": "Feature", "geometry": {"type": "LineString", "coordinates": [[8.00279, 59.62165], [8.0023, 59.62083]]}, "properties": {"P": 75.5, "tau": 200.5, "tau_c": 113.15, "omega": 603.45, "M": 1.77, "D": 0.06, "R": 0.96, "sving": 0.2, "os": 0.0, "foss": 0.72, "juv": 0.0, "B": 1.19, "Q": 107.06, "w": 42.0, "h": 0.85, "S": 0.02413, "elv": "Tokke", "km": 0.1}}, {"type": "Feature", "geometry": {"type": "LineString", "coordinates": [[8.0023, 59.62083], [8.00292, 59.62]]}, "properties": {"P": 70.91, "tau": 193.0, "tau_c": 116.87, "omega": 563.31, "M": 1.65, "D": 0.11, "R": 0.99, "sving": 0.14, "os": 0.0, "foss": 0.51, "juv": 0.0, "B": 1.19, "Q": 107.07, "w": 48.0, "h": 0.76, "S": 0.02574, "elv": "Tokke", "km": 0.2}}, {"type": "Feature", "geometry": {"type": "LineString", "coordinates": [[8.00292, 59.62], [8.00277, 59.61912]]}, "properties": {"P": 70.38, "tau": 179.09, "tau_c": 108.67, "omega": 508.24, "M": 1.65, "D": 0.14, "R": 0.99, "sving": 0.21, "os": 0.0, "foss": 0.37, "juv": 0.01, "B": 1.19, "Q": 107.07, "w": 46.0, "h": 0.82, "S": 0.02226, "elv": "Tokke", "km": 0.3}}, {"type": "Feature", "geometry": {"type": "LineString", "coordinates": [[8.00277, 59.61912], [8.00255, 59.61824]]}, "properties": {"P": 84.67, "tau": 139.21, "tau_c": 92.37, "omega": 352.31, "M": 1.51, "D": 0.17, "R": 1.0, "sving": 0.01, "os": 0.0, "foss": 1.0, "juv": 0.01, "B": 1.19, "Q": 107.18, "w": 48.0, "h": 0.88, "S": 0.01608, "elv": "Tokke", "km": 0.4}}, {"type": "Feature", "geometry": {"type": "LineString", "coordinates": [[8.00255, 59.61824], [8.00303, 59.61738]]}, "properties": {"P": 86.61, "tau": 129.66, "tau_c": 92.51, "omega": 314.12, "M": 1.4, "D": 0.14, "R": 0.99, "sving": 0.41, "os": 0.0, "foss": 0.72, "juv": 0.01, "B": 1.19, "Q": 107.19, "w": 54.0, "h": 0.82, "S": 0.01613, "elv": "Tokke", "km": 0.5}}, {"type": "Feature", "geometry": {"type": "LineString", "coordinates": [[8.00303, 59.61738], [8.00359, 59.61653]]}, "properties": {"P": 78.07, "tau": 123.04, "tau_c": 90.54, "omega": 290.17, "M": 1.36, "D": 0.15, "R": 0.99, "sving": 0.33, "os": 0.0, "foss": 0.51, "juv": 0.01, "B": 1.19, "Q": 107.2, "w": 56.0, "h": 0.81, "S": 0.01545, "elv": "Tokke", "km": 0.6}}, {"type": "Feature", "geometry": {"type": "LineString", "coordinates": [[8.00359, 59.61653], [8.00508, 59.61605]]}, "properties": {"P": 66.81, "tau": 119.83, "tau_c": 84.46, "omega": 282.81, "M": 1.42, "D": 0.09, "R": 1.0, "sving": 0.14, "os": 0.0, "foss": 0.37, "juv": 0.01, "B": 1.19, "Q": 107.21, "w": 50.0, "h": 0.91, "S": 0.01344, "elv": "Tokke", "km": 0.7}}, {"type": "Feature", "geometry": {"type": "LineString", "coordinates": [[8.00508, 59.61605], [8.00623, 59.61543]]}, "properties": {"P": 64.22, "tau": 78.35, "tau_c": 65.47, "omega": 151.75, "M": 1.2, "D": 0.07, "R": 0.93, "sving": 0.57, "os": 0.0, "foss": 0.0, "juv": 0.0, "B": 1.19, "Q": 107.22, "w": 56.0, "h": 0.99, "S": 0.00808, "elv": "Tokke", "km": 0.8}}, {"type": "Feature", "geometry": {"type": "LineString", "coordinates": [[8.00623, 59.61543], [8.00715, 59.61482]]}, "properties": {"P": 49.12, "tau": 120.02, "tau_c": 94.76, "omega": 275.39, "M": 1.27, "D": 0.01, "R": 0.96, "sving": 0.08, "os": 0.0, "foss": 0.0, "juv": 0.0, "B": 1.19, "Q": 107.22, "w": 64.64, "h": 0.72, "S": 0.01692, "elv": "Tokke", "km": 0.9}}, {"type": "Feature", "geometry": {"type": "LineString", "coordinates": [[8.00715, 59.61482], [8.00881, 59.61505]]}, "properties": {"P": 53.47, "tau": 138.54, "tau_c": 99.08, "omega": 343.62, "M": 1.4, "D": 0.03, "R": 0.99, "sving": 0.15, "os": 0.0, "foss": 0.0, "juv": 0.0, "B": 1.19, "Q": 107.22, "w": 56.64, "h": 0.76, "S": 0.0185, "elv": "Tokke", "km": 1.0}}, {"type": "Feature", "geometry": {"type": "LineString", "coordinates": [[8.00881, 59.61505], [8.01041, 59.61475]]}, "properties": {"P": 81.41, "tau": 115.5, "tau_c": 90.91, "omega": 261.61, "M": 1.27, "D": 0.09, "R": 0.96, "sving": 0.07, "os": 0.0, "foss": 1.0, "juv": 0.0, "B": 1.19, "Q": 107.23, "w": 62.64, "h": 0.76, "S": 0.01558, "elv": "Tokke", "km": 1.1}}, {"type": "Feature", "geometry": {"type": "LineString", "coordinates": [[8.01041, 59.61475], [8.012, 59.61437]]}, "properties": {"P": 84.48, "tau": 95.93, "tau_c": 82.85, "omega": 198.29, "M": 1.16, "D": 0.11, "R": 0.91, "sving": 0.53, "os": 0.0, "foss": 0.72, "juv": 0.0, "B": 1.19, "Q": 107.23, "w": 68.64, "h": 0.76, "S": 0.01294, "elv": "Tokke", "km": 1.2}}, {"type": "Feature", "geometry": {"type": "LineString", "coordinates": [[8.012, 59.61437], [8.0133, 59.61379]]}, "properties": {"P": 79.2, "tau": 92.27, "tau_c": 83.9, "omega": 185.47, "M": 1.1, "D": 0.14, "R": 0.87, "sving": 0.57, "os": 0.0, "foss": 0.51, "juv": 0.0, "B": 1.19, "Q": 107.3, "w": 75.29, "h": 0.71, "S": 0.01327, "elv": "Tokke", "km": 1.3}}, {"type": "Feature", "geometry": {"type": "LineString", "coordinates": [[8.0133, 59.61379], [8.01403, 59.61298]]}, "properties": {"P": 78.76, "tau": 108.85, "tau_c": 91.81, "omega": 236.89, "M": 1.19, "D": 0.13, "R": 0.93, "sving": 0.62, "os": 0.0, "foss": 0.37, "juv": 0.0, "B": 1.19, "Q": 107.38, "w": 70.65, "h": 0.7, "S": 0.01589, "elv": "Tokke", "km": 1.4}}, {"type": "Feature", "geometry": {"type": "LineString", "coordinates": [[8.01403, 59.61298], [8.01354, 59.6122]]}, "properties": {"P": 63.39, "tau": 55.76, "tau_c": 57.54, "omega": 90.48, "M": 0.97, "D": 0.23, "R": 0.77, "sving": 0.52, "os": 0.07, "foss": 0.0, "juv": 0.0, "B": 1.19, "Q": 107.38, "w": 72.65, "h": 0.91, "S": 0.00624, "elv": "Tokke", "km": 1.5}}, {"type": "Feature", "geometry": {"type": "LineString", "coordinates": [[8.01354, 59.6122], [8.01268, 59.61146]]}, "properties": {"P": 61.72, "tau": 57.54, "tau_c": 59.79, "omega": 94.25, "M": 0.96, "D": 0.17, "R": 0.76, "sving": 0.51, "os": 0.11, "foss": 0.0, "juv": 0.0, "B": 1.19, "Q": 107.39, "w": 75.31, "h": 0.87, "S": 0.00674, "elv": "Tokke", "km": 1.6}}, {"type": "Feature", "geometry": {"type": "LineString", "coordinates": [[8.01268, 59.61146], [8.01179, 59.61072]]}, "properties": {"P": 53.9, "tau": 56.41, "tau_c": 60.3, "omega": 91.05, "M": 0.94, "D": 0.12, "R": 0.73, "sving": 0.31, "os": 0.17, "foss": 0.0, "juv": 0.0, "B": 1.19, "Q": 107.39, "w": 79.31, "h": 0.84, "S": 0.00685, "elv": "Tokke", "km": 1.7}}, {"type": "Feature", "geometry": {"type": "LineString", "coordinates": [[8.01179, 59.61072], [8.01042, 59.6102]]}, "properties": {"P": 62.16, "tau": 60.15, "tau_c": 58.48, "omega": 101.88, "M": 1.03, "D": 0.04, "R": 0.82, "sving": 0.46, "os": 0.26, "foss": 0.0, "juv": 0.01, "B": 1.19, "Q": 107.4, "w": 66.65, "h": 0.95, "S": 0.00645, "elv": "Tokke", "km": 1.8}}, {"type": "Feature", "geometry": {"type": "LineString", "coordinates": [[8.01042, 59.6102], [8.01121, 59.60947]]}, "properties": {"P": 59.27, "tau": 59.85, "tau_c": 56.24, "omega": 102.08, "M": 1.06, "D": 0.07, "R": 0.85, "sving": 0.23, "os": 0.3, "foss": 0.0, "juv": 0.01, "B": 1.19, "Q": 109.36, "w": 62.65, "h": 1.02, "S": 0.00596, "elv": "Tokke", "km": 1.9}}, {"type": "Feature", "geometry": {"type": "LineString", "coordinates": [[8.01121, 59.60947], [8.01233, 59.60878]]}, "properties": {"P": 61.58, "tau": 40.58, "tau_c": 45.11, "omega": 57.57, "M": 0.9, "D": 0.14, "R": 0.7, "sving": 0.29, "os": 0.48, "foss": 0.0, "juv": 0.01, "B": 1.19, "Q": 109.36, "w": 71.48, "h": 1.08, "S": 0.00384, "elv": "Tokke", "km": 2.0}}, {"type": "Feature", "geometry": {"type": "LineString", "coordinates": [[8.01233, 59.60878], [8.01245, 59.60789]]}, "properties": {"P": 71.28, "tau": 50.92, "tau_c": 53.16, "omega": 79.73, "M": 0.96, "D": 0.11, "R": 0.76, "sving": 0.27, "os": 0.76, "foss": 0.0, "juv": 0.01, "B": 1.19, "Q": 109.36, "w": 71.69, "h": 0.97, "S": 0.00533, "elv": "Tokke", "km": 2.1}}, {"type": "Feature", "geometry": {"type": "LineString", "coordinates": [[8.01245, 59.60789], [8.01218, 59.60701]]}, "properties": {"P": 67.63, "tau": 37.7, "tau_c": 41.21, "omega": 52.28, "M": 0.91, "D": 0.15, "R": 0.71, "sving": 0.14, "os": 0.79, "foss": 0.0, "juv": 0.01, "B": 1.19, "Q": 109.39, "w": 65.69, "h": 1.2, "S": 0.0032, "elv": "Tokke", "km": 2.2}}, {"type": "Feature", "geometry": {"type": "LineString", "coordinates": [[8.01218, 59.60701], [8.0118, 59.60614]]}, "properties": {"P": 55.22, "tau": 37.18, "tau_c": 44.1, "omega": 50.27, "M": 0.84, "D": 0.08, "R": 0.63, "sving": 0.26, "os": 0.48, "foss": 0.0, "juv": 0.0, "B": 1.19, "Q": 109.82, "w": 78.55, "h": 1.03, "S": 0.00367, "elv": "Tokke", "km": 2.3}}, {"type": "Feature", "geometry": {"type": "LineString", "coordinates": [[8.0118, 59.60614], [8.01234, 59.60529]]}, "properties": {"P": 48.01, "tau": 34.52, "tau_c": 43.83, "omega": 44.63, "M": 0.79, "D": 0.06, "R": 0.56, "sving": 0.33, "os": 0.29, "foss": 0.0, "juv": 0.0, "B": 1.19, "Q": 109.82, "w": 87.42, "h": 0.97, "S": 0.00362, "elv": "Tokke", "km": 2.4}}, {"type": "Feature", "geometry": {"type": "LineString", "coordinates": [[8.01234, 59.60529], [8.01352, 59.60466]]}, "properties": {"P": 40.91, "tau": 38.6, "tau_c": 47.5, "omega": 52.38, "M": 0.81, "D": -0.0, "R": 0.59, "sving": 0.23, "os": 0.19, "foss": 0.0, "juv": 0.0, "B": 1.19, "Q": 109.83, "w": 87.46, "h": 0.93, "S": 0.00425, "elv": "Tokke", "km": 2.5}}, {"type": "Feature", "geometry": {"type": "LineString", "coordinates": [[8.01352, 59.60466], [8.01467, 59.60401]]}, "properties": {"P": 39.07, "tau": 42.3, "tau_c": 49.98, "omega": 59.97, "M": 0.85, "D": -0.0, "R": 0.63, "sving": 0.08, "os": 0.2, "foss": 0.0, "juv": 0.0, "B": 1.19, "Q": 109.84, "w": 84.59, "h": 0.92, "S": 0.00471, "elv": "Tokke", "km": 2.6}}, {"type": "Feature", "geometry": {"type": "LineString", "coordinates": [[8.01467, 59.60401], [8.01535, 59.60318]]}, "properties": {"P": 43.19, "tau": 35.65, "tau_c": 43.74, "omega": 47.05, "M": 0.81, "D": -0.0, "R": 0.6, "sving": 0.17, "os": 0.32, "foss": 0.0, "juv": 0.0, "B": 1.19, "Q": 109.86, "w": 82.59, "h": 1.01, "S": 0.00361, "elv": "Tokke", "km": 2.7}}, {"type": "Feature", "geometry": {"type": "LineString", "coordinates": [[8.01535, 59.60318], [8.01622, 59.60245]]}, "properties": {"P": 59.33, "tau": 43.83, "tau_c": 47.66, "omega": 64.32, "M": 0.92, "D": -0.0, "R": 0.72, "sving": 0.31, "os": 0.53, "foss": 0.0, "juv": 0.0, "B": 1.19, "Q": 109.87, "w": 71.73, "h": 1.04, "S": 0.00428, "elv": "Tokke", "km": 2.8}}, {"type": "Feature", "geometry": {"type": "LineString", "coordinates": [[8.01622, 59.60245], [8.01675, 59.60161]]}, "properties": {"P": 76.83, "tau": 60.98, "tau_c": 56.04, "omega": 105.3, "M": 1.09, "D": -0.0, "R": 0.87, "sving": 0.34, "os": 0.85, "foss": 0.0, "juv": 0.0, "B": 1.19, "Q": 110.36, "w": 60.87, "h": 1.05, "S": 0.00592, "elv": "Tokke", "km": 2.9}}, {"type": "Feature", "geometry": {"type": "LineString", "coordinates": [[8.01675, 59.60161], [8.01657, 59.60074]]}, "properties": {"P": 84.95, "tau": 88.84, "tau_c": 67.25, "omega": 184.58, "M": 1.32, "D": -0.0, "R": 0.98, "sving": 0.57, "os": 0.71, "foss": 0.0, "juv": 0.0, "B": 1.19, "Q": 110.38, "w": 50.0, "h": 1.06, "S": 0.00852, "elv": "Tokke", "km": 3.0}}, {"type": "Feature", "geometry": {"type": "LineString", "coordinates": [[8.01657, 59.60074], [8.0157, 59.59996]]}, "properties": {"P": 81.99, "tau": 145.56, "tau_c": 92.38, "omega": 378.7, "M": 1.58, "D": -0.0, "R": 1.0, "sving": 0.71, "os": 0.44, "foss": 0.0, "juv": 0.0, "B": 1.19, "Q": 110.39, "w": 46.0, "h": 0.92, "S": 0.01609, "elv": "Tokke", "km": 3.1}}, {"type": "Feature", "geometry": {"type": "LineString", "coordinates": [[8.0157, 59.59996], [8.01433, 59.5995]]}, "properties": {"P": 70.47, "tau": 143.46, "tau_c": 89.61, "omega": 372.49, "M": 1.6, "D": -0.0, "R": 0.99, "sving": 0.48, "os": 0.28, "foss": 0.0, "juv": 0.0, "B": 1.19, "Q": 110.4, "w": 44.0, "h": 0.97, "S": 0.01513, "elv": "Tokke", "km": 3.2}}, {"type": "Feature", "geometry": {"type": "LineString", "coordinates": [[8.01433, 59.5995], [8.01257, 59.59951]]}, "properties": {"P": 87.94, "tau": 146.53, "tau_c": 94.61, "omega": 380.66, "M": 1.55, "D": -0.0, "R": 1.0, "sving": 0.16, "os": 0.19, "foss": 1.0, "juv": 0.0, "B": 1.19, "Q": 110.4, "w": 48.0, "h": 0.89, "S": 0.01687, "elv": "Tokke", "km": 3.3}}, {"type": "Feature", "geometry": {"type": "LineString", "coordinates": [[8.01257, 59.59951], [8.01086, 59.59935]]}, "properties": {"P": 78.08, "tau": 148.65, "tau_c": 104.71, "omega": 379.87, "M": 1.42, "D": -0.0, "R": 1.0, "sving": 0.15, "os": 0.15, "foss": 0.72, "juv": 0.0, "B": 1.19, "Q": 110.4, "w": 58.91, "h": 0.73, "S": 0.02066, "elv": "Tokke", "km": 3.4}}, {"type": "Feature", "geometry": {"type": "LineString", "coordinates": [[8.01086, 59.59935], [8.00945, 59.59883]]}, "properties": {"P": 87.36, "tau": 161.23, "tau_c": 112.63, "omega": 425.15, "M": 1.43, "D": 0.04, "R": 1.0, "sving": 0.67, "os": 0.1, "foss": 0.51, "juv": 0.0, "B": 1.19, "Q": 110.4, "w": 60.91, "h": 0.69, "S": 0.02391, "elv": "Tokke", "km": 3.5}}, {"type": "Feature", "geometry": {"type": "LineString", "coordinates": [[8.00945, 59.59883], [8.00849, 59.59809]]}, "properties": {"P": 80.73, "tau": 158.95, "tau_c": 104.76, "omega": 423.37, "M": 1.52, "D": 0.08, "R": 1.0, "sving": 0.51, "os": 0.06, "foss": 0.37, "juv": 0.07, "B": 1.19, "Q": 110.4, "w": 52.91, "h": 0.78, "S": 0.02068, "elv": "Tokke", "km": 3.6}}, {"type": "Feature", "geometry": {"type": "LineString", "coordinates": [[8.00849, 59.59809], [8.00883, 59.59724]]}, "properties": {"P": 91.41, "tau": 109.3, "tau_c": 81.36, "omega": 246.29, "M": 1.34, "D": 0.13, "R": 0.98, "sving": 0.28, "os": 0.0, "foss": 1.0, "juv": 0.07, "B": 1.19, "Q": 110.5, "w": 54.91, "h": 0.89, "S": 0.01248, "elv": "Tokke", "km": 3.7}}, {"type": "Feature", "geometry": {"type": "LineString", "coordinates": [[8.00883, 59.59724], [8.0088, 59.59637]]}, "properties": {"P": 79.88, "tau": 116.73, "tau_c": 82.45, "omega": 272.9, "M": 1.42, "D": 0.12, "R": 1.0, "sving": 0.16, "os": 0.0, "foss": 0.72, "juv": 0.07, "B": 1.19, "Q": 110.55, "w": 50.91, "h": 0.93, "S": 0.01281, "elv": "Tokke", "km": 3.8}}, {"type": "Feature", "geometry": {"type": "LineString", "coordinates": [[8.0088, 59.59637], [8.00845, 59.59551]]}, "properties": {"P": 72.96, "tau": 119.76, "tau_c": 75.29, "omega": 289.72, "M": 1.59, "D": 0.12, "R": 1.0, "sving": 0.12, "os": 0.0, "foss": 0.51, "juv": 0.07, "B": 1.19, "Q": 110.55, "w": 40.0, "h": 1.14, "S": 0.01069, "elv": "Tokke", "km": 3.9}}, {"type": "Feature", "geometry": {"type": "LineString", "coordinates": [[8.00845, 59.59551], [8.00816, 59.59462]]}, "properties": {"P": 72.27, "tau": 86.93, "tau_c": 59.75, "omega": 182.45, "M": 1.45, "D": 0.13, "R": 1.0, "sving": 0.22, "os": 0.0, "foss": 0.37, "juv": 0.07, "B": 1.19, "Q": 110.57, "w": 40.0, "h": 1.32, "S": 0.00673, "elv": "Tokke", "km": 4.0}}, {"type": "Feature", "geometry": {"type": "LineString", "coordinates": [[8.00816, 59.59462], [8.00794, 59.59374]]}, "properties": {"P": 52.68, "tau": 83.21, "tau_c": 61.73, "omega": 169.36, "M": 1.35, "D": 0.1, "R": 0.98, "sving": 0.03, "os": 0.0, "foss": 0.0, "juv": 0.0, "B": 1.19, "Q": 110.58, "w": 46.0, "h": 1.18, "S": 0.00718, "elv": "Tokke", "km": 4.1}}, {"type": "Feature", "geometry": {"type": "LineString", "coordinates": [[8.00794, 59.59374], [8.00694, 59.59302]]}, "properties": {"P": 51.28, "tau": 85.59, "tau_c": 61.73, "omega": 177.06, "M": 1.39, "D": 0.06, "R": 0.99, "sving": 0.03, "os": 0.0, "foss": 0.0, "juv": 0.0, "B": 1.19, "Q": 110.58, "w": 44.0, "h": 1.21, "S": 0.00718, "elv": "Tokke", "km": 4.2}}, {"type": "Feature", "geometry": {"type": "LineString", "coordinates": [[8.00694, 59.59302], [8.00647, 59.59216]]}, "properties": {"P": 81.5, "tau": 114.58, "tau_c": 74.56, "omega": 270.7, "M": 1.54, "D": -0.0, "R": 1.0, "sving": 0.12, "os": 0.0, "foss": 1.0, "juv": 0.01, "B": 1.19, "Q": 110.6, "w": 42.0, "h": 1.11, "S": 0.01048, "elv": "Tokke", "km": 4.3}}, {"type": "Feature", "geometry": {"type": "LineString", "coordinates": [[8.00647, 59.59216], [8.00631, 59.59127]]}, "properties": {"P": 70.43, "tau": 134.75, "tau_c": 85.59, "omega": 340.45, "M": 1.57, "D": -0.0, "R": 1.0, "sving": 0.03, "os": 0.0, "foss": 0.72, "juv": 0.01, "B": 1.19, "Q": 110.6, "w": 44.0, "h": 0.99, "S": 0.01381, "elv": "Tokke", "km": 4.4}}, {"type": "Feature", "geometry": {"type": "LineString", "coordinates": [[8.00631, 59.59127], [8.00554, 59.59048]]}, "properties": {"P": 65.14, "tau": 147.61, "tau_c": 89.48, "omega": 389.92, "M": 1.65, "D": 0.02, "R": 0.99, "sving": 0.04, "os": 0.0, "foss": 0.51, "juv": 0.01, "B": 1.19, "Q": 110.61, "w": 42.0, "h": 1.0, "S": 0.01509, "elv": "Tokke", "km": 4.5}}, {"type": "Feature", "geometry": {"type": "LineString", "coordinates": [[8.00554, 59.59048], [8.00441, 59.58979]]}, "properties": {"P": 61.22, "tau": 154.62, "tau_c": 94.49, "omega": 414.99, "M": 1.64, "D": 0.05, "R": 0.99, "sving": 0.01, "os": 0.0, "foss": 0.37, "juv": 0.01, "B": 1.19, "Q": 110.61, "w": 44.0, "h": 0.94, "S": 0.01683, "elv": "Tokke", "km": 4.6}}, {"type": "Feature", "geometry": {"type": "LineString", "coordinates": [[8.00441, 59.58979], [8.00374, 59.58897]]}, "properties": {"P": 56.99, "tau": 116.96, "tau_c": 83.33, "omega": 273.08, "M": 1.4, "D": 0.11, "R": 0.99, "sving": 0.14, "os": 0.0, "foss": 0.0, "juv": 0.01, "B": 1.19, "Q": 110.61, "w": 52.0, "h": 0.91, "S": 0.01309, "elv": "Tokke", "km": 4.7}}, {"type": "Feature", "geometry": {"type": "LineString", "coordinates": [[8.00374, 59.58897], [8.00362, 59.58808]]}, "properties": {"P": 60.65, "tau": 122.54, "tau_c": 93.16, "omega": 286.3, "M": 1.32, "D": 0.1, "R": 0.98, "sving": 0.32, "os": 0.0, "foss": 0.0, "juv": 0.0, "B": 1.19, "Q": 110.61, "w": 62.0, "h": 0.76, "S": 0.01636, "elv": "Tokke", "km": 4.8}}, {"type": "Feature", "geometry": {"type": "LineString", "coordinates": [[8.08912, 59.58159], [8.0896, 59.58087]]}, "properties": {"P": 14.58, "tau": 88.83, "tau_c": 248.06, "omega": 121.04, "M": 0.36, "D": -0.0, "R": 0.06, "sving": 0.07, "os": 0.48, "foss": 0.72, "juv": 0.0, "B": 0.44, "Q": 0.75, "w": 7.09, "h": 0.08, "S": 0.11598, "elv": "bekk", "km": 1.4}}, {"type": "Feature", "geometry": {"type": "LineString", "coordinates": [[8.02681, 59.60225], [8.02551, 59.60187]]}, "properties": {"P": 10.35, "tau": 83.48, "tau_c": 278.25, "omega": 105.21, "M": 0.3, "D": 0.0, "R": 0.03, "sving": 0.16, "os": 0.13, "foss": 0.72, "juv": 0.0, "B": 0.4, "Q": 0.44, "w": 6.02, "h": 0.06, "S": 0.14593, "elv": "bekk", "km": 2.5}}, {"type": "Feature", "geometry": {"type": "LineString", "coordinates": [[8.02551, 59.60187], [8.02389, 59.6017]]}, "properties": {"P": 13.23, "tau": 93.33, "tau_c": 299.55, "omega": 123.68, "M": 0.31, "D": 0.0, "R": 0.03, "sving": 0.09, "os": 0.2, "foss": 1.0, "juv": 0.0, "B": 0.4, "Q": 0.45, "w": 6.04, "h": 0.06, "S": 0.16913, "elv": "bekk", "km": 2.6}}, {"type": "Feature", "geometry": {"type": "LineString", "coordinates": [[8.02389, 59.6017], [8.02232, 59.60138]]}, "properties": {"P": 15.14, "tau": 95.12, "tau_c": 303.61, "omega": 127.12, "M": 0.31, "D": 0.0, "R": 0.03, "sving": 0.17, "os": 0.32, "foss": 1.0, "juv": 0.0, "B": 0.4, "Q": 0.45, "w": 6.07, "h": 0.06, "S": 0.17375, "elv": "bekk", "km": 2.7}}, {"type": "Feature", "geometry": {"type": "LineString", "coordinates": [[8.02232, 59.60138], [8.02057, 59.60131]]}, "properties": {"P": 15.98, "tau": 100.88, "tau_c": 314.18, "omega": 138.64, "M": 0.32, "D": 0.0, "R": 0.04, "sving": 0.06, "os": 0.49, "foss": 1.0, "juv": 0.0, "B": 0.4, "Q": 0.46, "w": 6.1, "h": 0.06, "S": 0.18605, "elv": "bekk", "km": 2.8}}, {"type": "Feature", "geometry": {"type": "LineString", "coordinates": [[8.5165, 59.35], [8.51691, 59.35084]]}, "properties": {"P": 11.53, "tau": 103.08, "tau_c": 337.18, "omega": 140.56, "M": 0.31, "D": 0.0, "R": 0.03, "sving": 0.2, "os": 0.0, "foss": 1.0, "juv": 0.0, "B": 0.38, "Q": 0.41, "w": 6.16, "h": 0.05, "S": 0.21429, "elv": "bekk", "km": 1.5}}, {"type": "Feature", "geometry": {"type": "LineString", "coordinates": [[8.51691, 59.35084], [8.51676, 59.35171]]}, "properties": {"P": 12.81, "tau": 126.6, "tau_c": 359.75, "omega": 193.63, "M": 0.35, "D": 0.0, "R": 0.05, "sving": 0.25, "os": 0.0, "foss": 1.0, "juv": 0.0, "B": 0.39, "Q": 0.5, "w": 6.24, "h": 0.05, "S": 0.24393, "elv": "bekk", "km": 1.6}}, {"type": "Feature", "geometry": {"type": "LineString", "coordinates": [[8.51676, 59.35171], [8.51752, 59.35251]]}, "properties": {"P": 10.99, "tau": 122.58, "tau_c": 353.63, "omega": 184.58, "M": 0.35, "D": 0.01, "R": 0.05, "sving": 0.05, "os": 0.0, "foss": 1.0, "juv": 0.0, "B": 0.39, "Q": 0.5, "w": 6.32, "h": 0.05, "S": 0.2357, "elv": "bekk", "km": 1.7}}, {"type": "Feature", "geometry": {"type": "LineString", "coordinates": [[8.51752, 59.35251], [8.51841, 59.35326]]}, "properties": {"P": 13.52, "tau": 127.0, "tau_c": 364.2, "omega": 193.86, "M": 0.35, "D": 0.04, "R": 0.05, "sving": 0.27, "os": 0.0, "foss": 1.0, "juv": 0.0, "B": 0.39, "Q": 0.5, "w": 6.41, "h": 0.05, "S": 0.2509, "elv": "bekk", "km": 1.8}}, {"type": "Feature", "geometry": {"type": "LineString", "coordinates": [[8.51841, 59.35326], [8.51904, 59.35409]]}, "properties": {"P": 12.86, "tau": 118.48, "tau_c": 348.46, "omega": 175.33, "M": 0.34, "D": 0.1, "R": 0.05, "sving": 0.13, "os": 0.0, "foss": 1.0, "juv": 0.0, "B": 0.39, "Q": 0.51, "w": 6.53, "h": 0.05, "S": 0.22886, "elv": "bekk", "km": 1.9}}, {"type": "Feature", "geometry": {"type": "LineString", "coordinates": [[8.51904, 59.35409], [8.52007, 59.35481]]}, "properties": {"P": 12.98, "tau": 96.95, "tau_c": 304.28, "omega": 131.23, "M": 0.32, "D": 0.17, "R": 0.04, "sving": 0.07, "os": 0.0, "foss": 1.0, "juv": 0.0, "B": 0.39, "Q": 0.51, "w": 6.65, "h": 0.06, "S": 0.17451, "elv": "bekk", "km": 2.0}}, {"type": "Feature", "geometry": {"type": "LineString", "coordinates": [[8.52007, 59.35481], [8.5213, 59.35543]]}, "properties": {"P": 15.51, "tau": 82.43, "tau_c": 253.74, "omega": 106.16, "M": 0.32, "D": 0.22, "R": 0.04, "sving": 0.21, "os": 0.0, "foss": 1.0, "juv": 0.0, "B": 0.4, "Q": 0.6, "w": 6.78, "h": 0.07, "S": 0.12135, "elv": "bekk", "km": 2.1}}, {"type": "Feature", "geometry": {"type": "LineString", "coordinates": [[8.5213, 59.35543], [8.52246, 59.3561]]}, "properties": {"P": 19.27, "tau": 66.47, "tau_c": 219.04, "omega": 77.82, "M": 0.3, "D": 0.26, "R": 0.03, "sving": 0.56, "os": 0.0, "foss": 1.0, "juv": 0.0, "B": 0.4, "Q": 0.61, "w": 6.91, "h": 0.07, "S": 0.09043, "elv": "bekk", "km": 2.2}}, {"type": "Feature", "geometry": {"type": "LineString", "coordinates": [[8.51994, 59.60457], [8.52053, 59.60378]]}, "properties": {"P": 40.75, "tau": 55.24, "tau_c": 151.22, "omega": 64.73, "M": 0.37, "D": 0.01, "R": 0.06, "sving": 0.05, "os": 1.0, "foss": 1.0, "juv": 0.0, "B": 0.77, "Q": 1.91, "w": 12.46, "h": 0.13, "S": 0.0431, "elv": "Svorte", "km": 0.0}}, {"type": "Feature", "geometry": {"type": "LineString", "coordinates": [[8.52053, 59.60378], [8.52138, 59.60303]]}, "properties": {"P": 40.04, "tau": 54.29, "tau_c": 148.77, "omega": 63.21, "M": 0.36, "D": 0.02, "R": 0.06, "sving": 0.38, "os": 0.63, "foss": 1.0, "juv": 0.0, "B": 0.77, "Q": 1.93, "w": 12.49, "h": 0.13, "S": 0.04171, "elv": "Svorte", "km": 0.1}}, {"type": "Feature", "geometry": {"type": "LineString", "coordinates": [[8.52138, 59.60303], [8.52211, 59.60223]]}, "properties": {"P": 29.3, "tau": 51.93, "tau_c": 144.1, "omega": 59.3, "M": 0.36, "D": 0.03, "R": 0.06, "sving": 0.03, "os": 0.39, "foss": 1.0, "juv": 0.0, "B": 0.77, "Q": 1.93, "w": 12.52, "h": 0.14, "S": 0.03914, "elv": "Svorte", "km": 0.2}}, {"type": "Feature", "geometry": {"type": "LineString", "coordinates": [[8.52211, 59.60223], [8.5236, 59.60186]]}, "properties": {"P": 28.85, "tau": 52.79, "tau_c": 145.34, "omega": 60.77, "M": 0.36, "D": 0.03, "R": 0.06, "sving": 0.15, "os": 0.24, "foss": 1.0, "juv": 0.0, "B": 0.77, "Q": 1.95, "w": 12.56, "h": 0.14, "S": 0.03982, "elv": "Svorte", "km": 0.3}}, {"type": "Feature", "geometry": {"type": "LineString", "coordinates": [[8.5236, 59.60186], [8.52402, 59.6011]]}, "properties": {"P": 20.34, "tau": 50.7, "tau_c": 141.36, "omega": 57.35, "M": 0.36, "D": 0.04, "R": 0.06, "sving": 0.05, "os": 0.16, "foss": 0.72, "juv": 0.0, "B": 0.77, "Q": 1.95, "w": 12.59, "h": 0.14, "S": 0.03766, "elv": "Svorte", "km": 0.4}}, {"type": "Feature", "geometry": {"type": "LineString", "coordinates": [[8.52402, 59.6011], [8.52424, 59.60022]]}, "properties": {"P": 27.06, "tau": 47.09, "tau_c": 133.81, "omega": 51.61, "M": 0.35, "D": 0.04, "R": 0.05, "sving": 0.18, "os": 0.11, "foss": 1.0, "juv": 0.0, "B": 0.77, "Q": 1.97, "w": 12.62, "h": 0.14, "S": 0.03375, "elv": "Svorte", "km": 0.5}}, {"type": "Feature", "geometry": {"type": "LineString", "coordinates": [[8.52424, 59.60022], [8.52475, 59.59937]]}, "properties": {"P": 23.41, "tau": 48.1, "tau_c": 135.84, "omega": 53.21, "M": 0.35, "D": 0.03, "R": 0.06, "sving": 0.05, "os": 0.07, "foss": 1.0, "juv": 0.0, "B": 0.77, "Q": 1.98, "w": 12.67, "h": 0.14, "S": 0.03478, "elv": "Svorte", "km": 0.6}}, {"type": "Feature", "geometry": {"type": "LineString", "coordinates": [[8.52475, 59.59937], [8.52577, 59.59865]]}, "properties": {"P": 19.8, "tau": 47.25, "tau_c": 134.24, "omega": 51.85, "M": 0.35, "D": 0.01, "R": 0.05, "sving": 0.23, "os": 0.0, "foss": 0.72, "juv": 0.0, "B": 0.77, "Q": 1.98, "w": 12.73, "h": 0.14, "S": 0.03397, "elv": "Svorte", "km": 0.7}}, {"type": "Feature", "geometry": {"type": "LineString", "coordinates": [[8.52577, 59.59865], [8.52645, 59.59783]]}, "properties": {"P": 23.93, "tau": 51.77, "tau_c": 142.0, "omega": 59.28, "M": 0.36, "D": 0.0, "R": 0.06, "sving": 0.16, "os": 0.0, "foss": 1.0, "juv": 0.0, "B": 0.77, "Q": 2.03, "w": 12.78, "h": 0.14, "S": 0.038, "elv": "Svorte", "km": 0.8}}, {"type": "Feature", "geometry": {"type": "LineString", "coordinates": [[8.52645, 59.59783], [8.5276, 59.59718]]}, "properties": {"P": 24.67, "tau": 50.77, "tau_c": 137.12, "omega": 57.98, "M": 0.37, "D": 0.0, "R": 0.07, "sving": 0.13, "os": 0.06, "foss": 1.0, "juv": 0.0, "B": 0.78, "Q": 2.04, "w": 12.25, "h": 0.15, "S": 0.03544, "elv": "Svorte", "km": 0.9}}, {"type": "Feature", "geometry": {"type": "LineString", "coordinates": [[8.5276, 59.59718], [8.52865, 59.59657]]}, "properties": {"P": 26.64, "tau": 51.9, "tau_c": 139.37, "omega": 59.84, "M": 0.37, "D": 0.0, "R": 0.07, "sving": 0.18, "os": 0.1, "foss": 1.0, "juv": 0.0, "B": 0.78, "Q": 2.05, "w": 12.31, "h": 0.14, "S": 0.03661, "elv": "Svorte", "km": 1.0}}, {"type": "Feature", "geometry": {"type": "LineString", "coordinates": [[8.52865, 59.59657], [8.53003, 59.59608]]}, "properties": {"P": 19.48, "tau": 55.0, "tau_c": 144.91, "omega": 65.08, "M": 0.38, "D": 0.01, "R": 0.07, "sving": 0.01, "os": 0.16, "foss": 0.72, "juv": 0.0, "B": 0.78, "Q": 2.07, "w": 12.34, "h": 0.14, "S": 0.03958, "elv": "Svorte", "km": 1.1}}, {"type": "Feature", "geometry": {"type": "LineString", "coordinates": [[8.53003, 59.59608], [8.53139, 59.59552]]}, "properties": {"P": 29.69, "tau": 49.84, "tau_c": 135.33, "omega": 56.47, "M": 0.37, "D": 0.04, "R": 0.06, "sving": 0.14, "os": 0.26, "foss": 1.0, "juv": 0.0, "B": 0.78, "Q": 2.07, "w": 12.42, "h": 0.15, "S": 0.03452, "elv": "Svorte", "km": 1.2}}, {"type": "Feature", "geometry": {"type": "LineString", "coordinates": [[8.53139, 59.59552], [8.53261, 59.59488]]}, "properties": {"P": 26.31, "tau": 49.04, "tau_c": 133.72, "omega": 55.18, "M": 0.37, "D": 0.07, "R": 0.06, "sving": 0.05, "os": 0.42, "foss": 0.72, "juv": 0.0, "B": 0.78, "Q": 2.09, "w": 12.5, "h": 0.15, "S": 0.0337, "elv": "Svorte", "km": 1.3}}, {"type": "Feature", "geometry": {"type": "LineString", "coordinates": [[8.53261, 59.59488], [8.53414, 59.59446]]}, "properties": {"P": 28.73, "tau": 44.26, "tau_c": 124.96, "omega": 47.59, "M": 0.35, "D": 0.09, "R": 0.06, "sving": 0.08, "os": 0.69, "foss": 0.51, "juv": 0.0, "B": 0.78, "Q": 2.17, "w": 13.16, "h": 0.15, "S": 0.02943, "elv": "Svorte", "km": 1.4}}, {"type": "Feature", "geometry": {"type": "LineString", "coordinates": [[8.53414, 59.59446], [8.53538, 59.59389]]}, "properties": {"P": 27.95, "tau": 42.43, "tau_c": 121.36, "omega": 44.79, "M": 0.35, "D": 0.09, "R": 0.05, "sving": 0.0, "os": 0.89, "foss": 0.37, "juv": 0.0, "B": 0.78, "Q": 2.18, "w": 13.24, "h": 0.16, "S": 0.02776, "elv": "Svorte", "km": 1.5}}, {"type": "Feature", "geometry": {"type": "LineString", "coordinates": [[8.53538, 59.59389], [8.53648, 59.59318]]}, "properties": {"P": 15.44, "tau": 38.56, "tau_c": 113.41, "omega": 39.04, "M": 0.34, "D": 0.08, "R": 0.05, "sving": 0.07, "os": 0.56, "foss": 0.0, "juv": 0.0, "B": 0.78, "Q": 2.19, "w": 13.32, "h": 0.16, "S": 0.02424, "elv": "Svorte", "km": 1.6}}, {"type": "Feature", "geometry": {"type": "LineString", "coordinates": [[8.53648, 59.59318], [8.53769, 59.59254]]}, "properties": {"P": 10.97, "tau": 36.84, "tau_c": 109.46, "omega": 36.6, "M": 0.34, "D": 0.04, "R": 0.04, "sving": 0.1, "os": 0.34, "foss": 0.0, "juv": 0.0, "B": 0.78, "Q": 2.21, "w": 13.36, "h": 0.17, "S": 0.02258, "elv": "Svorte", "km": 1.7}}, {"type": "Feature", "geometry": {"type": "LineString", "coordinates": [[8.53769, 59.59254], [8.53906, 59.59199]]}, "properties": {"P": 7.47, "tau": 39.37, "tau_c": 114.75, "omega": 40.26, "M": 0.34, "D": 0.01, "R": 0.05, "sving": 0.08, "os": 0.21, "foss": 0.0, "juv": 0.0, "B": 0.78, "Q": 2.22, "w": 13.4, "h": 0.16, "S": 0.02482, "elv": "Svorte", "km": 1.8}}, {"type": "Feature", "geometry": {"type": "LineString", "coordinates": [[8.53906, 59.59199], [8.54058, 59.5916]]}, "properties": {"P": 4.38, "tau": 39.15, "tau_c": 114.17, "omega": 39.96, "M": 0.34, "D": 0.01, "R": 0.05, "sving": 0.01, "os": 0.13, "foss": 0.0, "juv": 0.0, "B": 0.78, "Q": 2.23, "w": 13.45, "h": 0.16, "S": 0.02457, "elv": "Svorte", "km": 1.9}}, {"type": "Feature", "geometry": {"type": "LineString", "coordinates": [[8.54058, 59.5916], [8.54133, 59.59079]]}, "properties": {"P": 24.56, "tau": 37.61, "tau_c": 110.78, "omega": 37.74, "M": 0.34, "D": 0.01, "R": 0.05, "sving": 0.11, "os": 0.08, "foss": 1.0, "juv": 0.0, "B": 0.79, "Q": 2.25, "w": 13.5, "h": 0.17, "S": 0.02313, "elv": "Svorte", "km": 2.0}}, {"type": "Feature", "geometry": {"type": "LineString", "coordinates": [[8.54133, 59.59079], [8.54257, 59.59017]]}, "properties": {"P": 18.21, "tau": 37.29, "tau_c": 109.65, "omega": 37.32, "M": 0.34, "D": 0.02, "R": 0.05, "sving": 0.07, "os": 0.05, "foss": 0.72, "juv": 0.0, "B": 0.79, "Q": 2.27, "w": 13.54, "h": 0.17, "S": 0.02266, "elv": "Svorte", "km": 2.1}}, {"type": "Feature", "geometry": {"type": "LineString", "coordinates": [[8.54257, 59.59017], [8.54419, 59.58983]]}, "properties": {"P": 16.11, "tau": 38.39, "tau_c": 111.95, "omega": 38.93, "M": 0.34, "D": 0.02, "R": 0.05, "sving": 0.21, "os": 0.0, "foss": 0.51, "juv": 0.0, "B": 0.79, "Q": 2.28, "w": 13.59, "h": 0.17, "S": 0.02362, "elv": "Svorte", "km": 2.2}}, {"type": "Feature", "geometry": {"type": "LineString", "coordinates": [[8.54419, 59.58983], [8.54555, 59.5893]]}, "properties": {"P": 12.28, "tau": 35.08, "tau_c": 105.07, "omega": 34.19, "M": 0.33, "D": 0.04, "R": 0.04, "sving": 0.09, "os": 0.05, "foss": 0.37, "juv": 0.0, "B": 0.79, "Q": 2.28, "w": 13.64, "h": 0.17, "S": 0.02081, "elv": "Svorte", "km": 2.3}}, {"type": "Feature", "geometry": {"type": "LineString", "coordinates": [[8.54555, 59.5893], [8.54703, 59.58881]]}, "properties": {"P": 4.87, "tau": 34.6, "tau_c": 103.59, "omega": 33.56, "M": 0.33, "D": 0.04, "R": 0.04, "sving": 0.04, "os": 0.08, "foss": 0.0, "juv": 0.0, "B": 0.79, "Q": 2.31, "w": 13.68, "h": 0.17, "S": 0.02023, "elv": "Svorte", "km": 2.4}}, {"type": "Feature", "geometry": {"type": "LineString", "coordinates": [[8.54703, 59.58881], [8.54849, 59.58837]]}, "properties": {"P": 6.52, "tau": 33.6, "tau_c": 102.15, "omega": 32.12, "M": 0.33, "D": 0.03, "R": 0.04, "sving": 0.09, "os": 0.13, "foss": 0.0, "juv": 0.0, "B": 0.79, "Q": 2.33, "w": 14.0, "h": 0.17, "S": 0.01967, "elv": "Svorte", "km": 2.5}}, {"type": "Feature", "geometry": {"type": "LineString", "coordinates": [[8.54849, 59.58837], [8.54998, 59.58796]]}, "properties": {"P": 27.74, "tau": 32.62, "tau_c": 100.8, "omega": 30.73, "M": 0.32, "D": 0.01, "R": 0.04, "sving": 0.15, "os": 0.21, "foss": 1.0, "juv": 0.0, "B": 0.79, "Q": 2.34, "w": 14.31, "h": 0.17, "S": 0.01915, "elv": "Svorte", "km": 2.6}}, {"type": "Feature", "geometry": {"type": "LineString", "coordinates": [[8.54998, 59.58796], [8.55154, 59.58762]]}, "properties": {"P": 28.72, "tau": 39.08, "tau_c": 106.41, "omega": 40.75, "M": 0.37, "D": 0.0, "R": 0.06, "sving": 0.32, "os": 0.3, "foss": 0.72, "juv": 0.0, "B": 0.81, "Q": 2.84, "w": 14.61, "h": 0.19, "S": 0.02134, "elv": "Svorte", "km": 2.7}}, {"type": "Feature", "geometry": {"type": "LineString", "coordinates": [[8.55154, 59.58762], [8.55249, 59.5869]]}, "properties": {"P": 21.07, "tau": 38.87, "tau_c": 106.93, "omega": 40.35, "M": 0.36, "D": 0.0, "R": 0.06, "sving": 0.05, "os": 0.4, "foss": 0.51, "juv": 0.0, "B": 0.81, "Q": 2.84, "w": 14.9, "h": 0.18, "S": 0.02155, "elv": "Svorte", "km": 2.8}}, {"type": "Feature", "geometry": {"type": "LineString", "coordinates": [[8.55249, 59.5869], [8.55398, 59.58715]]}, "properties": {"P": 22.28, "tau": 43.09, "tau_c": 116.25, "omega": 46.64, "M": 0.37, "D": 0.0, "R": 0.07, "sving": 0.1, "os": 0.55, "foss": 0.37, "juv": 0.0, "B": 0.81, "Q": 2.85, "w": 15.25, "h": 0.17, "S": 0.02547, "elv": "Svorte", "km": 2.9}}, {"type": "Feature", "geometry": {"type": "LineString", "coordinates": [[8.55398, 59.58715], [8.55559, 59.58684]]}, "properties": {"P": 13.09, "tau": 41.69, "tau_c": 113.79, "omega": 44.47, "M": 0.37, "D": 0.0, "R": 0.06, "sving": 0.17, "os": 0.38, "foss": 0.0, "juv": 0.0, "B": 0.81, "Q": 2.85, "w": 15.33, "h": 0.17, "S": 0.0244, "elv": "Svorte", "km": 3.0}}, {"type": "Feature", "geometry": {"type": "LineString", "coordinates": [[8.55559, 59.58684], [8.55726, 59.58671]]}, "properties": {"P": 18.3, "tau": 44.03, "tau_c": 116.22, "omega": 48.36, "M": 0.38, "D": 0.01, "R": 0.07, "sving": 0.4, "os": 0.39, "foss": 0.0, "juv": 0.0, "B": 0.81, "Q": 2.98, "w": 15.4, "h": 0.18, "S": 0.02546, "elv": "Svorte", "km": 3.1}}, {"type": "Feature", "geometry": {"type": "LineString", "coordinates": [[8.55726, 59.58671], [8.55865, 59.58631]]}, "properties": {"P": 13.83, "tau": 42.24, "tau_c": 113.04, "omega": 45.53, "M": 0.37, "D": 0.02, "R": 0.07, "sving": 0.22, "os": 0.34, "foss": 0.0, "juv": 0.0, "B": 0.81, "Q": 2.98, "w": 15.49, "h": 0.18, "S": 0.02409, "elv": "Svorte", "km": 3.2}}, {"type": "Feature", "geometry": {"type": "LineString", "coordinates": [[8.55865, 59.58631], [8.55993, 59.58571]]}, "properties": {"P": 22.07, "tau": 40.49, "tau_c": 109.91, "omega": 42.82, "M": 0.37, "D": 0.03, "R": 0.06, "sving": 0.43, "os": 0.53, "foss": 0.0, "juv": 0.0, "B": 0.82, "Q": 2.99, "w": 15.58, "h": 0.18, "S": 0.02277, "elv": "Svorte", "km": 3.3}}, {"type": "Feature", "geometry": {"type": "LineString", "coordinates": [[8.55993, 59.58571], [8.56148, 59.58588]]}, "properties": {"P": 29.16, "tau": 41.55, "tau_c": 111.62, "omega": 44.48, "M": 0.37, "D": 0.04, "R": 0.07, "sving": 0.43, "os": 0.87, "foss": 0.0, "juv": 0.0, "B": 0.82, "Q": 3.01, "w": 15.6, "h": 0.18, "S": 0.02348, "elv": "Svorte", "km": 3.4}}, {"type": "Feature", "geometry": {"type": "LineString", "coordinates": [[8.56148, 59.58588], [8.56244, 59.58663]]}, "properties": {"P": 23.82, "tau": 38.36, "tau_c": 105.39, "omega": 39.67, "M": 0.36, "D": 0.07, "R": 0.06, "sving": 0.3, "os": 0.7, "foss": 0.0, "juv": 0.0, "B": 0.82, "Q": 3.02, "w": 15.62, "h": 0.19, "S": 0.02094, "elv": "Svorte", "km": 3.5}}, {"type": "Feature", "geometry": {"type": "LineString", "coordinates": [[8.56244, 59.58663], [8.56378, 59.58712]]}, "properties": {"P": 36.35, "tau": 36.96, "tau_c": 102.71, "omega": 37.61, "M": 0.36, "D": 0.06, "R": 0.06, "sving": 0.2, "os": 0.44, "foss": 1.0, "juv": 0.0, "B": 0.82, "Q": 3.02, "w": 15.68, "h": 0.19, "S": 0.01988, "elv": "Svorte", "km": 3.6}}, {"type": "Feature", "geometry": {"type": "LineString", "coordinates": [[8.56378, 59.58712], [8.56532, 59.58715]]}, "properties": {"P": 30.43, "tau": 31.4, "tau_c": 91.44, "omega": 29.76, "M": 0.34, "D": 0.07, "R": 0.05, "sving": 0.35, "os": 0.28, "foss": 0.72, "juv": 0.0, "B": 0.82, "Q": 3.03, "w": 15.72, "h": 0.2, "S": 0.01576, "elv": "Svorte", "km": 3.7}}, {"type": "Feature", "geometry": {"type": "LineString", "coordinates": [[8.56532, 59.58715], [8.56696, 59.58689]]}, "properties": {"P": 22.48, "tau": 36.17, "tau_c": 100.43, "omega": 36.54, "M": 0.36, "D": 0.06, "R": 0.06, "sving": 0.24, "os": 0.19, "foss": 0.51, "juv": 0.0, "B": 0.82, "Q": 3.09, "w": 15.77, "h": 0.19, "S": 0.01901, "elv": "Svorte", "km": 3.8}}, {"type": "Feature", "geometry": {"type": "LineString", "coordinates": [[8.56696, 59.58689], [8.56868, 59.58694]]}, "properties": {"P": 17.46, "tau": 31.55, "tau_c": 91.08, "omega": 30.04, "M": 0.35, "D": 0.12, "R": 0.05, "sving": 0.13, "os": 0.14, "foss": 0.37, "juv": 0.0, "B": 0.82, "Q": 3.1, "w": 15.81, "h": 0.21, "S": 0.01564, "elv": "Svorte", "km": 3.9}}, {"type": "Feature", "geometry": {"type": "LineString", "coordinates": [[8.56868, 59.58694], [8.57022, 59.58693]]}, "properties": {"P": 9.38, "tau": 25.4, "tau_c": 77.91, "omega": 22.0, "M": 0.33, "D": 0.09, "R": 0.04, "sving": 0.19, "os": 0.08, "foss": 0.0, "juv": 0.0, "B": 0.82, "Q": 3.11, "w": 15.86, "h": 0.23, "S": 0.01144, "elv": "Svorte", "km": 4.0}}, {"type": "Feature", "geometry": {"type": "LineString", "coordinates": [[8.57022, 59.58693], [8.5715, 59.58673]]}, "properties": {"P": 4.87, "tau": 23.02, "tau_c": 72.57, "omega": 19.11, "M": 0.32, "D": 0.07, "R": 0.03, "sving": 0.04, "os": 0.06, "foss": 0.0, "juv": 0.0, "B": 0.82, "Q": 3.12, "w": 15.88, "h": 0.24, "S": 0.00993, "elv": "Svorte", "km": 4.1}}, {"type": "Feature", "geometry": {"type": "LineString", "coordinates": [[8.5715, 59.58673], [8.57321, 59.58692]]}, "properties": {"P": 3.22, "tau": 43.89, "tau_c": 115.27, "omega": 48.25, "M": 0.38, "D": 0.0, "R": 0.07, "sving": 0.04, "os": 0.0, "foss": 0.0, "juv": 0.0, "B": 0.82, "Q": 3.12, "w": 15.9, "h": 0.18, "S": 0.02504, "elv": "Svorte", "km": 4.2}}, {"type": "Feature", "geometry": {"type": "LineString", "coordinates": [[8.57321, 59.58692], [8.57494, 59.58707]]}, "properties": {"P": 4.94, "tau": 60.4, "tau_c": 144.94, "omega": 76.24, "M": 0.42, "D": 0.0, "R": 0.1, "sving": 0.08, "os": 0.0, "foss": 0.0, "juv": 0.0, "B": 0.82, "Q": 3.12, "w": 15.91, "h": 0.16, "S": 0.03959, "elv": "Svorte", "km": 4.3}}, {"type": "Feature", "geometry": {"type": "LineString", "coordinates": [[8.57494, 59.58707], [8.57669, 59.58715]]}, "properties": {"P": 30.58, "tau": 59.93, "tau_c": 144.14, "omega": 75.39, "M": 0.42, "D": 0.0, "R": 0.1, "sving": 0.36, "os": 0.0, "foss": 1.0, "juv": 0.0, "B": 0.82, "Q": 3.13, "w": 15.94, "h": 0.16, "S": 0.03916, "elv": "Svorte", "km": 4.4}}, {"type": "Feature", "geometry": {"type": "LineString", "coordinates": [[8.57669, 59.58715], [8.5783, 59.58707]]}, "properties": {"P": 25.99, "tau": 61.17, "tau_c": 146.17, "omega": 77.66, "M": 0.42, "D": 0.0, "R": 0.1, "sving": 0.12, "os": 0.0, "foss": 1.0, "juv": 0.0, "B": 0.82, "Q": 3.14, "w": 15.99, "h": 0.15, "S": 0.04027, "elv": "Svorte", "km": 4.5}}, {"type": "Feature", "geometry": {"type": "LineString", "coordinates": [[8.5783, 59.58707], [8.57959, 59.58648]]}, "properties": {"P": 21.06, "tau": 66.55, "tau_c": 155.04, "omega": 87.67, "M": 0.43, "D": 0.02, "R": 0.11, "sving": 0.11, "os": 0.0, "foss": 0.72, "juv": 0.0, "B": 0.82, "Q": 3.17, "w": 16.05, "h": 0.15, "S": 0.0453, "elv": "Svorte", "km": 4.6}}, {"type": "Feature", "geometry": {"type": "LineString", "coordinates": [[8.57959, 59.58648], [8.58131, 59.58634]]}, "properties": {"P": 19.68, "tau": 71.23, "tau_c": 161.68, "omega": 96.85, "M": 0.44, "D": 0.08, "R": 0.12, "sving": 0.15, "os": 0.0, "foss": 0.51, "juv": 0.0, "B": 0.82, "Q": 3.23, "w": 16.11, "h": 0.15, "S": 0.04927, "elv": "Svorte", "km": 4.7}}, {"type": "Feature", "geometry": {"type": "LineString", "coordinates": [[8.58131, 59.58634], [8.58294, 59.58668]]}, "properties": {"P": 35.9, "tau": 51.2, "tau_c": 127.68, "omega": 60.34, "M": 0.4, "D": 0.16, "R": 0.09, "sving": 0.42, "os": 0.0, "foss": 1.0, "juv": 0.0, "B": 0.82, "Q": 3.24, "w": 16.16, "h": 0.17, "S": 0.03073, "elv": "Svorte", "km": 4.8}}, {"type": "Feature", "geometry": {"type": "LineString", "coordinates": [[8.58294, 59.58668], [8.58461, 59.58696]]}, "properties": {"P": 24.3, "tau": 43.05, "tau_c": 112.72, "omega": 47.05, "M": 0.38, "D": 0.15, "R": 0.07, "sving": 0.16, "os": 0.0, "foss": 0.72, "juv": 0.0, "B": 0.82, "Q": 3.25, "w": 16.21, "h": 0.18, "S": 0.02395, "elv": "Svorte", "km": 4.9}}, {"type": "Feature", "geometry": {"type": "LineString", "coordinates": [[8.58461, 59.58696], [8.58625, 59.58729]]}, "properties": {"P": 18.55, "tau": 42.42, "tau_c": 111.52, "omega": 46.07, "M": 0.38, "D": 0.1, "R": 0.07, "sving": 0.16, "os": 0.0, "foss": 0.51, "juv": 0.0, "B": 0.82, "Q": 3.25, "w": 16.23, "h": 0.18, "S": 0.02344, "elv": "Svorte", "km": 5.0}}, {"type": "Feature", "geometry": {"type": "LineString", "coordinates": [[8.58625, 59.58729], [8.58792, 59.58753]]}, "properties": {"P": 25.67, "tau": 47.52, "tau_c": 120.98, "omega": 54.22, "M": 0.39, "D": 0.01, "R": 0.08, "sving": 0.12, "os": 0.0, "foss": 1.0, "juv": 0.0, "B": 0.82, "Q": 3.26, "w": 16.26, "h": 0.18, "S": 0.02759, "elv": "Svorte", "km": 5.1}}, {"type": "Feature", "geometry": {"type": "LineString", "coordinates": [[8.58792, 59.58753], [8.58965, 59.58751]]}, "properties": {"P": 18.9, "tau": 46.12, "tau_c": 118.33, "omega": 51.96, "M": 0.39, "D": 0.0, "R": 0.08, "sving": 0.03, "os": 0.06, "foss": 0.72, "juv": 0.0, "B": 0.82, "Q": 3.27, "w": 16.28, "h": 0.18, "S": 0.02639, "elv": "Svorte", "km": 5.2}}, {"type": "Feature", "geometry": {"type": "LineString", "coordinates": [[8.58965, 59.58751], [8.59107, 59.58803]]}, "properties": {"P": 26.96, "tau": 44.0, "tau_c": 114.17, "omega": 48.6, "M": 0.39, "D": 0.02, "R": 0.08, "sving": 0.08, "os": 0.09, "foss": 1.0, "juv": 0.0, "B": 0.83, "Q": 3.29, "w": 16.31, "h": 0.18, "S": 0.02457, "elv": "Svorte", "km": 5.3}}, {"type": "Feature", "geometry": {"type": "LineString", "coordinates": [[8.59107, 59.58803], [8.59266, 59.58842]]}, "properties": {"P": 29.35, "tau": 47.43, "tau_c": 120.47, "omega": 54.12, "M": 0.39, "D": 0.03, "R": 0.08, "sving": 0.12, "os": 0.15, "foss": 1.0, "juv": 0.0, "B": 0.83, "Q": 3.3, "w": 16.34, "h": 0.18, "S": 0.02735, "elv": "Svorte", "km": 5.4}}, {"type": "Feature", "geometry": {"type": "LineString", "coordinates": [[8.59266, 59.58842], [8.5944, 59.58848]]}, "properties": {"P": 24.51, "tau": 39.23, "tau_c": 105.22, "omega": 41.21, "M": 0.37, "D": 0.03, "R": 0.07, "sving": 0.09, "os": 0.25, "foss": 0.72, "juv": 0.0, "B": 0.83, "Q": 3.31, "w": 16.46, "h": 0.19, "S": 0.02087, "elv": "Svorte", "km": 5.5}}, {"type": "Feature", "geometry": {"type": "LineString", "coordinates": [[8.5944, 59.58848], [8.59607, 59.58874]]}, "properties": {"P": 22.04, "tau": 41.99, "tau_c": 110.8, "omega": 45.41, "M": 0.38, "D": 0.01, "R": 0.07, "sving": 0.04, "os": 0.4, "foss": 0.51, "juv": 0.0, "B": 0.83, "Q": 3.32, "w": 16.61, "h": 0.18, "S": 0.02314, "elv": "Svorte", "km": 5.6}}, {"type": "Feature", "geometry": {"type": "LineString", "coordinates": [[8.59607, 59.58874], [8.59771, 59.58907]]}, "properties": {"P": 27.21, "tau": 48.03, "tau_c": 119.62, "omega": 55.41, "M": 0.4, "D": -0.0, "R": 0.09, "sving": 0.16, "os": 0.66, "foss": 0.37, "juv": 0.0, "B": 0.83, "Q": 3.51, "w": 16.76, "h": 0.18, "S": 0.02697, "elv": "Svorte", "km": 5.7}}, {"type": "Feature", "geometry": {"type": "LineString", "coordinates": [[8.59771, 59.58907], [8.59937, 59.58936]]}, "properties": {"P": 43.7, "tau": 48.78, "tau_c": 120.14, "omega": 56.76, "M": 0.41, "D": -0.0, "R": 0.09, "sving": 0.07, "os": 0.92, "foss": 1.0, "juv": 0.0, "B": 0.83, "Q": 3.59, "w": 16.9, "h": 0.18, "S": 0.0272, "elv": "Svorte", "km": 5.8}}, {"type": "Feature", "geometry": {"type": "LineString", "coordinates": [[8.59937, 59.58936], [8.60093, 59.58978]]}, "properties": {"P": 37.33, "tau": 51.2, "tau_c": 124.78, "omega": 60.79, "M": 0.41, "D": -0.0, "R": 0.1, "sving": 0.1, "os": 0.57, "foss": 1.0, "juv": 0.0, "B": 0.83, "Q": 3.6, "w": 17.04, "h": 0.18, "S": 0.02935, "elv": "Svorte", "km": 5.9}}, {"type": "Feature", "geometry": {"type": "LineString", "coordinates": [[8.60093, 59.58978], [8.60261, 59.58989]]}, "properties": {"P": 32.15, "tau": 54.85, "tau_c": 131.14, "omega": 67.1, "M": 0.42, "D": -0.0, "R": 0.1, "sving": 0.05, "os": 0.35, "foss": 1.0, "juv": 0.0, "B": 0.83, "Q": 3.61, "w": 17.11, "h": 0.17, "S": 0.03242, "elv": "Svorte", "km": 6.0}}, {"type": "Feature", "geometry": {"type": "LineString", "coordinates": [[8.60261, 59.58989], [8.60391, 59.59039]]}, "properties": {"P": 28.58, "tau": 60.86, "tau_c": 141.36, "omega": 77.88, "M": 0.43, "D": 0.01, "R": 0.11, "sving": 0.26, "os": 0.22, "foss": 0.72, "juv": 0.0, "B": 0.83, "Q": 3.61, "w": 17.14, "h": 0.16, "S": 0.03766, "elv": "Svorte", "km": 6.1}}, {"type": "Feature", "geometry": {"type": "LineString", "coordinates": [[8.60391, 59.59039], [8.60547, 59.5908]]}, "properties": {"P": 28.71, "tau": 54.41, "tau_c": 129.97, "omega": 66.39, "M": 0.42, "D": 0.04, "R": 0.1, "sving": 0.04, "os": 0.14, "foss": 1.0, "juv": 0.0, "B": 0.84, "Q": 3.65, "w": 17.17, "h": 0.17, "S": 0.03184, "elv": "Svorte", "km": 6.2}}, {"type": "Feature", "geometry": {"type": "LineString", "coordinates": [[8.60547, 59.5908], [8.60713, 59.59062]]}, "properties": {"P": 29.24, "tau": 51.72, "tau_c": 125.35, "omega": 61.74, "M": 0.41, "D": 0.04, "R": 0.1, "sving": 0.13, "os": 0.09, "foss": 1.0, "juv": 0.0, "B": 0.84, "Q": 3.66, "w": 17.21, "h": 0.18, "S": 0.02961, "elv": "Svorte", "km": 6.3}}, {"type": "Feature", "geometry": {"type": "LineString", "coordinates": [[8.60713, 59.59062], [8.60886, 59.59063]]}, "properties": {"P": 22.66, "tau": 51.5, "tau_c": 124.82, "omega": 61.39, "M": 0.41, "D": 0.04, "R": 0.1, "sving": 0.12, "os": 0.06, "foss": 0.72, "juv": 0.0, "B": 0.84, "Q": 3.68, "w": 17.26, "h": 0.18, "S": 0.02936, "elv": "Svorte", "km": 6.4}}, {"type": "Feature", "geometry": {"type": "LineString", "coordinates": [[8.60886, 59.59063], [8.61053, 59.59088]]}, "properties": {"P": 28.91, "tau": 54.42, "tau_c": 129.84, "omega": 66.45, "M": 0.42, "D": 0.02, "R": 0.1, "sving": 0.22, "os": 0.0, "foss": 1.0, "juv": 0.0, "B": 0.84, "Q": 3.69, "w": 17.3, "h": 0.17, "S": 0.03177, "elv": "Svorte", "km": 6.5}}, {"type": "Feature", "geometry": {"type": "LineString", "coordinates": [[8.61053, 59.59088], [8.61177, 59.59151]]}, "properties": {"P": 24.54, "tau": 47.31, "tau_c": 117.27, "omega": 54.4, "M": 0.4, "D": 0.02, "R": 0.09, "sving": 0.02, "os": 0.0, "foss": 1.0, "juv": 0.0, "B": 0.84, "Q": 3.71, "w": 17.34, "h": 0.19, "S": 0.02592, "elv": "Svorte", "km": 6.6}}, {"type": "Feature", "geometry": {"type": "LineString", "coordinates": [[8.61177, 59.59151], [8.61337, 59.59182]]}, "properties": {"P": 27.91, "tau": 50.37, "tau_c": 122.43, "omega": 59.53, "M": 0.41, "D": 0.0, "R": 0.1, "sving": 0.19, "os": 0.0, "foss": 1.0, "juv": 0.0, "B": 0.84, "Q": 3.73, "w": 17.38, "h": 0.18, "S": 0.02825, "elv": "Svorte", "km": 6.7}}, {"type": "Feature", "geometry": {"type": "LineString", "coordinates": [[8.61337, 59.59182], [8.61513, 59.59178]]}, "properties": {"P": 24.33, "tau": 56.12, "tau_c": 132.25, "omega": 69.52, "M": 0.42, "D": 0.01, "R": 0.11, "sving": 0.27, "os": 0.0, "foss": 0.72, "juv": 0.0, "B": 0.84, "Q": 3.75, "w": 17.46, "h": 0.17, "S": 0.03296, "elv": "Svorte", "km": 6.8}}, {"type": "Feature", "geometry": {"type": "LineString", "coordinates": [[8.61513, 59.59178], [8.61632, 59.59241]]}, "properties": {"P": 25.67, "tau": 51.42, "tau_c": 124.21, "omega": 61.33, "M": 0.41, "D": 0.06, "R": 0.1, "sving": 0.01, "os": 0.0, "foss": 1.0, "juv": 0.0, "B": 0.84, "Q": 3.77, "w": 17.54, "h": 0.18, "S": 0.02908, "elv": "Svorte", "km": 6.9}}, {"type": "Feature", "geometry": {"type": "LineString", "coordinates": [[8.61632, 59.59241], [8.61806, 59.59247]]}, "properties": {"P": 21.55, "tau": 45.49, "tau_c": 112.84, "omega": 51.58, "M": 0.4, "D": 0.06, "R": 0.09, "sving": 0.09, "os": 0.0, "foss": 0.72, "juv": 0.0, "B": 0.84, "Q": 3.86, "w": 17.61, "h": 0.19, "S": 0.024, "elv": "Svorte", "km": 7.0}}, {"type": "Feature", "geometry": {"type": "LineString", "coordinates": [[8.61806, 59.59247], [8.61956, 59.59274]]}, "properties": {"P": 18.94, "tau": 42.04, "tau_c": 106.7, "omega": 46.06, "M": 0.39, "D": 0.05, "R": 0.08, "sving": 0.2, "os": 0.0, "foss": 0.51, "juv": 0.0, "B": 0.84, "Q": 3.87, "w": 17.67, "h": 0.2, "S": 0.02146, "elv": "Svorte", "km": 7.1}}, {"type": "Feature", "geometry": {"type": "LineString", "coordinates": [[8.61956, 59.59274], [8.62129, 59.59292]]}, "properties": {"P": 13.7, "tau": 49.26, "tau_c": 119.47, "omega": 57.83, "M": 0.41, "D": 0.01, "R": 0.1, "sving": 0.12, "os": 0.0, "foss": 0.37, "juv": 0.0, "B": 0.84, "Q": 3.89, "w": 17.74, "h": 0.19, "S": 0.0269, "elv": "Svorte", "km": 7.2}}, {"type": "Feature", "geometry": {"type": "LineString", "coordinates": [[8.62129, 59.59292], [8.62299, 59.59316]]}, "properties": {"P": 5.37, "tau": 46.99, "tau_c": 115.46, "omega": 54.06, "M": 0.41, "D": 0.0, "R": 0.09, "sving": 0.1, "os": 0.0, "foss": 0.0, "juv": 0.0, "B": 0.84, "Q": 3.9, "w": 17.77, "h": 0.19, "S": 0.02513, "elv": "Svorte", "km": 7.3}}, {"type": "Feature", "geometry": {"type": "LineString", "coordinates": [[8.62299, 59.59316], [8.62461, 59.5935]]}, "properties": {"P": 26.24, "tau": 46.29, "tau_c": 114.12, "omega": 52.93, "M": 0.41, "D": 0.0, "R": 0.09, "sving": 0.12, "os": 0.0, "foss": 1.0, "juv": 0.0, "B": 0.84, "Q": 3.91, "w": 17.8, "h": 0.19, "S": 0.02455, "elv": "Svorte", "km": 7.4}}, {"type": "Feature", "geometry": {"type": "LineString", "coordinates": [[8.62461, 59.5935], [8.62605, 59.59402]]}, "properties": {"P": 24.28, "tau": 48.94, "tau_c": 118.64, "omega": 57.34, "M": 0.41, "D": 0.0, "R": 0.1, "sving": 0.01, "os": 0.0, "foss": 1.0, "juv": 0.0, "B": 0.84, "Q": 3.93, "w": 17.83, "h": 0.19, "S": 0.02653, "elv": "Svorte", "km": 7.5}}, {"type": "Feature", "geometry": {"type": "LineString", "coordinates": [[8.62605, 59.59402], [8.62759, 59.59445]]}, "properties": {"P": 19.23, "tau": 50.93, "tau_c": 122.07, "omega": 60.72, "M": 0.42, "D": -0.0, "R": 0.1, "sving": 0.04, "os": 0.0, "foss": 0.72, "juv": 0.0, "B": 0.84, "Q": 3.93, "w": 17.85, "h": 0.18, "S": 0.02809, "elv": "Svorte", "km": 7.6}}, {"type": "Feature", "geometry": {"type": "LineString", "coordinates": [[8.62759, 59.59445], [8.62928, 59.59467]]}, "properties": {"P": 15.13, "tau": 57.49, "tau_c": 133.06, "omega": 72.25, "M": 0.43, "D": 0.0, "R": 0.12, "sving": 0.02, "os": 0.0, "foss": 0.51, "juv": 0.0, "B": 0.84, "Q": 3.94, "w": 17.87, "h": 0.18, "S": 0.03337, "elv": "Svorte", "km": 7.7}}, {"type": "Feature", "geometry": {"type": "LineString", "coordinates": [[8.62928, 59.59467], [8.63093, 59.59491]]}, "properties": {"P": 15.29, "tau": 58.88, "tau_c": 135.35, "omega": 74.76, "M": 0.44, "D": 0.03, "R": 0.12, "sving": 0.14, "os": 0.0, "foss": 0.37, "juv": 0.0, "B": 0.84, "Q": 3.95, "w": 17.88, "h": 0.17, "S": 0.03453, "elv": "Svorte", "km": 7.8}}, {"type": "Feature", "geometry": {"type": "LineString", "coordinates": [[8.63093, 59.59491], [8.63242, 59.59539]]}, "properties": {"P": 25.82, "tau": 49.24, "tau_c": 118.99, "omega": 57.86, "M": 0.41, "D": 0.06, "R": 0.1, "sving": 0.01, "os": 0.0, "foss": 1.0, "juv": 0.0, "B": 0.84, "Q": 3.96, "w": 17.9, "h": 0.19, "S": 0.02669, "elv": "Svorte", "km": 7.9}}, {"type": "Feature", "geometry": {"type": "LineString", "coordinates": [[8.63242, 59.59539], [8.63413, 59.59551]]}, "properties": {"P": 25.71, "tau": 49.72, "tau_c": 119.83, "omega": 58.68, "M": 0.41, "D": 0.05, "R": 0.1, "sving": 0.01, "os": 0.0, "foss": 1.0, "juv": 0.0, "B": 0.84, "Q": 3.96, "w": 17.91, "h": 0.19, "S": 0.02707, "elv": "Svorte", "km": 8.0}}, {"type": "Feature", "geometry": {"type": "LineString", "coordinates": [[8.63413, 59.59551], [8.63576, 59.59573]]}, "properties": {"P": 22.17, "tau": 48.92, "tau_c": 118.34, "omega": 57.34, "M": 0.41, "D": 0.03, "R": 0.1, "sving": 0.15, "os": 0.0, "foss": 0.72, "juv": 0.0, "B": 0.84, "Q": 3.97, "w": 17.92, "h": 0.19, "S": 0.0264, "elv": "Svorte", "km": 8.1}}, {"type": "Feature", "geometry": {"type": "LineString", "coordinates": [[8.00604, 59.56555], [8.00437, 59.56545]]}, "properties": {"P": 30.19, "tau": 110.59, "tau_c": 305.49, "omega": 163.27, "M": 0.36, "D": 0.04, "R": 0.06, "sving": 0.68, "os": 1.0, "foss": 1.0, "juv": 0.0, "B": 0.43, "Q": 0.73, "w": 7.71, "h": 0.06, "S": 0.17589, "elv": "bekk", "km": 0.0}}, {"type": "Feature", "geometry": {"type": "LineString", "coordinates": [[8.00437, 59.56545], [8.00277, 59.56554]]}, "properties": {"P": 25.97, "tau": 93.43, "tau_c": 270.16, "omega": 128.31, "M": 0.35, "D": 0.09, "R": 0.05, "sving": 0.57, "os": 0.62, "foss": 1.0, "juv": 0.0, "B": 0.44, "Q": 0.74, "w": 7.76, "h": 0.07, "S": 0.13756, "elv": "bekk", "km": 0.1}}, {"type": "Feature", "geometry": {"type": "LineString", "coordinates": [[8.00277, 59.56554], [8.00201, 59.56489]]}, "properties": {"P": 23.95, "tau": 81.62, "tau_c": 245.35, "omega": 105.72, "M": 0.33, "D": 0.16, "R": 0.04, "sving": 0.48, "os": 0.4, "foss": 1.0, "juv": 0.0, "B": 0.45, "Q": 0.74, "w": 7.8, "h": 0.07, "S": 0.11346, "elv": "bekk", "km": 0.2}}, {"type": "Feature", "geometry": {"type": "LineString", "coordinates": [[8.00201, 59.56489], [8.0015, 59.56408]]}, "properties": {"P": 22.95, "tau": 83.61, "tau_c": 245.35, "omega": 110.02, "M": 0.34, "D": 0.22, "R": 0.05, "sving": 0.57, "os": 0.37, "foss": 0.72, "juv": 0.0, "B": 0.46, "Q": 0.78, "w": 7.85, "h": 0.08, "S": 0.11346, "elv": "bekk", "km": 0.3}}, {"type": "Feature", "geometry": {"type": "LineString", "coordinates": [[7.87457, 59.36752], [7.87622, 59.36772]]}, "properties": {"P": 8.75, "tau": 40.69, "tau_c": 72.07, "omega": 49.8, "M": 0.56, "D": 0.03, "R": 0.27, "sving": 0.26, "os": 0.09, "foss": 0.0, "juv": 0.0, "B": 0.43, "Q": 21.78, "w": 42.0, "h": 0.42, "S": 0.00979, "elv": "bekk", "km": 0.0}}, {"type": "Feature", "geometry": {"type": "LineString", "coordinates": [[7.87622, 59.36772], [7.87793, 59.36776]]}, "properties": {"P": 15.43, "tau": 36.68, "tau_c": 66.9, "omega": 42.91, "M": 0.55, "D": 0.08, "R": 0.24, "sving": 0.37, "os": 0.06, "foss": 0.0, "juv": 0.0, "B": 0.67, "Q": 21.79, "w": 42.01, "h": 0.44, "S": 0.00844, "elv": "bekk", "km": 0.1}}, {"type": "Feature", "geometry": {"type": "LineString", "coordinates": [[7.87793, 59.36776], [7.87938, 59.36825]]}, "properties": {"P": 14.01, "tau": 32.26, "tau_c": 61.03, "omega": 35.7, "M": 0.53, "D": 0.19, "R": 0.22, "sving": 0.24, "os": 0.0, "foss": 0.0, "juv": 0.0, "B": 0.67, "Q": 21.79, "w": 42.02, "h": 0.47, "S": 0.00702, "elv": "bekk", "km": 0.2}}, {"type": "Feature", "geometry": {"type": "LineString", "coordinates": [[7.87938, 59.36825], [7.88036, 59.36899]]}, "properties": {"P": 11.84, "tau": 28.43, "tau_c": 55.71, "omega": 29.79, "M": 0.51, "D": 0.26, "R": 0.2, "sving": 0.05, "os": 0.0, "foss": 0.0, "juv": 0.0, "B": 0.67, "Q": 21.83, "w": 42.05, "h": 0.5, "S": 0.00585, "elv": "bekk", "km": 0.3}}, {"type": "Feature", "geometry": {"type": "LineString", "coordinates": [[7.88036, 59.36899], [7.88145, 59.36967]]}, "properties": {"P": 12.8, "tau": 12.97, "tau_c": 31.71, "omega": 9.65, "M": 0.41, "D": 0.3, "R": 0.1, "sving": 0.23, "os": 0.0, "foss": 0.0, "juv": 0.0, "B": 0.67, "Q": 21.83, "w": 42.07, "h": 0.7, "S": 0.0019, "elv": "bekk", "km": 0.4}}, {"type": "Feature", "geometry": {"type": "LineString", "coordinates": [[7.88145, 59.36967], [7.88301, 59.36959]]}, "properties": {"P": 12.47, "tau": 15.79, "tau_c": 36.5, "omega": 12.81, "M": 0.43, "D": 0.2, "R": 0.12, "sving": 0.31, "os": 0.0, "foss": 0.0, "juv": 0.0, "B": 0.67, "Q": 21.89, "w": 42.09, "h": 0.64, "S": 0.00251, "elv": "bekk", "km": 0.5}}, {"type": "Feature", "geometry": {"type": "LineString", "coordinates": [[7.88301, 59.36959], [7.88474, 59.36957]]}, "properties": {"P": 8.36, "tau": 17.51, "tau_c": 39.32, "omega": 14.87, "M": 0.45, "D": 0.1, "R": 0.13, "sving": 0.17, "os": 0.0, "foss": 0.0, "juv": 0.0, "B": 0.67, "Q": 21.9, "w": 42.11, "h": 0.61, "S": 0.00291, "elv": "bekk", "km": 0.6}}, {"type": "Feature", "geometry": {"type": "LineString", "coordinates": [[7.88474, 59.36957], [7.88618, 59.36967]]}, "properties": {"P": 6.26, "tau": 32.79, "tau_c": 61.67, "omega": 36.56, "M": 0.53, "D": -0.0, "R": 0.22, "sving": 0.01, "os": 0.0, "foss": 0.0, "juv": 0.0, "B": 0.67, "Q": 21.9, "w": 42.12, "h": 0.47, "S": 0.00717, "elv": "bekk", "km": 0.7}}, {"type": "Feature", "geometry": {"type": "LineString", "coordinates": [[7.88618, 59.36967], [7.88776, 59.37004]]}, "properties": {"P": 11.8, "tau": 33.86, "tau_c": 62.81, "omega": 38.34, "M": 0.54, "D": -0.0, "R": 0.23, "sving": 0.34, "os": 0.0, "foss": 0.0, "juv": 0.0, "B": 0.67, "Q": 21.92, "w": 41.7, "h": 0.46, "S": 0.00744, "elv": "bekk", "km": 0.8}}, {"type": "Feature", "geometry": {"type": "LineString", "coordinates": [[7.88776, 59.37004], [7.88948, 59.36998]]}, "properties": {"P": 14.61, "tau": 45.33, "tau_c": 77.41, "omega": 58.23, "M": 0.59, "D": -0.0, "R": 0.29, "sving": 0.41, "os": 0.0, "foss": 0.0, "juv": 0.0, "B": 0.67, "Q": 21.92, "w": 41.71, "h": 0.41, "S": 0.0113, "elv": "bekk", "km": 0.9}}, {"type": "Feature", "geometry": {"type": "LineString", "coordinates": [[7.88948, 59.36998], [7.89044, 59.37057]]}, "properties": {"P": 10.29, "tau": 50.53, "tau_c": 83.68, "omega": 68.05, "M": 0.6, "D": -0.0, "R": 0.32, "sving": 0.1, "os": 0.0, "foss": 0.0, "juv": 0.0, "B": 0.67, "Q": 21.93, "w": 41.72, "h": 0.39, "S": 0.0132, "elv": "bekk", "km": 1.0}}, {"type": "Feature", "geometry": {"type": "LineString", "coordinates": [[7.89044, 59.37057], [7.891, 59.37139]]}, "properties": {"P": 13.68, "tau": 65.47, "tau_c": 100.72, "omega": 98.64, "M": 0.65, "D": -0.0, "R": 0.38, "sving": 0.14, "os": 0.07, "foss": 0.0, "juv": 0.0, "B": 0.67, "Q": 21.94, "w": 41.72, "h": 0.35, "S": 0.01912, "elv": "bekk", "km": 1.1}}, {"type": "Feature", "geometry": {"type": "LineString", "coordinates": [[7.891, 59.37139], [7.89232, 59.37197]]}, "properties": {"P": 14.45, "tau": 75.45, "tau_c": 111.49, "omega": 120.87, "M": 0.68, "D": -0.0, "R": 0.41, "sving": 0.1, "os": 0.1, "foss": 0.0, "juv": 0.0, "B": 0.67, "Q": 21.95, "w": 41.73, "h": 0.33, "S": 0.02343, "elv": "bekk", "km": 1.2}}, {"type": "Feature", "geometry": {"type": "LineString", "coordinates": [[7.89232, 59.37197], [7.89394, 59.37223]]}, "properties": {"P": 38.42, "tau": 67.67, "tau_c": 103.68, "omega": 103.26, "M": 0.65, "D": 0.04, "R": 0.38, "sving": 0.52, "os": 0.16, "foss": 1.0, "juv": 0.0, "B": 0.67, "Q": 21.95, "w": 42.25, "h": 0.34, "S": 0.02026, "elv": "bekk", "km": 1.3}}, {"type": "Feature", "geometry": {"type": "LineString", "coordinates": [[7.89394, 59.37223], [7.89536, 59.37273]]}, "properties": {"P": 29.31, "tau": 66.43, "tau_c": 102.41, "omega": 100.54, "M": 0.65, "D": 0.05, "R": 0.38, "sving": 0.13, "os": 0.25, "foss": 0.72, "juv": 0.0, "B": 0.67, "Q": 21.95, "w": 42.34, "h": 0.34, "S": 0.01977, "elv": "bekk", "km": 1.4}}, {"type": "Feature", "geometry": {"type": "LineString", "coordinates": [[7.89536, 59.37273], [7.89705, 59.37261]]}, "properties": {"P": 29.69, "tau": 59.66, "tau_c": 94.12, "omega": 86.38, "M": 0.63, "D": 0.09, "R": 0.36, "sving": 0.17, "os": 0.42, "foss": 0.51, "juv": 0.0, "B": 0.67, "Q": 22.4, "w": 42.46, "h": 0.36, "S": 0.0167, "elv": "bekk", "km": 1.5}}, {"type": "Feature", "geometry": {"type": "LineString", "coordinates": [[7.89705, 59.37261], [7.89784, 59.37334]]}, "properties": {"P": 32.22, "tau": 61.63, "tau_c": 96.46, "omega": 90.48, "M": 0.64, "D": 0.12, "R": 0.36, "sving": 0.28, "os": 0.57, "foss": 0.37, "juv": 0.0, "B": 0.67, "Q": 22.4, "w": 42.59, "h": 0.36, "S": 0.01754, "elv": "bekk", "km": 1.6}}, {"type": "Feature", "geometry": {"type": "LineString", "coordinates": [[7.89784, 59.37334], [7.89921, 59.37323]]}, "properties": {"P": 28.21, "tau": 49.69, "tau_c": 82.43, "omega": 66.52, "M": 0.6, "D": 0.16, "R": 0.32, "sving": 0.09, "os": 0.9, "foss": 0.0, "juv": 0.0, "B": 0.67, "Q": 22.62, "w": 42.72, "h": 0.4, "S": 0.01281, "elv": "bekk", "km": 1.7}}, {"type": "Feature", "geometry": {"type": "LineString", "coordinates": [[7.89921, 59.37323], [7.90081, 59.37311]]}, "properties": {"P": 27.34, "tau": 35.88, "tau_c": 65.29, "omega": 41.7, "M": 0.55, "D": 0.12, "R": 0.25, "sving": 0.41, "os": 0.69, "foss": 0.0, "juv": 0.0, "B": 0.67, "Q": 22.62, "w": 42.77, "h": 0.46, "S": 0.00804, "elv": "bekk", "km": 1.8}}, {"type": "Feature", "geometry": {"type": "LineString", "coordinates": [[7.90081, 59.37311], [7.90251, 59.37321]]}, "properties": {"P": 17.5, "tau": 44.64, "tau_c": 76.4, "omega": 57.02, "M": 0.58, "D": 0.06, "R": 0.29, "sving": 0.07, "os": 0.44, "foss": 0.0, "juv": 0.0, "B": 0.67, "Q": 22.63, "w": 42.82, "h": 0.41, "S": 0.011, "elv": "bekk", "km": 1.9}}, {"type": "Feature", "geometry": {"type": "LineString", "coordinates": [[7.90251, 59.37321], [7.9042, 59.37318]]}, "properties": {"P": 14.24, "tau": 50.69, "tau_c": 83.69, "omega": 68.43, "M": 0.61, "D": -0.0, "R": 0.32, "sving": 0.06, "os": 0.28, "foss": 0.0, "juv": 0.0, "B": 0.67, "Q": 22.63, "w": 42.82, "h": 0.39, "S": 0.0132, "elv": "bekk", "km": 2.0}}, {"type": "Feature", "geometry": {"type": "LineString", "coordinates": [[7.9042, 59.37318], [7.90548, 59.3732]]}, "properties": {"P": 12.83, "tau": 56.27, "tau_c": 90.14, "omega": 79.49, "M": 0.62, "D": 0.0, "R": 0.34, "sving": 0.04, "os": 0.17, "foss": 0.0, "juv": 0.0, "B": 0.67, "Q": 22.66, "w": 42.83, "h": 0.37, "S": 0.01532, "elv": "bekk", "km": 2.1}}, {"type": "Feature", "geometry": {"type": "LineString", "coordinates": [[7.83773, 59.37548], [7.83909, 59.37497]]}, "properties": {"P": 12.47, "tau": 35.28, "tau_c": 60.51, "omega": 41.34, "M": 0.58, "D": 0.0, "R": 0.29, "sving": 0.64, "os": 0.07, "foss": 0.0, "juv": 0.0, "B": 0.43, "Q": 20.91, "w": 34.23, "h": 0.52, "S": 0.0069, "elv": "Sæbyggjeåi", "km": 0.0}}, {"type": "Feature", "geometry": {"type": "LineString", "coordinates": [[7.83909, 59.37497], [7.84057, 59.37458]]}, "properties": {"P": 19.81, "tau": 90.61, "tau_c": 122.0, "omega": 158.9, "M": 0.74, "D": 0.0, "R": 0.5, "sving": 0.31, "os": 0.07, "foss": 0.0, "juv": 0.0, "B": 0.66, "Q": 20.92, "w": 36.23, "h": 0.33, "S": 0.02805, "elv": "Sæbyggjeåi", "km": 0.1}}, {"type": "Feature", "geometry": {"type": "LineString", "coordinates": [[7.84057, 59.37458], [7.84228, 59.37478]]}, "properties": {"P": 14.91, "tau": 76.05, "tau_c": 110.45, "omega": 122.7, "M": 0.69, "D": 0.05, "R": 0.43, "sving": 0.03, "os": 0.11, "foss": 0.0, "juv": 0.0, "B": 0.66, "Q": 20.93, "w": 38.47, "h": 0.34, "S": 0.02299, "elv": "Sæbyggjeåi", "km": 0.2}}, {"type": "Feature", "geometry": {"type": "LineString", "coordinates": [[7.84228, 59.37478], [7.84403, 59.37477]]}, "properties": {"P": 31.31, "tau": 66.72, "tau_c": 103.13, "omega": 100.99, "M": 0.65, "D": 0.05, "R": 0.37, "sving": 0.07, "os": 0.18, "foss": 1.0, "juv": 0.0, "B": 0.66, "Q": 20.93, "w": 40.76, "h": 0.34, "S": 0.02005, "elv": "Sæbyggjeåi", "km": 0.3}}, {"type": "Feature", "geometry": {"type": "LineString", "coordinates": [[7.84403, 59.37477], [7.84552, 59.3743]]}, "properties": {"P": 29.33, "tau": 68.32, "tau_c": 105.21, "omega": 104.41, "M": 0.65, "D": 0.05, "R": 0.38, "sving": 0.11, "os": 0.29, "foss": 0.72, "juv": 0.0, "B": 0.66, "Q": 20.94, "w": 41.05, "h": 0.33, "S": 0.02086, "elv": "Sæbyggjeåi", "km": 0.4}}, {"type": "Feature", "geometry": {"type": "LineString", "coordinates": [[7.84552, 59.3743], [7.84687, 59.37377]]}, "properties": {"P": 31.91, "tau": 81.76, "tau_c": 119.1, "omega": 135.23, "M": 0.69, "D": 0.02, "R": 0.43, "sving": 0.25, "os": 0.46, "foss": 0.51, "juv": 0.0, "B": 0.66, "Q": 21.19, "w": 41.11, "h": 0.31, "S": 0.02674, "elv": "Sæbyggjeåi", "km": 0.5}}, {"type": "Feature", "geometry": {"type": "LineString", "coordinates": [[7.84687, 59.37377], [7.84858, 59.37371]]}, "properties": {"P": 32.66, "tau": 87.35, "tau_c": 119.39, "omega": 150.58, "M": 0.73, "D": 0.06, "R": 0.49, "sving": 0.11, "os": 0.63, "foss": 0.37, "juv": 0.0, "B": 0.66, "Q": 21.2, "w": 37.11, "h": 0.33, "S": 0.02687, "elv": "Sæbyggjeåi", "km": 0.6}}, {"type": "Feature", "geometry": {"type": "LineString", "coordinates": [[7.84858, 59.37371], [7.84987, 59.37317]]}, "properties": {"P": 45.14, "tau": 56.21, "tau_c": 86.75, "omega": 80.13, "M": 0.65, "D": 0.13, "R": 0.38, "sving": 0.1, "os": 0.88, "foss": 1.0, "juv": 0.0, "B": 0.66, "Q": 21.23, "w": 36.87, "h": 0.4, "S": 0.01418, "elv": "Sæbyggjeåi", "km": 0.7}}, {"type": "Feature", "geometry": {"type": "LineString", "coordinates": [[7.84987, 59.37317], [7.85156, 59.37293]]}, "properties": {"P": 36.69, "tau": 59.53, "tau_c": 90.4, "omega": 86.99, "M": 0.66, "D": 0.11, "R": 0.39, "sving": 0.19, "os": 0.55, "foss": 0.72, "juv": 0.0, "B": 0.66, "Q": 21.23, "w": 36.88, "h": 0.39, "S": 0.0154, "elv": "Sæbyggjeåi", "km": 0.8}}, {"type": "Feature", "geometry": {"type": "LineString", "coordinates": [[7.85156, 59.37293], [7.85318, 59.37259]]}, "properties": {"P": 28.31, "tau": 58.11, "tau_c": 88.53, "omega": 84.13, "M": 0.66, "D": 0.07, "R": 0.39, "sving": 0.14, "os": 0.35, "foss": 0.51, "juv": 0.0, "B": 0.66, "Q": 21.25, "w": 36.59, "h": 0.4, "S": 0.01477, "elv": "Sæbyggjeåi", "km": 0.9}}, {"type": "Feature", "geometry": {"type": "LineString", "coordinates": [[7.85318, 59.37259], [7.85465, 59.37212]]}, "properties": {"P": 24.56, "tau": 70.81, "tau_c": 101.99, "omega": 111.69, "M": 0.69, "D": 0.02, "R": 0.44, "sving": 0.17, "os": 0.21, "foss": 0.37, "juv": 0.0, "B": 0.66, "Q": 21.26, "w": 36.6, "h": 0.37, "S": 0.01961, "elv": "Sæbyggjeåi", "km": 1.0}}, {"type": "Feature", "geometry": {"type": "LineString", "coordinates": [[7.85465, 59.37212], [7.8563, 59.37184]]}, "properties": {"P": 14.03, "tau": 59.19, "tau_c": 93.85, "omega": 85.3, "M": 0.63, "D": 0.07, "R": 0.35, "sving": 0.06, "os": 0.13, "foss": 0.0, "juv": 0.0, "B": 0.66, "Q": 21.26, "w": 40.6, "h": 0.36, "S": 0.0166, "elv": "Sæbyggjeåi", "km": 1.1}}, {"type": "Feature", "geometry": {"type": "LineString", "coordinates": [[7.8563, 59.37184], [7.85787, 59.37199]]}, "properties": {"P": 30.14, "tau": 49.98, "tau_c": 83.12, "omega": 66.95, "M": 0.6, "D": 0.07, "R": 0.31, "sving": 0.05, "os": 0.19, "foss": 1.0, "juv": 0.0, "B": 0.66, "Q": 21.28, "w": 40.6, "h": 0.39, "S": 0.01302, "elv": "Sæbyggjeåi", "km": 1.2}}, {"type": "Feature", "geometry": {"type": "LineString", "coordinates": [[7.85787, 59.37199], [7.85929, 59.37155]]}, "properties": {"P": 29.32, "tau": 55.13, "tau_c": 89.16, "omega": 77.04, "M": 0.62, "D": 0.05, "R": 0.34, "sving": 0.18, "os": 0.29, "foss": 0.72, "juv": 0.0, "B": 0.66, "Q": 21.28, "w": 40.61, "h": 0.38, "S": 0.01498, "elv": "Sæbyggjeåi", "km": 1.3}}, {"type": "Feature", "geometry": {"type": "LineString", "coordinates": [[7.85929, 59.37155], [7.86064, 59.37124]]}, "properties": {"P": 31.56, "tau": 56.98, "tau_c": 91.63, "omega": 80.7, "M": 0.62, "D": 0.01, "R": 0.34, "sving": 0.41, "os": 0.44, "foss": 0.51, "juv": 0.0, "B": 0.66, "Q": 21.29, "w": 40.95, "h": 0.37, "S": 0.01582, "elv": "Sæbyggjeåi", "km": 1.4}}, {"type": "Feature", "geometry": {"type": "LineString", "coordinates": [[7.86064, 59.37124], [7.86223, 59.37137]]}, "properties": {"P": 27.92, "tau": 56.32, "tau_c": 90.88, "omega": 79.36, "M": 0.62, "D": 0.0, "R": 0.34, "sving": 0.14, "os": 0.65, "foss": 0.37, "juv": 0.0, "B": 0.66, "Q": 21.3, "w": 40.99, "h": 0.37, "S": 0.01557, "elv": "Sæbyggjeåi", "km": 1.5}}, {"type": "Feature", "geometry": {"type": "LineString", "coordinates": [[7.86223, 59.37137], [7.8633, 59.37067]]}, "properties": {"P": 25.43, "tau": 57.23, "tau_c": 91.93, "omega": 81.2, "M": 0.62, "D": 0.0, "R": 0.34, "sving": 0.04, "os": 0.96, "foss": 0.0, "juv": 0.0, "B": 0.66, "Q": 21.48, "w": 41.34, "h": 0.37, "S": 0.01593, "elv": "Sæbyggjeåi", "km": 1.6}}, {"type": "Feature", "geometry": {"type": "LineString", "coordinates": [[7.8633, 59.37067], [7.86429, 59.37001]]}, "properties": {"P": 22.36, "tau": 58.32, "tau_c": 91.18, "omega": 83.95, "M": 0.64, "D": 0.0, "R": 0.36, "sving": 0.18, "os": 0.59, "foss": 0.0, "juv": 0.0, "B": 0.66, "Q": 21.48, "w": 39.34, "h": 0.38, "S": 0.01567, "elv": "Sæbyggjeåi", "km": 1.7}}, {"type": "Feature", "geometry": {"type": "LineString", "coordinates": [[7.86429, 59.37001], [7.86594, 59.36972]]}, "properties": {"P": 38.76, "tau": 70.72, "tau_c": 101.94, "omega": 111.5, "M": 0.69, "D": 0.0, "R": 0.44, "sving": 0.29, "os": 0.37, "foss": 1.0, "juv": 0.0, "B": 0.66, "Q": 21.49, "w": 37.03, "h": 0.37, "S": 0.01959, "elv": "Sæbyggjeåi", "km": 1.8}}, {"type": "Feature", "geometry": {"type": "LineString", "coordinates": [[7.89157, 59.36373], [7.89309, 59.3641]]}, "properties": {"P": 13.69, "tau": 75.07, "tau_c": 248.75, "omega": 91.4, "M": 0.3, "D": 0.0, "R": 0.03, "sving": 0.32, "os": 0.0, "foss": 1.0, "juv": 0.0, "B": 0.41, "Q": 0.5, "w": 6.21, "h": 0.07, "S": 0.11663, "elv": "bekk", "km": 0.3}}, {"type": "Feature", "geometry": {"type": "LineString", "coordinates": [[7.96949, 59.40409], [7.97058, 59.4034]]}, "properties": {"P": 17.36, "tau": 43.76, "tau_c": 141.08, "omega": 44.71, "M": 0.31, "D": 0.13, "R": 0.03, "sving": 0.07, "os": 0.32, "foss": 0.51, "juv": 0.0, "B": 0.62, "Q": 1.04, "w": 8.54, "h": 0.12, "S": 0.03751, "elv": "Kistedalsbekken", "km": 4.0}}, {"type": "Feature", "geometry": {"type": "LineString", "coordinates": [[7.83776, 59.44], [7.83947, 59.44012]]}, "properties": {"P": 33.33, "tau": 91.82, "tau_c": 115.51, "omega": 164.91, "M": 0.79, "D": 0.01, "R": 0.57, "sving": 0.02, "os": 0.15, "foss": 1.0, "juv": 0.0, "B": 0.64, "Q": 21.68, "w": 32.44, "h": 0.37, "S": 0.02515, "elv": "Dalåi", "km": 0.0}}, {"type": "Feature", "geometry": {"type": "LineString", "coordinates": [[7.83947, 59.44012], [7.84121, 59.44024]]}, "properties": {"P": 31.95, "tau": 90.24, "tau_c": 117.11, "omega": 159.7, "M": 0.77, "D": 0.03, "R": 0.54, "sving": 0.14, "os": 0.24, "foss": 0.72, "juv": 0.0, "B": 0.64, "Q": 21.69, "w": 34.44, "h": 0.36, "S": 0.02585, "elv": "Dalåi", "km": 0.1}}, {"type": "Feature", "geometry": {"type": "LineString", "coordinates": [[7.84121, 59.44024], [7.84295, 59.44034]]}, "properties": {"P": 31.28, "tau": 87.16, "tau_c": 117.07, "omega": 150.95, "M": 0.74, "D": 0.05, "R": 0.51, "sving": 0.16, "os": 0.4, "foss": 0.51, "juv": 0.0, "B": 0.64, "Q": 21.96, "w": 36.87, "h": 0.34, "S": 0.02583, "elv": "Dalåi", "km": 0.2}}, {"type": "Feature", "geometry": {"type": "LineString", "coordinates": [[7.84295, 59.44034], [7.84468, 59.4402]]}, "properties": {"P": 29.7, "tau": 83.51, "tau_c": 116.76, "omega": 140.85, "M": 0.72, "D": 0.05, "R": 0.47, "sving": 0.01, "os": 0.66, "foss": 0.37, "juv": 0.0, "B": 0.65, "Q": 21.97, "w": 39.31, "h": 0.33, "S": 0.0257, "elv": "Dalåi", "km": 0.3}}, {"type": "Feature", "geometry": {"type": "LineString", "coordinates": [[7.84468, 59.4402], [7.84636, 59.43995]]}, "properties": {"P": 27.62, "tau": 77.98, "tau_c": 114.12, "omega": 126.71, "M": 0.68, "D": 0.03, "R": 0.42, "sving": 0.06, "os": 0.93, "foss": 0.0, "juv": 0.0, "B": 0.65, "Q": 21.97, "w": 41.76, "h": 0.32, "S": 0.02455, "elv": "Dalåi", "km": 0.4}}, {"type": "Feature", "geometry": {"type": "LineString", "coordinates": [[7.84636, 59.43995], [7.84809, 59.4401]]}, "properties": {"P": 24.43, "tau": 85.18, "tau_c": 121.61, "omega": 143.8, "M": 0.7, "D": 0.01, "R": 0.45, "sving": 0.21, "os": 0.56, "foss": 0.0, "juv": 0.0, "B": 0.65, "Q": 21.98, "w": 41.79, "h": 0.31, "S": 0.02787, "elv": "Dalåi", "km": 0.5}}, {"type": "Feature", "geometry": {"type": "LineString", "coordinates": [[7.84809, 59.4401], [7.84977, 59.44032]]}, "properties": {"P": 20.21, "tau": 81.39, "tau_c": 117.57, "omega": 134.78, "M": 0.69, "D": 0.0, "R": 0.44, "sving": 0.18, "os": 0.35, "foss": 0.0, "juv": 0.0, "B": 0.65, "Q": 22.04, "w": 41.79, "h": 0.32, "S": 0.02606, "elv": "Dalåi", "km": 0.6}}, {"type": "Feature", "geometry": {"type": "LineString", "coordinates": [[7.84977, 59.44032], [7.85139, 59.44068]]}, "properties": {"P": 32.51, "tau": 83.52, "tau_c": 119.0, "omega": 140.12, "M": 0.7, "D": 0.0, "R": 0.45, "sving": 0.05, "os": 0.22, "foss": 1.0, "juv": 0.0, "B": 0.66, "Q": 22.13, "w": 41.36, "h": 0.32, "S": 0.02669, "elv": "Dalåi", "km": 0.7}}, {"type": "Feature", "geometry": {"type": "LineString", "coordinates": [[7.85139, 59.44068], [7.85312, 59.44083]]}, "properties": {"P": 31.52, "tau": 86.46, "tau_c": 118.75, "omega": 148.39, "M": 0.73, "D": 0.0, "R": 0.48, "sving": 0.29, "os": 0.14, "foss": 0.72, "juv": 0.0, "B": 0.66, "Q": 22.15, "w": 38.92, "h": 0.33, "S": 0.02658, "elv": "Dalåi", "km": 0.8}}, {"type": "Feature", "geometry": {"type": "LineString", "coordinates": [[7.85312, 59.44083], [7.85487, 59.44086]]}, "properties": {"P": 35.53, "tau": 84.82, "tau_c": 113.83, "omega": 145.55, "M": 0.75, "D": 0.01, "R": 0.51, "sving": 0.25, "os": 0.08, "foss": 1.0, "juv": 0.0, "B": 0.66, "Q": 22.16, "w": 36.47, "h": 0.35, "S": 0.02442, "elv": "Dalåi", "km": 0.9}}, {"type": "Feature", "geometry": {"type": "LineString", "coordinates": [[7.85487, 59.44086], [7.85638, 59.44042]]}, "properties": {"P": 27.87, "tau": 83.25, "tau_c": 111.66, "omega": 141.92, "M": 0.75, "D": 0.02, "R": 0.51, "sving": 0.08, "os": 0.05, "foss": 0.72, "juv": 0.0, "B": 0.66, "Q": 22.16, "w": 36.0, "h": 0.36, "S": 0.0235, "elv": "Dalåi", "km": 1.0}}, {"type": "Feature", "geometry": {"type": "LineString", "coordinates": [[7.85638, 59.44042], [7.85805, 59.4402]]}, "properties": {"P": 25.27, "tau": 77.58, "tau_c": 103.47, "omega": 129.17, "M": 0.75, "D": 0.02, "R": 0.51, "sving": 0.16, "os": 0.0, "foss": 0.51, "juv": 0.0, "B": 0.67, "Q": 22.18, "w": 34.0, "h": 0.39, "S": 0.02018, "elv": "Dalåi", "km": 1.1}}, {"type": "Feature", "geometry": {"type": "LineString", "coordinates": [[7.85805, 59.4402], [7.8598, 59.44016]]}, "properties": {"P": 27.72, "tau": 83.84, "tau_c": 110.09, "omega": 144.14, "M": 0.76, "D": 0.0, "R": 0.53, "sving": 0.44, "os": 0.0, "foss": 0.37, "juv": 0.0, "B": 0.67, "Q": 22.19, "w": 34.49, "h": 0.37, "S": 0.02284, "elv": "Dalåi", "km": 1.2}}, {"type": "Feature", "geometry": {"type": "LineString", "coordinates": [[7.8598, 59.44016], [7.86134, 59.44055]]}, "properties": {"P": 16.67, "tau": 84.62, "tau_c": 114.13, "omega": 144.89, "M": 0.74, "D": -0.0, "R": 0.5, "sving": 0.18, "os": 0.0, "foss": 0.0, "juv": 0.0, "B": 0.67, "Q": 22.25, "w": 36.99, "h": 0.35, "S": 0.02455, "elv": "Dalåi", "km": 1.3}}, {"type": "Feature", "geometry": {"type": "LineString", "coordinates": [[7.86134, 59.44055], [7.86273, 59.44109]]}, "properties": {"P": 30.59, "tau": 85.07, "tau_c": 114.54, "omega": 145.98, "M": 0.74, "D": 0.01, "R": 0.5, "sving": 0.0, "os": 0.0, "foss": 1.0, "juv": 0.0, "B": 0.67, "Q": 22.26, "w": 36.99, "h": 0.35, "S": 0.02473, "elv": "Dalåi", "km": 1.4}}, {"type": "Feature", "geometry": {"type": "LineString", "coordinates": [[7.86273, 59.44109], [7.86443, 59.44129]]}, "properties": {"P": 34.48, "tau": 86.03, "tau_c": 109.78, "omega": 150.45, "M": 0.78, "D": 0.01, "R": 0.56, "sving": 0.14, "os": 0.0, "foss": 1.0, "juv": 0.0, "B": 0.68, "Q": 22.27, "w": 32.99, "h": 0.39, "S": 0.02271, "elv": "Dalåi", "km": 1.5}}, {"type": "Feature", "geometry": {"type": "LineString", "coordinates": [[7.86443, 59.44129], [7.86618, 59.44125]]}, "properties": {"P": 29.9, "tau": 78.36, "tau_c": 102.65, "omega": 131.58, "M": 0.76, "D": 0.01, "R": 0.53, "sving": 0.18, "os": 0.0, "foss": 0.72, "juv": 0.0, "B": 0.68, "Q": 22.28, "w": 32.99, "h": 0.4, "S": 0.01986, "elv": "Dalåi", "km": 1.6}}, {"type": "Feature", "geometry": {"type": "LineString", "coordinates": [[7.86618, 59.44125], [7.86793, 59.44131]]}, "properties": {"P": 25.99, "tau": 86.93, "tau_c": 106.8, "omega": 154.11, "M": 0.81, "D": 0.03, "R": 0.6, "sving": 0.01, "os": 0.0, "foss": 0.51, "juv": 0.0, "B": 0.68, "Q": 22.28, "w": 30.49, "h": 0.41, "S": 0.0215, "elv": "Dalåi", "km": 1.7}}, {"type": "Feature", "geometry": {"type": "LineString", "coordinates": [[7.86793, 59.44131], [7.86966, 59.44147]]}, "properties": {"P": 27.54, "tau": 82.86, "tau_c": 102.42, "omega": 144.14, "M": 0.81, "D": 0.1, "R": 0.59, "sving": 0.17, "os": 0.0, "foss": 0.37, "juv": 0.0, "B": 0.68, "Q": 22.29, "w": 30.0, "h": 0.43, "S": 0.01977, "elv": "Dalåi", "km": 1.8}}, {"type": "Feature", "geometry": {"type": "LineString", "coordinates": [[7.86966, 59.44147], [7.87137, 59.44169]]}, "properties": {"P": 20.14, "tau": 61.86, "tau_c": 85.44, "omega": 94.05, "M": 0.72, "D": 0.14, "R": 0.48, "sving": 0.22, "os": 0.0, "foss": 0.0, "juv": 0.0, "B": 0.68, "Q": 22.3, "w": 32.0, "h": 0.46, "S": 0.01376, "elv": "Dalåi", "km": 1.9}}, {"type": "Feature", "geometry": {"type": "LineString", "coordinates": [[7.87137, 59.44169], [7.87298, 59.44204]]}, "properties": {"P": 18.81, "tau": 53.7, "tau_c": 81.31, "omega": 75.76, "M": 0.66, "D": 0.11, "R": 0.39, "sving": 0.26, "os": 0.06, "foss": 0.0, "juv": 0.0, "B": 0.69, "Q": 22.31, "w": 36.0, "h": 0.44, "S": 0.01246, "elv": "Dalåi", "km": 2.0}}, {"type": "Feature", "geometry": {"type": "LineString", "coordinates": [[7.87298, 59.44204], [7.87438, 59.44259]]}, "properties": {"P": 15.63, "tau": 66.88, "tau_c": 97.8, "omega": 103.02, "M": 0.68, "D": 0.04, "R": 0.42, "sving": 0.07, "os": 0.1, "foss": 0.0, "juv": 0.0, "B": 0.69, "Q": 22.45, "w": 38.53, "h": 0.38, "S": 0.01803, "elv": "Dalåi", "km": 2.1}}, {"type": "Feature", "geometry": {"type": "LineString", "coordinates": [[7.87438, 59.44259], [7.87551, 59.44327]]}, "properties": {"P": 17.93, "tau": 73.87, "tau_c": 107.34, "omega": 118.06, "M": 0.69, "D": 0.0, "R": 0.43, "sving": 0.19, "os": 0.15, "foss": 0.0, "juv": 0.0, "B": 0.69, "Q": 22.46, "w": 40.53, "h": 0.35, "S": 0.02172, "elv": "Dalåi", "km": 2.2}}, {"type": "Feature", "geometry": {"type": "LineString", "coordinates": [[7.87551, 59.44327], [7.87698, 59.44361]]}, "properties": {"P": 35.83, "tau": 72.18, "tau_c": 106.32, "omega": 113.97, "M": 0.68, "D": 0.0, "R": 0.42, "sving": 0.19, "os": 0.23, "foss": 1.0, "juv": 0.0, "B": 0.69, "Q": 22.46, "w": 41.2, "h": 0.35, "S": 0.0213, "elv": "Dalåi", "km": 2.3}}, {"type": "Feature", "geometry": {"type": "LineString", "coordinates": [[7.87698, 59.44361], [7.87873, 59.44351]]}, "properties": {"P": 35.12, "tau": 70.32, "tau_c": 104.34, "omega": 109.8, "M": 0.67, "D": 0.0, "R": 0.41, "sving": 0.31, "os": 0.36, "foss": 0.72, "juv": 0.0, "B": 0.7, "Q": 22.47, "w": 41.2, "h": 0.35, "S": 0.02052, "elv": "Dalåi", "km": 2.4}}, {"type": "Feature", "geometry": {"type": "LineString", "coordinates": [[7.87873, 59.44351], [7.88044, 59.44365]]}, "properties": {"P": 35.17, "tau": 76.21, "tau_c": 109.85, "omega": 123.47, "M": 0.69, "D": 0.02, "R": 0.44, "sving": 0.21, "os": 0.58, "foss": 0.51, "juv": 0.0, "B": 0.7, "Q": 23.17, "w": 41.87, "h": 0.34, "S": 0.02274, "elv": "Dalåi", "km": 2.5}}, {"type": "Feature", "geometry": {"type": "LineString", "coordinates": [[7.88044, 59.44365], [7.8822, 59.4437]]}, "properties": {"P": 37.2, "tau": 74.39, "tau_c": 107.33, "omega": 119.45, "M": 0.69, "D": 0.05, "R": 0.44, "sving": 0.05, "os": 0.95, "foss": 0.37, "juv": 0.0, "B": 0.7, "Q": 23.18, "w": 41.34, "h": 0.35, "S": 0.02171, "elv": "Dalåi", "km": 2.6}}, {"type": "Feature", "geometry": {"type": "LineString", "coordinates": [[7.8822, 59.4437], [7.88394, 59.44358]]}, "properties": {"P": 26.15, "tau": 62.55, "tau_c": 95.44, "omega": 93.02, "M": 0.66, "D": 0.09, "R": 0.39, "sving": 0.13, "os": 0.64, "foss": 0.0, "juv": 0.0, "B": 0.7, "Q": 23.22, "w": 42.04, "h": 0.37, "S": 0.01717, "elv": "Dalåi", "km": 2.7}}, {"type": "Feature", "geometry": {"type": "LineString", "coordinates": [[7.88394, 59.44358], [7.8857, 59.4436]]}, "properties": {"P": 22.43, "tau": 58.94, "tau_c": 91.49, "omega": 85.42, "M": 0.64, "D": 0.08, "R": 0.37, "sving": 0.19, "os": 0.39, "foss": 0.0, "juv": 0.0, "B": 0.71, "Q": 23.22, "w": 42.07, "h": 0.38, "S": 0.01578, "elv": "Dalåi", "km": 2.8}}, {"type": "Feature", "geometry": {"type": "LineString", "coordinates": [[7.8857, 59.4436], [7.88721, 59.44402]]}, "properties": {"P": 17.71, "tau": 61.49, "tau_c": 94.76, "omega": 90.64, "M": 0.65, "D": 0.06, "R": 0.38, "sving": 0.09, "os": 0.24, "foss": 0.0, "juv": 0.0, "B": 0.71, "Q": 23.35, "w": 42.78, "h": 0.37, "S": 0.01693, "elv": "Dalåi", "km": 2.9}}, {"type": "Feature", "geometry": {"type": "LineString", "coordinates": [[7.88721, 59.44402], [7.88868, 59.44449]]}, "properties": {"P": 17.9, "tau": 59.42, "tau_c": 92.48, "omega": 86.3, "M": 0.64, "D": 0.04, "R": 0.37, "sving": 0.21, "os": 0.15, "foss": 0.0, "juv": 0.0, "B": 0.71, "Q": 23.37, "w": 42.81, "h": 0.38, "S": 0.01612, "elv": "Dalåi", "km": 3.0}}, {"type": "Feature", "geometry": {"type": "LineString", "coordinates": [[7.88868, 59.44449], [7.89039, 59.44457]]}, "properties": {"P": 19.72, "tau": 53.42, "tau_c": 86.26, "omega": 73.95, "M": 0.62, "D": 0.03, "R": 0.34, "sving": 0.31, "os": 0.22, "foss": 0.0, "juv": 0.0, "B": 0.71, "Q": 23.39, "w": 43.52, "h": 0.39, "S": 0.01402, "elv": "Dalåi", "km": 3.1}}, {"type": "Feature", "geometry": {"type": "LineString", "coordinates": [[7.89039, 59.44457], [7.89186, 59.44411]]}, "properties": {"P": 18.36, "tau": 55.32, "tau_c": 88.46, "omega": 77.75, "M": 0.63, "D": 0.02, "R": 0.35, "sving": 0.11, "os": 0.34, "foss": 0.0, "juv": 0.0, "B": 0.71, "Q": 23.39, "w": 43.53, "h": 0.38, "S": 0.01475, "elv": "Dalåi", "km": 3.2}}, {"type": "Feature", "geometry": {"type": "LineString", "coordinates": [[7.89186, 59.44411], [7.8934, 59.44384]]}, "properties": {"P": 21.17, "tau": 62.26, "tau_c": 96.26, "omega": 92.08, "M": 0.65, "D": 0.01, "R": 0.37, "sving": 0.03, "os": 0.55, "foss": 0.0, "juv": 0.0, "B": 0.71, "Q": 23.4, "w": 43.54, "h": 0.36, "S": 0.01746, "elv": "Dalåi", "km": 3.3}}, {"type": "Feature", "geometry": {"type": "LineString", "coordinates": [[7.8934, 59.44384], [7.89509, 59.44407]]}, "properties": {"P": 27.27, "tau": 59.85, "tau_c": 93.58, "omega": 87.03, "M": 0.64, "D": 0.02, "R": 0.36, "sving": 0.04, "os": 0.87, "foss": 0.0, "juv": 0.0, "B": 0.72, "Q": 23.41, "w": 43.55, "h": 0.37, "S": 0.01651, "elv": "Dalåi", "km": 3.4}}, {"type": "Feature", "geometry": {"type": "LineString", "coordinates": [[7.89509, 59.44407], [7.89681, 59.44408]]}, "properties": {"P": 25.24, "tau": 53.08, "tau_c": 85.83, "omega": 73.27, "M": 0.62, "D": 0.03, "R": 0.34, "sving": 0.15, "os": 0.69, "foss": 0.0, "juv": 0.0, "B": 0.72, "Q": 23.44, "w": 43.57, "h": 0.39, "S": 0.01388, "elv": "Dalåi", "km": 3.5}}, {"type": "Feature", "geometry": {"type": "LineString", "coordinates": [[7.89681, 59.44408], [7.89841, 59.4437]]}, "properties": {"P": 19.67, "tau": 55.36, "tau_c": 88.46, "omega": 77.83, "M": 0.63, "D": 0.02, "R": 0.35, "sving": 0.08, "os": 0.43, "foss": 0.0, "juv": 0.0, "B": 0.72, "Q": 23.45, "w": 43.59, "h": 0.38, "S": 0.01475, "elv": "Dalåi", "km": 3.6}}, {"type": "Feature", "geometry": {"type": "LineString", "coordinates": [[7.89841, 59.4437], [7.90007, 59.44376]]}, "properties": {"P": 22.01, "tau": 58.79, "tau_c": 92.34, "omega": 84.84, "M": 0.64, "D": 0.0, "R": 0.36, "sving": 0.12, "os": 0.52, "foss": 0.0, "juv": 0.0, "B": 0.72, "Q": 23.48, "w": 43.62, "h": 0.37, "S": 0.01607, "elv": "Dalåi", "km": 3.7}}, {"type": "Feature", "geometry": {"type": "LineString", "coordinates": [[7.90007, 59.44376], [7.90175, 59.4438]]}, "properties": {"P": 26.84, "tau": 58.35, "tau_c": 91.13, "omega": 84.12, "M": 0.64, "D": 0.01, "R": 0.37, "sving": 0.07, "os": 0.83, "foss": 0.0, "juv": 0.0, "B": 0.72, "Q": 23.51, "w": 42.91, "h": 0.38, "S": 0.01565, "elv": "Dalåi", "km": 3.8}}, {"type": "Feature", "geometry": {"type": "LineString", "coordinates": [[7.90175, 59.4438], [7.90343, 59.44352]]}, "properties": {"P": 26.03, "tau": 55.55, "tau_c": 87.17, "omega": 78.61, "M": 0.64, "D": 0.01, "R": 0.36, "sving": 0.12, "os": 0.74, "foss": 0.0, "juv": 0.0, "B": 0.73, "Q": 23.61, "w": 42.19, "h": 0.4, "S": 0.01432, "elv": "Dalåi", "km": 3.9}}, {"type": "Feature", "geometry": {"type": "LineString", "coordinates": [[7.90343, 59.44352], [7.90513, 59.4433]]}, "properties": {"P": 28.05, "tau": 55.95, "tau_c": 86.74, "omega": 79.65, "M": 0.65, "D": 0.01, "R": 0.37, "sving": 0.05, "os": 0.9, "foss": 0.0, "juv": 0.0, "B": 0.73, "Q": 23.74, "w": 41.47, "h": 0.4, "S": 0.01418, "elv": "Dalåi", "km": 4.0}}, {"type": "Feature", "geometry": {"type": "LineString", "coordinates": [[7.90513, 59.4433], [7.90684, 59.44309]]}, "properties": {"P": 27.37, "tau": 57.59, "tau_c": 85.94, "omega": 83.71, "M": 0.67, "D": 0.01, "R": 0.41, "sving": 0.21, "os": 0.64, "foss": 0.0, "juv": 0.0, "B": 0.73, "Q": 23.75, "w": 38.75, "h": 0.42, "S": 0.01392, "elv": "Dalåi", "km": 4.1}}, {"type": "Feature", "geometry": {"type": "LineString", "coordinates": [[7.90684, 59.44309], [7.90859, 59.44301]]}, "properties": {"P": 22.7, "tau": 54.17, "tau_c": 82.26, "omega": 76.66, "M": 0.66, "D": 0.03, "R": 0.39, "sving": 0.19, "os": 0.39, "foss": 0.0, "juv": 0.0, "B": 0.73, "Q": 23.76, "w": 38.78, "h": 0.43, "S": 0.01275, "elv": "Dalåi", "km": 4.2}}, {"type": "Feature", "geometry": {"type": "LineString", "coordinates": [[7.90859, 59.44301], [7.91029, 59.44322]]}, "properties": {"P": 21.24, "tau": 53.13, "tau_c": 81.81, "omega": 74.39, "M": 0.65, "D": 0.03, "R": 0.38, "sving": 0.28, "os": 0.24, "foss": 0.0, "juv": 0.0, "B": 0.73, "Q": 23.78, "w": 39.57, "h": 0.43, "S": 0.01262, "elv": "Dalåi", "km": 4.3}}, {"type": "Feature", "geometry": {"type": "LineString", "coordinates": [[7.91029, 59.44322], [7.91198, 59.44346]]}, "properties": {"P": 15.27, "tau": 52.0, "tau_c": 81.22, "omega": 71.97, "M": 0.64, "D": 0.03, "R": 0.37, "sving": 0.06, "os": 0.15, "foss": 0.0, "juv": 0.0, "B": 0.73, "Q": 23.81, "w": 40.35, "h": 0.43, "S": 0.01243, "elv": "Dalåi", "km": 4.4}}, {"type": "Feature", "geometry": {"type": "LineString", "coordinates": [[7.91198, 59.44346], [7.91351, 59.44389]]}, "properties": {"P": 13.16, "tau": 52.6, "tau_c": 82.59, "omega": 73.0, "M": 0.64, "D": 0.01, "R": 0.36, "sving": 0.02, "os": 0.09, "foss": 0.0, "juv": 0.0, "B": 0.74, "Q": 23.81, "w": 41.14, "h": 0.42, "S": 0.01286, "elv": "Dalåi", "km": 4.5}}, {"type": "Feature", "geometry": {"type": "LineString", "coordinates": [[7.91351, 59.44389], [7.91527, 59.44395]]}, "properties": {"P": 13.71, "tau": 51.2, "tau_c": 80.99, "omega": 70.24, "M": 0.63, "D": 0.01, "R": 0.35, "sving": 0.07, "os": 0.09, "foss": 0.0, "juv": 0.0, "B": 0.74, "Q": 23.83, "w": 41.14, "h": 0.42, "S": 0.01236, "elv": "Dalåi", "km": 4.6}}, {"type": "Feature", "geometry": {"type": "LineString", "coordinates": [[7.91527, 59.44395], [7.917, 59.44411]]}, "properties": {"P": 17.39, "tau": 53.39, "tau_c": 82.75, "omega": 74.75, "M": 0.65, "D": 0.0, "R": 0.37, "sving": 0.19, "os": 0.15, "foss": 0.0, "juv": 0.0, "B": 0.74, "Q": 23.83, "w": 40.36, "h": 0.42, "S": 0.0129, "elv": "Dalåi", "km": 4.7}}, {"type": "Feature", "geometry": {"type": "LineString", "coordinates": [[7.917, 59.44411], [7.91874, 59.44418]]}, "properties": {"P": 16.59, "tau": 53.17, "tau_c": 81.79, "omega": 74.49, "M": 0.65, "D": 0.0, "R": 0.38, "sving": 0.03, "os": 0.25, "foss": 0.0, "juv": 0.0, "B": 0.74, "Q": 23.83, "w": 39.57, "h": 0.43, "S": 0.01261, "elv": "Dalåi", "km": 4.8}}, {"type": "Feature", "geometry": {"type": "LineString", "coordinates": [[7.91874, 59.44418], [7.9205, 59.44419]]}, "properties": {"P": 20.05, "tau": 50.59, "tau_c": 78.22, "omega": 69.53, "M": 0.65, "D": 0.02, "R": 0.37, "sving": 0.04, "os": 0.41, "foss": 0.0, "juv": 0.0, "B": 0.74, "Q": 23.84, "w": 38.79, "h": 0.45, "S": 0.01153, "elv": "Dalåi", "km": 4.9}}, {"type": "Feature", "geometry": {"type": "LineString", "coordinates": [[7.9205, 59.44419], [7.92226, 59.44417]]}, "properties": {"P": 25.41, "tau": 52.1, "tau_c": 79.82, "omega": 72.55, "M": 0.65, "D": 0.02, "R": 0.38, "sving": 0.06, "os": 0.67, "foss": 0.0, "juv": 0.0, "B": 0.74, "Q": 23.9, "w": 38.8, "h": 0.44, "S": 0.01201, "elv": "Dalåi", "km": 5.0}}, {"type": "Feature", "geometry": {"type": "LineString", "coordinates": [[7.92226, 59.44417], [7.92402, 59.44423]]}, "properties": {"P": 29.8, "tau": 46.57, "tau_c": 73.63, "omega": 61.76, "M": 0.63, "D": 0.02, "R": 0.35, "sving": 0.11, "os": 0.9, "foss": 0.0, "juv": 0.0, "B": 0.75, "Q": 23.91, "w": 38.8, "h": 0.46, "S": 0.01022, "elv": "Dalåi", "km": 5.1}}, {"type": "Feature", "geometry": {"type": "LineString", "coordinates": [[7.92402, 59.44423], [7.92573, 59.44444]]}, "properties": {"P": 23.56, "tau": 52.2, "tau_c": 80.63, "omega": 72.57, "M": 0.65, "D": 0.0, "R": 0.38, "sving": 0.11, "os": 0.55, "foss": 0.0, "juv": 0.0, "B": 0.75, "Q": 23.91, "w": 39.61, "h": 0.43, "S": 0.01225, "elv": "Dalåi", "km": 5.2}}, {"type": "Feature", "geometry": {"type": "LineString", "coordinates": [[7.92573, 59.44444], [7.92741, 59.4447]]}, "properties": {"P": 24.35, "tau": 51.06, "tau_c": 79.33, "omega": 70.33, "M": 0.64, "D": 0.0, "R": 0.37, "sving": 0.04, "os": 0.67, "foss": 0.0, "juv": 0.0, "B": 0.75, "Q": 23.95, "w": 39.61, "h": 0.44, "S": 0.01186, "elv": "Dalåi", "km": 5.3}}, {"type": "Feature", "geometry": {"type": "LineString", "coordinates": [[7.92741, 59.4447], [7.9291, 59.44494]]}, "properties": {"P": 29.46, "tau": 54.74, "tau_c": 83.37, "omega": 77.7, "M": 0.66, "D": 0.0, "R": 0.39, "sving": 0.05, "os": 0.91, "foss": 0.0, "juv": 0.0, "B": 0.75, "Q": 23.95, "w": 39.61, "h": 0.43, "S": 0.0131, "elv": "Dalåi", "km": 5.4}}, {"type": "Feature", "geometry": {"type": "LineString", "coordinates": [[7.9291, 59.44494], [7.93083, 59.4451]]}, "properties": {"P": 25.33, "tau": 62.09, "tau_c": 90.42, "omega": 93.33, "M": 0.69, "D": 0.0, "R": 0.43, "sving": 0.11, "os": 0.55, "foss": 0.0, "juv": 0.0, "B": 0.75, "Q": 23.96, "w": 38.81, "h": 0.41, "S": 0.01541, "elv": "Dalåi", "km": 5.5}}, {"type": "Feature", "geometry": {"type": "LineString", "coordinates": [[7.93083, 59.4451], [7.93258, 59.44519]]}, "properties": {"P": 23.18, "tau": 63.91, "tau_c": 89.36, "omega": 98.17, "M": 0.72, "D": 0.0, "R": 0.47, "sving": 0.14, "os": 0.34, "foss": 0.0, "juv": 0.0, "B": 0.75, "Q": 24.47, "w": 36.81, "h": 0.43, "S": 0.01505, "elv": "Dalåi", "km": 5.6}}, {"type": "Feature", "geometry": {"type": "LineString", "coordinates": [[7.93258, 59.44519], [7.93434, 59.44518]]}, "properties": {"P": 20.88, "tau": 67.42, "tau_c": 89.58, "omega": 107.01, "M": 0.75, "D": 0.0, "R": 0.52, "sving": 0.06, "os": 0.2, "foss": 0.0, "juv": 0.0, "B": 0.76, "Q": 24.52, "w": 34.0, "h": 0.45, "S": 0.01512, "elv": "Dalåi", "km": 5.7}}, {"type": "Feature", "geometry": {"type": "LineString", "coordinates": [[7.93434, 59.44518], [7.93609, 59.44509]]}, "properties": {"P": 18.78, "tau": 68.32, "tau_c": 90.43, "omega": 109.06, "M": 0.76, "D": 0.0, "R": 0.52, "sving": 0.02, "os": 0.12, "foss": 0.0, "juv": 0.0, "B": 0.76, "Q": 24.53, "w": 34.0, "h": 0.45, "S": 0.01541, "elv": "Dalåi", "km": 5.8}}, {"type": "Feature", "geometry": {"type": "LineString", "coordinates": [[7.93609, 59.44509], [7.93785, 59.44509]]}, "properties": {"P": 20.8, "tau": 75.29, "tau_c": 94.38, "omega": 126.26, "M": 0.8, "D": 0.0, "R": 0.57, "sving": 0.08, "os": 0.08, "foss": 0.0, "juv": 0.0, "B": 0.76, "Q": 24.53, "w": 32.0, "h": 0.46, "S": 0.01679, "elv": "Dalåi", "km": 5.9}}, {"type": "Feature", "geometry": {"type": "LineString", "coordinates": [[7.93785, 59.44509], [7.93959, 59.44523]]}, "properties": {"P": 23.74, "tau": 72.38, "tau_c": 89.14, "omega": 120.16, "M": 0.81, "D": 0.04, "R": 0.59, "sving": 0.24, "os": 0.0, "foss": 0.0, "juv": 0.0, "B": 0.76, "Q": 24.54, "w": 30.0, "h": 0.49, "S": 0.01498, "elv": "Dalåi", "km": 6.0}}, {"type": "Feature", "geometry": {"type": "LineString", "coordinates": [[7.93959, 59.44523], [7.94131, 59.44542]]}, "properties": {"P": 22.7, "tau": 66.42, "tau_c": 89.62, "omega": 104.43, "M": 0.74, "D": 0.08, "R": 0.5, "sving": 0.27, "os": 0.0, "foss": 0.0, "juv": 0.0, "B": 0.76, "Q": 24.56, "w": 34.93, "h": 0.45, "S": 0.01514, "elv": "Dalåi", "km": 6.1}}, {"type": "Feature", "geometry": {"type": "LineString", "coordinates": [[7.94131, 59.44542], [7.94279, 59.44585]]}, "properties": {"P": 19.21, "tau": 59.36, "tau_c": 82.64, "omega": 88.88, "M": 0.72, "D": 0.08, "R": 0.47, "sving": 0.14, "os": 0.0, "foss": 0.0, "juv": 0.0, "B": 0.76, "Q": 24.58, "w": 34.93, "h": 0.47, "S": 0.01287, "elv": "Dalåi", "km": 6.2}}, {"type": "Feature", "geometry": {"type": "LineString", "coordinates": [[7.94279, 59.44585], [7.94407, 59.44644]]}, "properties": {"P": 17.37, "tau": 54.86, "tau_c": 79.01, "omega": 79.15, "M": 0.69, "D": 0.04, "R": 0.44, "sving": 0.14, "os": 0.0, "foss": 0.0, "juv": 0.0, "B": 0.76, "Q": 24.59, "w": 35.85, "h": 0.48, "S": 0.01176, "elv": "Dalåi", "km": 6.3}}, {"type": "Feature", "geometry": {"type": "LineString", "coordinates": [[7.94407, 59.44644], [7.94559, 59.44689]]}, "properties": {"P": 27.82, "tau": 112.13, "tau_c": 136.5, "omega": 218.5, "M": 0.82, "D": 0.0, "R": 0.6, "sving": 0.48, "os": 0.0, "foss": 0.0, "juv": 0.0, "B": 0.77, "Q": 24.59, "w": 38.78, "h": 0.33, "S": 0.03512, "elv": "Dalåi", "km": 6.4}}, {"type": "Feature", "geometry": {"type": "LineString", "coordinates": [[7.94559, 59.44689], [7.94706, 59.44738]]}, "properties": {"P": 31.63, "tau": 116.34, "tau_c": 133.62, "omega": 233.47, "M": 0.87, "D": 0.0, "R": 0.66, "sving": 0.54, "os": 0.0, "foss": 0.0, "juv": 0.07, "B": 0.77, "Q": 24.6, "w": 34.78, "h": 0.35, "S": 0.03365, "elv": "Dalåi", "km": 6.5}}, {"type": "Feature", "geometry": {"type": "LineString", "coordinates": [[7.94706, 59.44738], [7.94675, 59.44806]]}, "properties": {"P": 50.04, "tau": 129.18, "tau_c": 134.67, "omega": 276.27, "M": 0.96, "D": 0.0, "R": 0.76, "sving": 0.29, "os": 0.07, "foss": 1.0, "juv": 0.07, "B": 0.77, "Q": 24.6, "w": 29.85, "h": 0.39, "S": 0.03418, "elv": "Dalåi", "km": 6.6}}, {"type": "Feature", "geometry": {"type": "LineString", "coordinates": [[7.94675, 59.44806], [7.94578, 59.44878]]}, "properties": {"P": 40.95, "tau": 129.56, "tau_c": 134.86, "omega": 277.48, "M": 0.96, "D": 0.0, "R": 0.76, "sving": 0.06, "os": 0.09, "foss": 0.72, "juv": 0.07, "B": 0.77, "Q": 24.63, "w": 29.85, "h": 0.39, "S": 0.03428, "elv": "Dalåi", "km": 6.7}}, {"type": "Feature", "geometry": {"type": "LineString", "coordinates": [[7.94578, 59.44878], [7.9462, 59.44957]]}, "properties": {"P": 49.73, "tau": 139.03, "tau_c": 139.82, "omega": 308.23, "M": 0.99, "D": 0.06, "R": 0.79, "sving": 0.58, "os": 0.11, "foss": 0.51, "juv": 0.07, "B": 0.77, "Q": 24.67, "w": 28.93, "h": 0.38, "S": 0.03685, "elv": "Dalåi", "km": 6.8}}, {"type": "Feature", "geometry": {"type": "LineString", "coordinates": [[7.9462, 59.44957], [7.9478, 59.44993]]}, "properties": {"P": 56.4, "tau": 152.74, "tau_c": 147.42, "omega": 354.07, "M": 1.04, "D": 0.16, "R": 0.83, "sving": 0.82, "os": 0.16, "foss": 0.37, "juv": 0.07, "B": 0.77, "Q": 24.67, "w": 28.0, "h": 0.38, "S": 0.04096, "elv": "Dalåi", "km": 6.9}}, {"type": "Feature", "geometry": {"type": "LineString", "coordinates": [[7.9478, 59.44993], [7.9495, 59.45016]]}, "properties": {"P": 42.71, "tau": 69.15, "tau_c": 90.97, "omega": 111.06, "M": 0.76, "D": 0.35, "R": 0.53, "sving": 0.25, "os": 0.25, "foss": 0.41, "juv": 0.0, "B": 0.77, "Q": 24.68, "w": 34.0, "h": 0.45, "S": 0.0156, "elv": "Dalåi", "km": 7.0}}, {"type": "Feature", "geometry": {"type": "LineString", "coordinates": [[7.9495, 59.45016], [7.95125, 59.45015]]}, "properties": {"P": 33.28, "tau": 52.01, "tau_c": 95.15, "omega": 68.78, "M": 0.55, "D": 0.29, "R": 0.24, "sving": 0.09, "os": 0.36, "foss": 0.52, "juv": 0.0, "B": 0.77, "Q": 24.68, "w": 60.07, "h": 0.31, "S": 0.01707, "elv": "Dalåi", "km": 7.1}}, {"type": "Feature", "geometry": {"type": "LineString", "coordinates": [[7.95125, 59.45015], [7.95259, 59.45067]]}, "properties": {"P": 29.67, "tau": 45.05, "tau_c": 99.33, "omega": 53.53, "M": 0.45, "D": 0.19, "R": 0.14, "sving": 0.19, "os": 0.36, "foss": 0.53, "juv": 0.0, "B": 0.78, "Q": 24.69, "w": 84.14, "h": 0.25, "S": 0.0186, "elv": "Dalåi", "km": 7.2}}, {"type": "Feature", "geometry": {"type": "LineString", "coordinates": [[7.89971, 59.44285], [7.90137, 59.44303]]}, "properties": {"P": 58.53, "tau": 514.08, "tau_c": 362.82, "omega": 1998.54, "M": 1.42, "D": -0.0, "R": 1.0, "sving": 0.67, "os": 0.52, "foss": 0.72, "juv": 0.0, "B": 0.67, "Q": 23.51, "w": 28.63, "h": 0.21, "S": 0.24811, "elv": "bekk", "km": 1.5}}, {"type": "Feature", "geometry": {"type": "LineString", "coordinates": [[7.90137, 59.44303], [7.90307, 59.44297]]}, "properties": {"P": 56.73, "tau": 370.88, "tau_c": 318.04, "omega": 1214.88, "M": 1.17, "D": 0.11, "R": 0.92, "sving": 0.67, "os": 0.59, "foss": 0.51, "juv": 0.0, "B": 0.67, "Q": 23.51, "w": 36.2, "h": 0.2, "S": 0.19065, "elv": "bekk", "km": 1.6}}, {"type": "Feature", "geometry": {"type": "LineString", "coordinates": [[7.92776, 59.42838], [7.92877, 59.42911]]}, "properties": {"P": 17.66, "tau": 66.25, "tau_c": 206.8, "omega": 78.94, "M": 0.32, "D": -0.0, "R": 0.04, "sving": 0.0, "os": 0.0, "foss": 1.0, "juv": 0.0, "B": 0.68, "Q": 0.81, "w": 8.09, "h": 0.08, "S": 0.08061, "elv": "Heibøåi", "km": 2.7}}, {"type": "Feature", "geometry": {"type": "LineString", "coordinates": [[7.92877, 59.42911], [7.93003, 59.42972]]}, "properties": {"P": 19.07, "tau": 73.24, "tau_c": 222.12, "omega": 91.16, "M": 0.33, "D": -0.0, "R": 0.04, "sving": 0.08, "os": 0.0, "foss": 1.0, "juv": 0.0, "B": 0.68, "Q": 0.81, "w": 8.11, "h": 0.08, "S": 0.09299, "elv": "Heibøåi", "km": 2.8}}, {"type": "Feature", "geometry": {"type": "LineString", "coordinates": [[7.93003, 59.42972], [7.93164, 59.43]]}, "properties": {"P": 20.31, "tau": 78.84, "tau_c": 233.39, "omega": 101.43, "M": 0.34, "D": -0.0, "R": 0.05, "sving": 0.14, "os": 0.0, "foss": 1.0, "juv": 0.0, "B": 0.68, "Q": 0.82, "w": 8.13, "h": 0.08, "S": 0.10267, "elv": "Heibøåi", "km": 2.9}}, {"type": "Feature", "geometry": {"type": "LineString", "coordinates": [[7.93164, 59.43], [7.93313, 59.43047]]}, "properties": {"P": 20.34, "tau": 85.67, "tau_c": 247.77, "omega": 114.25, "M": 0.35, "D": -0.0, "R": 0.05, "sving": 0.14, "os": 0.0, "foss": 1.0, "juv": 0.0, "B": 0.68, "Q": 0.82, "w": 8.16, "h": 0.08, "S": 0.11571, "elv": "Heibøåi", "km": 3.0}}, {"type": "Feature", "geometry": {"type": "LineString", "coordinates": [[7.93313, 59.43047], [7.93459, 59.43095]]}, "properties": {"P": 18.79, "tau": 86.06, "tau_c": 248.47, "omega": 115.01, "M": 0.35, "D": -0.0, "R": 0.05, "sving": 0.04, "os": 0.0, "foss": 1.0, "juv": 0.0, "B": 0.68, "Q": 0.82, "w": 8.19, "h": 0.08, "S": 0.11636, "elv": "Heibøåi", "km": 3.1}}, {"type": "Feature", "geometry": {"type": "LineString", "coordinates": [[7.93459, 59.43095], [7.93621, 59.43129]]}, "properties": {"P": 19.71, "tau": 93.42, "tau_c": 262.65, "omega": 129.51, "M": 0.36, "D": 0.0, "R": 0.06, "sving": 0.08, "os": 0.0, "foss": 1.0, "juv": 0.0, "B": 0.68, "Q": 0.83, "w": 8.21, "h": 0.07, "S": 0.13003, "elv": "Heibøåi", "km": 3.2}}, {"type": "Feature", "geometry": {"type": "LineString", "coordinates": [[7.93621, 59.43129], [7.93777, 59.43167]]}, "properties": {"P": 20.43, "tau": 86.81, "tau_c": 249.25, "omega": 116.57, "M": 0.35, "D": 0.04, "R": 0.05, "sving": 0.02, "os": 0.07, "foss": 1.0, "juv": 0.0, "B": 0.68, "Q": 0.84, "w": 8.25, "h": 0.08, "S": 0.1171, "elv": "Heibøåi", "km": 3.3}}, {"type": "Feature", "geometry": {"type": "LineString", "coordinates": [[7.93777, 59.43167], [7.93897, 59.43226]]}, "properties": {"P": 23.47, "tau": 83.58, "tau_c": 241.82, "omega": 110.52, "M": 0.35, "D": 0.08, "R": 0.05, "sving": 0.09, "os": 0.12, "foss": 1.0, "juv": 0.0, "B": 0.68, "Q": 0.85, "w": 8.28, "h": 0.08, "S": 0.11022, "elv": "Heibøåi", "km": 3.4}}, {"type": "Feature", "geometry": {"type": "LineString", "coordinates": [[7.93897, 59.43226], [7.94038, 59.43277]]}, "properties": {"P": 27.67, "tau": 74.98, "tau_c": 223.26, "omega": 94.67, "M": 0.34, "D": 0.14, "R": 0.04, "sving": 0.2, "os": 0.19, "foss": 1.0, "juv": 0.0, "B": 0.68, "Q": 0.86, "w": 8.33, "h": 0.08, "S": 0.09395, "elv": "Heibøåi", "km": 3.5}}, {"type": "Feature", "geometry": {"type": "LineString", "coordinates": [[7.94038, 59.43277], [7.94206, 59.4329]]}, "properties": {"P": 28.99, "tau": 61.23, "tau_c": 194.62, "omega": 70.66, "M": 0.31, "D": 0.14, "R": 0.03, "sving": 0.18, "os": 0.3, "foss": 1.0, "juv": 0.0, "B": 0.69, "Q": 0.86, "w": 8.52, "h": 0.09, "S": 0.07139, "elv": "Heibøåi", "km": 3.6}}, {"type": "Feature", "geometry": {"type": "LineString", "coordinates": [[7.94206, 59.4329], [7.94284, 59.43349]]}, "properties": {"P": 32.06, "tau": 52.67, "tau_c": 173.83, "omega": 57.04, "M": 0.3, "D": 0.1, "R": 0.03, "sving": 0.53, "os": 0.48, "foss": 0.72, "juv": 0.0, "B": 0.69, "Q": 0.89, "w": 8.69, "h": 0.09, "S": 0.05695, "elv": "Heibøåi", "km": 3.7}}, {"type": "Feature", "geometry": {"type": "LineString", "coordinates": [[7.94284, 59.43349], [7.94437, 59.43372]]}, "properties": {"P": 31.03, "tau": 62.2, "tau_c": 184.74, "omega": 73.72, "M": 0.34, "D": 0.03, "R": 0.05, "sving": 0.5, "os": 0.67, "foss": 0.51, "juv": 0.0, "B": 0.7, "Q": 1.04, "w": 8.86, "h": 0.1, "S": 0.06433, "elv": "Heibøåi", "km": 3.8}}, {"type": "Feature", "geometry": {"type": "LineString", "coordinates": [[7.94437, 59.43372], [7.94367, 59.43446]]}, "properties": {"P": 25.28, "tau": 107.7, "tau_c": 276.06, "omega": 161.55, "M": 0.39, "D": -0.0, "R": 0.08, "sving": 0.04, "os": 0.92, "foss": 0.37, "juv": 0.0, "B": 0.7, "Q": 1.04, "w": 9.03, "h": 0.08, "S": 0.14364, "elv": "Heibøåi", "km": 3.9}}, {"type": "Feature", "geometry": {"type": "LineString", "coordinates": [[7.94367, 59.43446], [7.9438, 59.43531]]}, "properties": {"P": 41.66, "tau": 161.93, "tau_c": 364.2, "omega": 289.2, "M": 0.44, "D": -0.0, "R": 0.13, "sving": 0.6, "os": 0.6, "foss": 1.0, "juv": 0.0, "B": 0.7, "Q": 1.04, "w": 9.18, "h": 0.06, "S": 0.26085, "elv": "Heibøåi", "km": 4.0}}, {"type": "Feature", "geometry": {"type": "LineString", "coordinates": [[7.9438, 59.43531], [7.94456, 59.43607]]}, "properties": {"P": 33.16, "tau": 194.5, "tau_c": 364.2, "omega": 376.02, "M": 0.53, "D": -0.0, "R": 0.23, "sving": 0.16, "os": 0.38, "foss": 1.0, "juv": 0.0, "B": 0.71, "Q": 1.04, "w": 9.2, "h": 0.06, "S": 0.33893, "elv": "Heibøåi", "km": 4.1}}, {"type": "Feature", "geometry": {"type": "LineString", "coordinates": [[7.94456, 59.43607], [7.94399, 59.4369]]}, "properties": {"P": 31.51, "tau": 227.19, "tau_c": 364.2, "omega": 470.38, "M": 0.62, "D": -0.0, "R": 0.34, "sving": 0.0, "os": 0.25, "foss": 1.0, "juv": 0.0, "B": 0.71, "Q": 1.06, "w": 9.23, "h": 0.06, "S": 0.41934, "elv": "Heibøåi", "km": 4.2}}, {"type": "Feature", "geometry": {"type": "LineString", "coordinates": [[7.94399, 59.4369], [7.94396, 59.43775]]}, "properties": {"P": 33.75, "tau": 245.92, "tau_c": 364.2, "omega": 526.87, "M": 0.68, "D": 0.01, "R": 0.41, "sving": 0.01, "os": 0.24, "foss": 1.0, "juv": 0.0, "B": 0.71, "Q": 1.06, "w": 9.26, "h": 0.05, "S": 0.46966, "elv": "Heibøåi", "km": 4.3}}, {"type": "Feature", "geometry": {"type": "LineString", "coordinates": [[7.94396, 59.43775], [7.9441, 59.43864]]}, "properties": {"P": 48.43, "tau": 244.25, "tau_c": 364.2, "omega": 521.28, "M": 0.67, "D": 0.04, "R": 0.41, "sving": 0.68, "os": 0.38, "foss": 1.0, "juv": 0.0, "B": 0.71, "Q": 1.07, "w": 9.4, "h": 0.05, "S": 0.46817, "elv": "Heibøåi", "km": 4.4}}, {"type": "Feature", "geometry": {"type": "LineString", "coordinates": [[7.9441, 59.43864], [7.94484, 59.43943]]}, "properties": {"P": 48.18, "tau": 215.81, "tau_c": 364.2, "omega": 435.88, "M": 0.59, "D": 0.09, "R": 0.3, "sving": 0.55, "os": 0.62, "foss": 1.0, "juv": 0.0, "B": 0.71, "Q": 1.07, "w": 9.53, "h": 0.06, "S": 0.39673, "elv": "Heibøåi", "km": 4.5}}, {"type": "Feature", "geometry": {"type": "LineString", "coordinates": [[7.94484, 59.43943], [7.94657, 59.43951]]}, "properties": {"P": 52.93, "tau": 195.16, "tau_c": 364.2, "omega": 383.2, "M": 0.54, "D": 0.12, "R": 0.23, "sving": 0.47, "os": 0.99, "foss": 1.0, "juv": 0.0, "B": 0.72, "Q": 1.21, "w": 9.66, "h": 0.06, "S": 0.31244, "elv": "Heibøåi", "km": 4.6}}, {"type": "Feature", "geometry": {"type": "LineString", "coordinates": [[7.94657, 59.43951], [7.94829, 59.43962]]}, "properties": {"P": 41.74, "tau": 178.93, "tau_c": 364.2, "omega": 337.9, "M": 0.49, "D": 0.14, "R": 0.18, "sving": 0.29, "os": 0.61, "foss": 1.0, "juv": 0.0, "B": 0.72, "Q": 1.21, "w": 9.78, "h": 0.07, "S": 0.27869, "elv": "Heibøåi", "km": 4.7}}, {"type": "Feature", "geometry": {"type": "LineString", "coordinates": [[7.94829, 59.43962], [7.94999, 59.43984]]}, "properties": {"P": 32.1, "tau": 154.75, "tau_c": 348.14, "omega": 274.1, "M": 0.44, "D": 0.13, "R": 0.13, "sving": 0.07, "os": 0.37, "foss": 1.0, "juv": 0.0, "B": 0.72, "Q": 1.21, "w": 9.91, "h": 0.07, "S": 0.22844, "elv": "Heibøåi", "km": 4.8}}, {"type": "Feature", "geometry": {"type": "LineString", "coordinates": [[7.94999, 59.43984], [7.95163, 59.44016]]}, "properties": {"P": 27.86, "tau": 147.18, "tau_c": 335.72, "omega": 255.14, "M": 0.44, "D": 0.09, "R": 0.12, "sving": 0.03, "os": 0.23, "foss": 1.0, "juv": 0.0, "B": 0.72, "Q": 1.22, "w": 9.93, "h": 0.07, "S": 0.21244, "elv": "Heibøåi", "km": 4.9}}, {"type": "Feature", "geometry": {"type": "LineString", "coordinates": [[7.95163, 59.44016], [7.95333, 59.44039]]}, "properties": {"P": 25.39, "tau": 140.48, "tau_c": 324.13, "omega": 238.83, "M": 0.43, "D": 0.05, "R": 0.12, "sving": 0.03, "os": 0.14, "foss": 1.0, "juv": 0.0, "B": 0.72, "Q": 1.22, "w": 9.94, "h": 0.07, "S": 0.19802, "elv": "Heibøåi", "km": 5.0}}, {"type": "Feature", "geometry": {"type": "LineString", "coordinates": [[7.95333, 59.44039], [7.95505, 59.44058]]}, "properties": {"P": 27.14, "tau": 145.6, "tau_c": 332.25, "omega": 251.45, "M": 0.44, "D": 0.02, "R": 0.12, "sving": 0.22, "os": 0.08, "foss": 1.0, "juv": 0.0, "B": 0.72, "Q": 1.23, "w": 9.96, "h": 0.07, "S": 0.20807, "elv": "Heibøåi", "km": 5.1}}, {"type": "Feature", "geometry": {"type": "LineString", "coordinates": [[7.95505, 59.44058], [7.95662, 59.44086]]}, "properties": {"P": 30.83, "tau": 142.99, "tau_c": 328.07, "omega": 245.01, "M": 0.44, "D": 0.03, "R": 0.12, "sving": 0.45, "os": 0.05, "foss": 1.0, "juv": 0.0, "B": 0.72, "Q": 1.23, "w": 9.97, "h": 0.07, "S": 0.20287, "elv": "Heibøåi", "km": 5.2}}, {"type": "Feature", "geometry": {"type": "LineString", "coordinates": [[7.95662, 59.44086], [7.95758, 59.44155]]}, "properties": {"P": 26.51, "tau": 136.04, "tau_c": 316.64, "omega": 228.12, "M": 0.43, "D": 0.06, "R": 0.11, "sving": 0.23, "os": 0.0, "foss": 1.0, "juv": 0.0, "B": 0.72, "Q": 1.23, "w": 9.97, "h": 0.07, "S": 0.18897, "elv": "Heibøåi", "km": 5.3}}, {"type": "Feature", "geometry": {"type": "LineString", "coordinates": [[7.95758, 59.44155], [7.95776, 59.44243]]}, "properties": {"P": 24.17, "tau": 125.59, "tau_c": 298.99, "omega": 203.44, "M": 0.42, "D": 0.08, "R": 0.11, "sving": 0.09, "os": 0.0, "foss": 1.0, "juv": 0.0, "B": 0.72, "Q": 1.23, "w": 9.97, "h": 0.08, "S": 0.16849, "elv": "Heibøåi", "km": 5.4}}, {"type": "Feature", "geometry": {"type": "LineString", "coordinates": [[7.95776, 59.44243], [7.95885, 59.44304]]}, "properties": {"P": 26.94, "tau": 116.9, "tau_c": 283.97, "omega": 183.62, "M": 0.41, "D": 0.07, "R": 0.1, "sving": 0.26, "os": 0.0, "foss": 1.0, "juv": 0.0, "B": 0.72, "Q": 1.23, "w": 9.97, "h": 0.08, "S": 0.15199, "elv": "Heibøåi", "km": 5.5}}, {"type": "Feature", "geometry": {"type": "LineString", "coordinates": [[7.95885, 59.44304], [7.96054, 59.44313]]}, "properties": {"P": 29.66, "tau": 117.21, "tau_c": 284.47, "omega": 184.31, "M": 0.41, "D": 0.07, "R": 0.1, "sving": 0.43, "os": 0.0, "foss": 1.0, "juv": 0.0, "B": 0.72, "Q": 1.23, "w": 9.97, "h": 0.08, "S": 0.15253, "elv": "Heibøåi", "km": 5.6}}, {"type": "Feature", "geometry": {"type": "LineString", "coordinates": [[7.96054, 59.44313], [7.96215, 59.44334]]}, "properties": {"P": 26.36, "tau": 111.97, "tau_c": 275.32, "omega": 172.62, "M": 0.41, "D": 0.08, "R": 0.09, "sving": 0.22, "os": 0.0, "foss": 1.0, "juv": 0.0, "B": 0.72, "Q": 1.23, "w": 9.98, "h": 0.08, "S": 0.14287, "elv": "Heibøåi", "km": 5.7}}, {"type": "Feature", "geometry": {"type": "LineString", "coordinates": [[7.96215, 59.44334], [7.9638, 59.44362]]}, "properties": {"P": 22.89, "tau": 99.51, "tau_c": 253.02, "omega": 145.78, "M": 0.39, "D": 0.11, "R": 0.08, "sving": 0.01, "os": 0.0, "foss": 1.0, "juv": 0.0, "B": 0.72, "Q": 1.23, "w": 9.98, "h": 0.08, "S": 0.12066, "elv": "Heibøåi", "km": 5.8}}, {"type": "Feature", "geometry": {"type": "LineString", "coordinates": [[7.9638, 59.44362], [7.96529, 59.4438]]}, "properties": {"P": 25.44, "tau": 87.05, "tau_c": 229.89, "omega": 120.35, "M": 0.38, "D": 0.14, "R": 0.07, "sving": 0.14, "os": 0.0, "foss": 1.0, "juv": 0.0, "B": 0.72, "Q": 1.23, "w": 9.98, "h": 0.09, "S": 0.09961, "elv": "Heibøåi", "km": 5.9}}, {"type": "Feature", "geometry": {"type": "LineString", "coordinates": [[7.96529, 59.4438], [7.96688, 59.4439]]}, "properties": {"P": 28.05, "tau": 82.23, "tau_c": 220.69, "omega": 110.91, "M": 0.37, "D": 0.15, "R": 0.07, "sving": 0.27, "os": 0.0, "foss": 1.0, "juv": 0.0, "B": 0.72, "Q": 1.23, "w": 9.98, "h": 0.09, "S": 0.0918, "elv": "Heibøåi", "km": 6.0}}, {"type": "Feature", "geometry": {"type": "LineString", "coordinates": [[7.96688, 59.4439], [7.96858, 59.4438]]}, "properties": {"P": 25.13, "tau": 72.07, "tau_c": 200.79, "omega": 91.81, "M": 0.36, "D": 0.19, "R": 0.06, "sving": 0.07, "os": 0.0, "foss": 1.0, "juv": 0.0, "B": 0.72, "Q": 1.23, "w": 9.98, "h": 0.1, "S": 0.07599, "elv": "Heibøåi", "km": 6.1}}, {"type": "Feature", "geometry": {"type": "LineString", "coordinates": [[7.96858, 59.4438], [7.96979, 59.44354]]}, "properties": {"P": 21.47, "tau": 57.19, "tau_c": 171.22, "omega": 65.78, "M": 0.33, "D": 0.26, "R": 0.04, "sving": 0.09, "os": 0.0, "foss": 0.72, "juv": 0.0, "B": 0.72, "Q": 1.23, "w": 10.12, "h": 0.11, "S": 0.05526, "elv": "Heibøåi", "km": 6.2}}, {"type": "Feature", "geometry": {"type": "LineString", "coordinates": [[7.96979, 59.44354], [7.97148, 59.44357]]}, "properties": {"P": 21.7, "tau": 42.65, "tau_c": 139.73, "omega": 43.12, "M": 0.31, "D": 0.35, "R": 0.03, "sving": 0.2, "os": 0.0, "foss": 0.51, "juv": 0.0, "B": 0.72, "Q": 1.23, "w": 10.29, "h": 0.12, "S": 0.0368, "elv": "Heibøåi", "km": 6.3}}, {"type": "Feature", "geometry": {"type": "LineString", "coordinates": [[7.9747, 59.44384], [7.97614, 59.4442]]}, "properties": {"P": 75.92, "tau": 219.91, "tau_c": 101.35, "omega": 734.26, "M": 2.17, "D": -0.0, "R": 0.83, "sving": 0.29, "os": 0.0, "foss": 0.72, "juv": 0.04, "B": 1.29, "Q": 280.75, "w": 72.62, "h": 1.16, "S": 0.01936, "elv": "Heibøåi", "km": 6.6}}, {"type": "Feature", "geometry": {"type": "LineString", "coordinates": [[7.84292, 59.43242], [7.84241, 59.43326]]}, "properties": {"P": 9.16, "tau": 112.13, "tau_c": 364.2, "omega": 141.75, "M": 0.31, "D": 0.0, "R": 0.03, "sving": 0.05, "os": 0.0, "foss": 1.0, "juv": 0.0, "B": 0.34, "Q": 0.18, "w": 6.0, "h": 0.02, "S": 0.48831, "elv": "bekk", "km": 1.7}}, {"type": "Feature", "geometry": {"type": "LineString", "coordinates": [[7.84241, 59.43326], [7.84149, 59.43402]]}, "properties": {"P": 11.05, "tau": 130.67, "tau_c": 364.2, "omega": 177.38, "M": 0.36, "D": 0.0, "R": 0.06, "sving": 0.23, "os": 0.0, "foss": 1.0, "juv": 0.0, "B": 0.34, "Q": 0.18, "w": 6.0, "h": 0.02, "S": 0.58813, "elv": "bekk", "km": 1.8}}, {"type": "Feature", "geometry": {"type": "LineString", "coordinates": [[7.84149, 59.43402], [7.84057, 59.43478]]}, "properties": {"P": 12.03, "tau": 145.06, "tau_c": 364.2, "omega": 206.43, "M": 0.4, "D": 0.0, "R": 0.09, "sving": 0.29, "os": 0.0, "foss": 1.0, "juv": 0.0, "B": 0.34, "Q": 0.19, "w": 6.0, "h": 0.02, "S": 0.67342, "elv": "bekk", "km": 1.9}}, {"type": "Feature", "geometry": {"type": "LineString", "coordinates": [[7.84057, 59.43478], [7.84031, 59.4356]]}, "properties": {"P": 13.72, "tau": 154.42, "tau_c": 364.2, "omega": 227.44, "M": 0.42, "D": 0.0, "R": 0.11, "sving": 0.44, "os": 0.0, "foss": 1.0, "juv": 0.0, "B": 0.35, "Q": 0.2, "w": 6.0, "h": 0.02, "S": 0.70306, "elv": "bekk", "km": 2.0}}, {"type": "Feature", "geometry": {"type": "LineString", "coordinates": [[7.84031, 59.4356], [7.84112, 59.43639]]}, "properties": {"P": 13.51, "tau": 157.36, "tau_c": 364.2, "omega": 234.42, "M": 0.43, "D": 0.04, "R": 0.12, "sving": 0.34, "os": 0.0, "foss": 1.0, "juv": 0.0, "B": 0.35, "Q": 0.2, "w": 6.0, "h": 0.02, "S": 0.70765, "elv": "bekk", "km": 2.1}}, {"type": "Feature", "geometry": {"type": "LineString", "coordinates": [[7.84112, 59.43639], [7.84212, 59.43712]]}, "properties": {"P": 13.36, "tau": 150.8, "tau_c": 364.2, "omega": 221.8, "M": 0.41, "D": 0.13, "R": 0.1, "sving": 0.21, "os": 0.0, "foss": 1.0, "juv": 0.0, "B": 0.35, "Q": 0.21, "w": 6.0, "h": 0.02, "S": 0.6435, "elv": "bekk", "km": 2.2}}, {"type": "Feature", "geometry": {"type": "LineString", "coordinates": [[7.84212, 59.43712], [7.84275, 59.43796]]}, "properties": {"P": 13.5, "tau": 115.22, "tau_c": 364.2, "omega": 151.18, "M": 0.32, "D": 0.28, "R": 0.03, "sving": 0.14, "os": 0.0, "foss": 1.0, "juv": 0.0, "B": 0.35, "Q": 0.21, "w": 6.0, "h": 0.03, "S": 0.43328, "elv": "bekk", "km": 2.3}}, {"type": "Feature", "geometry": {"type": "LineString", "coordinates": [[7.86335, 59.44931], [7.8646, 59.44868]]}, "properties": {"P": 18.11, "tau": 69.59, "tau_c": 231.14, "omega": 82.55, "M": 0.3, "D": -0.0, "R": 0.03, "sving": 0.11, "os": 0.0, "foss": 1.0, "juv": 0.0, "B": 0.64, "Q": 0.56, "w": 6.65, "h": 0.07, "S": 0.1007, "elv": "bekk", "km": 2.5}}, {"type": "Feature", "geometry": {"type": "LineString", "coordinates": [[7.8646, 59.44868], [7.8661, 59.44822]]}, "properties": {"P": 16.65, "tau": 69.33, "tau_c": 230.39, "omega": 82.14, "M": 0.3, "D": -0.0, "R": 0.03, "sving": 0.01, "os": 0.0, "foss": 1.0, "juv": 0.0, "B": 0.64, "Q": 0.56, "w": 6.75, "h": 0.07, "S": 0.10004, "elv": "bekk", "km": 2.6}}, {"type": "Feature", "geometry": {"type": "LineString", "coordinates": [[7.86908, 59.44728], [7.87031, 59.44665]]}, "properties": {"P": 17.92, "tau": 79.61, "tau_c": 241.52, "omega": 101.83, "M": 0.33, "D": -0.0, "R": 0.04, "sving": 0.04, "os": 0.0, "foss": 1.0, "juv": 0.0, "B": 0.66, "Q": 0.68, "w": 7.17, "h": 0.07, "S": 0.10994, "elv": "bekk", "km": 2.9}}, {"type": "Feature", "geometry": {"type": "LineString", "coordinates": [[7.87031, 59.44665], [7.87189, 59.44625]]}, "properties": {"P": 17.68, "tau": 82.51, "tau_c": 249.7, "omega": 106.95, "M": 0.33, "D": -0.0, "R": 0.04, "sving": 0.02, "os": 0.0, "foss": 1.0, "juv": 0.0, "B": 0.66, "Q": 0.68, "w": 7.31, "h": 0.07, "S": 0.11752, "elv": "bekk", "km": 3.0}}, {"type": "Feature", "geometry": {"type": "LineString", "coordinates": [[7.87189, 59.44625], [7.87352, 59.44592]]}, "properties": {"P": 18.68, "tau": 81.65, "tau_c": 249.69, "omega": 105.16, "M": 0.33, "D": 0.06, "R": 0.04, "sving": 0.0, "os": 0.0, "foss": 1.0, "juv": 0.0, "B": 0.66, "Q": 0.68, "w": 7.45, "h": 0.07, "S": 0.11751, "elv": "bekk", "km": 3.1}}, {"type": "Feature", "geometry": {"type": "LineString", "coordinates": [[7.87352, 59.44592], [7.87499, 59.44544]]}, "properties": {"P": 22.22, "tau": 80.25, "tau_c": 244.5, "omega": 102.86, "M": 0.33, "D": 0.16, "R": 0.04, "sving": 0.09, "os": 0.0, "foss": 1.0, "juv": 0.0, "B": 0.66, "Q": 0.7, "w": 7.47, "h": 0.07, "S": 0.11268, "elv": "bekk", "km": 3.2}}, {"type": "Feature", "geometry": {"type": "LineString", "coordinates": [[7.87759, 59.44425], [7.87927, 59.44411]]}, "properties": {"P": 63.21, "tau": 256.48, "tau_c": 225.66, "omega": 732.83, "M": 1.14, "D": -0.0, "R": 0.9, "sving": 0.31, "os": 0.0, "foss": 0.72, "juv": 0.0, "B": 1.03, "Q": 22.47, "w": 28.87, "h": 0.27, "S": 0.09598, "elv": "bekk", "km": 3.5}}, {"type": "Feature", "geometry": {"type": "LineString", "coordinates": [[7.84497, 59.47995], [7.84617, 59.47929]]}, "properties": {"P": 47.04, "tau": 242.86, "tau_c": 236.07, "omega": 658.51, "M": 1.03, "D": 0.0, "R": 0.82, "sving": 0.51, "os": 0.41, "foss": 0.72, "juv": 0.0, "B": 0.64, "Q": 14.82, "w": 23.19, "h": 0.24, "S": 0.10504, "elv": "bekk", "km": 0.5}}, {"type": "Feature", "geometry": {"type": "LineString", "coordinates": [[7.84617, 59.47929], [7.8473, 59.47861]]}, "properties": {"P": 33.76, "tau": 155.43, "tau_c": 188.87, "omega": 338.02, "M": 0.82, "D": 0.15, "R": 0.61, "sving": 0.15, "os": 0.29, "foss": 0.51, "juv": 0.0, "B": 0.64, "Q": 14.82, "w": 28.92, "h": 0.24, "S": 0.06724, "elv": "bekk", "km": 0.6}}, {"type": "Feature", "geometry": {"type": "LineString", "coordinates": [[7.84224, 59.48174], [7.8438, 59.48143]]}, "properties": {"P": 41.62, "tau": 379.93, "tau_c": 339.27, "omega": 1233.13, "M": 1.12, "D": 0.0, "R": 0.89, "sving": 0.16, "os": 0.08, "foss": 1.0, "juv": 0.0, "B": 0.63, "Q": 12.42, "w": 21.43, "h": 0.18, "S": 0.21695, "elv": "Bubekken", "km": 0.3}}, {"type": "Feature", "geometry": {"type": "LineString", "coordinates": [[7.9517, 59.40141], [7.95274, 59.40211]]}, "properties": {"P": 11.94, "tau": 65.59, "tau_c": 196.17, "omega": 78.77, "M": 0.33, "D": 0.0, "R": 0.04, "sving": 0.03, "os": 0.0, "foss": 1.0, "juv": 0.0, "B": 0.44, "Q": 0.8, "w": 7.26, "h": 0.09, "S": 0.07254, "elv": "bekk", "km": 1.1}}, {"type": "Feature", "geometry": {"type": "LineString", "coordinates": [[7.95274, 59.40211], [7.95405, 59.40271]]}, "properties": {"P": 10.46, "tau": 53.61, "tau_c": 173.21, "omega": 58.69, "M": 0.31, "D": 0.11, "R": 0.03, "sving": 0.06, "os": 0.0, "foss": 0.72, "juv": 0.0, "B": 0.44, "Q": 0.81, "w": 7.68, "h": 0.1, "S": 0.05655, "elv": "bekk", "km": 1.2}}, {"type": "Feature", "geometry": {"type": "LineString", "coordinates": [[7.96477, 59.40147], [7.96617, 59.40198]]}, "properties": {"P": 16.0, "tau": 74.09, "tau_c": 204.69, "omega": 95.17, "M": 0.36, "D": 0.0, "R": 0.06, "sving": 0.23, "os": 0.11, "foss": 1.0, "juv": 0.0, "B": 0.45, "Q": 0.94, "w": 7.64, "h": 0.1, "S": 0.07897, "elv": "bekk", "km": 1.5}}, {"type": "Feature", "geometry": {"type": "LineString", "coordinates": [[7.96617, 59.40198], [7.96761, 59.40245]]}, "properties": {"P": 18.62, "tau": 57.38, "tau_c": 176.25, "omega": 65.37, "M": 0.33, "D": 0.06, "R": 0.04, "sving": 0.37, "os": 0.18, "foss": 1.0, "juv": 0.0, "B": 0.45, "Q": 0.94, "w": 8.26, "h": 0.1, "S": 0.05855, "elv": "bekk", "km": 1.6}}, {"type": "Feature", "geometry": {"type": "LineString", "coordinates": [[7.96761, 59.40245], [7.96925, 59.40234]]}, "properties": {"P": 17.45, "tau": 54.04, "tau_c": 174.04, "omega": 59.5, "M": 0.31, "D": 0.08, "R": 0.03, "sving": 0.14, "os": 0.28, "foss": 1.0, "juv": 0.0, "B": 0.45, "Q": 0.94, "w": 8.89, "h": 0.1, "S": 0.05709, "elv": "bekk", "km": 1.7}}, {"type": "Feature", "geometry": {"type": "LineString", "coordinates": [[7.96925, 59.40234], [7.97089, 59.40254]]}, "properties": {"P": 16.85, "tau": 52.98, "tau_c": 166.37, "omega": 58.39, "M": 0.32, "D": 0.09, "R": 0.04, "sving": 0.17, "os": 0.44, "foss": 0.72, "juv": 0.0, "B": 0.46, "Q": 1.02, "w": 8.97, "h": 0.1, "S": 0.05217, "elv": "bekk", "km": 1.8}}, {"type": "Feature", "geometry": {"type": "LineString", "coordinates": [[8.07166, 59.36109], [8.07318, 59.36064]]}, "properties": {"P": 18.15, "tau": 99.58, "tau_c": 86.43, "omega": 202.39, "M": 1.15, "D": 0.03, "R": 0.91, "sving": 0.07, "os": 0.05, "foss": 0.0, "juv": 0.0, "B": 0.44, "Q": 32.24, "w": 22.0, "h": 0.72, "S": 0.01408, "elv": "Åmdalsåi", "km": 0.0}}, {"type": "Feature", "geometry": {"type": "LineString", "coordinates": [[8.07318, 59.36064], [8.07468, 59.36018]]}, "properties": {"P": 47.7, "tau": 91.53, "tau_c": 84.64, "omega": 177.96, "M": 1.08, "D": 0.08, "R": 0.86, "sving": 0.28, "os": 0.0, "foss": 1.0, "juv": 0.0, "B": 0.69, "Q": 32.24, "w": 24.0, "h": 0.69, "S": 0.0135, "elv": "Åmdalsåi", "km": 0.1}}, {"type": "Feature", "geometry": {"type": "LineString", "coordinates": [[8.07468, 59.36018], [8.0761, 59.35966]]}, "properties": {"P": 37.44, "tau": 83.98, "tau_c": 87.55, "omega": 154.25, "M": 0.96, "D": 0.13, "R": 0.76, "sving": 0.06, "os": 0.0, "foss": 0.72, "juv": 0.0, "B": 0.69, "Q": 33.04, "w": 30.36, "h": 0.59, "S": 0.01445, "elv": "Åmdalsåi", "km": 0.2}}, {"type": "Feature", "geometry": {"type": "LineString", "coordinates": [[8.0761, 59.35966], [8.07691, 59.35888]]}, "properties": {"P": 31.97, "tau": 70.19, "tau_c": 83.36, "omega": 116.95, "M": 0.84, "D": 0.17, "R": 0.63, "sving": 0.1, "os": 0.0, "foss": 0.51, "juv": 0.0, "B": 0.69, "Q": 33.09, "w": 36.36, "h": 0.55, "S": 0.0131, "elv": "Åmdalsåi", "km": 0.3}}, {"type": "Feature", "geometry": {"type": "LineString", "coordinates": [[8.07691, 59.35888], [8.07819, 59.35835]]}, "properties": {"P": 27.75, "tau": 69.49, "tau_c": 87.02, "omega": 113.8, "M": 0.8, "D": 0.13, "R": 0.58, "sving": 0.14, "os": 0.0, "foss": 0.37, "juv": 0.0, "B": 0.69, "Q": 33.1, "w": 40.72, "h": 0.5, "S": 0.01427, "elv": "Åmdalsåi", "km": 0.4}}, {"type": "Feature", "geometry": {"type": "LineString", "coordinates": [[8.07819, 59.35835], [8.07932, 59.35774]]}, "properties": {"P": 19.05, "tau": 53.73, "tau_c": 77.11, "omega": 77.35, "M": 0.7, "D": 0.08, "R": 0.44, "sving": 0.28, "os": 0.0, "foss": 0.0, "juv": 0.0, "B": 0.69, "Q": 33.12, "w": 47.08, "h": 0.49, "S": 0.01121, "elv": "Åmdalsåi", "km": 0.5}}, {"type": "Feature", "geometry": {"type": "LineString", "coordinates": [[8.07932, 59.35774], [8.08026, 59.35702]]}, "properties": {"P": 15.05, "tau": 65.63, "tau_c": 92.5, "omega": 101.93, "M": 0.71, "D": 0.02, "R": 0.46, "sving": 0.1, "os": 0.0, "foss": 0.0, "juv": 0.0, "B": 0.69, "Q": 33.15, "w": 51.45, "h": 0.41, "S": 0.01613, "elv": "Åmdalsåi", "km": 0.6}}, {"type": "Feature", "geometry": {"type": "LineString", "coordinates": [[8.08026, 59.35702], [8.08182, 59.35673]]}, "properties": {"P": 17.3, "tau": 84.59, "tau_c": 106.73, "omega": 148.25, "M": 0.79, "D": 0.0, "R": 0.57, "sving": 0.07, "os": 0.0, "foss": 0.0, "juv": 0.0, "B": 0.69, "Q": 33.15, "w": 47.09, "h": 0.4, "S": 0.02147, "elv": "Åmdalsåi", "km": 0.7}}, {"type": "Feature", "geometry": {"type": "LineString", "coordinates": [[8.08182, 59.35673], [8.08282, 59.35601]]}, "properties": {"P": 36.03, "tau": 88.0, "tau_c": 110.15, "omega": 156.75, "M": 0.8, "D": 0.0, "R": 0.58, "sving": 0.16, "os": 0.0, "foss": 1.0, "juv": 0.0, "B": 0.69, "Q": 33.16, "w": 47.46, "h": 0.39, "S": 0.02287, "elv": "Åmdalsåi", "km": 0.8}}, {"type": "Feature", "geometry": {"type": "LineString", "coordinates": [[8.08282, 59.35601], [8.08374, 59.35527]]}, "properties": {"P": 43.57, "tau": 98.28, "tau_c": 119.21, "omega": 183.63, "M": 0.82, "D": 0.0, "R": 0.61, "sving": 0.56, "os": 0.0, "foss": 1.0, "juv": 0.0, "B": 0.69, "Q": 33.18, "w": 47.47, "h": 0.37, "S": 0.02678, "elv": "Åmdalsåi", "km": 0.9}}, {"type": "Feature", "geometry": {"type": "LineString", "coordinates": [[8.08374, 59.35527], [8.08399, 59.3544]]}, "properties": {"P": 30.51, "tau": 103.13, "tau_c": 123.38, "omega": 196.75, "M": 0.84, "D": 0.0, "R": 0.62, "sving": 0.05, "os": 0.0, "foss": 0.72, "juv": 0.0, "B": 0.69, "Q": 33.19, "w": 47.48, "h": 0.37, "S": 0.02869, "elv": "Åmdalsåi", "km": 1.0}}, {"type": "Feature", "geometry": {"type": "LineString", "coordinates": [[8.08399, 59.3544], [8.08354, 59.35353]]}, "properties": {"P": 27.37, "tau": 114.92, "tau_c": 132.86, "omega": 229.99, "M": 0.86, "D": 0.0, "R": 0.66, "sving": 0.01, "os": 0.0, "foss": 0.51, "juv": 0.0, "B": 0.69, "Q": 33.2, "w": 47.12, "h": 0.35, "S": 0.03327, "elv": "Åmdalsåi", "km": 1.1}}, {"type": "Feature", "geometry": {"type": "LineString", "coordinates": [[8.08354, 59.35353], [8.08432, 59.3528]]}, "properties": {"P": 28.47, "tau": 116.32, "tau_c": 138.83, "omega": 231.58, "M": 0.84, "D": 0.0, "R": 0.62, "sving": 0.27, "os": 0.0, "foss": 0.37, "juv": 0.0, "B": 0.69, "Q": 33.22, "w": 51.12, "h": 0.33, "S": 0.03633, "elv": "Åmdalsåi", "km": 1.2}}, {"type": "Feature", "geometry": {"type": "LineString", "coordinates": [[8.08432, 59.3528], [8.08523, 59.35204]]}, "properties": {"P": 44.39, "tau": 113.93, "tau_c": 129.05, "omega": 228.67, "M": 0.88, "D": 0.0, "R": 0.68, "sving": 0.49, "os": 0.0, "foss": 1.0, "juv": 0.0, "B": 0.69, "Q": 33.23, "w": 44.75, "h": 0.37, "S": 0.03139, "elv": "Åmdalsåi", "km": 1.3}}, {"type": "Feature", "geometry": {"type": "LineString", "coordinates": [[8.08523, 59.35204], [8.08649, 59.35149]]}, "properties": {"P": 38.81, "tau": 118.54, "tau_c": 132.73, "omega": 242.05, "M": 0.89, "D": 0.0, "R": 0.69, "sving": 0.14, "os": 0.0, "foss": 1.0, "juv": 0.0, "B": 0.69, "Q": 33.26, "w": 44.76, "h": 0.36, "S": 0.0332, "elv": "Åmdalsåi", "km": 1.4}}, {"type": "Feature", "geometry": {"type": "LineString", "coordinates": [[8.08649, 59.35149], [8.08789, 59.35108]]}, "properties": {"P": 33.11, "tau": 116.8, "tau_c": 131.33, "omega": 236.98, "M": 0.89, "D": 0.0, "R": 0.68, "sving": 0.09, "os": 0.0, "foss": 0.72, "juv": 0.0, "B": 0.69, "Q": 33.26, "w": 44.76, "h": 0.37, "S": 0.03251, "elv": "Åmdalsåi", "km": 1.5}}, {"type": "Feature", "geometry": {"type": "LineString", "coordinates": [[8.08789, 59.35108], [8.08809, 59.3502]]}, "properties": {"P": 41.03, "tau": 123.11, "tau_c": 136.88, "omega": 255.25, "M": 0.9, "D": 0.04, "R": 0.7, "sving": 0.21, "os": 0.0, "foss": 1.0, "juv": 0.0, "B": 0.69, "Q": 33.26, "w": 45.15, "h": 0.36, "S": 0.03531, "elv": "Åmdalsåi", "km": 1.6}}, {"type": "Feature", "geometry": {"type": "LineString", "coordinates": [[8.08809, 59.3502], [8.0886, 59.34934]]}, "properties": {"P": 39.55, "tau": 117.24, "tau_c": 132.65, "omega": 237.74, "M": 0.88, "D": 0.08, "R": 0.68, "sving": 0.37, "os": 0.0, "foss": 0.72, "juv": 0.0, "B": 0.69, "Q": 33.27, "w": 45.53, "h": 0.36, "S": 0.03317, "elv": "Åmdalsåi", "km": 1.7}}, {"type": "Feature", "geometry": {"type": "LineString", "coordinates": [[7.99129, 59.37377], [7.99297, 59.37395]]}, "properties": {"P": 48.64, "tau": 91.66, "tau_c": 120.77, "omega": 162.75, "M": 0.76, "D": 0.03, "R": 0.52, "sving": 0.02, "os": 1.0, "foss": 1.0, "juv": 0.0, "B": 0.68, "Q": 25.62, "w": 42.45, "h": 0.34, "S": 0.02749, "elv": "Åmdalsåi", "km": 0.0}}, {"type": "Feature", "geometry": {"type": "LineString", "coordinates": [[7.99297, 59.37395], [7.9946, 59.37368]]}, "properties": {"P": 42.04, "tau": 80.81, "tau_c": 110.36, "omega": 135.86, "M": 0.73, "D": 0.08, "R": 0.49, "sving": 0.23, "os": 0.61, "foss": 0.72, "juv": 0.0, "B": 0.69, "Q": 25.62, "w": 42.46, "h": 0.36, "S": 0.02295, "elv": "Åmdalsåi", "km": 0.1}}, {"type": "Feature", "geometry": {"type": "LineString", "coordinates": [[7.9946, 59.37368], [7.99631, 59.37389]]}, "properties": {"P": 39.8, "tau": 72.92, "tau_c": 102.46, "omega": 117.29, "M": 0.71, "D": 0.15, "R": 0.46, "sving": 0.43, "os": 0.39, "foss": 0.51, "juv": 0.0, "B": 0.71, "Q": 25.66, "w": 42.47, "h": 0.38, "S": 0.01979, "elv": "Åmdalsåi", "km": 0.2}}, {"type": "Feature", "geometry": {"type": "LineString", "coordinates": [[7.99631, 59.37389], [7.99788, 59.37368]]}, "properties": {"P": 28.87, "tau": 66.18, "tau_c": 95.62, "omega": 102.06, "M": 0.69, "D": 0.21, "R": 0.44, "sving": 0.03, "os": 0.24, "foss": 0.37, "juv": 0.0, "B": 0.72, "Q": 25.66, "w": 42.51, "h": 0.39, "S": 0.01724, "elv": "Åmdalsåi", "km": 0.3}}, {"type": "Feature", "geometry": {"type": "LineString", "coordinates": [[7.99788, 59.37368], [7.99892, 59.37297]]}, "properties": {"P": 25.7, "tau": 45.17, "tau_c": 75.01, "omega": 58.53, "M": 0.6, "D": 0.29, "R": 0.31, "sving": 0.32, "os": 0.21, "foss": 0.0, "juv": 0.0, "B": 0.73, "Q": 25.69, "w": 45.67, "h": 0.43, "S": 0.01061, "elv": "Åmdalsåi", "km": 0.4}}, {"type": "Feature", "geometry": {"type": "LineString", "coordinates": [[7.99892, 59.37297], [8.00052, 59.37264]]}, "properties": {"P": 22.67, "tau": 36.05, "tau_c": 63.66, "omega": 42.4, "M": 0.57, "D": 0.32, "R": 0.27, "sving": 0.03, "os": 0.35, "foss": 0.0, "juv": 0.0, "B": 0.74, "Q": 25.86, "w": 45.71, "h": 0.48, "S": 0.00764, "elv": "Åmdalsåi", "km": 0.5}}, {"type": "Feature", "geometry": {"type": "LineString", "coordinates": [[8.00052, 59.37264], [8.00191, 59.37214]]}, "properties": {"P": 26.29, "tau": 26.51, "tau_c": 51.08, "omega": 27.28, "M": 0.52, "D": 0.23, "R": 0.21, "sving": 0.24, "os": 0.53, "foss": 0.0, "juv": 0.0, "B": 0.75, "Q": 25.87, "w": 45.75, "h": 0.55, "S": 0.00492, "elv": "Åmdalsåi", "km": 0.6}}, {"type": "Feature", "geometry": {"type": "LineString", "coordinates": [[8.00191, 59.37214], [8.00356, 59.37185]]}, "properties": {"P": 23.23, "tau": 20.33, "tau_c": 42.23, "omega": 18.64, "M": 0.48, "D": 0.1, "R": 0.17, "sving": 0.08, "os": 0.75, "foss": 0.0, "juv": 0.0, "B": 0.76, "Q": 25.88, "w": 45.79, "h": 0.62, "S": 0.00336, "elv": "Åmdalsåi", "km": 0.7}}, {"type": "Feature", "geometry": {"type": "LineString", "coordinates": [[8.00356, 59.37185], [8.00523, 59.3716]]}, "properties": {"P": 20.17, "tau": 39.22, "tau_c": 66.89, "omega": 47.99, "M": 0.59, "D": 0.0, "R": 0.29, "sving": 0.01, "os": 0.57, "foss": 0.0, "juv": 0.0, "B": 0.77, "Q": 25.89, "w": 44.63, "h": 0.47, "S": 0.00843, "elv": "Åmdalsåi", "km": 0.8}}, {"type": "Feature", "geometry": {"type": "LineString", "coordinates": [[8.00523, 59.3716], [8.00664, 59.37112]]}, "properties": {"P": 26.58, "tau": 61.7, "tau_c": 85.68, "omega": 93.85, "M": 0.72, "D": 0.0, "R": 0.47, "sving": 0.2, "os": 0.36, "foss": 0.0, "juv": 0.07, "B": 0.78, "Q": 25.91, "w": 37.48, "h": 0.45, "S": 0.01384, "elv": "Åmdalsåi", "km": 0.9}}, {"type": "Feature", "geometry": {"type": "LineString", "coordinates": [[8.00664, 59.37112], [8.00807, 59.37063]]}, "properties": {"P": 46.55, "tau": 84.27, "tau_c": 100.35, "omega": 149.32, "M": 0.84, "D": 0.0, "R": 0.63, "sving": 0.09, "os": 0.23, "foss": 1.0, "juv": 0.07, "B": 0.79, "Q": 25.92, "w": 32.32, "h": 0.45, "S": 0.01898, "elv": "Åmdalsåi", "km": 1.0}}, {"type": "Feature", "geometry": {"type": "LineString", "coordinates": [[8.00807, 59.37063], [8.00922, 59.36995]]}, "properties": {"P": 51.41, "tau": 127.69, "tau_c": 125.17, "omega": 276.49, "M": 1.02, "D": 0.0, "R": 0.81, "sving": 0.09, "os": 0.15, "foss": 1.0, "juv": 0.07, "B": 0.8, "Q": 25.93, "w": 27.16, "h": 0.44, "S": 0.02953, "elv": "Åmdalsåi", "km": 1.1}}, {"type": "Feature", "geometry": {"type": "LineString", "coordinates": [[8.00922, 59.36995], [8.01072, 59.36952]]}, "properties": {"P": 58.57, "tau": 195.82, "tau_c": 166.85, "omega": 513.35, "M": 1.17, "D": 0.0, "R": 0.92, "sving": 0.27, "os": 0.13, "foss": 1.0, "juv": 0.07, "B": 0.81, "Q": 25.93, "w": 26.0, "h": 0.38, "S": 0.05247, "elv": "Åmdalsåi", "km": 1.2}}, {"type": "Feature", "geometry": {"type": "LineString", "coordinates": [[8.01072, 59.36952], [8.01233, 59.36921]]}, "properties": {"P": 58.69, "tau": 289.38, "tau_c": 213.13, "omega": 907.47, "M": 1.36, "D": 0.0, "R": 0.99, "sving": 0.07, "os": 0.2, "foss": 1.0, "juv": 0.07, "B": 0.81, "Q": 25.93, "w": 24.0, "h": 0.34, "S": 0.08562, "elv": "Åmdalsåi", "km": 1.3}}, {"type": "Feature", "geometry": {"type": "LineString", "coordinates": [[8.01233, 59.36921], [8.01397, 59.36931]]}, "properties": {"P": 65.65, "tau": 301.41, "tau_c": 219.41, "omega": 962.16, "M": 1.37, "D": 0.01, "R": 0.99, "sving": 0.25, "os": 0.32, "foss": 1.0, "juv": 0.07, "B": 0.82, "Q": 25.94, "w": 24.0, "h": 0.34, "S": 0.09074, "elv": "Åmdalsåi", "km": 1.4}}, {"type": "Feature", "geometry": {"type": "LineString", "coordinates": [[8.01397, 59.36931], [8.01532, 59.36875]]}, "properties": {"P": 73.01, "tau": 276.49, "tau_c": 212.77, "omega": 843.38, "M": 1.3, "D": 0.02, "R": 0.97, "sving": 0.43, "os": 0.49, "foss": 1.0, "juv": 0.07, "B": 0.83, "Q": 26.2, "w": 26.0, "h": 0.33, "S": 0.08532, "elv": "Åmdalsåi", "km": 1.5}}, {"type": "Feature", "geometry": {"type": "LineString", "coordinates": [[8.01532, 59.36875], [8.01695, 59.36888]]}, "properties": {"P": 81.46, "tau": 277.41, "tau_c": 219.43, "omega": 841.14, "M": 1.26, "D": 0.05, "R": 0.96, "sving": 0.51, "os": 0.79, "foss": 1.0, "juv": 0.07, "B": 0.83, "Q": 26.46, "w": 28.0, "h": 0.31, "S": 0.09075, "elv": "Åmdalsåi", "km": 1.6}}, {"type": "Feature", "geometry": {"type": "LineString", "coordinates": [[8.01695, 59.36888], [8.01818, 59.36952]]}, "properties": {"P": 86.03, "tau": 278.27, "tau_c": 212.78, "omega": 852.37, "M": 1.31, "D": 0.12, "R": 0.97, "sving": 0.8, "os": 0.78, "foss": 0.8, "juv": 0.07, "B": 0.84, "Q": 26.47, "w": 26.0, "h": 0.33, "S": 0.08534, "elv": "Åmdalsåi", "km": 1.7}}, {"type": "Feature", "geometry": {"type": "LineString", "coordinates": [[8.01818, 59.36952], [8.01835, 59.37039]]}, "properties": {"P": 71.81, "tau": 230.13, "tau_c": 185.65, "omega": 649.0, "M": 1.24, "D": 0.21, "R": 0.95, "sving": 0.09, "os": 0.48, "foss": 1.0, "juv": 0.07, "B": 0.84, "Q": 26.48, "w": 26.0, "h": 0.36, "S": 0.06496, "elv": "Åmdalsåi", "km": 1.8}}, {"type": "Feature", "geometry": {"type": "LineString", "coordinates": [[8.01835, 59.37039], [8.01855, 59.37123]]}, "properties": {"P": 63.38, "tau": 132.73, "tau_c": 137.09, "omega": 287.66, "M": 0.97, "D": 0.28, "R": 0.77, "sving": 0.09, "os": 0.32, "foss": 1.0, "juv": 0.0, "B": 0.85, "Q": 26.49, "w": 32.0, "h": 0.38, "S": 0.03542, "elv": "Åmdalsåi", "km": 1.9}}, {"type": "Feature", "geometry": {"type": "LineString", "coordinates": [[8.01855, 59.37123], [8.02014, 59.37157]]}, "properties": {"P": 54.47, "tau": 126.4, "tau_c": 135.95, "omega": 266.3, "M": 0.93, "D": 0.21, "R": 0.73, "sving": 0.2, "os": 0.21, "foss": 0.72, "juv": 0.0, "B": 0.85, "Q": 26.49, "w": 34.0, "h": 0.37, "S": 0.03484, "elv": "Åmdalsåi", "km": 2.0}}, {"type": "Feature", "geometry": {"type": "LineString", "coordinates": [[8.02014, 59.37157], [8.02161, 59.37205]]}, "properties": {"P": 51.67, "tau": 141.52, "tau_c": 151.15, "omega": 310.93, "M": 0.94, "D": 0.11, "R": 0.73, "sving": 0.44, "os": 0.14, "foss": 0.51, "juv": 0.0, "B": 0.86, "Q": 26.5, "w": 36.0, "h": 0.33, "S": 0.04306, "elv": "Åmdalsåi", "km": 2.1}}, {"type": "Feature", "geometry": {"type": "LineString", "coordinates": [[8.02161, 59.37205], [8.02265, 59.37277]]}, "properties": {"P": 55.16, "tau": 129.09, "tau_c": 141.51, "omega": 272.56, "M": 0.91, "D": 0.04, "R": 0.71, "sving": 0.3, "os": 0.09, "foss": 1.0, "juv": 0.0, "B": 0.86, "Q": 26.5, "w": 36.0, "h": 0.35, "S": 0.03774, "elv": "Åmdalsåi", "km": 2.2}}, {"type": "Feature", "geometry": {"type": "LineString", "coordinates": [[8.02265, 59.37277], [8.0242, 59.37298]]}, "properties": {"P": 48.31, "tau": 119.56, "tau_c": 139.13, "omega": 241.58, "M": 0.86, "D": 0.06, "R": 0.65, "sving": 0.07, "os": 0.05, "foss": 1.0, "juv": 0.0, "B": 0.86, "Q": 26.51, "w": 39.27, "h": 0.33, "S": 0.03648, "elv": "Åmdalsåi", "km": 2.3}}, {"type": "Feature", "geometry": {"type": "LineString", "coordinates": [[8.0242, 59.37298], [8.02581, 59.37265]]}, "properties": {"P": 50.34, "tau": 122.74, "tau_c": 143.76, "omega": 249.85, "M": 0.85, "D": 0.07, "R": 0.64, "sving": 0.2, "os": 0.0, "foss": 1.0, "juv": 0.0, "B": 0.87, "Q": 26.51, "w": 40.54, "h": 0.32, "S": 0.03895, "elv": "Åmdalsåi", "km": 2.4}}, {"type": "Feature", "geometry": {"type": "LineString", "coordinates": [[8.02581, 59.37265], [8.02741, 59.37296]]}, "properties": {"P": 41.39, "tau": 112.58, "tau_c": 136.95, "omega": 219.9, "M": 0.82, "D": 0.08, "R": 0.61, "sving": 0.05, "os": 0.05, "foss": 0.72, "juv": 0.0, "B": 0.87, "Q": 26.51, "w": 41.81, "h": 0.32, "S": 0.03535, "elv": "Åmdalsåi", "km": 2.5}}, {"type": "Feature", "geometry": {"type": "LineString", "coordinates": [[8.02741, 59.37296], [8.02901, 59.3733]]}, "properties": {"P": 52.73, "tau": 104.15, "tau_c": 131.21, "omega": 195.99, "M": 0.79, "D": 0.08, "R": 0.57, "sving": 0.32, "os": 0.08, "foss": 1.0, "juv": 0.0, "B": 0.88, "Q": 26.53, "w": 43.08, "h": 0.33, "S": 0.03245, "elv": "Åmdalsåi", "km": 2.6}}, {"type": "Feature", "geometry": {"type": "LineString", "coordinates": [[8.02901, 59.3733], [8.03074, 59.37341]]}, "properties": {"P": 40.27, "tau": 96.27, "tau_c": 128.03, "omega": 173.48, "M": 0.75, "D": 0.06, "R": 0.52, "sving": 0.08, "os": 0.13, "foss": 0.72, "juv": 0.0, "B": 0.88, "Q": 26.53, "w": 46.36, "h": 0.32, "S": 0.0309, "elv": "Åmdalsåi", "km": 2.7}}, {"type": "Feature", "geometry": {"type": "LineString", "coordinates": [[8.03074, 59.37341], [8.0323, 59.37381]]}, "properties": {"P": 47.15, "tau": 99.71, "tau_c": 131.28, "omega": 182.42, "M": 0.76, "D": 0.02, "R": 0.53, "sving": 0.06, "os": 0.21, "foss": 1.0, "juv": 0.0, "B": 0.88, "Q": 26.54, "w": 46.36, "h": 0.31, "S": 0.03249, "elv": "Åmdalsåi", "km": 2.8}}, {"type": "Feature", "geometry": {"type": "LineString", "coordinates": [[8.0323, 59.37381], [8.03376, 59.37431]]}, "properties": {"P": 51.2, "tau": 111.89, "tau_c": 142.58, "omega": 215.14, "M": 0.78, "D": -0.0, "R": 0.56, "sving": 0.08, "os": 0.35, "foss": 1.0, "juv": 0.0, "B": 0.89, "Q": 26.54, "w": 46.36, "h": 0.3, "S": 0.03831, "elv": "Åmdalsåi", "km": 2.9}}, {"type": "Feature", "geometry": {"type": "LineString", "coordinates": [[8.03376, 59.37431], [8.03524, 59.37479]]}, "properties": {"P": 58.25, "tau": 106.19, "tau_c": 133.02, "omega": 201.5, "M": 0.8, "D": -0.0, "R": 0.58, "sving": 0.14, "os": 0.58, "foss": 1.0, "juv": 0.0, "B": 0.89, "Q": 26.54, "w": 43.09, "h": 0.32, "S": 0.03335, "elv": "Åmdalsåi", "km": 3.0}}, {"type": "Feature", "geometry": {"type": "LineString", "coordinates": [[8.03524, 59.37479], [8.03687, 59.37508]]}, "properties": {"P": 73.17, "tau": 128.77, "tau_c": 153.94, "omega": 264.97, "M": 0.84, "D": -0.0, "R": 0.62, "sving": 0.36, "os": 0.95, "foss": 1.0, "juv": 0.0, "B": 0.89, "Q": 26.54, "w": 43.89, "h": 0.29, "S": 0.04467, "elv": "Åmdalsåi", "km": 3.1}}, {"type": "Feature", "geometry": {"type": "LineString", "coordinates": [[8.03687, 59.37508], [8.03855, 59.37516]]}, "properties": {"P": 63.84, "tau": 126.25, "tau_c": 149.51, "omega": 258.72, "M": 0.84, "D": -0.0, "R": 0.63, "sving": 0.5, "os": 0.64, "foss": 0.72, "juv": 0.0, "B": 0.9, "Q": 26.67, "w": 42.62, "h": 0.31, "S": 0.04213, "elv": "Åmdalsåi", "km": 3.2}}, {"type": "Feature", "geometry": {"type": "LineString", "coordinates": [[8.03855, 59.37516], [8.03993, 59.37488]]}, "properties": {"P": 71.44, "tau": 147.71, "tau_c": 143.85, "omega": 338.8, "M": 1.03, "D": 0.01, "R": 0.82, "sving": 0.37, "os": 0.4, "foss": 1.0, "juv": 0.08, "B": 0.91, "Q": 31.3, "w": 35.34, "h": 0.39, "S": 0.039, "elv": "Åmdalsåi", "km": 3.3}}, {"type": "Feature", "geometry": {"type": "LineString", "coordinates": [[8.03993, 59.37488], [8.04109, 59.3743]]}, "properties": {"P": 68.14, "tau": 139.16, "tau_c": 131.96, "omega": 314.62, "M": 1.05, "D": 0.04, "R": 0.84, "sving": 0.26, "os": 0.27, "foss": 1.0, "juv": 0.08, "B": 0.91, "Q": 31.34, "w": 32.07, "h": 0.43, "S": 0.03282, "elv": "Åmdalsåi", "km": 3.4}}, {"type": "Feature", "geometry": {"type": "LineString", "coordinates": [[8.04109, 59.3743], [8.04248, 59.37376]]}, "properties": {"P": 55.38, "tau": 112.31, "tau_c": 113.14, "omega": 231.29, "M": 0.99, "D": 0.1, "R": 0.79, "sving": 0.05, "os": 0.19, "foss": 0.72, "juv": 0.08, "B": 0.92, "Q": 31.34, "w": 32.07, "h": 0.47, "S": 0.02413, "elv": "Åmdalsåi", "km": 3.5}}, {"type": "Feature", "geometry": {"type": "LineString", "coordinates": [[8.04248, 59.37376], [8.04392, 59.37325]]}, "properties": {"P": 51.92, "tau": 122.6, "tau_c": 116.96, "omega": 264.29, "M": 1.05, "D": 0.16, "R": 0.84, "sving": 0.01, "os": 0.12, "foss": 0.51, "juv": 0.08, "B": 0.92, "Q": 31.34, "w": 30.0, "h": 0.48, "S": 0.02579, "elv": "Åmdalsåi", "km": 3.6}}, {"type": "Feature", "geometry": {"type": "LineString", "coordinates": [[8.04392, 59.37325], [8.04545, 59.37281]]}, "properties": {"P": 54.18, "tau": 84.45, "tau_c": 92.19, "omega": 153.57, "M": 0.92, "D": 0.26, "R": 0.71, "sving": 0.3, "os": 0.15, "foss": 0.37, "juv": 0.08, "B": 0.92, "Q": 31.35, "w": 32.08, "h": 0.54, "S": 0.01602, "elv": "Åmdalsåi", "km": 3.7}}, {"type": "Feature", "geometry": {"type": "LineString", "coordinates": [[8.04545, 59.37281], [8.04664, 59.37217]]}, "properties": {"P": 41.51, "tau": 66.71, "tau_c": 86.03, "omega": 106.73, "M": 0.78, "D": 0.29, "R": 0.55, "sving": 0.32, "os": 0.22, "foss": 0.0, "juv": 0.0, "B": 0.92, "Q": 31.35, "w": 40.19, "h": 0.49, "S": 0.01395, "elv": "Åmdalsåi", "km": 3.8}}, {"type": "Feature", "geometry": {"type": "LineString", "coordinates": [[8.04664, 59.37217], [8.04683, 59.37129]]}, "properties": {"P": 35.51, "tau": 48.68, "tau_c": 71.64, "omega": 67.14, "M": 0.68, "D": 0.32, "R": 0.42, "sving": 0.1, "os": 0.34, "foss": 0.0, "juv": 0.0, "B": 0.93, "Q": 31.35, "w": 44.31, "h": 0.51, "S": 0.00967, "elv": "Åmdalsåi", "km": 3.9}}, {"type": "Feature", "geometry": {"type": "LineString", "coordinates": [[8.04683, 59.37129], [8.04704, 59.37042]]}, "properties": {"P": 42.13, "tau": 41.0, "tau_c": 65.6, "omega": 52.01, "M": 0.63, "D": 0.23, "R": 0.35, "sving": 0.41, "os": 0.56, "foss": 0.0, "juv": 0.0, "B": 0.93, "Q": 31.58, "w": 48.31, "h": 0.52, "S": 0.00811, "elv": "Åmdalsåi", "km": 4.0}}, {"type": "Feature", "geometry": {"type": "LineString", "coordinates": [[8.04704, 59.37042], [8.04864, 59.37022]]}, "properties": {"P": 50.7, "tau": 36.01, "tau_c": 60.9, "omega": 42.96, "M": 0.59, "D": 0.13, "R": 0.3, "sving": 0.66, "os": 0.89, "foss": 0.0, "juv": 0.0, "B": 0.93, "Q": 31.58, "w": 50.43, "h": 0.53, "S": 0.00699, "elv": "Åmdalsåi", "km": 4.1}}, {"type": "Feature", "geometry": {"type": "LineString", "coordinates": [[8.04864, 59.37022], [8.05032, 59.37047]]}, "properties": {"P": 44.09, "tau": 40.0, "tau_c": 63.27, "omega": 50.44, "M": 0.63, "D": 0.03, "R": 0.35, "sving": 0.61, "os": 0.68, "foss": 0.0, "juv": 0.0, "B": 0.93, "Q": 31.59, "w": 46.35, "h": 0.54, "S": 0.00754, "elv": "Åmdalsåi", "km": 4.2}}, {"type": "Feature", "geometry": {"type": "LineString", "coordinates": [[8.05032, 59.37047], [8.052, 59.37074]]}, "properties": {"P": 26.19, "tau": 44.1, "tau_c": 67.78, "omega": 58.05, "M": 0.65, "D": 0.01, "R": 0.38, "sving": 0.08, "os": 0.42, "foss": 0.0, "juv": 0.0, "B": 0.94, "Q": 31.59, "w": 46.23, "h": 0.52, "S": 0.00866, "elv": "Åmdalsåi", "km": 4.3}}, {"type": "Feature", "geometry": {"type": "LineString", "coordinates": [[8.052, 59.37074], [8.05372, 59.3709]]}, "properties": {"P": 36.31, "tau": 35.73, "tau_c": 58.21, "omega": 42.94, "M": 0.61, "D": 0.01, "R": 0.33, "sving": 0.77, "os": 0.26, "foss": 0.0, "juv": 0.0, "B": 0.94, "Q": 31.6, "w": 46.12, "h": 0.57, "S": 0.00639, "elv": "Åmdalsåi", "km": 4.4}}, {"type": "Feature", "geometry": {"type": "LineString", "coordinates": [[8.05372, 59.3709], [8.05525, 59.3705]]}, "properties": {"P": 35.72, "tau": 38.49, "tau_c": 61.47, "omega": 47.76, "M": 0.63, "D": 0.01, "R": 0.35, "sving": 0.81, "os": 0.16, "foss": 0.0, "juv": 0.0, "B": 0.94, "Q": 31.61, "w": 46.24, "h": 0.55, "S": 0.00712, "elv": "Åmdalsåi", "km": 4.5}}, {"type": "Feature", "geometry": {"type": "LineString", "coordinates": [[8.05525, 59.3705], [8.05493, 59.36969]]}, "properties": {"P": 36.24, "tau": 52.93, "tau_c": 77.22, "omega": 75.41, "M": 0.69, "D": 0.0, "R": 0.43, "sving": 0.76, "os": 0.1, "foss": 0.0, "juv": 0.0, "B": 0.94, "Q": 31.63, "w": 46.25, "h": 0.48, "S": 0.01124, "elv": "Åmdalsåi", "km": 4.6}}, {"type": "Feature", "geometry": {"type": "LineString", "coordinates": [[8.05493, 59.36969], [8.05442, 59.36884]]}, "properties": {"P": 21.25, "tau": 61.09, "tau_c": 88.85, "omega": 91.64, "M": 0.69, "D": 0.0, "R": 0.43, "sving": 0.09, "os": 0.11, "foss": 0.0, "juv": 0.0, "B": 0.94, "Q": 31.63, "w": 50.38, "h": 0.42, "S": 0.01488, "elv": "Åmdalsåi", "km": 4.7}}, {"type": "Feature", "geometry": {"type": "LineString", "coordinates": [[8.05442, 59.36884], [8.05397, 59.36801]]}, "properties": {"P": 20.56, "tau": 65.44, "tau_c": 93.45, "omega": 101.1, "M": 0.7, "D": 0.0, "R": 0.45, "sving": 0.03, "os": 0.11, "foss": 0.0, "juv": 0.0, "B": 0.94, "Q": 31.63, "w": 50.52, "h": 0.41, "S": 0.01646, "elv": "Åmdalsåi", "km": 4.8}}, {"type": "Feature", "geometry": {"type": "LineString", "coordinates": [[8.05397, 59.36801], [8.05527, 59.36742]]}, "properties": {"P": 19.76, "tau": 65.64, "tau_c": 93.72, "omega": 101.53, "M": 0.7, "D": 0.0, "R": 0.45, "sving": 0.01, "os": 0.1, "foss": 0.0, "juv": 0.0, "B": 0.95, "Q": 31.67, "w": 50.67, "h": 0.4, "S": 0.01656, "elv": "Åmdalsåi", "km": 4.9}}, {"type": "Feature", "geometry": {"type": "LineString", "coordinates": [[8.05527, 59.36742], [8.05481, 59.3666]]}, "properties": {"P": 21.23, "tau": 72.84, "tau_c": 100.86, "omega": 117.87, "M": 0.72, "D": 0.0, "R": 0.48, "sving": 0.01, "os": 0.12, "foss": 0.0, "juv": 0.0, "B": 0.95, "Q": 31.77, "w": 50.69, "h": 0.39, "S": 0.01917, "elv": "Åmdalsåi", "km": 5.0}}, {"type": "Feature", "geometry": {"type": "LineString", "coordinates": [[8.03195, 59.37528], [8.03369, 59.37519]]}, "properties": {"P": 45.94, "tau": 253.08, "tau_c": 195.03, "omega": 747.55, "M": 1.3, "D": -0.0, "R": 0.97, "sving": 0.15, "os": 0.0, "foss": 1.0, "juv": 0.0, "B": 0.68, "Q": 26.54, "w": 24.97, "h": 0.36, "S": 0.07169, "elv": "bekk", "km": 1.9}}, {"type": "Feature", "geometry": {"type": "LineString", "coordinates": [[8.03369, 59.37519], [8.03528, 59.37489]]}, "properties": {"P": 47.0, "tau": 229.43, "tau_c": 190.14, "omega": 641.89, "M": 1.21, "D": 0.05, "R": 0.94, "sving": 0.2, "os": 0.0, "foss": 1.0, "juv": 0.0, "B": 0.68, "Q": 26.66, "w": 27.77, "h": 0.34, "S": 0.06814, "elv": "bekk", "km": 2.0}}, {"type": "Feature", "geometry": {"type": "LineString", "coordinates": [[8.04871, 59.39438], [8.04743, 59.39378]]}, "properties": {"P": 15.5, "tau": 98.24, "tau_c": 319.65, "omega": 131.94, "M": 0.31, "D": -0.0, "R": 0.03, "sving": 0.55, "os": 0.0, "foss": 1.0, "juv": 0.0, "B": 0.4, "Q": 0.42, "w": 6.0, "h": 0.05, "S": 0.19258, "elv": "bekk", "km": 1.0}}, {"type": "Feature", "geometry": {"type": "LineString", "coordinates": [[8.04743, 59.39378], [8.04593, 59.39334]]}, "properties": {"P": 13.07, "tau": 99.38, "tau_c": 322.15, "omega": 134.16, "M": 0.31, "D": 0.01, "R": 0.03, "sving": 0.29, "os": 0.0, "foss": 1.0, "juv": 0.0, "B": 0.4, "Q": 0.42, "w": 6.0, "h": 0.05, "S": 0.19561, "elv": "bekk", "km": 1.1}}, {"type": "Feature", "geometry": {"type": "LineString", "coordinates": [[8.04593, 59.39334], [8.04629, 59.39251]]}, "properties": {"P": 11.66, "tau": 95.92, "tau_c": 313.0, "omega": 127.68, "M": 0.31, "D": 0.02, "R": 0.03, "sving": 0.13, "os": 0.0, "foss": 1.0, "juv": 0.0, "B": 0.4, "Q": 0.43, "w": 6.05, "h": 0.05, "S": 0.18466, "elv": "bekk", "km": 1.2}}, {"type": "Feature", "geometry": {"type": "LineString", "coordinates": [[8.04629, 59.39251], [8.04593, 59.39165]]}, "properties": {"P": 11.37, "tau": 93.82, "tau_c": 308.42, "omega": 123.65, "M": 0.3, "D": 0.03, "R": 0.03, "sving": 0.08, "os": 0.0, "foss": 1.0, "juv": 0.0, "B": 0.4, "Q": 0.43, "w": 6.11, "h": 0.05, "S": 0.17929, "elv": "bekk", "km": 1.3}}, {"type": "Feature", "geometry": {"type": "LineString", "coordinates": [[8.04593, 59.39165], [8.04448, 59.39133]]}, "properties": {"P": 17.58, "tau": 93.03, "tau_c": 293.04, "omega": 123.91, "M": 0.32, "D": 0.11, "R": 0.04, "sving": 0.57, "os": 0.0, "foss": 1.0, "juv": 0.0, "B": 0.41, "Q": 0.48, "w": 6.17, "h": 0.06, "S": 0.16185, "elv": "bekk", "km": 1.4}}, {"type": "Feature", "geometry": {"type": "LineString", "coordinates": [[8.04448, 59.39133], [8.04283, 59.39105]]}, "properties": {"P": 14.24, "tau": 87.11, "tau_c": 279.1, "omega": 112.83, "M": 0.31, "D": 0.23, "R": 0.03, "sving": 0.35, "os": 0.0, "foss": 0.72, "juv": 0.0, "B": 0.41, "Q": 0.49, "w": 6.24, "h": 0.06, "S": 0.14682, "elv": "bekk", "km": 1.5}}, {"type": "Feature", "geometry": {"type": "LineString", "coordinates": [[7.85783, 59.47604], [7.8592, 59.47552]]}, "properties": {"P": 6.07, "tau": 15.4, "tau_c": 37.23, "omega": 12.16, "M": 0.41, "D": 0.0, "R": 0.1, "sving": 0.36, "os": 0.07, "foss": 0.0, "juv": 0.0, "B": 0.41, "Q": 15.22, "w": 32.1, "h": 0.6, "S": 0.00261, "elv": "Rukkeåi", "km": 0.0}}, {"type": "Feature", "geometry": {"type": "LineString", "coordinates": [[7.8592, 59.47552], [7.86005, 59.47474]]}, "properties": {"P": 11.75, "tau": 28.75, "tau_c": 57.45, "omega": 29.91, "M": 0.5, "D": 0.0, "R": 0.19, "sving": 0.17, "os": 0.0, "foss": 0.0, "juv": 0.0, "B": 0.98, "Q": 15.23, "w": 31.07, "h": 0.47, "S": 0.00622, "elv": "Rukkeåi", "km": 0.1}}, {"type": "Feature", "geometry": {"type": "LineString", "coordinates": [[7.86005, 59.47474], [7.86081, 59.47393]]}, "properties": {"P": 9.55, "tau": 32.75, "tau_c": 62.14, "omega": 36.2, "M": 0.53, "D": 0.0, "R": 0.22, "sving": 0.03, "os": 0.0, "foss": 0.0, "juv": 0.0, "B": 0.98, "Q": 15.23, "w": 30.05, "h": 0.46, "S": 0.00728, "elv": "Rukkeåi", "km": 0.2}}, {"type": "Feature", "geometry": {"type": "LineString", "coordinates": [[7.86081, 59.47393], [7.86177, 59.47319]]}, "properties": {"P": 15.12, "tau": 35.41, "tau_c": 62.68, "omega": 40.97, "M": 0.57, "D": 0.0, "R": 0.27, "sving": 0.18, "os": 0.0, "foss": 0.0, "juv": 0.0, "B": 0.98, "Q": 15.24, "w": 27.02, "h": 0.49, "S": 0.0074, "elv": "Rukkeåi", "km": 0.3}}, {"type": "Feature", "geometry": {"type": "LineString", "coordinates": [[7.86177, 59.47319], [7.86308, 59.4726]]}, "properties": {"P": 20.91, "tau": 49.37, "tau_c": 83.42, "omega": 65.24, "M": 0.59, "D": 0.0, "R": 0.3, "sving": 0.37, "os": 0.0, "foss": 0.0, "juv": 0.0, "B": 0.98, "Q": 15.25, "w": 30.08, "h": 0.38, "S": 0.01312, "elv": "Rukkeåi", "km": 0.4}}, {"type": "Feature", "geometry": {"type": "LineString", "coordinates": [[7.86308, 59.4726], [7.86455, 59.47212]]}, "properties": {"P": 27.78, "tau": 70.16, "tau_c": 105.69, "omega": 108.46, "M": 0.66, "D": 0.0, "R": 0.4, "sving": 0.49, "os": 0.0, "foss": 0.0, "juv": 0.0, "B": 0.99, "Q": 15.26, "w": 29.05, "h": 0.34, "S": 0.02105, "elv": "Rukkeåi", "km": 0.5}}, {"type": "Feature", "geometry": {"type": "LineString", "coordinates": [[7.86455, 59.47212], [7.86628, 59.47198]]}, "properties": {"P": 48.97, "tau": 91.83, "tau_c": 127.82, "omega": 159.67, "M": 0.72, "D": 0.0, "R": 0.47, "sving": 0.25, "os": 0.0, "foss": 1.0, "juv": 0.0, "B": 0.99, "Q": 15.36, "w": 29.05, "h": 0.3, "S": 0.03079, "elv": "Rukkeåi", "km": 0.6}}, {"type": "Feature", "geometry": {"type": "LineString", "coordinates": [[7.86628, 59.47198], [7.86794, 59.47226]]}, "properties": {"P": 48.17, "tau": 101.67, "tau_c": 133.24, "omega": 186.37, "M": 0.76, "D": 0.0, "R": 0.53, "sving": 0.11, "os": 0.0, "foss": 1.0, "juv": 0.0, "B": 0.99, "Q": 15.36, "w": 27.05, "h": 0.31, "S": 0.03346, "elv": "Rukkeåi", "km": 0.7}}, {"type": "Feature", "geometry": {"type": "LineString", "coordinates": [[7.86794, 59.47226], [7.86966, 59.4722]]}, "properties": {"P": 45.41, "tau": 98.07, "tau_c": 133.96, "omega": 175.48, "M": 0.73, "D": 0.01, "R": 0.49, "sving": 0.06, "os": 0.0, "foss": 1.0, "juv": 0.0, "B": 0.99, "Q": 15.36, "w": 29.05, "h": 0.3, "S": 0.03382, "elv": "Rukkeåi", "km": 0.8}}, {"type": "Feature", "geometry": {"type": "LineString", "coordinates": [[7.86966, 59.4722], [7.87134, 59.47196]]}, "properties": {"P": 52.01, "tau": 103.26, "tau_c": 139.01, "omega": 188.94, "M": 0.74, "D": 0.02, "R": 0.5, "sving": 0.29, "os": 0.0, "foss": 1.0, "juv": 0.0, "B": 0.99, "Q": 15.37, "w": 29.06, "h": 0.29, "S": 0.03642, "elv": "Rukkeåi", "km": 0.9}}, {"type": "Feature", "geometry": {"type": "LineString", "coordinates": [[7.87134, 59.47196], [7.87299, 59.4717]]}, "properties": {"P": 40.59, "tau": 98.93, "tau_c": 136.91, "omega": 176.9, "M": 0.72, "D": 0.06, "R": 0.48, "sving": 0.1, "os": 0.0, "foss": 0.72, "juv": 0.0, "B": 0.99, "Q": 15.37, "w": 30.12, "h": 0.29, "S": 0.03533, "elv": "Rukkeåi", "km": 1.0}}, {"type": "Feature", "geometry": {"type": "LineString", "coordinates": [[7.87299, 59.4717], [7.87454, 59.47131]]}, "properties": {"P": 35.13, "tau": 88.75, "tau_c": 128.6, "omega": 150.76, "M": 0.69, "D": 0.07, "R": 0.43, "sving": 0.13, "os": 0.0, "foss": 0.51, "juv": 0.0, "B": 0.99, "Q": 15.38, "w": 31.19, "h": 0.29, "S": 0.03117, "elv": "Rukkeåi", "km": 1.1}}, {"type": "Feature", "geometry": {"type": "LineString", "coordinates": [[7.87454, 59.47131], [7.87624, 59.47148]]}, "properties": {"P": 28.63, "tau": 82.3, "tau_c": 126.94, "omega": 133.75, "M": 0.65, "D": 0.05, "R": 0.38, "sving": 0.12, "os": 0.0, "foss": 0.37, "juv": 0.0, "B": 0.99, "Q": 15.39, "w": 34.28, "h": 0.28, "S": 0.03037, "elv": "Rukkeåi", "km": 1.2}}, {"type": "Feature", "geometry": {"type": "LineString", "coordinates": [[7.87624, 59.47148], [7.87757, 59.47099]]}, "properties": {"P": 43.64, "tau": 89.76, "tau_c": 131.46, "omega": 152.64, "M": 0.68, "D": 0.02, "R": 0.42, "sving": 0.08, "os": 0.0, "foss": 1.0, "juv": 0.0, "B": 0.99, "Q": 15.42, "w": 32.28, "h": 0.28, "S": 0.03257, "elv": "Rukkeåi", "km": 1.3}}, {"type": "Feature", "geometry": {"type": "LineString", "coordinates": [[7.87757, 59.47099], [7.87896, 59.47048]]}, "properties": {"P": 52.27, "tau": 101.38, "tau_c": 132.74, "omega": 185.72, "M": 0.76, "D": -0.0, "R": 0.53, "sving": 0.26, "os": 0.0, "foss": 1.0, "juv": 0.03, "B": 0.99, "Q": 15.52, "w": 27.22, "h": 0.31, "S": 0.03321, "elv": "Rukkeåi", "km": 1.4}}, {"type": "Feature", "geometry": {"type": "LineString", "coordinates": [[7.87896, 59.47048], [7.88034, 59.46992]]}, "properties": {"P": 52.21, "tau": 121.68, "tau_c": 143.53, "omega": 244.71, "M": 0.85, "D": -0.0, "R": 0.64, "sving": 0.08, "os": 0.0, "foss": 1.0, "juv": 0.03, "B": 0.99, "Q": 15.52, "w": 24.16, "h": 0.32, "S": 0.03883, "elv": "Rukkeåi", "km": 1.5}}, {"type": "Feature", "geometry": {"type": "LineString", "coordinates": [[7.88034, 59.46992], [7.88188, 59.46949]]}, "properties": {"P": 51.0, "tau": 121.2, "tau_c": 134.71, "omega": 247.03, "M": 0.9, "D": -0.0, "R": 0.7, "sving": 0.22, "os": 0.0, "foss": 0.72, "juv": 0.03, "B": 0.99, "Q": 15.53, "w": 21.09, "h": 0.36, "S": 0.0342, "elv": "Rukkeåi", "km": 1.6}}, {"type": "Feature", "geometry": {"type": "LineString", "coordinates": [[7.88188, 59.46949], [7.88349, 59.46914]]}, "properties": {"P": 58.73, "tau": 135.86, "tau_c": 142.77, "omega": 292.75, "M": 0.95, "D": -0.0, "R": 0.75, "sving": 0.16, "os": 0.0, "foss": 1.0, "juv": 0.03, "B": 0.99, "Q": 15.53, "w": 20.0, "h": 0.36, "S": 0.03842, "elv": "Rukkeåi", "km": 1.7}}, {"type": "Feature", "geometry": {"type": "LineString", "coordinates": [[7.88349, 59.46914], [7.88525, 59.46909]]}, "properties": {"P": 50.71, "tau": 123.1, "tau_c": 132.97, "omega": 254.06, "M": 0.93, "D": 0.02, "R": 0.72, "sving": 0.14, "os": 0.0, "foss": 0.72, "juv": 0.03, "B": 0.99, "Q": 15.54, "w": 20.0, "h": 0.38, "S": 0.03333, "elv": "Rukkeåi", "km": 1.8}}, {"type": "Feature", "geometry": {"type": "LineString", "coordinates": [[7.88525, 59.46909], [7.88694, 59.46888]]}, "properties": {"P": 60.15, "tau": 125.04, "tau_c": 140.31, "omega": 257.21, "M": 0.89, "D": 0.02, "R": 0.69, "sving": 0.26, "os": 0.06, "foss": 1.0, "juv": 0.0, "B": 0.99, "Q": 15.55, "w": 22.0, "h": 0.34, "S": 0.0371, "elv": "Rukkeåi", "km": 1.9}}, {"type": "Feature", "geometry": {"type": "LineString", "coordinates": [[7.88694, 59.46888], [7.88869, 59.46876]]}, "properties": {"P": 57.58, "tau": 125.19, "tau_c": 145.87, "omega": 255.17, "M": 0.86, "D": 0.02, "R": 0.65, "sving": 0.48, "os": 0.08, "foss": 0.72, "juv": 0.0, "B": 0.99, "Q": 15.56, "w": 24.0, "h": 0.32, "S": 0.04011, "elv": "Rukkeåi", "km": 2.0}}, {"type": "Feature", "geometry": {"type": "LineString", "coordinates": [[7.88869, 59.46876], [7.89021, 59.469]]}, "properties": {"P": 64.52, "tau": 121.36, "tau_c": 147.64, "omega": 241.85, "M": 0.82, "D": 0.01, "R": 0.61, "sving": 0.55, "os": 0.1, "foss": 1.0, "juv": 0.0, "B": 0.99, "Q": 15.6, "w": 26.0, "h": 0.3, "S": 0.04108, "elv": "Rukkeåi", "km": 2.1}}, {"type": "Feature", "geometry": {"type": "LineString", "coordinates": [[7.89021, 59.469], [7.8908, 59.46984]]}, "properties": {"P": 65.68, "tau": 145.54, "tau_c": 171.29, "omega": 312.25, "M": 0.85, "D": -0.0, "R": 0.64, "sving": 0.51, "os": 0.15, "foss": 1.0, "juv": 0.0, "B": 0.99, "Q": 15.6, "w": 27.11, "h": 0.27, "S": 0.0553, "elv": "Rukkeåi", "km": 2.2}}, {"type": "Feature", "geometry": {"type": "LineString", "coordinates": [[7.8908, 59.46984], [7.89137, 59.47069]]}, "properties": {"P": 55.65, "tau": 160.67, "tau_c": 192.85, "omega": 354.95, "M": 0.83, "D": 0.0, "R": 0.62, "sving": 0.03, "os": 0.24, "foss": 1.0, "juv": 0.0, "B": 0.99, "Q": 15.61, "w": 30.23, "h": 0.23, "S": 0.0701, "elv": "Rukkeåi", "km": 2.3}}, {"type": "Feature", "geometry": {"type": "LineString", "coordinates": [[7.89137, 59.47069], [7.89199, 59.47153]]}, "properties": {"P": 72.82, "tau": 160.76, "tau_c": 198.39, "omega": 352.35, "M": 0.81, "D": 0.01, "R": 0.59, "sving": 0.63, "os": 0.38, "foss": 1.0, "juv": 0.0, "B": 0.99, "Q": 15.61, "w": 32.23, "h": 0.22, "S": 0.07418, "elv": "Rukkeåi", "km": 2.4}}, {"type": "Feature", "geometry": {"type": "LineString", "coordinates": [[7.89199, 59.47153], [7.89352, 59.47185]]}, "properties": {"P": 73.92, "tau": 147.1, "tau_c": 188.83, "omega": 308.99, "M": 0.78, "D": 0.02, "R": 0.55, "sving": 0.53, "os": 0.58, "foss": 1.0, "juv": 0.0, "B": 0.99, "Q": 15.66, "w": 33.42, "h": 0.22, "S": 0.06721, "elv": "Rukkeåi", "km": 2.5}}, {"type": "Feature", "geometry": {"type": "LineString", "coordinates": [[7.89352, 59.47185], [7.89507, 59.47146]]}, "properties": {"P": 80.02, "tau": 152.61, "tau_c": 195.4, "omega": 324.98, "M": 0.78, "D": 0.02, "R": 0.55, "sving": 0.43, "os": 0.93, "foss": 1.0, "juv": 0.0, "B": 0.99, "Q": 15.94, "w": 34.62, "h": 0.22, "S": 0.07196, "elv": "Rukkeåi", "km": 2.6}}, {"type": "Feature", "geometry": {"type": "LineString", "coordinates": [[7.89507, 59.47146], [7.89675, 59.47131]]}, "properties": {"P": 66.81, "tau": 150.65, "tau_c": 193.83, "omega": 318.93, "M": 0.78, "D": 0.03, "R": 0.55, "sving": 0.46, "os": 0.62, "foss": 0.72, "juv": 0.0, "B": 0.99, "Q": 15.94, "w": 34.72, "h": 0.22, "S": 0.07081, "elv": "Rukkeåi", "km": 2.7}}, {"type": "Feature", "geometry": {"type": "LineString", "coordinates": [[7.89675, 59.47131], [7.89848, 59.47137]]}, "properties": {"P": 63.05, "tau": 151.55, "tau_c": 191.57, "omega": 323.18, "M": 0.79, "D": 0.04, "R": 0.57, "sving": 0.22, "os": 0.39, "foss": 1.0, "juv": 0.0, "B": 0.99, "Q": 16.0, "w": 33.59, "h": 0.22, "S": 0.06917, "elv": "Rukkeåi", "km": 2.8}}, {"type": "Feature", "geometry": {"type": "LineString", "coordinates": [[7.89848, 59.47137], [7.89961, 59.47073]]}, "properties": {"P": 61.89, "tau": 129.34, "tau_c": 166.34, "omega": 259.68, "M": 0.78, "D": 0.05, "R": 0.55, "sving": 0.32, "os": 0.25, "foss": 1.0, "juv": 0.0, "B": 0.99, "Q": 16.04, "w": 31.59, "h": 0.25, "S": 0.05215, "elv": "Rukkeåi", "km": 2.9}}, {"type": "Feature", "geometry": {"type": "LineString", "coordinates": [[7.89961, 59.47073], [7.9005, 59.46996]]}, "properties": {"P": 59.58, "tau": 135.56, "tau_c": 164.18, "omega": 281.45, "M": 0.83, "D": 0.03, "R": 0.61, "sving": 0.24, "os": 0.16, "foss": 1.0, "juv": 0.0, "B": 0.99, "Q": 16.04, "w": 28.41, "h": 0.27, "S": 0.0508, "elv": "Rukkeåi", "km": 3.0}}, {"type": "Feature", "geometry": {"type": "LineString", "coordinates": [[7.9005, 59.46996], [7.90139, 59.46919]]}, "properties": {"P": 55.12, "tau": 136.77, "tau_c": 156.71, "omega": 289.23, "M": 0.87, "D": 0.01, "R": 0.67, "sving": 0.04, "os": 0.11, "foss": 1.0, "juv": 0.0, "B": 0.99, "Q": 16.06, "w": 25.21, "h": 0.3, "S": 0.04629, "elv": "Rukkeåi", "km": 3.1}}, {"type": "Feature", "geometry": {"type": "LineString", "coordinates": [[7.90139, 59.46919], [7.90285, 59.46871]]}, "properties": {"P": 62.34, "tau": 162.98, "tau_c": 177.42, "omega": 372.11, "M": 0.92, "D": -0.0, "R": 0.72, "sving": 0.31, "os": 0.07, "foss": 1.0, "juv": 0.0, "B": 0.99, "Q": 16.13, "w": 25.23, "h": 0.28, "S": 0.05933, "elv": "Rukkeåi", "km": 3.2}}, {"type": "Feature", "geometry": {"type": "LineString", "coordinates": [[7.90285, 59.46871], [7.90415, 59.46811]]}, "properties": {"P": 56.23, "tau": 159.16, "tau_c": 174.38, "omega": 359.7, "M": 0.91, "D": 0.02, "R": 0.71, "sving": 0.39, "os": 0.0, "foss": 0.72, "juv": 0.0, "B": 0.99, "Q": 16.14, "w": 25.23, "h": 0.28, "S": 0.05731, "elv": "Rukkeåi", "km": 3.3}}, {"type": "Feature", "geometry": {"type": "LineString", "coordinates": [[7.90415, 59.46811], [7.90585, 59.46793]]}, "properties": {"P": 57.5, "tau": 150.72, "tau_c": 167.65, "omega": 332.67, "M": 0.9, "D": 0.04, "R": 0.69, "sving": 0.17, "os": 0.0, "foss": 1.0, "juv": 0.0, "B": 0.99, "Q": 16.15, "w": 25.23, "h": 0.29, "S": 0.05298, "elv": "Rukkeåi", "km": 3.4}}, {"type": "Feature", "geometry": {"type": "LineString", "coordinates": [[7.90585, 59.46793], [7.90759, 59.46794]]}, "properties": {"P": 57.2, "tau": 145.23, "tau_c": 168.74, "omega": 312.6, "M": 0.86, "D": 0.04, "R": 0.65, "sving": 0.23, "os": 0.0, "foss": 1.0, "juv": 0.0, "B": 0.99, "Q": 16.17, "w": 27.23, "h": 0.28, "S": 0.05367, "elv": "Rukkeåi", "km": 3.5}}, {"type": "Feature", "geometry": {"type": "LineString", "coordinates": [[7.90759, 59.46794], [7.90932, 59.46782]]}, "properties": {"P": 53.38, "tau": 144.39, "tau_c": 168.01, "omega": 310.03, "M": 0.86, "D": 0.03, "R": 0.65, "sving": 0.08, "os": 0.0, "foss": 1.0, "juv": 0.0, "B": 0.99, "Q": 16.18, "w": 27.23, "h": 0.28, "S": 0.0532, "elv": "Rukkeåi", "km": 3.6}}, {"type": "Feature", "geometry": {"type": "LineString", "coordinates": [[7.90932, 59.46782], [7.91106, 59.46771]]}, "properties": {"P": 56.11, "tau": 166.66, "tau_c": 182.12, "omega": 383.19, "M": 0.92, "D": 0.04, "R": 0.71, "sving": 0.08, "os": 0.0, "foss": 1.0, "juv": 0.0, "B": 0.99, "Q": 16.25, "w": 26.0, "h": 0.27, "S": 0.06251, "elv": "Rukkeåi", "km": 3.7}}, {"type": "Feature", "geometry": {"type": "LineString", "coordinates": [[7.91106, 59.46771], [7.91282, 59.4677]]}, "properties": {"P": 54.38, "tau": 129.41, "tau_c": 146.59, "omega": 269.13, "M": 0.88, "D": 0.08, "R": 0.68, "sving": 0.01, "os": 0.0, "foss": 1.0, "juv": 0.0, "B": 0.99, "Q": 16.26, "w": 24.0, "h": 0.33, "S": 0.0405, "elv": "Rukkeåi", "km": 3.8}}, {"type": "Feature", "geometry": {"type": "LineString", "coordinates": [[7.91282, 59.4677], [7.91453, 59.46753]]}, "properties": {"P": 51.98, "tau": 123.8, "tau_c": 147.05, "omega": 250.24, "M": 0.84, "D": 0.06, "R": 0.63, "sving": 0.01, "os": 0.0, "foss": 1.0, "juv": 0.0, "B": 0.99, "Q": 16.27, "w": 26.0, "h": 0.31, "S": 0.04076, "elv": "Rukkeåi", "km": 3.9}}, {"type": "Feature", "geometry": {"type": "LineString", "coordinates": [[7.91453, 59.46753], [7.91626, 59.46738]]}, "properties": {"P": 49.92, "tau": 132.18, "tau_c": 154.05, "omega": 274.91, "M": 0.86, "D": 0.04, "R": 0.65, "sving": 0.21, "os": 0.0, "foss": 0.72, "juv": 0.0, "B": 0.99, "Q": 16.29, "w": 26.0, "h": 0.3, "S": 0.04473, "elv": "Rukkeåi", "km": 4.0}}, {"type": "Feature", "geometry": {"type": "LineString", "coordinates": [[7.91626, 59.46738], [7.918, 59.46723]]}, "properties": {"P": 61.69, "tau": 133.47, "tau_c": 155.02, "omega": 278.83, "M": 0.86, "D": -0.0, "R": 0.65, "sving": 0.46, "os": 0.0, "foss": 1.0, "juv": 0.0, "B": 0.99, "Q": 16.31, "w": 26.0, "h": 0.3, "S": 0.0453, "elv": "Rukkeåi", "km": 4.1}}, {"type": "Feature", "geometry": {"type": "LineString", "coordinates": [[7.918, 59.46723], [7.91941, 59.46678]]}, "properties": {"P": 66.29, "tau": 135.47, "tau_c": 156.59, "omega": 284.91, "M": 0.87, "D": -0.0, "R": 0.66, "sving": 0.64, "os": 0.0, "foss": 1.0, "juv": 0.0, "B": 0.99, "Q": 16.34, "w": 26.0, "h": 0.3, "S": 0.04621, "elv": "Rukkeåi", "km": 4.2}}, {"type": "Feature", "geometry": {"type": "LineString", "coordinates": [[7.91941, 59.46678], [7.91969, 59.4659]]}, "properties": {"P": 64.11, "tau": 138.36, "tau_c": 164.2, "omega": 291.06, "M": 0.84, "D": -0.0, "R": 0.63, "sving": 0.59, "os": 0.0, "foss": 1.0, "juv": 0.0, "B": 0.99, "Q": 16.35, "w": 28.0, "h": 0.28, "S": 0.05082, "elv": "Rukkeåi", "km": 4.3}}, {"type": "Feature", "geometry": {"type": "LineString", "coordinates": [[7.91969, 59.4659], [7.91918, 59.46505]]}, "properties": {"P": 56.42, "tau": 154.5, "tau_c": 171.94, "omega": 344.1, "M": 0.9, "D": 0.0, "R": 0.69, "sving": 0.16, "os": 0.0, "foss": 1.0, "juv": 0.0, "B": 0.99, "Q": 16.37, "w": 26.0, "h": 0.28, "S": 0.05572, "elv": "Rukkeåi", "km": 4.4}}, {"type": "Feature", "geometry": {"type": "LineString", "coordinates": [[7.91918, 59.46505], [7.9189, 59.46419]]}, "properties": {"P": 65.06, "tau": 153.49, "tau_c": 165.17, "omega": 344.1, "M": 0.93, "D": 0.03, "R": 0.73, "sving": 0.42, "os": 0.0, "foss": 1.0, "juv": 0.0, "B": 0.99, "Q": 16.37, "w": 24.0, "h": 0.3, "S": 0.05142, "elv": "Rukkeåi", "km": 4.5}}, {"type": "Feature", "geometry": {"type": "LineString", "coordinates": [[7.9189, 59.46419], [7.91984, 59.46344]]}, "properties": {"P": 74.68, "tau": 135.79, "tau_c": 160.04, "omega": 284.34, "M": 0.85, "D": 0.08, "R": 0.64, "sving": 0.91, "os": 0.0, "foss": 1.0, "juv": 0.0, "B": 0.99, "Q": 16.39, "w": 27.3, "h": 0.29, "S": 0.04828, "elv": "Rukkeåi", "km": 4.6}}, {"type": "Feature", "geometry": {"type": "LineString", "coordinates": [[7.91984, 59.46344], [7.92141, 59.46322]]}, "properties": {"P": 64.99, "tau": 126.42, "tau_c": 151.93, "omega": 256.69, "M": 0.83, "D": 0.09, "R": 0.62, "sving": 0.81, "os": 0.0, "foss": 0.72, "juv": 0.0, "B": 0.99, "Q": 16.42, "w": 27.3, "h": 0.3, "S": 0.0435, "elv": "Rukkeåi", "km": 4.7}}, {"type": "Feature", "geometry": {"type": "LineString", "coordinates": [[7.92141, 59.46322], [7.92289, 59.46368]]}, "properties": {"P": 56.86, "tau": 111.91, "tau_c": 139.1, "omega": 215.55, "M": 0.8, "D": 0.08, "R": 0.58, "sving": 0.27, "os": 0.0, "foss": 1.0, "juv": 0.0, "B": 0.99, "Q": 16.45, "w": 27.3, "h": 0.31, "S": 0.03647, "elv": "Rukkeåi", "km": 4.8}}, {"type": "Feature", "geometry": {"type": "LineString", "coordinates": [[7.92289, 59.46368], [7.9245, 59.46404]]}, "properties": {"P": 42.9, "tau": 125.18, "tau_c": 158.48, "omega": 249.63, "M": 0.79, "D": 0.03, "R": 0.56, "sving": 0.07, "os": 0.0, "foss": 0.72, "juv": 0.0, "B": 0.99, "Q": 16.45, "w": 30.61, "h": 0.27, "S": 0.04734, "elv": "Rukkeåi", "km": 4.9}}, {"type": "Feature", "geometry": {"type": "LineString", "coordinates": [[7.9245, 59.46404], [7.92613, 59.4638]]}, "properties": {"P": 45.35, "tau": 117.48, "tau_c": 147.0, "omega": 229.81, "M": 0.8, "D": 0.01, "R": 0.58, "sving": 0.35, "os": 0.0, "foss": 0.51, "juv": 0.04, "B": 0.99, "Q": 16.45, "w": 28.61, "h": 0.29, "S": 0.04073, "elv": "Rukkeåi", "km": 5.0}}, {"type": "Feature", "geometry": {"type": "LineString", "coordinates": [[7.92613, 59.4638], [7.92771, 59.46373]]}, "properties": {"P": 54.18, "tau": 158.69, "tau_c": 178.52, "omega": 355.78, "M": 0.89, "D": 0.0, "R": 0.68, "sving": 0.07, "os": 0.0, "foss": 1.0, "juv": 0.04, "B": 0.99, "Q": 16.49, "w": 27.31, "h": 0.27, "S": 0.06007, "elv": "Rukkeåi", "km": 5.1}}, {"type": "Feature", "geometry": {"type": "LineString", "coordinates": [[7.92771, 59.46373], [7.92932, 59.46339]]}, "properties": {"P": 52.76, "tau": 172.69, "tau_c": 183.42, "omega": 405.35, "M": 0.94, "D": 0.0, "R": 0.74, "sving": 0.2, "os": 0.0, "foss": 0.72, "juv": 0.04, "B": 0.99, "Q": 16.49, "w": 25.31, "h": 0.28, "S": 0.06341, "elv": "Rukkeåi", "km": 5.2}}, {"type": "Feature", "geometry": {"type": "LineString", "coordinates": [[7.92932, 59.46339], [7.93102, 59.4636]]}, "properties": {"P": 59.89, "tau": 200.5, "tau_c": 196.8, "omega": 507.12, "M": 1.02, "D": 0.0, "R": 0.81, "sving": 0.09, "os": 0.0, "foss": 1.0, "juv": 0.04, "B": 0.99, "Q": 16.51, "w": 23.31, "h": 0.28, "S": 0.073, "elv": "Rukkeåi", "km": 5.3}}, {"type": "Feature", "geometry": {"type": "LineString", "coordinates": [[7.93102, 59.4636], [7.93273, 59.46381]]}, "properties": {"P": 61.84, "tau": 243.06, "tau_c": 211.13, "omega": 680.33, "M": 1.15, "D": 0.0, "R": 0.91, "sving": 0.01, "os": 0.0, "foss": 1.0, "juv": 0.04, "B": 0.99, "Q": 16.51, "w": 20.0, "h": 0.29, "S": 0.08402, "elv": "Rukkeåi", "km": 5.4}}, {"type": "Feature", "geometry": {"type": "LineString", "coordinates": [[7.93273, 59.46381], [7.93445, 59.46394]]}, "properties": {"P": 66.34, "tau": 212.01, "tau_c": 191.38, "omega": 559.12, "M": 1.11, "D": 0.0, "R": 0.88, "sving": 0.24, "os": 0.0, "foss": 1.0, "juv": 0.04, "B": 0.99, "Q": 16.51, "w": 20.0, "h": 0.31, "S": 0.06904, "elv": "Rukkeåi", "km": 5.5}}, {"type": "Feature", "geometry": {"type": "LineString", "coordinates": [[7.93445, 59.46394], [7.93606, 59.46358]]}, "properties": {"P": 71.3, "tau": 253.9, "tau_c": 197.04, "omega": 741.66, "M": 1.29, "D": 0.03, "R": 0.97, "sving": 0.23, "os": 0.0, "foss": 1.0, "juv": 0.07, "B": 0.99, "Q": 16.53, "w": 16.0, "h": 0.35, "S": 0.07318, "elv": "Rukkeåi", "km": 5.6}}, {"type": "Feature", "geometry": {"type": "LineString", "coordinates": [[7.93606, 59.46358], [7.93768, 59.46323]]}, "properties": {"P": 72.52, "tau": 248.69, "tau_c": 194.07, "omega": 719.88, "M": 1.28, "D": 0.13, "R": 0.97, "sving": 0.16, "os": 0.0, "foss": 1.0, "juv": 0.07, "B": 0.99, "Q": 16.54, "w": 16.0, "h": 0.36, "S": 0.07099, "elv": "Rukkeåi", "km": 5.7}}, {"type": "Feature", "geometry": {"type": "LineString", "coordinates": [[7.93768, 59.46323], [7.93932, 59.46291]]}, "properties": {"P": 49.11, "tau": 161.11, "tau_c": 193.11, "omega": 356.63, "M": 0.83, "D": 0.13, "R": 0.62, "sving": 0.05, "os": 0.0, "foss": 0.72, "juv": 0.07, "B": 0.99, "Q": 16.55, "w": 32.0, "h": 0.23, "S": 0.07028, "elv": "Rukkeåi", "km": 5.8}}, {"type": "Feature", "geometry": {"type": "LineString", "coordinates": [[7.93932, 59.46291], [7.94101, 59.46267]]}, "properties": {"P": 45.35, "tau": 123.27, "tau_c": 190.12, "omega": 230.49, "M": 0.65, "D": 0.09, "R": 0.38, "sving": 0.07, "os": 0.0, "foss": 1.0, "juv": 0.07, "B": 0.99, "Q": 16.55, "w": 48.0, "h": 0.18, "S": 0.06813, "elv": "Rukkeåi", "km": 5.9}}, {"type": "Feature", "geometry": {"type": "LineString", "coordinates": [[7.92064, 59.4433], [7.92184, 59.44396]]}, "properties": {"P": 43.41, "tau": 772.95, "tau_c": 364.2, "omega": 3588.91, "M": 2.12, "D": 0.0, "R": 0.85, "sving": 0.1, "os": 0.14, "foss": 1.0, "juv": 0.0, "B": 0.67, "Q": 23.9, "w": 28.8, "h": 0.18, "S": 0.44092, "elv": "Svartebekk", "km": 1.6}}, {"type": "Feature", "geometry": {"type": "LineString", "coordinates": [[7.95972, 59.47782], [7.95834, 59.47739]]}, "properties": {"P": 38.64, "tau": 1513.27, "tau_c": 364.2, "omega": 11373.94, "M": 4.16, "D": 0.0, "R": 0.24, "sving": 0.45, "os": 0.07, "foss": 1.0, "juv": 0.0, "B": 0.83, "Q": 236.94, "w": 73.81, "h": 0.43, "S": 0.3612, "elv": "bekk", "km": 1.4}}, {"type": "Feature", "geometry": {"type": "LineString", "coordinates": [[7.97993, 59.40337], [7.98144, 59.40292]]}, "properties": {"P": 7.71, "tau": 28.88, "tau_c": 95.7, "omega": 25.45, "M": 0.3, "D": 0.0, "R": 0.03, "sving": 0.01, "os": 0.43, "foss": 0.0, "juv": 0.0, "B": 0.64, "Q": 1.79, "w": 11.91, "h": 0.17, "S": 0.01726, "elv": "Skafsååi", "km": 0.7}}, {"type": "Feature", "geometry": {"type": "LineString", "coordinates": [[7.98144, 59.40292], [7.983, 59.40254]]}, "properties": {"P": 15.74, "tau": 37.63, "tau_c": 115.96, "omega": 37.18, "M": 0.32, "D": 0.0, "R": 0.04, "sving": 0.23, "os": 0.71, "foss": 0.0, "juv": 0.0, "B": 0.65, "Q": 1.79, "w": 11.98, "h": 0.15, "S": 0.02535, "elv": "Skafsååi", "km": 0.8}}, {"type": "Feature", "geometry": {"type": "LineString", "coordinates": [[7.983, 59.40254], [7.98471, 59.40239]]}, "properties": {"P": 36.72, "tau": 39.89, "tau_c": 121.21, "omega": 40.41, "M": 0.33, "D": 0.0, "R": 0.04, "sving": 0.39, "os": 0.86, "foss": 1.0, "juv": 0.0, "B": 0.65, "Q": 1.79, "w": 12.07, "h": 0.15, "S": 0.02769, "elv": "Skafsååi", "km": 0.9}}, {"type": "Feature", "geometry": {"type": "LineString", "coordinates": [[7.98471, 59.40239], [7.98626, 59.40275]]}, "properties": {"P": 31.9, "tau": 43.05, "tau_c": 127.92, "omega": 45.09, "M": 0.34, "D": 0.0, "R": 0.04, "sving": 0.41, "os": 0.53, "foss": 1.0, "juv": 0.0, "B": 0.65, "Q": 1.8, "w": 12.09, "h": 0.14, "S": 0.03084, "elv": "Skafsååi", "km": 1.0}}, {"type": "Feature", "geometry": {"type": "LineString", "coordinates": [[7.98626, 59.40275], [7.98776, 59.40318]]}, "properties": {"P": 23.09, "tau": 45.3, "tau_c": 132.47, "omega": 48.54, "M": 0.34, "D": 0.02, "R": 0.05, "sving": 0.29, "os": 0.34, "foss": 0.72, "juv": 0.0, "B": 0.65, "Q": 1.81, "w": 12.11, "h": 0.14, "S": 0.03307, "elv": "Skafsååi", "km": 1.1}}, {"type": "Feature", "geometry": {"type": "LineString", "coordinates": [[7.98776, 59.40318], [7.98897, 59.40365]]}, "properties": {"P": 19.3, "tau": 49.46, "tau_c": 141.17, "omega": 55.04, "M": 0.35, "D": 0.06, "R": 0.05, "sving": 0.31, "os": 0.22, "foss": 0.51, "juv": 0.0, "B": 0.65, "Q": 1.82, "w": 12.17, "h": 0.13, "S": 0.03756, "elv": "Skafsååi", "km": 1.2}}, {"type": "Feature", "geometry": {"type": "LineString", "coordinates": [[7.98897, 59.40365], [7.99038, 59.40413]]}, "properties": {"P": 13.53, "tau": 36.86, "tau_c": 114.47, "omega": 36.09, "M": 0.32, "D": 0.14, "R": 0.04, "sving": 0.09, "os": 0.14, "foss": 0.37, "juv": 0.0, "B": 0.65, "Q": 1.82, "w": 12.23, "h": 0.15, "S": 0.0247, "elv": "Skafsååi", "km": 1.3}}, {"type": "Feature", "geometry": {"type": "LineString", "coordinates": [[7.99038, 59.40413], [7.99184, 59.40382]]}, "properties": {"P": 9.79, "tau": 33.06, "tau_c": 104.4, "omega": 31.0, "M": 0.32, "D": 0.17, "R": 0.03, "sving": 0.23, "os": 0.09, "foss": 0.0, "juv": 0.0, "B": 0.66, "Q": 1.89, "w": 12.3, "h": 0.16, "S": 0.02054, "elv": "Skafsååi", "km": 1.4}}, {"type": "Feature", "geometry": {"type": "LineString", "coordinates": [[7.99184, 59.40382], [7.99333, 59.40403]]}, "properties": {"P": 13.36, "tau": 30.34, "tau_c": 98.39, "omega": 27.39, "M": 0.31, "D": 0.18, "R": 0.03, "sving": 0.47, "os": 0.06, "foss": 0.0, "juv": 0.0, "B": 0.66, "Q": 1.89, "w": 12.37, "h": 0.17, "S": 0.01825, "elv": "Skafsååi", "km": 1.5}}, {"type": "Feature", "geometry": {"type": "LineString", "coordinates": [[7.99777, 59.40372], [7.99915, 59.40379]]}, "properties": {"P": 3.39, "tau": 52.05, "tau_c": 144.18, "omega": 59.52, "M": 0.36, "D": -0.0, "R": 0.06, "sving": 0.11, "os": 0.0, "foss": 0.0, "juv": 0.0, "B": 0.67, "Q": 1.94, "w": 12.53, "h": 0.14, "S": 0.03918, "elv": "Skafsååi", "km": 1.9}}, {"type": "Feature", "geometry": {"type": "LineString", "coordinates": [[7.99915, 59.40379], [8.00071, 59.40347]]}, "properties": {"P": 6.72, "tau": 80.15, "tau_c": 196.37, "omega": 110.54, "M": 0.41, "D": -0.0, "R": 0.1, "sving": 0.25, "os": 0.0, "foss": 0.0, "juv": 0.0, "B": 0.67, "Q": 1.94, "w": 12.55, "h": 0.11, "S": 0.07268, "elv": "Skafsååi", "km": 2.0}}, {"type": "Feature", "geometry": {"type": "LineString", "coordinates": [[8.00071, 59.40347], [8.00227, 59.40316]]}, "properties": {"P": 25.31, "tau": 100.82, "tau_c": 231.39, "omega": 153.56, "M": 0.44, "D": -0.0, "R": 0.12, "sving": 0.28, "os": 0.07, "foss": 1.0, "juv": 0.0, "B": 0.67, "Q": 1.95, "w": 12.55, "h": 0.1, "S": 0.10092, "elv": "Skafsååi", "km": 2.1}}, {"type": "Feature", "geometry": {"type": "LineString", "coordinates": [[8.00227, 59.40316], [8.0038, 59.40277]]}, "properties": {"P": 25.07, "tau": 106.51, "tau_c": 240.68, "omega": 166.11, "M": 0.44, "D": -0.0, "R": 0.13, "sving": 0.21, "os": 0.12, "foss": 1.0, "juv": 0.0, "B": 0.67, "Q": 1.95, "w": 12.56, "h": 0.1, "S": 0.10918, "elv": "Skafsååi", "km": 2.2}}, {"type": "Feature", "geometry": {"type": "LineString", "coordinates": [[8.0038, 59.40277], [8.0051, 59.40228]]}, "properties": {"P": 27.96, "tau": 105.64, "tau_c": 240.8, "omega": 163.87, "M": 0.44, "D": 0.03, "R": 0.12, "sving": 0.28, "os": 0.19, "foss": 1.0, "juv": 0.0, "B": 0.67, "Q": 1.95, "w": 12.75, "h": 0.1, "S": 0.10929, "elv": "Skafsååi", "km": 2.3}}, {"type": "Feature", "geometry": {"type": "LineString", "coordinates": [[8.0051, 59.40228], [8.00614, 59.40156]]}, "properties": {"P": 29.56, "tau": 104.73, "tau_c": 240.8, "omega": 161.56, "M": 0.43, "D": 0.09, "R": 0.12, "sving": 0.19, "os": 0.3, "foss": 1.0, "juv": 0.0, "B": 0.67, "Q": 1.95, "w": 12.93, "h": 0.1, "S": 0.10929, "elv": "Skafsååi", "km": 2.4}}, {"type": "Feature", "geometry": {"type": "LineString", "coordinates": [[8.00614, 59.40156], [8.00689, 59.40076]]}, "properties": {"P": 37.19, "tau": 88.48, "tau_c": 202.84, "omega": 128.95, "M": 0.44, "D": 0.21, "R": 0.12, "sving": 0.54, "os": 0.48, "foss": 0.72, "juv": 0.0, "B": 0.68, "Q": 2.25, "w": 13.25, "h": 0.12, "S": 0.07755, "elv": "Skafsååi", "km": 2.5}}, {"type": "Feature", "geometry": {"type": "LineString", "coordinates": [[8.00689, 59.40076], [8.00782, 59.40008]]}, "properties": {"P": 37.58, "tau": 61.91, "tau_c": 158.68, "omega": 77.07, "M": 0.39, "D": 0.36, "R": 0.08, "sving": 0.43, "os": 0.68, "foss": 0.51, "juv": 0.0, "B": 0.69, "Q": 2.25, "w": 13.56, "h": 0.13, "S": 0.04746, "elv": "Skafsååi", "km": 2.6}}, {"type": "Feature", "geometry": {"type": "LineString", "coordinates": [[8.00782, 59.40008], [8.00704, 59.39939]]}, "properties": {"P": 38.34, "tau": 29.03, "tau_c": 89.37, "omega": 26.26, "M": 0.32, "D": 0.51, "R": 0.04, "sving": 0.48, "os": 0.65, "foss": 0.37, "juv": 0.0, "B": 0.69, "Q": 2.47, "w": 13.88, "h": 0.2, "S": 0.01506, "elv": "Skafsååi", "km": 2.7}}, {"type": "Feature", "geometry": {"type": "LineString", "coordinates": [[7.91411, 59.43266], [7.91535, 59.43328]]}, "properties": {"P": 7.86, "tau": 134.56, "tau_c": 364.2, "omega": 206.91, "M": 0.37, "D": 0.0, "R": 0.07, "sving": 0.16, "os": 0.0, "foss": 1.0, "juv": 0.0, "B": 0.25, "Q": 0.42, "w": 6.0, "h": 0.05, "S": 0.30388, "elv": "Leiråi", "km": 0.0}}, {"type": "Feature", "geometry": {"type": "LineString", "coordinates": [[7.91535, 59.43328], [7.91659, 59.43392]]}, "properties": {"P": 14.19, "tau": 178.24, "tau_c": 364.2, "omega": 310.12, "M": 0.49, "D": 0.0, "R": 0.18, "sving": 0.17, "os": 0.0, "foss": 1.0, "juv": 0.0, "B": 0.4, "Q": 0.42, "w": 6.0, "h": 0.04, "S": 0.44848, "elv": "Leiråi", "km": 0.1}}, {"type": "Feature", "geometry": {"type": "LineString", "coordinates": [[7.91659, 59.43392], [7.91753, 59.43465]]}, "properties": {"P": 14.37, "tau": 199.76, "tau_c": 364.2, "omega": 365.42, "M": 0.55, "D": 0.0, "R": 0.25, "sving": 0.07, "os": 0.0, "foss": 1.0, "juv": 0.0, "B": 0.4, "Q": 0.43, "w": 6.0, "h": 0.04, "S": 0.52471, "elv": "Leiråi", "km": 0.2}}, {"type": "Feature", "geometry": {"type": "LineString", "coordinates": [[7.91753, 59.43465], [7.9183, 59.43544]]}, "properties": {"P": 14.49, "tau": 199.67, "tau_c": 364.2, "omega": 365.99, "M": 0.55, "D": 0.0, "R": 0.24, "sving": 0.08, "os": 0.0, "foss": 1.0, "juv": 0.0, "B": 0.4, "Q": 0.43, "w": 6.0, "h": 0.04, "S": 0.51714, "elv": "Leiråi", "km": 0.3}}, {"type": "Feature", "geometry": {"type": "LineString", "coordinates": [[7.9183, 59.43544], [7.9193, 59.43617]]}, "properties": {"P": 15.55, "tau": 224.42, "tau_c": 364.2, "omega": 433.09, "M": 0.62, "D": 0.0, "R": 0.33, "sving": 0.04, "os": 0.0, "foss": 1.0, "juv": 0.0, "B": 0.4, "Q": 0.44, "w": 6.0, "h": 0.04, "S": 0.60746, "elv": "Leiråi", "km": 0.4}}, {"type": "Feature", "geometry": {"type": "LineString", "coordinates": [[7.9193, 59.43617], [7.92026, 59.43692]]}, "properties": {"P": 16.73, "tau": 242.41, "tau_c": 364.2, "omega": 484.06, "M": 0.67, "D": 0.01, "R": 0.4, "sving": 0.03, "os": 0.0, "foss": 1.0, "juv": 0.0, "B": 0.4, "Q": 0.44, "w": 6.01, "h": 0.04, "S": 0.67474, "elv": "Leiråi", "km": 0.5}}, {"type": "Feature", "geometry": {"type": "LineString", "coordinates": [[7.92026, 59.43692], [7.92107, 59.43769]]}, "properties": {"P": 16.42, "tau": 231.13, "tau_c": 364.2, "omega": 453.0, "M": 0.63, "D": 0.05, "R": 0.36, "sving": 0.01, "os": 0.0, "foss": 1.0, "juv": 0.0, "B": 0.4, "Q": 0.45, "w": 6.03, "h": 0.04, "S": 0.62276, "elv": "Leiråi", "km": 0.6}}, {"type": "Feature", "geometry": {"type": "LineString", "coordinates": [[7.92107, 59.43769], [7.92171, 59.43852]]}, "properties": {"P": 16.03, "tau": 208.58, "tau_c": 364.2, "omega": 391.45, "M": 0.57, "D": 0.09, "R": 0.28, "sving": 0.05, "os": 0.0, "foss": 1.0, "juv": 0.0, "B": 0.4, "Q": 0.45, "w": 6.05, "h": 0.04, "S": 0.53454, "elv": "Leiråi", "km": 0.7}}, {"type": "Feature", "geometry": {"type": "LineString", "coordinates": [[7.92171, 59.43852], [7.92267, 59.43926]]}, "properties": {"P": 15.6, "tau": 184.94, "tau_c": 364.2, "omega": 329.78, "M": 0.51, "D": 0.11, "R": 0.2, "sving": 0.11, "os": 0.0, "foss": 1.0, "juv": 0.0, "B": 0.4, "Q": 0.46, "w": 6.08, "h": 0.04, "S": 0.44793, "elv": "Leiråi", "km": 0.8}}, {"type": "Feature", "geometry": {"type": "LineString", "coordinates": [[7.92267, 59.43926], [7.92383, 59.43993]]}, "properties": {"P": 15.6, "tau": 179.33, "tau_c": 364.2, "omega": 315.68, "M": 0.49, "D": 0.1, "R": 0.18, "sving": 0.09, "os": 0.06, "foss": 1.0, "juv": 0.0, "B": 0.4, "Q": 0.46, "w": 6.14, "h": 0.04, "S": 0.42754, "elv": "Leiråi", "km": 0.9}}, {"type": "Feature", "geometry": {"type": "LineString", "coordinates": [[7.92383, 59.43993], [7.92505, 59.44057]]}, "properties": {"P": 14.65, "tau": 164.47, "tau_c": 364.2, "omega": 279.1, "M": 0.45, "D": 0.09, "R": 0.14, "sving": 0.04, "os": 0.09, "foss": 1.0, "juv": 0.0, "B": 0.4, "Q": 0.47, "w": 6.19, "h": 0.04, "S": 0.37625, "elv": "Leiråi", "km": 1.0}}, {"type": "Feature", "geometry": {"type": "LineString", "coordinates": [[7.92505, 59.44057], [7.92605, 59.44131]]}, "properties": {"P": 16.04, "tau": 156.57, "tau_c": 364.2, "omega": 261.2, "M": 0.43, "D": 0.13, "R": 0.11, "sving": 0.13, "os": 0.11, "foss": 1.0, "juv": 0.0, "B": 0.41, "Q": 0.49, "w": 6.23, "h": 0.05, "S": 0.34147, "elv": "Leiråi", "km": 1.1}}, {"type": "Feature", "geometry": {"type": "LineString", "coordinates": [[7.92605, 59.44131], [7.92683, 59.4421]]}, "properties": {"P": 18.69, "tau": 145.64, "tau_c": 364.2, "omega": 235.63, "M": 0.4, "D": 0.21, "R": 0.09, "sving": 0.3, "os": 0.14, "foss": 1.0, "juv": 0.0, "B": 0.41, "Q": 0.49, "w": 6.27, "h": 0.05, "S": 0.30672, "elv": "Leiråi", "km": 1.2}}, {"type": "Feature", "geometry": {"type": "LineString", "coordinates": [[7.99718, 59.46016], [7.99629, 59.45943]]}, "properties": {"P": 1.09, "tau": 51.05, "tau_c": 164.17, "omega": 55.13, "M": 0.31, "D": 0.0, "R": 0.03, "sving": 0.04, "os": 0.0, "foss": 0.0, "juv": 0.0, "B": 0.45, "Q": 0.99, "w": 8.93, "h": 0.1, "S": 0.0508, "elv": "Berglibekken", "km": 0.2}}, {"type": "Feature", "geometry": {"type": "LineString", "coordinates": [[7.99629, 59.45943], [7.99547, 59.45864]]}, "properties": {"P": 14.0, "tau": 47.02, "tau_c": 154.96, "omega": 48.99, "M": 0.3, "D": 0.0, "R": 0.03, "sving": 0.21, "os": 0.0, "foss": 1.0, "juv": 0.0, "B": 0.45, "Q": 0.99, "w": 8.95, "h": 0.11, "S": 0.04526, "elv": "Berglibekken", "km": 0.3}}, {"type": "Feature", "geometry": {"type": "LineString", "coordinates": [[7.99547, 59.45864], [7.99417, 59.45813]]}, "properties": {"P": 12.05, "tau": 71.6, "tau_c": 208.9, "omega": 89.6, "M": 0.34, "D": 0.0, "R": 0.05, "sving": 0.0, "os": 0.0, "foss": 1.0, "juv": 0.0, "B": 0.46, "Q": 1.0, "w": 8.97, "h": 0.09, "S": 0.08225, "elv": "Berglibekken", "km": 0.4}}, {"type": "Feature", "geometry": {"type": "LineString", "coordinates": [[7.99417, 59.45813], [7.99264, 59.45777]]}, "properties": {"P": 9.85, "tau": 97.71, "tau_c": 261.64, "omega": 139.82, "M": 0.37, "D": 0.0, "R": 0.07, "sving": 0.05, "os": 0.0, "foss": 0.72, "juv": 0.0, "B": 0.46, "Q": 1.0, "w": 9.02, "h": 0.08, "S": 0.12902, "elv": "Berglibekken", "km": 0.5}}, {"type": "Feature", "geometry": {"type": "LineString", "coordinates": [[7.99264, 59.45777], [7.99174, 59.45703]]}, "properties": {"P": 13.36, "tau": 120.76, "tau_c": 305.26, "omega": 189.24, "M": 0.4, "D": 0.0, "R": 0.08, "sving": 0.06, "os": 0.0, "foss": 1.0, "juv": 0.0, "B": 0.46, "Q": 1.0, "w": 9.07, "h": 0.07, "S": 0.17563, "elv": "Berglibekken", "km": 0.6}}, {"type": "Feature", "geometry": {"type": "LineString", "coordinates": [[7.99174, 59.45703], [7.99115, 59.4562]]}, "properties": {"P": 14.63, "tau": 150.06, "tau_c": 350.35, "omega": 259.77, "M": 0.43, "D": 0.0, "R": 0.11, "sving": 0.12, "os": 0.0, "foss": 1.0, "juv": 0.0, "B": 0.46, "Q": 1.04, "w": 9.12, "h": 0.07, "S": 0.23136, "elv": "Berglibekken", "km": 0.7}}, {"type": "Feature", "geometry": {"type": "LineString", "coordinates": [[7.99115, 59.4562], [7.98995, 59.45556]]}, "properties": {"P": 16.79, "tau": 195.78, "tau_c": 364.2, "omega": 380.19, "M": 0.54, "D": 0.0, "R": 0.23, "sving": 0.11, "os": 0.0, "foss": 1.0, "juv": 0.0, "B": 0.46, "Q": 1.05, "w": 9.17, "h": 0.06, "S": 0.33848, "elv": "Berglibekken", "km": 0.8}}, {"type": "Feature", "geometry": {"type": "LineString", "coordinates": [[7.98995, 59.45556], [7.9887, 59.45497]]}, "properties": {"P": 18.41, "tau": 232.45, "tau_c": 364.2, "omega": 485.71, "M": 0.64, "D": 0.0, "R": 0.36, "sving": 0.03, "os": 0.0, "foss": 1.0, "juv": 0.0, "B": 0.46, "Q": 1.05, "w": 9.24, "h": 0.05, "S": 0.43516, "elv": "Berglibekken", "km": 0.9}}, {"type": "Feature", "geometry": {"type": "LineString", "coordinates": [[7.9887, 59.45497], [7.98742, 59.45439]]}, "properties": {"P": 19.8, "tau": 238.27, "tau_c": 364.2, "omega": 503.06, "M": 0.65, "D": 0.0, "R": 0.38, "sving": 0.12, "os": 0.0, "foss": 1.0, "juv": 0.0, "B": 0.46, "Q": 1.05, "w": 9.26, "h": 0.05, "S": 0.45179, "elv": "Berglibekken", "km": 1.0}}, {"type": "Feature", "geometry": {"type": "LineString", "coordinates": [[7.98742, 59.45439], [7.98668, 59.45359]]}, "properties": {"P": 19.77, "tau": 240.2, "tau_c": 364.2, "omega": 510.04, "M": 0.66, "D": 0.0, "R": 0.39, "sving": 0.1, "os": 0.0, "foss": 1.0, "juv": 0.0, "B": 0.46, "Q": 1.07, "w": 9.29, "h": 0.05, "S": 0.45082, "elv": "Berglibekken", "km": 1.1}}, {"type": "Feature", "geometry": {"type": "LineString", "coordinates": [[7.98668, 59.45359], [7.98595, 59.45279]]}, "properties": {"P": 20.76, "tau": 254.98, "tau_c": 364.2, "omega": 555.59, "M": 0.7, "D": 0.01, "R": 0.45, "sving": 0.08, "os": 0.0, "foss": 1.0, "juv": 0.0, "B": 0.46, "Q": 1.07, "w": 9.31, "h": 0.05, "S": 0.49086, "elv": "Berglibekken", "km": 1.2}}, {"type": "Feature", "geometry": {"type": "LineString", "coordinates": [[7.98595, 59.45279], [7.98503, 59.45203]]}, "properties": {"P": 20.53, "tau": 252.55, "tau_c": 364.2, "omega": 547.98, "M": 0.69, "D": 0.06, "R": 0.44, "sving": 0.01, "os": 0.0, "foss": 1.0, "juv": 0.0, "B": 0.46, "Q": 1.08, "w": 9.33, "h": 0.05, "S": 0.4845, "elv": "Berglibekken", "km": 1.3}}, {"type": "Feature", "geometry": {"type": "LineString", "coordinates": [[7.98503, 59.45203], [7.98399, 59.4513]]}, "properties": {"P": 19.81, "tau": 216.26, "tau_c": 364.2, "omega": 438.77, "M": 0.59, "D": 0.11, "R": 0.3, "sving": 0.1, "os": 0.0, "foss": 1.0, "juv": 0.0, "B": 0.46, "Q": 1.08, "w": 9.35, "h": 0.06, "S": 0.38857, "elv": "Berglibekken", "km": 1.4}}, {"type": "Feature", "geometry": {"type": "LineString", "coordinates": [[7.98399, 59.4513], [7.9832, 59.45051]]}, "properties": {"P": 20.46, "tau": 181.56, "tau_c": 364.2, "omega": 341.51, "M": 0.5, "D": 0.13, "R": 0.19, "sving": 0.33, "os": 0.0, "foss": 1.0, "juv": 0.0, "B": 0.46, "Q": 1.08, "w": 9.37, "h": 0.06, "S": 0.30286, "elv": "Berglibekken", "km": 1.5}}, {"type": "Feature", "geometry": {"type": "LineString", "coordinates": [[7.9832, 59.45051], [7.9829, 59.44964]]}, "properties": {"P": 20.4, "tau": 179.32, "tau_c": 364.2, "omega": 335.7, "M": 0.49, "D": 0.11, "R": 0.18, "sving": 0.36, "os": 0.0, "foss": 1.0, "juv": 0.0, "B": 0.46, "Q": 1.09, "w": 9.47, "h": 0.06, "S": 0.29659, "elv": "Berglibekken", "km": 1.6}}, {"type": "Feature", "geometry": {"type": "LineString", "coordinates": [[7.9829, 59.44964], [7.98348, 59.4488]]}, "properties": {"P": 20.42, "tau": 178.98, "tau_c": 364.2, "omega": 334.33, "M": 0.49, "D": 0.08, "R": 0.18, "sving": 0.4, "os": 0.0, "foss": 1.0, "juv": 0.0, "B": 0.46, "Q": 1.09, "w": 9.58, "h": 0.06, "S": 0.29859, "elv": "Berglibekken", "km": 1.7}}, {"type": "Feature", "geometry": {"type": "LineString", "coordinates": [[7.93716, 59.43652], [7.93814, 59.43725]]}, "properties": {"P": 15.99, "tau": 115.31, "tau_c": 364.2, "omega": 150.0, "M": 0.32, "D": 0.0, "R": 0.03, "sving": 0.09, "os": 0.07, "foss": 1.0, "juv": 0.0, "B": 0.53, "Q": 0.2, "w": 6.0, "h": 0.03, "S": 0.45872, "elv": "bekk", "km": 2.5}}, {"type": "Feature", "geometry": {"type": "LineString", "coordinates": [[7.93814, 59.43725], [7.9395, 59.43782]]}, "properties": {"P": 18.45, "tau": 124.53, "tau_c": 364.2, "omega": 168.36, "M": 0.34, "D": 0.0, "R": 0.05, "sving": 0.25, "os": 0.07, "foss": 1.0, "juv": 0.0, "B": 0.54, "Q": 0.21, "w": 6.0, "h": 0.03, "S": 0.49505, "elv": "bekk", "km": 2.6}}, {"type": "Feature", "geometry": {"type": "LineString", "coordinates": [[7.9395, 59.43782], [7.94097, 59.43831]]}, "properties": {"P": 17.67, "tau": 124.53, "tau_c": 364.2, "omega": 169.23, "M": 0.34, "D": 0.04, "R": 0.05, "sving": 0.14, "os": 0.07, "foss": 1.0, "juv": 0.0, "B": 0.54, "Q": 0.22, "w": 6.0, "h": 0.03, "S": 0.47919, "elv": "bekk", "km": 2.7}}, {"type": "Feature", "geometry": {"type": "LineString", "coordinates": [[7.94097, 59.43831], [7.94253, 59.43871]]}, "properties": {"P": 15.91, "tau": 113.14, "tau_c": 364.2, "omega": 146.23, "M": 0.31, "D": 0.04, "R": 0.03, "sving": 0.03, "os": 0.06, "foss": 1.0, "juv": 0.0, "B": 0.55, "Q": 0.22, "w": 6.66, "h": 0.03, "S": 0.44316, "elv": "bekk", "km": 2.8}}, {"type": "Feature", "geometry": {"type": "LineString", "coordinates": [[8.00411, 59.43545], [8.00488, 59.43623]]}, "properties": {"P": 30.26, "tau": 241.55, "tau_c": 364.2, "omega": 500.6, "M": 0.66, "D": 0.02, "R": 0.4, "sving": 0.15, "os": 1.0, "foss": 1.0, "juv": 0.0, "B": 0.44, "Q": 0.74, "w": 7.76, "h": 0.05, "S": 0.53279, "elv": "bekk", "km": 0.0}}, {"type": "Feature", "geometry": {"type": "LineString", "coordinates": [[8.00488, 59.43623], [8.00568, 59.437]]}, "properties": {"P": 26.66, "tau": 217.55, "tau_c": 364.2, "omega": 431.01, "M": 0.6, "D": 0.05, "R": 0.31, "sving": 0.3, "os": 0.62, "foss": 1.0, "juv": 0.0, "B": 0.44, "Q": 0.74, "w": 7.76, "h": 0.05, "S": 0.45827, "elv": "bekk", "km": 0.1}}, {"type": "Feature", "geometry": {"type": "LineString", "coordinates": [[8.00568, 59.437], [8.00612, 59.43781]]}, "properties": {"P": 22.84, "tau": 209.97, "tau_c": 364.2, "omega": 406.59, "M": 0.58, "D": 0.05, "R": 0.28, "sving": 0.23, "os": 0.38, "foss": 1.0, "juv": 0.0, "B": 0.44, "Q": 0.74, "w": 8.23, "h": 0.05, "S": 0.45827, "elv": "bekk", "km": 0.2}}, {"type": "Feature", "geometry": {"type": "LineString", "coordinates": [[8.00612, 59.43781], [8.00589, 59.43862]]}, "properties": {"P": 22.06, "tau": 203.0, "tau_c": 364.2, "omega": 384.6, "M": 0.56, "D": 0.03, "R": 0.26, "sving": 0.31, "os": 0.29, "foss": 1.0, "juv": 0.0, "B": 0.44, "Q": 0.74, "w": 8.71, "h": 0.05, "S": 0.45827, "elv": "bekk", "km": 0.3}}, {"type": "Feature", "geometry": {"type": "LineString", "coordinates": [[8.0651, 59.45226], [8.06409, 59.45156]]}, "properties": {"P": 17.52, "tau": 114.73, "tau_c": 364.2, "omega": 150.66, "M": 0.32, "D": 0.0, "R": 0.03, "sving": 0.51, "os": 0.0, "foss": 1.0, "juv": 0.0, "B": 0.46, "Q": 0.22, "w": 6.0, "h": 0.03, "S": 0.42344, "elv": "Juvstøylbekken", "km": 1.5}}, {"type": "Feature", "geometry": {"type": "LineString", "coordinates": [[8.06409, 59.45156], [8.06415, 59.45071]]}, "properties": {"P": 18.01, "tau": 140.36, "tau_c": 364.2, "omega": 202.06, "M": 0.39, "D": 0.0, "R": 0.08, "sving": 0.46, "os": 0.0, "foss": 1.0, "juv": 0.0, "B": 0.46, "Q": 0.23, "w": 6.0, "h": 0.03, "S": 0.54775, "elv": "Juvstøylbekken", "km": 1.6}}, {"type": "Feature", "geometry": {"type": "LineString", "coordinates": [[8.06415, 59.45071], [8.06337, 59.44991]]}, "properties": {"P": 14.56, "tau": 164.31, "tau_c": 364.2, "omega": 254.37, "M": 0.45, "D": 0.0, "R": 0.13, "sving": 0.04, "os": 0.0, "foss": 1.0, "juv": 0.0, "B": 0.47, "Q": 0.23, "w": 6.0, "h": 0.03, "S": 0.66595, "elv": "Juvstøylbekken", "km": 1.7}}, {"type": "Feature", "geometry": {"type": "LineString", "coordinates": [[8.06337, 59.44991], [8.06244, 59.44916]]}, "properties": {"P": 17.27, "tau": 187.89, "tau_c": 364.2, "omega": 309.6, "M": 0.52, "D": 0.0, "R": 0.21, "sving": 0.14, "os": 0.0, "foss": 1.0, "juv": 0.0, "B": 0.47, "Q": 0.24, "w": 6.0, "h": 0.02, "S": 0.78371, "elv": "Juvstøylbekken", "km": 1.8}}, {"type": "Feature", "geometry": {"type": "LineString", "coordinates": [[8.06244, 59.44916], [8.06157, 59.44839]]}, "properties": {"P": 18.14, "tau": 195.11, "tau_c": 364.2, "omega": 328.25, "M": 0.54, "D": 0.01, "R": 0.23, "sving": 0.15, "os": 0.0, "foss": 1.0, "juv": 0.0, "B": 0.48, "Q": 0.25, "w": 6.0, "h": 0.02, "S": 0.80428, "elv": "Juvstøylbekken", "km": 1.9}}, {"type": "Feature", "geometry": {"type": "LineString", "coordinates": [[8.06157, 59.44839], [8.06097, 59.44755]]}, "properties": {"P": 20.01, "tau": 187.27, "tau_c": 364.2, "omega": 310.9, "M": 0.51, "D": 0.09, "R": 0.2, "sving": 0.23, "os": 0.0, "foss": 1.0, "juv": 0.0, "B": 0.49, "Q": 0.26, "w": 6.0, "h": 0.03, "S": 0.7381, "elv": "Juvstøylbekken", "km": 2.0}}, {"type": "Feature", "geometry": {"type": "LineString", "coordinates": [[8.06097, 59.44755], [8.06088, 59.44666]]}, "properties": {"P": 20.77, "tau": 179.55, "tau_c": 364.2, "omega": 293.97, "M": 0.49, "D": 0.2, "R": 0.18, "sving": 0.16, "os": 0.0, "foss": 1.0, "juv": 0.0, "B": 0.49, "Q": 0.27, "w": 6.0, "h": 0.03, "S": 0.67689, "elv": "Juvstøylbekken", "km": 2.1}}, {"type": "Feature", "geometry": {"type": "LineString", "coordinates": [[8.02391, 59.47131], [8.0236, 59.47052]]}, "properties": {"P": 17.17, "tau": 59.26, "tau_c": 196.13, "omega": 66.54, "M": 0.3, "D": 0.0, "R": 0.03, "sving": 0.31, "os": 0.3, "foss": 1.0, "juv": 0.0, "B": 0.42, "Q": 0.62, "w": 6.68, "h": 0.08, "S": 0.0725, "elv": "bekk", "km": 1.2}}, {"type": "Feature", "geometry": {"type": "LineString", "coordinates": [[8.01242, 59.45508], [8.01326, 59.4544]]}, "properties": {"P": 18.14, "tau": 66.97, "tau_c": 221.65, "omega": 78.52, "M": 0.3, "D": 0.0, "R": 0.03, "sving": 0.52, "os": 0.19, "foss": 1.0, "juv": 0.0, "B": 0.42, "Q": 0.6, "w": 6.95, "h": 0.07, "S": 0.0926, "elv": "bekk", "km": 1.0}}, {"type": "Feature", "geometry": {"type": "LineString", "coordinates": [[8.01326, 59.4544], [8.01448, 59.45377]]}, "properties": {"P": 12.92, "tau": 79.84, "tau_c": 251.1, "omega": 101.06, "M": 0.32, "D": 0.0, "R": 0.04, "sving": 0.21, "os": 0.26, "foss": 0.72, "juv": 0.0, "B": 0.42, "Q": 0.6, "w": 6.98, "h": 0.07, "S": 0.11884, "elv": "bekk", "km": 1.1}}, {"type": "Feature", "geometry": {"type": "LineString", "coordinates": [[8.01448, 59.45377], [8.01499, 59.45294]]}, "properties": {"P": 21.4, "tau": 88.19, "tau_c": 270.01, "omega": 116.51, "M": 0.33, "D": 0.0, "R": 0.04, "sving": 0.61, "os": 0.4, "foss": 1.0, "juv": 0.0, "B": 0.42, "Q": 0.61, "w": 7.02, "h": 0.07, "S": 0.13742, "elv": "bekk", "km": 1.2}}, {"type": "Feature", "geometry": {"type": "LineString", "coordinates": [[8.01499, 59.45294], [8.01468, 59.45212]]}, "properties": {"P": 22.85, "tau": 82.76, "tau_c": 258.4, "omega": 106.31, "M": 0.32, "D": 0.0, "R": 0.04, "sving": 0.53, "os": 0.62, "foss": 1.0, "juv": 0.0, "B": 0.42, "Q": 0.61, "w": 7.05, "h": 0.07, "S": 0.12585, "elv": "bekk", "km": 1.3}}, {"type": "Feature", "geometry": {"type": "LineString", "coordinates": [[8.01468, 59.45212], [8.01319, 59.45171]]}, "properties": {"P": 21.25, "tau": 81.05, "tau_c": 252.6, "omega": 103.44, "M": 0.32, "D": 0.0, "R": 0.04, "sving": 0.0, "os": 0.99, "foss": 1.0, "juv": 0.0, "B": 0.42, "Q": 0.62, "w": 7.08, "h": 0.07, "S": 0.12026, "elv": "bekk", "km": 1.4}}, {"type": "Feature", "geometry": {"type": "LineString", "coordinates": [[8.01319, 59.45171], [8.01222, 59.45103]]}, "properties": {"P": 19.35, "tau": 134.8, "tau_c": 362.5, "omega": 214.64, "M": 0.37, "D": 0.0, "R": 0.07, "sving": 0.13, "os": 0.62, "foss": 1.0, "juv": 0.0, "B": 0.42, "Q": 0.63, "w": 7.11, "h": 0.06, "S": 0.24767, "elv": "bekk", "km": 1.5}}, {"type": "Feature", "geometry": {"type": "LineString", "coordinates": [[8.01222, 59.45103], [8.01272, 59.4502]]}, "properties": {"P": 19.39, "tau": 145.44, "tau_c": 364.2, "omega": 239.41, "M": 0.4, "D": 0.0, "R": 0.09, "sving": 0.32, "os": 0.4, "foss": 1.0, "juv": 0.0, "B": 0.42, "Q": 0.63, "w": 7.14, "h": 0.05, "S": 0.27549, "elv": "bekk", "km": 1.6}}, {"type": "Feature", "geometry": {"type": "LineString", "coordinates": [[8.01272, 59.4502], [8.01297, 59.44935]]}, "properties": {"P": 17.44, "tau": 172.19, "tau_c": 364.2, "omega": 304.68, "M": 0.47, "D": 0.0, "R": 0.16, "sving": 0.11, "os": 0.3, "foss": 1.0, "juv": 0.0, "B": 0.42, "Q": 0.63, "w": 7.18, "h": 0.05, "S": 0.35246, "elv": "bekk", "km": 1.7}}, {"type": "Feature", "geometry": {"type": "LineString", "coordinates": [[8.01297, 59.44935], [8.0126, 59.44848]]}, "properties": {"P": 19.51, "tau": 199.46, "tau_c": 364.2, "omega": 375.83, "M": 0.55, "D": 0.06, "R": 0.24, "sving": 0.19, "os": 0.2, "foss": 1.0, "juv": 0.0, "B": 0.42, "Q": 0.63, "w": 7.21, "h": 0.05, "S": 0.43696, "elv": "bekk", "km": 1.8}}, {"type": "Feature", "geometry": {"type": "LineString", "coordinates": [[8.0126, 59.44848], [8.01203, 59.44763]]}, "properties": {"P": 22.09, "tau": 225.69, "tau_c": 364.2, "omega": 450.39, "M": 0.62, "D": 0.17, "R": 0.34, "sving": 0.13, "os": 0.19, "foss": 1.0, "juv": 0.0, "B": 0.43, "Q": 0.65, "w": 7.25, "h": 0.05, "S": 0.50827, "elv": "bekk", "km": 1.9}}, {"type": "Feature", "geometry": {"type": "LineString", "coordinates": [[7.99864, 59.56539], [7.99903, 59.56452]]}, "properties": {"P": 51.81, "tau": 153.18, "tau_c": 65.85, "omega": 445.84, "M": 2.33, "D": 0.0, "R": 0.77, "sving": 0.23, "os": 1.0, "foss": 0.0, "juv": 0.11, "B": 0.82, "Q": 222.42, "w": 40.0, "h": 1.91, "S": 0.00817, "elv": "Tokke", "km": 0.0}}, {"type": "Feature", "geometry": {"type": "LineString", "coordinates": [[7.99903, 59.56452], [7.99972, 59.56369]]}, "properties": {"P": 40.39, "tau": 154.26, "tau_c": 67.74, "omega": 449.31, "M": 2.28, "D": 0.0, "R": 0.79, "sving": 0.01, "os": 0.61, "foss": 0.0, "juv": 0.08, "B": 0.83, "Q": 222.42, "w": 42.0, "h": 1.82, "S": 0.00865, "elv": "Tokke", "km": 0.1}}, {"type": "Feature", "geometry": {"type": "LineString", "coordinates": [[7.99972, 59.56369], [8.0006, 59.56292]]}, "properties": {"P": 41.67, "tau": 174.91, "tau_c": 74.19, "omega": 539.01, "M": 2.36, "D": 0.0, "R": 0.75, "sving": 0.04, "os": 0.66, "foss": 0.0, "juv": 0.08, "B": 0.85, "Q": 222.43, "w": 42.0, "h": 1.72, "S": 0.01037, "elv": "Tokke", "km": 0.2}}, {"type": "Feature", "geometry": {"type": "LineString", "coordinates": [[8.0006, 59.56292], [8.00102, 59.56205]]}, "properties": {"P": 46.18, "tau": 188.91, "tau_c": 78.44, "omega": 602.57, "M": 2.41, "D": 0.0, "R": 0.73, "sving": 0.01, "os": 0.92, "foss": 0.0, "juv": 0.08, "B": 0.86, "Q": 222.44, "w": 42.0, "h": 1.66, "S": 0.0116, "elv": "Tokke", "km": 0.3}}, {"type": "Feature", "geometry": {"type": "LineString", "coordinates": [[8.00102, 59.56205], [8.00159, 59.56121]]}, "properties": {"P": 38.62, "tau": 211.82, "tau_c": 81.29, "omega": 715.25, "M": 2.61, "D": 0.0, "R": 0.65, "sving": 0.06, "os": 0.56, "foss": 0.0, "juv": 0.17, "B": 0.87, "Q": 222.44, "w": 38.0, "h": 1.73, "S": 0.01246, "elv": "Tokke", "km": 0.4}}, {"type": "Feature", "geometry": {"type": "LineString", "coordinates": [[8.00159, 59.56121], [8.00223, 59.56038]]}, "properties": {"P": 32.55, "tau": 224.47, "tau_c": 80.38, "omega": 781.6, "M": 2.79, "D": 0.0, "R": 0.58, "sving": 0.03, "os": 0.34, "foss": 0.0, "juv": 0.26, "B": 0.88, "Q": 222.45, "w": 34.0, "h": 1.88, "S": 0.01218, "elv": "Tokke", "km": 0.5}}, {"type": "Feature", "geometry": {"type": "LineString", "coordinates": [[8.00223, 59.56038], [8.00287, 59.55954]]}, "properties": {"P": 33.01, "tau": 214.81, "tau_c": 73.19, "omega": 734.46, "M": 2.93, "D": 0.0, "R": 0.53, "sving": 0.21, "os": 0.21, "foss": 0.0, "juv": 0.33, "B": 0.89, "Q": 222.45, "w": 30.0, "h": 2.17, "S": 0.0101, "elv": "Tokke", "km": 0.6}}, {"type": "Feature", "geometry": {"type": "LineString", "coordinates": [[8.00287, 59.55954], [8.00315, 59.55867]]}, "properties": {"P": 34.94, "tau": 298.74, "tau_c": 98.93, "omega": 1183.96, "M": 3.02, "D": 0.0, "R": 0.51, "sving": 0.42, "os": 0.12, "foss": 0.0, "juv": 0.31, "B": 0.89, "Q": 222.45, "w": 34.0, "h": 1.65, "S": 0.01845, "elv": "Tokke", "km": 0.7}}, {"type": "Feature", "geometry": {"type": "LineString", "coordinates": [[8.00315, 59.55867], [8.00276, 59.55781]]}, "properties": {"P": 43.88, "tau": 270.11, "tau_c": 101.58, "omega": 1010.5, "M": 2.66, "D": 0.07, "R": 0.63, "sving": 0.56, "os": 0.08, "foss": 0.0, "juv": 0.29, "B": 0.9, "Q": 222.46, "w": 42.0, "h": 1.42, "S": 0.01945, "elv": "Tokke", "km": 0.8}}, {"type": "Feature", "geometry": {"type": "LineString", "coordinates": [[8.00276, 59.55781], [8.00162, 59.55718]]}, "properties": {"P": 73.01, "tau": 212.65, "tau_c": 94.28, "omega": 703.11, "M": 2.26, "D": 0.14, "R": 0.79, "sving": 0.65, "os": 0.0, "foss": 1.0, "juv": 0.18, "B": 0.91, "Q": 222.46, "w": 52.0, "h": 1.29, "S": 0.01675, "elv": "Tokke", "km": 0.9}}, {"type": "Feature", "geometry": {"type": "LineString", "coordinates": [[8.00162, 59.55718], [8.00006, 59.55681]]}, "properties": {"P": 66.92, "tau": 189.21, "tau_c": 93.84, "omega": 584.21, "M": 2.02, "D": 0.17, "R": 0.89, "sving": 0.51, "os": 0.0, "foss": 0.72, "juv": 0.07, "B": 0.92, "Q": 222.47, "w": 62.0, "h": 1.16, "S": 0.0166, "elv": "Tokke", "km": 1.0}}, {"type": "Feature", "geometry": {"type": "LineString", "coordinates": [[8.00006, 59.55681], [7.99831, 59.5568]]}, "properties": {"P": 64.0, "tau": 178.18, "tau_c": 97.25, "omega": 525.69, "M": 1.83, "D": 0.16, "R": 0.95, "sving": 0.52, "os": 0.0, "foss": 0.51, "juv": 0.0, "B": 0.93, "Q": 222.47, "w": 74.0, "h": 1.02, "S": 0.01783, "elv": "Tokke", "km": 1.1}}, {"type": "Feature", "geometry": {"type": "LineString", "coordinates": [[7.99831, 59.5568], [7.99655, 59.55681]]}, "properties": {"P": 57.31, "tau": 179.07, "tau_c": 102.12, "omega": 523.16, "M": 1.75, "D": 0.16, "R": 0.97, "sving": 0.32, "os": 0.0, "foss": 0.37, "juv": 0.0, "B": 0.93, "Q": 222.47, "w": 82.0, "h": 0.93, "S": 0.01966, "elv": "Tokke", "km": 1.2}}, {"type": "Feature", "geometry": {"type": "LineString", "coordinates": [[7.99655, 59.55681], [7.9951, 59.55727]]}, "properties": {"P": 54.49, "tau": 121.13, "tau_c": 78.79, "omega": 296.96, "M": 1.54, "D": 0.2, "R": 1.0, "sving": 0.44, "os": 0.0, "foss": 0.0, "juv": 0.0, "B": 0.94, "Q": 222.48, "w": 86.0, "h": 1.06, "S": 0.0117, "elv": "Tokke", "km": 1.3}}, {"type": "Feature", "geometry": {"type": "LineString", "coordinates": [[7.9951, 59.55727], [7.99368, 59.55758]]}, "properties": {"P": 46.17, "tau": 108.11, "tau_c": 71.87, "omega": 252.93, "M": 1.5, "D": 0.14, "R": 1.0, "sving": 0.14, "os": 0.0, "foss": 0.0, "juv": 0.0, "B": 0.95, "Q": 222.49, "w": 84.0, "h": 1.13, "S": 0.00973, "elv": "Tokke", "km": 1.4}}, {"type": "Feature", "geometry": {"type": "LineString", "coordinates": [[7.99368, 59.55758], [7.99304, 59.55678]]}, "properties": {"P": 52.05, "tau": 119.62, "tau_c": 76.46, "omega": 293.27, "M": 1.56, "D": 0.07, "R": 1.0, "sving": 0.47, "os": 0.0, "foss": 0.0, "juv": 0.0, "B": 0.95, "Q": 222.49, "w": 82.0, "h": 1.11, "S": 0.01102, "elv": "Tokke", "km": 1.5}}, {"type": "Feature", "geometry": {"type": "LineString", "coordinates": [[7.99304, 59.55678], [7.99148, 59.55648]]}, "properties": {"P": 59.23, "tau": 118.01, "tau_c": 71.46, "omega": 291.81, "M": 1.65, "D": 0.0, "R": 0.99, "sving": 0.81, "os": 0.05, "foss": 0.0, "juv": 0.02, "B": 0.96, "Q": 222.49, "w": 72.0, "h": 1.25, "S": 0.00963, "elv": "Tokke", "km": 1.6}}, {"type": "Feature", "geometry": {"type": "LineString", "coordinates": [[7.99148, 59.55648], [7.99039, 59.55601]]}, "properties": {"P": 41.9, "tau": 153.87, "tau_c": 79.68, "omega": 435.39, "M": 1.93, "D": -0.0, "R": 0.92, "sving": 0.17, "os": 0.06, "foss": 0.0, "juv": 0.04, "B": 0.96, "Q": 222.54, "w": 60.0, "h": 1.31, "S": 0.01197, "elv": "Tokke", "km": 1.7}}, {"type": "Feature", "geometry": {"type": "LineString", "coordinates": [[7.99039, 59.55601], [7.99071, 59.55515]]}, "properties": {"P": 51.32, "tau": 154.58, "tau_c": 73.57, "omega": 445.46, "M": 2.1, "D": -0.0, "R": 0.85, "sving": 0.64, "os": 0.07, "foss": 0.0, "juv": 0.04, "B": 0.97, "Q": 222.55, "w": 50.0, "h": 1.54, "S": 0.0102, "elv": "Tokke", "km": 1.8}}, {"type": "Feature", "geometry": {"type": "LineString", "coordinates": [[7.99071, 59.55515], [7.99081, 59.55427]]}, "properties": {"P": 48.27, "tau": 160.85, "tau_c": 78.43, "omega": 468.71, "M": 2.05, "D": 0.01, "R": 0.87, "sving": 0.41, "os": 0.11, "foss": 0.0, "juv": 0.04, "B": 0.98, "Q": 222.55, "w": 54.0, "h": 1.41, "S": 0.01159, "elv": "Tokke", "km": 1.9}}, {"type": "Feature", "geometry": {"type": "LineString", "coordinates": [[7.99081, 59.55427], [7.99162, 59.55351]]}, "properties": {"P": 44.17, "tau": 159.52, "tau_c": 76.63, "omega": 464.64, "M": 2.08, "D": 0.01, "R": 0.86, "sving": 0.19, "os": 0.17, "foss": 0.0, "juv": 0.04, "B": 0.98, "Q": 222.55, "w": 52.0, "h": 1.47, "S": 0.01107, "elv": "Tokke", "km": 2.0}}, {"type": "Feature", "geometry": {"type": "LineString", "coordinates": [[7.99162, 59.55351], [7.99203, 59.55266]]}, "properties": {"P": 44.59, "tau": 141.51, "tau_c": 72.69, "omega": 388.47, "M": 1.95, "D": 0.01, "R": 0.91, "sving": 0.02, "os": 0.28, "foss": 0.0, "juv": 0.02, "B": 0.99, "Q": 222.67, "w": 56.0, "h": 1.45, "S": 0.00996, "elv": "Tokke", "km": 2.1}}, {"type": "Feature", "geometry": {"type": "LineString", "coordinates": [[7.99203, 59.55266], [7.99313, 59.55197]]}, "properties": {"P": 60.01, "tau": 163.21, "tau_c": 83.11, "omega": 473.98, "M": 1.96, "D": -0.0, "R": 0.9, "sving": 0.52, "os": 0.45, "foss": 0.0, "juv": 0.0, "B": 0.99, "Q": 222.67, "w": 60.0, "h": 1.28, "S": 0.01302, "elv": "Tokke", "km": 2.2}}, {"type": "Feature", "geometry": {"type": "LineString", "coordinates": [[7.99313, 59.55197], [7.99332, 59.55117]]}, "properties": {"P": 61.99, "tau": 196.08, "tau_c": 92.44, "omega": 621.03, "M": 2.12, "D": -0.0, "R": 0.85, "sving": 0.38, "os": 0.73, "foss": 0.0, "juv": 0.02, "B": 1.0, "Q": 227.98, "w": 58.0, "h": 1.24, "S": 0.01611, "elv": "Tokke", "km": 2.3}}, {"type": "Feature", "geometry": {"type": "LineString", "coordinates": [[7.99332, 59.55117], [7.99199, 59.55062]]}, "properties": {"P": 68.96, "tau": 247.85, "tau_c": 100.42, "omega": 885.6, "M": 2.47, "D": 0.01, "R": 0.71, "sving": 0.61, "os": 0.96, "foss": 0.0, "juv": 0.09, "B": 1.0, "Q": 227.98, "w": 48.0, "h": 1.33, "S": 0.01901, "elv": "Tokke", "km": 2.4}}, {"type": "Feature", "geometry": {"type": "LineString", "coordinates": [[7.99199, 59.55062], [7.9908, 59.55003]]}, "properties": {"P": 89.77, "tau": 200.09, "tau_c": 90.81, "omega": 643.76, "M": 2.2, "D": 0.03, "R": 0.81, "sving": 0.59, "os": 0.59, "foss": 1.0, "juv": 0.09, "B": 1.01, "Q": 227.99, "w": 54.0, "h": 1.31, "S": 0.01554, "elv": "Tokke", "km": 2.5}}, {"type": "Feature", "geometry": {"type": "LineString", "coordinates": [[7.9908, 59.55003], [7.98943, 59.54952]]}, "properties": {"P": 70.66, "tau": 187.52, "tau_c": 86.66, "omega": 586.31, "M": 2.16, "D": 0.05, "R": 0.83, "sving": 0.26, "os": 0.37, "foss": 0.72, "juv": 0.09, "B": 1.01, "Q": 228.0, "w": 54.0, "h": 1.35, "S": 0.01416, "elv": "Tokke", "km": 2.6}}, {"type": "Feature", "geometry": {"type": "LineString", "coordinates": [[7.98943, 59.54952], [7.98768, 59.54943]]}, "properties": {"P": 63.92, "tau": 213.38, "tau_c": 95.11, "omega": 706.22, "M": 2.24, "D": 0.07, "R": 0.8, "sving": 0.35, "os": 0.23, "foss": 0.51, "juv": 0.09, "B": 1.01, "Q": 228.0, "w": 54.0, "h": 1.28, "S": 0.01705, "elv": "Tokke", "km": 2.7}}, {"type": "Feature", "geometry": {"type": "LineString", "coordinates": [[7.98768, 59.54943], [7.98592, 59.54944]]}, "properties": {"P": 58.35, "tau": 176.07, "tau_c": 85.54, "omega": 531.92, "M": 2.06, "D": 0.13, "R": 0.87, "sving": 0.16, "os": 0.15, "foss": 0.37, "juv": 0.07, "B": 1.02, "Q": 228.01, "w": 58.0, "h": 1.3, "S": 0.01379, "elv": "Tokke", "km": 2.8}}, {"type": "Feature", "geometry": {"type": "LineString", "coordinates": [[7.98592, 59.54944], [7.9842, 59.54957]]}, "properties": {"P": 61.83, "tau": 157.21, "tau_c": 80.06, "omega": 450.39, "M": 1.96, "D": 0.17, "R": 0.9, "sving": 0.62, "os": 0.1, "foss": 0.0, "juv": 0.02, "B": 1.02, "Q": 228.02, "w": 60.0, "h": 1.33, "S": 0.01208, "elv": "Tokke", "km": 2.9}}, {"type": "Feature", "geometry": {"type": "LineString", "coordinates": [[7.9842, 59.54957], [7.98351, 59.54895]]}, "properties": {"P": 62.62, "tau": 116.21, "tau_c": 69.53, "omega": 286.71, "M": 1.67, "D": 0.2, "R": 0.98, "sving": 0.5, "os": 0.06, "foss": 0.0, "juv": 0.02, "B": 1.03, "Q": 228.38, "w": 71.2, "h": 1.3, "S": 0.00911, "elv": "Tokke", "km": 3.0}}, {"type": "Feature", "geometry": {"type": "LineString", "coordinates": [[7.98351, 59.54895], [7.98385, 59.54808]]}, "properties": {"P": 86.4, "tau": 116.41, "tau_c": 73.81, "omega": 283.33, "M": 1.58, "D": 0.15, "R": 1.0, "sving": 0.56, "os": 0.0, "foss": 1.0, "juv": 0.02, "B": 1.03, "Q": 228.38, "w": 81.2, "h": 1.16, "S": 0.01027, "elv": "Tokke", "km": 3.1}}, {"type": "Feature", "geometry": {"type": "LineString", "coordinates": [[7.98385, 59.54808], [7.98343, 59.54721]]}, "properties": {"P": 69.39, "tau": 115.01, "tau_c": 73.97, "omega": 277.67, "M": 1.55, "D": 0.09, "R": 1.0, "sving": 0.23, "os": 0.0, "foss": 0.72, "juv": 0.02, "B": 1.03, "Q": 228.39, "w": 83.2, "h": 1.14, "S": 0.01031, "elv": "Tokke", "km": 3.2}}, {"type": "Feature", "geometry": {"type": "LineString", "coordinates": [[7.98343, 59.54721], [7.98305, 59.54634]]}, "properties": {"P": 59.12, "tau": 99.62, "tau_c": 68.12, "omega": 224.75, "M": 1.46, "D": 0.09, "R": 1.0, "sving": 0.02, "os": 0.0, "foss": 0.51, "juv": 0.02, "B": 1.04, "Q": 228.4, "w": 87.2, "h": 1.16, "S": 0.00875, "elv": "Tokke", "km": 3.3}}, {"type": "Feature", "geometry": {"type": "LineString", "coordinates": [[7.98305, 59.54634], [7.98322, 59.5455]]}, "properties": {"P": 62.53, "tau": 110.82, "tau_c": 75.72, "omega": 259.81, "M": 1.46, "D": 0.1, "R": 1.0, "sving": 0.29, "os": 0.0, "foss": 0.37, "juv": 0.0, "B": 1.04, "Q": 228.4, "w": 93.2, "h": 1.05, "S": 0.01081, "elv": "Tokke", "km": 3.4}}, {"type": "Feature", "geometry": {"type": "LineString", "coordinates": [[7.98322, 59.5455], [7.98347, 59.54464]]}, "properties": {"P": 55.21, "tau": 74.13, "tau_c": 52.42, "omega": 148.8, "M": 1.41, "D": 0.17, "R": 1.0, "sving": 0.28, "os": 0.0, "foss": 0.0, "juv": 0.0, "B": 1.04, "Q": 228.46, "w": 78.0, "h": 1.46, "S": 0.00518, "elv": "Tokke", "km": 3.5}}, {"type": "Feature", "geometry": {"type": "LineString", "coordinates": [[7.98347, 59.54464], [7.98436, 59.54389]]}, "properties": {"P": 52.74, "tau": 76.6, "tau_c": 52.42, "omega": 156.85, "M": 1.46, "D": 0.11, "R": 1.0, "sving": 0.24, "os": 0.0, "foss": 0.0, "juv": 0.0, "B": 1.05, "Q": 228.47, "w": 74.0, "h": 1.51, "S": 0.00518, "elv": "Tokke", "km": 3.6}}, {"type": "Feature", "geometry": {"type": "LineString", "coordinates": [[7.98436, 59.54389], [7.98523, 59.54311]]}, "properties": {"P": 46.82, "tau": 67.21, "tau_c": 51.35, "omega": 127.72, "M": 1.31, "D": 0.08, "R": 0.97, "sving": 0.09, "os": 0.0, "foss": 0.0, "juv": 0.0, "B": 1.05, "Q": 228.47, "w": 87.23, "h": 1.38, "S": 0.00497, "elv": "Tokke", "km": 3.7}}, {"type": "Feature", "geometry": {"type": "LineString", "coordinates": [[7.98523, 59.54311], [7.98641, 59.54248]]}, "properties": {"P": 45.09, "tau": 79.7, "tau_c": 56.81, "omega": 164.03, "M": 1.4, "D": 0.0, "R": 0.99, "sving": 0.09, "os": 0.0, "foss": 0.0, "juv": 0.0, "B": 1.05, "Q": 228.77, "w": 83.23, "h": 1.34, "S": 0.00608, "elv": "Tokke", "km": 3.8}}, {"type": "Feature", "geometry": {"type": "LineString", "coordinates": [[7.98641, 59.54248], [7.98708, 59.54165]]}, "properties": {"P": 53.27, "tau": 75.58, "tau_c": 54.1, "omega": 152.4, "M": 1.4, "D": 0.0, "R": 0.99, "sving": 0.4, "os": 0.0, "foss": 0.0, "juv": 0.0, "B": 1.05, "Q": 228.77, "w": 81.23, "h": 1.4, "S": 0.00552, "elv": "Tokke", "km": 3.9}}, {"type": "Feature", "geometry": {"type": "LineString", "coordinates": [[7.98708, 59.54165], [7.98831, 59.54102]]}, "properties": {"P": 47.38, "tau": 105.07, "tau_c": 67.78, "omega": 245.28, "M": 1.55, "D": -0.0, "R": 1.0, "sving": 0.17, "os": 0.0, "foss": 0.0, "juv": 0.0, "B": 1.06, "Q": 228.78, "w": 79.23, "h": 1.24, "S": 0.00866, "elv": "Tokke", "km": 4.0}}, {"type": "Feature", "geometry": {"type": "LineString", "coordinates": [[7.98831, 59.54102], [7.98994, 59.54104]]}, "properties": {"P": 48.04, "tau": 115.53, "tau_c": 68.32, "omega": 285.18, "M": 1.69, "D": -0.0, "R": 0.98, "sving": 0.2, "os": 0.0, "foss": 0.0, "juv": 0.02, "B": 1.06, "Q": 228.78, "w": 69.23, "h": 1.34, "S": 0.0088, "elv": "Tokke", "km": 4.1}}, {"type": "Feature", "geometry": {"type": "LineString", "coordinates": [[7.98994, 59.54104], [7.99156, 59.54072]]}, "properties": {"P": 64.56, "tau": 156.63, "tau_c": 74.71, "omega": 454.0, "M": 2.1, "D": -0.0, "R": 0.86, "sving": 0.04, "os": 0.0, "foss": 1.0, "juv": 0.02, "B": 1.06, "Q": 228.78, "w": 52.0, "h": 1.52, "S": 0.01052, "elv": "Tokke", "km": 4.2}}, {"type": "Feature", "geometry": {"type": "LineString", "coordinates": [[7.99156, 59.54072], [7.99296, 59.5402]]}, "properties": {"P": 57.62, "tau": 174.86, "tau_c": 83.65, "omega": 528.63, "M": 2.09, "D": -0.0, "R": 0.86, "sving": 0.05, "os": 0.0, "foss": 0.72, "juv": 0.02, "B": 1.07, "Q": 228.8, "w": 56.0, "h": 1.35, "S": 0.01319, "elv": "Tokke", "km": 4.3}}, {"type": "Feature", "geometry": {"type": "LineString", "coordinates": [[7.99296, 59.5402], [7.99406, 59.5395]]}, "properties": {"P": 53.7, "tau": 180.96, "tau_c": 79.91, "omega": 562.74, "M": 2.26, "D": 0.0, "R": 0.79, "sving": 0.13, "os": 0.0, "foss": 0.51, "juv": 0.14, "B": 1.07, "Q": 228.8, "w": 48.0, "h": 1.53, "S": 0.01203, "elv": "Tokke", "km": 4.4}}, {"type": "Feature", "geometry": {"type": "LineString", "coordinates": [[7.99406, 59.5395], [7.99563, 59.53962]]}, "properties": {"P": 49.14, "tau": 222.79, "tau_c": 89.19, "omega": 764.83, "M": 2.5, "D": 0.0, "R": 0.7, "sving": 0.21, "os": 0.0, "foss": 0.37, "juv": 0.2, "B": 1.07, "Q": 228.8, "w": 44.0, "h": 1.51, "S": 0.01499, "elv": "Tokke", "km": 4.5}}, {"type": "Feature", "geometry": {"type": "LineString", "coordinates": [[7.99563, 59.53962], [7.99739, 59.5396]]}, "properties": {"P": 40.99, "tau": 171.06, "tau_c": 76.72, "omega": 518.83, "M": 2.23, "D": 0.0, "R": 0.8, "sving": 0.1, "os": 0.0, "foss": 0.0, "juv": 0.18, "B": 1.07, "Q": 228.8, "w": 48.0, "h": 1.57, "S": 0.0111, "elv": "Tokke", "km": 4.6}}, {"type": "Feature", "geometry": {"type": "LineString", "coordinates": [[7.99739, 59.5396], [7.99915, 59.53953]]}, "properties": {"P": 48.52, "tau": 263.16, "tau_c": 100.58, "omega": 972.88, "M": 2.62, "D": -0.0, "R": 0.65, "sving": 0.59, "os": 0.0, "foss": 0.0, "juv": 0.25, "B": 1.08, "Q": 228.85, "w": 44.0, "h": 1.41, "S": 0.01907, "elv": "Tokke", "km": 4.7}}, {"type": "Feature", "geometry": {"type": "LineString", "coordinates": [[7.99915, 59.53953], [7.99976, 59.53881]]}, "properties": {"P": 37.67, "tau": 399.35, "tau_c": 120.55, "omega": 1808.84, "M": 3.31, "D": -0.0, "R": 0.42, "sving": 0.52, "os": 0.0, "foss": 0.0, "juv": 0.32, "B": 1.08, "Q": 228.87, "w": 34.0, "h": 1.49, "S": 0.02739, "elv": "Tokke", "km": 4.8}}, {"type": "Feature", "geometry": {"type": "LineString", "coordinates": [[7.99976, 59.53881], [8.0, 59.53796]]}, "properties": {"P": 67.76, "tau": 348.92, "tau_c": 112.31, "omega": 1482.83, "M": 3.11, "D": -0.0, "R": 0.48, "sving": 0.59, "os": 0.0, "foss": 1.0, "juv": 0.27, "B": 1.08, "Q": 228.9, "w": 36.0, "h": 1.5, "S": 0.02377, "elv": "Tokke", "km": 4.9}}, {"type": "Feature", "geometry": {"type": "LineString", "coordinates": [[8.0, 59.53796], [8.00028, 59.53708]]}, "properties": {"P": 48.72, "tau": 490.01, "tau_c": 143.58, "omega": 2423.64, "M": 3.41, "D": -0.0, "R": 0.39, "sving": 0.01, "os": 0.0, "foss": 1.0, "juv": 0.27, "B": 1.08, "Q": 228.91, "w": 36.0, "h": 1.29, "S": 0.03885, "elv": "Tokke", "km": 5.0}}, {"type": "Feature", "geometry": {"type": "LineString", "coordinates": [[8.00028, 59.53708], [8.00015, 59.53619]]}, "properties": {"P": 46.75, "tau": 567.6, "tau_c": 141.78, "omega": 3038.68, "M": 4.0, "D": -0.0, "R": 0.26, "sving": 0.35, "os": 0.0, "foss": 0.72, "juv": 0.38, "B": 1.08, "Q": 228.91, "w": 28.0, "h": 1.53, "S": 0.03789, "elv": "Tokke", "km": 5.1}}, {"type": "Feature", "geometry": {"type": "LineString", "coordinates": [[8.00015, 59.53619], [8.00081, 59.53545]]}, "properties": {"P": 51.02, "tau": 660.41, "tau_c": 151.62, "omega": 3796.95, "M": 4.36, "D": 0.01, "R": 0.21, "sving": 0.24, "os": 0.0, "foss": 1.0, "juv": 0.47, "B": 1.09, "Q": 228.97, "w": 25.63, "h": 1.55, "S": 0.04333, "elv": "Tokke", "km": 5.2}}, {"type": "Feature", "geometry": {"type": "LineString", "coordinates": [[8.00081, 59.53545], [8.00237, 59.53503]]}, "properties": {"P": 41.62, "tau": 610.28, "tau_c": 136.39, "omega": 3385.68, "M": 4.47, "D": 0.06, "R": 0.19, "sving": 0.08, "os": 0.0, "foss": 0.72, "juv": 0.56, "B": 1.09, "Q": 228.98, "w": 23.26, "h": 1.77, "S": 0.03506, "elv": "Tokke", "km": 5.3}}, {"type": "Feature", "geometry": {"type": "LineString", "coordinates": [[8.00237, 59.53503], [8.00364, 59.53441]]}, "properties": {"P": 59.95, "tau": 508.8, "tau_c": 124.45, "omega": 2595.8, "M": 4.09, "D": 0.13, "R": 0.25, "sving": 0.32, "os": 0.0, "foss": 1.0, "juv": 0.52, "B": 1.09, "Q": 228.98, "w": 25.26, "h": 1.78, "S": 0.02919, "elv": "Tokke", "km": 5.4}}, {"type": "Feature", "geometry": {"type": "LineString", "coordinates": [[8.00364, 59.53441], [8.00384, 59.53365]]}, "properties": {"P": 55.7, "tau": 492.93, "tau_c": 130.7, "omega": 2471.78, "M": 3.77, "D": 0.18, "R": 0.31, "sving": 0.32, "os": 0.0, "foss": 0.72, "juv": 0.45, "B": 1.09, "Q": 229.0, "w": 29.26, "h": 1.56, "S": 0.0322, "elv": "Tokke", "km": 5.5}}, {"type": "Feature", "geometry": {"type": "LineString", "coordinates": [[8.00384, 59.53365], [8.00312, 59.53284]]}, "properties": {"P": 53.32, "tau": 367.38, "tau_c": 118.46, "omega": 1594.4, "M": 3.1, "D": 0.23, "R": 0.48, "sving": 0.15, "os": 0.0, "foss": 0.51, "juv": 0.34, "B": 1.09, "Q": 229.0, "w": 37.26, "h": 1.42, "S": 0.02645, "elv": "Tokke", "km": 5.6}}, {"type": "Feature", "geometry": {"type": "LineString", "coordinates": [[8.00312, 59.53284], [8.00349, 59.53202]]}, "properties": {"P": 49.63, "tau": 334.05, "tau_c": 111.08, "omega": 1388.61, "M": 3.01, "D": 0.2, "R": 0.51, "sving": 0.12, "os": 0.05, "foss": 0.37, "juv": 0.29, "B": 1.1, "Q": 229.04, "w": 37.63, "h": 1.46, "S": 0.02326, "elv": "Tokke", "km": 5.7}}, {"type": "Feature", "geometry": {"type": "LineString", "coordinates": [[8.00349, 59.53202], [8.00415, 59.53123]]}, "properties": {"P": 68.35, "tau": 245.58, "tau_c": 93.6, "omega": 883.47, "M": 2.62, "D": 0.18, "R": 0.65, "sving": 0.04, "os": 0.08, "foss": 1.0, "juv": 0.16, "B": 1.1, "Q": 229.07, "w": 42.0, "h": 1.52, "S": 0.01651, "elv": "Tokke", "km": 5.8}}, {"type": "Feature", "geometry": {"type": "LineString", "coordinates": [[8.00415, 59.53123], [8.00493, 59.53044]]}, "properties": {"P": 64.62, "tau": 289.91, "tau_c": 107.81, "omega": 1118.87, "M": 2.69, "D": 0.08, "R": 0.62, "sving": 0.32, "os": 0.12, "foss": 0.72, "juv": 0.14, "B": 1.1, "Q": 229.07, "w": 44.0, "h": 1.35, "S": 0.02191, "elv": "Tokke", "km": 5.9}}, {"type": "Feature", "geometry": {"type": "LineString", "coordinates": [[8.00493, 59.53044], [8.00439, 59.52962]]}, "properties": {"P": 56.79, "tau": 257.99, "tau_c": 96.99, "omega": 948.69, "M": 2.66, "D": 0.13, "R": 0.63, "sving": 0.06, "os": 0.19, "foss": 0.51, "juv": 0.16, "B": 1.1, "Q": 229.08, "w": 42.0, "h": 1.48, "S": 0.01773, "elv": "Tokke", "km": 6.0}}, {"type": "Feature", "geometry": {"type": "LineString", "coordinates": [[8.00439, 59.52962], [8.0034, 59.52893]]}, "properties": {"P": 74.26, "tau": 250.88, "tau_c": 88.39, "omega": 919.26, "M": 2.84, "D": 0.14, "R": 0.57, "sving": 0.16, "os": 0.31, "foss": 1.0, "juv": 0.23, "B": 1.1, "Q": 229.08, "w": 36.0, "h": 1.74, "S": 0.01473, "elv": "Tokke", "km": 6.1}}, {"type": "Feature", "geometry": {"type": "LineString", "coordinates": [[8.0034, 59.52893], [8.00432, 59.5282]]}, "properties": {"P": 77.13, "tau": 121.32, "tau_c": 53.5, "omega": 319.11, "M": 2.27, "D": 0.14, "R": 0.79, "sving": 0.08, "os": 0.43, "foss": 0.72, "juv": 0.18, "B": 1.1, "Q": 229.11, "w": 38.0, "h": 2.29, "S": 0.0054, "elv": "Tokke", "km": 6.2}}, {"type": "Feature", "geometry": {"type": "LineString", "coordinates": [[8.00432, 59.5282], [8.00436, 59.52731]]}, "properties": {"P": 71.49, "tau": 196.29, "tau_c": 75.9, "omega": 642.29, "M": 2.59, "D": 0.05, "R": 0.66, "sving": 0.15, "os": 0.68, "foss": 0.51, "juv": 0.18, "B": 1.11, "Q": 229.11, "w": 38.0, "h": 1.84, "S": 0.01086, "elv": "Tokke", "km": 6.3}}, {"type": "Feature", "geometry": {"type": "LineString", "coordinates": [[8.00436, 59.52731], [8.00419, 59.52643]]}, "properties": {"P": 69.73, "tau": 243.2, "tau_c": 84.01, "omega": 880.74, "M": 2.89, "D": 0.01, "R": 0.55, "sving": 0.23, "os": 0.89, "foss": 0.37, "juv": 0.25, "B": 1.11, "Q": 229.48, "w": 34.0, "h": 1.86, "S": 0.0133, "elv": "Tokke", "km": 6.4}}, {"type": "Feature", "geometry": {"type": "LineString", "coordinates": [[8.00419, 59.52643], [8.00381, 59.52556]]}, "properties": {"P": 74.73, "tau": 177.32, "tau_c": 64.77, "omega": 556.24, "M": 2.74, "D": -0.0, "R": 0.6, "sving": 0.0, "os": 0.54, "foss": 1.0, "juv": 0.3, "B": 1.11, "Q": 229.48, "w": 32.0, "h": 2.29, "S": 0.00791, "elv": "Tokke", "km": 6.5}}, {"type": "Feature", "geometry": {"type": "LineString", "coordinates": [[8.00381, 59.52556], [8.00375, 59.52467]]}, "properties": {"P": 57.46, "tau": 316.18, "tau_c": 101.65, "omega": 1289.51, "M": 3.11, "D": -0.0, "R": 0.48, "sving": 0.1, "os": 0.33, "foss": 0.72, "juv": 0.25, "B": 1.11, "Q": 229.49, "w": 34.0, "h": 1.66, "S": 0.01947, "elv": "Tokke", "km": 6.6}}, {"type": "Feature", "geometry": {"type": "LineString", "coordinates": [[8.00375, 59.52467], [8.00382, 59.52379]]}, "properties": {"P": 51.8, "tau": 358.18, "tau_c": 114.32, "omega": 1540.56, "M": 3.13, "D": -0.0, "R": 0.47, "sving": 0.26, "os": 0.2, "foss": 0.51, "juv": 0.21, "B": 1.11, "Q": 229.5, "w": 36.0, "h": 1.48, "S": 0.02463, "elv": "Tokke", "km": 6.7}}, {"type": "Feature", "geometry": {"type": "LineString", "coordinates": [[8.00382, 59.52379], [8.00319, 59.52296]]}, "properties": {"P": 66.28, "tau": 416.57, "tau_c": 127.52, "omega": 1916.95, "M": 3.27, "D": -0.0, "R": 0.43, "sving": 0.45, "os": 0.12, "foss": 1.0, "juv": 0.21, "B": 1.11, "Q": 229.51, "w": 36.0, "h": 1.39, "S": 0.03065, "elv": "Tokke", "km": 6.8}}, {"type": "Feature", "geometry": {"type": "LineString", "coordinates": [[8.00319, 59.52296], [8.00184, 59.52245]]}, "properties": {"P": 65.35, "tau": 397.46, "tau_c": 123.26, "omega": 1791.02, "M": 3.22, "D": 0.02, "R": 0.44, "sving": 0.41, "os": 0.08, "foss": 1.0, "juv": 0.21, "B": 1.12, "Q": 229.51, "w": 36.0, "h": 1.41, "S": 0.02864, "elv": "Tokke", "km": 6.9}}, {"type": "Feature", "geometry": {"type": "LineString", "coordinates": [[8.00184, 59.52245], [8.0002, 59.52215]]}, "properties": {"P": 61.86, "tau": 360.92, "tau_c": 117.89, "omega": 1552.44, "M": 3.06, "D": 0.08, "R": 0.49, "sving": 0.18, "os": 0.05, "foss": 1.0, "juv": 0.16, "B": 1.12, "Q": 229.57, "w": 38.0, "h": 1.4, "S": 0.02619, "elv": "Tokke", "km": 7.0}}, {"type": "Feature", "geometry": {"type": "LineString", "coordinates": [[8.0002, 59.52215], [7.99869, 59.52173]]}, "properties": {"P": 50.06, "tau": 371.59, "tau_c": 123.29, "omega": 1613.32, "M": 3.01, "D": 0.11, "R": 0.51, "sving": 0.02, "os": 0.0, "foss": 0.72, "juv": 0.14, "B": 1.12, "Q": 229.6, "w": 40.0, "h": 1.32, "S": 0.02865, "elv": "Tokke", "km": 7.1}}, {"type": "Feature", "geometry": {"type": "LineString", "coordinates": [[7.99869, 59.52173], [7.99739, 59.52113]]}, "properties": {"P": 57.39, "tau": 255.08, "tau_c": 98.2, "omega": 930.37, "M": 2.6, "D": 0.16, "R": 0.66, "sving": 0.14, "os": 0.06, "foss": 0.51, "juv": 0.12, "B": 1.12, "Q": 229.6, "w": 44.0, "h": 1.43, "S": 0.01817, "elv": "Tokke", "km": 7.2}}, {"type": "Feature", "geometry": {"type": "LineString", "coordinates": [[7.99739, 59.52113], [7.99606, 59.52056]]}, "properties": {"P": 52.02, "tau": 290.91, "tau_c": 112.35, "omega": 1116.51, "M": 2.59, "D": 0.1, "R": 0.66, "sving": 0.13, "os": 0.1, "foss": 0.37, "juv": 0.09, "B": 1.12, "Q": 229.62, "w": 48.0, "h": 1.25, "S": 0.02379, "elv": "Tokke", "km": 7.3}}, {"type": "Feature", "geometry": {"type": "LineString", "coordinates": [[7.99606, 59.52056], [7.99477, 59.52]]}, "properties": {"P": 46.71, "tau": 256.15, "tau_c": 102.51, "omega": 929.45, "M": 2.5, "D": 0.06, "R": 0.7, "sving": 0.23, "os": 0.16, "foss": 0.0, "juv": 0.09, "B": 1.12, "Q": 229.62, "w": 48.0, "h": 1.32, "S": 0.01981, "elv": "Tokke", "km": 7.4}}, {"type": "Feature", "geometry": {"type": "LineString", "coordinates": [[7.99154, 59.51503], [7.99054, 59.5143]]}, "properties": {"P": 70.67, "tau": 184.9, "tau_c": 70.19, "omega": 591.12, "M": 2.63, "D": 0.43, "R": 0.64, "sving": 0.28, "os": 0.09, "foss": 0.37, "juv": 0.23, "B": 1.14, "Q": 233.61, "w": 36.0, "h": 2.03, "S": 0.00929, "elv": "Tokke", "km": 8.3}}, {"type": "Feature", "geometry": {"type": "LineString", "coordinates": [[7.99054, 59.5143], [7.98977, 59.5135]]}, "properties": {"P": 55.74, "tau": 102.06, "tau_c": 46.75, "omega": 248.4, "M": 2.18, "D": 0.33, "R": 0.82, "sving": 0.01, "os": 0.06, "foss": 0.0, "juv": 0.19, "B": 1.14, "Q": 233.61, "w": 38.0, "h": 2.53, "S": 0.00412, "elv": "Tokke", "km": 8.4}}, {"type": "Feature", "geometry": {"type": "LineString", "coordinates": [[7.98977, 59.5135], [7.98966, 59.51261]]}, "properties": {"P": 28.48, "tau": 7.41, "tau_c": 11.65, "omega": 5.21, "M": 0.64, "D": 0.19, "R": 0.36, "sving": 0.1, "os": 0.0, "foss": 0.0, "juv": 0.12, "B": 1.14, "Q": 233.62, "w": 44.0, "h": 7.56, "S": 0.0001, "elv": "Tokke", "km": 8.5}}, {"type": "Feature", "geometry": {"type": "LineString", "coordinates": [[7.98966, 59.51261], [7.98988, 59.51173]]}, "properties": {"P": 33.57, "tau": 254.1, "tau_c": 101.14, "omega": 920.59, "M": 2.51, "D": 0.0, "R": 0.69, "sving": 0.02, "os": 0.0, "foss": 0.0, "juv": 0.05, "B": 1.14, "Q": 233.62, "w": 48.0, "h": 1.34, "S": 0.01928, "elv": "Tokke", "km": 8.6}}, {"type": "Feature", "geometry": {"type": "LineString", "coordinates": [[7.98988, 59.51173], [7.9893, 59.51092]]}, "properties": {"P": 38.56, "tau": 390.47, "tau_c": 132.48, "omega": 1723.08, "M": 2.95, "D": 0.0, "R": 0.53, "sving": 0.42, "os": 0.0, "foss": 0.0, "juv": 0.12, "B": 1.14, "Q": 233.63, "w": 44.0, "h": 1.2, "S": 0.03308, "elv": "Tokke", "km": 8.7}}, {"type": "Feature", "geometry": {"type": "LineString", "coordinates": [[7.9893, 59.51092], [7.98847, 59.51017]]}, "properties": {"P": 72.28, "tau": 410.77, "tau_c": 137.41, "omega": 1853.71, "M": 2.99, "D": 0.0, "R": 0.52, "sving": 0.65, "os": 0.0, "foss": 1.0, "juv": 0.12, "B": 1.14, "Q": 233.64, "w": 44.0, "h": 1.18, "S": 0.03559, "elv": "Tokke", "km": 8.8}}, {"type": "Feature", "geometry": {"type": "LineString", "coordinates": [[7.98847, 59.51017], [7.98693, 59.50984]]}, "properties": {"P": 64.28, "tau": 476.44, "tau_c": 149.69, "omega": 2304.83, "M": 3.18, "D": 0.0, "R": 0.46, "sving": 0.43, "os": 0.0, "foss": 1.0, "juv": 0.16, "B": 1.14, "Q": 233.64, "w": 42.0, "h": 1.15, "S": 0.04223, "elv": "Tokke", "km": 8.9}}, {"type": "Feature", "geometry": {"type": "LineString", "coordinates": [[7.98693, 59.50984], [7.98523, 59.50987]]}, "properties": {"P": 46.71, "tau": 655.67, "tau_c": 175.59, "omega": 3699.81, "M": 3.73, "D": 0.0, "R": 0.31, "sving": 0.27, "os": 0.0, "foss": 0.72, "juv": 0.23, "B": 1.14, "Q": 233.65, "w": 36.0, "h": 1.15, "S": 0.05811, "elv": "Tokke", "km": 9.0}}, {"type": "Feature", "geometry": {"type": "LineString", "coordinates": [[7.98523, 59.50987], [7.98361, 59.50981]]}, "properties": {"P": 50.37, "tau": 719.15, "tau_c": 177.71, "omega": 4263.68, "M": 4.05, "D": 0.04, "R": 0.25, "sving": 0.13, "os": 0.0, "foss": 1.0, "juv": 0.3, "B": 1.14, "Q": 233.66, "w": 32.0, "h": 1.23, "S": 0.05952, "elv": "Tokke", "km": 9.1}}, {"type": "Feature", "geometry": {"type": "LineString", "coordinates": [[7.98361, 59.50981], [7.98203, 59.50954]]}, "properties": {"P": 61.9, "tau": 597.52, "tau_c": 159.88, "omega": 3248.51, "M": 3.74, "D": 0.1, "R": 0.31, "sving": 0.37, "os": 0.0, "foss": 1.0, "juv": 0.26, "B": 1.14, "Q": 233.7, "w": 34.0, "h": 1.26, "S": 0.04818, "elv": "Tokke", "km": 9.2}}, {"type": "Feature", "geometry": {"type": "LineString", "coordinates": [[7.98203, 59.50954], [7.98073, 59.50894]]}, "properties": {"P": 60.44, "tau": 498.78, "tau_c": 140.29, "omega": 2501.42, "M": 3.56, "D": 0.15, "R": 0.36, "sving": 0.47, "os": 0.0, "foss": 0.72, "juv": 0.26, "B": 1.15, "Q": 233.72, "w": 34.0, "h": 1.37, "S": 0.03709, "elv": "Tokke", "km": 9.3}}, {"type": "Feature", "geometry": {"type": "LineString", "coordinates": [[7.98073, 59.50894], [7.97973, 59.50821]]}, "properties": {"P": 67.4, "tau": 457.99, "tau_c": 135.46, "omega": 2202.97, "M": 3.38, "D": 0.15, "R": 0.4, "sving": 0.39, "os": 0.0, "foss": 1.0, "juv": 0.22, "B": 1.15, "Q": 233.75, "w": 36.0, "h": 1.35, "S": 0.03459, "elv": "Tokke", "km": 9.4}}, {"type": "Feature", "geometry": {"type": "LineString", "coordinates": [[7.97973, 59.50821], [7.97929, 59.50734]]}, "properties": {"P": 53.76, "tau": 441.17, "tau_c": 138.45, "omega": 2071.22, "M": 3.19, "D": 0.09, "R": 0.45, "sving": 0.22, "os": 0.0, "foss": 0.72, "juv": 0.15, "B": 1.15, "Q": 233.77, "w": 40.0, "h": 1.24, "S": 0.03613, "elv": "Tokke", "km": 9.5}}, {"type": "Feature", "geometry": {"type": "LineString", "coordinates": [[7.97929, 59.50734], [7.97896, 59.50646]]}, "properties": {"P": 51.03, "tau": 407.28, "tau_c": 130.68, "omega": 1845.49, "M": 3.12, "D": 0.06, "R": 0.48, "sving": 0.33, "os": 0.0, "foss": 0.51, "juv": 0.15, "B": 1.15, "Q": 233.77, "w": 40.0, "h": 1.29, "S": 0.03219, "elv": "Tokke", "km": 9.6}}, {"type": "Feature", "geometry": {"type": "LineString", "coordinates": [[7.97896, 59.50646], [7.97852, 59.5056]]}, "properties": {"P": 64.69, "tau": 432.39, "tau_c": 133.15, "omega": 2020.12, "M": 3.25, "D": 0.03, "R": 0.44, "sving": 0.41, "os": 0.0, "foss": 1.0, "juv": 0.19, "B": 1.15, "Q": 234.19, "w": 38.0, "h": 1.32, "S": 0.03341, "elv": "Tokke", "km": 9.7}}, {"type": "Feature", "geometry": {"type": "LineString", "coordinates": [[7.97852, 59.5056], [7.97897, 59.50482]]}, "properties": {"P": 57.8, "tau": 392.42, "tau_c": 117.78, "omega": 1767.73, "M": 3.33, "D": 0.02, "R": 0.41, "sving": 0.16, "os": 0.0, "foss": 1.0, "juv": 0.28, "B": 1.15, "Q": 234.33, "w": 34.0, "h": 1.53, "S": 0.02615, "elv": "Tokke", "km": 9.8}}, {"type": "Feature", "geometry": {"type": "LineString", "coordinates": [[7.97897, 59.50482], [7.98023, 59.50424]]}, "properties": {"P": 50.93, "tau": 406.63, "tau_c": 113.81, "omega": 1870.77, "M": 3.57, "D": 0.01, "R": 0.35, "sving": 0.24, "os": 0.0, "foss": 0.72, "juv": 0.36, "B": 1.15, "Q": 234.34, "w": 30.0, "h": 1.7, "S": 0.02441, "elv": "Tokke", "km": 9.9}}, {"type": "Feature", "geometry": {"type": "LineString", "coordinates": [[7.98023, 59.50424], [7.98063, 59.50339]]}, "properties": {"P": 40.22, "tau": 451.25, "tau_c": 114.37, "omega": 2182.2, "M": 3.95, "D": 0.09, "R": 0.27, "sving": 0.05, "os": 0.0, "foss": 0.51, "juv": 0.43, "B": 1.15, "Q": 234.6, "w": 26.0, "h": 1.87, "S": 0.02465, "elv": "Tokke", "km": 10.0}}, {"type": "Feature", "geometry": {"type": "LineString", "coordinates": [[7.98063, 59.50339], [7.9813, 59.50257]]}, "properties": {"P": 46.57, "tau": 351.08, "tau_c": 98.79, "omega": 1512.01, "M": 3.55, "D": 0.22, "R": 0.36, "sving": 0.13, "os": 0.0, "foss": 0.37, "juv": 0.39, "B": 1.15, "Q": 234.61, "w": 28.0, "h": 1.95, "S": 0.01839, "elv": "Tokke", "km": 10.1}}, {"type": "Feature", "geometry": {"type": "LineString", "coordinates": [[7.9813, 59.50257], [7.98198, 59.50176]]}, "properties": {"P": 45.54, "tau": 181.31, "tau_c": 58.53, "omega": 571.61, "M": 3.1, "D": 0.35, "R": 0.48, "sving": 0.06, "os": 0.0, "foss": 0.0, "juv": 0.43, "B": 1.15, "Q": 234.62, "w": 26.0, "h": 2.86, "S": 0.00646, "elv": "Tokke", "km": 10.2}}, {"type": "Feature", "geometry": {"type": "LineString", "coordinates": [[7.98198, 59.50176], [7.98359, 59.50143]]}, "properties": {"P": 48.45, "tau": 164.99, "tau_c": 62.69, "omega": 501.41, "M": 2.63, "D": 0.3, "R": 0.64, "sving": 0.02, "os": 0.0, "foss": 0.0, "juv": 0.32, "B": 1.16, "Q": 234.63, "w": 34.0, "h": 2.27, "S": 0.00741, "elv": "Tokke", "km": 10.3}}, {"type": "Feature", "geometry": {"type": "LineString", "coordinates": [[7.98359, 59.50143], [7.98418, 59.50068]]}, "properties": {"P": 50.4, "tau": 149.41, "tau_c": 59.98, "omega": 433.57, "M": 2.49, "D": 0.17, "R": 0.7, "sving": 0.2, "os": 0.0, "foss": 0.0, "juv": 0.28, "B": 1.16, "Q": 234.63, "w": 36.0, "h": 2.25, "S": 0.00678, "elv": "Tokke", "km": 10.4}}, {"type": "Feature", "geometry": {"type": "LineString", "coordinates": [[7.98418, 59.50068], [7.98471, 59.4999]]}, "properties": {"P": 43.81, "tau": 148.07, "tau_c": 61.18, "omega": 427.38, "M": 2.42, "D": 0.04, "R": 0.73, "sving": 0.12, "os": 0.0, "foss": 0.0, "juv": 0.23, "B": 1.16, "Q": 234.69, "w": 38.0, "h": 2.14, "S": 0.00705, "elv": "Tokke", "km": 10.5}}, {"type": "Feature", "geometry": {"type": "LineString", "coordinates": [[7.98471, 59.4999], [7.98613, 59.49937]]}, "properties": {"P": 41.48, "tau": 163.93, "tau_c": 69.1, "omega": 493.41, "M": 2.37, "D": 0.01, "R": 0.75, "sving": 0.07, "os": 0.0, "foss": 0.0, "juv": 0.21, "B": 1.16, "Q": 234.69, "w": 42.0, "h": 1.86, "S": 0.009, "elv": "Tokke", "km": 10.6}}, {"type": "Feature", "geometry": {"type": "LineString", "coordinates": [[7.98613, 59.49937], [7.98747, 59.49879]]}, "properties": {"P": 52.93, "tau": 142.7, "tau_c": 65.24, "omega": 401.52, "M": 2.19, "D": 0.01, "R": 0.82, "sving": 0.41, "os": 0.0, "foss": 0.0, "juv": 0.12, "B": 1.16, "Q": 234.7, "w": 46.0, "h": 1.81, "S": 0.00802, "elv": "Tokke", "km": 10.7}}, {"type": "Feature", "geometry": {"type": "LineString", "coordinates": [[7.98747, 59.49879], [7.98778, 59.49798]]}, "properties": {"P": 54.4, "tau": 205.12, "tau_c": 81.27, "omega": 682.68, "M": 2.52, "D": -0.0, "R": 0.69, "sving": 0.68, "os": 0.0, "foss": 0.0, "juv": 0.15, "B": 1.16, "Q": 234.79, "w": 42.0, "h": 1.68, "S": 0.01245, "elv": "Tokke", "km": 10.8}}, {"type": "Feature", "geometry": {"type": "LineString", "coordinates": [[7.98778, 59.49798], [7.98659, 59.49734]]}, "properties": {"P": 49.76, "tau": 218.11, "tau_c": 82.98, "omega": 748.39, "M": 2.63, "D": -0.0, "R": 0.65, "sving": 0.55, "os": 0.0, "foss": 0.0, "juv": 0.19, "B": 1.16, "Q": 235.12, "w": 40.0, "h": 1.71, "S": 0.01298, "elv": "Tokke", "km": 10.9}}, {"type": "Feature", "geometry": {"type": "LineString", "coordinates": [[7.98659, 59.49734], [7.98525, 59.49675]]}, "properties": {"P": 35.67, "tau": 360.77, "tau_c": 119.42, "omega": 1549.99, "M": 3.02, "D": -0.0, "R": 0.51, "sving": 0.28, "os": 0.0, "foss": 0.0, "juv": 0.19, "B": 1.16, "Q": 235.12, "w": 40.0, "h": 1.37, "S": 0.02688, "elv": "Tokke", "km": 11.0}}, {"type": "Feature", "geometry": {"type": "LineString", "coordinates": [[7.98525, 59.49675], [7.98426, 59.49602]]}, "properties": {"P": 25.81, "tau": 457.39, "tau_c": 141.74, "omega": 2183.49, "M": 3.23, "D": -0.0, "R": 0.44, "sving": 0.04, "os": 0.0, "foss": 0.0, "juv": 0.19, "B": 1.16, "Q": 235.13, "w": 40.0, "h": 1.23, "S": 0.03787, "elv": "Tokke", "km": 11.1}}, {"type": "Feature", "geometry": {"type": "LineString", "coordinates": [[7.98426, 59.49602], [7.98332, 59.49526]]}, "properties": {"P": 54.39, "tau": 485.52, "tau_c": 140.93, "omega": 2398.57, "M": 3.45, "D": -0.0, "R": 0.38, "sving": 0.04, "os": 0.05, "foss": 1.0, "juv": 0.28, "B": 1.16, "Q": 235.14, "w": 36.0, "h": 1.32, "S": 0.03743, "elv": "Tokke", "km": 11.2}}, {"type": "Feature", "geometry": {"type": "LineString", "coordinates": [[7.98332, 59.49526], [7.98199, 59.49469]]}, "properties": {"P": 55.93, "tau": 494.94, "tau_c": 139.12, "omega": 2475.18, "M": 3.56, "D": 0.0, "R": 0.35, "sving": 0.07, "os": 0.08, "foss": 1.0, "juv": 0.32, "B": 1.16, "Q": 235.15, "w": 34.0, "h": 1.38, "S": 0.03648, "elv": "Tokke", "km": 11.3}}, {"type": "Feature", "geometry": {"type": "LineString", "coordinates": [[7.98199, 59.49469], [7.98054, 59.49418]]}, "properties": {"P": 51.62, "tau": 471.37, "tau_c": 137.94, "omega": 2298.17, "M": 3.42, "D": 0.04, "R": 0.39, "sving": 0.07, "os": 0.13, "foss": 0.72, "juv": 0.28, "B": 1.16, "Q": 235.15, "w": 36.0, "h": 1.34, "S": 0.03586, "elv": "Tokke", "km": 11.4}}, {"type": "Feature", "geometry": {"type": "LineString", "coordinates": [[7.98054, 59.49418], [7.97928, 59.49355]]}, "properties": {"P": 49.29, "tau": 476.69, "tau_c": 139.06, "omega": 2335.81, "M": 3.43, "D": 0.11, "R": 0.39, "sving": 0.01, "os": 0.22, "foss": 0.51, "juv": 0.28, "B": 1.16, "Q": 235.16, "w": 36.0, "h": 1.33, "S": 0.03645, "elv": "Tokke", "km": 11.5}}, {"type": "Feature", "geometry": {"type": "LineString", "coordinates": [[7.97928, 59.49355], [7.97807, 59.4929]]}, "properties": {"P": 58.12, "tau": 381.42, "tau_c": 118.35, "omega": 1691.67, "M": 3.22, "D": 0.21, "R": 0.44, "sving": 0.1, "os": 0.36, "foss": 0.37, "juv": 0.28, "B": 1.17, "Q": 235.17, "w": 36.0, "h": 1.47, "S": 0.0264, "elv": "Tokke", "km": 11.6}}, {"type": "Feature", "geometry": {"type": "LineString", "coordinates": [[7.97807, 59.4929], [7.97669, 59.49235]]}, "properties": {"P": 65.55, "tau": 248.86, "tau_c": 93.39, "omega": 903.13, "M": 2.66, "D": 0.25, "R": 0.63, "sving": 0.2, "os": 0.6, "foss": 0.0, "juv": 0.17, "B": 1.17, "Q": 235.23, "w": 42.0, "h": 1.54, "S": 0.01644, "elv": "Tokke", "km": 11.7}}, {"type": "Feature", "geometry": {"type": "LineString", "coordinates": [[7.97669, 59.49235], [7.97503, 59.49206]]}, "properties": {"P": 73.7, "tau": 244.19, "tau_c": 96.05, "omega": 873.06, "M": 2.54, "D": 0.19, "R": 0.68, "sving": 0.15, "os": 0.99, "foss": 0.0, "juv": 0.1, "B": 1.17, "Q": 235.45, "w": 46.0, "h": 1.43, "S": 0.01739, "elv": "Tokke", "km": 11.8}}, {"type": "Feature", "geometry": {"type": "LineString", "coordinates": [[7.97503, 59.49206], [7.97332, 59.49184]]}, "properties": {"P": 60.8, "tau": 244.27, "tau_c": 97.96, "omega": 870.46, "M": 2.49, "D": 0.12, "R": 0.7, "sving": 0.16, "os": 0.62, "foss": 0.0, "juv": 0.05, "B": 1.17, "Q": 235.46, "w": 48.0, "h": 1.38, "S": 0.01809, "elv": "Tokke", "km": 11.9}}, {"type": "Feature", "geometry": {"type": "LineString", "coordinates": [[7.97332, 59.49184], [7.97173, 59.49148]]}, "properties": {"P": 57.79, "tau": 230.68, "tau_c": 95.77, "omega": 798.72, "M": 2.41, "D": 0.08, "R": 0.73, "sving": 0.31, "os": 0.37, "foss": 0.0, "juv": 0.03, "B": 1.17, "Q": 235.47, "w": 50.0, "h": 1.36, "S": 0.01729, "elv": "Tokke", "km": 12.0}}, {"type": "Feature", "geometry": {"type": "LineString", "coordinates": [[7.97173, 59.49148], [7.97093, 59.49069]]}, "properties": {"P": 53.66, "tau": 206.46, "tau_c": 85.07, "omega": 685.18, "M": 2.43, "D": 0.11, "R": 0.73, "sving": 0.26, "os": 0.23, "foss": 0.0, "juv": 0.05, "B": 1.17, "Q": 235.54, "w": 46.0, "h": 1.54, "S": 0.01364, "elv": "Tokke", "km": 12.1}}, {"type": "Feature", "geometry": {"type": "LineString", "coordinates": [[7.97093, 59.49069], [7.97021, 59.48988]]}, "properties": {"P": 51.34, "tau": 186.05, "tau_c": 77.28, "omega": 591.27, "M": 2.41, "D": 0.13, "R": 0.73, "sving": 0.19, "os": 0.15, "foss": 0.0, "juv": 0.08, "B": 1.17, "Q": 235.62, "w": 44.0, "h": 1.68, "S": 0.01126, "elv": "Tokke", "km": 12.2}}, {"type": "Feature", "geometry": {"type": "LineString", "coordinates": [[7.97021, 59.48988], [7.96916, 59.48916]]}, "properties": {"P": 49.08, "tau": 170.58, "tau_c": 72.56, "omega": 521.49, "M": 2.35, "D": 0.11, "R": 0.76, "sving": 0.11, "os": 0.15, "foss": 0.0, "juv": 0.08, "B": 1.17, "Q": 235.71, "w": 44.0, "h": 1.75, "S": 0.00992, "elv": "Tokke", "km": 12.3}}, {"type": "Feature", "geometry": {"type": "LineString", "coordinates": [[7.96916, 59.48916], [7.96811, 59.48844]]}, "properties": {"P": 52.57, "tau": 147.11, "tau_c": 66.56, "omega": 419.81, "M": 2.21, "D": 0.07, "R": 0.81, "sving": 0.11, "os": 0.25, "foss": 0.0, "juv": 0.05, "B": 1.17, "Q": 235.73, "w": 46.0, "h": 1.8, "S": 0.00835, "elv": "Tokke", "km": 12.4}}, {"type": "Feature", "geometry": {"type": "LineString", "coordinates": [[7.96811, 59.48844], [7.96688, 59.4878]]}, "properties": {"P": 51.53, "tau": 175.15, "tau_c": 77.02, "omega": 538.63, "M": 2.27, "D": 0.02, "R": 0.79, "sving": 0.01, "os": 0.42, "foss": 0.0, "juv": 0.05, "B": 1.17, "Q": 235.75, "w": 48.0, "h": 1.6, "S": 0.01118, "elv": "Tokke", "km": 12.5}}, {"type": "Feature", "geometry": {"type": "LineString", "coordinates": [[7.96688, 59.4878], [7.96575, 59.48711]]}, "properties": {"P": 59.95, "tau": 165.64, "tau_c": 73.97, "omega": 496.93, "M": 2.24, "D": 0.01, "R": 0.8, "sving": 0.02, "os": 0.69, "foss": 0.0, "juv": 0.05, "B": 1.17, "Q": 235.77, "w": 48.0, "h": 1.64, "S": 0.01031, "elv": "Tokke", "km": 12.6}}, {"type": "Feature", "geometry": {"type": "LineString", "coordinates": [[7.96575, 59.48711], [7.96474, 59.48638]]}, "properties": {"P": 65.71, "tau": 174.72, "tau_c": 76.87, "omega": 536.74, "M": 2.27, "D": -0.0, "R": 0.79, "sving": 0.06, "os": 0.88, "foss": 0.0, "juv": 0.05, "B": 1.17, "Q": 235.8, "w": 48.0, "h": 1.6, "S": 0.01114, "elv": "Tokke", "km": 12.7}}, {"type": "Feature", "geometry": {"type": "LineString", "coordinates": [[7.96474, 59.48638], [7.96379, 59.48563]]}, "properties": {"P": 54.72, "tau": 175.79, "tau_c": 75.67, "omega": 543.19, "M": 2.32, "D": -0.0, "R": 0.77, "sving": 0.04, "os": 0.53, "foss": 0.0, "juv": 0.08, "B": 1.17, "Q": 236.0, "w": 46.0, "h": 1.66, "S": 0.01079, "elv": "Tokke", "km": 12.8}}, {"type": "Feature", "geometry": {"type": "LineString", "coordinates": [[7.96379, 59.48563], [7.9628, 59.48488]]}, "properties": {"P": 47.0, "tau": 195.64, "tau_c": 81.75, "omega": 634.07, "M": 2.39, "D": -0.0, "R": 0.74, "sving": 0.03, "os": 0.32, "foss": 0.0, "juv": 0.08, "B": 1.17, "Q": 236.04, "w": 46.0, "h": 1.58, "S": 0.0126, "elv": "Tokke", "km": 12.9}}, {"type": "Feature", "geometry": {"type": "LineString", "coordinates": [[7.9628, 59.48488], [7.96182, 59.48414]]}, "properties": {"P": 40.92, "tau": 220.71, "tau_c": 85.49, "omega": 759.48, "M": 2.58, "D": 0.02, "R": 0.66, "sving": 0.02, "os": 0.21, "foss": 0.0, "juv": 0.11, "B": 1.17, "Q": 236.07, "w": 42.0, "h": 1.63, "S": 0.01377, "elv": "Tokke", "km": 13.0}}, {"type": "Feature", "geometry": {"type": "LineString", "coordinates": [[7.96182, 59.48414], [7.96071, 59.48345]]}, "properties": {"P": 47.07, "tau": 199.58, "tau_c": 79.47, "omega": 656.55, "M": 2.51, "D": 0.03, "R": 0.69, "sving": 0.03, "os": 0.34, "foss": 0.0, "juv": 0.11, "B": 1.17, "Q": 236.12, "w": 42.0, "h": 1.71, "S": 0.0119, "elv": "Tokke", "km": 13.1}}, {"type": "Feature", "geometry": {"type": "LineString", "coordinates": [[7.96071, 59.48345], [7.95982, 59.48267]]}, "properties": {"P": 54.72, "tau": 174.04, "tau_c": 71.97, "omega": 538.46, "M": 2.42, "D": 0.03, "R": 0.73, "sving": 0.01, "os": 0.56, "foss": 0.0, "juv": 0.11, "B": 1.18, "Q": 236.15, "w": 42.0, "h": 1.82, "S": 0.00976, "elv": "Tokke", "km": 13.2}}, {"type": "Feature", "geometry": {"type": "LineString", "coordinates": [[7.95982, 59.48267], [7.95895, 59.48189]]}, "properties": {"P": 65.34, "tau": 200.47, "tau_c": 81.48, "omega": 658.9, "M": 2.46, "D": 0.02, "R": 0.71, "sving": 0.09, "os": 0.91, "foss": 0.0, "juv": 0.08, "B": 1.18, "Q": 236.2, "w": 44.0, "h": 1.63, "S": 0.01251, "elv": "Tokke", "km": 13.3}}, {"type": "Feature", "geometry": {"type": "LineString", "coordinates": [[7.95895, 59.48189], [7.95793, 59.48116]]}, "properties": {"P": 55.81, "tau": 215.97, "tau_c": 85.96, "omega": 733.82, "M": 2.51, "D": -0.0, "R": 0.69, "sving": 0.08, "os": 0.65, "foss": 0.0, "juv": 0.08, "B": 1.18, "Q": 236.35, "w": 44.0, "h": 1.58, "S": 0.01393, "elv": "Tokke", "km": 13.4}}, {"type": "Feature", "geometry": {"type": "LineString", "coordinates": [[7.95793, 59.48116], [7.95719, 59.48035]]}, "properties": {"P": 48.97, "tau": 261.52, "tau_c": 100.74, "omega": 964.29, "M": 2.6, "D": -0.0, "R": 0.66, "sving": 0.17, "os": 0.4, "foss": 0.0, "juv": 0.05, "B": 1.18, "Q": 236.37, "w": 46.0, "h": 1.39, "S": 0.01913, "elv": "Tokke", "km": 13.5}}, {"type": "Feature", "geometry": {"type": "LineString", "coordinates": [[7.95719, 59.48035], [7.95667, 59.4795]]}, "properties": {"P": 55.46, "tau": 288.29, "tau_c": 103.63, "omega": 1117.7, "M": 2.78, "D": -0.0, "R": 0.59, "sving": 0.61, "os": 0.24, "foss": 0.0, "juv": 0.14, "B": 1.18, "Q": 236.39, "w": 42.0, "h": 1.45, "S": 0.02024, "elv": "Tokke", "km": 13.6}}, {"type": "Feature", "geometry": {"type": "LineString", "coordinates": [[7.95667, 59.4795], [7.95656, 59.47863]]}, "properties": {"P": 73.44, "tau": 280.48, "tau_c": 99.29, "omega": 1077.77, "M": 2.82, "D": -0.0, "R": 0.57, "sving": 0.18, "os": 0.29, "foss": 1.0, "juv": 0.18, "B": 1.18, "Q": 236.5, "w": 40.0, "h": 1.54, "S": 0.01858, "elv": "Tokke", "km": 13.7}}, {"type": "Feature", "geometry": {"type": "LineString", "coordinates": [[7.95656, 59.47863], [7.95803, 59.47816]]}, "properties": {"P": 62.68, "tau": 326.75, "tau_c": 105.49, "omega": 1352.93, "M": 3.1, "D": -0.0, "R": 0.48, "sving": 0.04, "os": 0.44, "foss": 0.72, "juv": 0.25, "B": 1.18, "Q": 236.69, "w": 36.0, "h": 1.59, "S": 0.02098, "elv": "Tokke", "km": 13.8}}, {"type": "Feature", "geometry": {"type": "LineString", "coordinates": [[7.95803, 59.47816], [7.95811, 59.47729]]}, "properties": {"P": 67.05, "tau": 339.48, "tau_c": 102.47, "omega": 1437.46, "M": 3.31, "D": 0.05, "R": 0.42, "sving": 0.17, "os": 0.66, "foss": 0.51, "juv": 0.32, "B": 1.18, "Q": 236.94, "w": 32.0, "h": 1.75, "S": 0.01979, "elv": "Tokke", "km": 13.9}}, {"type": "Feature", "geometry": {"type": "LineString", "coordinates": [[7.95811, 59.47729], [7.95742, 59.47649]]}, "properties": {"P": 83.78, "tau": 337.62, "tau_c": 95.57, "omega": 1429.18, "M": 3.53, "D": 0.14, "R": 0.36, "sving": 0.54, "os": 0.94, "foss": 0.37, "juv": 0.39, "B": 1.18, "Q": 236.96, "w": 28.0, "h": 2.0, "S": 0.01722, "elv": "Tokke", "km": 14.0}}, {"type": "Feature", "geometry": {"type": "LineString", "coordinates": [[7.95742, 59.47649], [7.95655, 59.47571]]}, "properties": {"P": 62.36, "tau": 201.62, "tau_c": 70.1, "omega": 672.72, "M": 2.88, "D": 0.19, "R": 0.56, "sving": 0.2, "os": 0.58, "foss": 0.0, "juv": 0.31, "B": 1.18, "Q": 236.96, "w": 32.0, "h": 2.22, "S": 0.00926, "elv": "Tokke", "km": 14.1}}, {"type": "Feature", "geometry": {"type": "LineString", "coordinates": [[7.95655, 59.47571], [7.95583, 59.4749]]}, "properties": {"P": 53.43, "tau": 159.62, "tau_c": 60.91, "omega": 478.17, "M": 2.62, "D": 0.13, "R": 0.65, "sving": 0.06, "os": 0.35, "foss": 0.0, "juv": 0.26, "B": 1.18, "Q": 236.98, "w": 34.0, "h": 2.33, "S": 0.00699, "elv": "Tokke", "km": 14.2}}, {"type": "Feature", "geometry": {"type": "LineString", "coordinates": [[7.95583, 59.4749], [7.95501, 59.47411]]}, "properties": {"P": 40.15, "tau": 280.2, "tau_c": 91.76, "omega": 1085.29, "M": 3.05, "D": 0.04, "R": 0.5, "sving": 0.11, "os": 0.21, "foss": 0.0, "juv": 0.26, "B": 1.18, "Q": 237.0, "w": 34.0, "h": 1.8, "S": 0.01587, "elv": "Tokke", "km": 14.3}}, {"type": "Feature", "geometry": {"type": "LineString", "coordinates": [[7.95501, 59.47411], [7.95457, 59.47325]]}, "properties": {"P": 41.28, "tau": 266.67, "tau_c": 88.51, "omega": 1009.97, "M": 3.01, "D": 0.01, "R": 0.51, "sving": 0.26, "os": 0.13, "foss": 0.0, "juv": 0.26, "B": 1.18, "Q": 237.05, "w": 34.0, "h": 1.84, "S": 0.01477, "elv": "Tokke", "km": 14.4}}, {"type": "Feature", "geometry": {"type": "LineString", "coordinates": [[7.95457, 59.47325], [7.95331, 59.47265]]}, "properties": {"P": 67.02, "tau": 233.78, "tau_c": 80.41, "omega": 834.0, "M": 2.91, "D": 0.01, "R": 0.54, "sving": 0.14, "os": 0.08, "foss": 1.0, "juv": 0.26, "B": 1.18, "Q": 237.17, "w": 34.0, "h": 1.96, "S": 0.01219, "elv": "Tokke", "km": 14.5}}, {"type": "Feature", "geometry": {"type": "LineString", "coordinates": [[7.95331, 59.47265], [7.95174, 59.47226]]}, "properties": {"P": 57.19, "tau": 261.11, "tau_c": 84.61, "omega": 981.1, "M": 3.09, "D": 0.01, "R": 0.49, "sving": 0.18, "os": 0.05, "foss": 0.72, "juv": 0.31, "B": 1.18, "Q": 237.19, "w": 32.0, "h": 1.97, "S": 0.01349, "elv": "Tokke", "km": 14.6}}, {"type": "Feature", "geometry": {"type": "LineString", "coordinates": [[7.95174, 59.47226], [7.95042, 59.47167]]}, "properties": {"P": 46.15, "tau": 337.68, "tau_c": 98.86, "omega": 1428.82, "M": 3.42, "D": -0.0, "R": 0.39, "sving": 0.2, "os": 0.0, "foss": 0.51, "juv": 0.35, "B": 1.18, "Q": 237.21, "w": 30.0, "h": 1.87, "S": 0.01842, "elv": "Tokke", "km": 14.7}}, {"type": "Feature", "geometry": {"type": "LineString", "coordinates": [[7.95042, 59.47167], [7.94925, 59.471]]}, "properties": {"P": 51.14, "tau": 323.02, "tau_c": 95.71, "omega": 1339.27, "M": 3.38, "D": 0.02, "R": 0.4, "sving": 0.47, "os": 0.0, "foss": 0.37, "juv": 0.35, "B": 1.18, "Q": 237.22, "w": 30.0, "h": 1.91, "S": 0.01726, "elv": "Tokke", "km": 14.8}}, {"type": "Feature", "geometry": {"type": "LineString", "coordinates": [[7.94925, 59.471], [7.94875, 59.47018]]}, "properties": {"P": 33.28, "tau": 268.34, "tau_c": 83.59, "omega": 1021.71, "M": 3.21, "D": 0.02, "R": 0.45, "sving": 0.15, "os": 0.0, "foss": 0.0, "juv": 0.35, "B": 1.18, "Q": 237.23, "w": 30.0, "h": 2.08, "S": 0.01317, "elv": "Tokke", "km": 14.9}}, {"type": "Feature", "geometry": {"type": "LineString", "coordinates": [[7.94875, 59.47018], [7.94902, 59.4693]]}, "properties": {"P": 27.33, "tau": 309.14, "tau_c": 92.69, "omega": 1256.19, "M": 3.34, "D": 0.02, "R": 0.41, "sving": 0.0, "os": 0.0, "foss": 0.0, "juv": 0.35, "B": 1.19, "Q": 237.25, "w": 30.0, "h": 1.95, "S": 0.01619, "elv": "Tokke", "km": 15.0}}, {"type": "Feature", "geometry": {"type": "LineString", "coordinates": [[7.94902, 59.4693], [7.94825, 59.4685]]}, "properties": {"P": 30.02, "tau": 332.18, "tau_c": 97.67, "omega": 1395.04, "M": 3.4, "D": 0.01, "R": 0.39, "sving": 0.13, "os": 0.0, "foss": 0.0, "juv": 0.35, "B": 1.19, "Q": 237.27, "w": 30.0, "h": 1.88, "S": 0.01798, "elv": "Tokke", "km": 15.1}}, {"type": "Feature", "geometry": {"type": "LineString", "coordinates": [[7.94825, 59.4685], [7.94708, 59.46783]]}, "properties": {"P": 30.12, "tau": 340.06, "tau_c": 102.52, "omega": 1441.27, "M": 3.32, "D": 0.05, "R": 0.42, "sving": 0.08, "os": 0.0, "foss": 0.0, "juv": 0.31, "B": 1.19, "Q": 237.32, "w": 32.0, "h": 1.75, "S": 0.01981, "elv": "Tokke", "km": 15.2}}, {"type": "Feature", "geometry": {"type": "LineString", "coordinates": [[7.94708, 59.46783], [7.94605, 59.46712]]}, "properties": {"P": 37.52, "tau": 279.4, "tau_c": 88.86, "omega": 1082.83, "M": 3.14, "D": 0.09, "R": 0.47, "sving": 0.19, "os": 0.0, "foss": 0.0, "juv": 0.31, "B": 1.19, "Q": 237.34, "w": 32.0, "h": 1.91, "S": 0.01488, "elv": "Tokke", "km": 15.3}}, {"type": "Feature", "geometry": {"type": "LineString", "coordinates": [[7.94605, 59.46712], [7.94597, 59.46625]]}, "properties": {"P": 39.64, "tau": 268.31, "tau_c": 88.86, "omega": 1019.16, "M": 3.02, "D": 0.11, "R": 0.51, "sving": 0.14, "os": 0.06, "foss": 0.0, "juv": 0.26, "B": 1.19, "Q": 237.34, "w": 34.0, "h": 1.84, "S": 0.01488, "elv": "Tokke", "km": 15.4}}, {"type": "Feature", "geometry": {"type": "LineString", "coordinates": [[7.94597, 59.46625], [7.94606, 59.46537]]}, "properties": {"P": 37.97, "tau": 265.54, "tau_c": 90.64, "omega": 1001.7, "M": 2.93, "D": 0.12, "R": 0.54, "sving": 0.02, "os": 0.09, "foss": 0.0, "juv": 0.22, "B": 1.19, "Q": 237.4, "w": 36.0, "h": 1.75, "S": 0.01548, "elv": "Tokke", "km": 15.5}}, {"type": "Feature", "geometry": {"type": "LineString", "coordinates": [[7.94606, 59.46537], [7.94544, 59.46453]]}, "properties": {"P": 49.7, "tau": 212.13, "tau_c": 77.0, "omega": 722.91, "M": 2.76, "D": 0.12, "R": 0.6, "sving": 0.28, "os": 0.13, "foss": 0.0, "juv": 0.22, "B": 1.19, "Q": 237.42, "w": 36.0, "h": 1.94, "S": 0.01117, "elv": "Tokke", "km": 15.6}}, {"type": "Feature", "geometry": {"type": "LineString", "coordinates": [[7.94544, 59.46453], [7.94448, 59.46378]]}, "properties": {"P": 82.58, "tau": 207.47, "tau_c": 77.75, "omega": 698.48, "M": 2.67, "D": 0.08, "R": 0.63, "sving": 0.35, "os": 0.21, "foss": 1.0, "juv": 0.19, "B": 1.19, "Q": 237.44, "w": 38.0, "h": 1.86, "S": 0.01139, "elv": "Tokke", "km": 15.7}}, {"type": "Feature", "geometry": {"type": "LineString", "coordinates": [[7.94448, 59.46378], [7.94323, 59.46315]]}, "properties": {"P": 67.26, "tau": 212.53, "tau_c": 81.08, "omega": 721.57, "M": 2.62, "D": 0.04, "R": 0.65, "sving": 0.02, "os": 0.34, "foss": 0.72, "juv": 0.16, "B": 1.19, "Q": 237.46, "w": 40.0, "h": 1.75, "S": 0.01239, "elv": "Tokke", "km": 15.8}}, {"type": "Feature", "geometry": {"type": "LineString", "coordinates": [[7.94323, 59.46315], [7.94189, 59.46258]]}, "properties": {"P": 74.89, "tau": 254.93, "tau_c": 90.28, "omega": 941.77, "M": 2.82, "D": -0.0, "R": 0.57, "sving": 0.4, "os": 0.56, "foss": 0.51, "juv": 0.2, "B": 1.19, "Q": 237.47, "w": 38.0, "h": 1.69, "S": 0.01536, "elv": "Tokke", "km": 15.9}}, {"type": "Feature", "geometry": {"type": "LineString", "coordinates": [[7.94189, 59.46258], [7.94143, 59.46186]]}, "properties": {"P": 73.0, "tau": 312.89, "tau_c": 99.03, "omega": 1279.46, "M": 3.16, "D": -0.0, "R": 0.46, "sving": 0.26, "os": 0.93, "foss": 0.37, "juv": 0.25, "B": 1.2, "Q": 254.02, "w": 36.0, "h": 1.73, "S": 0.01848, "elv": "Tokke", "km": 16.0}}, {"type": "Feature", "geometry": {"type": "LineString", "coordinates": [[7.94143, 59.46186], [7.94225, 59.46108]]}, "properties": {"P": 61.81, "tau": 303.19, "tau_c": 101.74, "omega": 1215.51, "M": 2.98, "D": -0.0, "R": 0.52, "sving": 0.43, "os": 0.69, "foss": 0.0, "juv": 0.18, "B": 1.2, "Q": 254.02, "w": 40.0, "h": 1.58, "S": 0.01951, "elv": "Tokke", "km": 16.1}}, {"type": "Feature", "geometry": {"type": "LineString", "coordinates": [[7.94225, 59.46108], [7.94208, 59.46024]]}, "properties": {"P": 49.93, "tau": 360.29, "tau_c": 109.69, "omega": 1569.93, "M": 3.28, "D": -0.0, "R": 0.43, "sving": 0.38, "os": 0.44, "foss": 0.0, "juv": 0.26, "B": 1.2, "Q": 254.04, "w": 36.0, "h": 1.62, "S": 0.02268, "elv": "Tokke", "km": 16.2}}, {"type": "Feature", "geometry": {"type": "LineString", "coordinates": [[7.94208, 59.46024], [7.94251, 59.45949]]}, "properties": {"P": 62.27, "tau": 384.07, "tau_c": 108.59, "omega": 1731.07, "M": 3.54, "D": -0.0, "R": 0.36, "sving": 0.02, "os": 0.28, "foss": 1.0, "juv": 0.34, "B": 1.2, "Q": 254.05, "w": 32.0, "h": 1.76, "S": 0.02223, "elv": "Tokke", "km": 16.3}}, {"type": "Feature", "geometry": {"type": "LineString", "coordinates": [[7.94251, 59.45949], [7.94363, 59.4588]]}, "properties": {"P": 56.6, "tau": 374.81, "tau_c": 103.37, "omega": 1673.18, "M": 3.63, "D": -0.0, "R": 0.34, "sving": 0.21, "os": 0.18, "foss": 0.72, "juv": 0.38, "B": 1.2, "Q": 254.05, "w": 30.0, "h": 1.9, "S": 0.02014, "elv": "Tokke", "km": 16.4}}, {"type": "Feature", "geometry": {"type": "LineString", "coordinates": [[7.94363, 59.4588], [7.94454, 59.45804]]}, "properties": {"P": 46.4, "tau": 399.02, "tau_c": 108.19, "omega": 1832.95, "M": 3.69, "D": -0.0, "R": 0.32, "sving": 0.0, "os": 0.27, "foss": 0.51, "juv": 0.38, "B": 1.2, "Q": 254.05, "w": 30.0, "h": 1.84, "S": 0.02206, "elv": "Tokke", "km": 16.5}}, {"type": "Feature", "geometry": {"type": "LineString", "coordinates": [[7.94454, 59.45804], [7.94533, 59.45724]]}, "properties": {"P": 46.83, "tau": 453.0, "tau_c": 106.07, "omega": 2203.69, "M": 4.27, "D": 0.01, "R": 0.22, "sving": 0.12, "os": 0.4, "foss": 0.37, "juv": 0.5, "B": 1.2, "Q": 254.24, "w": 24.0, "h": 2.18, "S": 0.02121, "elv": "Tokke", "km": 16.6}}, {"type": "Feature", "geometry": {"type": "LineString", "coordinates": [[7.94533, 59.45724], [7.94583, 59.45638]]}, "properties": {"P": 41.35, "tau": 382.78, "tau_c": 93.71, "omega": 1720.0, "M": 4.08, "D": 0.06, "R": 0.25, "sving": 0.01, "os": 0.58, "foss": 0.0, "juv": 0.5, "B": 1.2, "Q": 254.24, "w": 24.0, "h": 2.36, "S": 0.01655, "elv": "Tokke", "km": 16.7}}, {"type": "Feature", "geometry": {"type": "LineString", "coordinates": [[7.94583, 59.45638], [7.94648, 59.45555]]}, "properties": {"P": 56.95, "tau": 369.78, "tau_c": 98.87, "omega": 1641.33, "M": 3.74, "D": 0.07, "R": 0.31, "sving": 0.12, "os": 0.92, "foss": 0.0, "juv": 0.41, "B": 1.2, "Q": 254.26, "w": 28.0, "h": 2.05, "S": 0.01842, "elv": "Tokke", "km": 16.8}}, {"type": "Feature", "geometry": {"type": "LineString", "coordinates": [[7.94648, 59.45555], [7.94734, 59.45477]]}, "properties": {"P": 51.22, "tau": 339.33, "tau_c": 96.1, "omega": 1447.33, "M": 3.53, "D": 0.09, "R": 0.36, "sving": 0.14, "os": 0.63, "foss": 0.0, "juv": 0.37, "B": 1.2, "Q": 254.27, "w": 30.0, "h": 1.99, "S": 0.01741, "elv": "Tokke", "km": 16.9}}, {"type": "Feature", "geometry": {"type": "LineString", "coordinates": [[7.94734, 59.45477], [7.94859, 59.45414]]}, "properties": {"P": 78.01, "tau": 345.5, "tau_c": 93.78, "omega": 1486.06, "M": 3.68, "D": 0.05, "R": 0.33, "sving": 0.08, "os": 0.66, "foss": 1.0, "juv": 0.46, "B": 1.2, "Q": 254.3, "w": 27.83, "h": 2.12, "S": 0.01658, "elv": "Tokke", "km": 17.0}}, {"type": "Feature", "geometry": {"type": "LineString", "coordinates": [[7.94859, 59.45414], [7.94968, 59.45344]]}, "properties": {"P": 76.11, "tau": 308.14, "tau_c": 86.24, "omega": 1256.7, "M": 3.57, "D": 0.03, "R": 0.35, "sving": 0.03, "os": 0.9, "foss": 0.72, "juv": 0.46, "B": 1.2, "Q": 254.31, "w": 27.83, "h": 2.24, "S": 0.01402, "elv": "Tokke", "km": 17.1}}, {"type": "Feature", "geometry": {"type": "LineString", "coordinates": [[7.94968, 59.45344], [7.95067, 59.45271]]}, "properties": {"P": 60.03, "tau": 326.38, "tau_c": 86.58, "omega": 1364.72, "M": 3.77, "D": 0.01, "R": 0.31, "sving": 0.09, "os": 0.56, "foss": 0.53, "juv": 0.5, "B": 1.2, "Q": 254.33, "w": 25.83, "h": 2.36, "S": 0.01413, "elv": "Tokke", "km": 17.2}}, {"type": "Feature", "geometry": {"type": "LineString", "coordinates": [[8.05099, 59.54183], [8.04941, 59.542]]}, "properties": {"P": 17.5, "tau": 67.47, "tau_c": 150.59, "omega": 90.61, "M": 0.45, "D": 0.0, "R": 0.13, "sving": 0.9, "os": 0.19, "foss": 0.0, "juv": 0.0, "B": 0.55, "Q": 3.79, "w": 17.53, "h": 0.16, "S": 0.04274, "elv": "Grytåi", "km": 0.1}}, {"type": "Feature", "geometry": {"type": "LineString", "coordinates": [[8.04941, 59.542], [8.04774, 59.54173]]}, "properties": {"P": 12.76, "tau": 57.9, "tau_c": 134.69, "omega": 72.81, "M": 0.43, "D": 0.05, "R": 0.11, "sving": 0.57, "os": 0.12, "foss": 0.0, "juv": 0.0, "B": 0.55, "Q": 3.81, "w": 17.55, "h": 0.17, "S": 0.03419, "elv": "Grytåi", "km": 0.2}}, {"type": "Feature", "geometry": {"type": "LineString", "coordinates": [[8.04774, 59.54173], [8.04682, 59.54113]]}, "properties": {"P": 19.53, "tau": 50.95, "tau_c": 122.95, "omega": 60.61, "M": 0.41, "D": 0.05, "R": 0.1, "sving": 0.15, "os": 0.08, "foss": 1.0, "juv": 0.0, "B": 0.55, "Q": 3.81, "w": 17.57, "h": 0.18, "S": 0.02849, "elv": "Grytåi", "km": 0.3}}, {"type": "Feature", "geometry": {"type": "LineString", "coordinates": [[8.04682, 59.54113], [8.0458, 59.54073]]}, "properties": {"P": 16.32, "tau": 47.86, "tau_c": 117.52, "omega": 55.4, "M": 0.41, "D": 0.05, "R": 0.09, "sving": 0.22, "os": 0.06, "foss": 0.72, "juv": 0.0, "B": 0.55, "Q": 3.81, "w": 17.58, "h": 0.19, "S": 0.02603, "elv": "Grytåi", "km": 0.4}}, {"type": "Feature", "geometry": {"type": "LineString", "coordinates": [[8.0458, 59.54073], [8.04418, 59.54058]]}, "properties": {"P": 10.54, "tau": 60.63, "tau_c": 139.12, "omega": 77.8, "M": 0.44, "D": 0.0, "R": 0.12, "sving": 0.07, "os": 0.0, "foss": 0.51, "juv": 0.0, "B": 0.55, "Q": 3.83, "w": 17.6, "h": 0.17, "S": 0.03648, "elv": "Grytåi", "km": 0.5}}, {"type": "Feature", "geometry": {"type": "LineString", "coordinates": [[8.04418, 59.54058], [8.04309, 59.5399]]}, "properties": {"P": 11.81, "tau": 63.11, "tau_c": 143.14, "omega": 82.4, "M": 0.44, "D": 0.0, "R": 0.12, "sving": 0.31, "os": 0.0, "foss": 0.37, "juv": 0.0, "B": 0.55, "Q": 3.83, "w": 17.61, "h": 0.17, "S": 0.03862, "elv": "Grytåi", "km": 0.6}}, {"type": "Feature", "geometry": {"type": "LineString", "coordinates": [[8.04309, 59.5399], [8.04194, 59.5394]]}, "properties": {"P": 17.78, "tau": 49.93, "tau_c": 121.07, "omega": 58.88, "M": 0.41, "D": 0.0, "R": 0.1, "sving": 0.16, "os": 0.0, "foss": 1.0, "juv": 0.0, "B": 0.55, "Q": 3.83, "w": 17.64, "h": 0.18, "S": 0.02763, "elv": "Grytåi", "km": 0.7}}, {"type": "Feature", "geometry": {"type": "LineString", "coordinates": [[8.04194, 59.5394], [8.04022, 59.53955]]}, "properties": {"P": 18.68, "tau": 69.43, "tau_c": 153.42, "omega": 94.46, "M": 0.45, "D": 0.0, "R": 0.14, "sving": 0.45, "os": 0.0, "foss": 0.72, "juv": 0.0, "B": 0.55, "Q": 3.84, "w": 17.67, "h": 0.16, "S": 0.04436, "elv": "Grytåi", "km": 0.8}}, {"type": "Feature", "geometry": {"type": "LineString", "coordinates": [[8.04022, 59.53955], [8.03852, 59.53978]]}, "properties": {"P": 23.34, "tau": 82.49, "tau_c": 172.68, "omega": 121.12, "M": 0.48, "D": 0.0, "R": 0.16, "sving": 0.47, "os": 0.0, "foss": 1.0, "juv": 0.0, "B": 0.55, "Q": 3.89, "w": 17.71, "h": 0.15, "S": 0.0562, "elv": "Grytåi", "km": 0.9}}, {"type": "Feature", "geometry": {"type": "LineString", "coordinates": [[8.03852, 59.53978], [8.03688, 59.54005]]}, "properties": {"P": 18.87, "tau": 86.29, "tau_c": 178.37, "omega": 129.19, "M": 0.48, "D": 0.02, "R": 0.17, "sving": 0.1, "os": 0.0, "foss": 1.0, "juv": 0.0, "B": 0.55, "Q": 3.89, "w": 17.74, "h": 0.15, "S": 0.05996, "elv": "Grytåi", "km": 1.0}}, {"type": "Feature", "geometry": {"type": "LineString", "coordinates": [[8.03688, 59.54005], [8.03537, 59.5405]]}, "properties": {"P": 18.63, "tau": 76.1, "tau_c": 163.37, "omega": 107.83, "M": 0.47, "D": 0.07, "R": 0.15, "sving": 0.04, "os": 0.0, "foss": 1.0, "juv": 0.0, "B": 0.55, "Q": 3.9, "w": 17.84, "h": 0.15, "S": 0.05031, "elv": "Grytåi", "km": 1.1}}, {"type": "Feature", "geometry": {"type": "LineString", "coordinates": [[8.03537, 59.5405], [8.0338, 59.54089]]}, "properties": {"P": 26.7, "tau": 73.66, "tau_c": 159.86, "omega": 102.87, "M": 0.46, "D": 0.13, "R": 0.14, "sving": 0.85, "os": 0.0, "foss": 0.72, "juv": 0.0, "B": 0.55, "Q": 3.9, "w": 17.91, "h": 0.16, "S": 0.04817, "elv": "Grytåi", "km": 1.2}}, {"type": "Feature", "geometry": {"type": "LineString", "coordinates": [[8.0338, 59.54089], [8.03219, 59.54121]]}, "properties": {"P": 22.11, "tau": 57.96, "tau_c": 132.58, "omega": 73.31, "M": 0.44, "D": 0.2, "R": 0.12, "sving": 0.66, "os": 0.0, "foss": 0.51, "juv": 0.0, "B": 0.55, "Q": 4.06, "w": 17.99, "h": 0.18, "S": 0.03313, "elv": "Grytåi", "km": 1.3}}, {"type": "Feature", "geometry": {"type": "LineString", "coordinates": [[8.03219, 59.54121], [8.03277, 59.5405]]}, "properties": {"P": 12.54, "tau": 47.13, "tau_c": 114.52, "omega": 54.47, "M": 0.41, "D": 0.17, "R": 0.1, "sving": 0.17, "os": 0.0, "foss": 0.37, "juv": 0.0, "B": 0.55, "Q": 4.06, "w": 18.06, "h": 0.19, "S": 0.02472, "elv": "Grytåi", "km": 1.4}}, {"type": "Feature", "geometry": {"type": "LineString", "coordinates": [[8.03277, 59.5405], [8.03234, 59.53992]]}, "properties": {"P": 5.51, "tau": 40.28, "tau_c": 98.3, "omega": 43.95, "M": 0.41, "D": 0.11, "R": 0.1, "sving": 0.1, "os": 0.0, "foss": 0.0, "juv": 0.0, "B": 0.55, "Q": 4.06, "w": 16.5, "h": 0.23, "S": 0.01821, "elv": "Grytåi", "km": 1.5}}, {"type": "Feature", "geometry": {"type": "LineString", "coordinates": [[8.03234, 59.53992], [8.03095, 59.53993]]}, "properties": {"P": 29.38, "tau": 49.63, "tau_c": 109.06, "omega": 60.0, "M": 0.46, "D": 0.03, "R": 0.14, "sving": 0.91, "os": 0.0, "foss": 1.0, "juv": 0.0, "B": 0.55, "Q": 4.06, "w": 14.88, "h": 0.23, "S": 0.02242, "elv": "Grytåi", "km": 1.6}}, {"type": "Feature", "geometry": {"type": "LineString", "coordinates": [[8.03095, 59.53993], [8.02955, 59.54045]]}, "properties": {"P": 27.45, "tau": 60.26, "tau_c": 117.95, "omega": 80.52, "M": 0.51, "D": -0.0, "R": 0.2, "sving": 0.7, "os": 0.0, "foss": 1.0, "juv": 0.0, "B": 0.55, "Q": 4.15, "w": 13.25, "h": 0.23, "S": 0.02622, "elv": "Grytåi", "km": 1.7}}, {"type": "Feature", "geometry": {"type": "LineString", "coordinates": [[8.02955, 59.54045], [8.02799, 59.54086]]}, "properties": {"P": 23.11, "tau": 75.09, "tau_c": 138.27, "omega": 110.43, "M": 0.54, "D": -0.0, "R": 0.24, "sving": 0.31, "os": 0.0, "foss": 1.0, "juv": 0.0, "B": 0.55, "Q": 4.16, "w": 13.3, "h": 0.21, "S": 0.03603, "elv": "Grytåi", "km": 1.8}}, {"type": "Feature", "geometry": {"type": "LineString", "coordinates": [[8.02799, 59.54086], [8.02665, 59.54138]]}, "properties": {"P": 18.21, "tau": 98.58, "tau_c": 168.31, "omega": 163.19, "M": 0.59, "D": -0.0, "R": 0.29, "sving": 0.14, "os": 0.0, "foss": 0.72, "juv": 0.0, "B": 0.55, "Q": 4.16, "w": 13.36, "h": 0.19, "S": 0.0534, "elv": "Grytåi", "km": 1.9}}, {"type": "Feature", "geometry": {"type": "LineString", "coordinates": [[8.02665, 59.54138], [8.02549, 59.54203]]}, "properties": {"P": 20.24, "tau": 89.14, "tau_c": 164.78, "omega": 139.38, "M": 0.54, "D": 0.05, "R": 0.24, "sving": 0.03, "os": 0.0, "foss": 1.0, "juv": 0.0, "B": 0.55, "Q": 4.18, "w": 15.04, "h": 0.18, "S": 0.05118, "elv": "Grytåi", "km": 2.0}}, {"type": "Feature", "geometry": {"type": "LineString", "coordinates": [[8.02549, 59.54203], [8.02459, 59.54277]]}, "properties": {"P": 20.47, "tau": 82.17, "tau_c": 162.84, "omega": 122.47, "M": 0.5, "D": 0.08, "R": 0.19, "sving": 0.08, "os": 0.0, "foss": 1.0, "juv": 0.0, "B": 0.55, "Q": 4.18, "w": 16.73, "h": 0.17, "S": 0.04998, "elv": "Grytåi", "km": 2.1}}, {"type": "Feature", "geometry": {"type": "LineString", "coordinates": [[8.02459, 59.54277], [8.02295, 59.54311]]}, "properties": {"P": 20.08, "tau": 70.56, "tau_c": 152.23, "omega": 97.3, "M": 0.46, "D": 0.11, "R": 0.15, "sving": 0.09, "os": 0.0, "foss": 1.0, "juv": 0.0, "B": 0.55, "Q": 4.18, "w": 18.43, "h": 0.16, "S": 0.04368, "elv": "Grytåi", "km": 2.2}}, {"type": "Feature", "geometry": {"type": "LineString", "coordinates": [[8.02295, 59.54311], [8.02136, 59.54348]]}, "properties": {"P": 17.33, "tau": 74.37, "tau_c": 157.74, "omega": 104.98, "M": 0.47, "D": 0.11, "R": 0.16, "sving": 0.16, "os": 0.0, "foss": 0.72, "juv": 0.0, "B": 0.55, "Q": 4.21, "w": 18.44, "h": 0.16, "S": 0.0469, "elv": "Grytåi", "km": 2.3}}, {"type": "Feature", "geometry": {"type": "LineString", "coordinates": [[8.02136, 59.54348], [8.01989, 59.54397]]}, "properties": {"P": 14.21, "tau": 71.02, "tau_c": 152.63, "omega": 98.28, "M": 0.47, "D": 0.14, "R": 0.15, "sving": 0.1, "os": 0.0, "foss": 0.51, "juv": 0.0, "B": 0.55, "Q": 4.21, "w": 18.46, "h": 0.16, "S": 0.04391, "elv": "Grytåi", "km": 2.4}}, {"type": "Feature", "geometry": {"type": "LineString", "coordinates": [[8.0707, 59.52504], [8.07134, 59.52585]]}, "properties": {"P": 7.87, "tau": 45.5, "tau_c": 134.05, "omega": 48.7, "M": 0.34, "D": 0.04, "R": 0.05, "sving": 0.88, "os": 0.0, "foss": 0.0, "juv": 0.0, "B": 0.32, "Q": 1.74, "w": 11.89, "h": 0.14, "S": 0.03387, "elv": "Langesæåi", "km": 0.0}}, {"type": "Feature", "geometry": {"type": "LineString", "coordinates": [[8.07134, 59.52585], [8.07176, 59.52665]]}, "properties": {"P": 23.09, "tau": 40.83, "tau_c": 126.87, "omega": 41.44, "M": 0.32, "D": 0.06, "R": 0.04, "sving": 0.78, "os": 0.0, "foss": 1.0, "juv": 0.0, "B": 0.49, "Q": 1.74, "w": 12.53, "h": 0.14, "S": 0.03034, "elv": "Langesæåi", "km": 0.1}}, {"type": "Feature", "geometry": {"type": "LineString", "coordinates": [[8.07055, 59.52725], [8.06901, 59.52758]]}, "properties": {"P": 16.24, "tau": 40.72, "tau_c": 107.59, "omega": 43.42, "M": 0.38, "D": 0.07, "R": 0.07, "sving": 0.33, "os": 0.0, "foss": 0.72, "juv": 0.0, "B": 0.53, "Q": 2.81, "w": 13.86, "h": 0.19, "S": 0.02182, "elv": "Langesæåi", "km": 0.3}}, {"type": "Feature", "geometry": {"type": "LineString", "coordinates": [[8.06901, 59.52758], [8.06732, 59.52783]]}, "properties": {"P": 14.28, "tau": 35.78, "tau_c": 99.59, "omega": 35.94, "M": 0.36, "D": 0.17, "R": 0.06, "sving": 0.27, "os": 0.0, "foss": 0.51, "juv": 0.0, "B": 0.53, "Q": 2.85, "w": 14.53, "h": 0.2, "S": 0.01869, "elv": "Langesæåi", "km": 0.4}}, {"type": "Feature", "geometry": {"type": "LineString", "coordinates": [[8.06732, 59.52783], [8.06659, 59.52833]]}, "properties": {"P": 15.78, "tau": 22.92, "tau_c": 73.62, "omega": 18.87, "M": 0.31, "D": 0.31, "R": 0.03, "sving": 0.39, "os": 0.0, "foss": 0.37, "juv": 0.0, "B": 0.53, "Q": 2.86, "w": 15.19, "h": 0.23, "S": 0.01022, "elv": "Langesæåi", "km": 0.5}}, {"type": "Feature", "geometry": {"type": "LineString", "coordinates": [[8.05829, 59.52953], [8.05777, 59.53021]]}, "properties": {"P": 3.34, "tau": 26.74, "tau_c": 81.56, "omega": 23.61, "M": 0.33, "D": -0.0, "R": 0.04, "sving": 0.19, "os": 0.0, "foss": 0.0, "juv": 0.0, "B": 0.53, "Q": 2.97, "w": 15.47, "h": 0.22, "S": 0.01254, "elv": "Langesæåi", "km": 1.2}}, {"type": "Feature", "geometry": {"type": "LineString", "coordinates": [[8.05777, 59.53021], [8.05681, 59.53078]]}, "properties": {"P": 5.89, "tau": 31.8, "tau_c": 92.41, "omega": 30.29, "M": 0.34, "D": -0.0, "R": 0.05, "sving": 0.37, "os": 0.0, "foss": 0.0, "juv": 0.0, "B": 0.53, "Q": 2.98, "w": 15.53, "h": 0.2, "S": 0.0161, "elv": "Langesæåi", "km": 1.3}}, {"type": "Feature", "geometry": {"type": "LineString", "coordinates": [[8.05681, 59.53078], [8.05507, 59.53087]]}, "properties": {"P": 17.52, "tau": 33.86, "tau_c": 96.67, "omega": 33.13, "M": 0.35, "D": -0.0, "R": 0.05, "sving": 0.26, "os": 0.0, "foss": 1.0, "juv": 0.0, "B": 0.53, "Q": 2.98, "w": 15.55, "h": 0.2, "S": 0.01761, "elv": "Langesæåi", "km": 1.4}}, {"type": "Feature", "geometry": {"type": "LineString", "coordinates": [[8.05507, 59.53087], [8.05334, 59.53095]]}, "properties": {"P": 11.21, "tau": 35.52, "tau_c": 99.94, "omega": 35.51, "M": 0.36, "D": -0.0, "R": 0.06, "sving": 0.05, "os": 0.0, "foss": 0.72, "juv": 0.0, "B": 0.53, "Q": 2.99, "w": 15.57, "h": 0.19, "S": 0.01883, "elv": "Langesæåi", "km": 1.5}}, {"type": "Feature", "geometry": {"type": "LineString", "coordinates": [[8.05334, 59.53095], [8.05186, 59.53136]]}, "properties": {"P": 14.1, "tau": 36.59, "tau_c": 102.17, "omega": 37.04, "M": 0.36, "D": -0.0, "R": 0.06, "sving": 0.48, "os": 0.0, "foss": 0.51, "juv": 0.0, "B": 0.53, "Q": 2.99, "w": 15.6, "h": 0.19, "S": 0.01967, "elv": "Langesæåi", "km": 1.6}}, {"type": "Feature", "geometry": {"type": "LineString", "coordinates": [[8.05186, 59.53136], [8.05058, 59.53193]]}, "properties": {"P": 15.52, "tau": 37.16, "tau_c": 103.06, "omega": 37.9, "M": 0.36, "D": -0.0, "R": 0.06, "sving": 0.73, "os": 0.0, "foss": 0.37, "juv": 0.0, "B": 0.53, "Q": 3.02, "w": 15.63, "h": 0.19, "S": 0.02002, "elv": "Langesæåi", "km": 1.7}}, {"type": "Feature", "geometry": {"type": "LineString", "coordinates": [[8.05058, 59.53193], [8.05028, 59.53269]]}, "properties": {"P": 26.2, "tau": 45.92, "tau_c": 119.63, "omega": 51.38, "M": 0.38, "D": -0.0, "R": 0.08, "sving": 0.89, "os": 0.0, "foss": 1.0, "juv": 0.0, "B": 0.53, "Q": 3.04, "w": 15.66, "h": 0.17, "S": 0.02697, "elv": "Langesæåi", "km": 1.8}}, {"type": "Feature", "geometry": {"type": "LineString", "coordinates": [[8.05028, 59.53269], [8.05106, 59.53349]]}, "properties": {"P": 22.36, "tau": 41.61, "tau_c": 111.54, "omega": 44.61, "M": 0.37, "D": -0.0, "R": 0.07, "sving": 0.89, "os": 0.0, "foss": 0.72, "juv": 0.0, "B": 0.53, "Q": 3.04, "w": 15.69, "h": 0.18, "S": 0.02345, "elv": "Langesæåi", "km": 1.9}}, {"type": "Feature", "geometry": {"type": "LineString", "coordinates": [[8.05106, 59.53349], [8.0526, 59.53371]]}, "properties": {"P": 17.61, "tau": 47.01, "tau_c": 121.8, "omega": 53.13, "M": 0.39, "D": -0.0, "R": 0.08, "sving": 0.23, "os": 0.0, "foss": 1.0, "juv": 0.0, "B": 0.53, "Q": 3.04, "w": 15.71, "h": 0.17, "S": 0.02796, "elv": "Langesæåi", "km": 2.0}}, {"type": "Feature", "geometry": {"type": "LineString", "coordinates": [[8.0526, 59.53371], [8.05419, 59.53375]]}, "properties": {"P": 15.49, "tau": 47.89, "tau_c": 123.31, "omega": 54.58, "M": 0.39, "D": -0.0, "R": 0.08, "sving": 0.34, "os": 0.0, "foss": 0.72, "juv": 0.0, "B": 0.53, "Q": 3.05, "w": 15.72, "h": 0.17, "S": 0.02866, "elv": "Langesæåi", "km": 2.1}}, {"type": "Feature", "geometry": {"type": "LineString", "coordinates": [[8.05419, 59.53375], [8.05473, 59.53438]]}, "properties": {"P": 24.03, "tau": 46.57, "tau_c": 120.9, "omega": 52.42, "M": 0.39, "D": 0.05, "R": 0.08, "sving": 0.66, "os": 0.0, "foss": 1.0, "juv": 0.0, "B": 0.53, "Q": 3.05, "w": 15.73, "h": 0.17, "S": 0.02755, "elv": "Langesæåi", "km": 2.2}}, {"type": "Feature", "geometry": {"type": "LineString", "coordinates": [[8.05473, 59.53438], [8.05399, 59.53515]]}, "properties": {"P": 25.79, "tau": 53.48, "tau_c": 133.38, "omega": 63.94, "M": 0.4, "D": 0.09, "R": 0.09, "sving": 0.99, "os": 0.0, "foss": 0.72, "juv": 0.0, "B": 0.53, "Q": 3.06, "w": 15.75, "h": 0.16, "S": 0.03353, "elv": "Langesæåi", "km": 2.3}}, {"type": "Feature", "geometry": {"type": "LineString", "coordinates": [[8.01117, 59.55292], [8.00956, 59.55266]]}, "properties": {"P": 13.1, "tau": 80.79, "tau_c": 237.2, "omega": 105.11, "M": 0.34, "D": 0.0, "R": 0.05, "sving": 0.13, "os": 0.0, "foss": 1.0, "juv": 0.0, "B": 0.44, "Q": 0.83, "w": 8.21, "h": 0.08, "S": 0.10605, "elv": "bekk", "km": 0.0}}, {"type": "Feature", "geometry": {"type": "LineString", "coordinates": [[8.00956, 59.55266], [8.00844, 59.55199]]}, "properties": {"P": 16.42, "tau": 80.77, "tau_c": 237.36, "omega": 105.04, "M": 0.34, "D": 0.0, "R": 0.05, "sving": 0.44, "os": 0.0, "foss": 1.0, "juv": 0.0, "B": 0.44, "Q": 0.83, "w": 8.23, "h": 0.08, "S": 0.10619, "elv": "bekk", "km": 0.1}}, {"type": "Feature", "geometry": {"type": "LineString", "coordinates": [[8.00844, 59.55199], [8.00672, 59.55187]]}, "properties": {"P": 16.73, "tau": 88.44, "tau_c": 251.55, "omega": 119.89, "M": 0.35, "D": 0.0, "R": 0.05, "sving": 0.45, "os": 0.0, "foss": 1.0, "juv": 0.0, "B": 0.44, "Q": 0.84, "w": 8.25, "h": 0.08, "S": 0.11927, "elv": "bekk", "km": 0.2}}, {"type": "Feature", "geometry": {"type": "LineString", "coordinates": [[8.00672, 59.55187], [8.00527, 59.55234]]}, "properties": {"P": 17.66, "tau": 101.43, "tau_c": 277.56, "omega": 145.88, "M": 0.37, "D": 0.0, "R": 0.06, "sving": 0.52, "os": 0.0, "foss": 1.0, "juv": 0.0, "B": 0.44, "Q": 0.85, "w": 8.26, "h": 0.07, "S": 0.1452, "elv": "bekk", "km": 0.3}}, {"type": "Feature", "geometry": {"type": "LineString", "coordinates": [[8.00527, 59.55234], [8.00418, 59.55304]]}, "properties": {"P": 14.01, "tau": 94.29, "tau_c": 263.62, "omega": 131.38, "M": 0.36, "D": 0.03, "R": 0.06, "sving": 0.16, "os": 0.0, "foss": 1.0, "juv": 0.0, "B": 0.44, "Q": 0.85, "w": 8.28, "h": 0.07, "S": 0.13098, "elv": "bekk", "km": 0.4}}, {"type": "Feature", "geometry": {"type": "LineString", "coordinates": [[8.00418, 59.55304], [8.00268, 59.55347]]}, "properties": {"P": 15.4, "tau": 92.12, "tau_c": 260.03, "omega": 126.95, "M": 0.35, "D": 0.05, "R": 0.06, "sving": 0.25, "os": 0.0, "foss": 1.0, "juv": 0.0, "B": 0.44, "Q": 0.85, "w": 8.35, "h": 0.07, "S": 0.12744, "elv": "bekk", "km": 0.5}}, {"type": "Feature", "geometry": {"type": "LineString", "coordinates": [[8.00268, 59.55347], [8.00101, 59.55372]]}, "properties": {"P": 19.43, "tau": 84.91, "tau_c": 246.05, "omega": 112.86, "M": 0.35, "D": 0.1, "R": 0.05, "sving": 0.51, "os": 0.05, "foss": 1.0, "juv": 0.0, "B": 0.44, "Q": 0.85, "w": 8.41, "h": 0.08, "S": 0.11411, "elv": "bekk", "km": 0.6}}, {"type": "Feature", "geometry": {"type": "LineString", "coordinates": [[8.00101, 59.55372], [7.99933, 59.55362]]}, "properties": {"P": 19.03, "tau": 79.74, "tau_c": 228.61, "omega": 104.07, "M": 0.35, "D": 0.17, "R": 0.05, "sving": 0.34, "os": 0.08, "foss": 1.0, "juv": 0.0, "B": 0.45, "Q": 0.91, "w": 8.48, "h": 0.08, "S": 0.0985, "elv": "bekk", "km": 0.7}}, {"type": "Feature", "geometry": {"type": "LineString", "coordinates": [[7.99933, 59.55362], [7.99777, 59.55322]]}, "properties": {"P": 20.68, "tau": 63.22, "tau_c": 194.33, "omega": 74.52, "M": 0.33, "D": 0.3, "R": 0.04, "sving": 0.58, "os": 0.12, "foss": 0.72, "juv": 0.0, "B": 0.45, "Q": 0.91, "w": 8.56, "h": 0.09, "S": 0.07118, "elv": "bekk", "km": 0.8}}, {"type": "Feature", "geometry": {"type": "LineString", "coordinates": [[8.01583, 59.54487], [8.0144, 59.54539]]}, "properties": {"P": 6.68, "tau": 80.79, "tau_c": 166.89, "omega": 118.33, "M": 0.48, "D": 0.0, "R": 0.17, "sving": 0.16, "os": 0.32, "foss": 0.0, "juv": 0.0, "B": 0.36, "Q": 4.28, "w": 18.62, "h": 0.16, "S": 0.0525, "elv": "bekk", "km": 0.0}}, {"type": "Feature", "geometry": {"type": "LineString", "coordinates": [[8.0144, 59.54539], [8.01279, 59.54576]]}, "properties": {"P": 22.0, "tau": 85.22, "tau_c": 173.38, "omega": 127.73, "M": 0.49, "D": 0.0, "R": 0.18, "sving": 0.13, "os": 0.2, "foss": 1.0, "juv": 0.0, "B": 0.55, "Q": 4.28, "w": 18.62, "h": 0.15, "S": 0.05666, "elv": "bekk", "km": 0.1}}, {"type": "Feature", "geometry": {"type": "LineString", "coordinates": [[8.01279, 59.54576], [8.01117, 59.54611]]}, "properties": {"P": 19.93, "tau": 90.39, "tau_c": 180.79, "omega": 139.0, "M": 0.5, "D": 0.0, "R": 0.19, "sving": 0.04, "os": 0.12, "foss": 1.0, "juv": 0.0, "B": 0.55, "Q": 4.28, "w": 18.63, "h": 0.15, "S": 0.06161, "elv": "bekk", "km": 0.2}}, {"type": "Feature", "geometry": {"type": "LineString", "coordinates": [[8.01117, 59.54611], [8.00954, 59.54642]]}, "properties": {"P": 20.26, "tau": 113.27, "tau_c": 212.53, "omega": 192.03, "M": 0.53, "D": 0.0, "R": 0.23, "sving": 0.04, "os": 0.07, "foss": 1.0, "juv": 0.0, "B": 0.55, "Q": 4.29, "w": 18.65, "h": 0.14, "S": 0.08513, "elv": "bekk", "km": 0.3}}, {"type": "Feature", "geometry": {"type": "LineString", "coordinates": [[8.00954, 59.54642], [8.0081, 59.54684]]}, "properties": {"P": 20.09, "tau": 131.08, "tau_c": 226.11, "omega": 239.65, "M": 0.58, "D": 0.0, "R": 0.29, "sving": 0.01, "os": 0.0, "foss": 1.0, "juv": 0.0, "B": 0.55, "Q": 4.29, "w": 16.92, "h": 0.14, "S": 0.09636, "elv": "bekk", "km": 0.4}}, {"type": "Feature", "geometry": {"type": "LineString", "coordinates": [[8.0081, 59.54684], [8.00647, 59.54711]]}, "properties": {"P": 20.95, "tau": 124.94, "tau_c": 217.96, "omega": 223.88, "M": 0.57, "D": 0.0, "R": 0.28, "sving": 0.08, "os": 0.0, "foss": 1.0, "juv": 0.0, "B": 0.56, "Q": 4.32, "w": 16.95, "h": 0.14, "S": 0.08954, "elv": "bekk", "km": 0.5}}, {"type": "Feature", "geometry": {"type": "LineString", "coordinates": [[8.00647, 59.54711], [8.00486, 59.54747]]}, "properties": {"P": 20.94, "tau": 116.45, "tau_c": 207.37, "omega": 202.38, "M": 0.56, "D": 0.0, "R": 0.26, "sving": 0.11, "os": 0.0, "foss": 1.0, "juv": 0.0, "B": 0.56, "Q": 4.32, "w": 16.97, "h": 0.15, "S": 0.08105, "elv": "bekk", "km": 0.6}}, {"type": "Feature", "geometry": {"type": "LineString", "coordinates": [[8.00486, 59.54747], [8.0034, 59.54796]]}, "properties": {"P": 23.2, "tau": 151.15, "tau_c": 249.61, "omega": 294.2, "M": 0.61, "D": 0.0, "R": 0.32, "sving": 0.18, "os": 0.0, "foss": 1.0, "juv": 0.0, "B": 0.56, "Q": 4.34, "w": 17.0, "h": 0.13, "S": 0.11743, "elv": "bekk", "km": 0.7}}, {"type": "Feature", "geometry": {"type": "LineString", "coordinates": [[8.0034, 59.54796], [8.00169, 59.54817]]}, "properties": {"P": 22.81, "tau": 166.52, "tau_c": 255.05, "omega": 342.62, "M": 0.65, "D": 0.01, "R": 0.38, "sving": 0.03, "os": 0.0, "foss": 1.0, "juv": 0.0, "B": 0.56, "Q": 4.35, "w": 15.25, "h": 0.14, "S": 0.12261, "elv": "bekk", "km": 0.8}}, {"type": "Feature", "geometry": {"type": "LineString", "coordinates": [[8.00169, 59.54817], [8.00049, 59.54877]]}, "properties": {"P": 22.73, "tau": 146.29, "tau_c": 232.43, "omega": 284.59, "M": 0.63, "D": 0.03, "R": 0.35, "sving": 0.0, "os": 0.05, "foss": 1.0, "juv": 0.0, "B": 0.56, "Q": 4.35, "w": 15.25, "h": 0.15, "S": 0.10182, "elv": "bekk", "km": 0.9}}, {"type": "Feature", "geometry": {"type": "LineString", "coordinates": [[8.00049, 59.54877], [7.99883, 59.54907]]}, "properties": {"P": 25.17, "tau": 142.1, "tau_c": 227.66, "omega": 272.97, "M": 0.62, "D": 0.03, "R": 0.34, "sving": 0.16, "os": 0.09, "foss": 1.0, "juv": 0.0, "B": 0.56, "Q": 4.35, "w": 15.26, "h": 0.15, "S": 0.09769, "elv": "bekk", "km": 1.0}}, {"type": "Feature", "geometry": {"type": "LineString", "coordinates": [[7.99883, 59.54907], [7.99739, 59.54955]]}, "properties": {"P": 27.69, "tau": 149.45, "tau_c": 235.88, "omega": 293.51, "M": 0.63, "D": 0.1, "R": 0.36, "sving": 0.18, "os": 0.14, "foss": 1.0, "juv": 0.0, "B": 0.56, "Q": 4.36, "w": 15.27, "h": 0.15, "S": 0.10487, "elv": "bekk", "km": 1.1}}, {"type": "Feature", "geometry": {"type": "LineString", "coordinates": [[7.99739, 59.54955], [7.99601, 59.5501]]}, "properties": {"P": 28.6, "tau": 149.17, "tau_c": 235.58, "omega": 292.69, "M": 0.63, "D": 0.21, "R": 0.36, "sving": 0.02, "os": 0.22, "foss": 1.0, "juv": 0.0, "B": 0.56, "Q": 4.36, "w": 15.27, "h": 0.15, "S": 0.1046, "elv": "bekk", "km": 1.2}}, {"type": "Feature", "geometry": {"type": "LineString", "coordinates": [[7.99601, 59.5501], [7.99548, 59.55094]]}, "properties": {"P": 24.62, "tau": 62.3, "tau_c": 190.0, "omega": 74.08, "M": 0.33, "D": 0.21, "R": 0.04, "sving": 0.11, "os": 0.36, "foss": 1.0, "juv": 0.0, "B": 0.56, "Q": 4.36, "w": 39.27, "h": 0.09, "S": 0.06804, "elv": "bekk", "km": 1.3}}, {"type": "Feature", "geometry": {"type": "LineString", "coordinates": [[8.15155, 59.38516], [8.15169, 59.38434]]}, "properties": {"P": 10.3, "tau": 61.26, "tau_c": 195.04, "omega": 70.62, "M": 0.31, "D": 0.0, "R": 0.03, "sving": 0.18, "os": 0.0, "foss": 0.72, "juv": 0.0, "B": 0.44, "Q": 0.82, "w": 8.13, "h": 0.09, "S": 0.0717, "elv": "bekk", "km": 0.2}}, {"type": "Feature", "geometry": {"type": "LineString", "coordinates": [[8.15169, 59.38434], [8.15072, 59.3837]]}, "properties": {"P": 12.17, "tau": 61.85, "tau_c": 196.39, "omega": 71.6, "M": 0.31, "D": 0.01, "R": 0.03, "sving": 0.05, "os": 0.0, "foss": 1.0, "juv": 0.0, "B": 0.44, "Q": 0.82, "w": 8.13, "h": 0.09, "S": 0.07269, "elv": "bekk", "km": 0.3}}, {"type": "Feature", "geometry": {"type": "LineString", "coordinates": [[8.15072, 59.3837], [8.1518, 59.38303]]}, "properties": {"P": 14.78, "tau": 58.54, "tau_c": 191.42, "omega": 65.91, "M": 0.31, "D": 0.01, "R": 0.03, "sving": 0.3, "os": 0.0, "foss": 1.0, "juv": 0.0, "B": 0.44, "Q": 0.82, "w": 8.39, "h": 0.09, "S": 0.06907, "elv": "bekk", "km": 0.4}}, {"type": "Feature", "geometry": {"type": "LineString", "coordinates": [[8.15273, 59.3823], [8.15395, 59.38179]]}, "properties": {"P": 18.28, "tau": 64.61, "tau_c": 185.88, "omega": 78.35, "M": 0.35, "D": 0.06, "R": 0.05, "sving": 0.45, "os": 0.0, "foss": 1.0, "juv": 0.0, "B": 0.46, "Q": 1.1, "w": 8.96, "h": 0.1, "S": 0.06512, "elv": "bekk", "km": 0.6}}, {"type": "Feature", "geometry": {"type": "LineString", "coordinates": [[8.15395, 59.38179], [8.1528, 59.38124]]}, "properties": {"P": 13.17, "tau": 53.48, "tau_c": 164.7, "omega": 59.51, "M": 0.32, "D": 0.18, "R": 0.04, "sving": 0.14, "os": 0.0, "foss": 0.72, "juv": 0.0, "B": 0.46, "Q": 1.1, "w": 9.26, "h": 0.11, "S": 0.05113, "elv": "bekk", "km": 0.7}}, {"type": "Feature", "geometry": {"type": "LineString", "coordinates": [[8.21695, 59.4217], [8.21606, 59.42096]]}, "properties": {"P": 11.63, "tau": 111.33, "tau_c": 364.2, "omega": 132.83, "M": 0.31, "D": 0.21, "R": 0.03, "sving": 0.19, "os": 0.0, "foss": 1.0, "juv": 0.0, "B": 0.31, "Q": 0.12, "w": 6.0, "h": 0.02, "S": 0.67702, "elv": "bekk", "km": 1.5}}, {"type": "Feature", "geometry": {"type": "LineString", "coordinates": [[8.13443, 59.46911], [8.13566, 59.46849]]}, "properties": {"P": 14.22, "tau": 34.72, "tau_c": 115.37, "omega": 32.54, "M": 0.3, "D": -0.0, "R": 0.03, "sving": 0.45, "os": 0.0, "foss": 0.72, "juv": 0.0, "B": 0.48, "Q": 1.38, "w": 10.43, "h": 0.14, "S": 0.02509, "elv": "bekk", "km": 1.1}}, {"type": "Feature", "geometry": {"type": "LineString", "coordinates": [[8.13363, 59.46218], [8.13431, 59.46151]]}, "properties": {"P": 27.29, "tau": 186.43, "tau_c": 334.0, "omega": 377.88, "M": 0.56, "D": 0.0, "R": 0.26, "sving": 0.53, "os": 0.3, "foss": 1.0, "juv": 0.0, "B": 0.49, "Q": 1.76, "w": 9.62, "h": 0.09, "S": 0.21026, "elv": "Røynestøylbekken", "km": 1.8}}, {"type": "Feature", "geometry": {"type": "LineString", "coordinates": [[8.18606, 59.40341], [8.18743, 59.40397]]}, "properties": {"P": 14.39, "tau": 112.55, "tau_c": 364.2, "omega": 157.61, "M": 0.31, "D": 0.0, "R": 0.03, "sving": 0.39, "os": 0.07, "foss": 1.0, "juv": 0.0, "B": 0.39, "Q": 0.37, "w": 6.0, "h": 0.04, "S": 0.26099, "elv": "bekk", "km": 1.1}}, {"type": "Feature", "geometry": {"type": "LineString", "coordinates": [[8.18743, 59.40397], [8.18832, 59.40469]]}, "properties": {"P": 11.86, "tau": 119.48, "tau_c": 364.2, "omega": 171.69, "M": 0.33, "D": 0.0, "R": 0.04, "sving": 0.07, "os": 0.11, "foss": 1.0, "juv": 0.0, "B": 0.39, "Q": 0.37, "w": 6.0, "h": 0.04, "S": 0.2843, "elv": "bekk", "km": 1.2}}, {"type": "Feature", "geometry": {"type": "LineString", "coordinates": [[8.18832, 59.40469], [8.18891, 59.40553]]}, "properties": {"P": 12.05, "tau": 123.89, "tau_c": 364.2, "omega": 180.84, "M": 0.34, "D": 0.0, "R": 0.05, "sving": 0.04, "os": 0.15, "foss": 1.0, "juv": 0.0, "B": 0.39, "Q": 0.37, "w": 6.0, "h": 0.04, "S": 0.29945, "elv": "bekk", "km": 1.3}}, {"type": "Feature", "geometry": {"type": "LineString", "coordinates": [[8.18891, 59.40553], [8.1901, 59.40614]]}, "properties": {"P": 12.74, "tau": 117.09, "tau_c": 364.2, "omega": 166.8, "M": 0.32, "D": 0.01, "R": 0.04, "sving": 0.11, "os": 0.16, "foss": 1.0, "juv": 0.0, "B": 0.39, "Q": 0.37, "w": 6.0, "h": 0.04, "S": 0.2762, "elv": "bekk", "km": 1.4}}, {"type": "Feature", "geometry": {"type": "LineString", "coordinates": [[8.13861, 59.46603], [8.13771, 59.4657]]}, "properties": {"P": 7.03, "tau": 30.94, "tau_c": 102.44, "omega": 27.93, "M": 0.3, "D": 0.0, "R": 0.03, "sving": 0.06, "os": 0.27, "foss": 0.0, "juv": 0.0, "B": 0.75, "Q": 1.68, "w": 11.66, "h": 0.16, "S": 0.01978, "elv": "Lårdalsåi", "km": 0.3}}, {"type": "Feature", "geometry": {"type": "LineString", "coordinates": [[8.13771, 59.4657], [8.13718, 59.46489]]}, "properties": {"P": 27.01, "tau": 36.85, "tau_c": 116.12, "omega": 35.9, "M": 0.32, "D": 0.0, "R": 0.04, "sving": 0.18, "os": 0.22, "foss": 1.0, "juv": 0.0, "B": 0.76, "Q": 1.68, "w": 11.68, "h": 0.15, "S": 0.02541, "elv": "Lårdalsåi", "km": 0.4}}, {"type": "Feature", "geometry": {"type": "LineString", "coordinates": [[8.13718, 59.46489], [8.13708, 59.46403]]}, "properties": {"P": 25.95, "tau": 38.87, "tau_c": 120.63, "omega": 38.76, "M": 0.32, "D": 0.0, "R": 0.04, "sving": 0.21, "os": 0.14, "foss": 1.0, "juv": 0.0, "B": 0.76, "Q": 1.69, "w": 11.71, "h": 0.14, "S": 0.02743, "elv": "Lårdalsåi", "km": 0.5}}, {"type": "Feature", "geometry": {"type": "LineString", "coordinates": [[8.13708, 59.46403], [8.1358, 59.4635]]}, "properties": {"P": 25.61, "tau": 41.17, "tau_c": 125.34, "omega": 42.12, "M": 0.33, "D": 0.02, "R": 0.04, "sving": 0.1, "os": 0.19, "foss": 1.0, "juv": 0.0, "B": 0.76, "Q": 1.7, "w": 11.74, "h": 0.14, "S": 0.02961, "elv": "Lårdalsåi", "km": 0.6}}, {"type": "Feature", "geometry": {"type": "LineString", "coordinates": [[8.1358, 59.4635], [8.13513, 59.46268]]}, "properties": {"P": 22.39, "tau": 41.16, "tau_c": 125.34, "omega": 42.1, "M": 0.33, "D": 0.08, "R": 0.04, "sving": 0.04, "os": 0.28, "foss": 0.72, "juv": 0.0, "B": 0.76, "Q": 1.71, "w": 11.82, "h": 0.14, "S": 0.02961, "elv": "Lårdalsåi", "km": 0.7}}, {"type": "Feature", "geometry": {"type": "LineString", "coordinates": [[8.13513, 59.46268], [8.13502, 59.4618]]}, "properties": {"P": 30.75, "tau": 33.28, "tau_c": 107.79, "omega": 31.03, "M": 0.31, "D": 0.17, "R": 0.03, "sving": 0.43, "os": 0.44, "foss": 0.51, "juv": 0.0, "B": 0.76, "Q": 1.72, "w": 11.9, "h": 0.15, "S": 0.0219, "elv": "Lårdalsåi", "km": 0.8}}, {"type": "Feature", "geometry": {"type": "LineString", "coordinates": [[8.13324, 59.45725], [8.13282, 59.45641]]}, "properties": {"P": 27.79, "tau": 27.06, "tau_c": 88.32, "omega": 23.46, "M": 0.31, "D": 0.0, "R": 0.03, "sving": 0.18, "os": 0.22, "foss": 1.0, "juv": 0.0, "B": 0.78, "Q": 2.15, "w": 13.21, "h": 0.19, "S": 0.0147, "elv": "Lårdalsåi", "km": 1.5}}, {"type": "Feature", "geometry": {"type": "LineString", "coordinates": [[8.13282, 59.45641], [8.13266, 59.45552]]}, "properties": {"P": 20.04, "tau": 26.67, "tau_c": 87.45, "omega": 22.97, "M": 0.31, "D": 0.0, "R": 0.03, "sving": 0.15, "os": 0.14, "foss": 0.72, "juv": 0.0, "B": 0.78, "Q": 2.15, "w": 13.25, "h": 0.19, "S": 0.01441, "elv": "Lårdalsåi", "km": 1.6}}, {"type": "Feature", "geometry": {"type": "LineString", "coordinates": [[8.13266, 59.45552], [8.13189, 59.45476]]}, "properties": {"P": 22.51, "tau": 32.22, "tau_c": 99.43, "omega": 30.2, "M": 0.32, "D": 0.0, "R": 0.04, "sving": 0.03, "os": 0.08, "foss": 1.0, "juv": 0.0, "B": 0.78, "Q": 2.2, "w": 13.3, "h": 0.18, "S": 0.01863, "elv": "Lårdalsåi", "km": 1.7}}, {"type": "Feature", "geometry": {"type": "LineString", "coordinates": [[8.13189, 59.45476], [8.13171, 59.45389]]}, "properties": {"P": 17.21, "tau": 39.86, "tau_c": 115.92, "omega": 40.97, "M": 0.34, "D": 0.0, "R": 0.05, "sving": 0.05, "os": 0.05, "foss": 0.72, "juv": 0.0, "B": 0.78, "Q": 2.2, "w": 13.35, "h": 0.16, "S": 0.02533, "elv": "Lårdalsåi", "km": 1.8}}, {"type": "Feature", "geometry": {"type": "LineString", "coordinates": [[8.13171, 59.45389], [8.1312, 59.45311]]}, "properties": {"P": 13.61, "tau": 37.3, "tau_c": 110.35, "omega": 37.27, "M": 0.34, "D": 0.01, "R": 0.05, "sving": 0.11, "os": 0.0, "foss": 0.51, "juv": 0.0, "B": 0.78, "Q": 2.22, "w": 13.41, "h": 0.17, "S": 0.02295, "elv": "Lårdalsåi", "km": 1.9}}, {"type": "Feature", "geometry": {"type": "LineString", "coordinates": [[8.1312, 59.45311], [8.13125, 59.45223]]}, "properties": {"P": 21.86, "tau": 43.17, "tau_c": 122.54, "omega": 45.96, "M": 0.35, "D": 0.01, "R": 0.05, "sving": 0.04, "os": 0.0, "foss": 1.0, "juv": 0.0, "B": 0.78, "Q": 2.23, "w": 13.45, "h": 0.16, "S": 0.0283, "elv": "Lårdalsåi", "km": 2.0}}, {"type": "Feature", "geometry": {"type": "LineString", "coordinates": [[8.13125, 59.45223], [8.13095, 59.45136]]}, "properties": {"P": 21.85, "tau": 38.33, "tau_c": 112.05, "omega": 38.8, "M": 0.34, "D": 0.04, "R": 0.05, "sving": 0.29, "os": 0.0, "foss": 0.72, "juv": 0.0, "B": 0.79, "Q": 2.26, "w": 13.5, "h": 0.17, "S": 0.02366, "elv": "Lårdalsåi", "km": 2.1}}, {"type": "Feature", "geometry": {"type": "LineString", "coordinates": [[8.13095, 59.45136], [8.13059, 59.4505]]}, "properties": {"P": 22.88, "tau": 36.52, "tau_c": 108.17, "omega": 36.21, "M": 0.34, "D": 0.07, "R": 0.05, "sving": 0.02, "os": 0.0, "foss": 1.0, "juv": 0.0, "B": 0.79, "Q": 2.27, "w": 13.55, "h": 0.17, "S": 0.02205, "elv": "Lårdalsåi", "km": 2.2}}, {"type": "Feature", "geometry": {"type": "LineString", "coordinates": [[8.13059, 59.4505], [8.13134, 59.44971]]}, "properties": {"P": 19.69, "tau": 35.64, "tau_c": 106.39, "omega": 34.97, "M": 0.34, "D": 0.11, "R": 0.04, "sving": 0.03, "os": 0.06, "foss": 0.72, "juv": 0.0, "B": 0.79, "Q": 2.27, "w": 13.6, "h": 0.17, "S": 0.02133, "elv": "Lårdalsåi", "km": 2.3}}, {"type": "Feature", "geometry": {"type": "LineString", "coordinates": [[8.13134, 59.44971], [8.13146, 59.44886]]}, "properties": {"P": 18.56, "tau": 28.6, "tau_c": 90.34, "omega": 25.54, "M": 0.32, "D": 0.15, "R": 0.03, "sving": 0.1, "os": 0.09, "foss": 0.51, "juv": 0.0, "B": 0.79, "Q": 2.31, "w": 13.65, "h": 0.19, "S": 0.01538, "elv": "Lårdalsåi", "km": 2.4}}, {"type": "Feature", "geometry": {"type": "LineString", "coordinates": [[8.13146, 59.44886], [8.13104, 59.44803]]}, "properties": {"P": 19.1, "tau": 27.76, "tau_c": 89.14, "omega": 24.41, "M": 0.31, "D": 0.16, "R": 0.03, "sving": 0.21, "os": 0.14, "foss": 0.37, "juv": 0.0, "B": 0.79, "Q": 2.31, "w": 13.93, "h": 0.19, "S": 0.01497, "elv": "Lårdalsåi", "km": 2.5}}, {"type": "Feature", "geometry": {"type": "LineString", "coordinates": [[8.13011, 59.44639], [8.13161, 59.44629]]}, "properties": {"P": 23.09, "tau": 21.51, "tau_c": 70.53, "omega": 17.21, "M": 0.3, "D": 0.12, "R": 0.03, "sving": 0.56, "os": 0.41, "foss": 0.0, "juv": 0.0, "B": 0.81, "Q": 2.75, "w": 14.7, "h": 0.23, "S": 0.00938, "elv": "Lårdalsåi", "km": 2.8}}, {"type": "Feature", "geometry": {"type": "LineString", "coordinates": [[8.13773, 59.44415], [8.13915, 59.44365]]}, "properties": {"P": 7.06, "tau": 24.02, "tau_c": 76.16, "omega": 20.19, "M": 0.32, "D": 0.0, "R": 0.03, "sving": 0.1, "os": 0.2, "foss": 0.0, "juv": 0.0, "B": 0.81, "Q": 2.87, "w": 15.26, "h": 0.22, "S": 0.01093, "elv": "Lårdalsåi", "km": 3.4}}, {"type": "Feature", "geometry": {"type": "LineString", "coordinates": [[8.13915, 59.44365], [8.14079, 59.44338]]}, "properties": {"P": 10.91, "tau": 34.56, "tau_c": 98.82, "omega": 34.03, "M": 0.35, "D": 0.0, "R": 0.05, "sving": 0.34, "os": 0.12, "foss": 0.0, "juv": 0.0, "B": 0.81, "Q": 2.88, "w": 15.26, "h": 0.19, "S": 0.0184, "elv": "Lårdalsåi", "km": 3.5}}, {"type": "Feature", "geometry": {"type": "LineString", "coordinates": [[8.14079, 59.44338], [8.14255, 59.44337]]}, "properties": {"P": 30.11, "tau": 42.39, "tau_c": 114.41, "omega": 45.62, "M": 0.37, "D": 0.0, "R": 0.07, "sving": 0.33, "os": 0.08, "foss": 1.0, "juv": 0.0, "B": 0.81, "Q": 2.88, "w": 15.27, "h": 0.18, "S": 0.02467, "elv": "Lårdalsåi", "km": 3.6}}, {"type": "Feature", "geometry": {"type": "LineString", "coordinates": [[8.14255, 59.44337], [8.14417, 59.44308]]}, "properties": {"P": 28.91, "tau": 54.34, "tau_c": 136.67, "omega": 65.14, "M": 0.4, "D": 0.0, "R": 0.09, "sving": 0.31, "os": 0.0, "foss": 1.0, "juv": 0.0, "B": 0.81, "Q": 2.88, "w": 15.28, "h": 0.16, "S": 0.03521, "elv": "Lårdalsåi", "km": 3.7}}, {"type": "Feature", "geometry": {"type": "LineString", "coordinates": [[8.14417, 59.44308], [8.14583, 59.44332]]}, "properties": {"P": 27.76, "tau": 61.57, "tau_c": 149.48, "omega": 77.92, "M": 0.41, "D": 0.0, "R": 0.1, "sving": 0.17, "os": 0.07, "foss": 1.0, "juv": 0.0, "B": 0.81, "Q": 2.88, "w": 15.29, "h": 0.15, "S": 0.04212, "elv": "Lårdalsåi", "km": 3.8}}, {"type": "Feature", "geometry": {"type": "LineString", "coordinates": [[8.14583, 59.44332], [8.14735, 59.44376]]}, "properties": {"P": 33.03, "tau": 65.65, "tau_c": 156.47, "omega": 85.43, "M": 0.42, "D": 0.03, "R": 0.1, "sving": 0.34, "os": 0.11, "foss": 1.0, "juv": 0.0, "B": 0.81, "Q": 2.89, "w": 15.32, "h": 0.15, "S": 0.04615, "elv": "Lårdalsåi", "km": 3.9}}, {"type": "Feature", "geometry": {"type": "LineString", "coordinates": [[8.14735, 59.44376], [8.14894, 59.44414]]}, "properties": {"P": 32.63, "tau": 57.97, "tau_c": 143.06, "omega": 71.49, "M": 0.41, "D": 0.09, "R": 0.09, "sving": 0.19, "os": 0.18, "foss": 1.0, "juv": 0.0, "B": 0.81, "Q": 2.9, "w": 15.35, "h": 0.15, "S": 0.03858, "elv": "Lårdalsåi", "km": 4.0}}, {"type": "Feature", "geometry": {"type": "LineString", "coordinates": [[8.14894, 59.44414], [8.15039, 59.44461]]}, "properties": {"P": 27.0, "tau": 49.88, "tau_c": 133.53, "omega": 57.02, "M": 0.37, "D": 0.09, "R": 0.07, "sving": 0.11, "os": 0.29, "foss": 0.72, "juv": 0.0, "B": 0.81, "Q": 2.93, "w": 16.96, "h": 0.15, "S": 0.0336, "elv": "Lårdalsåi", "km": 4.1}}, {"type": "Feature", "geometry": {"type": "LineString", "coordinates": [[8.15039, 59.44461], [8.15177, 59.44445]]}, "properties": {"P": 32.75, "tau": 43.38, "tau_c": 125.59, "omega": 46.18, "M": 0.35, "D": 0.06, "R": 0.05, "sving": 0.51, "os": 0.46, "foss": 0.51, "juv": 0.0, "B": 0.81, "Q": 2.94, "w": 18.57, "h": 0.15, "S": 0.02973, "elv": "Lårdalsåi", "km": 4.2}}, {"type": "Feature", "geometry": {"type": "LineString", "coordinates": [[8.15177, 59.44445], [8.15324, 59.44461]]}, "properties": {"P": 38.85, "tau": 60.68, "tau_c": 114.05, "omega": 82.88, "M": 0.53, "D": 0.01, "R": 0.22, "sving": 0.35, "os": 0.66, "foss": 0.37, "juv": 0.0, "B": 0.9, "Q": 6.72, "w": 19.5, "h": 0.25, "S": 0.02452, "elv": "Lårdalsåi", "km": 4.3}}, {"type": "Feature", "geometry": {"type": "LineString", "coordinates": [[8.15324, 59.44461], [8.1543, 59.44391]]}, "properties": {"P": 32.08, "tau": 46.92, "tau_c": 98.14, "omega": 56.8, "M": 0.48, "D": 0.04, "R": 0.16, "sving": 0.17, "os": 0.96, "foss": 0.0, "juv": 0.0, "B": 0.9, "Q": 6.73, "w": 21.1, "h": 0.26, "S": 0.01815, "elv": "Lårdalsåi", "km": 4.4}}, {"type": "Feature", "geometry": {"type": "LineString", "coordinates": [[8.1543, 59.44391], [8.15592, 59.44359]]}, "properties": {"P": 42.49, "tau": 37.7, "tau_c": 86.56, "omega": 41.15, "M": 0.44, "D": 0.04, "R": 0.12, "sving": 0.09, "os": 0.58, "foss": 1.0, "juv": 0.0, "B": 0.9, "Q": 6.74, "w": 22.69, "h": 0.27, "S": 0.01412, "elv": "Lårdalsåi", "km": 4.5}}, {"type": "Feature", "geometry": {"type": "LineString", "coordinates": [[8.15592, 59.44359], [8.15724, 59.44304]]}, "properties": {"P": 38.06, "tau": 51.34, "tau_c": 108.02, "omega": 64.08, "M": 0.48, "D": 0.03, "R": 0.16, "sving": 0.33, "os": 0.37, "foss": 0.72, "juv": 0.0, "B": 0.9, "Q": 6.74, "w": 22.7, "h": 0.24, "S": 0.02199, "elv": "Lårdalsåi", "km": 4.6}}, {"type": "Feature", "geometry": {"type": "LineString", "coordinates": [[8.15724, 59.44304], [8.15899, 59.44302]]}, "properties": {"P": 24.36, "tau": 60.77, "tau_c": 121.87, "omega": 81.61, "M": 0.5, "D": 0.0, "R": 0.19, "sving": 0.06, "os": 0.23, "foss": 0.51, "juv": 0.0, "B": 0.9, "Q": 6.75, "w": 22.72, "h": 0.22, "S": 0.028, "elv": "Lårdalsåi", "km": 4.7}}, {"type": "Feature", "geometry": {"type": "LineString", "coordinates": [[8.15899, 59.44302], [8.16054, 59.44299]]}, "properties": {"P": 40.82, "tau": 64.97, "tau_c": 129.42, "omega": 89.5, "M": 0.5, "D": 0.0, "R": 0.19, "sving": 0.39, "os": 0.15, "foss": 1.0, "juv": 0.0, "B": 0.9, "Q": 6.76, "w": 23.41, "h": 0.21, "S": 0.03157, "elv": "Lårdalsåi", "km": 4.8}}, {"type": "Feature", "geometry": {"type": "LineString", "coordinates": [[8.16054, 59.44299], [8.16192, 59.44284]]}, "properties": {"P": 32.38, "tau": 68.54, "tau_c": 134.42, "omega": 96.64, "M": 0.51, "D": 0.0, "R": 0.2, "sving": 0.04, "os": 0.1, "foss": 1.0, "juv": 0.0, "B": 0.9, "Q": 6.78, "w": 23.43, "h": 0.21, "S": 0.03406, "elv": "Lårdalsåi", "km": 4.9}}, {"type": "Feature", "geometry": {"type": "LineString", "coordinates": [[8.16192, 59.44284], [8.16349, 59.44313]]}, "properties": {"P": 32.48, "tau": 81.35, "tau_c": 151.99, "omega": 123.53, "M": 0.54, "D": 0.0, "R": 0.23, "sving": 0.03, "os": 0.07, "foss": 1.0, "juv": 0.0, "B": 0.9, "Q": 6.78, "w": 23.45, "h": 0.19, "S": 0.04354, "elv": "Lårdalsåi", "km": 5.0}}, {"type": "Feature", "geometry": {"type": "LineString", "coordinates": [[8.16349, 59.44313], [8.16515, 59.44302]]}, "properties": {"P": 36.13, "tau": 98.82, "tau_c": 174.47, "omega": 163.3, "M": 0.57, "D": 0.0, "R": 0.27, "sving": 0.19, "os": 0.0, "foss": 1.0, "juv": 0.0, "B": 0.9, "Q": 6.81, "w": 23.47, "h": 0.18, "S": 0.05737, "elv": "Lårdalsåi", "km": 5.1}}, {"type": "Feature", "geometry": {"type": "LineString", "coordinates": [[8.16515, 59.44302], [8.16684, 59.44305]]}, "properties": {"P": 36.05, "tau": 95.86, "tau_c": 170.71, "omega": 156.34, "M": 0.56, "D": 0.03, "R": 0.26, "sving": 0.16, "os": 0.0, "foss": 1.0, "juv": 0.0, "B": 0.9, "Q": 6.81, "w": 23.49, "h": 0.18, "S": 0.05493, "elv": "Lårdalsåi", "km": 5.2}}, {"type": "Feature", "geometry": {"type": "LineString", "coordinates": [[8.16684, 59.44305], [8.1685, 59.44331]]}, "properties": {"P": 38.75, "tau": 89.66, "tau_c": 162.76, "omega": 142.06, "M": 0.55, "D": 0.07, "R": 0.25, "sving": 0.25, "os": 0.0, "foss": 1.0, "juv": 0.0, "B": 0.9, "Q": 6.82, "w": 23.51, "h": 0.18, "S": 0.04993, "elv": "Lårdalsåi", "km": 5.3}}, {"type": "Feature", "geometry": {"type": "LineString", "coordinates": [[8.1685, 59.44331], [8.16994, 59.44325]]}, "properties": {"P": 35.0, "tau": 81.95, "tau_c": 152.58, "omega": 124.91, "M": 0.54, "D": 0.12, "R": 0.23, "sving": 0.04, "os": 0.0, "foss": 1.0, "juv": 0.0, "B": 0.9, "Q": 6.83, "w": 23.54, "h": 0.19, "S": 0.04388, "elv": "Lårdalsåi", "km": 5.4}}, {"type": "Feature", "geometry": {"type": "LineString", "coordinates": [[8.16994, 59.44325], [8.17113, 59.44262]]}, "properties": {"P": 33.41, "tau": 72.69, "tau_c": 140.04, "omega": 105.2, "M": 0.52, "D": 0.12, "R": 0.21, "sving": 0.28, "os": 0.0, "foss": 0.72, "juv": 0.0, "B": 0.9, "Q": 6.84, "w": 23.58, "h": 0.2, "S": 0.03696, "elv": "Lårdalsåi", "km": 5.5}}, {"type": "Feature", "geometry": {"type": "LineString", "coordinates": [[8.17113, 59.44262], [8.17282, 59.44256]]}, "properties": {"P": 27.56, "tau": 60.88, "tau_c": 121.2, "omega": 82.01, "M": 0.5, "D": 0.08, "R": 0.19, "sving": 0.25, "os": 0.06, "foss": 0.51, "juv": 0.0, "B": 0.9, "Q": 6.91, "w": 22.88, "h": 0.22, "S": 0.02768, "elv": "Lårdalsåi", "km": 5.6}}, {"type": "Feature", "geometry": {"type": "LineString", "coordinates": [[8.17282, 59.44256], [8.17424, 59.4422]]}, "properties": {"P": 21.88, "tau": 68.28, "tau_c": 131.54, "omega": 96.67, "M": 0.52, "D": 0.03, "R": 0.21, "sving": 0.15, "os": 0.08, "foss": 0.37, "juv": 0.0, "B": 0.9, "Q": 6.93, "w": 22.92, "h": 0.21, "S": 0.03261, "elv": "Lårdalsåi", "km": 5.7}}, {"type": "Feature", "geometry": {"type": "LineString", "coordinates": [[8.17424, 59.4422], [8.17552, 59.44159]]}, "properties": {"P": 32.62, "tau": 96.06, "tau_c": 167.96, "omega": 157.65, "M": 0.57, "D": 0.0, "R": 0.27, "sving": 0.45, "os": 0.12, "foss": 0.46, "juv": 0.0, "B": 0.9, "Q": 6.94, "w": 22.96, "h": 0.18, "S": 0.05317, "elv": "Lårdalsåi", "km": 5.8}}, {"type": "Feature", "geometry": {"type": "LineString", "coordinates": [[8.17552, 59.44159], [8.17705, 59.44127]]}, "properties": {"P": 43.24, "tau": 106.67, "tau_c": 181.02, "omega": 183.18, "M": 0.59, "D": 0.0, "R": 0.3, "sving": 0.28, "os": 0.18, "foss": 1.0, "juv": 0.0, "B": 0.9, "Q": 6.95, "w": 22.99, "h": 0.18, "S": 0.06176, "elv": "Lårdalsåi", "km": 5.9}}, {"type": "Feature", "geometry": {"type": "LineString", "coordinates": [[8.17705, 59.44127], [8.17749, 59.44055]]}, "properties": {"P": 48.85, "tau": 134.26, "tau_c": 213.3, "omega": 254.72, "M": 0.63, "D": 0.0, "R": 0.35, "sving": 0.38, "os": 0.25, "foss": 1.0, "juv": 0.0, "B": 0.9, "Q": 6.97, "w": 23.01, "h": 0.16, "S": 0.08575, "elv": "Lårdalsåi", "km": 6.0}}, {"type": "Feature", "geometry": {"type": "LineString", "coordinates": [[8.17749, 59.44055], [8.17808, 59.43979]]}, "properties": {"P": 56.94, "tau": 150.11, "tau_c": 234.22, "omega": 297.63, "M": 0.64, "D": 0.0, "R": 0.37, "sving": 0.59, "os": 0.38, "foss": 1.0, "juv": 0.0, "B": 0.9, "Q": 6.97, "w": 23.77, "h": 0.15, "S": 0.10339, "elv": "Lårdalsåi", "km": 6.1}}, {"type": "Feature", "geometry": {"type": "LineString", "coordinates": [[8.17808, 59.43979], [8.17779, 59.439]]}, "properties": {"P": 57.8, "tau": 182.87, "tau_c": 269.6, "omega": 394.92, "M": 0.68, "D": 0.0, "R": 0.42, "sving": 0.34, "os": 0.58, "foss": 1.0, "juv": 0.0, "B": 0.9, "Q": 6.99, "w": 23.78, "h": 0.14, "S": 0.137, "elv": "Lårdalsåi", "km": 6.2}}, {"type": "Feature", "geometry": {"type": "LineString", "coordinates": [[8.17779, 59.439], [8.17719, 59.43825]]}, "properties": {"P": 65.39, "tau": 198.93, "tau_c": 286.43, "omega": 445.43, "M": 0.69, "D": 0.0, "R": 0.44, "sving": 0.33, "os": 0.9, "foss": 1.0, "juv": 0.0, "B": 0.9, "Q": 6.99, "w": 23.8, "h": 0.13, "S": 0.15463, "elv": "Lårdalsåi", "km": 6.3}}, {"type": "Feature", "geometry": {"type": "LineString", "coordinates": [[8.17719, 59.43825], [8.17626, 59.43756]]}, "properties": {"P": 55.94, "tau": 197.24, "tau_c": 284.78, "omega": 439.98, "M": 0.69, "D": 0.0, "R": 0.44, "sving": 0.12, "os": 0.68, "foss": 1.0, "juv": 0.0, "B": 0.9, "Q": 6.99, "w": 23.82, "h": 0.13, "S": 0.15286, "elv": "Lårdalsåi", "km": 6.4}}, {"type": "Feature", "geometry": {"type": "LineString", "coordinates": [[8.17626, 59.43756], [8.17546, 59.43681]]}, "properties": {"P": 49.64, "tau": 223.09, "tau_c": 310.49, "omega": 525.09, "M": 0.72, "D": 0.0, "R": 0.47, "sving": 0.03, "os": 0.43, "foss": 1.0, "juv": 0.0, "B": 0.9, "Q": 7.02, "w": 23.84, "h": 0.13, "S": 0.18171, "elv": "Lårdalsåi", "km": 6.5}}, {"type": "Feature", "geometry": {"type": "LineString", "coordinates": [[8.17546, 59.43681], [8.1757, 59.43594]]}, "properties": {"P": 52.74, "tau": 216.36, "tau_c": 303.76, "omega": 502.56, "M": 0.71, "D": 0.01, "R": 0.46, "sving": 0.33, "os": 0.27, "foss": 1.0, "juv": 0.0, "B": 0.9, "Q": 7.03, "w": 23.87, "h": 0.13, "S": 0.17392, "elv": "Lårdalsåi", "km": 6.6}}, {"type": "Feature", "geometry": {"type": "LineString", "coordinates": [[8.1757, 59.43594], [8.1752, 59.43511]]}, "properties": {"P": 46.9, "tau": 217.93, "tau_c": 305.26, "omega": 507.82, "M": 0.71, "D": 0.02, "R": 0.47, "sving": 0.14, "os": 0.18, "foss": 1.0, "juv": 0.0, "B": 0.9, "Q": 7.05, "w": 23.93, "h": 0.13, "S": 0.17563, "elv": "Lårdalsåi", "km": 6.7}}, {"type": "Feature", "geometry": {"type": "LineString", "coordinates": [[8.1752, 59.43511], [8.17568, 59.43428]]}, "properties": {"P": 44.39, "tau": 209.62, "tau_c": 296.97, "omega": 480.31, "M": 0.71, "D": 0.02, "R": 0.45, "sving": 0.07, "os": 0.15, "foss": 1.0, "juv": 0.0, "B": 0.9, "Q": 7.06, "w": 23.98, "h": 0.13, "S": 0.16622, "elv": "Lårdalsåi", "km": 6.8}}, {"type": "Feature", "geometry": {"type": "LineString", "coordinates": [[8.17568, 59.43428], [8.17547, 59.43339]]}, "properties": {"P": 51.88, "tau": 204.25, "tau_c": 289.86, "omega": 463.65, "M": 0.7, "D": 0.02, "R": 0.45, "sving": 0.31, "os": 0.25, "foss": 1.0, "juv": 0.0, "B": 0.91, "Q": 7.18, "w": 24.05, "h": 0.13, "S": 0.15836, "elv": "Lårdalsåi", "km": 6.9}}, {"type": "Feature", "geometry": {"type": "LineString", "coordinates": [[8.17547, 59.43339], [8.17539, 59.4325]]}, "properties": {"P": 48.71, "tau": 217.11, "tau_c": 303.26, "omega": 505.76, "M": 0.72, "D": 0.01, "R": 0.47, "sving": 0.01, "os": 0.4, "foss": 1.0, "juv": 0.0, "B": 0.91, "Q": 7.18, "w": 24.16, "h": 0.13, "S": 0.17333, "elv": "Lårdalsåi", "km": 7.0}}, {"type": "Feature", "geometry": {"type": "LineString", "coordinates": [[8.17539, 59.4325], [8.17626, 59.43175]]}, "properties": {"P": 60.41, "tau": 200.22, "tau_c": 281.61, "omega": 452.6, "M": 0.71, "D": 0.01, "R": 0.46, "sving": 0.3, "os": 0.64, "foss": 1.0, "juv": 0.0, "B": 0.91, "Q": 7.21, "w": 23.37, "h": 0.14, "S": 0.14947, "elv": "Lårdalsåi", "km": 7.1}}, {"type": "Feature", "geometry": {"type": "LineString", "coordinates": [[8.17626, 59.43175], [8.17669, 59.43096]]}, "properties": {"P": 66.89, "tau": 213.87, "tau_c": 292.77, "omega": 498.77, "M": 0.73, "D": 0.01, "R": 0.49, "sving": 0.22, "os": 0.96, "foss": 1.0, "juv": 0.0, "B": 0.91, "Q": 7.38, "w": 23.45, "h": 0.13, "S": 0.16155, "elv": "Lårdalsåi", "km": 7.2}}, {"type": "Feature", "geometry": {"type": "LineString", "coordinates": [[8.17669, 59.43096], [8.17776, 59.43028]]}, "properties": {"P": 55.1, "tau": 206.23, "tau_c": 285.34, "omega": 473.4, "M": 0.72, "D": 0.02, "R": 0.48, "sving": 0.04, "os": 0.61, "foss": 1.0, "juv": 0.0, "B": 0.91, "Q": 7.4, "w": 23.53, "h": 0.14, "S": 0.15346, "elv": "Lårdalsåi", "km": 7.3}}, {"type": "Feature", "geometry": {"type": "LineString", "coordinates": [[8.17776, 59.43028], [8.17864, 59.42954]]}, "properties": {"P": 50.77, "tau": 202.73, "tau_c": 282.14, "omega": 461.83, "M": 0.72, "D": 0.03, "R": 0.47, "sving": 0.07, "os": 0.38, "foss": 1.0, "juv": 0.0, "B": 0.91, "Q": 7.41, "w": 23.61, "h": 0.14, "S": 0.15003, "elv": "Lårdalsåi", "km": 7.4}}, {"type": "Feature", "geometry": {"type": "LineString", "coordinates": [[8.17864, 59.42954], [8.17934, 59.42874]]}, "properties": {"P": 48.24, "tau": 199.55, "tau_c": 274.0, "omega": 453.94, "M": 0.73, "D": 0.06, "R": 0.48, "sving": 0.04, "os": 0.24, "foss": 1.0, "juv": 0.0, "B": 0.91, "Q": 7.43, "w": 22.72, "h": 0.14, "S": 0.14151, "elv": "Lårdalsåi", "km": 7.5}}, {"type": "Feature", "geometry": {"type": "LineString", "coordinates": [[8.17934, 59.42874], [8.1795, 59.42785]]}, "properties": {"P": 46.98, "tau": 173.66, "tau_c": 238.05, "omega": 376.55, "M": 0.73, "D": 0.07, "R": 0.49, "sving": 0.06, "os": 0.15, "foss": 1.0, "juv": 0.0, "B": 0.91, "Q": 7.45, "w": 20.72, "h": 0.17, "S": 0.10681, "elv": "Lårdalsåi", "km": 7.6}}, {"type": "Feature", "geometry": {"type": "LineString", "coordinates": [[8.1795, 59.42785], [8.18037, 59.42716]]}, "properties": {"P": 46.88, "tau": 164.9, "tau_c": 229.29, "omega": 349.69, "M": 0.72, "D": 0.05, "R": 0.47, "sving": 0.16, "os": 0.09, "foss": 1.0, "juv": 0.0, "B": 0.91, "Q": 7.47, "w": 20.76, "h": 0.17, "S": 0.09909, "elv": "Lårdalsåi", "km": 7.7}}, {"type": "Feature", "geometry": {"type": "LineString", "coordinates": [[8.18037, 59.42716], [8.18148, 59.42648]]}, "properties": {"P": 40.21, "tau": 171.93, "tau_c": 230.96, "omega": 373.68, "M": 0.74, "D": 0.02, "R": 0.51, "sving": 0.15, "os": 0.06, "foss": 0.72, "juv": 0.0, "B": 0.91, "Q": 7.52, "w": 19.85, "h": 0.17, "S": 0.10054, "elv": "Lårdalsåi", "km": 7.8}}, {"type": "Feature", "geometry": {"type": "LineString", "coordinates": [[8.18148, 59.42648], [8.18273, 59.42591]]}, "properties": {"P": 44.99, "tau": 183.66, "tau_c": 237.09, "omega": 413.19, "M": 0.77, "D": 0.03, "R": 0.55, "sving": 0.07, "os": 0.0, "foss": 1.0, "juv": 0.0, "B": 0.91, "Q": 7.53, "w": 18.94, "h": 0.18, "S": 0.10595, "elv": "Lårdalsåi", "km": 7.9}}, {"type": "Feature", "geometry": {"type": "LineString", "coordinates": [[8.18273, 59.42591], [8.18353, 59.42516]]}, "properties": {"P": 44.33, "tau": 161.39, "tau_c": 219.34, "omega": 341.97, "M": 0.74, "D": 0.05, "R": 0.49, "sving": 0.1, "os": 0.0, "foss": 1.0, "juv": 0.0, "B": 0.91, "Q": 7.66, "w": 19.93, "h": 0.18, "S": 0.09068, "elv": "Lårdalsåi", "km": 8.0}}, {"type": "Feature", "geometry": {"type": "LineString", "coordinates": [[8.18353, 59.42516], [8.18471, 59.42453]]}, "properties": {"P": 44.7, "tau": 144.8, "tau_c": 212.11, "omega": 289.07, "M": 0.68, "D": 0.04, "R": 0.42, "sving": 0.15, "os": 0.0, "foss": 1.0, "juv": 0.12, "B": 0.91, "Q": 7.67, "w": 22.07, "h": 0.17, "S": 0.0848, "elv": "Lårdalsåi", "km": 8.1}}, {"type": "Feature", "geometry": {"type": "LineString", "coordinates": [[8.18471, 59.42453], [8.18544, 59.42372]]}, "properties": {"P": 45.04, "tau": 165.38, "tau_c": 229.51, "omega": 351.34, "M": 0.72, "D": 0.02, "R": 0.47, "sving": 0.04, "os": 0.0, "foss": 1.0, "juv": 0.25, "B": 0.91, "Q": 7.67, "w": 21.27, "h": 0.17, "S": 0.09928, "elv": "Lårdalsåi", "km": 8.2}}, {"type": "Feature", "geometry": {"type": "LineString", "coordinates": [[8.26796, 59.50446], [8.26779, 59.50365]]}, "properties": {"P": 13.43, "tau": 49.88, "tau_c": 153.8, "omega": 54.22, "M": 0.32, "D": 0.0, "R": 0.04, "sving": 0.1, "os": 0.0, "foss": 1.0, "juv": 0.0, "B": 0.47, "Q": 1.25, "w": 10.05, "h": 0.11, "S": 0.04459, "elv": "bekk", "km": 0.7}}, {"type": "Feature", "geometry": {"type": "LineString", "coordinates": [[8.26779, 59.50365], [8.26743, 59.50282]]}, "properties": {"P": 12.71, "tau": 63.48, "tau_c": 182.09, "omega": 76.7, "M": 0.35, "D": 0.0, "R": 0.05, "sving": 0.01, "os": 0.0, "foss": 1.0, "juv": 0.0, "B": 0.47, "Q": 1.26, "w": 10.08, "h": 0.1, "S": 0.0625, "elv": "bekk", "km": 0.8}}, {"type": "Feature", "geometry": {"type": "LineString", "coordinates": [[8.26743, 59.50282], [8.26719, 59.50194]]}, "properties": {"P": 14.6, "tau": 76.7, "tau_c": 208.61, "omega": 100.6, "M": 0.37, "D": 0.0, "R": 0.06, "sving": 0.15, "os": 0.0, "foss": 1.0, "juv": 0.0, "B": 0.47, "Q": 1.26, "w": 10.11, "h": 0.1, "S": 0.08202, "elv": "bekk", "km": 0.9}}, {"type": "Feature", "geometry": {"type": "LineString", "coordinates": [[8.26719, 59.50194], [8.26694, 59.50107]]}, "properties": {"P": 16.28, "tau": 78.95, "tau_c": 213.03, "omega": 104.84, "M": 0.37, "D": 0.0, "R": 0.07, "sving": 0.24, "os": 0.06, "foss": 1.0, "juv": 0.0, "B": 0.47, "Q": 1.27, "w": 10.13, "h": 0.09, "S": 0.08553, "elv": "bekk", "km": 1.0}}, {"type": "Feature", "geometry": {"type": "LineString", "coordinates": [[8.26694, 59.50107], [8.26744, 59.50024]]}, "properties": {"P": 16.16, "tau": 80.44, "tau_c": 215.59, "omega": 107.75, "M": 0.37, "D": 0.02, "R": 0.07, "sving": 0.17, "os": 0.08, "foss": 1.0, "juv": 0.0, "B": 0.47, "Q": 1.27, "w": 10.15, "h": 0.09, "S": 0.08761, "elv": "bekk", "km": 1.1}}, {"type": "Feature", "geometry": {"type": "LineString", "coordinates": [[8.26744, 59.50024], [8.26814, 59.49944]]}, "properties": {"P": 15.52, "tau": 77.39, "tau_c": 209.69, "omega": 101.95, "M": 0.37, "D": 0.06, "R": 0.07, "sving": 0.05, "os": 0.1, "foss": 1.0, "juv": 0.0, "B": 0.47, "Q": 1.28, "w": 10.17, "h": 0.1, "S": 0.08288, "elv": "bekk", "km": 1.2}}, {"type": "Feature", "geometry": {"type": "LineString", "coordinates": [[8.26814, 59.49944], [8.26869, 59.4986]]}, "properties": {"P": 18.18, "tau": 70.32, "tau_c": 195.43, "omega": 88.91, "M": 0.36, "D": 0.12, "R": 0.06, "sving": 0.19, "os": 0.11, "foss": 1.0, "juv": 0.0, "B": 0.48, "Q": 1.28, "w": 10.19, "h": 0.1, "S": 0.07199, "elv": "bekk", "km": 1.3}}, {"type": "Feature", "geometry": {"type": "LineString", "coordinates": [[8.26869, 59.4986], [8.26867, 59.49778]]}, "properties": {"P": 16.86, "tau": 60.35, "tau_c": 176.79, "omega": 71.23, "M": 0.34, "D": 0.15, "R": 0.05, "sving": 0.27, "os": 0.18, "foss": 0.72, "juv": 0.0, "B": 0.48, "Q": 1.29, "w": 10.45, "h": 0.1, "S": 0.05891, "elv": "bekk", "km": 1.4}}, {"type": "Feature", "geometry": {"type": "LineString", "coordinates": [[8.26867, 59.49778], [8.26835, 59.49695]]}, "properties": {"P": 20.53, "tau": 46.59, "tau_c": 148.48, "omega": 49.02, "M": 0.31, "D": 0.14, "R": 0.03, "sving": 0.23, "os": 0.29, "foss": 1.0, "juv": 0.0, "B": 0.48, "Q": 1.29, "w": 10.71, "h": 0.11, "S": 0.04155, "elv": "bekk", "km": 1.5}}, {"type": "Feature", "geometry": {"type": "LineString", "coordinates": [[8.26835, 59.49695], [8.26785, 59.49613]]}, "properties": {"P": 21.53, "tau": 53.14, "tau_c": 149.18, "omega": 60.85, "M": 0.36, "D": 0.07, "R": 0.06, "sving": 0.14, "os": 0.46, "foss": 1.0, "juv": 0.0, "B": 0.49, "Q": 1.62, "w": 10.96, "h": 0.13, "S": 0.04194, "elv": "bekk", "km": 1.6}}, {"type": "Feature", "geometry": {"type": "LineString", "coordinates": [[8.26864, 59.49556], [8.27026, 59.49531]]}, "properties": {"P": 15.17, "tau": 36.51, "tau_c": 116.22, "omega": 35.33, "M": 0.31, "D": 0.0, "R": 0.03, "sving": 0.21, "os": 1.0, "foss": 0.0, "juv": 0.0, "B": 0.49, "Q": 1.62, "w": 11.48, "h": 0.15, "S": 0.02546, "elv": "bekk", "km": 0.0}}, {"type": "Feature", "geometry": {"type": "LineString", "coordinates": [[8.27026, 59.49531], [8.27182, 59.4949]]}, "properties": {"P": 9.33, "tau": 39.2, "tau_c": 120.75, "omega": 39.26, "M": 0.32, "D": 0.0, "R": 0.04, "sving": 0.07, "os": 0.62, "foss": 0.0, "juv": 0.0, "B": 0.5, "Q": 1.63, "w": 11.18, "h": 0.15, "S": 0.02748, "elv": "bekk", "km": 0.1}}, {"type": "Feature", "geometry": {"type": "LineString", "coordinates": [[8.27182, 59.4949], [8.27331, 59.49442]]}, "properties": {"P": 19.1, "tau": 46.61, "tau_c": 136.68, "omega": 50.33, "M": 0.34, "D": 0.0, "R": 0.05, "sving": 0.05, "os": 0.38, "foss": 1.0, "juv": 0.0, "B": 0.52, "Q": 1.63, "w": 11.19, "h": 0.13, "S": 0.03521, "elv": "bekk", "km": 0.2}}, {"type": "Feature", "geometry": {"type": "LineString", "coordinates": [[8.27331, 59.49442], [8.27489, 59.49404]]}, "properties": {"P": 18.95, "tau": 53.92, "tau_c": 151.76, "omega": 62.03, "M": 0.36, "D": 0.0, "R": 0.06, "sving": 0.14, "os": 0.23, "foss": 1.0, "juv": 0.0, "B": 0.53, "Q": 1.63, "w": 11.22, "h": 0.13, "S": 0.04341, "elv": "bekk", "km": 0.3}}, {"type": "Feature", "geometry": {"type": "LineString", "coordinates": [[8.27489, 59.49404], [8.2766, 59.49391]]}, "properties": {"P": 17.46, "tau": 56.86, "tau_c": 157.71, "omega": 66.92, "M": 0.36, "D": 0.0, "R": 0.06, "sving": 0.09, "os": 0.14, "foss": 1.0, "juv": 0.0, "B": 0.54, "Q": 1.64, "w": 11.24, "h": 0.12, "S": 0.04688, "elv": "bekk", "km": 0.4}}, {"type": "Feature", "geometry": {"type": "LineString", "coordinates": [[8.2766, 59.49391], [8.27831, 59.49382]]}, "properties": {"P": 17.75, "tau": 72.1, "tau_c": 186.02, "omega": 94.22, "M": 0.39, "D": 0.0, "R": 0.08, "sving": 0.1, "os": 0.09, "foss": 1.0, "juv": 0.0, "B": 0.55, "Q": 1.66, "w": 11.27, "h": 0.11, "S": 0.06522, "elv": "bekk", "km": 0.5}}, {"type": "Feature", "geometry": {"type": "LineString", "coordinates": [[8.27831, 59.49382], [8.27953, 59.49319]]}, "properties": {"P": 19.19, "tau": 79.29, "tau_c": 198.72, "omega": 108.03, "M": 0.4, "D": 0.05, "R": 0.09, "sving": 0.14, "os": 0.05, "foss": 1.0, "juv": 0.0, "B": 0.56, "Q": 1.67, "w": 11.27, "h": 0.11, "S": 0.07443, "elv": "bekk", "km": 0.6}}, {"type": "Feature", "geometry": {"type": "LineString", "coordinates": [[8.27953, 59.49319], [8.28084, 59.4926]]}, "properties": {"P": 19.69, "tau": 68.19, "tau_c": 201.88, "omega": 83.97, "M": 0.34, "D": 0.05, "R": 0.05, "sving": 0.28, "os": 0.0, "foss": 1.0, "juv": 0.0, "B": 0.57, "Q": 1.67, "w": 14.97, "h": 0.09, "S": 0.07682, "elv": "bekk", "km": 0.7}}, {"type": "Feature", "geometry": {"type": "LineString", "coordinates": [[8.28234, 59.49216], [8.28345, 59.49151]]}, "properties": {"P": 49.3, "tau": 176.22, "tau_c": 171.07, "omega": 428.48, "M": 1.03, "D": 0.0, "R": 0.82, "sving": 0.2, "os": 0.0, "foss": 1.0, "juv": 0.0, "B": 0.78, "Q": 21.35, "w": 26.96, "h": 0.33, "S": 0.05516, "elv": "bekk", "km": 0.9}}, {"type": "Feature", "geometry": {"type": "LineString", "coordinates": [[8.28345, 59.49151], [8.28389, 59.49072]]}, "properties": {"P": 42.31, "tau": 153.08, "tau_c": 168.92, "omega": 341.76, "M": 0.91, "D": 0.11, "R": 0.7, "sving": 0.15, "os": 0.0, "foss": 0.72, "juv": 0.0, "B": 0.79, "Q": 21.35, "w": 32.95, "h": 0.29, "S": 0.05378, "elv": "bekk", "km": 1.0}}, {"type": "Feature", "geometry": {"type": "LineString", "coordinates": [[8.28389, 59.49072], [8.28563, 59.49056]]}, "properties": {"P": 36.08, "tau": 106.51, "tau_c": 136.95, "omega": 200.36, "M": 0.78, "D": 0.25, "R": 0.55, "sving": 0.04, "os": 0.05, "foss": 0.51, "juv": 0.0, "B": 0.8, "Q": 21.35, "w": 36.95, "h": 0.31, "S": 0.03535, "elv": "bekk", "km": 1.1}}, {"type": "Feature", "geometry": {"type": "LineString", "coordinates": [[8.28563, 59.49056], [8.28723, 59.49046]]}, "properties": {"P": 32.71, "tau": 70.74, "tau_c": 104.88, "omega": 110.63, "M": 0.67, "D": 0.36, "R": 0.41, "sving": 0.13, "os": 0.0, "foss": 0.37, "juv": 0.0, "B": 0.81, "Q": 21.36, "w": 39.27, "h": 0.35, "S": 0.02073, "elv": "bekk", "km": 1.2}}, {"type": "Feature", "geometry": {"type": "LineString", "coordinates": [[8.28723, 59.49046], [8.28822, 59.48975]]}, "properties": {"P": 26.97, "tau": 53.65, "tau_c": 86.03, "omega": 74.43, "M": 0.62, "D": 0.3, "R": 0.34, "sving": 0.39, "os": 0.0, "foss": 0.0, "juv": 0.0, "B": 0.81, "Q": 21.36, "w": 39.28, "h": 0.39, "S": 0.01395, "elv": "bekk", "km": 1.3}}, {"type": "Feature", "geometry": {"type": "LineString", "coordinates": [[8.31396, 59.50439], [8.31367, 59.50358]]}, "properties": {"P": 10.71, "tau": 75.59, "tau_c": 185.99, "omega": 102.05, "M": 0.41, "D": 0.0, "R": 0.09, "sving": 0.18, "os": 0.0, "foss": 1.0, "juv": 0.0, "B": 0.33, "Q": 2.06, "w": 12.94, "h": 0.12, "S": 0.0652, "elv": "Kvernvasselvi", "km": 0.0}}, {"type": "Feature", "geometry": {"type": "LineString", "coordinates": [[8.31367, 59.50358], [8.31332, 59.50272]]}, "properties": {"P": 11.87, "tau": 71.71, "tau_c": 179.04, "omega": 94.64, "M": 0.4, "D": 0.0, "R": 0.09, "sving": 0.09, "os": 0.0, "foss": 0.72, "juv": 0.0, "B": 0.51, "Q": 2.07, "w": 12.94, "h": 0.12, "S": 0.06042, "elv": "Kvernvasselvi", "km": 0.1}}, {"type": "Feature", "geometry": {"type": "LineString", "coordinates": [[8.31332, 59.50272], [8.31343, 59.50184]]}, "properties": {"P": 15.04, "tau": 80.49, "tau_c": 194.35, "omega": 111.7, "M": 0.41, "D": 0.0, "R": 0.1, "sving": 0.04, "os": 0.0, "foss": 1.0, "juv": 0.0, "B": 0.51, "Q": 2.07, "w": 12.95, "h": 0.12, "S": 0.07119, "elv": "Kvernvasselvi", "km": 0.2}}, {"type": "Feature", "geometry": {"type": "LineString", "coordinates": [[8.31343, 59.50184], [8.31343, 59.50101]]}, "properties": {"P": 15.2, "tau": 82.08, "tau_c": 197.07, "omega": 114.89, "M": 0.42, "D": 0.0, "R": 0.1, "sving": 0.05, "os": 0.0, "foss": 1.0, "juv": 0.0, "B": 0.51, "Q": 2.08, "w": 12.97, "h": 0.11, "S": 0.0732, "elv": "Kvernvasselvi", "km": 0.3}}, {"type": "Feature", "geometry": {"type": "LineString", "coordinates": [[8.31343, 59.50101], [8.31331, 59.50013]]}, "properties": {"P": 15.29, "tau": 82.06, "tau_c": 196.86, "omega": 114.87, "M": 0.42, "D": 0.0, "R": 0.1, "sving": 0.06, "os": 0.0, "foss": 1.0, "juv": 0.0, "B": 0.51, "Q": 2.08, "w": 12.99, "h": 0.11, "S": 0.07305, "elv": "Kvernvasselvi", "km": 0.4}}, {"type": "Feature", "geometry": {"type": "LineString", "coordinates": [[8.31331, 59.50013], [8.31276, 59.49932]]}, "properties": {"P": 14.86, "tau": 89.88, "tau_c": 209.87, "omega": 130.93, "M": 0.43, "D": 0.0, "R": 0.11, "sving": 0.0, "os": 0.0, "foss": 1.0, "juv": 0.0, "B": 0.51, "Q": 2.09, "w": 13.0, "h": 0.11, "S": 0.08302, "elv": "Kvernvasselvi", "km": 0.5}}, {"type": "Feature", "geometry": {"type": "LineString", "coordinates": [[8.31276, 59.49932], [8.31312, 59.49846]]}, "properties": {"P": 20.83, "tau": 89.53, "tau_c": 209.34, "omega": 130.19, "M": 0.43, "D": 0.0, "R": 0.11, "sving": 0.48, "os": 0.0, "foss": 1.0, "juv": 0.0, "B": 0.51, "Q": 2.09, "w": 13.02, "h": 0.11, "S": 0.0826, "elv": "Kvernvasselvi", "km": 0.6}}, {"type": "Feature", "geometry": {"type": "LineString", "coordinates": [[8.31312, 59.49846], [8.31313, 59.49762]]}, "properties": {"P": 15.09, "tau": 91.95, "tau_c": 213.35, "omega": 135.28, "M": 0.43, "D": 0.0, "R": 0.12, "sving": 0.01, "os": 0.0, "foss": 1.0, "juv": 0.0, "B": 0.51, "Q": 2.09, "w": 13.03, "h": 0.11, "S": 0.08579, "elv": "Kvernvasselvi", "km": 0.7}}, {"type": "Feature", "geometry": {"type": "LineString", "coordinates": [[8.31313, 59.49762], [8.31153, 59.49743]]}, "properties": {"P": 19.32, "tau": 88.11, "tau_c": 206.61, "omega": 127.32, "M": 0.43, "D": 0.0, "R": 0.11, "sving": 0.3, "os": 0.05, "foss": 1.0, "juv": 0.0, "B": 0.51, "Q": 2.1, "w": 13.04, "h": 0.11, "S": 0.08046, "elv": "Kvernvasselvi", "km": 0.8}}, {"type": "Feature", "geometry": {"type": "LineString", "coordinates": [[8.31153, 59.49743], [8.31106, 59.49666]]}, "properties": {"P": 20.66, "tau": 94.32, "tau_c": 217.52, "omega": 140.25, "M": 0.43, "D": 0.0, "R": 0.12, "sving": 0.38, "os": 0.08, "foss": 1.0, "juv": 0.0, "B": 0.51, "Q": 2.1, "w": 13.13, "h": 0.11, "S": 0.08918, "elv": "Kvernvasselvi", "km": 0.9}}, {"type": "Feature", "geometry": {"type": "LineString", "coordinates": [[8.31106, 59.49666], [8.3101, 59.49594]]}, "properties": {"P": 18.25, "tau": 100.82, "tau_c": 228.71, "omega": 154.19, "M": 0.44, "D": 0.0, "R": 0.12, "sving": 0.14, "os": 0.12, "foss": 1.0, "juv": 0.0, "B": 0.51, "Q": 2.11, "w": 13.21, "h": 0.1, "S": 0.0986, "elv": "Kvernvasselvi", "km": 1.0}}, {"type": "Feature", "geometry": {"type": "LineString", "coordinates": [[8.3101, 59.49594], [8.30867, 59.49548]]}, "properties": {"P": 18.8, "tau": 102.73, "tau_c": 226.91, "omega": 159.46, "M": 0.45, "D": 0.0, "R": 0.14, "sving": 0.07, "os": 0.19, "foss": 1.0, "juv": 0.0, "B": 0.51, "Q": 2.23, "w": 13.3, "h": 0.11, "S": 0.09705, "elv": "Kvernvasselvi", "km": 1.1}}, {"type": "Feature", "geometry": {"type": "LineString", "coordinates": [[8.30867, 59.49548], [8.30734, 59.49503]]}, "properties": {"P": 22.38, "tau": 98.71, "tau_c": 221.01, "omega": 150.52, "M": 0.45, "D": 0.01, "R": 0.13, "sving": 0.24, "os": 0.3, "foss": 1.0, "juv": 0.0, "B": 0.51, "Q": 2.23, "w": 13.39, "h": 0.11, "S": 0.09207, "elv": "Kvernvasselvi", "km": 1.2}}, {"type": "Feature", "geometry": {"type": "LineString", "coordinates": [[8.30734, 59.49503], [8.3065, 59.49425]]}, "properties": {"P": 25.93, "tau": 100.79, "tau_c": 225.69, "omega": 154.83, "M": 0.45, "D": 0.03, "R": 0.13, "sving": 0.36, "os": 0.44, "foss": 1.0, "juv": 0.0, "B": 0.51, "Q": 2.25, "w": 13.67, "h": 0.11, "S": 0.096, "elv": "Kvernvasselvi", "km": 1.3}}, {"type": "Feature", "geometry": {"type": "LineString", "coordinates": [[8.3065, 59.49425], [8.30658, 59.49342]]}, "properties": {"P": 30.09, "tau": 94.84, "tau_c": 217.36, "omega": 141.66, "M": 0.44, "D": 0.08, "R": 0.12, "sving": 0.39, "os": 0.7, "foss": 1.0, "juv": 0.0, "B": 0.51, "Q": 2.25, "w": 13.88, "h": 0.11, "S": 0.08905, "elv": "Kvernvasselvi", "km": 1.4}}, {"type": "Feature", "geometry": {"type": "LineString", "coordinates": [[8.30658, 59.49342], [8.30652, 59.49254]]}, "properties": {"P": 33.74, "tau": 87.43, "tau_c": 194.24, "omega": 128.23, "M": 0.45, "D": 0.12, "R": 0.13, "sving": 0.35, "os": 0.9, "foss": 1.0, "juv": 0.0, "B": 0.52, "Q": 2.59, "w": 14.1, "h": 0.13, "S": 0.07112, "elv": "Kvernvasselvi", "km": 1.5}}, {"type": "Feature", "geometry": {"type": "LineString", "coordinates": [[8.30652, 59.49254], [8.30661, 59.49166]]}, "properties": {"P": 28.94, "tau": 71.54, "tau_c": 169.43, "omega": 96.0, "M": 0.42, "D": 0.17, "R": 0.11, "sving": 0.3, "os": 0.55, "foss": 1.0, "juv": 0.0, "B": 0.52, "Q": 2.59, "w": 14.34, "h": 0.13, "S": 0.05411, "elv": "Kvernvasselvi", "km": 1.6}}, {"type": "Feature", "geometry": {"type": "LineString", "coordinates": [[8.30661, 59.49166], [8.30734, 59.49087]]}, "properties": {"P": 19.68, "tau": 61.3, "tau_c": 152.61, "omega": 76.81, "M": 0.4, "D": 0.2, "R": 0.09, "sving": 0.06, "os": 0.34, "foss": 0.72, "juv": 0.0, "B": 0.52, "Q": 2.6, "w": 14.58, "h": 0.14, "S": 0.04389, "elv": "Kvernvasselvi", "km": 1.7}}, {"type": "Feature", "geometry": {"type": "LineString", "coordinates": [[8.30734, 59.49087], [8.30624, 59.49026]]}, "properties": {"P": 16.16, "tau": 55.01, "tau_c": 139.91, "omega": 65.95, "M": 0.39, "D": 0.22, "R": 0.08, "sving": 0.09, "os": 0.21, "foss": 0.51, "juv": 0.0, "B": 0.53, "Q": 2.67, "w": 14.64, "h": 0.15, "S": 0.0369, "elv": "Kvernvasselvi", "km": 1.8}}, {"type": "Feature", "geometry": {"type": "LineString", "coordinates": [[8.30624, 59.49026], [8.30591, 59.48943]]}, "properties": {"P": 16.06, "tau": 40.61, "tau_c": 112.62, "omega": 42.68, "M": 0.36, "D": 0.23, "R": 0.06, "sving": 0.32, "os": 0.15, "foss": 0.37, "juv": 0.0, "B": 0.53, "Q": 2.67, "w": 14.69, "h": 0.17, "S": 0.02391, "elv": "Kvernvasselvi", "km": 1.9}}, {"type": "Feature", "geometry": {"type": "LineString", "coordinates": [[8.18127, 59.53508], [8.18148, 59.53419]]}, "properties": {"P": 4.94, "tau": 48.99, "tau_c": 84.24, "omega": 64.25, "M": 0.58, "D": 0.0, "R": 0.29, "sving": 0.01, "os": 0.0, "foss": 0.0, "juv": 0.0, "B": 0.41, "Q": 15.19, "w": 31.02, "h": 0.37, "S": 0.01338, "elv": "Ofteelvi", "km": 0.0}}, {"type": "Feature", "geometry": {"type": "LineString", "coordinates": [[8.18148, 59.53419], [8.18169, 59.5333]]}, "properties": {"P": 11.31, "tau": 49.4, "tau_c": 84.75, "omega": 65.02, "M": 0.58, "D": 0.0, "R": 0.29, "sving": 0.09, "os": 0.0, "foss": 0.0, "juv": 0.0, "B": 0.81, "Q": 15.19, "w": 31.02, "h": 0.37, "S": 0.01354, "elv": "Ofteelvi", "km": 0.1}}, {"type": "Feature", "geometry": {"type": "LineString", "coordinates": [[8.18169, 59.5333], [8.18193, 59.53241]]}, "properties": {"P": 10.58, "tau": 52.4, "tau_c": 89.63, "omega": 70.51, "M": 0.58, "D": 0.0, "R": 0.29, "sving": 0.05, "os": 0.0, "foss": 0.0, "juv": 0.0, "B": 0.81, "Q": 15.21, "w": 32.04, "h": 0.35, "S": 0.01514, "elv": "Ofteelvi", "km": 0.2}}, {"type": "Feature", "geometry": {"type": "LineString", "coordinates": [[8.18193, 59.53241], [8.18244, 59.53156]]}, "properties": {"P": 11.45, "tau": 49.89, "tau_c": 87.71, "omega": 65.47, "M": 0.57, "D": 0.0, "R": 0.27, "sving": 0.12, "os": 0.0, "foss": 0.0, "juv": 0.0, "B": 0.81, "Q": 15.22, "w": 33.07, "h": 0.35, "S": 0.0145, "elv": "Ofteelvi", "km": 0.3}}, {"type": "Feature", "geometry": {"type": "LineString", "coordinates": [[8.18244, 59.53156], [8.18287, 59.53069]]}, "properties": {"P": 20.79, "tau": 61.24, "tau_c": 101.59, "omega": 87.85, "M": 0.6, "D": 0.0, "R": 0.32, "sving": 0.52, "os": 0.0, "foss": 0.0, "juv": 0.0, "B": 0.81, "Q": 15.22, "w": 33.07, "h": 0.32, "S": 0.01945, "elv": "Ofteelvi", "km": 0.4}}, {"type": "Feature", "geometry": {"type": "LineString", "coordinates": [[8.18287, 59.53069], [8.18361, 59.52991]]}, "properties": {"P": 17.38, "tau": 66.37, "tau_c": 103.15, "omega": 99.74, "M": 0.64, "D": 0.0, "R": 0.37, "sving": 0.26, "os": 0.0, "foss": 0.0, "juv": 0.0, "B": 0.81, "Q": 15.23, "w": 30.05, "h": 0.34, "S": 0.02005, "elv": "Ofteelvi", "km": 0.5}}, {"type": "Feature", "geometry": {"type": "LineString", "coordinates": [[8.18361, 59.52991], [8.18532, 59.52986]]}, "properties": {"P": 35.58, "tau": 62.97, "tau_c": 99.32, "omega": 92.49, "M": 0.63, "D": 0.0, "R": 0.36, "sving": 0.19, "os": 0.0, "foss": 1.0, "juv": 0.0, "B": 0.81, "Q": 15.24, "w": 30.05, "h": 0.35, "S": 0.01859, "elv": "Ofteelvi", "km": 0.6}}, {"type": "Feature", "geometry": {"type": "LineString", "coordinates": [[8.18532, 59.52986], [8.18676, 59.52937]]}, "properties": {"P": 29.38, "tau": 69.17, "tau_c": 101.37, "omega": 107.16, "M": 0.68, "D": 0.0, "R": 0.42, "sving": 0.05, "os": 0.0, "foss": 0.72, "juv": 0.0, "B": 0.81, "Q": 15.24, "w": 27.03, "h": 0.36, "S": 0.01937, "elv": "Ofteelvi", "km": 0.7}}, {"type": "Feature", "geometry": {"type": "LineString", "coordinates": [[8.18676, 59.52937], [8.18793, 59.52873]]}, "properties": {"P": 35.3, "tau": 66.67, "tau_c": 98.71, "omega": 101.65, "M": 0.68, "D": 0.03, "R": 0.41, "sving": 0.53, "os": 0.0, "foss": 0.51, "juv": 0.0, "B": 0.81, "Q": 15.25, "w": 27.03, "h": 0.37, "S": 0.01837, "elv": "Ofteelvi", "km": 0.8}}, {"type": "Feature", "geometry": {"type": "LineString", "coordinates": [[8.18793, 59.52873], [8.18846, 59.52789]]}, "properties": {"P": 32.76, "tau": 63.62, "tau_c": 95.44, "omega": 95.03, "M": 0.67, "D": 0.06, "R": 0.4, "sving": 0.52, "os": 0.0, "foss": 0.37, "juv": 0.0, "B": 0.81, "Q": 15.25, "w": 27.03, "h": 0.38, "S": 0.01717, "elv": "Ofteelvi", "km": 0.9}}, {"type": "Feature", "geometry": {"type": "LineString", "coordinates": [[8.18846, 59.52789], [8.18864, 59.527]]}, "properties": {"P": 22.33, "tau": 56.46, "tau_c": 91.81, "omega": 79.09, "M": 0.61, "D": 0.07, "R": 0.33, "sving": 0.47, "os": 0.0, "foss": 0.0, "juv": 0.0, "B": 0.81, "Q": 15.26, "w": 30.07, "h": 0.36, "S": 0.01589, "elv": "Ofteelvi", "km": 1.0}}, {"type": "Feature", "geometry": {"type": "LineString", "coordinates": [[8.18864, 59.527], [8.188, 59.52627]]}, "properties": {"P": 19.72, "tau": 54.6, "tau_c": 90.98, "omega": 75.1, "M": 0.6, "D": 0.04, "R": 0.31, "sving": 0.36, "os": 0.05, "foss": 0.0, "juv": 0.0, "B": 0.81, "Q": 15.27, "w": 31.12, "h": 0.36, "S": 0.0156, "elv": "Ofteelvi", "km": 1.1}}, {"type": "Feature", "geometry": {"type": "LineString", "coordinates": [[8.188, 59.52627], [8.18717, 59.5255]]}, "properties": {"P": 33.06, "tau": 61.58, "tau_c": 103.29, "omega": 88.22, "M": 0.6, "D": 0.01, "R": 0.31, "sving": 0.05, "os": 0.08, "foss": 1.0, "juv": 0.0, "B": 0.81, "Q": 15.28, "w": 34.17, "h": 0.31, "S": 0.02011, "elv": "Ofteelvi", "km": 1.2}}, {"type": "Feature", "geometry": {"type": "LineString", "coordinates": [[8.18717, 59.5255], [8.18612, 59.52482]]}, "properties": {"P": 30.52, "tau": 58.08, "tau_c": 98.9, "omega": 81.18, "M": 0.59, "D": 0.0, "R": 0.29, "sving": 0.19, "os": 0.13, "foss": 0.72, "juv": 0.0, "B": 0.82, "Q": 15.35, "w": 34.19, "h": 0.32, "S": 0.01844, "elv": "Ofteelvi", "km": 1.3}}, {"type": "Feature", "geometry": {"type": "LineString", "coordinates": [[8.18612, 59.52482], [8.18608, 59.52419]]}, "properties": {"P": 37.56, "tau": 57.6, "tau_c": 99.62, "omega": 79.9, "M": 0.58, "D": 0.01, "R": 0.28, "sving": 0.21, "os": 0.2, "foss": 1.0, "juv": 0.0, "B": 0.82, "Q": 15.35, "w": 35.25, "h": 0.31, "S": 0.0187, "elv": "Ofteelvi", "km": 1.4}}, {"type": "Feature", "geometry": {"type": "LineString", "coordinates": [[8.18608, 59.52419], [8.18623, 59.52332]]}, "properties": {"P": 32.29, "tau": 62.23, "tau_c": 105.33, "omega": 89.27, "M": 0.59, "D": 0.01, "R": 0.3, "sving": 0.11, "os": 0.28, "foss": 0.72, "juv": 0.0, "B": 0.82, "Q": 15.35, "w": 35.28, "h": 0.3, "S": 0.02091, "elv": "Ofteelvi", "km": 1.5}}, {"type": "Feature", "geometry": {"type": "LineString", "coordinates": [[8.18623, 59.52332], [8.18631, 59.52245]]}, "properties": {"P": 30.83, "tau": 56.26, "tau_c": 97.95, "omega": 77.26, "M": 0.57, "D": 0.06, "R": 0.28, "sving": 0.04, "os": 0.46, "foss": 0.51, "juv": 0.0, "B": 0.82, "Q": 15.37, "w": 35.29, "h": 0.32, "S": 0.01808, "elv": "Ofteelvi", "km": 1.6}}, {"type": "Feature", "geometry": {"type": "LineString", "coordinates": [[8.18631, 59.52245], [8.18567, 59.52162]]}, "properties": {"P": 36.39, "tau": 56.1, "tau_c": 97.71, "omega": 76.96, "M": 0.57, "D": 0.09, "R": 0.28, "sving": 0.15, "os": 0.73, "foss": 0.37, "juv": 0.0, "B": 0.82, "Q": 15.4, "w": 35.32, "h": 0.32, "S": 0.018, "elv": "Ofteelvi", "km": 1.7}}, {"type": "Feature", "geometry": {"type": "LineString", "coordinates": [[8.18567, 59.52162], [8.18545, 59.52074]]}, "properties": {"P": 32.32, "tau": 43.28, "tau_c": 81.17, "omega": 53.05, "M": 0.53, "D": 0.12, "R": 0.23, "sving": 0.24, "os": 0.83, "foss": 0.0, "juv": 0.0, "B": 0.82, "Q": 15.4, "w": 35.36, "h": 0.36, "S": 0.01242, "elv": "Ofteelvi", "km": 1.8}}, {"type": "Feature", "geometry": {"type": "LineString", "coordinates": [[8.18545, 59.52074], [8.18625, 59.51997]]}, "properties": {"P": 20.76, "tau": 44.51, "tau_c": 82.6, "omega": 55.26, "M": 0.54, "D": 0.07, "R": 0.23, "sving": 0.04, "os": 0.51, "foss": 0.0, "juv": 0.0, "B": 0.82, "Q": 15.5, "w": 35.39, "h": 0.35, "S": 0.01286, "elv": "Ofteelvi", "km": 1.9}}, {"type": "Feature", "geometry": {"type": "LineString", "coordinates": [[8.18625, 59.51997], [8.18734, 59.51929]]}, "properties": {"P": 21.01, "tau": 44.59, "tau_c": 82.8, "omega": 55.4, "M": 0.54, "D": 0.06, "R": 0.23, "sving": 0.25, "os": 0.33, "foss": 0.0, "juv": 0.0, "B": 0.82, "Q": 15.5, "w": 35.47, "h": 0.35, "S": 0.01292, "elv": "Ofteelvi", "km": 2.0}}, {"type": "Feature", "geometry": {"type": "LineString", "coordinates": [[8.18734, 59.51929], [8.18668, 59.51865]]}, "properties": {"P": 20.9, "tau": 43.91, "tau_c": 78.69, "omega": 54.78, "M": 0.56, "D": 0.05, "R": 0.26, "sving": 0.21, "os": 0.34, "foss": 0.0, "juv": 0.0, "B": 0.82, "Q": 15.51, "w": 32.41, "h": 0.38, "S": 0.01167, "elv": "Ofteelvi", "km": 2.1}}, {"type": "Feature", "geometry": {"type": "LineString", "coordinates": [[8.18668, 59.51865], [8.18754, 59.51792]]}, "properties": {"P": 21.32, "tau": 38.26, "tau_c": 70.85, "omega": 45.04, "M": 0.54, "D": 0.11, "R": 0.23, "sving": 0.13, "os": 0.41, "foss": 0.0, "juv": 0.0, "B": 0.82, "Q": 15.76, "w": 32.49, "h": 0.41, "S": 0.00946, "elv": "Ofteelvi", "km": 2.2}}, {"type": "Feature", "geometry": {"type": "LineString", "coordinates": [[8.18754, 59.51792], [8.18903, 59.51748]]}, "properties": {"P": 37.66, "tau": 35.09, "tau_c": 66.66, "omega": 39.78, "M": 0.53, "D": 0.14, "R": 0.22, "sving": 0.7, "os": 0.63, "foss": 0.0, "juv": 0.0, "B": 0.82, "Q": 15.76, "w": 32.57, "h": 0.43, "S": 0.00838, "elv": "Ofteelvi", "km": 2.3}}, {"type": "Feature", "geometry": {"type": "LineString", "coordinates": [[8.18903, 59.51748], [8.19026, 59.5171]]}, "properties": {"P": 37.21, "tau": 30.86, "tau_c": 60.72, "omega": 33.09, "M": 0.51, "D": 0.18, "R": 0.2, "sving": 0.32, "os": 0.97, "foss": 0.0, "juv": 0.0, "B": 0.82, "Q": 15.84, "w": 32.64, "h": 0.45, "S": 0.00695, "elv": "Ofteelvi", "km": 2.4}}, {"type": "Feature", "geometry": {"type": "LineString", "coordinates": [[8.19026, 59.5171], [8.1919, 59.51695]]}, "properties": {"P": 28.21, "tau": 26.39, "tau_c": 54.29, "omega": 26.43, "M": 0.49, "D": 0.23, "R": 0.17, "sving": 0.07, "os": 0.75, "foss": 0.0, "juv": 0.0, "B": 0.82, "Q": 15.85, "w": 32.66, "h": 0.48, "S": 0.00555, "elv": "Ofteelvi", "km": 2.5}}, {"type": "Feature", "geometry": {"type": "LineString", "coordinates": [[8.1919, 59.51695], [8.19353, 59.5168]]}, "properties": {"P": 23.59, "tau": 18.55, "tau_c": 43.92, "omega": 15.77, "M": 0.42, "D": 0.21, "R": 0.11, "sving": 0.25, "os": 0.47, "foss": 0.0, "juv": 0.0, "B": 0.82, "Q": 15.85, "w": 35.83, "h": 0.52, "S": 0.00364, "elv": "Ofteelvi", "km": 2.6}}, {"type": "Feature", "geometry": {"type": "LineString", "coordinates": [[8.19353, 59.5168], [8.19485, 59.51623]]}, "properties": {"P": 20.59, "tau": 15.51, "tau_c": 38.61, "omega": 12.2, "M": 0.4, "D": 0.12, "R": 0.09, "sving": 0.42, "os": 0.29, "foss": 0.0, "juv": 0.0, "B": 0.82, "Q": 15.86, "w": 35.83, "h": 0.56, "S": 0.00281, "elv": "Ofteelvi", "km": 2.7}}, {"type": "Feature", "geometry": {"type": "LineString", "coordinates": [[8.19485, 59.51623], [8.19538, 59.5155]]}, "properties": {"P": 17.09, "tau": 22.76, "tau_c": 50.86, "omega": 21.16, "M": 0.45, "D": 0.03, "R": 0.13, "sving": 0.4, "os": 0.19, "foss": 0.0, "juv": 0.0, "B": 0.82, "Q": 15.86, "w": 35.84, "h": 0.48, "S": 0.00487, "elv": "Ofteelvi", "km": 2.8}}, {"type": "Feature", "geometry": {"type": "LineString", "coordinates": [[8.19538, 59.5155], [8.19577, 59.51479]]}, "properties": {"P": 11.54, "tau": 39.67, "tau_c": 75.74, "omega": 46.93, "M": 0.52, "D": 0.0, "R": 0.21, "sving": 0.08, "os": 0.14, "foss": 0.0, "juv": 0.0, "B": 0.82, "Q": 15.86, "w": 35.85, "h": 0.37, "S": 0.01081, "elv": "Ofteelvi", "km": 2.9}}, {"type": "Feature", "geometry": {"type": "LineString", "coordinates": [[8.19577, 59.51479], [8.19631, 59.51396]]}, "properties": {"P": 13.7, "tau": 47.7, "tau_c": 82.97, "omega": 61.81, "M": 0.57, "D": 0.0, "R": 0.28, "sving": 0.12, "os": 0.1, "foss": 0.0, "juv": 0.0, "B": 0.82, "Q": 15.87, "w": 32.68, "h": 0.37, "S": 0.01297, "elv": "Ofteelvi", "km": 3.0}}, {"type": "Feature", "geometry": {"type": "LineString", "coordinates": [[8.19631, 59.51396], [8.19733, 59.51329]]}, "properties": {"P": 37.18, "tau": 57.47, "tau_c": 90.66, "omega": 81.74, "M": 0.63, "D": 0.0, "R": 0.36, "sving": 0.19, "os": 0.07, "foss": 1.0, "juv": 0.0, "B": 0.82, "Q": 15.87, "w": 29.51, "h": 0.38, "S": 0.01549, "elv": "Ofteelvi", "km": 3.1}}, {"type": "Feature", "geometry": {"type": "LineString", "coordinates": [[8.21707, 59.55061], [8.21686, 59.54975]]}, "properties": {"P": 18.24, "tau": 48.89, "tau_c": 160.73, "omega": 51.63, "M": 0.3, "D": 0.0, "R": 0.03, "sving": 0.46, "os": 0.14, "foss": 1.0, "juv": 0.0, "B": 0.45, "Q": 0.92, "w": 8.5, "h": 0.1, "S": 0.0487, "elv": "bekk", "km": 0.7}}, {"type": "Feature", "geometry": {"type": "LineString", "coordinates": [[8.21686, 59.54975], [8.21653, 59.54887]]}, "properties": {"P": 19.93, "tau": 58.97, "tau_c": 183.88, "omega": 67.56, "M": 0.32, "D": 0.0, "R": 0.04, "sving": 0.53, "os": 0.21, "foss": 1.0, "juv": 0.0, "B": 0.45, "Q": 0.93, "w": 8.6, "h": 0.09, "S": 0.06373, "elv": "bekk", "km": 0.8}}, {"type": "Feature", "geometry": {"type": "LineString", "coordinates": [[8.21653, 59.54887], [8.21565, 59.54814]]}, "properties": {"P": 22.17, "tau": 54.81, "tau_c": 175.97, "omega": 60.7, "M": 0.31, "D": 0.01, "R": 0.03, "sving": 0.62, "os": 0.31, "foss": 1.0, "juv": 0.0, "B": 0.45, "Q": 0.93, "w": 8.77, "h": 0.1, "S": 0.05837, "elv": "bekk", "km": 0.9}}, {"type": "Feature", "geometry": {"type": "LineString", "coordinates": [[8.21565, 59.54814], [8.21435, 59.54762]]}, "properties": {"P": 18.48, "tau": 53.42, "tau_c": 172.24, "omega": 58.56, "M": 0.31, "D": 0.02, "R": 0.03, "sving": 0.14, "os": 0.45, "foss": 1.0, "juv": 0.0, "B": 0.45, "Q": 0.95, "w": 8.87, "h": 0.1, "S": 0.05592, "elv": "bekk", "km": 1.0}}, {"type": "Feature", "geometry": {"type": "LineString", "coordinates": [[8.21435, 59.54762], [8.21279, 59.54779]]}, "properties": {"P": 21.97, "tau": 53.47, "tau_c": 167.26, "omega": 59.19, "M": 0.32, "D": 0.03, "R": 0.04, "sving": 0.21, "os": 0.65, "foss": 1.0, "juv": 0.0, "B": 0.46, "Q": 1.03, "w": 8.96, "h": 0.1, "S": 0.05273, "elv": "bekk", "km": 1.1}}, {"type": "Feature", "geometry": {"type": "LineString", "coordinates": [[8.21279, 59.54779], [8.2131, 59.54693]]}, "properties": {"P": 22.22, "tau": 53.14, "tau_c": 167.27, "omega": 58.59, "M": 0.32, "D": 0.05, "R": 0.04, "sving": 0.18, "os": 0.96, "foss": 0.72, "juv": 0.0, "B": 0.46, "Q": 1.03, "w": 9.05, "h": 0.1, "S": 0.05274, "elv": "bekk", "km": 1.2}}, {"type": "Feature", "geometry": {"type": "LineString", "coordinates": [[8.2131, 59.54693], [8.21311, 59.54605]]}, "properties": {"P": 17.92, "tau": 49.59, "tau_c": 159.44, "omega": 53.05, "M": 0.31, "D": 0.08, "R": 0.03, "sving": 0.32, "os": 0.6, "foss": 0.51, "juv": 0.0, "B": 0.46, "Q": 1.03, "w": 9.14, "h": 0.11, "S": 0.04791, "elv": "bekk", "km": 1.3}}, {"type": "Feature", "geometry": {"type": "LineString", "coordinates": [[8.21113, 59.54479], [8.20987, 59.5442]]}, "properties": {"P": 16.14, "tau": 44.51, "tau_c": 144.73, "omega": 45.72, "M": 0.31, "D": 0.02, "R": 0.03, "sving": 0.17, "os": 0.17, "foss": 1.0, "juv": 0.0, "B": 0.46, "Q": 1.11, "w": 9.42, "h": 0.11, "S": 0.03948, "elv": "bekk", "km": 1.6}}, {"type": "Feature", "geometry": {"type": "LineString", "coordinates": [[8.20987, 59.5442], [8.20819, 59.54403]]}, "properties": {"P": 16.98, "tau": 43.98, "tau_c": 143.31, "omega": 44.96, "M": 0.31, "D": 0.0, "R": 0.03, "sving": 0.33, "os": 0.11, "foss": 1.0, "juv": 0.0, "B": 0.47, "Q": 1.13, "w": 9.53, "h": 0.12, "S": 0.03871, "elv": "bekk", "km": 1.7}}, {"type": "Feature", "geometry": {"type": "LineString", "coordinates": [[8.20819, 59.54403], [8.20728, 59.54366]]}, "properties": {"P": 10.3, "tau": 49.87, "tau_c": 155.45, "omega": 54.0, "M": 0.32, "D": 0.0, "R": 0.04, "sving": 0.04, "os": 0.08, "foss": 0.72, "juv": 0.0, "B": 0.47, "Q": 1.17, "w": 9.65, "h": 0.11, "S": 0.04555, "elv": "bekk", "km": 1.8}}, {"type": "Feature", "geometry": {"type": "LineString", "coordinates": [[8.20728, 59.54366], [8.20721, 59.54279]]}, "properties": {"P": 11.49, "tau": 46.78, "tau_c": 148.84, "omega": 49.24, "M": 0.31, "D": 0.0, "R": 0.03, "sving": 0.37, "os": 0.06, "foss": 0.51, "juv": 0.0, "B": 0.47, "Q": 1.17, "w": 9.7, "h": 0.11, "S": 0.04175, "elv": "bekk", "km": 1.9}}, {"type": "Feature", "geometry": {"type": "LineString", "coordinates": [[8.20721, 59.54279], [8.20605, 59.54213]]}, "properties": {"P": 12.08, "tau": 43.66, "tau_c": 141.48, "omega": 44.61, "M": 0.31, "D": 0.0, "R": 0.03, "sving": 0.0, "os": 0.0, "foss": 1.0, "juv": 0.0, "B": 0.47, "Q": 1.17, "w": 9.74, "h": 0.12, "S": 0.03773, "elv": "bekk", "km": 2.0}}, {"type": "Feature", "geometry": {"type": "LineString", "coordinates": [[8.20605, 59.54213], [8.20543, 59.54132]]}, "properties": {"P": 9.64, "tau": 53.16, "tau_c": 163.01, "omega": 59.15, "M": 0.33, "D": 0.0, "R": 0.04, "sving": 0.06, "os": 0.0, "foss": 0.72, "juv": 0.0, "B": 0.47, "Q": 1.18, "w": 9.76, "h": 0.11, "S": 0.05009, "elv": "bekk", "km": 2.1}}, {"type": "Feature", "geometry": {"type": "LineString", "coordinates": [[8.20543, 59.54132], [8.20407, 59.54077]]}, "properties": {"P": 15.61, "tau": 50.96, "tau_c": 158.28, "omega": 55.67, "M": 0.32, "D": 0.04, "R": 0.04, "sving": 0.25, "os": 0.0, "foss": 1.0, "juv": 0.0, "B": 0.47, "Q": 1.18, "w": 9.78, "h": 0.11, "S": 0.04722, "elv": "bekk", "km": 2.2}}, {"type": "Feature", "geometry": {"type": "LineString", "coordinates": [[8.20407, 59.54077], [8.20378, 59.54003]]}, "properties": {"P": 16.63, "tau": 49.45, "tau_c": 154.07, "omega": 53.4, "M": 0.32, "D": 0.05, "R": 0.04, "sving": 0.31, "os": 0.0, "foss": 1.0, "juv": 0.0, "B": 0.47, "Q": 1.19, "w": 9.8, "h": 0.11, "S": 0.04474, "elv": "bekk", "km": 2.3}}, {"type": "Feature", "geometry": {"type": "LineString", "coordinates": [[8.20378, 59.54003], [8.2037, 59.53922]]}, "properties": {"P": 15.76, "tau": 41.45, "tau_c": 135.84, "omega": 41.45, "M": 0.31, "D": 0.07, "R": 0.03, "sving": 0.51, "os": 0.0, "foss": 0.72, "juv": 0.0, "B": 0.47, "Q": 1.19, "w": 9.81, "h": 0.12, "S": 0.03478, "elv": "bekk", "km": 2.4}}, {"type": "Feature", "geometry": {"type": "LineString", "coordinates": [[8.2037, 59.53922], [8.20429, 59.53863]]}, "properties": {"P": 10.91, "tau": 45.35, "tau_c": 144.98, "omega": 47.16, "M": 0.31, "D": 0.04, "R": 0.03, "sving": 0.33, "os": 0.0, "foss": 0.51, "juv": 0.0, "B": 0.47, "Q": 1.19, "w": 9.83, "h": 0.12, "S": 0.03962, "elv": "bekk", "km": 2.5}}, {"type": "Feature", "geometry": {"type": "LineString", "coordinates": [[8.22236, 59.52332], [8.22173, 59.52414]]}, "properties": {"P": 10.75, "tau": 74.54, "tau_c": 247.29, "omega": 90.49, "M": 0.3, "D": 0.0, "R": 0.03, "sving": 0.02, "os": 0.0, "foss": 1.0, "juv": 0.0, "B": 0.41, "Q": 0.5, "w": 6.21, "h": 0.07, "S": 0.11526, "elv": "bekk", "km": 0.9}}, {"type": "Feature", "geometry": {"type": "LineString", "coordinates": [[8.18903, 59.51874], [8.18868, 59.51797]]}, "properties": {"P": 46.81, "tau": 114.45, "tau_c": 135.47, "omega": 224.98, "M": 0.84, "D": 0.0, "R": 0.63, "sving": 0.51, "os": 0.4, "foss": 1.0, "juv": 0.0, "B": 0.64, "Q": 15.84, "w": 23.89, "h": 0.34, "S": 0.03459, "elv": "bekk", "km": 2.8}}, {"type": "Feature", "geometry": {"type": "LineString", "coordinates": [[8.19803, 59.5117], [8.19811, 59.51081]]}, "properties": {"P": 27.69, "tau": 97.69, "tau_c": 140.13, "omega": 172.22, "M": 0.7, "D": 0.02, "R": 0.44, "sving": 0.54, "os": 0.42, "foss": 1.0, "juv": 0.0, "B": 0.41, "Q": 15.91, "w": 33.54, "h": 0.27, "S": 0.03701, "elv": "bekk", "km": 0.0}}, {"type": "Feature", "geometry": {"type": "LineString", "coordinates": [[8.19811, 59.51081], [8.19787, 59.50998]]}, "properties": {"P": 30.6, "tau": 88.9, "tau_c": 130.95, "omega": 150.47, "M": 0.68, "D": 0.06, "R": 0.42, "sving": 0.18, "os": 0.26, "foss": 0.72, "juv": 0.0, "B": 0.65, "Q": 15.92, "w": 33.54, "h": 0.28, "S": 0.03232, "elv": "bekk", "km": 0.1}}, {"type": "Feature", "geometry": {"type": "LineString", "coordinates": [[8.19787, 59.50998], [8.1968, 59.5093]]}, "properties": {"P": 33.6, "tau": 83.81, "tau_c": 123.55, "omega": 138.9, "M": 0.68, "D": 0.08, "R": 0.42, "sving": 0.17, "os": 0.16, "foss": 1.0, "juv": 0.0, "B": 0.65, "Q": 15.93, "w": 32.36, "h": 0.3, "S": 0.02877, "elv": "bekk", "km": 0.2}}, {"type": "Feature", "geometry": {"type": "LineString", "coordinates": [[8.1968, 59.5093], [8.19748, 59.50852]]}, "properties": {"P": 26.24, "tau": 73.78, "tau_c": 112.78, "omega": 115.71, "M": 0.65, "D": 0.05, "R": 0.38, "sving": 0.12, "os": 0.11, "foss": 0.72, "juv": 0.0, "B": 0.65, "Q": 15.93, "w": 32.39, "h": 0.31, "S": 0.02398, "elv": "bekk", "km": 0.3}}, {"type": "Feature", "geometry": {"type": "LineString", "coordinates": [[8.19748, 59.50852], [8.19829, 59.50774]]}, "properties": {"P": 24.26, "tau": 81.53, "tau_c": 121.15, "omega": 133.52, "M": 0.67, "D": 0.01, "R": 0.41, "sving": 0.25, "os": 0.07, "foss": 0.51, "juv": 0.0, "B": 0.65, "Q": 15.94, "w": 32.39, "h": 0.3, "S": 0.02766, "elv": "bekk", "km": 0.4}}, {"type": "Feature", "geometry": {"type": "LineString", "coordinates": [[8.19829, 59.50774], [8.1986, 59.50687]]}, "properties": {"P": 20.33, "tau": 84.58, "tau_c": 120.68, "omega": 141.94, "M": 0.7, "D": 0.01, "R": 0.45, "sving": 0.16, "os": 0.0, "foss": 0.37, "juv": 0.0, "B": 0.65, "Q": 16.02, "w": 30.39, "h": 0.31, "S": 0.02745, "elv": "bekk", "km": 0.5}}, {"type": "Feature", "geometry": {"type": "LineString", "coordinates": [[8.1986, 59.50687], [8.19858, 59.50598]]}, "properties": {"P": 30.63, "tau": 74.86, "tau_c": 108.64, "omega": 119.72, "M": 0.69, "D": 0.02, "R": 0.43, "sving": 0.19, "os": 0.0, "foss": 1.0, "juv": 0.0, "B": 0.65, "Q": 16.02, "w": 29.2, "h": 0.34, "S": 0.02224, "elv": "bekk", "km": 0.6}}, {"type": "Feature", "geometry": {"type": "LineString", "coordinates": [[8.19858, 59.50598], [8.19854, 59.50508]]}, "properties": {"P": 24.1, "tau": 76.38, "tau_c": 106.81, "omega": 124.25, "M": 0.72, "D": 0.02, "R": 0.47, "sving": 0.0, "os": 0.0, "foss": 0.72, "juv": 0.0, "B": 0.65, "Q": 16.02, "w": 27.2, "h": 0.36, "S": 0.0215, "elv": "bekk", "km": 0.7}}, {"type": "Feature", "geometry": {"type": "LineString", "coordinates": [[8.19854, 59.50508], [8.19851, 59.50419]]}, "properties": {"P": 24.19, "tau": 76.02, "tau_c": 100.6, "omega": 125.16, "M": 0.76, "D": 0.05, "R": 0.52, "sving": 0.09, "os": 0.0, "foss": 0.51, "juv": 0.0, "B": 0.65, "Q": 16.05, "w": 24.0, "h": 0.41, "S": 0.01907, "elv": "bekk", "km": 0.8}}, {"type": "Feature", "geometry": {"type": "LineString", "coordinates": [[8.19851, 59.50419], [8.19882, 59.50332]]}, "properties": {"P": 22.43, "tau": 89.75, "tau_c": 115.79, "omega": 158.05, "M": 0.78, "D": 0.09, "R": 0.55, "sving": 0.02, "os": 0.0, "foss": 0.37, "juv": 0.0, "B": 0.65, "Q": 16.08, "w": 25.22, "h": 0.36, "S": 0.02527, "elv": "bekk", "km": 0.9}}, {"type": "Feature", "geometry": {"type": "LineString", "coordinates": [[8.19882, 59.50332], [8.19921, 59.50245]]}, "properties": {"P": 15.69, "tau": 59.08, "tau_c": 90.45, "omega": 85.55, "M": 0.65, "D": 0.22, "R": 0.38, "sving": 0.07, "os": 0.0, "foss": 0.0, "juv": 0.0, "B": 0.65, "Q": 16.08, "w": 28.44, "h": 0.39, "S": 0.01542, "elv": "bekk", "km": 1.0}}, {"type": "Feature", "geometry": {"type": "LineString", "coordinates": [[8.19921, 59.50245], [8.19928, 59.50159]]}, "properties": {"P": 32.68, "tau": 47.35, "tau_c": 78.6, "omega": 61.96, "M": 0.6, "D": 0.25, "R": 0.31, "sving": 0.21, "os": 0.0, "foss": 1.0, "juv": 0.0, "B": 0.65, "Q": 16.09, "w": 29.66, "h": 0.41, "S": 0.01165, "elv": "bekk", "km": 1.1}}, {"type": "Feature", "geometry": {"type": "LineString", "coordinates": [[8.19928, 59.50159], [8.19895, 59.50073]]}, "properties": {"P": 23.89, "tau": 35.66, "tau_c": 67.14, "omega": 40.77, "M": 0.53, "D": 0.2, "R": 0.22, "sving": 0.16, "os": 0.0, "foss": 0.72, "juv": 0.0, "B": 0.65, "Q": 16.09, "w": 32.89, "h": 0.43, "S": 0.0085, "elv": "bekk", "km": 1.2}}, {"type": "Feature", "geometry": {"type": "LineString", "coordinates": [[8.19895, 59.50073], [8.19831, 59.49991]]}, "properties": {"P": 18.32, "tau": 40.84, "tau_c": 77.1, "omega": 48.97, "M": 0.53, "D": 0.08, "R": 0.22, "sving": 0.17, "os": 0.0, "foss": 0.51, "juv": 0.0, "B": 0.65, "Q": 16.1, "w": 36.13, "h": 0.37, "S": 0.0112, "elv": "bekk", "km": 1.3}}, {"type": "Feature", "geometry": {"type": "LineString", "coordinates": [[8.19831, 59.49991], [8.19798, 59.49905]]}, "properties": {"P": 14.59, "tau": 46.42, "tau_c": 84.45, "omega": 58.87, "M": 0.55, "D": 0.02, "R": 0.25, "sving": 0.12, "os": 0.0, "foss": 0.37, "juv": 0.0, "B": 0.65, "Q": 16.14, "w": 36.14, "h": 0.35, "S": 0.01344, "elv": "bekk", "km": 1.4}}, {"type": "Feature", "geometry": {"type": "LineString", "coordinates": [[8.19798, 59.49905], [8.19733, 59.49832]]}, "properties": {"P": 25.08, "tau": 34.27, "tau_c": 67.92, "omega": 38.1, "M": 0.5, "D": 0.01, "R": 0.19, "sving": 0.19, "os": 0.06, "foss": 1.0, "juv": 0.0, "B": 0.65, "Q": 16.15, "w": 36.15, "h": 0.4, "S": 0.00869, "elv": "bekk", "km": 1.5}}, {"type": "Feature", "geometry": {"type": "LineString", "coordinates": [[8.19733, 59.49832], [8.19757, 59.49743]]}, "properties": {"P": 21.14, "tau": 40.03, "tau_c": 75.93, "omega": 47.61, "M": 0.53, "D": 0.0, "R": 0.22, "sving": 0.16, "os": 0.09, "foss": 0.72, "juv": 0.0, "B": 0.65, "Q": 16.15, "w": 36.16, "h": 0.38, "S": 0.01087, "elv": "bekk", "km": 1.6}}, {"type": "Feature", "geometry": {"type": "LineString", "coordinates": [[8.1998, 59.36229], [8.20107, 59.36167]]}, "properties": {"P": 17.05, "tau": 93.36, "tau_c": 310.65, "omega": 122.36, "M": 0.3, "D": 0.0, "R": 0.03, "sving": 0.41, "os": 0.2, "foss": 1.0, "juv": 0.0, "B": 0.42, "Q": 0.41, "w": 6.0, "h": 0.05, "S": 0.18189, "elv": "Årvikbekken", "km": 0.6}}, {"type": "Feature", "geometry": {"type": "LineString", "coordinates": [[8.20107, 59.36167], [8.20095, 59.36083]]}, "properties": {"P": 15.41, "tau": 105.71, "tau_c": 336.75, "omega": 146.58, "M": 0.31, "D": 0.0, "R": 0.03, "sving": 0.23, "os": 0.2, "foss": 1.0, "juv": 0.0, "B": 0.43, "Q": 0.42, "w": 6.0, "h": 0.05, "S": 0.21374, "elv": "Årvikbekken", "km": 0.7}}, {"type": "Feature", "geometry": {"type": "LineString", "coordinates": [[8.20095, 59.36083], [8.1995, 59.3605]]}, "properties": {"P": 16.64, "tau": 134.27, "tau_c": 364.2, "omega": 207.0, "M": 0.37, "D": 0.0, "R": 0.06, "sving": 0.34, "os": 0.13, "foss": 1.0, "juv": 0.0, "B": 0.43, "Q": 0.43, "w": 6.0, "h": 0.05, "S": 0.29619, "elv": "Årvikbekken", "km": 0.8}}, {"type": "Feature", "geometry": {"type": "LineString", "coordinates": [[8.1995, 59.3605], [8.19966, 59.35961]]}, "properties": {"P": 14.54, "tau": 159.73, "tau_c": 364.2, "omega": 266.05, "M": 0.44, "D": 0.05, "R": 0.12, "sving": 0.01, "os": 0.09, "foss": 1.0, "juv": 0.0, "B": 0.44, "Q": 0.44, "w": 6.01, "h": 0.04, "S": 0.37427, "elv": "Årvikbekken", "km": 0.9}}, {"type": "Feature", "geometry": {"type": "LineString", "coordinates": [[8.19966, 59.35961], [8.19949, 59.35878]]}, "properties": {"P": 17.55, "tau": 168.42, "tau_c": 364.2, "omega": 287.59, "M": 0.46, "D": 0.15, "R": 0.15, "sving": 0.13, "os": 0.06, "foss": 1.0, "juv": 0.0, "B": 0.44, "Q": 0.44, "w": 6.03, "h": 0.04, "S": 0.39861, "elv": "Årvikbekken", "km": 1.0}}, {"type": "Feature", "geometry": {"type": "LineString", "coordinates": [[8.57112, 59.44612], [8.56941, 59.4462]]}, "properties": {"P": 39.87, "tau": 78.27, "tau_c": 232.43, "omega": 100.15, "M": 0.34, "D": 0.08, "R": 0.05, "sving": 0.65, "os": 0.89, "foss": 1.0, "juv": 0.0, "B": 0.6, "Q": 0.7, "w": 7.0, "h": 0.08, "S": 0.10183, "elv": "bekk", "km": 2.3}}, {"type": "Feature", "geometry": {"type": "LineString", "coordinates": [[8.56941, 59.4462], [8.56773, 59.44615]]}, "properties": {"P": 24.75, "tau": 54.96, "tau_c": 183.09, "omega": 60.09, "M": 0.3, "D": 0.24, "R": 0.03, "sving": 0.05, "os": 0.55, "foss": 0.72, "juv": 0.0, "B": 0.6, "Q": 0.71, "w": 7.31, "h": 0.09, "S": 0.06318, "elv": "bekk", "km": 2.4}}, {"type": "Feature", "geometry": {"type": "LineString", "coordinates": [[8.25623, 59.3947], [8.25686, 59.39554]]}, "properties": {"P": 9.2, "tau": 117.83, "tau_c": 364.2, "omega": 146.54, "M": 0.32, "D": 0.0, "R": 0.04, "sving": 0.02, "os": 0.09, "foss": 1.0, "juv": 0.0, "B": 0.32, "Q": 0.14, "w": 6.0, "h": 0.02, "S": 0.66153, "elv": "bekk", "km": 1.0}}, {"type": "Feature", "geometry": {"type": "LineString", "coordinates": [[8.25686, 59.39554], [8.25731, 59.39639]]}, "properties": {"P": 10.38, "tau": 120.41, "tau_c": 364.2, "omega": 152.36, "M": 0.33, "D": 0.0, "R": 0.04, "sving": 0.1, "os": 0.14, "foss": 1.0, "juv": 0.0, "B": 0.32, "Q": 0.14, "w": 6.0, "h": 0.02, "S": 0.64947, "elv": "bekk", "km": 1.1}}, {"type": "Feature", "geometry": {"type": "LineString", "coordinates": [[8.25731, 59.39639], [8.2582, 59.39714]]}, "properties": {"P": 10.75, "tau": 124.1, "tau_c": 364.2, "omega": 160.3, "M": 0.34, "D": 0.0, "R": 0.05, "sving": 0.05, "os": 0.21, "foss": 1.0, "juv": 0.0, "B": 0.33, "Q": 0.15, "w": 6.0, "h": 0.02, "S": 0.64722, "elv": "bekk", "km": 1.2}}, {"type": "Feature", "geometry": {"type": "LineString", "coordinates": [[8.2582, 59.39714], [8.25903, 59.3979]]}, "properties": {"P": 12.19, "tau": 117.51, "tau_c": 364.2, "omega": 149.32, "M": 0.32, "D": 0.01, "R": 0.04, "sving": 0.12, "os": 0.31, "foss": 1.0, "juv": 0.0, "B": 0.33, "Q": 0.16, "w": 6.0, "h": 0.02, "S": 0.57265, "elv": "bekk", "km": 1.3}}, {"type": "Feature", "geometry": {"type": "LineString", "coordinates": [[8.28723, 59.36117], [8.28853, 59.36058]]}, "properties": {"P": 12.04, "tau": 93.35, "tau_c": 299.54, "omega": 123.74, "M": 0.31, "D": 0.0, "R": 0.03, "sving": 0.07, "os": 0.11, "foss": 1.0, "juv": 0.0, "B": 0.4, "Q": 0.45, "w": 6.02, "h": 0.06, "S": 0.16911, "elv": "Århusåi", "km": 0.5}}, {"type": "Feature", "geometry": {"type": "LineString", "coordinates": [[8.28853, 59.36058], [8.28983, 59.36004]]}, "properties": {"P": 11.6, "tau": 94.35, "tau_c": 302.9, "omega": 125.51, "M": 0.31, "D": 0.0, "R": 0.03, "sving": 0.06, "os": 0.07, "foss": 1.0, "juv": 0.0, "B": 0.4, "Q": 0.45, "w": 6.09, "h": 0.06, "S": 0.17293, "elv": "Århusåi", "km": 0.6}}, {"type": "Feature", "geometry": {"type": "LineString", "coordinates": [[8.28983, 59.36004], [8.29139, 59.35968]]}, "properties": {"P": 10.84, "tau": 86.27, "tau_c": 285.45, "omega": 110.26, "M": 0.3, "D": 0.01, "R": 0.03, "sving": 0.04, "os": 0.0, "foss": 1.0, "juv": 0.0, "B": 0.4, "Q": 0.45, "w": 6.16, "h": 0.06, "S": 0.15358, "elv": "Århusåi", "km": 0.7}}, {"type": "Feature", "geometry": {"type": "LineString", "coordinates": [[8.29139, 59.35968], [8.29267, 59.3591]]}, "properties": {"P": 11.01, "tau": 95.33, "tau_c": 295.87, "omega": 128.64, "M": 0.32, "D": 0.01, "R": 0.04, "sving": 0.03, "os": 0.0, "foss": 1.0, "juv": 0.0, "B": 0.41, "Q": 0.5, "w": 6.23, "h": 0.06, "S": 0.165, "elv": "Århusåi", "km": 0.8}}, {"type": "Feature", "geometry": {"type": "LineString", "coordinates": [[8.29267, 59.3591], [8.2938, 59.35845]]}, "properties": {"P": 12.57, "tau": 88.82, "tau_c": 281.37, "omega": 116.24, "M": 0.32, "D": 0.03, "R": 0.03, "sving": 0.16, "os": 0.0, "foss": 1.0, "juv": 0.0, "B": 0.41, "Q": 0.5, "w": 6.29, "h": 0.06, "S": 0.14922, "elv": "Århusåi", "km": 0.9}}, {"type": "Feature", "geometry": {"type": "LineString", "coordinates": [[8.2938, 59.35845], [8.29505, 59.35784]]}, "properties": {"P": 12.68, "tau": 88.44, "tau_c": 281.65, "omega": 115.39, "M": 0.31, "D": 0.03, "R": 0.03, "sving": 0.11, "os": 0.07, "foss": 1.0, "juv": 0.0, "B": 0.41, "Q": 0.5, "w": 6.36, "h": 0.06, "S": 0.14951, "elv": "Århusåi", "km": 1.0}}, {"type": "Feature", "geometry": {"type": "LineString", "coordinates": [[8.29505, 59.35784], [8.29612, 59.3572]]}, "properties": {"P": 15.21, "tau": 85.34, "tau_c": 274.67, "omega": 109.63, "M": 0.31, "D": 0.03, "R": 0.03, "sving": 0.34, "os": 0.09, "foss": 1.0, "juv": 0.0, "B": 0.41, "Q": 0.5, "w": 6.37, "h": 0.06, "S": 0.14219, "elv": "Århusåi", "km": 1.1}}, {"type": "Feature", "geometry": {"type": "LineString", "coordinates": [[8.29612, 59.3572], [8.29699, 59.35648]]}, "properties": {"P": 15.64, "tau": 84.55, "tau_c": 272.86, "omega": 108.19, "M": 0.31, "D": 0.01, "R": 0.03, "sving": 0.38, "os": 0.12, "foss": 1.0, "juv": 0.0, "B": 0.41, "Q": 0.5, "w": 6.37, "h": 0.06, "S": 0.14033, "elv": "Århusåi", "km": 1.2}}, {"type": "Feature", "geometry": {"type": "LineString", "coordinates": [[8.29699, 59.35648], [8.29665, 59.35561]]}, "properties": {"P": 16.63, "tau": 87.58, "tau_c": 279.81, "omega": 113.77, "M": 0.31, "D": 0.01, "R": 0.03, "sving": 0.45, "os": 0.15, "foss": 1.0, "juv": 0.0, "B": 0.41, "Q": 0.5, "w": 6.37, "h": 0.06, "S": 0.14757, "elv": "Århusåi", "km": 1.3}}, {"type": "Feature", "geometry": {"type": "LineString", "coordinates": [[8.26103, 59.39604], [8.26115, 59.39689]]}, "properties": {"P": 12.62, "tau": 132.46, "tau_c": 364.2, "omega": 184.6, "M": 0.36, "D": 0.0, "R": 0.06, "sving": 0.09, "os": 0.28, "foss": 1.0, "juv": 0.0, "B": 0.35, "Q": 0.21, "w": 6.0, "h": 0.03, "S": 0.52799, "elv": "bekk", "km": 1.1}}, {"type": "Feature", "geometry": {"type": "LineString", "coordinates": [[8.26115, 59.39689], [8.26198, 59.39767]]}, "properties": {"P": 14.9, "tau": 127.63, "tau_c": 364.2, "omega": 175.82, "M": 0.35, "D": 0.0, "R": 0.05, "sving": 0.23, "os": 0.41, "foss": 1.0, "juv": 0.0, "B": 0.35, "Q": 0.22, "w": 6.0, "h": 0.03, "S": 0.48713, "elv": "bekk", "km": 1.2}}, {"type": "Feature", "geometry": {"type": "LineString", "coordinates": [[8.5711, 59.37067], [8.56976, 59.37045]]}, "properties": {"P": 9.62, "tau": 114.91, "tau_c": 364.2, "omega": 156.58, "M": 0.32, "D": -0.0, "R": 0.03, "sving": 0.04, "os": 0.0, "foss": 1.0, "juv": 0.0, "B": 0.36, "Q": 0.28, "w": 6.0, "h": 0.03, "S": 0.33844, "elv": "Raudåi", "km": 2.4}}, {"type": "Feature", "geometry": {"type": "LineString", "coordinates": [[8.56976, 59.37045], [8.56847, 59.36991]]}, "properties": {"P": 12.42, "tau": 126.18, "tau_c": 364.2, "omega": 179.01, "M": 0.35, "D": -0.0, "R": 0.05, "sving": 0.33, "os": 0.0, "foss": 1.0, "juv": 0.0, "B": 0.36, "Q": 0.28, "w": 6.0, "h": 0.03, "S": 0.38694, "elv": "Raudåi", "km": 2.5}}, {"type": "Feature", "geometry": {"type": "LineString", "coordinates": [[8.56847, 59.36991], [8.5668, 59.36965]]}, "properties": {"P": 10.31, "tau": 123.35, "tau_c": 364.2, "omega": 173.32, "M": 0.34, "D": 0.0, "R": 0.05, "sving": 0.05, "os": 0.05, "foss": 1.0, "juv": 0.0, "B": 0.36, "Q": 0.28, "w": 6.0, "h": 0.03, "S": 0.37407, "elv": "Raudåi", "km": 2.6}}, {"type": "Feature", "geometry": {"type": "LineString", "coordinates": [[8.5668, 59.36965], [8.56507, 59.36952]]}, "properties": {"P": 12.1, "tau": 125.25, "tau_c": 364.2, "omega": 177.15, "M": 0.34, "D": 0.0, "R": 0.05, "sving": 0.22, "os": 0.08, "foss": 1.0, "juv": 0.0, "B": 0.36, "Q": 0.28, "w": 6.0, "h": 0.03, "S": 0.38233, "elv": "Raudåi", "km": 2.7}}, {"type": "Feature", "geometry": {"type": "LineString", "coordinates": [[8.56507, 59.36952], [8.5635, 59.36915]]}, "properties": {"P": 10.75, "tau": 125.32, "tau_c": 364.2, "omega": 177.58, "M": 0.34, "D": 0.0, "R": 0.05, "sving": 0.01, "os": 0.13, "foss": 1.0, "juv": 0.0, "B": 0.36, "Q": 0.29, "w": 6.0, "h": 0.03, "S": 0.37875, "elv": "Raudåi", "km": 2.8}}, {"type": "Feature", "geometry": {"type": "LineString", "coordinates": [[8.5635, 59.36915], [8.56175, 59.36906]]}, "properties": {"P": 12.23, "tau": 132.08, "tau_c": 364.2, "omega": 192.18, "M": 0.36, "D": -0.0, "R": 0.06, "sving": 0.07, "os": 0.22, "foss": 1.0, "juv": 0.0, "B": 0.36, "Q": 0.29, "w": 6.0, "h": 0.03, "S": 0.39876, "elv": "Raudåi", "km": 2.9}}, {"type": "Feature", "geometry": {"type": "LineString", "coordinates": [[8.56175, 59.36906], [8.56039, 59.36882]]}, "properties": {"P": 13.53, "tau": 138.04, "tau_c": 364.2, "omega": 205.47, "M": 0.38, "D": -0.0, "R": 0.07, "sving": 0.05, "os": 0.35, "foss": 1.0, "juv": 0.0, "B": 0.36, "Q": 0.3, "w": 6.0, "h": 0.03, "S": 0.41509, "elv": "Raudåi", "km": 3.0}}, {"type": "Feature", "geometry": {"type": "LineString", "coordinates": [[8.5738, 59.36523], [8.57219, 59.3649]]}, "properties": {"P": 8.35, "tau": 109.57, "tau_c": 364.2, "omega": 131.3, "M": 0.3, "D": 0.0, "R": 0.03, "sving": 0.03, "os": 0.0, "foss": 1.0, "juv": 0.0, "B": 0.32, "Q": 0.13, "w": 6.0, "h": 0.02, "S": 0.61785, "elv": "bekk", "km": 0.7}}, {"type": "Feature", "geometry": {"type": "LineString", "coordinates": [[8.46195, 59.42434], [8.46019, 59.4243]]}, "properties": {"P": 32.97, "tau": 245.49, "tau_c": 275.49, "omega": 637.05, "M": 0.89, "D": 0.0, "R": 0.69, "sving": 0.1, "os": 0.0, "foss": 1.0, "juv": 0.0, "B": 0.6, "Q": 8.06, "w": 17.76, "h": 0.17, "S": 0.14304, "elv": "bekk", "km": 1.5}}, {"type": "Feature", "geometry": {"type": "LineString", "coordinates": [[8.48595, 59.41798], [8.48425, 59.4182]]}, "properties": {"P": 15.64, "tau": 98.32, "tau_c": 309.32, "omega": 133.5, "M": 0.32, "D": 0.0, "R": 0.04, "sving": 0.52, "os": 0.0, "foss": 1.0, "juv": 0.0, "B": 0.4, "Q": 0.46, "w": 6.09, "h": 0.06, "S": 0.18033, "elv": "Bergalsåi", "km": 1.3}}, {"type": "Feature", "geometry": {"type": "LineString", "coordinates": [[8.48425, 59.4182], [8.48251, 59.4182]]}, "properties": {"P": 15.7, "tau": 98.48, "tau_c": 309.91, "omega": 133.81, "M": 0.32, "D": 0.0, "R": 0.04, "sving": 0.52, "os": 0.0, "foss": 1.0, "juv": 0.0, "B": 0.41, "Q": 0.46, "w": 6.15, "h": 0.06, "S": 0.18103, "elv": "Bergalsåi", "km": 1.4}}, {"type": "Feature", "geometry": {"type": "LineString", "coordinates": [[8.48251, 59.4182], [8.48208, 59.41741]]}, "properties": {"P": 12.4, "tau": 94.23, "tau_c": 301.28, "omega": 125.49, "M": 0.31, "D": 0.0, "R": 0.03, "sving": 0.2, "os": 0.0, "foss": 1.0, "juv": 0.0, "B": 0.41, "Q": 0.46, "w": 6.19, "h": 0.06, "S": 0.17108, "elv": "Bergalsåi", "km": 1.5}}, {"type": "Feature", "geometry": {"type": "LineString", "coordinates": [[8.48208, 59.41741], [8.48156, 59.41675]]}, "properties": {"P": 12.35, "tau": 100.85, "tau_c": 309.47, "omega": 139.26, "M": 0.33, "D": 0.0, "R": 0.04, "sving": 0.17, "os": 0.0, "foss": 1.0, "juv": 0.0, "B": 0.41, "Q": 0.49, "w": 6.24, "h": 0.06, "S": 0.18052, "elv": "Bergalsåi", "km": 1.6}}, {"type": "Feature", "geometry": {"type": "LineString", "coordinates": [[8.48156, 59.41675], [8.47988, 59.41651]]}, "properties": {"P": 14.41, "tau": 106.57, "tau_c": 322.53, "omega": 150.64, "M": 0.33, "D": 0.04, "R": 0.04, "sving": 0.32, "os": 0.0, "foss": 1.0, "juv": 0.0, "B": 0.41, "Q": 0.49, "w": 6.29, "h": 0.06, "S": 0.19606, "elv": "Bergalsåi", "km": 1.7}}, {"type": "Feature", "geometry": {"type": "LineString", "coordinates": [[8.47988, 59.41651], [8.47833, 59.41613]]}, "properties": {"P": 15.66, "tau": 106.27, "tau_c": 322.22, "omega": 150.0, "M": 0.33, "D": 0.09, "R": 0.04, "sving": 0.37, "os": 0.0, "foss": 1.0, "juv": 0.0, "B": 0.41, "Q": 0.5, "w": 6.34, "h": 0.06, "S": 0.19569, "elv": "Bergalsåi", "km": 1.8}}, {"type": "Feature", "geometry": {"type": "LineString", "coordinates": [[8.4332, 59.41491], [8.43487, 59.41507]]}, "properties": {"P": 13.66, "tau": 111.62, "tau_c": 364.2, "omega": 143.47, "M": 0.31, "D": 0.0, "R": 0.03, "sving": 0.05, "os": 0.0, "foss": 1.0, "juv": 0.0, "B": 0.51, "Q": 0.2, "w": 6.0, "h": 0.03, "S": 0.43218, "elv": "Svollåi", "km": 1.7}}, {"type": "Feature", "geometry": {"type": "LineString", "coordinates": [[8.43487, 59.41507], [8.43648, 59.41505]]}, "properties": {"P": 13.9, "tau": 126.19, "tau_c": 364.2, "omega": 171.76, "M": 0.35, "D": 0.0, "R": 0.05, "sving": 0.02, "os": 0.0, "foss": 1.0, "juv": 0.0, "B": 0.51, "Q": 0.21, "w": 6.0, "h": 0.03, "S": 0.50138, "elv": "Svollåi", "km": 1.8}}, {"type": "Feature", "geometry": {"type": "LineString", "coordinates": [[8.43648, 59.41505], [8.43812, 59.41531]]}, "properties": {"P": 17.31, "tau": 135.43, "tau_c": 364.2, "omega": 190.34, "M": 0.37, "D": 0.0, "R": 0.07, "sving": 0.26, "os": 0.0, "foss": 1.0, "juv": 0.0, "B": 0.52, "Q": 0.21, "w": 6.0, "h": 0.03, "S": 0.54885, "elv": "Svollåi", "km": 1.9}}, {"type": "Feature", "geometry": {"type": "LineString", "coordinates": [[8.43812, 59.41531], [8.43948, 59.41585]]}, "properties": {"P": 18.37, "tau": 137.75, "tau_c": 364.2, "omega": 195.02, "M": 0.38, "D": 0.05, "R": 0.07, "sving": 0.27, "os": 0.0, "foss": 1.0, "juv": 0.0, "B": 0.52, "Q": 0.21, "w": 6.0, "h": 0.02, "S": 0.56233, "elv": "Svollåi", "km": 2.0}}, {"type": "Feature", "geometry": {"type": "LineString", "coordinates": [[8.43948, 59.41585], [8.44059, 59.41652]]}, "properties": {"P": 17.22, "tau": 127.46, "tau_c": 364.2, "omega": 174.81, "M": 0.35, "D": 0.13, "R": 0.05, "sving": 0.09, "os": 0.0, "foss": 1.0, "juv": 0.0, "B": 0.52, "Q": 0.21, "w": 6.0, "h": 0.03, "S": 0.49798, "elv": "Svollåi", "km": 2.1}}, {"type": "Feature", "geometry": {"type": "LineString", "coordinates": [[8.41242, 59.49687], [8.41139, 59.49621]]}, "properties": {"P": 3.82, "tau": 73.61, "tau_c": 176.89, "omega": 99.29, "M": 0.42, "D": 0.0, "R": 0.1, "sving": 0.21, "os": 0.08, "foss": 0.0, "juv": 0.0, "B": 0.34, "Q": 2.39, "w": 13.93, "h": 0.13, "S": 0.05898, "elv": "bekk", "km": 0.0}}, {"type": "Feature", "geometry": {"type": "LineString", "coordinates": [[8.41139, 59.49621], [8.41018, 59.49564]]}, "properties": {"P": 22.68, "tau": 77.69, "tau_c": 183.61, "omega": 107.3, "M": 0.42, "D": 0.0, "R": 0.11, "sving": 0.54, "os": 0.05, "foss": 1.0, "juv": 0.0, "B": 0.52, "Q": 2.4, "w": 13.94, "h": 0.12, "S": 0.06354, "elv": "bekk", "km": 0.1}}, {"type": "Feature", "geometry": {"type": "LineString", "coordinates": [[8.41018, 59.49564], [8.40952, 59.49485]]}, "properties": {"P": 15.52, "tau": 84.04, "tau_c": 194.28, "omega": 120.1, "M": 0.43, "D": 0.0, "R": 0.12, "sving": 0.02, "os": 0.0, "foss": 1.0, "juv": 0.0, "B": 0.52, "Q": 2.4, "w": 13.96, "h": 0.12, "S": 0.07114, "elv": "bekk", "km": 0.2}}, {"type": "Feature", "geometry": {"type": "LineString", "coordinates": [[8.40952, 59.49485], [8.4102, 59.49404]]}, "properties": {"P": 17.58, "tau": 97.22, "tau_c": 215.29, "omega": 148.04, "M": 0.45, "D": 0.0, "R": 0.14, "sving": 0.15, "os": 0.0, "foss": 1.0, "juv": 0.0, "B": 0.52, "Q": 2.41, "w": 13.98, "h": 0.11, "S": 0.08736, "elv": "bekk", "km": 0.3}}, {"type": "Feature", "geometry": {"type": "LineString", "coordinates": [[8.4102, 59.49404], [8.40912, 59.49341]]}, "properties": {"P": 18.27, "tau": 130.65, "tau_c": 266.12, "omega": 226.04, "M": 0.49, "D": 0.0, "R": 0.18, "sving": 0.13, "os": 0.0, "foss": 1.0, "juv": 0.0, "B": 0.52, "Q": 2.42, "w": 14.0, "h": 0.1, "S": 0.13349, "elv": "bekk", "km": 0.4}}, {"type": "Feature", "geometry": {"type": "LineString", "coordinates": [[8.40912, 59.49341], [8.4084, 59.49262]]}, "properties": {"P": 19.88, "tau": 139.41, "tau_c": 278.29, "omega": 248.2, "M": 0.5, "D": 0.0, "R": 0.19, "sving": 0.24, "os": 0.0, "foss": 1.0, "juv": 0.0, "B": 0.52, "Q": 2.43, "w": 14.02, "h": 0.1, "S": 0.14597, "elv": "bekk", "km": 0.5}}, {"type": "Feature", "geometry": {"type": "LineString", "coordinates": [[8.4084, 59.49262], [8.40832, 59.49175]]}, "properties": {"P": 17.22, "tau": 147.9, "tau_c": 290.21, "omega": 270.15, "M": 0.51, "D": 0.0, "R": 0.2, "sving": 0.01, "os": 0.0, "foss": 1.0, "juv": 0.0, "B": 0.52, "Q": 2.44, "w": 14.04, "h": 0.09, "S": 0.15874, "elv": "bekk", "km": 0.6}}, {"type": "Feature", "geometry": {"type": "LineString", "coordinates": [[8.40832, 59.49175], [8.40795, 59.49094]]}, "properties": {"P": 18.24, "tau": 175.99, "tau_c": 328.61, "omega": 346.55, "M": 0.54, "D": 0.0, "R": 0.23, "sving": 0.04, "os": 0.0, "foss": 1.0, "juv": 0.0, "B": 0.52, "Q": 2.44, "w": 14.05, "h": 0.09, "S": 0.20354, "elv": "bekk", "km": 0.7}}, {"type": "Feature", "geometry": {"type": "LineString", "coordinates": [[8.40795, 59.49094], [8.40686, 59.49025]]}, "properties": {"P": 20.05, "tau": 183.61, "tau_c": 338.6, "omega": 368.27, "M": 0.54, "D": 0.02, "R": 0.24, "sving": 0.14, "os": 0.0, "foss": 1.0, "juv": 0.0, "B": 0.52, "Q": 2.44, "w": 14.06, "h": 0.09, "S": 0.2161, "elv": "bekk", "km": 0.8}}, {"type": "Feature", "geometry": {"type": "LineString", "coordinates": [[8.40686, 59.49025], [8.406, 59.48953]]}, "properties": {"P": 21.81, "tau": 172.41, "tau_c": 323.71, "omega": 336.54, "M": 0.53, "D": 0.06, "R": 0.23, "sving": 0.25, "os": 0.0, "foss": 1.0, "juv": 0.0, "B": 0.52, "Q": 2.44, "w": 14.06, "h": 0.09, "S": 0.19751, "elv": "bekk", "km": 0.9}}, {"type": "Feature", "geometry": {"type": "LineString", "coordinates": [[8.406, 59.48953], [8.40656, 59.4887]]}, "properties": {"P": 23.38, "tau": 152.79, "tau_c": 296.89, "omega": 283.07, "M": 0.51, "D": 0.1, "R": 0.2, "sving": 0.35, "os": 0.0, "foss": 1.0, "juv": 0.0, "B": 0.52, "Q": 2.44, "w": 14.07, "h": 0.09, "S": 0.16613, "elv": "bekk", "km": 1.0}}, {"type": "Feature", "geometry": {"type": "LineString", "coordinates": [[8.40656, 59.4887], [8.40729, 59.48791]]}, "properties": {"P": 22.19, "tau": 144.55, "tau_c": 285.35, "omega": 261.49, "M": 0.51, "D": 0.15, "R": 0.19, "sving": 0.21, "os": 0.0, "foss": 1.0, "juv": 0.0, "B": 0.52, "Q": 2.44, "w": 14.07, "h": 0.1, "S": 0.15347, "elv": "bekk", "km": 1.1}}, {"type": "Feature", "geometry": {"type": "LineString", "coordinates": [[8.40729, 59.48791], [8.40771, 59.48707]]}, "properties": {"P": 22.68, "tau": 127.23, "tau_c": 261.49, "omega": 217.54, "M": 0.49, "D": 0.21, "R": 0.17, "sving": 0.2, "os": 0.0, "foss": 1.0, "juv": 0.0, "B": 0.52, "Q": 2.44, "w": 14.2, "h": 0.1, "S": 0.12888, "elv": "bekk", "km": 1.2}}, {"type": "Feature", "geometry": {"type": "LineString", "coordinates": [[8.40771, 59.48707], [8.40773, 59.48621]]}, "properties": {"P": 20.19, "tau": 85.96, "tau_c": 198.28, "omega": 123.92, "M": 0.43, "D": 0.27, "R": 0.12, "sving": 0.02, "os": 0.0, "foss": 1.0, "juv": 0.0, "B": 0.52, "Q": 2.44, "w": 14.33, "h": 0.12, "S": 0.0741, "elv": "bekk", "km": 1.3}}, {"type": "Feature", "geometry": {"type": "LineString", "coordinates": [[8.40773, 59.48621], [8.40738, 59.4854]]}, "properties": {"P": 22.77, "tau": 66.95, "tau_c": 159.94, "omega": 87.59, "M": 0.42, "D": 0.28, "R": 0.1, "sving": 0.21, "os": 0.0, "foss": 1.0, "juv": 0.0, "B": 0.53, "Q": 2.68, "w": 14.47, "h": 0.14, "S": 0.04822, "elv": "bekk", "km": 1.4}}, {"type": "Feature", "geometry": {"type": "LineString", "coordinates": [[8.40738, 59.4854], [8.40799, 59.48465]]}, "properties": {"P": 17.3, "tau": 64.9, "tau_c": 157.04, "omega": 83.69, "M": 0.41, "D": 0.25, "R": 0.1, "sving": 0.12, "os": 0.0, "foss": 0.72, "juv": 0.0, "B": 0.53, "Q": 2.68, "w": 14.6, "h": 0.14, "S": 0.04648, "elv": "bekk", "km": 1.5}}, {"type": "Feature", "geometry": {"type": "LineString", "coordinates": [[8.40799, 59.48465], [8.40744, 59.4838]]}, "properties": {"P": 13.35, "tau": 48.53, "tau_c": 128.0, "omega": 55.1, "M": 0.38, "D": 0.22, "R": 0.07, "sving": 0.05, "os": 0.05, "foss": 0.51, "juv": 0.0, "B": 0.53, "Q": 2.68, "w": 14.73, "h": 0.16, "S": 0.03088, "elv": "bekk", "km": 1.6}}, {"type": "Feature", "geometry": {"type": "LineString", "coordinates": [[8.50083, 59.45321], [8.50251, 59.45342]]}, "properties": {"P": 18.13, "tau": 121.12, "tau_c": 256.68, "omega": 200.64, "M": 0.47, "D": 0.0, "R": 0.16, "sving": 0.12, "os": 0.14, "foss": 1.0, "juv": 0.0, "B": 0.49, "Q": 1.5, "w": 9.1, "h": 0.1, "S": 0.12418, "elv": "bekk", "km": 1.5}}, {"type": "Feature", "geometry": {"type": "LineString", "coordinates": [[8.47683, 59.47733], [8.47789, 59.47662]]}, "properties": {"P": 10.24, "tau": 50.23, "tau_c": 166.24, "omega": 53.27, "M": 0.3, "D": 0.07, "R": 0.03, "sving": 0.05, "os": 0.0, "foss": 0.72, "juv": 0.0, "B": 0.46, "Q": 0.74, "w": 7.06, "h": 0.1, "S": 0.05209, "elv": "Ordalsåi", "km": 0.8}}, {"type": "Feature", "geometry": {"type": "LineString", "coordinates": [[8.49736, 59.46458], [8.49691, 59.46375]]}, "properties": {"P": 17.2, "tau": 48.34, "tau_c": 153.29, "omega": 51.49, "M": 0.32, "D": -0.0, "R": 0.03, "sving": 0.2, "os": 0.1, "foss": 1.0, "juv": 0.0, "B": 0.52, "Q": 1.13, "w": 9.53, "h": 0.11, "S": 0.04429, "elv": "Ordalsåi", "km": 2.8}}, {"type": "Feature", "geometry": {"type": "LineString", "coordinates": [[8.49691, 59.46375], [8.4968, 59.46287]]}, "properties": {"P": 14.86, "tau": 58.9, "tau_c": 176.18, "omega": 68.43, "M": 0.33, "D": -0.0, "R": 0.04, "sving": 0.23, "os": 0.15, "foss": 0.72, "juv": 0.0, "B": 0.52, "Q": 1.14, "w": 9.58, "h": 0.1, "S": 0.05851, "elv": "Ordalsåi", "km": 2.9}}, {"type": "Feature", "geometry": {"type": "LineString", "coordinates": [[8.4968, 59.46287], [8.4973, 59.46205]]}, "properties": {"P": 20.64, "tau": 70.91, "tau_c": 201.58, "omega": 89.24, "M": 0.35, "D": -0.0, "R": 0.05, "sving": 0.29, "os": 0.24, "foss": 1.0, "juv": 0.0, "B": 0.52, "Q": 1.14, "w": 9.62, "h": 0.09, "S": 0.07659, "elv": "Ordalsåi", "km": 3.0}}, {"type": "Feature", "geometry": {"type": "LineString", "coordinates": [[8.4973, 59.46205], [8.49716, 59.46123]]}, "properties": {"P": 20.1, "tau": 84.08, "tau_c": 227.74, "omega": 113.93, "M": 0.37, "D": -0.0, "R": 0.07, "sving": 0.07, "os": 0.39, "foss": 1.0, "juv": 0.0, "B": 0.52, "Q": 1.15, "w": 9.67, "h": 0.09, "S": 0.09775, "elv": "Ordalsåi", "km": 3.1}}, {"type": "Feature", "geometry": {"type": "LineString", "coordinates": [[8.49716, 59.46123], [8.49794, 59.46048]]}, "properties": {"P": 23.17, "tau": 80.6, "tau_c": 221.21, "omega": 107.2, "M": 0.36, "D": 0.01, "R": 0.06, "sving": 0.1, "os": 0.59, "foss": 1.0, "juv": 0.0, "B": 0.52, "Q": 1.15, "w": 9.74, "h": 0.09, "S": 0.09223, "elv": "Ordalsåi", "km": 3.2}}, {"type": "Feature", "geometry": {"type": "LineString", "coordinates": [[8.49794, 59.46048], [8.49817, 59.45961]]}, "properties": {"P": 27.12, "tau": 87.8, "tau_c": 234.74, "omega": 121.27, "M": 0.37, "D": 0.01, "R": 0.07, "sving": 0.03, "os": 0.95, "foss": 1.0, "juv": 0.0, "B": 0.53, "Q": 1.18, "w": 9.91, "h": 0.09, "S": 0.10386, "elv": "Ordalsåi", "km": 3.3}}, {"type": "Feature", "geometry": {"type": "LineString", "coordinates": [[8.49817, 59.45961], [8.49911, 59.45887]]}, "properties": {"P": 24.59, "tau": 79.6, "tau_c": 213.35, "omega": 106.22, "M": 0.37, "D": 0.03, "R": 0.07, "sving": 0.36, "os": 0.65, "foss": 0.72, "juv": 0.0, "B": 0.53, "Q": 1.27, "w": 10.07, "h": 0.09, "S": 0.0858, "elv": "Ordalsåi", "km": 3.4}}, {"type": "Feature", "geometry": {"type": "LineString", "coordinates": [[8.49911, 59.45887], [8.4991, 59.45798]]}, "properties": {"P": 29.41, "tau": 78.85, "tau_c": 208.71, "omega": 105.33, "M": 0.38, "D": 0.06, "R": 0.07, "sving": 0.05, "os": 0.98, "foss": 1.0, "juv": 0.0, "B": 0.54, "Q": 1.35, "w": 10.32, "h": 0.1, "S": 0.0821, "elv": "Ordalsåi", "km": 3.5}}, {"type": "Feature", "geometry": {"type": "LineString", "coordinates": [[8.4991, 59.45798], [8.49839, 59.45728]]}, "properties": {"P": 27.51, "tau": 74.38, "tau_c": 201.83, "omega": 96.64, "M": 0.37, "D": 0.09, "R": 0.06, "sving": 0.24, "os": 0.62, "foss": 1.0, "juv": 0.0, "B": 0.54, "Q": 1.35, "w": 10.55, "h": 0.1, "S": 0.07678, "elv": "Ordalsåi", "km": 3.6}}, {"type": "Feature", "geometry": {"type": "LineString", "coordinates": [[8.49839, 59.45728], [8.49838, 59.45673]]}, "properties": {"P": 26.45, "tau": 62.05, "tau_c": 172.6, "omega": 75.17, "M": 0.36, "D": 0.09, "R": 0.06, "sving": 0.14, "os": 0.62, "foss": 1.0, "juv": 0.0, "B": 0.55, "Q": 1.47, "w": 10.74, "h": 0.11, "S": 0.05615, "elv": "Ordalsåi", "km": 3.7}}, {"type": "Feature", "geometry": {"type": "LineString", "coordinates": [[8.49838, 59.45673], [8.4983, 59.45618]]}, "properties": {"P": 33.16, "tau": 66.22, "tau_c": 181.25, "omega": 82.46, "M": 0.37, "D": 0.08, "R": 0.06, "sving": 0.45, "os": 0.82, "foss": 1.0, "juv": 0.0, "B": 0.55, "Q": 1.47, "w": 10.85, "h": 0.11, "S": 0.06192, "elv": "Ordalsåi", "km": 3.8}}, {"type": "Feature", "geometry": {"type": "LineString", "coordinates": [[8.4983, 59.45618], [8.4989, 59.45538]]}, "properties": {"P": 31.78, "tau": 60.05, "tau_c": 169.18, "omega": 71.66, "M": 0.35, "D": 0.1, "R": 0.06, "sving": 0.3, "os": 0.84, "foss": 1.0, "juv": 0.0, "B": 0.55, "Q": 1.48, "w": 10.96, "h": 0.11, "S": 0.05395, "elv": "Ordalsåi", "km": 3.9}}, {"type": "Feature", "geometry": {"type": "LineString", "coordinates": [[8.4989, 59.45538], [8.50005, 59.4547]]}, "properties": {"P": 28.92, "tau": 53.32, "tau_c": 155.53, "omega": 60.41, "M": 0.34, "D": 0.13, "R": 0.05, "sving": 0.38, "os": 0.52, "foss": 1.0, "juv": 0.0, "B": 0.55, "Q": 1.49, "w": 11.02, "h": 0.12, "S": 0.04559, "elv": "Ordalsåi", "km": 4.0}}, {"type": "Feature", "geometry": {"type": "LineString", "coordinates": [[8.50005, 59.4547], [8.5013, 59.45408]]}, "properties": {"P": 20.9, "tau": 47.81, "tau_c": 143.78, "omega": 51.67, "M": 0.33, "D": 0.16, "R": 0.04, "sving": 0.2, "os": 0.34, "foss": 0.72, "juv": 0.0, "B": 0.55, "Q": 1.5, "w": 11.09, "h": 0.13, "S": 0.03896, "elv": "Ordalsåi", "km": 4.1}}, {"type": "Feature", "geometry": {"type": "LineString", "coordinates": [[8.5013, 59.45408], [8.50268, 59.45356]]}, "properties": {"P": 18.6, "tau": 38.8, "tau_c": 122.06, "omega": 38.47, "M": 0.32, "D": 0.18, "R": 0.04, "sving": 0.0, "os": 0.56, "foss": 0.51, "juv": 0.0, "B": 0.55, "Q": 1.56, "w": 11.14, "h": 0.14, "S": 0.02808, "elv": "Ordalsåi", "km": 4.2}}, {"type": "Feature", "geometry": {"type": "LineString", "coordinates": [[8.50268, 59.45356], [8.50405, 59.45301]]}, "properties": {"P": 21.76, "tau": 36.45, "tau_c": 116.85, "omega": 35.16, "M": 0.31, "D": 0.15, "R": 0.03, "sving": 0.07, "os": 0.92, "foss": 0.37, "juv": 0.0, "B": 0.55, "Q": 1.56, "w": 11.2, "h": 0.14, "S": 0.02574, "elv": "Ordalsåi", "km": 4.3}}, {"type": "Feature", "geometry": {"type": "LineString", "coordinates": [[8.50405, 59.45301], [8.5052, 59.45234]]}, "properties": {"P": 13.59, "tau": 31.96, "tau_c": 106.44, "omega": 29.11, "M": 0.3, "D": 0.12, "R": 0.03, "sving": 0.13, "os": 0.66, "foss": 0.0, "juv": 0.0, "B": 0.55, "Q": 1.56, "w": 11.25, "h": 0.15, "S": 0.02135, "elv": "Ordalsåi", "km": 4.4}}, {"type": "Feature", "geometry": {"type": "LineString", "coordinates": [[8.50828, 59.45159], [8.5099, 59.45186]]}, "properties": {"P": 3.97, "tau": 29.47, "tau_c": 97.25, "omega": 26.17, "M": 0.3, "D": 0.05, "R": 0.03, "sving": 0.01, "os": 0.16, "foss": 0.0, "juv": 0.0, "B": 0.56, "Q": 1.74, "w": 11.63, "h": 0.17, "S": 0.01783, "elv": "Ordalsåi", "km": 4.7}}, {"type": "Feature", "geometry": {"type": "LineString", "coordinates": [[8.51054, 59.44551], [8.51095, 59.44464]]}, "properties": {"P": 27.25, "tau": 39.07, "tau_c": 109.14, "omega": 40.37, "M": 0.36, "D": -0.0, "R": 0.06, "sving": 0.62, "os": 0.15, "foss": 1.0, "juv": 0.0, "B": 0.6, "Q": 2.47, "w": 13.46, "h": 0.18, "S": 0.02245, "elv": "Ordalsåi", "km": 6.0}}, {"type": "Feature", "geometry": {"type": "LineString", "coordinates": [[8.51095, 59.44464], [8.51196, 59.4441]]}, "properties": {"P": 22.17, "tau": 52.53, "tau_c": 136.36, "omega": 61.55, "M": 0.39, "D": -0.0, "R": 0.08, "sving": 0.49, "os": 0.18, "foss": 0.72, "juv": 0.0, "B": 0.6, "Q": 2.47, "w": 13.81, "h": 0.15, "S": 0.03505, "elv": "Ordalsåi", "km": 6.1}}, {"type": "Feature", "geometry": {"type": "LineString", "coordinates": [[8.51196, 59.4441], [8.51367, 59.44391]]}, "properties": {"P": 23.55, "tau": 56.95, "tau_c": 146.04, "omega": 68.9, "M": 0.39, "D": -0.0, "R": 0.08, "sving": 0.32, "os": 0.15, "foss": 1.0, "juv": 0.0, "B": 0.6, "Q": 2.47, "w": 14.15, "h": 0.14, "S": 0.0402, "elv": "Ordalsåi", "km": 6.2}}, {"type": "Feature", "geometry": {"type": "LineString", "coordinates": [[8.51367, 59.44391], [8.51535, 59.44382]]}, "properties": {"P": 18.47, "tau": 59.2, "tau_c": 150.14, "omega": 72.85, "M": 0.39, "D": -0.0, "R": 0.08, "sving": 0.02, "os": 0.1, "foss": 1.0, "juv": 0.0, "B": 0.6, "Q": 2.47, "w": 14.16, "h": 0.14, "S": 0.04249, "elv": "Ordalsåi", "km": 6.3}}, {"type": "Feature", "geometry": {"type": "LineString", "coordinates": [[8.51535, 59.44382], [8.51675, 59.44345]]}, "properties": {"P": 23.89, "tau": 58.18, "tau_c": 148.27, "omega": 71.05, "M": 0.39, "D": 0.02, "R": 0.08, "sving": 0.36, "os": 0.11, "foss": 1.0, "juv": 0.0, "B": 0.6, "Q": 2.48, "w": 14.18, "h": 0.14, "S": 0.04144, "elv": "Ordalsåi", "km": 6.4}}, {"type": "Feature", "geometry": {"type": "LineString", "coordinates": [[8.51675, 59.44345], [8.51783, 59.44279]]}, "properties": {"P": 21.34, "tau": 61.93, "tau_c": 155.11, "omega": 77.71, "M": 0.4, "D": 0.07, "R": 0.09, "sving": 0.33, "os": 0.17, "foss": 0.72, "juv": 0.0, "B": 0.6, "Q": 2.48, "w": 14.21, "h": 0.14, "S": 0.04535, "elv": "Ordalsåi", "km": 6.5}}, {"type": "Feature", "geometry": {"type": "LineString", "coordinates": [[8.51783, 59.44279], [8.51851, 59.442]]}, "properties": {"P": 24.47, "tau": 51.76, "tau_c": 136.04, "omega": 60.14, "M": 0.38, "D": 0.17, "R": 0.07, "sving": 0.05, "os": 0.27, "foss": 1.0, "juv": 0.0, "B": 0.6, "Q": 2.5, "w": 14.24, "h": 0.15, "S": 0.03488, "elv": "Ordalsåi", "km": 6.6}}, {"type": "Feature", "geometry": {"type": "LineString", "coordinates": [[8.51851, 59.442], [8.51943, 59.44129]]}, "properties": {"P": 33.39, "tau": 37.01, "tau_c": 107.36, "omega": 37.13, "M": 0.34, "D": 0.24, "R": 0.05, "sving": 0.72, "os": 0.43, "foss": 0.72, "juv": 0.0, "B": 0.6, "Q": 2.53, "w": 14.49, "h": 0.17, "S": 0.02172, "elv": "Ordalsåi", "km": 6.7}}, {"type": "Feature", "geometry": {"type": "LineString", "coordinates": [[8.51943, 59.44129], [8.52062, 59.44086]]}, "properties": {"P": 32.29, "tau": 30.64, "tau_c": 94.49, "omega": 28.26, "M": 0.32, "D": 0.26, "R": 0.04, "sving": 0.57, "os": 0.69, "foss": 0.51, "juv": 0.0, "B": 0.6, "Q": 2.53, "w": 14.75, "h": 0.19, "S": 0.01683, "elv": "Ordalsåi", "km": 6.8}}, {"type": "Feature", "geometry": {"type": "LineString", "coordinates": [[8.52062, 59.44086], [8.52147, 59.44163]]}, "properties": {"P": 31.17, "tau": 28.82, "tau_c": 85.22, "omega": 26.36, "M": 0.34, "D": 0.26, "R": 0.05, "sving": 0.39, "os": 0.89, "foss": 0.37, "juv": 0.0, "B": 0.61, "Q": 2.94, "w": 15.0, "h": 0.21, "S": 0.01369, "elv": "Ordalsåi", "km": 6.9}}, {"type": "Feature", "geometry": {"type": "LineString", "coordinates": [[8.52147, 59.44163], [8.52308, 59.44194]]}, "properties": {"P": 17.73, "tau": 20.18, "tau_c": 66.36, "omega": 15.78, "M": 0.3, "D": 0.28, "R": 0.03, "sving": 0.2, "os": 0.55, "foss": 0.0, "juv": 0.0, "B": 0.61, "Q": 2.95, "w": 15.24, "h": 0.25, "S": 0.0083, "elv": "Ordalsåi", "km": 7.0}}, {"type": "Feature", "geometry": {"type": "LineString", "coordinates": [[8.53278, 59.44297], [8.53449, 59.44318]]}, "properties": {"P": 11.15, "tau": 21.5, "tau_c": 69.7, "omega": 17.27, "M": 0.31, "D": -0.0, "R": 0.03, "sving": 0.19, "os": 0.0, "foss": 0.5, "juv": 0.0, "B": 0.62, "Q": 3.0, "w": 15.58, "h": 0.24, "S": 0.00916, "elv": "Ordalsåi", "km": 7.7}}, {"type": "Feature", "geometry": {"type": "LineString", "coordinates": [[8.53449, 59.44318], [8.53622, 59.44323]]}, "properties": {"P": 18.96, "tau": 24.98, "tau_c": 77.6, "omega": 21.43, "M": 0.32, "D": -0.0, "R": 0.04, "sving": 0.19, "os": 0.0, "foss": 1.0, "juv": 0.0, "B": 0.62, "Q": 3.0, "w": 15.59, "h": 0.22, "S": 0.01135, "elv": "Ordalsåi", "km": 7.8}}, {"type": "Feature", "geometry": {"type": "LineString", "coordinates": [[8.53622, 59.44323], [8.53785, 59.44297]]}, "properties": {"P": 21.13, "tau": 25.0, "tau_c": 77.6, "omega": 21.45, "M": 0.32, "D": -0.0, "R": 0.04, "sving": 0.3, "os": 0.08, "foss": 0.95, "juv": 0.0, "B": 0.62, "Q": 3.01, "w": 15.6, "h": 0.22, "S": 0.01135, "elv": "Ordalsåi", "km": 7.9}}, {"type": "Feature", "geometry": {"type": "LineString", "coordinates": [[8.53785, 59.44297], [8.5396, 59.44291]]}, "properties": {"P": 18.89, "tau": 25.08, "tau_c": 77.8, "omega": 21.55, "M": 0.32, "D": 0.05, "R": 0.04, "sving": 0.24, "os": 0.12, "foss": 0.76, "juv": 0.0, "B": 0.62, "Q": 3.01, "w": 15.62, "h": 0.22, "S": 0.01141, "elv": "Ordalsåi", "km": 8.0}}, {"type": "Feature", "geometry": {"type": "LineString", "coordinates": [[8.5396, 59.44291], [8.54102, 59.44244]]}, "properties": {"P": 20.12, "tau": 28.47, "tau_c": 85.22, "omega": 25.86, "M": 0.33, "D": 0.1, "R": 0.04, "sving": 0.38, "os": 0.2, "foss": 0.54, "juv": 0.0, "B": 0.62, "Q": 3.02, "w": 15.68, "h": 0.21, "S": 0.01369, "elv": "Ordalsåi", "km": 8.1}}, {"type": "Feature", "geometry": {"type": "LineString", "coordinates": [[8.43739, 59.45405], [8.43725, 59.45316]]}, "properties": {"P": 16.13, "tau": 59.84, "tau_c": 120.39, "omega": 79.85, "M": 0.5, "D": 0.0, "R": 0.18, "sving": 0.19, "os": 0.24, "foss": 1.0, "juv": 0.0, "B": 0.38, "Q": 6.78, "w": 22.75, "h": 0.22, "S": 0.02732, "elv": "Morgedalsåi", "km": 0.0}}, {"type": "Feature", "geometry": {"type": "LineString", "coordinates": [[8.43725, 59.45316], [8.43781, 59.45232]]}, "properties": {"P": 32.13, "tau": 105.11, "tau_c": 180.29, "omega": 178.98, "M": 0.58, "D": 0.0, "R": 0.29, "sving": 0.24, "os": 0.15, "foss": 0.72, "juv": 0.0, "B": 0.83, "Q": 6.78, "w": 22.77, "h": 0.17, "S": 0.06126, "elv": "Morgedalsåi", "km": 0.1}}, {"type": "Feature", "geometry": {"type": "LineString", "coordinates": [[8.43781, 59.45232], [8.4381, 59.45147]]}, "properties": {"P": 33.6, "tau": 96.53, "tau_c": 169.61, "omega": 158.42, "M": 0.57, "D": 0.0, "R": 0.27, "sving": 0.12, "os": 0.09, "foss": 1.0, "juv": 0.0, "B": 0.83, "Q": 6.79, "w": 22.8, "h": 0.18, "S": 0.05422, "elv": "Morgedalsåi", "km": 0.2}}, {"type": "Feature", "geometry": {"type": "LineString", "coordinates": [[8.4381, 59.45147], [8.43874, 59.45072]]}, "properties": {"P": 31.95, "tau": 106.74, "tau_c": 181.7, "omega": 183.17, "M": 0.59, "D": 0.0, "R": 0.3, "sving": 0.03, "os": 0.06, "foss": 1.0, "juv": 0.0, "B": 0.83, "Q": 6.85, "w": 22.83, "h": 0.17, "S": 0.06223, "elv": "Morgedalsåi", "km": 0.3}}, {"type": "Feature", "geometry": {"type": "LineString", "coordinates": [[8.43874, 59.45072], [8.43912, 59.44992]]}, "properties": {"P": 27.54, "tau": 104.65, "tau_c": 172.07, "omega": 180.11, "M": 0.61, "D": 0.0, "R": 0.32, "sving": 0.11, "os": 0.0, "foss": 0.72, "juv": 0.0, "B": 0.83, "Q": 6.85, "w": 20.83, "h": 0.19, "S": 0.05581, "elv": "Morgedalsåi", "km": 0.4}}, {"type": "Feature", "geometry": {"type": "LineString", "coordinates": [[8.43912, 59.44992], [8.43978, 59.44913]]}, "properties": {"P": 36.34, "tau": 123.48, "tau_c": 193.69, "omega": 228.31, "M": 0.64, "D": 0.0, "R": 0.36, "sving": 0.19, "os": 0.0, "foss": 1.0, "juv": 0.0, "B": 0.83, "Q": 6.87, "w": 20.86, "h": 0.18, "S": 0.07071, "elv": "Morgedalsåi", "km": 0.5}}, {"type": "Feature", "geometry": {"type": "LineString", "coordinates": [[8.43978, 59.44913], [8.44044, 59.44845]]}, "properties": {"P": 30.47, "tau": 135.46, "tau_c": 206.97, "omega": 260.71, "M": 0.65, "D": 0.0, "R": 0.38, "sving": 0.02, "os": 0.07, "foss": 0.77, "juv": 0.0, "B": 0.83, "Q": 6.87, "w": 20.87, "h": 0.17, "S": 0.08074, "elv": "Morgedalsåi", "km": 0.6}}, {"type": "Feature", "geometry": {"type": "LineString", "coordinates": [[8.44044, 59.44845], [8.44027, 59.4476]]}, "properties": {"P": 37.47, "tau": 114.7, "tau_c": 183.71, "omega": 205.43, "M": 0.62, "D": 0.0, "R": 0.34, "sving": 0.17, "os": 0.1, "foss": 1.0, "juv": 0.0, "B": 0.83, "Q": 6.87, "w": 20.88, "h": 0.18, "S": 0.06361, "elv": "Morgedalsåi", "km": 0.7}}, {"type": "Feature", "geometry": {"type": "LineString", "coordinates": [[8.44027, 59.4476], [8.44057, 59.44674]]}, "properties": {"P": 37.0, "tau": 132.12, "tau_c": 200.17, "omega": 252.66, "M": 0.66, "D": 0.0, "R": 0.39, "sving": 0.01, "os": 0.16, "foss": 1.0, "juv": 0.0, "B": 0.83, "Q": 6.88, "w": 20.16, "h": 0.18, "S": 0.07552, "elv": "Morgedalsåi", "km": 0.8}}, {"type": "Feature", "geometry": {"type": "LineString", "coordinates": [[8.44057, 59.44674], [8.44184, 59.44617]]}, "properties": {"P": 40.41, "tau": 133.38, "tau_c": 209.91, "omega": 253.13, "M": 0.64, "D": 0.0, "R": 0.36, "sving": 0.14, "os": 0.25, "foss": 1.0, "juv": 0.0, "B": 0.83, "Q": 6.89, "w": 22.16, "h": 0.16, "S": 0.08305, "elv": "Morgedalsåi", "km": 0.9}}, {"type": "Feature", "geometry": {"type": "LineString", "coordinates": [[8.44184, 59.44617], [8.44264, 59.44541]]}, "properties": {"P": 48.24, "tau": 142.49, "tau_c": 216.87, "omega": 279.46, "M": 0.66, "D": 0.0, "R": 0.39, "sving": 0.34, "os": 0.39, "foss": 1.0, "juv": 0.0, "B": 0.83, "Q": 6.89, "w": 21.44, "h": 0.16, "S": 0.08865, "elv": "Morgedalsåi", "km": 1.0}}, {"type": "Feature", "geometry": {"type": "LineString", "coordinates": [[8.44264, 59.44541], [8.44311, 59.44457]]}, "properties": {"P": 47.88, "tau": 135.32, "tau_c": 196.89, "omega": 263.95, "M": 0.69, "D": 0.01, "R": 0.43, "sving": 0.01, "os": 0.63, "foss": 1.0, "juv": 0.0, "B": 0.83, "Q": 6.89, "w": 18.72, "h": 0.19, "S": 0.07307, "elv": "Morgedalsåi", "km": 1.1}}, {"type": "Feature", "geometry": {"type": "LineString", "coordinates": [[8.44311, 59.44457], [8.44459, 59.44418]]}, "properties": {"P": 60.23, "tau": 133.58, "tau_c": 185.98, "omega": 262.76, "M": 0.72, "D": 0.03, "R": 0.47, "sving": 0.15, "os": 0.97, "foss": 1.0, "juv": 0.0, "B": 0.83, "Q": 7.39, "w": 18.0, "h": 0.21, "S": 0.0652, "elv": "Morgedalsåi", "km": 1.2}}, {"type": "Feature", "geometry": {"type": "LineString", "coordinates": [[8.44459, 59.44418], [8.44587, 59.44358]]}, "properties": {"P": 54.02, "tau": 130.96, "tau_c": 173.92, "omega": 258.96, "M": 0.75, "D": 0.1, "R": 0.52, "sving": 0.33, "os": 0.61, "foss": 0.72, "juv": 0.0, "B": 0.83, "Q": 7.41, "w": 16.0, "h": 0.23, "S": 0.05701, "elv": "Morgedalsåi", "km": 1.3}}, {"type": "Feature", "geometry": {"type": "LineString", "coordinates": [[8.44587, 59.44358], [8.44723, 59.44301]]}, "properties": {"P": 51.08, "tau": 112.53, "tau_c": 155.9, "omega": 208.31, "M": 0.72, "D": 0.17, "R": 0.48, "sving": 0.11, "os": 0.37, "foss": 1.0, "juv": 0.0, "B": 0.83, "Q": 7.42, "w": 16.0, "h": 0.25, "S": 0.04581, "elv": "Morgedalsåi", "km": 1.4}}, {"type": "Feature", "geometry": {"type": "LineString", "coordinates": [[8.44723, 59.44301], [8.44883, 59.44266]]}, "properties": {"P": 39.02, "tau": 78.07, "tau_c": 119.84, "omega": 123.2, "M": 0.65, "D": 0.22, "R": 0.38, "sving": 0.03, "os": 0.23, "foss": 0.72, "juv": 0.0, "B": 0.83, "Q": 7.42, "w": 16.0, "h": 0.29, "S": 0.02707, "elv": "Morgedalsåi", "km": 1.5}}, {"type": "Feature", "geometry": {"type": "LineString", "coordinates": [[8.44883, 59.44266], [8.45005, 59.44207]]}, "properties": {"P": 43.22, "tau": 71.93, "tau_c": 112.97, "omega": 109.53, "M": 0.64, "D": 0.2, "R": 0.36, "sving": 0.11, "os": 0.14, "foss": 1.0, "juv": 0.0, "B": 0.83, "Q": 7.43, "w": 16.0, "h": 0.3, "S": 0.02406, "elv": "Morgedalsåi", "km": 1.6}}, {"type": "Feature", "geometry": {"type": "LineString", "coordinates": [[8.45005, 59.44207], [8.45143, 59.44153]]}, "properties": {"P": 39.35, "tau": 70.72, "tau_c": 111.58, "omega": 106.88, "M": 0.63, "D": 0.14, "R": 0.36, "sving": 0.06, "os": 0.09, "foss": 1.0, "juv": 0.0, "B": 0.83, "Q": 7.43, "w": 16.0, "h": 0.31, "S": 0.02347, "elv": "Morgedalsåi", "km": 1.7}}, {"type": "Feature", "geometry": {"type": "LineString", "coordinates": [[8.45143, 59.44153], [8.45305, 59.44119]]}, "properties": {"P": 29.27, "tau": 60.49, "tau_c": 107.49, "omega": 83.87, "M": 0.56, "D": 0.06, "R": 0.26, "sving": 0.14, "os": 0.05, "foss": 0.72, "juv": 0.0, "B": 0.83, "Q": 7.43, "w": 18.93, "h": 0.28, "S": 0.02178, "elv": "Morgedalsåi", "km": 1.8}}, {"type": "Feature", "geometry": {"type": "LineString", "coordinates": [[8.45305, 59.44119], [8.45474, 59.44097]]}, "properties": {"P": 25.13, "tau": 62.85, "tau_c": 104.83, "omega": 89.76, "M": 0.6, "D": 0.02, "R": 0.31, "sving": 0.17, "os": 0.0, "foss": 0.51, "juv": 0.0, "B": 0.84, "Q": 7.48, "w": 16.93, "h": 0.31, "S": 0.02071, "elv": "Morgedalsåi", "km": 1.9}}, {"type": "Feature", "geometry": {"type": "LineString", "coordinates": [[8.45474, 59.44097], [8.45634, 59.44065]]}, "properties": {"P": 44.91, "tau": 121.82, "tau_c": 172.48, "omega": 230.86, "M": 0.71, "D": 0.0, "R": 0.45, "sving": 0.44, "os": 0.0, "foss": 1.0, "juv": 0.0, "B": 0.84, "Q": 7.5, "w": 17.86, "h": 0.22, "S": 0.05607, "elv": "Morgedalsåi", "km": 2.0}}, {"type": "Feature", "geometry": {"type": "LineString", "coordinates": [[8.45634, 59.44065], [8.45711, 59.43988]]}, "properties": {"P": 33.27, "tau": 121.1, "tau_c": 171.69, "omega": 228.91, "M": 0.71, "D": 0.0, "R": 0.45, "sving": 0.15, "os": 0.0, "foss": 0.72, "juv": 0.0, "B": 0.84, "Q": 7.5, "w": 17.86, "h": 0.22, "S": 0.05556, "elv": "Morgedalsåi", "km": 2.1}}, {"type": "Feature", "geometry": {"type": "LineString", "coordinates": [[8.45711, 59.43988], [8.45712, 59.43906]]}, "properties": {"P": 38.89, "tau": 130.18, "tau_c": 180.73, "omega": 253.98, "M": 0.72, "D": 0.0, "R": 0.47, "sving": 0.11, "os": 0.0, "foss": 1.0, "juv": 0.0, "B": 0.84, "Q": 7.51, "w": 17.86, "h": 0.22, "S": 0.06157, "elv": "Morgedalsåi", "km": 2.2}}, {"type": "Feature", "geometry": {"type": "LineString", "coordinates": [[8.45712, 59.43906], [8.45848, 59.43852]]}, "properties": {"P": 42.74, "tau": 150.95, "tau_c": 185.6, "omega": 320.59, "M": 0.81, "D": 0.0, "R": 0.59, "sving": 0.1, "os": 0.0, "foss": 1.0, "juv": 0.0, "B": 0.84, "Q": 7.52, "w": 14.93, "h": 0.24, "S": 0.06493, "elv": "Morgedalsåi", "km": 2.3}}, {"type": "Feature", "geometry": {"type": "LineString", "coordinates": [[8.45848, 59.43852], [8.45984, 59.43796]]}, "properties": {"P": 48.36, "tau": 155.35, "tau_c": 189.42, "omega": 334.12, "M": 0.82, "D": 0.04, "R": 0.6, "sving": 0.31, "os": 0.0, "foss": 1.0, "juv": 0.0, "B": 0.84, "Q": 7.52, "w": 14.93, "h": 0.23, "S": 0.06763, "elv": "Morgedalsåi", "km": 2.4}}, {"type": "Feature", "geometry": {"type": "LineString", "coordinates": [[8.45984, 59.43796], [8.46102, 59.4373]]}, "properties": {"P": 42.86, "tau": 178.35, "tau_c": 188.66, "omega": 417.4, "M": 0.95, "D": 0.09, "R": 0.74, "sving": 0.02, "os": 0.0, "foss": 0.72, "juv": 0.0, "B": 0.84, "Q": 7.61, "w": 12.0, "h": 0.27, "S": 0.06709, "elv": "Morgedalsåi", "km": 2.5}}, {"type": "Feature", "geometry": {"type": "LineString", "coordinates": [[8.46102, 59.4373], [8.4623, 59.43669]]}, "properties": {"P": 52.65, "tau": 103.39, "tau_c": 140.75, "omega": 186.37, "M": 0.73, "D": 0.18, "R": 0.49, "sving": 0.51, "os": 0.0, "foss": 1.0, "juv": 0.0, "B": 0.84, "Q": 7.62, "w": 14.97, "h": 0.28, "S": 0.03734, "elv": "Morgedalsåi", "km": 2.6}}, {"type": "Feature", "geometry": {"type": "LineString", "coordinates": [[8.4623, 59.43669], [8.46368, 59.43621]]}, "properties": {"P": 43.41, "tau": 112.91, "tau_c": 154.24, "omega": 210.1, "M": 0.73, "D": 0.14, "R": 0.49, "sving": 0.41, "os": 0.0, "foss": 0.72, "juv": 0.0, "B": 0.84, "Q": 7.62, "w": 15.95, "h": 0.26, "S": 0.04484, "elv": "Morgedalsåi", "km": 2.7}}, {"type": "Feature", "geometry": {"type": "LineString", "coordinates": [[8.46368, 59.43621], [8.46496, 59.43675]]}, "properties": {"P": 39.59, "tau": 106.14, "tau_c": 155.42, "omega": 189.75, "M": 0.68, "D": 0.12, "R": 0.42, "sving": 0.07, "os": 0.0, "foss": 1.0, "juv": 0.0, "B": 0.84, "Q": 7.63, "w": 17.95, "h": 0.24, "S": 0.04553, "elv": "Morgedalsåi", "km": 2.8}}, {"type": "Feature", "geometry": {"type": "LineString", "coordinates": [[8.46496, 59.43675], [8.46655, 59.43695]]}, "properties": {"P": 35.92, "tau": 107.81, "tau_c": 164.33, "omega": 191.76, "M": 0.66, "D": 0.05, "R": 0.39, "sving": 0.04, "os": 0.0, "foss": 1.0, "juv": 0.0, "B": 0.84, "Q": 7.66, "w": 19.95, "h": 0.22, "S": 0.0509, "elv": "Morgedalsåi", "km": 2.9}}, {"type": "Feature", "geometry": {"type": "LineString", "coordinates": [[8.46655, 59.43695], [8.46801, 59.43647]]}, "properties": {"P": 46.68, "tau": 94.75, "tau_c": 149.72, "omega": 159.37, "M": 0.63, "D": 0.05, "R": 0.36, "sving": 0.62, "os": 0.0, "foss": 1.0, "juv": 0.0, "B": 0.84, "Q": 7.67, "w": 19.95, "h": 0.23, "S": 0.04225, "elv": "Morgedalsåi", "km": 3.0}}, {"type": "Feature", "geometry": {"type": "LineString", "coordinates": [[8.46801, 59.43647], [8.46934, 59.43588]]}, "properties": {"P": 47.5, "tau": 94.33, "tau_c": 149.24, "omega": 158.38, "M": 0.63, "D": 0.02, "R": 0.35, "sving": 0.7, "os": 0.0, "foss": 1.0, "juv": 0.0, "B": 0.84, "Q": 7.68, "w": 19.98, "h": 0.23, "S": 0.04198, "elv": "Morgedalsåi", "km": 3.1}}, {"type": "Feature", "geometry": {"type": "LineString", "coordinates": [[8.46934, 59.43588], [8.47032, 59.43515]]}, "properties": {"P": 37.75, "tau": 131.41, "tau_c": 189.14, "omega": 254.83, "M": 0.69, "D": 0.0, "R": 0.44, "sving": 0.39, "os": 0.0, "foss": 0.72, "juv": 0.0, "B": 0.84, "Q": 7.7, "w": 20.0, "h": 0.2, "S": 0.06743, "elv": "Morgedalsåi", "km": 3.2}}, {"type": "Feature", "geometry": {"type": "LineString", "coordinates": [[8.47032, 59.43515], [8.47023, 59.43426]]}, "properties": {"P": 24.5, "tau": 113.45, "tau_c": 170.2, "omega": 206.42, "M": 0.67, "D": 0.0, "R": 0.4, "sving": 0.01, "os": 0.0, "foss": 0.51, "juv": 0.0, "B": 0.84, "Q": 7.71, "w": 20.0, "h": 0.21, "S": 0.0546, "elv": "Morgedalsåi", "km": 3.3}}, {"type": "Feature", "geometry": {"type": "LineString", "coordinates": [[8.47023, 59.43426], [8.47014, 59.43341]]}, "properties": {"P": 41.0, "tau": 137.99, "tau_c": 199.96, "omega": 271.73, "M": 0.69, "D": 0.0, "R": 0.43, "sving": 0.28, "os": 0.0, "foss": 1.0, "juv": 0.0, "B": 0.84, "Q": 7.72, "w": 21.01, "h": 0.19, "S": 0.07537, "elv": "Morgedalsåi", "km": 3.4}}, {"type": "Feature", "geometry": {"type": "LineString", "coordinates": [[8.47014, 59.43341], [8.47128, 59.43286]]}, "properties": {"P": 36.54, "tau": 141.49, "tau_c": 203.46, "omega": 281.71, "M": 0.7, "D": 0.0, "R": 0.44, "sving": 0.33, "os": 0.0, "foss": 0.72, "juv": 0.0, "B": 0.84, "Q": 7.73, "w": 21.01, "h": 0.18, "S": 0.07803, "elv": "Morgedalsåi", "km": 3.5}}, {"type": "Feature", "geometry": {"type": "LineString", "coordinates": [[8.47128, 59.43286], [8.47106, 59.43206]]}, "properties": {"P": 40.87, "tau": 158.67, "tau_c": 216.12, "omega": 334.02, "M": 0.73, "D": 0.02, "R": 0.49, "sving": 0.15, "os": 0.0, "foss": 1.0, "juv": 0.0, "B": 0.84, "Q": 7.74, "w": 20.01, "h": 0.18, "S": 0.08803, "elv": "Morgedalsåi", "km": 3.6}}, {"type": "Feature", "geometry": {"type": "LineString", "coordinates": [[8.47106, 59.43206], [8.47235, 59.43146]]}, "properties": {"P": 40.82, "tau": 170.3, "tau_c": 222.17, "omega": 372.08, "M": 0.77, "D": 0.04, "R": 0.53, "sving": 0.05, "os": 0.0, "foss": 1.0, "juv": 0.0, "B": 0.84, "Q": 7.75, "w": 19.01, "h": 0.19, "S": 0.09303, "elv": "Morgedalsåi", "km": 3.7}}, {"type": "Feature", "geometry": {"type": "LineString", "coordinates": [[8.47235, 59.43146], [8.4729, 59.43066]]}, "properties": {"P": 44.3, "tau": 119.16, "tau_c": 176.13, "omega": 221.56, "M": 0.68, "D": 0.13, "R": 0.41, "sving": 0.3, "os": 0.0, "foss": 1.0, "juv": 0.0, "B": 0.84, "Q": 7.76, "w": 20.08, "h": 0.21, "S": 0.05847, "elv": "Morgedalsåi", "km": 3.8}}, {"type": "Feature", "geometry": {"type": "LineString", "coordinates": [[8.4729, 59.43066], [8.47394, 59.43002]]}, "properties": {"P": 47.44, "tau": 139.75, "tau_c": 195.81, "omega": 279.16, "M": 0.71, "D": 0.15, "R": 0.46, "sving": 0.61, "os": 0.0, "foss": 0.72, "juv": 0.0, "B": 0.84, "Q": 7.93, "w": 20.15, "h": 0.2, "S": 0.07227, "elv": "Morgedalsåi", "km": 3.9}}, {"type": "Feature", "geometry": {"type": "LineString", "coordinates": [[8.47394, 59.43002], [8.47258, 59.42951]]}, "properties": {"P": 30.9, "tau": 88.06, "tau_c": 149.67, "omega": 141.51, "M": 0.59, "D": 0.23, "R": 0.3, "sving": 0.19, "os": 0.0, "foss": 0.51, "juv": 0.0, "B": 0.84, "Q": 7.94, "w": 23.23, "h": 0.21, "S": 0.04222, "elv": "Morgedalsåi", "km": 4.0}}, {"type": "Feature", "geometry": {"type": "LineString", "coordinates": [[8.47258, 59.42951], [8.47137, 59.42891]]}, "properties": {"P": 50.88, "tau": 85.0, "tau_c": 148.66, "omega": 133.81, "M": 0.57, "D": 0.16, "R": 0.27, "sving": 0.8, "os": 0.0, "foss": 1.0, "juv": 0.0, "B": 0.84, "Q": 7.96, "w": 24.31, "h": 0.21, "S": 0.04165, "elv": "Morgedalsåi", "km": 4.1}}, {"type": "Feature", "geometry": {"type": "LineString", "coordinates": [[8.47137, 59.42891], [8.47105, 59.42804]]}, "properties": {"P": 35.94, "tau": 81.54, "tau_c": 147.03, "omega": 125.4, "M": 0.55, "D": 0.12, "R": 0.25, "sving": 0.45, "os": 0.0, "foss": 0.72, "juv": 0.0, "B": 0.84, "Q": 7.97, "w": 25.4, "h": 0.2, "S": 0.04075, "elv": "Morgedalsåi", "km": 4.2}}, {"type": "Feature", "geometry": {"type": "LineString", "coordinates": [[8.47105, 59.42804], [8.46938, 59.42792]]}, "properties": {"P": 34.84, "tau": 74.43, "tau_c": 137.72, "omega": 110.04, "M": 0.54, "D": 0.03, "R": 0.24, "sving": 0.26, "os": 0.0, "foss": 1.0, "juv": 0.0, "B": 0.84, "Q": 7.97, "w": 25.41, "h": 0.21, "S": 0.03575, "elv": "Morgedalsåi", "km": 4.3}}, {"type": "Feature", "geometry": {"type": "LineString", "coordinates": [[8.46938, 59.42792], [8.46965, 59.42742]]}, "properties": {"P": 38.43, "tau": 90.65, "tau_c": 158.62, "omega": 145.96, "M": 0.57, "D": 0.01, "R": 0.27, "sving": 0.4, "os": 0.0, "foss": 1.0, "juv": 0.0, "B": 0.84, "Q": 7.97, "w": 25.41, "h": 0.19, "S": 0.04742, "elv": "Morgedalsåi", "km": 4.4}}, {"type": "Feature", "geometry": {"type": "LineString", "coordinates": [[8.46965, 59.42742], [8.46946, 59.42659]]}, "properties": {"P": 24.35, "tau": 77.25, "tau_c": 141.46, "omega": 116.08, "M": 0.55, "D": 0.03, "R": 0.24, "sving": 0.03, "os": 0.0, "foss": 0.72, "juv": 0.0, "B": 0.84, "Q": 7.97, "w": 25.42, "h": 0.21, "S": 0.03772, "elv": "Morgedalsåi", "km": 4.5}}, {"type": "Feature", "geometry": {"type": "LineString", "coordinates": [[8.46946, 59.42659], [8.46783, 59.42632]]}, "properties": {"P": 42.17, "tau": 84.47, "tau_c": 150.81, "omega": 131.9, "M": 0.56, "D": 0.03, "R": 0.26, "sving": 0.58, "os": 0.0, "foss": 1.0, "juv": 0.0, "B": 0.84, "Q": 7.97, "w": 25.43, "h": 0.2, "S": 0.04287, "elv": "Morgedalsåi", "km": 4.6}}, {"type": "Feature", "geometry": {"type": "LineString", "coordinates": [[8.46783, 59.42632], [8.46612, 59.42613]]}, "properties": {"P": 35.75, "tau": 80.15, "tau_c": 145.16, "omega": 122.38, "M": 0.55, "D": 0.03, "R": 0.25, "sving": 0.5, "os": 0.07, "foss": 0.72, "juv": 0.0, "B": 0.84, "Q": 7.99, "w": 25.43, "h": 0.21, "S": 0.03971, "elv": "Morgedalsåi", "km": 4.7}}, {"type": "Feature", "geometry": {"type": "LineString", "coordinates": [[8.46612, 59.42613], [8.46446, 59.42588]]}, "properties": {"P": 35.0, "tau": 72.76, "tau_c": 135.47, "omega": 106.54, "M": 0.54, "D": 0.01, "R": 0.23, "sving": 0.19, "os": 0.11, "foss": 1.0, "juv": 0.0, "B": 0.84, "Q": 7.99, "w": 25.46, "h": 0.21, "S": 0.03459, "elv": "Morgedalsåi", "km": 4.8}}, {"type": "Feature", "geometry": {"type": "LineString", "coordinates": [[8.46446, 59.42588], [8.46272, 59.42576]]}, "properties": {"P": 37.6, "tau": 94.29, "tau_c": 163.17, "omega": 154.43, "M": 0.58, "D": 0.0, "R": 0.28, "sving": 0.18, "os": 0.18, "foss": 1.0, "juv": 0.0, "B": 0.84, "Q": 8.0, "w": 25.49, "h": 0.19, "S": 0.05018, "elv": "Morgedalsåi", "km": 4.9}}, {"type": "Feature", "geometry": {"type": "LineString", "coordinates": [[8.46272, 59.42576], [8.46104, 59.42593]]}, "properties": {"P": 39.05, "tau": 99.68, "tau_c": 169.25, "omega": 167.38, "M": 0.59, "D": 0.0, "R": 0.3, "sving": 0.4, "os": 0.28, "foss": 0.72, "juv": 0.0, "B": 0.84, "Q": 8.06, "w": 25.51, "h": 0.19, "S": 0.05399, "elv": "Morgedalsåi", "km": 5.0}}, {"type": "Feature", "geometry": {"type": "LineString", "coordinates": [[8.46104, 59.42593], [8.45977, 59.42541]]}, "properties": {"P": 45.16, "tau": 96.97, "tau_c": 166.06, "omega": 160.89, "M": 0.58, "D": 0.0, "R": 0.29, "sving": 0.36, "os": 0.35, "foss": 1.0, "juv": 0.0, "B": 0.84, "Q": 8.06, "w": 25.55, "h": 0.19, "S": 0.05197, "elv": "Morgedalsåi", "km": 5.1}}, {"type": "Feature", "geometry": {"type": "LineString", "coordinates": [[8.45977, 59.42541], [8.45943, 59.42453]]}, "properties": {"P": 50.82, "tau": 100.49, "tau_c": 170.45, "omega": 169.28, "M": 0.59, "D": 0.0, "R": 0.3, "sving": 0.45, "os": 0.52, "foss": 1.0, "juv": 0.0, "B": 0.84, "Q": 8.06, "w": 25.58, "h": 0.19, "S": 0.05476, "elv": "Morgedalsåi", "km": 5.2}}, {"type": "Feature", "geometry": {"type": "LineString", "coordinates": [[8.45943, 59.42453], [8.45864, 59.42377]]}, "properties": {"P": 48.82, "tau": 100.66, "tau_c": 170.28, "omega": 169.82, "M": 0.59, "D": 0.02, "R": 0.3, "sving": 0.21, "os": 0.86, "foss": 0.78, "juv": 0.0, "B": 0.84, "Q": 8.11, "w": 25.6, "h": 0.19, "S": 0.05465, "elv": "Morgedalsåi", "km": 5.3}}, {"type": "Feature", "geometry": {"type": "LineString", "coordinates": [[8.45864, 59.42377], [8.4577, 59.42302]]}, "properties": {"P": 51.49, "tau": 104.05, "tau_c": 174.4, "omega": 178.04, "M": 0.6, "D": 0.06, "R": 0.31, "sving": 0.19, "os": 0.71, "foss": 1.0, "juv": 0.0, "B": 0.84, "Q": 8.11, "w": 25.62, "h": 0.19, "S": 0.05733, "elv": "Morgedalsåi", "km": 5.4}}, {"type": "Feature", "geometry": {"type": "LineString", "coordinates": [[8.4577, 59.42302], [8.45715, 59.42218]]}, "properties": {"P": 48.47, "tau": 88.18, "tau_c": 154.94, "omega": 140.46, "M": 0.57, "D": 0.11, "R": 0.27, "sving": 0.32, "os": 0.43, "foss": 1.0, "juv": 0.0, "B": 0.84, "Q": 8.11, "w": 25.63, "h": 0.2, "S": 0.04525, "elv": "Morgedalsåi", "km": 5.5}}, {"type": "Feature", "geometry": {"type": "LineString", "coordinates": [[8.45715, 59.42218], [8.45769, 59.42134]]}, "properties": {"P": 39.3, "tau": 72.04, "tau_c": 134.03, "omega": 105.15, "M": 0.54, "D": 0.14, "R": 0.23, "sving": 0.07, "os": 0.27, "foss": 1.0, "juv": 0.0, "B": 0.84, "Q": 8.12, "w": 25.64, "h": 0.22, "S": 0.03386, "elv": "Morgedalsåi", "km": 5.6}}, {"type": "Feature", "geometry": {"type": "LineString", "coordinates": [[8.45769, 59.42134], [8.45831, 59.42052]]}, "properties": {"P": 35.11, "tau": 77.18, "tau_c": 140.83, "omega": 116.06, "M": 0.55, "D": 0.14, "R": 0.24, "sving": 0.21, "os": 0.18, "foss": 0.72, "juv": 0.0, "B": 0.84, "Q": 8.12, "w": 25.64, "h": 0.21, "S": 0.03738, "elv": "Morgedalsåi", "km": 5.7}}, {"type": "Feature", "geometry": {"type": "LineString", "coordinates": [[8.45831, 59.42052], [8.45717, 59.41988]]}, "properties": {"P": 38.36, "tau": 64.29, "tau_c": 133.48, "omega": 87.35, "M": 0.48, "D": 0.09, "R": 0.17, "sving": 0.34, "os": 0.12, "foss": 1.0, "juv": 0.0, "B": 0.84, "Q": 8.12, "w": 30.61, "h": 0.2, "S": 0.03358, "elv": "Morgedalsåi", "km": 5.8}}, {"type": "Feature", "geometry": {"type": "LineString", "coordinates": [[8.45717, 59.41988], [8.45586, 59.41934]]}, "properties": {"P": 34.59, "tau": 53.99, "tau_c": 127.5, "omega": 66.42, "M": 0.42, "D": 0.04, "R": 0.11, "sving": 0.36, "os": 0.08, "foss": 1.0, "juv": 0.0, "B": 0.84, "Q": 8.13, "w": 36.8, "h": 0.18, "S": 0.03064, "elv": "Morgedalsåi", "km": 5.9}}, {"type": "Feature", "geometry": {"type": "LineString", "coordinates": [[8.45586, 59.41934], [8.45491, 59.41863]]}, "properties": {"P": 46.63, "tau": 105.08, "tau_c": 122.59, "omega": 203.13, "M": 0.86, "D": 0.0, "R": 0.65, "sving": 0.07, "os": 0.1, "foss": 0.72, "juv": 0.0, "B": 0.97, "Q": 31.43, "w": 43.0, "h": 0.38, "S": 0.02832, "elv": "Morgedalsåi", "km": 6.0}}, {"type": "Feature", "geometry": {"type": "LineString", "coordinates": [[8.49951, 59.40697], [8.49778, 59.40682]]}, "properties": {"P": 13.89, "tau": 121.53, "tau_c": 364.2, "omega": 171.56, "M": 0.33, "D": -0.0, "R": 0.04, "sving": 0.29, "os": 0.14, "foss": 1.0, "juv": 0.0, "B": 0.38, "Q": 0.31, "w": 6.0, "h": 0.04, "S": 0.34162, "elv": "Opsundbekken", "km": 1.7}}, {"type": "Feature", "geometry": {"type": "LineString", "coordinates": [[8.49778, 59.40682], [8.49602, 59.40678]]}, "properties": {"P": 12.48, "tau": 127.6, "tau_c": 364.2, "omega": 183.95, "M": 0.35, "D": -0.0, "R": 0.05, "sving": 0.03, "os": 0.23, "foss": 1.0, "juv": 0.0, "B": 0.38, "Q": 0.31, "w": 6.0, "h": 0.04, "S": 0.36629, "elv": "Opsundbekken", "km": 1.8}}, {"type": "Feature", "geometry": {"type": "LineString", "coordinates": [[8.49602, 59.40678], [8.49428, 59.40665]]}, "properties": {"P": 13.89, "tau": 136.0, "tau_c": 364.2, "omega": 201.54, "M": 0.37, "D": -0.0, "R": 0.07, "sving": 0.01, "os": 0.38, "foss": 1.0, "juv": 0.0, "B": 0.38, "Q": 0.31, "w": 6.0, "h": 0.03, "S": 0.40131, "elv": "Opsundbekken", "km": 1.9}}, {"type": "Feature", "geometry": {"type": "LineString", "coordinates": [[8.23907, 59.48827], [8.24038, 59.48778]]}, "properties": {"P": 3.31, "tau": 11.99, "tau_c": 30.93, "omega": 8.54, "M": 0.39, "D": 0.0, "R": 0.08, "sving": 0.19, "os": 0.0, "foss": 0.0, "juv": 0.0, "B": 0.42, "Q": 18.86, "w": 39.09, "h": 0.68, "S": 0.0018, "elv": "Dalaåi", "km": 0.0}}, {"type": "Feature", "geometry": {"type": "LineString", "coordinates": [[8.24038, 59.48778], [8.24161, 59.48716]]}, "properties": {"P": 9.18, "tau": 14.16, "tau_c": 34.86, "omega": 10.83, "M": 0.41, "D": 0.0, "R": 0.09, "sving": 0.24, "os": 0.0, "foss": 0.0, "juv": 0.0, "B": 0.94, "Q": 18.86, "w": 39.13, "h": 0.63, "S": 0.00229, "elv": "Dalaåi", "km": 0.1}}, {"type": "Feature", "geometry": {"type": "LineString", "coordinates": [[8.24161, 59.48716], [8.24263, 59.48653]]}, "properties": {"P": 11.62, "tau": 26.27, "tau_c": 54.35, "omega": 26.31, "M": 0.48, "D": 0.0, "R": 0.17, "sving": 0.22, "os": 0.0, "foss": 0.0, "juv": 0.0, "B": 0.94, "Q": 18.87, "w": 39.18, "h": 0.48, "S": 0.00557, "elv": "Dalaåi", "km": 0.2}}, {"type": "Feature", "geometry": {"type": "LineString", "coordinates": [[8.24263, 59.48653], [8.24433, 59.4864]]}, "properties": {"P": 12.29, "tau": 25.62, "tau_c": 52.03, "omega": 25.56, "M": 0.49, "D": 0.0, "R": 0.18, "sving": 0.23, "os": 0.0, "foss": 0.0, "juv": 0.0, "B": 0.94, "Q": 19.08, "w": 37.36, "h": 0.51, "S": 0.0051, "elv": "Dalaåi", "km": 0.3}}, {"type": "Feature", "geometry": {"type": "LineString", "coordinates": [[8.24433, 59.4864], [8.24608, 59.48637]]}, "properties": {"P": 23.75, "tau": 43.85, "tau_c": 76.53, "omega": 55.24, "M": 0.57, "D": 0.0, "R": 0.28, "sving": 0.57, "os": 0.0, "foss": 0.0, "juv": 0.0, "B": 0.94, "Q": 19.08, "w": 37.41, "h": 0.4, "S": 0.01104, "elv": "Dalaåi", "km": 0.4}}, {"type": "Feature", "geometry": {"type": "LineString", "coordinates": [[8.24608, 59.48637], [8.24782, 59.48623]]}, "properties": {"P": 22.13, "tau": 49.84, "tau_c": 83.93, "omega": 66.37, "M": 0.59, "D": 0.0, "R": 0.3, "sving": 0.45, "os": 0.0, "foss": 0.0, "juv": 0.0, "B": 0.94, "Q": 19.08, "w": 37.46, "h": 0.38, "S": 0.01328, "elv": "Dalaåi", "km": 0.5}}, {"type": "Feature", "geometry": {"type": "LineString", "coordinates": [[8.24782, 59.48623], [8.24918, 59.48673]]}, "properties": {"P": 42.46, "tau": 48.38, "tau_c": 82.15, "omega": 63.6, "M": 0.59, "D": 0.0, "R": 0.3, "sving": 0.34, "os": 0.0, "foss": 1.0, "juv": 0.0, "B": 0.94, "Q": 19.1, "w": 37.48, "h": 0.39, "S": 0.01272, "elv": "Dalaåi", "km": 0.6}}, {"type": "Feature", "geometry": {"type": "LineString", "coordinates": [[8.24918, 59.48673], [8.25, 59.48746]]}, "properties": {"P": 36.63, "tau": 49.96, "tau_c": 84.08, "omega": 66.59, "M": 0.59, "D": 0.0, "R": 0.3, "sving": 0.36, "os": 0.0, "foss": 0.72, "juv": 0.0, "B": 0.94, "Q": 19.1, "w": 37.5, "h": 0.38, "S": 0.01333, "elv": "Dalaåi", "km": 0.7}}, {"type": "Feature", "geometry": {"type": "LineString", "coordinates": [[8.25, 59.48746], [8.2511, 59.48814]]}, "properties": {"P": 25.87, "tau": 54.81, "tau_c": 91.66, "omega": 75.63, "M": 0.6, "D": 0.0, "R": 0.31, "sving": 0.09, "os": 0.0, "foss": 0.51, "juv": 0.0, "B": 0.95, "Q": 19.17, "w": 39.38, "h": 0.35, "S": 0.01583, "elv": "Dalaåi", "km": 0.8}}, {"type": "Feature", "geometry": {"type": "LineString", "coordinates": [[8.2511, 59.48814], [8.2523, 59.48877]]}, "properties": {"P": 29.97, "tau": 54.28, "tau_c": 91.03, "omega": 74.57, "M": 0.6, "D": 0.01, "R": 0.31, "sving": 0.4, "os": 0.0, "foss": 0.37, "juv": 0.0, "B": 0.95, "Q": 19.18, "w": 39.4, "h": 0.35, "S": 0.01562, "elv": "Dalaåi", "km": 0.9}}, {"type": "Feature", "geometry": {"type": "LineString", "coordinates": [[8.2523, 59.48877], [8.25338, 59.48943]]}, "properties": {"P": 43.73, "tau": 53.19, "tau_c": 89.73, "omega": 72.44, "M": 0.59, "D": 0.01, "R": 0.3, "sving": 0.37, "os": 0.0, "foss": 1.0, "juv": 0.0, "B": 0.95, "Q": 19.18, "w": 39.42, "h": 0.36, "S": 0.01518, "elv": "Dalaåi", "km": 1.0}}, {"type": "Feature", "geometry": {"type": "LineString", "coordinates": [[8.25338, 59.48943], [8.25514, 59.48941]]}, "properties": {"P": 39.5, "tau": 51.11, "tau_c": 83.3, "omega": 69.3, "M": 0.61, "D": 0.01, "R": 0.33, "sving": 0.43, "os": 0.0, "foss": 0.72, "juv": 0.0, "B": 0.95, "Q": 19.2, "w": 35.54, "h": 0.4, "S": 0.01308, "elv": "Dalaåi", "km": 1.1}}, {"type": "Feature", "geometry": {"type": "LineString", "coordinates": [[8.25514, 59.48941], [8.25686, 59.48931]]}, "properties": {"P": 42.91, "tau": 52.86, "tau_c": 83.3, "omega": 73.2, "M": 0.63, "D": 0.0, "R": 0.36, "sving": 0.25, "os": 0.0, "foss": 1.0, "juv": 0.0, "B": 0.95, "Q": 19.2, "w": 33.66, "h": 0.41, "S": 0.01308, "elv": "Dalaåi", "km": 1.2}}, {"type": "Feature", "geometry": {"type": "LineString", "coordinates": [[8.25686, 59.48931], [8.2585, 59.48902]]}, "properties": {"P": 31.41, "tau": 54.96, "tau_c": 85.67, "omega": 77.39, "M": 0.64, "D": 0.0, "R": 0.37, "sving": 0.03, "os": 0.0, "foss": 0.72, "juv": 0.0, "B": 0.95, "Q": 19.21, "w": 33.68, "h": 0.4, "S": 0.01383, "elv": "Dalaåi", "km": 1.3}}, {"type": "Feature", "geometry": {"type": "LineString", "coordinates": [[8.2585, 59.48902], [8.26019, 59.48919]]}, "properties": {"P": 29.04, "tau": 50.04, "tau_c": 80.12, "omega": 67.65, "M": 0.62, "D": 0.03, "R": 0.34, "sving": 0.13, "os": 0.0, "foss": 0.51, "juv": 0.0, "B": 0.95, "Q": 19.21, "w": 33.7, "h": 0.42, "S": 0.0121, "elv": "Dalaåi", "km": 1.4}}, {"type": "Feature", "geometry": {"type": "LineString", "coordinates": [[8.26019, 59.48919], [8.26193, 59.48923]]}, "properties": {"P": 28.61, "tau": 59.85, "tau_c": 86.13, "omega": 88.76, "M": 0.69, "D": 0.04, "R": 0.44, "sving": 0.09, "os": 0.0, "foss": 0.37, "juv": 0.0, "B": 0.95, "Q": 19.29, "w": 29.82, "h": 0.44, "S": 0.01398, "elv": "Dalaåi", "km": 1.5}}, {"type": "Feature", "geometry": {"type": "LineString", "coordinates": [[8.26193, 59.48923], [8.26348, 59.48885]]}, "properties": {"P": 18.17, "tau": 44.17, "tau_c": 71.24, "omega": 56.97, "M": 0.62, "D": 0.04, "R": 0.34, "sving": 0.17, "os": 0.0, "foss": 0.0, "juv": 0.0, "B": 0.95, "Q": 19.32, "w": 31.82, "h": 0.47, "S": 0.00957, "elv": "Dalaåi", "km": 1.6}}, {"type": "Feature", "geometry": {"type": "LineString", "coordinates": [[8.26348, 59.48885], [8.26496, 59.48837]]}, "properties": {"P": 17.88, "tau": 47.33, "tau_c": 72.73, "omega": 63.37, "M": 0.65, "D": 0.01, "R": 0.38, "sving": 0.13, "os": 0.0, "foss": 0.0, "juv": 0.0, "B": 0.95, "Q": 19.32, "w": 29.82, "h": 0.48, "S": 0.00997, "elv": "Dalaåi", "km": 1.7}}, {"type": "Feature", "geometry": {"type": "LineString", "coordinates": [[8.26496, 59.48837], [8.26662, 59.48814]]}, "properties": {"P": 20.32, "tau": 64.6, "tau_c": 85.4, "omega": 100.57, "M": 0.76, "D": 0.0, "R": 0.52, "sving": 0.0, "os": 0.0, "foss": 0.0, "juv": 0.0, "B": 0.95, "Q": 19.32, "w": 25.91, "h": 0.48, "S": 0.01375, "elv": "Dalaåi", "km": 1.8}}, {"type": "Feature", "geometry": {"type": "LineString", "coordinates": [[8.26662, 59.48814], [8.2683, 59.48788]]}, "properties": {"P": 23.51, "tau": 62.04, "tau_c": 80.14, "omega": 95.63, "M": 0.77, "D": 0.06, "R": 0.54, "sving": 0.02, "os": 0.0, "foss": 0.0, "juv": 0.0, "B": 0.95, "Q": 19.33, "w": 24.0, "h": 0.52, "S": 0.0121, "elv": "Dalaåi", "km": 1.9}}, {"type": "Feature", "geometry": {"type": "LineString", "coordinates": [[8.2683, 59.48788], [8.26988, 59.4875]]}, "properties": {"P": 22.66, "tau": 45.39, "tau_c": 66.35, "omega": 60.52, "M": 0.68, "D": 0.13, "R": 0.42, "sving": 0.1, "os": 0.0, "foss": 0.0, "juv": 0.0, "B": 0.95, "Q": 19.33, "w": 26.0, "h": 0.56, "S": 0.0083, "elv": "Dalaåi", "km": 2.0}}, {"type": "Feature", "geometry": {"type": "LineString", "coordinates": [[8.26988, 59.4875], [8.27142, 59.48707]]}, "properties": {"P": 23.26, "tau": 42.38, "tau_c": 65.19, "omega": 54.45, "M": 0.65, "D": 0.16, "R": 0.38, "sving": 0.09, "os": 0.07, "foss": 0.0, "juv": 0.0, "B": 0.95, "Q": 19.34, "w": 27.92, "h": 0.54, "S": 0.00801, "elv": "Dalaåi", "km": 2.1}}, {"type": "Feature", "geometry": {"type": "LineString", "coordinates": [[8.27142, 59.48707], [8.27294, 59.48662]]}, "properties": {"P": 23.98, "tau": 41.92, "tau_c": 66.71, "omega": 53.22, "M": 0.63, "D": 0.17, "R": 0.35, "sving": 0.12, "os": 0.11, "foss": 0.0, "juv": 0.0, "B": 0.95, "Q": 19.35, "w": 29.92, "h": 0.51, "S": 0.00839, "elv": "Dalaåi", "km": 2.2}}, {"type": "Feature", "geometry": {"type": "LineString", "coordinates": [[8.27294, 59.48662], [8.27434, 59.48618]]}, "properties": {"P": 24.66, "tau": 37.5, "tau_c": 63.37, "omega": 45.04, "M": 0.59, "D": 0.19, "R": 0.3, "sving": 0.13, "os": 0.18, "foss": 0.0, "juv": 0.0, "B": 0.95, "Q": 19.36, "w": 31.92, "h": 0.51, "S": 0.00757, "elv": "Dalaåi", "km": 2.3}}, {"type": "Feature", "geometry": {"type": "LineString", "coordinates": [[8.27434, 59.48618], [8.27606, 59.48607]]}, "properties": {"P": 28.18, "tau": 23.2, "tau_c": 44.86, "omega": 22.59, "M": 0.52, "D": 0.16, "R": 0.21, "sving": 0.38, "os": 0.28, "foss": 0.0, "juv": 0.0, "B": 0.95, "Q": 19.38, "w": 31.92, "h": 0.62, "S": 0.00379, "elv": "Dalaåi", "km": 2.4}}, {"type": "Feature", "geometry": {"type": "LineString", "coordinates": [[8.27606, 59.48607], [8.27777, 59.48593]]}, "properties": {"P": 33.46, "tau": 22.67, "tau_c": 45.32, "omega": 21.72, "M": 0.5, "D": 0.09, "R": 0.19, "sving": 0.56, "os": 0.46, "foss": 0.0, "juv": 0.0, "B": 0.95, "Q": 19.38, "w": 33.89, "h": 0.6, "S": 0.00387, "elv": "Dalaåi", "km": 2.5}}, {"type": "Feature", "geometry": {"type": "LineString", "coordinates": [[8.27777, 59.48593], [8.27923, 59.48633]]}, "properties": {"P": 41.47, "tau": 58.32, "tau_c": 88.97, "omega": 84.39, "M": 0.66, "D": 0.0, "R": 0.39, "sving": 0.41, "os": 0.74, "foss": 0.0, "juv": 0.0, "B": 0.95, "Q": 19.57, "w": 33.94, "h": 0.4, "S": 0.01492, "elv": "Dalaåi", "km": 2.6}}, {"type": "Feature", "geometry": {"type": "LineString", "coordinates": [[8.27923, 59.48633], [8.28026, 59.48704]]}, "properties": {"P": 45.54, "tau": 67.49, "tau_c": 101.21, "omega": 103.38, "M": 0.67, "D": 0.0, "R": 0.4, "sving": 0.46, "os": 0.83, "foss": 0.0, "juv": 0.0, "B": 0.95, "Q": 19.6, "w": 35.91, "h": 0.36, "S": 0.01931, "elv": "Dalaåi", "km": 2.7}}, {"type": "Feature", "geometry": {"type": "LineString", "coordinates": [[8.28026, 59.48704], [8.28124, 59.48775]]}, "properties": {"P": 58.87, "tau": 103.99, "tau_c": 141.21, "omega": 190.8, "M": 0.74, "D": 0.0, "R": 0.5, "sving": 0.2, "os": 0.51, "foss": 1.0, "juv": 0.0, "B": 0.95, "Q": 19.6, "w": 37.88, "h": 0.28, "S": 0.03758, "elv": "Dalaåi", "km": 2.8}}, {"type": "Feature", "geometry": {"type": "LineString", "coordinates": [[8.28124, 59.48775], [8.28203, 59.48849]]}, "properties": {"P": 52.76, "tau": 102.36, "tau_c": 142.73, "omega": 185.31, "M": 0.72, "D": 0.0, "R": 0.47, "sving": 0.18, "os": 0.31, "foss": 1.0, "juv": 0.0, "B": 0.95, "Q": 19.61, "w": 39.85, "h": 0.27, "S": 0.0384, "elv": "Dalaåi", "km": 2.9}}, {"type": "Feature", "geometry": {"type": "LineString", "coordinates": [[8.28203, 59.48849], [8.28288, 59.48923]]}, "properties": {"P": 55.33, "tau": 114.93, "tau_c": 155.06, "omega": 218.74, "M": 0.74, "D": 0.0, "R": 0.5, "sving": 0.35, "os": 0.2, "foss": 1.0, "juv": 0.0, "B": 0.95, "Q": 19.61, "w": 39.85, "h": 0.26, "S": 0.04532, "elv": "Dalaåi", "km": 3.0}}, {"type": "Feature", "geometry": {"type": "LineString", "coordinates": [[8.28288, 59.48923], [8.28443, 59.48962]]}, "properties": {"P": 51.9, "tau": 117.21, "tau_c": 157.84, "omega": 224.74, "M": 0.74, "D": 0.03, "R": 0.5, "sving": 0.44, "os": 0.21, "foss": 0.72, "juv": 0.0, "B": 0.95, "Q": 19.61, "w": 40.2, "h": 0.25, "S": 0.04696, "elv": "Dalaåi", "km": 3.1}}, {"type": "Feature", "geometry": {"type": "LineString", "coordinates": [[8.28443, 59.48962], [8.28613, 59.48964]]}, "properties": {"P": 61.45, "tau": 100.67, "tau_c": 142.09, "omega": 180.56, "M": 0.71, "D": 0.12, "R": 0.46, "sving": 0.4, "os": 0.32, "foss": 1.0, "juv": 0.0, "B": 0.95, "Q": 19.61, "w": 40.55, "h": 0.27, "S": 0.03806, "elv": "Dalaåi", "km": 3.2}}, {"type": "Feature", "geometry": {"type": "LineString", "coordinates": [[8.28613, 59.48964], [8.28787, 59.48955]]}, "properties": {"P": 59.27, "tau": 96.44, "tau_c": 129.94, "omega": 172.86, "M": 0.74, "D": 0.2, "R": 0.5, "sving": 0.19, "os": 0.52, "foss": 0.72, "juv": 0.0, "B": 0.96, "Q": 21.36, "w": 38.58, "h": 0.31, "S": 0.03182, "elv": "Dalaåi", "km": 3.3}}, {"type": "Feature", "geometry": {"type": "LineString", "coordinates": [[8.28787, 59.48955], [8.28963, 59.48952]]}, "properties": {"P": 55.42, "tau": 48.82, "tau_c": 80.09, "omega": 65.09, "M": 0.61, "D": 0.29, "R": 0.32, "sving": 0.07, "os": 0.86, "foss": 0.51, "juv": 0.0, "B": 0.96, "Q": 21.37, "w": 38.94, "h": 0.41, "S": 0.01209, "elv": "Dalaåi", "km": 3.4}}, {"type": "Feature", "geometry": {"type": "LineString", "coordinates": [[8.28963, 59.48952], [8.29135, 59.48948]]}, "properties": {"P": 47.34, "tau": 55.93, "tau_c": 88.29, "omega": 79.1, "M": 0.63, "D": 0.19, "R": 0.36, "sving": 0.09, "os": 0.71, "foss": 0.37, "juv": 0.0, "B": 0.96, "Q": 21.38, "w": 38.96, "h": 0.39, "S": 0.01469, "elv": "Dalaåi", "km": 3.5}}, {"type": "Feature", "geometry": {"type": "LineString", "coordinates": [[8.29135, 59.48948], [8.29306, 59.48967]]}, "properties": {"P": 27.34, "tau": 48.53, "tau_c": 79.47, "omega": 64.61, "M": 0.61, "D": 0.12, "R": 0.33, "sving": 0.04, "os": 0.43, "foss": 0.0, "juv": 0.0, "B": 0.96, "Q": 21.38, "w": 38.64, "h": 0.42, "S": 0.0119, "elv": "Dalaåi", "km": 3.6}}, {"type": "Feature", "geometry": {"type": "LineString", "coordinates": [[8.29306, 59.48967], [8.2948, 59.4898]]}, "properties": {"P": 22.28, "tau": 55.92, "tau_c": 83.48, "omega": 80.29, "M": 0.67, "D": 0.0, "R": 0.41, "sving": 0.01, "os": 0.27, "foss": 0.0, "juv": 0.0, "B": 0.96, "Q": 21.39, "w": 34.32, "h": 0.43, "S": 0.01314, "elv": "Dalaåi", "km": 3.7}}, {"type": "Feature", "geometry": {"type": "LineString", "coordinates": [[8.2948, 59.4898], [8.29656, 59.48985]]}, "properties": {"P": 26.26, "tau": 54.48, "tau_c": 79.75, "omega": 77.88, "M": 0.68, "D": 0.0, "R": 0.42, "sving": 0.25, "os": 0.16, "foss": 0.0, "juv": 0.0, "B": 0.96, "Q": 21.4, "w": 32.32, "h": 0.46, "S": 0.01199, "elv": "Dalaåi", "km": 3.8}}, {"type": "Feature", "geometry": {"type": "LineString", "coordinates": [[8.29656, 59.48985], [8.29831, 59.48979]]}, "properties": {"P": 31.11, "tau": 71.55, "tau_c": 96.55, "omega": 115.31, "M": 0.74, "D": 0.0, "R": 0.5, "sving": 0.39, "os": 0.1, "foss": 0.0, "juv": 0.0, "B": 0.96, "Q": 21.41, "w": 32.0, "h": 0.42, "S": 0.01757, "elv": "Dalaåi", "km": 3.9}}, {"type": "Feature", "geometry": {"type": "LineString", "coordinates": [[8.29831, 59.48979], [8.29987, 59.48941]]}, "properties": {"P": 31.62, "tau": 71.12, "tau_c": 96.55, "omega": 114.19, "M": 0.74, "D": 0.05, "R": 0.5, "sving": 0.34, "os": 0.11, "foss": 0.0, "juv": 0.0, "B": 0.96, "Q": 21.42, "w": 32.33, "h": 0.41, "S": 0.01757, "elv": "Dalaåi", "km": 4.0}}, {"type": "Feature", "geometry": {"type": "LineString", "coordinates": [[8.29987, 59.48941], [8.30088, 59.48876]]}, "properties": {"P": 56.59, "tau": 60.59, "tau_c": 86.44, "omega": 90.63, "M": 0.7, "D": 0.15, "R": 0.45, "sving": 0.29, "os": 0.18, "foss": 1.0, "juv": 0.0, "B": 0.96, "Q": 21.43, "w": 32.67, "h": 0.44, "S": 0.01408, "elv": "Dalaåi", "km": 4.1}}, {"type": "Feature", "geometry": {"type": "LineString", "coordinates": [[8.30088, 59.48876], [8.30199, 59.48813]]}, "properties": {"P": 56.14, "tau": 47.29, "tau_c": 76.44, "omega": 62.59, "M": 0.62, "D": 0.24, "R": 0.34, "sving": 0.55, "os": 0.24, "foss": 0.72, "juv": 0.0, "B": 0.96, "Q": 21.43, "w": 37.0, "h": 0.44, "S": 0.01101, "elv": "Dalaåi", "km": 4.2}}, {"type": "Feature", "geometry": {"type": "LineString", "coordinates": [[8.30199, 59.48813], [8.30317, 59.48864]]}, "properties": {"P": 45.53, "tau": 34.5, "tau_c": 64.02, "omega": 39.3, "M": 0.54, "D": 0.33, "R": 0.23, "sving": 0.31, "os": 0.29, "foss": 0.51, "juv": 0.0, "B": 0.96, "Q": 21.44, "w": 41.34, "h": 0.46, "S": 0.00772, "elv": "Dalaåi", "km": 4.3}}, {"type": "Feature", "geometry": {"type": "LineString", "coordinates": [[8.30317, 59.48864], [8.30407, 59.4894]]}, "properties": {"P": 41.33, "tau": 31.75, "tau_c": 60.53, "omega": 34.86, "M": 0.52, "D": 0.34, "R": 0.22, "sving": 0.13, "os": 0.44, "foss": 0.37, "juv": 0.0, "B": 0.96, "Q": 21.44, "w": 41.67, "h": 0.47, "S": 0.00691, "elv": "Dalaåi", "km": 4.4}}, {"type": "Feature", "geometry": {"type": "LineString", "coordinates": [[8.30407, 59.4894], [8.30537, 59.48936]]}, "properties": {"P": 45.62, "tau": 9.98, "tau_c": 26.52, "omega": 6.61, "M": 0.38, "D": 0.33, "R": 0.07, "sving": 0.81, "os": 0.59, "foss": 0.0, "juv": 0.0, "B": 0.96, "Q": 21.44, "w": 42.18, "h": 0.77, "S": 0.00133, "elv": "Dalaåi", "km": 4.5}}, {"type": "Feature", "geometry": {"type": "LineString", "coordinates": [[8.30537, 59.48936], [8.30596, 59.48859]]}, "properties": {"P": 51.49, "tau": 15.5, "tau_c": 36.58, "omega": 12.43, "M": 0.42, "D": 0.19, "R": 0.11, "sving": 0.94, "os": 0.82, "foss": 0.0, "juv": 0.0, "B": 0.96, "Q": 21.44, "w": 42.69, "h": 0.63, "S": 0.00252, "elv": "Dalaåi", "km": 4.6}}, {"type": "Feature", "geometry": {"type": "LineString", "coordinates": [[8.30596, 59.48859], [8.30619, 59.48773]]}, "properties": {"P": 47.93, "tau": 22.75, "tau_c": 46.0, "omega": 21.85, "M": 0.49, "D": 0.08, "R": 0.18, "sving": 0.56, "os": 0.74, "foss": 0.31, "juv": 0.0, "B": 0.97, "Q": 24.13, "w": 43.2, "h": 0.58, "S": 0.00399, "elv": "Dalaåi", "km": 4.7}}, {"type": "Feature", "geometry": {"type": "LineString", "coordinates": [[8.30619, 59.48773], [8.30636, 59.48685]]}, "properties": {"P": 33.9, "tau": 27.31, "tau_c": 52.7, "omega": 28.36, "M": 0.52, "D": 0.0, "R": 0.21, "sving": 0.2, "os": 0.46, "foss": 0.42, "juv": 0.0, "B": 0.97, "Q": 24.14, "w": 43.71, "h": 0.53, "S": 0.00524, "elv": "Dalaåi", "km": 4.8}}, {"type": "Feature", "geometry": {"type": "LineString", "coordinates": [[8.30636, 59.48685], [8.30637, 59.48598]]}, "properties": {"P": 37.98, "tau": 47.02, "tau_c": 77.53, "omega": 61.88, "M": 0.61, "D": 0.0, "R": 0.32, "sving": 0.2, "os": 0.28, "foss": 0.59, "juv": 0.0, "B": 0.97, "Q": 24.15, "w": 43.38, "h": 0.42, "S": 0.01133, "elv": "Dalaåi", "km": 4.9}}, {"type": "Feature", "geometry": {"type": "LineString", "coordinates": [[8.30637, 59.48598], [8.3061, 59.48516]]}, "properties": {"P": 38.88, "tau": 48.68, "tau_c": 79.49, "omega": 65.03, "M": 0.61, "D": 0.0, "R": 0.33, "sving": 0.11, "os": 0.17, "foss": 0.81, "juv": 0.0, "B": 0.97, "Q": 24.16, "w": 43.4, "h": 0.42, "S": 0.01191, "elv": "Dalaåi", "km": 5.0}}, {"type": "Feature", "geometry": {"type": "LineString", "coordinates": [[8.3061, 59.48516], [8.30544, 59.48436]]}, "properties": {"P": 49.66, "tau": 48.66, "tau_c": 79.49, "omega": 65.0, "M": 0.61, "D": 0.0, "R": 0.33, "sving": 0.44, "os": 0.11, "foss": 1.0, "juv": 0.0, "B": 0.97, "Q": 24.16, "w": 43.43, "h": 0.42, "S": 0.01191, "elv": "Dalaåi", "km": 5.1}}, {"type": "Feature", "geometry": {"type": "LineString", "coordinates": [[8.30544, 59.48436], [8.30605, 59.48361]]}, "properties": {"P": 36.84, "tau": 49.7, "tau_c": 80.56, "omega": 67.02, "M": 0.62, "D": 0.0, "R": 0.33, "sving": 0.21, "os": 0.07, "foss": 0.72, "juv": 0.0, "B": 0.97, "Q": 24.27, "w": 43.45, "h": 0.41, "S": 0.01223, "elv": "Dalaåi", "km": 5.2}}, {"type": "Feature", "geometry": {"type": "LineString", "coordinates": [[8.30605, 59.48361], [8.30759, 59.48327]]}, "properties": {"P": 29.59, "tau": 50.53, "tau_c": 81.53, "omega": 68.62, "M": 0.62, "D": 0.03, "R": 0.34, "sving": 0.13, "os": 0.0, "foss": 0.51, "juv": 0.0, "B": 0.97, "Q": 24.27, "w": 43.47, "h": 0.41, "S": 0.01253, "elv": "Dalaåi", "km": 5.3}}, {"type": "Feature", "geometry": {"type": "LineString", "coordinates": [[8.30759, 59.48327], [8.30824, 59.48249]]}, "properties": {"P": 34.9, "tau": 54.49, "tau_c": 86.8, "omega": 76.28, "M": 0.63, "D": 0.07, "R": 0.35, "sving": 0.37, "os": 0.0, "foss": 0.43, "juv": 0.0, "B": 0.97, "Q": 24.28, "w": 44.34, "h": 0.39, "S": 0.0142, "elv": "Dalaåi", "km": 5.4}}, {"type": "Feature", "geometry": {"type": "LineString", "coordinates": [[8.30824, 59.48249], [8.30815, 59.48167]]}, "properties": {"P": 32.24, "tau": 39.24, "tau_c": 68.61, "omega": 47.65, "M": 0.57, "D": 0.11, "R": 0.27, "sving": 0.43, "os": 0.0, "foss": 0.32, "juv": 0.0, "B": 0.97, "Q": 24.28, "w": 44.35, "h": 0.45, "S": 0.00887, "elv": "Dalaåi", "km": 5.5}}, {"type": "Feature", "geometry": {"type": "LineString", "coordinates": [[8.30815, 59.48167], [8.30725, 59.48098]]}, "properties": {"P": 17.22, "tau": 38.83, "tau_c": 68.1, "omega": 46.94, "M": 0.57, "D": 0.08, "R": 0.27, "sving": 0.16, "os": 0.0, "foss": 0.0, "juv": 0.0, "B": 0.97, "Q": 24.28, "w": 44.35, "h": 0.45, "S": 0.00874, "elv": "Dalaåi", "km": 5.6}}, {"type": "Feature", "geometry": {"type": "LineString", "coordinates": [[8.30725, 59.48098], [8.30726, 59.48029]]}, "properties": {"P": 22.21, "tau": 41.72, "tau_c": 68.1, "omega": 52.76, "M": 0.61, "D": 0.05, "R": 0.33, "sving": 0.33, "os": 0.0, "foss": 0.0, "juv": 0.0, "B": 0.97, "Q": 24.29, "w": 39.48, "h": 0.49, "S": 0.00874, "elv": "Dalaåi", "km": 5.7}}, {"type": "Feature", "geometry": {"type": "LineString", "coordinates": [[8.30726, 59.48029], [8.30854, 59.47968]]}, "properties": {"P": 13.46, "tau": 43.46, "tau_c": 70.14, "omega": 55.94, "M": 0.62, "D": 0.0, "R": 0.34, "sving": 0.0, "os": 0.0, "foss": 0.0, "juv": 0.0, "B": 0.97, "Q": 24.3, "w": 39.51, "h": 0.48, "S": 0.00927, "elv": "Dalaåi", "km": 5.8}}, {"type": "Feature", "geometry": {"type": "LineString", "coordinates": [[8.30854, 59.47968], [8.30975, 59.47911]]}, "properties": {"P": 18.31, "tau": 61.18, "tau_c": 89.66, "omega": 91.34, "M": 0.68, "D": 0.0, "R": 0.42, "sving": 0.07, "os": 0.0, "foss": 0.0, "juv": 0.0, "B": 0.97, "Q": 24.3, "w": 39.54, "h": 0.41, "S": 0.01515, "elv": "Dalaåi", "km": 5.9}}, {"type": "Feature", "geometry": {"type": "LineString", "coordinates": [[8.30975, 59.47911], [8.30878, 59.47839]]}, "properties": {"P": 23.98, "tau": 49.6, "tau_c": 76.97, "omega": 67.66, "M": 0.64, "D": 0.01, "R": 0.37, "sving": 0.37, "os": 0.0, "foss": 0.0, "juv": 0.0, "B": 0.97, "Q": 24.44, "w": 39.57, "h": 0.45, "S": 0.01117, "elv": "Dalaåi", "km": 6.0}}, {"type": "Feature", "geometry": {"type": "LineString", "coordinates": [[8.30878, 59.47839], [8.30851, 59.47757]]}, "properties": {"P": 56.0, "tau": 58.03, "tau_c": 86.16, "omega": 84.73, "M": 0.67, "D": 0.01, "R": 0.41, "sving": 0.66, "os": 0.0, "foss": 1.0, "juv": 0.0, "B": 0.97, "Q": 24.45, "w": 39.6, "h": 0.42, "S": 0.01399, "elv": "Dalaåi", "km": 6.1}}, {"type": "Feature", "geometry": {"type": "LineString", "coordinates": [[8.30851, 59.47757], [8.30823, 59.47677]]}, "properties": {"P": 38.63, "tau": 57.31, "tau_c": 89.87, "omega": 82.04, "M": 0.64, "D": 0.02, "R": 0.36, "sving": 0.29, "os": 0.0, "foss": 0.72, "juv": 0.0, "B": 0.97, "Q": 24.45, "w": 44.5, "h": 0.38, "S": 0.01522, "elv": "Dalaåi", "km": 6.2}}, {"type": "Feature", "geometry": {"type": "LineString", "coordinates": [[8.30823, 59.47677], [8.307, 59.47631]]}, "properties": {"P": 30.47, "tau": 59.71, "tau_c": 91.71, "omega": 87.23, "M": 0.65, "D": 0.06, "R": 0.38, "sving": 0.06, "os": 0.0, "foss": 0.51, "juv": 0.0, "B": 0.97, "Q": 24.46, "w": 43.6, "h": 0.38, "S": 0.01585, "elv": "Dalaåi", "km": 6.3}}, {"type": "Feature", "geometry": {"type": "LineString", "coordinates": [[8.307, 59.47631], [8.30724, 59.47553]]}, "properties": {"P": 28.96, "tau": 57.03, "tau_c": 88.76, "omega": 81.68, "M": 0.64, "D": 0.13, "R": 0.37, "sving": 0.07, "os": 0.0, "foss": 0.37, "juv": 0.0, "B": 0.97, "Q": 24.46, "w": 43.62, "h": 0.39, "S": 0.01485, "elv": "Dalaåi", "km": 6.4}}, {"type": "Feature", "geometry": {"type": "LineString", "coordinates": [[8.30724, 59.47553], [8.30722, 59.47478]]}, "properties": {"P": 25.62, "tau": 34.51, "tau_c": 61.85, "omega": 39.77, "M": 0.56, "D": 0.23, "R": 0.26, "sving": 0.34, "os": 0.0, "foss": 0.0, "juv": 0.0, "B": 0.97, "Q": 24.54, "w": 43.64, "h": 0.49, "S": 0.00721, "elv": "Dalaåi", "km": 6.5}}, {"type": "Feature", "geometry": {"type": "LineString", "coordinates": [[8.30722, 59.47478], [8.30664, 59.474]]}, "properties": {"P": 18.59, "tau": 37.73, "tau_c": 65.93, "omega": 45.19, "M": 0.57, "D": 0.22, "R": 0.28, "sving": 0.03, "os": 0.0, "foss": 0.0, "juv": 0.0, "B": 0.97, "Q": 24.55, "w": 43.67, "h": 0.47, "S": 0.00819, "elv": "Dalaåi", "km": 6.6}}, {"type": "Feature", "geometry": {"type": "LineString", "coordinates": [[8.30664, 59.474], [8.30658, 59.47313]]}, "properties": {"P": 23.2, "tau": 25.56, "tau_c": 49.86, "omega": 25.85, "M": 0.51, "D": 0.16, "R": 0.2, "sving": 0.1, "os": 0.0, "foss": 0.33, "juv": 0.0, "B": 0.97, "Q": 24.56, "w": 43.69, "h": 0.56, "S": 0.00469, "elv": "Dalaåi", "km": 6.7}}, {"type": "Feature", "geometry": {"type": "LineString", "coordinates": [[8.30658, 59.47313], [8.30673, 59.47224]]}, "properties": {"P": 22.51, "tau": 25.21, "tau_c": 49.84, "omega": 25.29, "M": 0.51, "D": 0.04, "R": 0.19, "sving": 0.11, "os": 0.0, "foss": 0.46, "juv": 0.0, "B": 0.97, "Q": 24.57, "w": 44.62, "h": 0.55, "S": 0.00468, "elv": "Dalaåi", "km": 6.8}}, {"type": "Feature", "geometry": {"type": "LineString", "coordinates": [[8.30673, 59.47224], [8.30714, 59.47144]]}, "properties": {"P": 34.32, "tau": 48.9, "tau_c": 80.1, "omega": 65.38, "M": 0.61, "D": 0.0, "R": 0.33, "sving": 0.27, "os": 0.0, "foss": 0.64, "juv": 0.0, "B": 0.97, "Q": 24.6, "w": 44.63, "h": 0.41, "S": 0.01209, "elv": "Dalaåi", "km": 6.9}}, {"type": "Feature", "geometry": {"type": "LineString", "coordinates": [[8.30714, 59.47144], [8.30702, 59.47064]]}, "properties": {"P": 44.36, "tau": 54.88, "tau_c": 86.19, "omega": 77.33, "M": 0.64, "D": 0.0, "R": 0.36, "sving": 0.4, "os": 0.0, "foss": 0.87, "juv": 0.0, "B": 0.97, "Q": 24.61, "w": 43.71, "h": 0.4, "S": 0.014, "elv": "Dalaåi", "km": 7.0}}, {"type": "Feature", "geometry": {"type": "LineString", "coordinates": [[8.30702, 59.47064], [8.30586, 59.47]]}, "properties": {"P": 44.09, "tau": 59.35, "tau_c": 91.18, "omega": 86.52, "M": 0.65, "D": 0.0, "R": 0.38, "sving": 0.22, "os": 0.0, "foss": 1.0, "juv": 0.0, "B": 0.97, "Q": 24.61, "w": 43.72, "h": 0.39, "S": 0.01567, "elv": "Dalaåi", "km": 7.1}}, {"type": "Feature", "geometry": {"type": "LineString", "coordinates": [[8.30586, 59.47], [8.30441, 59.46951]]}, "properties": {"P": 36.25, "tau": 56.77, "tau_c": 88.29, "omega": 81.18, "M": 0.64, "D": 0.02, "R": 0.37, "sving": 0.17, "os": 0.0, "foss": 0.72, "juv": 0.0, "B": 0.97, "Q": 24.64, "w": 43.74, "h": 0.39, "S": 0.01469, "elv": "Dalaåi", "km": 7.2}}, {"type": "Feature", "geometry": {"type": "LineString", "coordinates": [[8.30441, 59.46951], [8.30383, 59.46869]]}, "properties": {"P": 29.4, "tau": 56.53, "tau_c": 88.04, "omega": 80.7, "M": 0.64, "D": 0.07, "R": 0.37, "sving": 0.02, "os": 0.0, "foss": 0.51, "juv": 0.0, "B": 0.97, "Q": 24.64, "w": 43.77, "h": 0.39, "S": 0.01461, "elv": "Dalaåi", "km": 7.3}}, {"type": "Feature", "geometry": {"type": "LineString", "coordinates": [[8.30383, 59.46869], [8.30299, 59.46794]]}, "properties": {"P": 33.17, "tau": 51.21, "tau_c": 82.0, "omega": 70.05, "M": 0.62, "D": 0.07, "R": 0.34, "sving": 0.36, "os": 0.0, "foss": 0.37, "juv": 0.0, "B": 0.97, "Q": 24.68, "w": 43.8, "h": 0.41, "S": 0.01267, "elv": "Dalaåi", "km": 7.4}}, {"type": "Feature", "geometry": {"type": "LineString", "coordinates": [[8.30299, 59.46794], [8.30192, 59.46728]]}, "properties": {"P": 14.25, "tau": 38.99, "tau_c": 67.98, "omega": 47.29, "M": 0.57, "D": 0.05, "R": 0.28, "sving": 0.07, "os": 0.0, "foss": 0.0, "juv": 0.0, "B": 0.97, "Q": 24.77, "w": 44.76, "h": 0.46, "S": 0.00871, "elv": "Dalaåi", "km": 7.5}}, {"type": "Feature", "geometry": {"type": "LineString", "coordinates": [[8.30192, 59.46728], [8.30187, 59.46642]]}, "properties": {"P": 21.89, "tau": 55.89, "tau_c": 85.41, "omega": 79.9, "M": 0.65, "D": 0.0, "R": 0.38, "sving": 0.01, "os": 0.0, "foss": 0.27, "juv": 0.0, "B": 0.97, "Q": 24.78, "w": 41.83, "h": 0.41, "S": 0.01375, "elv": "Dalaåi", "km": 7.6}}, {"type": "Feature", "geometry": {"type": "LineString", "coordinates": [[8.30187, 59.46642], [8.30164, 59.46569]]}, "properties": {"P": 33.25, "tau": 80.5, "tau_c": 107.39, "omega": 136.0, "M": 0.75, "D": 0.0, "R": 0.51, "sving": 0.18, "os": 0.0, "foss": 0.36, "juv": 0.0, "B": 0.97, "Q": 24.8, "w": 38.88, "h": 0.38, "S": 0.02174, "elv": "Dalaåi", "km": 7.7}}, {"type": "Feature", "geometry": {"type": "LineString", "coordinates": [[8.30164, 59.46569], [8.30084, 59.4649]]}, "properties": {"P": 55.85, "tau": 141.35, "tau_c": 160.73, "omega": 304.72, "M": 0.88, "D": 0.0, "R": 0.67, "sving": 0.17, "os": 0.06, "foss": 1.0, "juv": 0.0, "B": 0.97, "Q": 24.81, "w": 38.89, "h": 0.3, "S": 0.04869, "elv": "Dalaåi", "km": 7.8}}, {"type": "Feature", "geometry": {"type": "LineString", "coordinates": [[8.30084, 59.4649], [8.3005, 59.46407]]}, "properties": {"P": 54.56, "tau": 153.29, "tau_c": 170.33, "omega": 342.22, "M": 0.9, "D": 0.0, "R": 0.7, "sving": 0.05, "os": 0.09, "foss": 1.0, "juv": 0.0, "B": 0.97, "Q": 24.82, "w": 38.9, "h": 0.29, "S": 0.05469, "elv": "Dalaåi", "km": 7.9}}, {"type": "Feature", "geometry": {"type": "LineString", "coordinates": [[8.3005, 59.46407], [8.29972, 59.46332]]}, "properties": {"P": 59.75, "tau": 156.38, "tau_c": 172.77, "omega": 352.17, "M": 0.91, "D": 0.03, "R": 0.7, "sving": 0.16, "os": 0.15, "foss": 1.0, "juv": 0.0, "B": 0.97, "Q": 24.83, "w": 38.91, "h": 0.28, "S": 0.05626, "elv": "Dalaåi", "km": 8.0}}, {"type": "Feature", "geometry": {"type": "LineString", "coordinates": [[8.29972, 59.46332], [8.29967, 59.46253]]}, "properties": {"P": 60.31, "tau": 147.45, "tau_c": 171.08, "omega": 320.66, "M": 0.86, "D": 0.08, "R": 0.65, "sving": 0.11, "os": 0.23, "foss": 1.0, "juv": 0.0, "B": 0.97, "Q": 24.84, "w": 41.92, "h": 0.27, "S": 0.05516, "elv": "Dalaåi", "km": 8.1}}, {"type": "Feature", "geometry": {"type": "LineString", "coordinates": [[8.29967, 59.46253], [8.29958, 59.46163]]}, "properties": {"P": 65.82, "tau": 126.81, "tau_c": 158.31, "omega": 256.09, "M": 0.8, "D": 0.19, "R": 0.58, "sving": 0.48, "os": 0.36, "foss": 0.72, "juv": 0.0, "B": 0.97, "Q": 24.84, "w": 44.95, "h": 0.27, "S": 0.04724, "elv": "Dalaåi", "km": 8.2}}, {"type": "Feature", "geometry": {"type": "LineString", "coordinates": [[8.29958, 59.46163], [8.29876, 59.46086]]}, "properties": {"P": 62.93, "tau": 108.57, "tau_c": 141.2, "omega": 205.25, "M": 0.77, "D": 0.29, "R": 0.54, "sving": 0.3, "os": 0.54, "foss": 0.51, "juv": 0.0, "B": 0.97, "Q": 25.06, "w": 45.01, "h": 0.29, "S": 0.03758, "elv": "Dalaåi", "km": 8.3}}, {"type": "Feature", "geometry": {"type": "LineString", "coordinates": [[8.29876, 59.46086], [8.29993, 59.46027]]}, "properties": {"P": 59.9, "tau": 49.26, "tau_c": 80.09, "omega": 66.2, "M": 0.62, "D": 0.42, "R": 0.33, "sving": 0.23, "os": 0.82, "foss": 0.37, "juv": 0.0, "B": 0.97, "Q": 25.16, "w": 45.07, "h": 0.42, "S": 0.01209, "elv": "Dalaåi", "km": 8.4}}, {"type": "Feature", "geometry": {"type": "LineString", "coordinates": [[8.29993, 59.46027], [8.30114, 59.45964]]}, "properties": {"P": 50.1, "tau": 37.96, "tau_c": 66.48, "omega": 45.55, "M": 0.57, "D": 0.39, "R": 0.27, "sving": 0.33, "os": 0.53, "foss": 0.27, "juv": 0.0, "B": 0.97, "Q": 25.16, "w": 45.13, "h": 0.46, "S": 0.00833, "elv": "Dalaåi", "km": 8.5}}, {"type": "Feature", "geometry": {"type": "LineString", "coordinates": [[8.30114, 59.45964], [8.30206, 59.45889]]}, "properties": {"P": 32.96, "tau": 34.3, "tau_c": 61.81, "omega": 39.39, "M": 0.55, "D": 0.3, "R": 0.25, "sving": 0.23, "os": 0.33, "foss": 0.0, "juv": 0.0, "B": 0.97, "Q": 25.17, "w": 45.16, "h": 0.49, "S": 0.0072, "elv": "Dalaåi", "km": 8.6}}, {"type": "Feature", "geometry": {"type": "LineString", "coordinates": [[8.30206, 59.45889], [8.30268, 59.45809]]}, "properties": {"P": 21.47, "tau": 27.01, "tau_c": 52.07, "omega": 27.96, "M": 0.52, "D": 0.14, "R": 0.21, "sving": 0.16, "os": 0.21, "foss": 0.0, "juv": 0.0, "B": 0.97, "Q": 25.19, "w": 45.16, "h": 0.54, "S": 0.00511, "elv": "Dalaåi", "km": 8.7}}, {"type": "Feature", "geometry": {"type": "LineString", "coordinates": [[8.30268, 59.45809], [8.30297, 59.45721]]}, "properties": {"P": 15.63, "tau": 29.1, "tau_c": 54.93, "omega": 31.12, "M": 0.53, "D": 0.06, "R": 0.22, "sving": 0.08, "os": 0.13, "foss": 0.0, "juv": 0.0, "B": 0.97, "Q": 25.2, "w": 45.18, "h": 0.52, "S": 0.00569, "elv": "Dalaåi", "km": 8.8}}, {"type": "Feature", "geometry": {"type": "LineString", "coordinates": [[8.30297, 59.45721], [8.30354, 59.45639]]}, "properties": {"P": 16.97, "tau": 31.79, "tau_c": 58.54, "omega": 35.33, "M": 0.54, "D": 0.01, "R": 0.24, "sving": 0.21, "os": 0.09, "foss": 0.0, "juv": 0.0, "B": 0.97, "Q": 25.2, "w": 45.19, "h": 0.5, "S": 0.00646, "elv": "Dalaåi", "km": 8.9}}, {"type": "Feature", "geometry": {"type": "LineString", "coordinates": [[8.30354, 59.45639], [8.30475, 59.45576]]}, "properties": {"P": 18.05, "tau": 33.19, "tau_c": 58.52, "omega": 37.9, "M": 0.57, "D": -0.0, "R": 0.27, "sving": 0.26, "os": 0.05, "foss": 0.0, "juv": 0.0, "B": 0.97, "Q": 25.24, "w": 42.16, "h": 0.52, "S": 0.00645, "elv": "Dalaåi", "km": 9.0}}, {"type": "Feature", "geometry": {"type": "LineString", "coordinates": [[8.30475, 59.45576], [8.30617, 59.45523]]}, "properties": {"P": 16.02, "tau": 36.55, "tau_c": 62.74, "omega": 43.52, "M": 0.58, "D": 0.01, "R": 0.29, "sving": 0.19, "os": 0.0, "foss": 0.0, "juv": 0.0, "B": 0.97, "Q": 25.24, "w": 42.21, "h": 0.5, "S": 0.00742, "elv": "Dalaåi", "km": 9.1}}, {"type": "Feature", "geometry": {"type": "LineString", "coordinates": [[8.30617, 59.45523], [8.30748, 59.45465]]}, "properties": {"P": 15.62, "tau": 34.97, "tau_c": 60.81, "omega": 40.83, "M": 0.58, "D": 0.04, "R": 0.28, "sving": 0.14, "os": 0.0, "foss": 0.0, "juv": 0.0, "B": 0.97, "Q": 25.24, "w": 42.27, "h": 0.51, "S": 0.00697, "elv": "Dalaåi", "km": 9.2}}, {"type": "Feature", "geometry": {"type": "LineString", "coordinates": [[8.30748, 59.45465], [8.30873, 59.45407]]}, "properties": {"P": 23.05, "tau": 31.97, "tau_c": 56.79, "omega": 35.95, "M": 0.56, "D": 0.08, "R": 0.26, "sving": 0.42, "os": 0.0, "foss": 0.0, "juv": 0.0, "B": 0.97, "Q": 25.51, "w": 42.32, "h": 0.54, "S": 0.00608, "elv": "Dalaåi", "km": 9.3}}, {"type": "Feature", "geometry": {"type": "LineString", "coordinates": [[8.30873, 59.45407], [8.30938, 59.45327]]}, "properties": {"P": 23.28, "tau": 29.53, "tau_c": 53.68, "omega": 32.07, "M": 0.55, "D": 0.08, "R": 0.25, "sving": 0.46, "os": 0.0, "foss": 0.0, "juv": 0.0, "B": 0.97, "Q": 25.51, "w": 42.38, "h": 0.55, "S": 0.00543, "elv": "Dalaåi", "km": 9.4}}, {"type": "Feature", "geometry": {"type": "LineString", "coordinates": [[8.30938, 59.45327], [8.30908, 59.4524]]}, "properties": {"P": 14.87, "tau": 25.41, "tau_c": 49.72, "omega": 25.64, "M": 0.51, "D": 0.05, "R": 0.2, "sving": 0.23, "os": 0.0, "foss": 0.0, "juv": 0.0, "B": 0.97, "Q": 25.52, "w": 45.48, "h": 0.56, "S": 0.00466, "elv": "Dalaåi", "km": 9.5}}, {"type": "Feature", "geometry": {"type": "LineString", "coordinates": [[8.30908, 59.4524], [8.30843, 59.45157]]}, "properties": {"P": 21.79, "tau": 52.18, "tau_c": 83.2, "omega": 71.97, "M": 0.63, "D": -0.0, "R": 0.35, "sving": 0.34, "os": 0.0, "foss": 0.0, "juv": 0.0, "B": 0.97, "Q": 25.58, "w": 45.5, "h": 0.41, "S": 0.01305, "elv": "Dalaåi", "km": 9.6}}, {"type": "Feature", "geometry": {"type": "LineString", "coordinates": [[8.30843, 59.45157], [8.30877, 59.45081]]}, "properties": {"P": 33.43, "tau": 100.24, "tau_c": 132.81, "omega": 183.33, "M": 0.75, "D": -0.0, "R": 0.52, "sving": 0.54, "os": 0.0, "foss": 0.0, "juv": 0.0, "B": 0.97, "Q": 25.58, "w": 45.51, "h": 0.31, "S": 0.03325, "elv": "Dalaåi", "km": 9.7}}, {"type": "Feature", "geometry": {"type": "LineString", "coordinates": [[8.30877, 59.45081], [8.31036, 59.45057]]}, "properties": {"P": 54.96, "tau": 111.9, "tau_c": 142.18, "omega": 215.29, "M": 0.79, "D": -0.0, "R": 0.56, "sving": 0.37, "os": 0.0, "foss": 1.0, "juv": 0.0, "B": 0.97, "Q": 25.58, "w": 44.42, "h": 0.3, "S": 0.0381, "elv": "Dalaåi", "km": 9.8}}, {"type": "Feature", "geometry": {"type": "LineString", "coordinates": [[8.31036, 59.45057], [8.312, 59.4503]]}, "properties": {"P": 58.66, "tau": 116.36, "tau_c": 146.21, "omega": 227.67, "M": 0.8, "D": -0.0, "R": 0.57, "sving": 0.51, "os": 0.0, "foss": 1.0, "juv": 0.0, "B": 0.97, "Q": 25.59, "w": 44.42, "h": 0.29, "S": 0.04029, "elv": "Dalaåi", "km": 9.9}}, {"type": "Feature", "geometry": {"type": "LineString", "coordinates": [[8.312, 59.4503], [8.31301, 59.44958]]}, "properties": {"P": 46.04, "tau": 124.51, "tau_c": 153.42, "omega": 250.88, "M": 0.81, "D": 0.0, "R": 0.59, "sving": 0.23, "os": 0.0, "foss": 0.72, "juv": 0.0, "B": 0.97, "Q": 25.61, "w": 44.43, "h": 0.29, "S": 0.04436, "elv": "Dalaåi", "km": 10.0}}, {"type": "Feature", "geometry": {"type": "LineString", "coordinates": [[8.31301, 59.44958], [8.31465, 59.44958]]}, "properties": {"P": 41.34, "tau": 128.45, "tau_c": 156.88, "omega": 262.33, "M": 0.82, "D": 0.07, "R": 0.6, "sving": 0.12, "os": 0.0, "foss": 0.51, "juv": 0.0, "B": 0.97, "Q": 25.62, "w": 44.44, "h": 0.28, "S": 0.04639, "elv": "Dalaåi", "km": 10.1}}, {"type": "Feature", "geometry": {"type": "LineString", "coordinates": [[8.31465, 59.44958], [8.31632, 59.44986]]}, "properties": {"P": 47.73, "tau": 113.86, "tau_c": 143.89, "omega": 220.73, "M": 0.79, "D": 0.18, "R": 0.57, "sving": 0.45, "os": 0.0, "foss": 0.37, "juv": 0.0, "B": 0.97, "Q": 25.63, "w": 44.45, "h": 0.3, "S": 0.03903, "elv": "Dalaåi", "km": 10.2}}, {"type": "Feature", "geometry": {"type": "LineString", "coordinates": [[8.31632, 59.44986], [8.31806, 59.44988]]}, "properties": {"P": 26.93, "tau": 64.29, "tau_c": 96.6, "omega": 97.05, "M": 0.67, "D": 0.3, "R": 0.4, "sving": 0.06, "os": 0.0, "foss": 0.0, "juv": 0.0, "B": 0.97, "Q": 25.63, "w": 45.57, "h": 0.37, "S": 0.01759, "elv": "Dalaåi", "km": 10.3}}, {"type": "Feature", "geometry": {"type": "LineString", "coordinates": [[8.31806, 59.44988], [8.31974, 59.45011]]}, "properties": {"P": 25.67, "tau": 56.01, "tau_c": 87.52, "omega": 79.65, "M": 0.64, "D": 0.27, "R": 0.36, "sving": 0.11, "os": 0.0, "foss": 0.0, "juv": 0.0, "B": 0.97, "Q": 25.64, "w": 45.59, "h": 0.4, "S": 0.01444, "elv": "Dalaåi", "km": 10.4}}, {"type": "Feature", "geometry": {"type": "LineString", "coordinates": [[8.31974, 59.45011], [8.32146, 59.45026]]}, "properties": {"P": 20.5, "tau": 51.71, "tau_c": 82.63, "omega": 71.05, "M": 0.63, "D": 0.2, "R": 0.35, "sving": 0.02, "os": 0.0, "foss": 0.0, "juv": 0.0, "B": 0.97, "Q": 25.67, "w": 45.62, "h": 0.41, "S": 0.01287, "elv": "Dalaåi", "km": 10.5}}, {"type": "Feature", "geometry": {"type": "LineString", "coordinates": [[8.32146, 59.45026], [8.32321, 59.45029]]}, "properties": {"P": 26.08, "tau": 49.29, "tau_c": 79.76, "omega": 66.35, "M": 0.62, "D": 0.09, "R": 0.34, "sving": 0.41, "os": 0.0, "foss": 0.0, "juv": 0.0, "B": 0.97, "Q": 25.75, "w": 45.64, "h": 0.42, "S": 0.01199, "elv": "Dalaåi", "km": 10.6}}, {"type": "Feature", "geometry": {"type": "LineString", "coordinates": [[8.32321, 59.45029], [8.32496, 59.45026]]}, "properties": {"P": 18.29, "tau": 45.98, "tau_c": 75.88, "omega": 60.06, "M": 0.61, "D": 0.05, "R": 0.32, "sving": 0.16, "os": 0.0, "foss": 0.0, "juv": 0.0, "B": 0.97, "Q": 25.76, "w": 45.66, "h": 0.43, "S": 0.01085, "elv": "Dalaåi", "km": 10.7}}, {"type": "Feature", "geometry": {"type": "LineString", "coordinates": [[8.32496, 59.45026], [8.326, 59.44967]]}, "properties": {"P": 14.39, "tau": 44.88, "tau_c": 74.58, "omega": 58.01, "M": 0.6, "D": 0.02, "R": 0.31, "sving": 0.05, "os": 0.0, "foss": 0.0, "juv": 0.0, "B": 0.97, "Q": 25.77, "w": 45.68, "h": 0.44, "S": 0.01048, "elv": "Dalaåi", "km": 10.8}}, {"type": "Feature", "geometry": {"type": "LineString", "coordinates": [[8.326, 59.44967], [8.32763, 59.44945]]}, "properties": {"P": 16.84, "tau": 48.53, "tau_c": 74.85, "omega": 65.84, "M": 0.65, "D": 0.0, "R": 0.38, "sving": 0.08, "os": 0.0, "foss": 0.0, "juv": 0.0, "B": 0.97, "Q": 25.77, "w": 40.55, "h": 0.47, "S": 0.01056, "elv": "Dalaåi", "km": 10.9}}, {"type": "Feature", "geometry": {"type": "LineString", "coordinates": [[8.32763, 59.44945], [8.32936, 59.44936]]}, "properties": {"P": 23.72, "tau": 45.12, "tau_c": 68.55, "omega": 59.85, "M": 0.66, "D": 0.0, "R": 0.39, "sving": 0.35, "os": 0.0, "foss": 0.0, "juv": 0.0, "B": 0.97, "Q": 25.77, "w": 37.41, "h": 0.52, "S": 0.00886, "elv": "Dalaåi", "km": 11.0}}, {"type": "Feature", "geometry": {"type": "LineString", "coordinates": [[8.32936, 59.44936], [8.33109, 59.44951]]}, "properties": {"P": 23.64, "tau": 59.87, "tau_c": 82.8, "omega": 90.16, "M": 0.72, "D": 0.0, "R": 0.48, "sving": 0.2, "os": 0.0, "foss": 0.0, "juv": 0.0, "B": 0.97, "Q": 25.8, "w": 36.28, "h": 0.47, "S": 0.01292, "elv": "Dalaåi", "km": 11.1}}, {"type": "Feature", "geometry": {"type": "LineString", "coordinates": [[8.33109, 59.44951], [8.33282, 59.44959]]}, "properties": {"P": 22.53, "tau": 51.98, "tau_c": 71.86, "omega": 74.35, "M": 0.72, "D": 0.04, "R": 0.48, "sving": 0.09, "os": 0.0, "foss": 0.0, "juv": 0.0, "B": 0.97, "Q": 25.8, "w": 33.14, "h": 0.54, "S": 0.00973, "elv": "Dalaåi", "km": 11.2}}, {"type": "Feature", "geometry": {"type": "LineString", "coordinates": [[8.33282, 59.44959], [8.33451, 59.44982]]}, "properties": {"P": 24.84, "tau": 56.93, "tau_c": 76.71, "omega": 84.74, "M": 0.74, "D": 0.04, "R": 0.5, "sving": 0.15, "os": 0.0, "foss": 0.0, "juv": 0.0, "B": 0.97, "Q": 25.81, "w": 33.15, "h": 0.52, "S": 0.01109, "elv": "Dalaåi", "km": 11.3}}, {"type": "Feature", "geometry": {"type": "LineString", "coordinates": [[8.33451, 59.44982], [8.33617, 59.44995]]}, "properties": {"P": 20.72, "tau": 44.9, "tau_c": 68.97, "omega": 59.3, "M": 0.65, "D": 0.04, "R": 0.38, "sving": 0.18, "os": 0.0, "foss": 0.0, "juv": 0.0, "B": 0.97, "Q": 25.82, "w": 38.3, "h": 0.51, "S": 0.00897, "elv": "Dalaåi", "km": 11.4}}, {"type": "Feature", "geometry": {"type": "LineString", "coordinates": [[8.33617, 59.44995], [8.33766, 59.45042]]}, "properties": {"P": 19.74, "tau": 52.08, "tau_c": 79.42, "omega": 72.69, "M": 0.66, "D": 0.0, "R": 0.39, "sving": 0.18, "os": 0.0, "foss": 0.0, "juv": 0.0, "B": 0.97, "Q": 25.84, "w": 41.45, "h": 0.45, "S": 0.01189, "elv": "Dalaåi", "km": 11.5}}, {"type": "Feature", "geometry": {"type": "LineString", "coordinates": [[8.33766, 59.45042], [8.33915, 59.45089]]}, "properties": {"P": 26.06, "tau": 68.27, "tau_c": 97.57, "omega": 106.79, "M": 0.7, "D": 0.0, "R": 0.45, "sving": 0.35, "os": 0.0, "foss": 0.0, "juv": 0.0, "B": 0.97, "Q": 25.85, "w": 42.61, "h": 0.39, "S": 0.01794, "elv": "Dalaåi", "km": 11.6}}, {"type": "Feature", "geometry": {"type": "LineString", "coordinates": [[8.33915, 59.45089], [8.34043, 59.45149]]}, "properties": {"P": 18.64, "tau": 58.74, "tau_c": 90.39, "omega": 85.33, "M": 0.65, "D": 0.0, "R": 0.38, "sving": 0.15, "os": 0.0, "foss": 0.0, "juv": 0.0, "B": 0.97, "Q": 25.85, "w": 45.76, "h": 0.39, "S": 0.0154, "elv": "Dalaåi", "km": 11.7}}, {"type": "Feature", "geometry": {"type": "LineString", "coordinates": [[8.34043, 59.45149], [8.34125, 59.45227]]}, "properties": {"P": 52.3, "tau": 80.48, "tau_c": 113.23, "omega": 133.97, "M": 0.71, "D": 0.0, "R": 0.46, "sving": 0.42, "os": 0.0, "foss": 1.0, "juv": 0.0, "B": 0.98, "Q": 25.86, "w": 45.77, "h": 0.34, "S": 0.02417, "elv": "Dalaåi", "km": 11.8}}, {"type": "Feature", "geometry": {"type": "LineString", "coordinates": [[8.34125, 59.45227], [8.34288, 59.4524]]}, "properties": {"P": 45.14, "tau": 90.76, "tau_c": 122.03, "omega": 159.65, "M": 0.74, "D": 0.0, "R": 0.5, "sving": 0.33, "os": 0.0, "foss": 0.72, "juv": 0.0, "B": 0.98, "Q": 25.87, "w": 44.62, "h": 0.33, "S": 0.02807, "elv": "Dalaåi", "km": 11.9}}, {"type": "Feature", "geometry": {"type": "LineString", "coordinates": [[8.34288, 59.4524], [8.34424, 59.45195]]}, "properties": {"P": 62.91, "tau": 156.54, "tau_c": 174.61, "omega": 351.81, "M": 0.9, "D": 0.0, "R": 0.69, "sving": 0.48, "os": 0.0, "foss": 1.0, "juv": 0.0, "B": 0.98, "Q": 25.88, "w": 41.47, "h": 0.28, "S": 0.05746, "elv": "Dalaåi", "km": 12.0}}, {"type": "Feature", "geometry": {"type": "LineString", "coordinates": [[8.34424, 59.45195], [8.34597, 59.45182]]}, "properties": {"P": 57.61, "tau": 174.01, "tau_c": 181.95, "omega": 413.51, "M": 0.96, "D": 0.0, "R": 0.75, "sving": 0.16, "os": 0.0, "foss": 1.0, "juv": 0.0, "B": 0.98, "Q": 25.88, "w": 38.31, "h": 0.28, "S": 0.0624, "elv": "Dalaåi", "km": 12.1}}, {"type": "Feature", "geometry": {"type": "LineString", "coordinates": [[8.34597, 59.45182], [8.34757, 59.45165]]}, "properties": {"P": 60.92, "tau": 200.27, "tau_c": 201.35, "omega": 505.63, "M": 0.99, "D": 0.0, "R": 0.79, "sving": 0.23, "os": 0.0, "foss": 1.0, "juv": 0.0, "B": 0.98, "Q": 25.89, "w": 38.38, "h": 0.27, "S": 0.07642, "elv": "Dalaåi", "km": 12.2}}, {"type": "Feature", "geometry": {"type": "LineString", "coordinates": [[8.34757, 59.45165], [8.34904, 59.45213]]}, "properties": {"P": 64.59, "tau": 233.63, "tau_c": 205.44, "omega": 647.08, "M": 1.14, "D": 0.0, "R": 0.9, "sving": 0.16, "os": 0.0, "foss": 1.0, "juv": 0.07, "B": 0.98, "Q": 25.89, "w": 31.22, "h": 0.3, "S": 0.07955, "elv": "Dalaåi", "km": 12.3}}, {"type": "Feature", "geometry": {"type": "LineString", "coordinates": [[8.34904, 59.45213], [8.35067, 59.45217]]}, "properties": {"P": 66.87, "tau": 245.32, "tau_c": 199.11, "omega": 706.77, "M": 1.23, "D": 0.05, "R": 0.95, "sving": 0.11, "os": 0.0, "foss": 1.0, "juv": 0.07, "B": 0.98, "Q": 26.24, "w": 27.22, "h": 0.33, "S": 0.07473, "elv": "Dalaåi", "km": 12.4}}, {"type": "Feature", "geometry": {"type": "LineString", "coordinates": [[8.35067, 59.45217], [8.35214, 59.45169]]}, "properties": {"P": 78.05, "tau": 230.7, "tau_c": 196.57, "omega": 641.77, "M": 1.17, "D": 0.12, "R": 0.92, "sving": 0.53, "os": 0.0, "foss": 1.0, "juv": 0.07, "B": 0.98, "Q": 26.25, "w": 29.22, "h": 0.32, "S": 0.07283, "elv": "Dalaåi", "km": 12.5}}, {"type": "Feature", "geometry": {"type": "LineString", "coordinates": [[8.35214, 59.45169], [8.35367, 59.45125]]}, "properties": {"P": 67.6, "tau": 159.43, "tau_c": 157.91, "omega": 373.12, "M": 1.01, "D": 0.23, "R": 0.8, "sving": 0.41, "os": 0.0, "foss": 0.72, "juv": 0.07, "B": 0.98, "Q": 26.26, "w": 32.45, "h": 0.35, "S": 0.047, "elv": "Dalaåi", "km": 12.6}}, {"type": "Feature", "geometry": {"type": "LineString", "coordinates": [[8.35367, 59.45125], [8.35481, 59.4506]]}, "properties": {"P": 55.95, "tau": 149.3, "tau_c": 148.12, "omega": 341.14, "M": 1.01, "D": 0.28, "R": 0.8, "sving": 0.07, "os": 0.0, "foss": 0.51, "juv": 0.07, "B": 0.98, "Q": 26.26, "w": 31.22, "h": 0.37, "S": 0.04135, "elv": "Dalaåi", "km": 12.7}}, {"type": "Feature", "geometry": {"type": "LineString", "coordinates": [[8.35481, 59.4506], [8.35566, 59.44985]]}, "properties": {"P": 44.38, "tau": 90.3, "tau_c": 111.6, "omega": 162.44, "M": 0.81, "D": 0.32, "R": 0.59, "sving": 0.08, "os": 0.0, "foss": 0.37, "juv": 0.0, "B": 0.98, "Q": 26.26, "w": 37.22, "h": 0.39, "S": 0.02347, "elv": "Dalaåi", "km": 12.8}}, {"type": "Feature", "geometry": {"type": "LineString", "coordinates": [[8.35566, 59.44985], [8.35687, 59.44925]]}, "properties": {"P": 32.15, "tau": 79.5, "tau_c": 107.9, "omega": 133.17, "M": 0.74, "D": 0.22, "R": 0.5, "sving": 0.22, "os": 0.0, "foss": 0.0, "juv": 0.0, "B": 0.98, "Q": 26.26, "w": 42.45, "h": 0.37, "S": 0.02194, "elv": "Dalaåi", "km": 12.9}}, {"type": "Feature", "geometry": {"type": "LineString", "coordinates": [[8.35687, 59.44925], [8.35816, 59.44868]]}, "properties": {"P": 36.58, "tau": 78.81, "tau_c": 108.57, "omega": 131.05, "M": 0.73, "D": 0.13, "R": 0.48, "sving": 0.56, "os": 0.0, "foss": 0.0, "juv": 0.0, "B": 0.98, "Q": 26.26, "w": 43.67, "h": 0.36, "S": 0.02222, "elv": "Dalaåi", "km": 13.0}}, {"type": "Feature", "geometry": {"type": "LineString", "coordinates": [[8.35816, 59.44868], [8.35985, 59.44846]]}, "properties": {"P": 38.44, "tau": 80.92, "tau_c": 109.28, "omega": 136.6, "M": 0.74, "D": 0.02, "R": 0.5, "sving": 0.42, "os": 0.0, "foss": 0.33, "juv": 0.0, "B": 0.98, "Q": 26.26, "w": 42.45, "h": 0.37, "S": 0.02251, "elv": "Dalaåi", "km": 13.1}}, {"type": "Feature", "geometry": {"type": "LineString", "coordinates": [[8.35985, 59.44846], [8.3614, 59.44882]]}, "properties": {"P": 39.27, "tau": 119.4, "tau_c": 144.39, "omega": 238.46, "M": 0.83, "D": -0.0, "R": 0.61, "sving": 0.18, "os": 0.0, "foss": 0.44, "juv": 0.0, "B": 0.98, "Q": 26.26, "w": 42.45, "h": 0.31, "S": 0.0393, "elv": "Dalaåi", "km": 13.2}}, {"type": "Feature", "geometry": {"type": "LineString", "coordinates": [[8.3614, 59.44882], [8.36291, 59.4491]]}, "properties": {"P": 45.52, "tau": 123.66, "tau_c": 139.58, "omega": 255.15, "M": 0.89, "D": -0.0, "R": 0.68, "sving": 0.15, "os": 0.0, "foss": 0.61, "juv": 0.0, "B": 0.98, "Q": 27.23, "w": 38.45, "h": 0.34, "S": 0.03672, "elv": "Dalaåi", "km": 13.3}}, {"type": "Feature", "geometry": {"type": "LineString", "coordinates": [[8.36291, 59.4491], [8.36449, 59.4489]]}, "properties": {"P": 74.64, "tau": 132.02, "tau_c": 146.47, "omega": 280.13, "M": 0.9, "D": -0.0, "R": 0.7, "sving": 0.95, "os": 0.0, "foss": 1.0, "juv": 0.0, "B": 0.98, "Q": 27.28, "w": 38.63, "h": 0.33, "S": 0.04044, "elv": "Dalaåi", "km": 13.4}}, {"type": "Feature", "geometry": {"type": "LineString", "coordinates": [[8.36449, 59.4489], [8.36583, 59.44838]]}, "properties": {"P": 62.0, "tau": 184.16, "tau_c": 178.85, "omega": 456.27, "M": 1.03, "D": -0.0, "R": 0.82, "sving": 0.33, "os": 0.0, "foss": 0.88, "juv": 0.0, "B": 0.98, "Q": 27.32, "w": 35.41, "h": 0.31, "S": 0.06029, "elv": "Dalaåi", "km": 13.5}}, {"type": "Feature", "geometry": {"type": "LineString", "coordinates": [[8.36583, 59.44838], [8.36513, 59.44777]]}, "properties": {"P": 61.32, "tau": 233.13, "tau_c": 211.74, "omega": 639.69, "M": 1.1, "D": -0.0, "R": 0.88, "sving": 0.1, "os": 0.0, "foss": 1.0, "juv": 0.0, "B": 0.98, "Q": 27.32, "w": 35.41, "h": 0.28, "S": 0.0845, "elv": "Dalaåi", "km": 13.6}}, {"type": "Feature", "geometry": {"type": "LineString", "coordinates": [[8.36513, 59.44777], [8.36652, 59.44735]]}, "properties": {"P": 64.97, "tau": 241.37, "tau_c": 205.97, "omega": 682.43, "M": 1.17, "D": 0.01, "R": 0.92, "sving": 0.17, "os": 0.0, "foss": 1.0, "juv": 0.0, "B": 0.98, "Q": 27.32, "w": 31.41, "h": 0.31, "S": 0.07996, "elv": "Dalaåi", "km": 13.7}}, {"type": "Feature", "geometry": {"type": "LineString", "coordinates": [[8.36652, 59.44735], [8.36824, 59.44737]]}, "properties": {"P": 80.31, "tau": 201.34, "tau_c": 190.62, "omega": 518.51, "M": 1.06, "D": 0.02, "R": 0.84, "sving": 0.92, "os": 0.0, "foss": 1.0, "juv": 0.0, "B": 0.98, "Q": 27.33, "w": 35.41, "h": 0.3, "S": 0.06848, "elv": "Dalaåi", "km": 13.8}}, {"type": "Feature", "geometry": {"type": "LineString", "coordinates": [[8.36824, 59.44737], [8.36983, 59.4472]]}, "properties": {"P": 55.78, "tau": 224.04, "tau_c": 196.84, "omega": 611.93, "M": 1.14, "D": 0.02, "R": 0.9, "sving": 0.09, "os": 0.0, "foss": 0.72, "juv": 0.0, "B": 0.98, "Q": 27.33, "w": 32.0, "h": 0.31, "S": 0.07303, "elv": "Dalaåi", "km": 13.9}}, {"type": "Feature", "geometry": {"type": "LineString", "coordinates": [[8.36983, 59.4472], [8.37146, 59.44751]]}, "properties": {"P": 69.8, "tau": 226.61, "tau_c": 192.88, "omega": 626.9, "M": 1.17, "D": 0.07, "R": 0.92, "sving": 0.28, "os": 0.0, "foss": 1.0, "juv": 0.0, "B": 0.98, "Q": 27.34, "w": 30.0, "h": 0.33, "S": 0.07012, "elv": "Dalaåi", "km": 14.0}}, {"type": "Feature", "geometry": {"type": "LineString", "coordinates": [[8.37146, 59.44751], [8.37303, 59.44727]]}, "properties": {"P": 74.71, "tau": 199.36, "tau_c": 165.02, "omega": 530.49, "M": 1.21, "D": 0.12, "R": 0.94, "sving": 0.39, "os": 0.0, "foss": 1.0, "juv": 0.0, "B": 0.98, "Q": 27.39, "w": 26.0, "h": 0.4, "S": 0.05132, "elv": "Dalaåi", "km": 14.1}}, {"type": "Feature", "geometry": {"type": "LineString", "coordinates": [[8.37303, 59.44727], [8.37432, 59.44668]]}, "properties": {"P": 70.28, "tau": 131.11, "tau_c": 122.1, "omega": 290.54, "M": 1.07, "D": 0.17, "R": 0.86, "sving": 0.56, "os": 0.0, "foss": 0.72, "juv": 0.0, "B": 0.98, "Q": 27.4, "w": 26.0, "h": 0.48, "S": 0.0281, "elv": "Dalaåi", "km": 14.2}}, {"type": "Feature", "geometry": {"type": "LineString", "coordinates": [[8.37432, 59.44668], [8.37485, 59.44583]]}, "properties": {"P": 59.45, "tau": 157.47, "tau_c": 134.26, "omega": 381.32, "M": 1.17, "D": 0.11, "R": 0.92, "sving": 0.29, "os": 0.0, "foss": 0.51, "juv": 0.0, "B": 0.98, "Q": 27.46, "w": 24.0, "h": 0.47, "S": 0.03398, "elv": "Dalaåi", "km": 14.3}}, {"type": "Feature", "geometry": {"type": "LineString", "coordinates": [[8.37485, 59.44583], [8.37558, 59.44505]]}, "properties": {"P": 65.85, "tau": 145.92, "tau_c": 127.09, "omega": 341.76, "M": 1.15, "D": 0.08, "R": 0.91, "sving": 0.13, "os": 0.0, "foss": 1.0, "juv": 0.0, "B": 0.98, "Q": 27.46, "w": 24.0, "h": 0.49, "S": 0.03044, "elv": "Dalaåi", "km": 14.4}}, {"type": "Feature", "geometry": {"type": "LineString", "coordinates": [[8.37558, 59.44505], [8.37633, 59.44437]]}, "properties": {"P": 66.26, "tau": 131.46, "tau_c": 122.19, "omega": 291.74, "M": 1.08, "D": 0.04, "R": 0.86, "sving": 0.27, "os": 0.0, "foss": 1.0, "juv": 0.0, "B": 0.98, "Q": 27.47, "w": 26.0, "h": 0.48, "S": 0.02814, "elv": "Dalaåi", "km": 14.5}}, {"type": "Feature", "geometry": {"type": "LineString", "coordinates": [[8.37633, 59.44437], [8.37715, 59.4436]]}, "properties": {"P": 65.79, "tau": 134.75, "tau_c": 124.38, "omega": 302.33, "M": 1.08, "D": 0.04, "R": 0.86, "sving": 0.24, "os": 0.0, "foss": 1.0, "juv": 0.0, "B": 0.98, "Q": 27.48, "w": 26.0, "h": 0.47, "S": 0.02916, "elv": "Dalaåi", "km": 14.6}}, {"type": "Feature", "geometry": {"type": "LineString", "coordinates": [[8.37715, 59.4436], [8.37863, 59.44316]]}, "properties": {"P": 56.31, "tau": 131.81, "tau_c": 118.08, "omega": 295.3, "M": 1.12, "D": 0.03, "R": 0.89, "sving": 0.06, "os": 0.0, "foss": 0.72, "juv": 0.07, "B": 0.98, "Q": 27.49, "w": 24.0, "h": 0.51, "S": 0.02628, "elv": "Dalaåi", "km": 14.7}}, {"type": "Feature", "geometry": {"type": "LineString", "coordinates": [[8.37863, 59.44316], [8.38017, 59.44275]]}, "properties": {"P": 53.47, "tau": 129.83, "tau_c": 112.28, "omega": 291.31, "M": 1.16, "D": 0.05, "R": 0.91, "sving": 0.08, "os": 0.0, "foss": 0.51, "juv": 0.07, "B": 0.98, "Q": 27.5, "w": 22.0, "h": 0.56, "S": 0.02376, "elv": "Dalaåi", "km": 14.8}}, {"type": "Feature", "geometry": {"type": "LineString", "coordinates": [[8.38017, 59.44275], [8.38123, 59.44207]]}, "properties": {"P": 49.69, "tau": 118.04, "tau_c": 104.82, "omega": 253.98, "M": 1.13, "D": 0.1, "R": 0.89, "sving": 0.04, "os": 0.0, "foss": 0.37, "juv": 0.07, "B": 0.98, "Q": 27.5, "w": 22.0, "h": 0.58, "S": 0.02071, "elv": "Dalaåi", "km": 14.9}}, {"type": "Feature", "geometry": {"type": "LineString", "coordinates": [[8.38123, 59.44207], [8.38234, 59.4414]]}, "properties": {"P": 41.98, "tau": 102.76, "tau_c": 94.85, "omega": 207.98, "M": 1.08, "D": 0.13, "R": 0.86, "sving": 0.08, "os": 0.0, "foss": 0.0, "juv": 0.07, "B": 0.98, "Q": 27.51, "w": 22.0, "h": 0.62, "S": 0.01696, "elv": "Dalaåi", "km": 15.0}}, {"type": "Feature", "geometry": {"type": "LineString", "coordinates": [[8.38234, 59.4414], [8.38392, 59.44103]]}, "properties": {"P": 43.87, "tau": 98.52, "tau_c": 95.72, "omega": 194.22, "M": 1.03, "D": 0.14, "R": 0.82, "sving": 0.15, "os": 0.08, "foss": 0.0, "juv": 0.07, "B": 0.98, "Q": 27.51, "w": 24.0, "h": 0.58, "S": 0.01727, "elv": "Dalaåi", "km": 15.1}}, {"type": "Feature", "geometry": {"type": "LineString", "coordinates": [[8.38392, 59.44103], [8.38561, 59.44081]]}, "properties": {"P": 36.07, "tau": 80.64, "tau_c": 85.92, "omega": 144.48, "M": 0.94, "D": 0.09, "R": 0.74, "sving": 0.02, "os": 0.12, "foss": 0.0, "juv": 0.0, "B": 0.98, "Q": 27.52, "w": 26.0, "h": 0.59, "S": 0.01391, "elv": "Dalaåi", "km": 15.2}}, {"type": "Feature", "geometry": {"type": "LineString", "coordinates": [[8.38561, 59.44081], [8.38714, 59.44038]]}, "properties": {"P": 41.6, "tau": 80.78, "tau_c": 86.02, "omega": 144.85, "M": 0.94, "D": 0.04, "R": 0.74, "sving": 0.27, "os": 0.19, "foss": 0.0, "juv": 0.0, "B": 0.98, "Q": 27.53, "w": 26.0, "h": 0.59, "S": 0.01395, "elv": "Dalaåi", "km": 15.3}}, {"type": "Feature", "geometry": {"type": "LineString", "coordinates": [[8.38714, 59.44038], [8.38835, 59.43974]]}, "properties": {"P": 51.21, "tau": 113.73, "tau_c": 113.26, "omega": 235.41, "M": 1.0, "D": 0.0, "R": 0.8, "sving": 0.51, "os": 0.29, "foss": 0.0, "juv": 0.0, "B": 0.98, "Q": 27.79, "w": 28.0, "h": 0.48, "S": 0.02418, "elv": "Dalaåi", "km": 15.4}}, {"type": "Feature", "geometry": {"type": "LineString", "coordinates": [[8.38835, 59.43974], [8.38909, 59.43894]]}, "properties": {"P": 52.55, "tau": 124.72, "tau_c": 117.07, "omega": 270.88, "M": 1.07, "D": 0.0, "R": 0.85, "sving": 0.32, "os": 0.45, "foss": 0.0, "juv": 0.0, "B": 0.98, "Q": 27.79, "w": 26.0, "h": 0.49, "S": 0.02583, "elv": "Dalaåi", "km": 15.5}}, {"type": "Feature", "geometry": {"type": "LineString", "coordinates": [[8.38909, 59.43894], [8.38901, 59.43804]]}, "properties": {"P": 82.53, "tau": 135.78, "tau_c": 124.44, "omega": 306.08, "M": 1.09, "D": 0.0, "R": 0.87, "sving": 0.26, "os": 0.72, "foss": 1.0, "juv": 0.0, "B": 0.98, "Q": 27.79, "w": 26.0, "h": 0.47, "S": 0.02919, "elv": "Dalaåi", "km": 15.6}}, {"type": "Feature", "geometry": {"type": "LineString", "coordinates": [[8.38901, 59.43804], [8.38938, 59.43718]]}, "properties": {"P": 72.26, "tau": 130.38, "tau_c": 126.41, "omega": 285.86, "M": 1.03, "D": 0.0, "R": 0.82, "sving": 0.06, "os": 0.84, "foss": 0.72, "juv": 0.0, "B": 0.99, "Q": 29.03, "w": 30.0, "h": 0.44, "S": 0.03012, "elv": "Dalaåi", "km": 15.7}}, {"type": "Feature", "geometry": {"type": "LineString", "coordinates": [[8.38938, 59.43718], [8.38948, 59.43631]]}, "properties": {"P": 71.63, "tau": 139.2, "tau_c": 132.48, "omega": 314.03, "M": 1.05, "D": 0.01, "R": 0.84, "sving": 0.53, "os": 0.52, "foss": 0.51, "juv": 0.0, "B": 0.99, "Q": 29.03, "w": 30.0, "h": 0.43, "S": 0.03308, "elv": "Dalaåi", "km": 15.8}}, {"type": "Feature", "geometry": {"type": "LineString", "coordinates": [[8.38948, 59.43631], [8.3899, 59.43552]]}, "properties": {"P": 78.94, "tau": 163.56, "tau_c": 139.54, "omega": 402.18, "M": 1.17, "D": 0.01, "R": 0.92, "sving": 0.41, "os": 0.32, "foss": 1.0, "juv": 0.0, "B": 0.99, "Q": 29.05, "w": 26.0, "h": 0.45, "S": 0.0367, "elv": "Dalaåi", "km": 15.9}}, {"type": "Feature", "geometry": {"type": "LineString", "coordinates": [[8.3899, 59.43552], [8.39159, 59.43535]]}, "properties": {"P": 68.8, "tau": 120.99, "tau_c": 112.34, "omega": 260.72, "M": 1.08, "D": 0.02, "R": 0.86, "sving": 0.47, "os": 0.2, "foss": 0.72, "juv": 0.0, "B": 0.99, "Q": 29.05, "w": 26.0, "h": 0.52, "S": 0.02379, "elv": "Dalaåi", "km": 16.0}}, {"type": "Feature", "geometry": {"type": "LineString", "coordinates": [[8.39159, 59.43535], [8.39325, 59.43512]]}, "properties": {"P": 76.13, "tau": 148.03, "tau_c": 134.23, "omega": 345.72, "M": 1.1, "D": 0.02, "R": 0.88, "sving": 0.51, "os": 0.16, "foss": 1.0, "juv": 0.0, "B": 0.99, "Q": 29.06, "w": 28.0, "h": 0.44, "S": 0.03396, "elv": "Dalaåi", "km": 16.1}}, {"type": "Feature", "geometry": {"type": "LineString", "coordinates": [[8.39325, 59.43512], [8.39486, 59.4349]]}, "properties": {"P": 63.62, "tau": 150.05, "tau_c": 135.54, "omega": 352.5, "M": 1.11, "D": 0.04, "R": 0.88, "sving": 0.07, "os": 0.11, "foss": 0.93, "juv": 0.0, "B": 0.99, "Q": 29.06, "w": 28.0, "h": 0.44, "S": 0.03462, "elv": "Dalaåi", "km": 16.2}}, {"type": "Feature", "geometry": {"type": "LineString", "coordinates": [[8.39486, 59.4349], [8.39659, 59.43495]]}, "properties": {"P": 66.52, "tau": 134.18, "tau_c": 125.06, "omega": 300.24, "M": 1.07, "D": 0.05, "R": 0.86, "sving": 0.19, "os": 0.08, "foss": 1.0, "juv": 0.0, "B": 0.99, "Q": 29.07, "w": 28.0, "h": 0.46, "S": 0.02948, "elv": "Dalaåi", "km": 16.3}}, {"type": "Feature", "geometry": {"type": "LineString", "coordinates": [[8.39659, 59.43495], [8.39834, 59.43494]]}, "properties": {"P": 71.95, "tau": 128.66, "tau_c": 128.73, "omega": 278.49, "M": 1.0, "D": 0.05, "R": 0.8, "sving": 0.54, "os": 0.06, "foss": 1.0, "juv": 0.0, "B": 0.99, "Q": 29.08, "w": 32.0, "h": 0.42, "S": 0.03124, "elv": "Dalaåi", "km": 16.4}}, {"type": "Feature", "geometry": {"type": "LineString", "coordinates": [[8.39834, 59.43494], [8.39947, 59.43438]]}, "properties": {"P": 66.63, "tau": 132.71, "tau_c": 135.17, "omega": 289.09, "M": 0.98, "D": 0.04, "R": 0.78, "sving": 0.64, "os": 0.05, "foss": 0.72, "juv": 0.0, "B": 0.99, "Q": 29.09, "w": 34.0, "h": 0.39, "S": 0.03444, "elv": "Dalaåi", "km": 16.5}}, {"type": "Feature", "geometry": {"type": "LineString", "coordinates": [[8.39947, 59.43438], [8.39925, 59.43351]]}, "properties": {"P": 77.45, "tau": 151.32, "tau_c": 140.51, "omega": 354.12, "M": 1.08, "D": 0.06, "R": 0.86, "sving": 0.63, "os": 0.08, "foss": 1.0, "juv": 0.0, "B": 0.99, "Q": 29.1, "w": 30.0, "h": 0.41, "S": 0.03721, "elv": "Dalaåi", "km": 16.6}}, {"type": "Feature", "geometry": {"type": "LineString", "coordinates": [[8.39925, 59.43351], [8.39912, 59.43263]]}, "properties": {"P": 73.22, "tau": 111.72, "tau_c": 115.83, "omega": 227.65, "M": 0.96, "D": 0.12, "R": 0.76, "sving": 0.48, "os": 0.12, "foss": 1.0, "juv": 0.0, "B": 0.99, "Q": 29.1, "w": 31.71, "h": 0.45, "S": 0.02529, "elv": "Dalaåi", "km": 16.7}}, {"type": "Feature", "geometry": {"type": "LineString", "coordinates": [[8.39912, 59.43263], [8.39892, 59.43175]]}, "properties": {"P": 55.41, "tau": 99.94, "tau_c": 115.07, "omega": 190.29, "M": 0.87, "D": 0.15, "R": 0.66, "sving": 0.11, "os": 0.17, "foss": 0.72, "juv": 0.0, "B": 0.99, "Q": 29.11, "w": 37.45, "h": 0.41, "S": 0.02496, "elv": "Dalaåi", "km": 16.8}}, {"type": "Feature", "geometry": {"type": "LineString", "coordinates": [[8.39892, 59.43175], [8.39811, 59.43097]]}, "properties": {"P": 58.82, "tau": 102.33, "tau_c": 119.38, "omega": 195.8, "M": 0.86, "D": 0.16, "R": 0.65, "sving": 0.4, "os": 0.23, "foss": 0.51, "juv": 0.0, "B": 0.99, "Q": 29.12, "w": 39.19, "h": 0.39, "S": 0.02686, "elv": "Dalaåi", "km": 16.9}}, {"type": "Feature", "geometry": {"type": "LineString", "coordinates": [[8.39811, 59.43097], [8.3984, 59.43015]]}, "properties": {"P": 74.54, "tau": 87.79, "tau_c": 111.26, "omega": 155.48, "M": 0.79, "D": 0.16, "R": 0.56, "sving": 0.7, "os": 0.23, "foss": 1.0, "juv": 0.0, "B": 0.99, "Q": 29.26, "w": 43.07, "h": 0.38, "S": 0.02333, "elv": "Dalaåi", "km": 17.0}}, {"type": "Feature", "geometry": {"type": "LineString", "coordinates": [[8.3984, 59.43015], [8.39987, 59.42966]]}, "properties": {"P": 69.41, "tau": 68.44, "tau_c": 96.77, "omega": 107.63, "M": 0.71, "D": 0.16, "R": 0.46, "sving": 0.91, "os": 0.27, "foss": 0.72, "juv": 0.0, "B": 0.99, "Q": 29.26, "w": 47.07, "h": 0.4, "S": 0.01765, "elv": "Dalaåi", "km": 17.1}}, {"type": "Feature", "geometry": {"type": "LineString", "coordinates": [[8.39987, 59.42966], [8.40155, 59.42983]]}, "properties": {"P": 59.54, "tau": 66.1, "tau_c": 91.65, "omega": 103.27, "M": 0.72, "D": 0.12, "R": 0.47, "sving": 0.59, "os": 0.4, "foss": 0.51, "juv": 0.0, "B": 0.99, "Q": 30.16, "w": 45.36, "h": 0.43, "S": 0.01583, "elv": "Dalaåi", "km": 17.2}}, {"type": "Feature", "geometry": {"type": "LineString", "coordinates": [[8.40155, 59.42983], [8.40316, 59.43015]]}, "properties": {"P": 52.08, "tau": 68.21, "tau_c": 93.88, "omega": 108.0, "M": 0.73, "D": 0.06, "R": 0.48, "sving": 0.26, "os": 0.64, "foss": 0.37, "juv": 0.0, "B": 0.99, "Q": 30.16, "w": 45.51, "h": 0.42, "S": 0.01661, "elv": "Dalaåi", "km": 17.3}}, {"type": "Feature", "geometry": {"type": "LineString", "coordinates": [[8.40316, 59.43015], [8.40489, 59.43031]]}, "properties": {"P": 44.87, "tau": 61.98, "tau_c": 87.76, "omega": 94.12, "M": 0.71, "D": 0.02, "R": 0.45, "sving": 0.13, "os": 0.95, "foss": 0.0, "juv": 0.0, "B": 0.99, "Q": 30.18, "w": 45.67, "h": 0.44, "S": 0.01452, "elv": "Dalaåi", "km": 17.4}}, {"type": "Feature", "geometry": {"type": "LineString", "coordinates": [[8.40489, 59.43031], [8.40663, 59.43042]]}, "properties": {"P": 38.43, "tau": 66.28, "tau_c": 92.08, "omega": 103.61, "M": 0.72, "D": 0.0, "R": 0.47, "sving": 0.22, "os": 0.58, "foss": 0.0, "juv": 0.0, "B": 0.99, "Q": 30.19, "w": 45.68, "h": 0.42, "S": 0.01598, "elv": "Dalaåi", "km": 17.5}}, {"type": "Feature", "geometry": {"type": "LineString", "coordinates": [[8.40663, 59.43042], [8.40837, 59.43029]]}, "properties": {"P": 31.01, "tau": 67.91, "tau_c": 95.35, "omega": 106.75, "M": 0.71, "D": 0.0, "R": 0.46, "sving": 0.16, "os": 0.35, "foss": 0.0, "juv": 0.0, "B": 0.99, "Q": 30.21, "w": 47.58, "h": 0.4, "S": 0.01714, "elv": "Dalaåi", "km": 17.6}}, {"type": "Feature", "geometry": {"type": "LineString", "coordinates": [[8.40837, 59.43029], [8.41008, 59.4301]]}, "properties": {"P": 27.56, "tau": 67.36, "tau_c": 94.77, "omega": 105.52, "M": 0.71, "D": 0.01, "R": 0.46, "sving": 0.15, "os": 0.22, "foss": 0.0, "juv": 0.0, "B": 0.99, "Q": 30.23, "w": 47.58, "h": 0.41, "S": 0.01693, "elv": "Dalaåi", "km": 17.7}}, {"type": "Feature", "geometry": {"type": "LineString", "coordinates": [[8.41008, 59.4301], [8.41178, 59.42988]]}, "properties": {"P": 27.68, "tau": 73.38, "tau_c": 97.07, "omega": 120.56, "M": 0.76, "D": 0.01, "R": 0.52, "sving": 0.13, "os": 0.13, "foss": 0.0, "juv": 0.0, "B": 0.99, "Q": 30.23, "w": 43.69, "h": 0.42, "S": 0.01776, "elv": "Dalaåi", "km": 17.8}}, {"type": "Feature", "geometry": {"type": "LineString", "coordinates": [[8.41178, 59.42988], [8.41347, 59.42964]]}, "properties": {"P": 30.7, "tau": 64.83, "tau_c": 86.95, "omega": 101.54, "M": 0.75, "D": 0.04, "R": 0.51, "sving": 0.28, "os": 0.08, "foss": 0.0, "juv": 0.0, "B": 0.99, "Q": 30.36, "w": 41.79, "h": 0.46, "S": 0.01425, "elv": "Dalaåi", "km": 17.9}}, {"type": "Feature", "geometry": {"type": "LineString", "coordinates": [[8.41347, 59.42964], [8.41502, 59.42922]]}, "properties": {"P": 35.9, "tau": 64.71, "tau_c": 86.85, "omega": 101.27, "M": 0.75, "D": 0.08, "R": 0.51, "sving": 0.48, "os": 0.05, "foss": 0.0, "juv": 0.0, "B": 0.99, "Q": 30.36, "w": 41.82, "h": 0.46, "S": 0.01422, "elv": "Dalaåi", "km": 18.0}}, {"type": "Feature", "geometry": {"type": "LineString", "coordinates": [[8.41502, 59.42922], [8.41641, 59.42964]]}, "properties": {"P": 31.93, "tau": 58.57, "tau_c": 80.86, "omega": 87.77, "M": 0.72, "D": 0.13, "R": 0.48, "sving": 0.35, "os": 0.0, "foss": 0.0, "juv": 0.0, "B": 0.99, "Q": 30.38, "w": 41.84, "h": 0.48, "S": 0.01232, "elv": "Dalaåi", "km": 18.1}}, {"type": "Feature", "geometry": {"type": "LineString", "coordinates": [[8.41641, 59.42964], [8.41725, 59.43038]]}, "properties": {"P": 32.36, "tau": 48.18, "tau_c": 70.29, "omega": 66.34, "M": 0.69, "D": 0.12, "R": 0.43, "sving": 0.46, "os": 0.0, "foss": 0.0, "juv": 0.0, "B": 0.99, "Q": 30.39, "w": 41.84, "h": 0.53, "S": 0.00931, "elv": "Dalaåi", "km": 18.2}}, {"type": "Feature", "geometry": {"type": "LineString", "coordinates": [[8.41725, 59.43038], [8.41864, 59.43091]]}, "properties": {"P": 19.76, "tau": 44.32, "tau_c": 68.87, "omega": 58.24, "M": 0.64, "D": 0.08, "R": 0.37, "sving": 0.09, "os": 0.0, "foss": 0.0, "juv": 0.0, "B": 0.99, "Q": 30.39, "w": 45.77, "h": 0.51, "S": 0.00894, "elv": "Dalaåi", "km": 18.3}}, {"type": "Feature", "geometry": {"type": "LineString", "coordinates": [[8.41864, 59.43091], [8.41994, 59.43152]]}, "properties": {"P": 21.02, "tau": 51.18, "tau_c": 77.75, "omega": 71.22, "M": 0.66, "D": 0.03, "R": 0.39, "sving": 0.18, "os": 0.0, "foss": 0.0, "juv": 0.0, "B": 0.99, "Q": 30.39, "w": 47.7, "h": 0.46, "S": 0.01139, "elv": "Dalaåi", "km": 18.4}}, {"type": "Feature", "geometry": {"type": "LineString", "coordinates": [[8.41994, 59.43152], [8.4212, 59.43214]]}, "properties": {"P": 22.47, "tau": 59.89, "tau_c": 87.02, "omega": 89.2, "M": 0.69, "D": -0.0, "R": 0.43, "sving": 0.21, "os": 0.0, "foss": 0.0, "juv": 0.0, "B": 0.99, "Q": 30.4, "w": 47.72, "h": 0.43, "S": 0.01427, "elv": "Dalaåi", "km": 18.5}}, {"type": "Feature", "geometry": {"type": "LineString", "coordinates": [[8.4212, 59.43214], [8.42267, 59.43261]]}, "properties": {"P": 24.77, "tau": 57.87, "tau_c": 84.92, "omega": 84.92, "M": 0.68, "D": -0.0, "R": 0.42, "sving": 0.32, "os": 0.0, "foss": 0.0, "juv": 0.0, "B": 0.99, "Q": 30.41, "w": 47.75, "h": 0.43, "S": 0.01359, "elv": "Dalaåi", "km": 18.6}}, {"type": "Feature", "geometry": {"type": "LineString", "coordinates": [[8.42267, 59.43261], [8.42441, 59.43268]]}, "properties": {"P": 29.33, "tau": 60.84, "tau_c": 86.23, "omega": 91.77, "M": 0.71, "D": -0.0, "R": 0.45, "sving": 0.45, "os": 0.0, "foss": 0.0, "juv": 0.0, "B": 0.99, "Q": 30.54, "w": 45.75, "h": 0.44, "S": 0.01401, "elv": "Dalaåi", "km": 18.7}}, {"type": "Feature", "geometry": {"type": "LineString", "coordinates": [[8.42441, 59.43268], [8.42616, 59.43259]]}, "properties": {"P": 32.15, "tau": 66.85, "tau_c": 90.48, "omega": 105.61, "M": 0.74, "D": -0.0, "R": 0.5, "sving": 0.49, "os": 0.0, "foss": 0.0, "juv": 0.0, "B": 0.99, "Q": 30.57, "w": 43.83, "h": 0.44, "S": 0.01543, "elv": "Dalaåi", "km": 18.8}}, {"type": "Feature", "geometry": {"type": "LineString", "coordinates": [[8.42616, 59.43259], [8.42774, 59.43221]]}, "properties": {"P": 30.74, "tau": 67.24, "tau_c": 89.07, "omega": 107.07, "M": 0.75, "D": 0.02, "R": 0.52, "sving": 0.37, "os": 0.0, "foss": 0.0, "juv": 0.0, "B": 0.99, "Q": 30.58, "w": 41.9, "h": 0.46, "S": 0.01495, "elv": "Dalaåi", "km": 18.9}}, {"type": "Feature", "geometry": {"type": "LineString", "coordinates": [[8.42774, 59.43221], [8.42901, 59.4316]]}, "properties": {"P": 28.63, "tau": 60.77, "tau_c": 81.1, "omega": 93.13, "M": 0.75, "D": 0.06, "R": 0.51, "sving": 0.24, "os": 0.0, "foss": 0.0, "juv": 0.0, "B": 0.99, "Q": 30.59, "w": 39.95, "h": 0.5, "S": 0.0124, "elv": "Dalaåi", "km": 19.0}}, {"type": "Feature", "geometry": {"type": "LineString", "coordinates": [[8.42901, 59.4316], [8.4301, 59.43089]]}, "properties": {"P": 23.86, "tau": 56.87, "tau_c": 77.33, "omega": 84.68, "M": 0.74, "D": 0.08, "R": 0.49, "sving": 0.05, "os": 0.0, "foss": 0.0, "juv": 0.0, "B": 0.99, "Q": 30.6, "w": 39.96, "h": 0.51, "S": 0.01127, "elv": "Dalaåi", "km": 19.1}}, {"type": "Feature", "geometry": {"type": "LineString", "coordinates": [[8.4301, 59.43089], [8.43138, 59.43028]]}, "properties": {"P": 23.57, "tau": 51.26, "tau_c": 74.84, "omega": 72.16, "M": 0.68, "D": 0.07, "R": 0.43, "sving": 0.16, "os": 0.0, "foss": 0.0, "juv": 0.0, "B": 0.99, "Q": 30.61, "w": 43.93, "h": 0.49, "S": 0.01056, "elv": "Dalaåi", "km": 19.2}}, {"type": "Feature", "geometry": {"type": "LineString", "coordinates": [[8.43138, 59.43028], [8.43285, 59.42981]]}, "properties": {"P": 22.37, "tau": 53.71, "tau_c": 77.37, "omega": 77.15, "M": 0.69, "D": 0.03, "R": 0.44, "sving": 0.15, "os": 0.0, "foss": 0.0, "juv": 0.0, "B": 0.99, "Q": 30.61, "w": 43.93, "h": 0.49, "S": 0.01128, "elv": "Dalaåi", "km": 19.3}}, {"type": "Feature", "geometry": {"type": "LineString", "coordinates": [[8.43285, 59.42981], [8.43451, 59.42953]]}, "properties": {"P": 18.3, "tau": 53.84, "tau_c": 77.45, "omega": 77.43, "M": 0.7, "D": 0.01, "R": 0.44, "sving": 0.01, "os": 0.0, "foss": 0.0, "juv": 0.0, "B": 0.99, "Q": 30.66, "w": 43.93, "h": 0.49, "S": 0.01131, "elv": "Dalaåi", "km": 19.4}}, {"type": "Feature", "geometry": {"type": "LineString", "coordinates": [[8.43451, 59.42953], [8.43604, 59.4291]]}, "properties": {"P": 21.68, "tau": 55.3, "tau_c": 77.35, "omega": 80.92, "M": 0.71, "D": -0.0, "R": 0.47, "sving": 0.12, "os": 0.0, "foss": 0.0, "juv": 0.0, "B": 0.99, "Q": 30.67, "w": 41.93, "h": 0.5, "S": 0.01128, "elv": "Dalaåi", "km": 19.5}}, {"type": "Feature", "geometry": {"type": "LineString", "coordinates": [[8.43604, 59.4291], [8.43729, 59.42847]]}, "properties": {"P": 25.51, "tau": 57.55, "tau_c": 76.17, "omega": 86.67, "M": 0.76, "D": -0.0, "R": 0.52, "sving": 0.18, "os": 0.0, "foss": 0.0, "juv": 0.0, "B": 0.99, "Q": 30.67, "w": 37.97, "h": 0.54, "S": 0.01094, "elv": "Dalaåi", "km": 19.6}}, {"type": "Feature", "geometry": {"type": "LineString", "coordinates": [[8.43729, 59.42847], [8.43843, 59.42779]]}, "properties": {"P": 26.59, "tau": 59.93, "tau_c": 74.66, "omega": 93.0, "M": 0.8, "D": -0.0, "R": 0.58, "sving": 0.13, "os": 0.0, "foss": 0.0, "juv": 0.0, "B": 0.99, "Q": 30.68, "w": 34.0, "h": 0.58, "S": 0.0105, "elv": "Dalaåi", "km": 19.7}}, {"type": "Feature", "geometry": {"type": "LineString", "coordinates": [[8.43843, 59.42779], [8.43964, 59.42714]]}, "properties": {"P": 25.33, "tau": 62.16, "tau_c": 74.58, "omega": 98.64, "M": 0.83, "D": 0.0, "R": 0.62, "sving": 0.01, "os": 0.0, "foss": 0.0, "juv": 0.0, "B": 0.99, "Q": 30.69, "w": 32.0, "h": 0.6, "S": 0.01048, "elv": "Dalaåi", "km": 19.8}}, {"type": "Feature", "geometry": {"type": "LineString", "coordinates": [[8.43964, 59.42714], [8.4408, 59.42646]]}, "properties": {"P": 27.5, "tau": 57.79, "tau_c": 68.74, "omega": 89.39, "M": 0.84, "D": 0.03, "R": 0.63, "sving": 0.04, "os": 0.0, "foss": 0.0, "juv": 0.0, "B": 0.99, "Q": 30.69, "w": 30.0, "h": 0.66, "S": 0.00891, "elv": "Dalaåi", "km": 19.9}}, {"type": "Feature", "geometry": {"type": "LineString", "coordinates": [[8.4408, 59.42646], [8.44204, 59.42583]]}, "properties": {"P": 26.89, "tau": 58.0, "tau_c": 70.95, "omega": 89.29, "M": 0.82, "D": 0.07, "R": 0.6, "sving": 0.02, "os": 0.0, "foss": 0.0, "juv": 0.0, "B": 0.99, "Q": 30.7, "w": 32.0, "h": 0.62, "S": 0.00949, "elv": "Dalaåi", "km": 20.0}}, {"type": "Feature", "geometry": {"type": "LineString", "coordinates": [[8.44204, 59.42583], [8.44332, 59.42522]]}, "properties": {"P": 25.59, "tau": 52.24, "tau_c": 69.22, "omega": 75.93, "M": 0.75, "D": 0.1, "R": 0.52, "sving": 0.06, "os": 0.0, "foss": 0.0, "juv": 0.0, "B": 0.99, "Q": 30.85, "w": 36.0, "h": 0.59, "S": 0.00903, "elv": "Dalaåi", "km": 20.1}}, {"type": "Feature", "geometry": {"type": "LineString", "coordinates": [[8.44332, 59.42522], [8.44458, 59.4246]]}, "properties": {"P": 24.7, "tau": 44.96, "tau_c": 65.13, "omega": 60.5, "M": 0.69, "D": 0.08, "R": 0.43, "sving": 0.19, "os": 0.0, "foss": 0.0, "juv": 0.0, "B": 0.99, "Q": 30.85, "w": 40.0, "h": 0.57, "S": 0.00799, "elv": "Dalaåi", "km": 20.2}}, {"type": "Feature", "geometry": {"type": "LineString", "coordinates": [[8.44458, 59.4246], [8.44593, 59.42404]]}, "properties": {"P": 30.53, "tau": 49.55, "tau_c": 72.83, "omega": 68.79, "M": 0.68, "D": 0.04, "R": 0.42, "sving": 0.51, "os": 0.0, "foss": 0.0, "juv": 0.0, "B": 0.99, "Q": 30.86, "w": 44.0, "h": 0.51, "S": 0.01, "elv": "Dalaåi", "km": 20.3}}, {"type": "Feature", "geometry": {"type": "LineString", "coordinates": [[8.44593, 59.42404], [8.44638, 59.4232]]}, "properties": {"P": 30.61, "tau": 50.85, "tau_c": 77.09, "omega": 70.64, "M": 0.66, "D": 0.01, "R": 0.39, "sving": 0.53, "os": 0.07, "foss": 0.0, "juv": 0.0, "B": 0.99, "Q": 30.86, "w": 48.0, "h": 0.46, "S": 0.0112, "elv": "Dalaåi", "km": 20.4}}, {"type": "Feature", "geometry": {"type": "LineString", "coordinates": [[8.44638, 59.4232], [8.44551, 59.42244]]}, "properties": {"P": 26.21, "tau": 56.36, "tau_c": 84.48, "omega": 81.45, "M": 0.67, "D": -0.0, "R": 0.4, "sving": 0.29, "os": 0.12, "foss": 0.0, "juv": 0.0, "B": 0.99, "Q": 30.87, "w": 50.0, "h": 0.43, "S": 0.01345, "elv": "Dalaåi", "km": 20.5}}, {"type": "Feature", "geometry": {"type": "LineString", "coordinates": [[8.44551, 59.42244], [8.44454, 59.42171]]}, "properties": {"P": 25.08, "tau": 60.88, "tau_c": 89.28, "omega": 90.98, "M": 0.68, "D": -0.0, "R": 0.42, "sving": 0.17, "os": 0.16, "foss": 0.0, "juv": 0.0, "B": 0.99, "Q": 30.87, "w": 50.0, "h": 0.41, "S": 0.01502, "elv": "Dalaåi", "km": 20.6}}, {"type": "Feature", "geometry": {"type": "LineString", "coordinates": [[8.44454, 59.42171], [8.44472, 59.42085]]}, "properties": {"P": 36.71, "tau": 65.65, "tau_c": 90.85, "omega": 102.41, "M": 0.72, "D": -0.0, "R": 0.48, "sving": 0.51, "os": 0.21, "foss": 0.0, "juv": 0.0, "B": 0.99, "Q": 30.87, "w": 46.0, "h": 0.43, "S": 0.01556, "elv": "Dalaåi", "km": 20.7}}, {"type": "Feature", "geometry": {"type": "LineString", "coordinates": [[8.44472, 59.42085], [8.44586, 59.42018]]}, "properties": {"P": 45.26, "tau": 74.61, "tau_c": 95.67, "omega": 124.41, "M": 0.78, "D": -0.0, "R": 0.55, "sving": 0.64, "os": 0.31, "foss": 0.0, "juv": 0.0, "B": 0.99, "Q": 30.88, "w": 42.0, "h": 0.44, "S": 0.01725, "elv": "Dalaåi", "km": 20.8}}, {"type": "Feature", "geometry": {"type": "LineString", "coordinates": [[8.44586, 59.42018], [8.44716, 59.41958]]}, "properties": {"P": 47.74, "tau": 65.79, "tau_c": 87.11, "omega": 103.99, "M": 0.76, "D": 0.02, "R": 0.52, "sving": 0.57, "os": 0.51, "foss": 0.0, "juv": 0.0, "B": 0.99, "Q": 31.13, "w": 42.0, "h": 0.47, "S": 0.0143, "elv": "Dalaåi", "km": 20.9}}, {"type": "Feature", "geometry": {"type": "LineString", "coordinates": [[8.44716, 59.41958], [8.44871, 59.41917]]}, "properties": {"P": 53.05, "tau": 69.89, "tau_c": 91.0, "omega": 113.38, "M": 0.77, "D": 0.03, "R": 0.54, "sving": 0.42, "os": 0.83, "foss": 0.0, "juv": 0.0, "B": 0.99, "Q": 31.13, "w": 42.04, "h": 0.46, "S": 0.01561, "elv": "Dalaåi", "km": 21.0}}, {"type": "Feature", "geometry": {"type": "LineString", "coordinates": [[8.44871, 59.41917], [8.45045, 59.41922]]}, "properties": {"P": 45.79, "tau": 67.76, "tau_c": 89.09, "omega": 108.44, "M": 0.76, "D": 0.05, "R": 0.53, "sving": 0.21, "os": 0.73, "foss": 0.0, "juv": 0.0, "B": 0.99, "Q": 31.13, "w": 42.13, "h": 0.46, "S": 0.01496, "elv": "Dalaåi", "km": 21.1}}, {"type": "Feature", "geometry": {"type": "LineString", "coordinates": [[8.45045, 59.41922], [8.45215, 59.41946]]}, "properties": {"P": 35.71, "tau": 61.89, "tau_c": 86.95, "omega": 94.16, "M": 0.71, "D": 0.05, "R": 0.46, "sving": 0.18, "os": 0.45, "foss": 0.0, "juv": 0.0, "B": 0.99, "Q": 31.14, "w": 46.23, "h": 0.44, "S": 0.01425, "elv": "Dalaåi", "km": 21.2}}, {"type": "Feature", "geometry": {"type": "LineString", "coordinates": [[8.45215, 59.41946], [8.45381, 59.41932]]}, "properties": {"P": 41.77, "tau": 61.72, "tau_c": 89.63, "omega": 92.95, "M": 0.69, "D": 0.04, "R": 0.43, "sving": 0.54, "os": 0.41, "foss": 0.0, "juv": 0.0, "B": 0.99, "Q": 31.43, "w": 50.23, "h": 0.42, "S": 0.01514, "elv": "Dalaåi", "km": 21.3}}, {"type": "Feature", "geometry": {"type": "LineString", "coordinates": [[8.45381, 59.41932], [8.45482, 59.41859]]}, "properties": {"P": 47.18, "tau": 61.36, "tau_c": 90.27, "omega": 91.87, "M": 0.68, "D": 0.02, "R": 0.42, "sving": 0.6, "os": 0.61, "foss": 0.0, "juv": 0.0, "B": 0.99, "Q": 31.43, "w": 51.55, "h": 0.41, "S": 0.01536, "elv": "Dalaåi", "km": 21.4}}, {"type": "Feature", "geometry": {"type": "LineString", "coordinates": [[8.45482, 59.41859], [8.45515, 59.41772]]}, "properties": {"P": 58.11, "tau": 77.03, "tau_c": 97.21, "omega": 130.88, "M": 0.79, "D": -0.0, "R": 0.57, "sving": 0.4, "os": 0.99, "foss": 0.0, "juv": 0.0, "B": 1.02, "Q": 39.57, "w": 52.83, "h": 0.44, "S": 0.01781, "elv": "Dalaåi", "km": 21.5}}, {"type": "Feature", "geometry": {"type": "LineString", "coordinates": [[8.45515, 59.41772], [8.45555, 59.41684]]}, "properties": {"P": 40.38, "tau": 71.74, "tau_c": 93.31, "omega": 117.85, "M": 0.77, "D": 0.02, "R": 0.54, "sving": 0.09, "os": 0.6, "foss": 0.0, "juv": 0.0, "B": 1.02, "Q": 39.58, "w": 54.07, "h": 0.45, "S": 0.01641, "elv": "Dalaåi", "km": 21.6}}, {"type": "Feature", "geometry": {"type": "LineString", "coordinates": [[8.45555, 59.41684], [8.45614, 59.41601]]}, "properties": {"P": 39.5, "tau": 70.62, "tau_c": 93.19, "omega": 114.89, "M": 0.76, "D": 0.05, "R": 0.52, "sving": 0.28, "os": 0.37, "foss": 0.0, "juv": 0.0, "B": 1.02, "Q": 39.58, "w": 55.33, "h": 0.44, "S": 0.01637, "elv": "Dalaåi", "km": 21.7}}, {"type": "Feature", "geometry": {"type": "LineString", "coordinates": [[8.45614, 59.41601], [8.45746, 59.41544]]}, "properties": {"P": 31.45, "tau": 66.43, "tau_c": 90.14, "omega": 104.93, "M": 0.74, "D": 0.07, "R": 0.5, "sving": 0.12, "os": 0.22, "foss": 0.0, "juv": 0.0, "B": 1.02, "Q": 39.59, "w": 56.68, "h": 0.44, "S": 0.01531, "elv": "Dalaåi", "km": 21.8}}, {"type": "Feature", "geometry": {"type": "LineString", "coordinates": [[8.45746, 59.41544], [8.45888, 59.41491]]}, "properties": {"P": 26.57, "tau": 60.21, "tau_c": 83.86, "omega": 91.21, "M": 0.72, "D": 0.06, "R": 0.47, "sving": 0.06, "os": 0.15, "foss": 0.0, "juv": 0.0, "B": 1.02, "Q": 39.77, "w": 56.71, "h": 0.46, "S": 0.01326, "elv": "Dalaåi", "km": 21.9}}, {"type": "Feature", "geometry": {"type": "LineString", "coordinates": [[8.45888, 59.41491], [8.4598, 59.41416]]}, "properties": {"P": 30.59, "tau": 63.29, "tau_c": 86.93, "omega": 97.96, "M": 0.73, "D": 0.03, "R": 0.48, "sving": 0.29, "os": 0.09, "foss": 0.0, "juv": 0.0, "B": 1.02, "Q": 39.78, "w": 56.73, "h": 0.45, "S": 0.01424, "elv": "Dalaåi", "km": 22.0}}, {"type": "Feature", "geometry": {"type": "LineString", "coordinates": [[8.4598, 59.41416], [8.46011, 59.41328]]}, "properties": {"P": 24.6, "tau": 61.42, "tau_c": 80.08, "omega": 95.46, "M": 0.77, "D": 0.02, "R": 0.54, "sving": 0.01, "os": 0.06, "foss": 0.0, "juv": 0.0, "B": 1.02, "Q": 39.78, "w": 49.41, "h": 0.52, "S": 0.01209, "elv": "Dalaåi", "km": 22.1}}, {"type": "Feature", "geometry": {"type": "LineString", "coordinates": [[8.46011, 59.41328], [8.46027, 59.4124]]}, "properties": {"P": 30.93, "tau": 59.06, "tau_c": 77.86, "omega": 90.24, "M": 0.76, "D": 0.03, "R": 0.52, "sving": 0.27, "os": 0.05, "foss": 0.0, "juv": 0.0, "B": 1.02, "Q": 39.78, "w": 49.41, "h": 0.53, "S": 0.01143, "elv": "Dalaåi", "km": 22.2}}, {"type": "Feature", "geometry": {"type": "LineString", "coordinates": [[8.46027, 59.4124], [8.46164, 59.41187]]}, "properties": {"P": 31.27, "tau": 58.48, "tau_c": 77.32, "omega": 88.98, "M": 0.76, "D": 0.04, "R": 0.52, "sving": 0.26, "os": 0.07, "foss": 0.0, "juv": 0.0, "B": 1.02, "Q": 39.78, "w": 49.41, "h": 0.53, "S": 0.01127, "elv": "Dalaåi", "km": 22.3}}, {"type": "Feature", "geometry": {"type": "LineString", "coordinates": [[8.46164, 59.41187], [8.46332, 59.41162]]}, "properties": {"P": 26.19, "tau": 53.33, "tau_c": 72.36, "omega": 77.96, "M": 0.74, "D": 0.06, "R": 0.5, "sving": 0.03, "os": 0.11, "foss": 0.0, "juv": 0.0, "B": 1.02, "Q": 39.79, "w": 49.42, "h": 0.55, "S": 0.00987, "elv": "Dalaåi", "km": 22.4}}, {"type": "Feature", "geometry": {"type": "LineString", "coordinates": [[8.46332, 59.41162], [8.46463, 59.41106]]}, "properties": {"P": 39.91, "tau": 55.69, "tau_c": 74.65, "omega": 82.96, "M": 0.75, "D": 0.04, "R": 0.51, "sving": 0.52, "os": 0.18, "foss": 0.0, "juv": 0.0, "B": 1.02, "Q": 39.79, "w": 49.42, "h": 0.54, "S": 0.0105, "elv": "Dalaåi", "km": 22.5}}, {"type": "Feature", "geometry": {"type": "LineString", "coordinates": [[8.46463, 59.41106], [8.46464, 59.41018]]}, "properties": {"P": 40.81, "tau": 47.25, "tau_c": 70.51, "omega": 64.44, "M": 0.67, "D": 0.05, "R": 0.41, "sving": 0.61, "os": 0.28, "foss": 0.0, "juv": 0.0, "B": 1.02, "Q": 39.81, "w": 56.78, "h": 0.51, "S": 0.00937, "elv": "Dalaåi", "km": 22.6}}, {"type": "Feature", "geometry": {"type": "LineString", "coordinates": [[8.46464, 59.41018], [8.46385, 59.40938]]}, "properties": {"P": 28.31, "tau": 55.24, "tau_c": 78.86, "omega": 80.62, "M": 0.7, "D": 0.03, "R": 0.45, "sving": 0.08, "os": 0.28, "foss": 0.0, "juv": 0.0, "B": 1.02, "Q": 39.81, "w": 56.78, "h": 0.48, "S": 0.01172, "elv": "Dalaåi", "km": 22.7}}, {"type": "Feature", "geometry": {"type": "LineString", "coordinates": [[8.46385, 59.40938], [8.46325, 59.40855]]}, "properties": {"P": 30.25, "tau": 49.41, "tau_c": 72.81, "omega": 68.71, "M": 0.68, "D": 0.04, "R": 0.42, "sving": 0.27, "os": 0.2, "foss": 0.0, "juv": 0.0, "B": 1.02, "Q": 39.81, "w": 56.78, "h": 0.5, "S": 0.00999, "elv": "Dalaåi", "km": 22.8}}, {"type": "Feature", "geometry": {"type": "LineString", "coordinates": [[8.46325, 59.40855], [8.46428, 59.40789]]}, "properties": {"P": 30.85, "tau": 45.65, "tau_c": 68.79, "omega": 61.34, "M": 0.66, "D": 0.02, "R": 0.4, "sving": 0.42, "os": 0.14, "foss": 0.0, "juv": 0.0, "B": 1.02, "Q": 39.81, "w": 56.78, "h": 0.52, "S": 0.00892, "elv": "Dalaåi", "km": 22.9}}, {"type": "Feature", "geometry": {"type": "LineString", "coordinates": [[8.46428, 59.40789], [8.46545, 59.40723]]}, "properties": {"P": 31.97, "tau": 51.39, "tau_c": 74.88, "omega": 72.68, "M": 0.69, "D": 0.02, "R": 0.43, "sving": 0.42, "os": 0.13, "foss": 0.0, "juv": 0.0, "B": 1.02, "Q": 39.81, "w": 56.78, "h": 0.5, "S": 0.01057, "elv": "Dalaåi", "km": 23.0}}, {"type": "Feature", "geometry": {"type": "LineString", "coordinates": [[8.46545, 59.40723], [8.4665, 59.40651]]}, "properties": {"P": 21.11, "tau": 48.54, "tau_c": 71.88, "omega": 66.98, "M": 0.68, "D": 0.03, "R": 0.41, "sving": 0.01, "os": 0.12, "foss": 0.0, "juv": 0.0, "B": 1.02, "Q": 39.81, "w": 56.78, "h": 0.51, "S": 0.00974, "elv": "Dalaåi", "km": 23.1}}, {"type": "Feature", "geometry": {"type": "LineString", "coordinates": [[8.4665, 59.40651], [8.46771, 59.40587]]}, "properties": {"P": 21.09, "tau": 49.78, "tau_c": 73.33, "omega": 69.42, "M": 0.68, "D": 0.04, "R": 0.42, "sving": 0.01, "os": 0.09, "foss": 0.0, "juv": 0.0, "B": 1.02, "Q": 39.81, "w": 57.02, "h": 0.5, "S": 0.01014, "elv": "Dalaåi", "km": 23.2}}, {"type": "Feature", "geometry": {"type": "LineString", "coordinates": [[8.46771, 59.40587], [8.46879, 59.40517]]}, "properties": {"P": 22.66, "tau": 43.0, "tau_c": 64.29, "omega": 56.69, "M": 0.67, "D": 0.07, "R": 0.4, "sving": 0.08, "os": 0.07, "foss": 0.0, "juv": 0.0, "B": 1.02, "Q": 39.81, "w": 53.66, "h": 0.56, "S": 0.00779, "elv": "Dalaåi", "km": 23.3}}, {"type": "Feature", "geometry": {"type": "LineString", "coordinates": [[8.46879, 59.40517], [8.46993, 59.40449]]}, "properties": {"P": 24.39, "tau": 43.97, "tau_c": 62.38, "omega": 59.31, "M": 0.7, "D": 0.06, "R": 0.45, "sving": 0.14, "os": 0.0, "foss": 0.0, "juv": 0.0, "B": 1.02, "Q": 41.47, "w": 50.3, "h": 0.61, "S": 0.00733, "elv": "Dalaåi", "km": 23.4}}, {"type": "Feature", "geometry": {"type": "LineString", "coordinates": [[8.46993, 59.40449], [8.47119, 59.40392]]}, "properties": {"P": 27.51, "tau": 40.7, "tau_c": 59.16, "omega": 53.05, "M": 0.69, "D": 0.07, "R": 0.43, "sving": 0.3, "os": 0.0, "foss": 0.0, "juv": 0.0, "B": 1.02, "Q": 41.47, "w": 50.59, "h": 0.63, "S": 0.0066, "elv": "Dalaåi", "km": 23.5}}, {"type": "Feature", "geometry": {"type": "LineString", "coordinates": [[8.47119, 59.40392], [8.47277, 59.40357]]}, "properties": {"P": 24.41, "tau": 38.22, "tau_c": 56.47, "omega": 48.5, "M": 0.68, "D": 0.09, "R": 0.41, "sving": 0.17, "os": 0.0, "foss": 0.0, "juv": 0.0, "B": 1.02, "Q": 41.85, "w": 50.88, "h": 0.65, "S": 0.00601, "elv": "Dalaåi", "km": 23.6}}, {"type": "Feature", "geometry": {"type": "LineString", "coordinates": [[8.47277, 59.40357], [8.47451, 59.40346]]}, "properties": {"P": 22.85, "tau": 38.71, "tau_c": 57.01, "omega": 49.38, "M": 0.68, "D": 0.12, "R": 0.42, "sving": 0.05, "os": 0.0, "foss": 0.0, "juv": 0.0, "B": 1.02, "Q": 41.86, "w": 50.94, "h": 0.64, "S": 0.00613, "elv": "Dalaåi", "km": 23.7}}, {"type": "Feature", "geometry": {"type": "LineString", "coordinates": [[8.47451, 59.40346], [8.47611, 59.4031]]}, "properties": {"P": 20.58, "tau": 27.52, "tau_c": 46.02, "omega": 30.04, "M": 0.6, "D": 0.15, "R": 0.31, "sving": 0.11, "os": 0.0, "foss": 0.0, "juv": 0.0, "B": 1.02, "Q": 41.86, "w": 54.58, "h": 0.7, "S": 0.00399, "elv": "Dalaåi", "km": 23.8}}, {"type": "Feature", "geometry": {"type": "LineString", "coordinates": [[8.47611, 59.4031], [8.47757, 59.40261]]}, "properties": {"P": 20.38, "tau": 26.35, "tau_c": 45.89, "omega": 27.99, "M": 0.57, "D": 0.1, "R": 0.28, "sving": 0.22, "os": 0.0, "foss": 0.0, "juv": 0.0, "B": 1.02, "Q": 41.86, "w": 58.23, "h": 0.68, "S": 0.00397, "elv": "Dalaåi", "km": 23.9}}, {"type": "Feature", "geometry": {"type": "LineString", "coordinates": [[8.47757, 59.40261], [8.47889, 59.40203]]}, "properties": {"P": 18.17, "tau": 30.78, "tau_c": 51.31, "omega": 34.99, "M": 0.6, "D": 0.04, "R": 0.31, "sving": 0.15, "os": 0.0, "foss": 0.0, "juv": 0.0, "B": 1.02, "Q": 41.86, "w": 58.23, "h": 0.63, "S": 0.00496, "elv": "Dalaåi", "km": 24.0}}, {"type": "Feature", "geometry": {"type": "LineString", "coordinates": [[8.40757, 59.39956], [8.40932, 59.39957]]}, "properties": {"P": 12.64, "tau": 81.38, "tau_c": 262.65, "omega": 102.78, "M": 0.31, "D": 0.0, "R": 0.03, "sving": 0.1, "os": 0.09, "foss": 1.0, "juv": 0.0, "B": 0.41, "Q": 0.53, "w": 6.52, "h": 0.06, "S": 0.13002, "elv": "Smørjusbekk", "km": 1.4}}, {"type": "Feature", "geometry": {"type": "LineString", "coordinates": [[8.40932, 59.39957], [8.41101, 59.39937]]}, "properties": {"P": 13.72, "tau": 119.18, "tau_c": 345.25, "omega": 177.57, "M": 0.35, "D": 0.0, "R": 0.05, "sving": 0.12, "os": 0.15, "foss": 1.0, "juv": 0.0, "B": 0.41, "Q": 0.53, "w": 6.53, "h": 0.05, "S": 0.22467, "elv": "Smørjusbekk", "km": 1.5}}, {"type": "Feature", "geometry": {"type": "LineString", "coordinates": [[8.41101, 59.39937], [8.41275, 59.39925]]}, "properties": {"P": 16.58, "tau": 148.75, "tau_c": 364.2, "omega": 243.9, "M": 0.41, "D": 0.0, "R": 0.1, "sving": 0.23, "os": 0.25, "foss": 1.0, "juv": 0.0, "B": 0.41, "Q": 0.53, "w": 6.53, "h": 0.05, "S": 0.3086, "elv": "Smørjusbekk", "km": 1.6}}, {"type": "Feature", "geometry": {"type": "LineString", "coordinates": [[8.41275, 59.39925], [8.41431, 59.39888]]}, "properties": {"P": 18.51, "tau": 171.05, "tau_c": 364.2, "omega": 297.92, "M": 0.47, "D": 0.0, "R": 0.15, "sving": 0.17, "os": 0.4, "foss": 1.0, "juv": 0.0, "B": 0.41, "Q": 0.53, "w": 6.53, "h": 0.05, "S": 0.37695, "elv": "Smørjusbekk", "km": 1.7}}, {"type": "Feature", "geometry": {"type": "LineString", "coordinates": [[8.41431, 59.39888], [8.41567, 59.39839]]}, "properties": {"P": 23.39, "tau": 192.13, "tau_c": 364.2, "omega": 351.86, "M": 0.53, "D": 0.0, "R": 0.22, "sving": 0.29, "os": 0.65, "foss": 1.0, "juv": 0.0, "B": 0.41, "Q": 0.53, "w": 6.53, "h": 0.04, "S": 0.4452, "elv": "Smørjusbekk", "km": 1.8}}, {"type": "Feature", "geometry": {"type": "LineString", "coordinates": [[8.41567, 59.39839], [8.41699, 59.39783]]}, "properties": {"P": 27.87, "tau": 211.38, "tau_c": 364.2, "omega": 403.4, "M": 0.58, "D": 0.08, "R": 0.29, "sving": 0.23, "os": 0.95, "foss": 1.0, "juv": 0.0, "B": 0.41, "Q": 0.53, "w": 6.53, "h": 0.04, "S": 0.51041, "elv": "Smørjusbekk", "km": 1.9}}, {"type": "Feature", "geometry": {"type": "LineString", "coordinates": [[8.41699, 59.39783], [8.41804, 59.39713]]}, "properties": {"P": 26.4, "tau": 215.22, "tau_c": 364.2, "omega": 413.94, "M": 0.59, "D": 0.22, "R": 0.3, "sving": 0.24, "os": 0.58, "foss": 1.0, "juv": 0.0, "B": 0.41, "Q": 0.53, "w": 6.53, "h": 0.04, "S": 0.52375, "elv": "Smørjusbekk", "km": 2.0}}, {"type": "Feature", "geometry": {"type": "LineString", "coordinates": [[8.37654, 59.42433], [8.37827, 59.42425]]}, "properties": {"P": 12.38, "tau": 83.74, "tau_c": 247.05, "omega": 110.07, "M": 0.34, "D": 0.0, "R": 0.05, "sving": 0.07, "os": 0.0, "foss": 1.0, "juv": 0.0, "B": 0.44, "Q": 0.77, "w": 7.89, "h": 0.07, "S": 0.11504, "elv": "Kvinnandalsbekken", "km": 0.2}}, {"type": "Feature", "geometry": {"type": "LineString", "coordinates": [[8.37827, 59.42425], [8.37998, 59.42442]]}, "properties": {"P": 13.43, "tau": 104.47, "tau_c": 289.46, "omega": 151.13, "M": 0.36, "D": 0.0, "R": 0.06, "sving": 0.15, "os": 0.0, "foss": 1.0, "juv": 0.0, "B": 0.44, "Q": 0.77, "w": 7.91, "h": 0.07, "S": 0.15792, "elv": "Kvinnandalsbekken", "km": 0.3}}, {"type": "Feature", "geometry": {"type": "LineString", "coordinates": [[8.37998, 59.42442], [8.3817, 59.42461]]}, "properties": {"P": 13.75, "tau": 127.96, "tau_c": 334.19, "omega": 202.2, "M": 0.38, "D": 0.0, "R": 0.08, "sving": 0.15, "os": 0.0, "foss": 1.0, "juv": 0.0, "B": 0.44, "Q": 0.78, "w": 7.93, "h": 0.06, "S": 0.2105, "elv": "Kvinnandalsbekken", "km": 0.4}}, {"type": "Feature", "geometry": {"type": "LineString", "coordinates": [[8.3817, 59.42461], [8.38334, 59.42492]]}, "properties": {"P": 12.31, "tau": 140.98, "tau_c": 358.25, "omega": 232.31, "M": 0.39, "D": 0.0, "R": 0.08, "sving": 0.0, "os": 0.0, "foss": 1.0, "juv": 0.0, "B": 0.44, "Q": 0.78, "w": 7.97, "h": 0.06, "S": 0.2419, "elv": "Kvinnandalsbekken", "km": 0.5}}, {"type": "Feature", "geometry": {"type": "LineString", "coordinates": [[8.38334, 59.42492], [8.385, 59.42519]]}, "properties": {"P": 12.65, "tau": 150.66, "tau_c": 364.2, "omega": 255.68, "M": 0.41, "D": 0.0, "R": 0.1, "sving": 0.01, "os": 0.0, "foss": 1.0, "juv": 0.0, "B": 0.44, "Q": 0.79, "w": 8.0, "h": 0.06, "S": 0.26483, "elv": "Kvinnandalsbekken", "km": 0.6}}, {"type": "Feature", "geometry": {"type": "LineString", "coordinates": [[8.385, 59.42519], [8.38672, 59.42536]]}, "properties": {"P": 13.11, "tau": 155.64, "tau_c": 364.2, "omega": 268.35, "M": 0.43, "D": 0.0, "R": 0.11, "sving": 0.02, "os": 0.0, "foss": 1.0, "juv": 0.0, "B": 0.44, "Q": 0.8, "w": 8.03, "h": 0.06, "S": 0.27427, "elv": "Kvinnandalsbekken", "km": 0.7}}, {"type": "Feature", "geometry": {"type": "LineString", "coordinates": [[8.38672, 59.42536], [8.38845, 59.42553]]}, "properties": {"P": 13.42, "tau": 160.91, "tau_c": 364.2, "omega": 281.39, "M": 0.44, "D": 0.0, "R": 0.13, "sving": 0.02, "os": 0.0, "foss": 1.0, "juv": 0.0, "B": 0.44, "Q": 0.8, "w": 8.08, "h": 0.06, "S": 0.28818, "elv": "Kvinnandalsbekken", "km": 0.8}}, {"type": "Feature", "geometry": {"type": "LineString", "coordinates": [[8.38845, 59.42553], [8.39013, 59.42579]]}, "properties": {"P": 14.69, "tau": 160.62, "tau_c": 364.2, "omega": 280.91, "M": 0.44, "D": 0.02, "R": 0.12, "sving": 0.12, "os": 0.0, "foss": 1.0, "juv": 0.0, "B": 0.44, "Q": 0.81, "w": 8.12, "h": 0.06, "S": 0.28593, "elv": "Kvinnandalsbekken", "km": 0.9}}, {"type": "Feature", "geometry": {"type": "LineString", "coordinates": [[8.39013, 59.42579], [8.39176, 59.42611]]}, "properties": {"P": 13.71, "tau": 150.82, "tau_c": 364.2, "omega": 256.91, "M": 0.41, "D": 0.04, "R": 0.1, "sving": 0.05, "os": 0.0, "foss": 1.0, "juv": 0.0, "B": 0.44, "Q": 0.82, "w": 8.15, "h": 0.06, "S": 0.2599, "elv": "Kvinnandalsbekken", "km": 1.0}}, {"type": "Feature", "geometry": {"type": "LineString", "coordinates": [[8.39176, 59.42611], [8.39329, 59.42655]]}, "properties": {"P": 13.38, "tau": 147.45, "tau_c": 364.2, "omega": 248.86, "M": 0.4, "D": 0.05, "R": 0.09, "sving": 0.01, "os": 0.0, "foss": 1.0, "juv": 0.0, "B": 0.44, "Q": 0.83, "w": 8.2, "h": 0.06, "S": 0.2509, "elv": "Kvinnandalsbekken", "km": 1.1}}, {"type": "Feature", "geometry": {"type": "LineString", "coordinates": [[8.39329, 59.42655], [8.39495, 59.42683]]}, "properties": {"P": 13.93, "tau": 141.95, "tau_c": 354.24, "omega": 235.87, "M": 0.4, "D": 0.06, "R": 0.09, "sving": 0.04, "os": 0.0, "foss": 1.0, "juv": 0.0, "B": 0.45, "Q": 0.84, "w": 8.24, "h": 0.06, "S": 0.23652, "elv": "Kvinnandalsbekken", "km": 1.2}}, {"type": "Feature", "geometry": {"type": "LineString", "coordinates": [[8.39495, 59.42683], [8.39665, 59.42706]]}, "properties": {"P": 14.79, "tau": 136.57, "tau_c": 344.05, "omega": 223.28, "M": 0.4, "D": 0.09, "R": 0.09, "sving": 0.1, "os": 0.0, "foss": 1.0, "juv": 0.0, "B": 0.45, "Q": 0.84, "w": 8.28, "h": 0.06, "S": 0.22311, "elv": "Kvinnandalsbekken", "km": 1.3}}, {"type": "Feature", "geometry": {"type": "LineString", "coordinates": [[8.39665, 59.42706], [8.39835, 59.42728]]}, "properties": {"P": 16.39, "tau": 120.26, "tau_c": 312.57, "omega": 186.4, "M": 0.38, "D": 0.16, "R": 0.08, "sving": 0.16, "os": 0.0, "foss": 1.0, "juv": 0.0, "B": 0.45, "Q": 0.86, "w": 8.32, "h": 0.07, "S": 0.18415, "elv": "Kvinnandalsbekken", "km": 1.4}}, {"type": "Feature", "geometry": {"type": "LineString", "coordinates": [[8.39835, 59.42728], [8.40005, 59.42751]]}, "properties": {"P": 18.72, "tau": 104.39, "tau_c": 281.81, "omega": 152.3, "M": 0.37, "D": 0.24, "R": 0.07, "sving": 0.27, "os": 0.0, "foss": 1.0, "juv": 0.0, "B": 0.45, "Q": 0.87, "w": 8.35, "h": 0.07, "S": 0.14969, "elv": "Kvinnandalsbekken", "km": 1.5}}, {"type": "Feature", "geometry": {"type": "LineString", "coordinates": [[8.4022, 59.42879], [8.40268, 59.42965]]}, "properties": {"P": 49.38, "tau": 390.42, "tau_c": 284.64, "omega": 1368.93, "M": 1.37, "D": 0.0, "R": 0.99, "sving": 0.28, "os": 0.0, "foss": 1.0, "juv": 0.0, "B": 0.69, "Q": 30.16, "w": 33.01, "h": 0.26, "S": 0.15271, "elv": "Kvinnandalsbekken", "km": 1.8}}, {"type": "Feature", "geometry": {"type": "LineString", "coordinates": [[8.36247, 59.43595], [8.36358, 59.43661]]}, "properties": {"P": 11.58, "tau": 95.65, "tau_c": 277.46, "omega": 132.24, "M": 0.34, "D": 0.0, "R": 0.05, "sving": 0.01, "os": 0.0, "foss": 1.0, "juv": 0.0, "B": 0.43, "Q": 0.69, "w": 7.47, "h": 0.07, "S": 0.1451, "elv": "bekk", "km": 1.8}}, {"type": "Feature", "geometry": {"type": "LineString", "coordinates": [[8.37649, 59.55382], [8.37806, 59.55354]]}, "properties": {"P": 13.62, "tau": 64.04, "tau_c": 211.5, "omega": 74.02, "M": 0.3, "D": -0.0, "R": 0.03, "sving": 0.15, "os": 0.07, "foss": 1.0, "juv": 0.0, "B": 0.44, "Q": 0.65, "w": 7.24, "h": 0.08, "S": 0.08431, "elv": "Joåi", "km": 1.1}}, {"type": "Feature", "geometry": {"type": "LineString", "coordinates": [[8.37806, 59.55354], [8.3797, 59.55324]]}, "properties": {"P": 13.72, "tau": 79.14, "tau_c": 245.79, "omega": 100.32, "M": 0.32, "D": -0.0, "R": 0.04, "sving": 0.1, "os": 0.11, "foss": 1.0, "juv": 0.0, "B": 0.44, "Q": 0.65, "w": 7.27, "h": 0.07, "S": 0.11387, "elv": "Joåi", "km": 1.2}}, {"type": "Feature", "geometry": {"type": "LineString", "coordinates": [[8.3797, 59.55324], [8.38131, 59.5529]]}, "properties": {"P": 15.57, "tau": 87.84, "tau_c": 264.73, "omega": 116.51, "M": 0.33, "D": 0.0, "R": 0.04, "sving": 0.19, "os": 0.18, "foss": 1.0, "juv": 0.0, "B": 0.44, "Q": 0.66, "w": 7.29, "h": 0.07, "S": 0.1321, "elv": "Joåi", "km": 1.3}}, {"type": "Feature", "geometry": {"type": "LineString", "coordinates": [[8.38131, 59.5529], [8.38306, 59.55291]]}, "properties": {"P": 19.51, "tau": 77.28, "tau_c": 243.47, "omega": 96.76, "M": 0.32, "D": 0.0, "R": 0.04, "sving": 0.46, "os": 0.29, "foss": 1.0, "juv": 0.0, "B": 0.44, "Q": 0.66, "w": 7.48, "h": 0.07, "S": 0.11173, "elv": "Joåi", "km": 1.4}}, {"type": "Feature", "geometry": {"type": "LineString", "coordinates": [[8.38306, 59.55291], [8.3848, 59.55305]]}, "properties": {"P": 24.73, "tau": 77.13, "tau_c": 245.51, "omega": 96.24, "M": 0.31, "D": 0.0, "R": 0.03, "sving": 0.77, "os": 0.46, "foss": 1.0, "juv": 0.0, "B": 0.44, "Q": 0.66, "w": 7.67, "h": 0.07, "S": 0.11361, "elv": "Joåi", "km": 1.5}}, {"type": "Feature", "geometry": {"type": "LineString", "coordinates": [[8.3848, 59.55305], [8.38576, 59.55364]]}, "properties": {"P": 28.12, "tau": 89.91, "tau_c": 250.96, "omega": 123.21, "M": 0.36, "D": -0.0, "R": 0.06, "sving": 0.66, "os": 0.76, "foss": 1.0, "juv": 0.0, "B": 0.46, "Q": 0.83, "w": 7.87, "h": 0.08, "S": 0.11871, "elv": "Joåi", "km": 1.6}}, {"type": "Feature", "geometry": {"type": "LineString", "coordinates": [[8.38576, 59.55364], [8.38561, 59.55453]]}, "properties": {"P": 29.45, "tau": 89.91, "tau_c": 252.99, "omega": 122.95, "M": 0.36, "D": 0.02, "R": 0.06, "sving": 0.71, "os": 0.81, "foss": 1.0, "juv": 0.0, "B": 0.46, "Q": 0.84, "w": 8.06, "h": 0.08, "S": 0.12063, "elv": "Joåi", "km": 1.7}}, {"type": "Feature", "geometry": {"type": "LineString", "coordinates": [[8.38561, 59.55453], [8.38528, 59.5554]]}, "properties": {"P": 23.07, "tau": 82.21, "tau_c": 239.25, "omega": 107.88, "M": 0.34, "D": 0.02, "R": 0.05, "sving": 0.46, "os": 0.49, "foss": 1.0, "juv": 0.0, "B": 0.46, "Q": 0.84, "w": 8.25, "h": 0.08, "S": 0.10789, "elv": "Joåi", "km": 1.8}}, {"type": "Feature", "geometry": {"type": "LineString", "coordinates": [[8.38528, 59.5554], [8.38446, 59.55619]]}, "properties": {"P": 17.68, "tau": 80.89, "tau_c": 236.45, "omega": 105.42, "M": 0.34, "D": 0.02, "R": 0.05, "sving": 0.17, "os": 0.3, "foss": 1.0, "juv": 0.0, "B": 0.46, "Q": 0.84, "w": 8.27, "h": 0.08, "S": 0.10538, "elv": "Joåi", "km": 1.9}}, {"type": "Feature", "geometry": {"type": "LineString", "coordinates": [[8.38446, 59.55619], [8.38355, 59.55696]]}, "properties": {"P": 16.31, "tau": 89.53, "tau_c": 253.75, "omega": 122.02, "M": 0.35, "D": 0.0, "R": 0.05, "sving": 0.17, "os": 0.19, "foss": 1.0, "juv": 0.0, "B": 0.46, "Q": 0.85, "w": 8.28, "h": 0.08, "S": 0.12136, "elv": "Joåi", "km": 2.0}}, {"type": "Feature", "geometry": {"type": "LineString", "coordinates": [[8.33311, 59.49926], [8.33274, 59.4984]]}, "properties": {"P": 12.78, "tau": 67.92, "tau_c": 213.02, "omega": 81.48, "M": 0.32, "D": -0.0, "R": 0.04, "sving": 0.12, "os": 0.0, "foss": 1.0, "juv": 0.0, "B": 0.44, "Q": 0.76, "w": 7.85, "h": 0.08, "S": 0.08553, "elv": "bekk", "km": 0.9}}, {"type": "Feature", "geometry": {"type": "LineString", "coordinates": [[8.33274, 59.4984], [8.33301, 59.49753]]}, "properties": {"P": 13.93, "tau": 80.42, "tau_c": 240.31, "omega": 103.83, "M": 0.33, "D": -0.0, "R": 0.04, "sving": 0.22, "os": 0.0, "foss": 1.0, "juv": 0.0, "B": 0.44, "Q": 0.77, "w": 7.87, "h": 0.08, "S": 0.10884, "elv": "bekk", "km": 1.0}}, {"type": "Feature", "geometry": {"type": "LineString", "coordinates": [[8.33301, 59.49753], [8.333, 59.49666]]}, "properties": {"P": 16.1, "tau": 103.26, "tau_c": 287.13, "omega": 148.61, "M": 0.36, "D": -0.0, "R": 0.06, "sving": 0.39, "os": 0.0, "foss": 1.0, "juv": 0.0, "B": 0.44, "Q": 0.77, "w": 7.89, "h": 0.07, "S": 0.15539, "elv": "bekk", "km": 1.1}}, {"type": "Feature", "geometry": {"type": "LineString", "coordinates": [[8.333, 59.49666], [8.33341, 59.49582]]}, "properties": {"P": 15.32, "tau": 105.94, "tau_c": 292.35, "omega": 154.2, "M": 0.36, "D": -0.0, "R": 0.06, "sving": 0.32, "os": 0.0, "foss": 1.0, "juv": 0.0, "B": 0.44, "Q": 0.77, "w": 7.9, "h": 0.07, "S": 0.16109, "elv": "bekk", "km": 1.2}}, {"type": "Feature", "geometry": {"type": "LineString", "coordinates": [[8.33341, 59.49582], [8.33467, 59.49523]]}, "properties": {"P": 16.26, "tau": 105.95, "tau_c": 292.53, "omega": 154.2, "M": 0.36, "D": -0.0, "R": 0.06, "sving": 0.4, "os": 0.0, "foss": 1.0, "juv": 0.0, "B": 0.44, "Q": 0.77, "w": 7.93, "h": 0.07, "S": 0.16129, "elv": "bekk", "km": 1.3}}, {"type": "Feature", "geometry": {"type": "LineString", "coordinates": [[8.33467, 59.49523], [8.33613, 59.49476]]}, "properties": {"P": 15.24, "tau": 109.57, "tau_c": 303.05, "omega": 161.27, "M": 0.36, "D": -0.0, "R": 0.06, "sving": 0.31, "os": 0.0, "foss": 1.0, "juv": 0.0, "B": 0.44, "Q": 0.77, "w": 8.14, "h": 0.06, "S": 0.1731, "elv": "bekk", "km": 1.4}}, {"type": "Feature", "geometry": {"type": "LineString", "coordinates": [[8.33613, 59.49476], [8.33765, 59.49433]]}, "properties": {"P": 13.24, "tau": 107.72, "tau_c": 299.55, "omega": 157.39, "M": 0.36, "D": -0.0, "R": 0.06, "sving": 0.12, "os": 0.0, "foss": 1.0, "juv": 0.0, "B": 0.44, "Q": 0.79, "w": 8.36, "h": 0.06, "S": 0.16913, "elv": "bekk", "km": 1.5}}, {"type": "Feature", "geometry": {"type": "LineString", "coordinates": [[8.3413, 59.43842], [8.34288, 59.43831]]}, "properties": {"P": 15.28, "tau": 77.91, "tau_c": 250.93, "omega": 97.05, "M": 0.31, "D": 0.01, "R": 0.03, "sving": 0.19, "os": 0.0, "foss": 0.72, "juv": 0.0, "B": 0.64, "Q": 0.57, "w": 6.8, "h": 0.07, "S": 0.11868, "elv": "Rottjønnbekken", "km": 2.0}}, {"type": "Feature", "geometry": {"type": "LineString", "coordinates": [[8.34288, 59.43831], [8.34423, 59.43794]]}, "properties": {"P": 17.32, "tau": 72.55, "tau_c": 239.46, "omega": 87.52, "M": 0.3, "D": 0.04, "R": 0.03, "sving": 0.01, "os": 0.0, "foss": 1.0, "juv": 0.0, "B": 0.64, "Q": 0.57, "w": 6.87, "h": 0.07, "S": 0.10808, "elv": "Rottjønnbekken", "km": 2.1}}, {"type": "Feature", "geometry": {"type": "LineString", "coordinates": [[8.34494, 59.43722], [8.34635, 59.43671]]}, "properties": {"P": 20.0, "tau": 65.14, "tau_c": 215.12, "omega": 75.7, "M": 0.3, "D": 0.04, "R": 0.03, "sving": 0.16, "os": 0.0, "foss": 1.0, "juv": 0.0, "B": 0.65, "Q": 0.62, "w": 7.03, "h": 0.08, "S": 0.08723, "elv": "Rottjønnbekken", "km": 2.3}}, {"type": "Feature", "geometry": {"type": "LineString", "coordinates": [[8.34635, 59.43671], [8.34805, 59.4365]]}, "properties": {"P": 19.38, "tau": 68.5, "tau_c": 224.11, "omega": 81.25, "M": 0.31, "D": 0.03, "R": 0.03, "sving": 0.41, "os": 0.0, "foss": 0.72, "juv": 0.0, "B": 0.65, "Q": 0.62, "w": 7.13, "h": 0.07, "S": 0.09467, "elv": "Rottjønnbekken", "km": 2.4}}, {"type": "Feature", "geometry": {"type": "LineString", "coordinates": [[8.34805, 59.4365], [8.3498, 59.43643]]}, "properties": {"P": 21.76, "tau": 62.23, "tau_c": 206.57, "omega": 71.09, "M": 0.3, "D": 0.03, "R": 0.03, "sving": 0.28, "os": 0.0, "foss": 1.0, "juv": 0.0, "B": 0.66, "Q": 0.65, "w": 7.2, "h": 0.08, "S": 0.08043, "elv": "Rottjønnbekken", "km": 2.5}}, {"type": "Feature", "geometry": {"type": "LineString", "coordinates": [[8.35156, 59.43642], [8.35329, 59.43653]]}, "properties": {"P": 18.87, "tau": 66.83, "tau_c": 217.73, "omega": 78.72, "M": 0.31, "D": 0.0, "R": 0.03, "sving": 0.12, "os": 0.0, "foss": 1.0, "juv": 0.0, "B": 0.66, "Q": 0.66, "w": 7.3, "h": 0.08, "S": 0.08936, "elv": "Rottjønnbekken", "km": 2.7}}, {"type": "Feature", "geometry": {"type": "LineString", "coordinates": [[8.35329, 59.43653], [8.35493, 59.43642]]}, "properties": {"P": 18.45, "tau": 78.73, "tau_c": 244.03, "omega": 99.69, "M": 0.32, "D": 0.0, "R": 0.04, "sving": 0.03, "os": 0.05, "foss": 1.0, "juv": 0.0, "B": 0.66, "Q": 0.66, "w": 7.33, "h": 0.07, "S": 0.11225, "elv": "Rottjønnbekken", "km": 2.8}}, {"type": "Feature", "geometry": {"type": "LineString", "coordinates": [[8.35493, 59.43642], [8.3566, 59.43662]]}, "properties": {"P": 20.43, "tau": 83.43, "tau_c": 254.2, "omega": 108.34, "M": 0.33, "D": 0.0, "R": 0.04, "sving": 0.11, "os": 0.09, "foss": 1.0, "juv": 0.0, "B": 0.66, "Q": 0.67, "w": 7.37, "h": 0.07, "S": 0.12179, "elv": "Rottjønnbekken", "km": 2.9}}, {"type": "Feature", "geometry": {"type": "LineString", "coordinates": [[8.3566, 59.43662], [8.35835, 59.43654]]}, "properties": {"P": 20.22, "tau": 79.19, "tau_c": 243.9, "omega": 100.69, "M": 0.32, "D": 0.0, "R": 0.04, "sving": 0.05, "os": 0.14, "foss": 1.0, "juv": 0.0, "B": 0.66, "Q": 0.68, "w": 7.4, "h": 0.07, "S": 0.11212, "elv": "Rottjønnbekken", "km": 3.0}}, {"type": "Feature", "geometry": {"type": "LineString", "coordinates": [[8.35835, 59.43654], [8.36007, 59.43637]]}, "properties": {"P": 21.31, "tau": 84.95, "tau_c": 255.8, "omega": 111.44, "M": 0.33, "D": 0.01, "R": 0.04, "sving": 0.01, "os": 0.23, "foss": 1.0, "juv": 0.0, "B": 0.66, "Q": 0.68, "w": 7.43, "h": 0.07, "S": 0.12333, "elv": "Rottjønnbekken", "km": 3.1}}, {"type": "Feature", "geometry": {"type": "LineString", "coordinates": [[8.36007, 59.43637], [8.36177, 59.43637]]}, "properties": {"P": 20.83, "tau": 83.35, "tau_c": 256.43, "omega": 107.95, "M": 0.33, "D": 0.01, "R": 0.04, "sving": 0.13, "os": 0.37, "foss": 0.72, "juv": 0.0, "B": 0.66, "Q": 0.69, "w": 7.74, "h": 0.07, "S": 0.12394, "elv": "Rottjønnbekken", "km": 3.2}}, {"type": "Feature", "geometry": {"type": "LineString", "coordinates": [[8.36177, 59.43637], [8.36342, 59.4366]]}, "properties": {"P": 27.03, "tau": 75.13, "tau_c": 241.03, "omega": 92.72, "M": 0.31, "D": 0.01, "R": 0.03, "sving": 0.01, "os": 0.59, "foss": 1.0, "juv": 0.0, "B": 0.66, "Q": 0.69, "w": 8.04, "h": 0.07, "S": 0.1095, "elv": "Rottjønnbekken", "km": 3.3}}, {"type": "Feature", "geometry": {"type": "LineString", "coordinates": [[8.36342, 59.4366], [8.36507, 59.43681]]}, "properties": {"P": 37.96, "tau": 105.49, "tau_c": 270.95, "omega": 156.87, "M": 0.39, "D": 0.0, "R": 0.08, "sving": 0.13, "os": 0.96, "foss": 1.0, "juv": 0.0, "B": 0.7, "Q": 0.97, "w": 8.4, "h": 0.08, "S": 0.13837, "elv": "Rottjønnbekken", "km": 3.4}}, {"type": "Feature", "geometry": {"type": "LineString", "coordinates": [[8.36507, 59.43681], [8.3667, 59.43668]]}, "properties": {"P": 31.54, "tau": 107.3, "tau_c": 277.39, "omega": 160.26, "M": 0.39, "D": 0.0, "R": 0.08, "sving": 0.07, "os": 0.65, "foss": 1.0, "juv": 0.0, "B": 0.7, "Q": 0.99, "w": 8.76, "h": 0.08, "S": 0.14502, "elv": "Rottjønnbekken", "km": 3.5}}, {"type": "Feature", "geometry": {"type": "LineString", "coordinates": [[8.3667, 59.43668], [8.36827, 59.43698]]}, "properties": {"P": 27.13, "tau": 119.32, "tau_c": 295.8, "omega": 187.35, "M": 0.4, "D": 0.0, "R": 0.09, "sving": 0.01, "os": 0.41, "foss": 1.0, "juv": 0.0, "B": 0.71, "Q": 1.06, "w": 9.12, "h": 0.07, "S": 0.16491, "elv": "Rottjønnbekken", "km": 3.6}}, {"type": "Feature", "geometry": {"type": "LineString", "coordinates": [[8.36827, 59.43698], [8.37, 59.43705]]}, "properties": {"P": 29.08, "tau": 133.47, "tau_c": 321.46, "omega": 219.8, "M": 0.42, "D": 0.0, "R": 0.1, "sving": 0.25, "os": 0.26, "foss": 1.0, "juv": 0.0, "B": 0.71, "Q": 1.06, "w": 9.2, "h": 0.07, "S": 0.19477, "elv": "Rottjønnbekken", "km": 3.7}}, {"type": "Feature", "geometry": {"type": "LineString", "coordinates": [[8.37, 59.43705], [8.37168, 59.43728]]}, "properties": {"P": 24.24, "tau": 144.89, "tau_c": 342.1, "omega": 246.99, "M": 0.42, "D": 0.01, "R": 0.11, "sving": 0.05, "os": 0.16, "foss": 1.0, "juv": 0.0, "B": 0.71, "Q": 1.06, "w": 9.29, "h": 0.07, "S": 0.22059, "elv": "Rottjønnbekken", "km": 3.8}}, {"type": "Feature", "geometry": {"type": "LineString", "coordinates": [[8.37168, 59.43728], [8.37312, 59.4377]]}, "properties": {"P": 24.11, "tau": 143.02, "tau_c": 339.54, "omega": 242.3, "M": 0.42, "D": 0.05, "R": 0.11, "sving": 0.05, "os": 0.1, "foss": 1.0, "juv": 0.0, "B": 0.71, "Q": 1.06, "w": 9.33, "h": 0.07, "S": 0.21729, "elv": "Rottjønnbekken", "km": 3.9}}, {"type": "Feature", "geometry": {"type": "LineString", "coordinates": [[8.37312, 59.4377], [8.37465, 59.43811]]}, "properties": {"P": 24.12, "tau": 123.48, "tau_c": 302.66, "omega": 196.96, "M": 0.41, "D": 0.1, "R": 0.09, "sving": 0.04, "os": 0.06, "foss": 1.0, "juv": 0.0, "B": 0.71, "Q": 1.1, "w": 9.42, "h": 0.07, "S": 0.17266, "elv": "Rottjønnbekken", "km": 4.0}}, {"type": "Feature", "geometry": {"type": "LineString", "coordinates": [[8.37465, 59.43811], [8.3764, 59.43806]]}, "properties": {"P": 27.91, "tau": 111.05, "tau_c": 281.18, "omega": 169.08, "M": 0.39, "D": 0.15, "R": 0.08, "sving": 0.26, "os": 0.0, "foss": 1.0, "juv": 0.0, "B": 0.71, "Q": 1.1, "w": 9.51, "h": 0.08, "S": 0.14902, "elv": "Rottjønnbekken", "km": 4.1}}, {"type": "Feature", "geometry": {"type": "LineString", "coordinates": [[8.3764, 59.43806], [8.37813, 59.4382]]}, "properties": {"P": 29.27, "tau": 104.88, "tau_c": 264.93, "omega": 156.7, "M": 0.4, "D": 0.21, "R": 0.09, "sving": 0.25, "os": 0.0, "foss": 1.0, "juv": 0.0, "B": 0.72, "Q": 1.16, "w": 9.61, "h": 0.08, "S": 0.13229, "elv": "Rottjønnbekken", "km": 4.2}}, {"type": "Feature", "geometry": {"type": "LineString", "coordinates": [[8.37813, 59.4382], [8.37985, 59.43803]]}, "properties": {"P": 26.39, "tau": 74.2, "tau_c": 206.95, "omega": 95.41, "M": 0.36, "D": 0.29, "R": 0.06, "sving": 0.02, "os": 0.0, "foss": 1.0, "juv": 0.0, "B": 0.72, "Q": 1.17, "w": 9.69, "h": 0.09, "S": 0.08072, "elv": "Rottjønnbekken", "km": 4.3}}, {"type": "Feature", "geometry": {"type": "LineString", "coordinates": [[8.37985, 59.43803], [8.38158, 59.43788]]}, "properties": {"P": 20.09, "tau": 42.44, "tau_c": 138.88, "omega": 42.81, "M": 0.31, "D": 0.28, "R": 0.03, "sving": 0.0, "os": 0.0, "foss": 0.72, "juv": 0.0, "B": 0.72, "Q": 1.17, "w": 9.78, "h": 0.12, "S": 0.03635, "elv": "Rottjønnbekken", "km": 4.4}}, {"type": "Feature", "geometry": {"type": "LineString", "coordinates": [[8.38158, 59.43788], [8.38332, 59.43776]]}, "properties": {"P": 26.02, "tau": 46.12, "tau_c": 146.32, "omega": 48.35, "M": 0.32, "D": 0.19, "R": 0.03, "sving": 0.17, "os": 0.0, "foss": 1.0, "juv": 0.0, "B": 0.72, "Q": 1.2, "w": 9.83, "h": 0.12, "S": 0.04035, "elv": "Rottjønnbekken", "km": 4.5}}, {"type": "Feature", "geometry": {"type": "LineString", "coordinates": [[8.38332, 59.43776], [8.38495, 59.43791]]}, "properties": {"P": 18.41, "tau": 55.55, "tau_c": 167.37, "omega": 63.11, "M": 0.33, "D": 0.1, "R": 0.04, "sving": 0.12, "os": 0.0, "foss": 0.72, "juv": 0.0, "B": 0.72, "Q": 1.2, "w": 9.88, "h": 0.11, "S": 0.0528, "elv": "Rottjønnbekken", "km": 4.6}}, {"type": "Feature", "geometry": {"type": "LineString", "coordinates": [[8.46384, 59.37934], [8.46547, 59.37966]]}, "properties": {"P": 14.65, "tau": 133.51, "tau_c": 364.2, "omega": 203.63, "M": 0.37, "D": 0.0, "R": 0.06, "sving": 0.16, "os": 0.25, "foss": 1.0, "juv": 0.0, "B": 0.39, "Q": 0.4, "w": 6.0, "h": 0.04, "S": 0.30966, "elv": "bekk", "km": 2.0}}, {"type": "Feature", "geometry": {"type": "LineString", "coordinates": [[8.46184, 59.36209], [8.46302, 59.36265]]}, "properties": {"P": 11.51, "tau": 132.35, "tau_c": 364.2, "omega": 196.48, "M": 0.36, "D": 0.0, "R": 0.06, "sving": 0.13, "os": 0.0, "foss": 1.0, "juv": 0.0, "B": 0.38, "Q": 0.34, "w": 6.0, "h": 0.04, "S": 0.35437, "elv": "Skredåi", "km": 0.1}}, {"type": "Feature", "geometry": {"type": "LineString", "coordinates": [[8.46302, 59.36265], [8.46455, 59.36302]]}, "properties": {"P": 11.7, "tau": 144.63, "tau_c": 364.2, "omega": 223.14, "M": 0.4, "D": 0.0, "R": 0.09, "sving": 0.11, "os": 0.0, "foss": 1.0, "juv": 0.0, "B": 0.38, "Q": 0.34, "w": 6.0, "h": 0.04, "S": 0.40194, "elv": "Skredåi", "km": 0.2}}, {"type": "Feature", "geometry": {"type": "LineString", "coordinates": [[8.46455, 59.36302], [8.46584, 59.36359]]}, "properties": {"P": 11.67, "tau": 146.78, "tau_c": 364.2, "omega": 227.9, "M": 0.4, "D": 0.0, "R": 0.09, "sving": 0.09, "os": 0.0, "foss": 1.0, "juv": 0.0, "B": 0.38, "Q": 0.34, "w": 6.0, "h": 0.04, "S": 0.41051, "elv": "Skredåi", "km": 0.3}}, {"type": "Feature", "geometry": {"type": "LineString", "coordinates": [[8.46584, 59.36359], [8.46713, 59.36419]]}, "properties": {"P": 12.36, "tau": 157.74, "tau_c": 364.2, "omega": 252.65, "M": 0.43, "D": 0.0, "R": 0.12, "sving": 0.12, "os": 0.0, "foss": 1.0, "juv": 0.0, "B": 0.38, "Q": 0.34, "w": 6.0, "h": 0.04, "S": 0.45509, "elv": "Skredåi", "km": 0.4}}, {"type": "Feature", "geometry": {"type": "LineString", "coordinates": [[8.46713, 59.36419], [8.46805, 59.36493]]}, "properties": {"P": 12.43, "tau": 166.33, "tau_c": 364.2, "omega": 272.58, "M": 0.46, "D": 0.01, "R": 0.14, "sving": 0.08, "os": 0.0, "foss": 1.0, "juv": 0.0, "B": 0.38, "Q": 0.34, "w": 6.0, "h": 0.03, "S": 0.49098, "elv": "Skredåi", "km": 0.5}}, {"type": "Feature", "geometry": {"type": "LineString", "coordinates": [[8.46805, 59.36493], [8.4693, 59.36555]]}, "properties": {"P": 13.16, "tau": 165.05, "tau_c": 364.2, "omega": 269.57, "M": 0.45, "D": 0.04, "R": 0.14, "sving": 0.13, "os": 0.0, "foss": 1.0, "juv": 0.0, "B": 0.38, "Q": 0.34, "w": 6.0, "h": 0.03, "S": 0.48557, "elv": "Skredåi", "km": 0.6}}, {"type": "Feature", "geometry": {"type": "LineString", "coordinates": [[8.4693, 59.36555], [8.47034, 59.36626]]}, "properties": {"P": 12.52, "tau": 150.58, "tau_c": 364.2, "omega": 236.4, "M": 0.41, "D": 0.07, "R": 0.1, "sving": 0.07, "os": 0.0, "foss": 1.0, "juv": 0.0, "B": 0.38, "Q": 0.34, "w": 6.0, "h": 0.04, "S": 0.42581, "elv": "Skredåi", "km": 0.7}}, {"type": "Feature", "geometry": {"type": "LineString", "coordinates": [[8.47034, 59.36626], [8.47116, 59.36705]]}, "properties": {"P": 12.14, "tau": 135.98, "tau_c": 364.2, "omega": 204.28, "M": 0.37, "D": 0.09, "R": 0.07, "sving": 0.06, "os": 0.0, "foss": 1.0, "juv": 0.0, "B": 0.38, "Q": 0.34, "w": 6.0, "h": 0.04, "S": 0.36796, "elv": "Skredåi", "km": 0.8}}, {"type": "Feature", "geometry": {"type": "LineString", "coordinates": [[8.47116, 59.36705], [8.47238, 59.3677]]}, "properties": {"P": 12.46, "tau": 131.25, "tau_c": 364.2, "omega": 194.19, "M": 0.36, "D": 0.09, "R": 0.06, "sving": 0.11, "os": 0.0, "foss": 1.0, "juv": 0.0, "B": 0.38, "Q": 0.34, "w": 6.0, "h": 0.04, "S": 0.34978, "elv": "Skredåi", "km": 0.9}}, {"type": "Feature", "geometry": {"type": "LineString", "coordinates": [[8.47238, 59.3677], [8.47379, 59.36822]]}, "properties": {"P": 13.58, "tau": 124.4, "tau_c": 364.2, "omega": 179.83, "M": 0.34, "D": 0.1, "R": 0.05, "sving": 0.16, "os": 0.08, "foss": 1.0, "juv": 0.0, "B": 0.38, "Q": 0.34, "w": 6.0, "h": 0.04, "S": 0.32392, "elv": "Skredåi", "km": 1.0}}, {"type": "Feature", "geometry": {"type": "LineString", "coordinates": [[8.47379, 59.36822], [8.47518, 59.36875]]}, "properties": {"P": 13.1, "tau": 112.14, "tau_c": 364.2, "omega": 155.0, "M": 0.31, "D": 0.12, "R": 0.03, "sving": 0.06, "os": 0.12, "foss": 1.0, "juv": 0.0, "B": 0.38, "Q": 0.34, "w": 6.0, "h": 0.04, "S": 0.2792, "elv": "Skredåi", "km": 1.1}}, {"type": "Feature", "geometry": {"type": "LineString", "coordinates": [[8.45442, 59.3702], [8.45602, 59.37056]]}, "properties": {"P": 13.23, "tau": 119.75, "tau_c": 364.2, "omega": 173.51, "M": 0.33, "D": 0.0, "R": 0.04, "sving": 0.31, "os": 0.0, "foss": 1.0, "juv": 0.0, "B": 0.39, "Q": 0.39, "w": 6.0, "h": 0.04, "S": 0.27234, "elv": "Torvåi", "km": 0.0}}, {"type": "Feature", "geometry": {"type": "LineString", "coordinates": [[8.45602, 59.37056], [8.45743, 59.37106]]}, "properties": {"P": 13.0, "tau": 117.93, "tau_c": 364.2, "omega": 169.77, "M": 0.32, "D": 0.0, "R": 0.04, "sving": 0.29, "os": 0.0, "foss": 1.0, "juv": 0.0, "B": 0.39, "Q": 0.39, "w": 6.0, "h": 0.05, "S": 0.26618, "elv": "Torvåi", "km": 0.1}}, {"type": "Feature", "geometry": {"type": "LineString", "coordinates": [[8.45743, 59.37106], [8.45861, 59.37172]]}, "properties": {"P": 13.62, "tau": 117.58, "tau_c": 364.2, "omega": 169.08, "M": 0.32, "D": 0.0, "R": 0.04, "sving": 0.35, "os": 0.0, "foss": 1.0, "juv": 0.0, "B": 0.39, "Q": 0.39, "w": 6.0, "h": 0.05, "S": 0.2648, "elv": "Torvåi", "km": 0.2}}, {"type": "Feature", "geometry": {"type": "LineString", "coordinates": [[8.45861, 59.37172], [8.45956, 59.37246]]}, "properties": {"P": 11.27, "tau": 121.53, "tau_c": 364.2, "omega": 177.29, "M": 0.33, "D": 0.0, "R": 0.04, "sving": 0.1, "os": 0.0, "foss": 1.0, "juv": 0.0, "B": 0.39, "Q": 0.39, "w": 6.0, "h": 0.04, "S": 0.27735, "elv": "Torvåi", "km": 0.3}}, {"type": "Feature", "geometry": {"type": "LineString", "coordinates": [[8.45956, 59.37246], [8.45992, 59.3733]]}, "properties": {"P": 11.23, "tau": 133.66, "tau_c": 364.2, "omega": 203.2, "M": 0.37, "D": 0.0, "R": 0.06, "sving": 0.06, "os": 0.0, "foss": 1.0, "juv": 0.0, "B": 0.39, "Q": 0.39, "w": 6.0, "h": 0.04, "S": 0.31753, "elv": "Torvåi", "km": 0.4}}, {"type": "Feature", "geometry": {"type": "LineString", "coordinates": [[8.45992, 59.3733], [8.46101, 59.37397]]}, "properties": {"P": 12.03, "tau": 156.72, "tau_c": 364.2, "omega": 255.29, "M": 0.43, "D": 0.0, "R": 0.11, "sving": 0.06, "os": 0.0, "foss": 1.0, "juv": 0.0, "B": 0.39, "Q": 0.39, "w": 6.0, "h": 0.04, "S": 0.39806, "elv": "Torvåi", "km": 0.5}}, {"type": "Feature", "geometry": {"type": "LineString", "coordinates": [[8.46101, 59.37397], [8.46196, 59.37472]]}, "properties": {"P": 13.43, "tau": 168.0, "tau_c": 364.2, "omega": 282.33, "M": 0.46, "D": 0.0, "R": 0.14, "sving": 0.15, "os": 0.0, "foss": 1.0, "juv": 0.0, "B": 0.39, "Q": 0.4, "w": 6.0, "h": 0.04, "S": 0.43638, "elv": "Torvåi", "km": 0.6}}, {"type": "Feature", "geometry": {"type": "LineString", "coordinates": [[8.46196, 59.37472], [8.46266, 59.37552]]}, "properties": {"P": 12.54, "tau": 179.46, "tau_c": 364.2, "omega": 310.31, "M": 0.49, "D": 0.0, "R": 0.18, "sving": 0.0, "os": 0.0, "foss": 1.0, "juv": 0.0, "B": 0.39, "Q": 0.4, "w": 6.0, "h": 0.04, "S": 0.47962, "elv": "Torvåi", "km": 0.7}}, {"type": "Feature", "geometry": {"type": "LineString", "coordinates": [[8.46266, 59.37552], [8.46367, 59.37623]]}, "properties": {"P": 14.2, "tau": 190.49, "tau_c": 364.2, "omega": 337.99, "M": 0.52, "D": 0.0, "R": 0.21, "sving": 0.05, "os": 0.06, "foss": 1.0, "juv": 0.0, "B": 0.39, "Q": 0.4, "w": 6.0, "h": 0.04, "S": 0.5224, "elv": "Torvåi", "km": 0.8}}, {"type": "Feature", "geometry": {"type": "LineString", "coordinates": [[8.46367, 59.37623], [8.46475, 59.37692]]}, "properties": {"P": 16.5, "tau": 194.91, "tau_c": 364.2, "omega": 349.89, "M": 0.54, "D": 0.1, "R": 0.23, "sving": 0.1, "os": 0.1, "foss": 1.0, "juv": 0.0, "B": 0.39, "Q": 0.4, "w": 6.0, "h": 0.04, "S": 0.53381, "elv": "Torvåi", "km": 0.9}}, {"type": "Feature", "geometry": {"type": "LineString", "coordinates": [[8.46475, 59.37692], [8.4659, 59.37758]]}, "properties": {"P": 18.73, "tau": 190.74, "tau_c": 364.2, "omega": 339.28, "M": 0.52, "D": 0.24, "R": 0.21, "sving": 0.09, "os": 0.16, "foss": 1.0, "juv": 0.0, "B": 0.39, "Q": 0.4, "w": 6.0, "h": 0.04, "S": 0.51705, "elv": "Torvåi", "km": 1.0}}, {"type": "Feature", "geometry": {"type": "LineString", "coordinates": [[8.46762, 59.37908], [8.46868, 59.37979]]}, "properties": {"P": 40.99, "tau": 1417.5, "tau_c": 364.2, "omega": 10352.51, "M": 3.89, "D": 0.0, "R": 0.28, "sving": 0.02, "os": 0.5, "foss": 1.0, "juv": 0.0, "B": 0.85, "Q": 306.33, "w": 96.91, "h": 0.43, "S": 0.33386, "elv": "Torvåi", "km": 1.3}}, {"type": "Feature", "geometry": {"type": "LineString", "coordinates": [[8.44944, 59.37896], [8.44934, 59.37983]]}, "properties": {"P": 9.56, "tau": 109.43, "tau_c": 364.2, "omega": 133.38, "M": 0.3, "D": 0.0, "R": 0.03, "sving": 0.15, "os": 0.0, "foss": 1.0, "juv": 0.0, "B": 0.33, "Q": 0.15, "w": 6.0, "h": 0.02, "S": 0.55343, "elv": "Midtstaulbekken", "km": 0.3}}, {"type": "Feature", "geometry": {"type": "LineString", "coordinates": [[8.44934, 59.37983], [8.45014, 59.38061]]}, "properties": {"P": 11.21, "tau": 117.42, "tau_c": 364.2, "omega": 148.62, "M": 0.32, "D": 0.0, "R": 0.04, "sving": 0.33, "os": 0.0, "foss": 1.0, "juv": 0.0, "B": 0.33, "Q": 0.16, "w": 6.0, "h": 0.02, "S": 0.58493, "elv": "Midtstaulbekken", "km": 0.4}}, {"type": "Feature", "geometry": {"type": "LineString", "coordinates": [[8.45014, 59.38061], [8.45115, 59.38134]]}, "properties": {"P": 10.55, "tau": 112.8, "tau_c": 364.2, "omega": 141.32, "M": 0.31, "D": 0.01, "R": 0.03, "sving": 0.23, "os": 0.0, "foss": 1.0, "juv": 0.0, "B": 0.33, "Q": 0.16, "w": 6.0, "h": 0.02, "S": 0.52898, "elv": "Midtstaulbekken", "km": 0.5}}, {"type": "Feature", "geometry": {"type": "LineString", "coordinates": [[8.45115, 59.38134], [8.45222, 59.38204]]}, "properties": {"P": 9.06, "tau": 113.19, "tau_c": 364.2, "omega": 142.97, "M": 0.31, "D": 0.02, "R": 0.03, "sving": 0.02, "os": 0.0, "foss": 1.0, "juv": 0.0, "B": 0.34, "Q": 0.17, "w": 6.0, "h": 0.02, "S": 0.51015, "elv": "Midtstaulbekken", "km": 0.6}}, {"type": "Feature", "geometry": {"type": "LineString", "coordinates": [[8.32927, 59.35479], [8.32773, 59.35508]]}, "properties": {"P": 14.31, "tau": 58.21, "tau_c": 151.7, "omega": 70.11, "M": 0.38, "D": -0.0, "R": 0.08, "sving": 0.09, "os": 0.0, "foss": 1.0, "juv": 0.0, "B": 0.48, "Q": 1.48, "w": 8.97, "h": 0.14, "S": 0.04337, "elv": "Flatlandsåi", "km": 0.8}}, {"type": "Feature", "geometry": {"type": "LineString", "coordinates": [[8.32773, 59.35508], [8.3262, 59.35543]]}, "properties": {"P": 15.98, "tau": 64.05, "tau_c": 170.1, "omega": 79.48, "M": 0.38, "D": -0.0, "R": 0.07, "sving": 0.24, "os": 0.0, "foss": 1.0, "juv": 0.0, "B": 0.48, "Q": 1.48, "w": 9.97, "h": 0.12, "S": 0.05454, "elv": "Flatlandsåi", "km": 0.9}}, {"type": "Feature", "geometry": {"type": "LineString", "coordinates": [[8.3262, 59.35543], [8.3245, 59.35558]]}, "properties": {"P": 13.23, "tau": 69.41, "tau_c": 187.62, "omega": 88.2, "M": 0.37, "D": -0.0, "R": 0.07, "sving": 0.01, "os": 0.0, "foss": 1.0, "juv": 0.0, "B": 0.48, "Q": 1.49, "w": 10.96, "h": 0.11, "S": 0.06635, "elv": "Flatlandsåi", "km": 1.0}}, {"type": "Feature", "geometry": {"type": "LineString", "coordinates": [[8.3245, 59.35558], [8.32284, 59.35575]]}, "properties": {"P": 14.81, "tau": 88.32, "tau_c": 223.02, "omega": 124.57, "M": 0.4, "D": -0.0, "R": 0.09, "sving": 0.11, "os": 0.0, "foss": 1.0, "juv": 0.0, "B": 0.48, "Q": 1.49, "w": 10.96, "h": 0.1, "S": 0.09375, "elv": "Flatlandsåi", "km": 1.1}}, {"type": "Feature", "geometry": {"type": "LineString", "coordinates": [[8.32284, 59.35575], [8.32118, 59.35603]]}, "properties": {"P": 19.31, "tau": 115.6, "tau_c": 270.48, "omega": 183.17, "M": 0.43, "D": -0.0, "R": 0.11, "sving": 0.45, "os": 0.0, "foss": 1.0, "juv": 0.0, "B": 0.48, "Q": 1.49, "w": 10.97, "h": 0.09, "S": 0.13789, "elv": "Flatlandsåi", "km": 1.2}}, {"type": "Feature", "geometry": {"type": "LineString", "coordinates": [[8.32118, 59.35603], [8.3195, 59.35614]]}, "properties": {"P": 20.44, "tau": 145.02, "tau_c": 318.17, "omega": 253.46, "M": 0.46, "D": -0.0, "R": 0.14, "sving": 0.5, "os": 0.0, "foss": 1.0, "juv": 0.0, "B": 0.48, "Q": 1.49, "w": 10.97, "h": 0.08, "S": 0.1908, "elv": "Flatlandsåi", "km": 1.3}}, {"type": "Feature", "geometry": {"type": "LineString", "coordinates": [[8.3195, 59.35614], [8.31869, 59.35545]]}, "properties": {"P": 19.63, "tau": 178.3, "tau_c": 364.2, "omega": 340.7, "M": 0.49, "D": -0.0, "R": 0.18, "sving": 0.37, "os": 0.0, "foss": 1.0, "juv": 0.0, "B": 0.48, "Q": 1.49, "w": 10.97, "h": 0.07, "S": 0.25648, "elv": "Flatlandsåi", "km": 1.4}}, {"type": "Feature", "geometry": {"type": "LineString", "coordinates": [[8.31869, 59.35545], [8.31805, 59.35477]]}, "properties": {"P": 16.56, "tau": 186.32, "tau_c": 364.2, "omega": 362.86, "M": 0.51, "D": -0.0, "R": 0.2, "sving": 0.07, "os": 0.0, "foss": 1.0, "juv": 0.0, "B": 0.48, "Q": 1.49, "w": 10.97, "h": 0.07, "S": 0.27316, "elv": "Flatlandsåi", "km": 1.5}}, {"type": "Feature", "geometry": {"type": "LineString", "coordinates": [[8.31805, 59.35477], [8.31686, 59.35429]]}, "properties": {"P": 20.77, "tau": 195.46, "tau_c": 364.2, "omega": 388.59, "M": 0.54, "D": 0.01, "R": 0.23, "sving": 0.36, "os": 0.0, "foss": 1.0, "juv": 0.0, "B": 0.48, "Q": 1.49, "w": 10.97, "h": 0.07, "S": 0.29253, "elv": "Flatlandsåi", "km": 1.6}}, {"type": "Feature", "geometry": {"type": "LineString", "coordinates": [[8.31686, 59.35429], [8.31511, 59.35424]]}, "properties": {"P": 21.33, "tau": 193.07, "tau_c": 364.2, "omega": 381.81, "M": 0.53, "D": 0.04, "R": 0.22, "sving": 0.38, "os": 0.0, "foss": 1.0, "juv": 0.0, "B": 0.48, "Q": 1.49, "w": 10.97, "h": 0.07, "S": 0.28743, "elv": "Flatlandsåi", "km": 1.7}}, {"type": "Feature", "geometry": {"type": "LineString", "coordinates": [[8.31511, 59.35424], [8.31336, 59.35418]]}, "properties": {"P": 19.1, "tau": 173.32, "tau_c": 361.48, "omega": 327.16, "M": 0.48, "D": 0.1, "R": 0.16, "sving": 0.21, "os": 0.0, "foss": 1.0, "juv": 0.0, "B": 0.48, "Q": 1.49, "w": 10.97, "h": 0.07, "S": 0.24629, "elv": "Flatlandsåi", "km": 1.8}}, {"type": "Feature", "geometry": {"type": "LineString", "coordinates": [[8.31336, 59.35418], [8.31162, 59.35407]]}, "properties": {"P": 16.87, "tau": 154.67, "tau_c": 333.18, "omega": 277.94, "M": 0.46, "D": 0.13, "R": 0.15, "sving": 0.0, "os": 0.0, "foss": 1.0, "juv": 0.0, "B": 0.48, "Q": 1.49, "w": 10.97, "h": 0.08, "S": 0.20924, "elv": "Flatlandsåi", "km": 1.9}}, {"type": "Feature", "geometry": {"type": "LineString", "coordinates": [[8.31162, 59.35407], [8.30988, 59.35397]]}, "properties": {"P": 16.63, "tau": 128.81, "tau_c": 292.27, "omega": 213.87, "M": 0.44, "D": 0.13, "R": 0.12, "sving": 0.03, "os": 0.0, "foss": 1.0, "juv": 0.0, "B": 0.48, "Q": 1.49, "w": 10.97, "h": 0.08, "S": 0.161, "elv": "Flatlandsåi", "km": 2.0}}, {"type": "Feature", "geometry": {"type": "LineString", "coordinates": [[8.30988, 59.35397], [8.30814, 59.35392]]}, "properties": {"P": 15.92, "tau": 130.68, "tau_c": 295.3, "omega": 218.34, "M": 0.44, "D": 0.08, "R": 0.13, "sving": 0.04, "os": 0.0, "foss": 1.0, "juv": 0.0, "B": 0.48, "Q": 1.49, "w": 10.97, "h": 0.08, "S": 0.16437, "elv": "Flatlandsåi", "km": 2.1}}, {"type": "Feature", "geometry": {"type": "LineString", "coordinates": [[8.30814, 59.35392], [8.30639, 59.35393]]}, "properties": {"P": 21.26, "tau": 131.21, "tau_c": 296.17, "omega": 219.62, "M": 0.44, "D": 0.09, "R": 0.13, "sving": 0.47, "os": 0.0, "foss": 1.0, "juv": 0.0, "B": 0.48, "Q": 1.49, "w": 10.97, "h": 0.08, "S": 0.16533, "elv": "Flatlandsåi", "km": 2.2}}, {"type": "Feature", "geometry": {"type": "LineString", "coordinates": [[8.30639, 59.35393], [8.30467, 59.3539]]}, "properties": {"P": 23.06, "tau": 125.0, "tau_c": 286.06, "omega": 204.88, "M": 0.44, "D": 0.16, "R": 0.12, "sving": 0.54, "os": 0.0, "foss": 1.0, "juv": 0.0, "B": 0.48, "Q": 1.49, "w": 10.97, "h": 0.08, "S": 0.15424, "elv": "Flatlandsåi", "km": 2.3}}, {"type": "Feature", "geometry": {"type": "LineString", "coordinates": [[8.55778, 59.44519], [8.55949, 59.44539]]}, "properties": {"P": 11.27, "tau": 50.67, "tau_c": 125.22, "omega": 59.68, "M": 0.4, "D": 0.0, "R": 0.09, "sving": 0.28, "os": 0.15, "foss": 0.73, "juv": 0.0, "B": 0.35, "Q": 3.44, "w": 16.69, "h": 0.17, "S": 0.02955, "elv": "Bygdaråi", "km": 0.0}}, {"type": "Feature", "geometry": {"type": "LineString", "coordinates": [[8.55949, 59.44539], [8.56111, 59.44561]]}, "properties": {"P": 33.79, "tau": 60.06, "tau_c": 141.36, "omega": 76.16, "M": 0.42, "D": 0.02, "R": 0.11, "sving": 0.22, "os": 0.24, "foss": 1.0, "juv": 0.0, "B": 0.83, "Q": 3.44, "w": 16.7, "h": 0.16, "S": 0.03766, "elv": "Bygdaråi", "km": 0.1}}, {"type": "Feature", "geometry": {"type": "LineString", "coordinates": [[8.56111, 59.44561], [8.56255, 59.4461]]}, "properties": {"P": 34.15, "tau": 50.82, "tau_c": 126.44, "omega": 59.8, "M": 0.4, "D": 0.02, "R": 0.09, "sving": 0.42, "os": 0.37, "foss": 0.72, "juv": 0.0, "B": 0.83, "Q": 3.45, "w": 17.05, "h": 0.17, "S": 0.03013, "elv": "Bygdaråi", "km": 0.2}}, {"type": "Feature", "geometry": {"type": "LineString", "coordinates": [[8.56255, 59.4461], [8.5639, 59.44663]]}, "properties": {"P": 38.94, "tau": 44.25, "tau_c": 115.42, "omega": 48.94, "M": 0.38, "D": 0.02, "R": 0.08, "sving": 0.16, "os": 0.61, "foss": 1.0, "juv": 0.0, "B": 0.83, "Q": 3.46, "w": 17.4, "h": 0.18, "S": 0.02511, "elv": "Bygdaråi", "km": 0.3}}, {"type": "Feature", "geometry": {"type": "LineString", "coordinates": [[8.5639, 59.44663], [8.56426, 59.44738]]}, "properties": {"P": 41.2, "tau": 68.09, "tau_c": 145.9, "omega": 92.89, "M": 0.47, "D": 0.0, "R": 0.15, "sving": 0.02, "os": 0.99, "foss": 0.72, "juv": 0.0, "B": 0.85, "Q": 4.19, "w": 17.74, "h": 0.17, "S": 0.04012, "elv": "Bygdaråi", "km": 0.4}}, {"type": "Feature", "geometry": {"type": "LineString", "coordinates": [[8.56426, 59.44738], [8.56537, 59.44783]]}, "properties": {"P": 32.77, "tau": 76.05, "tau_c": 159.26, "omega": 108.59, "M": 0.48, "D": 0.0, "R": 0.16, "sving": 0.14, "os": 0.65, "foss": 0.51, "juv": 0.0, "B": 0.85, "Q": 4.19, "w": 18.08, "h": 0.16, "S": 0.04781, "elv": "Bygdaråi", "km": 0.5}}, {"type": "Feature", "geometry": {"type": "LineString", "coordinates": [[8.56537, 59.44783], [8.56677, 59.44836]]}, "properties": {"P": 42.99, "tau": 75.02, "tau_c": 158.99, "omega": 106.24, "M": 0.47, "D": 0.0, "R": 0.16, "sving": 0.35, "os": 0.46, "foss": 1.0, "juv": 0.0, "B": 0.85, "Q": 4.19, "w": 18.44, "h": 0.16, "S": 0.04765, "elv": "Bygdaråi", "km": 0.6}}, {"type": "Feature", "geometry": {"type": "LineString", "coordinates": [[8.56677, 59.44836], [8.56753, 59.44901]]}, "properties": {"P": 43.13, "tau": 79.26, "tau_c": 165.34, "omega": 114.95, "M": 0.48, "D": 0.0, "R": 0.16, "sving": 0.51, "os": 0.28, "foss": 1.0, "juv": 0.0, "B": 0.85, "Q": 4.2, "w": 18.45, "h": 0.16, "S": 0.05152, "elv": "Bygdaråi", "km": 0.7}}, {"type": "Feature", "geometry": {"type": "LineString", "coordinates": [[8.56753, 59.44901], [8.56642, 59.44969]]}, "properties": {"P": 38.0, "tau": 82.57, "tau_c": 169.91, "omega": 121.98, "M": 0.49, "D": 0.02, "R": 0.17, "sving": 0.61, "os": 0.19, "foss": 0.72, "juv": 0.0, "B": 0.85, "Q": 4.22, "w": 18.47, "h": 0.15, "S": 0.05442, "elv": "Bygdaråi", "km": 0.8}}, {"type": "Feature", "geometry": {"type": "LineString", "coordinates": [[8.56642, 59.44969], [8.56566, 59.45044]]}, "properties": {"P": 46.17, "tau": 88.03, "tau_c": 177.94, "omega": 133.68, "M": 0.49, "D": 0.06, "R": 0.18, "sving": 0.67, "os": 0.16, "foss": 1.0, "juv": 0.0, "B": 0.85, "Q": 4.22, "w": 18.49, "h": 0.15, "S": 0.05968, "elv": "Bygdaråi", "km": 0.9}}, {"type": "Feature", "geometry": {"type": "LineString", "coordinates": [[8.56566, 59.45044], [8.56456, 59.4511]]}, "properties": {"P": 29.17, "tau": 70.66, "tau_c": 151.97, "omega": 97.58, "M": 0.46, "D": 0.13, "R": 0.15, "sving": 0.14, "os": 0.11, "foss": 0.72, "juv": 0.0, "B": 0.85, "Q": 4.23, "w": 18.52, "h": 0.17, "S": 0.04353, "elv": "Bygdaråi", "km": 1.0}}, {"type": "Feature", "geometry": {"type": "LineString", "coordinates": [[8.56456, 59.4511], [8.56291, 59.45137]]}, "properties": {"P": 37.93, "tau": 56.06, "tau_c": 128.67, "omega": 70.05, "M": 0.44, "D": 0.2, "R": 0.12, "sving": 0.26, "os": 0.1, "foss": 1.0, "juv": 0.0, "B": 0.85, "Q": 4.24, "w": 18.53, "h": 0.18, "S": 0.0312, "elv": "Bygdaråi", "km": 1.1}}, {"type": "Feature", "geometry": {"type": "LineString", "coordinates": [[8.56291, 59.45137], [8.5624, 59.45219]]}, "properties": {"P": 29.67, "tau": 56.71, "tau_c": 129.7, "omega": 71.21, "M": 0.44, "D": 0.19, "R": 0.12, "sving": 0.14, "os": 0.11, "foss": 0.72, "juv": 0.0, "B": 0.85, "Q": 4.25, "w": 18.55, "h": 0.18, "S": 0.0317, "elv": "Bygdaråi", "km": 1.2}}, {"type": "Feature", "geometry": {"type": "LineString", "coordinates": [[8.5624, 59.45219], [8.56279, 59.45305]]}, "properties": {"P": 29.23, "tau": 39.4, "tau_c": 99.88, "omega": 42.25, "M": 0.39, "D": 0.18, "R": 0.08, "sving": 0.34, "os": 0.17, "foss": 0.51, "juv": 0.0, "B": 0.85, "Q": 4.25, "w": 18.56, "h": 0.21, "S": 0.0188, "elv": "Bygdaråi", "km": 1.3}}, {"type": "Feature", "geometry": {"type": "LineString", "coordinates": [[8.56279, 59.45305], [8.56135, 59.45344]]}, "properties": {"P": 24.31, "tau": 41.66, "tau_c": 103.92, "omega": 45.77, "M": 0.4, "D": 0.11, "R": 0.09, "sving": 0.23, "os": 0.27, "foss": 0.37, "juv": 0.0, "B": 0.85, "Q": 4.27, "w": 18.61, "h": 0.21, "S": 0.02035, "elv": "Bygdaråi", "km": 1.4}}, {"type": "Feature", "geometry": {"type": "LineString", "coordinates": [[8.56135, 59.45344], [8.56085, 59.45417]]}, "properties": {"P": 18.94, "tau": 40.54, "tau_c": 102.02, "omega": 44.01, "M": 0.4, "D": 0.07, "R": 0.09, "sving": 0.41, "os": 0.27, "foss": 0.0, "juv": 0.0, "B": 0.85, "Q": 4.27, "w": 18.66, "h": 0.21, "S": 0.01962, "elv": "Bygdaråi", "km": 1.5}}, {"type": "Feature", "geometry": {"type": "LineString", "coordinates": [[8.56085, 59.45417], [8.56134, 59.45496]]}, "properties": {"P": 29.78, "tau": 37.1, "tau_c": 95.7, "omega": 38.77, "M": 0.39, "D": 0.01, "R": 0.08, "sving": 0.96, "os": 0.32, "foss": 0.0, "juv": 0.0, "B": 0.85, "Q": 4.35, "w": 19.01, "h": 0.22, "S": 0.01726, "elv": "Bygdaråi", "km": 1.6}}, {"type": "Feature", "geometry": {"type": "LineString", "coordinates": [[8.56134, 59.45496], [8.56301, 59.45519]]}, "properties": {"P": 26.19, "tau": 42.89, "tau_c": 107.04, "omega": 47.62, "M": 0.4, "D": -0.0, "R": 0.09, "sving": 0.68, "os": 0.42, "foss": 0.0, "juv": 0.0, "B": 0.85, "Q": 4.35, "w": 19.36, "h": 0.2, "S": 0.0216, "elv": "Bygdaråi", "km": 1.7}}, {"type": "Feature", "geometry": {"type": "LineString", "coordinates": [[8.56301, 59.45519], [8.56477, 59.45526]]}, "properties": {"P": 22.19, "tau": 40.86, "tau_c": 97.33, "omega": 45.27, "M": 0.42, "D": -0.0, "R": 0.11, "sving": 0.17, "os": 0.69, "foss": 0.0, "juv": 0.0, "B": 0.87, "Q": 5.09, "w": 19.71, "h": 0.23, "S": 0.01786, "elv": "Bygdaråi", "km": 1.8}}, {"type": "Feature", "geometry": {"type": "LineString", "coordinates": [[8.56477, 59.45526], [8.56652, 59.45534]]}, "properties": {"P": 52.92, "tau": 48.55, "tau_c": 110.76, "omega": 57.89, "M": 0.44, "D": -0.0, "R": 0.12, "sving": 0.4, "os": 0.88, "foss": 1.0, "juv": 0.0, "B": 0.87, "Q": 5.11, "w": 20.03, "h": 0.21, "S": 0.02312, "elv": "Bygdaråi", "km": 1.9}}, {"type": "Feature", "geometry": {"type": "LineString", "coordinates": [[8.56652, 59.45534], [8.56759, 59.4559]]}, "properties": {"P": 38.15, "tau": 47.7, "tau_c": 110.14, "omega": 56.32, "M": 0.43, "D": 0.01, "R": 0.12, "sving": 0.33, "os": 0.53, "foss": 0.72, "juv": 0.0, "B": 0.87, "Q": 5.11, "w": 20.36, "h": 0.21, "S": 0.02287, "elv": "Bygdaråi", "km": 2.0}}, {"type": "Feature", "geometry": {"type": "LineString", "coordinates": [[8.56759, 59.4559], [8.568, 59.45676]]}, "properties": {"P": 34.35, "tau": 43.54, "tau_c": 103.24, "omega": 49.41, "M": 0.42, "D": 0.01, "R": 0.11, "sving": 0.05, "os": 0.37, "foss": 1.0, "juv": 0.0, "B": 0.87, "Q": 5.11, "w": 20.38, "h": 0.22, "S": 0.02009, "elv": "Bygdaråi", "km": 2.1}}, {"type": "Feature", "geometry": {"type": "LineString", "coordinates": [[8.568, 59.45676], [8.569, 59.45749]]}, "properties": {"P": 27.66, "tau": 44.95, "tau_c": 105.3, "omega": 51.77, "M": 0.43, "D": 0.01, "R": 0.11, "sving": 0.08, "os": 0.3, "foss": 0.72, "juv": 0.0, "B": 0.87, "Q": 5.15, "w": 20.4, "h": 0.22, "S": 0.0209, "elv": "Bygdaråi", "km": 2.2}}, {"type": "Feature", "geometry": {"type": "LineString", "coordinates": [[8.569, 59.45749], [8.57066, 59.45767]]}, "properties": {"P": 24.46, "tau": 48.37, "tau_c": 110.95, "omega": 57.51, "M": 0.44, "D": -0.0, "R": 0.12, "sving": 0.23, "os": 0.2, "foss": 0.51, "juv": 0.0, "B": 0.87, "Q": 5.16, "w": 20.43, "h": 0.21, "S": 0.0232, "elv": "Bygdaråi", "km": 2.3}}, {"type": "Feature", "geometry": {"type": "LineString", "coordinates": [[8.57066, 59.45767], [8.5721, 59.45817]]}, "properties": {"P": 16.22, "tau": 48.44, "tau_c": 111.13, "omega": 57.61, "M": 0.44, "D": -0.0, "R": 0.12, "sving": 0.07, "os": 0.13, "foss": 0.37, "juv": 0.0, "B": 0.87, "Q": 5.16, "w": 20.46, "h": 0.21, "S": 0.02328, "elv": "Bygdaråi", "km": 2.4}}, {"type": "Feature", "geometry": {"type": "LineString", "coordinates": [[8.5721, 59.45817], [8.57342, 59.45875]]}, "properties": {"P": 32.9, "tau": 47.95, "tau_c": 110.21, "omega": 56.8, "M": 0.44, "D": 0.01, "R": 0.12, "sving": 0.26, "os": 0.08, "foss": 1.0, "juv": 0.0, "B": 0.87, "Q": 5.18, "w": 20.48, "h": 0.21, "S": 0.02289, "elv": "Bygdaråi", "km": 2.5}}, {"type": "Feature", "geometry": {"type": "LineString", "coordinates": [[8.57342, 59.45875], [8.57467, 59.45938]]}, "properties": {"P": 23.43, "tau": 48.73, "tau_c": 111.5, "omega": 58.13, "M": 0.44, "D": 0.01, "R": 0.12, "sving": 0.17, "os": 0.0, "foss": 0.72, "juv": 0.0, "B": 0.87, "Q": 5.18, "w": 20.5, "h": 0.21, "S": 0.02343, "elv": "Bygdaråi", "km": 2.6}}, {"type": "Feature", "geometry": {"type": "LineString", "coordinates": [[8.57467, 59.45938], [8.57575, 59.46008]]}, "properties": {"P": 27.95, "tau": 46.25, "tau_c": 107.25, "omega": 53.96, "M": 0.43, "D": 0.01, "R": 0.12, "sving": 0.11, "os": 0.0, "foss": 1.0, "juv": 0.0, "B": 0.87, "Q": 5.21, "w": 20.54, "h": 0.22, "S": 0.02168, "elv": "Bygdaråi", "km": 2.7}}, {"type": "Feature", "geometry": {"type": "LineString", "coordinates": [[8.57575, 59.46008], [8.57662, 59.46085]]}, "properties": {"P": 20.07, "tau": 49.69, "tau_c": 112.98, "omega": 59.81, "M": 0.44, "D": -0.0, "R": 0.12, "sving": 0.02, "os": 0.0, "foss": 0.72, "juv": 0.0, "B": 0.87, "Q": 5.21, "w": 20.56, "h": 0.21, "S": 0.02406, "elv": "Bygdaråi", "km": 2.8}}, {"type": "Feature", "geometry": {"type": "LineString", "coordinates": [[8.57662, 59.46085], [8.57819, 59.46122]]}, "properties": {"P": 20.19, "tau": 49.27, "tau_c": 112.0, "omega": 59.13, "M": 0.44, "D": -0.0, "R": 0.12, "sving": 0.22, "os": 0.0, "foss": 0.51, "juv": 0.0, "B": 0.87, "Q": 5.25, "w": 20.59, "h": 0.21, "S": 0.02365, "elv": "Bygdaråi", "km": 2.9}}, {"type": "Feature", "geometry": {"type": "LineString", "coordinates": [[8.57819, 59.46122], [8.57944, 59.46179]]}, "properties": {"P": 17.59, "tau": 53.49, "tau_c": 118.92, "omega": 66.49, "M": 0.45, "D": 0.01, "R": 0.13, "sving": 0.23, "os": 0.0, "foss": 0.37, "juv": 0.0, "B": 0.87, "Q": 5.25, "w": 20.64, "h": 0.2, "S": 0.02666, "elv": "Bygdaråi", "km": 3.0}}, {"type": "Feature", "geometry": {"type": "LineString", "coordinates": [[8.57944, 59.46179], [8.57956, 59.46267]]}, "properties": {"P": 30.36, "tau": 51.17, "tau_c": 115.35, "omega": 62.37, "M": 0.44, "D": 0.01, "R": 0.13, "sving": 0.2, "os": 0.0, "foss": 1.0, "juv": 0.0, "B": 0.87, "Q": 5.25, "w": 20.7, "h": 0.21, "S": 0.02508, "elv": "Bygdaråi", "km": 3.1}}, {"type": "Feature", "geometry": {"type": "LineString", "coordinates": [[8.57956, 59.46267], [8.57942, 59.46355]]}, "properties": {"P": 23.01, "tau": 47.43, "tau_c": 108.5, "omega": 56.08, "M": 0.44, "D": 0.01, "R": 0.12, "sving": 0.15, "os": 0.0, "foss": 0.72, "juv": 0.0, "B": 0.88, "Q": 5.34, "w": 20.74, "h": 0.22, "S": 0.02219, "elv": "Bygdaråi", "km": 3.2}}, {"type": "Feature", "geometry": {"type": "LineString", "coordinates": [[8.57942, 59.46355], [8.58039, 59.46427]]}, "properties": {"P": 22.36, "tau": 55.27, "tau_c": 121.04, "omega": 69.83, "M": 0.46, "D": 0.0, "R": 0.14, "sving": 0.29, "os": 0.0, "foss": 0.51, "juv": 0.0, "B": 0.88, "Q": 5.36, "w": 20.79, "h": 0.2, "S": 0.02761, "elv": "Bygdaråi", "km": 3.3}}, {"type": "Feature", "geometry": {"type": "LineString", "coordinates": [[8.58039, 59.46427], [8.58109, 59.46503]]}, "properties": {"P": 18.9, "tau": 55.68, "tau_c": 121.81, "omega": 70.55, "M": 0.46, "D": 0.03, "R": 0.14, "sving": 0.24, "os": 0.0, "foss": 0.37, "juv": 0.0, "B": 0.88, "Q": 5.36, "w": 20.85, "h": 0.2, "S": 0.02797, "elv": "Bygdaråi", "km": 3.4}}, {"type": "Feature", "geometry": {"type": "LineString", "coordinates": [[8.58109, 59.46503], [8.5824, 59.46562]]}, "properties": {"P": 28.47, "tau": 45.84, "tau_c": 106.15, "omega": 53.37, "M": 0.43, "D": 0.06, "R": 0.12, "sving": 0.01, "os": 0.06, "foss": 1.0, "juv": 0.0, "B": 0.88, "Q": 5.36, "w": 20.94, "h": 0.22, "S": 0.02124, "elv": "Bygdaråi", "km": 3.5}}, {"type": "Feature", "geometry": {"type": "LineString", "coordinates": [[8.5824, 59.46562], [8.58329, 59.46633]]}, "properties": {"P": 27.33, "tau": 47.54, "tau_c": 108.86, "omega": 56.23, "M": 0.44, "D": 0.05, "R": 0.12, "sving": 0.2, "os": 0.09, "foss": 0.72, "juv": 0.0, "B": 0.88, "Q": 5.4, "w": 21.03, "h": 0.22, "S": 0.02234, "elv": "Bygdaråi", "km": 3.6}}, {"type": "Feature", "geometry": {"type": "LineString", "coordinates": [[8.58329, 59.46633], [8.58414, 59.46699]]}, "properties": {"P": 24.09, "tau": 47.2, "tau_c": 106.88, "omega": 55.9, "M": 0.44, "D": 0.03, "R": 0.13, "sving": 0.22, "os": 0.14, "foss": 0.51, "juv": 0.0, "B": 0.88, "Q": 5.59, "w": 21.13, "h": 0.22, "S": 0.02153, "elv": "Bygdaråi", "km": 3.7}}, {"type": "Feature", "geometry": {"type": "LineString", "coordinates": [[8.58414, 59.46699], [8.58397, 59.46786]]}, "properties": {"P": 22.1, "tau": 47.33, "tau_c": 107.22, "omega": 56.09, "M": 0.44, "D": 0.02, "R": 0.13, "sving": 0.21, "os": 0.21, "foss": 0.37, "juv": 0.0, "B": 0.88, "Q": 5.6, "w": 21.23, "h": 0.22, "S": 0.02167, "elv": "Bygdaråi", "km": 3.8}}, {"type": "Feature", "geometry": {"type": "LineString", "coordinates": [[8.58397, 59.46786], [8.58439, 59.46865]]}, "properties": {"P": 18.44, "tau": 46.1, "tau_c": 105.32, "omega": 54.0, "M": 0.44, "D": 0.03, "R": 0.12, "sving": 0.28, "os": 0.33, "foss": 0.0, "juv": 0.0, "B": 0.88, "Q": 5.61, "w": 21.31, "h": 0.22, "S": 0.02091, "elv": "Bygdaråi", "km": 3.9}}, {"type": "Feature", "geometry": {"type": "LineString", "coordinates": [[8.58439, 59.46865], [8.58439, 59.46946]]}, "properties": {"P": 32.02, "tau": 42.41, "tau_c": 99.44, "omega": 47.89, "M": 0.43, "D": 0.03, "R": 0.11, "sving": 0.75, "os": 0.51, "foss": 0.0, "juv": 0.0, "B": 0.88, "Q": 5.61, "w": 21.42, "h": 0.23, "S": 0.01864, "elv": "Bygdaråi", "km": 4.0}}, {"type": "Feature", "geometry": {"type": "LineString", "coordinates": [[8.58439, 59.46946], [8.58601, 59.46965]]}, "properties": {"P": 24.78, "tau": 44.43, "tau_c": 103.03, "omega": 51.15, "M": 0.43, "D": 0.03, "R": 0.12, "sving": 0.23, "os": 0.69, "foss": 0.0, "juv": 0.0, "B": 0.88, "Q": 5.61, "w": 21.53, "h": 0.23, "S": 0.02001, "elv": "Bygdaråi", "km": 4.1}}, {"type": "Feature", "geometry": {"type": "LineString", "coordinates": [[8.58601, 59.46965], [8.58762, 59.46937]]}, "properties": {"P": 35.1, "tau": 44.35, "tau_c": 100.99, "omega": 51.31, "M": 0.44, "D": 0.05, "R": 0.12, "sving": 0.45, "os": 0.9, "foss": 0.0, "juv": 0.0, "B": 0.89, "Q": 5.89, "w": 21.63, "h": 0.24, "S": 0.01922, "elv": "Bygdaråi", "km": 4.2}}, {"type": "Feature", "geometry": {"type": "LineString", "coordinates": [[8.58762, 59.46937], [8.58891, 59.46993]]}, "properties": {"P": 18.52, "tau": 37.92, "tau_c": 90.45, "omega": 40.98, "M": 0.42, "D": 0.09, "R": 0.1, "sving": 0.01, "os": 0.55, "foss": 0.0, "juv": 0.0, "B": 0.89, "Q": 5.89, "w": 21.73, "h": 0.25, "S": 0.01542, "elv": "Bygdaråi", "km": 4.3}}, {"type": "Feature", "geometry": {"type": "LineString", "coordinates": [[8.58891, 59.46993], [8.59044, 59.47024]]}, "properties": {"P": 20.08, "tau": 35.22, "tau_c": 85.97, "omega": 36.84, "M": 0.41, "D": 0.07, "R": 0.1, "sving": 0.28, "os": 0.39, "foss": 0.0, "juv": 0.0, "B": 0.89, "Q": 5.89, "w": 21.84, "h": 0.26, "S": 0.01393, "elv": "Bygdaråi", "km": 4.4}}, {"type": "Feature", "geometry": {"type": "LineString", "coordinates": [[8.59044, 59.47024], [8.5921, 59.47046]]}, "properties": {"P": 12.03, "tau": 34.97, "tau_c": 85.52, "omega": 36.46, "M": 0.41, "D": 0.04, "R": 0.1, "sving": 0.1, "os": 0.25, "foss": 0.0, "juv": 0.0, "B": 0.89, "Q": 5.89, "w": 21.84, "h": 0.26, "S": 0.01379, "elv": "Bygdaråi", "km": 4.5}}, {"type": "Feature", "geometry": {"type": "LineString", "coordinates": [[8.5921, 59.47046], [8.59371, 59.47083]]}, "properties": {"P": 11.27, "tau": 43.41, "tau_c": 99.86, "omega": 49.71, "M": 0.43, "D": -0.0, "R": 0.12, "sving": 0.17, "os": 0.15, "foss": 0.0, "juv": 0.0, "B": 0.89, "Q": 5.89, "w": 21.84, "h": 0.24, "S": 0.01879, "elv": "Bygdaråi", "km": 4.6}}, {"type": "Feature", "geometry": {"type": "LineString", "coordinates": [[8.59371, 59.47083], [8.59529, 59.47121]]}, "properties": {"P": 10.47, "tau": 49.73, "tau_c": 110.08, "omega": 60.41, "M": 0.45, "D": -0.0, "R": 0.14, "sving": 0.17, "os": 0.09, "foss": 0.0, "juv": 0.0, "B": 0.89, "Q": 5.89, "w": 21.84, "h": 0.22, "S": 0.02284, "elv": "Bygdaråi", "km": 4.7}}, {"type": "Feature", "geometry": {"type": "LineString", "coordinates": [[8.59529, 59.47121], [8.59643, 59.47185]]}, "properties": {"P": 28.28, "tau": 45.74, "tau_c": 102.91, "omega": 53.7, "M": 0.44, "D": -0.0, "R": 0.13, "sving": 0.03, "os": 0.06, "foss": 1.0, "juv": 0.0, "B": 0.89, "Q": 5.89, "w": 21.47, "h": 0.23, "S": 0.01996, "elv": "Bygdaråi", "km": 4.8}}, {"type": "Feature", "geometry": {"type": "LineString", "coordinates": [[8.59643, 59.47185], [8.59759, 59.47234]]}, "properties": {"P": 29.42, "tau": 47.76, "tau_c": 106.45, "omega": 57.07, "M": 0.45, "D": -0.0, "R": 0.13, "sving": 0.14, "os": 0.0, "foss": 1.0, "juv": 0.0, "B": 0.89, "Q": 5.89, "w": 21.62, "h": 0.23, "S": 0.02136, "elv": "Bygdaråi", "km": 4.9}}, {"type": "Feature", "geometry": {"type": "LineString", "coordinates": [[8.59759, 59.47234], [8.59915, 59.47261]]}, "properties": {"P": 26.32, "tau": 50.93, "tau_c": 108.69, "omega": 63.08, "M": 0.47, "D": 0.0, "R": 0.15, "sving": 0.18, "os": 0.05, "foss": 0.72, "juv": 0.0, "B": 0.89, "Q": 6.29, "w": 21.76, "h": 0.23, "S": 0.02226, "elv": "Bygdaråi", "km": 5.0}}, {"type": "Feature", "geometry": {"type": "LineString", "coordinates": [[8.59915, 59.47261], [8.60036, 59.47326]]}, "properties": {"P": 25.0, "tau": 51.33, "tau_c": 109.66, "omega": 63.74, "M": 0.47, "D": 0.06, "R": 0.15, "sving": 0.22, "os": 0.09, "foss": 0.51, "juv": 0.0, "B": 0.89, "Q": 6.29, "w": 21.93, "h": 0.23, "S": 0.02266, "elv": "Bygdaråi", "km": 5.1}}, {"type": "Feature", "geometry": {"type": "LineString", "coordinates": [[8.60036, 59.47326], [8.60199, 59.47358]]}, "properties": {"P": 20.24, "tau": 46.28, "tau_c": 102.23, "omega": 54.89, "M": 0.45, "D": 0.09, "R": 0.14, "sving": 0.08, "os": 0.13, "foss": 0.37, "juv": 0.0, "B": 0.89, "Q": 6.29, "w": 22.15, "h": 0.24, "S": 0.0197, "elv": "Bygdaråi", "km": 5.2}}, {"type": "Feature", "geometry": {"type": "LineString", "coordinates": [[8.60199, 59.47358], [8.60373, 59.47368]]}, "properties": {"P": 13.81, "tau": 33.03, "tau_c": 80.9, "omega": 33.77, "M": 0.41, "D": 0.11, "R": 0.1, "sving": 0.11, "os": 0.22, "foss": 0.0, "juv": 0.0, "B": 0.89, "Q": 6.35, "w": 22.74, "h": 0.27, "S": 0.01234, "elv": "Bygdaråi", "km": 5.3}}, {"type": "Feature", "geometry": {"type": "LineString", "coordinates": [[8.60373, 59.47368], [8.60547, 59.47379]]}, "properties": {"P": 15.85, "tau": 42.63, "tau_c": 96.3, "omega": 48.82, "M": 0.44, "D": 0.05, "R": 0.13, "sving": 0.08, "os": 0.36, "foss": 0.0, "juv": 0.0, "B": 0.9, "Q": 6.5, "w": 22.83, "h": 0.25, "S": 0.01748, "elv": "Bygdaråi", "km": 5.4}}, {"type": "Feature", "geometry": {"type": "LineString", "coordinates": [[8.60547, 59.47379], [8.60698, 59.47422]]}, "properties": {"P": 26.4, "tau": 40.8, "tau_c": 92.37, "omega": 45.96, "M": 0.44, "D": 0.06, "R": 0.13, "sving": 0.35, "os": 0.57, "foss": 0.0, "juv": 0.0, "B": 0.9, "Q": 6.5, "w": 22.31, "h": 0.26, "S": 0.01608, "elv": "Bygdaråi", "km": 5.5}}, {"type": "Feature", "geometry": {"type": "LineString", "coordinates": [[8.60698, 59.47422], [8.60861, 59.47434]]}, "properties": {"P": 52.92, "tau": 41.54, "tau_c": 93.62, "omega": 47.16, "M": 0.44, "D": 0.06, "R": 0.13, "sving": 0.18, "os": 0.94, "foss": 1.0, "juv": 0.0, "B": 0.9, "Q": 6.53, "w": 22.45, "h": 0.26, "S": 0.01652, "elv": "Bygdaråi", "km": 5.6}}, {"type": "Feature", "geometry": {"type": "LineString", "coordinates": [[8.60861, 59.47434], [8.60981, 59.4737]]}, "properties": {"P": 37.25, "tau": 32.9, "tau_c": 78.45, "omega": 33.85, "M": 0.42, "D": 0.09, "R": 0.1, "sving": 0.01, "os": 0.67, "foss": 0.72, "juv": 0.0, "B": 0.9, "Q": 6.72, "w": 22.59, "h": 0.29, "S": 0.0116, "elv": "Bygdaråi", "km": 5.7}}, {"type": "Feature", "geometry": {"type": "LineString", "coordinates": [[8.60981, 59.4737], [8.61122, 59.47419]]}, "properties": {"P": 29.36, "tau": 34.05, "tau_c": 80.53, "omega": 35.55, "M": 0.42, "D": 0.09, "R": 0.11, "sving": 0.08, "os": 0.44, "foss": 0.51, "juv": 0.0, "B": 0.9, "Q": 6.74, "w": 22.74, "h": 0.28, "S": 0.01222, "elv": "Bygdaråi", "km": 5.8}}, {"type": "Feature", "geometry": {"type": "LineString", "coordinates": [[8.61122, 59.47419], [8.61273, 59.47466]]}, "properties": {"P": 32.62, "tau": 34.57, "tau_c": 80.78, "omega": 36.42, "M": 0.43, "D": 0.1, "R": 0.11, "sving": 0.47, "os": 0.32, "foss": 0.37, "juv": 0.0, "B": 0.9, "Q": 6.9, "w": 22.87, "h": 0.29, "S": 0.0123, "elv": "Bygdaråi", "km": 5.9}}, {"type": "Feature", "geometry": {"type": "LineString", "coordinates": [[8.61273, 59.47466], [8.61438, 59.47497]]}, "properties": {"P": 14.57, "tau": 26.36, "tau_c": 67.37, "omega": 24.59, "M": 0.39, "D": 0.12, "R": 0.08, "sving": 0.16, "os": 0.2, "foss": 0.0, "juv": 0.0, "B": 0.9, "Q": 6.92, "w": 23.61, "h": 0.31, "S": 0.00855, "elv": "Bygdaråi", "km": 6.0}}, {"type": "Feature", "geometry": {"type": "LineString", "coordinates": [[8.61438, 59.47497], [8.61595, 59.47536]]}, "properties": {"P": 12.17, "tau": 26.31, "tau_c": 67.37, "omega": 24.53, "M": 0.39, "D": 0.09, "R": 0.08, "sving": 0.17, "os": 0.13, "foss": 0.0, "juv": 0.0, "B": 0.9, "Q": 6.92, "w": 23.67, "h": 0.31, "S": 0.00855, "elv": "Bygdaråi", "km": 6.1}}, {"type": "Feature", "geometry": {"type": "LineString", "coordinates": [[8.61595, 59.47536], [8.61765, 59.47551]]}, "properties": {"P": 9.39, "tau": 25.27, "tau_c": 65.45, "omega": 23.15, "M": 0.39, "D": 0.09, "R": 0.08, "sving": 0.1, "os": 0.08, "foss": 0.0, "juv": 0.0, "B": 0.9, "Q": 6.92, "w": 23.67, "h": 0.32, "S": 0.00807, "elv": "Bygdaråi", "km": 6.2}}, {"type": "Feature", "geometry": {"type": "LineString", "coordinates": [[8.61765, 59.47551], [8.61939, 59.47559]]}, "properties": {"P": 9.58, "tau": 29.52, "tau_c": 73.17, "omega": 28.93, "M": 0.4, "D": 0.07, "R": 0.09, "sving": 0.19, "os": 0.0, "foss": 0.0, "juv": 0.0, "B": 0.9, "Q": 6.92, "w": 23.67, "h": 0.3, "S": 0.01009, "elv": "Bygdaråi", "km": 6.3}}, {"type": "Feature", "geometry": {"type": "LineString", "coordinates": [[8.57544, 59.47329], [8.57616, 59.47251]]}, "properties": {"P": 15.68, "tau": 115.36, "tau_c": 364.2, "omega": 153.2, "M": 0.32, "D": 0.01, "R": 0.03, "sving": 0.09, "os": 0.0, "foss": 1.0, "juv": 0.0, "B": 0.55, "Q": 0.23, "w": 6.0, "h": 0.03, "S": 0.40389, "elv": "bekk", "km": 2.9}}, {"type": "Feature", "geometry": {"type": "LineString", "coordinates": [[8.58759, 59.48404], [8.58833, 59.48326]]}, "properties": {"P": 22.35, "tau": 112.34, "tau_c": 364.2, "omega": 151.09, "M": 0.31, "D": 0.01, "R": 0.03, "sving": 0.15, "os": 0.69, "foss": 1.0, "juv": 0.0, "B": 0.48, "Q": 0.28, "w": 6.0, "h": 0.03, "S": 0.33452, "elv": "Skjervåi", "km": 1.8}}, {"type": "Feature", "geometry": {"type": "LineString", "coordinates": [[8.58833, 59.48326], [8.58979, 59.48275]]}, "properties": {"P": 20.02, "tau": 112.29, "tau_c": 364.2, "omega": 151.59, "M": 0.31, "D": 0.02, "R": 0.03, "sving": 0.16, "os": 0.45, "foss": 1.0, "juv": 0.0, "B": 0.49, "Q": 0.28, "w": 6.0, "h": 0.04, "S": 0.32618, "elv": "Skjervåi", "km": 1.9}}, {"type": "Feature", "geometry": {"type": "LineString", "coordinates": [[8.53886, 59.46845], [8.53994, 59.46774]]}, "properties": {"P": 29.2, "tau": 88.42, "tau_c": 286.13, "omega": 114.75, "M": 0.31, "D": 0.0, "R": 0.03, "sving": 0.11, "os": 0.95, "foss": 1.0, "juv": 0.0, "B": 0.57, "Q": 0.47, "w": 6.18, "h": 0.06, "S": 0.15432, "elv": "Bøyeåi", "km": 2.5}}, {"type": "Feature", "geometry": {"type": "LineString", "coordinates": [[8.53994, 59.46774], [8.54115, 59.4671]]}, "properties": {"P": 26.02, "tau": 84.86, "tau_c": 278.71, "omega": 108.12, "M": 0.3, "D": 0.0, "R": 0.03, "sving": 0.18, "os": 0.64, "foss": 1.0, "juv": 0.0, "B": 0.57, "Q": 0.47, "w": 6.3, "h": 0.06, "S": 0.14641, "elv": "Bøyeåi", "km": 2.6}}, {"type": "Feature", "geometry": {"type": "LineString", "coordinates": [[8.54115, 59.4671], [8.54243, 59.46651]]}, "properties": {"P": 20.95, "tau": 82.39, "tau_c": 262.93, "omega": 104.85, "M": 0.31, "D": 0.01, "R": 0.03, "sving": 0.01, "os": 0.39, "foss": 1.0, "juv": 0.0, "B": 0.58, "Q": 0.53, "w": 6.43, "h": 0.06, "S": 0.1303, "elv": "Bøyeåi", "km": 2.7}}, {"type": "Feature", "geometry": {"type": "LineString", "coordinates": [[8.54243, 59.46651], [8.54352, 59.46586]]}, "properties": {"P": 21.6, "tau": 85.83, "tau_c": 270.67, "omega": 111.21, "M": 0.32, "D": 0.02, "R": 0.03, "sving": 0.19, "os": 0.24, "foss": 1.0, "juv": 0.0, "B": 0.58, "Q": 0.54, "w": 6.53, "h": 0.06, "S": 0.13809, "elv": "Bøyeåi", "km": 2.8}}, {"type": "Feature", "geometry": {"type": "LineString", "coordinates": [[8.54352, 59.46586], [8.54461, 59.4652]]}, "properties": {"P": 18.98, "tau": 79.99, "tau_c": 257.75, "omega": 100.5, "M": 0.31, "D": 0.02, "R": 0.03, "sving": 0.09, "os": 0.15, "foss": 1.0, "juv": 0.0, "B": 0.59, "Q": 0.55, "w": 6.67, "h": 0.07, "S": 0.12522, "elv": "Bøyeåi", "km": 2.9}}, {"type": "Feature", "geometry": {"type": "LineString", "coordinates": [[8.54461, 59.4652], [8.54507, 59.46434]]}, "properties": {"P": 16.95, "tau": 77.2, "tau_c": 251.39, "omega": 95.53, "M": 0.31, "D": 0.01, "R": 0.03, "sving": 0.02, "os": 0.09, "foss": 1.0, "juv": 0.0, "B": 0.59, "Q": 0.55, "w": 6.75, "h": 0.07, "S": 0.11911, "elv": "Bøyeåi", "km": 3.0}}, {"type": "Feature", "geometry": {"type": "LineString", "coordinates": [[8.54507, 59.46434], [8.54604, 59.4636]]}, "properties": {"P": 18.08, "tau": 84.37, "tau_c": 263.0, "omega": 109.12, "M": 0.32, "D": 0.0, "R": 0.04, "sving": 0.12, "os": 0.06, "foss": 1.0, "juv": 0.0, "B": 0.6, "Q": 0.59, "w": 6.87, "h": 0.07, "S": 0.13037, "elv": "Bøyeåi", "km": 3.1}}, {"type": "Feature", "geometry": {"type": "LineString", "coordinates": [[8.54604, 59.4636], [8.54724, 59.46295]]}, "properties": {"P": 19.51, "tau": 84.32, "tau_c": 263.62, "omega": 108.98, "M": 0.32, "D": -0.0, "R": 0.04, "sving": 0.27, "os": 0.0, "foss": 1.0, "juv": 0.0, "B": 0.6, "Q": 0.59, "w": 6.99, "h": 0.07, "S": 0.13098, "elv": "Bøyeåi", "km": 3.2}}, {"type": "Feature", "geometry": {"type": "LineString", "coordinates": [[8.54724, 59.46295], [8.54873, 59.46247]]}, "properties": {"P": 17.12, "tau": 91.05, "tau_c": 272.43, "omega": 122.5, "M": 0.33, "D": -0.0, "R": 0.04, "sving": 0.08, "os": 0.0, "foss": 1.0, "juv": 0.0, "B": 0.61, "Q": 0.64, "w": 7.12, "h": 0.07, "S": 0.13989, "elv": "Bøyeåi", "km": 3.3}}, {"type": "Feature", "geometry": {"type": "LineString", "coordinates": [[8.54873, 59.46247], [8.5502, 59.46198]]}, "properties": {"P": 17.18, "tau": 90.7, "tau_c": 270.48, "omega": 122.03, "M": 0.34, "D": -0.0, "R": 0.04, "sving": 0.08, "os": 0.0, "foss": 1.0, "juv": 0.0, "B": 0.61, "Q": 0.65, "w": 7.22, "h": 0.07, "S": 0.13789, "elv": "Bøyeåi", "km": 3.4}}, {"type": "Feature", "geometry": {"type": "LineString", "coordinates": [[8.5502, 59.46198], [8.55145, 59.46137]]}, "properties": {"P": 19.28, "tau": 97.14, "tau_c": 282.97, "omega": 134.82, "M": 0.34, "D": -0.0, "R": 0.05, "sving": 0.2, "os": 0.0, "foss": 1.0, "juv": 0.0, "B": 0.61, "Q": 0.67, "w": 7.34, "h": 0.07, "S": 0.15092, "elv": "Bøyeåi", "km": 3.5}}, {"type": "Feature", "geometry": {"type": "LineString", "coordinates": [[8.55145, 59.46137], [8.55235, 59.46061]]}, "properties": {"P": 18.22, "tau": 113.32, "tau_c": 316.86, "omega": 168.0, "M": 0.36, "D": -0.0, "R": 0.06, "sving": 0.12, "os": 0.0, "foss": 1.0, "juv": 0.0, "B": 0.61, "Q": 0.67, "w": 7.42, "h": 0.06, "S": 0.18923, "elv": "Bøyeåi", "km": 3.6}}, {"type": "Feature", "geometry": {"type": "LineString", "coordinates": [[8.55235, 59.46061], [8.55314, 59.45981]]}, "properties": {"P": 17.74, "tau": 109.39, "tau_c": 304.23, "omega": 160.48, "M": 0.36, "D": 0.01, "R": 0.06, "sving": 0.05, "os": 0.0, "foss": 1.0, "juv": 0.0, "B": 0.62, "Q": 0.7, "w": 7.49, "h": 0.06, "S": 0.17445, "elv": "Bøyeåi", "km": 3.7}}, {"type": "Feature", "geometry": {"type": "LineString", "coordinates": [[8.55314, 59.45981], [8.55422, 59.45914]]}, "properties": {"P": 22.29, "tau": 108.66, "tau_c": 302.46, "omega": 159.02, "M": 0.36, "D": 0.03, "R": 0.06, "sving": 0.33, "os": 0.0, "foss": 1.0, "juv": 0.0, "B": 0.62, "Q": 0.71, "w": 7.53, "h": 0.06, "S": 0.17242, "elv": "Bøyeåi", "km": 3.8}}, {"type": "Feature", "geometry": {"type": "LineString", "coordinates": [[8.55422, 59.45914], [8.55564, 59.45862]]}, "properties": {"P": 21.97, "tau": 103.67, "tau_c": 292.93, "omega": 148.6, "M": 0.35, "D": 0.06, "R": 0.06, "sving": 0.27, "os": 0.0, "foss": 1.0, "juv": 0.0, "B": 0.62, "Q": 0.71, "w": 7.57, "h": 0.07, "S": 0.16174, "elv": "Bøyeåi", "km": 3.9}}, {"type": "Feature", "geometry": {"type": "LineString", "coordinates": [[8.55564, 59.45862], [8.55723, 59.4585]]}, "properties": {"P": 20.73, "tau": 97.71, "tau_c": 280.71, "omega": 136.53, "M": 0.35, "D": 0.1, "R": 0.05, "sving": 0.13, "os": 0.0, "foss": 1.0, "juv": 0.0, "B": 0.62, "Q": 0.71, "w": 7.58, "h": 0.07, "S": 0.14852, "elv": "Bøyeåi", "km": 4.0}}, {"type": "Feature", "geometry": {"type": "LineString", "coordinates": [[8.55723, 59.4585], [8.55863, 59.45821]]}, "properties": {"P": 22.88, "tau": 89.21, "tau_c": 262.97, "omega": 119.83, "M": 0.34, "D": 0.14, "R": 0.05, "sving": 0.23, "os": 0.0, "foss": 1.0, "juv": 0.0, "B": 0.63, "Q": 0.71, "w": 7.59, "h": 0.07, "S": 0.13034, "elv": "Bøyeåi", "km": 4.1}}, {"type": "Feature", "geometry": {"type": "LineString", "coordinates": [[8.55863, 59.45821], [8.5601, 59.45777]]}, "properties": {"P": 24.26, "tau": 66.59, "tau_c": 213.28, "omega": 78.79, "M": 0.31, "D": 0.17, "R": 0.03, "sving": 0.3, "os": 0.0, "foss": 1.0, "juv": 0.0, "B": 0.63, "Q": 0.71, "w": 7.59, "h": 0.08, "S": 0.08573, "elv": "Bøyeåi", "km": 4.2}}, {"type": "Feature", "geometry": {"type": "LineString", "coordinates": [[8.5601, 59.45777], [8.5618, 59.45777]]}, "properties": {"P": 22.2, "tau": 69.5, "tau_c": 219.89, "omega": 83.79, "M": 0.32, "D": 0.13, "R": 0.03, "sving": 0.21, "os": 0.0, "foss": 1.0, "juv": 0.0, "B": 0.63, "Q": 0.71, "w": 7.59, "h": 0.08, "S": 0.09113, "elv": "Bøyeåi", "km": 4.3}}, {"type": "Feature", "geometry": {"type": "LineString", "coordinates": [[8.5618, 59.45777], [8.56281, 59.45704]]}, "properties": {"P": 21.52, "tau": 60.08, "tau_c": 198.06, "omega": 68.01, "M": 0.3, "D": 0.11, "R": 0.03, "sving": 0.21, "os": 0.0, "foss": 1.0, "juv": 0.0, "B": 0.63, "Q": 0.71, "w": 7.59, "h": 0.08, "S": 0.07394, "elv": "Bøyeåi", "km": 4.4}}, {"type": "Feature", "geometry": {"type": "LineString", "coordinates": [[8.5497, 59.50362], [8.55143, 59.50365]]}, "properties": {"P": 20.46, "tau": 38.31, "tau_c": 127.51, "omega": 37.12, "M": 0.3, "D": 0.0, "R": 0.03, "sving": 0.46, "os": 1.0, "foss": 0.0, "juv": 0.0, "B": 0.55, "Q": 1.24, "w": 10.04, "h": 0.13, "S": 0.03064, "elv": "Kivleåi", "km": 0.0}}, {"type": "Feature", "geometry": {"type": "LineString", "coordinates": [[8.55316, 59.50373], [8.55459, 59.50325]]}, "properties": {"P": 23.15, "tau": 83.69, "tau_c": 222.75, "omega": 113.9, "M": 0.38, "D": 0.0, "R": 0.07, "sving": 0.21, "os": 0.37, "foss": 1.0, "juv": 0.0, "B": 0.56, "Q": 1.26, "w": 10.13, "h": 0.09, "S": 0.09352, "elv": "Kivleåi", "km": 0.2}}, {"type": "Feature", "geometry": {"type": "LineString", "coordinates": [[8.55459, 59.50325], [8.5556, 59.50251]]}, "properties": {"P": 17.56, "tau": 85.35, "tau_c": 224.0, "omega": 117.46, "M": 0.38, "D": 0.0, "R": 0.07, "sving": 0.19, "os": 0.25, "foss": 0.72, "juv": 0.0, "B": 0.56, "Q": 1.29, "w": 10.19, "h": 0.09, "S": 0.09457, "elv": "Kivleåi", "km": 0.3}}, {"type": "Feature", "geometry": {"type": "LineString", "coordinates": [[8.5556, 59.50251], [8.55709, 59.50209]]}, "properties": {"P": 21.33, "tau": 87.24, "tau_c": 228.52, "omega": 121.07, "M": 0.38, "D": 0.0, "R": 0.07, "sving": 0.26, "os": 0.17, "foss": 1.0, "juv": 0.0, "B": 0.56, "Q": 1.3, "w": 10.35, "h": 0.09, "S": 0.09843, "elv": "Kivleåi", "km": 0.4}}, {"type": "Feature", "geometry": {"type": "LineString", "coordinates": [[8.55709, 59.50209], [8.55862, 59.50172]]}, "properties": {"P": 24.09, "tau": 90.35, "tau_c": 234.59, "omega": 127.27, "M": 0.39, "D": 0.0, "R": 0.08, "sving": 0.51, "os": 0.1, "foss": 1.0, "juv": 0.0, "B": 0.56, "Q": 1.31, "w": 10.5, "h": 0.09, "S": 0.10373, "elv": "Kivleåi", "km": 0.5}}, {"type": "Feature", "geometry": {"type": "LineString", "coordinates": [[8.55862, 59.50172], [8.56035, 59.50182]]}, "properties": {"P": 22.56, "tau": 97.33, "tau_c": 238.06, "omega": 143.32, "M": 0.41, "D": 0.03, "R": 0.1, "sving": 0.34, "os": 0.06, "foss": 1.0, "juv": 0.0, "B": 0.57, "Q": 1.45, "w": 10.63, "h": 0.09, "S": 0.10682, "elv": "Kivleåi", "km": 0.6}}, {"type": "Feature", "geometry": {"type": "LineString", "coordinates": [[8.56035, 59.50182], [8.56198, 59.50217]]}, "properties": {"P": 22.34, "tau": 97.7, "tau_c": 239.63, "omega": 143.94, "M": 0.41, "D": 0.1, "R": 0.09, "sving": 0.3, "os": 0.0, "foss": 1.0, "juv": 0.0, "B": 0.58, "Q": 1.46, "w": 10.76, "h": 0.09, "S": 0.10823, "elv": "Kivleåi", "km": 0.7}}, {"type": "Feature", "geometry": {"type": "LineString", "coordinates": [[8.56198, 59.50217], [8.56361, 59.5025]]}, "properties": {"P": 19.41, "tau": 68.12, "tau_c": 185.87, "omega": 85.75, "M": 0.37, "D": 0.16, "R": 0.06, "sving": 0.05, "os": 0.0, "foss": 1.0, "juv": 0.0, "B": 0.58, "Q": 1.46, "w": 10.89, "h": 0.11, "S": 0.06512, "elv": "Kivleåi", "km": 0.8}}, {"type": "Feature", "geometry": {"type": "LineString", "coordinates": [[8.56361, 59.5025], [8.56525, 59.50283]]}, "properties": {"P": 16.29, "tau": 61.6, "tau_c": 172.78, "omega": 74.25, "M": 0.36, "D": 0.14, "R": 0.06, "sving": 0.15, "os": 0.0, "foss": 0.72, "juv": 0.0, "B": 0.58, "Q": 1.47, "w": 10.91, "h": 0.11, "S": 0.05626, "elv": "Kivleåi", "km": 0.9}}, {"type": "Feature", "geometry": {"type": "LineString", "coordinates": [[8.56525, 59.50283], [8.56695, 59.50304]]}, "properties": {"P": 18.17, "tau": 65.31, "tau_c": 180.13, "omega": 80.76, "M": 0.36, "D": 0.08, "R": 0.06, "sving": 0.07, "os": 0.0, "foss": 1.0, "juv": 0.0, "B": 0.58, "Q": 1.47, "w": 10.95, "h": 0.11, "S": 0.06115, "elv": "Kivleåi", "km": 1.0}}, {"type": "Feature", "geometry": {"type": "LineString", "coordinates": [[8.56695, 59.50304], [8.56871, 59.50305]]}, "properties": {"P": 16.17, "tau": 62.79, "tau_c": 175.11, "omega": 76.35, "M": 0.36, "D": 0.01, "R": 0.06, "sving": 0.02, "os": 0.0, "foss": 1.0, "juv": 0.0, "B": 0.58, "Q": 1.48, "w": 10.99, "h": 0.11, "S": 0.05779, "elv": "Kivleåi", "km": 1.1}}, {"type": "Feature", "geometry": {"type": "LineString", "coordinates": [[8.56871, 59.50305], [8.57018, 59.50353]]}, "properties": {"P": 17.24, "tau": 67.98, "tau_c": 183.64, "omega": 85.79, "M": 0.37, "D": -0.0, "R": 0.07, "sving": 0.09, "os": 0.0, "foss": 1.0, "juv": 0.0, "B": 0.59, "Q": 1.52, "w": 11.04, "h": 0.11, "S": 0.06356, "elv": "Kivleåi", "km": 1.2}}, {"type": "Feature", "geometry": {"type": "LineString", "coordinates": [[8.57018, 59.50353], [8.57183, 59.5038]]}, "properties": {"P": 19.18, "tau": 70.58, "tau_c": 188.91, "omega": 90.51, "M": 0.37, "D": -0.0, "R": 0.07, "sving": 0.16, "os": 0.06, "foss": 1.0, "juv": 0.0, "B": 0.59, "Q": 1.52, "w": 11.09, "h": 0.11, "S": 0.06726, "elv": "Kivleåi", "km": 1.3}}, {"type": "Feature", "geometry": {"type": "LineString", "coordinates": [[8.57183, 59.5038], [8.57354, 59.50379]]}, "properties": {"P": 22.92, "tau": 104.63, "tau_c": 250.63, "omega": 159.07, "M": 0.42, "D": -0.0, "R": 0.1, "sving": 0.33, "os": 0.1, "foss": 1.0, "juv": 0.0, "B": 0.59, "Q": 1.53, "w": 11.14, "h": 0.09, "S": 0.1184, "elv": "Kivleåi", "km": 1.4}}, {"type": "Feature", "geometry": {"type": "LineString", "coordinates": [[8.57354, 59.50379], [8.57514, 59.50342]]}, "properties": {"P": 20.39, "tau": 100.37, "tau_c": 242.26, "omega": 150.07, "M": 0.41, "D": 0.01, "R": 0.1, "sving": 0.07, "os": 0.16, "foss": 1.0, "juv": 0.0, "B": 0.59, "Q": 1.55, "w": 11.2, "h": 0.09, "S": 0.11062, "elv": "Kivleåi", "km": 1.5}}, {"type": "Feature", "geometry": {"type": "LineString", "coordinates": [[8.57514, 59.50342], [8.57682, 59.50316]]}, "properties": {"P": 21.8, "tau": 94.77, "tau_c": 233.53, "omega": 138.04, "M": 0.41, "D": 0.01, "R": 0.09, "sving": 0.09, "os": 0.25, "foss": 1.0, "juv": 0.0, "B": 0.59, "Q": 1.55, "w": 11.34, "h": 0.09, "S": 0.10279, "elv": "Kivleåi", "km": 1.6}}, {"type": "Feature", "geometry": {"type": "LineString", "coordinates": [[8.57682, 59.50316], [8.57853, 59.50325]]}, "properties": {"P": 21.65, "tau": 97.46, "tau_c": 237.15, "omega": 143.92, "M": 0.41, "D": 0.01, "R": 0.1, "sving": 0.2, "os": 0.39, "foss": 0.72, "juv": 0.0, "B": 0.59, "Q": 1.59, "w": 11.51, "h": 0.09, "S": 0.10601, "elv": "Kivleåi", "km": 1.7}}, {"type": "Feature", "geometry": {"type": "LineString", "coordinates": [[8.57853, 59.50325], [8.58024, 59.50346]]}, "properties": {"P": 21.7, "tau": 103.16, "tau_c": 240.92, "omega": 157.4, "M": 0.43, "D": 0.05, "R": 0.11, "sving": 0.07, "os": 0.64, "foss": 0.51, "juv": 0.0, "B": 0.6, "Q": 1.72, "w": 11.72, "h": 0.1, "S": 0.1094, "elv": "Kivleåi", "km": 1.8}}, {"type": "Feature", "geometry": {"type": "LineString", "coordinates": [[8.58024, 59.50346], [8.58199, 59.50356]]}, "properties": {"P": 38.21, "tau": 104.33, "tau_c": 241.6, "omega": 160.24, "M": 0.43, "D": 0.1, "R": 0.12, "sving": 0.3, "os": 0.95, "foss": 1.0, "juv": 0.0, "B": 0.61, "Q": 1.77, "w": 11.95, "h": 0.1, "S": 0.11001, "elv": "Kivleåi", "km": 1.9}}, {"type": "Feature", "geometry": {"type": "LineString", "coordinates": [[8.58199, 59.50356], [8.58353, 59.50316]]}, "properties": {"P": 34.32, "tau": 59.93, "tau_c": 160.83, "omega": 72.64, "M": 0.37, "D": 0.16, "R": 0.07, "sving": 0.4, "os": 0.58, "foss": 1.0, "juv": 0.0, "B": 0.61, "Q": 1.85, "w": 12.16, "h": 0.13, "S": 0.04876, "elv": "Kivleåi", "km": 2.0}}, {"type": "Feature", "geometry": {"type": "LineString", "coordinates": [[8.58353, 59.50316], [8.58483, 59.5026]]}, "properties": {"P": 30.26, "tau": 74.83, "tau_c": 187.59, "omega": 100.03, "M": 0.4, "D": 0.11, "R": 0.09, "sving": 0.36, "os": 0.37, "foss": 1.0, "juv": 0.0, "B": 0.61, "Q": 1.89, "w": 12.29, "h": 0.12, "S": 0.06633, "elv": "Kivleåi", "km": 2.1}}, {"type": "Feature", "geometry": {"type": "LineString", "coordinates": [[8.58483, 59.5026], [8.58601, 59.50194]]}, "properties": {"P": 23.76, "tau": 74.83, "tau_c": 187.94, "omega": 99.99, "M": 0.4, "D": 0.09, "R": 0.09, "sving": 0.08, "os": 0.24, "foss": 1.0, "juv": 0.0, "B": 0.61, "Q": 1.9, "w": 12.39, "h": 0.11, "S": 0.06657, "elv": "Kivleåi", "km": 2.2}}, {"type": "Feature", "geometry": {"type": "LineString", "coordinates": [[8.58601, 59.50194], [8.58716, 59.50129]]}, "properties": {"P": 24.08, "tau": 71.09, "tau_c": 180.66, "omega": 93.0, "M": 0.39, "D": 0.06, "R": 0.08, "sving": 0.22, "os": 0.15, "foss": 1.0, "juv": 0.0, "B": 0.61, "Q": 1.92, "w": 12.45, "h": 0.12, "S": 0.06151, "elv": "Kivleåi", "km": 2.3}}, {"type": "Feature", "geometry": {"type": "LineString", "coordinates": [[8.58716, 59.50129], [8.58886, 59.50107]]}, "properties": {"P": 19.3, "tau": 62.08, "tau_c": 163.89, "omega": 76.59, "M": 0.38, "D": 0.1, "R": 0.07, "sving": 0.21, "os": 0.1, "foss": 0.72, "juv": 0.0, "B": 0.62, "Q": 1.93, "w": 12.51, "h": 0.13, "S": 0.05063, "elv": "Kivleåi", "km": 2.4}}, {"type": "Feature", "geometry": {"type": "LineString", "coordinates": [[8.58886, 59.50107], [8.59061, 59.50098]]}, "properties": {"P": 23.74, "tau": 58.07, "tau_c": 156.48, "omega": 69.57, "M": 0.37, "D": 0.14, "R": 0.07, "sving": 0.22, "os": 0.06, "foss": 1.0, "juv": 0.0, "B": 0.62, "Q": 1.93, "w": 12.58, "h": 0.13, "S": 0.04615, "elv": "Kivleåi", "km": 2.5}}, {"type": "Feature", "geometry": {"type": "LineString", "coordinates": [[8.59061, 59.50098], [8.59231, 59.50074]]}, "properties": {"P": 22.33, "tau": 54.89, "tau_c": 146.12, "omega": 64.69, "M": 0.38, "D": 0.13, "R": 0.07, "sving": 0.11, "os": 0.07, "foss": 1.0, "juv": 0.0, "B": 0.62, "Q": 1.98, "w": 12.08, "h": 0.14, "S": 0.04024, "elv": "Kivleåi", "km": 2.6}}, {"type": "Feature", "geometry": {"type": "LineString", "coordinates": [[8.59231, 59.50074], [8.594, 59.5005]]}, "properties": {"P": 23.75, "tau": 36.87, "tau_c": 109.68, "omega": 36.56, "M": 0.34, "D": 0.09, "R": 0.04, "sving": 0.54, "os": 0.11, "foss": 0.72, "juv": 0.0, "B": 0.62, "Q": 2.01, "w": 12.2, "h": 0.17, "S": 0.02267, "elv": "Kivleåi", "km": 2.7}}, {"type": "Feature", "geometry": {"type": "LineString", "coordinates": [[8.594, 59.5005], [8.59542, 59.50006]]}, "properties": {"P": 13.92, "tau": 48.26, "tau_c": 130.94, "omega": 54.08, "M": 0.37, "D": 0.03, "R": 0.06, "sving": 0.07, "os": 0.17, "foss": 0.51, "juv": 0.0, "B": 0.63, "Q": 2.1, "w": 12.32, "h": 0.15, "S": 0.03231, "elv": "Kivleåi", "km": 2.8}}, {"type": "Feature", "geometry": {"type": "LineString", "coordinates": [[8.59542, 59.50006], [8.59548, 59.49919]]}, "properties": {"P": 13.54, "tau": 68.96, "tau_c": 169.32, "omega": 90.21, "M": 0.41, "D": 0.0, "R": 0.09, "sving": 0.08, "os": 0.28, "foss": 0.37, "juv": 0.0, "B": 0.63, "Q": 2.11, "w": 12.42, "h": 0.13, "S": 0.05404, "elv": "Kivleåi", "km": 2.9}}, {"type": "Feature", "geometry": {"type": "LineString", "coordinates": [[8.59548, 59.49919], [8.59665, 59.49889]]}, "properties": {"P": 24.41, "tau": 84.18, "tau_c": 191.21, "omega": 120.78, "M": 0.44, "D": 0.0, "R": 0.12, "sving": 0.03, "os": 0.35, "foss": 1.0, "juv": 0.0, "B": 0.63, "Q": 2.12, "w": 11.87, "h": 0.12, "S": 0.06891, "elv": "Kivleåi", "km": 3.0}}, {"type": "Feature", "geometry": {"type": "LineString", "coordinates": [[8.59665, 59.49889], [8.59836, 59.49884]]}, "properties": {"P": 34.01, "tau": 92.57, "tau_c": 203.73, "omega": 138.58, "M": 0.45, "D": 0.0, "R": 0.14, "sving": 0.48, "os": 0.5, "foss": 1.0, "juv": 0.0, "B": 0.63, "Q": 2.14, "w": 11.87, "h": 0.12, "S": 0.07823, "elv": "Kivleåi", "km": 3.1}}, {"type": "Feature", "geometry": {"type": "LineString", "coordinates": [[8.59836, 59.49884], [8.59991, 59.49844]]}, "properties": {"P": 34.17, "tau": 102.22, "tau_c": 212.52, "omega": 161.07, "M": 0.48, "D": 0.0, "R": 0.17, "sving": 0.12, "os": 0.81, "foss": 1.0, "juv": 0.0, "B": 0.63, "Q": 2.17, "w": 11.26, "h": 0.12, "S": 0.08513, "elv": "Kivleåi", "km": 3.2}}, {"type": "Feature", "geometry": {"type": "LineString", "coordinates": [[8.59991, 59.49844], [8.6016, 59.49821]]}, "properties": {"P": 35.42, "tau": 112.42, "tau_c": 227.26, "omega": 184.68, "M": 0.49, "D": 0.02, "R": 0.18, "sving": 0.21, "os": 0.75, "foss": 1.0, "juv": 0.0, "B": 0.63, "Q": 2.19, "w": 11.33, "h": 0.12, "S": 0.09735, "elv": "Kivleåi", "km": 3.3}}, {"type": "Feature", "geometry": {"type": "LineString", "coordinates": [[8.6016, 59.49821], [8.60282, 59.49757]]}, "properties": {"P": 30.7, "tau": 103.42, "tau_c": 213.85, "omega": 163.92, "M": 0.48, "D": 0.09, "R": 0.17, "sving": 0.12, "os": 0.46, "foss": 1.0, "juv": 0.0, "B": 0.63, "Q": 2.21, "w": 11.39, "h": 0.12, "S": 0.08619, "elv": "Kivleåi", "km": 3.4}}, {"type": "Feature", "geometry": {"type": "LineString", "coordinates": [[8.60282, 59.49757], [8.60426, 59.49706]]}, "properties": {"P": 31.64, "tau": 88.07, "tau_c": 194.65, "omega": 129.45, "M": 0.45, "D": 0.15, "R": 0.14, "sving": 0.32, "os": 0.29, "foss": 1.0, "juv": 0.0, "B": 0.64, "Q": 2.23, "w": 12.09, "h": 0.13, "S": 0.07141, "elv": "Kivleåi", "km": 3.5}}, {"type": "Feature", "geometry": {"type": "LineString", "coordinates": [[8.60426, 59.49706], [8.60549, 59.49644]]}, "properties": {"P": 23.73, "tau": 66.09, "tau_c": 162.11, "omega": 85.25, "M": 0.41, "D": 0.18, "R": 0.09, "sving": 0.23, "os": 0.18, "foss": 0.72, "juv": 0.0, "B": 0.64, "Q": 2.25, "w": 12.8, "h": 0.14, "S": 0.04953, "elv": "Kivleåi", "km": 3.6}}, {"type": "Feature", "geometry": {"type": "LineString", "coordinates": [[8.60549, 59.49644], [8.60629, 59.49564]]}, "properties": {"P": 25.88, "tau": 70.14, "tau_c": 172.99, "omega": 92.26, "M": 0.41, "D": 0.11, "R": 0.09, "sving": 0.24, "os": 0.11, "foss": 1.0, "juv": 0.0, "B": 0.64, "Q": 2.25, "w": 13.51, "h": 0.13, "S": 0.0564, "elv": "Kivleåi", "km": 3.7}}, {"type": "Feature", "geometry": {"type": "LineString", "coordinates": [[8.60629, 59.49564], [8.60657, 59.49477]]}, "properties": {"P": 16.73, "tau": 64.62, "tau_c": 162.91, "omega": 82.08, "M": 0.4, "D": 0.05, "R": 0.09, "sving": 0.07, "os": 0.07, "foss": 0.72, "juv": 0.0, "B": 0.64, "Q": 2.26, "w": 13.53, "h": 0.13, "S": 0.05002, "elv": "Kivleåi", "km": 3.8}}, {"type": "Feature", "geometry": {"type": "LineString", "coordinates": [[8.60657, 59.49477], [8.6071, 59.49393]]}, "properties": {"P": 18.35, "tau": 69.16, "tau_c": 171.05, "omega": 90.47, "M": 0.4, "D": 0.0, "R": 0.09, "sving": 0.02, "os": 0.0, "foss": 1.0, "juv": 0.0, "B": 0.64, "Q": 2.27, "w": 13.56, "h": 0.13, "S": 0.05515, "elv": "Kivleåi", "km": 3.9}}, {"type": "Feature", "geometry": {"type": "LineString", "coordinates": [[8.6071, 59.49393], [8.60808, 59.49319]]}, "properties": {"P": 18.71, "tau": 75.48, "tau_c": 181.86, "omega": 102.59, "M": 0.42, "D": 0.0, "R": 0.1, "sving": 0.31, "os": 0.0, "foss": 0.72, "juv": 0.0, "B": 0.64, "Q": 2.28, "w": 13.59, "h": 0.12, "S": 0.06233, "elv": "Kivleåi", "km": 4.0}}, {"type": "Feature", "geometry": {"type": "LineString", "coordinates": [[8.60808, 59.49319], [8.60876, 59.4924]]}, "properties": {"P": 20.79, "tau": 68.4, "tau_c": 165.41, "omega": 89.68, "M": 0.41, "D": 0.0, "R": 0.1, "sving": 0.16, "os": 0.0, "foss": 1.0, "juv": 0.0, "B": 0.64, "Q": 2.28, "w": 12.88, "h": 0.14, "S": 0.05157, "elv": "Kivleåi", "km": 4.1}}, {"type": "Feature", "geometry": {"type": "LineString", "coordinates": [[8.60876, 59.4924], [8.61012, 59.49195]]}, "properties": {"P": 20.91, "tau": 85.76, "tau_c": 188.96, "omega": 125.03, "M": 0.45, "D": 0.0, "R": 0.14, "sving": 0.1, "os": 0.0, "foss": 1.0, "juv": 0.0, "B": 0.64, "Q": 2.3, "w": 12.17, "h": 0.13, "S": 0.0673, "elv": "Kivleåi", "km": 4.2}}, {"type": "Feature", "geometry": {"type": "LineString", "coordinates": [[8.61012, 59.49195], [8.61116, 59.49137]]}, "properties": {"P": 20.04, "tau": 113.96, "tau_c": 225.44, "omega": 189.37, "M": 0.51, "D": 0.0, "R": 0.19, "sving": 0.24, "os": 0.0, "foss": 0.72, "juv": 0.0, "B": 0.64, "Q": 2.31, "w": 11.45, "h": 0.12, "S": 0.0958, "elv": "Kivleåi", "km": 4.3}}, {"type": "Feature", "geometry": {"type": "LineString", "coordinates": [[8.61116, 59.49137], [8.61245, 59.49081]]}, "properties": {"P": 21.99, "tau": 138.36, "tau_c": 259.03, "omega": 250.1, "M": 0.53, "D": 0.0, "R": 0.23, "sving": 0.02, "os": 0.0, "foss": 1.0, "juv": 0.0, "B": 0.64, "Q": 2.31, "w": 11.47, "h": 0.11, "S": 0.12647, "elv": "Kivleåi", "km": 4.4}}, {"type": "Feature", "geometry": {"type": "LineString", "coordinates": [[8.61245, 59.49081], [8.61393, 59.49037]]}, "properties": {"P": 24.51, "tau": 128.35, "tau_c": 245.4, "omega": 224.59, "M": 0.52, "D": 0.01, "R": 0.21, "sving": 0.19, "os": 0.0, "foss": 1.0, "juv": 0.0, "B": 0.64, "Q": 2.32, "w": 11.48, "h": 0.12, "S": 0.11351, "elv": "Kivleåi", "km": 4.5}}, {"type": "Feature", "geometry": {"type": "LineString", "coordinates": [[8.61393, 59.49037], [8.61534, 59.48985]]}, "properties": {"P": 27.04, "tau": 123.88, "tau_c": 245.83, "omega": 211.85, "M": 0.5, "D": 0.02, "R": 0.19, "sving": 0.37, "os": 0.0, "foss": 1.0, "juv": 0.0, "B": 0.64, "Q": 2.32, "w": 12.23, "h": 0.11, "S": 0.1139, "elv": "Kivleåi", "km": 4.6}}, {"type": "Feature", "geometry": {"type": "LineString", "coordinates": [[8.61534, 59.48985], [8.61695, 59.48958]]}, "properties": {"P": 21.32, "tau": 134.84, "tau_c": 267.94, "omega": 237.48, "M": 0.5, "D": 0.06, "R": 0.19, "sving": 0.23, "os": 0.0, "foss": 0.72, "juv": 0.0, "B": 0.64, "Q": 2.32, "w": 12.97, "h": 0.1, "S": 0.13531, "elv": "Kivleåi", "km": 4.7}}, {"type": "Feature", "geometry": {"type": "LineString", "coordinates": [[8.61695, 59.48958], [8.61862, 59.48983]]}, "properties": {"P": 28.13, "tau": 119.63, "tau_c": 251.89, "omega": 198.69, "M": 0.47, "D": 0.14, "R": 0.16, "sving": 0.34, "os": 0.0, "foss": 1.0, "juv": 0.0, "B": 0.65, "Q": 2.32, "w": 13.72, "h": 0.1, "S": 0.11959, "elv": "Kivleåi", "km": 4.8}}, {"type": "Feature", "geometry": {"type": "LineString", "coordinates": [[8.61862, 59.48983], [8.62033, 59.48991]]}, "properties": {"P": 25.59, "tau": 86.26, "tau_c": 199.34, "omega": 124.36, "M": 0.43, "D": 0.17, "R": 0.12, "sving": 0.19, "os": 0.0, "foss": 1.0, "juv": 0.0, "B": 0.65, "Q": 2.33, "w": 13.74, "h": 0.12, "S": 0.0749, "elv": "Kivleåi", "km": 4.9}}, {"type": "Feature", "geometry": {"type": "LineString", "coordinates": [[8.62033, 59.48991], [8.62203, 59.49014]]}, "properties": {"P": 18.72, "tau": 77.91, "tau_c": 185.11, "omega": 107.53, "M": 0.42, "D": 0.13, "R": 0.11, "sving": 0.11, "os": 0.0, "foss": 0.72, "juv": 0.0, "B": 0.65, "Q": 2.34, "w": 13.76, "h": 0.12, "S": 0.06458, "elv": "Kivleåi", "km": 5.0}}, {"type": "Feature", "geometry": {"type": "LineString", "coordinates": [[8.62203, 59.49014], [8.62375, 59.49032]]}, "properties": {"P": 14.57, "tau": 90.82, "tau_c": 206.2, "omega": 134.03, "M": 0.44, "D": 0.07, "R": 0.12, "sving": 0.1, "os": 0.0, "foss": 0.51, "juv": 0.0, "B": 0.65, "Q": 2.35, "w": 13.79, "h": 0.12, "S": 0.08014, "elv": "Kivleåi", "km": 5.1}}, {"type": "Feature", "geometry": {"type": "LineString", "coordinates": [[8.62375, 59.49032], [8.62521, 59.4908]]}, "properties": {"P": 22.25, "tau": 82.84, "tau_c": 193.04, "omega": 117.49, "M": 0.43, "D": 0.06, "R": 0.11, "sving": 0.13, "os": 0.0, "foss": 1.0, "juv": 0.0, "B": 0.65, "Q": 2.36, "w": 13.81, "h": 0.12, "S": 0.07024, "elv": "Kivleåi", "km": 5.2}}, {"type": "Feature", "geometry": {"type": "LineString", "coordinates": [[8.62521, 59.4908], [8.62672, 59.4911]]}, "properties": {"P": 20.87, "tau": 69.0, "tau_c": 169.19, "omega": 90.43, "M": 0.41, "D": 0.09, "R": 0.09, "sving": 0.04, "os": 0.0, "foss": 1.0, "juv": 0.0, "B": 0.65, "Q": 2.37, "w": 13.84, "h": 0.13, "S": 0.05395, "elv": "Kivleåi", "km": 5.3}}, {"type": "Feature", "geometry": {"type": "LineString", "coordinates": [[8.62672, 59.4911], [8.62809, 59.49159]]}, "properties": {"P": 20.68, "tau": 70.92, "tau_c": 172.53, "omega": 94.07, "M": 0.41, "D": 0.11, "R": 0.1, "sving": 0.28, "os": 0.0, "foss": 0.72, "juv": 0.0, "B": 0.65, "Q": 2.37, "w": 13.87, "h": 0.13, "S": 0.0561, "elv": "Kivleåi", "km": 5.4}}, {"type": "Feature", "geometry": {"type": "LineString", "coordinates": [[8.62809, 59.49159], [8.62977, 59.49185]]}, "properties": {"P": 24.61, "tau": 67.11, "tau_c": 165.43, "omega": 86.98, "M": 0.41, "D": 0.15, "R": 0.09, "sving": 0.18, "os": 0.0, "foss": 1.0, "juv": 0.0, "B": 0.65, "Q": 2.39, "w": 13.89, "h": 0.13, "S": 0.05158, "elv": "Kivleåi", "km": 5.5}}, {"type": "Feature", "geometry": {"type": "LineString", "coordinates": [[8.62977, 59.49185], [8.63124, 59.49173]]}, "properties": {"P": 22.46, "tau": 53.36, "tau_c": 140.33, "omega": 62.63, "M": 0.38, "D": 0.22, "R": 0.07, "sving": 0.28, "os": 0.0, "foss": 0.72, "juv": 0.0, "B": 0.65, "Q": 2.39, "w": 13.91, "h": 0.15, "S": 0.03712, "elv": "Kivleåi", "km": 5.6}}, {"type": "Feature", "geometry": {"type": "LineString", "coordinates": [[8.63124, 59.49173], [8.63276, 59.49163]]}, "properties": {"P": 23.2, "tau": 33.12, "tau_c": 99.62, "omega": 31.6, "M": 0.33, "D": 0.28, "R": 0.04, "sving": 0.49, "os": 0.0, "foss": 0.51, "juv": 0.0, "B": 0.65, "Q": 2.4, "w": 13.93, "h": 0.18, "S": 0.01871, "elv": "Kivleåi", "km": 5.7}}, {"type": "Feature", "geometry": {"type": "LineString", "coordinates": [[8.63276, 59.49163], [8.6344, 59.49153]]}, "properties": {"P": 25.29, "tau": 34.92, "tau_c": 103.49, "omega": 34.09, "M": 0.34, "D": 0.22, "R": 0.05, "sving": 0.21, "os": 0.0, "foss": 1.0, "juv": 0.0, "B": 0.65, "Q": 2.4, "w": 13.94, "h": 0.18, "S": 0.02019, "elv": "Kivleåi", "km": 5.8}}, {"type": "Feature", "geometry": {"type": "LineString", "coordinates": [[8.6344, 59.49153], [8.63532, 59.49077]]}, "properties": {"P": 18.66, "tau": 27.57, "tau_c": 87.36, "omega": 24.29, "M": 0.32, "D": 0.13, "R": 0.03, "sving": 0.22, "os": 0.0, "foss": 0.72, "juv": 0.0, "B": 0.65, "Q": 2.4, "w": 13.94, "h": 0.2, "S": 0.01438, "elv": "Kivleåi", "km": 5.9}}, {"type": "Feature", "geometry": {"type": "LineString", "coordinates": [[8.63532, 59.49077], [8.6366, 59.49021]]}, "properties": {"P": 14.47, "tau": 28.07, "tau_c": 88.49, "omega": 24.92, "M": 0.32, "D": 0.03, "R": 0.03, "sving": 0.29, "os": 0.0, "foss": 0.51, "juv": 0.0, "B": 0.65, "Q": 2.4, "w": 13.94, "h": 0.19, "S": 0.01476, "elv": "Kivleåi", "km": 6.0}}, {"type": "Feature", "geometry": {"type": "LineString", "coordinates": [[8.62247, 59.53303], [8.62297, 59.53222]]}, "properties": {"P": 60.19, "tau": 328.42, "tau_c": 221.66, "omega": 1113.84, "M": 1.48, "D": 0.0, "R": 1.0, "sving": 0.83, "os": 0.22, "foss": 0.51, "juv": 0.0, "B": 0.76, "Q": 49.62, "w": 40.47, "h": 0.36, "S": 0.09261, "elv": "bekk", "km": 1.5}}, {"type": "Feature", "geometry": {"type": "LineString", "coordinates": [[8.62297, 59.53222], [8.62393, 59.53147]]}, "properties": {"P": 43.18, "tau": 127.52, "tau_c": 125.59, "omega": 278.36, "M": 1.02, "D": 0.24, "R": 0.81, "sving": 0.07, "os": 0.22, "foss": 0.37, "juv": 0.0, "B": 0.76, "Q": 49.62, "w": 51.99, "h": 0.44, "S": 0.02973, "elv": "bekk", "km": 1.6}}, {"type": "Feature", "geometry": {"type": "LineString", "coordinates": [[8.62393, 59.53147], [8.62478, 59.53071]]}, "properties": {"P": 29.93, "tau": 44.84, "tau_c": 64.68, "omega": 60.78, "M": 0.69, "D": 0.43, "R": 0.44, "sving": 0.11, "os": 0.2, "foss": 0.0, "juv": 0.0, "B": 0.76, "Q": 49.9, "w": 63.51, "h": 0.58, "S": 0.00789, "elv": "bekk", "km": 1.7}}, {"type": "Feature", "geometry": {"type": "LineString", "coordinates": [[8.55491, 59.58519], [8.5561, 59.58558]]}, "properties": {"P": 27.66, "tau": 30.25, "tau_c": 89.38, "omega": 28.17, "M": 0.34, "D": 0.0, "R": 0.05, "sving": 0.68, "os": 1.0, "foss": 0.0, "juv": 0.0, "B": 0.64, "Q": 2.95, "w": 15.48, "h": 0.2, "S": 0.01506, "elv": "bekk", "km": 0.0}}, {"type": "Feature", "geometry": {"type": "LineString", "coordinates": [[8.5561, 59.58558], [8.55763, 59.58579]]}, "properties": {"P": 35.08, "tau": 30.23, "tau_c": 89.38, "omega": 28.13, "M": 0.34, "D": 0.0, "R": 0.05, "sving": 0.45, "os": 0.67, "foss": 1.0, "juv": 0.0, "B": 0.65, "Q": 2.95, "w": 15.5, "h": 0.2, "S": 0.01506, "elv": "bekk", "km": 0.1}}, {"type": "Feature", "geometry": {"type": "LineString", "coordinates": [[8.55763, 59.58579], [8.55922, 59.58552]]}, "properties": {"P": 27.14, "tau": 30.4, "tau_c": 89.38, "omega": 28.4, "M": 0.34, "D": 0.0, "R": 0.05, "sving": 0.45, "os": 0.43, "foss": 0.72, "juv": 0.0, "B": 0.66, "Q": 2.98, "w": 15.52, "h": 0.21, "S": 0.01506, "elv": "bekk", "km": 0.2}}, {"type": "Feature", "geometry": {"type": "LineString", "coordinates": [[8.50919, 59.60475], [8.51079, 59.60453]]}, "properties": {"P": 19.6, "tau": 86.25, "tau_c": 273.94, "omega": 111.73, "M": 0.31, "D": -0.0, "R": 0.03, "sving": 0.29, "os": 0.0, "foss": 1.0, "juv": 0.0, "B": 0.59, "Q": 0.53, "w": 6.62, "h": 0.06, "S": 0.14144, "elv": "bekk", "km": 1.5}}, {"type": "Feature", "geometry": {"type": "LineString", "coordinates": [[8.51079, 59.60453], [8.51244, 59.6048]]}, "properties": {"P": 18.0, "tau": 92.08, "tau_c": 289.95, "omega": 122.36, "M": 0.32, "D": -0.0, "R": 0.04, "sving": 0.1, "os": 0.08, "foss": 1.0, "juv": 0.0, "B": 0.6, "Q": 0.53, "w": 6.77, "h": 0.06, "S": 0.15845, "elv": "bekk", "km": 1.6}}, {"type": "Feature", "geometry": {"type": "LineString", "coordinates": [[8.51244, 59.6048], [8.51405, 59.60502]]}, "properties": {"P": 17.78, "tau": 102.1, "tau_c": 306.12, "omega": 142.78, "M": 0.33, "D": -0.0, "R": 0.04, "sving": 0.0, "os": 0.12, "foss": 1.0, "juv": 0.0, "B": 0.61, "Q": 0.57, "w": 6.93, "h": 0.06, "S": 0.17663, "elv": "bekk", "km": 1.7}}, {"type": "Feature", "geometry": {"type": "LineString", "coordinates": [[8.51405, 59.60502], [8.51581, 59.60493]]}, "properties": {"P": 22.06, "tau": 108.97, "tau_c": 303.88, "omega": 159.44, "M": 0.36, "D": 0.02, "R": 0.06, "sving": 0.13, "os": 0.19, "foss": 1.0, "juv": 0.0, "B": 0.63, "Q": 0.66, "w": 7.1, "h": 0.06, "S": 0.17405, "elv": "bekk", "km": 1.8}}, {"type": "Feature", "geometry": {"type": "LineString", "coordinates": [[8.51581, 59.60493], [8.51747, 59.60471]]}, "properties": {"P": 23.41, "tau": 94.29, "tau_c": 290.78, "omega": 127.42, "M": 0.32, "D": 0.02, "R": 0.04, "sving": 0.12, "os": 0.31, "foss": 1.0, "juv": 0.0, "B": 0.63, "Q": 0.67, "w": 8.27, "h": 0.06, "S": 0.15937, "elv": "bekk", "km": 1.9}}, {"type": "Feature", "geometry": {"type": "LineString", "coordinates": [[8.51747, 59.60471], [8.51915, 59.60468]]}, "properties": {"P": 24.99, "tau": 89.99, "tau_c": 296.97, "omega": 117.27, "M": 0.3, "D": 0.02, "R": 0.03, "sving": 0.03, "os": 0.5, "foss": 1.0, "juv": 0.0, "B": 0.64, "Q": 0.68, "w": 9.39, "h": 0.06, "S": 0.16622, "elv": "bekk", "km": 2.0}}, {"type": "Feature", "geometry": {"type": "LineString", "coordinates": [[8.57421, 59.53803], [8.57531, 59.53869]]}, "properties": {"P": 10.19, "tau": 125.42, "tau_c": 364.2, "omega": 158.94, "M": 0.34, "D": 0.0, "R": 0.05, "sving": 0.14, "os": 0.0, "foss": 1.0, "juv": 0.0, "B": 0.34, "Q": 0.13, "w": 6.0, "h": 0.02, "S": 0.75965, "elv": "bekk", "km": 0.0}}, {"type": "Feature", "geometry": {"type": "LineString", "coordinates": [[8.57531, 59.53869], [8.57606, 59.53933]]}, "properties": {"P": 10.66, "tau": 126.17, "tau_c": 364.2, "omega": 161.67, "M": 0.35, "D": 0.0, "R": 0.05, "sving": 0.14, "os": 0.0, "foss": 1.0, "juv": 0.0, "B": 0.35, "Q": 0.14, "w": 6.0, "h": 0.02, "S": 0.72723, "elv": "bekk", "km": 0.1}}, {"type": "Feature", "geometry": {"type": "LineString", "coordinates": [[8.57606, 59.53933], [8.57693, 59.54011]]}, "properties": {"P": 11.35, "tau": 128.87, "tau_c": 364.2, "omega": 167.98, "M": 0.35, "D": 0.0, "R": 0.06, "sving": 0.17, "os": 0.0, "foss": 1.0, "juv": 0.0, "B": 0.37, "Q": 0.14, "w": 6.0, "h": 0.02, "S": 0.71365, "elv": "bekk", "km": 0.2}}, {"type": "Feature", "geometry": {"type": "LineString", "coordinates": [[8.57693, 59.54011], [8.57764, 59.54092]]}, "properties": {"P": 10.72, "tau": 129.62, "tau_c": 364.2, "omega": 170.67, "M": 0.36, "D": 0.0, "R": 0.06, "sving": 0.05, "os": 0.0, "foss": 1.0, "juv": 0.0, "B": 0.38, "Q": 0.15, "w": 6.0, "h": 0.02, "S": 0.68688, "elv": "bekk", "km": 0.3}}, {"type": "Feature", "geometry": {"type": "LineString", "coordinates": [[8.57764, 59.54092], [8.5781, 59.54178]]}, "properties": {"P": 11.03, "tau": 124.94, "tau_c": 364.2, "omega": 163.08, "M": 0.34, "D": 0.01, "R": 0.05, "sving": 0.06, "os": 0.0, "foss": 1.0, "juv": 0.0, "B": 0.39, "Q": 0.16, "w": 6.0, "h": 0.02, "S": 0.62351, "elv": "bekk", "km": 0.4}}, {"type": "Feature", "geometry": {"type": "LineString", "coordinates": [[8.5781, 59.54178], [8.57878, 59.54261]]}, "properties": {"P": 11.24, "tau": 126.03, "tau_c": 364.2, "omega": 166.24, "M": 0.35, "D": 0.01, "R": 0.05, "sving": 0.04, "os": 0.0, "foss": 1.0, "juv": 0.0, "B": 0.4, "Q": 0.17, "w": 6.0, "h": 0.02, "S": 0.60534, "elv": "bekk", "km": 0.5}}, {"type": "Feature", "geometry": {"type": "LineString", "coordinates": [[8.57878, 59.54261], [8.57942, 59.54344]]}, "properties": {"P": 11.48, "tau": 122.62, "tau_c": 364.2, "omega": 160.88, "M": 0.34, "D": 0.02, "R": 0.05, "sving": 0.03, "os": 0.0, "foss": 1.0, "juv": 0.0, "B": 0.42, "Q": 0.18, "w": 6.0, "h": 0.02, "S": 0.5592, "elv": "bekk", "km": 0.6}}, {"type": "Feature", "geometry": {"type": "LineString", "coordinates": [[8.57942, 59.54344], [8.57996, 59.5443]]}, "properties": {"P": 11.92, "tau": 122.69, "tau_c": 364.2, "omega": 162.01, "M": 0.34, "D": 0.02, "R": 0.05, "sving": 0.04, "os": 0.0, "foss": 1.0, "juv": 0.0, "B": 0.43, "Q": 0.18, "w": 6.0, "h": 0.02, "S": 0.53863, "elv": "bekk", "km": 0.7}}, {"type": "Feature", "geometry": {"type": "LineString", "coordinates": [[8.57996, 59.5443], [8.58056, 59.54514]]}, "properties": {"P": 12.83, "tau": 117.13, "tau_c": 364.2, "omega": 152.53, "M": 0.32, "D": 0.05, "R": 0.04, "sving": 0.03, "os": 0.05, "foss": 1.0, "juv": 0.0, "B": 0.43, "Q": 0.19, "w": 6.0, "h": 0.02, "S": 0.48596, "elv": "bekk", "km": 0.8}}, {"type": "Feature", "geometry": {"type": "LineString", "coordinates": [[8.58056, 59.54514], [8.58141, 59.54592]]}, "properties": {"P": 15.53, "tau": 110.77, "tau_c": 364.2, "omega": 141.6, "M": 0.3, "D": 0.08, "R": 0.03, "sving": 0.2, "os": 0.07, "foss": 1.0, "juv": 0.0, "B": 0.44, "Q": 0.2, "w": 6.0, "h": 0.03, "S": 0.43311, "elv": "bekk", "km": 0.9}}, {"type": "Feature", "geometry": {"type": "LineString", "coordinates": [[8.53009, 59.5912], [8.53162, 59.59099]]}, "properties": {"P": 18.76, "tau": 101.81, "tau_c": 327.93, "omega": 138.87, "M": 0.31, "D": 0.03, "R": 0.03, "sving": 0.42, "os": 0.12, "foss": 1.0, "juv": 0.0, "B": 0.47, "Q": 0.42, "w": 6.0, "h": 0.05, "S": 0.20269, "elv": "Holebekk", "km": 0.7}}, {"type": "Feature", "geometry": {"type": "LineString", "coordinates": [[8.53162, 59.59099], [8.53312, 59.59051]]}, "properties": {"P": 17.63, "tau": 105.01, "tau_c": 335.28, "omega": 145.16, "M": 0.31, "D": 0.12, "R": 0.03, "sving": 0.46, "os": 0.13, "foss": 0.72, "juv": 0.0, "B": 0.47, "Q": 0.42, "w": 6.0, "h": 0.05, "S": 0.21187, "elv": "Holebekk", "km": 0.8}}, {"type": "Feature", "geometry": {"type": "LineString", "coordinates": [[8.53899, 59.55466], [8.5404, 59.55519]]}, "properties": {"P": 11.84, "tau": 115.64, "tau_c": 364.2, "omega": 160.68, "M": 0.32, "D": -0.0, "R": 0.04, "sving": 0.08, "os": 0.0, "foss": 1.0, "juv": 0.0, "B": 0.42, "Q": 0.34, "w": 6.35, "h": 0.04, "S": 0.308, "elv": "bekk", "km": 1.4}}, {"type": "Feature", "geometry": {"type": "LineString", "coordinates": [[8.5404, 59.55519], [8.54198, 59.55549]]}, "properties": {"P": 14.25, "tau": 123.13, "tau_c": 364.2, "omega": 174.69, "M": 0.34, "D": -0.0, "R": 0.05, "sving": 0.3, "os": 0.0, "foss": 1.0, "juv": 0.0, "B": 0.42, "Q": 0.34, "w": 6.7, "h": 0.04, "S": 0.35118, "elv": "bekk", "km": 1.5}}, {"type": "Feature", "geometry": {"type": "LineString", "coordinates": [[8.58323, 59.55274], [8.58398, 59.55194]]}, "properties": {"P": 21.0, "tau": 27.3, "tau_c": 37.53, "omega": 31.16, "M": 0.73, "D": 0.0, "R": 0.48, "sving": 0.02, "os": 0.26, "foss": 0.0, "juv": 0.0, "B": 0.79, "Q": 47.34, "w": 39.56, "h": 1.05, "S": 0.00265, "elv": "bekk", "km": 0.4}}, {"type": "Feature", "geometry": {"type": "LineString", "coordinates": [[8.58398, 59.55194], [8.58545, 59.55169]]}, "properties": {"P": 18.51, "tau": 25.4, "tau_c": 39.86, "omega": 27.41, "M": 0.64, "D": 0.06, "R": 0.36, "sving": 0.11, "os": 0.17, "foss": 0.0, "juv": 0.0, "B": 0.79, "Q": 47.35, "w": 50.74, "h": 0.86, "S": 0.00299, "elv": "bekk", "km": 0.5}}, {"type": "Feature", "geometry": {"type": "LineString", "coordinates": [[8.58545, 59.55169], [8.58578, 59.55088]]}, "properties": {"P": 17.93, "tau": 21.72, "tau_c": 38.91, "omega": 21.41, "M": 0.56, "D": 0.12, "R": 0.26, "sving": 0.2, "os": 0.15, "foss": 0.0, "juv": 0.0, "B": 0.79, "Q": 47.35, "w": 61.93, "h": 0.78, "S": 0.00285, "elv": "bekk", "km": 0.6}}, {"type": "Feature", "geometry": {"type": "LineString", "coordinates": [[8.58578, 59.55088], [8.58667, 59.55016]]}, "properties": {"P": 14.98, "tau": 18.31, "tau_c": 34.42, "omega": 16.75, "M": 0.53, "D": 0.15, "R": 0.22, "sving": 0.11, "os": 0.09, "foss": 0.0, "juv": 0.0, "B": 0.79, "Q": 47.36, "w": 61.93, "h": 0.84, "S": 0.00223, "elv": "bekk", "km": 0.7}}, {"type": "Feature", "geometry": {"type": "LineString", "coordinates": [[8.58667, 59.55016], [8.58812, 59.54965]]}, "properties": {"P": 15.14, "tau": 17.78, "tau_c": 33.73, "omega": 16.06, "M": 0.53, "D": 0.09, "R": 0.22, "sving": 0.19, "os": 0.11, "foss": 0.0, "juv": 0.0, "B": 0.78, "Q": 47.36, "w": 62.03, "h": 0.85, "S": 0.00214, "elv": "bekk", "km": 0.8}}, {"type": "Feature", "geometry": {"type": "LineString", "coordinates": [[8.58812, 59.54965], [8.58957, 59.54914]]}, "properties": {"P": 13.05, "tau": 17.76, "tau_c": 33.73, "omega": 16.04, "M": 0.53, "D": 0.04, "R": 0.22, "sving": 0.1, "os": 0.16, "foss": 0.0, "juv": 0.0, "B": 0.78, "Q": 47.36, "w": 62.12, "h": 0.84, "S": 0.00214, "elv": "bekk", "km": 0.9}}, {"type": "Feature", "geometry": {"type": "LineString", "coordinates": [[8.58957, 59.54914], [8.59067, 59.54849]]}, "properties": {"P": 14.71, "tau": 18.68, "tau_c": 34.77, "omega": 17.27, "M": 0.54, "D": 0.02, "R": 0.23, "sving": 0.11, "os": 0.24, "foss": 0.0, "juv": 0.0, "B": 0.78, "Q": 48.07, "w": 62.21, "h": 0.84, "S": 0.00228, "elv": "bekk", "km": 1.0}}, {"type": "Feature", "geometry": {"type": "LineString", "coordinates": [[8.59067, 59.54849], [8.59108, 59.54782]]}, "properties": {"P": 15.1, "tau": 16.67, "tau_c": 32.06, "omega": 14.67, "M": 0.52, "D": 0.03, "R": 0.21, "sving": 0.02, "os": 0.37, "foss": 0.0, "juv": 0.0, "B": 0.78, "Q": 48.07, "w": 62.31, "h": 0.88, "S": 0.00194, "elv": "bekk", "km": 1.1}}, {"type": "Feature", "geometry": {"type": "LineString", "coordinates": [[8.59108, 59.54782], [8.59275, 59.54756]]}, "properties": {"P": 27.02, "tau": 16.65, "tau_c": 32.06, "omega": 14.64, "M": 0.52, "D": 0.1, "R": 0.21, "sving": 0.38, "os": 0.55, "foss": 0.0, "juv": 0.0, "B": 0.78, "Q": 48.07, "w": 62.41, "h": 0.88, "S": 0.00194, "elv": "bekk", "km": 1.2}}, {"type": "Feature", "geometry": {"type": "LineString", "coordinates": [[8.59275, 59.54756], [8.59426, 59.54709]]}, "properties": {"P": 26.12, "tau": 17.4, "tau_c": 33.09, "omega": 15.6, "M": 0.53, "D": 0.17, "R": 0.22, "sving": 0.23, "os": 0.55, "foss": 0.0, "juv": 0.0, "B": 0.78, "Q": 48.08, "w": 62.41, "h": 0.86, "S": 0.00206, "elv": "bekk", "km": 1.3}}, {"type": "Feature", "geometry": {"type": "LineString", "coordinates": [[8.59426, 59.54709], [8.59396, 59.54663]]}, "properties": {"P": 34.75, "tau": 7.3, "tau_c": 17.73, "omega": 4.48, "M": 0.41, "D": 0.28, "R": 0.1, "sving": 0.79, "os": 0.49, "foss": 0.0, "juv": 0.0, "B": 0.78, "Q": 48.1, "w": 62.41, "h": 1.26, "S": 0.00059, "elv": "bekk", "km": 1.4}}, {"type": "Feature", "geometry": {"type": "LineString", "coordinates": [[8.42777, 59.56594], [8.42888, 59.56655]]}, "properties": {"P": 14.34, "tau": 72.01, "tau_c": 135.64, "omega": 104.59, "M": 0.53, "D": 0.0, "R": 0.22, "sving": 0.06, "os": 0.0, "foss": 1.0, "juv": 0.0, "B": 0.41, "Q": 7.15, "w": 23.27, "h": 0.21, "S": 0.03468, "elv": "Mandalselvi", "km": 0.0}}, {"type": "Feature", "geometry": {"type": "LineString", "coordinates": [[8.42888, 59.56655], [8.43016, 59.5661]]}, "properties": {"P": 24.87, "tau": 67.53, "tau_c": 129.39, "omega": 95.42, "M": 0.52, "D": 0.0, "R": 0.21, "sving": 0.05, "os": 0.0, "foss": 0.72, "juv": 0.0, "B": 0.91, "Q": 7.18, "w": 23.29, "h": 0.22, "S": 0.03155, "elv": "Mandalselvi", "km": 0.1}}, {"type": "Feature", "geometry": {"type": "LineString", "coordinates": [[8.43016, 59.5661], [8.43107, 59.56669]]}, "properties": {"P": 31.27, "tau": 79.92, "tau_c": 145.97, "omega": 121.48, "M": 0.55, "D": 0.0, "R": 0.24, "sving": 0.0, "os": 0.0, "foss": 1.0, "juv": 0.0, "B": 0.91, "Q": 7.19, "w": 23.31, "h": 0.2, "S": 0.04016, "elv": "Mandalselvi", "km": 0.2}}, {"type": "Feature", "geometry": {"type": "LineString", "coordinates": [[8.43107, 59.56669], [8.43205, 59.56735]]}, "properties": {"P": 33.15, "tau": 73.01, "tau_c": 136.62, "omega": 106.76, "M": 0.53, "D": 0.01, "R": 0.23, "sving": 0.38, "os": 0.0, "foss": 0.72, "juv": 0.0, "B": 0.91, "Q": 7.22, "w": 23.34, "h": 0.21, "S": 0.03518, "elv": "Mandalselvi", "km": 0.3}}, {"type": "Feature", "geometry": {"type": "LineString", "coordinates": [[8.43205, 59.56735], [8.43325, 59.56799]]}, "properties": {"P": 35.99, "tau": 68.43, "tau_c": 130.47, "omega": 97.28, "M": 0.52, "D": 0.01, "R": 0.22, "sving": 0.17, "os": 0.07, "foss": 1.0, "juv": 0.0, "B": 0.91, "Q": 7.22, "w": 23.36, "h": 0.22, "S": 0.03208, "elv": "Mandalselvi", "km": 0.4}}, {"type": "Feature", "geometry": {"type": "LineString", "coordinates": [[8.43325, 59.56799], [8.43471, 59.56833]]}, "properties": {"P": 27.79, "tau": 75.37, "tau_c": 141.92, "omega": 111.26, "M": 0.53, "D": 0.01, "R": 0.22, "sving": 0.03, "os": 0.12, "foss": 0.72, "juv": 0.0, "B": 0.91, "Q": 7.23, "w": 24.21, "h": 0.2, "S": 0.03796, "elv": "Mandalselvi", "km": 0.5}}, {"type": "Feature", "geometry": {"type": "LineString", "coordinates": [[8.43471, 59.56833], [8.43506, 59.56919]]}, "properties": {"P": 30.72, "tau": 80.24, "tau_c": 148.3, "omega": 121.72, "M": 0.54, "D": 0.01, "R": 0.24, "sving": 0.28, "os": 0.18, "foss": 0.51, "juv": 0.0, "B": 0.91, "Q": 7.25, "w": 24.22, "h": 0.2, "S": 0.04145, "elv": "Mandalselvi", "km": 0.6}}, {"type": "Feature", "geometry": {"type": "LineString", "coordinates": [[8.43506, 59.56919], [8.43614, 59.56981]]}, "properties": {"P": 39.24, "tau": 81.01, "tau_c": 149.49, "omega": 123.36, "M": 0.54, "D": 0.03, "R": 0.24, "sving": 0.05, "os": 0.28, "foss": 1.0, "juv": 0.0, "B": 0.91, "Q": 7.25, "w": 24.29, "h": 0.2, "S": 0.04212, "elv": "Mandalselvi", "km": 0.7}}, {"type": "Feature", "geometry": {"type": "LineString", "coordinates": [[8.43614, 59.56981], [8.43614, 59.57064]]}, "properties": {"P": 41.54, "tau": 67.87, "tau_c": 131.85, "omega": 95.7, "M": 0.51, "D": 0.03, "R": 0.2, "sving": 0.05, "os": 0.44, "foss": 1.0, "juv": 0.0, "B": 0.91, "Q": 7.25, "w": 24.35, "h": 0.21, "S": 0.03276, "elv": "Mandalselvi", "km": 0.8}}, {"type": "Feature", "geometry": {"type": "LineString", "coordinates": [[8.43614, 59.57064], [8.4375, 59.57107]]}, "properties": {"P": 41.37, "tau": 72.93, "tau_c": 137.82, "omega": 106.33, "M": 0.53, "D": 0.02, "R": 0.22, "sving": 0.12, "os": 0.63, "foss": 0.72, "juv": 0.0, "B": 0.91, "Q": 7.43, "w": 24.54, "h": 0.21, "S": 0.0358, "elv": "Mandalselvi", "km": 0.9}}, {"type": "Feature", "geometry": {"type": "LineString", "coordinates": [[8.4375, 59.57107], [8.43762, 59.57197]]}, "properties": {"P": 50.46, "tau": 82.65, "tau_c": 151.22, "omega": 127.09, "M": 0.55, "D": 0.0, "R": 0.24, "sving": 0.37, "os": 0.98, "foss": 0.51, "juv": 0.0, "B": 0.91, "Q": 7.43, "w": 24.73, "h": 0.2, "S": 0.0431, "elv": "Mandalselvi", "km": 1.0}}, {"type": "Feature", "geometry": {"type": "LineString", "coordinates": [[8.43762, 59.57197], [8.43828, 59.57278]]}, "properties": {"P": 41.77, "tau": 88.96, "tau_c": 156.43, "omega": 142.05, "M": 0.57, "D": 0.0, "R": 0.27, "sving": 0.08, "os": 0.97, "foss": 0.37, "juv": 0.0, "B": 0.92, "Q": 7.83, "w": 24.92, "h": 0.2, "S": 0.04612, "elv": "Mandalselvi", "km": 1.1}}, {"type": "Feature", "geometry": {"type": "LineString", "coordinates": [[8.43828, 59.57278], [8.43973, 59.57327]]}, "properties": {"P": 52.08, "tau": 78.51, "tau_c": 140.7, "omega": 119.34, "M": 0.56, "D": 0.0, "R": 0.26, "sving": 0.3, "os": 0.6, "foss": 1.0, "juv": 0.0, "B": 0.92, "Q": 7.83, "w": 24.02, "h": 0.21, "S": 0.03732, "elv": "Mandalselvi", "km": 1.2}}, {"type": "Feature", "geometry": {"type": "LineString", "coordinates": [[8.43973, 59.57327], [8.44138, 59.57359]]}, "properties": {"P": 42.44, "tau": 83.37, "tau_c": 147.26, "omega": 129.97, "M": 0.57, "D": 0.0, "R": 0.27, "sving": 0.07, "os": 0.38, "foss": 1.0, "juv": 0.0, "B": 0.92, "Q": 7.83, "w": 24.17, "h": 0.21, "S": 0.04088, "elv": "Mandalselvi", "km": 1.3}}, {"type": "Feature", "geometry": {"type": "LineString", "coordinates": [[8.44138, 59.57359], [8.4427, 59.57415]]}, "properties": {"P": 34.41, "tau": 95.09, "tau_c": 161.52, "omega": 157.01, "M": 0.59, "D": 0.0, "R": 0.3, "sving": 0.08, "os": 0.24, "foss": 0.72, "juv": 0.0, "B": 0.92, "Q": 7.87, "w": 24.19, "h": 0.2, "S": 0.04918, "elv": "Mandalselvi", "km": 1.4}}, {"type": "Feature", "geometry": {"type": "LineString", "coordinates": [[8.4427, 59.57415], [8.44365, 59.5749]]}, "properties": {"P": 40.51, "tau": 88.65, "tau_c": 153.52, "omega": 142.04, "M": 0.58, "D": 0.04, "R": 0.28, "sving": 0.14, "os": 0.15, "foss": 1.0, "juv": 0.0, "B": 0.92, "Q": 7.89, "w": 24.21, "h": 0.2, "S": 0.04442, "elv": "Mandalselvi", "km": 1.5}}, {"type": "Feature", "geometry": {"type": "LineString", "coordinates": [[8.44365, 59.5749], [8.44484, 59.57553]]}, "properties": {"P": 39.79, "tau": 89.66, "tau_c": 154.82, "omega": 144.34, "M": 0.58, "D": 0.04, "R": 0.28, "sving": 0.16, "os": 0.09, "foss": 1.0, "juv": 0.0, "B": 0.92, "Q": 7.89, "w": 24.24, "h": 0.2, "S": 0.04518, "elv": "Mandalselvi", "km": 1.6}}, {"type": "Feature", "geometry": {"type": "LineString", "coordinates": [[8.44484, 59.57553], [8.44613, 59.57612]]}, "properties": {"P": 27.72, "tau": 73.84, "tau_c": 137.28, "omega": 108.7, "M": 0.54, "D": 0.04, "R": 0.23, "sving": 0.03, "os": 0.06, "foss": 0.72, "juv": 0.0, "B": 0.92, "Q": 7.9, "w": 25.31, "h": 0.21, "S": 0.03552, "elv": "Mandalselvi", "km": 1.7}}, {"type": "Feature", "geometry": {"type": "LineString", "coordinates": [[8.44613, 59.57612], [8.44687, 59.57692]]}, "properties": {"P": 45.15, "tau": 96.74, "tau_c": 166.42, "omega": 160.12, "M": 0.58, "D": 0.0, "R": 0.29, "sving": 0.53, "os": 0.0, "foss": 1.0, "juv": 0.0, "B": 0.92, "Q": 7.93, "w": 25.35, "h": 0.19, "S": 0.0522, "elv": "Mandalselvi", "km": 1.8}}, {"type": "Feature", "geometry": {"type": "LineString", "coordinates": [[8.44687, 59.57692], [8.44767, 59.57766]]}, "properties": {"P": 29.93, "tau": 99.75, "tau_c": 170.14, "omega": 167.29, "M": 0.59, "D": 0.0, "R": 0.29, "sving": 0.13, "os": 0.0, "foss": 0.72, "juv": 0.0, "B": 0.92, "Q": 7.94, "w": 25.39, "h": 0.19, "S": 0.05456, "elv": "Mandalselvi", "km": 1.9}}, {"type": "Feature", "geometry": {"type": "LineString", "coordinates": [[8.44767, 59.57766], [8.44669, 59.57829]]}, "properties": {"P": 41.23, "tau": 88.29, "tau_c": 155.37, "omega": 140.63, "M": 0.57, "D": 0.0, "R": 0.27, "sving": 0.39, "os": 0.0, "foss": 1.0, "juv": 0.0, "B": 0.92, "Q": 8.02, "w": 25.44, "h": 0.2, "S": 0.0455, "elv": "Mandalselvi", "km": 2.0}}, {"type": "Feature", "geometry": {"type": "LineString", "coordinates": [[8.44669, 59.57829], [8.44747, 59.57903]]}, "properties": {"P": 41.83, "tau": 114.23, "tau_c": 186.8, "omega": 203.39, "M": 0.61, "D": 0.0, "R": 0.33, "sving": 0.32, "os": 0.0, "foss": 1.0, "juv": 0.0, "B": 0.92, "Q": 8.03, "w": 25.48, "h": 0.18, "S": 0.06577, "elv": "Mandalselvi", "km": 2.1}}, {"type": "Feature", "geometry": {"type": "LineString", "coordinates": [[8.44747, 59.57903], [8.44919, 59.57912]]}, "properties": {"P": 47.73, "tau": 109.07, "tau_c": 180.75, "omega": 190.36, "M": 0.6, "D": 0.01, "R": 0.32, "sving": 0.87, "os": 0.0, "foss": 0.72, "juv": 0.0, "B": 0.92, "Q": 8.04, "w": 25.52, "h": 0.18, "S": 0.06158, "elv": "Mandalselvi", "km": 2.2}}, {"type": "Feature", "geometry": {"type": "LineString", "coordinates": [[8.44919, 59.57912], [8.45087, 59.57932]]}, "properties": {"P": 40.82, "tau": 118.0, "tau_c": 191.23, "omega": 213.04, "M": 0.62, "D": 0.01, "R": 0.33, "sving": 0.25, "os": 0.0, "foss": 1.0, "juv": 0.0, "B": 0.92, "Q": 8.05, "w": 25.53, "h": 0.17, "S": 0.06892, "elv": "Mandalselvi", "km": 2.3}}, {"type": "Feature", "geometry": {"type": "LineString", "coordinates": [[8.45087, 59.57932], [8.4526, 59.57923]]}, "properties": {"P": 44.15, "tau": 109.63, "tau_c": 181.37, "omega": 191.76, "M": 0.6, "D": 0.01, "R": 0.32, "sving": 0.42, "os": 0.0, "foss": 1.0, "juv": 0.0, "B": 0.92, "Q": 8.05, "w": 25.55, "h": 0.18, "S": 0.062, "elv": "Mandalselvi", "km": 2.4}}, {"type": "Feature", "geometry": {"type": "LineString", "coordinates": [[8.4526, 59.57923], [8.4542, 59.57959]]}, "properties": {"P": 45.09, "tau": 110.81, "tau_c": 182.63, "omega": 194.78, "M": 0.61, "D": 0.01, "R": 0.32, "sving": 0.46, "os": 0.0, "foss": 1.0, "juv": 0.0, "B": 0.92, "Q": 8.07, "w": 25.56, "h": 0.18, "S": 0.06287, "elv": "Mandalselvi", "km": 2.5}}, {"type": "Feature", "geometry": {"type": "LineString", "coordinates": [[8.4542, 59.57959], [8.45479, 59.58039]]}, "properties": {"P": 43.28, "tau": 114.07, "tau_c": 186.45, "omega": 203.03, "M": 0.61, "D": 0.01, "R": 0.33, "sving": 0.37, "os": 0.0, "foss": 1.0, "juv": 0.0, "B": 0.92, "Q": 8.08, "w": 25.58, "h": 0.18, "S": 0.06552, "elv": "Mandalselvi", "km": 2.6}}, {"type": "Feature", "geometry": {"type": "LineString", "coordinates": [[8.45479, 59.58039], [8.45499, 59.58127]]}, "properties": {"P": 43.03, "tau": 107.16, "tau_c": 178.31, "omega": 185.66, "M": 0.6, "D": 0.01, "R": 0.31, "sving": 0.32, "os": 0.05, "foss": 1.0, "juv": 0.0, "B": 0.92, "Q": 8.08, "w": 25.6, "h": 0.18, "S": 0.05993, "elv": "Mandalselvi", "km": 2.7}}, {"type": "Feature", "geometry": {"type": "LineString", "coordinates": [[8.45499, 59.58127], [8.45608, 59.58194]]}, "properties": {"P": 39.3, "tau": 109.31, "tau_c": 180.87, "omega": 191.01, "M": 0.6, "D": 0.01, "R": 0.32, "sving": 0.42, "os": 0.07, "foss": 0.72, "juv": 0.0, "B": 0.92, "Q": 8.09, "w": 25.62, "h": 0.18, "S": 0.06166, "elv": "Mandalselvi", "km": 2.8}}, {"type": "Feature", "geometry": {"type": "LineString", "coordinates": [[8.45608, 59.58194], [8.45659, 59.58278]]}, "properties": {"P": 48.21, "tau": 110.36, "tau_c": 181.82, "omega": 193.75, "M": 0.61, "D": 0.01, "R": 0.32, "sving": 0.49, "os": 0.1, "foss": 1.0, "juv": 0.0, "B": 0.92, "Q": 8.13, "w": 25.64, "h": 0.18, "S": 0.06231, "elv": "Mandalselvi", "km": 2.9}}, {"type": "Feature", "geometry": {"type": "LineString", "coordinates": [[8.45659, 59.58278], [8.45824, 59.58286]]}, "properties": {"P": 44.11, "tau": 105.71, "tau_c": 176.29, "omega": 182.18, "M": 0.6, "D": 0.01, "R": 0.31, "sving": 0.3, "os": 0.13, "foss": 1.0, "juv": 0.0, "B": 0.92, "Q": 8.13, "w": 25.66, "h": 0.18, "S": 0.05858, "elv": "Mandalselvi", "km": 3.0}}, {"type": "Feature", "geometry": {"type": "LineString", "coordinates": [[8.45824, 59.58286], [8.45998, 59.58301]]}, "properties": {"P": 51.7, "tau": 104.17, "tau_c": 174.57, "omega": 178.33, "M": 0.6, "D": 0.01, "R": 0.31, "sving": 0.57, "os": 0.2, "foss": 1.0, "juv": 0.0, "B": 0.92, "Q": 8.14, "w": 25.73, "h": 0.18, "S": 0.05744, "elv": "Mandalselvi", "km": 3.1}}, {"type": "Feature", "geometry": {"type": "LineString", "coordinates": [[8.45998, 59.58301], [8.46171, 59.58307]]}, "properties": {"P": 47.41, "tau": 111.41, "tau_c": 183.32, "omega": 196.32, "M": 0.61, "D": -0.0, "R": 0.32, "sving": 0.24, "os": 0.33, "foss": 1.0, "juv": 0.0, "B": 0.92, "Q": 8.15, "w": 25.79, "h": 0.18, "S": 0.06334, "elv": "Mandalselvi", "km": 3.2}}, {"type": "Feature", "geometry": {"type": "LineString", "coordinates": [[8.46171, 59.58307], [8.46334, 59.58285]]}, "properties": {"P": 52.51, "tau": 105.54, "tau_c": 171.43, "omega": 183.2, "M": 0.62, "D": 0.01, "R": 0.33, "sving": 0.23, "os": 0.53, "foss": 1.0, "juv": 0.0, "B": 0.92, "Q": 8.31, "w": 24.66, "h": 0.19, "S": 0.05539, "elv": "Mandalselvi", "km": 3.3}}, {"type": "Feature", "geometry": {"type": "LineString", "coordinates": [[8.46334, 59.58285], [8.46477, 59.58241]]}, "properties": {"P": 61.22, "tau": 103.26, "tau_c": 165.26, "omega": 178.64, "M": 0.62, "D": 0.01, "R": 0.34, "sving": 0.27, "os": 0.85, "foss": 1.0, "juv": 0.0, "B": 0.92, "Q": 8.32, "w": 23.52, "h": 0.2, "S": 0.05147, "elv": "Mandalselvi", "km": 3.4}}, {"type": "Feature", "geometry": {"type": "LineString", "coordinates": [[8.46477, 59.58241], [8.46634, 59.58202]]}, "properties": {"P": 53.87, "tau": 101.76, "tau_c": 159.87, "omega": 176.05, "M": 0.64, "D": 0.01, "R": 0.36, "sving": 0.05, "os": 0.72, "foss": 1.0, "juv": 0.0, "B": 0.92, "Q": 8.34, "w": 22.38, "h": 0.22, "S": 0.04817, "elv": "Mandalselvi", "km": 3.5}}, {"type": "Feature", "geometry": {"type": "LineString", "coordinates": [[8.46634, 59.58202], [8.46773, 59.58149]]}, "properties": {"P": 51.38, "tau": 118.38, "tau_c": 173.91, "omega": 220.16, "M": 0.68, "D": 0.0, "R": 0.42, "sving": 0.14, "os": 0.44, "foss": 1.0, "juv": 0.0, "B": 0.92, "Q": 8.34, "w": 21.19, "h": 0.21, "S": 0.05701, "elv": "Mandalselvi", "km": 3.6}}, {"type": "Feature", "geometry": {"type": "LineString", "coordinates": [[8.46773, 59.58149], [8.46946, 59.58139]]}, "properties": {"P": 46.87, "tau": 119.78, "tau_c": 175.41, "omega": 223.89, "M": 0.68, "D": 0.0, "R": 0.42, "sving": 0.1, "os": 0.27, "foss": 1.0, "juv": 0.0, "B": 0.92, "Q": 8.35, "w": 21.21, "h": 0.21, "S": 0.05799, "elv": "Mandalselvi", "km": 3.7}}, {"type": "Feature", "geometry": {"type": "LineString", "coordinates": [[8.46946, 59.58139], [8.47114, 59.58123]]}, "properties": {"P": 44.21, "tau": 120.62, "tau_c": 176.19, "omega": 226.21, "M": 0.68, "D": 0.0, "R": 0.43, "sving": 0.08, "os": 0.17, "foss": 1.0, "juv": 0.0, "B": 0.92, "Q": 8.36, "w": 21.21, "h": 0.21, "S": 0.05851, "elv": "Mandalselvi", "km": 3.8}}, {"type": "Feature", "geometry": {"type": "LineString", "coordinates": [[8.47114, 59.58123], [8.47242, 59.58065]]}, "properties": {"P": 42.66, "tau": 128.4, "tau_c": 184.03, "omega": 247.48, "M": 0.7, "D": 0.0, "R": 0.44, "sving": 0.04, "os": 0.11, "foss": 1.0, "juv": 0.0, "B": 0.92, "Q": 8.38, "w": 21.21, "h": 0.21, "S": 0.06384, "elv": "Mandalselvi", "km": 3.9}}, {"type": "Feature", "geometry": {"type": "LineString", "coordinates": [[8.47242, 59.58065], [8.47356, 59.57999]]}, "properties": {"P": 44.11, "tau": 137.63, "tau_c": 198.36, "omega": 271.44, "M": 0.69, "D": 0.0, "R": 0.44, "sving": 0.16, "os": 0.07, "foss": 1.0, "juv": 0.0, "B": 0.92, "Q": 8.38, "w": 22.47, "h": 0.19, "S": 0.07416, "elv": "Mandalselvi", "km": 4.0}}, {"type": "Feature", "geometry": {"type": "LineString", "coordinates": [[8.47356, 59.57999], [8.47507, 59.57981]]}, "properties": {"P": 47.59, "tau": 148.49, "tau_c": 208.23, "omega": 303.18, "M": 0.71, "D": 0.0, "R": 0.46, "sving": 0.33, "os": 0.0, "foss": 1.0, "juv": 0.0, "B": 0.92, "Q": 8.5, "w": 22.47, "h": 0.19, "S": 0.08173, "elv": "Mandalselvi", "km": 4.1}}, {"type": "Feature", "geometry": {"type": "LineString", "coordinates": [[8.47507, 59.57981], [8.47675, 59.58]]}, "properties": {"P": 52.14, "tau": 153.07, "tau_c": 212.54, "omega": 316.8, "M": 0.72, "D": 0.0, "R": 0.47, "sving": 0.47, "os": 0.05, "foss": 1.0, "juv": 0.0, "B": 0.92, "Q": 8.54, "w": 22.53, "h": 0.18, "S": 0.08514, "elv": "Mandalselvi", "km": 4.2}}, {"type": "Feature", "geometry": {"type": "LineString", "coordinates": [[8.47675, 59.58], [8.47849, 59.58015]]}, "properties": {"P": 48.6, "tau": 157.62, "tau_c": 216.98, "omega": 330.4, "M": 0.73, "D": 0.0, "R": 0.48, "sving": 0.26, "os": 0.08, "foss": 1.0, "juv": 0.0, "B": 0.92, "Q": 8.55, "w": 22.53, "h": 0.18, "S": 0.08874, "elv": "Mandalselvi", "km": 4.3}}, {"type": "Feature", "geometry": {"type": "LineString", "coordinates": [[8.47849, 59.58015], [8.48012, 59.58048]]}, "properties": {"P": 44.27, "tau": 154.17, "tau_c": 218.69, "omega": 317.93, "M": 0.7, "D": 0.02, "R": 0.45, "sving": 0.04, "os": 0.13, "foss": 1.0, "juv": 0.0, "B": 0.92, "Q": 8.55, "w": 23.79, "h": 0.17, "S": 0.09014, "elv": "Mandalselvi", "km": 4.4}}, {"type": "Feature", "geometry": {"type": "LineString", "coordinates": [[8.48012, 59.58048], [8.48167, 59.58088]]}, "properties": {"P": 47.52, "tau": 160.29, "tau_c": 219.56, "omega": 338.48, "M": 0.73, "D": 0.02, "R": 0.49, "sving": 0.04, "os": 0.22, "foss": 1.0, "juv": 0.0, "B": 0.92, "Q": 8.56, "w": 22.53, "h": 0.18, "S": 0.09086, "elv": "Mandalselvi", "km": 4.5}}, {"type": "Feature", "geometry": {"type": "LineString", "coordinates": [[8.48167, 59.58088], [8.48338, 59.581]]}, "properties": {"P": 46.98, "tau": 135.46, "tau_c": 217.11, "omega": 257.52, "M": 0.62, "D": 0.02, "R": 0.34, "sving": 0.12, "os": 0.35, "foss": 1.0, "juv": 0.0, "B": 0.92, "Q": 8.56, "w": 28.96, "h": 0.16, "S": 0.08885, "elv": "Mandalselvi", "km": 4.6}}, {"type": "Feature", "geometry": {"type": "LineString", "coordinates": [[8.48338, 59.581], [8.48513, 59.58106]]}, "properties": {"P": 88.49, "tau": 283.4, "tau_c": 219.13, "omega": 874.04, "M": 1.29, "D": 0.0, "R": 0.97, "sving": 0.2, "os": 0.57, "foss": 1.0, "juv": 0.0, "B": 1.07, "Q": 33.6, "w": 34.13, "h": 0.32, "S": 0.09051, "elv": "Mandalselvi", "km": 4.7}}, {"type": "Feature", "geometry": {"type": "LineString", "coordinates": [[8.56035, 59.56634], [8.56182, 59.56603]]}, "properties": {"P": 38.43, "tau": 94.81, "tau_c": 92.86, "omega": 186.15, "M": 1.02, "D": -0.0, "R": 0.81, "sving": 0.57, "os": 0.0, "foss": 0.0, "juv": 0.0, "B": 0.82, "Q": 45.19, "w": 38.7, "h": 0.59, "S": 0.01625, "elv": "bekk", "km": 1.9}}, {"type": "Feature", "geometry": {"type": "LineString", "coordinates": [[8.56182, 59.56603], [8.5635, 59.5658]]}, "properties": {"P": 42.16, "tau": 72.35, "tau_c": 85.35, "omega": 122.73, "M": 0.85, "D": 0.04, "R": 0.64, "sving": 1.0, "os": 0.0, "foss": 0.0, "juv": 0.0, "B": 0.82, "Q": 45.19, "w": 49.6, "h": 0.54, "S": 0.01373, "elv": "bekk", "km": 2.0}}, {"type": "Feature", "geometry": {"type": "LineString", "coordinates": [[8.4314, 59.60601], [8.43288, 59.60647]]}, "properties": {"P": 50.26, "tau": 696.05, "tau_c": 364.2, "omega": 3246.72, "M": 1.91, "D": 0.0, "R": 0.92, "sving": 0.21, "os": 0.06, "foss": 1.0, "juv": 0.0, "B": 0.73, "Q": 32.42, "w": 26.9, "h": 0.26, "S": 0.27461, "elv": "bekk", "km": 2.6}}, {"type": "Feature", "geometry": {"type": "LineString", "coordinates": [[8.54912, 59.5159], [8.55044, 59.51532]]}, "properties": {"P": 15.53, "tau": 96.72, "tau_c": 304.2, "omega": 130.6, "M": 0.32, "D": 0.0, "R": 0.04, "sving": 0.42, "os": 0.0, "foss": 1.0, "juv": 0.0, "B": 0.43, "Q": 0.47, "w": 6.11, "h": 0.06, "S": 0.17442, "elv": "Finndalsåi", "km": 0.1}}, {"type": "Feature", "geometry": {"type": "LineString", "coordinates": [[8.55044, 59.51532], [8.55155, 59.51464]]}, "properties": {"P": 15.03, "tau": 112.39, "tau_c": 338.25, "omega": 162.06, "M": 0.33, "D": 0.0, "R": 0.04, "sving": 0.34, "os": 0.0, "foss": 1.0, "juv": 0.0, "B": 0.43, "Q": 0.47, "w": 6.16, "h": 0.05, "S": 0.21564, "elv": "Finndalsåi", "km": 0.2}}, {"type": "Feature", "geometry": {"type": "LineString", "coordinates": [[8.55155, 59.51464], [8.55184, 59.51382]]}, "properties": {"P": 13.91, "tau": 148.16, "tau_c": 364.2, "omega": 240.8, "M": 0.41, "D": 0.0, "R": 0.09, "sving": 0.14, "os": 0.0, "foss": 1.0, "juv": 0.0, "B": 0.44, "Q": 0.48, "w": 6.21, "h": 0.05, "S": 0.32017, "elv": "Finndalsåi", "km": 0.3}}, {"type": "Feature", "geometry": {"type": "LineString", "coordinates": [[8.55184, 59.51382], [8.55201, 59.51301]]}, "properties": {"P": 14.56, "tau": 161.74, "tau_c": 364.2, "omega": 273.38, "M": 0.44, "D": 0.0, "R": 0.13, "sving": 0.12, "os": 0.0, "foss": 1.0, "juv": 0.0, "B": 0.45, "Q": 0.48, "w": 6.24, "h": 0.05, "S": 0.35991, "elv": "Finndalsåi", "km": 0.4}}, {"type": "Feature", "geometry": {"type": "LineString", "coordinates": [[8.55201, 59.51301], [8.55282, 59.51223]]}, "properties": {"P": 14.56, "tau": 165.24, "tau_c": 364.2, "omega": 281.81, "M": 0.45, "D": 0.01, "R": 0.14, "sving": 0.08, "os": 0.0, "foss": 1.0, "juv": 0.0, "B": 0.45, "Q": 0.48, "w": 6.26, "h": 0.05, "S": 0.37191, "elv": "Finndalsåi", "km": 0.5}}, {"type": "Feature", "geometry": {"type": "LineString", "coordinates": [[8.55282, 59.51223], [8.55346, 59.5114]]}, "properties": {"P": 19.82, "tau": 158.34, "tau_c": 364.2, "omega": 265.35, "M": 0.43, "D": 0.02, "R": 0.12, "sving": 0.5, "os": 0.05, "foss": 1.0, "juv": 0.0, "B": 0.45, "Q": 0.49, "w": 6.27, "h": 0.05, "S": 0.34796, "elv": "Finndalsåi", "km": 0.6}}, {"type": "Feature", "geometry": {"type": "LineString", "coordinates": [[8.55346, 59.5114], [8.55413, 59.51059]]}, "properties": {"P": 16.9, "tau": 153.65, "tau_c": 364.2, "omega": 253.86, "M": 0.42, "D": 0.07, "R": 0.11, "sving": 0.14, "os": 0.09, "foss": 1.0, "juv": 0.0, "B": 0.46, "Q": 0.49, "w": 6.33, "h": 0.05, "S": 0.33602, "elv": "Finndalsåi", "km": 0.7}}, {"type": "Feature", "geometry": {"type": "LineString", "coordinates": [[8.55413, 59.51059], [8.5557, 59.51048]]}, "properties": {"P": 18.04, "tau": 149.58, "tau_c": 364.2, "omega": 244.03, "M": 0.41, "D": 0.14, "R": 0.1, "sving": 0.1, "os": 0.15, "foss": 1.0, "juv": 0.0, "B": 0.46, "Q": 0.49, "w": 6.39, "h": 0.05, "S": 0.32574, "elv": "Finndalsåi", "km": 0.8}}, {"type": "Feature", "geometry": {"type": "LineString", "coordinates": [[8.5557, 59.51048], [8.55698, 59.50993]]}, "properties": {"P": 23.56, "tau": 108.41, "tau_c": 320.18, "omega": 155.37, "M": 0.34, "D": 0.23, "R": 0.05, "sving": 0.47, "os": 0.19, "foss": 1.0, "juv": 0.0, "B": 0.47, "Q": 0.53, "w": 6.46, "h": 0.06, "S": 0.19322, "elv": "Finndalsåi", "km": 0.9}}, {"type": "Feature", "geometry": {"type": "LineString", "coordinates": [[8.55698, 59.50993], [8.558, 59.50922]]}, "properties": {"P": 27.93, "tau": 82.7, "tau_c": 268.25, "omega": 104.91, "M": 0.31, "D": 0.21, "R": 0.03, "sving": 0.78, "os": 0.27, "foss": 1.0, "juv": 0.0, "B": 0.48, "Q": 0.53, "w": 6.72, "h": 0.06, "S": 0.13563, "elv": "Finndalsåi", "km": 1.0}}, {"type": "Feature", "geometry": {"type": "LineString", "coordinates": [[8.55673, 59.50866], [8.55575, 59.50802]]}, "properties": {"P": 28.65, "tau": 87.98, "tau_c": 254.59, "omega": 118.22, "M": 0.35, "D": 0.04, "R": 0.05, "sving": 0.65, "os": 0.53, "foss": 1.0, "juv": 0.0, "B": 0.51, "Q": 0.71, "w": 7.21, "h": 0.07, "S": 0.12217, "elv": "Finndalsåi", "km": 1.2}}, {"type": "Feature", "geometry": {"type": "LineString", "coordinates": [[8.62023, 59.56379], [8.61877, 59.56329]]}, "properties": {"P": 20.82, "tau": 74.85, "tau_c": 242.54, "omega": 91.74, "M": 0.31, "D": 0.0, "R": 0.03, "sving": 0.18, "os": 0.1, "foss": 1.0, "juv": 0.0, "B": 0.64, "Q": 0.56, "w": 6.67, "h": 0.07, "S": 0.11088, "elv": "Kjøtåi", "km": 0.6}}, {"type": "Feature", "geometry": {"type": "LineString", "coordinates": [[8.61877, 59.56329], [8.61739, 59.56273]]}, "properties": {"P": 21.03, "tau": 84.87, "tau_c": 266.36, "omega": 109.73, "M": 0.32, "D": 0.0, "R": 0.04, "sving": 0.22, "os": 0.06, "foss": 1.0, "juv": 0.0, "B": 0.64, "Q": 0.56, "w": 6.72, "h": 0.06, "S": 0.13373, "elv": "Kjøtåi", "km": 0.7}}, {"type": "Feature", "geometry": {"type": "LineString", "coordinates": [[8.61739, 59.56273], [8.61599, 59.56219]]}, "properties": {"P": 18.72, "tau": 85.28, "tau_c": 268.25, "omega": 110.4, "M": 0.32, "D": 0.02, "R": 0.04, "sving": 0.11, "os": 0.0, "foss": 1.0, "juv": 0.0, "B": 0.64, "Q": 0.56, "w": 6.78, "h": 0.06, "S": 0.13563, "elv": "Kjøtåi", "km": 0.8}}, {"type": "Feature", "geometry": {"type": "LineString", "coordinates": [[8.61599, 59.56219], [8.61437, 59.56186]]}, "properties": {"P": 18.93, "tau": 81.25, "tau_c": 257.12, "omega": 103.24, "M": 0.32, "D": 0.04, "R": 0.03, "sving": 0.09, "os": 0.0, "foss": 1.0, "juv": 0.0, "B": 0.64, "Q": 0.57, "w": 6.8, "h": 0.07, "S": 0.1246, "elv": "Kjøtåi", "km": 0.9}}, {"type": "Feature", "geometry": {"type": "LineString", "coordinates": [[8.61437, 59.56186], [8.61269, 59.56159]]}, "properties": {"P": 19.24, "tau": 74.82, "tau_c": 242.04, "omega": 91.78, "M": 0.31, "D": 0.08, "R": 0.03, "sving": 0.07, "os": 0.0, "foss": 1.0, "juv": 0.0, "B": 0.64, "Q": 0.58, "w": 6.83, "h": 0.07, "S": 0.11042, "elv": "Kjøtåi", "km": 1.0}}, {"type": "Feature", "geometry": {"type": "LineString", "coordinates": [[8.61269, 59.56159], [8.61161, 59.56089]]}, "properties": {"P": 20.33, "tau": 72.36, "tau_c": 236.67, "omega": 87.45, "M": 0.31, "D": 0.07, "R": 0.03, "sving": 0.15, "os": 0.0, "foss": 1.0, "juv": 0.0, "B": 0.64, "Q": 0.58, "w": 6.85, "h": 0.07, "S": 0.10557, "elv": "Kjøtåi", "km": 1.1}}, {"type": "Feature", "geometry": {"type": "LineString", "coordinates": [[8.61042, 59.56023], [8.60917, 59.55961]]}, "properties": {"P": 25.69, "tau": 69.56, "tau_c": 229.56, "omega": 82.7, "M": 0.3, "D": 0.01, "R": 0.03, "sving": 0.56, "os": 0.0, "foss": 1.0, "juv": 0.0, "B": 0.64, "Q": 0.58, "w": 6.87, "h": 0.07, "S": 0.09932, "elv": "Kjøtåi", "km": 1.3}}, {"type": "Feature", "geometry": {"type": "LineString", "coordinates": [[8.60917, 59.55961], [8.60759, 59.55929]]}, "properties": {"P": 20.22, "tau": 90.01, "tau_c": 276.13, "omega": 119.65, "M": 0.33, "D": 0.0, "R": 0.04, "sving": 0.22, "os": 0.0, "foss": 1.0, "juv": 0.0, "B": 0.64, "Q": 0.58, "w": 6.87, "h": 0.06, "S": 0.14371, "elv": "Kjøtåi", "km": 1.4}}, {"type": "Feature", "geometry": {"type": "LineString", "coordinates": [[8.60759, 59.55929], [8.60621, 59.55976]]}, "properties": {"P": 21.0, "tau": 99.38, "tau_c": 296.46, "omega": 137.9, "M": 0.34, "D": 0.0, "R": 0.04, "sving": 0.26, "os": 0.0, "foss": 1.0, "juv": 0.0, "B": 0.64, "Q": 0.58, "w": 6.87, "h": 0.06, "S": 0.16565, "elv": "Kjøtåi", "km": 1.5}}, {"type": "Feature", "geometry": {"type": "LineString", "coordinates": [[8.60621, 59.55976], [8.60452, 59.55954]]}, "properties": {"P": 18.49, "tau": 113.62, "tau_c": 326.31, "omega": 167.06, "M": 0.35, "D": 0.0, "R": 0.05, "sving": 0.09, "os": 0.0, "foss": 1.0, "juv": 0.0, "B": 0.64, "Q": 0.58, "w": 6.87, "h": 0.06, "S": 0.2007, "elv": "Kjøtåi", "km": 1.6}}, {"type": "Feature", "geometry": {"type": "LineString", "coordinates": [[8.60452, 59.55954], [8.60276, 59.55946]]}, "properties": {"P": 22.44, "tau": 128.77, "tau_c": 356.91, "omega": 199.86, "M": 0.36, "D": 0.0, "R": 0.06, "sving": 0.32, "os": 0.0, "foss": 1.0, "juv": 0.0, "B": 0.64, "Q": 0.58, "w": 6.87, "h": 0.05, "S": 0.2401, "elv": "Kjøtåi", "km": 1.7}}, {"type": "Feature", "geometry": {"type": "LineString", "coordinates": [[8.60276, 59.55946], [8.60102, 59.55932]]}, "properties": {"P": 19.94, "tau": 158.48, "tau_c": 364.2, "omega": 269.07, "M": 0.44, "D": 0.0, "R": 0.12, "sving": 0.07, "os": 0.0, "foss": 1.0, "juv": 0.0, "B": 0.64, "Q": 0.58, "w": 6.87, "h": 0.05, "S": 0.32324, "elv": "Kjøtåi", "km": 1.8}}, {"type": "Feature", "geometry": {"type": "LineString", "coordinates": [[8.60102, 59.55932], [8.59932, 59.55909]]}, "properties": {"P": 23.48, "tau": 165.6, "tau_c": 364.2, "omega": 286.55, "M": 0.45, "D": 0.0, "R": 0.14, "sving": 0.2, "os": 0.06, "foss": 1.0, "juv": 0.0, "B": 0.64, "Q": 0.58, "w": 6.87, "h": 0.05, "S": 0.34425, "elv": "Kjøtåi", "km": 1.9}}, {"type": "Feature", "geometry": {"type": "LineString", "coordinates": [[8.59932, 59.55909], [8.59772, 59.55872]]}, "properties": {"P": 23.85, "tau": 168.53, "tau_c": 364.2, "omega": 293.84, "M": 0.46, "D": 0.0, "R": 0.15, "sving": 0.17, "os": 0.1, "foss": 1.0, "juv": 0.0, "B": 0.64, "Q": 0.58, "w": 6.87, "h": 0.05, "S": 0.35301, "elv": "Kjøtåi", "km": 2.0}}, {"type": "Feature", "geometry": {"type": "LineString", "coordinates": [[8.59772, 59.55872], [8.59628, 59.5582]]}, "properties": {"P": 25.97, "tau": 177.49, "tau_c": 364.2, "omega": 316.46, "M": 0.49, "D": 0.0, "R": 0.17, "sving": 0.2, "os": 0.15, "foss": 1.0, "juv": 0.0, "B": 0.64, "Q": 0.58, "w": 6.87, "h": 0.05, "S": 0.38018, "elv": "Kjøtåi", "km": 2.1}}, {"type": "Feature", "geometry": {"type": "LineString", "coordinates": [[8.59628, 59.5582], [8.59484, 59.55769]]}, "properties": {"P": 30.23, "tau": 169.93, "tau_c": 364.2, "omega": 297.33, "M": 0.47, "D": 0.03, "R": 0.15, "sving": 0.41, "os": 0.22, "foss": 1.0, "juv": 0.0, "B": 0.64, "Q": 0.58, "w": 6.87, "h": 0.05, "S": 0.35719, "elv": "Kjøtåi", "km": 2.2}}, {"type": "Feature", "geometry": {"type": "LineString", "coordinates": [[8.59484, 59.55769], [8.59336, 59.55789]]}, "properties": {"P": 32.13, "tau": 164.26, "tau_c": 364.2, "omega": 283.23, "M": 0.45, "D": 0.06, "R": 0.13, "sving": 0.44, "os": 0.29, "foss": 1.0, "juv": 0.0, "B": 0.64, "Q": 0.58, "w": 6.87, "h": 0.05, "S": 0.34025, "elv": "Kjøtåi", "km": 2.3}}, {"type": "Feature", "geometry": {"type": "LineString", "coordinates": [[8.59336, 59.55789], [8.59201, 59.55842]]}, "properties": {"P": 30.7, "tau": 150.68, "tau_c": 364.2, "omega": 250.31, "M": 0.41, "D": 0.11, "R": 0.1, "sving": 0.2, "os": 0.43, "foss": 1.0, "juv": 0.0, "B": 0.64, "Q": 0.58, "w": 6.87, "h": 0.05, "S": 0.30071, "elv": "Kjøtåi", "km": 2.4}}, {"type": "Feature", "geometry": {"type": "LineString", "coordinates": [[8.59201, 59.55842], [8.59061, 59.55886]]}, "properties": {"P": 37.62, "tau": 135.16, "tau_c": 364.2, "omega": 214.22, "M": 0.37, "D": 0.15, "R": 0.07, "sving": 0.37, "os": 0.7, "foss": 1.0, "juv": 0.0, "B": 0.64, "Q": 0.58, "w": 6.87, "h": 0.05, "S": 0.25735, "elv": "Kjøtåi", "km": 2.5}}, {"type": "Feature", "geometry": {"type": "LineString", "coordinates": [[8.59061, 59.55886], [8.58886, 59.55879]]}, "properties": {"P": 43.88, "tau": 112.57, "tau_c": 324.14, "omega": 164.84, "M": 0.35, "D": 0.18, "R": 0.05, "sving": 0.59, "os": 0.87, "foss": 1.0, "juv": 0.0, "B": 0.64, "Q": 0.58, "w": 6.87, "h": 0.06, "S": 0.19803, "elv": "Kjøtåi", "km": 2.6}}, {"type": "Feature", "geometry": {"type": "LineString", "coordinates": [[8.58886, 59.55879], [8.58759, 59.55822]]}, "properties": {"P": 40.39, "tau": 94.17, "tau_c": 285.24, "omega": 127.65, "M": 0.33, "D": 0.19, "R": 0.04, "sving": 0.39, "os": 0.84, "foss": 1.0, "juv": 0.0, "B": 0.64, "Q": 0.58, "w": 6.87, "h": 0.06, "S": 0.15335, "elv": "Kjøtåi", "km": 2.7}}, {"type": "Feature", "geometry": {"type": "LineString", "coordinates": [[8.58759, 59.55822], [8.58662, 59.55758]]}, "properties": {"P": 36.96, "tau": 87.47, "tau_c": 270.54, "omega": 114.84, "M": 0.32, "D": 0.2, "R": 0.04, "sving": 0.48, "os": 0.53, "foss": 1.0, "juv": 0.0, "B": 0.64, "Q": 0.58, "w": 6.87, "h": 0.06, "S": 0.13796, "elv": "Kjøtåi", "km": 2.8}}, {"type": "Feature", "geometry": {"type": "LineString", "coordinates": [[8.58662, 59.55758], [8.58508, 59.55717]]}, "properties": {"P": 31.66, "tau": 72.97, "tau_c": 237.6, "omega": 88.57, "M": 0.31, "D": 0.22, "R": 0.03, "sving": 0.32, "os": 0.34, "foss": 1.0, "juv": 0.0, "B": 0.64, "Q": 0.58, "w": 6.87, "h": 0.07, "S": 0.1064, "elv": "Kjøtåi", "km": 2.9}}, {"type": "Feature", "geometry": {"type": "LineString", "coordinates": [[8.48313, 59.56241], [8.48384, 59.56318]]}, "properties": {"P": 16.8, "tau": 117.5, "tau_c": 364.2, "omega": 164.96, "M": 0.32, "D": 0.0, "R": 0.04, "sving": 0.11, "os": 0.0, "foss": 1.0, "juv": 0.0, "B": 0.58, "Q": 0.33, "w": 6.0, "h": 0.04, "S": 0.3073, "elv": "Vermedalsåi", "km": 2.0}}, {"type": "Feature", "geometry": {"type": "LineString", "coordinates": [[8.48384, 59.56318], [8.48438, 59.56402]]}, "properties": {"P": 18.42, "tau": 128.59, "tau_c": 364.2, "omega": 188.78, "M": 0.35, "D": 0.0, "R": 0.05, "sving": 0.19, "os": 0.0, "foss": 1.0, "juv": 0.0, "B": 0.59, "Q": 0.34, "w": 6.0, "h": 0.04, "S": 0.33746, "elv": "Vermedalsåi", "km": 2.1}}, {"type": "Feature", "geometry": {"type": "LineString", "coordinates": [[8.48438, 59.56402], [8.4843, 59.56492]]}, "properties": {"P": 20.53, "tau": 127.35, "tau_c": 364.2, "omega": 185.57, "M": 0.35, "D": 0.0, "R": 0.05, "sving": 0.34, "os": 0.0, "foss": 1.0, "juv": 0.0, "B": 0.59, "Q": 0.34, "w": 6.18, "h": 0.04, "S": 0.34029, "elv": "Vermedalsåi", "km": 2.2}}, {"type": "Feature", "geometry": {"type": "LineString", "coordinates": [[8.4843, 59.56492], [8.48536, 59.56553]]}, "properties": {"P": 20.61, "tau": 123.34, "tau_c": 364.2, "omega": 176.62, "M": 0.34, "D": 0.0, "R": 0.05, "sving": 0.35, "os": 0.0, "foss": 1.0, "juv": 0.0, "B": 0.59, "Q": 0.34, "w": 6.36, "h": 0.04, "S": 0.33298, "elv": "Vermedalsåi", "km": 2.3}}, {"type": "Feature", "geometry": {"type": "LineString", "coordinates": [[8.48536, 59.56553], [8.48707, 59.56574]]}, "properties": {"P": 25.98, "tau": 160.15, "tau_c": 364.2, "omega": 275.03, "M": 0.44, "D": 0.0, "R": 0.12, "sving": 0.44, "os": 0.0, "foss": 1.0, "juv": 0.0, "B": 0.65, "Q": 0.59, "w": 6.54, "h": 0.05, "S": 0.31296, "elv": "Vermedalsåi", "km": 2.4}}, {"type": "Feature", "geometry": {"type": "LineString", "coordinates": [[8.48707, 59.56574], [8.48873, 59.56602]]}, "properties": {"P": 22.7, "tau": 144.18, "tau_c": 364.2, "omega": 235.95, "M": 0.4, "D": 0.06, "R": 0.09, "sving": 0.22, "os": 0.0, "foss": 1.0, "juv": 0.0, "B": 0.65, "Q": 0.59, "w": 6.73, "h": 0.05, "S": 0.27466, "elv": "Vermedalsåi", "km": 2.5}}, {"type": "Feature", "geometry": {"type": "LineString", "coordinates": [[8.48873, 59.56602], [8.49033, 59.56641]]}, "properties": {"P": 22.43, "tau": 127.98, "tau_c": 354.12, "omega": 198.34, "M": 0.36, "D": 0.12, "R": 0.06, "sving": 0.16, "os": 0.0, "foss": 1.0, "juv": 0.0, "B": 0.65, "Q": 0.59, "w": 6.91, "h": 0.06, "S": 0.23636, "elv": "Vermedalsåi", "km": 2.6}}, {"type": "Feature", "geometry": {"type": "LineString", "coordinates": [[8.49033, 59.56641], [8.49201, 59.56664]]}, "properties": {"P": 24.18, "tau": 105.74, "tau_c": 308.9, "omega": 150.89, "M": 0.34, "D": 0.2, "R": 0.05, "sving": 0.19, "os": 0.0, "foss": 1.0, "juv": 0.0, "B": 0.65, "Q": 0.59, "w": 6.92, "h": 0.06, "S": 0.17985, "elv": "Vermedalsåi", "km": 2.7}}, {"type": "Feature", "geometry": {"type": "LineString", "coordinates": [[8.49201, 59.56664], [8.49332, 59.56653]]}, "properties": {"P": 28.5, "tau": 91.73, "tau_c": 280.19, "omega": 122.93, "M": 0.33, "D": 0.2, "R": 0.04, "sving": 0.47, "os": 0.0, "foss": 1.0, "juv": 0.0, "B": 0.65, "Q": 0.59, "w": 6.99, "h": 0.06, "S": 0.14798, "elv": "Vermedalsåi", "km": 2.8}}, {"type": "Feature", "geometry": {"type": "LineString", "coordinates": [[8.49332, 59.56653], [8.49503, 59.56637]]}, "properties": {"P": 25.38, "tau": 76.23, "tau_c": 246.97, "omega": 94.12, "M": 0.31, "D": 0.18, "R": 0.03, "sving": 0.32, "os": 0.0, "foss": 1.0, "juv": 0.0, "B": 0.65, "Q": 0.59, "w": 7.09, "h": 0.07, "S": 0.11496, "elv": "Vermedalsåi", "km": 2.9}}, {"type": "Feature", "geometry": {"type": "LineString", "coordinates": [[8.49503, 59.56637], [8.49619, 59.56574]]}, "properties": {"P": 23.23, "tau": 70.82, "tau_c": 226.49, "omega": 85.58, "M": 0.31, "D": 0.12, "R": 0.03, "sving": 0.24, "os": 0.0, "foss": 1.0, "juv": 0.0, "B": 0.66, "Q": 0.65, "w": 7.2, "h": 0.07, "S": 0.09669, "elv": "Vermedalsåi", "km": 3.0}}, {"type": "Feature", "geometry": {"type": "LineString", "coordinates": [[8.49619, 59.56574], [8.49753, 59.56529]]}, "properties": {"P": 19.51, "tau": 69.65, "tau_c": 220.81, "omega": 83.94, "M": 0.32, "D": 0.06, "R": 0.03, "sving": 0.07, "os": 0.0, "foss": 1.0, "juv": 0.0, "B": 0.66, "Q": 0.68, "w": 7.33, "h": 0.08, "S": 0.0919, "elv": "Vermedalsåi", "km": 3.1}}, {"type": "Feature", "geometry": {"type": "LineString", "coordinates": [[8.49753, 59.56529], [8.49867, 59.56469]]}, "properties": {"P": 22.34, "tau": 69.02, "tau_c": 221.92, "omega": 82.59, "M": 0.31, "D": 0.01, "R": 0.03, "sving": 0.31, "os": 0.0, "foss": 1.0, "juv": 0.0, "B": 0.66, "Q": 0.68, "w": 7.55, "h": 0.08, "S": 0.09283, "elv": "Vermedalsåi", "km": 3.2}}, {"type": "Feature", "geometry": {"type": "LineString", "coordinates": [[8.49867, 59.56469], [8.50043, 59.5647]]}, "properties": {"P": 21.29, "tau": 85.62, "tau_c": 256.74, "omega": 112.82, "M": 0.33, "D": -0.0, "R": 0.04, "sving": 0.24, "os": 0.0, "foss": 1.0, "juv": 0.0, "B": 0.67, "Q": 0.71, "w": 7.7, "h": 0.07, "S": 0.12424, "elv": "Vermedalsåi", "km": 3.3}}, {"type": "Feature", "geometry": {"type": "LineString", "coordinates": [[8.50043, 59.5647], [8.50217, 59.56471]]}, "properties": {"P": 23.96, "tau": 98.93, "tau_c": 274.11, "omega": 140.43, "M": 0.36, "D": -0.0, "R": 0.06, "sving": 0.35, "os": 0.0, "foss": 1.0, "juv": 0.0, "B": 0.68, "Q": 0.79, "w": 7.81, "h": 0.07, "S": 0.14162, "elv": "Vermedalsåi", "km": 3.4}}, {"type": "Feature", "geometry": {"type": "LineString", "coordinates": [[8.50217, 59.56471], [8.50391, 59.56475]]}, "properties": {"P": 19.7, "tau": 106.29, "tau_c": 291.07, "omega": 155.27, "M": 0.37, "D": -0.0, "R": 0.06, "sving": 0.09, "os": 0.0, "foss": 1.0, "juv": 0.0, "B": 0.68, "Q": 0.79, "w": 7.98, "h": 0.07, "S": 0.15968, "elv": "Vermedalsåi", "km": 3.5}}, {"type": "Feature", "geometry": {"type": "LineString", "coordinates": [[8.50391, 59.56475], [8.50565, 59.56486]]}, "properties": {"P": 19.58, "tau": 117.02, "tau_c": 313.66, "omega": 177.9, "M": 0.37, "D": -0.0, "R": 0.07, "sving": 0.07, "os": 0.0, "foss": 1.0, "juv": 0.0, "B": 0.68, "Q": 0.79, "w": 8.12, "h": 0.06, "S": 0.18544, "elv": "Vermedalsåi", "km": 3.6}}, {"type": "Feature", "geometry": {"type": "LineString", "coordinates": [[8.50565, 59.56486], [8.50736, 59.56507]]}, "properties": {"P": 23.52, "tau": 128.77, "tau_c": 327.79, "omega": 205.62, "M": 0.39, "D": 0.0, "R": 0.08, "sving": 0.27, "os": 0.0, "foss": 1.0, "juv": 0.0, "B": 0.68, "Q": 0.85, "w": 8.18, "h": 0.06, "S": 0.20251, "elv": "Vermedalsåi", "km": 3.7}}, {"type": "Feature", "geometry": {"type": "LineString", "coordinates": [[8.50736, 59.56507], [8.5091, 59.56524]]}, "properties": {"P": 22.11, "tau": 128.17, "tau_c": 327.4, "omega": 204.13, "M": 0.39, "D": 0.08, "R": 0.08, "sving": 0.08, "os": 0.0, "foss": 1.0, "juv": 0.0, "B": 0.68, "Q": 0.85, "w": 8.24, "h": 0.06, "S": 0.20203, "elv": "Vermedalsåi", "km": 3.8}}, {"type": "Feature", "geometry": {"type": "LineString", "coordinates": [[8.5091, 59.56524], [8.51032, 59.56583]]}, "properties": {"P": 29.82, "tau": 116.23, "tau_c": 305.72, "omega": 177.37, "M": 0.38, "D": 0.19, "R": 0.07, "sving": 0.4, "os": 0.0, "foss": 1.0, "juv": 0.0, "B": 0.68, "Q": 0.85, "w": 8.3, "h": 0.07, "S": 0.17616, "elv": "Vermedalsåi", "km": 3.9}}, {"type": "Feature", "geometry": {"type": "LineString", "coordinates": [[8.51234, 59.56695], [8.51189, 59.56775]]}, "properties": {"P": 91.51, "tau": 406.65, "tau_c": 269.06, "omega": 1492.98, "M": 1.51, "D": -0.0, "R": 1.0, "sving": 0.75, "os": 0.0, "foss": 1.0, "juv": 0.0, "B": 1.09, "Q": 43.37, "w": 38.89, "h": 0.3, "S": 0.13645, "elv": "Vermedalsåi", "km": 4.2}}, {"type": "Feature", "geometry": {"type": "LineString", "coordinates": [[8.63468, 59.55981], [8.63321, 59.55935]]}, "properties": {"P": 13.96, "tau": 85.41, "tau_c": 279.43, "omega": 109.15, "M": 0.31, "D": 0.0, "R": 0.03, "sving": 0.22, "os": 0.0, "foss": 1.0, "juv": 0.0, "B": 0.45, "Q": 0.46, "w": 6.13, "h": 0.06, "S": 0.14717, "elv": "Tverråi", "km": 0.1}}, {"type": "Feature", "geometry": {"type": "LineString", "coordinates": [[8.63321, 59.55935], [8.63201, 59.55874]]}, "properties": {"P": 12.04, "tau": 92.49, "tau_c": 294.13, "omega": 122.59, "M": 0.31, "D": 0.0, "R": 0.03, "sving": 0.01, "os": 0.0, "foss": 1.0, "juv": 0.0, "B": 0.46, "Q": 0.48, "w": 6.21, "h": 0.06, "S": 0.16306, "elv": "Tverråi", "km": 0.2}}, {"type": "Feature", "geometry": {"type": "LineString", "coordinates": [[8.63201, 59.55874], [8.63039, 59.55856]]}, "properties": {"P": 12.73, "tau": 92.8, "tau_c": 292.68, "omega": 123.49, "M": 0.32, "D": 0.0, "R": 0.03, "sving": 0.03, "os": 0.0, "foss": 1.0, "juv": 0.0, "B": 0.48, "Q": 0.49, "w": 6.32, "h": 0.06, "S": 0.16145, "elv": "Tverråi", "km": 0.3}}, {"type": "Feature", "geometry": {"type": "LineString", "coordinates": [[8.63039, 59.55856], [8.62903, 59.55806]]}, "properties": {"P": 13.01, "tau": 93.55, "tau_c": 292.8, "omega": 125.13, "M": 0.32, "D": 0.0, "R": 0.04, "sving": 0.03, "os": 0.0, "foss": 1.0, "juv": 0.0, "B": 0.49, "Q": 0.51, "w": 6.41, "h": 0.06, "S": 0.16159, "elv": "Tverråi", "km": 0.4}}, {"type": "Feature", "geometry": {"type": "LineString", "coordinates": [[8.62903, 59.55806], [8.62766, 59.55753]]}, "properties": {"P": 15.05, "tau": 94.3, "tau_c": 290.41, "omega": 127.15, "M": 0.32, "D": 0.0, "R": 0.04, "sving": 0.16, "os": 0.0, "foss": 1.0, "juv": 0.0, "B": 0.5, "Q": 0.53, "w": 6.5, "h": 0.06, "S": 0.15897, "elv": "Tverråi", "km": 0.5}}, {"type": "Feature", "geometry": {"type": "LineString", "coordinates": [[8.62766, 59.55753], [8.62632, 59.55695]]}, "properties": {"P": 13.82, "tau": 99.5, "tau_c": 301.79, "omega": 137.34, "M": 0.33, "D": 0.0, "R": 0.04, "sving": 0.03, "os": 0.0, "foss": 1.0, "juv": 0.0, "B": 0.51, "Q": 0.54, "w": 6.57, "h": 0.06, "S": 0.17167, "elv": "Tverråi", "km": 0.6}}, {"type": "Feature", "geometry": {"type": "LineString", "coordinates": [[8.62632, 59.55695], [8.62491, 59.55641]]}, "properties": {"P": 13.94, "tau": 95.77, "tau_c": 293.61, "omega": 130.02, "M": 0.33, "D": 0.01, "R": 0.04, "sving": 0.02, "os": 0.0, "foss": 1.0, "juv": 0.0, "B": 0.52, "Q": 0.54, "w": 6.63, "h": 0.06, "S": 0.16248, "elv": "Tverråi", "km": 0.7}}, {"type": "Feature", "geometry": {"type": "LineString", "coordinates": [[8.62491, 59.55641], [8.6234, 59.55595]]}, "properties": {"P": 15.01, "tau": 91.45, "tau_c": 282.45, "omega": 121.94, "M": 0.32, "D": 0.01, "R": 0.04, "sving": 0.08, "os": 0.0, "foss": 1.0, "juv": 0.0, "B": 0.53, "Q": 0.55, "w": 6.67, "h": 0.06, "S": 0.15036, "elv": "Tverråi", "km": 0.8}}, {"type": "Feature", "geometry": {"type": "LineString", "coordinates": [[8.6234, 59.55595], [8.62195, 59.55544]]}, "properties": {"P": 16.08, "tau": 93.18, "tau_c": 285.71, "omega": 125.33, "M": 0.33, "D": 0.01, "R": 0.04, "sving": 0.15, "os": 0.0, "foss": 1.0, "juv": 0.0, "B": 0.53, "Q": 0.56, "w": 6.7, "h": 0.06, "S": 0.15386, "elv": "Tverråi", "km": 0.9}}, {"type": "Feature", "geometry": {"type": "LineString", "coordinates": [[8.62195, 59.55544], [8.62039, 59.55503]]}, "properties": {"P": 16.21, "tau": 130.51, "tau_c": 363.15, "omega": 203.21, "M": 0.36, "D": 0.0, "R": 0.06, "sving": 0.13, "os": 0.0, "foss": 1.0, "juv": 0.0, "B": 0.54, "Q": 0.56, "w": 6.73, "h": 0.05, "S": 0.24857, "elv": "Tverråi", "km": 1.0}}, {"type": "Feature", "geometry": {"type": "LineString", "coordinates": [[8.62039, 59.55503], [8.61868, 59.55482]]}, "properties": {"P": 15.87, "tau": 144.38, "tau_c": 364.2, "omega": 234.83, "M": 0.4, "D": 0.0, "R": 0.09, "sving": 0.05, "os": 0.0, "foss": 1.0, "juv": 0.0, "B": 0.54, "Q": 0.56, "w": 6.75, "h": 0.05, "S": 0.28729, "elv": "Tverråi", "km": 1.1}}, {"type": "Feature", "geometry": {"type": "LineString", "coordinates": [[8.61868, 59.55482], [8.61768, 59.55419]]}, "properties": {"P": 17.27, "tau": 156.73, "tau_c": 364.2, "omega": 264.11, "M": 0.43, "D": 0.0, "R": 0.11, "sving": 0.09, "os": 0.0, "foss": 1.0, "juv": 0.0, "B": 0.55, "Q": 0.56, "w": 6.77, "h": 0.05, "S": 0.32337, "elv": "Tverråi", "km": 1.2}}, {"type": "Feature", "geometry": {"type": "LineString", "coordinates": [[8.61768, 59.55419], [8.61615, 59.55379]]}, "properties": {"P": 17.66, "tau": 172.13, "tau_c": 364.2, "omega": 302.29, "M": 0.47, "D": 0.0, "R": 0.16, "sving": 0.04, "os": 0.0, "foss": 1.0, "juv": 0.0, "B": 0.56, "Q": 0.57, "w": 6.8, "h": 0.05, "S": 0.36797, "elv": "Tverråi", "km": 1.3}}, {"type": "Feature", "geometry": {"type": "LineString", "coordinates": [[8.61615, 59.55379], [8.61443, 59.55358]]}, "properties": {"P": 20.38, "tau": 179.96, "tau_c": 364.2, "omega": 322.34, "M": 0.49, "D": 0.01, "R": 0.18, "sving": 0.17, "os": 0.0, "foss": 1.0, "juv": 0.0, "B": 0.56, "Q": 0.57, "w": 6.83, "h": 0.05, "S": 0.39107, "elv": "Tverråi", "km": 1.4}}, {"type": "Feature", "geometry": {"type": "LineString", "coordinates": [[8.61443, 59.55358], [8.61277, 59.55328]]}, "properties": {"P": 19.43, "tau": 185.79, "tau_c": 364.2, "omega": 337.97, "M": 0.51, "D": 0.03, "R": 0.2, "sving": 0.03, "os": 0.0, "foss": 1.0, "juv": 0.0, "B": 0.57, "Q": 0.58, "w": 6.87, "h": 0.05, "S": 0.40498, "elv": "Tverråi", "km": 1.5}}, {"type": "Feature", "geometry": {"type": "LineString", "coordinates": [[8.61277, 59.55328], [8.61117, 59.5529]]}, "properties": {"P": 18.2, "tau": 159.49, "tau_c": 364.2, "omega": 271.85, "M": 0.44, "D": 0.07, "R": 0.12, "sving": 0.01, "os": 0.0, "foss": 1.0, "juv": 0.0, "B": 0.57, "Q": 0.59, "w": 6.91, "h": 0.05, "S": 0.32389, "elv": "Tverråi", "km": 1.6}}, {"type": "Feature", "geometry": {"type": "LineString", "coordinates": [[8.61117, 59.5529], [8.60954, 59.55256]]}, "properties": {"P": 18.39, "tau": 155.45, "tau_c": 364.2, "omega": 261.72, "M": 0.43, "D": 0.07, "R": 0.11, "sving": 0.02, "os": 0.0, "foss": 1.0, "juv": 0.0, "B": 0.57, "Q": 0.59, "w": 6.98, "h": 0.05, "S": 0.3148, "elv": "Tverråi", "km": 1.7}}, {"type": "Feature", "geometry": {"type": "LineString", "coordinates": [[8.60954, 59.55256], [8.60785, 59.55233]]}, "properties": {"P": 18.58, "tau": 147.78, "tau_c": 364.2, "omega": 243.87, "M": 0.41, "D": 0.07, "R": 0.09, "sving": 0.06, "os": 0.0, "foss": 1.0, "juv": 0.0, "B": 0.58, "Q": 0.6, "w": 7.04, "h": 0.05, "S": 0.28958, "elv": "Tverråi", "km": 1.8}}, {"type": "Feature", "geometry": {"type": "LineString", "coordinates": [[8.60785, 59.55233], [8.60615, 59.55208]]}, "properties": {"P": 18.38, "tau": 141.92, "tau_c": 364.2, "omega": 231.46, "M": 0.39, "D": 0.06, "R": 0.08, "sving": 0.06, "os": 0.0, "foss": 1.0, "juv": 0.0, "B": 0.59, "Q": 0.64, "w": 7.1, "h": 0.05, "S": 0.26374, "elv": "Tverråi", "km": 1.9}}, {"type": "Feature", "geometry": {"type": "LineString", "coordinates": [[8.60615, 59.55208], [8.60446, 59.55183]]}, "properties": {"P": 18.87, "tau": 135.04, "tau_c": 360.7, "omega": 215.63, "M": 0.37, "D": 0.07, "R": 0.07, "sving": 0.09, "os": 0.0, "foss": 1.0, "juv": 0.0, "B": 0.59, "Q": 0.64, "w": 7.16, "h": 0.06, "S": 0.24522, "elv": "Tverråi", "km": 2.0}}, {"type": "Feature", "geometry": {"type": "LineString", "coordinates": [[8.60446, 59.55183], [8.60297, 59.55135]]}, "properties": {"P": 20.38, "tau": 125.57, "tau_c": 343.28, "omega": 194.15, "M": 0.37, "D": 0.09, "R": 0.06, "sving": 0.17, "os": 0.0, "foss": 1.0, "juv": 0.0, "B": 0.59, "Q": 0.64, "w": 7.2, "h": 0.06, "S": 0.22211, "elv": "Tverråi", "km": 2.1}}, {"type": "Feature", "geometry": {"type": "LineString", "coordinates": [[8.60297, 59.55135], [8.60143, 59.55092]]}, "properties": {"P": 24.61, "tau": 117.66, "tau_c": 327.71, "omega": 176.86, "M": 0.36, "D": 0.12, "R": 0.06, "sving": 0.43, "os": 0.0, "foss": 1.0, "juv": 0.0, "B": 0.6, "Q": 0.64, "w": 7.21, "h": 0.06, "S": 0.20242, "elv": "Tverråi", "km": 2.2}}, {"type": "Feature", "geometry": {"type": "LineString", "coordinates": [[8.60143, 59.55092], [8.60015, 59.55034]]}, "properties": {"P": 21.81, "tau": 101.68, "tau_c": 295.21, "omega": 143.48, "M": 0.34, "D": 0.17, "R": 0.05, "sving": 0.18, "os": 0.0, "foss": 1.0, "juv": 0.0, "B": 0.6, "Q": 0.64, "w": 7.21, "h": 0.06, "S": 0.16426, "elv": "Tverråi", "km": 2.3}}, {"type": "Feature", "geometry": {"type": "LineString", "coordinates": [[8.60015, 59.55034], [8.5999, 59.54946]]}, "properties": {"P": 23.54, "tau": 87.48, "tau_c": 265.08, "omega": 115.65, "M": 0.33, "D": 0.24, "R": 0.04, "sving": 0.15, "os": 0.05, "foss": 1.0, "juv": 0.0, "B": 0.6, "Q": 0.64, "w": 7.22, "h": 0.07, "S": 0.13244, "elv": "Tverråi", "km": 2.4}}, {"type": "Feature", "geometry": {"type": "LineString", "coordinates": [[8.45987, 59.58365], [8.46157, 59.58344]]}, "properties": {"P": 36.95, "tau": 168.0, "tau_c": 209.85, "omega": 369.91, "M": 0.8, "D": 0.0, "R": 0.58, "sving": 0.36, "os": 0.0, "foss": 1.0, "juv": 0.0, "B": 0.65, "Q": 8.14, "w": 17.92, "h": 0.21, "S": 0.083, "elv": "bekk", "km": 1.6}}, {"type": "Feature", "geometry": {"type": "LineString", "coordinates": [[8.46157, 59.58344], [8.4632, 59.58319]]}, "properties": {"P": 30.61, "tau": 126.23, "tau_c": 185.08, "omega": 240.3, "M": 0.68, "D": 0.09, "R": 0.42, "sving": 0.1, "os": 0.0, "foss": 1.0, "juv": 0.0, "B": 0.65, "Q": 8.31, "w": 21.91, "h": 0.2, "S": 0.06457, "elv": "bekk", "km": 1.7}}, {"type": "Feature", "geometry": {"type": "LineString", "coordinates": [[8.6067, 59.42263], [8.60791, 59.42311]]}, "properties": {"P": 15.91, "tau": 41.84, "tau_c": 123.26, "omega": 43.53, "M": 0.34, "D": 0.01, "R": 0.05, "sving": 0.19, "os": 0.0, "foss": 1.0, "juv": 0.0, "B": 0.5, "Q": 1.95, "w": 12.57, "h": 0.15, "S": 0.02864, "elv": "Bjortjønnåi", "km": 0.1}}, {"type": "Feature", "geometry": {"type": "LineString", "coordinates": [[8.60791, 59.42311], [8.60941, 59.4235]]}, "properties": {"P": 14.98, "tau": 38.87, "tau_c": 116.88, "omega": 39.16, "M": 0.33, "D": 0.01, "R": 0.04, "sving": 0.12, "os": 0.0, "foss": 1.0, "juv": 0.0, "B": 0.5, "Q": 1.95, "w": 12.58, "h": 0.15, "S": 0.02575, "elv": "Bjortjønnåi", "km": 0.2}}, {"type": "Feature", "geometry": {"type": "LineString", "coordinates": [[8.60941, 59.4235], [8.61111, 59.42355]]}, "properties": {"P": 10.82, "tau": 46.42, "tau_c": 132.58, "omega": 50.55, "M": 0.35, "D": 0.0, "R": 0.05, "sving": 0.07, "os": 0.0, "foss": 0.72, "juv": 0.0, "B": 0.5, "Q": 1.96, "w": 12.6, "h": 0.14, "S": 0.03313, "elv": "Bjortjønnåi", "km": 0.3}}, {"type": "Feature", "geometry": {"type": "LineString", "coordinates": [[8.61111, 59.42355], [8.61263, 59.42364]]}, "properties": {"P": 8.05, "tau": 59.08, "tau_c": 157.43, "omega": 71.45, "M": 0.38, "D": 0.0, "R": 0.07, "sving": 0.02, "os": 0.0, "foss": 0.51, "juv": 0.0, "B": 0.5, "Q": 1.97, "w": 12.62, "h": 0.13, "S": 0.04672, "elv": "Bjortjønnåi", "km": 0.4}}, {"type": "Feature", "geometry": {"type": "LineString", "coordinates": [[8.61263, 59.42364], [8.6142, 59.42404]]}, "properties": {"P": 16.74, "tau": 69.41, "tau_c": 176.65, "omega": 90.02, "M": 0.39, "D": 0.0, "R": 0.08, "sving": 0.22, "os": 0.0, "foss": 1.0, "juv": 0.0, "B": 0.5, "Q": 1.97, "w": 12.65, "h": 0.12, "S": 0.05881, "elv": "Bjortjønnåi", "km": 0.5}}, {"type": "Feature", "geometry": {"type": "LineString", "coordinates": [[8.6142, 59.42404], [8.61571, 59.4245]]}, "properties": {"P": 14.96, "tau": 77.35, "tau_c": 190.59, "omega": 105.2, "M": 0.41, "D": 0.0, "R": 0.09, "sving": 0.06, "os": 0.0, "foss": 1.0, "juv": 0.0, "B": 0.5, "Q": 1.98, "w": 12.67, "h": 0.12, "S": 0.06846, "elv": "Bjortjønnåi", "km": 0.6}}, {"type": "Feature", "geometry": {"type": "LineString", "coordinates": [[8.61571, 59.4245], [8.61709, 59.42502]]}, "properties": {"P": 15.35, "tau": 75.32, "tau_c": 187.0, "omega": 101.26, "M": 0.4, "D": 0.0, "R": 0.09, "sving": 0.09, "os": 0.0, "foss": 1.0, "juv": 0.0, "B": 0.51, "Q": 1.99, "w": 12.68, "h": 0.12, "S": 0.06591, "elv": "Bjortjønnåi", "km": 0.7}}, {"type": "Feature", "geometry": {"type": "LineString", "coordinates": [[8.61709, 59.42502], [8.61876, 59.42525]]}, "properties": {"P": 15.13, "tau": 91.5, "tau_c": 214.88, "omega": 133.84, "M": 0.43, "D": 0.0, "R": 0.11, "sving": 0.04, "os": 0.0, "foss": 1.0, "juv": 0.0, "B": 0.51, "Q": 1.99, "w": 12.7, "h": 0.11, "S": 0.08703, "elv": "Bjortjønnåi", "km": 0.8}}, {"type": "Feature", "geometry": {"type": "LineString", "coordinates": [[8.61876, 59.42525], [8.62033, 59.42543]]}, "properties": {"P": 16.12, "tau": 86.61, "tau_c": 206.45, "omega": 123.74, "M": 0.42, "D": 0.05, "R": 0.1, "sving": 0.35, "os": 0.0, "foss": 0.72, "juv": 0.0, "B": 0.51, "Q": 2.0, "w": 12.71, "h": 0.11, "S": 0.08034, "elv": "Bjortjønnåi", "km": 0.9}}, {"type": "Feature", "geometry": {"type": "LineString", "coordinates": [[8.62033, 59.42543], [8.6219, 59.42579]]}, "properties": {"P": 17.74, "tau": 76.15, "tau_c": 188.19, "omega": 102.92, "M": 0.4, "D": 0.12, "R": 0.09, "sving": 0.12, "os": 0.0, "foss": 1.0, "juv": 0.0, "B": 0.51, "Q": 2.0, "w": 12.73, "h": 0.12, "S": 0.06675, "elv": "Bjortjønnåi", "km": 1.0}}, {"type": "Feature", "geometry": {"type": "LineString", "coordinates": [[8.6219, 59.42579], [8.62355, 59.42554]]}, "properties": {"P": 14.63, "tau": 64.92, "tau_c": 167.89, "omega": 81.87, "M": 0.39, "D": 0.19, "R": 0.08, "sving": 0.09, "os": 0.0, "foss": 0.72, "juv": 0.0, "B": 0.51, "Q": 2.0, "w": 12.75, "h": 0.12, "S": 0.05313, "elv": "Bjortjønnåi", "km": 1.1}}, {"type": "Feature", "geometry": {"type": "LineString", "coordinates": [[8.62355, 59.42554], [8.62524, 59.42549]]}, "properties": {"P": 13.1, "tau": 49.97, "tau_c": 140.36, "omega": 56.13, "M": 0.36, "D": 0.22, "R": 0.06, "sving": 0.15, "os": 0.0, "foss": 0.51, "juv": 0.0, "B": 0.51, "Q": 2.01, "w": 13.07, "h": 0.14, "S": 0.03713, "elv": "Bjortjønnåi", "km": 1.2}}, {"type": "Feature", "geometry": {"type": "LineString", "coordinates": [[8.62524, 59.42549], [8.62699, 59.42548]]}, "properties": {"P": 17.19, "tau": 50.34, "tau_c": 142.65, "omega": 56.57, "M": 0.35, "D": 0.22, "R": 0.05, "sving": 0.01, "os": 0.0, "foss": 1.0, "juv": 0.0, "B": 0.51, "Q": 2.02, "w": 13.46, "h": 0.13, "S": 0.03835, "elv": "Bjortjønnåi", "km": 1.3}}, {"type": "Feature", "geometry": {"type": "LineString", "coordinates": [[8.62699, 59.42548], [8.62875, 59.4255]]}, "properties": {"P": 14.78, "tau": 33.2, "tau_c": 97.3, "omega": 31.95, "M": 0.34, "D": 0.21, "R": 0.05, "sving": 0.08, "os": 0.0, "foss": 0.72, "juv": 0.0, "B": 0.52, "Q": 2.53, "w": 13.85, "h": 0.19, "S": 0.01784, "elv": "Bjortjønnåi", "km": 1.4}}, {"type": "Feature", "geometry": {"type": "LineString", "coordinates": [[8.62875, 59.4255], [8.63034, 59.42527]]}, "properties": {"P": 11.31, "tau": 29.63, "tau_c": 88.73, "omega": 27.23, "M": 0.33, "D": 0.13, "R": 0.04, "sving": 0.12, "os": 0.0, "foss": 0.51, "juv": 0.0, "B": 0.52, "Q": 2.66, "w": 14.24, "h": 0.2, "S": 0.01484, "elv": "Bjortjønnåi", "km": 1.5}}, {"type": "Feature", "geometry": {"type": "LineString", "coordinates": [[8.37474, 59.60943], [8.3759, 59.60995]]}, "properties": {"P": 14.03, "tau": 92.94, "tau_c": 181.57, "omega": 145.42, "M": 0.51, "D": 0.01, "R": 0.2, "sving": 0.04, "os": 0.14, "foss": 1.0, "juv": 0.0, "B": 0.38, "Q": 4.67, "w": 19.59, "h": 0.15, "S": 0.06214, "elv": "Valeåi", "km": 0.0}}, {"type": "Feature", "geometry": {"type": "LineString", "coordinates": [[8.3759, 59.60995], [8.3774, 59.61036]]}, "properties": {"P": 22.33, "tau": 87.07, "tau_c": 173.61, "omega": 132.38, "M": 0.5, "D": 0.01, "R": 0.19, "sving": 0.38, "os": 0.16, "foss": 0.72, "juv": 0.0, "B": 0.58, "Q": 4.68, "w": 19.69, "h": 0.16, "S": 0.05681, "elv": "Valeåi", "km": 0.1}}, {"type": "Feature", "geometry": {"type": "LineString", "coordinates": [[8.3774, 59.61036], [8.37867, 59.61087]]}, "properties": {"P": 22.06, "tau": 88.98, "tau_c": 172.03, "omega": 137.63, "M": 0.52, "D": 0.01, "R": 0.21, "sving": 0.06, "os": 0.14, "foss": 1.0, "juv": 0.0, "B": 0.58, "Q": 4.99, "w": 19.83, "h": 0.16, "S": 0.05578, "elv": "Valeåi", "km": 0.2}}, {"type": "Feature", "geometry": {"type": "LineString", "coordinates": [[8.37867, 59.61087], [8.38039, 59.61084]]}, "properties": {"P": 24.28, "tau": 108.76, "tau_c": 199.24, "omega": 183.33, "M": 0.55, "D": 0.0, "R": 0.24, "sving": 0.18, "os": 0.12, "foss": 1.0, "juv": 0.0, "B": 0.58, "Q": 4.99, "w": 19.99, "h": 0.15, "S": 0.07482, "elv": "Valeåi", "km": 0.3}}, {"type": "Feature", "geometry": {"type": "LineString", "coordinates": [[8.38039, 59.61084], [8.38151, 59.61152]]}, "properties": {"P": 25.46, "tau": 108.63, "tau_c": 199.38, "omega": 182.92, "M": 0.54, "D": 0.02, "R": 0.24, "sving": 0.28, "os": 0.07, "foss": 1.0, "juv": 0.0, "B": 0.58, "Q": 5.0, "w": 20.09, "h": 0.15, "S": 0.07493, "elv": "Valeåi", "km": 0.4}}, {"type": "Feature", "geometry": {"type": "LineString", "coordinates": [[8.38151, 59.61152], [8.38322, 59.61152]]}, "properties": {"P": 21.88, "tau": 111.94, "tau_c": 202.61, "omega": 191.27, "M": 0.55, "D": 0.03, "R": 0.25, "sving": 0.01, "os": 0.06, "foss": 1.0, "juv": 0.0, "B": 0.58, "Q": 5.06, "w": 20.07, "h": 0.15, "S": 0.07737, "elv": "Valeåi", "km": 0.5}}, {"type": "Feature", "geometry": {"type": "LineString", "coordinates": [[8.38322, 59.61152], [8.38499, 59.61147]]}, "properties": {"P": 25.51, "tau": 92.36, "tau_c": 176.52, "omega": 145.24, "M": 0.52, "D": 0.04, "R": 0.21, "sving": 0.37, "os": 0.0, "foss": 1.0, "juv": 0.0, "B": 0.59, "Q": 5.06, "w": 20.07, "h": 0.16, "S": 0.05873, "elv": "Valeåi", "km": 0.6}}, {"type": "Feature", "geometry": {"type": "LineString", "coordinates": [[8.38499, 59.61147], [8.38675, 59.61146]]}, "properties": {"P": 18.3, "tau": 103.64, "tau_c": 182.87, "omega": 173.63, "M": 0.57, "D": 0.02, "R": 0.27, "sving": 0.08, "os": 0.0, "foss": 0.72, "juv": 0.0, "B": 0.59, "Q": 5.07, "w": 18.05, "h": 0.17, "S": 0.06303, "elv": "Valeåi", "km": 0.7}}, {"type": "Feature", "geometry": {"type": "LineString", "coordinates": [[8.38675, 59.61146], [8.38851, 59.61137]]}, "properties": {"P": 14.86, "tau": 101.47, "tau_c": 179.77, "omega": 168.53, "M": 0.56, "D": 0.02, "R": 0.27, "sving": 0.06, "os": 0.0, "foss": 0.51, "juv": 0.0, "B": 0.59, "Q": 5.08, "w": 18.0, "h": 0.17, "S": 0.06091, "elv": "Valeåi", "km": 0.8}}, {"type": "Feature", "geometry": {"type": "LineString", "coordinates": [[8.38851, 59.61137], [8.39023, 59.61118]]}, "properties": {"P": 21.62, "tau": 89.08, "tau_c": 155.4, "omega": 141.86, "M": 0.57, "D": 0.0, "R": 0.28, "sving": 0.04, "os": 0.0, "foss": 1.0, "juv": 0.0, "B": 0.59, "Q": 5.08, "w": 16.0, "h": 0.2, "S": 0.04552, "elv": "Valeåi", "km": 0.9}}, {"type": "Feature", "geometry": {"type": "LineString", "coordinates": [[8.39023, 59.61118], [8.39196, 59.61099]]}, "properties": {"P": 23.8, "tau": 113.42, "tau_c": 172.67, "omega": 204.25, "M": 0.66, "D": -0.0, "R": 0.39, "sving": 0.01, "os": 0.0, "foss": 1.0, "juv": 0.0, "B": 0.59, "Q": 5.19, "w": 14.0, "h": 0.21, "S": 0.0562, "elv": "Valeåi", "km": 1.0}}, {"type": "Feature", "geometry": {"type": "LineString", "coordinates": [[8.39196, 59.61099], [8.39371, 59.61088]]}, "properties": {"P": 25.41, "tau": 141.77, "tau_c": 202.48, "omega": 281.43, "M": 0.7, "D": -0.0, "R": 0.45, "sving": 0.02, "os": 0.0, "foss": 1.0, "juv": 0.0, "B": 0.59, "Q": 5.2, "w": 14.0, "h": 0.19, "S": 0.07727, "elv": "Valeåi", "km": 1.1}}, {"type": "Feature", "geometry": {"type": "LineString", "coordinates": [[8.39371, 59.61088], [8.39547, 59.6108]]}, "properties": {"P": 24.89, "tau": 153.78, "tau_c": 227.58, "omega": 311.3, "M": 0.68, "D": -0.0, "R": 0.41, "sving": 0.04, "os": 0.0, "foss": 1.0, "juv": 0.0, "B": 0.59, "Q": 5.2, "w": 16.0, "h": 0.16, "S": 0.09762, "elv": "Valeåi", "km": 1.2}}, {"type": "Feature", "geometry": {"type": "LineString", "coordinates": [[8.39547, 59.6108], [8.39722, 59.61066]]}, "properties": {"P": 25.09, "tau": 150.49, "tau_c": 224.0, "omega": 301.82, "M": 0.67, "D": 0.03, "R": 0.41, "sving": 0.02, "os": 0.0, "foss": 1.0, "juv": 0.0, "B": 0.59, "Q": 5.21, "w": 16.0, "h": 0.16, "S": 0.09457, "elv": "Valeåi", "km": 1.3}}, {"type": "Feature", "geometry": {"type": "LineString", "coordinates": [[8.39722, 59.61066], [8.39897, 59.61055]]}, "properties": {"P": 24.43, "tau": 152.06, "tau_c": 238.23, "omega": 301.7, "M": 0.64, "D": 0.05, "R": 0.36, "sving": 0.02, "os": 0.0, "foss": 1.0, "juv": 0.0, "B": 0.59, "Q": 5.21, "w": 18.12, "h": 0.14, "S": 0.10697, "elv": "Valeåi", "km": 1.4}}, {"type": "Feature", "geometry": {"type": "LineString", "coordinates": [[8.39897, 59.61055], [8.40074, 59.61049]]}, "properties": {"P": 23.81, "tau": 130.1, "tau_c": 223.35, "omega": 238.02, "M": 0.58, "D": 0.09, "R": 0.29, "sving": 0.04, "os": 0.0, "foss": 1.0, "juv": 0.0, "B": 0.59, "Q": 5.22, "w": 20.24, "h": 0.14, "S": 0.09402, "elv": "Valeåi", "km": 1.5}}, {"type": "Feature", "geometry": {"type": "LineString", "coordinates": [[8.40074, 59.61049], [8.40249, 59.61038]]}, "properties": {"P": 23.33, "tau": 131.55, "tau_c": 225.44, "omega": 241.73, "M": 0.58, "D": 0.06, "R": 0.29, "sving": 0.04, "os": 0.0, "foss": 1.0, "juv": 0.0, "B": 0.59, "Q": 5.24, "w": 20.37, "h": 0.14, "S": 0.09579, "elv": "Valeåi", "km": 1.6}}, {"type": "Feature", "geometry": {"type": "LineString", "coordinates": [[8.40249, 59.61038], [8.40419, 59.61013]]}, "properties": {"P": 17.75, "tau": 118.5, "tau_c": 209.65, "omega": 208.01, "M": 0.57, "D": 0.04, "R": 0.27, "sving": 0.01, "os": 0.0, "foss": 0.72, "juv": 0.0, "B": 0.59, "Q": 5.25, "w": 20.49, "h": 0.15, "S": 0.08285, "elv": "Valeåi", "km": 1.7}}, {"type": "Feature", "geometry": {"type": "LineString", "coordinates": [[8.40419, 59.61013], [8.4059, 59.60992]]}, "properties": {"P": 21.93, "tau": 136.73, "tau_c": 232.79, "omega": 255.15, "M": 0.59, "D": 0.0, "R": 0.29, "sving": 0.02, "os": 0.0, "foss": 1.0, "juv": 0.0, "B": 0.59, "Q": 5.25, "w": 20.62, "h": 0.14, "S": 0.10214, "elv": "Valeåi", "km": 1.8}}, {"type": "Feature", "geometry": {"type": "LineString", "coordinates": [[8.4059, 59.60992], [8.40766, 59.60984]]}, "properties": {"P": 22.18, "tau": 141.08, "tau_c": 238.03, "omega": 266.86, "M": 0.59, "D": 0.0, "R": 0.3, "sving": 0.02, "os": 0.0, "foss": 1.0, "juv": 0.0, "B": 0.59, "Q": 5.26, "w": 20.64, "h": 0.13, "S": 0.10679, "elv": "Valeåi", "km": 1.9}}, {"type": "Feature", "geometry": {"type": "LineString", "coordinates": [[8.40766, 59.60984], [8.40939, 59.60967]]}, "properties": {"P": 22.19, "tau": 129.24, "tau_c": 222.87, "omega": 235.6, "M": 0.58, "D": 0.0, "R": 0.29, "sving": 0.05, "os": 0.0, "foss": 1.0, "juv": 0.0, "B": 0.59, "Q": 5.26, "w": 20.51, "h": 0.14, "S": 0.09362, "elv": "Valeåi", "km": 2.0}}, {"type": "Feature", "geometry": {"type": "LineString", "coordinates": [[8.40939, 59.60967], [8.41112, 59.60948]]}, "properties": {"P": 22.93, "tau": 159.01, "tau_c": 257.66, "omega": 317.32, "M": 0.62, "D": 0.0, "R": 0.33, "sving": 0.02, "os": 0.0, "foss": 1.0, "juv": 0.0, "B": 0.59, "Q": 5.27, "w": 20.39, "h": 0.13, "S": 0.12513, "elv": "Valeåi", "km": 2.1}}, {"type": "Feature", "geometry": {"type": "LineString", "coordinates": [[8.41112, 59.60948], [8.41287, 59.60939]]}, "properties": {"P": 22.87, "tau": 158.43, "tau_c": 256.22, "omega": 315.96, "M": 0.62, "D": 0.01, "R": 0.34, "sving": 0.0, "os": 0.0, "foss": 1.0, "juv": 0.0, "B": 0.6, "Q": 5.27, "w": 20.26, "h": 0.13, "S": 0.12374, "elv": "Valeåi", "km": 2.2}}, {"type": "Feature", "geometry": {"type": "LineString", "coordinates": [[8.41287, 59.60939], [8.41461, 59.60926]]}, "properties": {"P": 25.3, "tau": 174.51, "tau_c": 261.41, "omega": 368.13, "M": 0.67, "D": 0.02, "R": 0.4, "sving": 0.04, "os": 0.0, "foss": 1.0, "juv": 0.0, "B": 0.6, "Q": 5.28, "w": 18.13, "h": 0.14, "S": 0.1288, "elv": "Valeåi", "km": 2.3}}, {"type": "Feature", "geometry": {"type": "LineString", "coordinates": [[8.41461, 59.60926], [8.41633, 59.6091]]}, "properties": {"P": 24.13, "tau": 149.46, "tau_c": 234.08, "omega": 294.81, "M": 0.64, "D": 0.03, "R": 0.36, "sving": 0.0, "os": 0.0, "foss": 1.0, "juv": 0.0, "B": 0.6, "Q": 5.29, "w": 18.17, "h": 0.15, "S": 0.10328, "elv": "Valeåi", "km": 2.4}}, {"type": "Feature", "geometry": {"type": "LineString", "coordinates": [[8.41633, 59.6091], [8.41806, 59.609]]}, "properties": {"P": 24.21, "tau": 145.97, "tau_c": 230.05, "omega": 285.07, "M": 0.63, "D": 0.04, "R": 0.36, "sving": 0.01, "os": 0.0, "foss": 1.0, "juv": 0.0, "B": 0.6, "Q": 5.34, "w": 18.33, "h": 0.15, "S": 0.09975, "elv": "Valeåi", "km": 2.5}}, {"type": "Feature", "geometry": {"type": "LineString", "coordinates": [[8.41806, 59.609], [8.41982, 59.60892]]}, "properties": {"P": 24.52, "tau": 159.37, "tau_c": 244.68, "omega": 323.42, "M": 0.65, "D": 0.03, "R": 0.38, "sving": 0.01, "os": 0.0, "foss": 1.0, "juv": 0.0, "B": 0.6, "Q": 5.36, "w": 18.33, "h": 0.14, "S": 0.11284, "elv": "Valeåi", "km": 2.6}}, {"type": "Feature", "geometry": {"type": "LineString", "coordinates": [[8.41982, 59.60892], [8.42156, 59.60877]]}, "properties": {"P": 23.81, "tau": 140.14, "tau_c": 223.07, "omega": 269.03, "M": 0.63, "D": 0.01, "R": 0.35, "sving": 0.03, "os": 0.0, "foss": 1.0, "juv": 0.0, "B": 0.6, "Q": 5.36, "w": 18.33, "h": 0.15, "S": 0.09379, "elv": "Valeåi", "km": 2.7}}, {"type": "Feature", "geometry": {"type": "LineString", "coordinates": [[8.43822, 59.62263], [8.43767, 59.62178]]}, "properties": {"P": 44.35, "tau": 145.75, "tau_c": 221.93, "omega": 288.32, "M": 0.66, "D": 0.0, "R": 0.39, "sving": 0.38, "os": 0.0, "foss": 1.0, "juv": 0.0, "B": 0.89, "Q": 7.52, "w": 23.74, "h": 0.16, "S": 0.09283, "elv": "Heiåi", "km": 0.0}}, {"type": "Feature", "geometry": {"type": "LineString", "coordinates": [[8.43767, 59.62178], [8.4378, 59.62091]]}, "properties": {"P": 43.19, "tau": 226.18, "tau_c": 303.83, "omega": 540.92, "M": 0.74, "D": 0.0, "R": 0.51, "sving": 0.13, "os": 0.0, "foss": 1.0, "juv": 0.0, "B": 0.9, "Q": 7.53, "w": 23.75, "h": 0.13, "S": 0.174, "elv": "Heiåi", "km": 0.1}}, {"type": "Feature", "geometry": {"type": "LineString", "coordinates": [[8.4378, 59.62091], [8.43813, 59.62006]]}, "properties": {"P": 37.58, "tau": 246.55, "tau_c": 317.54, "omega": 615.21, "M": 0.78, "D": 0.0, "R": 0.55, "sving": 0.09, "os": 0.0, "foss": 0.72, "juv": 0.0, "B": 0.9, "Q": 7.53, "w": 22.81, "h": 0.13, "S": 0.19005, "elv": "Heiåi", "km": 0.2}}, {"type": "Feature", "geometry": {"type": "LineString", "coordinates": [[8.43813, 59.62006], [8.43739, 59.61948]]}, "properties": {"P": 58.27, "tau": 249.29, "tau_c": 319.99, "omega": 625.09, "M": 0.78, "D": 0.0, "R": 0.55, "sving": 0.74, "os": 0.0, "foss": 1.0, "juv": 0.0, "B": 0.9, "Q": 7.54, "w": 22.83, "h": 0.13, "S": 0.19299, "elv": "Heiåi", "km": 0.3}}, {"type": "Feature", "geometry": {"type": "LineString", "coordinates": [[8.43739, 59.61948], [8.43726, 59.61871]]}, "properties": {"P": 57.19, "tau": 263.79, "tau_c": 327.17, "omega": 681.49, "M": 0.81, "D": 0.0, "R": 0.59, "sving": 0.63, "os": 0.0, "foss": 1.0, "juv": 0.0, "B": 0.9, "Q": 7.54, "w": 21.89, "h": 0.13, "S": 0.20175, "elv": "Heiåi", "km": 0.4}}, {"type": "Feature", "geometry": {"type": "LineString", "coordinates": [[8.43726, 59.61871], [8.4357, 59.61898]]}, "properties": {"P": 50.89, "tau": 253.67, "tau_c": 317.89, "omega": 644.56, "M": 0.8, "D": 0.02, "R": 0.58, "sving": 0.33, "os": 0.0, "foss": 1.0, "juv": 0.0, "B": 0.9, "Q": 7.55, "w": 21.89, "h": 0.14, "S": 0.19046, "elv": "Heiåi", "km": 0.5}}, {"type": "Feature", "geometry": {"type": "LineString", "coordinates": [[8.4357, 59.61898], [8.43395, 59.6189]]}, "properties": {"P": 54.9, "tau": 277.41, "tau_c": 332.42, "omega": 736.86, "M": 0.83, "D": 0.06, "R": 0.62, "sving": 0.39, "os": 0.0, "foss": 1.0, "juv": 0.0, "B": 0.9, "Q": 7.55, "w": 20.95, "h": 0.14, "S": 0.20828, "elv": "Heiåi", "km": 0.6}}, {"type": "Feature", "geometry": {"type": "LineString", "coordinates": [[8.43395, 59.6189], [8.4322, 59.61879]]}, "properties": {"P": 49.06, "tau": 224.5, "tau_c": 297.16, "omega": 537.9, "M": 0.76, "D": 0.06, "R": 0.52, "sving": 0.29, "os": 0.0, "foss": 1.0, "juv": 0.0, "B": 0.9, "Q": 7.56, "w": 22.95, "h": 0.14, "S": 0.16644, "elv": "Heiåi", "km": 0.7}}, {"type": "Feature", "geometry": {"type": "LineString", "coordinates": [[8.4322, 59.61879], [8.43062, 59.6184]]}, "properties": {"P": 44.03, "tau": 197.93, "tau_c": 276.87, "omega": 446.57, "M": 0.71, "D": 0.03, "R": 0.47, "sving": 0.18, "os": 0.0, "foss": 1.0, "juv": 0.0, "B": 0.9, "Q": 7.56, "w": 24.0, "h": 0.14, "S": 0.14448, "elv": "Heiåi", "km": 0.8}}, {"type": "Feature", "geometry": {"type": "LineString", "coordinates": [[8.63365, 59.6027], [8.63519, 59.6023]]}, "properties": {"P": 34.93, "tau": 140.82, "tau_c": 155.59, "omega": 304.0, "M": 0.91, "D": 0.0, "R": 0.7, "sving": 0.0, "os": 0.32, "foss": 0.51, "juv": 0.0, "B": 0.71, "Q": 16.55, "w": 24.37, "h": 0.31, "S": 0.04563, "elv": "Tiubekken", "km": 2.0}}, {"type": "Feature", "geometry": {"type": "LineString", "coordinates": [[8.58303, 59.6078], [8.58451, 59.60825]]}, "properties": {"P": 8.7, "tau": 107.78, "tau_c": 306.03, "omega": 156.27, "M": 0.35, "D": 0.01, "R": 0.05, "sving": 0.93, "os": 0.0, "foss": 0.0, "juv": 0.0, "B": 0.34, "Q": 0.66, "w": 7.32, "h": 0.06, "S": 0.17652, "elv": "bekk", "km": 0.0}}, {"type": "Feature", "geometry": {"type": "LineString", "coordinates": [[8.58451, 59.60825], [8.58617, 59.60824]]}, "properties": {"P": 16.73, "tau": 98.21, "tau_c": 286.21, "omega": 136.81, "M": 0.34, "D": 0.02, "R": 0.05, "sving": 0.28, "os": 0.0, "foss": 1.0, "juv": 0.0, "B": 0.5, "Q": 0.66, "w": 7.34, "h": 0.06, "S": 0.1544, "elv": "bekk", "km": 0.1}}, {"type": "Feature", "geometry": {"type": "LineString", "coordinates": [[8.58617, 59.60824], [8.58742, 59.6077]]}, "properties": {"P": 13.44, "tau": 100.88, "tau_c": 292.42, "omega": 142.07, "M": 0.34, "D": 0.02, "R": 0.05, "sving": 0.0, "os": 0.0, "foss": 1.0, "juv": 0.0, "B": 0.49, "Q": 0.66, "w": 7.38, "h": 0.06, "S": 0.16117, "elv": "bekk", "km": 0.2}}, {"type": "Feature", "geometry": {"type": "LineString", "coordinates": [[8.58742, 59.6077], [8.58917, 59.60769]]}, "properties": {"P": 13.66, "tau": 103.19, "tau_c": 295.3, "omega": 147.05, "M": 0.35, "D": 0.01, "R": 0.05, "sving": 0.03, "os": 0.0, "foss": 1.0, "juv": 0.0, "B": 0.5, "Q": 0.68, "w": 7.42, "h": 0.06, "S": 0.16436, "elv": "bekk", "km": 0.3}}, {"type": "Feature", "geometry": {"type": "LineString", "coordinates": [[8.58917, 59.60769], [8.59055, 59.60812]]}, "properties": {"P": 16.33, "tau": 120.54, "tau_c": 327.1, "omega": 184.26, "M": 0.37, "D": 0.0, "R": 0.06, "sving": 0.23, "os": 0.0, "foss": 1.0, "juv": 0.0, "B": 0.5, "Q": 0.7, "w": 7.47, "h": 0.06, "S": 0.20167, "elv": "bekk", "km": 0.4}}, {"type": "Feature", "geometry": {"type": "LineString", "coordinates": [[8.59055, 59.60812], [8.59231, 59.60818]]}, "properties": {"P": 16.29, "tau": 149.14, "tau_c": 364.2, "omega": 249.87, "M": 0.41, "D": 0.0, "R": 0.1, "sving": 0.18, "os": 0.0, "foss": 1.0, "juv": 0.0, "B": 0.5, "Q": 0.7, "w": 7.54, "h": 0.06, "S": 0.27443, "elv": "bekk", "km": 0.5}}, {"type": "Feature", "geometry": {"type": "LineString", "coordinates": [[8.59231, 59.60818], [8.59407, 59.6081]]}, "properties": {"P": 16.43, "tau": 136.95, "tau_c": 358.08, "omega": 221.33, "M": 0.38, "D": 0.0, "R": 0.07, "sving": 0.23, "os": 0.0, "foss": 1.0, "juv": 0.0, "B": 0.5, "Q": 0.71, "w": 7.59, "h": 0.06, "S": 0.24167, "elv": "bekk", "km": 0.6}}, {"type": "Feature", "geometry": {"type": "LineString", "coordinates": [[8.59407, 59.6081], [8.59559, 59.60769]]}, "properties": {"P": 14.1, "tau": 148.27, "tau_c": 364.2, "omega": 248.55, "M": 0.41, "D": 0.0, "R": 0.09, "sving": 0.0, "os": 0.0, "foss": 1.0, "juv": 0.0, "B": 0.5, "Q": 0.73, "w": 7.65, "h": 0.06, "S": 0.26712, "elv": "bekk", "km": 0.7}}, {"type": "Feature", "geometry": {"type": "LineString", "coordinates": [[8.59559, 59.60769], [8.59734, 59.60764]]}, "properties": {"P": 15.82, "tau": 156.17, "tau_c": 364.2, "omega": 267.72, "M": 0.43, "D": 0.0, "R": 0.11, "sving": 0.11, "os": 0.0, "foss": 1.0, "juv": 0.0, "B": 0.5, "Q": 0.73, "w": 7.7, "h": 0.06, "S": 0.28781, "elv": "bekk", "km": 0.8}}, {"type": "Feature", "geometry": {"type": "LineString", "coordinates": [[8.59734, 59.60764], [8.59911, 59.60769]]}, "properties": {"P": 17.57, "tau": 156.66, "tau_c": 364.2, "omega": 269.42, "M": 0.43, "D": 0.01, "R": 0.11, "sving": 0.24, "os": 0.0, "foss": 1.0, "juv": 0.0, "B": 0.5, "Q": 0.75, "w": 7.77, "h": 0.06, "S": 0.28589, "elv": "bekk", "km": 0.9}}, {"type": "Feature", "geometry": {"type": "LineString", "coordinates": [[8.59911, 59.60769], [8.60083, 59.60788]]}, "properties": {"P": 16.45, "tau": 161.37, "tau_c": 364.2, "omega": 281.22, "M": 0.44, "D": 0.03, "R": 0.13, "sving": 0.1, "os": 0.0, "foss": 1.0, "juv": 0.0, "B": 0.5, "Q": 0.75, "w": 7.82, "h": 0.06, "S": 0.2976, "elv": "bekk", "km": 1.0}}, {"type": "Feature", "geometry": {"type": "LineString", "coordinates": [[8.60083, 59.60788], [8.60257, 59.608]]}, "properties": {"P": 15.57, "tau": 144.77, "tau_c": 364.2, "omega": 241.12, "M": 0.4, "D": 0.06, "R": 0.09, "sving": 0.06, "os": 0.0, "foss": 1.0, "juv": 0.0, "B": 0.5, "Q": 0.77, "w": 7.88, "h": 0.06, "S": 0.25223, "elv": "bekk", "km": 1.1}}, {"type": "Feature", "geometry": {"type": "LineString", "coordinates": [[8.60257, 59.608], [8.60425, 59.60818]]}, "properties": {"P": 17.05, "tau": 138.86, "tau_c": 354.16, "omega": 227.35, "M": 0.39, "D": 0.07, "R": 0.08, "sving": 0.16, "os": 0.0, "foss": 1.0, "juv": 0.0, "B": 0.5, "Q": 0.78, "w": 7.94, "h": 0.06, "S": 0.23641, "elv": "bekk", "km": 1.2}}, {"type": "Feature", "geometry": {"type": "LineString", "coordinates": [[8.60425, 59.60818], [8.606, 59.6081]]}, "properties": {"P": 16.24, "tau": 133.52, "tau_c": 343.4, "omega": 215.15, "M": 0.39, "D": 0.09, "R": 0.08, "sving": 0.08, "os": 0.0, "foss": 1.0, "juv": 0.0, "B": 0.5, "Q": 0.79, "w": 8.0, "h": 0.06, "S": 0.22226, "elv": "bekk", "km": 1.3}}, {"type": "Feature", "geometry": {"type": "LineString", "coordinates": [[8.606, 59.6081], [8.60769, 59.60791]]}, "properties": {"P": 16.45, "tau": 120.35, "tau_c": 317.2, "omega": 185.7, "M": 0.38, "D": 0.11, "R": 0.07, "sving": 0.09, "os": 0.0, "foss": 1.0, "juv": 0.0, "B": 0.5, "Q": 0.8, "w": 8.05, "h": 0.06, "S": 0.18964, "elv": "bekk", "km": 1.4}}, {"type": "Feature", "geometry": {"type": "LineString", "coordinates": [[8.60769, 59.60791], [8.60944, 59.60783]]}, "properties": {"P": 16.0, "tau": 114.17, "tau_c": 306.0, "omega": 172.11, "M": 0.37, "D": 0.13, "R": 0.07, "sving": 0.02, "os": 0.0, "foss": 1.0, "juv": 0.0, "B": 0.5, "Q": 0.81, "w": 8.15, "h": 0.07, "S": 0.17649, "elv": "bekk", "km": 1.5}}, {"type": "Feature", "geometry": {"type": "LineString", "coordinates": [[8.60944, 59.60783], [8.61114, 59.60782]]}, "properties": {"P": 16.68, "tau": 93.92, "tau_c": 265.59, "omega": 130.21, "M": 0.35, "D": 0.18, "R": 0.06, "sving": 0.03, "os": 0.0, "foss": 1.0, "juv": 0.0, "B": 0.5, "Q": 0.82, "w": 8.24, "h": 0.07, "S": 0.13295, "elv": "bekk", "km": 1.6}}, {"type": "Feature", "geometry": {"type": "LineString", "coordinates": [[8.61114, 59.60782], [8.61283, 59.60778]]}, "properties": {"P": 19.72, "tau": 80.32, "tau_c": 232.49, "omega": 104.76, "M": 0.35, "D": 0.2, "R": 0.05, "sving": 0.25, "os": 0.0, "foss": 1.0, "juv": 0.0, "B": 0.5, "Q": 0.87, "w": 8.33, "h": 0.08, "S": 0.10188, "elv": "bekk", "km": 1.7}}, {"type": "Feature", "geometry": {"type": "LineString", "coordinates": [[8.61283, 59.60778], [8.61457, 59.60767]]}, "properties": {"P": 22.49, "tau": 66.78, "tau_c": 203.58, "omega": 80.42, "M": 0.33, "D": 0.25, "R": 0.04, "sving": 0.43, "os": 0.0, "foss": 1.0, "juv": 0.0, "B": 0.5, "Q": 0.89, "w": 8.44, "h": 0.09, "S": 0.07811, "elv": "bekk", "km": 1.8}}, {"type": "Feature", "geometry": {"type": "LineString", "coordinates": [[8.61457, 59.60767], [8.6159, 59.60811]]}, "properties": {"P": 16.02, "tau": 54.18, "tau_c": 175.19, "omega": 59.61, "M": 0.31, "D": 0.3, "R": 0.03, "sving": 0.13, "os": 0.0, "foss": 0.72, "juv": 0.0, "B": 0.5, "Q": 0.9, "w": 8.54, "h": 0.1, "S": 0.05785, "elv": "bekk", "km": 1.9}}, {"type": "Feature", "geometry": {"type": "LineString", "coordinates": [[8.62665, 59.60737], [8.62786, 59.60695]]}, "properties": {"P": 60.04, "tau": 247.39, "tau_c": 268.02, "omega": 654.82, "M": 0.92, "D": 0.01, "R": 0.72, "sving": 0.02, "os": 1.0, "foss": 1.0, "juv": 0.0, "B": 0.76, "Q": 16.3, "w": 33.07, "h": 0.19, "S": 0.1354, "elv": "bekk", "km": 0.0}}, {"type": "Feature", "geometry": {"type": "LineString", "coordinates": [[8.62786, 59.60695], [8.62885, 59.60634]]}, "properties": {"P": 55.59, "tau": 252.69, "tau_c": 267.53, "omega": 678.45, "M": 0.94, "D": 0.03, "R": 0.74, "sving": 0.05, "os": 0.66, "foss": 1.0, "juv": 0.0, "B": 0.76, "Q": 16.31, "w": 31.8, "h": 0.19, "S": 0.1349, "elv": "bekk", "km": 0.1}}, {"type": "Feature", "geometry": {"type": "LineString", "coordinates": [[8.62885, 59.60634], [8.63023, 59.60588]]}, "properties": {"P": 52.41, "tau": 223.22, "tau_c": 240.51, "omega": 571.1, "M": 0.93, "D": 0.05, "R": 0.73, "sving": 0.11, "os": 0.43, "foss": 1.0, "juv": 0.0, "B": 0.76, "Q": 16.31, "w": 30.54, "h": 0.21, "S": 0.10902, "elv": "bekk", "km": 0.2}}, {"type": "Feature", "geometry": {"type": "LineString", "coordinates": [[8.63023, 59.60588], [8.63149, 59.60533]]}, "properties": {"P": 48.09, "tau": 223.24, "tau_c": 240.51, "omega": 571.19, "M": 0.93, "D": 0.06, "R": 0.73, "sving": 0.01, "os": 0.27, "foss": 1.0, "juv": 0.0, "B": 0.76, "Q": 16.31, "w": 30.54, "h": 0.21, "S": 0.10902, "elv": "bekk", "km": 0.3}}, {"type": "Feature", "geometry": {"type": "LineString", "coordinates": [[8.63149, 59.60533], [8.63251, 59.60465]]}, "properties": {"P": 44.38, "tau": 227.77, "tau_c": 243.99, "omega": 587.86, "M": 0.93, "D": 0.08, "R": 0.73, "sving": 0.16, "os": 0.17, "foss": 0.72, "juv": 0.0, "B": 0.76, "Q": 16.31, "w": 30.54, "h": 0.21, "S": 0.11221, "elv": "bekk", "km": 0.4}}, {"type": "Feature", "geometry": {"type": "LineString", "coordinates": [[8.59315, 59.62286], [8.5935, 59.62226]]}, "properties": {"P": 26.78, "tau": 38.91, "tau_c": 76.49, "omega": 45.28, "M": 0.51, "D": 0.0, "R": 0.2, "sving": 0.44, "os": 0.78, "foss": 0.0, "juv": 0.0, "B": 0.71, "Q": 14.2, "w": 33.94, "h": 0.36, "S": 0.01103, "elv": "Hjartdøla", "km": 0.0}}, {"type": "Feature", "geometry": {"type": "LineString", "coordinates": [[8.5935, 59.62226], [8.59393, 59.6214]]}, "properties": {"P": 22.45, "tau": 57.8, "tau_c": 101.6, "omega": 79.85, "M": 0.57, "D": 0.0, "R": 0.27, "sving": 0.29, "os": 0.55, "foss": 0.0, "juv": 0.0, "B": 0.71, "Q": 14.21, "w": 33.96, "h": 0.3, "S": 0.01946, "elv": "Hjartdøla", "km": 0.1}}, {"type": "Feature", "geometry": {"type": "LineString", "coordinates": [[8.59393, 59.6214], [8.59524, 59.62084]]}, "properties": {"P": 31.73, "tau": 80.54, "tau_c": 123.85, "omega": 129.91, "M": 0.65, "D": 0.0, "R": 0.38, "sving": 0.3, "os": 0.89, "foss": 0.0, "juv": 0.0, "B": 0.71, "Q": 14.28, "w": 31.18, "h": 0.28, "S": 0.02891, "elv": "Hjartdøla", "km": 0.2}}, {"type": "Feature", "geometry": {"type": "LineString", "coordinates": [[8.59524, 59.62084], [8.59654, 59.62027]]}, "properties": {"P": 45.74, "tau": 104.69, "tau_c": 149.45, "omega": 189.15, "M": 0.7, "D": 0.0, "R": 0.45, "sving": 0.18, "os": 0.69, "foss": 1.0, "juv": 0.0, "B": 0.71, "Q": 14.29, "w": 31.2, "h": 0.25, "S": 0.0421, "elv": "Hjartdøla", "km": 0.3}}, {"type": "Feature", "geometry": {"type": "LineString", "coordinates": [[8.59654, 59.62027], [8.5981, 59.61985]]}, "properties": {"P": 41.24, "tau": 126.64, "tau_c": 171.29, "omega": 248.43, "M": 0.74, "D": 0.0, "R": 0.5, "sving": 0.1, "os": 0.42, "foss": 1.0, "juv": 0.0, "B": 0.72, "Q": 14.3, "w": 31.23, "h": 0.23, "S": 0.0553, "elv": "Hjartdøla", "km": 0.4}}, {"type": "Feature", "geometry": {"type": "LineString", "coordinates": [[8.5981, 59.61985], [8.59919, 59.61925]]}, "properties": {"P": 40.8, "tau": 148.68, "tau_c": 192.13, "omega": 312.6, "M": 0.77, "D": 0.0, "R": 0.54, "sving": 0.16, "os": 0.26, "foss": 1.0, "juv": 0.0, "B": 0.72, "Q": 14.31, "w": 31.24, "h": 0.22, "S": 0.06957, "elv": "Hjartdøla", "km": 0.5}}, {"type": "Feature", "geometry": {"type": "LineString", "coordinates": [[8.59919, 59.61925], [8.60076, 59.61887]]}, "properties": {"P": 40.22, "tau": 169.78, "tau_c": 211.27, "omega": 378.06, "M": 0.8, "D": 0.0, "R": 0.58, "sving": 0.15, "os": 0.17, "foss": 1.0, "juv": 0.0, "B": 0.72, "Q": 14.31, "w": 31.25, "h": 0.21, "S": 0.08413, "elv": "Hjartdøla", "km": 0.6}}, {"type": "Feature", "geometry": {"type": "LineString", "coordinates": [[8.60076, 59.61887], [8.60243, 59.61862]]}, "properties": {"P": 41.94, "tau": 166.8, "tau_c": 216.48, "omega": 364.53, "M": 0.77, "D": 0.01, "R": 0.54, "sving": 0.36, "os": 0.1, "foss": 1.0, "juv": 0.0, "B": 0.72, "Q": 14.33, "w": 34.06, "h": 0.19, "S": 0.08833, "elv": "Hjartdøla", "km": 0.7}}, {"type": "Feature", "geometry": {"type": "LineString", "coordinates": [[8.60243, 59.61862], [8.60417, 59.61855]]}, "properties": {"P": 39.29, "tau": 164.45, "tau_c": 214.3, "omega": 357.18, "M": 0.77, "D": 0.04, "R": 0.54, "sving": 0.2, "os": 0.09, "foss": 1.0, "juv": 0.0, "B": 0.72, "Q": 14.33, "w": 34.07, "h": 0.19, "S": 0.08656, "elv": "Hjartdøla", "km": 0.8}}, {"type": "Feature", "geometry": {"type": "LineString", "coordinates": [[8.60417, 59.61855], [8.60591, 59.61866]]}, "properties": {"P": 38.07, "tau": 155.02, "tau_c": 203.26, "omega": 329.28, "M": 0.76, "D": 0.06, "R": 0.53, "sving": 0.05, "os": 0.14, "foss": 1.0, "juv": 0.0, "B": 0.72, "Q": 14.34, "w": 33.26, "h": 0.2, "S": 0.07787, "elv": "Hjartdøla", "km": 0.9}}, {"type": "Feature", "geometry": {"type": "LineString", "coordinates": [[8.60591, 59.61866], [8.60764, 59.61874]]}, "properties": {"P": 38.42, "tau": 142.83, "tau_c": 192.01, "omega": 292.72, "M": 0.74, "D": 0.05, "R": 0.51, "sving": 0.03, "os": 0.23, "foss": 1.0, "juv": 0.0, "B": 0.72, "Q": 14.34, "w": 33.41, "h": 0.21, "S": 0.06949, "elv": "Hjartdøla", "km": 1.0}}, {"type": "Feature", "geometry": {"type": "LineString", "coordinates": [[8.60764, 59.61874], [8.60936, 59.61861]]}, "properties": {"P": 41.78, "tau": 137.61, "tau_c": 187.28, "omega": 277.38, "M": 0.73, "D": 0.03, "R": 0.49, "sving": 0.13, "os": 0.37, "foss": 1.0, "juv": 0.0, "B": 0.72, "Q": 14.35, "w": 33.55, "h": 0.21, "S": 0.06611, "elv": "Hjartdøla", "km": 1.1}}, {"type": "Feature", "geometry": {"type": "LineString", "coordinates": [[8.60936, 59.61861], [8.61109, 59.61846]]}, "properties": {"P": 50.84, "tau": 149.67, "tau_c": 188.12, "omega": 318.12, "M": 0.8, "D": 0.0, "R": 0.57, "sving": 0.3, "os": 0.61, "foss": 1.0, "juv": 0.0, "B": 0.72, "Q": 14.94, "w": 30.73, "h": 0.23, "S": 0.0667, "elv": "Hjartdøla", "km": 1.2}}, {"type": "Feature", "geometry": {"type": "LineString", "coordinates": [[8.61109, 59.61846], [8.61279, 59.61825]]}, "properties": {"P": 56.84, "tau": 148.31, "tau_c": 179.18, "omega": 317.82, "M": 0.83, "D": -0.0, "R": 0.61, "sving": 0.19, "os": 1.0, "foss": 1.0, "juv": 0.0, "B": 0.72, "Q": 14.95, "w": 27.92, "h": 0.25, "S": 0.06052, "elv": "Hjartdøla", "km": 1.3}}, {"type": "Feature", "geometry": {"type": "LineString", "coordinates": [[8.61279, 59.61825], [8.61409, 59.61769]]}, "properties": {"P": 52.38, "tau": 155.03, "tau_c": 178.82, "omega": 341.89, "M": 0.87, "D": -0.0, "R": 0.66, "sving": 0.25, "os": 0.61, "foss": 1.0, "juv": 0.0, "B": 0.72, "Q": 14.99, "w": 25.92, "h": 0.26, "S": 0.06027, "elv": "Hjartdøla", "km": 1.4}}, {"type": "Feature", "geometry": {"type": "LineString", "coordinates": [[8.61409, 59.61769], [8.61548, 59.61714]]}, "properties": {"P": 53.33, "tau": 172.6, "tau_c": 175.78, "omega": 408.91, "M": 0.98, "D": -0.0, "R": 0.78, "sving": 0.3, "os": 0.39, "foss": 1.0, "juv": 0.03, "B": 0.73, "Q": 15.0, "w": 20.96, "h": 0.3, "S": 0.05824, "elv": "Hjartdøla", "km": 1.5}}, {"type": "Feature", "geometry": {"type": "LineString", "coordinates": [[8.61548, 59.61714], [8.61665, 59.61648]]}, "properties": {"P": 51.63, "tau": 206.4, "tau_c": 186.69, "omega": 537.65, "M": 1.11, "D": -0.0, "R": 0.88, "sving": 0.19, "os": 0.24, "foss": 1.0, "juv": 0.03, "B": 0.73, "Q": 15.02, "w": 18.0, "h": 0.32, "S": 0.06569, "elv": "Hjartdøla", "km": 1.6}}, {"type": "Feature", "geometry": {"type": "LineString", "coordinates": [[8.61665, 59.61648], [8.61755, 59.61572]]}, "properties": {"P": 51.23, "tau": 224.04, "tau_c": 211.92, "omega": 594.64, "M": 1.06, "D": -0.0, "R": 0.84, "sving": 0.31, "os": 0.15, "foss": 1.0, "juv": 0.03, "B": 0.73, "Q": 15.03, "w": 20.98, "h": 0.27, "S": 0.08465, "elv": "Hjartdøla", "km": 1.7}}, {"type": "Feature", "geometry": {"type": "LineString", "coordinates": [[8.61755, 59.61572], [8.61815, 59.61493]]}, "properties": {"P": 46.76, "tau": 209.18, "tau_c": 209.97, "omega": 533.17, "M": 1.0, "D": -0.0, "R": 0.79, "sving": 0.19, "os": 0.09, "foss": 1.0, "juv": 0.03, "B": 0.73, "Q": 15.03, "w": 22.98, "h": 0.26, "S": 0.08309, "elv": "Hjartdøla", "km": 1.8}}, {"type": "Feature", "geometry": {"type": "LineString", "coordinates": [[8.61815, 59.61493], [8.61829, 59.6141]]}, "properties": {"P": 44.7, "tau": 249.27, "tau_c": 251.18, "omega": 675.33, "M": 0.99, "D": -0.0, "R": 0.79, "sving": 0.11, "os": 0.06, "foss": 1.0, "juv": 0.03, "B": 0.73, "Q": 15.05, "w": 26.0, "h": 0.21, "S": 0.11892, "elv": "Hjartdøla", "km": 1.9}}, {"type": "Feature", "geometry": {"type": "LineString", "coordinates": [[8.61829, 59.6141], [8.61866, 59.61327]]}, "properties": {"P": 41.22, "tau": 268.02, "tau_c": 285.47, "omega": 732.7, "M": 0.94, "D": -0.0, "R": 0.74, "sving": 0.02, "os": 0.05, "foss": 1.0, "juv": 0.0, "B": 0.73, "Q": 15.08, "w": 31.02, "h": 0.18, "S": 0.1536, "elv": "Hjartdøla", "km": 2.0}}, {"type": "Feature", "geometry": {"type": "LineString", "coordinates": [[8.61866, 59.61327], [8.61908, 59.61241]]}, "properties": {"P": 42.47, "tau": 299.03, "tau_c": 320.5, "omega": 847.32, "M": 0.93, "D": -0.0, "R": 0.73, "sving": 0.06, "os": 0.09, "foss": 1.0, "juv": 0.0, "B": 0.73, "Q": 15.19, "w": 34.04, "h": 0.16, "S": 0.19361, "elv": "Hjartdøla", "km": 2.1}}, {"type": "Feature", "geometry": {"type": "LineString", "coordinates": [[8.61908, 59.61241], [8.6198, 59.6116]]}, "properties": {"P": 46.46, "tau": 303.39, "tau_c": 311.0, "omega": 875.77, "M": 0.98, "D": 0.02, "R": 0.77, "sving": 0.13, "os": 0.14, "foss": 1.0, "juv": 0.0, "B": 0.73, "Q": 15.21, "w": 31.06, "h": 0.17, "S": 0.1823, "elv": "Hjartdøla", "km": 2.2}}, {"type": "Feature", "geometry": {"type": "LineString", "coordinates": [[8.6198, 59.6116], [8.62024, 59.61075]]}, "properties": {"P": 50.05, "tau": 269.39, "tau_c": 289.63, "omega": 735.72, "M": 0.93, "D": 0.07, "R": 0.73, "sving": 0.25, "os": 0.22, "foss": 1.0, "juv": 0.0, "B": 0.74, "Q": 15.22, "w": 32.09, "h": 0.17, "S": 0.15811, "elv": "Hjartdøla", "km": 2.3}}, {"type": "Feature", "geometry": {"type": "LineString", "coordinates": [[8.62024, 59.61075], [8.62004, 59.60992]]}, "properties": {"P": 47.09, "tau": 258.79, "tau_c": 281.33, "omega": 694.7, "M": 0.92, "D": 0.14, "R": 0.72, "sving": 0.16, "os": 0.35, "foss": 0.72, "juv": 0.0, "B": 0.74, "Q": 15.24, "w": 32.11, "h": 0.18, "S": 0.14918, "elv": "Hjartdøla", "km": 2.4}}, {"type": "Feature", "geometry": {"type": "LineString", "coordinates": [[8.62004, 59.60992], [8.61934, 59.60913]]}, "properties": {"P": 58.04, "tau": 210.4, "tau_c": 243.26, "omega": 516.15, "M": 0.86, "D": 0.25, "R": 0.66, "sving": 0.24, "os": 0.55, "foss": 1.0, "juv": 0.0, "B": 0.74, "Q": 15.26, "w": 32.35, "h": 0.19, "S": 0.11153, "elv": "Hjartdøla", "km": 2.5}}, {"type": "Feature", "geometry": {"type": "LineString", "coordinates": [[8.61934, 59.60913], [8.62059, 59.60858]]}, "properties": {"P": 67.5, "tau": 152.56, "tau_c": 193.78, "omega": 325.5, "M": 0.79, "D": 0.32, "R": 0.56, "sving": 0.5, "os": 0.86, "foss": 1.0, "juv": 0.0, "B": 0.74, "Q": 15.27, "w": 32.58, "h": 0.22, "S": 0.07077, "elv": "Hjartdøla", "km": 2.6}}, {"type": "Feature", "geometry": {"type": "LineString", "coordinates": [[8.62059, 59.60858], [8.62186, 59.60806]]}, "properties": {"P": 61.18, "tau": 79.12, "tau_c": 117.87, "omega": 128.16, "M": 0.67, "D": 0.37, "R": 0.41, "sving": 0.75, "os": 0.71, "foss": 0.72, "juv": 0.0, "B": 0.75, "Q": 16.26, "w": 32.58, "h": 0.31, "S": 0.02619, "elv": "Hjartdøla", "km": 2.7}}, {"type": "Feature", "geometry": {"type": "LineString", "coordinates": [[8.62186, 59.60806], [8.62351, 59.60774]]}, "properties": {"P": 42.09, "tau": 83.77, "tau_c": 123.17, "omega": 138.97, "M": 0.68, "D": 0.28, "R": 0.42, "sving": 0.27, "os": 0.45, "foss": 0.51, "juv": 0.0, "B": 0.75, "Q": 16.26, "w": 32.82, "h": 0.3, "S": 0.02859, "elv": "Hjartdøla", "km": 2.8}}, {"type": "Feature", "geometry": {"type": "LineString", "coordinates": [[8.62351, 59.60774], [8.62525, 59.60775]]}, "properties": {"P": 36.84, "tau": 73.95, "tau_c": 112.85, "omega": 116.16, "M": 0.66, "D": 0.2, "R": 0.39, "sving": 0.34, "os": 0.4, "foss": 0.37, "juv": 0.0, "B": 0.75, "Q": 16.3, "w": 33.05, "h": 0.31, "S": 0.024, "elv": "Hjartdøla", "km": 2.9}}, {"type": "Feature", "geometry": {"type": "LineString", "coordinates": [[8.17705, 59.43318], [8.17667, 59.43233]]}, "properties": {"P": 35.99, "tau": 300.2, "tau_c": 326.98, "omega": 842.34, "M": 0.92, "D": 0.0, "R": 0.72, "sving": 0.3, "os": 0.0, "foss": 1.0, "juv": 0.0, "B": 0.59, "Q": 7.2, "w": 16.9, "h": 0.15, "S": 0.20152, "elv": "bekk", "km": 0.2}}, {"type": "Feature", "geometry": {"type": "LineString", "coordinates": [[8.01673, 59.45303], [8.01591, 59.45234]]}, "properties": {"P": 18.06, "tau": 86.74, "tau_c": 260.04, "omega": 114.59, "M": 0.33, "D": 0.0, "R": 0.04, "sving": 0.23, "os": 0.44, "foss": 1.0, "juv": 0.0, "B": 0.42, "Q": 0.61, "w": 6.6, "h": 0.07, "S": 0.12746, "elv": "bekk", "km": 0.2}}, {"type": "Feature", "geometry": {"type": "LineString", "coordinates": [[8.0118, 59.4455], [8.01352, 59.44539]]}, "properties": {"P": 51.24, "tau": 56.32, "tau_c": 49.94, "omega": 96.89, "M": 1.13, "D": 0.0, "R": 0.89, "sving": 0.01, "os": 1.0, "foss": 0.0, "juv": 0.0, "B": 0.84, "Q": 284.71, "w": 135.49, "h": 1.22, "S": 0.0047, "elv": "bekk", "km": 0.0}}, {"type": "Feature", "geometry": {"type": "LineString", "coordinates": [[8.01352, 59.44539], [8.01495, 59.44499]]}, "properties": {"P": 44.9, "tau": 60.96, "tau_c": 49.94, "omega": 110.26, "M": 1.22, "D": 0.0, "R": 0.94, "sving": 0.01, "os": 0.61, "foss": 0.0, "juv": 0.0, "B": 0.84, "Q": 284.84, "w": 119.12, "h": 1.32, "S": 0.0047, "elv": "bekk", "km": 0.1}}, {"type": "Feature", "geometry": {"type": "LineString", "coordinates": [[8.01495, 59.44499], [8.01653, 59.44487]]}, "properties": {"P": 41.72, "tau": 66.78, "tau_c": 49.94, "omega": 127.83, "M": 1.34, "D": 0.0, "R": 0.98, "sving": 0.01, "os": 0.39, "foss": 0.0, "juv": 0.0, "B": 0.84, "Q": 284.86, "w": 102.75, "h": 1.45, "S": 0.0047, "elv": "bekk", "km": 0.2}}, {"type": "Feature", "geometry": {"type": "LineString", "coordinates": [[8.00281, 59.43033], [8.002, 59.4311]]}, "properties": {"P": 18.84, "tau": 133.79, "tau_c": 351.86, "omega": 214.11, "M": 0.38, "D": 0.0, "R": 0.07, "sving": 0.49, "os": 0.17, "foss": 1.0, "juv": 0.0, "B": 0.43, "Q": 0.71, "w": 7.61, "h": 0.06, "S": 0.23335, "elv": "bekk", "km": 0.0}}, {"type": "Feature", "geometry": {"type": "LineString", "coordinates": [[8.002, 59.4311], [8.00139, 59.43192]]}, "properties": {"P": 20.06, "tau": 135.81, "tau_c": 355.4, "omega": 218.8, "M": 0.38, "D": 0.0, "R": 0.07, "sving": 0.52, "os": 0.25, "foss": 1.0, "juv": 0.0, "B": 0.43, "Q": 0.71, "w": 7.63, "h": 0.06, "S": 0.23807, "elv": "bekk", "km": 0.1}}, {"type": "Feature", "geometry": {"type": "LineString", "coordinates": [[8.00139, 59.43192], [8.00166, 59.43278]]}, "properties": {"P": 18.97, "tau": 135.97, "tau_c": 354.33, "omega": 219.44, "M": 0.38, "D": 0.0, "R": 0.08, "sving": 0.31, "os": 0.35, "foss": 1.0, "juv": 0.0, "B": 0.43, "Q": 0.72, "w": 7.65, "h": 0.06, "S": 0.23663, "elv": "bekk", "km": 0.2}}, {"type": "Feature", "geometry": {"type": "LineString", "coordinates": [[8.00166, 59.43278], [8.00256, 59.43354]]}, "properties": {"P": 18.89, "tau": 154.83, "tau_c": 364.2, "omega": 264.52, "M": 0.43, "D": 0.0, "R": 0.11, "sving": 0.28, "os": 0.31, "foss": 1.0, "juv": 0.0, "B": 0.43, "Q": 0.73, "w": 7.68, "h": 0.06, "S": 0.28364, "elv": "bekk", "km": 0.3}}, {"type": "Feature", "geometry": {"type": "LineString", "coordinates": [[8.00256, 59.43354], [8.00315, 59.43438]]}, "properties": {"P": 17.43, "tau": 164.02, "tau_c": 364.2, "omega": 287.34, "M": 0.45, "D": 0.0, "R": 0.13, "sving": 0.08, "os": 0.33, "foss": 1.0, "juv": 0.0, "B": 0.43, "Q": 0.73, "w": 7.71, "h": 0.05, "S": 0.30788, "elv": "bekk", "km": 0.4}}, {"type": "Feature", "geometry": {"type": "LineString", "coordinates": [[8.00315, 59.43438], [8.0038, 59.4352]]}, "properties": {"P": 19.95, "tau": 169.62, "tau_c": 364.2, "omega": 301.72, "M": 0.47, "D": 0.0, "R": 0.15, "sving": 0.08, "os": 0.55, "foss": 1.0, "juv": 0.0, "B": 0.44, "Q": 0.74, "w": 7.73, "h": 0.05, "S": 0.32153, "elv": "bekk", "km": 0.5}}, {"type": "Feature", "geometry": {"type": "LineString", "coordinates": [[7.99772, 59.43226], [7.9992, 59.43274]]}, "properties": {"P": 23.43, "tau": 105.47, "tau_c": 331.17, "omega": 146.99, "M": 0.32, "D": 0.0, "R": 0.04, "sving": 0.29, "os": 1.0, "foss": 1.0, "juv": 0.0, "B": 0.41, "Q": 0.5, "w": 6.88, "h": 0.05, "S": 0.20672, "elv": "bekk", "km": 0.0}}, {"type": "Feature", "geometry": {"type": "LineString", "coordinates": [[7.9992, 59.43274], [8.00032, 59.43341]]}, "properties": {"P": 20.64, "tau": 141.44, "tau_c": 353.85, "omega": 234.2, "M": 0.4, "D": 0.0, "R": 0.09, "sving": 0.16, "os": 0.61, "foss": 1.0, "juv": 0.0, "B": 0.44, "Q": 0.72, "w": 7.15, "h": 0.06, "S": 0.23599, "elv": "bekk", "km": 0.1}}, {"type": "Feature", "geometry": {"type": "LineString", "coordinates": [[8.00032, 59.43341], [8.00134, 59.43414]]}, "properties": {"P": 17.72, "tau": 160.09, "tau_c": 364.2, "omega": 278.51, "M": 0.44, "D": 0.0, "R": 0.12, "sving": 0.03, "os": 0.38, "foss": 1.0, "juv": 0.0, "B": 0.45, "Q": 0.73, "w": 7.42, "h": 0.06, "S": 0.29002, "elv": "bekk", "km": 0.2}}, {"type": "Feature", "geometry": {"type": "LineString", "coordinates": [[8.00134, 59.43414], [8.00244, 59.43483]]}, "properties": {"P": 17.98, "tau": 157.4, "tau_c": 364.2, "omega": 270.89, "M": 0.43, "D": 0.0, "R": 0.12, "sving": 0.08, "os": 0.34, "foss": 1.0, "juv": 0.0, "B": 0.46, "Q": 0.73, "w": 7.7, "h": 0.06, "S": 0.29002, "elv": "bekk", "km": 0.3}}, {"type": "Feature", "geometry": {"type": "LineString", "coordinates": [[8.00244, 59.43483], [8.00381, 59.43537]]}, "properties": {"P": 22.04, "tau": 168.88, "tau_c": 364.2, "omega": 299.72, "M": 0.46, "D": 0.0, "R": 0.15, "sving": 0.15, "os": 0.56, "foss": 1.0, "juv": 0.0, "B": 0.46, "Q": 0.74, "w": 7.73, "h": 0.05, "S": 0.32026, "elv": "bekk", "km": 0.4}}, {"type": "Feature", "geometry": {"type": "LineString", "coordinates": [[7.9842, 59.48917], [7.9826, 59.48903]]}, "properties": {"P": 15.4, "tau": 110.54, "tau_c": 364.2, "omega": 150.61, "M": 0.3, "D": 0.0, "R": 0.03, "sving": 0.61, "os": 0.0, "foss": 1.0, "juv": 0.0, "B": 0.38, "Q": 0.32, "w": 6.0, "h": 0.04, "S": 0.28816, "elv": "Molandsbekken", "km": 0.8}}, {"type": "Feature", "geometry": {"type": "LineString", "coordinates": [[7.9826, 59.48903], [7.98121, 59.48957]]}, "properties": {"P": 16.51, "tau": 136.17, "tau_c": 364.2, "omega": 203.0, "M": 0.37, "D": 0.0, "R": 0.07, "sving": 0.67, "os": 0.0, "foss": 1.0, "juv": 0.0, "B": 0.38, "Q": 0.32, "w": 6.0, "h": 0.04, "S": 0.38839, "elv": "Molandsbekken", "km": 0.9}}, {"type": "Feature", "geometry": {"type": "LineString", "coordinates": [[7.98121, 59.48957], [7.9801, 59.49026]]}, "properties": {"P": 14.32, "tau": 152.57, "tau_c": 364.2, "omega": 238.9, "M": 0.42, "D": 0.07, "R": 0.1, "sving": 0.28, "os": 0.0, "foss": 1.0, "juv": 0.0, "B": 0.38, "Q": 0.32, "w": 6.0, "h": 0.03, "S": 0.45707, "elv": "Molandsbekken", "km": 1.0}}, {"type": "Feature", "geometry": {"type": "LineString", "coordinates": [[7.9801, 59.49026], [7.9789, 59.49092]]}, "properties": {"P": 15.23, "tau": 161.04, "tau_c": 364.2, "omega": 258.09, "M": 0.44, "D": 0.19, "R": 0.13, "sving": 0.19, "os": 0.0, "foss": 1.0, "juv": 0.0, "B": 0.38, "Q": 0.32, "w": 6.0, "h": 0.03, "S": 0.49378, "elv": "Molandsbekken", "km": 1.1}}, {"type": "Feature", "geometry": {"type": "LineString", "coordinates": [[8.01824, 59.6017], [8.01735, 59.60241]]}, "properties": {"P": 64.55, "tau": 773.95, "tau_c": 301.44, "omega": 4187.49, "M": 2.57, "D": 0.0, "R": 0.67, "sving": 0.55, "os": 0.63, "foss": 1.0, "juv": 0.07, "B": 0.79, "Q": 110.38, "w": 44.29, "h": 0.46, "S": 0.17126, "elv": "bekk", "km": 0.1}}, {"type": "Feature", "geometry": {"type": "LineString", "coordinates": [[8.55148, 59.58596], [8.55285, 59.5859]]}, "properties": {"P": 39.98, "tau": 54.75, "tau_c": 138.21, "omega": 65.73, "M": 0.4, "D": 0.0, "R": 0.09, "sving": 0.4, "os": 1.0, "foss": 1.0, "juv": 0.0, "B": 0.64, "Q": 2.85, "w": 15.3, "h": 0.16, "S": 0.036, "elv": "bekk", "km": 0.0}}, {"type": "Feature", "geometry": {"type": "LineString", "coordinates": [[8.55285, 59.5859], [8.55426, 59.58538]]}, "properties": {"P": 30.81, "tau": 55.84, "tau_c": 138.21, "omega": 67.92, "M": 0.4, "D": 0.0, "R": 0.09, "sving": 0.4, "os": 0.68, "foss": 0.72, "juv": 0.0, "B": 0.65, "Q": 2.95, "w": 15.35, "h": 0.16, "S": 0.036, "elv": "bekk", "km": 0.1}}, {"type": "Feature", "geometry": {"type": "LineString", "coordinates": [[8.12025, 59.4781], [8.12197, 59.47797]]}, "properties": {"P": 16.09, "tau": 70.45, "tau_c": 217.32, "omega": 85.86, "M": 0.32, "D": 0.0, "R": 0.04, "sving": 0.24, "os": 0.23, "foss": 1.0, "juv": 0.0, "B": 0.43, "Q": 0.67, "w": 6.85, "h": 0.08, "S": 0.08901, "elv": "bekk", "km": 0.1}}, {"type": "Feature", "geometry": {"type": "LineString", "coordinates": [[8.12197, 59.47797], [8.1237, 59.47792]]}, "properties": {"P": 17.68, "tau": 69.02, "tau_c": 217.32, "omega": 83.05, "M": 0.32, "D": 0.01, "R": 0.04, "sving": 0.24, "os": 0.37, "foss": 1.0, "juv": 0.0, "B": 0.43, "Q": 0.68, "w": 7.13, "h": 0.08, "S": 0.08901, "elv": "bekk", "km": 0.2}}, {"type": "Feature", "geometry": {"type": "LineString", "coordinates": [[7.95995, 59.57035], [7.95945, 59.56956]]}, "properties": {"P": 52.23, "tau": 805.91, "tau_c": 316.63, "omega": 4412.49, "M": 2.55, "D": 0.0, "R": 0.68, "sving": 0.23, "os": 0.39, "foss": 1.0, "juv": 0.01, "B": 0.77, "Q": 109.79, "w": 46.12, "h": 0.43, "S": 0.18896, "elv": "bekk", "km": 0.2}}, {"type": "Feature", "geometry": {"type": "LineString", "coordinates": [[8.2005, 59.49485], [8.19948, 59.49414]]}, "properties": {"P": 41.08, "tau": 85.55, "tau_c": 106.18, "omega": 149.85, "M": 0.81, "D": 0.0, "R": 0.58, "sving": 0.34, "os": 0.25, "foss": 1.0, "juv": 0.0, "B": 0.65, "Q": 18.36, "w": 25.54, "h": 0.41, "S": 0.02125, "elv": "bekk", "km": 0.2}}, {"type": "Feature", "geometry": {"type": "LineString", "coordinates": [[8.45878, 59.38252], [8.46019, 59.38202]]}, "properties": {"P": 9.96, "tau": 5.05, "tau_c": 11.65, "omega": 3.12, "M": 0.43, "D": 0.03, "R": 0.12, "sving": 0.26, "os": 0.26, "foss": 0.0, "juv": 0.0, "B": 0.54, "Q": 305.64, "w": 96.0, "h": 5.14, "S": 0.0001, "elv": "Strauman", "km": 0.0}}, {"type": "Feature", "geometry": {"type": "LineString", "coordinates": [[8.46019, 59.38202], [8.46188, 59.38179]]}, "properties": {"P": 14.56, "tau": 4.63, "tau_c": 11.65, "omega": 2.74, "M": 0.4, "D": 0.06, "R": 0.09, "sving": 0.17, "os": 0.17, "foss": 0.0, "juv": 0.0, "B": 1.05, "Q": 305.67, "w": 109.48, "h": 4.72, "S": 0.0001, "elv": "Strauman", "km": 0.1}}, {"type": "Feature", "geometry": {"type": "LineString", "coordinates": [[8.46188, 59.38179], [8.46358, 59.38156]]}, "properties": {"P": 14.87, "tau": 4.29, "tau_c": 11.65, "omega": 2.44, "M": 0.37, "D": 0.09, "R": 0.06, "sving": 0.13, "os": 0.21, "foss": 0.0, "juv": 0.0, "B": 1.05, "Q": 305.67, "w": 122.96, "h": 4.38, "S": 0.0001, "elv": "Strauman", "km": 0.2}}, {"type": "Feature", "geometry": {"type": "LineString", "coordinates": [[8.46358, 59.38156], [8.46528, 59.38133]]}, "properties": {"P": 14.01, "tau": 4.02, "tau_c": 11.65, "omega": 2.2, "M": 0.34, "D": 0.1, "R": 0.05, "sving": 0.0, "os": 0.33, "foss": 0.0, "juv": 0.0, "B": 1.05, "Q": 305.9, "w": 136.45, "h": 4.1, "S": 0.0001, "elv": "Strauman", "km": 0.3}}, {"type": "Feature", "geometry": {"type": "LineString", "coordinates": [[8.46528, 59.38133], [8.46698, 59.38109]]}, "properties": {"P": 17.9, "tau": 3.82, "tau_c": 11.65, "omega": 2.03, "M": 0.33, "D": 0.07, "R": 0.04, "sving": 0.05, "os": 0.48, "foss": 0.0, "juv": 0.0, "B": 1.05, "Q": 305.91, "w": 147.93, "h": 3.89, "S": 0.0001, "elv": "Strauman", "km": 0.4}}, {"type": "Feature", "geometry": {"type": "LineString", "coordinates": [[8.46698, 59.38109], [8.46867, 59.38086]]}, "properties": {"P": 21.57, "tau": 3.67, "tau_c": 11.65, "omega": 1.91, "M": 0.32, "D": 0.05, "R": 0.03, "sving": 0.17, "os": 0.54, "foss": 0.0, "juv": 0.0, "B": 1.05, "Q": 305.92, "w": 157.41, "h": 3.74, "S": 0.0001, "elv": "Strauman", "km": 0.5}}, {"type": "Feature", "geometry": {"type": "LineString", "coordinates": [[8.46867, 59.38086], [8.47029, 59.38052]]}, "properties": {"P": 22.47, "tau": 3.67, "tau_c": 11.65, "omega": 1.91, "M": 0.32, "D": 0.02, "R": 0.03, "sving": 0.24, "os": 0.55, "foss": 0.0, "juv": 0.0, "B": 1.05, "Q": 305.92, "w": 157.42, "h": 3.74, "S": 0.0001, "elv": "Strauman", "km": 0.6}}, {"type": "Feature", "geometry": {"type": "LineString", "coordinates": [[8.47029, 59.38052], [8.4716, 59.37994]]}, "properties": {"P": 21.73, "tau": 3.67, "tau_c": 11.65, "omega": 1.91, "M": 0.32, "D": 0.01, "R": 0.03, "sving": 0.24, "os": 0.54, "foss": 0.0, "juv": 0.0, "B": 1.05, "Q": 305.92, "w": 157.42, "h": 3.74, "S": 0.0001, "elv": "Strauman", "km": 0.7}}, {"type": "Feature", "geometry": {"type": "LineString", "coordinates": [[8.4716, 59.37994], [8.47271, 59.37924]]}, "properties": {"P": 17.47, "tau": 3.67, "tau_c": 11.65, "omega": 1.91, "M": 0.32, "D": 0.0, "R": 0.03, "sving": 0.19, "os": 0.43, "foss": 0.0, "juv": 0.0, "B": 1.05, "Q": 305.92, "w": 157.42, "h": 3.74, "S": 0.0001, "elv": "Strauman", "km": 0.8}}, {"type": "Feature", "geometry": {"type": "LineString", "coordinates": [[8.47271, 59.37924], [8.47381, 59.37854]]}, "properties": {"P": 11.03, "tau": 3.67, "tau_c": 11.65, "omega": 1.91, "M": 0.32, "D": 0.0, "R": 0.03, "sving": 0.07, "os": 0.31, "foss": 0.0, "juv": 0.0, "B": 1.05, "Q": 305.92, "w": 157.42, "h": 3.74, "S": 0.0001, "elv": "Strauman", "km": 0.9}}, {"type": "Feature", "geometry": {"type": "LineString", "coordinates": [[8.47381, 59.37854], [8.47492, 59.37785]]}, "properties": {"P": 6.58, "tau": 3.67, "tau_c": 11.65, "omega": 1.91, "M": 0.31, "D": 0.0, "R": 0.03, "sving": 0.0, "os": 0.2, "foss": 0.0, "juv": 0.0, "B": 1.05, "Q": 305.92, "w": 157.44, "h": 3.74, "S": 0.0001, "elv": "Strauman", "km": 1.0}}, {"type": "Feature", "geometry": {"type": "LineString", "coordinates": [[8.47492, 59.37785], [8.47602, 59.37715]]}, "properties": {"P": 7.62, "tau": 3.67, "tau_c": 11.65, "omega": 1.91, "M": 0.31, "D": 0.0, "R": 0.03, "sving": 0.0, "os": 0.24, "foss": 0.0, "juv": 0.0, "B": 1.05, "Q": 305.92, "w": 157.47, "h": 3.74, "S": 0.0001, "elv": "Strauman", "km": 1.1}}, {"type": "Feature", "geometry": {"type": "LineString", "coordinates": [[8.47602, 59.37715], [8.47713, 59.37645]]}, "properties": {"P": 10.75, "tau": 3.67, "tau_c": 11.65, "omega": 1.91, "M": 0.32, "D": -0.0, "R": 0.03, "sving": 0.0, "os": 0.36, "foss": 0.0, "juv": 0.0, "B": 1.05, "Q": 306.39, "w": 157.5, "h": 3.74, "S": 0.0001, "elv": "Strauman", "km": 1.2}}, {"type": "Feature", "geometry": {"type": "LineString", "coordinates": [[8.47713, 59.37645], [8.47823, 59.37575]]}, "properties": {"P": 16.5, "tau": 3.89, "tau_c": 11.65, "omega": 2.09, "M": 0.33, "D": -0.0, "R": 0.04, "sving": 0.09, "os": 0.48, "foss": 0.0, "juv": 0.0, "B": 1.05, "Q": 306.48, "w": 144.01, "h": 3.96, "S": 0.0001, "elv": "Strauman", "km": 1.3}}, {"type": "Feature", "geometry": {"type": "LineString", "coordinates": [[8.47823, 59.37575], [8.47934, 59.37506]]}, "properties": {"P": 17.15, "tau": 4.02, "tau_c": 11.65, "omega": 2.2, "M": 0.35, "D": -0.0, "R": 0.05, "sving": 0.1, "os": 0.48, "foss": 0.0, "juv": 0.0, "B": 1.05, "Q": 306.49, "w": 136.53, "h": 4.1, "S": 0.0001, "elv": "Strauman", "km": 1.4}}, {"type": "Feature", "geometry": {"type": "LineString", "coordinates": [[8.47934, 59.37506], [8.48072, 59.37451]]}, "properties": {"P": 14.28, "tau": 4.13, "tau_c": 11.65, "omega": 2.29, "M": 0.35, "D": -0.0, "R": 0.06, "sving": 0.1, "os": 0.36, "foss": 0.0, "juv": 0.0, "B": 1.05, "Q": 306.51, "w": 131.02, "h": 4.21, "S": 0.0001, "elv": "Strauman", "km": 1.5}}, {"type": "Feature", "geometry": {"type": "LineString", "coordinates": [[8.48072, 59.37451], [8.48214, 59.37398]]}, "properties": {"P": 8.97, "tau": 4.38, "tau_c": 11.65, "omega": 2.52, "M": 0.38, "D": -0.0, "R": 0.07, "sving": 0.0, "os": 0.23, "foss": 0.0, "juv": 0.0, "B": 1.05, "Q": 306.52, "w": 119.51, "h": 4.47, "S": 0.0001, "elv": "Strauman", "km": 1.6}}, {"type": "Feature", "geometry": {"type": "LineString", "coordinates": [[8.48214, 59.37398], [8.48356, 59.37346]]}, "properties": {"P": 11.45, "tau": 4.52, "tau_c": 11.65, "omega": 2.64, "M": 0.39, "D": 0.01, "R": 0.08, "sving": 0.09, "os": 0.21, "foss": 0.0, "juv": 0.0, "B": 1.05, "Q": 306.52, "w": 114.0, "h": 4.6, "S": 0.0001, "elv": "Strauman", "km": 1.7}}, {"type": "Feature", "geometry": {"type": "LineString", "coordinates": [[8.48356, 59.37346], [8.48466, 59.37276]]}, "properties": {"P": 14.8, "tau": 4.2, "tau_c": 11.65, "omega": 2.36, "M": 0.36, "D": 0.04, "R": 0.06, "sving": 0.1, "os": 0.33, "foss": 0.0, "juv": 0.0, "B": 1.05, "Q": 306.53, "w": 127.54, "h": 4.28, "S": 0.0001, "elv": "Strauman", "km": 1.8}}, {"type": "Feature", "geometry": {"type": "LineString", "coordinates": [[8.48466, 59.37276], [8.48576, 59.37206]]}, "properties": {"P": 20.13, "tau": 4.05, "tau_c": 11.65, "omega": 2.23, "M": 0.35, "D": 0.05, "R": 0.05, "sving": 0.1, "os": 0.53, "foss": 0.0, "juv": 0.0, "B": 1.05, "Q": 306.54, "w": 135.09, "h": 4.13, "S": 0.0001, "elv": "Strauman", "km": 1.9}}, {"type": "Feature", "geometry": {"type": "LineString", "coordinates": [[8.48576, 59.37206], [8.48687, 59.37136]]}, "properties": {"P": 23.01, "tau": 3.95, "tau_c": 11.65, "omega": 2.14, "M": 0.34, "D": 0.06, "R": 0.05, "sving": 0.0, "os": 0.74, "foss": 0.0, "juv": 0.0, "B": 1.05, "Q": 307.11, "w": 140.64, "h": 4.03, "S": 0.0001, "elv": "Strauman", "km": 2.0}}, {"type": "Feature", "geometry": {"type": "LineString", "coordinates": [[8.48687, 59.37136], [8.48797, 59.37066]]}, "properties": {"P": 19.47, "tau": 3.76, "tau_c": 11.65, "omega": 1.98, "M": 0.32, "D": 0.04, "R": 0.04, "sving": 0.04, "os": 0.6, "foss": 0.0, "juv": 0.0, "B": 1.05, "Q": 307.14, "w": 152.18, "h": 3.83, "S": 0.0001, "elv": "Strauman", "km": 2.1}}, {"type": "Feature", "geometry": {"type": "LineString", "coordinates": [[8.48797, 59.37066], [8.48907, 59.36997]]}, "properties": {"P": 13.38, "tau": 3.73, "tau_c": 11.65, "omega": 1.95, "M": 0.32, "D": 0.03, "R": 0.04, "sving": 0.04, "os": 0.38, "foss": 0.0, "juv": 0.0, "B": 1.05, "Q": 307.15, "w": 154.18, "h": 3.8, "S": 0.0001, "elv": "Strauman", "km": 2.2}}, {"type": "Feature", "geometry": {"type": "LineString", "coordinates": [[8.48907, 59.36997], [8.4903, 59.36933]]}, "properties": {"P": 9.5, "tau": 3.73, "tau_c": 11.65, "omega": 1.95, "M": 0.32, "D": 0.01, "R": 0.04, "sving": 0.06, "os": 0.23, "foss": 0.0, "juv": 0.0, "B": 1.05, "Q": 307.17, "w": 154.2, "h": 3.8, "S": 0.0001, "elv": "Strauman", "km": 2.3}}, {"type": "Feature", "geometry": {"type": "LineString", "coordinates": [[8.4903, 59.36933], [8.49156, 59.3687]]}, "properties": {"P": 8.56, "tau": 3.73, "tau_c": 11.65, "omega": 1.96, "M": 0.32, "D": 0.0, "R": 0.04, "sving": 0.13, "os": 0.14, "foss": 0.0, "juv": 0.0, "B": 1.05, "Q": 307.38, "w": 154.21, "h": 3.8, "S": 0.0001, "elv": "Strauman", "km": 2.4}}, {"type": "Feature", "geometry": {"type": "LineString", "coordinates": [[8.49156, 59.3687], [8.49286, 59.3681]]}, "properties": {"P": 6.2, "tau": 3.73, "tau_c": 11.65, "omega": 1.96, "M": 0.32, "D": 0.0, "R": 0.04, "sving": 0.09, "os": 0.09, "foss": 0.0, "juv": 0.0, "B": 1.05, "Q": 307.38, "w": 154.22, "h": 3.8, "S": 0.0001, "elv": "Strauman", "km": 2.5}}, {"type": "Feature", "geometry": {"type": "LineString", "coordinates": [[8.49286, 59.3681], [8.49435, 59.36763]]}, "properties": {"P": 5.22, "tau": 3.73, "tau_c": 11.65, "omega": 1.96, "M": 0.32, "D": 0.01, "R": 0.04, "sving": 0.08, "os": 0.05, "foss": 0.0, "juv": 0.0, "B": 1.05, "Q": 307.38, "w": 154.24, "h": 3.8, "S": 0.0001, "elv": "Strauman", "km": 2.6}}, {"type": "Feature", "geometry": {"type": "LineString", "coordinates": [[8.49435, 59.36763], [8.49585, 59.36716]]}, "properties": {"P": 3.5, "tau": 3.68, "tau_c": 11.65, "omega": 1.91, "M": 0.32, "D": 0.01, "R": 0.03, "sving": 0.07, "os": 0.0, "foss": 0.0, "juv": 0.0, "B": 1.05, "Q": 307.43, "w": 157.8, "h": 3.75, "S": 0.0001, "elv": "Strauman", "km": 2.7}}, {"type": "Feature", "geometry": {"type": "LineString", "coordinates": [[8.49585, 59.36716], [8.49735, 59.36669]]}, "properties": {"P": 1.64, "tau": 3.68, "tau_c": 11.65, "omega": 1.91, "M": 0.32, "D": 0.01, "R": 0.03, "sving": 0.0, "os": 0.0, "foss": 0.0, "juv": 0.0, "B": 1.05, "Q": 307.45, "w": 157.8, "h": 3.75, "S": 0.0001, "elv": "Strauman", "km": 2.8}}, {"type": "Feature", "geometry": {"type": "LineString", "coordinates": [[8.49735, 59.36669], [8.49884, 59.36622]]}, "properties": {"P": 2.28, "tau": 3.68, "tau_c": 11.65, "omega": 1.91, "M": 0.32, "D": 0.0, "R": 0.03, "sving": 0.03, "os": 0.0, "foss": 0.0, "juv": 0.0, "B": 1.05, "Q": 307.45, "w": 157.81, "h": 3.75, "S": 0.0001, "elv": "Strauman", "km": 2.9}}, {"type": "Feature", "geometry": {"type": "LineString", "coordinates": [[8.49884, 59.36622], [8.50034, 59.36575]]}, "properties": {"P": 4.1, "tau": 3.68, "tau_c": 11.65, "omega": 1.91, "M": 0.32, "D": -0.0, "R": 0.03, "sving": 0.04, "os": 0.06, "foss": 0.0, "juv": 0.0, "B": 1.05, "Q": 307.46, "w": 157.81, "h": 3.75, "S": 0.0001, "elv": "Strauman", "km": 3.0}}, {"type": "Feature", "geometry": {"type": "LineString", "coordinates": [[8.50034, 59.36575], [8.50189, 59.36534]]}, "properties": {"P": 8.25, "tau": 3.68, "tau_c": 11.65, "omega": 1.91, "M": 0.32, "D": -0.0, "R": 0.03, "sving": 0.16, "os": 0.1, "foss": 0.0, "juv": 0.0, "B": 1.05, "Q": 307.47, "w": 157.81, "h": 3.75, "S": 0.0001, "elv": "Strauman", "km": 3.1}}, {"type": "Feature", "geometry": {"type": "LineString", "coordinates": [[8.50189, 59.36534], [8.50348, 59.36496]]}, "properties": {"P": 14.09, "tau": 3.68, "tau_c": 11.65, "omega": 1.91, "M": 0.32, "D": -0.0, "R": 0.03, "sving": 0.33, "os": 0.16, "foss": 0.0, "juv": 0.0, "B": 1.05, "Q": 307.47, "w": 157.82, "h": 3.75, "S": 0.0001, "elv": "Strauman", "km": 3.2}}, {"type": "Feature", "geometry": {"type": "LineString", "coordinates": [[8.50348, 59.36496], [8.5051, 59.36486]]}, "properties": {"P": 16.21, "tau": 3.79, "tau_c": 11.65, "omega": 2.01, "M": 0.33, "D": -0.0, "R": 0.04, "sving": 0.3, "os": 0.27, "foss": 0.0, "juv": 0.0, "B": 1.05, "Q": 307.47, "w": 150.25, "h": 3.87, "S": 0.0001, "elv": "Strauman", "km": 3.3}}, {"type": "Feature", "geometry": {"type": "LineString", "coordinates": [[8.5051, 59.36486], [8.50677, 59.36514]]}, "properties": {"P": 18.73, "tau": 3.82, "tau_c": 11.65, "omega": 2.03, "M": 0.33, "D": -0.0, "R": 0.04, "sving": 0.28, "os": 0.38, "foss": 0.0, "juv": 0.0, "B": 1.05, "Q": 307.53, "w": 148.69, "h": 3.89, "S": 0.0001, "elv": "Strauman", "km": 3.4}}, {"type": "Feature", "geometry": {"type": "LineString", "coordinates": [[8.50677, 59.36514], [8.50844, 59.36542]]}, "properties": {"P": 13.24, "tau": 3.82, "tau_c": 11.65, "omega": 2.03, "M": 0.33, "D": -0.0, "R": 0.04, "sving": 0.07, "os": 0.37, "foss": 0.0, "juv": 0.0, "B": 1.05, "Q": 307.53, "w": 148.7, "h": 3.89, "S": 0.0001, "elv": "Strauman", "km": 3.5}}, {"type": "Feature", "geometry": {"type": "LineString", "coordinates": [[8.50844, 59.36542], [8.51011, 59.36569]]}, "properties": {"P": 17.34, "tau": 3.95, "tau_c": 11.65, "omega": 2.14, "M": 0.34, "D": -0.0, "R": 0.05, "sving": 0.3, "os": 0.3, "foss": 0.0, "juv": 0.0, "B": 1.05, "Q": 307.53, "w": 141.13, "h": 4.02, "S": 0.0001, "elv": "Strauman", "km": 3.6}}, {"type": "Feature", "geometry": {"type": "LineString", "coordinates": [[8.51011, 59.36569], [8.51175, 59.36576]]}, "properties": {"P": 15.42, "tau": 4.13, "tau_c": 11.65, "omega": 2.29, "M": 0.35, "D": -0.0, "R": 0.06, "sving": 0.3, "os": 0.21, "foss": 0.0, "juv": 0.0, "B": 1.05, "Q": 307.57, "w": 131.57, "h": 4.21, "S": 0.0001, "elv": "Strauman", "km": 3.7}}, {"type": "Feature", "geometry": {"type": "LineString", "coordinates": [[8.51175, 59.36576], [8.5133, 59.36534]]}, "properties": {"P": 13.77, "tau": 3.98, "tau_c": 11.65, "omega": 2.17, "M": 0.34, "D": 0.01, "R": 0.05, "sving": 0.3, "os": 0.15, "foss": 0.0, "juv": 0.0, "B": 1.05, "Q": 307.58, "w": 139.14, "h": 4.06, "S": 0.0001, "elv": "Strauman", "km": 3.8}}, {"type": "Feature", "geometry": {"type": "LineString", "coordinates": [[8.5133, 59.36534], [8.51486, 59.36492]]}, "properties": {"P": 8.03, "tau": 3.95, "tau_c": 11.65, "omega": 2.14, "M": 0.34, "D": 0.01, "R": 0.05, "sving": 0.09, "os": 0.12, "foss": 0.0, "juv": 0.0, "B": 1.05, "Q": 307.59, "w": 140.77, "h": 4.03, "S": 0.0001, "elv": "Strauman", "km": 3.9}}, {"type": "Feature", "geometry": {"type": "LineString", "coordinates": [[8.51486, 59.36492], [8.51642, 59.36451]]}, "properties": {"P": 8.32, "tau": 3.95, "tau_c": 11.65, "omega": 2.14, "M": 0.34, "D": 0.03, "R": 0.05, "sving": 0.12, "os": 0.09, "foss": 0.0, "juv": 0.0, "B": 1.05, "Q": 307.59, "w": 140.83, "h": 4.03, "S": 0.0001, "elv": "Strauman", "km": 4.0}}, {"type": "Feature", "geometry": {"type": "LineString", "coordinates": [[8.51642, 59.36451], [8.51814, 59.36436]]}, "properties": {"P": 5.48, "tau": 3.83, "tau_c": 11.65, "omega": 2.04, "M": 0.33, "D": 0.03, "R": 0.04, "sving": 0.02, "os": 0.09, "foss": 0.0, "juv": 0.0, "B": 1.05, "Q": 308.82, "w": 148.47, "h": 3.91, "S": 0.0001, "elv": "Strauman", "km": 4.1}}, {"type": "Feature", "geometry": {"type": "LineString", "coordinates": [[8.51814, 59.36436], [8.51987, 59.3642]]}, "properties": {"P": 4.54, "tau": 3.68, "tau_c": 11.65, "omega": 1.92, "M": 0.32, "D": 0.03, "R": 0.03, "sving": 0.01, "os": 0.06, "foss": 0.0, "juv": 0.0, "B": 1.05, "Q": 308.82, "w": 158.1, "h": 3.75, "S": 0.0001, "elv": "Strauman", "km": 4.2}}, {"type": "Feature", "geometry": {"type": "LineString", "coordinates": [[8.51987, 59.3642], [8.52141, 59.36383]]}, "properties": {"P": 5.59, "tau": 3.68, "tau_c": 11.65, "omega": 1.92, "M": 0.32, "D": 0.02, "R": 0.03, "sving": 0.13, "os": 0.0, "foss": 0.0, "juv": 0.0, "B": 1.05, "Q": 308.82, "w": 158.16, "h": 3.75, "S": 0.0001, "elv": "Strauman", "km": 4.3}}, {"type": "Feature", "geometry": {"type": "LineString", "coordinates": [[8.63014, 59.47903], [8.63177, 59.47928]]}, "properties": {"P": 17.69, "tau": 31.84, "tau_c": 66.12, "omega": 33.49, "M": 0.48, "D": -0.0, "R": 0.17, "sving": 0.52, "os": 0.0, "foss": 0.0, "juv": 0.0, "B": 0.9, "Q": 7.07, "w": 17.06, "h": 0.39, "S": 0.00824, "elv": "Bygdaråi", "km": 0.7}}, {"type": "Feature", "geometry": {"type": "LineString", "coordinates": [[8.63177, 59.47928], [8.63347, 59.47911]]}, "properties": {"P": 13.94, "tau": 33.01, "tau_c": 73.69, "omega": 34.62, "M": 0.45, "D": 0.02, "R": 0.13, "sving": 0.39, "os": 0.0, "foss": 0.0, "juv": 0.0, "B": 0.9, "Q": 7.07, "w": 20.5, "h": 0.33, "S": 0.01024, "elv": "Bygdaråi", "km": 0.8}}, {"type": "Feature", "geometry": {"type": "LineString", "coordinates": [[8.63347, 59.47911], [8.63521, 59.47899]]}, "properties": {"P": 7.39, "tau": 27.62, "tau_c": 69.44, "omega": 26.34, "M": 0.4, "D": 0.04, "R": 0.09, "sving": 0.13, "os": 0.0, "foss": 0.0, "juv": 0.0, "B": 0.9, "Q": 7.07, "w": 23.92, "h": 0.31, "S": 0.00909, "elv": "Bygdaråi", "km": 0.9}}, {"type": "Feature", "geometry": {"type": "LineString", "coordinates": [[8.63521, 59.47899], [8.63697, 59.47894]]}, "properties": {"P": 7.77, "tau": 29.59, "tau_c": 72.96, "omega": 29.07, "M": 0.41, "D": 0.04, "R": 0.09, "sving": 0.07, "os": 0.07, "foss": 0.0, "juv": 0.0, "B": 0.9, "Q": 7.07, "w": 23.92, "h": 0.3, "S": 0.01003, "elv": "Bygdaråi", "km": 1.0}}, {"type": "Feature", "geometry": {"type": "LineString", "coordinates": [[8.5075, 59.62028], [8.50822, 59.61948]]}, "properties": {"P": 35.42, "tau": 90.54, "tau_c": 257.72, "omega": 123.69, "M": 0.35, "D": 0.0, "R": 0.05, "sving": 0.05, "os": 1.0, "foss": 1.0, "juv": 0.0, "B": 0.68, "Q": 0.83, "w": 8.2, "h": 0.07, "S": 0.12519, "elv": "bekk", "km": 0.0}}, {"type": "Feature", "geometry": {"type": "LineString", "coordinates": [[8.50822, 59.61948], [8.50933, 59.61879]]}, "properties": {"P": 30.37, "tau": 91.69, "tau_c": 259.4, "omega": 126.06, "M": 0.35, "D": 0.01, "R": 0.05, "sving": 0.12, "os": 0.61, "foss": 1.0, "juv": 0.0, "B": 0.68, "Q": 0.83, "w": 8.22, "h": 0.07, "S": 0.12682, "elv": "bekk", "km": 0.1}}, {"type": "Feature", "geometry": {"type": "LineString", "coordinates": [[8.50933, 59.61879], [8.50994, 59.61795]]}, "properties": {"P": 25.94, "tau": 91.63, "tau_c": 258.79, "omega": 126.01, "M": 0.35, "D": 0.03, "R": 0.06, "sving": 0.05, "os": 0.37, "foss": 1.0, "juv": 0.0, "B": 0.68, "Q": 0.84, "w": 8.27, "h": 0.07, "S": 0.12623, "elv": "bekk", "km": 0.2}}, {"type": "Feature", "geometry": {"type": "LineString", "coordinates": [[8.50994, 59.61795], [8.51028, 59.61707]]}, "properties": {"P": 26.54, "tau": 85.75, "tau_c": 247.23, "omega": 114.54, "M": 0.35, "D": 0.07, "R": 0.05, "sving": 0.18, "os": 0.23, "foss": 1.0, "juv": 0.0, "B": 0.68, "Q": 0.84, "w": 8.34, "h": 0.08, "S": 0.1152, "elv": "bekk", "km": 0.3}}, {"type": "Feature", "geometry": {"type": "LineString", "coordinates": [[8.51028, 59.61707], [8.51079, 59.61622]]}, "properties": {"P": 23.38, "tau": 79.89, "tau_c": 232.63, "omega": 103.82, "M": 0.34, "D": 0.09, "R": 0.05, "sving": 0.05, "os": 0.14, "foss": 1.0, "juv": 0.0, "B": 0.69, "Q": 0.88, "w": 8.45, "h": 0.08, "S": 0.102, "elv": "bekk", "km": 0.4}}, {"type": "Feature", "geometry": {"type": "LineString", "coordinates": [[8.51079, 59.61622], [8.51114, 59.61535]]}, "properties": {"P": 22.53, "tau": 68.99, "tau_c": 209.24, "omega": 84.18, "M": 0.33, "D": 0.1, "R": 0.04, "sving": 0.05, "os": 0.09, "foss": 1.0, "juv": 0.0, "B": 0.69, "Q": 0.9, "w": 8.61, "h": 0.09, "S": 0.08252, "elv": "bekk", "km": 0.5}}, {"type": "Feature", "geometry": {"type": "LineString", "coordinates": [[8.51114, 59.61535], [8.51152, 59.61448]]}, "properties": {"P": 21.12, "tau": 71.79, "tau_c": 211.68, "omega": 89.61, "M": 0.34, "D": 0.07, "R": 0.05, "sving": 0.02, "os": 0.05, "foss": 1.0, "juv": 0.0, "B": 0.7, "Q": 0.95, "w": 8.78, "h": 0.09, "S": 0.08445, "elv": "bekk", "km": 0.6}}, {"type": "Feature", "geometry": {"type": "LineString", "coordinates": [[8.51152, 59.61448], [8.51208, 59.61364]]}, "properties": {"P": 21.13, "tau": 64.52, "tau_c": 191.62, "omega": 77.45, "M": 0.34, "D": 0.06, "R": 0.05, "sving": 0.07, "os": 0.0, "foss": 1.0, "juv": 0.0, "B": 0.7, "Q": 1.02, "w": 8.92, "h": 0.1, "S": 0.0692, "elv": "bekk", "km": 0.7}}, {"type": "Feature", "geometry": {"type": "LineString", "coordinates": [[8.51208, 59.61364], [8.51267, 59.6128]]}, "properties": {"P": 20.65, "tau": 64.4, "tau_c": 192.37, "omega": 77.14, "M": 0.33, "D": 0.03, "R": 0.04, "sving": 0.09, "os": 0.0, "foss": 1.0, "juv": 0.0, "B": 0.7, "Q": 1.02, "w": 9.08, "h": 0.09, "S": 0.06975, "elv": "bekk", "km": 0.8}}, {"type": "Feature", "geometry": {"type": "LineString", "coordinates": [[8.51267, 59.6128], [8.51333, 59.61198]]}, "properties": {"P": 19.58, "tau": 62.46, "tau_c": 188.94, "omega": 73.76, "M": 0.33, "D": 0.02, "R": 0.04, "sving": 0.04, "os": 0.0, "foss": 1.0, "juv": 0.0, "B": 0.7, "Q": 1.03, "w": 9.19, "h": 0.09, "S": 0.06729, "elv": "bekk", "km": 0.9}}, {"type": "Feature", "geometry": {"type": "LineString", "coordinates": [[8.51333, 59.61198], [8.51408, 59.61119]]}, "properties": {"P": 21.41, "tau": 70.73, "tau_c": 203.37, "omega": 88.57, "M": 0.35, "D": 0.0, "R": 0.05, "sving": 0.15, "os": 0.0, "foss": 1.0, "juv": 0.0, "B": 0.71, "Q": 1.07, "w": 9.25, "h": 0.09, "S": 0.07795, "elv": "bekk", "km": 1.0}}, {"type": "Feature", "geometry": {"type": "LineString", "coordinates": [[8.51408, 59.61119], [8.51442, 59.61043]]}, "properties": {"P": 19.87, "tau": 65.7, "tau_c": 193.18, "omega": 79.67, "M": 0.34, "D": 0.01, "R": 0.05, "sving": 0.05, "os": 0.0, "foss": 1.0, "juv": 0.0, "B": 0.71, "Q": 1.07, "w": 9.31, "h": 0.1, "S": 0.07034, "elv": "bekk", "km": 1.1}}, {"type": "Feature", "geometry": {"type": "LineString", "coordinates": [[8.51442, 59.61043], [8.51557, 59.60979]]}, "properties": {"P": 19.63, "tau": 66.57, "tau_c": 195.01, "omega": 81.18, "M": 0.34, "D": 0.03, "R": 0.05, "sving": 0.01, "os": 0.0, "foss": 1.0, "juv": 0.0, "B": 0.71, "Q": 1.08, "w": 9.38, "h": 0.09, "S": 0.07168, "elv": "bekk", "km": 1.2}}, {"type": "Feature", "geometry": {"type": "LineString", "coordinates": [[8.51557, 59.60979], [8.51595, 59.609]]}, "properties": {"P": 23.65, "tau": 66.39, "tau_c": 194.0, "omega": 80.94, "M": 0.34, "D": 0.04, "R": 0.05, "sving": 0.23, "os": 0.0, "foss": 1.0, "juv": 0.0, "B": 0.71, "Q": 1.09, "w": 9.41, "h": 0.1, "S": 0.07094, "elv": "bekk", "km": 1.3}}, {"type": "Feature", "geometry": {"type": "LineString", "coordinates": [[8.51595, 59.609], [8.51671, 59.60825]]}, "properties": {"P": 23.13, "tau": 56.16, "tau_c": 172.2, "omega": 63.68, "M": 0.33, "D": 0.04, "R": 0.04, "sving": 0.15, "os": 0.07, "foss": 1.0, "juv": 0.0, "B": 0.71, "Q": 1.11, "w": 9.52, "h": 0.1, "S": 0.05589, "elv": "bekk", "km": 1.4}}, {"type": "Feature", "geometry": {"type": "LineString", "coordinates": [[8.51671, 59.60825], [8.51798, 59.60767]]}, "properties": {"P": 22.1, "tau": 64.45, "tau_c": 190.64, "omega": 77.51, "M": 0.34, "D": 0.02, "R": 0.05, "sving": 0.06, "os": 0.11, "foss": 1.0, "juv": 0.0, "B": 0.71, "Q": 1.11, "w": 9.63, "h": 0.1, "S": 0.0685, "elv": "bekk", "km": 1.5}}, {"type": "Feature", "geometry": {"type": "LineString", "coordinates": [[8.51798, 59.60767], [8.51859, 59.60684]]}, "properties": {"P": 23.2, "tau": 61.64, "tau_c": 179.28, "omega": 73.38, "M": 0.34, "D": 0.02, "R": 0.05, "sving": 0.04, "os": 0.16, "foss": 1.0, "juv": 0.0, "B": 0.72, "Q": 1.2, "w": 9.73, "h": 0.1, "S": 0.06058, "elv": "bekk", "km": 1.6}}, {"type": "Feature", "geometry": {"type": "LineString", "coordinates": [[8.51859, 59.60684], [8.51928, 59.60604]]}, "properties": {"P": 27.08, "tau": 63.67, "tau_c": 187.66, "omega": 76.41, "M": 0.34, "D": 0.01, "R": 0.05, "sving": 0.18, "os": 0.27, "foss": 1.0, "juv": 0.0, "B": 0.72, "Q": 1.21, "w": 10.32, "h": 0.1, "S": 0.06638, "elv": "bekk", "km": 1.7}}, {"type": "Feature", "geometry": {"type": "LineString", "coordinates": [[8.51928, 59.60604], [8.51989, 59.60521]]}, "properties": {"P": 26.69, "tau": 60.17, "tau_c": 184.37, "omega": 70.01, "M": 0.33, "D": 0.01, "R": 0.04, "sving": 0.0, "os": 0.43, "foss": 1.0, "juv": 0.0, "B": 0.72, "Q": 1.21, "w": 10.9, "h": 0.1, "S": 0.06407, "elv": "bekk", "km": 1.8}}, {"type": "Feature", "geometry": {"type": "LineString", "coordinates": [[8.48537, 59.58104], [8.48589, 59.58018]]}, "properties": {"P": 57.48, "tau": 82.53, "tau_c": 96.69, "omega": 146.37, "M": 0.85, "D": 0.0, "R": 0.64, "sving": 0.13, "os": 1.0, "foss": 0.0, "juv": 0.0, "B": 1.07, "Q": 33.6, "w": 39.69, "h": 0.48, "S": 0.01762, "elv": "Flatdøla", "km": 0.0}}, {"type": "Feature", "geometry": {"type": "LineString", "coordinates": [[8.48589, 59.58018], [8.4863, 59.57931]]}, "properties": {"P": 57.7, "tau": 98.43, "tau_c": 99.4, "omega": 194.15, "M": 0.99, "D": 0.0, "R": 0.79, "sving": 0.24, "os": 0.61, "foss": 0.0, "juv": 0.0, "B": 1.09, "Q": 42.18, "w": 39.69, "h": 0.54, "S": 0.01862, "elv": "Flatdøla", "km": 0.1}}, {"type": "Feature", "geometry": {"type": "LineString", "coordinates": [[8.4863, 59.57931], [8.48709, 59.57852]]}, "properties": {"P": 54.79, "tau": 155.36, "tau_c": 134.76, "omega": 375.95, "M": 1.15, "D": 0.0, "R": 0.91, "sving": 0.17, "os": 0.37, "foss": 0.0, "juv": 0.0, "B": 1.09, "Q": 42.2, "w": 37.69, "h": 0.46, "S": 0.03423, "elv": "Flatdøla", "km": 0.2}}, {"type": "Feature", "geometry": {"type": "LineString", "coordinates": [[8.48709, 59.57852], [8.48833, 59.57789]]}, "properties": {"P": 51.6, "tau": 141.53, "tau_c": 123.02, "omega": 330.96, "M": 1.15, "D": 0.0, "R": 0.91, "sving": 0.2, "os": 0.23, "foss": 0.0, "juv": 0.0, "B": 1.09, "Q": 42.22, "w": 35.69, "h": 0.51, "S": 0.02852, "elv": "Flatdøla", "km": 0.3}}, {"type": "Feature", "geometry": {"type": "LineString", "coordinates": [[8.48833, 59.57789], [8.48953, 59.57724]]}, "properties": {"P": 80.61, "tau": 180.7, "tau_c": 131.54, "omega": 482.59, "M": 1.37, "D": 0.0, "R": 0.99, "sving": 0.23, "os": 0.14, "foss": 1.0, "juv": 0.0, "B": 1.09, "Q": 42.24, "w": 28.0, "h": 0.56, "S": 0.03261, "elv": "Flatdøla", "km": 0.4}}, {"type": "Feature", "geometry": {"type": "LineString", "coordinates": [[8.48953, 59.57724], [8.49072, 59.5766]]}, "properties": {"P": 69.88, "tau": 238.87, "tau_c": 137.95, "omega": 743.28, "M": 1.73, "D": 0.0, "R": 0.97, "sving": 0.13, "os": 0.09, "foss": 0.72, "juv": 0.1, "B": 1.09, "Q": 42.25, "w": 20.0, "h": 0.68, "S": 0.03587, "elv": "Flatdøla", "km": 0.5}}, {"type": "Feature", "geometry": {"type": "LineString", "coordinates": [[8.49072, 59.5766], [8.49227, 59.57618]]}, "properties": {"P": 78.56, "tau": 267.85, "tau_c": 134.92, "omega": 888.78, "M": 1.99, "D": 0.06, "R": 0.9, "sving": 0.18, "os": 0.05, "foss": 1.0, "juv": 0.19, "B": 1.09, "Q": 42.25, "w": 16.0, "h": 0.8, "S": 0.03431, "elv": "Flatdøla", "km": 0.6}}, {"type": "Feature", "geometry": {"type": "LineString", "coordinates": [[8.49227, 59.57618], [8.49386, 59.57579]]}, "properties": {"P": 86.81, "tau": 221.91, "tau_c": 130.79, "omega": 668.23, "M": 1.7, "D": 0.17, "R": 0.98, "sving": 0.26, "os": 0.0, "foss": 1.0, "juv": 0.19, "B": 1.09, "Q": 42.26, "w": 20.0, "h": 0.7, "S": 0.03224, "elv": "Flatdøla", "km": 0.7}}, {"type": "Feature", "geometry": {"type": "LineString", "coordinates": [[8.49386, 59.57579], [8.49546, 59.57551]]}, "properties": {"P": 78.69, "tau": 131.95, "tau_c": 97.75, "omega": 311.13, "M": 1.35, "D": 0.3, "R": 0.98, "sving": 0.07, "os": 0.0, "foss": 0.72, "juv": 0.19, "B": 1.09, "Q": 42.27, "w": 24.0, "h": 0.75, "S": 0.01801, "elv": "Flatdøla", "km": 0.8}}, {"type": "Feature", "geometry": {"type": "LineString", "coordinates": [[8.49546, 59.57551], [8.49712, 59.57541]]}, "properties": {"P": 71.95, "tau": 127.99, "tau_c": 102.6, "omega": 293.82, "M": 1.25, "D": 0.31, "R": 0.95, "sving": 0.04, "os": 0.0, "foss": 0.51, "juv": 0.19, "B": 1.09, "Q": 42.27, "w": 28.0, "h": 0.66, "S": 0.01984, "elv": "Flatdøla", "km": 0.9}}, {"type": "Feature", "geometry": {"type": "LineString", "coordinates": [[8.49712, 59.57541], [8.4985, 59.57486]]}, "properties": {"P": 61.9, "tau": 93.35, "tau_c": 93.37, "omega": 181.05, "M": 1.0, "D": 0.31, "R": 0.8, "sving": 0.14, "os": 0.0, "foss": 0.37, "juv": 0.1, "B": 1.09, "Q": 42.37, "w": 37.72, "h": 0.58, "S": 0.01643, "elv": "Flatdøla", "km": 1.0}}, {"type": "Feature", "geometry": {"type": "LineString", "coordinates": [[8.4985, 59.57486], [8.5, 59.57439]]}, "properties": {"P": 41.33, "tau": 71.48, "tau_c": 85.3, "omega": 120.23, "M": 0.84, "D": 0.2, "R": 0.62, "sving": 0.24, "os": 0.0, "foss": 0.0, "juv": 0.0, "B": 1.09, "Q": 42.4, "w": 47.44, "h": 0.53, "S": 0.01371, "elv": "Flatdøla", "km": 1.1}}, {"type": "Feature", "geometry": {"type": "LineString", "coordinates": [[8.5, 59.57439], [8.50132, 59.5738]]}, "properties": {"P": 37.83, "tau": 65.79, "tau_c": 77.31, "omega": 107.86, "M": 0.85, "D": 0.12, "R": 0.64, "sving": 0.19, "os": 0.0, "foss": 0.0, "juv": 0.0, "B": 1.09, "Q": 42.41, "w": 43.44, "h": 0.6, "S": 0.01126, "elv": "Flatdøla", "km": 1.2}}, {"type": "Feature", "geometry": {"type": "LineString", "coordinates": [[8.50132, 59.5738], [8.5026, 59.57319]]}, "properties": {"P": 36.15, "tau": 87.94, "tau_c": 97.09, "omega": 162.68, "M": 0.91, "D": 0.01, "R": 0.7, "sving": 0.16, "os": 0.0, "foss": 0.0, "juv": 0.0, "B": 1.09, "Q": 42.41, "w": 45.44, "h": 0.5, "S": 0.01777, "elv": "Flatdøla", "km": 1.3}}, {"type": "Feature", "geometry": {"type": "LineString", "coordinates": [[8.5026, 59.57319], [8.50326, 59.57239]]}, "properties": {"P": 31.94, "tau": 84.72, "tau_c": 96.32, "omega": 153.42, "M": 0.88, "D": -0.0, "R": 0.67, "sving": 0.07, "os": 0.0, "foss": 0.0, "juv": 0.0, "B": 1.09, "Q": 42.43, "w": 47.44, "h": 0.49, "S": 0.01749, "elv": "Flatdøla", "km": 1.4}}, {"type": "Feature", "geometry": {"type": "LineString", "coordinates": [[8.50326, 59.57239], [8.5042, 59.57166]]}, "properties": {"P": 61.75, "tau": 93.32, "tau_c": 97.55, "omega": 178.95, "M": 0.96, "D": -0.0, "R": 0.76, "sving": 0.05, "os": 0.0, "foss": 1.0, "juv": 0.0, "B": 1.09, "Q": 42.43, "w": 41.72, "h": 0.53, "S": 0.01794, "elv": "Flatdøla", "km": 1.5}}, {"type": "Feature", "geometry": {"type": "LineString", "coordinates": [[8.5042, 59.57166], [8.50526, 59.57096]]}, "properties": {"P": 61.62, "tau": 99.73, "tau_c": 95.81, "omega": 200.16, "M": 1.04, "D": -0.0, "R": 0.83, "sving": 0.21, "os": 0.0, "foss": 0.72, "juv": 0.0, "B": 1.09, "Q": 42.45, "w": 36.0, "h": 0.59, "S": 0.0173, "elv": "Flatdøla", "km": 1.6}}, {"type": "Feature", "geometry": {"type": "LineString", "coordinates": [[8.50526, 59.57096], [8.50631, 59.57029]]}, "properties": {"P": 53.4, "tau": 85.77, "tau_c": 90.09, "omega": 159.33, "M": 0.95, "D": 0.06, "R": 0.75, "sving": 0.09, "os": 0.07, "foss": 0.51, "juv": 0.0, "B": 1.09, "Q": 42.47, "w": 40.0, "h": 0.57, "S": 0.0153, "elv": "Flatdøla", "km": 1.7}}, {"type": "Feature", "geometry": {"type": "LineString", "coordinates": [[8.50631, 59.57029], [8.50772, 59.56977]]}, "properties": {"P": 54.89, "tau": 94.96, "tau_c": 92.48, "omega": 186.59, "M": 1.03, "D": 0.11, "R": 0.82, "sving": 0.05, "os": 0.12, "foss": 0.37, "juv": 0.0, "B": 1.09, "Q": 42.48, "w": 36.0, "h": 0.6, "S": 0.01612, "elv": "Flatdøla", "km": 1.8}}, {"type": "Feature", "geometry": {"type": "LineString", "coordinates": [[8.50772, 59.56977], [8.509, 59.56915]]}, "properties": {"P": 46.21, "tau": 65.38, "tau_c": 70.71, "omega": 109.13, "M": 0.92, "D": 0.2, "R": 0.72, "sving": 0.06, "os": 0.2, "foss": 0.0, "juv": 0.0, "B": 1.09, "Q": 42.5, "w": 36.0, "h": 0.71, "S": 0.00942, "elv": "Flatdøla", "km": 1.9}}, {"type": "Feature", "geometry": {"type": "LineString", "coordinates": [[8.509, 59.56915], [8.51026, 59.56853]]}, "properties": {"P": 44.8, "tau": 53.83, "tau_c": 64.44, "omega": 81.61, "M": 0.84, "D": 0.18, "R": 0.62, "sving": 0.08, "os": 0.32, "foss": 0.0, "juv": 0.0, "B": 1.09, "Q": 42.51, "w": 40.0, "h": 0.7, "S": 0.00783, "elv": "Flatdøla", "km": 2.0}}, {"type": "Feature", "geometry": {"type": "LineString", "coordinates": [[8.51026, 59.56853], [8.51157, 59.56793]]}, "properties": {"P": 50.14, "tau": 56.03, "tau_c": 70.49, "omega": 85.15, "M": 0.79, "D": 0.12, "R": 0.57, "sving": 0.23, "os": 0.53, "foss": 0.0, "juv": 0.0, "B": 1.09, "Q": 42.52, "w": 45.87, "h": 0.61, "S": 0.00936, "elv": "Flatdøla", "km": 2.1}}, {"type": "Feature", "geometry": {"type": "LineString", "coordinates": [[8.51157, 59.56793], [8.51314, 59.56757]]}, "properties": {"P": 55.27, "tau": 53.82, "tau_c": 67.89, "omega": 80.57, "M": 0.79, "D": 0.03, "R": 0.57, "sving": 0.2, "os": 0.87, "foss": 0.0, "juv": 0.0, "B": 1.09, "Q": 43.37, "w": 45.87, "h": 0.63, "S": 0.00869, "elv": "Flatdøla", "km": 2.2}}, {"type": "Feature", "geometry": {"type": "LineString", "coordinates": [[8.51314, 59.56757], [8.51489, 59.56744]]}, "properties": {"P": 45.37, "tau": 56.41, "tau_c": 71.47, "omega": 85.82, "M": 0.79, "D": 0.0, "R": 0.56, "sving": 0.06, "os": 0.7, "foss": 0.0, "juv": 0.0, "B": 1.09, "Q": 43.5, "w": 47.87, "h": 0.6, "S": 0.00963, "elv": "Flatdøla", "km": 2.3}}, {"type": "Feature", "geometry": {"type": "LineString", "coordinates": [[8.51489, 59.56744], [8.5166, 59.56722]]}, "properties": {"P": 41.0, "tau": 58.13, "tau_c": 70.25, "omega": 90.49, "M": 0.83, "D": 0.0, "R": 0.61, "sving": 0.09, "os": 0.43, "foss": 0.0, "juv": 0.0, "B": 1.09, "Q": 43.51, "w": 43.87, "h": 0.64, "S": 0.0093, "elv": "Flatdøla", "km": 2.4}}, {"type": "Feature", "geometry": {"type": "LineString", "coordinates": [[8.5166, 59.56722], [8.51807, 59.56673]]}, "properties": {"P": 40.42, "tau": 62.22, "tau_c": 72.23, "omega": 100.29, "M": 0.86, "D": 0.0, "R": 0.65, "sving": 0.16, "os": 0.26, "foss": 0.0, "juv": 0.0, "B": 1.09, "Q": 43.53, "w": 41.87, "h": 0.64, "S": 0.00983, "elv": "Flatdøla", "km": 2.5}}, {"type": "Feature", "geometry": {"type": "LineString", "coordinates": [[8.51807, 59.56673], [8.51948, 59.56619]]}, "properties": {"P": 51.37, "tau": 88.44, "tau_c": 91.11, "omega": 167.04, "M": 0.97, "D": 0.0, "R": 0.77, "sving": 0.14, "os": 0.16, "foss": 0.33, "juv": 0.0, "B": 1.09, "Q": 43.53, "w": 40.0, "h": 0.58, "S": 0.01564, "elv": "Flatdøla", "km": 2.6}}, {"type": "Feature", "geometry": {"type": "LineString", "coordinates": [[8.51948, 59.56619], [8.52095, 59.56569]]}, "properties": {"P": 56.09, "tau": 77.74, "tau_c": 79.22, "omega": 140.39, "M": 0.98, "D": 0.0, "R": 0.78, "sving": 0.07, "os": 0.27, "foss": 0.46, "juv": 0.0, "B": 1.09, "Q": 43.56, "w": 36.0, "h": 0.67, "S": 0.01183, "elv": "Flatdøla", "km": 2.7}}, {"type": "Feature", "geometry": {"type": "LineString", "coordinates": [[8.52095, 59.56569], [8.52237, 59.56516]]}, "properties": {"P": 87.01, "tau": 128.39, "tau_c": 118.83, "omega": 285.33, "M": 1.08, "D": 0.0, "R": 0.86, "sving": 0.38, "os": 0.43, "foss": 1.0, "juv": 0.0, "B": 1.09, "Q": 43.6, "w": 39.89, "h": 0.49, "S": 0.02661, "elv": "Flatdøla", "km": 2.8}}, {"type": "Feature", "geometry": {"type": "LineString", "coordinates": [[8.52237, 59.56516], [8.52348, 59.56462]]}, "properties": {"P": 92.3, "tau": 158.86, "tau_c": 138.36, "omega": 387.3, "M": 1.15, "D": 0.0, "R": 0.91, "sving": 0.34, "os": 0.7, "foss": 0.9, "juv": 0.0, "B": 1.09, "Q": 43.65, "w": 39.89, "h": 0.45, "S": 0.03608, "elv": "Flatdøla", "km": 2.9}}, {"type": "Feature", "geometry": {"type": "LineString", "coordinates": [[8.52348, 59.56462], [8.52511, 59.56494]]}, "properties": {"P": 93.65, "tau": 173.2, "tau_c": 140.5, "omega": 443.86, "M": 1.23, "D": 0.0, "R": 0.95, "sving": 0.04, "os": 0.88, "foss": 1.0, "juv": 0.0, "B": 1.09, "Q": 43.65, "w": 35.89, "h": 0.47, "S": 0.03721, "elv": "Flatdøla", "km": 3.0}}, {"type": "Feature", "geometry": {"type": "LineString", "coordinates": [[8.52511, 59.56494], [8.52661, 59.56518]]}, "properties": {"P": 91.52, "tau": 260.12, "tau_c": 178.52, "omega": 806.53, "M": 1.46, "D": 0.0, "R": 1.0, "sving": 0.21, "os": 0.54, "foss": 1.0, "juv": 0.0, "B": 1.09, "Q": 43.65, "w": 31.89, "h": 0.44, "S": 0.06007, "elv": "Flatdøla", "km": 3.1}}, {"type": "Feature", "geometry": {"type": "LineString", "coordinates": [[8.52661, 59.56518], [8.52785, 59.56461]]}, "properties": {"P": 87.09, "tau": 252.24, "tau_c": 169.67, "omega": 777.29, "M": 1.49, "D": 0.0, "R": 1.0, "sving": 0.46, "os": 0.34, "foss": 0.72, "juv": 0.1, "B": 1.09, "Q": 43.65, "w": 29.89, "h": 0.47, "S": 0.05426, "elv": "Flatdøla", "km": 3.2}}, {"type": "Feature", "geometry": {"type": "LineString", "coordinates": [[8.52785, 59.56461], [8.52825, 59.56376]]}, "properties": {"P": 86.28, "tau": 285.87, "tau_c": 174.41, "omega": 944.29, "M": 1.64, "D": 0.0, "R": 0.99, "sving": 0.25, "os": 0.25, "foss": 1.0, "juv": 0.1, "B": 1.09, "Q": 43.65, "w": 26.0, "h": 0.51, "S": 0.05733, "elv": "Flatdøla", "km": 3.3}}, {"type": "Feature", "geometry": {"type": "LineString", "coordinates": [[8.52825, 59.56376], [8.52931, 59.56314]]}, "properties": {"P": 78.59, "tau": 306.6, "tau_c": 176.92, "omega": 1052.73, "M": 1.73, "D": 0.02, "R": 0.97, "sving": 0.3, "os": 0.21, "foss": 0.72, "juv": 0.1, "B": 1.09, "Q": 43.66, "w": 24.0, "h": 0.53, "S": 0.05899, "elv": "Flatdøla", "km": 3.4}}, {"type": "Feature", "geometry": {"type": "LineString", "coordinates": [[8.52931, 59.56314], [8.53085, 59.56284]]}, "properties": {"P": 82.54, "tau": 249.14, "tau_c": 157.9, "omega": 774.96, "M": 1.58, "D": 0.11, "R": 1.0, "sving": 0.56, "os": 0.14, "foss": 0.51, "juv": 0.1, "B": 1.09, "Q": 43.71, "w": 26.0, "h": 0.54, "S": 0.04699, "elv": "Flatdøla", "km": 3.5}}, {"type": "Feature", "geometry": {"type": "LineString", "coordinates": [[8.53085, 59.56284], [8.53261, 59.56289]]}, "properties": {"P": 90.52, "tau": 253.94, "tau_c": 160.03, "omega": 796.6, "M": 1.59, "D": 0.17, "R": 1.0, "sving": 0.34, "os": 0.09, "foss": 1.0, "juv": 0.1, "B": 1.09, "Q": 43.74, "w": 26.0, "h": 0.54, "S": 0.04827, "elv": "Flatdøla", "km": 3.6}}, {"type": "Feature", "geometry": {"type": "LineString", "coordinates": [[8.53261, 59.56289], [8.53435, 59.56302]]}, "properties": {"P": 78.8, "tau": 141.09, "tau_c": 111.73, "omega": 337.3, "M": 1.26, "D": 0.24, "R": 0.96, "sving": 0.25, "os": 0.06, "foss": 0.72, "juv": 0.0, "B": 1.1, "Q": 43.84, "w": 30.0, "h": 0.61, "S": 0.02353, "elv": "Flatdøla", "km": 3.7}}, {"type": "Feature", "geometry": {"type": "LineString", "coordinates": [[8.53435, 59.56302], [8.53612, 59.56306]]}, "properties": {"P": 66.17, "tau": 166.47, "tau_c": 125.76, "omega": 427.93, "M": 1.32, "D": 0.17, "R": 0.98, "sving": 0.09, "os": 0.0, "foss": 0.51, "juv": 0.0, "B": 1.1, "Q": 43.9, "w": 30.0, "h": 0.57, "S": 0.02981, "elv": "Flatdøla", "km": 3.8}}, {"type": "Feature", "geometry": {"type": "LineString", "coordinates": [[8.53612, 59.56306], [8.53779, 59.56333]]}, "properties": {"P": 60.15, "tau": 154.35, "tau_c": 119.1, "omega": 383.9, "M": 1.3, "D": 0.17, "R": 0.97, "sving": 0.03, "os": 0.0, "foss": 0.37, "juv": 0.0, "B": 1.1, "Q": 43.91, "w": 30.0, "h": 0.59, "S": 0.02673, "elv": "Flatdøla", "km": 3.9}}, {"type": "Feature", "geometry": {"type": "LineString", "coordinates": [[8.53779, 59.56333], [8.53946, 59.5636]]}, "properties": {"P": 71.8, "tau": 114.79, "tau_c": 96.23, "omega": 250.72, "M": 1.19, "D": 0.09, "R": 0.93, "sving": 0.01, "os": 0.0, "foss": 1.0, "juv": 0.0, "B": 1.1, "Q": 43.93, "w": 30.0, "h": 0.67, "S": 0.01746, "elv": "Flatdøla", "km": 4.0}}, {"type": "Feature", "geometry": {"type": "LineString", "coordinates": [[8.53946, 59.5636], [8.54116, 59.5638]]}, "properties": {"P": 65.71, "tau": 114.79, "tau_c": 96.23, "omega": 250.74, "M": 1.19, "D": 0.06, "R": 0.93, "sving": 0.05, "os": 0.05, "foss": 0.72, "juv": 0.0, "B": 1.1, "Q": 43.93, "w": 30.0, "h": 0.67, "S": 0.01746, "elv": "Flatdøla", "km": 4.1}}, {"type": "Feature", "geometry": {"type": "LineString", "coordinates": [[8.54116, 59.5638], [8.54293, 59.56382]]}, "properties": {"P": 72.91, "tau": 148.4, "tau_c": 115.75, "omega": 362.79, "M": 1.28, "D": 0.01, "R": 0.97, "sving": 0.02, "os": 0.08, "foss": 1.0, "juv": 0.0, "B": 1.1, "Q": 43.93, "w": 30.0, "h": 0.6, "S": 0.02525, "elv": "Flatdøla", "km": 4.2}}, {"type": "Feature", "geometry": {"type": "LineString", "coordinates": [[8.54293, 59.56382], [8.54467, 59.56397]]}, "properties": {"P": 69.08, "tau": 154.96, "tau_c": 115.75, "omega": 388.74, "M": 1.34, "D": 0.0, "R": 0.98, "sving": 0.09, "os": 0.13, "foss": 0.72, "juv": 0.0, "B": 1.1, "Q": 43.94, "w": 28.0, "h": 0.63, "S": 0.02525, "elv": "Flatdøla", "km": 4.3}}, {"type": "Feature", "geometry": {"type": "LineString", "coordinates": [[8.54467, 59.56397], [8.54637, 59.5642]]}, "properties": {"P": 78.57, "tau": 142.86, "tau_c": 112.62, "omega": 343.49, "M": 1.27, "D": 0.0, "R": 0.96, "sving": 0.11, "os": 0.22, "foss": 1.0, "juv": 0.0, "B": 1.1, "Q": 43.94, "w": 30.0, "h": 0.61, "S": 0.02391, "elv": "Flatdøla", "km": 4.4}}, {"type": "Feature", "geometry": {"type": "LineString", "coordinates": [[8.54637, 59.5642], [8.54794, 59.56461]]}, "properties": {"P": 74.1, "tau": 159.27, "tau_c": 121.77, "omega": 401.66, "M": 1.31, "D": 0.0, "R": 0.97, "sving": 0.07, "os": 0.36, "foss": 0.72, "juv": 0.0, "B": 1.1, "Q": 43.95, "w": 30.0, "h": 0.58, "S": 0.02795, "elv": "Flatdøla", "km": 4.5}}, {"type": "Feature", "geometry": {"type": "LineString", "coordinates": [[8.54794, 59.56461], [8.54961, 59.56489]]}, "properties": {"P": 73.85, "tau": 172.35, "tau_c": 128.87, "omega": 449.9, "M": 1.34, "D": 0.01, "R": 0.98, "sving": 0.01, "os": 0.59, "foss": 0.51, "juv": 0.0, "B": 1.1, "Q": 43.96, "w": 30.0, "h": 0.56, "S": 0.0313, "elv": "Flatdøla", "km": 4.6}}, {"type": "Feature", "geometry": {"type": "LineString", "coordinates": [[8.54961, 59.56489], [8.55127, 59.56519]]}, "properties": {"P": 81.55, "tau": 180.64, "tau_c": 133.27, "omega": 481.36, "M": 1.36, "D": 0.03, "R": 0.99, "sving": 0.03, "os": 0.96, "foss": 0.37, "juv": 0.0, "B": 1.1, "Q": 43.98, "w": 30.0, "h": 0.55, "S": 0.03347, "elv": "Flatdøla", "km": 4.7}}, {"type": "Feature", "geometry": {"type": "LineString", "coordinates": [[8.55127, 59.56519], [8.55297, 59.56544]]}, "properties": {"P": 90.96, "tau": 149.01, "tau_c": 111.59, "omega": 368.28, "M": 1.34, "D": 0.08, "R": 0.98, "sving": 0.02, "os": 0.63, "foss": 1.0, "juv": 0.0, "B": 1.1, "Q": 44.79, "w": 28.0, "h": 0.65, "S": 0.02347, "elv": "Flatdøla", "km": 4.8}}, {"type": "Feature", "geometry": {"type": "LineString", "coordinates": [[8.55297, 59.56544], [8.5546, 59.56578]]}, "properties": {"P": 81.63, "tau": 153.24, "tau_c": 117.46, "omega": 380.86, "M": 1.3, "D": 0.11, "R": 0.97, "sving": 0.17, "os": 0.38, "foss": 0.72, "juv": 0.0, "B": 1.1, "Q": 44.79, "w": 30.0, "h": 0.6, "S": 0.026, "elv": "Flatdøla", "km": 4.9}}, {"type": "Feature", "geometry": {"type": "LineString", "coordinates": [[8.5546, 59.56578], [8.5563, 59.56602]]}, "properties": {"P": 73.61, "tau": 129.93, "tau_c": 110.33, "omega": 296.53, "M": 1.18, "D": 0.2, "R": 0.92, "sving": 0.19, "os": 0.23, "foss": 0.51, "juv": 0.0, "B": 1.1, "Q": 44.79, "w": 34.0, "h": 0.58, "S": 0.02294, "elv": "Flatdøla", "km": 5.0}}, {"type": "Feature", "geometry": {"type": "LineString", "coordinates": [[8.5563, 59.56602], [8.55805, 59.56593]]}, "properties": {"P": 66.14, "tau": 107.31, "tau_c": 103.44, "omega": 221.25, "M": 1.04, "D": 0.27, "R": 0.83, "sving": 0.21, "os": 0.14, "foss": 0.37, "juv": 0.0, "B": 1.1, "Q": 44.85, "w": 40.1, "h": 0.54, "S": 0.02017, "elv": "Flatdøla", "km": 5.1}}, {"type": "Feature", "geometry": {"type": "LineString", "coordinates": [[8.55805, 59.56593], [8.55977, 59.56573]]}, "properties": {"P": 46.83, "tau": 60.04, "tau_c": 72.6, "omega": 94.62, "M": 0.83, "D": 0.34, "R": 0.61, "sving": 0.08, "os": 0.19, "foss": 0.0, "juv": 0.0, "B": 1.1, "Q": 44.86, "w": 46.2, "h": 0.62, "S": 0.00993, "elv": "Flatdøla", "km": 5.2}}, {"type": "Feature", "geometry": {"type": "LineString", "coordinates": [[8.55977, 59.56573], [8.56151, 59.56557]]}, "properties": {"P": 44.72, "tau": 53.75, "tau_c": 71.72, "omega": 79.3, "M": 0.75, "D": 0.24, "R": 0.51, "sving": 0.17, "os": 0.32, "foss": 0.0, "juv": 0.0, "B": 1.1, "Q": 45.19, "w": 54.2, "h": 0.57, "S": 0.0097, "elv": "Flatdøla", "km": 5.3}}, {"type": "Feature", "geometry": {"type": "LineString", "coordinates": [[8.56151, 59.56557], [8.56327, 59.56562]]}, "properties": {"P": 44.89, "tau": 55.78, "tau_c": 76.06, "omega": 82.86, "M": 0.73, "D": 0.13, "R": 0.49, "sving": 0.17, "os": 0.51, "foss": 0.0, "juv": 0.0, "B": 1.1, "Q": 45.19, "w": 58.34, "h": 0.52, "S": 0.0109, "elv": "Flatdøla", "km": 5.4}}, {"type": "Feature", "geometry": {"type": "LineString", "coordinates": [[8.56327, 59.56562], [8.56492, 59.56594]]}, "properties": {"P": 48.94, "tau": 57.72, "tau_c": 75.56, "omega": 87.81, "M": 0.76, "D": 0.01, "R": 0.53, "sving": 0.08, "os": 0.84, "foss": 0.0, "juv": 0.0, "B": 1.1, "Q": 45.2, "w": 54.34, "h": 0.55, "S": 0.01076, "elv": "Flatdøla", "km": 5.5}}, {"type": "Feature", "geometry": {"type": "LineString", "coordinates": [[8.56492, 59.56594], [8.56663, 59.56614]]}, "properties": {"P": 50.33, "tau": 61.57, "tau_c": 74.88, "omega": 97.77, "M": 0.82, "D": 0.0, "R": 0.61, "sving": 0.14, "os": 0.72, "foss": 0.0, "juv": 0.0, "B": 1.1, "Q": 45.49, "w": 48.24, "h": 0.59, "S": 0.01057, "elv": "Flatdøla", "km": 5.6}}, {"type": "Feature", "geometry": {"type": "LineString", "coordinates": [[8.56663, 59.56614], [8.56839, 59.56618]]}, "properties": {"P": 49.96, "tau": 62.52, "tau_c": 72.79, "omega": 100.97, "M": 0.86, "D": 0.0, "R": 0.65, "sving": 0.34, "os": 0.44, "foss": 0.0, "juv": 0.0, "B": 1.1, "Q": 45.49, "w": 44.14, "h": 0.64, "S": 0.00999, "elv": "Flatdøla", "km": 5.7}}, {"type": "Feature", "geometry": {"type": "LineString", "coordinates": [[8.56839, 59.56618], [8.57005, 59.5659]]}, "properties": {"P": 47.6, "tau": 58.89, "tau_c": 68.31, "omega": 93.14, "M": 0.86, "D": 0.01, "R": 0.65, "sving": 0.4, "os": 0.27, "foss": 0.0, "juv": 0.0, "B": 1.1, "Q": 45.49, "w": 42.14, "h": 0.68, "S": 0.0088, "elv": "Flatdøla", "km": 5.8}}, {"type": "Feature", "geometry": {"type": "LineString", "coordinates": [[8.57005, 59.5659], [8.57156, 59.56543]]}, "properties": {"P": 50.87, "tau": 66.77, "tau_c": 69.68, "omega": 113.43, "M": 0.96, "D": 0.04, "R": 0.76, "sving": 0.41, "os": 0.17, "foss": 0.0, "juv": 0.0, "B": 1.1, "Q": 45.49, "w": 36.0, "h": 0.74, "S": 0.00915, "elv": "Flatdøla", "km": 5.9}}, {"type": "Feature", "geometry": {"type": "LineString", "coordinates": [[8.57156, 59.56543], [8.57276, 59.56478]]}, "properties": {"P": 45.57, "tau": 56.72, "tau_c": 63.49, "omega": 89.22, "M": 0.89, "D": 0.1, "R": 0.69, "sving": 0.3, "os": 0.11, "foss": 0.0, "juv": 0.0, "B": 1.1, "Q": 45.49, "w": 38.0, "h": 0.76, "S": 0.0076, "elv": "Flatdøla", "km": 6.0}}, {"type": "Feature", "geometry": {"type": "LineString", "coordinates": [[8.57276, 59.56478], [8.57365, 59.564]]}, "properties": {"P": 40.28, "tau": 47.67, "tau_c": 57.33, "omega": 69.12, "M": 0.83, "D": 0.12, "R": 0.62, "sving": 0.24, "os": 0.08, "foss": 0.0, "juv": 0.0, "B": 1.1, "Q": 45.49, "w": 40.0, "h": 0.78, "S": 0.0062, "elv": "Flatdøla", "km": 6.1}}, {"type": "Feature", "geometry": {"type": "LineString", "coordinates": [[8.57365, 59.564], [8.57441, 59.5632]]}, "properties": {"P": 34.89, "tau": 44.5, "tau_c": 54.52, "omega": 62.62, "M": 0.82, "D": 0.09, "R": 0.6, "sving": 0.13, "os": 0.05, "foss": 0.0, "juv": 0.0, "B": 1.1, "Q": 45.58, "w": 40.0, "h": 0.81, "S": 0.0056, "elv": "Flatdøla", "km": 6.2}}, {"type": "Feature", "geometry": {"type": "LineString", "coordinates": [[8.57441, 59.5632], [8.57507, 59.56236]]}, "properties": {"P": 31.82, "tau": 48.96, "tau_c": 57.07, "omega": 72.22, "M": 0.86, "D": 0.03, "R": 0.65, "sving": 0.07, "os": 0.0, "foss": 0.0, "juv": 0.0, "B": 1.1, "Q": 45.58, "w": 38.0, "h": 0.81, "S": 0.00614, "elv": "Flatdøla", "km": 6.3}}, {"type": "Feature", "geometry": {"type": "LineString", "coordinates": [[8.57507, 59.56236], [8.57576, 59.56154]]}, "properties": {"P": 30.42, "tau": 54.19, "tau_c": 61.38, "omega": 83.56, "M": 0.88, "D": 0.0, "R": 0.68, "sving": 0.0, "os": 0.0, "foss": 0.0, "juv": 0.0, "B": 1.1, "Q": 45.58, "w": 38.0, "h": 0.78, "S": 0.0071, "elv": "Flatdøla", "km": 6.4}}, {"type": "Feature", "geometry": {"type": "LineString", "coordinates": [[8.57576, 59.56154], [8.57636, 59.5607]]}, "properties": {"P": 34.63, "tau": 47.68, "tau_c": 53.23, "omega": 70.24, "M": 0.9, "D": 0.02, "R": 0.69, "sving": 0.1, "os": 0.0, "foss": 0.0, "juv": 0.0, "B": 1.1, "Q": 45.58, "w": 34.0, "h": 0.91, "S": 0.00534, "elv": "Flatdøla", "km": 6.5}}, {"type": "Feature", "geometry": {"type": "LineString", "coordinates": [[8.57636, 59.5607], [8.57711, 59.55989]]}, "properties": {"P": 37.99, "tau": 49.95, "tau_c": 53.5, "omega": 75.52, "M": 0.93, "D": 0.03, "R": 0.73, "sving": 0.15, "os": 0.0, "foss": 0.0, "juv": 0.0, "B": 1.1, "Q": 45.67, "w": 32.0, "h": 0.94, "S": 0.00539, "elv": "Flatdøla", "km": 6.6}}, {"type": "Feature", "geometry": {"type": "LineString", "coordinates": [[8.57711, 59.55989], [8.57819, 59.55918]]}, "properties": {"P": 40.76, "tau": 46.39, "tau_c": 49.23, "omega": 68.21, "M": 0.94, "D": 0.08, "R": 0.74, "sving": 0.17, "os": 0.0, "foss": 0.0, "juv": 0.0, "B": 1.1, "Q": 45.67, "w": 30.0, "h": 1.04, "S": 0.00457, "elv": "Flatdøla", "km": 6.7}}, {"type": "Feature", "geometry": {"type": "LineString", "coordinates": [[8.57819, 59.55918], [8.57945, 59.55855]]}, "properties": {"P": 38.52, "tau": 44.29, "tau_c": 50.43, "omega": 63.16, "M": 0.88, "D": 0.11, "R": 0.67, "sving": 0.11, "os": 0.05, "foss": 0.0, "juv": 0.0, "B": 1.1, "Q": 45.67, "w": 34.0, "h": 0.94, "S": 0.00479, "elv": "Flatdøla", "km": 6.8}}, {"type": "Feature", "geometry": {"type": "LineString", "coordinates": [[8.57945, 59.55855], [8.5807, 59.55792]]}, "properties": {"P": 34.49, "tau": 34.85, "tau_c": 43.55, "omega": 44.49, "M": 0.8, "D": 0.15, "R": 0.58, "sving": 0.03, "os": 0.09, "foss": 0.0, "juv": 0.0, "B": 1.1, "Q": 45.67, "w": 36.0, "h": 0.99, "S": 0.00358, "elv": "Flatdøla", "km": 6.9}}, {"type": "Feature", "geometry": {"type": "LineString", "coordinates": [[8.5807, 59.55792], [8.58187, 59.55727]]}, "properties": {"P": 35.29, "tau": 34.49, "tau_c": 45.35, "omega": 43.4, "M": 0.76, "D": 0.13, "R": 0.53, "sving": 0.12, "os": 0.15, "foss": 0.0, "juv": 0.0, "B": 1.1, "Q": 45.67, "w": 40.0, "h": 0.91, "S": 0.00388, "elv": "Flatdøla", "km": 7.0}}, {"type": "Feature", "geometry": {"type": "LineString", "coordinates": [[8.58187, 59.55727], [8.58283, 59.55653]]}, "properties": {"P": 34.2, "tau": 32.53, "tau_c": 43.48, "omega": 39.91, "M": 0.75, "D": 0.08, "R": 0.51, "sving": 0.07, "os": 0.24, "foss": 0.0, "juv": 0.0, "B": 1.1, "Q": 45.67, "w": 40.0, "h": 0.93, "S": 0.00356, "elv": "Flatdøla", "km": 7.1}}, {"type": "Feature", "geometry": {"type": "LineString", "coordinates": [[8.58283, 59.55653], [8.58365, 59.55574]]}, "properties": {"P": 33.34, "tau": 28.31, "tau_c": 40.22, "omega": 32.52, "M": 0.7, "D": 0.03, "R": 0.45, "sving": 0.06, "os": 0.39, "foss": 0.0, "juv": 0.0, "B": 1.1, "Q": 45.67, "w": 42.0, "h": 0.95, "S": 0.00305, "elv": "Flatdøla", "km": 7.2}}, {"type": "Feature", "geometry": {"type": "LineString", "coordinates": [[8.58365, 59.55574], [8.58464, 59.555]]}, "properties": {"P": 44.2, "tau": 39.78, "tau_c": 49.1, "omega": 53.56, "M": 0.81, "D": 0.0, "R": 0.59, "sving": 0.02, "os": 0.64, "foss": 0.0, "juv": 0.0, "B": 1.1, "Q": 45.67, "w": 38.0, "h": 0.89, "S": 0.00454, "elv": "Flatdøla", "km": 7.3}}, {"type": "Feature", "geometry": {"type": "LineString", "coordinates": [[8.58464, 59.555], [8.58562, 59.55425]]}, "properties": {"P": 53.46, "tau": 37.41, "tau_c": 45.83, "omega": 49.27, "M": 0.82, "D": 0.02, "R": 0.6, "sving": 0.02, "os": 0.95, "foss": 0.0, "juv": 0.0, "B": 1.1, "Q": 45.67, "w": 36.0, "h": 0.96, "S": 0.00396, "elv": "Flatdøla", "km": 7.4}}, {"type": "Feature", "geometry": {"type": "LineString", "coordinates": [[8.58562, 59.55425], [8.5865, 59.55348]]}, "properties": {"P": 46.01, "tau": 42.48, "tau_c": 48.94, "omega": 59.47, "M": 0.87, "D": 0.02, "R": 0.66, "sving": 0.01, "os": 0.58, "foss": 0.0, "juv": 0.0, "B": 1.1, "Q": 45.67, "w": 34.0, "h": 0.96, "S": 0.00451, "elv": "Flatdøla", "km": 7.5}}, {"type": "Feature", "geometry": {"type": "LineString", "coordinates": [[8.5865, 59.55348], [8.5874, 59.55271]]}, "properties": {"P": 39.6, "tau": 35.17, "tau_c": 41.53, "omega": 45.5, "M": 0.85, "D": 0.02, "R": 0.64, "sving": 0.04, "os": 0.35, "foss": 0.0, "juv": 0.0, "B": 1.1, "Q": 45.67, "w": 32.0, "h": 1.1, "S": 0.00325, "elv": "Flatdøla", "km": 7.6}}, {"type": "Feature", "geometry": {"type": "LineString", "coordinates": [[8.5874, 59.55271], [8.58836, 59.55195]]}, "properties": {"P": 43.88, "tau": 36.54, "tau_c": 40.1, "omega": 48.5, "M": 0.91, "D": 0.02, "R": 0.71, "sving": 0.21, "os": 0.21, "foss": 0.0, "juv": 0.01, "B": 1.1, "Q": 45.67, "w": 28.0, "h": 1.23, "S": 0.00303, "elv": "Flatdøla", "km": 7.7}}, {"type": "Feature", "geometry": {"type": "LineString", "coordinates": [[8.58836, 59.55195], [8.58947, 59.55126]]}, "properties": {"P": 47.45, "tau": 44.02, "tau_c": 44.31, "omega": 63.77, "M": 0.99, "D": 0.06, "R": 0.79, "sving": 0.23, "os": 0.13, "foss": 0.0, "juv": 0.01, "B": 1.1, "Q": 45.67, "w": 26.0, "h": 1.21, "S": 0.0037, "elv": "Flatdøla", "km": 7.8}}, {"type": "Feature", "geometry": {"type": "LineString", "coordinates": [[8.58947, 59.55126], [8.59103, 59.55085]]}, "properties": {"P": 44.6, "tau": 30.94, "tau_c": 34.3, "omega": 38.21, "M": 0.9, "D": 0.18, "R": 0.7, "sving": 0.17, "os": 0.08, "foss": 0.0, "juv": 0.01, "B": 1.1, "Q": 45.67, "w": 26.0, "h": 1.42, "S": 0.00222, "elv": "Flatdøla", "km": 7.9}}, {"type": "Feature", "geometry": {"type": "LineString", "coordinates": [[8.59103, 59.55085], [8.59265, 59.55049]]}, "properties": {"P": 38.19, "tau": 24.85, "tau_c": 30.31, "omega": 27.71, "M": 0.82, "D": 0.23, "R": 0.6, "sving": 0.01, "os": 0.1, "foss": 0.0, "juv": 0.01, "B": 1.1, "Q": 45.67, "w": 28.0, "h": 1.46, "S": 0.00173, "elv": "Flatdøla", "km": 8.0}}, {"type": "Feature", "geometry": {"type": "LineString", "coordinates": [[8.59265, 59.55049], [8.59415, 59.55003]]}, "properties": {"P": 39.36, "tau": 18.2, "tau_c": 25.0, "omega": 17.58, "M": 0.73, "D": 0.22, "R": 0.48, "sving": 0.24, "os": 0.12, "foss": 0.0, "juv": 0.0, "B": 1.1, "Q": 45.67, "w": 30.0, "h": 1.58, "S": 0.00118, "elv": "Flatdøla", "km": 8.1}}, {"type": "Feature", "geometry": {"type": "LineString", "coordinates": [[8.59415, 59.55003], [8.59522, 59.54933]]}, "properties": {"P": 39.94, "tau": 21.94, "tau_c": 30.37, "omega": 22.9, "M": 0.72, "D": 0.14, "R": 0.48, "sving": 0.32, "os": 0.18, "foss": 0.0, "juv": 0.0, "B": 1.1, "Q": 45.67, "w": 34.0, "h": 1.29, "S": 0.00174, "elv": "Flatdøla", "km": 8.2}}, {"type": "Feature", "geometry": {"type": "LineString", "coordinates": [[8.59522, 59.54933], [8.59599, 59.54853]]}, "properties": {"P": 37.02, "tau": 19.77, "tau_c": 30.37, "omega": 19.47, "M": 0.65, "D": 0.12, "R": 0.38, "sving": 0.3, "os": 0.29, "foss": 0.0, "juv": 0.0, "B": 1.1, "Q": 45.67, "w": 40.0, "h": 1.16, "S": 0.00174, "elv": "Flatdøla", "km": 8.3}}, {"type": "Feature", "geometry": {"type": "LineString", "coordinates": [[8.59599, 59.54853], [8.59651, 59.54767]]}, "properties": {"P": 34.74, "tau": 12.85, "tau_c": 22.76, "omega": 10.41, "M": 0.56, "D": 0.11, "R": 0.27, "sving": 0.22, "os": 0.48, "foss": 0.0, "juv": 0.0, "B": 1.1, "Q": 45.67, "w": 42.0, "h": 1.34, "S": 0.00098, "elv": "Flatdøla", "km": 8.4}}, {"type": "Feature", "geometry": {"type": "LineString", "coordinates": [[8.59651, 59.54767], [8.59693, 59.54681]]}, "properties": {"P": 41.72, "tau": 18.0, "tau_c": 29.75, "omega": 16.88, "M": 0.6, "D": 0.07, "R": 0.32, "sving": 0.13, "os": 0.78, "foss": 0.0, "juv": 0.0, "B": 1.1, "Q": 48.1, "w": 46.65, "h": 1.1, "S": 0.00167, "elv": "Flatdøla", "km": 8.5}}, {"type": "Feature", "geometry": {"type": "LineString", "coordinates": [[8.59693, 59.54681], [8.59704, 59.54591]]}, "properties": {"P": 37.85, "tau": 16.41, "tau_c": 27.51, "omega": 14.82, "M": 0.6, "D": 0.03, "R": 0.31, "sving": 0.07, "os": 0.78, "foss": 0.0, "juv": 0.0, "B": 1.11, "Q": 49.39, "w": 46.65, "h": 1.17, "S": 0.00143, "elv": "Flatdøla", "km": 8.6}}, {"type": "Feature", "geometry": {"type": "LineString", "coordinates": [[8.59704, 59.54591], [8.59719, 59.54502]]}, "properties": {"P": 29.19, "tau": 16.87, "tau_c": 27.51, "omega": 15.49, "M": 0.61, "D": 0.0, "R": 0.33, "sving": 0.06, "os": 0.47, "foss": 0.0, "juv": 0.0, "B": 1.11, "Q": 49.41, "w": 44.65, "h": 1.21, "S": 0.00143, "elv": "Flatdøla", "km": 8.7}}, {"type": "Feature", "geometry": {"type": "LineString", "coordinates": [[8.59719, 59.54502], [8.59741, 59.54413]]}, "properties": {"P": 28.01, "tau": 25.57, "tau_c": 37.36, "omega": 28.15, "M": 0.68, "D": 0.0, "R": 0.43, "sving": 0.04, "os": 0.29, "foss": 0.0, "juv": 0.0, "B": 1.11, "Q": 49.41, "w": 45.31, "h": 0.99, "S": 0.00263, "elv": "Flatdøla", "km": 8.8}}, {"type": "Feature", "geometry": {"type": "LineString", "coordinates": [[8.59741, 59.54413], [8.59757, 59.54324]]}, "properties": {"P": 36.46, "tau": 27.81, "tau_c": 40.46, "omega": 31.62, "M": 0.69, "D": 0.01, "R": 0.43, "sving": 0.28, "os": 0.34, "foss": 0.0, "juv": 0.0, "B": 1.11, "Q": 49.41, "w": 47.31, "h": 0.92, "S": 0.00309, "elv": "Flatdøla", "km": 8.9}}, {"type": "Feature", "geometry": {"type": "LineString", "coordinates": [[8.59757, 59.54324], [8.59786, 59.54236]]}, "properties": {"P": 53.72, "tau": 30.58, "tau_c": 40.46, "omega": 36.8, "M": 0.76, "D": 0.03, "R": 0.52, "sving": 0.53, "os": 0.55, "foss": 0.0, "juv": 0.0, "B": 1.11, "Q": 49.41, "w": 40.65, "h": 1.01, "S": 0.00309, "elv": "Flatdøla", "km": 9.0}}, {"type": "Feature", "geometry": {"type": "LineString", "coordinates": [[8.59786, 59.54236], [8.5991, 59.54177]]}, "properties": {"P": 56.02, "tau": 22.93, "tau_c": 34.32, "omega": 24.1, "M": 0.67, "D": 0.03, "R": 0.4, "sving": 0.46, "os": 0.91, "foss": 0.0, "juv": 0.0, "B": 1.11, "Q": 49.41, "w": 44.65, "h": 1.05, "S": 0.00222, "elv": "Flatdøla", "km": 9.1}}, {"type": "Feature", "geometry": {"type": "LineString", "coordinates": [[8.5991, 59.54177], [8.60086, 59.54174]]}, "properties": {"P": 50.2, "tau": 25.67, "tau_c": 36.46, "omega": 28.47, "M": 0.7, "D": 0.03, "R": 0.45, "sving": 0.38, "os": 0.68, "foss": 0.0, "juv": 0.01, "B": 1.11, "Q": 49.41, "w": 42.65, "h": 1.04, "S": 0.00251, "elv": "Flatdøla", "km": 9.2}}, {"type": "Feature", "geometry": {"type": "LineString", "coordinates": [[8.60086, 59.54174], [8.60251, 59.54151]]}, "properties": {"P": 40.21, "tau": 31.12, "tau_c": 39.73, "omega": 37.96, "M": 0.78, "D": 0.07, "R": 0.56, "sving": 0.03, "os": 0.43, "foss": 0.0, "juv": 0.01, "B": 1.11, "Q": 49.41, "w": 38.0, "h": 1.07, "S": 0.00298, "elv": "Flatdøla", "km": 9.3}}, {"type": "Feature", "geometry": {"type": "LineString", "coordinates": [[8.60251, 59.54151], [8.60413, 59.54116]]}, "properties": {"P": 40.02, "tau": 19.1, "tau_c": 26.51, "omega": 18.89, "M": 0.72, "D": 0.15, "R": 0.47, "sving": 0.22, "os": 0.26, "foss": 0.0, "juv": 0.01, "B": 1.11, "Q": 49.43, "w": 34.0, "h": 1.47, "S": 0.00132, "elv": "Flatdøla", "km": 9.4}}, {"type": "Feature", "geometry": {"type": "LineString", "coordinates": [[8.60413, 59.54116], [8.6055, 59.54062]]}, "properties": {"P": 30.02, "tau": 17.36, "tau_c": 24.74, "omega": 16.45, "M": 0.7, "D": 0.13, "R": 0.45, "sving": 0.02, "os": 0.16, "foss": 0.0, "juv": 0.01, "B": 1.11, "Q": 49.43, "w": 34.0, "h": 1.53, "S": 0.00115, "elv": "Flatdøla", "km": 9.5}}, {"type": "Feature", "geometry": {"type": "LineString", "coordinates": [[8.6055, 59.54062], [8.60689, 59.5401]]}, "properties": {"P": 32.59, "tau": 20.13, "tau_c": 25.94, "omega": 20.5, "M": 0.78, "D": 0.08, "R": 0.55, "sving": 0.08, "os": 0.1, "foss": 0.0, "juv": 0.01, "B": 1.11, "Q": 49.43, "w": 30.0, "h": 1.62, "S": 0.00127, "elv": "Flatdøla", "km": 9.6}}, {"type": "Feature", "geometry": {"type": "LineString", "coordinates": [[8.60689, 59.5401], [8.60853, 59.53982]]}, "properties": {"P": 31.91, "tau": 19.29, "tau_c": 25.94, "omega": 19.22, "M": 0.74, "D": 0.05, "R": 0.5, "sving": 0.16, "os": 0.11, "foss": 0.0, "juv": 0.0, "B": 1.11, "Q": 49.43, "w": 32.0, "h": 1.55, "S": 0.00127, "elv": "Flatdøla", "km": 9.7}}, {"type": "Feature", "geometry": {"type": "LineString", "coordinates": [[8.60853, 59.53982], [8.60998, 59.53931]]}, "properties": {"P": 38.38, "tau": 19.6, "tau_c": 25.45, "omega": 19.73, "M": 0.77, "D": 0.11, "R": 0.54, "sving": 0.2, "os": 0.17, "foss": 0.0, "juv": 0.0, "B": 1.11, "Q": 49.44, "w": 30.0, "h": 1.64, "S": 0.00122, "elv": "Flatdøla", "km": 9.8}}, {"type": "Feature", "geometry": {"type": "LineString", "coordinates": [[8.60998, 59.53931], [8.61078, 59.53853]]}, "properties": {"P": 41.53, "tau": 14.03, "tau_c": 19.95, "omega": 12.12, "M": 0.7, "D": 0.23, "R": 0.45, "sving": 0.21, "os": 0.27, "foss": 0.0, "juv": 0.0, "B": 1.11, "Q": 49.44, "w": 30.0, "h": 1.91, "S": 0.00075, "elv": "Flatdøla", "km": 9.9}}, {"type": "Feature", "geometry": {"type": "LineString", "coordinates": [[8.61078, 59.53853], [8.61147, 59.53771]]}, "properties": {"P": 47.69, "tau": 12.0, "tau_c": 18.38, "omega": 9.65, "M": 0.65, "D": 0.28, "R": 0.38, "sving": 0.31, "os": 0.44, "foss": 0.0, "juv": 0.0, "B": 1.11, "Q": 49.44, "w": 32.0, "h": 1.92, "S": 0.00064, "elv": "Flatdøla", "km": 10.0}}, {"type": "Feature", "geometry": {"type": "LineString", "coordinates": [[8.61147, 59.53771], [8.61256, 59.53702]]}, "properties": {"P": 49.92, "tau": 8.0, "tau_c": 13.66, "omega": 5.33, "M": 0.59, "D": 0.33, "R": 0.29, "sving": 0.19, "os": 0.72, "foss": 0.0, "juv": 0.0, "B": 1.1, "Q": 49.44, "w": 32.0, "h": 2.32, "S": 0.00035, "elv": "Flatdøla", "km": 10.1}}, {"type": "Feature", "geometry": {"type": "LineString", "coordinates": [[8.61256, 59.53702], [8.6128, 59.53614]]}, "properties": {"P": 53.87, "tau": 6.11, "tau_c": 11.65, "omega": 3.6, "M": 0.52, "D": 0.33, "R": 0.22, "sving": 0.35, "os": 0.85, "foss": 0.0, "juv": 0.0, "B": 1.1, "Q": 49.44, "w": 32.0, "h": 2.62, "S": 0.00024, "elv": "Flatdøla", "km": 10.2}}, {"type": "Feature", "geometry": {"type": "LineString", "coordinates": [[8.6128, 59.53614], [8.61424, 59.53566]]}, "properties": {"P": 38.31, "tau": 5.77, "tau_c": 11.65, "omega": 3.31, "M": 0.5, "D": 0.29, "R": 0.18, "sving": 0.21, "os": 0.53, "foss": 0.0, "juv": 0.0, "B": 1.1, "Q": 49.44, "w": 36.0, "h": 2.39, "S": 0.00025, "elv": "Flatdøla", "km": 10.3}}, {"type": "Feature", "geometry": {"type": "LineString", "coordinates": [[8.61595, 59.53545], [8.61759, 59.53515]]}, "properties": {"P": 18.14, "tau": 4.37, "tau_c": 11.65, "omega": 2.19, "M": 0.37, "D": 0.13, "R": 0.07, "sving": 0.16, "os": 0.23, "foss": 0.0, "juv": 0.0, "B": 1.1, "Q": 49.44, "w": 47.32, "h": 2.09, "S": 0.00021, "elv": "Flatdøla", "km": 10.5}}, {"type": "Feature", "geometry": {"type": "LineString", "coordinates": [[8.61759, 59.53515], [8.61935, 59.53508]]}, "properties": {"P": 12.58, "tau": 4.01, "tau_c": 11.65, "omega": 1.92, "M": 0.34, "D": 0.1, "R": 0.05, "sving": 0.1, "os": 0.14, "foss": 0.0, "juv": 0.0, "B": 1.1, "Q": 49.45, "w": 53.99, "h": 1.92, "S": 0.00021, "elv": "Flatdøla", "km": 10.6}}, {"type": "Feature", "geometry": {"type": "LineString", "coordinates": [[8.61935, 59.53508], [8.62108, 59.53494]]}, "properties": {"P": 5.88, "tau": 3.72, "tau_c": 11.65, "omega": 1.71, "M": 0.32, "D": 0.03, "R": 0.04, "sving": 0.02, "os": 0.09, "foss": 0.0, "juv": 0.0, "B": 1.1, "Q": 49.46, "w": 60.66, "h": 1.78, "S": 0.00021, "elv": "Flatdøla", "km": 10.7}}, {"type": "Feature", "geometry": {"type": "LineString", "coordinates": [[8.62108, 59.53494], [8.62261, 59.53449]]}, "properties": {"P": 8.32, "tau": 3.62, "tau_c": 11.65, "omega": 1.64, "M": 0.31, "D": 0.03, "R": 0.03, "sving": 0.08, "os": 0.13, "foss": 0.0, "juv": 0.0, "B": 1.1, "Q": 49.54, "w": 63.33, "h": 1.73, "S": 0.00021, "elv": "Flatdøla", "km": 10.8}}, {"type": "Feature", "geometry": {"type": "LineString", "coordinates": [[8.62261, 59.53449], [8.62421, 59.53414]]}, "properties": {"P": 10.86, "tau": 4.32, "tau_c": 12.08, "omega": 2.11, "M": 0.36, "D": 0.05, "R": 0.06, "sving": 0.04, "os": 0.2, "foss": 0.0, "juv": 0.0, "B": 1.1, "Q": 49.54, "w": 63.35, "h": 1.6, "S": 0.00028, "elv": "Flatdøla", "km": 10.9}}, {"type": "Feature", "geometry": {"type": "LineString", "coordinates": [[8.62421, 59.53414], [8.6259, 59.53387]]}, "properties": {"P": 17.9, "tau": 4.53, "tau_c": 12.49, "omega": 2.26, "M": 0.36, "D": 0.11, "R": 0.06, "sving": 0.1, "os": 0.32, "foss": 0.0, "juv": 0.0, "B": 1.1, "Q": 49.58, "w": 63.37, "h": 1.57, "S": 0.00029, "elv": "Flatdøla", "km": 11.0}}, {"type": "Feature", "geometry": {"type": "LineString", "coordinates": [[8.60108, 59.53196], [8.60221, 59.53265]]}, "properties": {"P": 10.47, "tau": 141.6, "tau_c": 364.2, "omega": 198.14, "M": 0.39, "D": 0.0, "R": 0.08, "sving": 0.06, "os": 0.0, "foss": 1.0, "juv": 0.0, "B": 0.36, "Q": 0.18, "w": 6.0, "h": 0.02, "S": 0.67714, "elv": "Kløvfossbekken", "km": 0.0}}, {"type": "Feature", "geometry": {"type": "LineString", "coordinates": [[8.60221, 59.53265], [8.60301, 59.53344]]}, "properties": {"P": 11.54, "tau": 141.42, "tau_c": 364.2, "omega": 198.97, "M": 0.39, "D": 0.0, "R": 0.08, "sving": 0.14, "os": 0.0, "foss": 1.0, "juv": 0.0, "B": 0.37, "Q": 0.19, "w": 6.0, "h": 0.02, "S": 0.6509, "elv": "Kløvfossbekken", "km": 0.1}}, {"type": "Feature", "geometry": {"type": "LineString", "coordinates": [[8.60301, 59.53344], [8.604, 59.53414]]}, "properties": {"P": 11.96, "tau": 168.88, "tau_c": 364.2, "omega": 257.97, "M": 0.46, "D": 0.0, "R": 0.15, "sving": 0.04, "os": 0.0, "foss": 1.0, "juv": 0.0, "B": 0.38, "Q": 0.19, "w": 6.0, "h": 0.02, "S": 0.80926, "elv": "Kløvfossbekken", "km": 0.2}}, {"type": "Feature", "geometry": {"type": "LineString", "coordinates": [[8.604, 59.53414], [8.60545, 59.53464]]}, "properties": {"P": 12.68, "tau": 178.64, "tau_c": 364.2, "omega": 281.14, "M": 0.49, "D": 0.0, "R": 0.18, "sving": 0.03, "os": 0.0, "foss": 1.0, "juv": 0.0, "B": 0.39, "Q": 0.2, "w": 6.0, "h": 0.02, "S": 0.84719, "elv": "Kløvfossbekken", "km": 0.3}}, {"type": "Feature", "geometry": {"type": "LineString", "coordinates": [[8.60545, 59.53464], [8.60644, 59.53538]]}, "properties": {"P": 13.54, "tau": 177.73, "tau_c": 364.2, "omega": 280.6, "M": 0.49, "D": 0.02, "R": 0.17, "sving": 0.07, "os": 0.0, "foss": 1.0, "juv": 0.0, "B": 0.4, "Q": 0.21, "w": 6.0, "h": 0.02, "S": 0.8135, "elv": "Kløvfossbekken", "km": 0.4}}, {"type": "Feature", "geometry": {"type": "LineString", "coordinates": [[8.60644, 59.53538], [8.60737, 59.53615]]}, "properties": {"P": 14.06, "tau": 166.46, "tau_c": 364.2, "omega": 256.82, "M": 0.46, "D": 0.03, "R": 0.14, "sving": 0.13, "os": 0.0, "foss": 1.0, "juv": 0.0, "B": 0.41, "Q": 0.22, "w": 6.0, "h": 0.02, "S": 0.71735, "elv": "Kløvfossbekken", "km": 0.5}}, {"type": "Feature", "geometry": {"type": "LineString", "coordinates": [[8.60737, 59.53615], [8.60862, 59.53676]]}, "properties": {"P": 16.01, "tau": 157.59, "tau_c": 364.2, "omega": 238.65, "M": 0.43, "D": 0.06, "R": 0.12, "sving": 0.29, "os": 0.0, "foss": 1.0, "juv": 0.0, "B": 0.42, "Q": 0.23, "w": 6.0, "h": 0.02, "S": 0.64309, "elv": "Kløvfossbekken", "km": 0.6}}, {"type": "Feature", "geometry": {"type": "LineString", "coordinates": [[8.60862, 59.53676], [8.61031, 59.53699]]}, "properties": {"P": 17.42, "tau": 163.38, "tau_c": 364.2, "omega": 252.51, "M": 0.45, "D": 0.11, "R": 0.13, "sving": 0.3, "os": 0.0, "foss": 1.0, "juv": 0.0, "B": 0.43, "Q": 0.23, "w": 6.0, "h": 0.03, "S": 0.65728, "elv": "Kløvfossbekken", "km": 0.7}}, {"type": "Feature", "geometry": {"type": "LineString", "coordinates": [[8.61031, 59.53699], [8.61202, 59.53717]]}, "properties": {"P": 17.23, "tau": 130.08, "tau_c": 364.2, "omega": 183.1, "M": 0.36, "D": 0.18, "R": 0.06, "sving": 0.28, "os": 0.0, "foss": 1.0, "juv": 0.0, "B": 0.43, "Q": 0.24, "w": 6.0, "h": 0.03, "S": 0.46091, "elv": "Kløvfossbekken", "km": 0.8}}, {"type": "Feature", "geometry": {"type": "LineString", "coordinates": [[8.5428, 59.55167], [8.54218, 59.5525]]}, "properties": {"P": 15.49, "tau": 106.74, "tau_c": 350.57, "omega": 147.09, "M": 0.3, "D": 0.0, "R": 0.03, "sving": 0.08, "os": 0.1, "foss": 1.0, "juv": 0.0, "B": 0.52, "Q": 0.39, "w": 6.0, "h": 0.05, "S": 0.23164, "elv": "Tverråi", "km": 1.7}}, {"type": "Feature", "geometry": {"type": "LineString", "coordinates": [[8.54218, 59.5525], [8.54219, 59.55334]]}, "properties": {"P": 20.05, "tau": 119.45, "tau_c": 364.2, "omega": 173.12, "M": 0.33, "D": 0.0, "R": 0.04, "sving": 0.34, "os": 0.16, "foss": 1.0, "juv": 0.0, "B": 0.52, "Q": 0.39, "w": 6.0, "h": 0.05, "S": 0.26905, "elv": "Tverråi", "km": 1.8}}, {"type": "Feature", "geometry": {"type": "LineString", "coordinates": [[8.54219, 59.55334], [8.54172, 59.55412]]}, "properties": {"P": 18.75, "tau": 130.04, "tau_c": 364.2, "omega": 195.63, "M": 0.36, "D": 0.0, "R": 0.06, "sving": 0.11, "os": 0.26, "foss": 1.0, "juv": 0.0, "B": 0.53, "Q": 0.4, "w": 6.0, "h": 0.04, "S": 0.3027, "elv": "Tverråi", "km": 1.9}}, {"type": "Feature", "geometry": {"type": "LineString", "coordinates": [[8.54172, 59.55412], [8.5425, 59.55492]]}, "properties": {"P": 19.29, "tau": 120.06, "tau_c": 364.2, "omega": 173.53, "M": 0.33, "D": 0.0, "R": 0.04, "sving": 0.03, "os": 0.39, "foss": 1.0, "juv": 0.0, "B": 0.53, "Q": 0.4, "w": 6.35, "h": 0.04, "S": 0.2806, "elv": "Tverråi", "km": 2.0}}, {"type": "Feature", "geometry": {"type": "LineString", "coordinates": [[8.5425, 59.55492], [8.54237, 59.55573]]}, "properties": {"P": 23.95, "tau": 126.51, "tau_c": 364.2, "omega": 185.81, "M": 0.35, "D": 0.0, "R": 0.05, "sving": 0.13, "os": 0.62, "foss": 1.0, "juv": 0.0, "B": 0.53, "Q": 0.4, "w": 6.71, "h": 0.04, "S": 0.31604, "elv": "Tverråi", "km": 2.1}}, {"type": "Feature", "geometry": {"type": "LineString", "coordinates": [[8.54237, 59.55573], [8.54224, 59.55662]]}, "properties": {"P": 35.35, "tau": 178.2, "tau_c": 364.2, "omega": 327.74, "M": 0.49, "D": 0.0, "R": 0.18, "sving": 0.17, "os": 0.97, "foss": 1.0, "juv": 0.0, "B": 0.59, "Q": 0.74, "w": 7.08, "h": 0.06, "S": 0.31788, "elv": "Tverråi", "km": 2.2}}, {"type": "Feature", "geometry": {"type": "LineString", "coordinates": [[8.54224, 59.55662], [8.54233, 59.55751]]}, "properties": {"P": 31.61, "tau": 158.79, "tau_c": 364.2, "omega": 276.31, "M": 0.44, "D": 0.05, "R": 0.12, "sving": 0.27, "os": 0.62, "foss": 1.0, "juv": 0.0, "B": 0.6, "Q": 0.75, "w": 7.45, "h": 0.06, "S": 0.27992, "elv": "Tverråi", "km": 2.3}}, {"type": "Feature", "geometry": {"type": "LineString", "coordinates": [[8.54233, 59.55751], [8.54234, 59.5584]]}, "properties": {"P": 27.92, "tau": 130.59, "tau_c": 340.64, "omega": 207.85, "M": 0.38, "D": 0.09, "R": 0.08, "sving": 0.26, "os": 0.38, "foss": 1.0, "juv": 0.0, "B": 0.6, "Q": 0.76, "w": 7.83, "h": 0.06, "S": 0.2187, "elv": "Tverråi", "km": 2.4}}, {"type": "Feature", "geometry": {"type": "LineString", "coordinates": [[8.54234, 59.5584], [8.54334, 59.5591]]}, "properties": {"P": 26.81, "tau": 127.19, "tau_c": 334.17, "omega": 200.17, "M": 0.38, "D": 0.12, "R": 0.07, "sving": 0.29, "os": 0.23, "foss": 1.0, "juv": 0.0, "B": 0.61, "Q": 0.76, "w": 7.86, "h": 0.06, "S": 0.21047, "elv": "Tverråi", "km": 2.5}}, {"type": "Feature", "geometry": {"type": "LineString", "coordinates": [[8.54334, 59.5591], [8.54431, 59.55977]]}, "properties": {"P": 26.46, "tau": 124.82, "tau_c": 329.08, "omega": 194.96, "M": 0.38, "D": 0.1, "R": 0.07, "sving": 0.36, "os": 0.15, "foss": 1.0, "juv": 0.0, "B": 0.61, "Q": 0.77, "w": 7.88, "h": 0.06, "S": 0.20411, "elv": "Tverråi", "km": 2.6}}, {"type": "Feature", "geometry": {"type": "LineString", "coordinates": [[8.54431, 59.55977], [8.5456, 59.56036]]}, "properties": {"P": 20.84, "tau": 108.86, "tau_c": 297.9, "omega": 160.34, "M": 0.37, "D": 0.1, "R": 0.06, "sving": 0.05, "os": 0.1, "foss": 1.0, "juv": 0.0, "B": 0.61, "Q": 0.77, "w": 7.91, "h": 0.07, "S": 0.16727, "elv": "Tverråi", "km": 2.7}}, {"type": "Feature", "geometry": {"type": "LineString", "coordinates": [[8.5456, 59.56036], [8.54702, 59.56086]]}, "properties": {"P": 19.58, "tau": 97.7, "tau_c": 275.48, "omega": 137.37, "M": 0.35, "D": 0.08, "R": 0.06, "sving": 0.04, "os": 0.07, "foss": 1.0, "juv": 0.0, "B": 0.62, "Q": 0.78, "w": 7.93, "h": 0.07, "S": 0.14303, "elv": "Tverråi", "km": 2.8}}, {"type": "Feature", "geometry": {"type": "LineString", "coordinates": [[8.54702, 59.56086], [8.54825, 59.5615]]}, "properties": {"P": 23.55, "tau": 103.19, "tau_c": 285.89, "omega": 148.66, "M": 0.36, "D": 0.1, "R": 0.06, "sving": 0.31, "os": 0.0, "foss": 1.0, "juv": 0.0, "B": 0.62, "Q": 0.78, "w": 7.96, "h": 0.07, "S": 0.15405, "elv": "Tverråi", "km": 2.9}}, {"type": "Feature", "geometry": {"type": "LineString", "coordinates": [[8.54825, 59.5615], [8.54905, 59.56218]]}, "properties": {"P": 25.37, "tau": 104.62, "tau_c": 288.66, "omega": 151.65, "M": 0.36, "D": 0.18, "R": 0.06, "sving": 0.32, "os": 0.0, "foss": 1.0, "juv": 0.0, "B": 0.62, "Q": 0.79, "w": 7.98, "h": 0.07, "S": 0.15705, "elv": "Tverråi", "km": 3.0}}, {"type": "Feature", "geometry": {"type": "LineString", "coordinates": [[8.54921, 59.56392], [8.54977, 59.56474]]}, "properties": {"P": 71.16, "tau": 396.86, "tau_c": 263.26, "omega": 1443.77, "M": 1.51, "D": 0.0, "R": 1.0, "sving": 0.17, "os": 0.0, "foss": 1.0, "juv": 0.0, "B": 1.03, "Q": 43.96, "w": 39.02, "h": 0.31, "S": 0.13063, "elv": "Tverråi", "km": 3.3}}, {"type": "Feature", "geometry": {"type": "LineString", "coordinates": [[8.58172, 59.53949], [8.5823, 59.54034]]}, "properties": {"P": 9.58, "tau": 112.1, "tau_c": 364.2, "omega": 131.58, "M": 0.31, "D": 0.0, "R": 0.03, "sving": 0.12, "os": 0.0, "foss": 1.0, "juv": 0.0, "B": 0.34, "Q": 0.1, "w": 6.0, "h": 0.01, "S": 0.76964, "elv": "bekk", "km": 0.0}}, {"type": "Feature", "geometry": {"type": "LineString", "coordinates": [[8.5823, 59.54034], [8.58267, 59.54121]]}, "properties": {"P": 8.91, "tau": 115.05, "tau_c": 364.2, "omega": 137.98, "M": 0.32, "D": 0.0, "R": 0.03, "sving": 0.03, "os": 0.0, "foss": 1.0, "juv": 0.0, "B": 0.34, "Q": 0.11, "w": 6.0, "h": 0.02, "S": 0.74973, "elv": "bekk", "km": 0.1}}, {"type": "Feature", "geometry": {"type": "LineString", "coordinates": [[8.58267, 59.54121], [8.58349, 59.54199]]}, "properties": {"P": 9.5, "tau": 118.47, "tau_c": 364.2, "omega": 145.28, "M": 0.33, "D": 0.0, "R": 0.04, "sving": 0.09, "os": 0.0, "foss": 1.0, "juv": 0.0, "B": 0.34, "Q": 0.12, "w": 6.0, "h": 0.02, "S": 0.737, "elv": "bekk", "km": 0.2}}, {"type": "Feature", "geometry": {"type": "LineString", "coordinates": [[8.58349, 59.54199], [8.58398, 59.54285]]}, "properties": {"P": 11.14, "tau": 120.6, "tau_c": 364.2, "omega": 150.37, "M": 0.33, "D": 0.01, "R": 0.04, "sving": 0.24, "os": 0.0, "foss": 1.0, "juv": 0.0, "B": 0.34, "Q": 0.13, "w": 6.0, "h": 0.02, "S": 0.71535, "elv": "bekk", "km": 0.3}}, {"type": "Feature", "geometry": {"type": "LineString", "coordinates": [[8.58398, 59.54285], [8.58493, 59.5436]]}, "properties": {"P": 11.43, "tau": 115.69, "tau_c": 364.2, "omega": 142.9, "M": 0.32, "D": 0.04, "R": 0.04, "sving": 0.24, "os": 0.0, "foss": 1.0, "juv": 0.0, "B": 0.35, "Q": 0.14, "w": 6.0, "h": 0.02, "S": 0.63997, "elv": "bekk", "km": 0.4}}, {"type": "Feature", "geometry": {"type": "LineString", "coordinates": [[8.59536, 59.54546], [8.59634, 59.54475]]}, "properties": {"P": 41.4, "tau": 17.35, "tau_c": 24.2, "omega": 16.48, "M": 0.72, "D": 0.0, "R": 0.47, "sving": 0.35, "os": 0.43, "foss": 0.0, "juv": 0.0, "B": 1.08, "Q": 49.41, "w": 32.48, "h": 1.6, "S": 0.0011, "elv": "Kyrsveltbekken", "km": 2.9}}, {"type": "Feature", "geometry": {"type": "LineString", "coordinates": [[8.59634, 59.54475], [8.59679, 59.54392]]}, "properties": {"P": 31.66, "tau": 14.42, "tau_c": 24.2, "omega": 12.38, "M": 0.6, "D": 0.16, "R": 0.31, "sving": 0.2, "os": 0.27, "foss": 0.0, "juv": 0.0, "B": 1.09, "Q": 49.41, "w": 43.22, "h": 1.33, "S": 0.0011, "elv": "Kyrsveltbekken", "km": 3.0}}, {"type": "Feature", "geometry": {"type": "LineString", "coordinates": [[8.59679, 59.54392], [8.59688, 59.54303]]}, "properties": {"P": 26.08, "tau": 6.07, "tau_c": 14.28, "omega": 3.49, "M": 0.43, "D": 0.39, "R": 0.11, "sving": 0.1, "os": 0.17, "foss": 0.0, "juv": 0.0, "B": 1.09, "Q": 49.41, "w": 53.31, "h": 1.61, "S": 0.00038, "elv": "Kyrsveltbekken", "km": 3.1}}, {"type": "Feature", "geometry": {"type": "LineString", "coordinates": [[8.58315, 59.50752], [8.58155, 59.50724]]}, "properties": {"P": 9.15, "tau": 111.08, "tau_c": 364.2, "omega": 130.07, "M": 0.31, "D": 0.0, "R": 0.03, "sving": 0.02, "os": 0.09, "foss": 1.0, "juv": 0.0, "B": 0.32, "Q": 0.11, "w": 6.0, "h": 0.02, "S": 0.75314, "elv": "bekk", "km": 0.6}}, {"type": "Feature", "geometry": {"type": "LineString", "coordinates": [[8.58155, 59.50724], [8.58116, 59.50638]]}, "properties": {"P": 10.19, "tau": 112.12, "tau_c": 364.2, "omega": 133.17, "M": 0.31, "D": 0.03, "R": 0.03, "sving": 0.07, "os": 0.12, "foss": 1.0, "juv": 0.0, "B": 0.32, "Q": 0.11, "w": 6.0, "h": 0.02, "S": 0.71681, "elv": "bekk", "km": 0.7}}, {"type": "Feature", "geometry": {"type": "LineString", "coordinates": [[8.47779, 59.41592], [8.47628, 59.41554]]}, "properties": {"P": 22.96, "tau": 116.16, "tau_c": 342.55, "omega": 170.54, "M": 0.34, "D": 0.01, "R": 0.05, "sving": 0.19, "os": 1.0, "foss": 1.0, "juv": 0.0, "B": 0.41, "Q": 0.5, "w": 6.38, "h": 0.05, "S": 0.22117, "elv": "Bakkeåi", "km": 0.0}}, {"type": "Feature", "geometry": {"type": "LineString", "coordinates": [[8.47628, 59.41554], [8.47464, 59.41525]]}, "properties": {"P": 19.46, "tau": 116.9, "tau_c": 343.44, "omega": 172.2, "M": 0.34, "D": 0.03, "R": 0.05, "sving": 0.19, "os": 0.62, "foss": 1.0, "juv": 0.0, "B": 0.41, "Q": 0.5, "w": 6.38, "h": 0.05, "S": 0.22232, "elv": "Bakkeåi", "km": 0.1}}, {"type": "Feature", "geometry": {"type": "LineString", "coordinates": [[8.47464, 59.41525], [8.47294, 59.41507]]}, "properties": {"P": 17.03, "tau": 107.61, "tau_c": 323.64, "omega": 152.95, "M": 0.33, "D": 0.08, "R": 0.04, "sving": 0.13, "os": 0.38, "foss": 1.0, "juv": 0.0, "B": 0.41, "Q": 0.5, "w": 6.39, "h": 0.06, "S": 0.19742, "elv": "Bakkeåi", "km": 0.2}}, {"type": "Feature", "geometry": {"type": "LineString", "coordinates": [[8.47294, 59.41507], [8.47181, 59.41442]]}, "properties": {"P": 17.09, "tau": 99.06, "tau_c": 305.12, "omega": 135.83, "M": 0.32, "D": 0.12, "R": 0.04, "sving": 0.24, "os": 0.23, "foss": 1.0, "juv": 0.0, "B": 0.41, "Q": 0.5, "w": 6.39, "h": 0.06, "S": 0.17548, "elv": "Bakkeåi", "km": 0.3}}, {"type": "Feature", "geometry": {"type": "LineString", "coordinates": [[8.47181, 59.41442], [8.47064, 59.41378]]}, "properties": {"P": 18.72, "tau": 83.34, "tau_c": 269.53, "omega": 106.04, "M": 0.31, "D": 0.21, "R": 0.03, "sving": 0.38, "os": 0.15, "foss": 1.0, "juv": 0.0, "B": 0.41, "Q": 0.51, "w": 6.4, "h": 0.06, "S": 0.13692, "elv": "Bakkeåi", "km": 0.4}}, {"type": "Feature", "geometry": {"type": "LineString", "coordinates": [[8.39153, 59.51367], [8.39239, 59.51294]]}, "properties": {"P": 7.41, "tau": 104.47, "tau_c": 325.17, "omega": 145.36, "M": 0.32, "D": 0.04, "R": 0.04, "sving": 0.03, "os": 0.0, "foss": 1.0, "juv": 0.0, "B": 0.27, "Q": 0.46, "w": 6.14, "h": 0.05, "S": 0.19929, "elv": "Skarastaulåi", "km": 0.0}}, {"type": "Feature", "geometry": {"type": "LineString", "coordinates": [[8.39239, 59.51294], [8.3939, 59.51255]]}, "properties": {"P": 17.08, "tau": 86.64, "tau_c": 285.43, "omega": 111.05, "M": 0.3, "D": 0.09, "R": 0.03, "sving": 0.54, "os": 0.0, "foss": 1.0, "juv": 0.0, "B": 0.41, "Q": 0.46, "w": 6.2, "h": 0.06, "S": 0.15356, "elv": "Skarastaulåi", "km": 0.1}}, {"type": "Feature", "geometry": {"type": "LineString", "coordinates": [[8.3939, 59.51255], [8.39461, 59.5119]]}, "properties": {"P": 19.68, "tau": 79.97, "tau_c": 260.31, "omega": 100.08, "M": 0.31, "D": 0.11, "R": 0.03, "sving": 0.74, "os": 0.0, "foss": 1.0, "juv": 0.0, "B": 0.42, "Q": 0.5, "w": 6.28, "h": 0.06, "S": 0.12772, "elv": "Skarastaulåi", "km": 0.2}}, {"type": "Feature", "geometry": {"type": "LineString", "coordinates": [[8.39461, 59.5119], [8.39381, 59.5112]]}, "properties": {"P": 14.91, "tau": 75.32, "tau_c": 250.83, "omega": 91.7, "M": 0.3, "D": 0.12, "R": 0.03, "sving": 0.53, "os": 0.0, "foss": 0.72, "juv": 0.0, "B": 0.42, "Q": 0.5, "w": 6.37, "h": 0.06, "S": 0.11858, "elv": "Skarastaulåi", "km": 0.3}}, {"type": "Feature", "geometry": {"type": "LineString", "coordinates": [[8.39381, 59.5112], [8.39287, 59.51113]]}, "properties": {"P": 7.95, "tau": 76.86, "tau_c": 251.73, "omega": 94.72, "M": 0.31, "D": 0.14, "R": 0.03, "sving": 0.02, "os": 0.0, "foss": 0.51, "juv": 0.0, "B": 0.42, "Q": 0.52, "w": 6.45, "h": 0.07, "S": 0.11943, "elv": "Skarastaulåi", "km": 0.4}}, {"type": "Feature", "geometry": {"type": "LineString", "coordinates": [[8.39388, 59.50877], [8.39463, 59.50797]]}, "properties": {"P": 11.57, "tau": 83.68, "tau_c": 267.94, "omega": 106.97, "M": 0.31, "D": 0.0, "R": 0.03, "sving": 0.07, "os": 0.0, "foss": 1.0, "juv": 0.0, "B": 0.42, "Q": 0.53, "w": 6.52, "h": 0.06, "S": 0.13531, "elv": "Skarastaulåi", "km": 0.8}}, {"type": "Feature", "geometry": {"type": "LineString", "coordinates": [[8.39463, 59.50797], [8.3959, 59.50735]]}, "properties": {"P": 11.52, "tau": 96.28, "tau_c": 296.31, "omega": 130.79, "M": 0.32, "D": 0.0, "R": 0.04, "sving": 0.06, "os": 0.0, "foss": 1.0, "juv": 0.0, "B": 0.42, "Q": 0.53, "w": 6.53, "h": 0.06, "S": 0.16548, "elv": "Skarastaulåi", "km": 0.9}}, {"type": "Feature", "geometry": {"type": "LineString", "coordinates": [[8.3959, 59.50735], [8.39693, 59.50665]]}, "properties": {"P": 13.92, "tau": 99.01, "tau_c": 302.3, "omega": 136.13, "M": 0.33, "D": 0.0, "R": 0.04, "sving": 0.29, "os": 0.0, "foss": 1.0, "juv": 0.0, "B": 0.42, "Q": 0.53, "w": 6.53, "h": 0.06, "S": 0.17224, "elv": "Skarastaulåi", "km": 1.0}}, {"type": "Feature", "geometry": {"type": "LineString", "coordinates": [[8.39693, 59.50665], [8.39792, 59.50595]]}, "properties": {"P": 14.27, "tau": 99.85, "tau_c": 304.13, "omega": 137.79, "M": 0.33, "D": 0.01, "R": 0.04, "sving": 0.31, "os": 0.0, "foss": 1.0, "juv": 0.0, "B": 0.42, "Q": 0.53, "w": 6.53, "h": 0.06, "S": 0.17434, "elv": "Skarastaulåi", "km": 1.1}}, {"type": "Feature", "geometry": {"type": "LineString", "coordinates": [[8.39792, 59.50595], [8.39943, 59.50566]]}, "properties": {"P": 13.94, "tau": 96.71, "tau_c": 301.7, "omega": 131.07, "M": 0.32, "D": 0.05, "R": 0.04, "sving": 0.23, "os": 0.0, "foss": 1.0, "juv": 0.0, "B": 0.42, "Q": 0.53, "w": 6.75, "h": 0.06, "S": 0.17156, "elv": "Skarastaulåi", "km": 1.2}}, {"type": "Feature", "geometry": {"type": "LineString", "coordinates": [[8.39943, 59.50566], [8.40118, 59.50572]]}, "properties": {"P": 14.11, "tau": 94.77, "tau_c": 301.68, "omega": 126.79, "M": 0.31, "D": 0.13, "R": 0.03, "sving": 0.14, "os": 0.0, "foss": 1.0, "juv": 0.0, "B": 0.42, "Q": 0.53, "w": 6.98, "h": 0.06, "S": 0.17154, "elv": "Skarastaulåi", "km": 1.3}}, {"type": "Feature", "geometry": {"type": "LineString", "coordinates": [[8.40118, 59.50572], [8.40282, 59.50544]]}, "properties": {"P": 11.76, "tau": 70.56, "tau_c": 221.99, "omega": 85.67, "M": 0.32, "D": 0.23, "R": 0.04, "sving": 0.01, "os": 0.0, "foss": 0.72, "juv": 0.0, "B": 0.44, "Q": 0.72, "w": 7.69, "h": 0.08, "S": 0.09288, "elv": "Skarastaulåi", "km": 1.4}}, {"type": "Feature", "geometry": {"type": "LineString", "coordinates": [[8.40429, 59.50496], [8.40595, 59.50466]]}, "properties": {"P": 12.9, "tau": 44.74, "tau_c": 135.94, "omega": 46.95, "M": 0.33, "D": 0.21, "R": 0.04, "sving": 0.04, "os": 0.0, "foss": 0.72, "juv": 0.0, "B": 0.48, "Q": 1.25, "w": 9.11, "h": 0.13, "S": 0.03483, "elv": "Skarastaulåi", "km": 1.6}}, {"type": "Feature", "geometry": {"type": "LineString", "coordinates": [[8.40595, 59.50466], [8.40758, 59.50433]]}, "properties": {"P": 9.37, "tau": 38.63, "tau_c": 125.23, "omega": 37.8, "M": 0.31, "D": 0.11, "R": 0.03, "sving": 0.09, "os": 0.0, "foss": 0.51, "juv": 0.0, "B": 0.48, "Q": 1.25, "w": 9.63, "h": 0.13, "S": 0.02956, "elv": "Skarastaulåi", "km": 1.7}}, {"type": "Feature", "geometry": {"type": "LineString", "coordinates": [[8.40758, 59.50433], [8.40912, 59.50398]]}, "properties": {"P": 13.43, "tau": 39.77, "tau_c": 130.62, "omega": 39.2, "M": 0.3, "D": 0.02, "R": 0.03, "sving": 0.07, "os": 0.0, "foss": 1.0, "juv": 0.0, "B": 0.48, "Q": 1.26, "w": 10.14, "h": 0.13, "S": 0.03216, "elv": "Skarastaulåi", "km": 1.8}}, {"type": "Feature", "geometry": {"type": "LineString", "coordinates": [[8.40912, 59.50398], [8.41075, 59.50369]]}, "properties": {"P": 9.8, "tau": 43.91, "tau_c": 139.09, "omega": 45.3, "M": 0.32, "D": 0.0, "R": 0.03, "sving": 0.05, "os": 0.0, "foss": 0.72, "juv": 0.0, "B": 0.48, "Q": 1.29, "w": 10.18, "h": 0.12, "S": 0.03646, "elv": "Skarastaulåi", "km": 1.9}}, {"type": "Feature", "geometry": {"type": "LineString", "coordinates": [[8.41075, 59.50369], [8.41216, 59.50327]]}, "properties": {"P": 13.0, "tau": 47.16, "tau_c": 146.33, "omega": 50.19, "M": 0.32, "D": 0.0, "R": 0.04, "sving": 0.04, "os": 0.0, "foss": 1.0, "juv": 0.0, "B": 0.48, "Q": 1.3, "w": 10.22, "h": 0.12, "S": 0.04036, "elv": "Skarastaulåi", "km": 2.0}}, {"type": "Feature", "geometry": {"type": "LineString", "coordinates": [[8.41216, 59.50327], [8.41366, 59.50285]]}, "properties": {"P": 12.8, "tau": 47.25, "tau_c": 146.6, "omega": 50.33, "M": 0.32, "D": 0.0, "R": 0.04, "sving": 0.02, "os": 0.0, "foss": 1.0, "juv": 0.0, "B": 0.48, "Q": 1.3, "w": 10.25, "h": 0.12, "S": 0.0405, "elv": "Skarastaulåi", "km": 2.1}}, {"type": "Feature", "geometry": {"type": "LineString", "coordinates": [[8.41366, 59.50285], [8.41515, 59.50241]]}, "properties": {"P": 16.13, "tau": 44.82, "tau_c": 141.19, "omega": 46.65, "M": 0.32, "D": 0.0, "R": 0.04, "sving": 0.3, "os": 0.0, "foss": 1.0, "juv": 0.0, "B": 0.48, "Q": 1.3, "w": 10.28, "h": 0.12, "S": 0.03757, "elv": "Skarastaulåi", "km": 2.2}}, {"type": "Feature", "geometry": {"type": "LineString", "coordinates": [[8.41515, 59.50241], [8.41646, 59.50213]]}, "properties": {"P": 16.73, "tau": 49.16, "tau_c": 151.0, "omega": 53.25, "M": 0.33, "D": 0.02, "R": 0.04, "sving": 0.61, "os": 0.0, "foss": 0.72, "juv": 0.0, "B": 0.48, "Q": 1.3, "w": 10.3, "h": 0.12, "S": 0.04298, "elv": "Skarastaulåi", "km": 2.3}}, {"type": "Feature", "geometry": {"type": "LineString", "coordinates": [[8.41646, 59.50213], [8.41683, 59.50137]]}, "properties": {"P": 8.57, "tau": 46.19, "tau_c": 143.44, "omega": 48.8, "M": 0.32, "D": 0.07, "R": 0.04, "sving": 0.05, "os": 0.0, "foss": 0.51, "juv": 0.0, "B": 0.48, "Q": 1.32, "w": 10.33, "h": 0.12, "S": 0.03878, "elv": "Skarastaulåi", "km": 2.4}}, {"type": "Feature", "geometry": {"type": "LineString", "coordinates": [[8.41683, 59.50137], [8.41593, 59.50064]]}, "properties": {"P": 15.27, "tau": 39.08, "tau_c": 127.25, "omega": 38.39, "M": 0.31, "D": 0.12, "R": 0.03, "sving": 0.08, "os": 0.0, "foss": 1.0, "juv": 0.0, "B": 0.48, "Q": 1.33, "w": 10.35, "h": 0.13, "S": 0.03052, "elv": "Skarastaulåi", "km": 2.5}}, {"type": "Feature", "geometry": {"type": "LineString", "coordinates": [[8.39664, 59.48434], [8.39656, 59.48344]]}, "properties": {"P": 18.51, "tau": 90.81, "tau_c": 186.91, "omega": 137.55, "M": 0.49, "D": 0.0, "R": 0.17, "sving": 0.03, "os": 0.0, "foss": 1.0, "juv": 0.0, "B": 0.58, "Q": 2.23, "w": 10.46, "h": 0.14, "S": 0.06585, "elv": "bekk", "km": 0.8}}, {"type": "Feature", "geometry": {"type": "LineString", "coordinates": [[8.39656, 59.48344], [8.39721, 59.48279]]}, "properties": {"P": 17.2, "tau": 70.84, "tau_c": 165.86, "omega": 94.84, "M": 0.43, "D": 0.06, "R": 0.11, "sving": 0.17, "os": 0.05, "foss": 0.72, "juv": 0.0, "B": 0.58, "Q": 2.23, "w": 11.94, "h": 0.14, "S": 0.05185, "elv": "bekk", "km": 0.9}}, {"type": "Feature", "geometry": {"type": "LineString", "coordinates": [[8.17809, 59.56723], [8.17877, 59.56645]]}, "properties": {"P": 49.39, "tau": 41.3, "tau_c": 95.83, "omega": 46.39, "M": 0.43, "D": 0.03, "R": 0.12, "sving": 0.4, "os": 1.0, "foss": 1.0, "juv": 0.0, "B": 0.76, "Q": 6.2, "w": 22.69, "h": 0.24, "S": 0.01731, "elv": "Storeå", "km": 0.0}}, {"type": "Feature", "geometry": {"type": "LineString", "coordinates": [[8.17877, 59.56645], [8.17901, 59.56558]]}, "properties": {"P": 32.33, "tau": 34.3, "tau_c": 84.33, "omega": 35.49, "M": 0.41, "D": 0.06, "R": 0.09, "sving": 0.15, "os": 0.62, "foss": 0.72, "juv": 0.0, "B": 0.77, "Q": 6.2, "w": 22.98, "h": 0.26, "S": 0.0134, "elv": "Storeå", "km": 0.1}}, {"type": "Feature", "geometry": {"type": "LineString", "coordinates": [[8.17901, 59.56558], [8.1788, 59.5647]]}, "properties": {"P": 30.0, "tau": 32.62, "tau_c": 77.57, "omega": 33.51, "M": 0.42, "D": 0.1, "R": 0.11, "sving": 0.36, "os": 0.38, "foss": 0.51, "juv": 0.0, "B": 0.78, "Q": 7.01, "w": 23.26, "h": 0.29, "S": 0.01134, "elv": "Storeå", "km": 0.2}}, {"type": "Feature", "geometry": {"type": "LineString", "coordinates": [[8.1788, 59.5647], [8.179, 59.56382]]}, "properties": {"P": 28.63, "tau": 35.08, "tau_c": 82.14, "omega": 37.14, "M": 0.43, "D": 0.11, "R": 0.11, "sving": 0.56, "os": 0.24, "foss": 0.37, "juv": 0.0, "B": 0.78, "Q": 7.01, "w": 23.54, "h": 0.28, "S": 0.01272, "elv": "Storeå", "km": 0.3}}, {"type": "Feature", "geometry": {"type": "LineString", "coordinates": [[8.179, 59.56382], [8.17814, 59.56311]]}, "properties": {"P": 11.46, "tau": 24.38, "tau_c": 63.64, "omega": 22.01, "M": 0.38, "D": 0.19, "R": 0.08, "sving": 0.06, "os": 0.16, "foss": 0.0, "juv": 0.0, "B": 0.78, "Q": 7.01, "w": 23.85, "h": 0.33, "S": 0.00763, "elv": "Storeå", "km": 0.4}}, {"type": "Feature", "geometry": {"type": "LineString", "coordinates": [[8.17814, 59.56311], [8.17652, 59.56292]]}, "properties": {"P": 14.69, "tau": 24.37, "tau_c": 63.64, "omega": 21.99, "M": 0.38, "D": 0.18, "R": 0.08, "sving": 0.16, "os": 0.23, "foss": 0.0, "juv": 0.0, "B": 0.78, "Q": 7.01, "w": 23.87, "h": 0.33, "S": 0.00763, "elv": "Storeå", "km": 0.5}}, {"type": "Feature", "geometry": {"type": "LineString", "coordinates": [[8.17652, 59.56292], [8.17604, 59.56212]]}, "properties": {"P": 11.39, "tau": 15.78, "tau_c": 46.42, "omega": 11.79, "M": 0.34, "D": 0.19, "R": 0.05, "sving": 0.02, "os": 0.23, "foss": 0.0, "juv": 0.0, "B": 0.79, "Q": 7.07, "w": 23.89, "h": 0.4, "S": 0.00406, "elv": "Storeå", "km": 0.6}}, {"type": "Feature", "geometry": {"type": "LineString", "coordinates": [[8.17604, 59.56212], [8.17687, 59.56144]]}, "properties": {"P": 20.6, "tau": 19.3, "tau_c": 53.67, "omega": 15.75, "M": 0.36, "D": 0.13, "R": 0.06, "sving": 0.48, "os": 0.32, "foss": 0.0, "juv": 0.0, "B": 0.79, "Q": 7.07, "w": 23.91, "h": 0.36, "S": 0.00543, "elv": "Storeå", "km": 0.7}}, {"type": "Feature", "geometry": {"type": "LineString", "coordinates": [[8.17687, 59.56144], [8.17605, 59.56066]]}, "properties": {"P": 21.51, "tau": 18.0, "tau_c": 51.06, "omega": 14.24, "M": 0.35, "D": 0.17, "R": 0.05, "sving": 0.3, "os": 0.49, "foss": 0.0, "juv": 0.0, "B": 0.79, "Q": 7.07, "w": 23.93, "h": 0.37, "S": 0.00491, "elv": "Storeå", "km": 0.8}}, {"type": "Feature", "geometry": {"type": "LineString", "coordinates": [[8.17442, 59.55942], [8.17453, 59.55865]]}, "properties": {"P": 10.64, "tau": 17.26, "tau_c": 42.83, "omega": 14.04, "M": 0.4, "D": 0.0, "R": 0.09, "sving": 0.08, "os": 0.29, "foss": 0.0, "juv": 0.0, "B": 0.84, "Q": 11.56, "w": 27.93, "h": 0.51, "S": 0.00346, "elv": "Storeå", "km": 1.1}}, {"type": "Feature", "geometry": {"type": "LineString", "coordinates": [[7.97853, 59.56613], [7.98028, 59.56622]]}, "properties": {"P": 33.21, "tau": 177.19, "tau_c": 100.05, "omega": 509.22, "M": 1.77, "D": 0.03, "R": 0.96, "sving": 0.1, "os": 0.0, "foss": 0.0, "juv": 0.01, "B": 0.77, "Q": 110.05, "w": 40.0, "h": 0.96, "S": 0.01887, "elv": "Vinjeåi", "km": 0.0}}, {"type": "Feature", "geometry": {"type": "LineString", "coordinates": [[7.98028, 59.56622], [7.98205, 59.56618]]}, "properties": {"P": 34.07, "tau": 149.97, "tau_c": 86.65, "omega": 402.27, "M": 1.73, "D": 0.08, "R": 0.97, "sving": 0.06, "os": 0.0, "foss": 0.0, "juv": 0.02, "B": 0.77, "Q": 110.12, "w": 38.0, "h": 1.08, "S": 0.01415, "elv": "Vinjeåi", "km": 0.1}}, {"type": "Feature", "geometry": {"type": "LineString", "coordinates": [[7.98205, 59.56618], [7.98381, 59.56615]]}, "properties": {"P": 33.9, "tau": 141.17, "tau_c": 80.91, "omega": 370.28, "M": 1.74, "D": 0.09, "R": 0.97, "sving": 0.04, "os": 0.0, "foss": 0.0, "juv": 0.03, "B": 0.77, "Q": 110.13, "w": 36.0, "h": 1.17, "S": 0.01234, "elv": "Vinjeåi", "km": 0.2}}, {"type": "Feature", "geometry": {"type": "LineString", "coordinates": [[7.98381, 59.56615], [7.98558, 59.56613]]}, "properties": {"P": 33.9, "tau": 131.92, "tau_c": 77.04, "omega": 335.75, "M": 1.71, "D": 0.09, "R": 0.98, "sving": 0.02, "os": 0.0, "foss": 0.0, "juv": 0.03, "B": 0.77, "Q": 110.14, "w": 36.0, "h": 1.2, "S": 0.01119, "elv": "Vinjeåi", "km": 0.3}}, {"type": "Feature", "geometry": {"type": "LineString", "coordinates": [[7.98558, 59.56613], [7.98735, 59.56613]]}, "properties": {"P": 33.32, "tau": 139.05, "tau_c": 77.93, "omega": 363.78, "M": 1.78, "D": 0.1, "R": 0.96, "sving": 0.0, "os": 0.0, "foss": 0.0, "juv": 0.03, "B": 0.77, "Q": 110.14, "w": 34.0, "h": 1.24, "S": 0.01145, "elv": "Vinjeåi", "km": 0.4}}, {"type": "Feature", "geometry": {"type": "LineString", "coordinates": [[7.98735, 59.56613], [7.98911, 59.56613]]}, "properties": {"P": 36.21, "tau": 107.59, "tau_c": 68.18, "omega": 249.1, "M": 1.58, "D": 0.14, "R": 1.0, "sving": 0.05, "os": 0.0, "foss": 0.0, "juv": 0.02, "B": 0.77, "Q": 110.15, "w": 38.0, "h": 1.25, "S": 0.00876, "elv": "Vinjeåi", "km": 0.5}}, {"type": "Feature", "geometry": {"type": "LineString", "coordinates": [[7.98911, 59.56613], [7.99088, 59.56611]]}, "properties": {"P": 35.77, "tau": 87.74, "tau_c": 64.24, "omega": 182.71, "M": 1.37, "D": 0.12, "R": 0.99, "sving": 0.08, "os": 0.0, "foss": 0.0, "juv": 0.01, "B": 0.77, "Q": 110.15, "w": 46.0, "h": 1.15, "S": 0.00778, "elv": "Vinjeåi", "km": 0.6}}, {"type": "Feature", "geometry": {"type": "LineString", "coordinates": [[7.99088, 59.56611], [7.99262, 59.5662]]}, "properties": {"P": 34.83, "tau": 106.86, "tau_c": 74.03, "omega": 242.68, "M": 1.44, "D": 0.06, "R": 1.0, "sving": 0.09, "os": 0.0, "foss": 0.0, "juv": 0.01, "B": 0.77, "Q": 110.16, "w": 46.0, "h": 1.05, "S": 0.01033, "elv": "Vinjeåi", "km": 0.7}}, {"type": "Feature", "geometry": {"type": "LineString", "coordinates": [[7.99262, 59.5662], [7.99434, 59.56639]]}, "properties": {"P": 33.62, "tau": 102.52, "tau_c": 73.25, "omega": 227.68, "M": 1.4, "D": 0.01, "R": 0.99, "sving": 0.04, "os": 0.06, "foss": 0.0, "juv": 0.01, "B": 0.77, "Q": 110.17, "w": 48.0, "h": 1.03, "S": 0.01011, "elv": "Vinjeåi", "km": 0.8}}, {"type": "Feature", "geometry": {"type": "LineString", "coordinates": [[7.99434, 59.56639], [7.99606, 59.5666]]}, "properties": {"P": 41.69, "tau": 111.71, "tau_c": 82.14, "omega": 254.49, "M": 1.36, "D": -0.0, "R": 0.99, "sving": 0.47, "os": 0.08, "foss": 0.0, "juv": 0.01, "B": 0.77, "Q": 110.17, "w": 54.0, "h": 0.9, "S": 0.01272, "elv": "Vinjeåi", "km": 0.9}}, {"type": "Feature", "geometry": {"type": "LineString", "coordinates": [[7.99606, 59.5666], [7.99763, 59.56649]]}, "properties": {"P": 41.64, "tau": 172.2, "tau_c": 83.9, "omega": 515.09, "M": 2.05, "D": -0.0, "R": 0.87, "sving": 0.51, "os": 0.1, "foss": 0.0, "juv": 0.01, "B": 0.82, "Q": 221.61, "w": 56.0, "h": 1.32, "S": 0.01327, "elv": "Vinjeåi", "km": 1.0}}, {"type": "Feature", "geometry": {"type": "LineString", "coordinates": [[7.99763, 59.56649], [7.99834, 59.56568]]}, "properties": {"P": 44.8, "tau": 190.95, "tau_c": 88.9, "omega": 599.8, "M": 2.15, "D": 0.01, "R": 0.84, "sving": 0.69, "os": 0.13, "foss": 0.0, "juv": 0.01, "B": 0.82, "Q": 221.63, "w": 54.0, "h": 1.31, "S": 0.0149, "elv": "Vinjeåi", "km": 1.1}}, {"type": "Feature", "geometry": {"type": "LineString", "coordinates": [[7.96283, 59.36967], [7.96441, 59.3693]]}, "properties": {"P": 21.38, "tau": 185.22, "tau_c": 190.29, "omega": 452.04, "M": 0.97, "D": 0.02, "R": 0.77, "sving": 0.34, "os": 0.37, "foss": 0.0, "juv": 0.0, "B": 0.43, "Q": 24.97, "w": 36.98, "h": 0.28, "S": 0.06825, "elv": "Monsåi", "km": 0.0}}, {"type": "Feature", "geometry": {"type": "LineString", "coordinates": [[7.96441, 59.3693], [7.96613, 59.36914]]}, "properties": {"P": 44.65, "tau": 184.6, "tau_c": 182.95, "omega": 454.69, "M": 1.01, "D": 0.03, "R": 0.8, "sving": 0.1, "os": 0.23, "foss": 1.0, "juv": 0.0, "B": 0.67, "Q": 24.97, "w": 33.99, "h": 0.3, "S": 0.06309, "elv": "Monsåi", "km": 0.1}}, {"type": "Feature", "geometry": {"type": "LineString", "coordinates": [[7.96613, 59.36914], [7.96788, 59.36916]]}, "properties": {"P": 41.61, "tau": 162.18, "tau_c": 166.73, "omega": 377.69, "M": 0.97, "D": 0.04, "R": 0.77, "sving": 0.04, "os": 0.14, "foss": 1.0, "juv": 0.0, "B": 0.67, "Q": 24.98, "w": 33.99, "h": 0.32, "S": 0.05239, "elv": "Monsåi", "km": 0.2}}, {"type": "Feature", "geometry": {"type": "LineString", "coordinates": [[7.96788, 59.36916], [7.96956, 59.36897]]}, "properties": {"P": 43.82, "tau": 172.32, "tau_c": 174.22, "omega": 411.93, "M": 0.99, "D": 0.04, "R": 0.79, "sving": 0.21, "os": 0.09, "foss": 1.0, "juv": 0.0, "B": 0.67, "Q": 24.99, "w": 34.04, "h": 0.31, "S": 0.05721, "elv": "Monsåi", "km": 0.3}}, {"type": "Feature", "geometry": {"type": "LineString", "coordinates": [[7.96956, 59.36897], [7.97112, 59.36871]]}, "properties": {"P": 36.75, "tau": 170.68, "tau_c": 177.4, "omega": 403.44, "M": 0.96, "D": 0.08, "R": 0.76, "sving": 0.08, "os": 0.05, "foss": 0.72, "juv": 0.0, "B": 0.67, "Q": 24.99, "w": 36.04, "h": 0.29, "S": 0.05931, "elv": "Monsåi", "km": 0.4}}, {"type": "Feature", "geometry": {"type": "LineString", "coordinates": [[7.97112, 59.36871], [7.97272, 59.36902]]}, "properties": {"P": 39.9, "tau": 147.37, "tau_c": 168.33, "omega": 321.96, "M": 0.88, "D": 0.13, "R": 0.67, "sving": 0.13, "os": 0.0, "foss": 1.0, "juv": 0.0, "B": 0.67, "Q": 25.26, "w": 41.1, "h": 0.28, "S": 0.05341, "elv": "Monsåi", "km": 0.5}}, {"type": "Feature", "geometry": {"type": "LineString", "coordinates": [[7.97272, 59.36902], [7.97442, 59.36885]]}, "properties": {"P": 40.06, "tau": 118.18, "tau_c": 148.28, "omega": 232.56, "M": 0.8, "D": 0.14, "R": 0.57, "sving": 0.29, "os": 0.0, "foss": 1.0, "juv": 0.0, "B": 0.67, "Q": 25.26, "w": 44.16, "h": 0.29, "S": 0.04144, "elv": "Monsåi", "km": 0.6}}, {"type": "Feature", "geometry": {"type": "LineString", "coordinates": [[7.97442, 59.36885], [7.97615, 59.36896]]}, "properties": {"P": 34.22, "tau": 114.69, "tau_c": 145.08, "omega": 222.84, "M": 0.79, "D": 0.1, "R": 0.57, "sving": 0.0, "os": 0.0, "foss": 1.0, "juv": 0.0, "B": 0.67, "Q": 25.32, "w": 44.23, "h": 0.29, "S": 0.03967, "elv": "Monsåi", "km": 0.7}}, {"type": "Feature", "geometry": {"type": "LineString", "coordinates": [[7.97615, 59.36896], [7.97772, 59.36934]]}, "properties": {"P": 40.64, "tau": 130.53, "tau_c": 159.18, "omega": 268.15, "M": 0.82, "D": 0.04, "R": 0.6, "sving": 0.4, "os": 0.0, "foss": 1.0, "juv": 0.0, "B": 0.67, "Q": 25.33, "w": 44.25, "h": 0.28, "S": 0.04776, "elv": "Monsåi", "km": 0.8}}, {"type": "Feature", "geometry": {"type": "LineString", "coordinates": [[7.97772, 59.36934], [7.97935, 59.36966]]}, "properties": {"P": 36.57, "tau": 110.07, "tau_c": 140.8, "omega": 210.13, "M": 0.78, "D": 0.06, "R": 0.55, "sving": 0.22, "os": 0.0, "foss": 1.0, "juv": 0.0, "B": 0.68, "Q": 25.37, "w": 44.25, "h": 0.3, "S": 0.03737, "elv": "Monsåi", "km": 0.9}}, {"type": "Feature", "geometry": {"type": "LineString", "coordinates": [[7.97935, 59.36966], [7.98047, 59.37034]]}, "properties": {"P": 35.22, "tau": 107.01, "tau_c": 138.02, "omega": 201.8, "M": 0.78, "D": 0.07, "R": 0.55, "sving": 0.13, "os": 0.0, "foss": 1.0, "juv": 0.0, "B": 0.68, "Q": 25.37, "w": 44.28, "h": 0.3, "S": 0.0359, "elv": "Monsåi", "km": 1.0}}, {"type": "Feature", "geometry": {"type": "LineString", "coordinates": [[7.98047, 59.37034], [7.98182, 59.37092]]}, "properties": {"P": 28.99, "tau": 104.49, "tau_c": 135.47, "omega": 195.11, "M": 0.77, "D": 0.09, "R": 0.54, "sving": 0.02, "os": 0.0, "foss": 0.72, "juv": 0.0, "B": 0.68, "Q": 25.48, "w": 44.31, "h": 0.31, "S": 0.03459, "elv": "Monsåi", "km": 1.1}}, {"type": "Feature", "geometry": {"type": "LineString", "coordinates": [[7.98182, 59.37092], [7.98303, 59.37156]]}, "properties": {"P": 28.6, "tau": 96.51, "tau_c": 127.98, "omega": 174.15, "M": 0.75, "D": 0.11, "R": 0.52, "sving": 0.2, "os": 0.0, "foss": 0.51, "juv": 0.0, "B": 0.68, "Q": 25.5, "w": 44.34, "h": 0.32, "S": 0.03087, "elv": "Monsåi", "km": 1.2}}, {"type": "Feature", "geometry": {"type": "LineString", "coordinates": [[7.98303, 59.37156], [7.98462, 59.37193]]}, "properties": {"P": 26.54, "tau": 87.11, "tau_c": 118.94, "omega": 150.36, "M": 0.73, "D": 0.16, "R": 0.49, "sving": 0.2, "os": 0.0, "foss": 0.37, "juv": 0.0, "B": 0.68, "Q": 25.5, "w": 44.36, "h": 0.33, "S": 0.02666, "elv": "Monsåi", "km": 1.3}}, {"type": "Feature", "geometry": {"type": "LineString", "coordinates": [[7.98462, 59.37193], [7.98628, 59.37222]]}, "properties": {"P": 18.82, "tau": 63.68, "tau_c": 96.04, "omega": 95.71, "M": 0.66, "D": 0.21, "R": 0.4, "sving": 0.2, "os": 0.0, "foss": 0.0, "juv": 0.0, "B": 0.68, "Q": 25.51, "w": 45.46, "h": 0.37, "S": 0.01739, "elv": "Monsåi", "km": 1.4}}, {"type": "Feature", "geometry": {"type": "LineString", "coordinates": [[7.98628, 59.37222], [7.98801, 59.37235]]}, "properties": {"P": 17.35, "tau": 58.9, "tau_c": 90.81, "omega": 85.6, "M": 0.65, "D": 0.19, "R": 0.38, "sving": 0.16, "os": 0.0, "foss": 0.0, "juv": 0.0, "B": 0.68, "Q": 25.52, "w": 45.47, "h": 0.39, "S": 0.01554, "elv": "Monsåi", "km": 1.5}}, {"type": "Feature", "geometry": {"type": "LineString", "coordinates": [[7.98801, 59.37235], [7.98966, 59.3726]]}, "properties": {"P": 17.16, "tau": 52.79, "tau_c": 83.96, "omega": 73.15, "M": 0.63, "D": 0.19, "R": 0.35, "sving": 0.2, "os": 0.0, "foss": 0.0, "juv": 0.0, "B": 0.68, "Q": 25.52, "w": 45.49, "h": 0.4, "S": 0.01329, "elv": "Monsåi", "km": 1.6}}, {"type": "Feature", "geometry": {"type": "LineString", "coordinates": [[7.98966, 59.3726], [7.99079, 59.37327]]}, "properties": {"P": 18.51, "tau": 45.96, "tau_c": 76.03, "omega": 59.99, "M": 0.6, "D": 0.18, "R": 0.32, "sving": 0.35, "os": 0.0, "foss": 0.0, "juv": 0.0, "B": 0.68, "Q": 25.54, "w": 45.5, "h": 0.43, "S": 0.0109, "elv": "Monsåi", "km": 1.7}}, {"type": "Feature", "geometry": {"type": "LineString", "coordinates": [[8.21121, 59.39736], [8.21111, 59.39825]]}, "properties": {"P": 18.3, "tau": 111.73, "tau_c": 364.2, "omega": 144.41, "M": 0.31, "D": 0.01, "R": 0.03, "sving": 0.08, "os": 1.0, "foss": 1.0, "juv": 0.0, "B": 0.35, "Q": 0.21, "w": 6.0, "h": 0.03, "S": 0.41934, "elv": "Knutsliåi", "km": 0.0}}, {"type": "Feature", "geometry": {"type": "LineString", "coordinates": [[8.21111, 59.39825], [8.21126, 59.39914]]}, "properties": {"P": 15.55, "tau": 109.8, "tau_c": 364.2, "omega": 141.57, "M": 0.3, "D": 0.01, "R": 0.03, "sving": 0.1, "os": 0.61, "foss": 1.0, "juv": 0.0, "B": 0.36, "Q": 0.22, "w": 6.0, "h": 0.03, "S": 0.39606, "elv": "Knutsliåi", "km": 0.1}}, {"type": "Feature", "geometry": {"type": "LineString", "coordinates": [[7.94686, 59.53252], [7.9482, 59.53197]]}, "properties": {"P": 53.3, "tau": 81.65, "tau_c": 182.54, "omega": 116.87, "M": 0.45, "D": 0.05, "R": 0.13, "sving": 0.4, "os": 1.0, "foss": 1.0, "juv": 0.0, "B": 0.81, "Q": 2.92, "w": 15.39, "h": 0.13, "S": 0.0628, "elv": "bekk", "km": 0.0}}, {"type": "Feature", "geometry": {"type": "LineString", "coordinates": [[7.9482, 59.53197], [7.94973, 59.53162]]}, "properties": {"P": 41.31, "tau": 68.25, "tau_c": 161.03, "omega": 90.31, "M": 0.42, "D": 0.11, "R": 0.11, "sving": 0.14, "os": 0.62, "foss": 1.0, "juv": 0.0, "B": 0.81, "Q": 2.92, "w": 15.52, "h": 0.14, "S": 0.04887, "elv": "bekk", "km": 0.1}}, {"type": "Feature", "geometry": {"type": "LineString", "coordinates": [[7.94973, 59.53162], [7.95142, 59.5315]]}, "properties": {"P": 34.77, "tau": 58.25, "tau_c": 144.03, "omega": 71.92, "M": 0.4, "D": 0.2, "R": 0.09, "sving": 0.22, "os": 0.39, "foss": 0.72, "juv": 0.0, "B": 0.81, "Q": 2.93, "w": 15.65, "h": 0.15, "S": 0.0391, "elv": "bekk", "km": 0.2}}, {"type": "Feature", "geometry": {"type": "LineString", "coordinates": [[7.95142, 59.5315], [7.95229, 59.53088]]}, "properties": {"P": 34.52, "tau": 53.49, "tau_c": 131.48, "omega": 64.24, "M": 0.41, "D": 0.29, "R": 0.09, "sving": 0.42, "os": 0.24, "foss": 0.51, "juv": 0.0, "B": 0.82, "Q": 3.17, "w": 15.78, "h": 0.17, "S": 0.03258, "elv": "bekk", "km": 0.3}}, {"type": "Feature", "geometry": {"type": "LineString", "coordinates": [[7.95229, 59.53088], [7.95276, 59.53011]]}, "properties": {"P": 34.07, "tau": 29.52, "tau_c": 86.14, "omega": 27.37, "M": 0.34, "D": 0.42, "R": 0.05, "sving": 0.52, "os": 0.17, "foss": 0.37, "juv": 0.0, "B": 0.82, "Q": 3.17, "w": 15.91, "h": 0.22, "S": 0.01399, "elv": "bekk", "km": 0.4}}, {"type": "Feature", "geometry": {"type": "LineString", "coordinates": [[7.95286, 59.52864], [7.95432, 59.52879]]}, "properties": {"P": 13.68, "tau": 21.7, "tau_c": 69.29, "omega": 17.57, "M": 0.31, "D": 0.08, "R": 0.03, "sving": 0.45, "os": 0.06, "foss": 0.0, "juv": 0.0, "B": 0.82, "Q": 3.18, "w": 16.06, "h": 0.24, "S": 0.00905, "elv": "bekk", "km": 0.7}}, {"type": "Feature", "geometry": {"type": "LineString", "coordinates": [[7.95432, 59.52879], [7.95562, 59.52844]]}, "properties": {"P": 9.76, "tau": 31.35, "tau_c": 90.18, "omega": 29.82, "M": 0.35, "D": 0.0, "R": 0.05, "sving": 0.35, "os": 0.05, "foss": 0.0, "juv": 0.0, "B": 0.82, "Q": 3.19, "w": 16.07, "h": 0.21, "S": 0.01533, "elv": "bekk", "km": 0.8}}, {"type": "Feature", "geometry": {"type": "LineString", "coordinates": [[7.95562, 59.52844], [7.95724, 59.52815]]}, "properties": {"P": 28.99, "tau": 45.61, "tau_c": 117.95, "omega": 51.06, "M": 0.39, "D": 0.0, "R": 0.08, "sving": 0.31, "os": 0.0, "foss": 1.0, "juv": 0.0, "B": 0.82, "Q": 3.2, "w": 16.11, "h": 0.18, "S": 0.02622, "elv": "bekk", "km": 0.9}}, {"type": "Feature", "geometry": {"type": "LineString", "coordinates": [[7.95724, 59.52815], [7.95868, 59.52766]]}, "properties": {"P": 23.2, "tau": 49.64, "tau_c": 125.35, "omega": 57.64, "M": 0.4, "D": 0.0, "R": 0.09, "sving": 0.01, "os": 0.0, "foss": 1.0, "juv": 0.0, "B": 0.82, "Q": 3.21, "w": 16.15, "h": 0.17, "S": 0.02961, "elv": "bekk", "km": 1.0}}, {"type": "Feature", "geometry": {"type": "LineString", "coordinates": [[7.95868, 59.52766], [7.96002, 59.52717]]}, "properties": {"P": 26.22, "tau": 50.77, "tau_c": 126.81, "omega": 59.61, "M": 0.4, "D": 0.01, "R": 0.09, "sving": 0.13, "os": 0.0, "foss": 1.0, "juv": 0.0, "B": 0.82, "Q": 3.25, "w": 16.2, "h": 0.17, "S": 0.03031, "elv": "bekk", "km": 1.1}}, {"type": "Feature", "geometry": {"type": "LineString", "coordinates": [[7.96002, 59.52717], [7.96152, 59.52674]]}, "properties": {"P": 19.7, "tau": 51.7, "tau_c": 128.31, "omega": 61.21, "M": 0.4, "D": 0.05, "R": 0.09, "sving": 0.04, "os": 0.0, "foss": 0.72, "juv": 0.0, "B": 0.82, "Q": 3.27, "w": 16.25, "h": 0.17, "S": 0.03103, "elv": "bekk", "km": 1.2}}, {"type": "Feature", "geometry": {"type": "LineString", "coordinates": [[7.96152, 59.52674], [7.96281, 59.52618]]}, "properties": {"P": 20.03, "tau": 44.95, "tau_c": 116.04, "omega": 50.1, "M": 0.39, "D": 0.14, "R": 0.08, "sving": 0.16, "os": 0.0, "foss": 0.51, "juv": 0.0, "B": 0.82, "Q": 3.28, "w": 16.32, "h": 0.18, "S": 0.02538, "elv": "bekk", "km": 1.3}}, {"type": "Feature", "geometry": {"type": "LineString", "coordinates": [[7.96281, 59.52618], [7.96409, 59.52584]]}, "properties": {"P": 14.56, "tau": 37.81, "tau_c": 102.48, "omega": 39.09, "M": 0.37, "D": 0.16, "R": 0.07, "sving": 0.03, "os": 0.0, "foss": 0.37, "juv": 0.0, "B": 0.83, "Q": 3.3, "w": 16.38, "h": 0.19, "S": 0.01979, "elv": "bekk", "km": 1.4}}, {"type": "Feature", "geometry": {"type": "LineString", "coordinates": [[7.96409, 59.52584], [7.96566, 59.52569]]}, "properties": {"P": 6.92, "tau": 26.37, "tau_c": 78.83, "omega": 23.34, "M": 0.33, "D": 0.12, "R": 0.04, "sving": 0.11, "os": 0.0, "foss": 0.0, "juv": 0.0, "B": 0.83, "Q": 3.34, "w": 16.44, "h": 0.23, "S": 0.01171, "elv": "bekk", "km": 1.5}}, {"type": "Feature", "geometry": {"type": "LineString", "coordinates": [[7.96566, 59.52569], [7.96712, 59.52519]]}, "properties": {"P": 4.4, "tau": 36.68, "tau_c": 99.69, "omega": 37.5, "M": 0.37, "D": 0.04, "R": 0.06, "sving": 0.06, "os": 0.0, "foss": 0.0, "juv": 0.0, "B": 0.83, "Q": 3.37, "w": 16.5, "h": 0.2, "S": 0.01873, "elv": "bekk", "km": 1.6}}, {"type": "Feature", "geometry": {"type": "LineString", "coordinates": [[7.96712, 59.52519], [7.96873, 59.52482]]}, "properties": {"P": 4.72, "tau": 45.87, "tau_c": 116.81, "omega": 51.7, "M": 0.39, "D": 0.0, "R": 0.08, "sving": 0.1, "os": 0.0, "foss": 0.0, "juv": 0.0, "B": 0.83, "Q": 3.39, "w": 16.56, "h": 0.18, "S": 0.02572, "elv": "bekk", "km": 1.7}}, {"type": "Feature", "geometry": {"type": "LineString", "coordinates": [[7.96873, 59.52482], [7.9704, 59.52453]]}, "properties": {"P": 24.17, "tau": 57.26, "tau_c": 136.77, "omega": 71.09, "M": 0.42, "D": 0.0, "R": 0.1, "sving": 0.02, "os": 0.0, "foss": 1.0, "juv": 0.0, "B": 0.83, "Q": 3.41, "w": 16.6, "h": 0.17, "S": 0.03526, "elv": "bekk", "km": 1.8}}, {"type": "Feature", "geometry": {"type": "LineString", "coordinates": [[7.9704, 59.52453], [7.97195, 59.52416]]}, "properties": {"P": 28.97, "tau": 61.58, "tau_c": 144.28, "omega": 78.87, "M": 0.43, "D": 0.0, "R": 0.11, "sving": 0.24, "os": 0.0, "foss": 1.0, "juv": 0.0, "B": 0.83, "Q": 3.41, "w": 16.65, "h": 0.16, "S": 0.03924, "elv": "bekk", "km": 1.9}}, {"type": "Feature", "geometry": {"type": "LineString", "coordinates": [[7.97195, 59.52416], [7.97325, 59.52367]]}, "properties": {"P": 28.17, "tau": 66.59, "tau_c": 152.52, "omega": 88.26, "M": 0.44, "D": 0.0, "R": 0.12, "sving": 0.12, "os": 0.06, "foss": 1.0, "juv": 0.0, "B": 0.83, "Q": 3.43, "w": 16.71, "h": 0.15, "S": 0.04385, "elv": "bekk", "km": 2.0}}, {"type": "Feature", "geometry": {"type": "LineString", "coordinates": [[7.97325, 59.52367], [7.97406, 59.52293]]}, "properties": {"P": 28.03, "tau": 68.93, "tau_c": 155.63, "omega": 92.85, "M": 0.44, "D": 0.02, "R": 0.13, "sving": 0.04, "os": 0.1, "foss": 1.0, "juv": 0.0, "B": 0.83, "Q": 3.48, "w": 16.76, "h": 0.15, "S": 0.04565, "elv": "bekk", "km": 2.1}}, {"type": "Feature", "geometry": {"type": "LineString", "coordinates": [[7.97406, 59.52293], [7.97546, 59.52238]]}, "properties": {"P": 29.53, "tau": 61.08, "tau_c": 142.31, "omega": 78.17, "M": 0.43, "D": 0.06, "R": 0.11, "sving": 0.03, "os": 0.15, "foss": 1.0, "juv": 0.0, "B": 0.83, "Q": 3.51, "w": 16.82, "h": 0.16, "S": 0.03817, "elv": "bekk", "km": 2.2}}, {"type": "Feature", "geometry": {"type": "LineString", "coordinates": [[7.97546, 59.52238], [7.97695, 59.52192]]}, "properties": {"P": 29.8, "tau": 59.27, "tau_c": 139.32, "omega": 74.87, "M": 0.43, "D": 0.1, "R": 0.11, "sving": 0.18, "os": 0.25, "foss": 0.72, "juv": 0.0, "B": 0.83, "Q": 3.52, "w": 16.87, "h": 0.17, "S": 0.03659, "elv": "bekk", "km": 2.3}}, {"type": "Feature", "geometry": {"type": "LineString", "coordinates": [[7.97695, 59.52192], [7.9784, 59.52144]]}, "properties": {"P": 26.03, "tau": 51.25, "tau_c": 125.49, "omega": 60.79, "M": 0.41, "D": 0.11, "R": 0.1, "sving": 0.04, "os": 0.41, "foss": 0.51, "juv": 0.0, "B": 0.83, "Q": 3.53, "w": 16.9, "h": 0.18, "S": 0.02968, "elv": "bekk", "km": 2.4}}, {"type": "Feature", "geometry": {"type": "LineString", "coordinates": [[8.1623, 59.4584], [8.16175, 59.45763]]}, "properties": {"P": 1.01, "tau": 32.67, "tau_c": 90.62, "omega": 31.9, "M": 0.36, "D": 0.0, "R": 0.06, "sving": 0.02, "os": 0.0, "foss": 0.0, "juv": 0.0, "B": 0.35, "Q": 3.58, "w": 17.04, "h": 0.22, "S": 0.01548, "elv": "bekk", "km": 0.0}}, {"type": "Feature", "geometry": {"type": "LineString", "coordinates": [[8.16175, 59.45763], [8.16096, 59.4569]]}, "properties": {"P": 2.72, "tau": 42.98, "tau_c": 110.24, "omega": 47.29, "M": 0.39, "D": 0.0, "R": 0.08, "sving": 0.07, "os": 0.0, "foss": 0.0, "juv": 0.0, "B": 0.54, "Q": 3.59, "w": 17.04, "h": 0.19, "S": 0.0229, "elv": "bekk", "km": 0.1}}, {"type": "Feature", "geometry": {"type": "LineString", "coordinates": [[8.16096, 59.4569], [8.16032, 59.45607]]}, "properties": {"P": 15.54, "tau": 43.84, "tau_c": 111.82, "omega": 48.65, "M": 0.39, "D": 0.0, "R": 0.08, "sving": 0.03, "os": 0.0, "foss": 1.0, "juv": 0.0, "B": 0.54, "Q": 3.59, "w": 17.06, "h": 0.19, "S": 0.02357, "elv": "bekk", "km": 0.2}}, {"type": "Feature", "geometry": {"type": "LineString", "coordinates": [[8.16032, 59.45607], [8.15951, 59.45529]]}, "properties": {"P": 17.85, "tau": 42.86, "tau_c": 109.92, "omega": 47.11, "M": 0.39, "D": 0.0, "R": 0.08, "sving": 0.21, "os": 0.0, "foss": 1.0, "juv": 0.0, "B": 0.54, "Q": 3.6, "w": 17.07, "h": 0.19, "S": 0.02277, "elv": "bekk", "km": 0.3}}, {"type": "Feature", "geometry": {"type": "LineString", "coordinates": [[8.15951, 59.45529], [8.15888, 59.45461]]}, "properties": {"P": 12.43, "tau": 51.91, "tau_c": 126.08, "omega": 62.01, "M": 0.41, "D": 0.0, "R": 0.1, "sving": 0.06, "os": 0.0, "foss": 0.72, "juv": 0.0, "B": 0.54, "Q": 3.6, "w": 17.08, "h": 0.18, "S": 0.02996, "elv": "bekk", "km": 0.4}}, {"type": "Feature", "geometry": {"type": "LineString", "coordinates": [[8.15888, 59.45461], [8.15898, 59.45373]]}, "properties": {"P": 13.32, "tau": 48.86, "tau_c": 120.74, "omega": 56.84, "M": 0.4, "D": 0.0, "R": 0.09, "sving": 0.34, "os": 0.0, "foss": 0.51, "juv": 0.0, "B": 0.54, "Q": 3.61, "w": 17.1, "h": 0.18, "S": 0.02748, "elv": "bekk", "km": 0.5}}, {"type": "Feature", "geometry": {"type": "LineString", "coordinates": [[8.15898, 59.45373], [8.15822, 59.45306]]}, "properties": {"P": 17.28, "tau": 54.1, "tau_c": 129.9, "omega": 65.78, "M": 0.42, "D": 0.0, "R": 0.1, "sving": 0.13, "os": 0.0, "foss": 1.0, "juv": 0.0, "B": 0.54, "Q": 3.61, "w": 17.14, "h": 0.17, "S": 0.03181, "elv": "bekk", "km": 0.6}}, {"type": "Feature", "geometry": {"type": "LineString", "coordinates": [[8.15822, 59.45306], [8.15887, 59.4523]]}, "properties": {"P": 13.42, "tau": 65.07, "tau_c": 148.12, "omega": 85.74, "M": 0.44, "D": 0.0, "R": 0.12, "sving": 0.09, "os": 0.0, "foss": 0.72, "juv": 0.0, "B": 0.54, "Q": 3.63, "w": 17.19, "h": 0.16, "S": 0.04135, "elv": "bekk", "km": 0.7}}, {"type": "Feature", "geometry": {"type": "LineString", "coordinates": [[8.15887, 59.4523], [8.15774, 59.45172]]}, "properties": {"P": 18.71, "tau": 72.56, "tau_c": 159.32, "omega": 100.39, "M": 0.46, "D": 0.0, "R": 0.14, "sving": 0.17, "os": 0.0, "foss": 1.0, "juv": 0.0, "B": 0.54, "Q": 3.69, "w": 17.23, "h": 0.15, "S": 0.04784, "elv": "bekk", "km": 0.8}}, {"type": "Feature", "geometry": {"type": "LineString", "coordinates": [[8.15774, 59.45172], [8.15745, 59.45089]]}, "properties": {"P": 21.43, "tau": 83.38, "tau_c": 175.93, "omega": 122.55, "M": 0.47, "D": 0.0, "R": 0.16, "sving": 0.34, "os": 0.0, "foss": 1.0, "juv": 0.0, "B": 0.54, "Q": 3.7, "w": 17.28, "h": 0.15, "S": 0.05834, "elv": "bekk", "km": 0.9}}, {"type": "Feature", "geometry": {"type": "LineString", "coordinates": [[8.15745, 59.45089], [8.15604, 59.45041]]}, "properties": {"P": 18.66, "tau": 93.44, "tau_c": 191.05, "omega": 144.23, "M": 0.49, "D": 0.0, "R": 0.17, "sving": 0.11, "os": 0.0, "foss": 1.0, "juv": 0.0, "B": 0.54, "Q": 3.7, "w": 17.31, "h": 0.14, "S": 0.06879, "elv": "bekk", "km": 1.0}}, {"type": "Feature", "geometry": {"type": "LineString", "coordinates": [[8.15604, 59.45041], [8.15523, 59.44968]]}, "properties": {"P": 18.32, "tau": 112.49, "tau_c": 218.16, "omega": 188.16, "M": 0.52, "D": 0.0, "R": 0.21, "sving": 0.03, "os": 0.0, "foss": 1.0, "juv": 0.0, "B": 0.54, "Q": 3.71, "w": 17.34, "h": 0.13, "S": 0.08971, "elv": "bekk", "km": 1.1}}, {"type": "Feature", "geometry": {"type": "LineString", "coordinates": [[8.15523, 59.44968], [8.15444, 59.44893]]}, "properties": {"P": 21.77, "tau": 114.58, "tau_c": 221.07, "omega": 193.16, "M": 0.52, "D": 0.01, "R": 0.21, "sving": 0.27, "os": 0.0, "foss": 1.0, "juv": 0.0, "B": 0.55, "Q": 3.71, "w": 17.36, "h": 0.13, "S": 0.09211, "elv": "bekk", "km": 1.2}}, {"type": "Feature", "geometry": {"type": "LineString", "coordinates": [[8.15444, 59.44893], [8.15401, 59.44811]]}, "properties": {"P": 20.71, "tau": 107.79, "tau_c": 211.08, "omega": 177.13, "M": 0.51, "D": 0.05, "R": 0.2, "sving": 0.16, "os": 0.0, "foss": 1.0, "juv": 0.0, "B": 0.55, "Q": 3.74, "w": 17.38, "h": 0.13, "S": 0.08398, "elv": "bekk", "km": 1.3}}, {"type": "Feature", "geometry": {"type": "LineString", "coordinates": [[8.15401, 59.44811], [8.15356, 59.4473]]}, "properties": {"P": 21.38, "tau": 101.76, "tau_c": 202.43, "omega": 163.15, "M": 0.5, "D": 0.09, "R": 0.19, "sving": 0.17, "os": 0.0, "foss": 1.0, "juv": 0.0, "B": 0.55, "Q": 3.75, "w": 17.41, "h": 0.13, "S": 0.07724, "elv": "bekk", "km": 1.4}}, {"type": "Feature", "geometry": {"type": "LineString", "coordinates": [[8.15356, 59.4473], [8.1534, 59.44643]]}, "properties": {"P": 19.11, "tau": 92.46, "tau_c": 194.47, "omega": 141.04, "M": 0.48, "D": 0.08, "R": 0.16, "sving": 0.06, "os": 0.0, "foss": 1.0, "juv": 0.0, "B": 0.55, "Q": 3.75, "w": 18.61, "h": 0.13, "S": 0.07128, "elv": "bekk", "km": 1.5}}, {"type": "Feature", "geometry": {"type": "LineString", "coordinates": [[8.1534, 59.44643], [8.15332, 59.44554]]}, "properties": {"P": 14.46, "tau": 82.92, "tau_c": 184.79, "omega": 119.73, "M": 0.45, "D": 0.06, "R": 0.13, "sving": 0.06, "os": 0.0, "foss": 0.72, "juv": 0.0, "B": 0.55, "Q": 3.75, "w": 19.79, "h": 0.13, "S": 0.06436, "elv": "bekk", "km": 1.6}}, {"type": "Feature", "geometry": {"type": "LineString", "coordinates": [[8.15332, 59.44554], [8.15315, 59.44468]]}, "properties": {"P": 21.7, "tau": 94.16, "tau_c": 161.38, "omega": 154.27, "M": 0.58, "D": 0.02, "R": 0.29, "sving": 0.0, "os": 0.0, "foss": 1.0, "juv": 0.0, "B": 0.59, "Q": 6.72, "w": 20.98, "h": 0.2, "S": 0.04908, "elv": "bekk", "km": 1.7}}, {"type": "Feature", "geometry": {"type": "LineString", "coordinates": [[8.12055, 59.47724], [8.12224, 59.47715]]}, "properties": {"P": 17.02, "tau": 72.84, "tau_c": 230.23, "omega": 89.24, "M": 0.32, "D": 0.0, "R": 0.03, "sving": 0.09, "os": 0.3, "foss": 1.0, "juv": 0.0, "B": 0.48, "Q": 0.67, "w": 7.39, "h": 0.07, "S": 0.0999, "elv": "bekk", "km": 1.1}}, {"type": "Feature", "geometry": {"type": "LineString", "coordinates": [[8.08247, 59.43035], [8.08339, 59.43111]]}, "properties": {"P": 13.78, "tau": 113.86, "tau_c": 364.2, "omega": 159.6, "M": 0.31, "D": 0.0, "R": 0.03, "sving": 0.16, "os": 0.09, "foss": 1.0, "juv": 0.0, "B": 0.43, "Q": 0.36, "w": 6.0, "h": 0.04, "S": 0.27225, "elv": "Kvennhusbekken", "km": 0.7}}, {"type": "Feature", "geometry": {"type": "LineString", "coordinates": [[8.08339, 59.43111], [8.08386, 59.43192]]}, "properties": {"P": 12.98, "tau": 130.85, "tau_c": 364.2, "omega": 195.1, "M": 0.36, "D": 0.0, "R": 0.06, "sving": 0.05, "os": 0.06, "foss": 1.0, "juv": 0.0, "B": 0.44, "Q": 0.36, "w": 6.0, "h": 0.04, "S": 0.32883, "elv": "Kvennhusbekken", "km": 0.8}}, {"type": "Feature", "geometry": {"type": "LineString", "coordinates": [[7.8416, 59.48594], [7.84172, 59.48505]]}, "properties": {"P": 8.58, "tau": 35.34, "tau_c": 73.61, "omega": 39.04, "M": 0.48, "D": 0.0, "R": 0.16, "sving": 0.21, "os": 0.07, "foss": 0.0, "juv": 0.0, "B": 0.63, "Q": 12.31, "w": 31.6, "h": 0.35, "S": 0.01021, "elv": "Mosåi", "km": 0.0}}, {"type": "Feature", "geometry": {"type": "LineString", "coordinates": [[7.84172, 59.48505], [7.8418, 59.48416]]}, "properties": {"P": 7.93, "tau": 33.67, "tau_c": 71.12, "omega": 36.42, "M": 0.47, "D": 0.0, "R": 0.16, "sving": 0.12, "os": 0.12, "foss": 0.0, "juv": 0.0, "B": 0.64, "Q": 12.31, "w": 31.62, "h": 0.36, "S": 0.00953, "elv": "Mosåi", "km": 0.1}}, {"type": "Feature", "geometry": {"type": "LineString", "coordinates": [[7.8418, 59.48416], [7.8424, 59.48332]]}, "properties": {"P": 10.84, "tau": 35.85, "tau_c": 74.26, "omega": 39.87, "M": 0.48, "D": 0.0, "R": 0.17, "sving": 0.21, "os": 0.19, "foss": 0.0, "juv": 0.0, "B": 0.65, "Q": 12.37, "w": 31.64, "h": 0.35, "S": 0.01039, "elv": "Mosåi", "km": 0.2}}, {"type": "Feature", "geometry": {"type": "LineString", "coordinates": [[7.8424, 59.48332], [7.84293, 59.48247]]}, "properties": {"P": 15.14, "tau": 35.81, "tau_c": 74.16, "omega": 39.82, "M": 0.48, "D": 0.0, "R": 0.17, "sving": 0.34, "os": 0.31, "foss": 0.0, "juv": 0.0, "B": 0.67, "Q": 12.4, "w": 31.67, "h": 0.35, "S": 0.01037, "elv": "Mosåi", "km": 0.3}}, {"type": "Feature", "geometry": {"type": "LineString", "coordinates": [[7.84293, 59.48247], [7.84395, 59.48175]]}, "properties": {"P": 16.8, "tau": 36.7, "tau_c": 75.15, "omega": 41.3, "M": 0.49, "D": 0.0, "R": 0.17, "sving": 0.23, "os": 0.49, "foss": 0.0, "juv": 0.0, "B": 0.68, "Q": 12.4, "w": 31.35, "h": 0.35, "S": 0.01064, "elv": "Mosåi", "km": 0.4}}, {"type": "Feature", "geometry": {"type": "LineString", "coordinates": [[7.84395, 59.48175], [7.84539, 59.48124]]}, "properties": {"P": 22.44, "tau": 36.28, "tau_c": 75.17, "omega": 40.52, "M": 0.48, "D": 0.0, "R": 0.17, "sving": 0.24, "os": 0.81, "foss": 0.0, "juv": 0.0, "B": 0.69, "Q": 12.43, "w": 32.04, "h": 0.35, "S": 0.01065, "elv": "Mosåi", "km": 0.5}}, {"type": "Feature", "geometry": {"type": "LineString", "coordinates": [[7.84539, 59.48124], [7.84682, 59.48072]]}, "properties": {"P": 19.84, "tau": 37.85, "tau_c": 72.46, "omega": 43.96, "M": 0.52, "D": 0.0, "R": 0.21, "sving": 0.03, "os": 0.75, "foss": 0.0, "juv": 0.0, "B": 0.71, "Q": 14.82, "w": 32.72, "h": 0.39, "S": 0.0099, "elv": "Mosåi", "km": 0.6}}, {"type": "Feature", "geometry": {"type": "LineString", "coordinates": [[7.84682, 59.48072], [7.84826, 59.48021]]}, "properties": {"P": 16.57, "tau": 39.23, "tau_c": 74.19, "omega": 46.32, "M": 0.53, "D": 0.01, "R": 0.22, "sving": 0.1, "os": 0.46, "foss": 0.0, "juv": 0.0, "B": 0.72, "Q": 15.2, "w": 33.4, "h": 0.39, "S": 0.01038, "elv": "Mosåi", "km": 0.7}}, {"type": "Feature", "geometry": {"type": "LineString", "coordinates": [[7.84826, 59.48021], [7.84936, 59.47954]]}, "properties": {"P": 15.0, "tau": 36.48, "tau_c": 71.03, "omega": 41.63, "M": 0.51, "D": 0.03, "R": 0.2, "sving": 0.12, "os": 0.34, "foss": 0.0, "juv": 0.0, "B": 0.73, "Q": 15.2, "w": 34.07, "h": 0.39, "S": 0.00951, "elv": "Mosåi", "km": 0.8}}, {"type": "Feature", "geometry": {"type": "LineString", "coordinates": [[8.01942, 59.56257], [8.01783, 59.56295]]}, "properties": {"P": 20.9, "tau": 68.51, "tau_c": 222.8, "omega": 81.44, "M": 0.31, "D": 0.0, "R": 0.03, "sving": 0.33, "os": 0.63, "foss": 1.0, "juv": 0.0, "B": 0.43, "Q": 0.64, "w": 7.2, "h": 0.07, "S": 0.09356, "elv": "bekk", "km": 0.1}}, {"type": "Feature", "geometry": {"type": "LineString", "coordinates": [[8.01783, 59.56295], [8.01613, 59.56315]]}, "properties": {"P": 16.08, "tau": 71.44, "tau_c": 229.5, "omega": 86.48, "M": 0.31, "D": 0.0, "R": 0.03, "sving": 0.1, "os": 0.39, "foss": 1.0, "juv": 0.0, "B": 0.43, "Q": 0.64, "w": 7.22, "h": 0.07, "S": 0.09928, "elv": "bekk", "km": 0.2}}, {"type": "Feature", "geometry": {"type": "LineString", "coordinates": [[8.01613, 59.56315], [8.01437, 59.56318]]}, "properties": {"P": 15.96, "tau": 71.9, "tau_c": 230.03, "omega": 87.35, "M": 0.31, "D": 0.01, "R": 0.03, "sving": 0.23, "os": 0.24, "foss": 1.0, "juv": 0.0, "B": 0.43, "Q": 0.65, "w": 7.24, "h": 0.07, "S": 0.09974, "elv": "bekk", "km": 0.3}}, {"type": "Feature", "geometry": {"type": "LineString", "coordinates": [[8.01437, 59.56318], [8.01337, 59.56389]]}, "properties": {"P": 13.2, "tau": 71.47, "tau_c": 228.24, "omega": 86.69, "M": 0.31, "D": 0.01, "R": 0.03, "sving": 0.04, "os": 0.15, "foss": 1.0, "juv": 0.0, "B": 0.43, "Q": 0.65, "w": 7.27, "h": 0.07, "S": 0.09819, "elv": "bekk", "km": 0.4}}, {"type": "Feature", "geometry": {"type": "LineString", "coordinates": [[8.01337, 59.56389], [8.0125, 59.56465]]}, "properties": {"P": 14.14, "tau": 68.74, "tau_c": 222.35, "omega": 81.94, "M": 0.31, "D": 0.04, "R": 0.03, "sving": 0.12, "os": 0.12, "foss": 1.0, "juv": 0.0, "B": 0.43, "Q": 0.65, "w": 7.3, "h": 0.08, "S": 0.09319, "elv": "bekk", "km": 0.5}}, {"type": "Feature", "geometry": {"type": "LineString", "coordinates": [[8.0125, 59.56465], [8.01085, 59.56495]]}, "properties": {"P": 16.46, "tau": 69.6, "tau_c": 223.37, "omega": 83.54, "M": 0.31, "D": 0.09, "R": 0.03, "sving": 0.22, "os": 0.17, "foss": 1.0, "juv": 0.0, "B": 0.43, "Q": 0.66, "w": 7.33, "h": 0.08, "S": 0.09404, "elv": "bekk", "km": 0.6}}, {"type": "Feature", "geometry": {"type": "LineString", "coordinates": [[8.00771, 59.52694], [8.00609, 59.52729]]}, "properties": {"P": 10.83, "tau": 113.4, "tau_c": 364.2, "omega": 158.95, "M": 0.31, "D": 0.0, "R": 0.03, "sving": 0.09, "os": 0.0, "foss": 1.0, "juv": 0.0, "B": 0.39, "Q": 0.36, "w": 6.0, "h": 0.04, "S": 0.2679, "elv": "Viermyrbekken", "km": 0.4}}, {"type": "Feature", "geometry": {"type": "LineString", "coordinates": [[7.95061, 59.45193], [7.95167, 59.45125]]}, "properties": {"P": 100.0, "tau": 81.77, "tau_c": 32.34, "omega": 176.75, "M": 2.53, "D": 0.0, "R": 0.68, "sving": 0.55, "os": 0.44, "foss": 0.96, "juv": 0.46, "B": 1.2, "Q": 254.35, "w": 27.83, "h": 4.23, "S": 0.00197, "elv": "Tokke", "km": 0.0}}, {"type": "Feature", "geometry": {"type": "LineString", "coordinates": [[7.95167, 59.45125], [7.95309, 59.45094]]}, "properties": {"P": 88.53, "tau": 147.42, "tau_c": 50.12, "omega": 424.51, "M": 2.94, "D": 0.0, "R": 0.53, "sving": 0.36, "os": 0.7, "foss": 0.74, "juv": 0.47, "B": 1.2, "Q": 254.35, "w": 27.83, "h": 3.17, "S": 0.00473, "elv": "Tokke", "km": 0.1}}, {"type": "Feature", "geometry": {"type": "LineString", "coordinates": [[7.95309, 59.45094], [7.95483, 59.4508]]}, "properties": {"P": 86.7, "tau": 134.71, "tau_c": 44.83, "omega": 372.58, "M": 3.01, "D": 0.01, "R": 0.51, "sving": 0.3, "os": 0.87, "foss": 0.56, "juv": 0.47, "B": 1.21, "Q": 279.05, "w": 27.83, "h": 3.63, "S": 0.00379, "elv": "Tokke", "km": 0.2}}, {"type": "Feature", "geometry": {"type": "LineString", "coordinates": [[7.95483, 59.4508], [7.95654, 59.45065]]}, "properties": {"P": 72.43, "tau": 128.04, "tau_c": 46.42, "omega": 349.31, "M": 2.76, "D": 0.01, "R": 0.6, "sving": 0.21, "os": 0.54, "foss": 0.41, "juv": 0.4, "B": 1.21, "Q": 279.05, "w": 31.83, "h": 3.21, "S": 0.00406, "elv": "Tokke", "km": 0.3}}, {"type": "Feature", "geometry": {"type": "LineString", "coordinates": [[7.95654, 59.45065], [7.95824, 59.45057]]}, "properties": {"P": 58.82, "tau": 133.83, "tau_c": 52.5, "omega": 374.28, "M": 2.55, "D": 0.01, "R": 0.68, "sving": 0.05, "os": 0.33, "foss": 0.3, "juv": 0.24, "B": 1.21, "Q": 279.06, "w": 38.0, "h": 2.63, "S": 0.0052, "elv": "Tokke", "km": 0.4}}, {"type": "Feature", "geometry": {"type": "LineString", "coordinates": [[7.95824, 59.45057], [7.95997, 59.45072]]}, "properties": {"P": 44.95, "tau": 146.65, "tau_c": 58.94, "omega": 426.81, "M": 2.49, "D": 0.02, "R": 0.7, "sving": 0.0, "os": 0.2, "foss": 0.0, "juv": 0.16, "B": 1.21, "Q": 279.07, "w": 42.0, "h": 2.28, "S": 0.00655, "elv": "Tokke", "km": 0.5}}, {"type": "Feature", "geometry": {"type": "LineString", "coordinates": [[7.95997, 59.45072], [7.96173, 59.45069]]}, "properties": {"P": 49.08, "tau": 136.35, "tau_c": 60.75, "omega": 380.88, "M": 2.24, "D": 0.04, "R": 0.8, "sving": 0.1, "os": 0.12, "foss": 0.0, "juv": 0.08, "B": 1.21, "Q": 279.08, "w": 50.0, "h": 2.0, "S": 0.00696, "elv": "Tokke", "km": 0.6}}, {"type": "Feature", "geometry": {"type": "LineString", "coordinates": [[7.96173, 59.45069], [7.96345, 59.45053]]}, "properties": {"P": 54.81, "tau": 112.62, "tau_c": 56.69, "omega": 285.95, "M": 1.99, "D": 0.04, "R": 0.9, "sving": 0.23, "os": 0.08, "foss": 0.0, "juv": 0.0, "B": 1.21, "Q": 279.11, "w": 58.0, "h": 1.9, "S": 0.00606, "elv": "Tokke", "km": 0.7}}, {"type": "Feature", "geometry": {"type": "LineString", "coordinates": [[7.96345, 59.45053], [7.9651, 59.45022]]}, "properties": {"P": 54.0, "tau": 140.06, "tau_c": 69.4, "omega": 388.42, "M": 2.02, "D": 0.01, "R": 0.88, "sving": 0.33, "os": 0.0, "foss": 0.0, "juv": 0.0, "B": 1.21, "Q": 279.11, "w": 64.0, "h": 1.57, "S": 0.00908, "elv": "Tokke", "km": 0.8}}, {"type": "Feature", "geometry": {"type": "LineString", "coordinates": [[7.9651, 59.45022], [7.96669, 59.44984]]}, "properties": {"P": 52.42, "tau": 145.01, "tau_c": 71.16, "omega": 408.35, "M": 2.04, "D": 0.01, "R": 0.88, "sving": 0.29, "os": 0.0, "foss": 0.0, "juv": 0.0, "B": 1.21, "Q": 279.12, "w": 64.0, "h": 1.55, "S": 0.00954, "elv": "Tokke", "km": 0.9}}, {"type": "Feature", "geometry": {"type": "LineString", "coordinates": [[7.96669, 59.44984], [7.96777, 59.44914]]}, "properties": {"P": 52.1, "tau": 136.18, "tau_c": 68.97, "omega": 371.95, "M": 1.97, "D": 0.02, "R": 0.9, "sving": 0.22, "os": 0.0, "foss": 0.0, "juv": 0.0, "B": 1.21, "Q": 279.15, "w": 66.0, "h": 1.55, "S": 0.00896, "elv": "Tokke", "km": 1.0}}, {"type": "Feature", "geometry": {"type": "LineString", "coordinates": [[7.96777, 59.44914], [7.96878, 59.44841]]}, "properties": {"P": 50.58, "tau": 132.01, "tau_c": 66.5, "omega": 356.68, "M": 1.99, "D": 0.02, "R": 0.9, "sving": 0.18, "os": 0.0, "foss": 0.0, "juv": 0.0, "B": 1.21, "Q": 279.15, "w": 64.0, "h": 1.61, "S": 0.00834, "elv": "Tokke", "km": 1.1}}, {"type": "Feature", "geometry": {"type": "LineString", "coordinates": [[7.96878, 59.44841], [7.96982, 59.44768]]}, "properties": {"P": 46.88, "tau": 134.31, "tau_c": 69.21, "omega": 363.62, "M": 1.94, "D": 0.04, "R": 0.91, "sving": 0.01, "os": 0.0, "foss": 0.0, "juv": 0.0, "B": 1.21, "Q": 279.15, "w": 68.0, "h": 1.52, "S": 0.00903, "elv": "Tokke", "km": 1.2}}, {"type": "Feature", "geometry": {"type": "LineString", "coordinates": [[7.96982, 59.44768], [7.97089, 59.44697]]}, "properties": {"P": 49.72, "tau": 139.99, "tau_c": 70.35, "omega": 387.04, "M": 1.99, "D": 0.05, "R": 0.89, "sving": 0.04, "os": 0.07, "foss": 0.0, "juv": 0.0, "B": 1.22, "Q": 279.16, "w": 66.0, "h": 1.53, "S": 0.00933, "elv": "Tokke", "km": 1.3}}, {"type": "Feature", "geometry": {"type": "LineString", "coordinates": [[7.97089, 59.44697], [7.97201, 59.44628]]}, "properties": {"P": 56.58, "tau": 112.39, "tau_c": 61.68, "omega": 280.58, "M": 1.82, "D": 0.08, "R": 0.95, "sving": 0.1, "os": 0.11, "foss": 0.0, "juv": 0.0, "B": 1.22, "Q": 279.16, "w": 70.0, "h": 1.6, "S": 0.00717, "elv": "Tokke", "km": 1.4}}, {"type": "Feature", "geometry": {"type": "LineString", "coordinates": [[7.97201, 59.44628], [7.97317, 59.44561]]}, "properties": {"P": 60.64, "tau": 111.18, "tau_c": 61.99, "omega": 275.49, "M": 1.79, "D": 0.06, "R": 0.96, "sving": 0.18, "os": 0.19, "foss": 0.0, "juv": 0.0, "B": 1.22, "Q": 279.17, "w": 72.0, "h": 1.56, "S": 0.00724, "elv": "Tokke", "km": 1.5}}, {"type": "Feature", "geometry": {"type": "LineString", "coordinates": [[7.97317, 59.44561], [7.97455, 59.44505]]}, "properties": {"P": 64.99, "tau": 120.8, "tau_c": 66.62, "omega": 309.58, "M": 1.81, "D": 0.04, "R": 0.95, "sving": 0.24, "os": 0.3, "foss": 0.0, "juv": 0.0, "B": 1.22, "Q": 279.17, "w": 74.0, "h": 1.47, "S": 0.00836, "elv": "Tokke", "km": 1.6}}, {"type": "Feature", "geometry": {"type": "LineString", "coordinates": [[7.97455, 59.44505], [7.97614, 59.44468]]}, "properties": {"P": 75.27, "tau": 124.71, "tau_c": 63.67, "omega": 328.82, "M": 1.96, "D": 0.05, "R": 0.91, "sving": 0.43, "os": 0.49, "foss": 0.0, "juv": 0.04, "B": 1.22, "Q": 280.75, "w": 64.0, "h": 1.66, "S": 0.00764, "elv": "Tokke", "km": 1.7}}, {"type": "Feature", "geometry": {"type": "LineString", "coordinates": [[7.97614, 59.44468], [7.97783, 59.44448]]}, "properties": {"P": 93.57, "tau": 101.22, "tau_c": 54.78, "omega": 243.39, "M": 1.85, "D": 0.12, "R": 0.94, "sving": 0.58, "os": 0.81, "foss": 0.0, "juv": 0.04, "B": 1.22, "Q": 280.75, "w": 64.0, "h": 1.82, "S": 0.00566, "elv": "Tokke", "km": 1.8}}, {"type": "Feature", "geometry": {"type": "LineString", "coordinates": [[7.97783, 59.44448], [7.97948, 59.44473]]}, "properties": {"P": 96.66, "tau": 88.21, "tau_c": 50.31, "omega": 199.06, "M": 1.75, "D": 0.15, "R": 0.97, "sving": 0.66, "os": 0.75, "foss": 0.0, "juv": 0.04, "B": 1.22, "Q": 280.76, "w": 66.0, "h": 1.88, "S": 0.00477, "elv": "Tokke", "km": 1.9}}, {"type": "Feature", "geometry": {"type": "LineString", "coordinates": [[7.97948, 59.44473], [7.98063, 59.4454]]}, "properties": {"P": 85.52, "tau": 82.58, "tau_c": 51.16, "omega": 178.75, "M": 1.61, "D": 0.16, "R": 0.99, "sving": 0.51, "os": 0.46, "foss": 0.0, "juv": 0.04, "B": 1.22, "Q": 280.77, "w": 76.0, "h": 1.71, "S": 0.00493, "elv": "Tokke", "km": 2.0}}, {"type": "Feature", "geometry": {"type": "LineString", "coordinates": [[7.98063, 59.4454], [7.98106, 59.44626]]}, "properties": {"P": 74.1, "tau": 76.37, "tau_c": 50.04, "omega": 158.54, "M": 1.53, "D": 0.14, "R": 1.0, "sving": 0.3, "os": 0.31, "foss": 0.0, "juv": 0.04, "B": 1.22, "Q": 280.78, "w": 82.0, "h": 1.65, "S": 0.00472, "elv": "Tokke", "km": 2.1}}, {"type": "Feature", "geometry": {"type": "LineString", "coordinates": [[7.98106, 59.44626], [7.9818, 59.44708]]}, "properties": {"P": 62.29, "tau": 64.35, "tau_c": 49.23, "omega": 120.82, "M": 1.31, "D": 0.1, "R": 0.97, "sving": 0.11, "os": 0.22, "foss": 0.0, "juv": 0.0, "B": 1.22, "Q": 280.78, "w": 104.16, "h": 1.44, "S": 0.00457, "elv": "Tokke", "km": 2.2}}, {"type": "Feature", "geometry": {"type": "LineString", "coordinates": [[7.9818, 59.44708], [7.98262, 59.44787]]}, "properties": {"P": 74.06, "tau": 62.86, "tau_c": 51.56, "omega": 114.87, "M": 1.22, "D": 0.06, "R": 0.94, "sving": 0.49, "os": 0.35, "foss": 0.0, "juv": 0.0, "B": 1.22, "Q": 280.78, "w": 120.16, "h": 1.28, "S": 0.00501, "elv": "Tokke", "km": 2.3}}, {"type": "Feature", "geometry": {"type": "LineString", "coordinates": [[7.98262, 59.44787], [7.98408, 59.44835]]}, "properties": {"P": 80.0, "tau": 75.5, "tau_c": 61.75, "omega": 147.31, "M": 1.22, "D": 0.01, "R": 0.94, "sving": 0.54, "os": 0.56, "foss": 0.0, "juv": 0.0, "B": 1.22, "Q": 280.78, "w": 134.39, "h": 1.07, "S": 0.00719, "elv": "Tokke", "km": 2.4}}, {"type": "Feature", "geometry": {"type": "LineString", "coordinates": [[7.98408, 59.44835], [7.98577, 59.44837]]}, "properties": {"P": 90.68, "tau": 87.5, "tau_c": 66.82, "omega": 183.39, "M": 1.31, "D": -0.0, "R": 0.97, "sving": 0.5, "os": 0.91, "foss": 0.0, "juv": 0.0, "B": 1.22, "Q": 280.78, "w": 126.39, "h": 1.06, "S": 0.00841, "elv": "Tokke", "km": 2.5}}, {"type": "Feature", "geometry": {"type": "LineString", "coordinates": [[7.98577, 59.44837], [7.98745, 59.4481]]}, "properties": {"P": 76.73, "tau": 93.7, "tau_c": 68.57, "omega": 203.64, "M": 1.37, "D": -0.0, "R": 0.99, "sving": 0.25, "os": 0.67, "foss": 0.0, "juv": 0.0, "B": 1.22, "Q": 282.04, "w": 120.39, "h": 1.08, "S": 0.00886, "elv": "Tokke", "km": 2.6}}, {"type": "Feature", "geometry": {"type": "LineString", "coordinates": [[7.98745, 59.4481], [7.98916, 59.44789]]}, "properties": {"P": 62.19, "tau": 107.52, "tau_c": 69.82, "omega": 253.61, "M": 1.54, "D": -0.0, "R": 1.0, "sving": 0.01, "os": 0.41, "foss": 0.0, "juv": 0.0, "B": 1.22, "Q": 282.04, "w": 100.23, "h": 1.19, "S": 0.00919, "elv": "Tokke", "km": 2.7}}, {"type": "Feature", "geometry": {"type": "LineString", "coordinates": [[7.98916, 59.44789], [7.9909, 59.44779]]}, "properties": {"P": 56.19, "tau": 111.9, "tau_c": 65.08, "omega": 275.34, "M": 1.72, "D": -0.0, "R": 0.97, "sving": 0.01, "os": 0.25, "foss": 0.0, "juv": 0.0, "B": 1.22, "Q": 282.05, "w": 80.23, "h": 1.43, "S": 0.00798, "elv": "Tokke", "km": 2.8}}, {"type": "Feature", "geometry": {"type": "LineString", "coordinates": [[7.9909, 59.44779], [7.99266, 59.4478]]}, "properties": {"P": 52.52, "tau": 134.15, "tau_c": 66.01, "omega": 366.52, "M": 2.03, "D": 0.02, "R": 0.88, "sving": 0.11, "os": 0.15, "foss": 0.0, "juv": 0.0, "B": 1.22, "Q": 282.05, "w": 62.0, "h": 1.67, "S": 0.00821, "elv": "Tokke", "km": 2.9}}, {"type": "Feature", "geometry": {"type": "LineString", "coordinates": [[7.99266, 59.4478], [7.99432, 59.44752]]}, "properties": {"P": 54.65, "tau": 125.24, "tau_c": 59.95, "omega": 334.66, "M": 2.09, "D": 0.1, "R": 0.86, "sving": 0.17, "os": 0.09, "foss": 0.0, "juv": 0.0, "B": 1.22, "Q": 282.05, "w": 56.0, "h": 1.88, "S": 0.00677, "elv": "Tokke", "km": 3.0}}, {"type": "Feature", "geometry": {"type": "LineString", "coordinates": [[7.99432, 59.44752], [7.99582, 59.44706]]}, "properties": {"P": 77.17, "tau": 93.26, "tau_c": 50.78, "omega": 216.95, "M": 1.84, "D": 0.22, "R": 0.94, "sving": 0.65, "os": 0.06, "foss": 0.0, "juv": 0.0, "B": 1.22, "Q": 282.1, "w": 62.0, "h": 1.96, "S": 0.00486, "elv": "Tokke", "km": 3.1}}, {"type": "Feature", "geometry": {"type": "LineString", "coordinates": [[7.99582, 59.44706], [7.99728, 59.44659]]}, "properties": {"P": 78.58, "tau": 73.45, "tau_c": 42.73, "omega": 153.66, "M": 1.72, "D": 0.31, "R": 0.97, "sving": 0.59, "os": 0.0, "foss": 0.0, "juv": 0.0, "B": 1.22, "Q": 282.19, "w": 62.0, "h": 2.18, "S": 0.00344, "elv": "Tokke", "km": 3.2}}, {"type": "Feature", "geometry": {"type": "LineString", "coordinates": [[7.99728, 59.44659], [7.99701, 59.44575]]}, "properties": {"P": 65.16, "tau": 43.25, "tau_c": 31.64, "omega": 70.57, "M": 1.37, "D": 0.33, "R": 0.99, "sving": 0.09, "os": 0.0, "foss": 0.0, "juv": 0.0, "B": 1.22, "Q": 282.2, "w": 74.0, "h": 2.34, "S": 0.00189, "elv": "Tokke", "km": 3.3}}, {"type": "Feature", "geometry": {"type": "LineString", "coordinates": [[7.99701, 59.44575], [7.99648, 59.44493]]}, "properties": {"P": 59.08, "tau": 45.75, "tau_c": 33.75, "omega": 76.21, "M": 1.36, "D": 0.25, "R": 0.99, "sving": 0.0, "os": 0.0, "foss": 0.0, "juv": 0.0, "B": 1.22, "Q": 282.21, "w": 78.0, "h": 2.17, "S": 0.00215, "elv": "Tokke", "km": 3.4}}, {"type": "Feature", "geometry": {"type": "LineString", "coordinates": [[7.99648, 59.44493], [7.99771, 59.4443]]}, "properties": {"P": 68.1, "tau": 41.3, "tau_c": 32.78, "omega": 65.19, "M": 1.26, "D": 0.17, "R": 0.96, "sving": 0.44, "os": 0.0, "foss": 0.0, "juv": 0.0, "B": 1.22, "Q": 282.21, "w": 86.0, "h": 2.08, "S": 0.00202, "elv": "Tokke", "km": 3.5}}, {"type": "Feature", "geometry": {"type": "LineString", "coordinates": [[7.99771, 59.4443], [7.99916, 59.44383]]}, "properties": {"P": 61.52, "tau": 31.32, "tau_c": 26.57, "omega": 43.86, "M": 1.18, "D": 0.08, "R": 0.92, "sving": 0.42, "os": 0.0, "foss": 0.0, "juv": 0.0, "B": 1.22, "Q": 282.21, "w": 84.0, "h": 2.4, "S": 0.00133, "elv": "Tokke", "km": 3.6}}, {"type": "Feature", "geometry": {"type": "LineString", "coordinates": [[7.99916, 59.44383], [8.00065, 59.44337]]}, "properties": {"P": 50.59, "tau": 37.87, "tau_c": 31.75, "omega": 57.18, "M": 1.19, "D": 0.03, "R": 0.93, "sving": 0.1, "os": 0.0, "foss": 0.0, "juv": 0.0, "B": 1.22, "Q": 282.21, "w": 92.0, "h": 2.03, "S": 0.0019, "elv": "Tokke", "km": 3.7}}, {"type": "Feature", "geometry": {"type": "LineString", "coordinates": [[8.00065, 59.44337], [8.0019, 59.44274]]}, "properties": {"P": 52.02, "tau": 46.47, "tau_c": 38.23, "omega": 76.08, "M": 1.22, "D": -0.0, "R": 0.94, "sving": 0.11, "os": 0.06, "foss": 0.0, "juv": 0.0, "B": 1.22, "Q": 282.21, "w": 100.24, "h": 1.72, "S": 0.00275, "elv": "Tokke", "km": 3.8}}, {"type": "Feature", "geometry": {"type": "LineString", "coordinates": [[8.0019, 59.44274], [8.00276, 59.44198]]}, "properties": {"P": 59.01, "tau": 49.0, "tau_c": 38.63, "omega": 82.62, "M": 1.27, "D": 0.01, "R": 0.96, "sving": 0.25, "os": 0.1, "foss": 0.0, "juv": 0.0, "B": 1.22, "Q": 282.21, "w": 94.24, "h": 1.78, "S": 0.00281, "elv": "Tokke", "km": 3.9}}, {"type": "Feature", "geometry": {"type": "LineString", "coordinates": [[8.00276, 59.44198], [8.00391, 59.44131]]}, "properties": {"P": 59.88, "tau": 49.0, "tau_c": 37.88, "omega": 82.99, "M": 1.29, "D": 0.03, "R": 0.97, "sving": 0.17, "os": 0.17, "foss": 0.0, "juv": 0.0, "B": 1.22, "Q": 282.21, "w": 90.24, "h": 1.85, "S": 0.00271, "elv": "Tokke", "km": 4.0}}, {"type": "Feature", "geometry": {"type": "LineString", "coordinates": [[8.00391, 59.44131], [8.00453, 59.4405]]}, "properties": {"P": 63.0, "tau": 41.84, "tau_c": 34.81, "omega": 65.69, "M": 1.2, "D": 0.06, "R": 0.93, "sving": 0.19, "os": 0.27, "foss": 0.0, "juv": 0.0, "B": 1.22, "Q": 282.21, "w": 96.24, "h": 1.87, "S": 0.00228, "elv": "Tokke", "km": 4.1}}, {"type": "Feature", "geometry": {"type": "LineString", "coordinates": [[8.00453, 59.4405], [8.0051, 59.43966]]}, "properties": {"P": 71.24, "tau": 43.08, "tau_c": 34.53, "omega": 68.95, "M": 1.25, "D": 0.11, "R": 0.95, "sving": 0.2, "os": 0.44, "foss": 0.0, "juv": 0.0, "B": 1.22, "Q": 282.21, "w": 90.24, "h": 1.95, "S": 0.00225, "elv": "Tokke", "km": 4.2}}, {"type": "Feature", "geometry": {"type": "LineString", "coordinates": [[8.0051, 59.43966], [8.00649, 59.43923]]}, "properties": {"P": 88.38, "tau": 40.08, "tau_c": 30.32, "omega": 63.11, "M": 1.32, "D": 0.18, "R": 0.98, "sving": 0.39, "os": 0.69, "foss": 0.0, "juv": 0.0, "B": 1.22, "Q": 282.21, "w": 76.0, "h": 2.36, "S": 0.00173, "elv": "Tokke", "km": 4.3}}, {"type": "Feature", "geometry": {"type": "LineString", "coordinates": [[8.00649, 59.43923], [8.00814, 59.43895]]}, "properties": {"P": 91.61, "tau": 23.41, "tau_c": 22.9, "omega": 28.49, "M": 1.02, "D": 0.3, "R": 0.82, "sving": 0.4, "os": 0.9, "foss": 0.0, "juv": 0.0, "B": 1.23, "Q": 282.21, "w": 96.0, "h": 2.42, "S": 0.00099, "elv": "Tokke", "km": 4.4}}, {"type": "Feature", "geometry": {"type": "LineString", "coordinates": [[8.00814, 59.43895], [8.00988, 59.4388]]}, "properties": {"P": 73.13, "tau": 23.6, "tau_c": 24.68, "omega": 28.39, "M": 0.96, "D": 0.33, "R": 0.75, "sving": 0.19, "os": 0.55, "foss": 0.0, "juv": 0.0, "B": 1.23, "Q": 282.21, "w": 112.0, "h": 2.09, "S": 0.00115, "elv": "Tokke", "km": 4.5}}, {"type": "Feature", "geometry": {"type": "LineString", "coordinates": [[8.55038, 59.5049], [8.54986, 59.50412]]}, "properties": {"P": 24.85, "tau": 69.43, "tau_c": 188.65, "omega": 87.88, "M": 0.37, "D": 0.0, "R": 0.06, "sving": 0.19, "os": 0.48, "foss": 1.0, "juv": 0.0, "B": 0.57, "Q": 1.24, "w": 9.25, "h": 0.11, "S": 0.06708, "elv": "Finndalsåi", "km": 0.5}}, {"type": "Feature", "geometry": {"type": "LineString", "coordinates": [[7.97977, 59.52124], [7.9814, 59.52113]]}, "properties": {"P": 57.08, "tau": 149.24, "tau_c": 269.54, "omega": 281.18, "M": 0.55, "D": 0.01, "R": 0.25, "sving": 0.37, "os": 1.0, "foss": 1.0, "juv": 0.0, "B": 0.83, "Q": 3.55, "w": 16.97, "h": 0.11, "S": 0.13693, "elv": "bekk", "km": 0.0}}, {"type": "Feature", "geometry": {"type": "LineString", "coordinates": [[7.9814, 59.52113], [7.98291, 59.52066]]}, "properties": {"P": 46.85, "tau": 149.91, "tau_c": 260.27, "omega": 286.18, "M": 0.58, "D": 0.05, "R": 0.28, "sving": 0.14, "os": 0.63, "foss": 1.0, "juv": 0.0, "B": 0.83, "Q": 3.56, "w": 15.58, "h": 0.12, "S": 0.12768, "elv": "bekk", "km": 0.1}}, {"type": "Feature", "geometry": {"type": "LineString", "coordinates": [[7.98291, 59.52066], [7.98434, 59.52013]]}, "properties": {"P": 42.82, "tau": 137.88, "tau_c": 245.12, "omega": 253.86, "M": 0.56, "D": 0.14, "R": 0.26, "sving": 0.09, "os": 0.39, "foss": 1.0, "juv": 0.0, "B": 0.83, "Q": 3.56, "w": 15.6, "h": 0.12, "S": 0.11325, "elv": "bekk", "km": 0.2}}, {"type": "Feature", "geometry": {"type": "LineString", "coordinates": [[7.98434, 59.52013], [7.98595, 59.51977]]}, "properties": {"P": 38.86, "tau": 115.1, "tau_c": 240.46, "omega": 189.75, "M": 0.48, "D": 0.13, "R": 0.16, "sving": 0.21, "os": 0.24, "foss": 1.0, "juv": 0.03, "B": 0.83, "Q": 3.59, "w": 20.2, "h": 0.11, "S": 0.10898, "elv": "bekk", "km": 0.3}}, {"type": "Feature", "geometry": {"type": "LineString", "coordinates": [[7.98595, 59.51977], [7.98758, 59.51943]]}, "properties": {"P": 31.99, "tau": 73.64, "tau_c": 241.56, "omega": 90.45, "M": 0.3, "D": 0.09, "R": 0.03, "sving": 0.24, "os": 0.14, "foss": 1.0, "juv": 0.03, "B": 0.83, "Q": 3.59, "w": 42.81, "h": 0.07, "S": 0.10998, "elv": "bekk", "km": 0.4}}, {"type": "Feature", "geometry": {"type": "LineString", "coordinates": [[7.98758, 59.51943], [7.98927, 59.51944]]}, "properties": {"P": 71.03, "tau": 614.55, "tau_c": 219.21, "omega": 3169.87, "M": 2.8, "D": -0.0, "R": 0.58, "sving": 0.21, "os": 0.09, "foss": 1.0, "juv": 0.03, "B": 1.27, "Q": 233.35, "w": 65.41, "h": 0.69, "S": 0.09057, "elv": "bekk", "km": 0.5}}]}