{"type": "FeatureCollection", "features": [{"type": "Feature", "geometry": {"type": "LineString", "coordinates": [[8.67371, 58.54314], [8.67397, 58.54229]]}, "properties": {"P": 32.65, "tau": 169.74, "tau_c": 70.79, "omega": 517.67, "M": 2.4, "D": 0.06, "R": 0.74, "sving": 0.53, "os": 0.0, "foss": 0.0, "juv": 0.2, "B": 0.56, "Q": 223.46, "w": 40.0, "h": 1.83, "S": 0.00945, "elv": "Nidelva", "km": 0.0}}, {"type": "Feature", "geometry": {"type": "LineString", "coordinates": [[8.67397, 58.54229], [8.67306, 58.54153]]}, "properties": {"P": 61.51, "tau": 131.03, "tau_c": 61.38, "omega": 353.99, "M": 2.13, "D": 0.16, "R": 0.84, "sving": 0.35, "os": 0.0, "foss": 0.0, "juv": 0.13, "B": 1.02, "Q": 223.58, "w": 44.0, "h": 1.88, "S": 0.0071, "elv": "Nidelva", "km": 0.1}}, {"type": "Feature", "geometry": {"type": "LineString", "coordinates": [[8.67306, 58.54153], [8.67216, 58.54077]]}, "properties": {"P": 68.6, "tau": 107.09, "tau_c": 55.25, "omega": 262.95, "M": 1.94, "D": 0.3, "R": 0.91, "sving": 0.33, "os": 0.0, "foss": 0.0, "juv": 0.07, "B": 1.02, "Q": 223.58, "w": 48.0, "h": 1.9, "S": 0.00575, "elv": "Nidelva", "km": 0.2}}, {"type": "Feature", "geometry": {"type": "LineString", "coordinates": [[8.67216, 58.54077], [8.67126, 58.54001]]}, "properties": {"P": 68.29, "tau": 87.52, "tau_c": 50.45, "omega": 194.88, "M": 1.73, "D": 0.42, "R": 0.97, "sving": 0.1, "os": 0.0, "foss": 0.0, "juv": 0.0, "B": 1.02, "Q": 223.59, "w": 54.0, "h": 1.86, "S": 0.0048, "elv": "Nidelva", "km": 0.3}}, {"type": "Feature", "geometry": {"type": "LineString", "coordinates": [[8.67126, 58.54001], [8.67013, 58.53934]]}, "properties": {"P": 66.61, "tau": 11.83, "tau_c": 11.99, "omega": 10.61, "M": 0.99, "D": 0.63, "R": 0.78, "sving": 0.08, "os": 0.0, "foss": 0.0, "juv": 0.0, "B": 1.02, "Q": 223.6, "w": 56.0, "h": 4.45, "S": 0.00027, "elv": "Nidelva", "km": 0.4}}, {"type": "Feature", "geometry": {"type": "LineString", "coordinates": [[8.67013, 58.53934], [8.66887, 58.53873]]}, "properties": {"P": 29.56, "tau": 5.22, "tau_c": 11.65, "omega": 3.21, "M": 0.45, "D": 0.54, "R": 0.13, "sving": 0.05, "os": 0.0, "foss": 0.0, "juv": 0.0, "B": 1.02, "Q": 223.6, "w": 72.0, "h": 5.05, "S": 0.00011, "elv": "Nidelva", "km": 0.5}}, {"type": "Feature", "geometry": {"type": "LineString", "coordinates": [[8.66887, 58.53873], [8.66768, 58.53809]]}, "properties": {"P": 26.93, "tau": 6.42, "tau_c": 11.65, "omega": 4.34, "M": 0.55, "D": 0.36, "R": 0.25, "sving": 0.01, "os": 0.0, "foss": 0.0, "juv": 0.0, "B": 1.02, "Q": 223.62, "w": 78.0, "h": 4.25, "S": 0.00015, "elv": "Nidelva", "km": 0.6}}, {"type": "Feature", "geometry": {"type": "LineString", "coordinates": [[8.66768, 58.53809], [8.66659, 58.5374]]}, "properties": {"P": 28.77, "tau": 9.73, "tau_c": 13.4, "omega": 7.83, "M": 0.73, "D": 0.05, "R": 0.48, "sving": 0.09, "os": 0.0, "foss": 0.0, "juv": 0.0, "B": 1.02, "Q": 223.63, "w": 94.92, "h": 2.93, "S": 0.00034, "elv": "Nidelva", "km": 0.7}}, {"type": "Feature", "geometry": {"type": "LineString", "coordinates": [[8.66659, 58.5374], [8.6655, 58.53671]]}, "properties": {"P": 28.79, "tau": 12.53, "tau_c": 17.18, "omega": 11.11, "M": 0.73, "D": -0.0, "R": 0.49, "sving": 0.16, "os": 0.0, "foss": 0.0, "juv": 0.0, "B": 1.02, "Q": 223.64, "w": 109.84, "h": 2.29, "S": 0.00056, "elv": "Nidelva", "km": 0.8}}, {"type": "Feature", "geometry": {"type": "LineString", "coordinates": [[8.6655, 58.53671], [8.66458, 58.53596]]}, "properties": {"P": 27.91, "tau": 14.86, "tau_c": 20.42, "omega": 14.04, "M": 0.73, "D": -0.0, "R": 0.48, "sving": 0.13, "os": 0.0, "foss": 0.0, "juv": 0.0, "B": 1.02, "Q": 223.65, "w": 122.76, "h": 1.93, "S": 0.00079, "elv": "Nidelva", "km": 0.9}}, {"type": "Feature", "geometry": {"type": "LineString", "coordinates": [[8.66458, 58.53596], [8.66399, 58.53512]]}, "properties": {"P": 29.29, "tau": 15.18, "tau_c": 20.74, "omega": 14.49, "M": 0.73, "D": 0.01, "R": 0.49, "sving": 0.16, "os": 0.0, "foss": 0.0, "juv": 0.0, "B": 1.02, "Q": 223.65, "w": 122.76, "h": 1.91, "S": 0.00081, "elv": "Nidelva", "km": 1.0}}, {"type": "Feature", "geometry": {"type": "LineString", "coordinates": [[8.66399, 58.53512], [8.66342, 58.53428]]}, "properties": {"P": 27.56, "tau": 14.83, "tau_c": 21.11, "omega": 13.88, "M": 0.7, "D": 0.04, "R": 0.45, "sving": 0.12, "os": 0.0, "foss": 0.0, "juv": 0.0, "B": 1.02, "Q": 223.66, "w": 132.76, "h": 1.8, "S": 0.00084, "elv": "Nidelva", "km": 1.1}}, {"type": "Feature", "geometry": {"type": "LineString", "coordinates": [[8.66342, 58.53428], [8.66297, 58.53341]]}, "properties": {"P": 27.38, "tau": 14.24, "tau_c": 20.51, "omega": 13.1, "M": 0.69, "D": 0.12, "R": 0.44, "sving": 0.03, "os": 0.0, "foss": 0.0, "juv": 0.0, "B": 1.01, "Q": 223.68, "w": 132.76, "h": 1.83, "S": 0.00079, "elv": "Nidelva", "km": 1.2}}, {"type": "Feature", "geometry": {"type": "LineString", "coordinates": [[8.66297, 58.53341], [8.66251, 58.53255]]}, "properties": {"P": 29.07, "tau": 11.69, "tau_c": 17.79, "omega": 9.86, "M": 0.66, "D": 0.25, "R": 0.39, "sving": 0.0, "os": 0.0, "foss": 0.0, "juv": 0.0, "B": 1.01, "Q": 223.72, "w": 132.77, "h": 2.0, "S": 0.0006, "elv": "Nidelva", "km": 1.3}}, {"type": "Feature", "geometry": {"type": "LineString", "coordinates": [[8.66251, 58.53255], [8.66204, 58.53169]]}, "properties": {"P": 29.89, "tau": 7.67, "tau_c": 13.15, "omega": 5.39, "M": 0.58, "D": 0.37, "R": 0.29, "sving": 0.03, "os": 0.0, "foss": 0.0, "juv": 0.0, "B": 1.01, "Q": 223.74, "w": 132.77, "h": 2.4, "S": 0.00033, "elv": "Nidelva", "km": 1.4}}, {"type": "Feature", "geometry": {"type": "LineString", "coordinates": [[8.66204, 58.53169], [8.66146, 58.53084]]}, "properties": {"P": 19.91, "tau": 3.68, "tau_c": 11.65, "omega": 1.87, "M": 0.32, "D": 0.43, "R": 0.03, "sving": 0.04, "os": 0.0, "foss": 0.0, "juv": 0.0, "B": 1.01, "Q": 223.74, "w": 133.7, "h": 3.29, "S": 0.00011, "elv": "Nidelva", "km": 1.5}}, {"type": "Feature", "geometry": {"type": "LineString", "coordinates": [[8.6553, 58.52669], [8.65406, 58.52607]]}, "properties": {"P": 5.7, "tau": 3.66, "tau_c": 11.65, "omega": 1.88, "M": 0.31, "D": -0.0, "R": 0.03, "sving": 0.14, "os": 0.0, "foss": 0.0, "juv": 0.0, "B": 1.01, "Q": 223.86, "w": 116.93, "h": 3.73, "S": 0.0001, "elv": "Nidelva", "km": 2.2}}, {"type": "Feature", "geometry": {"type": "LineString", "coordinates": [[8.65406, 58.52607], [8.65269, 58.52556]]}, "properties": {"P": 6.02, "tau": 3.81, "tau_c": 11.65, "omega": 2.0, "M": 0.33, "D": -0.0, "R": 0.04, "sving": 0.14, "os": 0.0, "foss": 0.0, "juv": 0.0, "B": 1.01, "Q": 223.87, "w": 110.0, "h": 3.88, "S": 0.0001, "elv": "Nidelva", "km": 2.3}}, {"type": "Feature", "geometry": {"type": "LineString", "coordinates": [[8.65269, 58.52556], [8.65111, 58.52521]]}, "properties": {"P": 5.52, "tau": 4.62, "tau_c": 11.65, "omega": 2.65, "M": 0.4, "D": -0.0, "R": 0.09, "sving": 0.04, "os": 0.0, "foss": 0.0, "juv": 0.0, "B": 1.01, "Q": 223.88, "w": 102.0, "h": 3.82, "S": 0.00012, "elv": "Nidelva", "km": 2.4}}, {"type": "Feature", "geometry": {"type": "LineString", "coordinates": [[8.65111, 58.52521], [8.64953, 58.52487]]}, "properties": {"P": 7.56, "tau": 4.41, "tau_c": 11.65, "omega": 2.48, "M": 0.38, "D": -0.0, "R": 0.07, "sving": 0.14, "os": 0.0, "foss": 0.0, "juv": 0.0, "B": 1.01, "Q": 223.88, "w": 102.0, "h": 3.9, "S": 0.00012, "elv": "Nidelva", "km": 2.5}}, {"type": "Feature", "geometry": {"type": "LineString", "coordinates": [[8.64953, 58.52487], [8.64846, 58.52419]]}, "properties": {"P": 9.67, "tau": 4.3, "tau_c": 11.65, "omega": 2.38, "M": 0.37, "D": -0.0, "R": 0.06, "sving": 0.22, "os": 0.0, "foss": 0.0, "juv": 0.0, "B": 1.01, "Q": 223.9, "w": 106.0, "h": 3.81, "S": 0.00012, "elv": "Nidelva", "km": 2.6}}, {"type": "Feature", "geometry": {"type": "LineString", "coordinates": [[8.64846, 58.52419], [8.64751, 58.52345]]}, "properties": {"P": 12.3, "tau": 5.13, "tau_c": 11.65, "omega": 3.07, "M": 0.44, "D": 0.01, "R": 0.12, "sving": 0.2, "os": 0.0, "foss": 0.0, "juv": 0.0, "B": 1.01, "Q": 223.91, "w": 110.0, "h": 3.4, "S": 0.00015, "elv": "Nidelva", "km": 2.7}}, {"type": "Feature", "geometry": {"type": "LineString", "coordinates": [[8.64751, 58.52345], [8.64655, 58.5227]]}, "properties": {"P": 9.61, "tau": 5.31, "tau_c": 11.65, "omega": 3.23, "M": 0.46, "D": 0.06, "R": 0.14, "sving": 0.02, "os": 0.0, "foss": 0.0, "juv": 0.0, "B": 1.01, "Q": 223.92, "w": 112.0, "h": 3.29, "S": 0.00016, "elv": "Nidelva", "km": 2.8}}, {"type": "Feature", "geometry": {"type": "LineString", "coordinates": [[8.64655, 58.5227], [8.64553, 58.52199]]}, "properties": {"P": 8.09, "tau": 4.06, "tau_c": 11.65, "omega": 2.18, "M": 0.35, "D": 0.12, "R": 0.05, "sving": 0.02, "os": 0.0, "foss": 0.0, "juv": 0.0, "B": 1.01, "Q": 223.92, "w": 120.0, "h": 3.48, "S": 0.00012, "elv": "Nidelva", "km": 2.9}}, {"type": "Feature", "geometry": {"type": "LineString", "coordinates": [[8.64553, 58.52199], [8.64449, 58.52127]]}, "properties": {"P": 7.41, "tau": 3.56, "tau_c": 11.65, "omega": 1.8, "M": 0.31, "D": 0.14, "R": 0.03, "sving": 0.01, "os": 0.0, "foss": 0.0, "juv": 0.0, "B": 1.01, "Q": 223.93, "w": 122.0, "h": 3.63, "S": 0.0001, "elv": "Nidelva", "km": 3.0}}, {"type": "Feature", "geometry": {"type": "LineString", "coordinates": [[8.64449, 58.52127], [8.64346, 58.52056]]}, "properties": {"P": 6.8, "tau": 3.55, "tau_c": 11.65, "omega": 1.79, "M": 0.3, "D": 0.1, "R": 0.03, "sving": 0.05, "os": 0.0, "foss": 0.0, "juv": 0.0, "B": 1.01, "Q": 223.94, "w": 122.94, "h": 3.62, "S": 0.0001, "elv": "Nidelva", "km": 3.1}}, {"type": "Feature", "geometry": {"type": "LineString", "coordinates": [[8.63907, 58.51671], [8.6382, 58.51594]]}, "properties": {"P": 2.99, "tau": 3.53, "tau_c": 11.65, "omega": 1.77, "M": 0.3, "D": -0.0, "R": 0.03, "sving": 0.0, "os": 0.05, "foss": 0.0, "juv": 0.0, "B": 1.01, "Q": 224.0, "w": 123.88, "h": 3.6, "S": 0.0001, "elv": "Nidelva", "km": 3.7}}, {"type": "Feature", "geometry": {"type": "LineString", "coordinates": [[8.6382, 58.51594], [8.63723, 58.5152]]}, "properties": {"P": 5.93, "tau": 3.58, "tau_c": 11.65, "omega": 1.82, "M": 0.31, "D": -0.0, "R": 0.03, "sving": 0.07, "os": 0.08, "foss": 0.0, "juv": 0.0, "B": 1.01, "Q": 224.01, "w": 120.94, "h": 3.65, "S": 0.0001, "elv": "Nidelva", "km": 3.8}}, {"type": "Feature", "geometry": {"type": "LineString", "coordinates": [[8.63723, 58.5152], [8.63638, 58.51443]]}, "properties": {"P": 9.8, "tau": 3.6, "tau_c": 11.65, "omega": 1.83, "M": 0.31, "D": 0.0, "R": 0.03, "sving": 0.15, "os": 0.13, "foss": 0.0, "juv": 0.0, "B": 1.01, "Q": 224.01, "w": 120.0, "h": 3.67, "S": 0.0001, "elv": "Nidelva", "km": 3.9}}, {"type": "Feature", "geometry": {"type": "LineString", "coordinates": [[8.63638, 58.51443], [8.63583, 58.51358]]}, "properties": {"P": 17.33, "tau": 3.58, "tau_c": 11.65, "omega": 1.82, "M": 0.31, "D": 0.01, "R": 0.03, "sving": 0.32, "os": 0.2, "foss": 0.0, "juv": 0.0, "B": 1.01, "Q": 224.03, "w": 120.94, "h": 3.65, "S": 0.0001, "elv": "Nidelva", "km": 4.0}}, {"type": "Feature", "geometry": {"type": "LineString", "coordinates": [[8.63583, 58.51358], [8.63559, 58.51272]]}, "properties": {"P": 24.24, "tau": 3.52, "tau_c": 11.65, "omega": 1.77, "M": 0.3, "D": 0.02, "R": 0.03, "sving": 0.42, "os": 0.32, "foss": 0.0, "juv": 0.0, "B": 1.01, "Q": 224.04, "w": 124.4, "h": 3.59, "S": 0.0001, "elv": "Nidelva", "km": 4.1}}, {"type": "Feature", "geometry": {"type": "LineString", "coordinates": [[8.63693, 58.51116], [8.63854, 58.51088]]}, "properties": {"P": 47.06, "tau": 3.58, "tau_c": 11.65, "omega": 1.81, "M": 0.31, "D": -0.0, "R": 0.03, "sving": 0.81, "os": 0.73, "foss": 0.0, "juv": 0.0, "B": 1.01, "Q": 232.69, "w": 125.86, "h": 3.65, "S": 0.0001, "elv": "Nidelva", "km": 4.4}}, {"type": "Feature", "geometry": {"type": "LineString", "coordinates": [[8.63854, 58.51088], [8.64011, 58.51117]]}, "properties": {"P": 39.17, "tau": 4.47, "tau_c": 11.65, "omega": 2.51, "M": 0.38, "D": -0.0, "R": 0.08, "sving": 0.74, "os": 0.45, "foss": 0.0, "juv": 0.0, "B": 1.01, "Q": 232.71, "w": 116.92, "h": 3.54, "S": 0.00013, "elv": "Nidelva", "km": 4.5}}, {"type": "Feature", "geometry": {"type": "LineString", "coordinates": [[8.64011, 58.51117], [8.64121, 58.51182]]}, "properties": {"P": 25.31, "tau": 3.78, "tau_c": 11.65, "omega": 1.97, "M": 0.32, "D": 0.03, "R": 0.04, "sving": 0.44, "os": 0.31, "foss": 0.0, "juv": 0.0, "B": 1.01, "Q": 232.71, "w": 116.92, "h": 3.81, "S": 0.0001, "elv": "Nidelva", "km": 4.6}}, {"type": "Feature", "geometry": {"type": "LineString", "coordinates": [[8.64121, 58.51182], [8.64211, 58.51258]]}, "properties": {"P": 11.59, "tau": 3.75, "tau_c": 11.65, "omega": 1.95, "M": 0.32, "D": 0.04, "R": 0.04, "sving": 0.05, "os": 0.23, "foss": 0.0, "juv": 0.0, "B": 1.01, "Q": 232.72, "w": 116.92, "h": 3.82, "S": 0.0001, "elv": "Nidelva", "km": 4.7}}, {"type": "Feature", "geometry": {"type": "LineString", "coordinates": [[8.64211, 58.51258], [8.64321, 58.51326]]}, "properties": {"P": 17.55, "tau": 3.79, "tau_c": 11.65, "omega": 1.98, "M": 0.33, "D": 0.05, "R": 0.04, "sving": 0.28, "os": 0.17, "foss": 0.0, "juv": 0.0, "B": 1.01, "Q": 232.72, "w": 120.45, "h": 3.7, "S": 0.0001, "elv": "Nidelva", "km": 4.8}}, {"type": "Feature", "geometry": {"type": "LineString", "coordinates": [[8.64321, 58.51326], [8.64468, 58.51366]]}, "properties": {"P": 25.08, "tau": 3.54, "tau_c": 11.65, "omega": 1.78, "M": 0.3, "D": 0.05, "R": 0.03, "sving": 0.48, "os": 0.26, "foss": 0.0, "juv": 0.0, "B": 1.01, "Q": 232.73, "w": 127.99, "h": 3.61, "S": 0.0001, "elv": "Nidelva", "km": 4.9}}, {"type": "Feature", "geometry": {"type": "LineString", "coordinates": [[8.65004, 58.51221], [8.65002, 58.51134]]}, "properties": {"P": 29.51, "tau": 3.64, "tau_c": 11.65, "omega": 1.87, "M": 0.31, "D": -0.0, "R": 0.03, "sving": 0.58, "os": 0.36, "foss": 0.0, "juv": 0.0, "B": 1.01, "Q": 234.0, "w": 123.07, "h": 3.71, "S": 0.0001, "elv": "Nidelva", "km": 5.4}}, {"type": "Feature", "geometry": {"type": "LineString", "coordinates": [[8.65002, 58.51134], [8.64956, 58.51049]]}, "properties": {"P": 17.03, "tau": 3.79, "tau_c": 11.65, "omega": 1.99, "M": 0.33, "D": -0.0, "R": 0.04, "sving": 0.27, "os": 0.24, "foss": 0.0, "juv": 0.0, "B": 1.01, "Q": 234.0, "w": 115.53, "h": 3.86, "S": 0.0001, "elv": "Nidelva", "km": 5.5}}, {"type": "Feature", "geometry": {"type": "LineString", "coordinates": [[8.64956, 58.51049], [8.64871, 58.50971]]}, "properties": {"P": 8.72, "tau": 3.91, "tau_c": 11.65, "omega": 2.09, "M": 0.34, "D": -0.0, "R": 0.04, "sving": 0.06, "os": 0.16, "foss": 0.0, "juv": 0.0, "B": 1.01, "Q": 234.01, "w": 110.0, "h": 3.99, "S": 0.0001, "elv": "Nidelva", "km": 5.6}}, {"type": "Feature", "geometry": {"type": "LineString", "coordinates": [[8.64871, 58.50971], [8.64811, 58.50889]]}, "properties": {"P": 6.54, "tau": 4.11, "tau_c": 11.65, "omega": 2.25, "M": 0.35, "D": -0.0, "R": 0.05, "sving": 0.02, "os": 0.11, "foss": 0.0, "juv": 0.0, "B": 1.01, "Q": 234.02, "w": 102.0, "h": 4.19, "S": 0.0001, "elv": "Nidelva", "km": 5.7}}, {"type": "Feature", "geometry": {"type": "LineString", "coordinates": [[8.64811, 58.50889], [8.64784, 58.508]]}, "properties": {"P": 6.71, "tau": 4.27, "tau_c": 11.65, "omega": 2.39, "M": 0.37, "D": -0.0, "R": 0.06, "sving": 0.05, "os": 0.07, "foss": 0.0, "juv": 0.0, "B": 1.01, "Q": 234.02, "w": 96.0, "h": 4.36, "S": 0.0001, "elv": "Nidelva", "km": 5.8}}, {"type": "Feature", "geometry": {"type": "LineString", "coordinates": [[8.64784, 58.508], [8.6473, 58.50715]]}, "properties": {"P": 4.93, "tau": 4.27, "tau_c": 11.65, "omega": 2.39, "M": 0.37, "D": -0.0, "R": 0.06, "sving": 0.06, "os": 0.0, "foss": 0.0, "juv": 0.0, "B": 1.01, "Q": 234.05, "w": 96.0, "h": 4.36, "S": 0.0001, "elv": "Nidelva", "km": 5.9}}, {"type": "Feature", "geometry": {"type": "LineString", "coordinates": [[8.6473, 58.50715], [8.64664, 58.50633]]}, "properties": {"P": 7.56, "tau": 4.4, "tau_c": 11.65, "omega": 2.5, "M": 0.38, "D": -0.0, "R": 0.07, "sving": 0.14, "os": 0.0, "foss": 0.0, "juv": 0.0, "B": 1.01, "Q": 234.05, "w": 92.0, "h": 4.48, "S": 0.0001, "elv": "Nidelva", "km": 6.0}}, {"type": "Feature", "geometry": {"type": "LineString", "coordinates": [[8.64664, 58.50633], [8.64579, 58.50555]]}, "properties": {"P": 12.89, "tau": 6.06, "tau_c": 11.65, "omega": 3.99, "M": 0.52, "D": 0.0, "R": 0.21, "sving": 0.08, "os": 0.0, "foss": 0.0, "juv": 0.0, "B": 1.01, "Q": 234.17, "w": 88.0, "h": 4.05, "S": 0.00015, "elv": "Nidelva", "km": 6.1}}, {"type": "Feature", "geometry": {"type": "LineString", "coordinates": [[8.64579, 58.50555], [8.64494, 58.50477]]}, "properties": {"P": 9.58, "tau": 4.58, "tau_c": 11.65, "omega": 2.65, "M": 0.39, "D": 0.07, "R": 0.08, "sving": 0.09, "os": 0.0, "foss": 0.0, "juv": 0.0, "B": 1.01, "Q": 234.18, "w": 92.0, "h": 4.4, "S": 0.00011, "elv": "Nidelva", "km": 6.2}}, {"type": "Feature", "geometry": {"type": "LineString", "coordinates": [[8.64494, 58.50477], [8.64407, 58.504]]}, "properties": {"P": 7.8, "tau": 4.29, "tau_c": 11.65, "omega": 2.4, "M": 0.37, "D": 0.09, "R": 0.06, "sving": 0.03, "os": 0.0, "foss": 0.0, "juv": 0.0, "B": 1.02, "Q": 234.19, "w": 101.55, "h": 4.13, "S": 0.00011, "elv": "Nidelva", "km": 6.3}}, {"type": "Feature", "geometry": {"type": "LineString", "coordinates": [[8.64407, 58.504], [8.64304, 58.50328]]}, "properties": {"P": 6.85, "tau": 4.13, "tau_c": 11.65, "omega": 2.26, "M": 0.35, "D": 0.1, "R": 0.06, "sving": 0.0, "os": 0.0, "foss": 0.0, "juv": 0.0, "B": 1.02, "Q": 234.19, "w": 107.55, "h": 3.98, "S": 0.00011, "elv": "Nidelva", "km": 6.4}}, {"type": "Feature", "geometry": {"type": "LineString", "coordinates": [[8.64304, 58.50328], [8.64206, 58.50255]]}, "properties": {"P": 5.79, "tau": 3.99, "tau_c": 11.65, "omega": 2.14, "M": 0.34, "D": 0.06, "R": 0.05, "sving": 0.03, "os": 0.0, "foss": 0.0, "juv": 0.0, "B": 1.02, "Q": 234.23, "w": 113.55, "h": 3.84, "S": 0.00011, "elv": "Nidelva", "km": 6.5}}, {"type": "Feature", "geometry": {"type": "LineString", "coordinates": [[8.64206, 58.50255], [8.64121, 58.50177]]}, "properties": {"P": 4.54, "tau": 3.9, "tau_c": 11.65, "omega": 2.07, "M": 0.34, "D": 0.05, "R": 0.04, "sving": 0.01, "os": 0.0, "foss": 0.0, "juv": 0.0, "B": 1.02, "Q": 234.25, "w": 117.55, "h": 3.76, "S": 0.00011, "elv": "Nidelva", "km": 6.6}}, {"type": "Feature", "geometry": {"type": "LineString", "coordinates": [[8.64121, 58.50177], [8.64021, 58.50104]]}, "properties": {"P": 4.34, "tau": 3.64, "tau_c": 11.65, "omega": 1.87, "M": 0.31, "D": 0.05, "R": 0.03, "sving": 0.02, "os": 0.0, "foss": 0.0, "juv": 0.0, "B": 1.02, "Q": 234.28, "w": 123.1, "h": 3.71, "S": 0.0001, "elv": "Nidelva", "km": 6.7}}, {"type": "Feature", "geometry": {"type": "LineString", "coordinates": [[8.64021, 58.50104], [8.63922, 58.50031]]}, "properties": {"P": 4.88, "tau": 3.64, "tau_c": 11.65, "omega": 1.87, "M": 0.31, "D": 0.04, "R": 0.03, "sving": 0.06, "os": 0.0, "foss": 0.0, "juv": 0.0, "B": 1.02, "Q": 234.29, "w": 123.11, "h": 3.71, "S": 0.0001, "elv": "Nidelva", "km": 6.8}}, {"type": "Feature", "geometry": {"type": "LineString", "coordinates": [[8.63922, 58.50031], [8.63814, 58.49961]]}, "properties": {"P": 2.93, "tau": 3.58, "tau_c": 11.65, "omega": 1.81, "M": 0.31, "D": 0.03, "R": 0.03, "sving": 0.0, "os": 0.0, "foss": 0.0, "juv": 0.0, "B": 1.02, "Q": 234.3, "w": 126.66, "h": 3.65, "S": 0.0001, "elv": "Nidelva", "km": 6.9}}, {"type": "Feature", "geometry": {"type": "LineString", "coordinates": [[8.63606, 58.49819], [8.63506, 58.49746]]}, "properties": {"P": 2.68, "tau": 3.58, "tau_c": 11.65, "omega": 1.82, "M": 0.31, "D": -0.0, "R": 0.03, "sving": 0.04, "os": 0.0, "foss": 0.0, "juv": 0.0, "B": 1.02, "Q": 234.34, "w": 126.66, "h": 3.65, "S": 0.0001, "elv": "Nidelva", "km": 7.2}}, {"type": "Feature", "geometry": {"type": "LineString", "coordinates": [[8.63506, 58.49746], [8.63407, 58.49673]]}, "properties": {"P": 2.63, "tau": 3.72, "tau_c": 11.65, "omega": 1.93, "M": 0.32, "D": -0.0, "R": 0.04, "sving": 0.03, "os": 0.0, "foss": 0.0, "juv": 0.0, "B": 1.02, "Q": 234.35, "w": 119.11, "h": 3.79, "S": 0.0001, "elv": "Nidelva", "km": 7.3}}, {"type": "Feature", "geometry": {"type": "LineString", "coordinates": [[8.63407, 58.49673], [8.63314, 58.49598]]}, "properties": {"P": 2.83, "tau": 3.88, "tau_c": 11.65, "omega": 2.06, "M": 0.33, "D": -0.0, "R": 0.04, "sving": 0.02, "os": 0.0, "foss": 0.0, "juv": 0.0, "B": 1.02, "Q": 234.35, "w": 111.55, "h": 3.96, "S": 0.0001, "elv": "Nidelva", "km": 7.4}}, {"type": "Feature", "geometry": {"type": "LineString", "coordinates": [[8.63314, 58.49598], [8.63223, 58.49522]]}, "properties": {"P": 3.85, "tau": 4.06, "tau_c": 11.65, "omega": 2.21, "M": 0.35, "D": -0.0, "R": 0.05, "sving": 0.04, "os": 0.0, "foss": 0.0, "juv": 0.0, "B": 1.02, "Q": 234.37, "w": 104.0, "h": 4.14, "S": 0.0001, "elv": "Nidelva", "km": 7.5}}, {"type": "Feature", "geometry": {"type": "LineString", "coordinates": [[8.63223, 58.49522], [8.63132, 58.49446]]}, "properties": {"P": 3.93, "tau": 4.17, "tau_c": 11.65, "omega": 2.3, "M": 0.36, "D": -0.0, "R": 0.06, "sving": 0.04, "os": 0.0, "foss": 0.0, "juv": 0.0, "B": 1.02, "Q": 234.42, "w": 100.0, "h": 4.25, "S": 0.0001, "elv": "Nidelva", "km": 7.6}}, {"type": "Feature", "geometry": {"type": "LineString", "coordinates": [[8.63132, 58.49446], [8.63049, 58.49368]]}, "properties": {"P": 3.85, "tau": 4.17, "tau_c": 11.65, "omega": 2.3, "M": 0.36, "D": 0.0, "R": 0.06, "sving": 0.03, "os": 0.0, "foss": 0.0, "juv": 0.0, "B": 1.02, "Q": 234.44, "w": 100.0, "h": 4.25, "S": 0.0001, "elv": "Nidelva", "km": 7.7}}, {"type": "Feature", "geometry": {"type": "LineString", "coordinates": [[8.63049, 58.49368], [8.62971, 58.49288]]}, "properties": {"P": 3.89, "tau": 4.17, "tau_c": 11.65, "omega": 2.3, "M": 0.36, "D": 0.0, "R": 0.06, "sving": 0.03, "os": 0.0, "foss": 0.0, "juv": 0.0, "B": 1.02, "Q": 234.45, "w": 100.0, "h": 4.25, "S": 0.0001, "elv": "Nidelva", "km": 7.8}}, {"type": "Feature", "geometry": {"type": "LineString", "coordinates": [[8.62971, 58.49288], [8.62892, 58.49208]]}, "properties": {"P": 3.29, "tau": 4.11, "tau_c": 11.65, "omega": 2.25, "M": 0.35, "D": 0.0, "R": 0.05, "sving": 0.01, "os": 0.0, "foss": 0.0, "juv": 0.0, "B": 1.02, "Q": 234.46, "w": 102.0, "h": 4.19, "S": 0.0001, "elv": "Nidelva", "km": 7.9}}, {"type": "Feature", "geometry": {"type": "LineString", "coordinates": [[8.62892, 58.49208], [8.62814, 58.49129]]}, "properties": {"P": 3.02, "tau": 4.17, "tau_c": 11.65, "omega": 2.3, "M": 0.36, "D": 0.0, "R": 0.06, "sving": 0.0, "os": 0.0, "foss": 0.0, "juv": 0.0, "B": 1.02, "Q": 234.47, "w": 100.0, "h": 4.25, "S": 0.0001, "elv": "Nidelva", "km": 8.0}}, {"type": "Feature", "geometry": {"type": "LineString", "coordinates": [[8.62814, 58.49129], [8.62736, 58.49049]]}, "properties": {"P": 3.37, "tau": 4.11, "tau_c": 11.65, "omega": 2.26, "M": 0.35, "D": 0.0, "R": 0.05, "sving": 0.02, "os": 0.0, "foss": 0.0, "juv": 0.0, "B": 1.02, "Q": 234.47, "w": 102.0, "h": 4.19, "S": 0.0001, "elv": "Nidelva", "km": 8.1}}, {"type": "Feature", "geometry": {"type": "LineString", "coordinates": [[8.62736, 58.49049], [8.62658, 58.48969]]}, "properties": {"P": 3.52, "tau": 4.11, "tau_c": 11.65, "omega": 2.26, "M": 0.35, "D": -0.0, "R": 0.05, "sving": 0.03, "os": 0.0, "foss": 0.0, "juv": 0.0, "B": 1.02, "Q": 234.56, "w": 102.0, "h": 4.19, "S": 0.0001, "elv": "Nidelva", "km": 8.2}}, {"type": "Feature", "geometry": {"type": "LineString", "coordinates": [[8.62658, 58.48969], [8.62572, 58.48891]]}, "properties": {"P": 3.65, "tau": 4.17, "tau_c": 11.65, "omega": 2.3, "M": 0.36, "D": -0.0, "R": 0.06, "sving": 0.03, "os": 0.0, "foss": 0.0, "juv": 0.0, "B": 1.02, "Q": 234.56, "w": 100.0, "h": 4.25, "S": 0.0001, "elv": "Nidelva", "km": 8.3}}, {"type": "Feature", "geometry": {"type": "LineString", "coordinates": [[8.62572, 58.48891], [8.62483, 58.48815]]}, "properties": {"P": 3.54, "tau": 4.22, "tau_c": 11.65, "omega": 2.35, "M": 0.36, "D": -0.0, "R": 0.06, "sving": 0.02, "os": 0.0, "foss": 0.0, "juv": 0.0, "B": 1.02, "Q": 234.56, "w": 98.0, "h": 4.31, "S": 0.0001, "elv": "Nidelva", "km": 8.4}}, {"type": "Feature", "geometry": {"type": "LineString", "coordinates": [[8.62483, 58.48815], [8.62395, 58.48738]]}, "properties": {"P": 3.18, "tau": 4.22, "tau_c": 11.65, "omega": 2.35, "M": 0.36, "D": -0.0, "R": 0.06, "sving": 0.0, "os": 0.0, "foss": 0.0, "juv": 0.0, "B": 1.02, "Q": 234.6, "w": 98.0, "h": 4.31, "S": 0.0001, "elv": "Nidelva", "km": 8.5}}, {"type": "Feature", "geometry": {"type": "LineString", "coordinates": [[8.62395, 58.48738], [8.6231, 58.4866]]}, "properties": {"P": 4.28, "tau": 4.28, "tau_c": 11.65, "omega": 2.4, "M": 0.37, "D": -0.0, "R": 0.06, "sving": 0.04, "os": 0.0, "foss": 0.0, "juv": 0.0, "B": 1.02, "Q": 234.61, "w": 96.0, "h": 4.36, "S": 0.0001, "elv": "Nidelva", "km": 8.6}}, {"type": "Feature", "geometry": {"type": "LineString", "coordinates": [[8.6231, 58.4866], [8.62226, 58.48582]]}, "properties": {"P": 4.58, "tau": 4.34, "tau_c": 11.65, "omega": 2.45, "M": 0.37, "D": 0.0, "R": 0.07, "sving": 0.03, "os": 0.0, "foss": 0.0, "juv": 0.0, "B": 1.02, "Q": 234.65, "w": 94.0, "h": 4.43, "S": 0.0001, "elv": "Nidelva", "km": 8.7}}, {"type": "Feature", "geometry": {"type": "LineString", "coordinates": [[8.62226, 58.48582], [8.62152, 58.48501]]}, "properties": {"P": 5.49, "tau": 4.49, "tau_c": 11.65, "omega": 2.57, "M": 0.38, "D": 0.02, "R": 0.08, "sving": 0.03, "os": 0.0, "foss": 0.0, "juv": 0.0, "B": 1.02, "Q": 234.65, "w": 96.0, "h": 4.27, "S": 0.00011, "elv": "Nidelva", "km": 8.8}}, {"type": "Feature", "geometry": {"type": "LineString", "coordinates": [[8.62152, 58.48501], [8.62078, 58.4842]]}, "properties": {"P": 5.98, "tau": 4.17, "tau_c": 11.65, "omega": 2.3, "M": 0.36, "D": 0.05, "R": 0.06, "sving": 0.04, "os": 0.0, "foss": 0.0, "juv": 0.0, "B": 1.02, "Q": 234.67, "w": 100.0, "h": 4.25, "S": 0.0001, "elv": "Nidelva", "km": 8.9}}, {"type": "Feature", "geometry": {"type": "LineString", "coordinates": [[8.62078, 58.4842], [8.62005, 58.48339]]}, "properties": {"P": 7.16, "tau": 3.93, "tau_c": 11.65, "omega": 2.1, "M": 0.34, "D": 0.06, "R": 0.05, "sving": 0.08, "os": 0.0, "foss": 0.0, "juv": 0.0, "B": 1.02, "Q": 234.67, "w": 109.57, "h": 4.01, "S": 0.0001, "elv": "Nidelva", "km": 9.0}}, {"type": "Feature", "geometry": {"type": "LineString", "coordinates": [[8.62005, 58.48339], [8.61938, 58.48257]]}, "properties": {"P": 8.38, "tau": 3.84, "tau_c": 11.65, "omega": 2.03, "M": 0.33, "D": 0.06, "R": 0.04, "sving": 0.14, "os": 0.0, "foss": 0.0, "juv": 0.0, "B": 1.02, "Q": 234.68, "w": 113.57, "h": 3.91, "S": 0.0001, "elv": "Nidelva", "km": 9.1}}, {"type": "Feature", "geometry": {"type": "LineString", "coordinates": [[8.61938, 58.48257], [8.61899, 58.4817]]}, "properties": {"P": 8.25, "tau": 3.72, "tau_c": 11.65, "omega": 1.93, "M": 0.32, "D": 0.04, "R": 0.04, "sving": 0.17, "os": 0.0, "foss": 0.0, "juv": 0.0, "B": 1.02, "Q": 234.68, "w": 119.57, "h": 3.79, "S": 0.0001, "elv": "Nidelva", "km": 9.2}}, {"type": "Feature", "geometry": {"type": "LineString", "coordinates": [[8.61899, 58.4817], [8.61885, 58.48081]]}, "properties": {"P": 7.0, "tau": 3.7, "tau_c": 11.65, "omega": 1.91, "M": 0.32, "D": 0.02, "R": 0.04, "sving": 0.15, "os": 0.0, "foss": 0.0, "juv": 0.0, "B": 1.03, "Q": 244.99, "w": 125.57, "h": 3.77, "S": 0.0001, "elv": "Nidelva", "km": 9.3}}, {"type": "Feature", "geometry": {"type": "LineString", "coordinates": [[8.61885, 58.48081], [8.61886, 58.47991]]}, "properties": {"P": 5.77, "tau": 3.7, "tau_c": 11.65, "omega": 1.91, "M": 0.32, "D": 0.01, "R": 0.04, "sving": 0.12, "os": 0.0, "foss": 0.0, "juv": 0.0, "B": 1.03, "Q": 245.0, "w": 125.57, "h": 3.77, "S": 0.0001, "elv": "Nidelva", "km": 9.4}}, {"type": "Feature", "geometry": {"type": "LineString", "coordinates": [[8.61886, 58.47991], [8.61886, 58.47901]]}, "properties": {"P": 4.03, "tau": 3.73, "tau_c": 11.65, "omega": 1.94, "M": 0.32, "D": -0.0, "R": 0.04, "sving": 0.07, "os": 0.0, "foss": 0.0, "juv": 0.0, "B": 1.03, "Q": 245.0, "w": 124.0, "h": 3.8, "S": 0.0001, "elv": "Nidelva", "km": 9.5}}, {"type": "Feature", "geometry": {"type": "LineString", "coordinates": [[8.61886, 58.47901], [8.61904, 58.47812]]}, "properties": {"P": 3.16, "tau": 4.02, "tau_c": 11.65, "omega": 2.16, "M": 0.35, "D": -0.0, "R": 0.05, "sving": 0.02, "os": 0.0, "foss": 0.0, "juv": 0.0, "B": 1.03, "Q": 245.06, "w": 128.0, "h": 3.57, "S": 0.00011, "elv": "Nidelva", "km": 9.6}}, {"type": "Feature", "geometry": {"type": "LineString", "coordinates": [[8.61904, 58.47812], [8.61923, 58.47723]]}, "properties": {"P": 5.3, "tau": 4.22, "tau_c": 11.65, "omega": 2.31, "M": 0.36, "D": 0.0, "R": 0.06, "sving": 0.07, "os": 0.0, "foss": 0.0, "juv": 0.0, "B": 1.03, "Q": 245.07, "w": 128.0, "h": 3.49, "S": 0.00012, "elv": "Nidelva", "km": 9.7}}, {"type": "Feature", "geometry": {"type": "LineString", "coordinates": [[8.61923, 58.47723], [8.61933, 58.47634]]}, "properties": {"P": 7.1, "tau": 4.11, "tau_c": 11.65, "omega": 2.22, "M": 0.35, "D": 0.02, "R": 0.05, "sving": 0.11, "os": 0.0, "foss": 0.0, "juv": 0.0, "B": 1.03, "Q": 245.07, "w": 130.0, "h": 3.48, "S": 0.00012, "elv": "Nidelva", "km": 9.8}}, {"type": "Feature", "geometry": {"type": "LineString", "coordinates": [[8.61933, 58.47634], [8.619, 58.47546]]}, "properties": {"P": 7.59, "tau": 4.03, "tau_c": 11.65, "omega": 2.16, "M": 0.35, "D": 0.04, "R": 0.05, "sving": 0.11, "os": 0.0, "foss": 0.0, "juv": 0.0, "B": 1.03, "Q": 245.08, "w": 134.18, "h": 3.42, "S": 0.00012, "elv": "Nidelva", "km": 9.9}}, {"type": "Feature", "geometry": {"type": "LineString", "coordinates": [[8.619, 58.47546], [8.61867, 58.47458]]}, "properties": {"P": 6.63, "tau": 3.58, "tau_c": 11.65, "omega": 1.82, "M": 0.31, "D": 0.06, "R": 0.03, "sving": 0.09, "os": 0.0, "foss": 0.0, "juv": 0.0, "B": 1.03, "Q": 245.09, "w": 132.18, "h": 3.65, "S": 0.0001, "elv": "Nidelva", "km": 10.0}}, {"type": "Feature", "geometry": {"type": "LineString", "coordinates": [[8.61867, 58.47458], [8.61835, 58.4737]]}, "properties": {"P": 3.34, "tau": 3.69, "tau_c": 11.65, "omega": 1.91, "M": 0.32, "D": 0.03, "R": 0.03, "sving": 0.01, "os": 0.0, "foss": 0.0, "juv": 0.0, "B": 1.03, "Q": 245.14, "w": 126.18, "h": 3.76, "S": 0.0001, "elv": "Nidelva", "km": 10.1}}, {"type": "Feature", "geometry": {"type": "LineString", "coordinates": [[8.61835, 58.4737], [8.61805, 58.47282]]}, "properties": {"P": 2.51, "tau": 3.61, "tau_c": 11.65, "omega": 1.85, "M": 0.31, "D": 0.02, "R": 0.03, "sving": 0.01, "os": 0.0, "foss": 0.0, "juv": 0.0, "B": 1.03, "Q": 245.15, "w": 130.18, "h": 3.68, "S": 0.0001, "elv": "Nidelva", "km": 10.2}}, {"type": "Feature", "geometry": {"type": "LineString", "coordinates": [[8.61805, 58.47282], [8.61775, 58.47193]]}, "properties": {"P": 1.88, "tau": 3.73, "tau_c": 11.65, "omega": 1.94, "M": 0.32, "D": -0.0, "R": 0.04, "sving": 0.0, "os": 0.0, "foss": 0.0, "juv": 0.0, "B": 1.03, "Q": 245.15, "w": 124.18, "h": 3.8, "S": 0.0001, "elv": "Nidelva", "km": 10.3}}, {"type": "Feature", "geometry": {"type": "LineString", "coordinates": [[8.61775, 58.47193], [8.61745, 58.47105]]}, "properties": {"P": 4.09, "tau": 3.81, "tau_c": 11.65, "omega": 2.0, "M": 0.33, "D": 0.0, "R": 0.04, "sving": 0.01, "os": 0.06, "foss": 0.0, "juv": 0.0, "B": 1.03, "Q": 245.16, "w": 120.0, "h": 3.88, "S": 0.0001, "elv": "Nidelva", "km": 10.4}}, {"type": "Feature", "geometry": {"type": "LineString", "coordinates": [[8.61745, 58.47105], [8.61712, 58.47017]]}, "properties": {"P": 5.43, "tau": 3.77, "tau_c": 11.65, "omega": 1.97, "M": 0.32, "D": 0.01, "R": 0.04, "sving": 0.01, "os": 0.1, "foss": 0.0, "juv": 0.0, "B": 1.03, "Q": 245.17, "w": 122.0, "h": 3.84, "S": 0.0001, "elv": "Nidelva", "km": 10.5}}, {"type": "Feature", "geometry": {"type": "LineString", "coordinates": [[8.61712, 58.47017], [8.61679, 58.46929]]}, "properties": {"P": 7.49, "tau": 3.65, "tau_c": 11.65, "omega": 1.88, "M": 0.31, "D": 0.02, "R": 0.03, "sving": 0.01, "os": 0.16, "foss": 0.0, "juv": 0.0, "B": 1.03, "Q": 245.18, "w": 128.0, "h": 3.72, "S": 0.0001, "elv": "Nidelva", "km": 10.6}}, {"type": "Feature", "geometry": {"type": "LineString", "coordinates": [[8.61679, 58.46929], [8.61646, 58.46841]]}, "properties": {"P": 10.98, "tau": 3.65, "tau_c": 11.65, "omega": 1.88, "M": 0.31, "D": 0.03, "R": 0.03, "sving": 0.01, "os": 0.26, "foss": 0.0, "juv": 0.0, "B": 1.03, "Q": 245.18, "w": 128.22, "h": 3.72, "S": 0.0001, "elv": "Nidelva", "km": 10.7}}, {"type": "Feature", "geometry": {"type": "LineString", "coordinates": [[8.61646, 58.46841], [8.61613, 58.46753]]}, "properties": {"P": 16.12, "tau": 3.54, "tau_c": 11.65, "omega": 1.79, "M": 0.3, "D": 0.03, "R": 0.03, "sving": 0.02, "os": 0.42, "foss": 0.0, "juv": 0.0, "B": 1.03, "Q": 245.19, "w": 134.44, "h": 3.61, "S": 0.0001, "elv": "Nidelva", "km": 10.8}}, {"type": "Feature", "geometry": {"type": "LineString", "coordinates": [[8.61486, 58.46493], [8.61443, 58.46406]]}, "properties": {"P": 11.93, "tau": 3.58, "tau_c": 11.65, "omega": 1.82, "M": 0.31, "D": -0.0, "R": 0.03, "sving": 0.04, "os": 0.3, "foss": 0.0, "juv": 0.0, "B": 1.04, "Q": 245.84, "w": 132.45, "h": 3.65, "S": 0.0001, "elv": "Nidelva", "km": 11.2}}, {"type": "Feature", "geometry": {"type": "LineString", "coordinates": [[8.61443, 58.46406], [8.61393, 58.4632]]}, "properties": {"P": 8.49, "tau": 3.66, "tau_c": 11.65, "omega": 1.88, "M": 0.31, "D": -0.0, "R": 0.03, "sving": 0.04, "os": 0.18, "foss": 0.0, "juv": 0.0, "B": 1.04, "Q": 245.85, "w": 128.22, "h": 3.73, "S": 0.0001, "elv": "Nidelva", "km": 11.3}}, {"type": "Feature", "geometry": {"type": "LineString", "coordinates": [[8.61393, 58.4632], [8.61332, 58.46237]]}, "properties": {"P": 6.53, "tau": 3.77, "tau_c": 11.65, "omega": 1.97, "M": 0.32, "D": -0.0, "R": 0.04, "sving": 0.04, "os": 0.11, "foss": 0.0, "juv": 0.0, "B": 1.04, "Q": 245.85, "w": 122.22, "h": 3.84, "S": 0.0001, "elv": "Nidelva", "km": 11.4}}, {"type": "Feature", "geometry": {"type": "LineString", "coordinates": [[8.61332, 58.46237], [8.61271, 58.46153]]}, "properties": {"P": 5.32, "tau": 3.9, "tau_c": 11.65, "omega": 2.08, "M": 0.33, "D": -0.0, "R": 0.04, "sving": 0.03, "os": 0.07, "foss": 0.0, "juv": 0.0, "B": 1.04, "Q": 245.89, "w": 116.0, "h": 3.97, "S": 0.0001, "elv": "Nidelva", "km": 11.5}}, {"type": "Feature", "geometry": {"type": "LineString", "coordinates": [[8.70568, 58.61019], [8.70672, 58.60948]]}, "properties": {"P": 55.09, "tau": 365.72, "tau_c": 138.71, "omega": 1534.64, "M": 2.64, "D": 0.0, "R": 0.64, "sving": 0.74, "os": 0.0, "foss": 1.0, "juv": 0.08, "B": 0.65, "Q": 215.68, "w": 50.0, "h": 1.03, "S": 0.03627, "elv": "Nidelva", "km": 0.0}}, {"type": "Feature", "geometry": {"type": "LineString", "coordinates": [[8.70672, 58.60948], [8.70683, 58.60863]]}, "properties": {"P": 99.1, "tau": 315.62, "tau_c": 120.13, "omega": 1251.22, "M": 2.63, "D": 0.02, "R": 0.65, "sving": 0.51, "os": 0.0, "foss": 1.0, "juv": 0.1, "B": 1.26, "Q": 215.7, "w": 46.0, "h": 1.18, "S": 0.0272, "elv": "Nidelva", "km": 0.1}}, {"type": "Feature", "geometry": {"type": "LineString", "coordinates": [[8.70683, 58.60863], [8.70625, 58.60779]]}, "properties": {"P": 79.28, "tau": 354.08, "tau_c": 122.41, "omega": 1494.25, "M": 2.89, "D": 0.06, "R": 0.55, "sving": 0.31, "os": 0.0, "foss": 0.73, "juv": 0.16, "B": 1.26, "Q": 215.73, "w": 40.0, "h": 1.28, "S": 0.02824, "elv": "Nidelva", "km": 0.2}}, {"type": "Feature", "geometry": {"type": "LineString", "coordinates": [[8.70625, 58.60779], [8.70563, 58.60695]]}, "properties": {"P": 70.65, "tau": 322.56, "tau_c": 111.74, "omega": 1310.77, "M": 2.89, "D": 0.13, "R": 0.55, "sving": 0.17, "os": 0.0, "foss": 0.53, "juv": 0.16, "B": 1.26, "Q": 215.73, "w": 38.0, "h": 1.4, "S": 0.02354, "elv": "Nidelva", "km": 0.3}}, {"type": "Feature", "geometry": {"type": "LineString", "coordinates": [[8.70563, 58.60695], [8.70533, 58.60609]]}, "properties": {"P": 95.54, "tau": 228.78, "tau_c": 87.12, "omega": 797.28, "M": 2.63, "D": 0.22, "R": 0.65, "sving": 0.1, "os": 0.0, "foss": 1.0, "juv": 0.16, "B": 1.26, "Q": 215.87, "w": 38.0, "h": 1.63, "S": 0.01431, "elv": "Nidelva", "km": 0.4}}, {"type": "Feature", "geometry": {"type": "LineString", "coordinates": [[8.70533, 58.60609], [8.70619, 58.60533]]}, "properties": {"P": 89.73, "tau": 198.71, "tau_c": 78.66, "omega": 650.0, "M": 2.53, "D": 0.26, "R": 0.69, "sving": 0.11, "os": 0.0, "foss": 0.72, "juv": 0.16, "B": 1.26, "Q": 215.88, "w": 38.0, "h": 1.74, "S": 0.01166, "elv": "Nidelva", "km": 0.5}}, {"type": "Feature", "geometry": {"type": "LineString", "coordinates": [[8.70619, 58.60533], [8.70604, 58.60445]]}, "properties": {"P": 92.36, "tau": 144.67, "tau_c": 62.48, "omega": 410.04, "M": 2.32, "D": 0.29, "R": 0.77, "sving": 0.21, "os": 0.0, "foss": 0.51, "juv": 0.16, "B": 1.26, "Q": 215.88, "w": 38.0, "h": 2.0, "S": 0.00736, "elv": "Nidelva", "km": 0.6}}, {"type": "Feature", "geometry": {"type": "LineString", "coordinates": [[8.70604, 58.60445], [8.70594, 58.60363]]}, "properties": {"P": 78.03, "tau": 143.77, "tau_c": 63.75, "omega": 405.51, "M": 2.26, "D": 0.21, "R": 0.79, "sving": 0.06, "os": 0.0, "foss": 0.37, "juv": 0.12, "B": 1.26, "Q": 215.88, "w": 40.0, "h": 1.91, "S": 0.00766, "elv": "Nidelva", "km": 0.7}}, {"type": "Feature", "geometry": {"type": "LineString", "coordinates": [[8.70594, 58.60363], [8.70655, 58.60281]]}, "properties": {"P": 77.52, "tau": 80.32, "tau_c": 47.32, "omega": 171.91, "M": 1.7, "D": 0.14, "R": 0.98, "sving": 0.2, "os": 0.0, "foss": 0.0, "juv": 0.12, "B": 1.26, "Q": 215.92, "w": 52.0, "h": 1.94, "S": 0.00422, "elv": "Nidelva", "km": 0.8}}, {"type": "Feature", "geometry": {"type": "LineString", "coordinates": [[8.70655, 58.60281], [8.707, 58.60223]]}, "properties": {"P": 72.64, "tau": 121.26, "tau_c": 63.72, "omega": 311.74, "M": 1.9, "D": 0.03, "R": 0.92, "sving": 0.3, "os": 0.0, "foss": 0.0, "juv": 0.12, "B": 1.26, "Q": 215.94, "w": 52.0, "h": 1.62, "S": 0.00765, "elv": "Nidelva", "km": 0.9}}, {"type": "Feature", "geometry": {"type": "LineString", "coordinates": [[8.707, 58.60223], [8.70769, 58.60145]]}, "properties": {"P": 54.8, "tau": 185.97, "tau_c": 86.73, "omega": 577.59, "M": 2.14, "D": 0.0, "R": 0.84, "sving": 0.01, "os": 0.0, "foss": 0.0, "juv": 0.12, "B": 1.26, "Q": 215.95, "w": 52.0, "h": 1.34, "S": 0.01418, "elv": "Nidelva", "km": 1.0}}, {"type": "Feature", "geometry": {"type": "LineString", "coordinates": [[8.70769, 58.60145], [8.70859, 58.60092]]}, "properties": {"P": 61.74, "tau": 195.19, "tau_c": 86.58, "omega": 623.6, "M": 2.25, "D": 0.0, "R": 0.79, "sving": 0.21, "os": 0.0, "foss": 0.0, "juv": 0.21, "B": 1.26, "Q": 215.95, "w": 48.0, "h": 1.41, "S": 0.01413, "elv": "Nidelva", "km": 1.1}}, {"type": "Feature", "geometry": {"type": "LineString", "coordinates": [[8.70859, 58.60092], [8.70923, 58.6001]]}, "properties": {"P": 100.0, "tau": 198.54, "tau_c": 89.3, "omega": 636.89, "M": 2.22, "D": 0.0, "R": 0.81, "sving": 0.23, "os": 0.0, "foss": 1.0, "juv": 0.19, "B": 1.26, "Q": 215.96, "w": 50.0, "h": 1.35, "S": 0.01503, "elv": "Nidelva", "km": 1.2}}, {"type": "Feature", "geometry": {"type": "LineString", "coordinates": [[8.70923, 58.6001], [8.70896, 58.59925]]}, "properties": {"P": 72.11, "tau": 259.28, "tau_c": 95.37, "omega": 955.76, "M": 2.72, "D": 0.0, "R": 0.61, "sving": 0.08, "os": 0.0, "foss": 0.72, "juv": 0.19, "B": 1.26, "Q": 215.96, "w": 38.0, "h": 1.54, "S": 0.01714, "elv": "Nidelva", "km": 1.3}}, {"type": "Feature", "geometry": {"type": "LineString", "coordinates": [[8.70896, 58.59925], [8.70865, 58.59838]]}, "properties": {"P": 75.5, "tau": 244.04, "tau_c": 91.28, "omega": 875.5, "M": 2.67, "D": 0.0, "R": 0.63, "sving": 0.35, "os": 0.0, "foss": 0.51, "juv": 0.19, "B": 1.26, "Q": 215.97, "w": 38.0, "h": 1.58, "S": 0.0157, "elv": "Nidelva", "km": 1.4}}, {"type": "Feature", "geometry": {"type": "LineString", "coordinates": [[8.70865, 58.59838], [8.70931, 58.59775]]}, "properties": {"P": 71.15, "tau": 239.05, "tau_c": 92.1, "omega": 847.09, "M": 2.6, "D": 0.0, "R": 0.66, "sving": 0.36, "os": 0.0, "foss": 0.37, "juv": 0.15, "B": 1.26, "Q": 216.06, "w": 40.0, "h": 1.52, "S": 0.01599, "elv": "Nidelva", "km": 1.5}}, {"type": "Feature", "geometry": {"type": "LineString", "coordinates": [[8.70931, 58.59775], [8.71095, 58.59754]]}, "properties": {"P": 63.39, "tau": 412.03, "tau_c": 142.54, "omega": 1844.76, "M": 2.89, "D": 0.0, "R": 0.55, "sving": 0.33, "os": 0.0, "foss": 0.43, "juv": 0.06, "B": 1.26, "Q": 216.06, "w": 44.0, "h": 1.1, "S": 0.0383, "elv": "Nidelva", "km": 1.6}}, {"type": "Feature", "geometry": {"type": "LineString", "coordinates": [[8.71095, 58.59754], [8.71216, 58.59692]]}, "properties": {"P": 60.96, "tau": 447.86, "tau_c": 144.93, "omega": 2097.77, "M": 3.09, "D": 0.0, "R": 0.48, "sving": 0.18, "os": 0.0, "foss": 0.58, "juv": 0.12, "B": 1.26, "Q": 216.07, "w": 40.0, "h": 1.15, "S": 0.03959, "elv": "Nidelva", "km": 1.7}}, {"type": "Feature", "geometry": {"type": "LineString", "coordinates": [[8.71216, 58.59692], [8.71322, 58.59625]]}, "properties": {"P": 71.53, "tau": 480.29, "tau_c": 148.87, "omega": 2330.04, "M": 3.23, "D": 0.03, "R": 0.44, "sving": 0.07, "os": 0.0, "foss": 1.0, "juv": 0.14, "B": 1.26, "Q": 216.07, "w": 38.0, "h": 1.17, "S": 0.04177, "elv": "Nidelva", "km": 1.8}}, {"type": "Feature", "geometry": {"type": "LineString", "coordinates": [[8.71322, 58.59625], [8.71464, 58.59576]]}, "properties": {"P": 85.77, "tau": 406.98, "tau_c": 158.3, "omega": 1766.41, "M": 2.57, "D": 0.07, "R": 0.67, "sving": 0.13, "os": 0.0, "foss": 0.9, "juv": 0.12, "B": 1.26, "Q": 216.07, "w": 56.68, "h": 0.88, "S": 0.04723, "elv": "Nidelva", "km": 1.9}}, {"type": "Feature", "geometry": {"type": "LineString", "coordinates": [[8.71464, 58.59576], [8.71615, 58.5954]]}, "properties": {"P": 87.37, "tau": 399.29, "tau_c": 175.8, "omega": 1665.79, "M": 2.27, "D": 0.08, "R": 0.79, "sving": 0.23, "os": 0.0, "foss": 0.65, "juv": 0.1, "B": 1.26, "Q": 219.66, "w": 75.35, "h": 0.7, "S": 0.05825, "elv": "Nidelva", "km": 2.0}}, {"type": "Feature", "geometry": {"type": "LineString", "coordinates": [[8.82769, 58.61486], [8.82879, 58.61555]]}, "properties": {"P": 14.65, "tau": 60.1, "tau_c": 167.82, "omega": 71.96, "M": 0.36, "D": 0.02, "R": 0.06, "sving": 0.26, "os": 0.0, "foss": 1.0, "juv": 0.0, "B": 0.36, "Q": 1.55, "w": 11.21, "h": 0.12, "S": 0.05309, "elv": "Lillelv", "km": 0.0}}, {"type": "Feature", "geometry": {"type": "LineString", "coordinates": [[8.82879, 58.61555], [8.82873, 58.61637]]}, "properties": {"P": 18.65, "tau": 51.35, "tau_c": 149.81, "omega": 57.44, "M": 0.34, "D": 0.03, "R": 0.05, "sving": 0.0, "os": 0.07, "foss": 1.0, "juv": 0.0, "B": 0.53, "Q": 1.55, "w": 11.21, "h": 0.12, "S": 0.0423, "elv": "Lillelv", "km": 0.1}}, {"type": "Feature", "geometry": {"type": "LineString", "coordinates": [[8.82873, 58.61637], [8.8292, 58.61705]]}, "properties": {"P": 21.32, "tau": 52.0, "tau_c": 151.06, "omega": 58.49, "M": 0.34, "D": 0.03, "R": 0.05, "sving": 0.15, "os": 0.09, "foss": 1.0, "juv": 0.0, "B": 0.53, "Q": 1.56, "w": 11.22, "h": 0.12, "S": 0.04301, "elv": "Lillelv", "km": 0.2}}, {"type": "Feature", "geometry": {"type": "LineString", "coordinates": [[8.8292, 58.61705], [8.83015, 58.61764]]}, "properties": {"P": 23.67, "tau": 57.67, "tau_c": 162.69, "omega": 67.86, "M": 0.35, "D": 0.01, "R": 0.06, "sving": 0.57, "os": 0.12, "foss": 0.72, "juv": 0.0, "B": 0.53, "Q": 1.56, "w": 11.23, "h": 0.12, "S": 0.04989, "elv": "Lillelv", "km": 0.3}}, {"type": "Feature", "geometry": {"type": "LineString", "coordinates": [[8.83015, 58.61764], [8.83138, 58.61797]]}, "properties": {"P": 24.22, "tau": 54.57, "tau_c": 156.35, "omega": 62.68, "M": 0.35, "D": 0.04, "R": 0.05, "sving": 0.23, "os": 0.18, "foss": 1.0, "juv": 0.0, "B": 0.53, "Q": 1.56, "w": 11.24, "h": 0.12, "S": 0.04607, "elv": "Lillelv", "km": 0.4}}, {"type": "Feature", "geometry": {"type": "LineString", "coordinates": [[8.83138, 58.61797], [8.83298, 58.61804]]}, "properties": {"P": 25.5, "tau": 54.45, "tau_c": 156.55, "omega": 62.45, "M": 0.35, "D": 0.06, "R": 0.05, "sving": 0.2, "os": 0.27, "foss": 1.0, "juv": 0.0, "B": 0.53, "Q": 1.56, "w": 11.34, "h": 0.12, "S": 0.04619, "elv": "Lillelv", "km": 0.5}}, {"type": "Feature", "geometry": {"type": "LineString", "coordinates": [[8.83298, 58.61804], [8.83431, 58.61851]]}, "properties": {"P": 22.41, "tau": 45.04, "tau_c": 137.0, "omega": 47.54, "M": 0.33, "D": 0.11, "R": 0.04, "sving": 0.09, "os": 0.42, "foss": 0.72, "juv": 0.0, "B": 0.53, "Q": 1.57, "w": 11.44, "h": 0.13, "S": 0.03538, "elv": "Lillelv", "km": 0.6}}, {"type": "Feature", "geometry": {"type": "LineString", "coordinates": [[8.83431, 58.61851], [8.8358, 58.6188]]}, "properties": {"P": 35.68, "tau": 45.97, "tau_c": 134.98, "omega": 49.39, "M": 0.34, "D": 0.15, "R": 0.05, "sving": 0.33, "os": 0.66, "foss": 1.0, "juv": 0.0, "B": 0.54, "Q": 1.69, "w": 11.54, "h": 0.14, "S": 0.03434, "elv": "Lillelv", "km": 0.7}}, {"type": "Feature", "geometry": {"type": "LineString", "coordinates": [[8.8358, 58.6188], [8.83702, 58.61935]]}, "properties": {"P": 33.96, "tau": 39.49, "tau_c": 123.6, "omega": 39.5, "M": 0.32, "D": 0.22, "R": 0.04, "sving": 0.14, "os": 0.94, "foss": 0.72, "juv": 0.0, "B": 0.54, "Q": 1.7, "w": 12.13, "h": 0.14, "S": 0.02879, "elv": "Lillelv", "km": 0.8}}, {"type": "Feature", "geometry": {"type": "LineString", "coordinates": [[8.83894, 58.62082], [8.8401, 58.62148]]}, "properties": {"P": 14.75, "tau": 19.93, "tau_c": 57.86, "omega": 16.1, "M": 0.34, "D": 0.1, "R": 0.05, "sving": 0.14, "os": 0.47, "foss": 0.0, "juv": 0.0, "B": 0.6, "Q": 4.25, "w": 16.32, "h": 0.32, "S": 0.00631, "elv": "Lillelv", "km": 1.1}}, {"type": "Feature", "geometry": {"type": "LineString", "coordinates": [[8.8401, 58.62148], [8.84155, 58.62187]]}, "properties": {"P": 9.39, "tau": 27.57, "tau_c": 75.7, "omega": 25.45, "M": 0.36, "D": 0.0, "R": 0.06, "sving": 0.1, "os": 0.33, "foss": 0.0, "juv": 0.0, "B": 0.6, "Q": 4.25, "w": 17.69, "h": 0.26, "S": 0.0108, "elv": "Lillelv", "km": 1.2}}, {"type": "Feature", "geometry": {"type": "LineString", "coordinates": [[8.84155, 58.62187], [8.84293, 58.62234]]}, "properties": {"P": 6.3, "tau": 38.46, "tau_c": 98.15, "omega": 40.82, "M": 0.39, "D": 0.0, "R": 0.08, "sving": 0.01, "os": 0.21, "foss": 0.0, "juv": 0.0, "B": 0.6, "Q": 4.26, "w": 18.58, "h": 0.22, "S": 0.01816, "elv": "Lillelv", "km": 1.3}}, {"type": "Feature", "geometry": {"type": "LineString", "coordinates": [[8.84293, 58.62234], [8.84418, 58.62292]]}, "properties": {"P": 24.03, "tau": 44.65, "tau_c": 109.19, "omega": 50.57, "M": 0.41, "D": 0.0, "R": 0.1, "sving": 0.08, "os": 0.13, "foss": 1.0, "juv": 0.0, "B": 0.6, "Q": 4.27, "w": 18.6, "h": 0.2, "S": 0.02247, "elv": "Lillelv", "km": 1.4}}, {"type": "Feature", "geometry": {"type": "LineString", "coordinates": [[8.84418, 58.62292], [8.8453, 58.62359]]}, "properties": {"P": 22.49, "tau": 47.08, "tau_c": 113.25, "omega": 54.59, "M": 0.42, "D": 0.0, "R": 0.1, "sving": 0.03, "os": 0.08, "foss": 1.0, "juv": 0.0, "B": 0.6, "Q": 4.29, "w": 18.63, "h": 0.2, "S": 0.02417, "elv": "Lillelv", "km": 1.5}}, {"type": "Feature", "geometry": {"type": "LineString", "coordinates": [[8.8453, 58.62359], [8.84663, 58.62416]]}, "properties": {"P": 31.15, "tau": 47.07, "tau_c": 113.25, "omega": 54.57, "M": 0.42, "D": 0.04, "R": 0.1, "sving": 0.5, "os": 0.05, "foss": 1.0, "juv": 0.0, "B": 0.6, "Q": 4.29, "w": 18.65, "h": 0.2, "S": 0.02417, "elv": "Lillelv", "km": 1.6}}, {"type": "Feature", "geometry": {"type": "LineString", "coordinates": [[8.84663, 58.62416], [8.84797, 58.62469]]}, "properties": {"P": 23.32, "tau": 44.81, "tau_c": 109.15, "omega": 50.87, "M": 0.41, "D": 0.12, "R": 0.1, "sving": 0.29, "os": 0.0, "foss": 0.72, "juv": 0.0, "B": 0.6, "Q": 4.31, "w": 18.67, "h": 0.2, "S": 0.02246, "elv": "Lillelv", "km": 1.7}}, {"type": "Feature", "geometry": {"type": "LineString", "coordinates": [[8.84797, 58.62469], [8.8492, 58.62423]]}, "properties": {"P": 18.27, "tau": 35.5, "tau_c": 92.39, "omega": 36.43, "M": 0.38, "D": 0.26, "R": 0.08, "sving": 0.06, "os": 0.0, "foss": 0.51, "juv": 0.0, "B": 0.6, "Q": 4.31, "w": 18.69, "h": 0.22, "S": 0.01609, "elv": "Lillelv", "km": 1.8}}, {"type": "Feature", "geometry": {"type": "LineString", "coordinates": [[8.8492, 58.62423], [8.85087, 58.62431]]}, "properties": {"P": 19.53, "tau": 22.02, "tau_c": 65.57, "omega": 18.36, "M": 0.34, "D": 0.38, "R": 0.04, "sving": 0.17, "os": 0.0, "foss": 0.37, "juv": 0.0, "B": 0.6, "Q": 4.32, "w": 18.7, "h": 0.28, "S": 0.0081, "elv": "Lillelv", "km": 1.9}}, {"type": "Feature", "geometry": {"type": "LineString", "coordinates": [[8.6127, 58.60173], [8.61424, 58.60174]]}, "properties": {"P": 18.22, "tau": 20.31, "tau_c": 67.38, "omega": 15.88, "M": 0.3, "D": -0.0, "R": 0.03, "sving": 0.35, "os": 0.45, "foss": 0.0, "juv": 0.0, "B": 0.74, "Q": 2.9, "w": 15.33, "h": 0.24, "S": 0.00856, "elv": "Songeelva", "km": 1.9}}, {"type": "Feature", "geometry": {"type": "LineString", "coordinates": [[8.61424, 58.60174], [8.61553, 58.60152]]}, "properties": {"P": 19.15, "tau": 20.33, "tau_c": 67.38, "omega": 15.9, "M": 0.3, "D": -0.0, "R": 0.03, "sving": 0.55, "os": 0.29, "foss": 0.0, "juv": 0.0, "B": 0.74, "Q": 2.91, "w": 15.34, "h": 0.24, "S": 0.00856, "elv": "Songeelva", "km": 2.0}}, {"type": "Feature", "geometry": {"type": "LineString", "coordinates": [[8.61553, 58.60152], [8.61616, 58.6007]]}, "properties": {"P": 32.63, "tau": 27.35, "tau_c": 83.55, "omega": 24.34, "M": 0.33, "D": -0.0, "R": 0.04, "sving": 0.23, "os": 0.21, "foss": 1.0, "juv": 0.0, "B": 0.74, "Q": 2.91, "w": 15.41, "h": 0.21, "S": 0.01316, "elv": "Songeelva", "km": 2.1}}, {"type": "Feature", "geometry": {"type": "LineString", "coordinates": [[8.61616, 58.6007], [8.61698, 58.60003]]}, "properties": {"P": 22.62, "tau": 25.56, "tau_c": 79.73, "omega": 22.07, "M": 0.32, "D": 0.01, "R": 0.04, "sving": 0.08, "os": 0.17, "foss": 0.72, "juv": 0.0, "B": 0.74, "Q": 2.91, "w": 15.49, "h": 0.22, "S": 0.01198, "elv": "Songeelva", "km": 2.2}}, {"type": "Feature", "geometry": {"type": "LineString", "coordinates": [[8.61698, 58.60003], [8.61805, 58.59963]]}, "properties": {"P": 28.7, "tau": 26.2, "tau_c": 79.73, "omega": 22.99, "M": 0.33, "D": 0.08, "R": 0.04, "sving": 0.51, "os": 0.13, "foss": 0.51, "juv": 0.0, "B": 0.74, "Q": 3.04, "w": 15.56, "h": 0.22, "S": 0.01198, "elv": "Songeelva", "km": 2.3}}, {"type": "Feature", "geometry": {"type": "LineString", "coordinates": [[8.61805, 58.59963], [8.61973, 58.59954]]}, "properties": {"P": 29.67, "tau": 25.23, "tau_c": 77.76, "omega": 21.77, "M": 0.32, "D": 0.17, "R": 0.04, "sving": 0.62, "os": 0.09, "foss": 0.37, "juv": 0.0, "B": 0.74, "Q": 3.04, "w": 15.63, "h": 0.23, "S": 0.0114, "elv": "Songeelva", "km": 2.4}}, {"type": "Feature", "geometry": {"type": "LineString", "coordinates": [[8.6436, 58.60377], [8.64474, 58.60443]]}, "properties": {"P": 1.51, "tau": 19.8, "tau_c": 62.72, "omega": 15.59, "M": 0.32, "D": -0.0, "R": 0.03, "sving": 0.01, "os": 0.0, "foss": 0.0, "juv": 0.0, "B": 0.77, "Q": 3.72, "w": 17.36, "h": 0.27, "S": 0.00741, "elv": "Songeelva", "km": 4.3}}, {"type": "Feature", "geometry": {"type": "LineString", "coordinates": [[8.64474, 58.60443], [8.64572, 58.60517]]}, "properties": {"P": 2.89, "tau": 23.45, "tau_c": 70.82, "omega": 19.88, "M": 0.33, "D": -0.0, "R": 0.04, "sving": 0.06, "os": 0.0, "foss": 0.0, "juv": 0.0, "B": 0.77, "Q": 3.72, "w": 17.38, "h": 0.25, "S": 0.00945, "elv": "Songeelva", "km": 4.4}}, {"type": "Feature", "geometry": {"type": "LineString", "coordinates": [[8.64572, 58.60517], [8.64672, 58.60589]]}, "properties": {"P": 37.43, "tau": 25.22, "tau_c": 74.63, "omega": 22.07, "M": 0.34, "D": -0.0, "R": 0.05, "sving": 0.57, "os": 0.0, "foss": 1.0, "juv": 0.0, "B": 0.77, "Q": 3.73, "w": 17.4, "h": 0.24, "S": 0.0105, "elv": "Songeelva", "km": 4.5}}, {"type": "Feature", "geometry": {"type": "LineString", "coordinates": [[8.64672, 58.60589], [8.64787, 58.60654]]}, "properties": {"P": 34.7, "tau": 25.32, "tau_c": 74.63, "omega": 22.2, "M": 0.34, "D": -0.0, "R": 0.05, "sving": 0.73, "os": 0.0, "foss": 0.72, "juv": 0.0, "B": 0.78, "Q": 3.75, "w": 17.41, "h": 0.25, "S": 0.0105, "elv": "Songeelva", "km": 4.6}}, {"type": "Feature", "geometry": {"type": "LineString", "coordinates": [[8.64787, 58.60654], [8.64905, 58.60604]]}, "properties": {"P": 30.32, "tau": 25.31, "tau_c": 74.63, "omega": 22.19, "M": 0.34, "D": -0.0, "R": 0.05, "sving": 0.74, "os": 0.0, "foss": 0.51, "juv": 0.0, "B": 0.78, "Q": 3.76, "w": 17.43, "h": 0.25, "S": 0.0105, "elv": "Songeelva", "km": 4.7}}, {"type": "Feature", "geometry": {"type": "LineString", "coordinates": [[8.64905, 58.60604], [8.64999, 58.60529]]}, "properties": {"P": 32.33, "tau": 36.25, "tau_c": 96.61, "omega": 37.16, "M": 0.38, "D": -0.0, "R": 0.07, "sving": 0.94, "os": 0.0, "foss": 0.37, "juv": 0.0, "B": 0.78, "Q": 3.76, "w": 17.45, "h": 0.21, "S": 0.01759, "elv": "Songeelva", "km": 4.8}}, {"type": "Feature", "geometry": {"type": "LineString", "coordinates": [[8.64999, 58.60529], [8.65086, 58.60453]]}, "properties": {"P": 5.56, "tau": 27.45, "tau_c": 79.14, "omega": 24.94, "M": 0.35, "D": 0.06, "R": 0.05, "sving": 0.08, "os": 0.0, "foss": 0.0, "juv": 0.0, "B": 0.78, "Q": 3.76, "w": 17.46, "h": 0.24, "S": 0.01181, "elv": "Songeelva", "km": 4.9}}, {"type": "Feature", "geometry": {"type": "LineString", "coordinates": [[8.65086, 58.60453], [8.65073, 58.60376]]}, "properties": {"P": 26.85, "tau": 25.82, "tau_c": 72.71, "omega": 23.07, "M": 0.36, "D": 0.06, "R": 0.06, "sving": 0.0, "os": 0.0, "foss": 1.0, "juv": 0.0, "B": 0.78, "Q": 3.77, "w": 15.97, "h": 0.26, "S": 0.00997, "elv": "Songeelva", "km": 5.0}}, {"type": "Feature", "geometry": {"type": "LineString", "coordinates": [[8.65073, 58.60376], [8.65181, 58.60306]]}, "properties": {"P": 23.24, "tau": 24.69, "tau_c": 70.45, "omega": 21.63, "M": 0.35, "D": 0.06, "R": 0.05, "sving": 0.13, "os": 0.0, "foss": 0.72, "juv": 0.0, "B": 0.78, "Q": 3.77, "w": 15.99, "h": 0.27, "S": 0.00935, "elv": "Songeelva", "km": 5.1}}, {"type": "Feature", "geometry": {"type": "LineString", "coordinates": [[8.65181, 58.60306], [8.65273, 58.60232]]}, "properties": {"P": 15.95, "tau": 30.96, "tau_c": 82.75, "omega": 29.95, "M": 0.37, "D": -0.0, "R": 0.07, "sving": 0.07, "os": 0.0, "foss": 0.51, "juv": 0.0, "B": 0.78, "Q": 3.79, "w": 16.04, "h": 0.24, "S": 0.01291, "elv": "Songeelva", "km": 5.2}}, {"type": "Feature", "geometry": {"type": "LineString", "coordinates": [[8.65273, 58.60232], [8.65401, 58.60178]]}, "properties": {"P": 13.47, "tau": 36.22, "tau_c": 92.54, "omega": 37.54, "M": 0.39, "D": 0.03, "R": 0.08, "sving": 0.05, "os": 0.0, "foss": 0.37, "juv": 0.0, "B": 0.78, "Q": 3.81, "w": 16.08, "h": 0.23, "S": 0.01614, "elv": "Songeelva", "km": 5.3}}, {"type": "Feature", "geometry": {"type": "LineString", "coordinates": [[8.65401, 58.60178], [8.65415, 58.60102]]}, "properties": {"P": 5.46, "tau": 29.14, "tau_c": 78.91, "omega": 27.49, "M": 0.37, "D": 0.09, "R": 0.07, "sving": 0.01, "os": 0.0, "foss": 0.0, "juv": 0.0, "B": 0.78, "Q": 3.85, "w": 16.14, "h": 0.25, "S": 0.01174, "elv": "Songeelva", "km": 5.4}}, {"type": "Feature", "geometry": {"type": "LineString", "coordinates": [[8.65415, 58.60102], [8.65504, 58.60027]]}, "properties": {"P": 7.38, "tau": 24.82, "tau_c": 73.23, "omega": 21.62, "M": 0.34, "D": 0.12, "R": 0.05, "sving": 0.09, "os": 0.0, "foss": 0.0, "juv": 0.0, "B": 0.78, "Q": 3.86, "w": 17.7, "h": 0.25, "S": 0.01011, "elv": "Songeelva", "km": 5.5}}, {"type": "Feature", "geometry": {"type": "LineString", "coordinates": [[8.65504, 58.60027], [8.656, 58.59953]]}, "properties": {"P": 8.1, "tau": 24.61, "tau_c": 72.51, "omega": 21.39, "M": 0.34, "D": 0.09, "R": 0.05, "sving": 0.15, "os": 0.0, "foss": 0.0, "juv": 0.0, "B": 0.78, "Q": 3.9, "w": 17.74, "h": 0.25, "S": 0.00991, "elv": "Songeelva", "km": 5.6}}, {"type": "Feature", "geometry": {"type": "LineString", "coordinates": [[8.656, 58.59953], [8.65705, 58.59882]]}, "properties": {"P": 4.41, "tau": 24.77, "tau_c": 72.87, "omega": 21.58, "M": 0.34, "D": 0.03, "R": 0.05, "sving": 0.08, "os": 0.0, "foss": 0.0, "juv": 0.0, "B": 0.78, "Q": 3.91, "w": 17.77, "h": 0.25, "S": 0.01001, "elv": "Songeelva", "km": 5.7}}, {"type": "Feature", "geometry": {"type": "LineString", "coordinates": [[8.65705, 58.59882], [8.65789, 58.59804]]}, "properties": {"P": 2.33, "tau": 24.77, "tau_c": 72.87, "omega": 21.58, "M": 0.34, "D": 0.0, "R": 0.05, "sving": 0.02, "os": 0.0, "foss": 0.0, "juv": 0.0, "B": 0.78, "Q": 3.91, "w": 17.8, "h": 0.25, "S": 0.01001, "elv": "Songeelva", "km": 5.8}}, {"type": "Feature", "geometry": {"type": "LineString", "coordinates": [[8.65789, 58.59804], [8.65889, 58.59749]]}, "properties": {"P": 4.64, "tau": 29.56, "tau_c": 82.71, "omega": 27.82, "M": 0.36, "D": -0.0, "R": 0.06, "sving": 0.11, "os": 0.0, "foss": 0.0, "juv": 0.0, "B": 0.78, "Q": 3.92, "w": 17.81, "h": 0.23, "S": 0.0129, "elv": "Songeelva", "km": 5.9}}, {"type": "Feature", "geometry": {"type": "LineString", "coordinates": [[8.65889, 58.59749], [8.65975, 58.59674]]}, "properties": {"P": 3.61, "tau": 25.12, "tau_c": 73.59, "omega": 22.03, "M": 0.34, "D": -0.0, "R": 0.05, "sving": 0.08, "os": 0.0, "foss": 0.0, "juv": 0.0, "B": 0.78, "Q": 3.92, "w": 17.83, "h": 0.25, "S": 0.01021, "elv": "Songeelva", "km": 6.0}}, {"type": "Feature", "geometry": {"type": "LineString", "coordinates": [[8.65975, 58.59674], [8.6611, 58.59622]]}, "properties": {"P": 26.76, "tau": 30.63, "tau_c": 84.82, "omega": 29.28, "M": 0.36, "D": -0.0, "R": 0.06, "sving": 0.06, "os": 0.0, "foss": 1.0, "juv": 0.0, "B": 0.78, "Q": 3.93, "w": 17.85, "h": 0.23, "S": 0.01356, "elv": "Songeelva", "km": 6.1}}, {"type": "Feature", "geometry": {"type": "LineString", "coordinates": [[8.6611, 58.59622], [8.66223, 58.59555]]}, "properties": {"P": 26.09, "tau": 30.68, "tau_c": 84.82, "omega": 29.36, "M": 0.36, "D": 0.01, "R": 0.06, "sving": 0.31, "os": 0.0, "foss": 0.72, "juv": 0.0, "B": 0.79, "Q": 3.94, "w": 17.87, "h": 0.23, "S": 0.01356, "elv": "Songeelva", "km": 6.2}}, {"type": "Feature", "geometry": {"type": "LineString", "coordinates": [[8.66223, 58.59555], [8.66317, 58.59482]]}, "properties": {"P": 24.84, "tau": 29.84, "tau_c": 83.14, "omega": 28.21, "M": 0.36, "D": 0.01, "R": 0.06, "sving": 0.46, "os": 0.0, "foss": 0.51, "juv": 0.0, "B": 0.79, "Q": 3.95, "w": 17.89, "h": 0.23, "S": 0.01303, "elv": "Songeelva", "km": 6.3}}, {"type": "Feature", "geometry": {"type": "LineString", "coordinates": [[8.66317, 58.59482], [8.66268, 58.59396]]}, "properties": {"P": 13.18, "tau": 29.65, "tau_c": 82.67, "omega": 27.97, "M": 0.36, "D": 0.01, "R": 0.06, "sving": 0.1, "os": 0.0, "foss": 0.37, "juv": 0.0, "B": 0.79, "Q": 3.97, "w": 17.92, "h": 0.23, "S": 0.01288, "elv": "Songeelva", "km": 6.4}}, {"type": "Feature", "geometry": {"type": "LineString", "coordinates": [[8.66268, 58.59396], [8.6622, 58.5931]]}, "properties": {"P": 8.0, "tau": 37.67, "tau_c": 98.15, "omega": 39.42, "M": 0.38, "D": -0.0, "R": 0.08, "sving": 0.22, "os": 0.0, "foss": 0.0, "juv": 0.0, "B": 0.79, "Q": 3.97, "w": 17.95, "h": 0.21, "S": 0.01816, "elv": "Songeelva", "km": 6.5}}, {"type": "Feature", "geometry": {"type": "LineString", "coordinates": [[8.6622, 58.5931], [8.66283, 58.59242]]}, "properties": {"P": 4.36, "tau": 37.76, "tau_c": 98.15, "omega": 39.57, "M": 0.38, "D": 0.02, "R": 0.08, "sving": 0.04, "os": 0.0, "foss": 0.0, "juv": 0.0, "B": 0.79, "Q": 3.99, "w": 17.97, "h": 0.21, "S": 0.01816, "elv": "Songeelva", "km": 6.6}}, {"type": "Feature", "geometry": {"type": "LineString", "coordinates": [[8.66283, 58.59242], [8.66437, 58.59209]]}, "properties": {"P": 27.32, "tau": 32.77, "tau_c": 88.62, "omega": 32.3, "M": 0.37, "D": 0.02, "R": 0.07, "sving": 0.05, "os": 0.0, "foss": 1.0, "juv": 0.0, "B": 0.79, "Q": 4.0, "w": 17.99, "h": 0.23, "S": 0.0148, "elv": "Songeelva", "km": 6.7}}, {"type": "Feature", "geometry": {"type": "LineString", "coordinates": [[8.66437, 58.59209], [8.66409, 58.59128]]}, "properties": {"P": 27.02, "tau": 33.98, "tau_c": 90.97, "omega": 34.02, "M": 0.37, "D": 0.02, "R": 0.07, "sving": 0.32, "os": 0.0, "foss": 0.72, "juv": 0.0, "B": 0.79, "Q": 4.0, "w": 18.01, "h": 0.22, "S": 0.0156, "elv": "Songeelva", "km": 6.8}}, {"type": "Feature", "geometry": {"type": "LineString", "coordinates": [[8.66409, 58.59128], [8.66339, 58.59046]]}, "properties": {"P": 28.34, "tau": 37.41, "tau_c": 97.46, "omega": 39.05, "M": 0.38, "D": 0.07, "R": 0.08, "sving": 0.49, "os": 0.0, "foss": 0.51, "juv": 0.0, "B": 0.79, "Q": 4.01, "w": 18.01, "h": 0.21, "S": 0.0179, "elv": "Songeelva", "km": 6.9}}, {"type": "Feature", "geometry": {"type": "LineString", "coordinates": [[8.66339, 58.59046], [8.66274, 58.58964]]}, "properties": {"P": 16.16, "tau": 35.06, "tau_c": 93.04, "omega": 35.59, "M": 0.38, "D": 0.15, "R": 0.07, "sving": 0.02, "os": 0.0, "foss": 0.37, "juv": 0.0, "B": 0.79, "Q": 4.01, "w": 18.03, "h": 0.22, "S": 0.01632, "elv": "Songeelva", "km": 7.0}}, {"type": "Feature", "geometry": {"type": "LineString", "coordinates": [[8.66256, 58.58889], [8.66233, 58.58801]]}, "properties": {"P": 7.2, "tau": 22.93, "tau_c": 68.48, "omega": 19.36, "M": 0.33, "D": 0.16, "R": 0.04, "sving": 0.03, "os": 0.0, "foss": 0.0, "juv": 0.0, "B": 0.79, "Q": 4.03, "w": 18.06, "h": 0.26, "S": 0.00884, "elv": "Songeelva", "km": 7.2}}, {"type": "Feature", "geometry": {"type": "LineString", "coordinates": [[8.66233, 58.58801], [8.66193, 58.58715]]}, "properties": {"P": 5.74, "tau": 22.92, "tau_c": 68.48, "omega": 19.35, "M": 0.33, "D": 0.1, "R": 0.04, "sving": 0.04, "os": 0.0, "foss": 0.0, "juv": 0.0, "B": 0.79, "Q": 4.04, "w": 18.08, "h": 0.26, "S": 0.00884, "elv": "Songeelva", "km": 7.3}}, {"type": "Feature", "geometry": {"type": "LineString", "coordinates": [[8.66193, 58.58715], [8.66139, 58.58629]]}, "properties": {"P": 4.16, "tau": 21.47, "tau_c": 65.31, "omega": 17.62, "M": 0.33, "D": 0.07, "R": 0.04, "sving": 0.02, "os": 0.0, "foss": 0.0, "juv": 0.0, "B": 0.79, "Q": 4.05, "w": 18.11, "h": 0.27, "S": 0.00804, "elv": "Songeelva", "km": 7.4}}, {"type": "Feature", "geometry": {"type": "LineString", "coordinates": [[8.66139, 58.58629], [8.66099, 58.58542]]}, "properties": {"P": 4.84, "tau": 20.06, "tau_c": 62.19, "omega": 15.98, "M": 0.32, "D": 0.09, "R": 0.04, "sving": 0.02, "os": 0.0, "foss": 0.0, "juv": 0.0, "B": 0.78, "Q": 4.05, "w": 18.12, "h": 0.28, "S": 0.00729, "elv": "Songeelva", "km": 7.5}}, {"type": "Feature", "geometry": {"type": "LineString", "coordinates": [[8.66099, 58.58542], [8.66065, 58.58454]]}, "properties": {"P": 8.25, "tau": 16.46, "tau_c": 53.86, "omega": 12.03, "M": 0.31, "D": 0.16, "R": 0.03, "sving": 0.1, "os": 0.0, "foss": 0.0, "juv": 0.0, "B": 0.78, "Q": 4.07, "w": 18.14, "h": 0.31, "S": 0.00547, "elv": "Songeelva", "km": 7.6}}, {"type": "Feature", "geometry": {"type": "LineString", "coordinates": [[8.66065, 58.58454], [8.66036, 58.58366]]}, "properties": {"P": 4.68, "tau": 18.3, "tau_c": 58.2, "omega": 14.01, "M": 0.31, "D": 0.11, "R": 0.03, "sving": 0.0, "os": 0.0, "foss": 0.0, "juv": 0.0, "B": 0.78, "Q": 4.07, "w": 18.19, "h": 0.29, "S": 0.00638, "elv": "Songeelva", "km": 7.7}}, {"type": "Feature", "geometry": {"type": "LineString", "coordinates": [[8.66027, 58.58278], [8.65989, 58.58193]]}, "properties": {"P": 4.03, "tau": 20.8, "tau_c": 63.31, "omega": 16.87, "M": 0.33, "D": -0.0, "R": 0.04, "sving": 0.11, "os": 0.0, "foss": 0.0, "juv": 0.0, "B": 0.79, "Q": 4.17, "w": 18.3, "h": 0.28, "S": 0.00755, "elv": "Songeelva", "km": 7.9}}, {"type": "Feature", "geometry": {"type": "LineString", "coordinates": [[8.65989, 58.58193], [8.65897, 58.5812]]}, "properties": {"P": 3.68, "tau": 20.79, "tau_c": 63.31, "omega": 16.86, "M": 0.33, "D": 0.0, "R": 0.04, "sving": 0.09, "os": 0.0, "foss": 0.0, "juv": 0.0, "B": 0.78, "Q": 4.18, "w": 18.36, "h": 0.28, "S": 0.00755, "elv": "Songeelva", "km": 8.0}}, {"type": "Feature", "geometry": {"type": "LineString", "coordinates": [[8.65897, 58.5812], [8.65822, 58.5804]]}, "properties": {"P": 25.89, "tau": 17.68, "tau_c": 56.44, "omega": 13.36, "M": 0.31, "D": 0.02, "R": 0.03, "sving": 0.04, "os": 0.0, "foss": 1.0, "juv": 0.0, "B": 0.78, "Q": 4.18, "w": 18.42, "h": 0.3, "S": 0.006, "elv": "Songeelva", "km": 8.1}}, {"type": "Feature", "geometry": {"type": "LineString", "coordinates": [[8.65822, 58.5804], [8.65773, 58.57954]]}, "properties": {"P": 20.51, "tau": 20.5, "tau_c": 62.63, "omega": 16.54, "M": 0.33, "D": 0.02, "R": 0.04, "sving": 0.08, "os": 0.0, "foss": 0.72, "juv": 0.0, "B": 0.78, "Q": 4.21, "w": 18.45, "h": 0.28, "S": 0.00739, "elv": "Songeelva", "km": 8.2}}, {"type": "Feature", "geometry": {"type": "LineString", "coordinates": [[8.65773, 58.57954], [8.65714, 58.5787]]}, "properties": {"P": 17.55, "tau": 18.7, "tau_c": 58.61, "omega": 14.49, "M": 0.32, "D": 0.12, "R": 0.04, "sving": 0.04, "os": 0.0, "foss": 0.51, "juv": 0.0, "B": 0.78, "Q": 4.21, "w": 18.47, "h": 0.29, "S": 0.00648, "elv": "Songeelva", "km": 8.3}}, {"type": "Feature", "geometry": {"type": "LineString", "coordinates": [[8.65714, 58.5787], [8.65654, 58.57786]]}, "properties": {"P": 15.25, "tau": 18.72, "tau_c": 58.61, "omega": 14.52, "M": 0.32, "D": 0.17, "R": 0.04, "sving": 0.01, "os": 0.0, "foss": 0.37, "juv": 0.0, "B": 0.78, "Q": 4.23, "w": 18.5, "h": 0.29, "S": 0.00648, "elv": "Songeelva", "km": 8.4}}, {"type": "Feature", "geometry": {"type": "LineString", "coordinates": [[8.65262, 58.57312], [8.65191, 58.57232]]}, "properties": {"P": 2.79, "tau": 25.93, "tau_c": 73.83, "omega": 23.21, "M": 0.35, "D": -0.0, "R": 0.05, "sving": 0.03, "os": 0.0, "foss": 0.0, "juv": 0.0, "B": 0.78, "Q": 4.29, "w": 18.64, "h": 0.26, "S": 0.01027, "elv": "Songeelva", "km": 9.1}}, {"type": "Feature", "geometry": {"type": "LineString", "coordinates": [[8.65191, 58.57232], [8.65112, 58.57154]]}, "properties": {"P": 5.03, "tau": 27.6, "tau_c": 77.2, "omega": 25.37, "M": 0.36, "D": -0.0, "R": 0.06, "sving": 0.06, "os": 0.07, "foss": 0.0, "juv": 0.0, "B": 0.78, "Q": 4.3, "w": 18.66, "h": 0.25, "S": 0.01123, "elv": "Songeelva", "km": 9.2}}, {"type": "Feature", "geometry": {"type": "LineString", "coordinates": [[8.65112, 58.57154], [8.65045, 58.57071]]}, "properties": {"P": 28.23, "tau": 34.13, "tau_c": 89.89, "omega": 34.42, "M": 0.38, "D": -0.0, "R": 0.07, "sving": 0.0, "os": 0.11, "foss": 1.0, "juv": 0.0, "B": 0.78, "Q": 4.3, "w": 18.67, "h": 0.23, "S": 0.01523, "elv": "Songeelva", "km": 9.3}}, {"type": "Feature", "geometry": {"type": "LineString", "coordinates": [[8.65045, 58.57071], [8.64962, 58.56995]]}, "properties": {"P": 24.45, "tau": 32.21, "tau_c": 86.66, "omega": 31.64, "M": 0.37, "D": -0.0, "R": 0.07, "sving": 0.06, "os": 0.18, "foss": 0.72, "juv": 0.0, "B": 0.78, "Q": 4.31, "w": 18.93, "h": 0.23, "S": 0.01416, "elv": "Songeelva", "km": 9.4}}, {"type": "Feature", "geometry": {"type": "LineString", "coordinates": [[8.64962, 58.56995], [8.64892, 58.56914]]}, "properties": {"P": 21.13, "tau": 31.96, "tau_c": 86.66, "omega": 31.24, "M": 0.37, "D": 0.0, "R": 0.06, "sving": 0.0, "os": 0.3, "foss": 0.51, "juv": 0.0, "B": 0.78, "Q": 4.32, "w": 19.19, "h": 0.23, "S": 0.01416, "elv": "Songeelva", "km": 9.5}}, {"type": "Feature", "geometry": {"type": "LineString", "coordinates": [[8.64892, 58.56914], [8.64836, 58.56829]]}, "properties": {"P": 27.19, "tau": 41.9, "tau_c": 100.12, "omega": 46.77, "M": 0.42, "D": 0.03, "R": 0.1, "sving": 0.1, "os": 0.49, "foss": 0.37, "juv": 0.0, "B": 0.79, "Q": 4.91, "w": 19.45, "h": 0.23, "S": 0.01889, "elv": "Songeelva", "km": 9.6}}, {"type": "Feature", "geometry": {"type": "LineString", "coordinates": [[8.64836, 58.56829], [8.64768, 58.56747]]}, "properties": {"P": 28.89, "tau": 31.42, "tau_c": 81.91, "omega": 30.91, "M": 0.38, "D": 0.11, "R": 0.08, "sving": 0.16, "os": 0.81, "foss": 0.0, "juv": 0.0, "B": 0.79, "Q": 4.91, "w": 19.71, "h": 0.25, "S": 0.01265, "elv": "Songeelva", "km": 9.7}}, {"type": "Feature", "geometry": {"type": "LineString", "coordinates": [[8.64768, 58.56747], [8.64732, 58.56668]]}, "properties": {"P": 25.44, "tau": 25.64, "tau_c": 71.11, "omega": 23.06, "M": 0.36, "D": 0.16, "R": 0.06, "sving": 0.04, "os": 0.75, "foss": 0.0, "juv": 0.0, "B": 0.79, "Q": 4.92, "w": 19.97, "h": 0.27, "S": 0.00953, "elv": "Songeelva", "km": 9.8}}, {"type": "Feature", "geometry": {"type": "LineString", "coordinates": [[8.64732, 58.56668], [8.64732, 58.56583]]}, "properties": {"P": 19.75, "tau": 24.14, "tau_c": 68.08, "omega": 21.15, "M": 0.35, "D": 0.15, "R": 0.06, "sving": 0.08, "os": 0.48, "foss": 0.0, "juv": 0.0, "B": 0.79, "Q": 4.93, "w": 19.98, "h": 0.28, "S": 0.00874, "elv": "Songeelva", "km": 9.9}}, {"type": "Feature", "geometry": {"type": "LineString", "coordinates": [[8.64732, 58.56583], [8.6466, 58.56502]]}, "properties": {"P": 14.63, "tau": 22.79, "tau_c": 65.29, "omega": 19.47, "M": 0.35, "D": 0.14, "R": 0.05, "sving": 0.06, "os": 0.3, "foss": 0.0, "juv": 0.0, "B": 0.79, "Q": 4.94, "w": 20.0, "h": 0.29, "S": 0.00804, "elv": "Songeelva", "km": 10.0}}, {"type": "Feature", "geometry": {"type": "LineString", "coordinates": [[8.6466, 58.56502], [8.64628, 58.56415]]}, "properties": {"P": 16.55, "tau": 23.08, "tau_c": 65.91, "omega": 19.83, "M": 0.35, "D": 0.14, "R": 0.05, "sving": 0.25, "os": 0.19, "foss": 0.0, "juv": 0.0, "B": 0.79, "Q": 4.94, "w": 20.01, "h": 0.29, "S": 0.00819, "elv": "Songeelva", "km": 10.1}}, {"type": "Feature", "geometry": {"type": "LineString", "coordinates": [[8.64562, 58.56333], [8.64456, 58.56264]]}, "properties": {"P": 8.98, "tau": 16.0, "tau_c": 50.64, "omega": 11.72, "M": 0.32, "D": 0.12, "R": 0.03, "sving": 0.1, "os": 0.07, "foss": 0.0, "juv": 0.0, "B": 0.79, "Q": 4.95, "w": 20.04, "h": 0.34, "S": 0.00483, "elv": "Songeelva", "km": 10.3}}, {"type": "Feature", "geometry": {"type": "LineString", "coordinates": [[8.64456, 58.56264], [8.64367, 58.56189]]}, "properties": {"P": 4.4, "tau": 15.99, "tau_c": 50.64, "omega": 11.71, "M": 0.32, "D": 0.07, "R": 0.03, "sving": 0.04, "os": 0.0, "foss": 0.0, "juv": 0.0, "B": 0.79, "Q": 4.96, "w": 20.07, "h": 0.34, "S": 0.00483, "elv": "Songeelva", "km": 10.4}}, {"type": "Feature", "geometry": {"type": "LineString", "coordinates": [[8.64367, 58.56189], [8.64291, 58.56109]]}, "properties": {"P": 2.67, "tau": 13.78, "tau_c": 45.37, "omega": 9.47, "M": 0.3, "D": -0.0, "R": 0.03, "sving": 0.07, "os": 0.0, "foss": 0.0, "juv": 0.0, "B": 0.79, "Q": 5.0, "w": 20.1, "h": 0.36, "S": 0.00388, "elv": "Songeelva", "km": 10.5}}, {"type": "Feature", "geometry": {"type": "LineString", "coordinates": [[8.64291, 58.56109], [8.64244, 58.56025]]}, "properties": {"P": 2.76, "tau": 16.17, "tau_c": 50.92, "omega": 11.91, "M": 0.32, "D": -0.0, "R": 0.04, "sving": 0.06, "os": 0.0, "foss": 0.0, "juv": 0.0, "B": 0.79, "Q": 5.0, "w": 20.13, "h": 0.34, "S": 0.00489, "elv": "Songeelva", "km": 10.6}}, {"type": "Feature", "geometry": {"type": "LineString", "coordinates": [[8.64244, 58.56025], [8.64163, 58.55946]]}, "properties": {"P": 1.99, "tau": 17.66, "tau_c": 54.19, "omega": 13.52, "M": 0.33, "D": 0.01, "R": 0.04, "sving": 0.01, "os": 0.0, "foss": 0.0, "juv": 0.0, "B": 0.79, "Q": 5.02, "w": 20.17, "h": 0.33, "S": 0.00553, "elv": "Songeelva", "km": 10.7}}, {"type": "Feature", "geometry": {"type": "LineString", "coordinates": [[8.64163, 58.55946], [8.64097, 58.55863]]}, "properties": {"P": 3.4, "tau": 17.66, "tau_c": 54.19, "omega": 13.52, "M": 0.33, "D": 0.03, "R": 0.04, "sving": 0.05, "os": 0.0, "foss": 0.0, "juv": 0.0, "B": 0.79, "Q": 5.03, "w": 20.2, "h": 0.33, "S": 0.00553, "elv": "Songeelva", "km": 10.8}}, {"type": "Feature", "geometry": {"type": "LineString", "coordinates": [[8.64097, 58.55863], [8.64026, 58.55781]]}, "properties": {"P": 5.5, "tau": 15.46, "tau_c": 49.13, "omega": 11.17, "M": 0.31, "D": 0.09, "R": 0.03, "sving": 0.06, "os": 0.0, "foss": 0.0, "juv": 0.0, "B": 0.79, "Q": 5.06, "w": 20.22, "h": 0.35, "S": 0.00455, "elv": "Songeelva", "km": 10.9}}, {"type": "Feature", "geometry": {"type": "LineString", "coordinates": [[8.64026, 58.55781], [8.63958, 58.55699]]}, "properties": {"P": 7.54, "tau": 15.45, "tau_c": 49.13, "omega": 11.16, "M": 0.31, "D": 0.08, "R": 0.03, "sving": 0.16, "os": 0.0, "foss": 0.0, "juv": 0.0, "B": 0.79, "Q": 5.06, "w": 20.25, "h": 0.35, "S": 0.00455, "elv": "Songeelva", "km": 11.0}}, {"type": "Feature", "geometry": {"type": "LineString", "coordinates": [[8.63902, 58.55614], [8.63907, 58.55528]]}, "properties": {"P": 4.85, "tau": 17.91, "tau_c": 54.6, "omega": 13.81, "M": 0.33, "D": -0.0, "R": 0.04, "sving": 0.14, "os": 0.0, "foss": 0.0, "juv": 0.0, "B": 0.79, "Q": 5.08, "w": 20.29, "h": 0.32, "S": 0.00562, "elv": "Songeelva", "km": 11.2}}, {"type": "Feature", "geometry": {"type": "LineString", "coordinates": [[8.63907, 58.55528], [8.63819, 58.55451]]}, "properties": {"P": 5.8, "tau": 16.1, "tau_c": 50.56, "omega": 11.85, "M": 0.32, "D": -0.0, "R": 0.04, "sving": 0.19, "os": 0.0, "foss": 0.0, "juv": 0.0, "B": 0.79, "Q": 5.09, "w": 20.31, "h": 0.34, "S": 0.00482, "elv": "Songeelva", "km": 11.3}}, {"type": "Feature", "geometry": {"type": "LineString", "coordinates": [[8.63819, 58.55451], [8.637, 58.55389]]}, "properties": {"P": 10.94, "tau": 16.1, "tau_c": 50.56, "omega": 11.85, "M": 0.32, "D": -0.0, "R": 0.04, "sving": 0.42, "os": 0.0, "foss": 0.0, "juv": 0.0, "B": 0.78, "Q": 5.1, "w": 20.33, "h": 0.34, "S": 0.00482, "elv": "Songeelva", "km": 11.4}}, {"type": "Feature", "geometry": {"type": "LineString", "coordinates": [[8.637, 58.55389], [8.63573, 58.5533]]}, "properties": {"P": 3.33, "tau": 18.97, "tau_c": 57.28, "omega": 14.98, "M": 0.33, "D": -0.0, "R": 0.04, "sving": 0.07, "os": 0.0, "foss": 0.0, "juv": 0.0, "B": 0.78, "Q": 5.12, "w": 20.75, "h": 0.31, "S": 0.00618, "elv": "Songeelva", "km": 11.5}}, {"type": "Feature", "geometry": {"type": "LineString", "coordinates": [[8.63573, 58.5533], [8.63425, 58.55289]]}, "properties": {"P": 13.66, "tau": 26.03, "tau_c": 72.49, "omega": 23.53, "M": 0.36, "D": -0.0, "R": 0.06, "sving": 0.43, "os": 0.07, "foss": 0.0, "juv": 0.0, "B": 0.78, "Q": 5.13, "w": 21.16, "h": 0.27, "S": 0.0099, "elv": "Songeelva", "km": 11.6}}, {"type": "Feature", "geometry": {"type": "LineString", "coordinates": [[8.63425, 58.55289], [8.63312, 58.55224]]}, "properties": {"P": 18.18, "tau": 29.33, "tau_c": 73.42, "omega": 28.55, "M": 0.4, "D": 0.03, "R": 0.09, "sving": 0.49, "os": 0.1, "foss": 0.0, "juv": 0.0, "B": 0.8, "Q": 6.18, "w": 21.58, "h": 0.29, "S": 0.01016, "elv": "Songeelva", "km": 11.7}}, {"type": "Feature", "geometry": {"type": "LineString", "coordinates": [[8.63312, 58.55224], [8.63367, 58.55146]]}, "properties": {"P": 13.88, "tau": 20.68, "tau_c": 57.6, "omega": 17.25, "M": 0.36, "D": 0.09, "R": 0.06, "sving": 0.22, "os": 0.14, "foss": 0.0, "juv": 0.0, "B": 0.8, "Q": 6.18, "w": 21.98, "h": 0.34, "S": 0.00625, "elv": "Songeelva", "km": 11.8}}, {"type": "Feature", "geometry": {"type": "LineString", "coordinates": [[8.63367, 58.55146], [8.63435, 58.55073]]}, "properties": {"P": 12.97, "tau": 20.45, "tau_c": 57.6, "omega": 16.95, "M": 0.36, "D": 0.09, "R": 0.06, "sving": 0.12, "os": 0.22, "foss": 0.0, "juv": 0.0, "B": 0.8, "Q": 6.18, "w": 22.39, "h": 0.33, "S": 0.00625, "elv": "Songeelva", "km": 11.9}}, {"type": "Feature", "geometry": {"type": "LineString", "coordinates": [[8.63435, 58.55073], [8.63357, 58.54995]]}, "properties": {"P": 13.14, "tau": 20.24, "tau_c": 57.6, "omega": 16.66, "M": 0.35, "D": 0.06, "R": 0.05, "sving": 0.08, "os": 0.31, "foss": 0.0, "juv": 0.0, "B": 0.8, "Q": 6.2, "w": 22.82, "h": 0.33, "S": 0.00625, "elv": "Songeelva", "km": 12.0}}, {"type": "Feature", "geometry": {"type": "LineString", "coordinates": [[8.63357, 58.54995], [8.63286, 58.54913]]}, "properties": {"P": 14.98, "tau": 22.33, "tau_c": 62.32, "omega": 19.14, "M": 0.36, "D": -0.0, "R": 0.06, "sving": 0.04, "os": 0.5, "foss": 0.0, "juv": 0.0, "B": 0.8, "Q": 6.2, "w": 23.26, "h": 0.31, "S": 0.00732, "elv": "Songeelva", "km": 12.1}}, {"type": "Feature", "geometry": {"type": "LineString", "coordinates": [[8.63286, 58.54913], [8.63363, 58.54849]]}, "properties": {"P": 31.84, "tau": 29.38, "tau_c": 70.69, "omega": 29.01, "M": 0.42, "D": -0.0, "R": 0.1, "sving": 0.35, "os": 0.81, "foss": 0.0, "juv": 0.0, "B": 0.82, "Q": 7.44, "w": 23.69, "h": 0.32, "S": 0.00942, "elv": "Songeelva", "km": 12.2}}, {"type": "Feature", "geometry": {"type": "LineString", "coordinates": [[8.63363, 58.54849], [8.6342, 58.54765]]}, "properties": {"P": 23.97, "tau": 27.39, "tau_c": 67.74, "omega": 26.17, "M": 0.4, "D": 0.01, "R": 0.09, "sving": 0.05, "os": 0.77, "foss": 0.0, "juv": 0.0, "B": 0.82, "Q": 7.44, "w": 24.12, "h": 0.32, "S": 0.00865, "elv": "Songeelva", "km": 12.3}}, {"type": "Feature", "geometry": {"type": "LineString", "coordinates": [[8.6342, 58.54765], [8.63496, 58.54686]]}, "properties": {"P": 49.29, "tau": 27.09, "tau_c": 67.74, "omega": 25.71, "M": 0.4, "D": 0.01, "R": 0.09, "sving": 0.4, "os": 0.49, "foss": 1.0, "juv": 0.0, "B": 0.82, "Q": 7.44, "w": 24.55, "h": 0.32, "S": 0.00865, "elv": "Songeelva", "km": 12.4}}, {"type": "Feature", "geometry": {"type": "LineString", "coordinates": [[8.63496, 58.54686], [8.63451, 58.54604]]}, "properties": {"P": 35.85, "tau": 27.1, "tau_c": 67.74, "omega": 25.73, "M": 0.4, "D": 0.01, "R": 0.09, "sving": 0.32, "os": 0.3, "foss": 0.72, "juv": 0.0, "B": 0.82, "Q": 7.45, "w": 24.56, "h": 0.32, "S": 0.00865, "elv": "Songeelva", "km": 12.5}}, {"type": "Feature", "geometry": {"type": "LineString", "coordinates": [[8.63451, 58.54604], [8.63367, 58.54526]]}, "properties": {"P": 30.14, "tau": 34.97, "tau_c": 81.32, "omega": 37.08, "M": 0.43, "D": 0.0, "R": 0.11, "sving": 0.34, "os": 0.21, "foss": 0.51, "juv": 0.0, "B": 0.82, "Q": 7.45, "w": 24.56, "h": 0.29, "S": 0.01247, "elv": "Songeelva", "km": 12.6}}, {"type": "Feature", "geometry": {"type": "LineString", "coordinates": [[8.63367, 58.54526], [8.63284, 58.54448]]}, "properties": {"P": 34.6, "tau": 37.98, "tau_c": 86.29, "omega": 41.75, "M": 0.44, "D": 0.02, "R": 0.12, "sving": 0.7, "os": 0.14, "foss": 0.37, "juv": 0.0, "B": 0.82, "Q": 7.45, "w": 24.56, "h": 0.28, "S": 0.01404, "elv": "Songeelva", "km": 12.7}}, {"type": "Feature", "geometry": {"type": "LineString", "coordinates": [[8.63284, 58.54448], [8.63213, 58.54371]]}, "properties": {"P": 28.92, "tau": 26.15, "tau_c": 66.03, "omega": 24.44, "M": 0.4, "D": 0.05, "R": 0.09, "sving": 0.9, "os": 0.09, "foss": 0.0, "juv": 0.0, "B": 0.82, "Q": 7.45, "w": 24.56, "h": 0.32, "S": 0.00822, "elv": "Songeelva", "km": 12.8}}, {"type": "Feature", "geometry": {"type": "LineString", "coordinates": [[8.63213, 58.54371], [8.63379, 58.54373]]}, "properties": {"P": 28.68, "tau": 31.55, "tau_c": 75.59, "omega": 32.0, "M": 0.42, "D": 0.05, "R": 0.1, "sving": 0.9, "os": 0.06, "foss": 0.0, "juv": 0.0, "B": 0.82, "Q": 7.45, "w": 24.59, "h": 0.3, "S": 0.01077, "elv": "Songeelva", "km": 12.9}}, {"type": "Feature", "geometry": {"type": "LineString", "coordinates": [[8.63379, 58.54373], [8.63534, 58.544]]}, "properties": {"P": 23.19, "tau": 31.53, "tau_c": 75.59, "omega": 31.97, "M": 0.42, "D": 0.07, "R": 0.1, "sving": 0.64, "os": 0.06, "foss": 0.0, "juv": 0.0, "B": 0.82, "Q": 7.45, "w": 24.61, "h": 0.3, "S": 0.01077, "elv": "Songeelva", "km": 13.0}}, {"type": "Feature", "geometry": {"type": "LineString", "coordinates": [[8.63534, 58.544], [8.63694, 58.54429]]}, "properties": {"P": 20.84, "tau": 31.71, "tau_c": 75.59, "omega": 32.27, "M": 0.42, "D": 0.05, "R": 0.1, "sving": 0.55, "os": 0.07, "foss": 0.0, "juv": 0.0, "B": 0.82, "Q": 7.53, "w": 24.64, "h": 0.3, "S": 0.01077, "elv": "Songeelva", "km": 13.1}}, {"type": "Feature", "geometry": {"type": "LineString", "coordinates": [[8.63694, 58.54429], [8.63845, 58.54403]]}, "properties": {"P": 21.32, "tau": 23.36, "tau_c": 60.73, "omega": 20.81, "M": 0.38, "D": 0.05, "R": 0.08, "sving": 0.61, "os": 0.08, "foss": 0.0, "juv": 0.0, "B": 0.82, "Q": 7.53, "w": 24.67, "h": 0.34, "S": 0.00695, "elv": "Songeelva", "km": 13.2}}, {"type": "Feature", "geometry": {"type": "LineString", "coordinates": [[8.63845, 58.54403], [8.63865, 58.54315]]}, "properties": {"P": 22.2, "tau": 28.63, "tau_c": 69.1, "omega": 27.97, "M": 0.41, "D": 0.02, "R": 0.1, "sving": 0.63, "os": 0.1, "foss": 0.0, "juv": 0.0, "B": 0.82, "Q": 7.53, "w": 23.75, "h": 0.32, "S": 0.009, "elv": "Songeelva", "km": 13.3}}, {"type": "Feature", "geometry": {"type": "LineString", "coordinates": [[8.63865, 58.54315], [8.63909, 58.54229]]}, "properties": {"P": 16.95, "tau": 33.8, "tau_c": 76.44, "omega": 35.67, "M": 0.44, "D": -0.0, "R": 0.13, "sving": 0.33, "os": 0.17, "foss": 0.0, "juv": 0.0, "B": 0.82, "Q": 7.53, "w": 22.82, "h": 0.31, "S": 0.01101, "elv": "Songeelva", "km": 13.4}}, {"type": "Feature", "geometry": {"type": "LineString", "coordinates": [[8.63909, 58.54229], [8.63945, 58.54141]]}, "properties": {"P": 39.75, "tau": 29.51, "tau_c": 68.07, "omega": 29.5, "M": 0.43, "D": 0.02, "R": 0.12, "sving": 0.16, "os": 0.28, "foss": 1.0, "juv": 0.0, "B": 0.82, "Q": 7.54, "w": 21.88, "h": 0.34, "S": 0.00873, "elv": "Songeelva", "km": 13.5}}, {"type": "Feature", "geometry": {"type": "LineString", "coordinates": [[8.63945, 58.54141], [8.64008, 58.54058]]}, "properties": {"P": 39.36, "tau": 30.12, "tau_c": 69.12, "omega": 30.37, "M": 0.44, "D": 0.02, "R": 0.12, "sving": 0.26, "os": 0.45, "foss": 0.72, "juv": 0.0, "B": 0.82, "Q": 7.54, "w": 21.93, "h": 0.34, "S": 0.00901, "elv": "Songeelva", "km": 13.6}}, {"type": "Feature", "geometry": {"type": "LineString", "coordinates": [[8.64008, 58.54058], [8.64098, 58.53982]]}, "properties": {"P": 39.86, "tau": 30.42, "tau_c": 69.12, "omega": 30.88, "M": 0.44, "D": 0.1, "R": 0.12, "sving": 0.08, "os": 0.73, "foss": 0.51, "juv": 0.0, "B": 0.82, "Q": 7.68, "w": 21.98, "h": 0.34, "S": 0.00901, "elv": "Songeelva", "km": 13.7}}, {"type": "Feature", "geometry": {"type": "LineString", "coordinates": [[8.64098, 58.53982], [8.64215, 58.53939]]}, "properties": {"P": 43.88, "tau": 29.6, "tau_c": 69.12, "omega": 29.55, "M": 0.43, "D": 0.22, "R": 0.11, "sving": 0.16, "os": 0.82, "foss": 0.37, "juv": 0.0, "B": 0.82, "Q": 7.68, "w": 22.97, "h": 0.34, "S": 0.00901, "elv": "Songeelva", "km": 13.8}}, {"type": "Feature", "geometry": {"type": "LineString", "coordinates": [[8.64215, 58.53939], [8.6428, 58.53865]]}, "properties": {"P": 33.26, "tau": 12.01, "tau_c": 36.83, "omega": 8.04, "M": 0.33, "D": 0.44, "R": 0.04, "sving": 0.18, "os": 0.56, "foss": 0.0, "juv": 0.0, "B": 0.82, "Q": 7.68, "w": 23.95, "h": 0.48, "S": 0.00256, "elv": "Songeelva", "km": 13.9}}, {"type": "Feature", "geometry": {"type": "LineString", "coordinates": [[8.63427, 58.52725], [8.63266, 58.52697]]}, "properties": {"P": 4.59, "tau": 12.49, "tau_c": 38.35, "omega": 8.49, "M": 0.33, "D": 0.0, "R": 0.04, "sving": 0.13, "os": 0.0, "foss": 0.0, "juv": 0.0, "B": 0.82, "Q": 7.9, "w": 25.29, "h": 0.46, "S": 0.00277, "elv": "Songeelva", "km": 15.6}}, {"type": "Feature", "geometry": {"type": "LineString", "coordinates": [[8.63266, 58.52697], [8.63147, 58.52633]]}, "properties": {"P": 3.29, "tau": 12.68, "tau_c": 38.77, "omega": 8.68, "M": 0.33, "D": 0.0, "R": 0.04, "sving": 0.07, "os": 0.0, "foss": 0.0, "juv": 0.0, "B": 0.82, "Q": 7.91, "w": 25.31, "h": 0.46, "S": 0.00283, "elv": "Songeelva", "km": 15.7}}, {"type": "Feature", "geometry": {"type": "LineString", "coordinates": [[8.63147, 58.52633], [8.63015, 58.52576]]}, "properties": {"P": 8.35, "tau": 22.06, "tau_c": 57.66, "omega": 19.23, "M": 0.38, "D": 0.0, "R": 0.07, "sving": 0.22, "os": 0.0, "foss": 0.0, "juv": 0.0, "B": 0.82, "Q": 7.92, "w": 25.32, "h": 0.36, "S": 0.00627, "elv": "Songeelva", "km": 15.8}}, {"type": "Feature", "geometry": {"type": "LineString", "coordinates": [[8.63015, 58.52576], [8.62892, 58.52516]]}, "properties": {"P": 4.79, "tau": 31.55, "tau_c": 74.54, "omega": 32.14, "M": 0.42, "D": 0.0, "R": 0.11, "sving": 0.02, "os": 0.0, "foss": 0.0, "juv": 0.0, "B": 0.82, "Q": 7.93, "w": 25.34, "h": 0.31, "S": 0.01047, "elv": "Songeelva", "km": 15.9}}, {"type": "Feature", "geometry": {"type": "LineString", "coordinates": [[8.62892, 58.52516], [8.62788, 58.52445]]}, "properties": {"P": 8.34, "tau": 37.32, "tau_c": 84.08, "omega": 40.9, "M": 0.44, "D": 0.0, "R": 0.13, "sving": 0.14, "os": 0.0, "foss": 0.0, "juv": 0.0, "B": 0.82, "Q": 7.93, "w": 25.36, "h": 0.29, "S": 0.01332, "elv": "Songeelva", "km": 16.0}}, {"type": "Feature", "geometry": {"type": "LineString", "coordinates": [[8.62788, 58.52445], [8.62663, 58.52384]]}, "properties": {"P": 7.11, "tau": 51.24, "tau_c": 105.48, "omega": 64.44, "M": 0.49, "D": 0.0, "R": 0.17, "sving": 0.01, "os": 0.0, "foss": 0.0, "juv": 0.0, "B": 0.82, "Q": 7.95, "w": 25.37, "h": 0.25, "S": 0.02097, "elv": "Songeelva", "km": 16.1}}, {"type": "Feature", "geometry": {"type": "LineString", "coordinates": [[8.62663, 58.52384], [8.6258, 58.52307]]}, "properties": {"P": 8.17, "tau": 48.38, "tau_c": 101.2, "omega": 59.35, "M": 0.48, "D": 0.0, "R": 0.16, "sving": 0.07, "os": 0.0, "foss": 0.0, "juv": 0.0, "B": 0.82, "Q": 7.95, "w": 25.38, "h": 0.26, "S": 0.0193, "elv": "Songeelva", "km": 16.2}}, {"type": "Feature", "geometry": {"type": "LineString", "coordinates": [[8.6258, 58.52307], [8.62459, 58.52245]]}, "properties": {"P": 40.46, "tau": 49.49, "tau_c": 102.87, "omega": 61.3, "M": 0.48, "D": 0.01, "R": 0.17, "sving": 0.4, "os": 0.0, "foss": 1.0, "juv": 0.0, "B": 0.81, "Q": 7.96, "w": 25.39, "h": 0.25, "S": 0.01994, "elv": "Songeelva", "km": 16.3}}, {"type": "Feature", "geometry": {"type": "LineString", "coordinates": [[8.62459, 58.52245], [8.62331, 58.52185]]}, "properties": {"P": 38.47, "tau": 51.82, "tau_c": 100.38, "omega": 66.53, "M": 0.52, "D": 0.05, "R": 0.21, "sving": 0.49, "os": 0.0, "foss": 0.72, "juv": 0.0, "B": 0.81, "Q": 7.97, "w": 22.32, "h": 0.28, "S": 0.01899, "elv": "Songeelva", "km": 16.4}}, {"type": "Feature", "geometry": {"type": "LineString", "coordinates": [[8.62331, 58.52185], [8.62362, 58.52118]]}, "properties": {"P": 35.66, "tau": 43.39, "tau_c": 88.57, "omega": 51.52, "M": 0.49, "D": 0.14, "R": 0.18, "sving": 0.5, "os": 0.0, "foss": 0.51, "juv": 0.0, "B": 0.81, "Q": 7.97, "w": 22.44, "h": 0.3, "S": 0.01479, "elv": "Songeelva", "km": 16.5}}, {"type": "Feature", "geometry": {"type": "LineString", "coordinates": [[8.62362, 58.52118], [8.62482, 58.52055]]}, "properties": {"P": 21.5, "tau": 38.28, "tau_c": 81.16, "omega": 43.02, "M": 0.47, "D": 0.2, "R": 0.16, "sving": 0.01, "os": 0.0, "foss": 0.37, "juv": 0.0, "B": 0.81, "Q": 7.97, "w": 22.57, "h": 0.31, "S": 0.01242, "elv": "Songeelva", "km": 16.6}}, {"type": "Feature", "geometry": {"type": "LineString", "coordinates": [[8.62482, 58.52055], [8.62564, 58.51983]]}, "properties": {"P": 21.8, "tau": 23.25, "tau_c": 55.71, "omega": 21.13, "M": 0.42, "D": 0.25, "R": 0.1, "sving": 0.4, "os": 0.0, "foss": 0.0, "juv": 0.0, "B": 0.82, "Q": 8.36, "w": 22.7, "h": 0.41, "S": 0.00585, "elv": "Songeelva", "km": 16.7}}, {"type": "Feature", "geometry": {"type": "LineString", "coordinates": [[8.62564, 58.51983], [8.62443, 58.51924]]}, "properties": {"P": 17.5, "tau": 27.65, "tau_c": 63.25, "omega": 27.1, "M": 0.44, "D": 0.2, "R": 0.12, "sving": 0.26, "os": 0.0, "foss": 0.0, "juv": 0.0, "B": 0.82, "Q": 8.36, "w": 22.82, "h": 0.37, "S": 0.00754, "elv": "Songeelva", "km": 16.8}}, {"type": "Feature", "geometry": {"type": "LineString", "coordinates": [[8.62443, 58.51924], [8.62318, 58.51863]]}, "properties": {"P": 11.76, "tau": 21.51, "tau_c": 55.99, "omega": 18.62, "M": 0.38, "D": 0.21, "R": 0.08, "sving": 0.08, "os": 0.0, "foss": 0.0, "juv": 0.0, "B": 0.82, "Q": 8.36, "w": 26.03, "h": 0.37, "S": 0.00591, "elv": "Songeelva", "km": 16.9}}, {"type": "Feature", "geometry": {"type": "LineString", "coordinates": [[8.62318, 58.51863], [8.62333, 58.51781]]}, "properties": {"P": 14.73, "tau": 16.4, "tau_c": 46.07, "omega": 12.62, "M": 0.36, "D": 0.16, "R": 0.06, "sving": 0.3, "os": 0.0, "foss": 0.0, "juv": 0.0, "B": 0.82, "Q": 8.37, "w": 26.04, "h": 0.42, "S": 0.004, "elv": "Songeelva", "km": 17.0}}, {"type": "Feature", "geometry": {"type": "LineString", "coordinates": [[8.62333, 58.51781], [8.62385, 58.51701]]}, "properties": {"P": 12.01, "tau": 16.4, "tau_c": 46.07, "omega": 12.62, "M": 0.36, "D": 0.12, "R": 0.06, "sving": 0.24, "os": 0.0, "foss": 0.0, "juv": 0.0, "B": 0.82, "Q": 8.37, "w": 26.05, "h": 0.42, "S": 0.004, "elv": "Songeelva", "km": 17.1}}, {"type": "Feature", "geometry": {"type": "LineString", "coordinates": [[8.62385, 58.51701], [8.62382, 58.51612]]}, "properties": {"P": 5.35, "tau": 17.15, "tau_c": 47.58, "omega": 13.46, "M": 0.36, "D": 0.04, "R": 0.06, "sving": 0.07, "os": 0.0, "foss": 0.0, "juv": 0.0, "B": 0.82, "Q": 8.38, "w": 26.06, "h": 0.41, "S": 0.00427, "elv": "Songeelva", "km": 17.2}}, {"type": "Feature", "geometry": {"type": "LineString", "coordinates": [[8.62382, 58.51612], [8.62353, 58.51528]]}, "properties": {"P": 6.0, "tau": 19.54, "tau_c": 51.13, "omega": 16.31, "M": 0.38, "D": 0.0, "R": 0.07, "sving": 0.12, "os": 0.0, "foss": 0.0, "juv": 0.0, "B": 0.82, "Q": 8.39, "w": 24.85, "h": 0.4, "S": 0.00493, "elv": "Songeelva", "km": 17.3}}, {"type": "Feature", "geometry": {"type": "LineString", "coordinates": [[8.62353, 58.51528], [8.62338, 58.51443]]}, "properties": {"P": 10.21, "tau": 15.94, "tau_c": 41.44, "omega": 12.35, "M": 0.38, "D": 0.01, "R": 0.08, "sving": 0.28, "os": 0.0, "foss": 0.0, "juv": 0.0, "B": 0.82, "Q": 8.42, "w": 21.65, "h": 0.5, "S": 0.00324, "elv": "Songeelva", "km": 17.4}}, {"type": "Feature", "geometry": {"type": "LineString", "coordinates": [[8.62338, 58.51443], [8.62442, 58.51372]]}, "properties": {"P": 9.94, "tau": 17.2, "tau_c": 42.61, "omega": 13.85, "M": 0.4, "D": 0.01, "R": 0.09, "sving": 0.24, "os": 0.0, "foss": 0.0, "juv": 0.0, "B": 0.82, "Q": 8.43, "w": 20.43, "h": 0.51, "S": 0.00342, "elv": "Songeelva", "km": 17.5}}, {"type": "Feature", "geometry": {"type": "LineString", "coordinates": [[8.62442, 58.51372], [8.62555, 58.51305]]}, "properties": {"P": 11.76, "tau": 17.88, "tau_c": 42.61, "omega": 14.73, "M": 0.42, "D": 0.01, "R": 0.11, "sving": 0.3, "os": 0.0, "foss": 0.0, "juv": 0.0, "B": 0.82, "Q": 8.44, "w": 19.22, "h": 0.53, "S": 0.00342, "elv": "Songeelva", "km": 17.6}}, {"type": "Feature", "geometry": {"type": "LineString", "coordinates": [[8.62555, 58.51305], [8.62633, 58.51226]]}, "properties": {"P": 8.07, "tau": 18.65, "tau_c": 42.61, "omega": 15.74, "M": 0.44, "D": 0.06, "R": 0.12, "sving": 0.06, "os": 0.0, "foss": 0.0, "juv": 0.0, "B": 0.82, "Q": 8.44, "w": 18.0, "h": 0.56, "S": 0.00342, "elv": "Songeelva", "km": 17.7}}, {"type": "Feature", "geometry": {"type": "LineString", "coordinates": [[8.62633, 58.51226], [8.62741, 58.51159]]}, "properties": {"P": 7.32, "tau": 18.09, "tau_c": 43.01, "omega": 14.98, "M": 0.42, "D": 0.06, "R": 0.11, "sving": 0.05, "os": 0.0, "foss": 0.0, "juv": 0.0, "B": 0.82, "Q": 8.45, "w": 19.28, "h": 0.53, "S": 0.00349, "elv": "Songeelva", "km": 17.8}}, {"type": "Feature", "geometry": {"type": "LineString", "coordinates": [[8.62741, 58.51159], [8.62824, 58.51081]]}, "properties": {"P": 15.14, "tau": 10.66, "tau_c": 30.73, "omega": 6.93, "M": 0.35, "D": 0.06, "R": 0.05, "sving": 0.47, "os": 0.0, "foss": 0.0, "juv": 0.0, "B": 0.82, "Q": 8.45, "w": 21.28, "h": 0.61, "S": 0.00178, "elv": "Songeelva", "km": 17.9}}, {"type": "Feature", "geometry": {"type": "LineString", "coordinates": [[8.62824, 58.51081], [8.62914, 58.5101]]}, "properties": {"P": 7.29, "tau": 31.19, "tau_c": 65.98, "omega": 32.58, "M": 0.47, "D": 0.0, "R": 0.16, "sving": 0.04, "os": 0.0, "foss": 0.0, "juv": 0.0, "B": 0.82, "Q": 8.62, "w": 21.28, "h": 0.39, "S": 0.0082, "elv": "Songeelva", "km": 18.0}}, {"type": "Feature", "geometry": {"type": "LineString", "coordinates": [[8.62914, 58.5101], [8.63076, 58.51023]]}, "properties": {"P": 7.73, "tau": 30.7, "tau_c": 65.23, "omega": 31.86, "M": 0.47, "D": 0.0, "R": 0.15, "sving": 0.06, "os": 0.0, "foss": 0.0, "juv": 0.0, "B": 0.82, "Q": 8.62, "w": 21.28, "h": 0.39, "S": 0.00802, "elv": "Songeelva", "km": 18.1}}, {"type": "Feature", "geometry": {"type": "LineString", "coordinates": [[8.63076, 58.51023], [8.63195, 58.50964]]}, "properties": {"P": 50.25, "tau": 41.2, "tau_c": 82.7, "omega": 48.29, "M": 0.5, "D": 0.0, "R": 0.18, "sving": 0.77, "os": 0.0, "foss": 1.0, "juv": 0.0, "B": 0.82, "Q": 8.62, "w": 22.57, "h": 0.33, "S": 0.01289, "elv": "Songeelva", "km": 18.2}}, {"type": "Feature", "geometry": {"type": "LineString", "coordinates": [[8.63195, 58.50964], [8.63285, 58.50905]]}, "properties": {"P": 36.51, "tau": 41.25, "tau_c": 82.71, "omega": 48.39, "M": 0.5, "D": 0.05, "R": 0.19, "sving": 0.41, "os": 0.0, "foss": 0.72, "juv": 0.0, "B": 0.83, "Q": 8.64, "w": 22.58, "h": 0.33, "S": 0.01289, "elv": "Songeelva", "km": 18.3}}, {"type": "Feature", "geometry": {"type": "LineString", "coordinates": [[8.63285, 58.50905], [8.63364, 58.5098]]}, "properties": {"P": 52.13, "tau": 38.09, "tau_c": 80.07, "omega": 42.89, "M": 0.48, "D": 0.16, "R": 0.16, "sving": 0.67, "os": 0.0, "foss": 1.0, "juv": 0.0, "B": 0.83, "Q": 8.64, "w": 23.88, "h": 0.32, "S": 0.01208, "elv": "Songeelva", "km": 18.4}}, {"type": "Feature", "geometry": {"type": "LineString", "coordinates": [[8.63364, 58.5098], [8.63419, 58.51065]]}, "properties": {"P": 41.64, "tau": 28.35, "tau_c": 86.95, "omega": 25.81, "M": 0.33, "D": 0.16, "R": 0.04, "sving": 0.72, "os": 0.0, "foss": 0.72, "juv": 0.0, "B": 0.83, "Q": 8.64, "w": 46.82, "h": 0.2, "S": 0.01425, "elv": "Songeelva", "km": 18.5}}, {"type": "Feature", "geometry": {"type": "LineString", "coordinates": [[8.87418, 58.62535], [8.87359, 58.62619]]}, "properties": {"P": 2.29, "tau": 30.25, "tau_c": 95.1, "omega": 27.57, "M": 0.32, "D": -0.0, "R": 0.04, "sving": 0.09, "os": 0.0, "foss": 0.0, "juv": 0.0, "B": 0.53, "Q": 2.2, "w": 13.34, "h": 0.18, "S": 0.01705, "elv": "Strengselva", "km": 2.0}}, {"type": "Feature", "geometry": {"type": "LineString", "coordinates": [[8.87359, 58.62619], [8.87293, 58.62701]]}, "properties": {"P": 1.27, "tau": 30.25, "tau_c": 95.1, "omega": 27.57, "M": 0.32, "D": -0.0, "R": 0.04, "sving": 0.02, "os": 0.0, "foss": 0.0, "juv": 0.0, "B": 0.53, "Q": 2.2, "w": 13.36, "h": 0.18, "S": 0.01705, "elv": "Strengselva", "km": 2.1}}, {"type": "Feature", "geometry": {"type": "LineString", "coordinates": [[8.87293, 58.62701], [8.87198, 58.62775]]}, "properties": {"P": 16.56, "tau": 34.39, "tau_c": 104.18, "omega": 33.16, "M": 0.33, "D": -0.0, "R": 0.04, "sving": 0.0, "os": 0.0, "foss": 1.0, "juv": 0.0, "B": 0.53, "Q": 2.21, "w": 13.37, "h": 0.17, "S": 0.02046, "elv": "Strengselva", "km": 2.2}}, {"type": "Feature", "geometry": {"type": "LineString", "coordinates": [[8.87198, 58.62775], [8.87139, 58.62858]]}, "properties": {"P": 12.56, "tau": 37.0, "tau_c": 109.75, "omega": 36.84, "M": 0.34, "D": -0.0, "R": 0.05, "sving": 0.02, "os": 0.0, "foss": 0.72, "juv": 0.0, "B": 0.53, "Q": 2.21, "w": 13.38, "h": 0.17, "S": 0.0227, "elv": "Strengselva", "km": 2.3}}, {"type": "Feature", "geometry": {"type": "LineString", "coordinates": [[8.81988, 58.61621], [8.82125, 58.61674]]}, "properties": {"P": 25.04, "tau": 24.69, "tau_c": 80.57, "omega": 20.74, "M": 0.31, "D": 0.04, "R": 0.03, "sving": 0.94, "os": 0.0, "foss": 0.51, "juv": 0.0, "B": 0.55, "Q": 2.41, "w": 13.95, "h": 0.21, "S": 0.01224, "elv": "Marendalselva", "km": 1.3}}, {"type": "Feature", "geometry": {"type": "LineString", "coordinates": [[8.82469, 58.61934], [8.82538, 58.61981]]}, "properties": {"P": 6.38, "tau": 34.95, "tau_c": 103.32, "omega": 34.17, "M": 0.34, "D": -0.0, "R": 0.05, "sving": 0.32, "os": 0.0, "foss": 0.0, "juv": 0.0, "B": 0.55, "Q": 2.43, "w": 14.02, "h": 0.18, "S": 0.02012, "elv": "Marendalselva", "km": 1.8}}, {"type": "Feature", "geometry": {"type": "LineString", "coordinates": [[8.82538, 58.61981], [8.82695, 58.61984]]}, "properties": {"P": 7.86, "tau": 32.51, "tau_c": 98.1, "omega": 30.79, "M": 0.33, "D": 0.03, "R": 0.04, "sving": 0.38, "os": 0.0, "foss": 0.0, "juv": 0.0, "B": 0.55, "Q": 2.43, "w": 14.05, "h": 0.18, "S": 0.01814, "elv": "Marendalselva", "km": 1.9}}, {"type": "Feature", "geometry": {"type": "LineString", "coordinates": [[8.82695, 58.61984], [8.82849, 58.61952]]}, "properties": {"P": 21.61, "tau": 31.69, "tau_c": 96.37, "omega": 29.69, "M": 0.33, "D": 0.03, "R": 0.04, "sving": 0.18, "os": 0.06, "foss": 1.0, "juv": 0.0, "B": 0.54, "Q": 2.43, "w": 14.08, "h": 0.18, "S": 0.0175, "elv": "Marendalselva", "km": 2.0}}, {"type": "Feature", "geometry": {"type": "LineString", "coordinates": [[8.82849, 58.61952], [8.83014, 58.61976]]}, "properties": {"P": 16.4, "tau": 29.07, "tau_c": 90.05, "omega": 26.28, "M": 0.32, "D": 0.03, "R": 0.04, "sving": 0.12, "os": 0.09, "foss": 0.72, "juv": 0.0, "B": 0.54, "Q": 2.47, "w": 14.11, "h": 0.19, "S": 0.01528, "elv": "Marendalselva", "km": 2.1}}, {"type": "Feature", "geometry": {"type": "LineString", "coordinates": [[8.83014, 58.61976], [8.83169, 58.62014]]}, "properties": {"P": 15.7, "tau": 31.22, "tau_c": 94.83, "omega": 29.1, "M": 0.33, "D": 0.01, "R": 0.04, "sving": 0.25, "os": 0.14, "foss": 0.51, "juv": 0.0, "B": 0.54, "Q": 2.47, "w": 14.14, "h": 0.19, "S": 0.01695, "elv": "Marendalselva", "km": 2.2}}, {"type": "Feature", "geometry": {"type": "LineString", "coordinates": [[8.83169, 58.62014], [8.83331, 58.62044]]}, "properties": {"P": 13.63, "tau": 36.99, "tau_c": 107.14, "omega": 37.12, "M": 0.35, "D": -0.0, "R": 0.05, "sving": 0.17, "os": 0.23, "foss": 0.37, "juv": 0.0, "B": 0.54, "Q": 2.48, "w": 14.17, "h": 0.17, "S": 0.02164, "elv": "Marendalselva", "km": 2.3}}, {"type": "Feature", "geometry": {"type": "LineString", "coordinates": [[8.83331, 58.62044], [8.83495, 58.6207]]}, "properties": {"P": 22.07, "tau": 31.92, "tau_c": 96.43, "omega": 30.04, "M": 0.33, "D": 0.01, "R": 0.04, "sving": 0.92, "os": 0.38, "foss": 0.0, "juv": 0.0, "B": 0.54, "Q": 2.48, "w": 14.21, "h": 0.19, "S": 0.01753, "elv": "Marendalselva", "km": 2.4}}, {"type": "Feature", "geometry": {"type": "LineString", "coordinates": [[8.83495, 58.6207], [8.83651, 58.62054]]}, "properties": {"P": 38.69, "tau": 31.95, "tau_c": 96.43, "omega": 30.08, "M": 0.33, "D": 0.01, "R": 0.04, "sving": 0.72, "os": 0.63, "foss": 1.0, "juv": 0.0, "B": 0.54, "Q": 2.49, "w": 14.24, "h": 0.19, "S": 0.01753, "elv": "Marendalselva", "km": 2.5}}, {"type": "Feature", "geometry": {"type": "LineString", "coordinates": [[8.83651, 58.62054], [8.83588, 58.61983]]}, "properties": {"P": 40.35, "tau": 34.06, "tau_c": 100.33, "omega": 33.04, "M": 0.34, "D": 0.01, "R": 0.05, "sving": 0.7, "os": 0.74, "foss": 1.0, "juv": 0.0, "B": 0.54, "Q": 2.53, "w": 14.27, "h": 0.18, "S": 0.01897, "elv": "Marendalselva", "km": 2.6}}, {"type": "Feature", "geometry": {"type": "LineString", "coordinates": [[8.83588, 58.61983], [8.83587, 58.61908]]}, "properties": {"P": 31.67, "tau": 39.74, "tau_c": 112.17, "omega": 41.22, "M": 0.35, "D": -0.0, "R": 0.06, "sving": 0.69, "os": 0.49, "foss": 0.72, "juv": 0.0, "B": 0.54, "Q": 2.53, "w": 14.3, "h": 0.17, "S": 0.02372, "elv": "Marendalselva", "km": 2.7}}, {"type": "Feature", "geometry": {"type": "LineString", "coordinates": [[8.87143, 58.64012], [8.87018, 58.63956]]}, "properties": {"P": 18.82, "tau": 56.55, "tau_c": 164.74, "omega": 65.07, "M": 0.34, "D": 0.0, "R": 0.05, "sving": 0.12, "os": 0.13, "foss": 1.0, "juv": 0.0, "B": 0.48, "Q": 1.02, "w": 7.87, "h": 0.11, "S": 0.05115, "elv": "Stebekk", "km": 1.8}}, {"type": "Feature", "geometry": {"type": "LineString", "coordinates": [[8.84649, 58.65285], [8.84698, 58.65201]]}, "properties": {"P": 11.41, "tau": 54.02, "tau_c": 79.83, "omega": 77.25, "M": 0.68, "D": 0.0, "R": 0.41, "sving": 0.12, "os": 0.0, "foss": 0.0, "juv": 0.0, "B": 0.48, "Q": 31.74, "w": 48.42, "h": 0.46, "S": 0.01201, "elv": "Storelva", "km": 0.0}}, {"type": "Feature", "geometry": {"type": "LineString", "coordinates": [[8.84698, 58.65201], [8.84751, 58.65119]]}, "properties": {"P": 14.7, "tau": 46.7, "tau_c": 69.14, "omega": 63.38, "M": 0.68, "D": 0.0, "R": 0.41, "sving": 0.02, "os": 0.0, "foss": 0.0, "juv": 0.0, "B": 0.71, "Q": 31.76, "w": 44.28, "h": 0.53, "S": 0.00901, "elv": "Storelva", "km": 0.1}}, {"type": "Feature", "geometry": {"type": "LineString", "coordinates": [[8.84751, 58.65119], [8.84826, 58.65038]]}, "properties": {"P": 18.39, "tau": 70.64, "tau_c": 92.88, "omega": 114.78, "M": 0.76, "D": 0.0, "R": 0.53, "sving": 0.0, "os": 0.0, "foss": 0.0, "juv": 0.0, "B": 0.71, "Q": 31.76, "w": 44.14, "h": 0.44, "S": 0.01626, "elv": "Storelva", "km": 0.2}}, {"type": "Feature", "geometry": {"type": "LineString", "coordinates": [[8.84826, 58.65038], [8.8487, 58.64952]]}, "properties": {"P": 19.08, "tau": 64.14, "tau_c": 84.79, "omega": 100.54, "M": 0.76, "D": 0.0, "R": 0.52, "sving": 0.04, "os": 0.0, "foss": 0.0, "juv": 0.0, "B": 0.71, "Q": 31.77, "w": 42.0, "h": 0.48, "S": 0.01355, "elv": "Storelva", "km": 0.3}}, {"type": "Feature", "geometry": {"type": "LineString", "coordinates": [[8.8487, 58.64952], [8.84918, 58.64867]]}, "properties": {"P": 47.62, "tau": 75.68, "tau_c": 93.43, "omega": 128.21, "M": 0.81, "D": 0.0, "R": 0.59, "sving": 0.3, "os": 0.0, "foss": 1.0, "juv": 0.0, "B": 0.71, "Q": 31.77, "w": 40.0, "h": 0.47, "S": 0.01645, "elv": "Storelva", "km": 0.4}}, {"type": "Feature", "geometry": {"type": "LineString", "coordinates": [[8.84918, 58.64867], [8.84953, 58.64781]]}, "properties": {"P": 39.95, "tau": 81.3, "tau_c": 100.47, "omega": 141.24, "M": 0.81, "D": 0.0, "R": 0.59, "sving": 0.21, "os": 0.0, "foss": 0.72, "juv": 0.0, "B": 0.71, "Q": 31.78, "w": 42.0, "h": 0.44, "S": 0.01903, "elv": "Storelva", "km": 0.5}}, {"type": "Feature", "geometry": {"type": "LineString", "coordinates": [[8.84953, 58.64781], [8.84895, 58.64697]]}, "properties": {"P": 43.6, "tau": 70.46, "tau_c": 94.38, "omega": 113.78, "M": 0.75, "D": 0.05, "R": 0.51, "sving": 0.17, "os": 0.0, "foss": 1.0, "juv": 0.0, "B": 0.71, "Q": 31.78, "w": 46.0, "h": 0.43, "S": 0.01679, "elv": "Storelva", "km": 0.6}}, {"type": "Feature", "geometry": {"type": "LineString", "coordinates": [[8.84895, 58.64697], [8.84846, 58.64616]]}, "properties": {"P": 38.14, "tau": 78.53, "tau_c": 98.0, "omega": 134.4, "M": 0.8, "D": 0.07, "R": 0.58, "sving": 0.05, "os": 0.0, "foss": 0.72, "juv": 0.0, "B": 0.71, "Q": 31.79, "w": 42.0, "h": 0.44, "S": 0.0181, "elv": "Storelva", "km": 0.7}}, {"type": "Feature", "geometry": {"type": "LineString", "coordinates": [[8.84846, 58.64616], [8.84959, 58.6455]]}, "properties": {"P": 37.04, "tau": 53.96, "tau_c": 74.85, "omega": 78.49, "M": 0.72, "D": 0.14, "R": 0.47, "sving": 0.28, "os": 0.0, "foss": 0.51, "juv": 0.0, "B": 0.71, "Q": 31.83, "w": 42.0, "h": 0.52, "S": 0.01056, "elv": "Storelva", "km": 0.8}}, {"type": "Feature", "geometry": {"type": "LineString", "coordinates": [[8.84959, 58.6455], [8.85017, 58.64465]]}, "properties": {"P": 35.81, "tau": 63.23, "tau_c": 80.13, "omega": 99.7, "M": 0.79, "D": 0.12, "R": 0.56, "sving": 0.24, "os": 0.0, "foss": 0.37, "juv": 0.0, "B": 0.71, "Q": 31.91, "w": 38.0, "h": 0.53, "S": 0.0121, "elv": "Storelva", "km": 0.9}}, {"type": "Feature", "geometry": {"type": "LineString", "coordinates": [[8.85017, 58.64465], [8.85084, 58.64383]]}, "properties": {"P": 25.05, "tau": 48.09, "tau_c": 65.96, "omega": 67.28, "M": 0.73, "D": 0.18, "R": 0.49, "sving": 0.14, "os": 0.0, "foss": 0.0, "juv": 0.0, "B": 0.71, "Q": 31.92, "w": 38.17, "h": 0.6, "S": 0.0082, "elv": "Storelva", "km": 1.0}}, {"type": "Feature", "geometry": {"type": "LineString", "coordinates": [[8.85084, 58.64383], [8.85139, 58.64299]]}, "properties": {"P": 22.48, "tau": 39.66, "tau_c": 54.64, "omega": 51.59, "M": 0.73, "D": 0.11, "R": 0.48, "sving": 0.12, "os": 0.0, "foss": 0.0, "juv": 0.0, "B": 0.71, "Q": 31.94, "w": 34.17, "h": 0.72, "S": 0.00563, "elv": "Storelva", "km": 1.1}}, {"type": "Feature", "geometry": {"type": "LineString", "coordinates": [[8.85139, 58.64299], [8.85276, 58.64264]]}, "properties": {"P": 21.7, "tau": 39.59, "tau_c": 54.57, "omega": 51.47, "M": 0.73, "D": 0.07, "R": 0.48, "sving": 0.14, "os": 0.0, "foss": 0.0, "juv": 0.0, "B": 0.71, "Q": 31.94, "w": 34.17, "h": 0.72, "S": 0.00561, "elv": "Storelva", "km": 1.2}}, {"type": "Feature", "geometry": {"type": "LineString", "coordinates": [[8.85276, 58.64264], [8.85278, 58.64175]]}, "properties": {"P": 23.4, "tau": 53.64, "tau_c": 64.19, "omega": 80.65, "M": 0.84, "D": 0.0, "R": 0.62, "sving": 0.08, "os": 0.0, "foss": 0.0, "juv": 0.0, "B": 0.71, "Q": 31.94, "w": 30.17, "h": 0.7, "S": 0.00777, "elv": "Storelva", "km": 1.3}}, {"type": "Feature", "geometry": {"type": "LineString", "coordinates": [[8.85278, 58.64175], [8.85284, 58.64087]]}, "properties": {"P": 22.65, "tau": 54.28, "tau_c": 68.46, "omega": 81.02, "M": 0.79, "D": 0.03, "R": 0.57, "sving": 0.1, "os": 0.0, "foss": 0.0, "juv": 0.0, "B": 0.71, "Q": 31.95, "w": 34.17, "h": 0.63, "S": 0.00883, "elv": "Storelva", "km": 1.4}}, {"type": "Feature", "geometry": {"type": "LineString", "coordinates": [[8.85284, 58.64087], [8.85303, 58.63998]]}, "properties": {"P": 23.08, "tau": 49.5, "tau_c": 62.19, "omega": 71.44, "M": 0.8, "D": 0.03, "R": 0.57, "sving": 0.11, "os": 0.0, "foss": 0.0, "juv": 0.0, "B": 0.72, "Q": 31.97, "w": 32.0, "h": 0.69, "S": 0.00729, "elv": "Storelva", "km": 1.5}}, {"type": "Feature", "geometry": {"type": "LineString", "coordinates": [[8.85303, 58.63998], [8.85424, 58.63944]]}, "properties": {"P": 21.3, "tau": 44.33, "tau_c": 55.78, "omega": 61.32, "M": 0.79, "D": 0.03, "R": 0.57, "sving": 0.03, "os": 0.0, "foss": 0.0, "juv": 0.0, "B": 0.72, "Q": 31.97, "w": 30.0, "h": 0.77, "S": 0.00586, "elv": "Storelva", "km": 1.6}}, {"type": "Feature", "geometry": {"type": "LineString", "coordinates": [[8.85424, 58.63944], [8.85473, 58.63863]]}, "properties": {"P": 23.56, "tau": 61.5, "tau_c": 72.69, "omega": 97.63, "M": 0.85, "D": 0.0, "R": 0.63, "sving": 0.07, "os": 0.0, "foss": 0.0, "juv": 0.0, "B": 0.72, "Q": 31.98, "w": 32.0, "h": 0.63, "S": 0.00996, "elv": "Storelva", "km": 1.7}}, {"type": "Feature", "geometry": {"type": "LineString", "coordinates": [[8.85473, 58.63863], [8.85466, 58.63774]]}, "properties": {"P": 29.61, "tau": 66.97, "tau_c": 79.39, "omega": 109.66, "M": 0.84, "D": 0.0, "R": 0.63, "sving": 0.36, "os": 0.0, "foss": 0.0, "juv": 0.0, "B": 0.72, "Q": 31.99, "w": 34.0, "h": 0.57, "S": 0.01188, "elv": "Storelva", "km": 1.8}}, {"type": "Feature", "geometry": {"type": "LineString", "coordinates": [[8.85466, 58.63774], [8.85455, 58.63684]]}, "properties": {"P": 23.98, "tau": 59.62, "tau_c": 71.07, "omega": 93.38, "M": 0.84, "D": 0.0, "R": 0.63, "sving": 0.1, "os": 0.0, "foss": 0.0, "juv": 0.0, "B": 0.72, "Q": 31.99, "w": 32.0, "h": 0.64, "S": 0.00952, "elv": "Storelva", "km": 1.9}}, {"type": "Feature", "geometry": {"type": "LineString", "coordinates": [[8.85455, 58.63684], [8.85439, 58.63595]]}, "properties": {"P": 26.15, "tau": 78.47, "tau_c": 84.11, "omega": 139.54, "M": 0.93, "D": 0.0, "R": 0.73, "sving": 0.03, "os": 0.0, "foss": 0.0, "juv": 0.0, "B": 0.72, "Q": 32.0, "w": 30.0, "h": 0.6, "S": 0.01334, "elv": "Storelva", "km": 2.0}}, {"type": "Feature", "geometry": {"type": "LineString", "coordinates": [[8.85439, 58.63595], [8.85445, 58.63505]]}, "properties": {"P": 27.45, "tau": 104.05, "tau_c": 106.03, "omega": 207.89, "M": 0.98, "D": 0.0, "R": 0.78, "sving": 0.01, "os": 0.0, "foss": 0.0, "juv": 0.0, "B": 0.72, "Q": 32.0, "w": 32.0, "h": 0.5, "S": 0.02119, "elv": "Storelva", "km": 2.1}}, {"type": "Feature", "geometry": {"type": "LineString", "coordinates": [[8.85445, 58.63505], [8.85451, 58.63416]]}, "properties": {"P": 31.04, "tau": 120.4, "tau_c": 114.4, "omega": 258.17, "M": 1.05, "D": 0.0, "R": 0.84, "sving": 0.08, "os": 0.0, "foss": 0.0, "juv": 0.0, "B": 0.72, "Q": 32.01, "w": 30.0, "h": 0.5, "S": 0.02467, "elv": "Storelva", "km": 2.2}}, {"type": "Feature", "geometry": {"type": "LineString", "coordinates": [[8.85451, 58.63416], [8.85444, 58.63326]]}, "properties": {"P": 51.63, "tau": 115.93, "tau_c": 107.95, "omega": 246.31, "M": 1.07, "D": 0.0, "R": 0.86, "sving": 0.03, "os": 0.0, "foss": 1.0, "juv": 0.0, "B": 0.72, "Q": 32.01, "w": 28.0, "h": 0.54, "S": 0.02196, "elv": "Storelva", "km": 2.3}}, {"type": "Feature", "geometry": {"type": "LineString", "coordinates": [[8.85444, 58.63326], [8.85462, 58.63238]]}, "properties": {"P": 46.97, "tau": 147.09, "tau_c": 128.05, "omega": 346.81, "M": 1.15, "D": 0.0, "R": 0.91, "sving": 0.0, "os": 0.0, "foss": 0.72, "juv": 0.0, "B": 0.72, "Q": 32.03, "w": 28.0, "h": 0.49, "S": 0.0309, "elv": "Storelva", "km": 2.4}}, {"type": "Feature", "geometry": {"type": "LineString", "coordinates": [[8.85462, 58.63238], [8.85481, 58.63149]]}, "properties": {"P": 43.67, "tau": 144.17, "tau_c": 130.16, "omega": 334.48, "M": 1.11, "D": 0.05, "R": 0.88, "sving": 0.03, "os": 0.0, "foss": 0.51, "juv": 0.0, "B": 0.72, "Q": 32.04, "w": 30.0, "h": 0.46, "S": 0.03193, "elv": "Storelva", "km": 2.5}}, {"type": "Feature", "geometry": {"type": "LineString", "coordinates": [[8.85481, 58.63149], [8.85484, 58.6306]]}, "properties": {"P": 55.75, "tau": 136.46, "tau_c": 125.11, "omega": 309.08, "M": 1.09, "D": 0.12, "R": 0.87, "sving": 0.04, "os": 0.0, "foss": 1.0, "juv": 0.0, "B": 0.72, "Q": 32.04, "w": 30.0, "h": 0.47, "S": 0.0295, "elv": "Storelva", "km": 2.6}}, {"type": "Feature", "geometry": {"type": "LineString", "coordinates": [[8.85484, 58.6306], [8.85491, 58.6297]]}, "properties": {"P": 48.11, "tau": 104.39, "tau_c": 109.39, "omega": 207.35, "M": 0.95, "D": 0.2, "R": 0.75, "sving": 0.05, "os": 0.0, "foss": 0.72, "juv": 0.0, "B": 0.72, "Q": 32.04, "w": 34.2, "h": 0.47, "S": 0.02256, "elv": "Storelva", "km": 2.7}}, {"type": "Feature", "geometry": {"type": "LineString", "coordinates": [[8.85491, 58.6297], [8.85489, 58.62881]]}, "properties": {"P": 41.39, "tau": 88.3, "tau_c": 105.17, "omega": 159.62, "M": 0.84, "D": 0.25, "R": 0.63, "sving": 0.01, "os": 0.07, "foss": 0.51, "juv": 0.0, "B": 0.72, "Q": 32.08, "w": 41.1, "h": 0.43, "S": 0.02085, "elv": "Storelva", "km": 2.8}}, {"type": "Feature", "geometry": {"type": "LineString", "coordinates": [[8.85489, 58.62881], [8.85486, 58.62791]]}, "properties": {"P": 39.94, "tau": 80.89, "tau_c": 103.76, "omega": 138.85, "M": 0.78, "D": 0.29, "R": 0.55, "sving": 0.11, "os": 0.11, "foss": 0.37, "juv": 0.0, "B": 0.72, "Q": 32.09, "w": 46.0, "h": 0.41, "S": 0.02029, "elv": "Storelva", "km": 2.9}}, {"type": "Feature", "geometry": {"type": "LineString", "coordinates": [[8.85486, 58.62791], [8.85486, 58.62702]]}, "properties": {"P": 31.47, "tau": 45.68, "tau_c": 66.78, "omega": 61.86, "M": 0.68, "D": 0.36, "R": 0.42, "sving": 0.11, "os": 0.18, "foss": 0.0, "juv": 0.0, "B": 0.73, "Q": 36.69, "w": 48.9, "h": 0.55, "S": 0.0084, "elv": "Storelva", "km": 3.0}}, {"type": "Feature", "geometry": {"type": "LineString", "coordinates": [[8.85486, 58.62702], [8.85543, 58.62618]]}, "properties": {"P": 35.92, "tau": 35.13, "tau_c": 57.69, "omega": 41.95, "M": 0.61, "D": 0.37, "R": 0.32, "sving": 0.36, "os": 0.28, "foss": 0.0, "juv": 0.0, "B": 0.73, "Q": 36.69, "w": 53.81, "h": 0.57, "S": 0.00627, "elv": "Storelva", "km": 3.1}}, {"type": "Feature", "geometry": {"type": "LineString", "coordinates": [[8.85543, 58.62618], [8.85589, 58.62532]]}, "properties": {"P": 43.61, "tau": 24.66, "tau_c": 45.01, "omega": 25.21, "M": 0.55, "D": 0.39, "R": 0.24, "sving": 0.65, "os": 0.47, "foss": 0.0, "juv": 0.0, "B": 0.73, "Q": 36.69, "w": 54.52, "h": 0.66, "S": 0.00382, "elv": "Storelva", "km": 3.2}}, {"type": "Feature", "geometry": {"type": "LineString", "coordinates": [[8.85589, 58.62532], [8.85713, 58.62485]]}, "properties": {"P": 47.24, "tau": 21.53, "tau_c": 40.84, "omega": 20.76, "M": 0.53, "D": 0.37, "R": 0.22, "sving": 0.59, "os": 0.76, "foss": 0.0, "juv": 0.0, "B": 0.73, "Q": 36.69, "w": 54.52, "h": 0.7, "S": 0.00314, "elv": "Storelva", "km": 3.3}}, {"type": "Feature", "geometry": {"type": "LineString", "coordinates": [[8.85713, 58.62485], [8.85883, 58.62499]]}, "properties": {"P": 47.48, "tau": 11.47, "tau_c": 25.79, "omega": 8.42, "M": 0.44, "D": 0.46, "R": 0.13, "sving": 0.59, "os": 0.8, "foss": 0.0, "juv": 0.0, "B": 0.73, "Q": 36.69, "w": 53.61, "h": 0.93, "S": 0.00125, "elv": "Storelva", "km": 3.4}}, {"type": "Feature", "geometry": {"type": "LineString", "coordinates": [[8.85883, 58.62499], [8.86045, 58.62528]]}, "properties": {"P": 35.0, "tau": 5.41, "tau_c": 14.9, "omega": 2.86, "M": 0.36, "D": 0.51, "R": 0.06, "sving": 0.37, "os": 0.49, "foss": 0.0, "juv": 0.0, "B": 0.73, "Q": 36.69, "w": 52.71, "h": 1.32, "S": 0.00042, "elv": "Storelva", "km": 3.5}}, {"type": "Feature", "geometry": {"type": "LineString", "coordinates": [[8.86045, 58.62528], [8.8621, 58.62553]]}, "properties": {"P": 25.63, "tau": 3.73, "tau_c": 11.65, "omega": 1.68, "M": 0.32, "D": 0.43, "R": 0.04, "sving": 0.27, "os": 0.3, "foss": 0.0, "juv": 0.0, "B": 0.73, "Q": 36.69, "w": 49.81, "h": 1.64, "S": 0.00023, "elv": "Storelva", "km": 3.6}}, {"type": "Feature", "geometry": {"type": "LineString", "coordinates": [[8.8621, 58.62553], [8.86368, 58.62585]]}, "properties": {"P": 13.82, "tau": 3.78, "tau_c": 11.65, "omega": 1.71, "M": 0.32, "D": 0.23, "R": 0.04, "sving": 0.09, "os": 0.18, "foss": 0.0, "juv": 0.0, "B": 0.73, "Q": 36.78, "w": 48.9, "h": 1.66, "S": 0.00023, "elv": "Storelva", "km": 3.7}}, {"type": "Feature", "geometry": {"type": "LineString", "coordinates": [[8.86368, 58.62585], [8.86477, 58.62652]]}, "properties": {"P": 10.99, "tau": 3.77, "tau_c": 11.65, "omega": 1.71, "M": 0.32, "D": 0.06, "R": 0.04, "sving": 0.26, "os": 0.11, "foss": 0.0, "juv": 0.0, "B": 0.73, "Q": 36.79, "w": 48.92, "h": 1.66, "S": 0.00023, "elv": "Storelva", "km": 3.8}}, {"type": "Feature", "geometry": {"type": "LineString", "coordinates": [[8.86477, 58.62652], [8.86621, 58.62701]]}, "properties": {"P": 14.57, "tau": 13.46, "tau_c": 27.23, "omega": 10.75, "M": 0.49, "D": 0.0, "R": 0.18, "sving": 0.3, "os": 0.09, "foss": 0.0, "juv": 0.0, "B": 0.72, "Q": 36.79, "w": 46.92, "h": 0.98, "S": 0.0014, "elv": "Storelva", "km": 3.9}}, {"type": "Feature", "geometry": {"type": "LineString", "coordinates": [[8.86621, 58.62701], [8.86715, 58.62773]]}, "properties": {"P": 11.89, "tau": 13.47, "tau_c": 27.23, "omega": 10.76, "M": 0.49, "D": 0.0, "R": 0.18, "sving": 0.12, "os": 0.14, "foss": 0.0, "juv": 0.0, "B": 0.72, "Q": 36.82, "w": 46.92, "h": 0.98, "S": 0.0014, "elv": "Storelva", "km": 4.0}}, {"type": "Feature", "geometry": {"type": "LineString", "coordinates": [[8.86715, 58.62773], [8.86782, 58.62855]]}, "properties": {"P": 17.59, "tau": 24.99, "tau_c": 42.45, "omega": 26.15, "M": 0.59, "D": 0.0, "R": 0.3, "sving": 0.11, "os": 0.22, "foss": 0.0, "juv": 0.0, "B": 0.72, "Q": 36.83, "w": 46.92, "h": 0.75, "S": 0.0034, "elv": "Storelva", "km": 4.1}}, {"type": "Feature", "geometry": {"type": "LineString", "coordinates": [[8.86782, 58.62855], [8.86847, 58.62938]]}, "properties": {"P": 29.71, "tau": 26.41, "tau_c": 42.45, "omega": 28.59, "M": 0.62, "D": 0.0, "R": 0.34, "sving": 0.5, "os": 0.33, "foss": 0.0, "juv": 0.0, "B": 0.72, "Q": 36.83, "w": 42.92, "h": 0.79, "S": 0.0034, "elv": "Storelva", "km": 4.2}}, {"type": "Feature", "geometry": {"type": "LineString", "coordinates": [[8.86847, 58.62938], [8.86981, 58.62958]]}, "properties": {"P": 26.34, "tau": 27.6, "tau_c": 42.45, "omega": 30.69, "M": 0.65, "D": 0.03, "R": 0.38, "sving": 0.14, "os": 0.43, "foss": 0.0, "juv": 0.0, "B": 0.72, "Q": 36.84, "w": 40.0, "h": 0.83, "S": 0.0034, "elv": "Storelva", "km": 4.3}}, {"type": "Feature", "geometry": {"type": "LineString", "coordinates": [[8.86981, 58.62958], [8.87139, 58.62925]]}, "properties": {"P": 32.75, "tau": 27.6, "tau_c": 42.45, "omega": 30.69, "M": 0.65, "D": 0.05, "R": 0.38, "sving": 0.24, "os": 0.61, "foss": 0.0, "juv": 0.0, "B": 0.72, "Q": 36.84, "w": 40.0, "h": 0.83, "S": 0.0034, "elv": "Storelva", "km": 4.4}}, {"type": "Feature", "geometry": {"type": "LineString", "coordinates": [[8.87139, 58.62925], [8.87256, 58.62986]]}, "properties": {"P": 38.41, "tau": 20.45, "tau_c": 32.57, "omega": 20.16, "M": 0.63, "D": 0.05, "R": 0.35, "sving": 0.16, "os": 1.0, "foss": 0.0, "juv": 0.0, "B": 0.72, "Q": 39.06, "w": 38.0, "h": 1.04, "S": 0.002, "elv": "Storelva", "km": 4.5}}, {"type": "Feature", "geometry": {"type": "LineString", "coordinates": [[8.87256, 58.62986], [8.87403, 58.63032]]}, "properties": {"P": 37.11, "tau": 24.58, "tau_c": 38.59, "omega": 26.08, "M": 0.64, "D": 0.02, "R": 0.36, "sving": 0.5, "os": 0.62, "foss": 0.0, "juv": 0.0, "B": 0.72, "Q": 39.07, "w": 41.25, "h": 0.89, "S": 0.00281, "elv": "Storelva", "km": 4.6}}, {"type": "Feature", "geometry": {"type": "LineString", "coordinates": [[8.87403, 58.63032], [8.87526, 58.63087]]}, "properties": {"P": 20.94, "tau": 27.46, "tau_c": 44.1, "omega": 30.21, "M": 0.62, "D": 0.0, "R": 0.34, "sving": 0.03, "os": 0.38, "foss": 0.0, "juv": 0.0, "B": 0.72, "Q": 39.07, "w": 46.5, "h": 0.76, "S": 0.00366, "elv": "Storelva", "km": 4.7}}, {"type": "Feature", "geometry": {"type": "LineString", "coordinates": [[8.87526, 58.63087], [8.87625, 58.6316]]}, "properties": {"P": 27.39, "tau": 28.36, "tau_c": 46.57, "omega": 31.39, "M": 0.61, "D": 0.0, "R": 0.32, "sving": 0.52, "os": 0.24, "foss": 0.0, "juv": 0.0, "B": 0.72, "Q": 39.08, "w": 49.92, "h": 0.71, "S": 0.00409, "elv": "Storelva", "km": 4.8}}, {"type": "Feature", "geometry": {"type": "LineString", "coordinates": [[8.87625, 58.6316], [8.87731, 58.63226]]}, "properties": {"P": 24.2, "tau": 28.36, "tau_c": 46.57, "omega": 31.4, "M": 0.61, "D": 0.0, "R": 0.32, "sving": 0.46, "os": 0.15, "foss": 0.0, "juv": 0.0, "B": 0.72, "Q": 39.08, "w": 49.92, "h": 0.71, "S": 0.00409, "elv": "Storelva", "km": 4.9}}, {"type": "Feature", "geometry": {"type": "LineString", "coordinates": [[8.87731, 58.63226], [8.87833, 58.63167]]}, "properties": {"P": 22.14, "tau": 29.6, "tau_c": 46.57, "omega": 33.66, "M": 0.64, "D": 0.02, "R": 0.36, "sving": 0.32, "os": 0.11, "foss": 0.0, "juv": 0.0, "B": 0.72, "Q": 40.22, "w": 47.92, "h": 0.74, "S": 0.00409, "elv": "Storelva", "km": 5.0}}, {"type": "Feature", "geometry": {"type": "LineString", "coordinates": [[8.87833, 58.63167], [8.87982, 58.63124]]}, "properties": {"P": 18.83, "tau": 29.54, "tau_c": 46.57, "omega": 33.56, "M": 0.63, "D": 0.12, "R": 0.36, "sving": 0.02, "os": 0.12, "foss": 0.0, "juv": 0.0, "B": 0.72, "Q": 40.23, "w": 48.09, "h": 0.74, "S": 0.00409, "elv": "Storelva", "km": 5.1}}, {"type": "Feature", "geometry": {"type": "LineString", "coordinates": [[8.87982, 58.63124], [8.88137, 58.63132]]}, "properties": {"P": 39.17, "tau": 25.29, "tau_c": 41.72, "omega": 26.83, "M": 0.61, "D": 0.28, "R": 0.32, "sving": 0.8, "os": 0.14, "foss": 0.0, "juv": 0.0, "B": 0.72, "Q": 40.23, "w": 48.25, "h": 0.79, "S": 0.00328, "elv": "Storelva", "km": 5.2}}, {"type": "Feature", "geometry": {"type": "LineString", "coordinates": [[8.88137, 58.63132], [8.8824, 58.63204]]}, "properties": {"P": 41.68, "tau": 8.06, "tau_c": 18.34, "omega": 5.18, "M": 0.44, "D": 0.51, "R": 0.12, "sving": 0.88, "os": 0.2, "foss": 0.0, "juv": 0.0, "B": 0.72, "Q": 40.23, "w": 48.27, "h": 1.3, "S": 0.00063, "elv": "Storelva", "km": 5.3}}, {"type": "Feature", "geometry": {"type": "LineString", "coordinates": [[8.8824, 58.63204], [8.88287, 58.63287]]}, "properties": {"P": 25.62, "tau": 3.66, "tau_c": 11.65, "omega": 1.65, "M": 0.31, "D": 0.55, "R": 0.03, "sving": 0.1, "os": 0.33, "foss": 0.0, "juv": 0.0, "B": 0.72, "Q": 40.23, "w": 50.27, "h": 1.77, "S": 0.00021, "elv": "Storelva", "km": 5.4}}, {"type": "Feature", "geometry": {"type": "LineString", "coordinates": [[8.88287, 58.63287], [8.88244, 58.63369]]}, "properties": {"P": 33.8, "tau": 3.67, "tau_c": 11.65, "omega": 1.66, "M": 0.31, "D": 0.39, "R": 0.03, "sving": 0.51, "os": 0.51, "foss": 0.0, "juv": 0.0, "B": 0.72, "Q": 40.4, "w": 50.27, "h": 1.78, "S": 0.00021, "elv": "Storelva", "km": 5.5}}, {"type": "Feature", "geometry": {"type": "LineString", "coordinates": [[8.88244, 58.63369], [8.88377, 58.63395]]}, "properties": {"P": 23.19, "tau": 3.74, "tau_c": 11.65, "omega": 1.71, "M": 0.32, "D": 0.14, "R": 0.04, "sving": 0.31, "os": 0.55, "foss": 0.0, "juv": 0.0, "B": 0.72, "Q": 40.4, "w": 48.86, "h": 1.81, "S": 0.00021, "elv": "Storelva", "km": 5.6}}, {"type": "Feature", "geometry": {"type": "LineString", "coordinates": [[8.88377, 58.63395], [8.88528, 58.63358]]}, "properties": {"P": 28.93, "tau": 3.92, "tau_c": 11.65, "omega": 1.84, "M": 0.34, "D": 0.04, "R": 0.04, "sving": 0.47, "os": 0.77, "foss": 0.0, "juv": 0.0, "B": 0.72, "Q": 40.41, "w": 45.44, "h": 1.9, "S": 0.00021, "elv": "Storelva", "km": 5.7}}, {"type": "Feature", "geometry": {"type": "LineString", "coordinates": [[8.88528, 58.63358], [8.8868, 58.63398]]}, "properties": {"P": 26.42, "tau": 4.13, "tau_c": 11.65, "omega": 1.99, "M": 0.35, "D": 0.1, "R": 0.06, "sving": 0.23, "os": 0.8, "foss": 0.0, "juv": 0.0, "B": 0.72, "Q": 40.42, "w": 42.0, "h": 2.0, "S": 0.00021, "elv": "Storelva", "km": 5.8}}, {"type": "Feature", "geometry": {"type": "LineString", "coordinates": [[8.89326, 58.63775], [8.89452, 58.63836]]}, "properties": {"P": 14.76, "tau": 27.63, "tau_c": 44.6, "omega": 30.44, "M": 0.62, "D": 0.0, "R": 0.34, "sving": 0.14, "os": 0.0, "foss": 0.0, "juv": 0.0, "B": 0.72, "Q": 40.48, "w": 48.9, "h": 0.75, "S": 0.00375, "elv": "Storelva", "km": 6.5}}, {"type": "Feature", "geometry": {"type": "LineString", "coordinates": [[8.89452, 58.63836], [8.89573, 58.63898]]}, "properties": {"P": 16.87, "tau": 36.73, "tau_c": 51.91, "omega": 46.43, "M": 0.71, "D": 0.0, "R": 0.46, "sving": 0.04, "os": 0.0, "foss": 0.0, "juv": 0.0, "B": 0.72, "Q": 40.49, "w": 43.45, "h": 0.74, "S": 0.00508, "elv": "Storelva", "km": 6.6}}, {"type": "Feature", "geometry": {"type": "LineString", "coordinates": [[8.89573, 58.63898], [8.89725, 58.63941]]}, "properties": {"P": 18.9, "tau": 39.01, "tau_c": 51.91, "omega": 51.14, "M": 0.75, "D": 0.0, "R": 0.52, "sving": 0.04, "os": 0.0, "foss": 0.0, "juv": 0.0, "B": 0.72, "Q": 40.49, "w": 39.45, "h": 0.78, "S": 0.00508, "elv": "Storelva", "km": 6.7}}, {"type": "Feature", "geometry": {"type": "LineString", "coordinates": [[8.89725, 58.63941], [8.89883, 58.63975]]}, "properties": {"P": 22.47, "tau": 41.42, "tau_c": 52.0, "omega": 56.26, "M": 0.8, "D": 0.0, "R": 0.57, "sving": 0.12, "os": 0.0, "foss": 0.0, "juv": 0.0, "B": 0.72, "Q": 40.5, "w": 36.0, "h": 0.83, "S": 0.0051, "elv": "Storelva", "km": 6.8}}, {"type": "Feature", "geometry": {"type": "LineString", "coordinates": [[8.89883, 58.63975], [8.9002, 58.64029]]}, "properties": {"P": 23.24, "tau": 64.02, "tau_c": 74.09, "omega": 104.21, "M": 0.86, "D": 0.0, "R": 0.66, "sving": 0.02, "os": 0.0, "foss": 0.0, "juv": 0.0, "B": 0.71, "Q": 40.51, "w": 39.46, "h": 0.63, "S": 0.01035, "elv": "Storelva", "km": 6.9}}, {"type": "Feature", "geometry": {"type": "LineString", "coordinates": [[8.9002, 58.64029], [8.90171, 58.64068]]}, "properties": {"P": 32.63, "tau": 83.27, "tau_c": 89.48, "omega": 152.02, "M": 0.93, "D": 0.0, "R": 0.73, "sving": 0.34, "os": 0.0, "foss": 0.0, "juv": 0.0, "B": 0.71, "Q": 40.52, "w": 39.46, "h": 0.56, "S": 0.01509, "elv": "Storelva", "km": 7.0}}, {"type": "Feature", "geometry": {"type": "LineString", "coordinates": [[8.90171, 58.64068], [8.90316, 58.64113]]}, "properties": {"P": 55.97, "tau": 113.23, "tau_c": 116.4, "omega": 233.6, "M": 0.97, "D": 0.0, "R": 0.77, "sving": 0.39, "os": 0.0, "foss": 1.0, "juv": 0.0, "B": 0.71, "Q": 40.53, "w": 43.46, "h": 0.45, "S": 0.02554, "elv": "Storelva", "km": 7.1}}, {"type": "Feature", "geometry": {"type": "LineString", "coordinates": [[8.90316, 58.64113], [8.90358, 58.64196]]}, "properties": {"P": 41.55, "tau": 101.46, "tau_c": 113.32, "omega": 196.71, "M": 0.9, "D": 0.02, "R": 0.69, "sving": 0.09, "os": 0.0, "foss": 0.72, "juv": 0.0, "B": 0.71, "Q": 40.53, "w": 48.92, "h": 0.43, "S": 0.02421, "elv": "Storelva", "km": 7.2}}, {"type": "Feature", "geometry": {"type": "LineString", "coordinates": [[8.90358, 58.64196], [8.90463, 58.64173]]}, "properties": {"P": 49.58, "tau": 100.83, "tau_c": 116.22, "omega": 193.3, "M": 0.87, "D": 0.05, "R": 0.66, "sving": 0.21, "os": 0.0, "foss": 1.0, "juv": 0.0, "B": 0.71, "Q": 40.54, "w": 52.38, "h": 0.4, "S": 0.02546, "elv": "Storelva", "km": 7.3}}, {"type": "Feature", "geometry": {"type": "LineString", "coordinates": [[8.90463, 58.64173], [8.90621, 58.64191]]}, "properties": {"P": 52.14, "tau": 102.28, "tau_c": 117.42, "omega": 197.3, "M": 0.87, "D": 0.09, "R": 0.66, "sving": 0.55, "os": 0.0, "foss": 0.72, "juv": 0.0, "B": 0.71, "Q": 40.55, "w": 52.39, "h": 0.4, "S": 0.02599, "elv": "Storelva", "km": 7.4}}, {"type": "Feature", "geometry": {"type": "LineString", "coordinates": [[8.90621, 58.64191], [8.90791, 58.64189]]}, "properties": {"P": 40.07, "tau": 84.66, "tau_c": 105.47, "omega": 149.28, "M": 0.8, "D": 0.2, "R": 0.58, "sving": 0.17, "os": 0.0, "foss": 0.51, "juv": 0.0, "B": 0.71, "Q": 40.55, "w": 55.87, "h": 0.41, "S": 0.02097, "elv": "Storelva", "km": 7.5}}, {"type": "Feature", "geometry": {"type": "LineString", "coordinates": [[8.90791, 58.64189], [8.9096, 58.64175]]}, "properties": {"P": 36.7, "tau": 72.38, "tau_c": 92.77, "omega": 119.82, "M": 0.78, "D": 0.33, "R": 0.55, "sving": 0.03, "os": 0.0, "foss": 0.37, "juv": 0.0, "B": 0.71, "Q": 40.56, "w": 53.87, "h": 0.45, "S": 0.01622, "elv": "Storelva", "km": 7.6}}, {"type": "Feature", "geometry": {"type": "LineString", "coordinates": [[8.9096, 58.64175], [8.91073, 58.64109]]}, "properties": {"P": 33.05, "tau": 17.73, "tau_c": 32.8, "omega": 16.06, "M": 0.54, "D": 0.53, "R": 0.24, "sving": 0.48, "os": 0.0, "foss": 0.0, "juv": 0.0, "B": 0.71, "Q": 40.7, "w": 50.41, "h": 0.89, "S": 0.00203, "elv": "Storelva", "km": 7.7}}, {"type": "Feature", "geometry": {"type": "LineString", "coordinates": [[8.91073, 58.64109], [8.91234, 58.64121]]}, "properties": {"P": 31.22, "tau": 18.27, "tau_c": 33.51, "omega": 16.76, "M": 0.55, "D": 0.48, "R": 0.24, "sving": 0.46, "os": 0.0, "foss": 0.0, "juv": 0.0, "B": 0.71, "Q": 40.7, "w": 50.43, "h": 0.88, "S": 0.00212, "elv": "Storelva", "km": 7.8}}, {"type": "Feature", "geometry": {"type": "LineString", "coordinates": [[8.91234, 58.64121], [8.91285, 58.64205]]}, "properties": {"P": 24.38, "tau": 9.78, "tau_c": 21.39, "omega": 6.82, "M": 0.46, "D": 0.46, "R": 0.14, "sving": 0.33, "os": 0.0, "foss": 0.0, "juv": 0.0, "B": 0.71, "Q": 40.7, "w": 50.45, "h": 1.16, "S": 0.00086, "elv": "Storelva", "km": 7.9}}, {"type": "Feature", "geometry": {"type": "LineString", "coordinates": [[8.91285, 58.64205], [8.91363, 58.64277]]}, "properties": {"P": 12.75, "tau": 9.75, "tau_c": 21.35, "omega": 6.79, "M": 0.46, "D": 0.25, "R": 0.14, "sving": 0.05, "os": 0.0, "foss": 0.0, "juv": 0.0, "B": 0.71, "Q": 40.71, "w": 50.49, "h": 1.16, "S": 0.00086, "elv": "Storelva", "km": 8.0}}, {"type": "Feature", "geometry": {"type": "LineString", "coordinates": [[8.91363, 58.64277], [8.91534, 58.64279]]}, "properties": {"P": 17.16, "tau": 7.67, "tau_c": 18.29, "omega": 4.8, "M": 0.42, "D": 0.2, "R": 0.11, "sving": 0.38, "os": 0.0, "foss": 0.0, "juv": 0.0, "B": 0.71, "Q": 40.72, "w": 52.49, "h": 1.24, "S": 0.00063, "elv": "Storelva", "km": 8.1}}, {"type": "Feature", "geometry": {"type": "LineString", "coordinates": [[8.91534, 58.64279], [8.91705, 58.64279]]}, "properties": {"P": 7.5, "tau": 7.71, "tau_c": 18.29, "omega": 4.83, "M": 0.42, "D": 0.07, "R": 0.11, "sving": 0.09, "os": 0.0, "foss": 0.0, "juv": 0.0, "B": 0.71, "Q": 40.98, "w": 52.49, "h": 1.25, "S": 0.00063, "elv": "Storelva", "km": 8.2}}, {"type": "Feature", "geometry": {"type": "LineString", "coordinates": [[8.91705, 58.64279], [8.91864, 58.643]]}, "properties": {"P": 11.29, "tau": 8.06, "tau_c": 18.29, "omega": 5.19, "M": 0.44, "D": 0.03, "R": 0.12, "sving": 0.29, "os": 0.0, "foss": 0.0, "juv": 0.0, "B": 0.71, "Q": 41.12, "w": 49.01, "h": 1.3, "S": 0.00063, "elv": "Storelva", "km": 8.3}}, {"type": "Feature", "geometry": {"type": "LineString", "coordinates": [[8.91864, 58.643], [8.91982, 58.64365]]}, "properties": {"P": 17.49, "tau": 7.83, "tau_c": 16.95, "omega": 5.02, "M": 0.46, "D": 0.09, "R": 0.15, "sving": 0.48, "os": 0.0, "foss": 0.0, "juv": 0.0, "B": 0.71, "Q": 41.12, "w": 43.52, "h": 1.47, "S": 0.00054, "elv": "Storelva", "km": 8.4}}, {"type": "Feature", "geometry": {"type": "LineString", "coordinates": [[8.91982, 58.64365], [8.92101, 58.6443]]}, "properties": {"P": 15.77, "tau": 8.01, "tau_c": 16.95, "omega": 5.2, "M": 0.47, "D": 0.21, "R": 0.16, "sving": 0.22, "os": 0.0, "foss": 0.0, "juv": 0.0, "B": 0.71, "Q": 41.14, "w": 42.0, "h": 1.51, "S": 0.00054, "elv": "Storelva", "km": 8.5}}, {"type": "Feature", "geometry": {"type": "LineString", "coordinates": [[8.9256, 58.6467], [8.92627, 58.64751]]}, "properties": {"P": 8.22, "tau": 8.08, "tau_c": 15.84, "omega": 5.31, "M": 0.51, "D": -0.0, "R": 0.2, "sving": 0.07, "os": 0.0, "foss": 0.0, "juv": 0.0, "B": 0.71, "Q": 41.22, "w": 36.0, "h": 1.74, "S": 0.00047, "elv": "Storelva", "km": 9.0}}, {"type": "Feature", "geometry": {"type": "LineString", "coordinates": [[8.92627, 58.64751], [8.92724, 58.64822]]}, "properties": {"P": 12.74, "tau": 12.17, "tau_c": 20.75, "omega": 9.65, "M": 0.59, "D": -0.0, "R": 0.29, "sving": 0.12, "os": 0.0, "foss": 0.0, "juv": 0.0, "B": 0.71, "Q": 41.23, "w": 34.0, "h": 1.53, "S": 0.00081, "elv": "Storelva", "km": 9.1}}, {"type": "Feature", "geometry": {"type": "LineString", "coordinates": [[8.92724, 58.64822], [8.92887, 58.64845]]}, "properties": {"P": 23.81, "tau": 30.11, "tau_c": 39.94, "omega": 35.78, "M": 0.75, "D": -0.0, "R": 0.52, "sving": 0.28, "os": 0.0, "foss": 0.0, "juv": 0.0, "B": 0.71, "Q": 41.23, "w": 34.0, "h": 1.02, "S": 0.00301, "elv": "Storelva", "km": 9.2}}, {"type": "Feature", "geometry": {"type": "LineString", "coordinates": [[8.92887, 58.64845], [8.92986, 58.64917]]}, "properties": {"P": 20.64, "tau": 29.04, "tau_c": 39.94, "omega": 33.79, "M": 0.73, "D": 0.01, "R": 0.48, "sving": 0.17, "os": 0.0, "foss": 0.0, "juv": 0.0, "B": 0.71, "Q": 41.24, "w": 36.0, "h": 0.98, "S": 0.00301, "elv": "Storelva", "km": 9.3}}, {"type": "Feature", "geometry": {"type": "LineString", "coordinates": [[8.92986, 58.64917], [8.93144, 58.64952]]}, "properties": {"P": 18.1, "tau": 29.04, "tau_c": 39.94, "omega": 33.8, "M": 0.73, "D": 0.03, "R": 0.48, "sving": 0.03, "os": 0.0, "foss": 0.0, "juv": 0.0, "B": 0.71, "Q": 41.24, "w": 36.0, "h": 0.98, "S": 0.00301, "elv": "Storelva", "km": 9.4}}, {"type": "Feature", "geometry": {"type": "LineString", "coordinates": [[8.93144, 58.64952], [8.93296, 58.64994]]}, "properties": {"P": 21.54, "tau": 27.86, "tau_c": 40.46, "omega": 31.57, "M": 0.69, "D": 0.06, "R": 0.43, "sving": 0.24, "os": 0.0, "foss": 0.0, "juv": 0.0, "B": 0.71, "Q": 41.25, "w": 39.56, "h": 0.92, "S": 0.00309, "elv": "Storelva", "km": 9.5}}, {"type": "Feature", "geometry": {"type": "LineString", "coordinates": [[8.93296, 58.64994], [8.93456, 58.65024]]}, "properties": {"P": 17.87, "tau": 25.93, "tau_c": 39.29, "omega": 28.33, "M": 0.66, "D": 0.16, "R": 0.39, "sving": 0.0, "os": 0.0, "foss": 0.0, "juv": 0.0, "B": 0.71, "Q": 41.26, "w": 41.56, "h": 0.91, "S": 0.00291, "elv": "Storelva", "km": 9.6}}, {"type": "Feature", "geometry": {"type": "LineString", "coordinates": [[8.93456, 58.65024], [8.93613, 58.6505]]}, "properties": {"P": 21.32, "tau": 23.79, "tau_c": 36.93, "omega": 25.03, "M": 0.64, "D": 0.27, "R": 0.37, "sving": 0.05, "os": 0.0, "foss": 0.0, "juv": 0.0, "B": 0.71, "Q": 41.26, "w": 41.56, "h": 0.94, "S": 0.00257, "elv": "Storelva", "km": 9.7}}, {"type": "Feature", "geometry": {"type": "LineString", "coordinates": [[8.93613, 58.6505], [8.93771, 58.65086]]}, "properties": {"P": 18.16, "tau": 6.78, "tau_c": 14.1, "omega": 4.14, "M": 0.48, "D": 0.41, "R": 0.17, "sving": 0.04, "os": 0.0, "foss": 0.0, "juv": 0.0, "B": 0.71, "Q": 46.86, "w": 41.56, "h": 1.84, "S": 0.00037, "elv": "Storelva", "km": 9.8}}, {"type": "Feature", "geometry": {"type": "LineString", "coordinates": [[8.93771, 58.65086], [8.93932, 58.65116]]}, "properties": {"P": 19.72, "tau": 8.38, "tau_c": 15.67, "omega": 5.67, "M": 0.53, "D": 0.31, "R": 0.23, "sving": 0.15, "os": 0.0, "foss": 0.0, "juv": 0.01, "B": 0.71, "Q": 46.86, "w": 37.56, "h": 1.85, "S": 0.00046, "elv": "Storelva", "km": 9.9}}, {"type": "Feature", "geometry": {"type": "LineString", "coordinates": [[8.93932, 58.65116], [8.94099, 58.65138]]}, "properties": {"P": 18.43, "tau": 9.33, "tau_c": 15.67, "omega": 6.66, "M": 0.6, "D": 0.25, "R": 0.31, "sving": 0.04, "os": 0.0, "foss": 0.0, "juv": 0.01, "B": 0.71, "Q": 46.89, "w": 32.0, "h": 2.06, "S": 0.00046, "elv": "Storelva", "km": 10.0}}, {"type": "Feature", "geometry": {"type": "LineString", "coordinates": [[8.94099, 58.65138], [8.9427, 58.6513]]}, "properties": {"P": 18.11, "tau": 8.59, "tau_c": 14.28, "omega": 5.9, "M": 0.6, "D": 0.19, "R": 0.31, "sving": 0.08, "os": 0.0, "foss": 0.0, "juv": 0.01, "B": 0.71, "Q": 46.9, "w": 30.0, "h": 2.28, "S": 0.00038, "elv": "Storelva", "km": 10.1}}, {"type": "Feature", "geometry": {"type": "LineString", "coordinates": [[8.9427, 58.6513], [8.94432, 58.65157]]}, "properties": {"P": 14.13, "tau": 3.62, "tau_c": 11.65, "omega": 1.64, "M": 0.31, "D": 0.36, "R": 0.03, "sving": 0.14, "os": 0.0, "foss": 0.0, "juv": 0.01, "B": 0.71, "Q": 46.9, "w": 28.0, "h": 3.69, "S": 0.0001, "elv": "Storelva", "km": 10.2}}, {"type": "Feature", "geometry": {"type": "LineString", "coordinates": [[8.95123, 58.65546], [8.95256, 58.65599]]}, "properties": {"P": 7.19, "tau": 3.64, "tau_c": 11.65, "omega": 1.68, "M": 0.31, "D": 0.01, "R": 0.03, "sving": 0.28, "os": 0.0, "foss": 0.0, "juv": 0.0, "B": 0.71, "Q": 47.12, "w": 34.0, "h": 3.01, "S": 0.00012, "elv": "Storelva", "km": 11.1}}, {"type": "Feature", "geometry": {"type": "LineString", "coordinates": [[8.71289, 58.50307], [8.71166, 58.50246]]}, "properties": {"P": 10.23, "tau": 37.56, "tau_c": 123.55, "omega": 36.29, "M": 0.3, "D": 0.03, "R": 0.03, "sving": 0.11, "os": 0.0, "foss": 0.51, "juv": 0.0, "B": 0.49, "Q": 1.34, "w": 10.39, "h": 0.13, "S": 0.02877, "elv": "Lilleelv", "km": 0.6}}, {"type": "Feature", "geometry": {"type": "LineString", "coordinates": [[8.80407, 58.55151], [8.80463, 58.55071]]}, "properties": {"P": 27.74, "tau": 53.01, "tau_c": 121.32, "omega": 64.66, "M": 0.44, "D": 0.0, "R": 0.12, "sving": 0.11, "os": 0.37, "foss": 1.0, "juv": 0.0, "B": 0.56, "Q": 3.12, "w": 13.14, "h": 0.19, "S": 0.02774, "elv": "Brekkeelva", "km": 1.4}}, {"type": "Feature", "geometry": {"type": "LineString", "coordinates": [[8.80463, 58.55071], [8.80592, 58.55114]]}, "properties": {"P": 34.25, "tau": 55.3, "tau_c": 132.9, "omega": 67.61, "M": 0.42, "D": 0.0, "R": 0.1, "sving": 0.8, "os": 0.38, "foss": 0.72, "juv": 0.0, "B": 0.56, "Q": 3.12, "w": 15.08, "h": 0.17, "S": 0.03329, "elv": "Brekkeelva", "km": 1.5}}, {"type": "Feature", "geometry": {"type": "LineString", "coordinates": [[8.80592, 58.55114], [8.80652, 58.55168]]}, "properties": {"P": 39.18, "tau": 54.88, "tau_c": 126.66, "omega": 67.87, "M": 0.43, "D": 0.0, "R": 0.12, "sving": 1.0, "os": 0.6, "foss": 0.51, "juv": 0.0, "B": 0.58, "Q": 3.89, "w": 17.02, "h": 0.18, "S": 0.03024, "elv": "Brekkeelva", "km": 1.6}}, {"type": "Feature", "geometry": {"type": "LineString", "coordinates": [[8.55734, 58.50845], [8.55868, 58.5079]]}, "properties": {"P": 8.51, "tau": 34.88, "tau_c": 65.58, "omega": 38.89, "M": 0.53, "D": 0.06, "R": 0.22, "sving": 0.15, "os": 0.13, "foss": 0.0, "juv": 0.0, "B": 0.39, "Q": 7.89, "w": 16.12, "h": 0.44, "S": 0.00811, "elv": "Hisåa", "km": 0.0}}, {"type": "Feature", "geometry": {"type": "LineString", "coordinates": [[8.55868, 58.5079], [8.56009, 58.50741]]}, "properties": {"P": 8.7, "tau": 26.73, "tau_c": 58.55, "omega": 26.09, "M": 0.46, "D": 0.06, "R": 0.14, "sving": 0.11, "os": 0.08, "foss": 0.0, "juv": 0.0, "B": 0.58, "Q": 7.9, "w": 19.19, "h": 0.42, "S": 0.00646, "elv": "Hisåa", "km": 0.1}}, {"type": "Feature", "geometry": {"type": "LineString", "coordinates": [[8.56009, 58.50741], [8.5616, 58.50701]]}, "properties": {"P": 5.26, "tau": 21.89, "tau_c": 54.15, "omega": 19.29, "M": 0.4, "D": 0.06, "R": 0.09, "sving": 0.02, "os": 0.05, "foss": 0.0, "juv": 0.0, "B": 0.58, "Q": 7.92, "w": 22.26, "h": 0.4, "S": 0.00553, "elv": "Hisåa", "km": 0.2}}, {"type": "Feature", "geometry": {"type": "LineString", "coordinates": [[8.5616, 58.50701], [8.56313, 58.50663]]}, "properties": {"P": 4.54, "tau": 36.67, "tau_c": 78.41, "omega": 40.48, "M": 0.47, "D": 0.0, "R": 0.15, "sving": 0.01, "os": 0.0, "foss": 0.0, "juv": 0.0, "B": 0.58, "Q": 7.93, "w": 22.26, "h": 0.32, "S": 0.01159, "elv": "Hisåa", "km": 0.3}}, {"type": "Feature", "geometry": {"type": "LineString", "coordinates": [[8.56313, 58.50663], [8.56438, 58.50604]]}, "properties": {"P": 7.48, "tau": 48.89, "tau_c": 90.24, "omega": 62.19, "M": 0.54, "D": 0.0, "R": 0.24, "sving": 0.05, "os": 0.0, "foss": 0.0, "juv": 0.0, "B": 0.58, "Q": 7.93, "w": 19.2, "h": 0.32, "S": 0.01535, "elv": "Hisåa", "km": 0.4}}, {"type": "Feature", "geometry": {"type": "LineString", "coordinates": [[8.56438, 58.50604], [8.56577, 58.50552]]}, "properties": {"P": 24.13, "tau": 51.22, "tau_c": 93.32, "omega": 66.5, "M": 0.55, "D": 0.0, "R": 0.25, "sving": 0.01, "os": 0.0, "foss": 1.0, "juv": 0.0, "B": 0.58, "Q": 7.94, "w": 19.22, "h": 0.32, "S": 0.01642, "elv": "Hisåa", "km": 0.5}}, {"type": "Feature", "geometry": {"type": "LineString", "coordinates": [[8.56577, 58.50552], [8.56718, 58.50502]]}, "properties": {"P": 26.27, "tau": 60.23, "tau_c": 102.01, "omega": 84.49, "M": 0.59, "D": 0.0, "R": 0.3, "sving": 0.04, "os": 0.0, "foss": 1.0, "juv": 0.0, "B": 0.58, "Q": 7.97, "w": 18.16, "h": 0.31, "S": 0.01961, "elv": "Hisåa", "km": 0.6}}, {"type": "Feature", "geometry": {"type": "LineString", "coordinates": [[8.56718, 58.50502], [8.56874, 58.50465]]}, "properties": {"P": 21.98, "tau": 66.31, "tau_c": 106.32, "omega": 97.65, "M": 0.62, "D": 0.0, "R": 0.34, "sving": 0.0, "os": 0.0, "foss": 0.72, "juv": 0.0, "B": 0.58, "Q": 7.98, "w": 17.09, "h": 0.32, "S": 0.02131, "elv": "Hisåa", "km": 0.7}}, {"type": "Feature", "geometry": {"type": "LineString", "coordinates": [[8.56874, 58.50465], [8.57014, 58.50414]]}, "properties": {"P": 18.27, "tau": 65.0, "tau_c": 110.01, "omega": 93.78, "M": 0.59, "D": 0.0, "R": 0.3, "sving": 0.06, "os": 0.0, "foss": 0.51, "juv": 0.0, "B": 0.58, "Q": 8.0, "w": 19.09, "h": 0.29, "S": 0.02281, "elv": "Hisåa", "km": 0.8}}, {"type": "Feature", "geometry": {"type": "LineString", "coordinates": [[8.57014, 58.50414], [8.57153, 58.50361]]}, "properties": {"P": 17.94, "tau": 62.28, "tau_c": 106.59, "omega": 88.22, "M": 0.58, "D": 0.0, "R": 0.29, "sving": 0.2, "os": 0.0, "foss": 0.37, "juv": 0.0, "B": 0.58, "Q": 8.02, "w": 19.09, "h": 0.3, "S": 0.02141, "elv": "Hisåa", "km": 0.9}}, {"type": "Feature", "geometry": {"type": "LineString", "coordinates": [[8.57153, 58.50361], [8.57279, 58.50301]]}, "properties": {"P": 10.84, "tau": 65.14, "tau_c": 101.7, "omega": 95.86, "M": 0.64, "D": 0.0, "R": 0.37, "sving": 0.02, "os": 0.0, "foss": 0.0, "juv": 0.0, "B": 0.58, "Q": 8.02, "w": 16.0, "h": 0.34, "S": 0.01949, "elv": "Hisåa", "km": 1.0}}, {"type": "Feature", "geometry": {"type": "LineString", "coordinates": [[8.57279, 58.50301], [8.57378, 58.50228]]}, "properties": {"P": 28.27, "tau": 67.44, "tau_c": 104.26, "omega": 100.79, "M": 0.65, "D": 0.0, "R": 0.37, "sving": 0.03, "os": 0.0, "foss": 1.0, "juv": 0.0, "B": 0.58, "Q": 8.02, "w": 16.0, "h": 0.34, "S": 0.02049, "elv": "Hisåa", "km": 1.1}}, {"type": "Feature", "geometry": {"type": "LineString", "coordinates": [[8.57378, 58.50228], [8.5751, 58.50174]]}, "properties": {"P": 23.09, "tau": 65.99, "tau_c": 104.53, "omega": 97.36, "M": 0.63, "D": 0.0, "R": 0.35, "sving": 0.04, "os": 0.0, "foss": 0.72, "juv": 0.0, "B": 0.58, "Q": 8.28, "w": 17.18, "h": 0.33, "S": 0.02059, "elv": "Hisåa", "km": 1.2}}, {"type": "Feature", "geometry": {"type": "LineString", "coordinates": [[8.5751, 58.50174], [8.57655, 58.50128]]}, "properties": {"P": 21.73, "tau": 71.08, "tau_c": 104.26, "omega": 109.68, "M": 0.68, "D": 0.03, "R": 0.42, "sving": 0.02, "os": 0.0, "foss": 0.51, "juv": 0.0, "B": 0.58, "Q": 8.29, "w": 15.18, "h": 0.35, "S": 0.02049, "elv": "Hisåa", "km": 1.3}}, {"type": "Feature", "geometry": {"type": "LineString", "coordinates": [[8.57655, 58.50128], [8.57768, 58.50061]]}, "properties": {"P": 19.61, "tau": 67.2, "tau_c": 109.07, "omega": 99.23, "M": 0.62, "D": 0.08, "R": 0.33, "sving": 0.12, "os": 0.0, "foss": 0.37, "juv": 0.0, "B": 0.58, "Q": 8.29, "w": 18.37, "h": 0.31, "S": 0.02242, "elv": "Hisåa", "km": 1.4}}, {"type": "Feature", "geometry": {"type": "LineString", "coordinates": [[8.57768, 58.50061], [8.57862, 58.49986]]}, "properties": {"P": 13.33, "tau": 55.53, "tau_c": 102.1, "omega": 74.13, "M": 0.54, "D": 0.12, "R": 0.24, "sving": 0.22, "os": 0.0, "foss": 0.0, "juv": 0.0, "B": 0.59, "Q": 8.29, "w": 21.56, "h": 0.29, "S": 0.01965, "elv": "Hisåa", "km": 1.5}}, {"type": "Feature", "geometry": {"type": "LineString", "coordinates": [[8.53394, 58.52156], [8.53489, 58.52083]]}, "properties": {"P": 21.22, "tau": 62.72, "tau_c": 129.22, "omega": 84.43, "M": 0.49, "D": 0.0, "R": 0.17, "sving": 0.0, "os": 0.64, "foss": 1.0, "juv": 0.0, "B": 0.38, "Q": 6.07, "w": 22.21, "h": 0.2, "S": 0.03147, "elv": "Mjåvatselva", "km": 0.0}}, {"type": "Feature", "geometry": {"type": "LineString", "coordinates": [[8.58883, 58.5034], [8.59036, 58.5033]]}, "properties": {"P": 16.27, "tau": 45.24, "tau_c": 137.54, "omega": 47.53, "M": 0.33, "D": 0.0, "R": 0.04, "sving": 0.03, "os": 0.42, "foss": 0.72, "juv": 0.0, "B": 0.45, "Q": 1.09, "w": 8.05, "h": 0.13, "S": 0.03566, "elv": "Einerkjerrbekken", "km": 1.8}}, {"type": "Feature", "geometry": {"type": "LineString", "coordinates": [[8.60192, 58.54038], [8.60251, 58.53966]]}, "properties": {"P": 21.36, "tau": 52.95, "tau_c": 174.54, "omega": 57.43, "M": 0.3, "D": -0.0, "R": 0.03, "sving": 0.26, "os": 0.0, "foss": 1.0, "juv": 0.0, "B": 0.56, "Q": 0.84, "w": 8.26, "h": 0.09, "S": 0.05742, "elv": "Orrebekken", "km": 2.5}}, {"type": "Feature", "geometry": {"type": "LineString", "coordinates": [[8.60251, 58.53966], [8.60333, 58.53887]]}, "properties": {"P": 23.81, "tau": 59.56, "tau_c": 189.9, "omega": 67.98, "M": 0.31, "D": -0.0, "R": 0.03, "sving": 0.4, "os": 0.0, "foss": 1.0, "juv": 0.0, "B": 0.56, "Q": 0.84, "w": 8.26, "h": 0.09, "S": 0.06797, "elv": "Orrebekken", "km": 2.6}}, {"type": "Feature", "geometry": {"type": "LineString", "coordinates": [[8.60333, 58.53887], [8.60433, 58.53815]]}, "properties": {"P": 21.21, "tau": 67.94, "tau_c": 208.68, "omega": 82.09, "M": 0.33, "D": -0.0, "R": 0.04, "sving": 0.23, "os": 0.0, "foss": 1.0, "juv": 0.0, "B": 0.56, "Q": 0.84, "w": 8.26, "h": 0.08, "S": 0.08208, "elv": "Orrebekken", "km": 2.7}}, {"type": "Feature", "geometry": {"type": "LineString", "coordinates": [[8.60433, 58.53815], [8.60552, 58.53751]]}, "properties": {"P": 20.85, "tau": 74.72, "tau_c": 223.41, "omega": 94.09, "M": 0.33, "D": 0.02, "R": 0.04, "sving": 0.16, "os": 0.0, "foss": 1.0, "juv": 0.0, "B": 0.56, "Q": 0.84, "w": 8.26, "h": 0.08, "S": 0.09408, "elv": "Orrebekken", "km": 2.8}}, {"type": "Feature", "geometry": {"type": "LineString", "coordinates": [[8.60552, 58.53751], [8.60696, 58.53703]]}, "properties": {"P": 24.15, "tau": 63.42, "tau_c": 198.63, "omega": 74.38, "M": 0.32, "D": 0.08, "R": 0.04, "sving": 0.29, "os": 0.0, "foss": 1.0, "juv": 0.0, "B": 0.56, "Q": 0.84, "w": 8.26, "h": 0.09, "S": 0.07436, "elv": "Orrebekken", "km": 2.9}}, {"type": "Feature", "geometry": {"type": "LineString", "coordinates": [[8.60696, 58.53703], [8.60833, 58.53649]]}, "properties": {"P": 26.4, "tau": 58.03, "tau_c": 186.38, "omega": 65.49, "M": 0.31, "D": 0.14, "R": 0.03, "sving": 0.35, "os": 0.0, "foss": 1.0, "juv": 0.0, "B": 0.57, "Q": 0.84, "w": 8.26, "h": 0.09, "S": 0.06548, "elv": "Orrebekken", "km": 3.0}}, {"type": "Feature", "geometry": {"type": "LineString", "coordinates": [[8.63145, 58.54819], [8.63257, 58.54876]]}, "properties": {"P": 6.78, "tau": 28.45, "tau_c": 62.18, "omega": 28.4, "M": 0.46, "D": -0.0, "R": 0.14, "sving": 0.05, "os": 0.0, "foss": 0.0, "juv": 0.0, "B": 0.81, "Q": 7.44, "w": 18.72, "h": 0.4, "S": 0.00729, "elv": "Orrebekken", "km": 5.2}}, {"type": "Feature", "geometry": {"type": "LineString", "coordinates": [[8.53517, 58.5124], [8.53618, 58.51312]]}, "properties": {"P": 13.85, "tau": 64.32, "tau_c": 208.15, "omega": 74.94, "M": 0.31, "D": 0.0, "R": 0.03, "sving": 0.08, "os": 0.0, "foss": 1.0, "juv": 0.0, "B": 0.42, "Q": 0.69, "w": 7.43, "h": 0.08, "S": 0.08167, "elv": "Bovassbekken", "km": 0.1}}, {"type": "Feature", "geometry": {"type": "LineString", "coordinates": [[8.53618, 58.51312], [8.53715, 58.51386]]}, "properties": {"P": 15.13, "tau": 74.71, "tau_c": 208.15, "omega": 96.08, "M": 0.36, "D": 0.0, "R": 0.06, "sving": 0.08, "os": 0.0, "foss": 1.0, "juv": 0.0, "B": 0.44, "Q": 0.96, "w": 7.99, "h": 0.09, "S": 0.08167, "elv": "Bovassbekken", "km": 0.2}}, {"type": "Feature", "geometry": {"type": "LineString", "coordinates": [[8.54689, 58.64061], [8.54799, 58.64129]]}, "properties": {"P": 6.53, "tau": 28.93, "tau_c": 84.71, "omega": 26.61, "M": 0.34, "D": -0.0, "R": 0.05, "sving": 0.35, "os": 0.0, "foss": 0.0, "juv": 0.0, "B": 0.52, "Q": 3.26, "w": 16.23, "h": 0.22, "S": 0.01352, "elv": "Heldøla", "km": 0.8}}, {"type": "Feature", "geometry": {"type": "LineString", "coordinates": [[8.54799, 58.64129], [8.54891, 58.64201]]}, "properties": {"P": 2.34, "tau": 28.92, "tau_c": 84.71, "omega": 26.59, "M": 0.34, "D": -0.0, "R": 0.05, "sving": 0.07, "os": 0.0, "foss": 0.0, "juv": 0.0, "B": 0.52, "Q": 3.26, "w": 16.25, "h": 0.22, "S": 0.01352, "elv": "Heldøla", "km": 0.9}}, {"type": "Feature", "geometry": {"type": "LineString", "coordinates": [[8.54891, 58.64201], [8.5489, 58.64289]]}, "properties": {"P": 17.95, "tau": 48.82, "tau_c": 123.36, "omega": 56.36, "M": 0.4, "D": -0.0, "R": 0.08, "sving": 0.03, "os": 0.0, "foss": 1.0, "juv": 0.0, "B": 0.52, "Q": 3.26, "w": 16.27, "h": 0.17, "S": 0.02868, "elv": "Heldøla", "km": 1.0}}, {"type": "Feature", "geometry": {"type": "LineString", "coordinates": [[8.5489, 58.64289], [8.55025, 58.64345]]}, "properties": {"P": 15.52, "tau": 71.17, "tau_c": 161.23, "omega": 96.81, "M": 0.44, "D": -0.0, "R": 0.13, "sving": 0.08, "os": 0.0, "foss": 0.72, "juv": 0.0, "B": 0.52, "Q": 3.28, "w": 16.29, "h": 0.15, "S": 0.049, "elv": "Heldøla", "km": 1.1}}, {"type": "Feature", "geometry": {"type": "LineString", "coordinates": [[8.55025, 58.64345], [8.55141, 58.64408]]}, "properties": {"P": 23.72, "tau": 77.14, "tau_c": 170.67, "omega": 108.69, "M": 0.45, "D": -0.0, "R": 0.14, "sving": 0.32, "os": 0.0, "foss": 1.0, "juv": 0.0, "B": 0.52, "Q": 3.29, "w": 16.32, "h": 0.14, "S": 0.0549, "elv": "Heldøla", "km": 1.2}}, {"type": "Feature", "geometry": {"type": "LineString", "coordinates": [[8.55141, 58.64408], [8.55258, 58.64465]]}, "properties": {"P": 19.99, "tau": 82.43, "tau_c": 178.96, "omega": 119.53, "M": 0.46, "D": 0.01, "R": 0.14, "sving": 0.05, "os": 0.0, "foss": 1.0, "juv": 0.0, "B": 0.52, "Q": 3.3, "w": 16.34, "h": 0.14, "S": 0.06037, "elv": "Heldøla", "km": 1.3}}, {"type": "Feature", "geometry": {"type": "LineString", "coordinates": [[8.55258, 58.64465], [8.55383, 58.64524]]}, "properties": {"P": 22.72, "tau": 73.59, "tau_c": 164.92, "omega": 101.6, "M": 0.45, "D": 0.05, "R": 0.13, "sving": 0.19, "os": 0.0, "foss": 1.0, "juv": 0.0, "B": 0.53, "Q": 3.3, "w": 16.35, "h": 0.15, "S": 0.05126, "elv": "Heldøla", "km": 1.4}}, {"type": "Feature", "geometry": {"type": "LineString", "coordinates": [[8.55383, 58.64524], [8.55531, 58.6457]]}, "properties": {"P": 22.63, "tau": 74.42, "tau_c": 166.39, "omega": 103.23, "M": 0.45, "D": 0.14, "R": 0.13, "sving": 0.07, "os": 0.0, "foss": 1.0, "juv": 0.0, "B": 0.53, "Q": 3.31, "w": 16.4, "h": 0.15, "S": 0.05218, "elv": "Heldøla", "km": 1.5}}, {"type": "Feature", "geometry": {"type": "LineString", "coordinates": [[8.55531, 58.6457], [8.55694, 58.64596]]}, "properties": {"P": 23.98, "tau": 58.44, "tau_c": 140.08, "omega": 72.98, "M": 0.42, "D": 0.24, "R": 0.1, "sving": 0.34, "os": 0.0, "foss": 0.72, "juv": 0.0, "B": 0.53, "Q": 3.31, "w": 16.44, "h": 0.16, "S": 0.03698, "elv": "Heldøla", "km": 1.6}}, {"type": "Feature", "geometry": {"type": "LineString", "coordinates": [[8.55694, 58.64596], [8.55832, 58.64642]]}, "properties": {"P": 16.64, "tau": 33.9, "tau_c": 94.04, "omega": 33.5, "M": 0.36, "D": 0.32, "R": 0.06, "sving": 0.03, "os": 0.0, "foss": 0.51, "juv": 0.0, "B": 0.53, "Q": 3.38, "w": 16.5, "h": 0.21, "S": 0.01667, "elv": "Heldøla", "km": 1.7}}, {"type": "Feature", "geometry": {"type": "LineString", "coordinates": [[8.55832, 58.64642], [8.55819, 58.64729]]}, "properties": {"P": 13.64, "tau": 32.4, "tau_c": 91.18, "omega": 31.38, "M": 0.36, "D": 0.24, "R": 0.06, "sving": 0.1, "os": 0.0, "foss": 0.37, "juv": 0.0, "B": 0.53, "Q": 3.38, "w": 16.56, "h": 0.21, "S": 0.01567, "elv": "Heldøla", "km": 1.8}}, {"type": "Feature", "geometry": {"type": "LineString", "coordinates": [[8.55819, 58.64729], [8.55967, 58.64766]]}, "properties": {"P": 4.28, "tau": 24.19, "tau_c": 73.62, "omega": 20.66, "M": 0.33, "D": 0.13, "R": 0.04, "sving": 0.04, "os": 0.0, "foss": 0.0, "juv": 0.0, "B": 0.53, "Q": 3.43, "w": 16.63, "h": 0.24, "S": 0.01022, "elv": "Heldøla", "km": 1.9}}, {"type": "Feature", "geometry": {"type": "LineString", "coordinates": [[8.55967, 58.64766], [8.56109, 58.64813]]}, "properties": {"P": 10.36, "tau": 40.99, "tau_c": 107.56, "omega": 44.04, "M": 0.38, "D": 0.0, "R": 0.07, "sving": 0.55, "os": 0.0, "foss": 0.0, "juv": 0.0, "B": 0.53, "Q": 3.43, "w": 16.66, "h": 0.19, "S": 0.02181, "elv": "Heldøla", "km": 2.0}}, {"type": "Feature", "geometry": {"type": "LineString", "coordinates": [[8.56109, 58.64813], [8.56244, 58.64848]]}, "properties": {"P": 3.54, "tau": 45.26, "tau_c": 115.32, "omega": 50.77, "M": 0.39, "D": 0.0, "R": 0.08, "sving": 0.09, "os": 0.0, "foss": 0.0, "juv": 0.0, "B": 0.53, "Q": 3.45, "w": 16.7, "h": 0.18, "S": 0.02507, "elv": "Heldøla", "km": 2.1}}, {"type": "Feature", "geometry": {"type": "LineString", "coordinates": [[8.56244, 58.64848], [8.56402, 58.64865]]}, "properties": {"P": 20.94, "tau": 52.88, "tau_c": 128.93, "omega": 63.48, "M": 0.41, "D": 0.0, "R": 0.1, "sving": 0.19, "os": 0.0, "foss": 1.0, "juv": 0.0, "B": 0.53, "Q": 3.45, "w": 16.71, "h": 0.17, "S": 0.03133, "elv": "Heldøla", "km": 2.2}}, {"type": "Feature", "geometry": {"type": "LineString", "coordinates": [[8.64705, 58.56963], [8.64771, 58.5688]]}, "properties": {"P": 31.63, "tau": 112.55, "tau_c": 179.88, "omega": 199.4, "M": 0.63, "D": -0.0, "R": 0.35, "sving": 0.31, "os": 0.0, "foss": 1.0, "juv": 0.0, "B": 0.57, "Q": 4.89, "w": 14.69, "h": 0.19, "S": 0.06099, "elv": "Sleikbekken", "km": 3.2}}, {"type": "Feature", "geometry": {"type": "LineString", "coordinates": [[8.71671, 58.59482], [8.71628, 58.59395]]}, "properties": {"P": 39.61, "tau": 7.04, "tau_c": 12.29, "omega": 4.77, "M": 0.57, "D": 0.0, "R": 0.28, "sving": 0.23, "os": 0.0, "foss": 0.38, "juv": 0.0, "B": 1.26, "Q": 219.66, "w": 128.71, "h": 2.52, "S": 0.00028, "elv": "Nidelva", "km": 0.0}}, {"type": "Feature", "geometry": {"type": "LineString", "coordinates": [[8.71628, 58.59395], [8.71597, 58.59308]]}, "properties": {"P": 33.46, "tau": 7.38, "tau_c": 12.41, "omega": 5.13, "M": 0.59, "D": 0.0, "R": 0.3, "sving": 0.09, "os": 0.0, "foss": 0.32, "juv": 0.0, "B": 1.25, "Q": 219.67, "w": 122.03, "h": 2.59, "S": 0.00029, "elv": "Nidelva", "km": 0.1}}, {"type": "Feature", "geometry": {"type": "LineString", "coordinates": [[8.71597, 58.59308], [8.71606, 58.59218]]}, "properties": {"P": 23.21, "tau": 8.31, "tau_c": 13.07, "omega": 6.12, "M": 0.64, "D": 0.0, "R": 0.36, "sving": 0.04, "os": 0.0, "foss": 0.0, "juv": 0.0, "B": 1.24, "Q": 219.68, "w": 113.36, "h": 2.63, "S": 0.00032, "elv": "Nidelva", "km": 0.2}}, {"type": "Feature", "geometry": {"type": "LineString", "coordinates": [[8.71606, 58.59218], [8.71593, 58.59129]]}, "properties": {"P": 24.77, "tau": 8.32, "tau_c": 12.39, "omega": 6.2, "M": 0.67, "D": 0.0, "R": 0.41, "sving": 0.01, "os": 0.0, "foss": 0.0, "juv": 0.0, "B": 1.23, "Q": 219.68, "w": 100.68, "h": 2.93, "S": 0.00029, "elv": "Nidelva", "km": 0.3}}, {"type": "Feature", "geometry": {"type": "LineString", "coordinates": [[8.71593, 58.59129], [8.71567, 58.59041]]}, "properties": {"P": 33.49, "tau": 9.78, "tau_c": 13.09, "omega": 7.91, "M": 0.75, "D": 0.01, "R": 0.51, "sving": 0.07, "os": 0.0, "foss": 0.0, "juv": 0.0, "B": 1.22, "Q": 219.7, "w": 88.0, "h": 3.09, "S": 0.00032, "elv": "Nidelva", "km": 0.4}}, {"type": "Feature", "geometry": {"type": "LineString", "coordinates": [[8.71567, 58.59041], [8.71533, 58.58953]]}, "properties": {"P": 32.78, "tau": 8.56, "tau_c": 11.65, "omega": 6.58, "M": 0.73, "D": 0.07, "R": 0.49, "sving": 0.01, "os": 0.0, "foss": 0.0, "juv": 0.0, "B": 1.22, "Q": 219.7, "w": 76.0, "h": 3.76, "S": 0.00023, "elv": "Nidelva", "km": 0.5}}, {"type": "Feature", "geometry": {"type": "LineString", "coordinates": [[8.71533, 58.58953], [8.71508, 58.58864]]}, "properties": {"P": 30.54, "tau": 7.76, "tau_c": 11.65, "omega": 5.73, "M": 0.67, "D": 0.13, "R": 0.4, "sving": 0.01, "os": 0.0, "foss": 0.0, "juv": 0.0, "B": 1.21, "Q": 219.71, "w": 68.0, "h": 4.38, "S": 0.00018, "elv": "Nidelva", "km": 0.6}}, {"type": "Feature", "geometry": {"type": "LineString", "coordinates": [[8.71508, 58.58864], [8.7149, 58.58775]]}, "properties": {"P": 25.63, "tau": 6.44, "tau_c": 11.65, "omega": 4.36, "M": 0.55, "D": 0.19, "R": 0.25, "sving": 0.06, "os": 0.0, "foss": 0.0, "juv": 0.0, "B": 1.2, "Q": 219.71, "w": 64.0, "h": 5.07, "S": 0.00013, "elv": "Nidelva", "km": 0.7}}, {"type": "Feature", "geometry": {"type": "LineString", "coordinates": [[8.7149, 58.58775], [8.71458, 58.58687]]}, "properties": {"P": 17.12, "tau": 5.18, "tau_c": 11.65, "omega": 3.17, "M": 0.44, "D": 0.16, "R": 0.13, "sving": 0.06, "os": 0.0, "foss": 0.0, "juv": 0.0, "B": 1.2, "Q": 219.71, "w": 68.0, "h": 5.28, "S": 0.0001, "elv": "Nidelva", "km": 0.8}}, {"type": "Feature", "geometry": {"type": "LineString", "coordinates": [[8.71458, 58.58687], [8.71397, 58.58604]]}, "properties": {"P": 15.29, "tau": 5.4, "tau_c": 11.65, "omega": 3.37, "M": 0.46, "D": 0.09, "R": 0.15, "sving": 0.07, "os": 0.0, "foss": 0.0, "juv": 0.0, "B": 1.19, "Q": 219.73, "w": 64.0, "h": 5.51, "S": 0.0001, "elv": "Nidelva", "km": 0.9}}, {"type": "Feature", "geometry": {"type": "LineString", "coordinates": [[8.71397, 58.58604], [8.71345, 58.58518]]}, "properties": {"P": 11.08, "tau": 5.32, "tau_c": 11.65, "omega": 3.3, "M": 0.46, "D": 0.03, "R": 0.14, "sving": 0.04, "os": 0.0, "foss": 0.0, "juv": 0.0, "B": 1.18, "Q": 221.71, "w": 66.0, "h": 5.42, "S": 0.0001, "elv": "Nidelva", "km": 1.0}}, {"type": "Feature", "geometry": {"type": "LineString", "coordinates": [[8.71345, 58.58518], [8.71295, 58.58432]]}, "properties": {"P": 11.37, "tau": 5.64, "tau_c": 11.65, "omega": 3.6, "M": 0.48, "D": 0.0, "R": 0.17, "sving": 0.05, "os": 0.0, "foss": 0.0, "juv": 0.0, "B": 1.18, "Q": 221.71, "w": 68.0, "h": 5.12, "S": 0.00011, "elv": "Nidelva", "km": 1.1}}, {"type": "Feature", "geometry": {"type": "LineString", "coordinates": [[8.71295, 58.58432], [8.71244, 58.58347]]}, "properties": {"P": 14.86, "tau": 6.38, "tau_c": 11.65, "omega": 4.3, "M": 0.55, "D": 0.0, "R": 0.24, "sving": 0.03, "os": 0.0, "foss": 0.0, "juv": 0.0, "B": 1.17, "Q": 221.72, "w": 68.0, "h": 4.84, "S": 0.00013, "elv": "Nidelva", "km": 1.2}}, {"type": "Feature", "geometry": {"type": "LineString", "coordinates": [[8.71244, 58.58347], [8.71204, 58.5826]]}, "properties": {"P": 20.36, "tau": 7.04, "tau_c": 11.65, "omega": 4.97, "M": 0.6, "D": 0.0, "R": 0.32, "sving": 0.06, "os": 0.0, "foss": 0.0, "juv": 0.0, "B": 1.17, "Q": 221.72, "w": 66.0, "h": 4.76, "S": 0.00015, "elv": "Nidelva", "km": 1.3}}, {"type": "Feature", "geometry": {"type": "LineString", "coordinates": [[8.71204, 58.5826], [8.71163, 58.58173]]}, "properties": {"P": 21.68, "tau": 7.01, "tau_c": 11.65, "omega": 4.93, "M": 0.6, "D": 0.04, "R": 0.31, "sving": 0.06, "os": 0.0, "foss": 0.0, "juv": 0.0, "B": 1.16, "Q": 221.73, "w": 76.0, "h": 4.15, "S": 0.00017, "elv": "Nidelva", "km": 1.4}}, {"type": "Feature", "geometry": {"type": "LineString", "coordinates": [[8.71163, 58.58173], [8.71141, 58.58084]]}, "properties": {"P": 19.61, "tau": 6.23, "tau_c": 11.65, "omega": 4.12, "M": 0.53, "D": 0.12, "R": 0.23, "sving": 0.04, "os": 0.0, "foss": 0.0, "juv": 0.0, "B": 1.16, "Q": 221.73, "w": 90.81, "h": 3.69, "S": 0.00017, "elv": "Nidelva", "km": 1.5}}, {"type": "Feature", "geometry": {"type": "LineString", "coordinates": [[8.71141, 58.58084], [8.71118, 58.57995]]}, "properties": {"P": 18.75, "tau": 5.6, "tau_c": 11.65, "omega": 3.5, "M": 0.48, "D": 0.2, "R": 0.17, "sving": 0.02, "os": 0.0, "foss": 0.0, "juv": 0.0, "B": 1.15, "Q": 221.75, "w": 103.61, "h": 3.43, "S": 0.00017, "elv": "Nidelva", "km": 1.6}}, {"type": "Feature", "geometry": {"type": "LineString", "coordinates": [[8.71118, 58.57995], [8.71095, 58.57906]]}, "properties": {"P": 20.57, "tau": 3.65, "tau_c": 11.65, "omega": 1.87, "M": 0.31, "D": 0.24, "R": 0.03, "sving": 0.24, "os": 0.0, "foss": 0.0, "juv": 0.0, "B": 1.15, "Q": 221.77, "w": 116.42, "h": 3.72, "S": 0.0001, "elv": "Nidelva", "km": 1.7}}, {"type": "Feature", "geometry": {"type": "LineString", "coordinates": [[8.71095, 58.57906], [8.71046, 58.5782]]}, "properties": {"P": 17.05, "tau": 3.61, "tau_c": 11.65, "omega": 1.84, "M": 0.31, "D": 0.16, "R": 0.03, "sving": 0.25, "os": 0.0, "foss": 0.0, "juv": 0.0, "B": 1.14, "Q": 221.77, "w": 118.42, "h": 3.68, "S": 0.0001, "elv": "Nidelva", "km": 1.8}}, {"type": "Feature", "geometry": {"type": "LineString", "coordinates": [[8.71046, 58.5782], [8.70928, 58.57756]]}, "properties": {"P": 12.02, "tau": 3.61, "tau_c": 11.65, "omega": 1.84, "M": 0.31, "D": 0.08, "R": 0.03, "sving": 0.21, "os": 0.0, "foss": 0.0, "juv": 0.0, "B": 1.14, "Q": 221.8, "w": 118.42, "h": 3.68, "S": 0.0001, "elv": "Nidelva", "km": 1.9}}, {"type": "Feature", "geometry": {"type": "LineString", "coordinates": [[8.70928, 58.57756], [8.70806, 58.57694]]}, "properties": {"P": 6.78, "tau": 3.79, "tau_c": 11.65, "omega": 1.99, "M": 0.33, "D": 0.0, "R": 0.04, "sving": 0.14, "os": 0.0, "foss": 0.0, "juv": 0.0, "B": 1.13, "Q": 221.81, "w": 109.61, "h": 3.87, "S": 0.0001, "elv": "Nidelva", "km": 2.0}}, {"type": "Feature", "geometry": {"type": "LineString", "coordinates": [[8.70806, 58.57694], [8.70697, 58.57624]]}, "properties": {"P": 4.31, "tau": 4.06, "tau_c": 11.65, "omega": 2.2, "M": 0.35, "D": 0.0, "R": 0.05, "sving": 0.04, "os": 0.0, "foss": 0.0, "juv": 0.0, "B": 1.13, "Q": 221.81, "w": 98.81, "h": 4.14, "S": 0.0001, "elv": "Nidelva", "km": 2.1}}, {"type": "Feature", "geometry": {"type": "LineString", "coordinates": [[8.70697, 58.57624], [8.70592, 58.57553]]}, "properties": {"P": 15.55, "tau": 6.53, "tau_c": 11.65, "omega": 4.41, "M": 0.56, "D": 0.0, "R": 0.26, "sving": 0.04, "os": 0.0, "foss": 0.0, "juv": 0.0, "B": 1.12, "Q": 221.82, "w": 90.0, "h": 3.65, "S": 0.00018, "elv": "Nidelva", "km": 2.2}}, {"type": "Feature", "geometry": {"type": "LineString", "coordinates": [[8.70592, 58.57553], [8.70488, 58.57482]]}, "properties": {"P": 36.73, "tau": 15.99, "tau_c": 18.79, "omega": 16.08, "M": 0.85, "D": 0.0, "R": 0.64, "sving": 0.0, "os": 0.05, "foss": 0.0, "juv": 0.0, "B": 1.12, "Q": 221.82, "w": 90.0, "h": 2.45, "S": 0.00067, "elv": "Nidelva", "km": 2.3}}, {"type": "Feature", "geometry": {"type": "LineString", "coordinates": [[8.70488, 58.57482], [8.70379, 58.57413]]}, "properties": {"P": 38.63, "tau": 15.99, "tau_c": 18.79, "omega": 16.08, "M": 0.85, "D": 0.0, "R": 0.64, "sving": 0.03, "os": 0.08, "foss": 0.0, "juv": 0.0, "B": 1.11, "Q": 221.82, "w": 90.0, "h": 2.45, "S": 0.00067, "elv": "Nidelva", "km": 2.4}}, {"type": "Feature", "geometry": {"type": "LineString", "coordinates": [[8.70379, 58.57413], [8.7027, 58.57344]]}, "properties": {"P": 41.02, "tau": 15.99, "tau_c": 18.79, "omega": 16.09, "M": 0.85, "D": 0.01, "R": 0.64, "sving": 0.04, "os": 0.13, "foss": 0.0, "juv": 0.0, "B": 1.11, "Q": 221.83, "w": 90.0, "h": 2.45, "S": 0.00067, "elv": "Nidelva", "km": 2.5}}, {"type": "Feature", "geometry": {"type": "LineString", "coordinates": [[8.7027, 58.57344], [8.70176, 58.57269]]}, "properties": {"P": 46.43, "tau": 15.77, "tau_c": 18.79, "omega": 15.74, "M": 0.84, "D": 0.06, "R": 0.63, "sving": 0.08, "os": 0.22, "foss": 0.0, "juv": 0.0, "B": 1.11, "Q": 221.84, "w": 92.0, "h": 2.42, "S": 0.00067, "elv": "Nidelva", "km": 2.6}}, {"type": "Feature", "geometry": {"type": "LineString", "coordinates": [[8.70176, 58.57269], [8.70086, 58.57192]]}, "properties": {"P": 52.23, "tau": 14.89, "tau_c": 18.79, "omega": 14.36, "M": 0.79, "D": 0.18, "R": 0.57, "sving": 0.09, "os": 0.35, "foss": 0.0, "juv": 0.0, "B": 1.1, "Q": 221.84, "w": 100.82, "h": 2.28, "S": 0.00067, "elv": "Nidelva", "km": 2.7}}, {"type": "Feature", "geometry": {"type": "LineString", "coordinates": [[8.70086, 58.57192], [8.70009, 58.57112]]}, "properties": {"P": 56.99, "tau": 11.31, "tau_c": 16.01, "omega": 9.59, "M": 0.71, "D": 0.33, "R": 0.45, "sving": 0.07, "os": 0.51, "foss": 0.0, "juv": 0.0, "B": 1.1, "Q": 221.85, "w": 109.64, "h": 2.39, "S": 0.00048, "elv": "Nidelva", "km": 2.8}}, {"type": "Feature", "geometry": {"type": "LineString", "coordinates": [[8.70009, 58.57112], [8.69932, 58.57032]]}, "properties": {"P": 45.51, "tau": 3.65, "tau_c": 11.65, "omega": 1.87, "M": 0.31, "D": 0.47, "R": 0.03, "sving": 0.17, "os": 0.56, "foss": 0.0, "juv": 0.0, "B": 1.1, "Q": 222.03, "w": 116.47, "h": 3.72, "S": 0.0001, "elv": "Nidelva", "km": 2.9}}, {"type": "Feature", "geometry": {"type": "LineString", "coordinates": [[8.69932, 58.57032], [8.69865, 58.5695]]}, "properties": {"P": 31.51, "tau": 3.61, "tau_c": 11.65, "omega": 1.84, "M": 0.31, "D": 0.36, "R": 0.03, "sving": 0.03, "os": 0.43, "foss": 0.0, "juv": 0.0, "B": 1.09, "Q": 222.05, "w": 118.47, "h": 3.68, "S": 0.0001, "elv": "Nidelva", "km": 3.0}}, {"type": "Feature", "geometry": {"type": "LineString", "coordinates": [[8.69865, 58.5695], [8.69849, 58.56861]]}, "properties": {"P": 19.77, "tau": 3.57, "tau_c": 11.65, "omega": 1.81, "M": 0.31, "D": 0.2, "R": 0.03, "sving": 0.03, "os": 0.28, "foss": 0.0, "juv": 0.0, "B": 1.09, "Q": 222.05, "w": 120.47, "h": 3.64, "S": 0.0001, "elv": "Nidelva", "km": 3.1}}, {"type": "Feature", "geometry": {"type": "LineString", "coordinates": [[8.69849, 58.56861], [8.69784, 58.5678]]}, "properties": {"P": 7.93, "tau": 3.67, "tau_c": 11.65, "omega": 1.88, "M": 0.31, "D": -0.0, "R": 0.03, "sving": 0.02, "os": 0.17, "foss": 0.0, "juv": 0.0, "B": 1.09, "Q": 222.07, "w": 115.64, "h": 3.74, "S": 0.0001, "elv": "Nidelva", "km": 3.2}}, {"type": "Feature", "geometry": {"type": "LineString", "coordinates": [[8.69784, 58.5678], [8.69696, 58.56703]]}, "properties": {"P": 9.55, "tau": 3.81, "tau_c": 11.65, "omega": 2.0, "M": 0.33, "D": -0.0, "R": 0.04, "sving": 0.13, "os": 0.11, "foss": 0.0, "juv": 0.0, "B": 1.08, "Q": 222.08, "w": 108.82, "h": 3.89, "S": 0.0001, "elv": "Nidelva", "km": 3.3}}, {"type": "Feature", "geometry": {"type": "LineString", "coordinates": [[8.69696, 58.56703], [8.69619, 58.56623]]}, "properties": {"P": 5.1, "tau": 4.03, "tau_c": 11.65, "omega": 2.18, "M": 0.35, "D": -0.0, "R": 0.05, "sving": 0.01, "os": 0.07, "foss": 0.0, "juv": 0.0, "B": 1.08, "Q": 222.08, "w": 100.0, "h": 4.11, "S": 0.0001, "elv": "Nidelva", "km": 3.4}}, {"type": "Feature", "geometry": {"type": "LineString", "coordinates": [[8.69619, 58.56623], [8.69546, 58.56542]]}, "properties": {"P": 26.14, "tau": 9.84, "tau_c": 13.5, "omega": 7.96, "M": 0.73, "D": -0.0, "R": 0.49, "sving": 0.02, "os": 0.0, "foss": 0.0, "juv": 0.0, "B": 1.08, "Q": 222.08, "w": 94.0, "h": 2.92, "S": 0.00034, "elv": "Nidelva", "km": 3.5}}, {"type": "Feature", "geometry": {"type": "LineString", "coordinates": [[8.69546, 58.56542], [8.69477, 58.5646]]}, "properties": {"P": 32.07, "tau": 14.37, "tau_c": 17.55, "omega": 13.76, "M": 0.82, "D": -0.0, "R": 0.6, "sving": 0.02, "os": 0.0, "foss": 0.0, "juv": 0.0, "B": 1.07, "Q": 222.28, "w": 92.0, "h": 2.52, "S": 0.00058, "elv": "Nidelva", "km": 3.6}}, {"type": "Feature", "geometry": {"type": "LineString", "coordinates": [[8.69477, 58.5646], [8.69396, 58.56381]]}, "properties": {"P": 37.44, "tau": 15.22, "tau_c": 17.55, "omega": 15.07, "M": 0.87, "D": -0.0, "R": 0.66, "sving": 0.09, "os": 0.0, "foss": 0.0, "juv": 0.0, "B": 1.07, "Q": 222.29, "w": 84.0, "h": 2.67, "S": 0.00058, "elv": "Nidelva", "km": 3.7}}, {"type": "Feature", "geometry": {"type": "LineString", "coordinates": [[8.69396, 58.56381], [8.69312, 58.56303]]}, "properties": {"P": 39.89, "tau": 16.43, "tau_c": 18.13, "omega": 16.89, "M": 0.91, "D": -0.0, "R": 0.7, "sving": 0.1, "os": 0.0, "foss": 0.0, "juv": 0.0, "B": 1.07, "Q": 222.3, "w": 80.0, "h": 2.7, "S": 0.00062, "elv": "Nidelva", "km": 3.8}}, {"type": "Feature", "geometry": {"type": "LineString", "coordinates": [[8.69312, 58.56303], [8.69204, 58.56233]]}, "properties": {"P": 40.84, "tau": 16.93, "tau_c": 18.31, "omega": 17.67, "M": 0.92, "D": 0.03, "R": 0.72, "sving": 0.06, "os": 0.0, "foss": 0.0, "juv": 0.0, "B": 1.07, "Q": 222.3, "w": 78.0, "h": 2.73, "S": 0.00063, "elv": "Nidelva", "km": 3.9}}, {"type": "Feature", "geometry": {"type": "LineString", "coordinates": [[8.69204, 58.56233], [8.69095, 58.56164]]}, "properties": {"P": 43.52, "tau": 17.77, "tau_c": 18.96, "omega": 18.95, "M": 0.94, "D": 0.13, "R": 0.74, "sving": 0.0, "os": 0.0, "foss": 0.0, "juv": 0.0, "B": 1.06, "Q": 222.31, "w": 78.0, "h": 2.67, "S": 0.00068, "elv": "Nidelva", "km": 4.0}}, {"type": "Feature", "geometry": {"type": "LineString", "coordinates": [[8.69095, 58.56164], [8.68993, 58.56092]]}, "properties": {"P": 50.06, "tau": 12.46, "tau_c": 14.49, "omega": 11.35, "M": 0.86, "D": 0.26, "R": 0.65, "sving": 0.17, "os": 0.0, "foss": 0.0, "juv": 0.0, "B": 1.06, "Q": 222.31, "w": 76.0, "h": 3.21, "S": 0.0004, "elv": "Nidelva", "km": 4.1}}, {"type": "Feature", "geometry": {"type": "LineString", "coordinates": [[8.68993, 58.56092], [8.68911, 58.56015]]}, "properties": {"P": 34.58, "tau": 6.64, "tau_c": 11.65, "omega": 4.55, "M": 0.57, "D": 0.35, "R": 0.27, "sving": 0.13, "os": 0.06, "foss": 0.0, "juv": 0.0, "B": 1.06, "Q": 222.32, "w": 76.0, "h": 4.27, "S": 0.00016, "elv": "Nidelva", "km": 4.2}}, {"type": "Feature", "geometry": {"type": "LineString", "coordinates": [[8.68911, 58.56015], [8.68874, 58.55927]]}, "properties": {"P": 31.39, "tau": 6.76, "tau_c": 11.65, "omega": 4.68, "M": 0.58, "D": 0.3, "R": 0.29, "sving": 0.04, "os": 0.1, "foss": 0.0, "juv": 0.0, "B": 1.06, "Q": 222.35, "w": 74.0, "h": 4.34, "S": 0.00016, "elv": "Nidelva", "km": 4.3}}, {"type": "Feature", "geometry": {"type": "LineString", "coordinates": [[8.68874, 58.55927], [8.68816, 58.55844]]}, "properties": {"P": 23.22, "tau": 5.67, "tau_c": 11.65, "omega": 3.62, "M": 0.49, "D": 0.22, "R": 0.17, "sving": 0.01, "os": 0.16, "foss": 0.0, "juv": 0.0, "B": 1.05, "Q": 222.36, "w": 72.0, "h": 4.83, "S": 0.00012, "elv": "Nidelva", "km": 4.4}}, {"type": "Feature", "geometry": {"type": "LineString", "coordinates": [[8.68816, 58.55844], [8.68728, 58.55767]]}, "properties": {"P": 24.1, "tau": 5.26, "tau_c": 11.65, "omega": 3.25, "M": 0.45, "D": 0.14, "R": 0.13, "sving": 0.12, "os": 0.25, "foss": 0.0, "juv": 0.0, "B": 1.05, "Q": 222.36, "w": 72.0, "h": 5.0, "S": 0.00011, "elv": "Nidelva", "km": 4.5}}, {"type": "Feature", "geometry": {"type": "LineString", "coordinates": [[8.68728, 58.55767], [8.6864, 58.5569]]}, "properties": {"P": 24.01, "tau": 4.56, "tau_c": 11.65, "omega": 2.63, "M": 0.39, "D": 0.15, "R": 0.08, "sving": 0.05, "os": 0.39, "foss": 0.0, "juv": 0.0, "B": 1.05, "Q": 222.36, "w": 82.84, "h": 4.65, "S": 0.0001, "elv": "Nidelva", "km": 4.6}}, {"type": "Feature", "geometry": {"type": "LineString", "coordinates": [[8.6864, 58.5569], [8.68552, 58.55613]]}, "properties": {"P": 25.7, "tau": 4.17, "tau_c": 11.65, "omega": 2.3, "M": 0.36, "D": 0.12, "R": 0.06, "sving": 0.03, "os": 0.54, "foss": 0.0, "juv": 0.0, "B": 1.05, "Q": 222.37, "w": 94.84, "h": 4.25, "S": 0.0001, "elv": "Nidelva", "km": 4.7}}, {"type": "Feature", "geometry": {"type": "LineString", "coordinates": [[8.68552, 58.55613], [8.68472, 58.55534]]}, "properties": {"P": 28.9, "tau": 3.86, "tau_c": 11.65, "omega": 2.04, "M": 0.33, "D": 0.09, "R": 0.04, "sving": 0.2, "os": 0.56, "foss": 0.0, "juv": 0.0, "B": 1.05, "Q": 222.37, "w": 106.84, "h": 3.94, "S": 0.0001, "elv": "Nidelva", "km": 4.8}}, {"type": "Feature", "geometry": {"type": "LineString", "coordinates": [[8.68472, 58.55534], [8.68398, 58.55454]]}, "properties": {"P": 21.26, "tau": 3.91, "tau_c": 11.65, "omega": 2.08, "M": 0.34, "D": 0.04, "R": 0.04, "sving": 0.17, "os": 0.4, "foss": 0.0, "juv": 0.0, "B": 1.04, "Q": 222.43, "w": 104.84, "h": 3.99, "S": 0.0001, "elv": "Nidelva", "km": 4.9}}, {"type": "Feature", "geometry": {"type": "LineString", "coordinates": [[8.68398, 58.55454], [8.68395, 58.55364]]}, "properties": {"P": 10.58, "tau": 3.86, "tau_c": 11.65, "omega": 2.04, "M": 0.33, "D": 0.01, "R": 0.04, "sving": 0.0, "os": 0.26, "foss": 0.0, "juv": 0.0, "B": 1.04, "Q": 222.44, "w": 106.84, "h": 3.94, "S": 0.0001, "elv": "Nidelva", "km": 5.0}}, {"type": "Feature", "geometry": {"type": "LineString", "coordinates": [[8.68395, 58.55364], [8.68379, 58.55276]]}, "properties": {"P": 8.13, "tau": 4.2, "tau_c": 11.65, "omega": 2.32, "M": 0.36, "D": -0.0, "R": 0.06, "sving": 0.01, "os": 0.16, "foss": 0.0, "juv": 0.0, "B": 1.04, "Q": 222.45, "w": 94.0, "h": 4.28, "S": 0.0001, "elv": "Nidelva", "km": 5.1}}, {"type": "Feature", "geometry": {"type": "LineString", "coordinates": [[8.68379, 58.55276], [8.683, 58.55197]]}, "properties": {"P": 11.77, "tau": 4.32, "tau_c": 11.65, "omega": 2.42, "M": 0.37, "D": 0.0, "R": 0.07, "sving": 0.18, "os": 0.1, "foss": 0.0, "juv": 0.0, "B": 1.04, "Q": 222.45, "w": 90.0, "h": 4.4, "S": 0.0001, "elv": "Nidelva", "km": 5.2}}, {"type": "Feature", "geometry": {"type": "LineString", "coordinates": [[8.683, 58.55197], [8.6822, 58.55117]]}, "properties": {"P": 11.47, "tau": 4.45, "tau_c": 11.65, "omega": 2.54, "M": 0.38, "D": 0.02, "R": 0.07, "sving": 0.16, "os": 0.06, "foss": 0.0, "juv": 0.0, "B": 1.04, "Q": 222.45, "w": 86.0, "h": 4.54, "S": 0.0001, "elv": "Nidelva", "km": 5.3}}, {"type": "Feature", "geometry": {"type": "LineString", "coordinates": [[8.6822, 58.55117], [8.6814, 58.55038]]}, "properties": {"P": 5.59, "tau": 4.09, "tau_c": 11.65, "omega": 2.23, "M": 0.35, "D": 0.06, "R": 0.05, "sving": 0.02, "os": 0.0, "foss": 0.0, "juv": 0.0, "B": 1.03, "Q": 222.46, "w": 98.0, "h": 4.17, "S": 0.0001, "elv": "Nidelva", "km": 5.4}}, {"type": "Feature", "geometry": {"type": "LineString", "coordinates": [[8.6814, 58.55038], [8.68054, 58.5496]]}, "properties": {"P": 5.88, "tau": 3.84, "tau_c": 11.65, "omega": 2.02, "M": 0.33, "D": 0.08, "R": 0.04, "sving": 0.02, "os": 0.0, "foss": 0.0, "juv": 0.0, "B": 1.03, "Q": 222.47, "w": 108.0, "h": 3.91, "S": 0.0001, "elv": "Nidelva", "km": 5.5}}, {"type": "Feature", "geometry": {"type": "LineString", "coordinates": [[8.68054, 58.5496], [8.67967, 58.54883]]}, "properties": {"P": 4.9, "tau": 3.57, "tau_c": 11.65, "omega": 1.81, "M": 0.31, "D": 0.08, "R": 0.03, "sving": 0.0, "os": 0.0, "foss": 0.0, "juv": 0.0, "B": 1.03, "Q": 222.47, "w": 120.85, "h": 3.64, "S": 0.0001, "elv": "Nidelva", "km": 5.6}}, {"type": "Feature", "geometry": {"type": "LineString", "coordinates": [[8.67817, 58.65796], [8.67766, 58.65715]]}, "properties": {"P": 33.2, "tau": 51.55, "tau_c": 144.08, "omega": 58.59, "M": 0.36, "D": 0.02, "R": 0.06, "sving": 0.09, "os": 1.0, "foss": 1.0, "juv": 0.0, "B": 0.51, "Q": 1.89, "w": 12.38, "h": 0.13, "S": 0.03913, "elv": "Grytbekken", "km": 0.0}}, {"type": "Feature", "geometry": {"type": "LineString", "coordinates": [[8.67766, 58.65715], [8.67682, 58.6564]]}, "properties": {"P": 26.64, "tau": 46.93, "tau_c": 134.55, "omega": 51.22, "M": 0.35, "D": 0.06, "R": 0.05, "sving": 0.22, "os": 0.62, "foss": 0.72, "juv": 0.0, "B": 0.53, "Q": 1.9, "w": 12.39, "h": 0.14, "S": 0.03412, "elv": "Grytbekken", "km": 0.1}}, {"type": "Feature", "geometry": {"type": "LineString", "coordinates": [[8.67682, 58.6564], [8.67647, 58.65553]]}, "properties": {"P": 27.72, "tau": 45.36, "tau_c": 131.26, "omega": 48.78, "M": 0.35, "D": 0.09, "R": 0.05, "sving": 0.17, "os": 0.39, "foss": 1.0, "juv": 0.0, "B": 0.54, "Q": 1.9, "w": 12.41, "h": 0.14, "S": 0.03248, "elv": "Grytbekken", "km": 0.2}}, {"type": "Feature", "geometry": {"type": "LineString", "coordinates": [[8.67647, 58.65553], [8.67548, 58.65498]]}, "properties": {"P": 21.21, "tau": 39.94, "tau_c": 119.83, "omega": 40.65, "M": 0.33, "D": 0.11, "R": 0.04, "sving": 0.15, "os": 0.24, "foss": 0.72, "juv": 0.0, "B": 0.55, "Q": 1.91, "w": 12.44, "h": 0.15, "S": 0.02706, "elv": "Grytbekken", "km": 0.3}}, {"type": "Feature", "geometry": {"type": "LineString", "coordinates": [[8.67548, 58.65498], [8.67433, 58.65437]]}, "properties": {"P": 19.77, "tau": 38.43, "tau_c": 116.6, "omega": 38.46, "M": 0.33, "D": 0.13, "R": 0.04, "sving": 0.29, "os": 0.16, "foss": 0.51, "juv": 0.0, "B": 0.56, "Q": 1.91, "w": 12.47, "h": 0.15, "S": 0.02563, "elv": "Grytbekken", "km": 0.4}}, {"type": "Feature", "geometry": {"type": "LineString", "coordinates": [[8.67433, 58.65437], [8.67413, 58.65358]]}, "properties": {"P": 25.44, "tau": 35.33, "tau_c": 109.0, "omega": 34.17, "M": 0.32, "D": 0.18, "R": 0.04, "sving": 0.75, "os": 0.1, "foss": 0.37, "juv": 0.0, "B": 0.57, "Q": 1.95, "w": 12.51, "h": 0.16, "S": 0.02239, "elv": "Grytbekken", "km": 0.5}}, {"type": "Feature", "geometry": {"type": "LineString", "coordinates": [[8.67158, 58.66276], [8.67216, 58.66193]]}, "properties": {"P": 18.09, "tau": 42.34, "tau_c": 138.16, "omega": 42.71, "M": 0.31, "D": 0.01, "R": 0.03, "sving": 0.23, "os": 0.0, "foss": 1.0, "juv": 0.0, "B": 0.47, "Q": 1.18, "w": 9.77, "h": 0.12, "S": 0.03598, "elv": "bekk", "km": 1.1}}, {"type": "Feature", "geometry": {"type": "LineString", "coordinates": [[8.67644, 58.66045], [8.67762, 58.65983]]}, "properties": {"P": 13.23, "tau": 44.27, "tau_c": 142.1, "omega": 45.6, "M": 0.31, "D": -0.0, "R": 0.03, "sving": 0.38, "os": 0.0, "foss": 0.51, "juv": 0.0, "B": 0.48, "Q": 1.21, "w": 9.87, "h": 0.12, "S": 0.03806, "elv": "bekk", "km": 1.5}}, {"type": "Feature", "geometry": {"type": "LineString", "coordinates": [[8.67762, 58.65983], [8.67818, 58.659]]}, "properties": {"P": 11.17, "tau": 48.82, "tau_c": 155.66, "omega": 52.16, "M": 0.31, "D": -0.0, "R": 0.03, "sving": 0.37, "os": 0.0, "foss": 0.37, "juv": 0.0, "B": 0.48, "Q": 1.21, "w": 10.38, "h": 0.11, "S": 0.04567, "elv": "bekk", "km": 1.6}}, {"type": "Feature", "geometry": {"type": "LineString", "coordinates": [[8.67818, 58.659], [8.67817, 58.65812]]}, "properties": {"P": 20.25, "tau": 46.79, "tau_c": 154.07, "omega": 48.82, "M": 0.3, "D": -0.0, "R": 0.03, "sving": 0.39, "os": 0.0, "foss": 1.0, "juv": 0.0, "B": 0.48, "Q": 1.21, "w": 10.89, "h": 0.11, "S": 0.04474, "elv": "bekk", "km": 1.7}}, {"type": "Feature", "geometry": {"type": "LineString", "coordinates": [[8.81985, 58.68018], [8.82109, 58.67958]]}, "properties": {"P": 6.76, "tau": 6.52, "tau_c": 17.12, "omega": 3.72, "M": 0.38, "D": 0.05, "R": 0.07, "sving": 0.29, "os": 0.0, "foss": 0.0, "juv": 0.0, "B": 0.47, "Q": 29.96, "w": 43.71, "h": 1.2, "S": 0.00055, "elv": "Hauglandselva", "km": 0.0}}, {"type": "Feature", "geometry": {"type": "LineString", "coordinates": [[8.82109, 58.67958], [8.8224, 58.67901]]}, "properties": {"P": 18.58, "tau": 5.2, "tau_c": 14.83, "omega": 2.67, "M": 0.35, "D": 0.14, "R": 0.05, "sving": 0.33, "os": 0.0, "foss": 0.0, "juv": 0.0, "B": 1.06, "Q": 29.97, "w": 45.56, "h": 1.28, "S": 0.00041, "elv": "Hauglandselva", "km": 0.1}}, {"type": "Feature", "geometry": {"type": "LineString", "coordinates": [[8.8224, 58.67901], [8.82311, 58.6782]]}, "properties": {"P": 21.47, "tau": 4.35, "tau_c": 13.26, "omega": 2.06, "M": 0.33, "D": 0.24, "R": 0.04, "sving": 0.3, "os": 0.0, "foss": 0.0, "juv": 0.0, "B": 1.06, "Q": 29.97, "w": 47.42, "h": 1.34, "S": 0.00033, "elv": "Hauglandselva", "km": 0.2}}, {"type": "Feature", "geometry": {"type": "LineString", "coordinates": [[8.82311, 58.6782], [8.82338, 58.67732]]}, "properties": {"P": 26.86, "tau": 3.74, "tau_c": 12.11, "omega": 1.65, "M": 0.31, "D": 0.3, "R": 0.03, "sving": 0.41, "os": 0.0, "foss": 0.0, "juv": 0.0, "B": 1.06, "Q": 29.98, "w": 49.28, "h": 1.38, "S": 0.00028, "elv": "Hauglandselva", "km": 0.3}}, {"type": "Feature", "geometry": {"type": "LineString", "coordinates": [[8.53588, 58.54525], [8.53634, 58.54443]]}, "properties": {"P": 14.03, "tau": 44.67, "tau_c": 120.24, "omega": 48.98, "M": 0.37, "D": 0.0, "R": 0.07, "sving": 0.35, "os": 0.0, "foss": 0.48, "juv": 0.0, "B": 0.51, "Q": 2.72, "w": 14.84, "h": 0.17, "S": 0.02725, "elv": "Brattlandselva", "km": 0.1}}, {"type": "Feature", "geometry": {"type": "LineString", "coordinates": [[8.53634, 58.54443], [8.5356, 58.54362]]}, "properties": {"P": 11.3, "tau": 41.65, "tau_c": 114.32, "omega": 44.3, "M": 0.36, "D": 0.0, "R": 0.06, "sving": 0.03, "os": 0.0, "foss": 0.62, "juv": 0.0, "B": 0.51, "Q": 2.72, "w": 14.85, "h": 0.17, "S": 0.02463, "elv": "Brattlandselva", "km": 0.2}}, {"type": "Feature", "geometry": {"type": "LineString", "coordinates": [[8.5356, 58.54362], [8.53523, 58.54284]]}, "properties": {"P": 22.34, "tau": 54.23, "tau_c": 138.02, "omega": 64.7, "M": 0.39, "D": 0.0, "R": 0.08, "sving": 0.36, "os": 0.0, "foss": 1.0, "juv": 0.0, "B": 0.51, "Q": 2.73, "w": 14.87, "h": 0.15, "S": 0.03591, "elv": "Brattlandselva", "km": 0.3}}, {"type": "Feature", "geometry": {"type": "LineString", "coordinates": [[8.53523, 58.54284], [8.53572, 58.54221]]}, "properties": {"P": 16.95, "tau": 58.48, "tau_c": 145.74, "omega": 72.09, "M": 0.4, "D": 0.0, "R": 0.09, "sving": 0.14, "os": 0.0, "foss": 0.85, "juv": 0.0, "B": 0.51, "Q": 2.73, "w": 14.88, "h": 0.15, "S": 0.04003, "elv": "Brattlandselva", "km": 0.4}}, {"type": "Feature", "geometry": {"type": "LineString", "coordinates": [[8.53572, 58.54221], [8.53465, 58.54151]]}, "properties": {"P": 20.17, "tau": 65.33, "tau_c": 157.67, "omega": 84.51, "M": 0.41, "D": 0.02, "R": 0.1, "sving": 0.16, "os": 0.0, "foss": 1.0, "juv": 0.0, "B": 0.51, "Q": 2.74, "w": 14.9, "h": 0.14, "S": 0.04686, "elv": "Brattlandselva", "km": 0.5}}, {"type": "Feature", "geometry": {"type": "LineString", "coordinates": [[8.53465, 58.54151], [8.53453, 58.54064]]}, "properties": {"P": 21.64, "tau": 66.05, "tau_c": 159.2, "omega": 85.82, "M": 0.41, "D": 0.05, "R": 0.1, "sving": 0.21, "os": 0.0, "foss": 1.0, "juv": 0.0, "B": 0.51, "Q": 2.75, "w": 14.99, "h": 0.14, "S": 0.04777, "elv": "Brattlandselva", "km": 0.6}}, {"type": "Feature", "geometry": {"type": "LineString", "coordinates": [[8.53453, 58.54064], [8.53347, 58.53994]]}, "properties": {"P": 26.14, "tau": 50.89, "tau_c": 132.13, "omega": 59.05, "M": 0.39, "D": 0.14, "R": 0.08, "sving": 0.44, "os": 0.0, "foss": 1.0, "juv": 0.0, "B": 0.51, "Q": 2.76, "w": 15.09, "h": 0.16, "S": 0.03291, "elv": "Brattlandselva", "km": 0.7}}, {"type": "Feature", "geometry": {"type": "LineString", "coordinates": [[8.53347, 58.53994], [8.53316, 58.5391]]}, "properties": {"P": 17.31, "tau": 51.32, "tau_c": 130.43, "omega": 60.11, "M": 0.39, "D": 0.19, "R": 0.08, "sving": 0.05, "os": 0.0, "foss": 0.72, "juv": 0.0, "B": 0.51, "Q": 2.9, "w": 15.18, "h": 0.16, "S": 0.03207, "elv": "Brattlandselva", "km": 0.8}}, {"type": "Feature", "geometry": {"type": "LineString", "coordinates": [[8.53316, 58.5391], [8.53396, 58.53831]]}, "properties": {"P": 18.8, "tau": 32.48, "tau_c": 94.09, "omega": 31.18, "M": 0.35, "D": 0.27, "R": 0.05, "sving": 0.3, "os": 0.0, "foss": 0.51, "juv": 0.0, "B": 0.51, "Q": 2.91, "w": 15.27, "h": 0.2, "S": 0.01669, "elv": "Brattlandselva", "km": 0.9}}, {"type": "Feature", "geometry": {"type": "LineString", "coordinates": [[8.53396, 58.53831], [8.53405, 58.53752]]}, "properties": {"P": 12.93, "tau": 31.98, "tau_c": 93.24, "omega": 30.48, "M": 0.34, "D": 0.24, "R": 0.05, "sving": 0.09, "os": 0.0, "foss": 0.37, "juv": 0.0, "B": 0.51, "Q": 2.91, "w": 15.36, "h": 0.2, "S": 0.01639, "elv": "Brattlandselva", "km": 1.0}}, {"type": "Feature", "geometry": {"type": "LineString", "coordinates": [[8.53405, 58.53752], [8.53425, 58.53673]]}, "properties": {"P": 8.7, "tau": 22.24, "tau_c": 71.81, "omega": 18.1, "M": 0.31, "D": 0.26, "R": 0.03, "sving": 0.18, "os": 0.0, "foss": 0.0, "juv": 0.0, "B": 0.51, "Q": 2.92, "w": 15.37, "h": 0.23, "S": 0.00972, "elv": "Brattlandselva", "km": 1.1}}, {"type": "Feature", "geometry": {"type": "LineString", "coordinates": [[8.53425, 58.53673], [8.53433, 58.53584]]}, "properties": {"P": 4.51, "tau": 19.93, "tau_c": 66.37, "omega": 15.46, "M": 0.3, "D": 0.18, "R": 0.03, "sving": 0.02, "os": 0.0, "foss": 0.0, "juv": 0.0, "B": 0.51, "Q": 2.92, "w": 15.38, "h": 0.24, "S": 0.0083, "elv": "Brattlandselva", "km": 1.2}}, {"type": "Feature", "geometry": {"type": "LineString", "coordinates": [[8.53433, 58.53584], [8.53432, 58.53497]]}, "properties": {"P": 6.97, "tau": 19.94, "tau_c": 66.37, "omega": 15.47, "M": 0.3, "D": 0.12, "R": 0.03, "sving": 0.25, "os": 0.0, "foss": 0.0, "juv": 0.0, "B": 0.51, "Q": 2.92, "w": 15.4, "h": 0.24, "S": 0.0083, "elv": "Brattlandselva", "km": 1.3}}, {"type": "Feature", "geometry": {"type": "LineString", "coordinates": [[8.53964, 58.53098], [8.54042, 58.53019]]}, "properties": {"P": 8.37, "tau": 32.28, "tau_c": 93.25, "omega": 30.95, "M": 0.35, "D": 0.0, "R": 0.05, "sving": 0.47, "os": 0.0, "foss": 0.0, "juv": 0.0, "B": 0.51, "Q": 3.01, "w": 15.62, "h": 0.2, "S": 0.01639, "elv": "Brattlandselva", "km": 2.0}}, {"type": "Feature", "geometry": {"type": "LineString", "coordinates": [[8.54042, 58.53019], [8.54145, 58.52948]]}, "properties": {"P": 5.27, "tau": 32.38, "tau_c": 93.25, "omega": 31.12, "M": 0.35, "D": 0.0, "R": 0.05, "sving": 0.26, "os": 0.0, "foss": 0.0, "juv": 0.0, "B": 0.51, "Q": 3.03, "w": 15.64, "h": 0.2, "S": 0.01639, "elv": "Brattlandselva", "km": 2.1}}, {"type": "Feature", "geometry": {"type": "LineString", "coordinates": [[8.54145, 58.52948], [8.54144, 58.52865]]}, "properties": {"P": 21.04, "tau": 32.37, "tau_c": 93.25, "omega": 31.11, "M": 0.35, "D": 0.0, "R": 0.05, "sving": 0.31, "os": 0.0, "foss": 1.0, "juv": 0.0, "B": 0.51, "Q": 3.03, "w": 15.66, "h": 0.2, "S": 0.01639, "elv": "Brattlandselva", "km": 2.2}}, {"type": "Feature", "geometry": {"type": "LineString", "coordinates": [[8.54144, 58.52865], [8.54115, 58.52779]]}, "properties": {"P": 19.54, "tau": 45.85, "tau_c": 119.65, "omega": 51.26, "M": 0.38, "D": 0.0, "R": 0.08, "sving": 0.46, "os": 0.0, "foss": 0.72, "juv": 0.0, "B": 0.51, "Q": 3.04, "w": 15.69, "h": 0.17, "S": 0.02698, "elv": "Brattlandselva", "km": 2.3}}, {"type": "Feature", "geometry": {"type": "LineString", "coordinates": [[8.54115, 58.52779], [8.54056, 58.52695]]}, "properties": {"P": 14.13, "tau": 53.4, "tau_c": 133.48, "omega": 63.78, "M": 0.4, "D": 0.0, "R": 0.09, "sving": 0.28, "os": 0.0, "foss": 0.51, "juv": 0.0, "B": 0.51, "Q": 3.04, "w": 15.7, "h": 0.16, "S": 0.03358, "elv": "Brattlandselva", "km": 2.4}}, {"type": "Feature", "geometry": {"type": "LineString", "coordinates": [[8.54056, 58.52695], [8.53963, 58.52619]]}, "properties": {"P": 19.2, "tau": 63.76, "tau_c": 151.36, "omega": 82.28, "M": 0.42, "D": 0.0, "R": 0.11, "sving": 0.1, "os": 0.0, "foss": 1.0, "juv": 0.0, "B": 0.51, "Q": 3.05, "w": 15.72, "h": 0.15, "S": 0.04318, "elv": "Brattlandselva", "km": 2.5}}, {"type": "Feature", "geometry": {"type": "LineString", "coordinates": [[8.53963, 58.52619], [8.53848, 58.52554]]}, "properties": {"P": 18.55, "tau": 51.24, "tau_c": 129.32, "omega": 60.15, "M": 0.4, "D": 0.0, "R": 0.09, "sving": 0.04, "os": 0.05, "foss": 1.0, "juv": 0.0, "B": 0.51, "Q": 3.06, "w": 15.74, "h": 0.17, "S": 0.03152, "elv": "Brattlandselva", "km": 2.6}}, {"type": "Feature", "geometry": {"type": "LineString", "coordinates": [[8.53848, 58.52554], [8.5378, 58.52478]]}, "properties": {"P": 19.76, "tau": 58.83, "tau_c": 142.77, "omega": 73.31, "M": 0.41, "D": 0.0, "R": 0.1, "sving": 0.06, "os": 0.09, "foss": 1.0, "juv": 0.0, "B": 0.51, "Q": 3.07, "w": 15.76, "h": 0.16, "S": 0.03842, "elv": "Brattlandselva", "km": 2.7}}, {"type": "Feature", "geometry": {"type": "LineString", "coordinates": [[8.5378, 58.52478], [8.53741, 58.52399]]}, "properties": {"P": 18.96, "tau": 68.45, "tau_c": 159.14, "omega": 91.09, "M": 0.43, "D": 0.0, "R": 0.11, "sving": 0.22, "os": 0.13, "foss": 0.72, "juv": 0.0, "B": 0.51, "Q": 3.07, "w": 15.78, "h": 0.15, "S": 0.04773, "elv": "Brattlandselva", "km": 2.8}}, {"type": "Feature", "geometry": {"type": "LineString", "coordinates": [[8.53741, 58.52399], [8.53673, 58.52317]]}, "properties": {"P": 25.27, "tau": 56.56, "tau_c": 138.86, "omega": 69.3, "M": 0.41, "D": 0.04, "R": 0.09, "sving": 0.27, "os": 0.2, "foss": 1.0, "juv": 0.0, "B": 0.51, "Q": 3.07, "w": 15.81, "h": 0.16, "S": 0.03634, "elv": "Brattlandselva", "km": 2.9}}, {"type": "Feature", "geometry": {"type": "LineString", "coordinates": [[8.53673, 58.52317], [8.53645, 58.5223]]}, "properties": {"P": 25.52, "tau": 59.47, "tau_c": 143.37, "omega": 74.55, "M": 0.41, "D": 0.04, "R": 0.1, "sving": 0.17, "os": 0.3, "foss": 1.0, "juv": 0.0, "B": 0.51, "Q": 3.11, "w": 15.84, "h": 0.16, "S": 0.03874, "elv": "Brattlandselva", "km": 3.0}}, {"type": "Feature", "geometry": {"type": "LineString", "coordinates": [[8.53645, 58.5223], [8.53691, 58.52147]]}, "properties": {"P": 22.91, "tau": 52.64, "tau_c": 131.27, "omega": 62.61, "M": 0.4, "D": 0.04, "R": 0.09, "sving": 0.23, "os": 0.37, "foss": 0.72, "juv": 0.0, "B": 0.51, "Q": 3.12, "w": 15.86, "h": 0.17, "S": 0.03248, "elv": "Brattlandselva", "km": 3.1}}, {"type": "Feature", "geometry": {"type": "LineString", "coordinates": [[8.53691, 58.52147], [8.53725, 58.52061]]}, "properties": {"P": 27.91, "tau": 61.46, "tau_c": 146.77, "omega": 78.15, "M": 0.42, "D": 0.0, "R": 0.1, "sving": 0.19, "os": 0.49, "foss": 1.0, "juv": 0.0, "B": 0.51, "Q": 3.12, "w": 15.88, "h": 0.15, "S": 0.0406, "elv": "Brattlandselva", "km": 3.2}}]}