{"type": "FeatureCollection", "features": [{"type": "Feature", "geometry": {"type": "LineString", "coordinates": [[7.23059, 59.58281], [7.22985, 59.582]]}, "properties": {"P": 18.27, "tau": 21.6, "tau_c": 56.92, "omega": 18.65, "M": 0.38, "D": 0.0, "R": 0.07, "sving": 0.95, "os": 0.0, "foss": 0.0, "juv": 0.0, "B": 0.55, "Q": 7.87, "w": 25.26, "h": 0.36, "S": 0.00611, "elv": "Væringsåni", "km": 0.0}}, {"type": "Feature", "geometry": {"type": "LineString", "coordinates": [[7.22985, 59.582], [7.22934, 59.5812]]}, "properties": {"P": 13.94, "tau": 17.68, "tau_c": 49.29, "omega": 13.98, "M": 0.36, "D": 0.0, "R": 0.06, "sving": 0.73, "os": 0.0, "foss": 0.0, "juv": 0.0, "B": 0.54, "Q": 7.87, "w": 25.28, "h": 0.39, "S": 0.00458, "elv": "Væringsåni", "km": 0.1}}, {"type": "Feature", "geometry": {"type": "LineString", "coordinates": [[7.22934, 59.5812], [7.23056, 59.58063]]}, "properties": {"P": 13.08, "tau": 23.37, "tau_c": 60.1, "omega": 20.89, "M": 0.39, "D": 0.0, "R": 0.08, "sving": 0.64, "os": 0.0, "foss": 0.0, "juv": 0.0, "B": 0.54, "Q": 7.92, "w": 25.31, "h": 0.35, "S": 0.00681, "elv": "Væringsåni", "km": 0.2}}, {"type": "Feature", "geometry": {"type": "LineString", "coordinates": [[7.23056, 59.58063], [7.232, 59.58018]]}, "properties": {"P": 10.54, "tau": 24.81, "tau_c": 62.68, "omega": 22.77, "M": 0.4, "D": 0.0, "R": 0.08, "sving": 0.49, "os": 0.0, "foss": 0.0, "juv": 0.0, "B": 0.54, "Q": 7.94, "w": 25.34, "h": 0.34, "S": 0.00741, "elv": "Væringsåni", "km": 0.3}}, {"type": "Feature", "geometry": {"type": "LineString", "coordinates": [[7.232, 59.58018], [7.23367, 59.57992]]}, "properties": {"P": 7.27, "tau": 47.76, "tau_c": 98.36, "omega": 58.56, "M": 0.49, "D": 0.0, "R": 0.17, "sving": 0.09, "os": 0.06, "foss": 0.0, "juv": 0.0, "B": 0.54, "Q": 7.95, "w": 24.29, "h": 0.27, "S": 0.01823, "elv": "Væringsåni", "km": 0.4}}, {"type": "Feature", "geometry": {"type": "LineString", "coordinates": [[7.23367, 59.57992], [7.23513, 59.57943]]}, "properties": {"P": 9.3, "tau": 73.87, "tau_c": 131.81, "omega": 110.04, "M": 0.56, "D": 0.0, "R": 0.26, "sving": 0.03, "os": 0.09, "foss": 0.0, "juv": 0.0, "B": 0.53, "Q": 7.96, "w": 23.23, "h": 0.23, "S": 0.03275, "elv": "Væringsåni", "km": 0.5}}, {"type": "Feature", "geometry": {"type": "LineString", "coordinates": [[7.23513, 59.57943], [7.23663, 59.57902]]}, "properties": {"P": 30.94, "tau": 103.38, "tau_c": 167.89, "omega": 178.08, "M": 0.62, "D": 0.0, "R": 0.33, "sving": 0.15, "os": 0.15, "foss": 1.0, "juv": 0.0, "B": 0.53, "Q": 7.96, "w": 23.28, "h": 0.2, "S": 0.05312, "elv": "Væringsåni", "km": 0.6}}, {"type": "Feature", "geometry": {"type": "LineString", "coordinates": [[7.23663, 59.57902], [7.23803, 59.5785]]}, "properties": {"P": 41.75, "tau": 115.8, "tau_c": 184.01, "omega": 208.88, "M": 0.63, "D": 0.0, "R": 0.35, "sving": 0.68, "os": 0.24, "foss": 1.0, "juv": 0.0, "B": 0.53, "Q": 7.96, "w": 23.85, "h": 0.18, "S": 0.06382, "elv": "Væringsåni", "km": 0.7}}, {"type": "Feature", "geometry": {"type": "LineString", "coordinates": [[7.23803, 59.5785], [7.23907, 59.57807]]}, "properties": {"P": 44.1, "tau": 117.98, "tau_c": 186.73, "omega": 214.5, "M": 0.63, "D": 0.0, "R": 0.35, "sving": 0.69, "os": 0.36, "foss": 1.0, "juv": 0.0, "B": 0.53, "Q": 8.12, "w": 24.42, "h": 0.18, "S": 0.06572, "elv": "Væringsåni", "km": 0.8}}, {"type": "Feature", "geometry": {"type": "LineString", "coordinates": [[7.23907, 59.57807], [7.23782, 59.57749]]}, "properties": {"P": 45.9, "tau": 134.09, "tau_c": 193.99, "omega": 262.2, "M": 0.69, "D": 0.0, "R": 0.43, "sving": 0.51, "os": 0.45, "foss": 1.0, "juv": 0.0, "B": 0.55, "Q": 9.83, "w": 26.07, "h": 0.19, "S": 0.07093, "elv": "Væringsåni", "km": 0.9}}, {"type": "Feature", "geometry": {"type": "LineString", "coordinates": [[7.23782, 59.57749], [7.23666, 59.57689]]}, "properties": {"P": 37.97, "tau": 129.96, "tau_c": 194.86, "omega": 248.74, "M": 0.67, "D": 0.05, "R": 0.4, "sving": 0.49, "os": 0.29, "foss": 0.72, "juv": 0.0, "B": 0.54, "Q": 9.83, "w": 27.74, "h": 0.19, "S": 0.07157, "elv": "Væringsåni", "km": 1.0}}, {"type": "Feature", "geometry": {"type": "LineString", "coordinates": [[7.23666, 59.57689], [7.23609, 59.57625]]}, "properties": {"P": 36.69, "tau": 124.02, "tau_c": 189.5, "omega": 232.23, "M": 0.65, "D": 0.1, "R": 0.38, "sving": 0.2, "os": 0.18, "foss": 1.0, "juv": 0.0, "B": 0.54, "Q": 9.89, "w": 28.27, "h": 0.19, "S": 0.06768, "elv": "Væringsåni", "km": 1.1}}, {"type": "Feature", "geometry": {"type": "LineString", "coordinates": [[7.25385, 59.58422], [7.2521, 59.5842]]}, "properties": {"P": 16.08, "tau": 111.86, "tau_c": 247.88, "omega": 177.75, "M": 0.45, "D": 0.0, "R": 0.13, "sving": 0.03, "os": 0.0, "foss": 1.0, "juv": 0.0, "B": 0.41, "Q": 1.39, "w": 8.88, "h": 0.1, "S": 0.11581, "elv": "Fiskebekken", "km": 0.1}}, {"type": "Feature", "geometry": {"type": "LineString", "coordinates": [[7.2521, 59.5842], [7.2506, 59.58379]]}, "properties": {"P": 17.59, "tau": 100.03, "tau_c": 240.54, "omega": 149.35, "M": 0.42, "D": 0.02, "R": 0.1, "sving": 0.17, "os": 0.0, "foss": 1.0, "juv": 0.0, "B": 0.41, "Q": 1.39, "w": 9.95, "h": 0.09, "S": 0.10906, "elv": "Fiskebekken", "km": 0.2}}, {"type": "Feature", "geometry": {"type": "LineString", "coordinates": [[7.2506, 59.58379], [7.24906, 59.58359]]}, "properties": {"P": 20.15, "tau": 98.47, "tau_c": 238.05, "omega": 146.17, "M": 0.41, "D": 0.04, "R": 0.1, "sving": 0.33, "os": 0.0, "foss": 1.0, "juv": 0.0, "B": 0.42, "Q": 1.54, "w": 11.03, "h": 0.09, "S": 0.10681, "elv": "Fiskebekken", "km": 0.3}}, {"type": "Feature", "geometry": {"type": "LineString", "coordinates": [[7.24906, 59.58359], [7.24776, 59.58308]]}, "properties": {"P": 20.09, "tau": 97.38, "tau_c": 233.56, "omega": 144.38, "M": 0.42, "D": 0.08, "R": 0.1, "sving": 0.26, "os": 0.0, "foss": 1.0, "juv": 0.0, "B": 0.42, "Q": 1.6, "w": 11.19, "h": 0.1, "S": 0.10281, "elv": "Fiskebekken", "km": 0.4}}, {"type": "Feature", "geometry": {"type": "LineString", "coordinates": [[7.24776, 59.58308], [7.24668, 59.58239]]}, "properties": {"P": 17.79, "tau": 88.31, "tau_c": 219.1, "omega": 125.29, "M": 0.4, "D": 0.09, "R": 0.09, "sving": 0.09, "os": 0.0, "foss": 1.0, "juv": 0.0, "B": 0.42, "Q": 1.6, "w": 11.35, "h": 0.1, "S": 0.09048, "elv": "Fiskebekken", "km": 0.5}}, {"type": "Feature", "geometry": {"type": "LineString", "coordinates": [[7.24668, 59.58239], [7.24603, 59.58157]]}, "properties": {"P": 19.18, "tau": 76.06, "tau_c": 197.13, "omega": 101.11, "M": 0.39, "D": 0.09, "R": 0.08, "sving": 0.21, "os": 0.0, "foss": 1.0, "juv": 0.0, "B": 0.42, "Q": 1.6, "w": 11.4, "h": 0.11, "S": 0.07324, "elv": "Fiskebekken", "km": 0.6}}, {"type": "Feature", "geometry": {"type": "LineString", "coordinates": [[7.24603, 59.58157], [7.24466, 59.5812]]}, "properties": {"P": 16.11, "tau": 76.48, "tau_c": 197.9, "omega": 101.93, "M": 0.39, "D": 0.06, "R": 0.08, "sving": 0.03, "os": 0.0, "foss": 1.0, "juv": 0.0, "B": 0.42, "Q": 1.6, "w": 11.4, "h": 0.11, "S": 0.07382, "elv": "Fiskebekken", "km": 0.7}}, {"type": "Feature", "geometry": {"type": "LineString", "coordinates": [[7.24466, 59.5812], [7.24414, 59.58047]]}, "properties": {"P": 17.28, "tau": 79.21, "tau_c": 203.35, "omega": 107.12, "M": 0.39, "D": 0.02, "R": 0.08, "sving": 0.16, "os": 0.0, "foss": 1.0, "juv": 0.0, "B": 0.42, "Q": 1.61, "w": 11.46, "h": 0.1, "S": 0.07794, "elv": "Fiskebekken", "km": 0.8}}, {"type": "Feature", "geometry": {"type": "LineString", "coordinates": [[7.24414, 59.58047], [7.24319, 59.57976]]}, "properties": {"P": 16.07, "tau": 76.47, "tau_c": 198.69, "omega": 101.79, "M": 0.38, "D": 0.0, "R": 0.08, "sving": 0.1, "os": 0.0, "foss": 1.0, "juv": 0.0, "B": 0.42, "Q": 1.61, "w": 11.52, "h": 0.1, "S": 0.07441, "elv": "Fiskebekken", "km": 0.9}}, {"type": "Feature", "geometry": {"type": "LineString", "coordinates": [[7.24319, 59.57976], [7.24193, 59.57916]]}, "properties": {"P": 18.18, "tau": 79.83, "tau_c": 201.04, "omega": 108.9, "M": 0.4, "D": 0.0, "R": 0.09, "sving": 0.24, "os": 0.0, "foss": 1.0, "juv": 0.0, "B": 0.42, "Q": 1.69, "w": 11.58, "h": 0.11, "S": 0.07618, "elv": "Fiskebekken", "km": 1.0}}, {"type": "Feature", "geometry": {"type": "LineString", "coordinates": [[7.23659, 59.57167], [7.23815, 59.57197]]}, "properties": {"P": 72.2, "tau": 226.29, "tau_c": 247.26, "omega": 576.37, "M": 0.92, "D": 0.0, "R": 0.71, "sving": 0.37, "os": 0.12, "foss": 1.0, "juv": 0.0, "B": 0.86, "Q": 10.03, "w": 19.67, "h": 0.2, "S": 0.11523, "elv": "bekk", "km": 2.0}}, {"type": "Feature", "geometry": {"type": "LineString", "coordinates": [[7.23864, 59.57201], [7.23942, 59.57127]]}, "properties": {"P": 92.02, "tau": 201.29, "tau_c": 250.87, "omega": 473.97, "M": 0.8, "D": 0.04, "R": 0.58, "sving": 0.79, "os": 1.0, "foss": 1.0, "juv": 0.0, "B": 0.77, "Q": 10.33, "w": 25.35, "h": 0.17, "S": 0.11862, "elv": "bekk", "km": 0.0}}, {"type": "Feature", "geometry": {"type": "LineString", "coordinates": [[7.23942, 59.57127], [7.2411, 59.57109]]}, "properties": {"P": 77.5, "tau": 179.97, "tau_c": 231.47, "omega": 403.82, "M": 0.78, "D": 0.1, "R": 0.55, "sving": 0.56, "os": 0.62, "foss": 1.0, "juv": 0.0, "B": 0.77, "Q": 10.34, "w": 25.36, "h": 0.18, "S": 0.10099, "elv": "bekk", "km": 0.1}}, {"type": "Feature", "geometry": {"type": "LineString", "coordinates": [[7.2411, 59.57109], [7.24285, 59.57106]]}, "properties": {"P": 70.13, "tau": 153.92, "tau_c": 210.39, "omega": 321.27, "M": 0.73, "D": 0.19, "R": 0.49, "sving": 0.47, "os": 0.42, "foss": 1.0, "juv": 0.0, "B": 0.76, "Q": 10.35, "w": 26.37, "h": 0.19, "S": 0.08343, "elv": "bekk", "km": 0.2}}, {"type": "Feature", "geometry": {"type": "LineString", "coordinates": [[7.24285, 59.57106], [7.24459, 59.5711]]}, "properties": {"P": 54.57, "tau": 130.11, "tau_c": 195.87, "omega": 248.94, "M": 0.66, "D": 0.22, "R": 0.4, "sving": 0.09, "os": 0.27, "foss": 1.0, "juv": 0.0, "B": 0.75, "Q": 10.36, "w": 29.52, "h": 0.18, "S": 0.07231, "elv": "bekk", "km": 0.3}}, {"type": "Feature", "geometry": {"type": "LineString", "coordinates": [[7.24459, 59.5711], [7.24631, 59.57125]]}, "properties": {"P": 43.98, "tau": 90.45, "tau_c": 140.78, "omega": 151.42, "M": 0.64, "D": 0.21, "R": 0.37, "sving": 0.03, "os": 0.17, "foss": 0.72, "juv": 0.0, "B": 0.78, "Q": 14.24, "w": 34.47, "h": 0.25, "S": 0.03736, "elv": "bekk", "km": 0.4}}, {"type": "Feature", "geometry": {"type": "LineString", "coordinates": [[7.24631, 59.57125], [7.24798, 59.57129]]}, "properties": {"P": 43.93, "tau": 96.08, "tau_c": 123.0, "omega": 174.79, "M": 0.78, "D": 0.13, "R": 0.55, "sving": 0.0, "os": 0.11, "foss": 0.51, "juv": 0.0, "B": 0.82, "Q": 24.63, "w": 39.41, "h": 0.34, "S": 0.02851, "elv": "bekk", "km": 0.5}}, {"type": "Feature", "geometry": {"type": "LineString", "coordinates": [[7.17392, 59.60704], [7.17562, 59.60683]]}, "properties": {"P": 4.72, "tau": 19.87, "tau_c": 62.77, "omega": 15.68, "M": 0.32, "D": 0.0, "R": 0.03, "sving": 0.42, "os": 0.0, "foss": 0.0, "juv": 0.0, "B": 0.32, "Q": 3.76, "w": 17.45, "h": 0.27, "S": 0.00743, "elv": "Væringsåni", "km": 0.0}}, {"type": "Feature", "geometry": {"type": "LineString", "coordinates": [[7.17562, 59.60683], [7.17713, 59.60638]]}, "properties": {"P": 4.53, "tau": 22.16, "tau_c": 67.86, "omega": 18.34, "M": 0.33, "D": 0.0, "R": 0.04, "sving": 0.12, "os": 0.0, "foss": 0.0, "juv": 0.0, "B": 0.76, "Q": 3.76, "w": 17.46, "h": 0.26, "S": 0.00868, "elv": "Væringsåni", "km": 0.1}}, {"type": "Feature", "geometry": {"type": "LineString", "coordinates": [[7.17713, 59.60638], [7.1783, 59.60577]]}, "properties": {"P": 5.0, "tau": 22.27, "tau_c": 68.08, "omega": 18.47, "M": 0.33, "D": 0.0, "R": 0.04, "sving": 0.14, "os": 0.0, "foss": 0.0, "juv": 0.0, "B": 0.76, "Q": 3.77, "w": 17.47, "h": 0.26, "S": 0.00873, "elv": "Væringsåni", "km": 0.2}}, {"type": "Feature", "geometry": {"type": "LineString", "coordinates": [[7.1783, 59.60577], [7.17999, 59.60578]]}, "properties": {"P": 7.61, "tau": 33.34, "tau_c": 90.89, "omega": 32.97, "M": 0.37, "D": 0.0, "R": 0.06, "sving": 0.21, "os": 0.0, "foss": 0.0, "juv": 0.0, "B": 0.76, "Q": 3.77, "w": 17.49, "h": 0.22, "S": 0.01557, "elv": "Væringsåni", "km": 0.3}}, {"type": "Feature", "geometry": {"type": "LineString", "coordinates": [[7.17999, 59.60578], [7.18169, 59.6059]]}, "properties": {"P": 4.47, "tau": 43.62, "tau_c": 110.29, "omega": 48.47, "M": 0.4, "D": 0.0, "R": 0.08, "sving": 0.05, "os": 0.0, "foss": 0.0, "juv": 0.0, "B": 0.76, "Q": 3.78, "w": 17.55, "h": 0.19, "S": 0.02292, "elv": "Væringsåni", "km": 0.4}}, {"type": "Feature", "geometry": {"type": "LineString", "coordinates": [[7.18169, 59.6059], [7.18346, 59.60593]]}, "properties": {"P": 42.44, "tau": 72.05, "tau_c": 158.13, "omega": 99.48, "M": 0.46, "D": 0.0, "R": 0.14, "sving": 0.55, "os": 0.0, "foss": 1.0, "juv": 0.0, "B": 0.76, "Q": 3.79, "w": 17.61, "h": 0.16, "S": 0.04713, "elv": "Væringsåni", "km": 0.5}}, {"type": "Feature", "geometry": {"type": "LineString", "coordinates": [[7.18346, 59.60593], [7.18439, 59.60531]]}, "properties": {"P": 38.73, "tau": 101.02, "tau_c": 199.35, "omega": 161.97, "M": 0.51, "D": 0.0, "R": 0.19, "sving": 0.29, "os": 0.0, "foss": 1.0, "juv": 0.0, "B": 0.77, "Q": 3.89, "w": 17.67, "h": 0.14, "S": 0.0749, "elv": "Væringsåni", "km": 0.6}}, {"type": "Feature", "geometry": {"type": "LineString", "coordinates": [[7.18439, 59.60531], [7.18457, 59.60451]]}, "properties": {"P": 43.18, "tau": 128.4, "tau_c": 236.99, "omega": 228.28, "M": 0.54, "D": 0.0, "R": 0.24, "sving": 0.41, "os": 0.0, "foss": 1.0, "juv": 0.0, "B": 0.77, "Q": 3.9, "w": 17.73, "h": 0.12, "S": 0.10586, "elv": "Væringsåni", "km": 0.7}}, {"type": "Feature", "geometry": {"type": "LineString", "coordinates": [[7.18457, 59.60451], [7.18599, 59.60398]]}, "properties": {"P": 38.82, "tau": 135.42, "tau_c": 246.62, "omega": 246.25, "M": 0.55, "D": 0.0, "R": 0.25, "sving": 0.21, "os": 0.0, "foss": 1.0, "juv": 0.0, "B": 0.77, "Q": 3.91, "w": 17.83, "h": 0.12, "S": 0.11463, "elv": "Væringsåni", "km": 0.8}}, {"type": "Feature", "geometry": {"type": "LineString", "coordinates": [[7.18599, 59.60398], [7.18685, 59.60321]]}, "properties": {"P": 46.35, "tau": 133.34, "tau_c": 243.99, "omega": 240.83, "M": 0.55, "D": 0.02, "R": 0.24, "sving": 0.5, "os": 0.0, "foss": 1.0, "juv": 0.0, "B": 0.77, "Q": 3.92, "w": 17.89, "h": 0.12, "S": 0.11221, "elv": "Væringsåni", "km": 0.9}}, {"type": "Feature", "geometry": {"type": "LineString", "coordinates": [[7.18685, 59.60321], [7.18847, 59.6029]]}, "properties": {"P": 40.95, "tau": 132.07, "tau_c": 239.88, "omega": 238.31, "M": 0.55, "D": 0.07, "R": 0.25, "sving": 0.19, "os": 0.0, "foss": 1.0, "juv": 0.0, "B": 0.77, "Q": 4.02, "w": 17.96, "h": 0.12, "S": 0.10845, "elv": "Væringsåni", "km": 1.0}}, {"type": "Feature", "geometry": {"type": "LineString", "coordinates": [[7.18847, 59.6029], [7.19022, 59.60279]]}, "properties": {"P": 47.12, "tau": 115.39, "tau_c": 218.0, "omega": 196.37, "M": 0.53, "D": 0.16, "R": 0.22, "sving": 0.38, "os": 0.0, "foss": 1.0, "juv": 0.0, "B": 0.77, "Q": 4.03, "w": 18.02, "h": 0.13, "S": 0.08957, "elv": "Væringsåni", "km": 1.1}}, {"type": "Feature", "geometry": {"type": "LineString", "coordinates": [[7.19022, 59.60279], [7.19198, 59.60268]]}, "properties": {"P": 35.55, "tau": 92.25, "tau_c": 185.85, "omega": 142.47, "M": 0.5, "D": 0.23, "R": 0.18, "sving": 0.15, "os": 0.0, "foss": 0.72, "juv": 0.0, "B": 0.77, "Q": 4.03, "w": 18.09, "h": 0.14, "S": 0.0651, "elv": "Væringsåni", "km": 1.2}}, {"type": "Feature", "geometry": {"type": "LineString", "coordinates": [[7.19198, 59.60268], [7.19374, 59.60264]]}, "properties": {"P": 38.03, "tau": 65.57, "tau_c": 145.4, "omega": 87.39, "M": 0.45, "D": 0.26, "R": 0.13, "sving": 0.01, "os": 0.0, "foss": 1.0, "juv": 0.0, "B": 0.77, "Q": 4.05, "w": 18.12, "h": 0.17, "S": 0.03985, "elv": "Væringsåni", "km": 1.3}}, {"type": "Feature", "geometry": {"type": "LineString", "coordinates": [[7.19374, 59.60264], [7.1955, 59.60267]]}, "properties": {"P": 31.53, "tau": 59.22, "tau_c": 135.24, "omega": 75.51, "M": 0.44, "D": 0.19, "R": 0.12, "sving": 0.13, "os": 0.0, "foss": 0.72, "juv": 0.0, "B": 0.77, "Q": 4.05, "w": 18.16, "h": 0.18, "S": 0.03447, "elv": "Væringsåni", "km": 1.4}}, {"type": "Feature", "geometry": {"type": "LineString", "coordinates": [[7.1955, 59.60267], [7.19722, 59.60259]]}, "properties": {"P": 37.29, "tau": 57.45, "tau_c": 131.86, "omega": 72.39, "M": 0.44, "D": 0.11, "R": 0.12, "sving": 0.19, "os": 0.0, "foss": 1.0, "juv": 0.0, "B": 0.77, "Q": 4.1, "w": 18.22, "h": 0.18, "S": 0.03277, "elv": "Væringsåni", "km": 1.5}}, {"type": "Feature", "geometry": {"type": "LineString", "coordinates": [[7.19722, 59.60259], [7.19879, 59.60218]]}, "properties": {"P": 34.09, "tau": 57.14, "tau_c": 131.45, "omega": 71.81, "M": 0.43, "D": 0.06, "R": 0.12, "sving": 0.42, "os": 0.0, "foss": 0.72, "juv": 0.0, "B": 0.77, "Q": 4.11, "w": 18.28, "h": 0.18, "S": 0.03257, "elv": "Væringsåni", "km": 1.6}}, {"type": "Feature", "geometry": {"type": "LineString", "coordinates": [[7.19879, 59.60218], [7.20024, 59.60172]]}, "properties": {"P": 27.33, "tau": 53.38, "tau_c": 124.51, "omega": 65.25, "M": 0.43, "D": 0.08, "R": 0.11, "sving": 0.32, "os": 0.0, "foss": 0.51, "juv": 0.0, "B": 0.77, "Q": 4.18, "w": 18.35, "h": 0.19, "S": 0.02922, "elv": "Væringsåni", "km": 1.7}}, {"type": "Feature", "geometry": {"type": "LineString", "coordinates": [[7.20024, 59.60172], [7.20104, 59.60094]]}, "properties": {"P": 27.2, "tau": 50.11, "tau_c": 119.15, "omega": 59.56, "M": 0.42, "D": 0.11, "R": 0.11, "sving": 0.44, "os": 0.0, "foss": 0.37, "juv": 0.0, "B": 0.77, "Q": 4.18, "w": 18.42, "h": 0.19, "S": 0.02676, "elv": "Væringsåni", "km": 1.8}}, {"type": "Feature", "geometry": {"type": "LineString", "coordinates": [[7.20104, 59.60094], [7.20198, 59.60028]]}, "properties": {"P": 15.22, "tau": 42.22, "tau_c": 104.99, "omega": 46.65, "M": 0.4, "D": 0.14, "R": 0.09, "sving": 0.29, "os": 0.0, "foss": 0.0, "juv": 0.0, "B": 0.77, "Q": 4.23, "w": 18.48, "h": 0.21, "S": 0.02078, "elv": "Væringsåni", "km": 1.9}}, {"type": "Feature", "geometry": {"type": "LineString", "coordinates": [[7.20198, 59.60028], [7.20185, 59.59943]]}, "properties": {"P": 9.6, "tau": 39.95, "tau_c": 101.14, "omega": 43.07, "M": 0.39, "D": 0.14, "R": 0.08, "sving": 0.06, "os": 0.0, "foss": 0.0, "juv": 0.0, "B": 0.78, "Q": 4.25, "w": 18.64, "h": 0.21, "S": 0.01928, "elv": "Væringsåni", "km": 2.0}}, {"type": "Feature", "geometry": {"type": "LineString", "coordinates": [[7.20185, 59.59943], [7.20223, 59.59862]]}, "properties": {"P": 8.56, "tau": 34.52, "tau_c": 91.62, "omega": 34.88, "M": 0.38, "D": 0.17, "R": 0.07, "sving": 0.01, "os": 0.0, "foss": 0.0, "juv": 0.0, "B": 0.78, "Q": 4.25, "w": 18.91, "h": 0.22, "S": 0.01582, "elv": "Væringsåni", "km": 2.1}}, {"type": "Feature", "geometry": {"type": "LineString", "coordinates": [[7.20223, 59.59862], [7.20328, 59.59792]]}, "properties": {"P": 18.09, "tau": 30.69, "tau_c": 82.15, "omega": 29.69, "M": 0.37, "D": 0.18, "R": 0.07, "sving": 0.39, "os": 0.0, "foss": 0.0, "juv": 0.0, "B": 0.78, "Q": 4.56, "w": 19.15, "h": 0.25, "S": 0.01272, "elv": "Væringsåni", "km": 2.2}}, {"type": "Feature", "geometry": {"type": "LineString", "coordinates": [[7.20328, 59.59792], [7.20424, 59.5972]]}, "properties": {"P": 16.12, "tau": 23.92, "tau_c": 67.57, "omega": 20.87, "M": 0.35, "D": 0.17, "R": 0.06, "sving": 0.34, "os": 0.0, "foss": 0.0, "juv": 0.0, "B": 0.79, "Q": 4.8, "w": 19.4, "h": 0.28, "S": 0.00861, "elv": "Væringsåni", "km": 2.3}}, {"type": "Feature", "geometry": {"type": "LineString", "coordinates": [[7.20424, 59.5972], [7.20561, 59.59671]]}, "properties": {"P": 13.62, "tau": 22.08, "tau_c": 64.08, "omega": 18.58, "M": 0.34, "D": 0.13, "R": 0.05, "sving": 0.3, "os": 0.0, "foss": 0.0, "juv": 0.0, "B": 0.79, "Q": 4.81, "w": 19.67, "h": 0.29, "S": 0.00774, "elv": "Væringsåni", "km": 2.4}}, {"type": "Feature", "geometry": {"type": "LineString", "coordinates": [[7.20561, 59.59671], [7.2072, 59.59634]]}, "properties": {"P": 18.21, "tau": 25.55, "tau_c": 71.27, "omega": 22.9, "M": 0.36, "D": 0.09, "R": 0.06, "sving": 0.52, "os": 0.0, "foss": 0.0, "juv": 0.0, "B": 0.79, "Q": 4.83, "w": 19.82, "h": 0.27, "S": 0.00958, "elv": "Væringsåni", "km": 2.5}}, {"type": "Feature", "geometry": {"type": "LineString", "coordinates": [[7.2072, 59.59634], [7.20893, 59.59624]]}, "properties": {"P": 14.73, "tau": 18.94, "tau_c": 57.25, "omega": 14.93, "M": 0.33, "D": 0.11, "R": 0.04, "sving": 0.38, "os": 0.0, "foss": 0.0, "juv": 0.0, "B": 0.79, "Q": 4.9, "w": 19.89, "h": 0.31, "S": 0.00618, "elv": "Væringsåni", "km": 2.6}}, {"type": "Feature", "geometry": {"type": "LineString", "coordinates": [[7.20893, 59.59624], [7.21055, 59.5966]]}, "properties": {"P": 11.28, "tau": 18.48, "tau_c": 56.21, "omega": 14.41, "M": 0.33, "D": 0.08, "R": 0.04, "sving": 0.29, "os": 0.0, "foss": 0.0, "juv": 0.0, "B": 0.79, "Q": 4.92, "w": 19.94, "h": 0.32, "S": 0.00595, "elv": "Væringsåni", "km": 2.7}}, {"type": "Feature", "geometry": {"type": "LineString", "coordinates": [[7.21055, 59.5966], [7.21217, 59.59696]]}, "properties": {"P": 8.14, "tau": 18.9, "tau_c": 57.04, "omega": 14.88, "M": 0.33, "D": 0.07, "R": 0.04, "sving": 0.17, "os": 0.0, "foss": 0.0, "juv": 0.0, "B": 0.79, "Q": 4.95, "w": 19.99, "h": 0.31, "S": 0.00613, "elv": "Væringsåni", "km": 2.8}}, {"type": "Feature", "geometry": {"type": "LineString", "coordinates": [[7.21217, 59.59696], [7.21383, 59.59726]]}, "properties": {"P": 17.41, "tau": 18.88, "tau_c": 57.04, "omega": 14.87, "M": 0.33, "D": 0.1, "R": 0.04, "sving": 0.5, "os": 0.0, "foss": 0.0, "juv": 0.0, "B": 0.79, "Q": 4.95, "w": 20.03, "h": 0.31, "S": 0.00613, "elv": "Væringsåni", "km": 2.9}}, {"type": "Feature", "geometry": {"type": "LineString", "coordinates": [[7.21383, 59.59726], [7.2155, 59.59755]]}, "properties": {"P": 15.51, "tau": 16.67, "tau_c": 52.19, "omega": 12.43, "M": 0.32, "D": 0.2, "R": 0.04, "sving": 0.31, "os": 0.0, "foss": 0.0, "juv": 0.0, "B": 0.79, "Q": 4.96, "w": 20.08, "h": 0.33, "S": 0.00513, "elv": "Væringsåni", "km": 3.0}}, {"type": "Feature", "geometry": {"type": "LineString", "coordinates": [[6.88677, 59.53701], [6.88577, 59.53768]]}, "properties": {"P": 8.24, "tau": 125.91, "tau_c": 265.91, "omega": 212.55, "M": 0.47, "D": 0.0, "R": 0.16, "sving": 0.36, "os": 0.28, "foss": 0.0, "juv": 0.0, "B": 0.29, "Q": 2.14, "w": 13.19, "h": 0.1, "S": 0.13327, "elv": "Jonsstølåno", "km": 0.0}}, {"type": "Feature", "geometry": {"type": "LineString", "coordinates": [[6.88577, 59.53768], [6.88539, 59.53852]]}, "properties": {"P": 34.89, "tau": 129.08, "tau_c": 270.69, "omega": 220.26, "M": 0.48, "D": 0.0, "R": 0.16, "sving": 0.31, "os": 0.17, "foss": 1.0, "juv": 0.0, "B": 0.64, "Q": 2.15, "w": 13.2, "h": 0.1, "S": 0.13811, "elv": "Jonsstølåno", "km": 0.1}}, {"type": "Feature", "geometry": {"type": "LineString", "coordinates": [[6.88539, 59.53852], [6.88511, 59.53939]]}, "properties": {"P": 31.7, "tau": 130.79, "tau_c": 273.01, "omega": 224.51, "M": 0.48, "D": 0.0, "R": 0.16, "sving": 0.21, "os": 0.11, "foss": 1.0, "juv": 0.0, "B": 0.64, "Q": 2.15, "w": 13.23, "h": 0.09, "S": 0.14048, "elv": "Jonsstølåno", "km": 0.2}}, {"type": "Feature", "geometry": {"type": "LineString", "coordinates": [[6.88511, 59.53939], [6.88506, 59.54025]]}, "properties": {"P": 28.37, "tau": 136.79, "tau_c": 281.21, "omega": 239.59, "M": 0.49, "D": 0.0, "R": 0.17, "sving": 0.06, "os": 0.07, "foss": 1.0, "juv": 0.0, "B": 0.64, "Q": 2.17, "w": 13.25, "h": 0.09, "S": 0.14905, "elv": "Jonsstølåno", "km": 0.3}}, {"type": "Feature", "geometry": {"type": "LineString", "coordinates": [[6.88506, 59.54025], [6.88489, 59.5411]]}, "properties": {"P": 27.13, "tau": 156.91, "tau_c": 310.29, "omega": 291.63, "M": 0.51, "D": 0.0, "R": 0.19, "sving": 0.04, "os": 0.0, "foss": 1.0, "juv": 0.0, "B": 0.64, "Q": 2.18, "w": 13.32, "h": 0.09, "S": 0.18147, "elv": "Jonsstølåno", "km": 0.4}}, {"type": "Feature", "geometry": {"type": "LineString", "coordinates": [[6.88489, 59.5411], [6.8848, 59.54199]]}, "properties": {"P": 28.01, "tau": 144.06, "tau_c": 292.0, "omega": 258.01, "M": 0.49, "D": 0.03, "R": 0.18, "sving": 0.06, "os": 0.0, "foss": 1.0, "juv": 0.0, "B": 0.64, "Q": 2.19, "w": 13.38, "h": 0.09, "S": 0.16071, "elv": "Jonsstølåno", "km": 0.5}}, {"type": "Feature", "geometry": {"type": "LineString", "coordinates": [[6.8848, 59.54199], [6.88437, 59.5428]]}, "properties": {"P": 28.42, "tau": 136.38, "tau_c": 277.96, "omega": 239.32, "M": 0.49, "D": 0.05, "R": 0.18, "sving": 0.06, "os": 0.0, "foss": 1.0, "juv": 0.0, "B": 0.64, "Q": 2.25, "w": 13.44, "h": 0.1, "S": 0.14563, "elv": "Jonsstølåno", "km": 0.6}}, {"type": "Feature", "geometry": {"type": "LineString", "coordinates": [[6.88437, 59.5428], [6.88403, 59.54365]]}, "properties": {"P": 33.67, "tau": 129.15, "tau_c": 267.45, "omega": 221.34, "M": 0.48, "D": 0.07, "R": 0.17, "sving": 0.3, "os": 0.0, "foss": 1.0, "juv": 0.0, "B": 0.64, "Q": 2.26, "w": 13.49, "h": 0.1, "S": 0.13482, "elv": "Jonsstølåno", "km": 0.7}}, {"type": "Feature", "geometry": {"type": "LineString", "coordinates": [[6.88403, 59.54365], [6.8836, 59.54451]]}, "properties": {"P": 34.3, "tau": 126.33, "tau_c": 257.08, "omega": 215.94, "M": 0.49, "D": 0.07, "R": 0.18, "sving": 0.26, "os": 0.05, "foss": 1.0, "juv": 0.0, "B": 0.64, "Q": 2.27, "w": 12.82, "h": 0.1, "S": 0.12457, "elv": "Jonsstølåno", "km": 0.8}}, {"type": "Feature", "geometry": {"type": "LineString", "coordinates": [[6.8836, 59.54451], [6.8823, 59.54508]]}, "properties": {"P": 33.86, "tau": 115.6, "tau_c": 235.37, "omega": 191.48, "M": 0.49, "D": 0.05, "R": 0.18, "sving": 0.26, "os": 0.06, "foss": 1.0, "juv": 0.0, "B": 0.64, "Q": 2.27, "w": 12.12, "h": 0.11, "S": 0.10442, "elv": "Jonsstølåno", "km": 0.9}}, {"type": "Feature", "geometry": {"type": "LineString", "coordinates": [[6.8823, 59.54508], [6.88085, 59.54559]]}, "properties": {"P": 32.73, "tau": 104.09, "tau_c": 212.67, "omega": 165.97, "M": 0.49, "D": 0.03, "R": 0.18, "sving": 0.24, "os": 0.05, "foss": 1.0, "juv": 0.0, "B": 0.64, "Q": 2.27, "w": 11.42, "h": 0.12, "S": 0.08525, "elv": "Jonsstølåno", "km": 1.0}}, {"type": "Feature", "geometry": {"type": "LineString", "coordinates": [[6.88085, 59.54559], [6.87951, 59.54615]]}, "properties": {"P": 39.84, "tau": 153.15, "tau_c": 217.61, "omega": 311.26, "M": 0.7, "D": -0.0, "R": 0.45, "sving": 0.09, "os": 0.0, "foss": 1.0, "juv": 0.0, "B": 0.69, "Q": 3.81, "w": 10.71, "h": 0.17, "S": 0.08926, "elv": "Jonsstølåno", "km": 1.1}}, {"type": "Feature", "geometry": {"type": "LineString", "coordinates": [[6.87951, 59.54615], [6.87812, 59.54671]]}, "properties": {"P": 41.9, "tau": 161.24, "tau_c": 218.89, "omega": 337.67, "M": 0.74, "D": 0.02, "R": 0.5, "sving": 0.09, "os": 0.0, "foss": 1.0, "juv": 0.0, "B": 0.69, "Q": 3.81, "w": 10.0, "h": 0.18, "S": 0.09031, "elv": "Jonsstølåno", "km": 1.2}}, {"type": "Feature", "geometry": {"type": "LineString", "coordinates": [[6.87812, 59.54671], [6.87711, 59.54744]]}, "properties": {"P": 39.28, "tau": 144.54, "tau_c": 215.56, "omega": 284.19, "M": 0.67, "D": 0.04, "R": 0.41, "sving": 0.08, "os": 0.0, "foss": 1.0, "juv": 0.0, "B": 0.69, "Q": 3.82, "w": 11.53, "h": 0.17, "S": 0.08758, "elv": "Jonsstølåno", "km": 1.3}}, {"type": "Feature", "geometry": {"type": "LineString", "coordinates": [[6.87711, 59.54744], [6.87594, 59.5481]]}, "properties": {"P": 36.29, "tau": 137.16, "tau_c": 218.8, "omega": 260.04, "M": 0.63, "D": 0.05, "R": 0.35, "sving": 0.03, "os": 0.0, "foss": 1.0, "juv": 0.0, "B": 0.69, "Q": 3.84, "w": 13.08, "h": 0.15, "S": 0.09023, "elv": "Jonsstølåno", "km": 1.4}}, {"type": "Feature", "geometry": {"type": "LineString", "coordinates": [[6.87594, 59.5481], [6.87487, 59.54881]]}, "properties": {"P": 37.09, "tau": 143.15, "tau_c": 225.38, "omega": 276.58, "M": 0.64, "D": 0.03, "R": 0.36, "sving": 0.07, "os": 0.0, "foss": 1.0, "juv": 0.0, "B": 0.69, "Q": 3.85, "w": 13.08, "h": 0.15, "S": 0.09574, "elv": "Jonsstølåno", "km": 1.5}}, {"type": "Feature", "geometry": {"type": "LineString", "coordinates": [[6.87487, 59.54881], [6.8736, 59.5494]]}, "properties": {"P": 33.95, "tau": 137.21, "tau_c": 228.77, "omega": 257.09, "M": 0.6, "D": 0.01, "R": 0.31, "sving": 0.03, "os": 0.0, "foss": 1.0, "juv": 0.0, "B": 0.69, "Q": 3.89, "w": 14.65, "h": 0.14, "S": 0.09864, "elv": "Jonsstølåno", "km": 1.6}}, {"type": "Feature", "geometry": {"type": "LineString", "coordinates": [[6.8736, 59.5494], [6.87288, 59.5502]]}, "properties": {"P": 33.88, "tau": 146.01, "tau_c": 238.48, "omega": 281.32, "M": 0.61, "D": -0.0, "R": 0.33, "sving": 0.01, "os": 0.0, "foss": 1.0, "juv": 0.0, "B": 0.69, "Q": 3.92, "w": 14.65, "h": 0.14, "S": 0.10719, "elv": "Jonsstølåno", "km": 1.7}}, {"type": "Feature", "geometry": {"type": "LineString", "coordinates": [[6.87288, 59.5502], [6.87161, 59.5508]]}, "properties": {"P": 36.41, "tau": 159.42, "tau_c": 254.1, "omega": 319.04, "M": 0.63, "D": -0.0, "R": 0.35, "sving": 0.1, "os": 0.0, "foss": 1.0, "juv": 0.0, "B": 0.69, "Q": 3.93, "w": 14.69, "h": 0.13, "S": 0.12169, "elv": "Jonsstølåno", "km": 1.8}}, {"type": "Feature", "geometry": {"type": "LineString", "coordinates": [[6.87161, 59.5508], [6.8706, 59.55153]]}, "properties": {"P": 39.86, "tau": 173.4, "tau_c": 256.77, "omega": 364.89, "M": 0.68, "D": 0.0, "R": 0.41, "sving": 0.14, "os": 0.0, "foss": 1.0, "juv": 0.0, "B": 0.69, "Q": 3.93, "w": 13.14, "h": 0.14, "S": 0.12426, "elv": "Jonsstølåno", "km": 1.9}}, {"type": "Feature", "geometry": {"type": "LineString", "coordinates": [[6.8706, 59.55153], [6.86982, 59.55214]]}, "properties": {"P": 37.95, "tau": 163.81, "tau_c": 246.18, "omega": 336.43, "M": 0.67, "D": 0.04, "R": 0.4, "sving": 0.03, "os": 0.0, "foss": 1.0, "juv": 0.0, "B": 0.69, "Q": 3.95, "w": 13.14, "h": 0.15, "S": 0.11423, "elv": "Jonsstølåno", "km": 2.0}}, {"type": "Feature", "geometry": {"type": "LineString", "coordinates": [[6.86982, 59.55214], [6.86855, 59.55276]]}, "properties": {"P": 41.95, "tau": 154.67, "tau_c": 236.21, "omega": 309.86, "M": 0.65, "D": 0.1, "R": 0.39, "sving": 0.16, "os": 0.0, "foss": 1.0, "juv": 0.0, "B": 0.69, "Q": 3.95, "w": 13.16, "h": 0.15, "S": 0.10516, "elv": "Jonsstølåno", "km": 2.1}}, {"type": "Feature", "geometry": {"type": "LineString", "coordinates": [[6.86855, 59.55276], [6.86738, 59.5534]]}, "properties": {"P": 42.55, "tau": 133.88, "tau_c": 223.78, "omega": 248.56, "M": 0.6, "D": 0.18, "R": 0.31, "sving": 0.12, "os": 0.08, "foss": 1.0, "juv": 0.0, "B": 0.7, "Q": 3.96, "w": 14.75, "h": 0.14, "S": 0.09438, "elv": "Jonsstølåno", "km": 2.2}}, {"type": "Feature", "geometry": {"type": "LineString", "coordinates": [[6.86738, 59.5534], [6.86589, 59.55385]]}, "properties": {"P": 42.5, "tau": 107.14, "tau_c": 190.69, "omega": 180.62, "M": 0.56, "D": 0.22, "R": 0.26, "sving": 0.09, "os": 0.13, "foss": 1.0, "juv": 0.0, "B": 0.7, "Q": 3.97, "w": 14.76, "h": 0.16, "S": 0.06854, "elv": "Jonsstølåno", "km": 2.3}}, {"type": "Feature", "geometry": {"type": "LineString", "coordinates": [[6.86589, 59.55385], [6.86456, 59.55439]]}, "properties": {"P": 44.73, "tau": 84.79, "tau_c": 168.52, "omega": 127.59, "M": 0.5, "D": 0.21, "R": 0.19, "sving": 0.24, "os": 0.21, "foss": 1.0, "juv": 0.0, "B": 0.7, "Q": 3.97, "w": 16.35, "h": 0.16, "S": 0.05352, "elv": "Jonsstølåno", "km": 2.4}}, {"type": "Feature", "geometry": {"type": "LineString", "coordinates": [[6.86456, 59.55439], [6.86361, 59.55513]]}, "properties": {"P": 38.73, "tau": 75.84, "tau_c": 162.6, "omega": 107.41, "M": 0.47, "D": 0.13, "R": 0.15, "sving": 0.01, "os": 0.34, "foss": 1.0, "juv": 0.0, "B": 0.7, "Q": 3.98, "w": 18.1, "h": 0.16, "S": 0.04983, "elv": "Jonsstølåno", "km": 2.5}}, {"type": "Feature", "geometry": {"type": "LineString", "coordinates": [[6.86361, 59.55513], [6.86205, 59.55527]]}, "properties": {"P": 41.81, "tau": 82.86, "tau_c": 166.35, "omega": 123.33, "M": 0.5, "D": 0.05, "R": 0.18, "sving": 0.05, "os": 0.5, "foss": 1.0, "juv": 0.0, "B": 0.7, "Q": 3.98, "w": 16.51, "h": 0.16, "S": 0.05216, "elv": "Jonsstølåno", "km": 2.6}}, {"type": "Feature", "geometry": {"type": "LineString", "coordinates": [[6.86205, 59.55527], [6.86073, 59.55571]]}, "properties": {"P": 50.24, "tau": 87.2, "tau_c": 167.81, "omega": 133.87, "M": 0.52, "D": 0.0, "R": 0.21, "sving": 0.15, "os": 0.79, "foss": 1.0, "juv": 0.0, "B": 0.7, "Q": 4.33, "w": 16.83, "h": 0.17, "S": 0.05308, "elv": "Jonsstølåno", "km": 2.7}}, {"type": "Feature", "geometry": {"type": "LineString", "coordinates": [[6.86073, 59.55571], [6.85951, 59.55635]]}, "properties": {"P": 65.1, "tau": 138.73, "tau_c": 227.7, "omega": 262.69, "M": 0.61, "D": 0.0, "R": 0.32, "sving": 0.63, "os": 0.76, "foss": 1.0, "juv": 0.0, "B": 0.71, "Q": 4.7, "w": 17.14, "h": 0.14, "S": 0.09773, "elv": "Jonsstølåno", "km": 2.8}}, {"type": "Feature", "geometry": {"type": "LineString", "coordinates": [[6.85951, 59.55635], [6.85926, 59.55704]]}, "properties": {"P": 54.84, "tau": 166.9, "tau_c": 261.94, "omega": 341.59, "M": 0.64, "D": 0.0, "R": 0.36, "sving": 0.4, "os": 0.46, "foss": 1.0, "juv": 0.0, "B": 0.71, "Q": 4.7, "w": 17.46, "h": 0.13, "S": 0.12933, "elv": "Jonsstølåno", "km": 2.9}}, {"type": "Feature", "geometry": {"type": "LineString", "coordinates": [[6.85926, 59.55704], [6.85972, 59.55785]]}, "properties": {"P": 49.17, "tau": 161.22, "tau_c": 256.55, "omega": 324.68, "M": 0.63, "D": 0.03, "R": 0.35, "sving": 0.27, "os": 0.32, "foss": 1.0, "juv": 0.0, "B": 0.71, "Q": 4.7, "w": 17.63, "h": 0.13, "S": 0.12406, "elv": "Jonsstølåno", "km": 3.0}}, {"type": "Feature", "geometry": {"type": "LineString", "coordinates": [[6.85972, 59.55785], [6.85985, 59.5587]]}, "properties": {"P": 48.49, "tau": 147.43, "tau_c": 253.2, "omega": 281.4, "M": 0.58, "D": 0.03, "R": 0.29, "sving": 0.3, "os": 0.35, "foss": 1.0, "juv": 0.0, "B": 0.71, "Q": 4.72, "w": 19.89, "h": 0.12, "S": 0.12084, "elv": "Jonsstølåno", "km": 3.1}}, {"type": "Feature", "geometry": {"type": "LineString", "coordinates": [[6.85985, 59.5587], [6.85978, 59.55957]]}, "properties": {"P": 58.72, "tau": 143.01, "tau_c": 248.05, "omega": 269.33, "M": 0.58, "D": 0.07, "R": 0.28, "sving": 0.51, "os": 0.57, "foss": 1.0, "juv": 0.0, "B": 0.71, "Q": 4.73, "w": 19.99, "h": 0.13, "S": 0.11597, "elv": "Jonsstølåno", "km": 3.2}}, {"type": "Feature", "geometry": {"type": "LineString", "coordinates": [[6.85978, 59.55957], [6.85835, 59.56005]]}, "properties": {"P": 63.84, "tau": 154.36, "tau_c": 245.79, "omega": 306.63, "M": 0.63, "D": 0.12, "R": 0.35, "sving": 0.14, "os": 0.92, "foss": 1.0, "juv": 0.0, "B": 0.73, "Q": 5.59, "w": 20.36, "h": 0.14, "S": 0.11387, "elv": "Jonsstølåno", "km": 3.3}}, {"type": "Feature", "geometry": {"type": "LineString", "coordinates": [[6.85835, 59.56005], [6.85682, 59.56047]]}, "properties": {"P": 50.45, "tau": 108.32, "tau_c": 191.48, "omega": 184.43, "M": 0.57, "D": 0.2, "R": 0.27, "sving": 0.15, "os": 0.63, "foss": 0.72, "juv": 0.0, "B": 0.73, "Q": 5.64, "w": 20.72, "h": 0.16, "S": 0.06911, "elv": "Jonsstølåno", "km": 3.4}}, {"type": "Feature", "geometry": {"type": "LineString", "coordinates": [[6.85682, 59.56047], [6.85632, 59.56127]]}, "properties": {"P": 45.8, "tau": 70.75, "tau_c": 142.17, "omega": 99.99, "M": 0.5, "D": 0.16, "R": 0.18, "sving": 0.1, "os": 0.39, "foss": 1.0, "juv": 0.0, "B": 0.73, "Q": 5.64, "w": 21.09, "h": 0.19, "S": 0.0381, "elv": "Jonsstølåno", "km": 3.5}}, {"type": "Feature", "geometry": {"type": "LineString", "coordinates": [[6.85632, 59.56127], [6.85557, 59.56206]]}, "properties": {"P": 41.22, "tau": 93.69, "tau_c": 172.87, "omega": 149.75, "M": 0.54, "D": 0.09, "R": 0.24, "sving": 0.03, "os": 0.27, "foss": 1.0, "juv": 0.0, "B": 0.73, "Q": 5.65, "w": 20.84, "h": 0.17, "S": 0.05633, "elv": "Jonsstølåno", "km": 3.6}}, {"type": "Feature", "geometry": {"type": "LineString", "coordinates": [[6.85557, 59.56206], [6.85395, 59.56233]]}, "properties": {"P": 44.84, "tau": 122.52, "tau_c": 210.5, "omega": 219.61, "M": 0.58, "D": 0.0, "R": 0.29, "sving": 0.32, "os": 0.17, "foss": 1.0, "juv": 0.0, "B": 0.73, "Q": 5.66, "w": 21.12, "h": 0.15, "S": 0.08352, "elv": "Jonsstølåno", "km": 3.7}}, {"type": "Feature", "geometry": {"type": "LineString", "coordinates": [[6.85395, 59.56233], [6.85248, 59.56281]]}, "properties": {"P": 41.33, "tau": 136.78, "tau_c": 227.78, "omega": 257.1, "M": 0.6, "D": 0.0, "R": 0.31, "sving": 0.18, "os": 0.11, "foss": 1.0, "juv": 0.0, "B": 0.73, "Q": 5.67, "w": 21.14, "h": 0.14, "S": 0.09779, "elv": "Jonsstølåno", "km": 3.8}}, {"type": "Feature", "geometry": {"type": "LineString", "coordinates": [[6.85248, 59.56281], [6.85101, 59.56313]]}, "properties": {"P": 43.82, "tau": 162.19, "tau_c": 244.77, "omega": 333.01, "M": 0.66, "D": 0.0, "R": 0.4, "sving": 0.13, "os": 0.13, "foss": 1.0, "juv": 0.0, "B": 0.73, "Q": 5.67, "w": 18.86, "h": 0.15, "S": 0.11293, "elv": "Jonsstølåno", "km": 3.9}}, {"type": "Feature", "geometry": {"type": "LineString", "coordinates": [[6.85101, 59.56313], [6.8496, 59.56366]]}, "properties": {"P": 45.43, "tau": 187.73, "tau_c": 269.62, "omega": 411.56, "M": 0.7, "D": 0.0, "R": 0.44, "sving": 0.05, "os": 0.21, "foss": 1.0, "juv": 0.0, "B": 0.73, "Q": 5.69, "w": 18.58, "h": 0.14, "S": 0.13702, "elv": "Jonsstølåno", "km": 4.0}}, {"type": "Feature", "geometry": {"type": "LineString", "coordinates": [[6.8496, 59.56366], [6.84821, 59.56421]]}, "properties": {"P": 51.24, "tau": 182.72, "tau_c": 271.35, "omega": 392.95, "M": 0.67, "D": 0.03, "R": 0.41, "sving": 0.19, "os": 0.34, "foss": 1.0, "juv": 0.0, "B": 0.73, "Q": 5.69, "w": 19.72, "h": 0.13, "S": 0.13878, "elv": "Jonsstølåno", "km": 4.1}}, {"type": "Feature", "geometry": {"type": "LineString", "coordinates": [[6.84821, 59.56421], [6.84686, 59.56479]]}, "properties": {"P": 61.36, "tau": 160.58, "tau_c": 251.96, "omega": 324.84, "M": 0.64, "D": 0.08, "R": 0.36, "sving": 0.43, "os": 0.56, "foss": 1.0, "juv": 0.0, "B": 0.73, "Q": 5.69, "w": 20.57, "h": 0.14, "S": 0.11966, "elv": "Jonsstølåno", "km": 4.2}}, {"type": "Feature", "geometry": {"type": "LineString", "coordinates": [[6.84686, 59.56479], [6.84584, 59.56547]]}, "properties": {"P": 78.02, "tau": 157.75, "tau_c": 216.89, "omega": 330.73, "M": 0.73, "D": 0.13, "R": 0.48, "sving": 0.38, "os": 0.92, "foss": 1.0, "juv": 0.0, "B": 0.76, "Q": 8.14, "w": 21.42, "h": 0.18, "S": 0.08866, "elv": "Jonsstølåno", "km": 4.3}}, {"type": "Feature", "geometry": {"type": "LineString", "coordinates": [[6.84584, 59.56547], [6.84621, 59.56633]]}, "properties": {"P": 68.31, "tau": 127.47, "tau_c": 197.61, "omega": 239.55, "M": 0.65, "D": 0.22, "R": 0.37, "sving": 0.28, "os": 0.68, "foss": 1.0, "juv": 0.0, "B": 0.76, "Q": 8.15, "w": 24.56, "h": 0.18, "S": 0.0736, "elv": "Jonsstølåno", "km": 4.4}}, {"type": "Feature", "geometry": {"type": "LineString", "coordinates": [[6.84621, 59.56633], [6.84638, 59.5672]]}, "properties": {"P": 53.13, "tau": 100.32, "tau_c": 169.71, "omega": 169.04, "M": 0.59, "D": 0.27, "R": 0.3, "sving": 0.2, "os": 0.45, "foss": 0.72, "juv": 0.0, "B": 0.76, "Q": 8.16, "w": 25.7, "h": 0.19, "S": 0.05428, "elv": "Jonsstølåno", "km": 4.5}}, {"type": "Feature", "geometry": {"type": "LineString", "coordinates": [[6.84638, 59.5672], [6.84616, 59.56809]]}, "properties": {"P": 39.27, "tau": 62.76, "tau_c": 121.29, "omega": 86.33, "M": 0.52, "D": 0.33, "R": 0.21, "sving": 0.08, "os": 0.28, "foss": 0.51, "juv": 0.0, "B": 0.76, "Q": 8.16, "w": 25.7, "h": 0.23, "S": 0.02773, "elv": "Jonsstølåno", "km": 4.6}}, {"type": "Feature", "geometry": {"type": "LineString", "coordinates": [[6.84616, 59.56809], [6.84595, 59.56897]]}, "properties": {"P": 33.46, "tau": 60.16, "tau_c": 117.67, "omega": 81.25, "M": 0.51, "D": 0.26, "R": 0.2, "sving": 0.14, "os": 0.2, "foss": 0.37, "juv": 0.0, "B": 0.76, "Q": 8.16, "w": 25.71, "h": 0.23, "S": 0.0261, "elv": "Jonsstølåno", "km": 4.7}}, {"type": "Feature", "geometry": {"type": "LineString", "coordinates": [[6.84595, 59.56897], [6.84596, 59.56986]]}, "properties": {"P": 25.38, "tau": 48.56, "tau_c": 101.76, "omega": 59.64, "M": 0.48, "D": 0.2, "R": 0.16, "sving": 0.19, "os": 0.33, "foss": 0.0, "juv": 0.0, "B": 0.76, "Q": 8.16, "w": 26.19, "h": 0.25, "S": 0.01952, "elv": "Jonsstølåno", "km": 4.8}}, {"type": "Feature", "geometry": {"type": "LineString", "coordinates": [[6.84596, 59.56986], [6.84546, 59.57071]]}, "properties": {"P": 50.29, "tau": 44.69, "tau_c": 100.07, "omega": 52.31, "M": 0.45, "D": 0.1, "R": 0.13, "sving": 0.22, "os": 0.54, "foss": 1.0, "juv": 0.0, "B": 0.76, "Q": 8.16, "w": 28.87, "h": 0.24, "S": 0.01887, "elv": "Jonsstølåno", "km": 4.9}}, {"type": "Feature", "geometry": {"type": "LineString", "coordinates": [[6.84546, 59.57071], [6.84447, 59.5714]]}, "properties": {"P": 47.52, "tau": 45.52, "tau_c": 95.06, "omega": 54.82, "M": 0.48, "D": 0.05, "R": 0.16, "sving": 0.01, "os": 0.89, "foss": 0.72, "juv": 0.0, "B": 0.78, "Q": 9.75, "w": 29.73, "h": 0.27, "S": 0.01703, "elv": "Jonsstølåno", "km": 5.0}}, {"type": "Feature", "geometry": {"type": "LineString", "coordinates": [[6.84447, 59.5714], [6.84333, 59.57207]]}, "properties": {"P": 52.53, "tau": 61.5, "tau_c": 91.95, "omega": 91.15, "M": 0.67, "D": 0.0, "R": 0.4, "sving": 0.12, "os": 0.68, "foss": 0.51, "juv": 0.0, "B": 0.84, "Q": 18.91, "w": 32.43, "h": 0.39, "S": 0.01594, "elv": "Jonsstølåno", "km": 5.1}}, {"type": "Feature", "geometry": {"type": "LineString", "coordinates": [[6.84333, 59.57207], [6.84329, 59.57297]]}, "properties": {"P": 44.14, "tau": 55.64, "tau_c": 88.65, "omega": 78.23, "M": 0.63, "D": 0.02, "R": 0.35, "sving": 0.28, "os": 0.42, "foss": 0.37, "juv": 0.0, "B": 0.84, "Q": 18.92, "w": 35.13, "h": 0.38, "S": 0.01481, "elv": "Jonsstølåno", "km": 5.2}}, {"type": "Feature", "geometry": {"type": "LineString", "coordinates": [[6.84329, 59.57297], [6.8423, 59.57368]]}, "properties": {"P": 28.88, "tau": 42.72, "tau_c": 75.25, "omega": 53.19, "M": 0.57, "D": 0.02, "R": 0.27, "sving": 0.34, "os": 0.27, "foss": 0.0, "juv": 0.0, "B": 0.84, "Q": 18.98, "w": 37.36, "h": 0.41, "S": 0.01067, "elv": "Jonsstølåno", "km": 5.3}}, {"type": "Feature", "geometry": {"type": "LineString", "coordinates": [[6.8423, 59.57368], [6.84066, 59.57384]]}, "properties": {"P": 34.78, "tau": 55.29, "tau_c": 86.32, "omega": 77.98, "M": 0.64, "D": 0.02, "R": 0.37, "sving": 0.51, "os": 0.17, "foss": 0.0, "juv": 0.0, "B": 0.84, "Q": 18.98, "w": 33.54, "h": 0.4, "S": 0.01404, "elv": "Jonsstølåno", "km": 5.4}}, {"type": "Feature", "geometry": {"type": "LineString", "coordinates": [[6.84066, 59.57384], [6.83893, 59.5738]]}, "properties": {"P": 28.65, "tau": 57.22, "tau_c": 86.01, "omega": 82.54, "M": 0.67, "D": 0.0, "R": 0.4, "sving": 0.3, "os": 0.12, "foss": 0.0, "juv": 0.0, "B": 0.84, "Q": 19.03, "w": 31.54, "h": 0.42, "S": 0.01394, "elv": "Jonsstølåno", "km": 5.5}}, {"type": "Feature", "geometry": {"type": "LineString", "coordinates": [[6.83893, 59.5738], [6.83719, 59.57395]]}, "properties": {"P": 27.1, "tau": 85.45, "tau_c": 108.25, "omega": 148.95, "M": 0.79, "D": 0.0, "R": 0.56, "sving": 0.0, "os": 0.09, "foss": 0.0, "juv": 0.0, "B": 0.84, "Q": 19.04, "w": 27.69, "h": 0.39, "S": 0.02209, "elv": "Jonsstølåno", "km": 5.6}}, {"type": "Feature", "geometry": {"type": "LineString", "coordinates": [[6.83719, 59.57395], [6.83546, 59.57409]]}, "properties": {"P": 33.35, "tau": 104.2, "tau_c": 116.77, "omega": 201.34, "M": 0.89, "D": 0.0, "R": 0.69, "sving": 0.06, "os": 0.06, "foss": 0.0, "juv": 0.0, "B": 0.84, "Q": 19.05, "w": 23.85, "h": 0.41, "S": 0.0257, "elv": "Jonsstølåno", "km": 5.7}}, {"type": "Feature", "geometry": {"type": "LineString", "coordinates": [[6.83546, 59.57409], [6.83373, 59.57426]]}, "properties": {"P": 62.8, "tau": 140.23, "tau_c": 139.35, "omega": 311.22, "M": 1.01, "D": 0.0, "R": 0.8, "sving": 0.05, "os": 0.0, "foss": 1.0, "juv": 0.0, "B": 0.84, "Q": 19.07, "w": 22.0, "h": 0.39, "S": 0.0366, "elv": "Jonsstølåno", "km": 5.8}}, {"type": "Feature", "geometry": {"type": "LineString", "coordinates": [[6.83373, 59.57426], [6.83199, 59.57436]]}, "properties": {"P": 63.99, "tau": 153.52, "tau_c": 148.68, "omega": 354.49, "M": 1.03, "D": 0.0, "R": 0.82, "sving": 0.05, "os": 0.0, "foss": 1.0, "juv": 0.0, "B": 0.84, "Q": 19.08, "w": 22.0, "h": 0.38, "S": 0.04166, "elv": "Jonsstølåno", "km": 5.9}}, {"type": "Feature", "geometry": {"type": "LineString", "coordinates": [[6.83199, 59.57436], [6.83031, 59.57463]]}, "properties": {"P": 64.93, "tau": 167.1, "tau_c": 157.95, "omega": 400.43, "M": 1.06, "D": 0.0, "R": 0.84, "sving": 0.06, "os": 0.0, "foss": 1.0, "juv": 0.0, "B": 0.84, "Q": 19.1, "w": 22.0, "h": 0.36, "S": 0.04702, "elv": "Jonsstølåno", "km": 6.0}}, {"type": "Feature", "geometry": {"type": "LineString", "coordinates": [[6.80734, 59.6508], [6.80799, 59.65]]}, "properties": {"P": 40.52, "tau": 61.02, "tau_c": 51.33, "omega": 108.54, "M": 1.19, "D": 0.0, "R": 0.93, "sving": 0.3, "os": 0.84, "foss": 0.0, "juv": 0.0, "B": 0.48, "Q": 160.43, "w": 72.0, "h": 1.25, "S": 0.00497, "elv": "Brattlandsdalåa", "km": 0.0}}, {"type": "Feature", "geometry": {"type": "LineString", "coordinates": [[6.80799, 59.65], [6.80869, 59.6492]]}, "properties": {"P": 59.01, "tau": 63.01, "tau_c": 53.17, "omega": 113.31, "M": 1.19, "D": 0.02, "R": 0.93, "sving": 0.35, "os": 0.72, "foss": 0.0, "juv": 0.0, "B": 0.72, "Q": 160.44, "w": 74.0, "h": 1.21, "S": 0.00533, "elv": "Brattlandsdalåa", "km": 0.1}}, {"type": "Feature", "geometry": {"type": "LineString", "coordinates": [[6.80869, 59.6492], [6.80995, 59.64858]]}, "properties": {"P": 52.42, "tau": 59.72, "tau_c": 53.19, "omega": 103.9, "M": 1.12, "D": 0.05, "R": 0.89, "sving": 0.34, "os": 0.45, "foss": 0.0, "juv": 0.0, "B": 0.72, "Q": 160.47, "w": 80.8, "h": 1.14, "S": 0.00533, "elv": "Brattlandsdalåa", "km": 0.2}}, {"type": "Feature", "geometry": {"type": "LineString", "coordinates": [[6.80995, 59.64858], [6.81148, 59.64816]]}, "properties": {"P": 48.08, "tau": 56.81, "tau_c": 53.19, "omega": 95.83, "M": 1.07, "D": 0.09, "R": 0.85, "sving": 0.33, "os": 0.28, "foss": 0.0, "juv": 0.0, "B": 0.72, "Q": 160.48, "w": 87.61, "h": 1.09, "S": 0.00533, "elv": "Brattlandsdalåa", "km": 0.3}}, {"type": "Feature", "geometry": {"type": "LineString", "coordinates": [[6.81148, 59.64816], [6.81317, 59.64792]]}, "properties": {"P": 41.56, "tau": 49.97, "tau_c": 51.52, "omega": 78.44, "M": 0.97, "D": 0.11, "R": 0.77, "sving": 0.25, "os": 0.18, "foss": 0.0, "juv": 0.0, "B": 0.72, "Q": 160.49, "w": 100.42, "h": 1.02, "S": 0.005, "elv": "Brattlandsdalåa", "km": 0.4}}, {"type": "Feature", "geometry": {"type": "LineString", "coordinates": [[6.99424, 59.54462], [6.99588, 59.54495]]}, "properties": {"P": 18.93, "tau": 33.98, "tau_c": 100.01, "omega": 32.96, "M": 0.34, "D": 0.01, "R": 0.05, "sving": 0.19, "os": 0.0, "foss": 1.0, "juv": 0.0, "B": 0.47, "Q": 2.62, "w": 14.68, "h": 0.18, "S": 0.01885, "elv": "bekk", "km": 0.0}}, {"type": "Feature", "geometry": {"type": "LineString", "coordinates": [[6.99588, 59.54495], [6.99754, 59.54525]]}, "properties": {"P": 15.37, "tau": 31.77, "tau_c": 94.44, "omega": 30.01, "M": 0.34, "D": 0.04, "R": 0.04, "sving": 0.2, "os": 0.0, "foss": 0.72, "juv": 0.0, "B": 0.47, "Q": 2.69, "w": 14.77, "h": 0.19, "S": 0.01681, "elv": "bekk", "km": 0.1}}, {"type": "Feature", "geometry": {"type": "LineString", "coordinates": [[6.99754, 59.54525], [6.99929, 59.54536]]}, "properties": {"P": 11.42, "tau": 31.53, "tau_c": 92.96, "omega": 29.79, "M": 0.34, "D": 0.04, "R": 0.05, "sving": 0.13, "os": 0.0, "foss": 0.51, "juv": 0.0, "B": 0.47, "Q": 2.77, "w": 14.86, "h": 0.2, "S": 0.01629, "elv": "bekk", "km": 0.2}}, {"type": "Feature", "geometry": {"type": "LineString", "coordinates": [[6.99929, 59.54536], [7.00105, 59.54535]]}, "properties": {"P": 8.71, "tau": 27.69, "tau_c": 84.86, "omega": 24.71, "M": 0.33, "D": 0.03, "R": 0.04, "sving": 0.12, "os": 0.0, "foss": 0.37, "juv": 0.0, "B": 0.47, "Q": 2.77, "w": 14.95, "h": 0.21, "S": 0.01357, "elv": "bekk", "km": 0.3}}, {"type": "Feature", "geometry": {"type": "LineString", "coordinates": [[7.00105, 59.54535], [7.00281, 59.54538]]}, "properties": {"P": 2.19, "tau": 44.06, "tau_c": 118.53, "omega": 48.11, "M": 0.37, "D": 0.0, "R": 0.07, "sving": 0.04, "os": 0.0, "foss": 0.0, "juv": 0.0, "B": 0.47, "Q": 2.78, "w": 15.01, "h": 0.17, "S": 0.02648, "elv": "bekk", "km": 0.4}}, {"type": "Feature", "geometry": {"type": "LineString", "coordinates": [[7.00281, 59.54538], [7.00458, 59.5454]]}, "properties": {"P": 2.0, "tau": 47.11, "tau_c": 124.23, "omega": 52.96, "M": 0.38, "D": 0.0, "R": 0.07, "sving": 0.02, "os": 0.0, "foss": 0.0, "juv": 0.0, "B": 0.47, "Q": 2.79, "w": 15.02, "h": 0.17, "S": 0.02909, "elv": "bekk", "km": 0.5}}, {"type": "Feature", "geometry": {"type": "LineString", "coordinates": [[7.00458, 59.5454], [7.00634, 59.54542]]}, "properties": {"P": 20.85, "tau": 54.75, "tau_c": 138.48, "omega": 65.68, "M": 0.4, "D": 0.0, "R": 0.08, "sving": 0.28, "os": 0.0, "foss": 1.0, "juv": 0.0, "B": 0.47, "Q": 2.79, "w": 15.07, "h": 0.15, "S": 0.03615, "elv": "bekk", "km": 0.6}}, {"type": "Feature", "geometry": {"type": "LineString", "coordinates": [[7.00634, 59.54542], [7.0081, 59.54545]]}, "properties": {"P": 21.1, "tau": 59.81, "tau_c": 147.91, "omega": 74.51, "M": 0.4, "D": 0.0, "R": 0.09, "sving": 0.29, "os": 0.0, "foss": 1.0, "juv": 0.0, "B": 0.47, "Q": 2.8, "w": 15.21, "h": 0.15, "S": 0.04124, "elv": "bekk", "km": 0.7}}, {"type": "Feature", "geometry": {"type": "LineString", "coordinates": [[7.0081, 59.54545], [7.00916, 59.546]]}, "properties": {"P": 22.81, "tau": 66.88, "tau_c": 159.57, "omega": 87.56, "M": 0.42, "D": 0.0, "R": 0.1, "sving": 0.39, "os": 0.0, "foss": 1.0, "juv": 0.0, "B": 0.47, "Q": 2.85, "w": 15.34, "h": 0.14, "S": 0.04799, "elv": "bekk", "km": 0.8}}, {"type": "Feature", "geometry": {"type": "LineString", "coordinates": [[7.03899, 59.53847], [7.0406, 59.53815]]}, "properties": {"P": 10.0, "tau": 69.82, "tau_c": 199.52, "omega": 87.25, "M": 0.35, "D": 0.0, "R": 0.05, "sving": 0.11, "os": 0.0, "foss": 1.0, "juv": 0.0, "B": 0.27, "Q": 1.14, "w": 9.63, "h": 0.09, "S": 0.07503, "elv": "bekk", "km": 0.0}}, {"type": "Feature", "geometry": {"type": "LineString", "coordinates": [[7.0406, 59.53815], [7.04224, 59.53785]]}, "properties": {"P": 26.04, "tau": 85.88, "tau_c": 231.29, "omega": 117.42, "M": 0.37, "D": 0.0, "R": 0.07, "sving": 0.19, "os": 0.0, "foss": 1.0, "juv": 0.0, "B": 0.64, "Q": 1.15, "w": 9.65, "h": 0.09, "S": 0.10083, "elv": "bekk", "km": 0.1}}, {"type": "Feature", "geometry": {"type": "LineString", "coordinates": [[7.04224, 59.53785], [7.04375, 59.53741]]}, "properties": {"P": 23.75, "tau": 100.46, "tau_c": 257.77, "omega": 147.18, "M": 0.39, "D": 0.0, "R": 0.08, "sving": 0.05, "os": 0.0, "foss": 1.0, "juv": 0.0, "B": 0.64, "Q": 1.16, "w": 9.67, "h": 0.08, "S": 0.12524, "elv": "bekk", "km": 0.2}}, {"type": "Feature", "geometry": {"type": "LineString", "coordinates": [[7.04375, 59.53741], [7.04548, 59.53743]]}, "properties": {"P": 23.33, "tau": 109.63, "tau_c": 274.27, "omega": 166.83, "M": 0.4, "D": 0.0, "R": 0.09, "sving": 0.02, "os": 0.0, "foss": 1.0, "juv": 0.0, "B": 0.64, "Q": 1.16, "w": 9.69, "h": 0.08, "S": 0.14178, "elv": "bekk", "km": 0.3}}, {"type": "Feature", "geometry": {"type": "LineString", "coordinates": [[7.04548, 59.53743], [7.04701, 59.53699]]}, "properties": {"P": 24.84, "tau": 118.17, "tau_c": 289.87, "omega": 185.68, "M": 0.41, "D": 0.0, "R": 0.09, "sving": 0.08, "os": 0.0, "foss": 1.0, "juv": 0.0, "B": 0.64, "Q": 1.16, "w": 9.73, "h": 0.08, "S": 0.15837, "elv": "bekk", "km": 0.4}}, {"type": "Feature", "geometry": {"type": "LineString", "coordinates": [[7.04701, 59.53699], [7.04861, 59.53665]]}, "properties": {"P": 23.62, "tau": 121.23, "tau_c": 295.63, "omega": 192.52, "M": 0.41, "D": 0.0, "R": 0.1, "sving": 0.02, "os": 0.0, "foss": 1.0, "juv": 0.0, "B": 0.64, "Q": 1.16, "w": 9.77, "h": 0.08, "S": 0.16473, "elv": "bekk", "km": 0.5}}, {"type": "Feature", "geometry": {"type": "LineString", "coordinates": [[7.04861, 59.53665], [7.04993, 59.53645]]}, "properties": {"P": 31.51, "tau": 122.64, "tau_c": 295.05, "omega": 196.38, "M": 0.42, "D": 0.01, "R": 0.1, "sving": 0.38, "os": 0.0, "foss": 1.0, "juv": 0.0, "B": 0.64, "Q": 1.2, "w": 9.81, "h": 0.08, "S": 0.16408, "elv": "bekk", "km": 0.6}}, {"type": "Feature", "geometry": {"type": "LineString", "coordinates": [[7.04993, 59.53645], [7.05144, 59.53649]]}, "properties": {"P": 26.59, "tau": 116.96, "tau_c": 285.21, "omega": 183.5, "M": 0.41, "D": 0.03, "R": 0.1, "sving": 0.12, "os": 0.0, "foss": 1.0, "juv": 0.0, "B": 0.64, "Q": 1.2, "w": 9.87, "h": 0.08, "S": 0.15332, "elv": "bekk", "km": 0.7}}, {"type": "Feature", "geometry": {"type": "LineString", "coordinates": [[7.05144, 59.53649], [7.0529, 59.53691]]}, "properties": {"P": 27.31, "tau": 113.5, "tau_c": 278.89, "omega": 175.83, "M": 0.41, "D": 0.04, "R": 0.09, "sving": 0.14, "os": 0.0, "foss": 1.0, "juv": 0.0, "B": 0.64, "Q": 1.21, "w": 9.94, "h": 0.08, "S": 0.1466, "elv": "bekk", "km": 0.8}}, {"type": "Feature", "geometry": {"type": "LineString", "coordinates": [[7.0529, 59.53691], [7.05465, 59.53685]]}, "properties": {"P": 25.3, "tau": 109.88, "tau_c": 271.22, "omega": 168.1, "M": 0.41, "D": 0.03, "R": 0.09, "sving": 0.06, "os": 0.0, "foss": 1.0, "juv": 0.0, "B": 0.65, "Q": 1.23, "w": 9.99, "h": 0.08, "S": 0.13865, "elv": "bekk", "km": 0.9}}, {"type": "Feature", "geometry": {"type": "LineString", "coordinates": [[7.05465, 59.53685], [7.05634, 59.53692]]}, "properties": {"P": 28.21, "tau": 106.58, "tau_c": 265.08, "omega": 160.99, "M": 0.4, "D": 0.01, "R": 0.09, "sving": 0.22, "os": 0.0, "foss": 1.0, "juv": 0.0, "B": 0.65, "Q": 1.25, "w": 10.05, "h": 0.08, "S": 0.13244, "elv": "bekk", "km": 1.0}}, {"type": "Feature", "geometry": {"type": "LineString", "coordinates": [[7.05634, 59.53692], [7.05806, 59.53685]]}, "properties": {"P": 27.01, "tau": 113.22, "tau_c": 275.9, "omega": 175.73, "M": 0.41, "D": 0.0, "R": 0.1, "sving": 0.11, "os": 0.06, "foss": 1.0, "juv": 0.0, "B": 0.65, "Q": 1.26, "w": 10.11, "h": 0.08, "S": 0.14347, "elv": "bekk", "km": 1.1}}, {"type": "Feature", "geometry": {"type": "LineString", "coordinates": [[7.05806, 59.53685], [7.05973, 59.53677]]}, "properties": {"P": 27.57, "tau": 116.43, "tau_c": 280.37, "omega": 183.14, "M": 0.42, "D": 0.0, "R": 0.1, "sving": 0.1, "os": 0.09, "foss": 1.0, "juv": 0.0, "B": 0.65, "Q": 1.28, "w": 10.16, "h": 0.08, "S": 0.14816, "elv": "bekk", "km": 1.2}}, {"type": "Feature", "geometry": {"type": "LineString", "coordinates": [[7.05973, 59.53677], [7.06143, 59.53698]]}, "properties": {"P": 27.53, "tau": 120.42, "tau_c": 286.82, "omega": 192.3, "M": 0.42, "D": 0.01, "R": 0.11, "sving": 0.03, "os": 0.13, "foss": 1.0, "juv": 0.0, "B": 0.65, "Q": 1.29, "w": 10.21, "h": 0.08, "S": 0.15506, "elv": "bekk", "km": 1.3}}, {"type": "Feature", "geometry": {"type": "LineString", "coordinates": [[7.06143, 59.53698], [7.06316, 59.53682]]}, "properties": {"P": 28.76, "tau": 116.85, "tau_c": 280.39, "omega": 184.25, "M": 0.42, "D": 0.02, "R": 0.1, "sving": 0.04, "os": 0.17, "foss": 1.0, "juv": 0.0, "B": 0.65, "Q": 1.3, "w": 10.24, "h": 0.08, "S": 0.14819, "elv": "bekk", "km": 1.4}}, {"type": "Feature", "geometry": {"type": "LineString", "coordinates": [[7.0523, 59.55516], [7.05332, 59.55443]]}, "properties": {"P": 3.23, "tau": 31.01, "tau_c": 66.0, "omega": 32.37, "M": 0.47, "D": 0.0, "R": 0.15, "sving": 0.03, "os": 0.0, "foss": 0.0, "juv": 0.0, "B": 0.36, "Q": 9.92, "w": 24.68, "h": 0.38, "S": 0.00821, "elv": "bekk", "km": 0.0}}, {"type": "Feature", "geometry": {"type": "LineString", "coordinates": [[7.05332, 59.55443], [7.05433, 59.5537]]}, "properties": {"P": 8.24, "tau": 41.93, "tau_c": 79.41, "omega": 50.33, "M": 0.53, "D": 0.0, "R": 0.22, "sving": 0.13, "os": 0.0, "foss": 0.0, "juv": 0.0, "B": 0.54, "Q": 9.93, "w": 23.01, "h": 0.36, "S": 0.01188, "elv": "bekk", "km": 0.1}}, {"type": "Feature", "geometry": {"type": "LineString", "coordinates": [[7.05433, 59.5537], [7.05541, 59.55299]]}, "properties": {"P": 7.6, "tau": 48.07, "tau_c": 84.47, "omega": 61.8, "M": 0.57, "D": 0.0, "R": 0.27, "sving": 0.0, "os": 0.0, "foss": 0.0, "juv": 0.0, "B": 0.54, "Q": 10.0, "w": 21.34, "h": 0.36, "S": 0.01345, "elv": "bekk", "km": 0.2}}, {"type": "Feature", "geometry": {"type": "LineString", "coordinates": [[7.05541, 59.55299], [7.05674, 59.55243]]}, "properties": {"P": 8.02, "tau": 49.47, "tau_c": 86.17, "omega": 64.41, "M": 0.57, "D": 0.0, "R": 0.28, "sving": 0.01, "os": 0.0, "foss": 0.0, "juv": 0.0, "B": 0.54, "Q": 10.03, "w": 21.38, "h": 0.36, "S": 0.014, "elv": "bekk", "km": 0.3}}, {"type": "Feature", "geometry": {"type": "LineString", "coordinates": [[7.05674, 59.55243], [7.05776, 59.5517]]}, "properties": {"P": 9.63, "tau": 51.38, "tau_c": 88.6, "omega": 68.01, "M": 0.58, "D": 0.0, "R": 0.29, "sving": 0.1, "os": 0.0, "foss": 0.0, "juv": 0.0, "B": 0.54, "Q": 10.03, "w": 21.42, "h": 0.35, "S": 0.0148, "elv": "bekk", "km": 0.4}}, {"type": "Feature", "geometry": {"type": "LineString", "coordinates": [[7.05776, 59.5517], [7.05883, 59.55098]]}, "properties": {"P": 7.54, "tau": 55.03, "tau_c": 99.84, "omega": 73.72, "M": 0.55, "D": 0.01, "R": 0.25, "sving": 0.02, "os": 0.0, "foss": 0.0, "juv": 0.0, "B": 0.54, "Q": 10.05, "w": 25.13, "h": 0.3, "S": 0.01879, "elv": "bekk", "km": 0.5}}, {"type": "Feature", "geometry": {"type": "LineString", "coordinates": [[7.05883, 59.55098], [7.06019, 59.55046]]}, "properties": {"P": 7.81, "tau": 55.29, "tau_c": 103.09, "omega": 73.64, "M": 0.54, "D": 0.04, "R": 0.23, "sving": 0.02, "os": 0.0, "foss": 0.0, "juv": 0.0, "B": 0.54, "Q": 10.06, "w": 26.84, "h": 0.28, "S": 0.02003, "elv": "bekk", "km": 0.6}}, {"type": "Feature", "geometry": {"type": "LineString", "coordinates": [[7.06019, 59.55046], [7.06141, 59.54987]]}, "properties": {"P": 7.17, "tau": 48.9, "tau_c": 96.96, "omega": 61.3, "M": 0.5, "D": 0.07, "R": 0.19, "sving": 0.01, "os": 0.0, "foss": 0.0, "juv": 0.0, "B": 0.54, "Q": 10.07, "w": 28.56, "h": 0.28, "S": 0.01772, "elv": "bekk", "km": 0.7}}, {"type": "Feature", "geometry": {"type": "LineString", "coordinates": [[7.06141, 59.54987], [7.06252, 59.54918]]}, "properties": {"P": 7.66, "tau": 44.02, "tau_c": 89.92, "omega": 52.72, "M": 0.49, "D": 0.06, "R": 0.18, "sving": 0.08, "os": 0.0, "foss": 0.0, "juv": 0.0, "B": 0.54, "Q": 10.08, "w": 28.57, "h": 0.29, "S": 0.01524, "elv": "bekk", "km": 0.8}}, {"type": "Feature", "geometry": {"type": "LineString", "coordinates": [[7.06252, 59.54918], [7.06362, 59.54848]]}, "properties": {"P": 6.95, "tau": 46.08, "tau_c": 90.39, "omega": 56.72, "M": 0.51, "D": 0.03, "R": 0.2, "sving": 0.04, "os": 0.0, "foss": 0.0, "juv": 0.0, "B": 0.54, "Q": 10.09, "w": 26.86, "h": 0.31, "S": 0.0154, "elv": "bekk", "km": 0.9}}, {"type": "Feature", "geometry": {"type": "LineString", "coordinates": [[7.06362, 59.54848], [7.06476, 59.54781]]}, "properties": {"P": 8.72, "tau": 66.88, "tau_c": 114.61, "omega": 97.55, "M": 0.58, "D": -0.0, "R": 0.29, "sving": 0.04, "os": 0.0, "foss": 0.0, "juv": 0.0, "B": 0.54, "Q": 10.1, "w": 25.15, "h": 0.28, "S": 0.02476, "elv": "bekk", "km": 1.0}}, {"type": "Feature", "geometry": {"type": "LineString", "coordinates": [[7.06476, 59.54781], [7.06586, 59.54714]]}, "properties": {"P": 10.45, "tau": 74.67, "tau_c": 120.21, "omega": 115.22, "M": 0.62, "D": -0.0, "R": 0.34, "sving": 0.06, "os": 0.0, "foss": 0.0, "juv": 0.0, "B": 0.54, "Q": 10.11, "w": 23.44, "h": 0.28, "S": 0.02724, "elv": "bekk", "km": 1.1}}, {"type": "Feature", "geometry": {"type": "LineString", "coordinates": [[7.06586, 59.54714], [7.06707, 59.54652]]}, "properties": {"P": 29.81, "tau": 110.02, "tau_c": 158.71, "omega": 200.89, "M": 0.69, "D": -0.0, "R": 0.44, "sving": 0.05, "os": 0.0, "foss": 1.0, "juv": 0.0, "B": 0.54, "Q": 10.11, "w": 23.45, "h": 0.24, "S": 0.04748, "elv": "bekk", "km": 1.2}}, {"type": "Feature", "geometry": {"type": "LineString", "coordinates": [[7.06707, 59.54652], [7.06795, 59.54574]]}, "properties": {"P": 34.68, "tau": 135.74, "tau_c": 170.97, "omega": 277.15, "M": 0.79, "D": -0.0, "R": 0.57, "sving": 0.11, "os": 0.0, "foss": 1.0, "juv": 0.0, "B": 0.54, "Q": 10.12, "w": 19.73, "h": 0.25, "S": 0.05509, "elv": "bekk", "km": 1.3}}, {"type": "Feature", "geometry": {"type": "LineString", "coordinates": [[7.06795, 59.54574], [7.06921, 59.54516]]}, "properties": {"P": 34.53, "tau": 144.44, "tau_c": 178.66, "omega": 303.03, "M": 0.81, "D": 0.02, "R": 0.59, "sving": 0.05, "os": 0.0, "foss": 1.0, "juv": 0.0, "B": 0.54, "Q": 10.13, "w": 19.73, "h": 0.24, "S": 0.06016, "elv": "bekk", "km": 1.4}}, {"type": "Feature", "geometry": {"type": "LineString", "coordinates": [[7.06921, 59.54516], [7.07069, 59.54469]]}, "properties": {"P": 35.66, "tau": 138.97, "tau_c": 180.24, "omega": 283.93, "M": 0.77, "D": 0.04, "R": 0.54, "sving": 0.16, "os": 0.0, "foss": 1.0, "juv": 0.0, "B": 0.54, "Q": 10.15, "w": 21.47, "h": 0.23, "S": 0.06123, "elv": "bekk", "km": 1.5}}, {"type": "Feature", "geometry": {"type": "LineString", "coordinates": [[7.07069, 59.54469], [7.07208, 59.54414]]}, "properties": {"P": 32.49, "tau": 121.88, "tau_c": 169.95, "omega": 232.95, "M": 0.72, "D": 0.11, "R": 0.47, "sving": 0.0, "os": 0.0, "foss": 1.0, "juv": 0.0, "B": 0.54, "Q": 10.16, "w": 23.29, "h": 0.23, "S": 0.05444, "elv": "bekk", "km": 1.6}}, {"type": "Feature", "geometry": {"type": "LineString", "coordinates": [[7.07208, 59.54414], [7.07353, 59.54363]]}, "properties": {"P": 30.05, "tau": 124.88, "tau_c": 173.19, "omega": 241.13, "M": 0.72, "D": 0.17, "R": 0.47, "sving": 0.06, "os": 0.0, "foss": 0.72, "juv": 0.0, "B": 0.54, "Q": 10.17, "w": 23.38, "h": 0.23, "S": 0.05653, "elv": "bekk", "km": 1.7}}, {"type": "Feature", "geometry": {"type": "LineString", "coordinates": [[7.07353, 59.54363], [7.07485, 59.54304]]}, "properties": {"P": 23.67, "tau": 82.38, "tau_c": 135.67, "omega": 130.88, "M": 0.61, "D": 0.24, "R": 0.32, "sving": 0.03, "os": 0.0, "foss": 0.51, "juv": 0.0, "B": 0.54, "Q": 10.46, "w": 27.21, "h": 0.24, "S": 0.03469, "elv": "bekk", "km": 1.8}}, {"type": "Feature", "geometry": {"type": "LineString", "coordinates": [[7.09273, 59.52444], [7.09302, 59.52523]]}, "properties": {"P": 14.61, "tau": 145.25, "tau_c": 298.41, "omega": 260.24, "M": 0.49, "D": 0.0, "R": 0.17, "sving": 0.26, "os": 0.0, "foss": 1.0, "juv": 0.0, "B": 0.3, "Q": 2.64, "w": 16.72, "h": 0.09, "S": 0.16784, "elv": "bekk", "km": 0.0}}, {"type": "Feature", "geometry": {"type": "LineString", "coordinates": [[7.09302, 59.52523], [7.09379, 59.5259]]}, "properties": {"P": 20.93, "tau": 135.28, "tau_c": 298.41, "omega": 231.42, "M": 0.45, "D": 0.0, "R": 0.14, "sving": 0.26, "os": 0.0, "foss": 1.0, "juv": 0.0, "B": 0.45, "Q": 2.64, "w": 18.81, "h": 0.08, "S": 0.16784, "elv": "bekk", "km": 0.1}}, {"type": "Feature", "geometry": {"type": "LineString", "coordinates": [[7.06393, 59.53667], [7.06547, 59.53631]]}, "properties": {"P": 50.02, "tau": 92.38, "tau_c": 239.98, "omega": 131.12, "M": 0.38, "D": 0.01, "R": 0.08, "sving": 0.31, "os": 1.0, "foss": 1.0, "juv": 0.0, "B": 0.65, "Q": 1.3, "w": 10.6, "h": 0.09, "S": 0.10854, "elv": "bekk", "km": 0.0}}, {"type": "Feature", "geometry": {"type": "LineString", "coordinates": [[7.06547, 59.53631], [7.0672, 59.53626]]}, "properties": {"P": 37.21, "tau": 80.25, "tau_c": 219.62, "omega": 106.8, "M": 0.37, "D": 0.04, "R": 0.06, "sving": 0.09, "os": 0.62, "foss": 1.0, "juv": 0.0, "B": 0.64, "Q": 1.31, "w": 10.95, "h": 0.09, "S": 0.09091, "elv": "bekk", "km": 0.1}}, {"type": "Feature", "geometry": {"type": "LineString", "coordinates": [[7.0672, 59.53626], [7.06892, 59.53625]]}, "properties": {"P": 34.17, "tau": 83.5, "tau_c": 203.29, "omega": 116.86, "M": 0.41, "D": 0.08, "R": 0.1, "sving": 0.03, "os": 0.38, "foss": 1.0, "juv": 0.0, "B": 0.65, "Q": 1.73, "w": 11.31, "h": 0.11, "S": 0.07789, "elv": "bekk", "km": 0.2}}, {"type": "Feature", "geometry": {"type": "LineString", "coordinates": [[7.06892, 59.53625], [7.07036, 59.53574]]}, "properties": {"P": 34.32, "tau": 76.32, "tau_c": 190.58, "omega": 102.78, "M": 0.4, "D": 0.14, "R": 0.09, "sving": 0.14, "os": 0.24, "foss": 1.0, "juv": 0.0, "B": 0.64, "Q": 1.79, "w": 11.7, "h": 0.11, "S": 0.06846, "elv": "bekk", "km": 0.3}}, {"type": "Feature", "geometry": {"type": "LineString", "coordinates": [[7.07036, 59.53574], [7.0719, 59.53531]]}, "properties": {"P": 31.11, "tau": 58.19, "tau_c": 158.76, "omega": 69.46, "M": 0.37, "D": 0.2, "R": 0.06, "sving": 0.3, "os": 0.2, "foss": 0.72, "juv": 0.0, "B": 0.63, "Q": 1.8, "w": 12.1, "h": 0.12, "S": 0.04751, "elv": "bekk", "km": 0.4}}, {"type": "Feature", "geometry": {"type": "LineString", "coordinates": [[7.0719, 59.53531], [7.07351, 59.53494]]}, "properties": {"P": 19.31, "tau": 47.2, "tau_c": 135.57, "omega": 51.58, "M": 0.35, "D": 0.18, "R": 0.05, "sving": 0.01, "os": 0.14, "foss": 0.51, "juv": 0.0, "B": 0.62, "Q": 1.85, "w": 12.19, "h": 0.14, "S": 0.03464, "elv": "bekk", "km": 0.5}}, {"type": "Feature", "geometry": {"type": "LineString", "coordinates": [[7.07351, 59.53494], [7.07465, 59.53434]]}, "properties": {"P": 15.29, "tau": 44.71, "tau_c": 130.38, "omega": 47.72, "M": 0.34, "D": 0.11, "R": 0.05, "sving": 0.11, "os": 0.09, "foss": 0.37, "juv": 0.0, "B": 0.62, "Q": 1.86, "w": 12.25, "h": 0.14, "S": 0.03204, "elv": "bekk", "km": 0.6}}, {"type": "Feature", "geometry": {"type": "LineString", "coordinates": [[7.07465, 59.53434], [7.07608, 59.53385]]}, "properties": {"P": 26.16, "tau": 50.8, "tau_c": 143.11, "omega": 57.29, "M": 0.35, "D": 0.02, "R": 0.06, "sving": 0.18, "os": 0.07, "foss": 1.0, "juv": 0.0, "B": 0.61, "Q": 1.86, "w": 12.32, "h": 0.13, "S": 0.0386, "elv": "bekk", "km": 0.7}}, {"type": "Feature", "geometry": {"type": "LineString", "coordinates": [[7.07608, 59.53385], [7.07731, 59.53322]]}, "properties": {"P": 23.05, "tau": 58.75, "tau_c": 155.3, "omega": 71.02, "M": 0.38, "D": -0.0, "R": 0.07, "sving": 0.11, "os": 0.0, "foss": 1.0, "juv": 0.0, "B": 0.6, "Q": 1.89, "w": 11.87, "h": 0.13, "S": 0.04546, "elv": "bekk", "km": 0.8}}, {"type": "Feature", "geometry": {"type": "LineString", "coordinates": [[7.07731, 59.53322], [7.07836, 59.53253]]}, "properties": {"P": 22.44, "tau": 61.83, "tau_c": 161.61, "omega": 76.37, "M": 0.38, "D": -0.0, "R": 0.07, "sving": 0.08, "os": 0.0, "foss": 1.0, "juv": 0.0, "B": 0.6, "Q": 1.91, "w": 12.05, "h": 0.13, "S": 0.04923, "elv": "bekk", "km": 0.9}}, {"type": "Feature", "geometry": {"type": "LineString", "coordinates": [[7.07836, 59.53253], [7.07974, 59.53213]]}, "properties": {"P": 20.82, "tau": 62.03, "tau_c": 162.87, "omega": 76.61, "M": 0.38, "D": -0.0, "R": 0.07, "sving": 0.01, "os": 0.0, "foss": 1.0, "juv": 0.0, "B": 0.59, "Q": 1.91, "w": 12.23, "h": 0.13, "S": 0.05, "elv": "bekk", "km": 1.0}}, {"type": "Feature", "geometry": {"type": "LineString", "coordinates": [[7.07974, 59.53213], [7.08065, 59.53165]]}, "properties": {"P": 22.51, "tau": 67.71, "tau_c": 165.98, "omega": 88.05, "M": 0.41, "D": 0.0, "R": 0.09, "sving": 0.05, "os": 0.0, "foss": 1.0, "juv": 0.0, "B": 0.59, "Q": 2.14, "w": 12.4, "h": 0.13, "S": 0.05192, "elv": "bekk", "km": 1.1}}, {"type": "Feature", "geometry": {"type": "LineString", "coordinates": [[7.08065, 59.53165], [7.08185, 59.53105]]}, "properties": {"P": 18.96, "tau": 68.98, "tau_c": 168.98, "omega": 90.32, "M": 0.41, "D": 0.02, "R": 0.1, "sving": 0.13, "os": 0.0, "foss": 0.72, "juv": 0.0, "B": 0.59, "Q": 2.15, "w": 12.55, "h": 0.13, "S": 0.05382, "elv": "bekk", "km": 1.2}}, {"type": "Feature", "geometry": {"type": "LineString", "coordinates": [[7.06901, 59.596], [7.07073, 59.59617]]}, "properties": {"P": 20.72, "tau": 72.11, "tau_c": 235.42, "omega": 87.04, "M": 0.31, "D": 0.0, "R": 0.03, "sving": 0.21, "os": 0.55, "foss": 1.0, "juv": 0.0, "B": 0.37, "Q": 0.56, "w": 6.62, "h": 0.07, "S": 0.10446, "elv": "bekk", "km": 0.1}}, {"type": "Feature", "geometry": {"type": "LineString", "coordinates": [[7.07073, 59.59617], [7.07241, 59.59606]]}, "properties": {"P": 23.31, "tau": 65.86, "tau_c": 219.07, "omega": 76.63, "M": 0.3, "D": 0.03, "R": 0.03, "sving": 0.04, "os": 0.9, "foss": 1.0, "juv": 0.0, "B": 0.37, "Q": 0.59, "w": 6.78, "h": 0.07, "S": 0.09046, "elv": "bekk", "km": 0.2}}, {"type": "Feature", "geometry": {"type": "LineString", "coordinates": [[7.07989, 59.5975], [7.07984, 59.59677]]}, "properties": {"P": 22.84, "tau": 35.78, "tau_c": 116.49, "omega": 34.08, "M": 0.31, "D": 0.07, "R": 0.03, "sving": 1.0, "os": 0.07, "foss": 0.51, "juv": 0.0, "B": 0.42, "Q": 1.41, "w": 10.36, "h": 0.14, "S": 0.02557, "elv": "bekk", "km": 0.8}}, {"type": "Feature", "geometry": {"type": "LineString", "coordinates": [[7.11611, 59.62424], [7.11771, 59.62394]]}, "properties": {"P": 38.14, "tau": 89.78, "tau_c": 231.79, "omega": 126.12, "M": 0.39, "D": 0.0, "R": 0.08, "sving": 0.65, "os": 0.14, "foss": 1.0, "juv": 0.0, "B": 0.64, "Q": 1.11, "w": 8.73, "h": 0.09, "S": 0.10127, "elv": "bekk", "km": 1.7}}, {"type": "Feature", "geometry": {"type": "LineString", "coordinates": [[7.12624, 59.57191], [7.12787, 59.57161]]}, "properties": {"P": 17.79, "tau": 140.82, "tau_c": 233.86, "omega": 267.62, "M": 0.6, "D": 0.0, "R": 0.31, "sving": 0.17, "os": 0.0, "foss": 1.0, "juv": 0.0, "B": 0.34, "Q": 5.68, "w": 21.45, "h": 0.14, "S": 0.10308, "elv": "bekk", "km": 0.0}}, {"type": "Feature", "geometry": {"type": "LineString", "coordinates": [[7.12787, 59.57161], [7.12931, 59.57121]]}, "properties": {"P": 26.68, "tau": 150.39, "tau_c": 243.57, "omega": 294.59, "M": 0.62, "D": 0.01, "R": 0.33, "sving": 0.13, "os": 0.0, "foss": 1.0, "juv": 0.0, "B": 0.5, "Q": 5.68, "w": 21.16, "h": 0.14, "S": 0.11182, "elv": "bekk", "km": 0.1}}, {"type": "Feature", "geometry": {"type": "LineString", "coordinates": [[7.12931, 59.57121], [7.13069, 59.57076]]}, "properties": {"P": 26.4, "tau": 143.57, "tau_c": 235.57, "omega": 275.67, "M": 0.61, "D": 0.04, "R": 0.32, "sving": 0.09, "os": 0.0, "foss": 1.0, "juv": 0.0, "B": 0.5, "Q": 5.69, "w": 21.16, "h": 0.14, "S": 0.1046, "elv": "bekk", "km": 0.2}}, {"type": "Feature", "geometry": {"type": "LineString", "coordinates": [[7.13069, 59.57076], [7.13207, 59.57027]]}, "properties": {"P": 29.57, "tau": 129.82, "tau_c": 219.3, "omega": 238.62, "M": 0.59, "D": 0.08, "R": 0.3, "sving": 0.28, "os": 0.0, "foss": 1.0, "juv": 0.0, "B": 0.5, "Q": 5.69, "w": 21.2, "h": 0.15, "S": 0.09064, "elv": "bekk", "km": 0.3}}, {"type": "Feature", "geometry": {"type": "LineString", "coordinates": [[7.13207, 59.57027], [7.13338, 59.56982]]}, "properties": {"P": 27.67, "tau": 124.67, "tau_c": 213.17, "omega": 225.16, "M": 0.58, "D": 0.12, "R": 0.29, "sving": 0.12, "os": 0.0, "foss": 1.0, "juv": 0.0, "B": 0.5, "Q": 5.69, "w": 21.23, "h": 0.15, "S": 0.08565, "elv": "bekk", "km": 0.4}}, {"type": "Feature", "geometry": {"type": "LineString", "coordinates": [[7.13338, 59.56982], [7.1339, 59.56902]]}, "properties": {"P": 23.53, "tau": 108.84, "tau_c": 192.87, "omega": 185.52, "M": 0.56, "D": 0.18, "R": 0.27, "sving": 0.11, "os": 0.0, "foss": 0.72, "juv": 0.0, "B": 0.5, "Q": 5.76, "w": 21.35, "h": 0.16, "S": 0.07011, "elv": "bekk", "km": 0.5}}, {"type": "Feature", "geometry": {"type": "LineString", "coordinates": [[7.1339, 59.56902], [7.13558, 59.56879]]}, "properties": {"P": 19.86, "tau": 86.04, "tau_c": 164.29, "omega": 132.19, "M": 0.52, "D": 0.23, "R": 0.21, "sving": 0.09, "os": 0.0, "foss": 0.51, "juv": 0.0, "B": 0.5, "Q": 5.77, "w": 21.79, "h": 0.17, "S": 0.05087, "elv": "bekk", "km": 0.6}}, {"type": "Feature", "geometry": {"type": "LineString", "coordinates": [[7.13558, 59.56879], [7.13723, 59.56851]]}, "properties": {"P": 15.96, "tau": 66.19, "tau_c": 134.18, "omega": 91.2, "M": 0.49, "D": 0.24, "R": 0.18, "sving": 0.02, "os": 0.0, "foss": 0.37, "juv": 0.0, "B": 0.5, "Q": 6.01, "w": 21.94, "h": 0.2, "S": 0.03393, "elv": "bekk", "km": 0.7}}, {"type": "Feature", "geometry": {"type": "LineString", "coordinates": [[7.13723, 59.56851], [7.13841, 59.56785]]}, "properties": {"P": 27.34, "tau": 54.56, "tau_c": 115.56, "omega": 69.36, "M": 0.47, "D": 0.16, "R": 0.16, "sving": 0.26, "os": 0.0, "foss": 1.0, "juv": 0.0, "B": 0.5, "Q": 6.07, "w": 21.62, "h": 0.22, "S": 0.02517, "elv": "bekk", "km": 0.8}}, {"type": "Feature", "geometry": {"type": "LineString", "coordinates": [[7.13841, 59.56785], [7.13905, 59.56704]]}, "properties": {"P": 26.95, "tau": 58.05, "tau_c": 120.9, "omega": 75.81, "M": 0.48, "D": 0.06, "R": 0.16, "sving": 0.35, "os": 0.0, "foss": 1.0, "juv": 0.0, "B": 0.5, "Q": 6.11, "w": 21.77, "h": 0.21, "S": 0.02755, "elv": "bekk", "km": 0.9}}, {"type": "Feature", "geometry": {"type": "LineString", "coordinates": [[7.13905, 59.56704], [7.14007, 59.56631]]}, "properties": {"P": 18.45, "tau": 67.49, "tau_c": 134.29, "omega": 94.16, "M": 0.5, "D": 0.0, "R": 0.19, "sving": 0.13, "os": 0.0, "foss": 0.72, "juv": 0.0, "B": 0.51, "Q": 6.17, "w": 21.84, "h": 0.2, "S": 0.03399, "elv": "bekk", "km": 1.0}}, {"type": "Feature", "geometry": {"type": "LineString", "coordinates": [[7.14007, 59.56631], [7.14062, 59.56546]]}, "properties": {"P": 22.33, "tau": 68.62, "tau_c": 136.01, "omega": 96.4, "M": 0.5, "D": 0.0, "R": 0.19, "sving": 0.09, "os": 0.0, "foss": 1.0, "juv": 0.0, "B": 0.51, "Q": 6.17, "w": 21.89, "h": 0.2, "S": 0.03487, "elv": "bekk", "km": 1.1}}, {"type": "Feature", "geometry": {"type": "LineString", "coordinates": [[7.14062, 59.56546], [7.14215, 59.56507]]}, "properties": {"P": 24.14, "tau": 67.1, "tau_c": 133.72, "omega": 93.39, "M": 0.5, "D": 0.0, "R": 0.19, "sving": 0.21, "os": 0.0, "foss": 1.0, "juv": 0.0, "B": 0.51, "Q": 6.2, "w": 21.96, "h": 0.2, "S": 0.0337, "elv": "bekk", "km": 1.2}}, {"type": "Feature", "geometry": {"type": "LineString", "coordinates": [[7.14215, 59.56507], [7.14314, 59.56438]]}, "properties": {"P": 19.18, "tau": 67.33, "tau_c": 135.14, "omega": 93.64, "M": 0.5, "D": 0.0, "R": 0.19, "sving": 0.19, "os": 0.0, "foss": 0.72, "juv": 0.0, "B": 0.51, "Q": 6.23, "w": 22.47, "h": 0.2, "S": 0.03442, "elv": "bekk", "km": 1.3}}, {"type": "Feature", "geometry": {"type": "LineString", "coordinates": [[7.14314, 59.56438], [7.14322, 59.56365]]}, "properties": {"P": 22.79, "tau": 71.22, "tau_c": 140.36, "omega": 101.57, "M": 0.51, "D": 0.01, "R": 0.2, "sving": 0.1, "os": 0.0, "foss": 1.0, "juv": 0.0, "B": 0.51, "Q": 6.28, "w": 22.51, "h": 0.2, "S": 0.03713, "elv": "bekk", "km": 1.4}}, {"type": "Feature", "geometry": {"type": "LineString", "coordinates": [[7.14322, 59.56365], [7.1445, 59.56304]]}, "properties": {"P": 22.25, "tau": 71.49, "tau_c": 141.11, "omega": 102.04, "M": 0.51, "D": 0.01, "R": 0.19, "sving": 0.07, "os": 0.0, "foss": 1.0, "juv": 0.0, "B": 0.51, "Q": 6.28, "w": 22.66, "h": 0.19, "S": 0.03753, "elv": "bekk", "km": 1.5}}, {"type": "Feature", "geometry": {"type": "LineString", "coordinates": [[7.1445, 59.56304], [7.14578, 59.56244]]}, "properties": {"P": 26.71, "tau": 64.42, "tau_c": 131.33, "omega": 87.82, "M": 0.49, "D": 0.01, "R": 0.18, "sving": 0.38, "os": 0.0, "foss": 1.0, "juv": 0.0, "B": 0.51, "Q": 6.28, "w": 22.81, "h": 0.2, "S": 0.03251, "elv": "bekk", "km": 1.6}}, {"type": "Feature", "geometry": {"type": "LineString", "coordinates": [[7.1191, 59.62349], [7.12085, 59.62342]]}, "properties": {"P": 45.07, "tau": 45.67, "tau_c": 138.9, "omega": 48.42, "M": 0.33, "D": 0.0, "R": 0.04, "sving": 0.09, "os": 1.0, "foss": 1.0, "juv": 0.0, "B": 0.67, "Q": 1.52, "w": 11.17, "h": 0.13, "S": 0.03637, "elv": "bekk", "km": 0.0}}, {"type": "Feature", "geometry": {"type": "LineString", "coordinates": [[7.12085, 59.62342], [7.12255, 59.62345]]}, "properties": {"P": 31.31, "tau": 46.68, "tau_c": 138.9, "omega": 50.2, "M": 0.34, "D": 0.0, "R": 0.04, "sving": 0.09, "os": 0.61, "foss": 0.72, "juv": 0.0, "B": 0.67, "Q": 1.58, "w": 11.22, "h": 0.13, "S": 0.03637, "elv": "bekk", "km": 0.1}}, {"type": "Feature", "geometry": {"type": "LineString", "coordinates": [[7.24805, 59.53319], [7.2494, 59.53358]]}, "properties": {"P": 20.28, "tau": 46.37, "tau_c": 127.34, "omega": 51.02, "M": 0.36, "D": 0.0, "R": 0.06, "sving": 0.36, "os": 0.0, "foss": 1.0, "juv": 0.0, "B": 0.44, "Q": 2.04, "w": 11.99, "h": 0.15, "S": 0.03056, "elv": "bekk", "km": 0.4}}, {"type": "Feature", "geometry": {"type": "LineString", "coordinates": [[7.2494, 59.53358], [7.25098, 59.53372]]}, "properties": {"P": 20.04, "tau": 48.23, "tau_c": 132.87, "omega": 53.79, "M": 0.36, "D": 0.0, "R": 0.06, "sving": 0.34, "os": 0.0, "foss": 1.0, "juv": 0.0, "B": 0.44, "Q": 2.06, "w": 12.47, "h": 0.15, "S": 0.03328, "elv": "bekk", "km": 0.5}}, {"type": "Feature", "geometry": {"type": "LineString", "coordinates": [[7.25098, 59.53372], [7.25213, 59.53431]]}, "properties": {"P": 19.22, "tau": 45.96, "tau_c": 130.24, "omega": 50.0, "M": 0.35, "D": 0.02, "R": 0.05, "sving": 0.26, "os": 0.0, "foss": 1.0, "juv": 0.0, "B": 0.44, "Q": 2.07, "w": 12.96, "h": 0.15, "S": 0.03197, "elv": "bekk", "km": 0.6}}, {"type": "Feature", "geometry": {"type": "LineString", "coordinates": [[7.25213, 59.53431], [7.25285, 59.53486]]}, "properties": {"P": 16.82, "tau": 45.61, "tau_c": 128.95, "omega": 49.53, "M": 0.35, "D": 0.06, "R": 0.06, "sving": 0.33, "os": 0.0, "foss": 0.72, "juv": 0.0, "B": 0.44, "Q": 2.1, "w": 13.01, "h": 0.15, "S": 0.03134, "elv": "bekk", "km": 0.7}}, {"type": "Feature", "geometry": {"type": "LineString", "coordinates": [[7.25285, 59.53486], [7.25454, 59.5347]]}, "properties": {"P": 11.73, "tau": 42.0, "tau_c": 121.81, "omega": 43.98, "M": 0.34, "D": 0.12, "R": 0.05, "sving": 0.09, "os": 0.0, "foss": 0.51, "juv": 0.0, "B": 0.44, "Q": 2.11, "w": 13.18, "h": 0.15, "S": 0.02796, "elv": "bekk", "km": 0.8}}, {"type": "Feature", "geometry": {"type": "LineString", "coordinates": [[7.25454, 59.5347], [7.2553, 59.53535]]}, "properties": {"P": 9.21, "tau": 35.66, "tau_c": 108.92, "omega": 34.74, "M": 0.33, "D": 0.16, "R": 0.04, "sving": 0.02, "os": 0.0, "foss": 0.37, "juv": 0.0, "B": 0.44, "Q": 2.11, "w": 13.34, "h": 0.16, "S": 0.02236, "elv": "bekk", "km": 0.9}}, {"type": "Feature", "geometry": {"type": "LineString", "coordinates": [[6.89604, 59.52656], [6.8949, 59.52724]]}, "properties": {"P": 14.62, "tau": 36.48, "tau_c": 121.49, "omega": 34.75, "M": 0.3, "D": 0.0, "R": 0.03, "sving": 0.05, "os": 0.0, "foss": 1.0, "juv": 0.0, "B": 0.43, "Q": 1.33, "w": 10.41, "h": 0.13, "S": 0.02782, "elv": "bekk", "km": 0.0}}, {"type": "Feature", "geometry": {"type": "LineString", "coordinates": [[6.8949, 59.52724], [6.89376, 59.5279]]}, "properties": {"P": 11.86, "tau": 62.02, "tau_c": 177.32, "omega": 74.45, "M": 0.35, "D": 0.0, "R": 0.05, "sving": 0.05, "os": 0.0, "foss": 0.72, "juv": 0.0, "B": 0.44, "Q": 1.34, "w": 10.45, "h": 0.11, "S": 0.05926, "elv": "bekk", "km": 0.1}}, {"type": "Feature", "geometry": {"type": "LineString", "coordinates": [[6.89376, 59.5279], [6.89298, 59.52845]]}, "properties": {"P": 9.42, "tau": 60.7, "tau_c": 172.98, "omega": 72.41, "M": 0.35, "D": 0.0, "R": 0.05, "sving": 0.05, "os": 0.0, "foss": 0.51, "juv": 0.0, "B": 0.46, "Q": 1.38, "w": 10.51, "h": 0.11, "S": 0.0564, "elv": "bekk", "km": 0.2}}, {"type": "Feature", "geometry": {"type": "LineString", "coordinates": [[6.89298, 59.52845], [6.89215, 59.52907]]}, "properties": {"P": 16.75, "tau": 64.19, "tau_c": 179.52, "omega": 78.53, "M": 0.36, "D": 0.0, "R": 0.06, "sving": 0.03, "os": 0.0, "foss": 1.0, "juv": 0.0, "B": 0.47, "Q": 1.38, "w": 10.44, "h": 0.11, "S": 0.06074, "elv": "bekk", "km": 0.3}}, {"type": "Feature", "geometry": {"type": "LineString", "coordinates": [[6.89215, 59.52907], [6.89122, 59.52981]]}, "properties": {"P": 19.02, "tau": 63.18, "tau_c": 176.33, "omega": 76.92, "M": 0.36, "D": 0.0, "R": 0.06, "sving": 0.15, "os": 0.0, "foss": 1.0, "juv": 0.0, "B": 0.49, "Q": 1.41, "w": 10.53, "h": 0.11, "S": 0.0586, "elv": "bekk", "km": 0.4}}, {"type": "Feature", "geometry": {"type": "LineString", "coordinates": [[6.89122, 59.52981], [6.89021, 59.53052]]}, "properties": {"P": 20.61, "tau": 66.99, "tau_c": 182.51, "omega": 83.84, "M": 0.37, "D": 0.03, "R": 0.06, "sving": 0.1, "os": 0.06, "foss": 1.0, "juv": 0.0, "B": 0.5, "Q": 1.44, "w": 10.6, "h": 0.11, "S": 0.06278, "elv": "bekk", "km": 0.5}}, {"type": "Feature", "geometry": {"type": "LineString", "coordinates": [[6.89021, 59.53052], [6.88983, 59.53134]]}, "properties": {"P": 18.5, "tau": 67.01, "tau_c": 182.39, "omega": 83.91, "M": 0.37, "D": 0.09, "R": 0.06, "sving": 0.12, "os": 0.1, "foss": 0.72, "juv": 0.0, "B": 0.51, "Q": 1.46, "w": 10.69, "h": 0.11, "S": 0.0627, "elv": "bekk", "km": 0.6}}, {"type": "Feature", "geometry": {"type": "LineString", "coordinates": [[6.88983, 59.53134], [6.88927, 59.53219]]}, "properties": {"P": 31.53, "tau": 49.31, "tau_c": 146.28, "omega": 54.07, "M": 0.34, "D": 0.18, "R": 0.05, "sving": 0.46, "os": 0.16, "foss": 1.0, "juv": 0.0, "B": 0.52, "Q": 1.47, "w": 10.76, "h": 0.12, "S": 0.04033, "elv": "bekk", "km": 0.7}}, {"type": "Feature", "geometry": {"type": "LineString", "coordinates": [[6.88927, 59.53219], [6.88883, 59.53305]]}, "properties": {"P": 22.52, "tau": 44.38, "tau_c": 136.09, "omega": 46.45, "M": 0.33, "D": 0.21, "R": 0.04, "sving": 0.03, "os": 0.27, "foss": 0.72, "juv": 0.0, "B": 0.53, "Q": 1.49, "w": 10.96, "h": 0.13, "S": 0.03491, "elv": "bekk", "km": 0.8}}, {"type": "Feature", "geometry": {"type": "LineString", "coordinates": [[6.88883, 59.53305], [6.88976, 59.53376]]}, "properties": {"P": 26.25, "tau": 33.86, "tau_c": 111.8, "omega": 31.54, "M": 0.3, "D": 0.22, "R": 0.03, "sving": 0.27, "os": 0.45, "foss": 0.51, "juv": 0.0, "B": 0.54, "Q": 1.5, "w": 10.99, "h": 0.15, "S": 0.02356, "elv": "bekk", "km": 0.9}}, {"type": "Feature", "geometry": {"type": "LineString", "coordinates": [[6.88976, 59.53376], [6.88926, 59.53452]]}, "properties": {"P": 23.88, "tau": 33.93, "tau_c": 112.06, "omega": 31.63, "M": 0.3, "D": 0.17, "R": 0.03, "sving": 0.24, "os": 0.53, "foss": 0.37, "juv": 0.0, "B": 0.54, "Q": 1.5, "w": 11.01, "h": 0.15, "S": 0.02367, "elv": "bekk", "km": 1.0}}, {"type": "Feature", "geometry": {"type": "LineString", "coordinates": [[6.83091, 59.52825], [6.83122, 59.52912]]}, "properties": {"P": 15.43, "tau": 51.89, "tau_c": 170.34, "omega": 55.89, "M": 0.3, "D": 0.0, "R": 0.03, "sving": 0.18, "os": 0.0, "foss": 1.0, "juv": 0.0, "B": 0.4, "Q": 0.8, "w": 7.72, "h": 0.1, "S": 0.05469, "elv": "Kyrkjesteinåno", "km": 0.1}}, {"type": "Feature", "geometry": {"type": "LineString", "coordinates": [[6.83122, 59.52912], [6.83149, 59.52998]]}, "properties": {"P": 14.42, "tau": 49.76, "tau_c": 164.79, "omega": 52.71, "M": 0.3, "D": 0.03, "R": 0.03, "sving": 0.03, "os": 0.0, "foss": 1.0, "juv": 0.0, "B": 0.41, "Q": 0.84, "w": 7.99, "h": 0.1, "S": 0.05119, "elv": "Kyrkjesteinåno", "km": 0.2}}, {"type": "Feature", "geometry": {"type": "LineString", "coordinates": [[6.83329, 59.53757], [6.83348, 59.53845]]}, "properties": {"P": 10.0, "tau": 34.59, "tau_c": 114.36, "omega": 32.39, "M": 0.3, "D": 0.0, "R": 0.03, "sving": 0.07, "os": 0.0, "foss": 0.51, "juv": 0.0, "B": 0.5, "Q": 1.34, "w": 10.03, "h": 0.14, "S": 0.02465, "elv": "Kyrkjesteinåno", "km": 1.2}}, {"type": "Feature", "geometry": {"type": "LineString", "coordinates": [[6.83348, 59.53845], [6.83371, 59.53933]]}, "properties": {"P": 8.01, "tau": 42.02, "tau_c": 131.58, "omega": 42.85, "M": 0.32, "D": -0.0, "R": 0.04, "sving": 0.08, "os": 0.0, "foss": 0.37, "juv": 0.0, "B": 0.51, "Q": 1.39, "w": 10.37, "h": 0.13, "S": 0.03263, "elv": "Kyrkjesteinåno", "km": 1.3}}, {"type": "Feature", "geometry": {"type": "LineString", "coordinates": [[6.83371, 59.53933], [6.83395, 59.54021]]}, "properties": {"P": 2.56, "tau": 46.9, "tau_c": 142.82, "omega": 50.13, "M": 0.33, "D": -0.0, "R": 0.04, "sving": 0.09, "os": 0.0, "foss": 0.0, "juv": 0.0, "B": 0.51, "Q": 1.42, "w": 10.7, "h": 0.12, "S": 0.03844, "elv": "Kyrkjesteinåno", "km": 1.4}}, {"type": "Feature", "geometry": {"type": "LineString", "coordinates": [[6.83395, 59.54021], [6.83437, 59.54107]]}, "properties": {"P": 17.99, "tau": 52.89, "tau_c": 155.67, "omega": 59.58, "M": 0.34, "D": -0.0, "R": 0.05, "sving": 0.04, "os": 0.0, "foss": 1.0, "juv": 0.0, "B": 0.52, "Q": 1.45, "w": 10.88, "h": 0.12, "S": 0.04567, "elv": "Kyrkjesteinåno", "km": 1.5}}, {"type": "Feature", "geometry": {"type": "LineString", "coordinates": [[6.83437, 59.54107], [6.83497, 59.5419]]}, "properties": {"P": 19.43, "tau": 57.04, "tau_c": 165.45, "omega": 66.3, "M": 0.34, "D": -0.0, "R": 0.05, "sving": 0.11, "os": 0.0, "foss": 1.0, "juv": 0.0, "B": 0.52, "Q": 1.47, "w": 11.25, "h": 0.11, "S": 0.0516, "elv": "Kyrkjesteinåno", "km": 1.6}}, {"type": "Feature", "geometry": {"type": "LineString", "coordinates": [[6.83497, 59.5419], [6.83503, 59.5428]]}, "properties": {"P": 19.49, "tau": 63.25, "tau_c": 175.51, "omega": 77.27, "M": 0.36, "D": -0.0, "R": 0.06, "sving": 0.08, "os": 0.0, "foss": 1.0, "juv": 0.0, "B": 0.53, "Q": 1.57, "w": 11.6, "h": 0.11, "S": 0.05806, "elv": "Kyrkjesteinåno", "km": 1.7}}, {"type": "Feature", "geometry": {"type": "LineString", "coordinates": [[6.83503, 59.5428], [6.83578, 59.5436]]}, "properties": {"P": 21.71, "tau": 82.88, "tau_c": 198.07, "omega": 116.45, "M": 0.42, "D": -0.0, "R": 0.1, "sving": 0.1, "os": 0.0, "foss": 1.0, "juv": 0.0, "B": 0.54, "Q": 1.92, "w": 11.95, "h": 0.11, "S": 0.07394, "elv": "Kyrkjesteinåno", "km": 1.8}}, {"type": "Feature", "geometry": {"type": "LineString", "coordinates": [[6.83578, 59.5436], [6.83581, 59.54448]]}, "properties": {"P": 22.54, "tau": 96.56, "tau_c": 222.97, "omega": 144.58, "M": 0.43, "D": -0.0, "R": 0.12, "sving": 0.12, "os": 0.0, "foss": 1.0, "juv": 0.0, "B": 0.55, "Q": 1.93, "w": 12.27, "h": 0.11, "S": 0.0937, "elv": "Kyrkjesteinåno", "km": 1.9}}, {"type": "Feature", "geometry": {"type": "LineString", "coordinates": [[6.83581, 59.54448], [6.83595, 59.54534]]}, "properties": {"P": 21.75, "tau": 92.42, "tau_c": 217.59, "omega": 135.53, "M": 0.42, "D": -0.0, "R": 0.11, "sving": 0.08, "os": 0.0, "foss": 1.0, "juv": 0.0, "B": 0.55, "Q": 1.94, "w": 12.56, "h": 0.11, "S": 0.08924, "elv": "Kyrkjesteinåno", "km": 2.0}}, {"type": "Feature", "geometry": {"type": "LineString", "coordinates": [[6.83595, 59.54534], [6.83544, 59.54618]]}, "properties": {"P": 21.97, "tau": 96.03, "tau_c": 223.86, "omega": 143.14, "M": 0.43, "D": -0.0, "R": 0.11, "sving": 0.08, "os": 0.0, "foss": 1.0, "juv": 0.0, "B": 0.55, "Q": 1.95, "w": 12.61, "h": 0.1, "S": 0.09446, "elv": "Kyrkjesteinåno", "km": 2.1}}, {"type": "Feature", "geometry": {"type": "LineString", "coordinates": [[6.83544, 59.54618], [6.83583, 59.54704]]}, "properties": {"P": 22.26, "tau": 102.15, "tau_c": 232.15, "omega": 156.77, "M": 0.44, "D": -0.0, "R": 0.12, "sving": 0.08, "os": 0.0, "foss": 1.0, "juv": 0.0, "B": 0.56, "Q": 1.99, "w": 12.67, "h": 0.1, "S": 0.10158, "elv": "Kyrkjesteinåno", "km": 2.2}}, {"type": "Feature", "geometry": {"type": "LineString", "coordinates": [[6.83583, 59.54704], [6.83623, 59.54788]]}, "properties": {"P": 25.61, "tau": 111.83, "tau_c": 247.39, "omega": 178.56, "M": 0.45, "D": 0.02, "R": 0.14, "sving": 0.22, "os": 0.0, "foss": 1.0, "juv": 0.0, "B": 0.56, "Q": 2.01, "w": 12.71, "h": 0.1, "S": 0.11536, "elv": "Kyrkjesteinåno", "km": 2.3}}, {"type": "Feature", "geometry": {"type": "LineString", "coordinates": [[6.83623, 59.54788], [6.83672, 59.54872]]}, "properties": {"P": 24.99, "tau": 111.6, "tau_c": 247.34, "omega": 177.98, "M": 0.45, "D": 0.02, "R": 0.13, "sving": 0.17, "os": 0.0, "foss": 1.0, "juv": 0.0, "B": 0.56, "Q": 2.01, "w": 12.79, "h": 0.1, "S": 0.11531, "elv": "Kyrkjesteinåno", "km": 2.4}}, {"type": "Feature", "geometry": {"type": "LineString", "coordinates": [[6.83672, 59.54872], [6.83723, 59.54955]]}, "properties": {"P": 21.29, "tau": 91.26, "tau_c": 214.43, "omega": 133.37, "M": 0.43, "D": 0.02, "R": 0.11, "sving": 0.0, "os": 0.0, "foss": 1.0, "juv": 0.0, "B": 0.56, "Q": 2.02, "w": 12.87, "h": 0.11, "S": 0.08667, "elv": "Kyrkjesteinåno", "km": 2.5}}, {"type": "Feature", "geometry": {"type": "LineString", "coordinates": [[6.83723, 59.54955], [6.83826, 59.55018]]}, "properties": {"P": 24.58, "tau": 106.8, "tau_c": 238.04, "omega": 167.5, "M": 0.45, "D": 0.01, "R": 0.13, "sving": 0.16, "os": 0.0, "foss": 1.0, "juv": 0.0, "B": 0.56, "Q": 2.07, "w": 12.94, "h": 0.1, "S": 0.1068, "elv": "Kyrkjesteinåno", "km": 2.6}}, {"type": "Feature", "geometry": {"type": "LineString", "coordinates": [[6.83826, 59.55018], [6.83868, 59.55103]]}, "properties": {"P": 17.15, "tau": 113.14, "tau_c": 246.5, "omega": 182.29, "M": 0.46, "D": -0.0, "R": 0.14, "sving": 0.01, "os": 0.0, "foss": 0.72, "juv": 0.0, "B": 0.57, "Q": 2.12, "w": 13.05, "h": 0.1, "S": 0.11453, "elv": "Kyrkjesteinåno", "km": 2.7}}, {"type": "Feature", "geometry": {"type": "LineString", "coordinates": [[6.83868, 59.55103], [6.83841, 59.55191]]}, "properties": {"P": 25.36, "tau": 112.9, "tau_c": 246.64, "omega": 181.64, "M": 0.46, "D": -0.0, "R": 0.14, "sving": 0.19, "os": 0.0, "foss": 1.0, "juv": 0.0, "B": 0.57, "Q": 2.12, "w": 13.15, "h": 0.1, "S": 0.11466, "elv": "Kyrkjesteinåno", "km": 2.8}}, {"type": "Feature", "geometry": {"type": "LineString", "coordinates": [[6.83841, 59.55191], [6.83884, 59.55271]]}, "properties": {"P": 23.21, "tau": 128.36, "tau_c": 268.05, "omega": 218.9, "M": 0.48, "D": -0.0, "R": 0.16, "sving": 0.03, "os": 0.0, "foss": 1.0, "juv": 0.0, "B": 0.57, "Q": 2.18, "w": 13.23, "h": 0.1, "S": 0.13543, "elv": "Kyrkjesteinåno", "km": 2.9}}, {"type": "Feature", "geometry": {"type": "LineString", "coordinates": [[6.83884, 59.55271], [6.83916, 59.55358]]}, "properties": {"P": 28.72, "tau": 126.9, "tau_c": 265.84, "omega": 215.35, "M": 0.48, "D": -0.0, "R": 0.16, "sving": 0.33, "os": 0.0, "foss": 1.0, "juv": 0.0, "B": 0.57, "Q": 2.19, "w": 13.29, "h": 0.1, "S": 0.1332, "elv": "Kyrkjesteinåno", "km": 3.0}}, {"type": "Feature", "geometry": {"type": "LineString", "coordinates": [[6.83916, 59.55358], [6.83945, 59.5544]]}, "properties": {"P": 23.43, "tau": 129.47, "tau_c": 270.07, "omega": 221.54, "M": 0.48, "D": -0.0, "R": 0.16, "sving": 0.03, "os": 0.0, "foss": 1.0, "juv": 0.0, "B": 0.57, "Q": 2.19, "w": 13.36, "h": 0.1, "S": 0.13747, "elv": "Kyrkjesteinåno", "km": 3.1}}, {"type": "Feature", "geometry": {"type": "LineString", "coordinates": [[6.83945, 59.5544], [6.84062, 59.55506]]}, "properties": {"P": 24.24, "tau": 137.48, "tau_c": 280.89, "omega": 241.72, "M": 0.49, "D": -0.0, "R": 0.18, "sving": 0.05, "os": 0.0, "foss": 1.0, "juv": 0.0, "B": 0.58, "Q": 2.22, "w": 13.39, "h": 0.09, "S": 0.14871, "elv": "Kyrkjesteinåno", "km": 3.2}}, {"type": "Feature", "geometry": {"type": "LineString", "coordinates": [[6.84062, 59.55506], [6.84123, 59.5559]]}, "properties": {"P": 24.01, "tau": 146.3, "tau_c": 293.4, "omega": 264.3, "M": 0.5, "D": -0.0, "R": 0.19, "sving": 0.02, "os": 0.0, "foss": 1.0, "juv": 0.0, "B": 0.58, "Q": 2.23, "w": 13.43, "h": 0.09, "S": 0.16226, "elv": "Kyrkjesteinåno", "km": 3.3}}, {"type": "Feature", "geometry": {"type": "LineString", "coordinates": [[6.84123, 59.5559], [6.8413, 59.55678]]}, "properties": {"P": 26.72, "tau": 162.81, "tau_c": 316.84, "omega": 308.01, "M": 0.51, "D": -0.0, "R": 0.2, "sving": 0.14, "os": 0.0, "foss": 1.0, "juv": 0.0, "B": 0.58, "Q": 2.23, "w": 13.46, "h": 0.09, "S": 0.18921, "elv": "Kyrkjesteinåno", "km": 3.4}}, {"type": "Feature", "geometry": {"type": "LineString", "coordinates": [[6.8413, 59.55678], [6.84151, 59.55764]]}, "properties": {"P": 24.14, "tau": 150.95, "tau_c": 299.6, "omega": 276.58, "M": 0.5, "D": -0.0, "R": 0.19, "sving": 0.01, "os": 0.0, "foss": 1.0, "juv": 0.0, "B": 0.58, "Q": 2.25, "w": 13.51, "h": 0.09, "S": 0.16918, "elv": "Kyrkjesteinåno", "km": 3.5}}, {"type": "Feature", "geometry": {"type": "LineString", "coordinates": [[6.84151, 59.55764], [6.84214, 59.55847]]}, "properties": {"P": 25.44, "tau": 158.57, "tau_c": 310.68, "omega": 296.68, "M": 0.51, "D": -0.0, "R": 0.2, "sving": 0.07, "os": 0.0, "foss": 1.0, "juv": 0.0, "B": 0.58, "Q": 2.25, "w": 13.56, "h": 0.09, "S": 0.18193, "elv": "Kyrkjesteinåno", "km": 3.6}}, {"type": "Feature", "geometry": {"type": "LineString", "coordinates": [[6.84214, 59.55847], [6.84278, 59.55928]]}, "properties": {"P": 25.06, "tau": 168.0, "tau_c": 321.86, "omega": 322.9, "M": 0.52, "D": -0.0, "R": 0.21, "sving": 0.02, "os": 0.0, "foss": 1.0, "juv": 0.0, "B": 0.58, "Q": 2.29, "w": 13.61, "h": 0.09, "S": 0.19525, "elv": "Kyrkjesteinåno", "km": 3.7}}, {"type": "Feature", "geometry": {"type": "LineString", "coordinates": [[6.84278, 59.55928], [6.84316, 59.56014]]}, "properties": {"P": 27.77, "tau": 171.55, "tau_c": 326.0, "omega": 332.95, "M": 0.53, "D": 0.02, "R": 0.22, "sving": 0.13, "os": 0.0, "foss": 1.0, "juv": 0.0, "B": 0.59, "Q": 2.31, "w": 13.65, "h": 0.09, "S": 0.20032, "elv": "Kyrkjesteinåno", "km": 3.8}}, {"type": "Feature", "geometry": {"type": "LineString", "coordinates": [[6.84316, 59.56014], [6.84346, 59.56101]]}, "properties": {"P": 28.19, "tau": 164.79, "tau_c": 316.8, "omega": 314.32, "M": 0.52, "D": 0.05, "R": 0.21, "sving": 0.12, "os": 0.0, "foss": 1.0, "juv": 0.0, "B": 0.59, "Q": 2.32, "w": 13.7, "h": 0.09, "S": 0.18916, "elv": "Kyrkjesteinåno", "km": 3.9}}, {"type": "Feature", "geometry": {"type": "LineString", "coordinates": [[6.84346, 59.56101], [6.8435, 59.56187]]}, "properties": {"P": 27.44, "tau": 146.83, "tau_c": 292.25, "omega": 266.28, "M": 0.5, "D": 0.09, "R": 0.19, "sving": 0.06, "os": 0.0, "foss": 1.0, "juv": 0.0, "B": 0.59, "Q": 2.32, "w": 13.78, "h": 0.09, "S": 0.16098, "elv": "Kyrkjesteinåno", "km": 4.0}}, {"type": "Feature", "geometry": {"type": "LineString", "coordinates": [[6.8435, 59.56187], [6.84361, 59.56276]]}, "properties": {"P": 31.47, "tau": 138.68, "tau_c": 280.77, "omega": 245.32, "M": 0.49, "D": 0.11, "R": 0.18, "sving": 0.27, "os": 0.0, "foss": 1.0, "juv": 0.0, "B": 0.59, "Q": 2.33, "w": 13.86, "h": 0.1, "S": 0.14859, "elv": "Kyrkjesteinåno", "km": 4.1}}, {"type": "Feature", "geometry": {"type": "LineString", "coordinates": [[6.84361, 59.56276], [6.84371, 59.56357]]}, "properties": {"P": 33.59, "tau": 128.36, "tau_c": 261.29, "omega": 220.76, "M": 0.49, "D": 0.14, "R": 0.18, "sving": 0.33, "os": 0.0, "foss": 1.0, "juv": 0.0, "B": 0.59, "Q": 2.44, "w": 13.93, "h": 0.1, "S": 0.12868, "elv": "Kyrkjesteinåno", "km": 4.2}}, {"type": "Feature", "geometry": {"type": "LineString", "coordinates": [[6.84371, 59.56357], [6.84503, 59.5641]]}, "properties": {"P": 30.96, "tau": 116.37, "tau_c": 260.82, "omega": 188.0, "M": 0.45, "D": 0.1, "R": 0.13, "sving": 0.32, "os": 0.0, "foss": 1.0, "juv": 0.0, "B": 0.59, "Q": 2.44, "w": 16.32, "h": 0.09, "S": 0.12822, "elv": "Kyrkjesteinåno", "km": 4.3}}, {"type": "Feature", "geometry": {"type": "LineString", "coordinates": [[6.84503, 59.5641], [6.8464, 59.56464]]}, "properties": {"P": 30.39, "tau": 83.48, "tau_c": 217.81, "omega": 114.85, "M": 0.38, "D": 0.07, "R": 0.08, "sving": 0.42, "os": 0.0, "foss": 1.0, "juv": 0.0, "B": 0.59, "Q": 2.45, "w": 18.71, "h": 0.1, "S": 0.08942, "elv": "Kyrkjesteinåno", "km": 4.4}}, {"type": "Feature", "geometry": {"type": "LineString", "coordinates": [[6.88596, 59.53441], [6.88754, 59.53419]]}, "properties": {"P": 31.77, "tau": 53.85, "tau_c": 132.72, "omega": 64.3, "M": 0.41, "D": 0.0, "R": 0.09, "sving": 0.99, "os": 0.29, "foss": 0.51, "juv": 0.0, "B": 0.52, "Q": 2.0, "w": 10.13, "h": 0.17, "S": 0.0332, "elv": "bekk", "km": 0.4}}, {"type": "Feature", "geometry": {"type": "LineString", "coordinates": [[6.8599, 59.55451], [6.86106, 59.55512]]}, "properties": {"P": 51.71, "tau": 216.57, "tau_c": 296.56, "omega": 504.58, "M": 0.73, "D": 0.0, "R": 0.49, "sving": 0.26, "os": 0.05, "foss": 1.0, "juv": 0.0, "B": 0.78, "Q": 4.33, "w": 13.94, "h": 0.13, "S": 0.16577, "elv": "bekk", "km": 2.5}}, {"type": "Feature", "geometry": {"type": "LineString", "coordinates": [[6.83025, 59.57464], [6.8285, 59.57472]]}, "properties": {"P": 62.92, "tau": 157.19, "tau_c": 156.86, "omega": 363.47, "M": 1.0, "D": 0.01, "R": 0.8, "sving": 0.07, "os": 1.0, "foss": 0.0, "juv": 0.05, "B": 0.82, "Q": 19.17, "w": 24.0, "h": 0.35, "S": 0.04638, "elv": "Storåa", "km": 0.0}}, {"type": "Feature", "geometry": {"type": "LineString", "coordinates": [[6.8285, 59.57472], [6.82679, 59.57493]]}, "properties": {"P": 81.2, "tau": 160.58, "tau_c": 153.22, "omega": 378.38, "M": 1.05, "D": 0.01, "R": 0.84, "sving": 0.1, "os": 0.61, "foss": 1.0, "juv": 0.05, "B": 0.83, "Q": 19.18, "w": 22.0, "h": 0.37, "S": 0.04425, "elv": "Storåa", "km": 0.1}}, {"type": "Feature", "geometry": {"type": "LineString", "coordinates": [[6.82679, 59.57493], [6.82509, 59.57509]]}, "properties": {"P": 72.88, "tau": 150.54, "tau_c": 146.24, "omega": 344.9, "M": 1.03, "D": 0.02, "R": 0.82, "sving": 0.01, "os": 0.37, "foss": 1.0, "juv": 0.05, "B": 0.83, "Q": 19.19, "w": 22.0, "h": 0.38, "S": 0.04031, "elv": "Storåa", "km": 0.2}}, {"type": "Feature", "geometry": {"type": "LineString", "coordinates": [[6.82509, 59.57509], [6.82341, 59.57534]]}, "properties": {"P": 70.97, "tau": 152.21, "tau_c": 147.28, "omega": 350.49, "M": 1.03, "D": 0.02, "R": 0.82, "sving": 0.08, "os": 0.23, "foss": 1.0, "juv": 0.05, "B": 0.83, "Q": 19.22, "w": 22.0, "h": 0.38, "S": 0.04089, "elv": "Storåa", "km": 0.3}}, {"type": "Feature", "geometry": {"type": "LineString", "coordinates": [[6.82341, 59.57534], [6.82171, 59.57539]]}, "properties": {"P": 59.78, "tau": 147.51, "tau_c": 143.92, "omega": 335.09, "M": 1.02, "D": 0.02, "R": 0.82, "sving": 0.03, "os": 0.14, "foss": 0.72, "juv": 0.05, "B": 0.83, "Q": 19.25, "w": 22.0, "h": 0.39, "S": 0.03904, "elv": "Storåa", "km": 0.4}}, {"type": "Feature", "geometry": {"type": "LineString", "coordinates": [[6.82171, 59.57539], [6.82, 59.57541]]}, "properties": {"P": 64.39, "tau": 170.44, "tau_c": 171.89, "omega": 404.7, "M": 0.99, "D": 0.01, "R": 0.79, "sving": 0.07, "os": 0.09, "foss": 1.0, "juv": 0.0, "B": 0.83, "Q": 19.26, "w": 26.0, "h": 0.31, "S": 0.05569, "elv": "Storåa", "km": 0.5}}, {"type": "Feature", "geometry": {"type": "LineString", "coordinates": [[6.82, 59.57541], [6.81827, 59.57552]]}, "properties": {"P": 54.7, "tau": 149.53, "tau_c": 161.66, "omega": 332.51, "M": 0.92, "D": 0.01, "R": 0.72, "sving": 0.11, "os": 0.06, "foss": 0.72, "juv": 0.0, "B": 0.83, "Q": 19.27, "w": 28.0, "h": 0.31, "S": 0.04926, "elv": "Storåa", "km": 0.6}}, {"type": "Feature", "geometry": {"type": "LineString", "coordinates": [[6.81827, 59.57552], [6.81657, 59.57561]]}, "properties": {"P": 62.82, "tau": 162.31, "tau_c": 165.91, "omega": 377.35, "M": 0.98, "D": -0.0, "R": 0.78, "sving": 0.01, "os": 0.1, "foss": 1.0, "juv": 0.0, "B": 0.84, "Q": 19.28, "w": 26.0, "h": 0.32, "S": 0.05188, "elv": "Storåa", "km": 0.7}}, {"type": "Feature", "geometry": {"type": "LineString", "coordinates": [[6.81657, 59.57561], [6.81493, 59.57541]]}, "properties": {"P": 67.76, "tau": 171.95, "tau_c": 172.88, "omega": 409.94, "M": 0.99, "D": -0.0, "R": 0.79, "sving": 0.11, "os": 0.16, "foss": 1.0, "juv": 0.0, "B": 0.84, "Q": 19.29, "w": 26.0, "h": 0.31, "S": 0.05633, "elv": "Storåa", "km": 0.8}}, {"type": "Feature", "geometry": {"type": "LineString", "coordinates": [[6.81493, 59.57541], [6.81317, 59.57546]]}, "properties": {"P": 67.23, "tau": 169.74, "tau_c": 182.12, "omega": 395.68, "M": 0.93, "D": -0.0, "R": 0.73, "sving": 0.09, "os": 0.26, "foss": 1.0, "juv": 0.0, "B": 0.84, "Q": 19.3, "w": 29.91, "h": 0.28, "S": 0.06251, "elv": "Storåa", "km": 0.9}}, {"type": "Feature", "geometry": {"type": "LineString", "coordinates": [[6.81317, 59.57546], [6.81144, 59.57531]]}, "properties": {"P": 87.11, "tau": 190.97, "tau_c": 192.22, "omega": 472.49, "M": 0.99, "D": -0.0, "R": 0.79, "sving": 0.57, "os": 0.43, "foss": 1.0, "juv": 0.0, "B": 0.84, "Q": 19.3, "w": 27.91, "h": 0.28, "S": 0.06964, "elv": "Storåa", "km": 1.0}}, {"type": "Feature", "geometry": {"type": "LineString", "coordinates": [[6.81144, 59.57531], [6.80983, 59.5756]]}, "properties": {"P": 94.45, "tau": 215.3, "tau_c": 216.14, "omega": 556.15, "M": 1.0, "D": -0.0, "R": 0.79, "sving": 0.58, "os": 0.7, "foss": 1.0, "juv": 0.0, "B": 0.84, "Q": 19.3, "w": 29.98, "h": 0.25, "S": 0.08805, "elv": "Storåa", "km": 1.1}}, {"type": "Feature", "geometry": {"type": "LineString", "coordinates": [[6.80983, 59.5756], [6.80935, 59.57645]]}, "properties": {"P": 100.0, "tau": 235.08, "tau_c": 243.35, "omega": 620.59, "M": 0.97, "D": -0.0, "R": 0.76, "sving": 0.65, "os": 0.88, "foss": 1.0, "juv": 0.0, "B": 0.84, "Q": 19.3, "w": 34.06, "h": 0.21, "S": 0.11161, "elv": "Storåa", "km": 1.2}}, {"type": "Feature", "geometry": {"type": "LineString", "coordinates": [[6.80935, 59.57645], [6.80938, 59.5773]]}, "properties": {"P": 85.52, "tau": 254.54, "tau_c": 259.4, "omega": 694.19, "M": 0.98, "D": -0.0, "R": 0.78, "sving": 0.38, "os": 0.55, "foss": 1.0, "juv": 0.0, "B": 0.85, "Q": 20.12, "w": 36.06, "h": 0.2, "S": 0.12683, "elv": "Storåa", "km": 1.3}}, {"type": "Feature", "geometry": {"type": "LineString", "coordinates": [[6.80938, 59.5773], [6.80936, 59.57817]]}, "properties": {"P": 75.31, "tau": 287.84, "tau_c": 276.55, "omega": 833.73, "M": 1.04, "D": -0.0, "R": 0.83, "sving": 0.11, "os": 0.35, "foss": 1.0, "juv": 0.0, "B": 0.85, "Q": 20.13, "w": 34.15, "h": 0.2, "S": 0.14415, "elv": "Storåa", "km": 1.4}}, {"type": "Feature", "geometry": {"type": "LineString", "coordinates": [[6.80936, 59.57817], [6.809, 59.57903]]}, "properties": {"P": 74.58, "tau": 311.8, "tau_c": 307.52, "omega": 921.02, "M": 1.01, "D": -0.0, "R": 0.81, "sving": 0.25, "os": 0.22, "foss": 1.0, "juv": 0.0, "B": 0.85, "Q": 20.15, "w": 38.25, "h": 0.18, "S": 0.17825, "elv": "Storåa", "km": 1.5}}, {"type": "Feature", "geometry": {"type": "LineString", "coordinates": [[6.809, 59.57903], [6.80812, 59.57975]]}, "properties": {"P": 73.77, "tau": 350.78, "tau_c": 318.42, "omega": 1106.69, "M": 1.1, "D": -0.0, "R": 0.88, "sving": 0.18, "os": 0.13, "foss": 1.0, "juv": 0.0, "B": 0.85, "Q": 20.17, "w": 34.17, "h": 0.19, "S": 0.19111, "elv": "Storåa", "km": 1.6}}, {"type": "Feature", "geometry": {"type": "LineString", "coordinates": [[6.80812, 59.57975], [6.80711, 59.58044]]}, "properties": {"P": 74.71, "tau": 380.14, "tau_c": 309.3, "omega": 1274.01, "M": 1.23, "D": -0.0, "R": 0.95, "sving": 0.11, "os": 0.08, "foss": 1.0, "juv": 0.05, "B": 0.85, "Q": 20.24, "w": 28.1, "h": 0.21, "S": 0.18031, "elv": "Storåa", "km": 1.7}}, {"type": "Feature", "geometry": {"type": "LineString", "coordinates": [[6.80711, 59.58044], [6.80627, 59.58122]]}, "properties": {"P": 75.16, "tau": 437.85, "tau_c": 306.66, "omega": 1609.12, "M": 1.43, "D": -0.0, "R": 1.0, "sving": 0.03, "os": 0.05, "foss": 1.0, "juv": 0.11, "B": 0.85, "Q": 20.45, "w": 22.1, "h": 0.25, "S": 0.17725, "elv": "Storåa", "km": 1.8}}, {"type": "Feature", "geometry": {"type": "LineString", "coordinates": [[6.81254, 59.61922], [6.81104, 59.61958]]}, "properties": {"P": 16.94, "tau": 114.41, "tau_c": 364.2, "omega": 144.61, "M": 0.31, "D": 0.0, "R": 0.03, "sving": 0.07, "os": 0.0, "foss": 1.0, "juv": 0.0, "B": 0.48, "Q": 0.17, "w": 6.0, "h": 0.02, "S": 0.53068, "elv": "bekk", "km": 1.0}}, {"type": "Feature", "geometry": {"type": "LineString", "coordinates": [[6.81104, 59.61958], [6.80945, 59.61988]]}, "properties": {"P": 16.77, "tau": 127.51, "tau_c": 364.2, "omega": 171.12, "M": 0.35, "D": 0.0, "R": 0.05, "sving": 0.03, "os": 0.0, "foss": 1.0, "juv": 0.0, "B": 0.48, "Q": 0.18, "w": 6.0, "h": 0.02, "S": 0.57089, "elv": "bekk", "km": 1.1}}, {"type": "Feature", "geometry": {"type": "LineString", "coordinates": [[6.80945, 59.61988], [6.80811, 59.62045]]}, "properties": {"P": 18.16, "tau": 139.37, "tau_c": 364.2, "omega": 196.7, "M": 0.38, "D": 0.0, "R": 0.07, "sving": 0.09, "os": 0.0, "foss": 1.0, "juv": 0.0, "B": 0.48, "Q": 0.2, "w": 6.0, "h": 0.02, "S": 0.60152, "elv": "bekk", "km": 1.2}}, {"type": "Feature", "geometry": {"type": "LineString", "coordinates": [[6.80811, 59.62045], [6.80675, 59.621]]}, "properties": {"P": 19.97, "tau": 152.77, "tau_c": 364.2, "omega": 226.82, "M": 0.42, "D": 0.0, "R": 0.1, "sving": 0.16, "os": 0.0, "foss": 1.0, "juv": 0.0, "B": 0.48, "Q": 0.22, "w": 6.0, "h": 0.02, "S": 0.64027, "elv": "bekk", "km": 1.3}}, {"type": "Feature", "geometry": {"type": "LineString", "coordinates": [[6.88248, 59.58588], [6.88127, 59.58523]]}, "properties": {"P": 24.86, "tau": 115.81, "tau_c": 189.41, "omega": 207.15, "M": 0.61, "D": 0.04, "R": 0.33, "sving": 0.18, "os": 0.49, "foss": 1.0, "juv": 0.0, "B": 0.35, "Q": 7.94, "w": 25.41, "h": 0.17, "S": 0.06762, "elv": "Gaukstølåa", "km": 0.0}}, {"type": "Feature", "geometry": {"type": "LineString", "coordinates": [[6.88127, 59.58523], [6.87986, 59.5847]]}, "properties": {"P": 53.54, "tau": 97.81, "tau_c": 168.32, "omega": 162.5, "M": 0.58, "D": 0.09, "R": 0.29, "sving": 0.14, "os": 0.3, "foss": 1.0, "juv": 0.0, "B": 0.84, "Q": 7.94, "w": 25.6, "h": 0.19, "S": 0.0534, "elv": "Gaukstølåa", "km": 0.1}}, {"type": "Feature", "geometry": {"type": "LineString", "coordinates": [[6.87986, 59.5847], [6.87837, 59.58422]]}, "properties": {"P": 48.91, "tau": 87.93, "tau_c": 154.99, "omega": 139.81, "M": 0.57, "D": 0.15, "R": 0.27, "sving": 0.02, "os": 0.19, "foss": 1.0, "juv": 0.0, "B": 0.84, "Q": 8.12, "w": 25.8, "h": 0.2, "S": 0.04528, "elv": "Gaukstølåa", "km": 0.2}}, {"type": "Feature", "geometry": {"type": "LineString", "coordinates": [[6.87837, 59.58422], [6.87685, 59.58376]]}, "properties": {"P": 41.53, "tau": 82.17, "tau_c": 145.18, "omega": 127.56, "M": 0.57, "D": 0.19, "R": 0.27, "sving": 0.03, "os": 0.12, "foss": 0.72, "juv": 0.0, "B": 0.85, "Q": 8.52, "w": 26.02, "h": 0.21, "S": 0.03973, "elv": "Gaukstølåa", "km": 0.3}}, {"type": "Feature", "geometry": {"type": "LineString", "coordinates": [[6.87685, 59.58376], [6.87575, 59.5831]]}, "properties": {"P": 39.24, "tau": 63.74, "tau_c": 121.02, "omega": 88.66, "M": 0.53, "D": 0.26, "R": 0.22, "sving": 0.18, "os": 0.07, "foss": 0.51, "juv": 0.0, "B": 0.85, "Q": 8.59, "w": 26.24, "h": 0.24, "S": 0.0276, "elv": "Gaukstølåa", "km": 0.4}}, {"type": "Feature", "geometry": {"type": "LineString", "coordinates": [[6.87575, 59.5831], [6.8743, 59.58264]]}, "properties": {"P": 30.53, "tau": 41.81, "tau_c": 89.56, "omega": 48.43, "M": 0.47, "D": 0.32, "R": 0.15, "sving": 0.1, "os": 0.0, "foss": 0.37, "juv": 0.0, "B": 0.85, "Q": 8.63, "w": 26.42, "h": 0.28, "S": 0.01512, "elv": "Gaukstølåa", "km": 0.5}}, {"type": "Feature", "geometry": {"type": "LineString", "coordinates": [[6.8743, 59.58264], [6.87345, 59.58189]]}, "properties": {"P": 17.38, "tau": 32.04, "tau_c": 73.99, "omega": 33.06, "M": 0.43, "D": 0.31, "R": 0.12, "sving": 0.04, "os": 0.0, "foss": 0.0, "juv": 0.0, "B": 0.85, "Q": 8.66, "w": 26.5, "h": 0.32, "S": 0.01032, "elv": "Gaukstølåa", "km": 0.6}}, {"type": "Feature", "geometry": {"type": "LineString", "coordinates": [[6.87345, 59.58189], [6.87222, 59.58125]]}, "properties": {"P": 13.97, "tau": 28.27, "tau_c": 67.61, "omega": 27.64, "M": 0.42, "D": 0.25, "R": 0.1, "sving": 0.01, "os": 0.0, "foss": 0.0, "juv": 0.0, "B": 0.85, "Q": 8.69, "w": 26.58, "h": 0.33, "S": 0.00862, "elv": "Gaukstølåa", "km": 0.7}}, {"type": "Feature", "geometry": {"type": "LineString", "coordinates": [[6.87222, 59.58125], [6.87126, 59.58052]]}, "properties": {"P": 14.5, "tau": 25.71, "tau_c": 62.92, "omega": 24.15, "M": 0.41, "D": 0.19, "R": 0.1, "sving": 0.13, "os": 0.0, "foss": 0.0, "juv": 0.0, "B": 0.85, "Q": 8.79, "w": 26.65, "h": 0.35, "S": 0.00746, "elv": "Gaukstølåa", "km": 0.8}}, {"type": "Feature", "geometry": {"type": "LineString", "coordinates": [[6.87126, 59.58052], [6.86981, 59.58001]]}, "properties": {"P": 9.37, "tau": 20.71, "tau_c": 53.85, "omega": 17.71, "M": 0.38, "D": 0.12, "R": 0.08, "sving": 0.07, "os": 0.0, "foss": 0.0, "juv": 0.0, "B": 0.85, "Q": 8.84, "w": 26.75, "h": 0.39, "S": 0.00547, "elv": "Gaukstølåa", "km": 0.9}}, {"type": "Feature", "geometry": {"type": "LineString", "coordinates": [[6.86981, 59.58001], [6.86846, 59.57944]]}, "properties": {"P": 7.62, "tau": 19.41, "tau_c": 51.39, "omega": 16.14, "M": 0.38, "D": 0.06, "R": 0.07, "sving": 0.09, "os": 0.0, "foss": 0.0, "juv": 0.0, "B": 0.85, "Q": 8.87, "w": 26.84, "h": 0.4, "S": 0.00498, "elv": "Gaukstølåa", "km": 1.0}}, {"type": "Feature", "geometry": {"type": "LineString", "coordinates": [[6.86846, 59.57944], [6.86701, 59.57893]]}, "properties": {"P": 9.85, "tau": 41.33, "tau_c": 88.01, "omega": 47.78, "M": 0.47, "D": -0.0, "R": 0.15, "sving": 0.11, "os": 0.0, "foss": 0.0, "juv": 0.0, "B": 0.85, "Q": 8.98, "w": 26.91, "h": 0.29, "S": 0.0146, "elv": "Gaukstølåa", "km": 1.1}}, {"type": "Feature", "geometry": {"type": "LineString", "coordinates": [[6.86701, 59.57893], [6.8657, 59.57833]]}, "properties": {"P": 8.44, "tau": 38.44, "tau_c": 83.58, "omega": 43.06, "M": 0.46, "D": -0.0, "R": 0.14, "sving": 0.08, "os": 0.0, "foss": 0.0, "juv": 0.0, "B": 0.85, "Q": 9.0, "w": 27.01, "h": 0.3, "S": 0.01317, "elv": "Gaukstølåa", "km": 1.2}}, {"type": "Feature", "geometry": {"type": "LineString", "coordinates": [[6.8657, 59.57833], [6.86461, 59.57763]]}, "properties": {"P": 38.97, "tau": 63.13, "tau_c": 119.4, "omega": 87.65, "M": 0.53, "D": -0.0, "R": 0.22, "sving": 0.09, "os": 0.0, "foss": 1.0, "juv": 0.0, "B": 0.85, "Q": 9.01, "w": 27.1, "h": 0.24, "S": 0.02687, "elv": "Gaukstølåa", "km": 1.3}}, {"type": "Feature", "geometry": {"type": "LineString", "coordinates": [[6.86461, 59.57763], [6.86308, 59.57722]]}, "properties": {"P": 31.71, "tau": 62.06, "tau_c": 117.2, "omega": 85.71, "M": 0.53, "D": -0.0, "R": 0.22, "sving": 0.1, "os": 0.0, "foss": 0.72, "juv": 0.0, "B": 0.86, "Q": 9.17, "w": 27.17, "h": 0.24, "S": 0.02589, "elv": "Gaukstølåa", "km": 1.4}}, {"type": "Feature", "geometry": {"type": "LineString", "coordinates": [[6.86308, 59.57722], [6.86144, 59.5769]]}, "properties": {"P": 40.89, "tau": 86.0, "tau_c": 148.18, "omega": 136.73, "M": 0.58, "D": -0.0, "R": 0.29, "sving": 0.05, "os": 0.0, "foss": 1.0, "juv": 0.0, "B": 0.86, "Q": 9.17, "w": 27.24, "h": 0.21, "S": 0.04139, "elv": "Gaukstølåa", "km": 1.5}}, {"type": "Feature", "geometry": {"type": "LineString", "coordinates": [[6.86144, 59.5769], [6.85986, 59.5765]]}, "properties": {"P": 45.1, "tau": 92.91, "tau_c": 156.43, "omega": 152.8, "M": 0.59, "D": -0.0, "R": 0.3, "sving": 0.41, "os": 0.05, "foss": 0.72, "juv": 0.0, "B": 0.86, "Q": 9.22, "w": 27.31, "h": 0.21, "S": 0.04612, "elv": "Gaukstølåa", "km": 1.6}}, {"type": "Feature", "geometry": {"type": "LineString", "coordinates": [[6.85986, 59.5765], [6.85861, 59.5759]]}, "properties": {"P": 50.41, "tau": 80.68, "tau_c": 141.37, "omega": 124.85, "M": 0.57, "D": 0.02, "R": 0.27, "sving": 0.32, "os": 0.07, "foss": 1.0, "juv": 0.0, "B": 0.86, "Q": 9.23, "w": 27.33, "h": 0.22, "S": 0.03767, "elv": "Gaukstølåa", "km": 1.7}}, {"type": "Feature", "geometry": {"type": "LineString", "coordinates": [[6.85861, 59.5759], [6.85864, 59.57502]]}, "properties": {"P": 60.64, "tau": 94.76, "tau_c": 158.75, "omega": 157.15, "M": 0.6, "D": 0.02, "R": 0.31, "sving": 0.61, "os": 0.11, "foss": 1.0, "juv": 0.0, "B": 0.86, "Q": 9.24, "w": 27.4, "h": 0.2, "S": 0.0475, "elv": "Gaukstølåa", "km": 1.8}}, {"type": "Feature", "geometry": {"type": "LineString", "coordinates": [[6.85864, 59.57502], [6.85808, 59.57422]]}, "properties": {"P": 46.8, "tau": 80.45, "tau_c": 141.28, "omega": 124.27, "M": 0.57, "D": 0.05, "R": 0.27, "sving": 0.33, "os": 0.18, "foss": 0.72, "juv": 0.0, "B": 0.86, "Q": 9.24, "w": 27.45, "h": 0.22, "S": 0.03762, "elv": "Gaukstølåa", "km": 1.9}}, {"type": "Feature", "geometry": {"type": "LineString", "coordinates": [[6.85808, 59.57422], [6.85882, 59.57357]]}, "properties": {"P": 57.65, "tau": 94.28, "tau_c": 157.29, "omega": 156.31, "M": 0.6, "D": 0.03, "R": 0.31, "sving": 0.3, "os": 0.29, "foss": 1.0, "juv": 0.0, "B": 0.86, "Q": 9.4, "w": 27.5, "h": 0.21, "S": 0.04663, "elv": "Gaukstølåa", "km": 2.0}}, {"type": "Feature", "geometry": {"type": "LineString", "coordinates": [[6.85882, 59.57357], [6.85895, 59.57268]]}, "properties": {"P": 58.25, "tau": 78.53, "tau_c": 138.08, "omega": 120.27, "M": 0.57, "D": 0.06, "R": 0.27, "sving": 0.44, "os": 0.38, "foss": 0.82, "juv": 0.0, "B": 0.86, "Q": 9.4, "w": 27.54, "h": 0.22, "S": 0.03594, "elv": "Gaukstølåa", "km": 2.1}}, {"type": "Feature", "geometry": {"type": "LineString", "coordinates": [[6.85895, 59.57268], [6.85782, 59.5721]]}, "properties": {"P": 63.9, "tau": 77.53, "tau_c": 137.07, "omega": 118.01, "M": 0.57, "D": 0.06, "R": 0.27, "sving": 0.32, "os": 0.54, "foss": 1.0, "juv": 0.0, "B": 0.86, "Q": 9.4, "w": 27.66, "h": 0.22, "S": 0.03541, "elv": "Gaukstølåa", "km": 2.2}}, {"type": "Feature", "geometry": {"type": "LineString", "coordinates": [[6.85782, 59.5721], [6.85606, 59.57205]]}, "properties": {"P": 69.75, "tau": 78.89, "tau_c": 138.96, "omega": 120.95, "M": 0.57, "D": 0.09, "R": 0.27, "sving": 0.5, "os": 0.82, "foss": 0.72, "juv": 0.0, "B": 0.86, "Q": 9.4, "w": 27.73, "h": 0.22, "S": 0.03639, "elv": "Gaukstølåa", "km": 2.3}}, {"type": "Feature", "geometry": {"type": "LineString", "coordinates": [[6.85606, 59.57205], [6.85552, 59.57128]]}, "properties": {"P": 73.62, "tau": 66.58, "tau_c": 121.8, "omega": 95.15, "M": 0.55, "D": 0.09, "R": 0.24, "sving": 0.47, "os": 0.74, "foss": 1.0, "juv": 0.0, "B": 0.86, "Q": 9.65, "w": 27.81, "h": 0.24, "S": 0.02796, "elv": "Gaukstølåa", "km": 2.4}}, {"type": "Feature", "geometry": {"type": "LineString", "coordinates": [[6.85552, 59.57128], [6.85407, 59.57103]]}, "properties": {"P": 48.43, "tau": 60.8, "tau_c": 114.26, "omega": 83.53, "M": 0.53, "D": 0.08, "R": 0.23, "sving": 0.06, "os": 0.53, "foss": 0.72, "juv": 0.0, "B": 0.86, "Q": 9.65, "w": 27.89, "h": 0.25, "S": 0.02461, "elv": "Gaukstølåa", "km": 2.5}}, {"type": "Feature", "geometry": {"type": "LineString", "coordinates": [[6.85407, 59.57103], [6.85257, 59.5714]]}, "properties": {"P": 44.94, "tau": 63.7, "tau_c": 118.25, "omega": 89.27, "M": 0.54, "D": 0.05, "R": 0.23, "sving": 0.35, "os": 0.35, "foss": 0.51, "juv": 0.0, "B": 0.86, "Q": 9.66, "w": 27.97, "h": 0.25, "S": 0.02636, "elv": "Gaukstølåa", "km": 2.6}}, {"type": "Feature", "geometry": {"type": "LineString", "coordinates": [[6.85257, 59.5714], [6.85086, 59.5715]]}, "properties": {"P": 30.85, "tau": 61.25, "tau_c": 114.97, "omega": 84.39, "M": 0.53, "D": 0.01, "R": 0.23, "sving": 0.12, "os": 0.26, "foss": 0.37, "juv": 0.0, "B": 0.86, "Q": 9.66, "w": 27.97, "h": 0.25, "S": 0.02491, "elv": "Gaukstølåa", "km": 2.7}}, {"type": "Feature", "geometry": {"type": "LineString", "coordinates": [[6.85086, 59.5715], [6.84918, 59.57124]]}, "properties": {"P": 52.73, "tau": 70.54, "tau_c": 127.2, "omega": 103.33, "M": 0.55, "D": -0.0, "R": 0.25, "sving": 0.37, "os": 0.16, "foss": 1.0, "juv": 0.0, "B": 0.86, "Q": 9.67, "w": 27.98, "h": 0.24, "S": 0.03049, "elv": "Gaukstølåa", "km": 2.8}}, {"type": "Feature", "geometry": {"type": "LineString", "coordinates": [[6.84918, 59.57124], [6.84748, 59.57125]]}, "properties": {"P": 40.23, "tau": 73.13, "tau_c": 130.53, "omega": 108.8, "M": 0.56, "D": -0.0, "R": 0.26, "sving": 0.24, "os": 0.1, "foss": 0.72, "juv": 0.0, "B": 0.86, "Q": 9.67, "w": 28.01, "h": 0.23, "S": 0.03211, "elv": "Gaukstølåa", "km": 2.9}}, {"type": "Feature", "geometry": {"type": "LineString", "coordinates": [[6.84748, 59.57125], [6.84634, 59.5709]]}, "properties": {"P": 44.56, "tau": 82.29, "tau_c": 142.07, "omega": 128.83, "M": 0.58, "D": -0.0, "R": 0.28, "sving": 0.12, "os": 0.06, "foss": 1.0, "juv": 0.0, "B": 0.86, "Q": 9.68, "w": 28.04, "h": 0.22, "S": 0.03805, "elv": "Gaukstølåa", "km": 3.0}}, {"type": "Feature", "geometry": {"type": "LineString", "coordinates": [[6.80799, 59.56484], [6.80744, 59.56566]]}, "properties": {"P": 19.99, "tau": 88.16, "tau_c": 284.41, "omega": 114.4, "M": 0.31, "D": 0.0, "R": 0.03, "sving": 0.12, "os": 0.0, "foss": 1.0, "juv": 0.0, "B": 0.55, "Q": 0.47, "w": 6.14, "h": 0.06, "S": 0.15246, "elv": "Botnabekken", "km": 1.4}}, {"type": "Feature", "geometry": {"type": "LineString", "coordinates": [[6.80744, 59.56566], [6.80688, 59.56651]]}, "properties": {"P": 18.95, "tau": 91.36, "tau_c": 291.87, "omega": 120.42, "M": 0.31, "D": 0.0, "R": 0.03, "sving": 0.05, "os": 0.0, "foss": 1.0, "juv": 0.0, "B": 0.55, "Q": 0.48, "w": 6.26, "h": 0.06, "S": 0.16056, "elv": "Botnabekken", "km": 1.5}}, {"type": "Feature", "geometry": {"type": "LineString", "coordinates": [[6.80688, 59.56651], [6.80687, 59.5674]]}, "properties": {"P": 24.0, "tau": 85.16, "tau_c": 277.0, "omega": 108.97, "M": 0.31, "D": 0.0, "R": 0.03, "sving": 0.34, "os": 0.0, "foss": 1.0, "juv": 0.0, "B": 0.55, "Q": 0.49, "w": 6.41, "h": 0.06, "S": 0.14462, "elv": "Botnabekken", "km": 1.6}}, {"type": "Feature", "geometry": {"type": "LineString", "coordinates": [[6.80687, 59.5674], [6.8068, 59.56829]]}, "properties": {"P": 29.34, "tau": 102.48, "tau_c": 306.69, "omega": 143.48, "M": 0.33, "D": 0.0, "R": 0.04, "sving": 0.6, "os": 0.0, "foss": 1.0, "juv": 0.0, "B": 0.56, "Q": 0.54, "w": 6.52, "h": 0.06, "S": 0.17729, "elv": "Botnabekken", "km": 1.7}}, {"type": "Feature", "geometry": {"type": "LineString", "coordinates": [[6.8068, 59.56829], [6.80771, 59.56898]]}, "properties": {"P": 19.12, "tau": 137.88, "tau_c": 364.2, "omega": 220.22, "M": 0.38, "D": 0.0, "R": 0.07, "sving": 0.19, "os": 0.06, "foss": 0.72, "juv": 0.0, "B": 0.56, "Q": 0.56, "w": 6.63, "h": 0.05, "S": 0.26574, "elv": "Botnabekken", "km": 1.8}}, {"type": "Feature", "geometry": {"type": "LineString", "coordinates": [[6.80771, 59.56898], [6.80934, 59.56922]]}, "properties": {"P": 28.1, "tau": 147.47, "tau_c": 364.2, "omega": 242.14, "M": 0.4, "D": 0.0, "R": 0.09, "sving": 0.37, "os": 0.07, "foss": 1.0, "juv": 0.0, "B": 0.56, "Q": 0.56, "w": 6.71, "h": 0.05, "S": 0.29557, "elv": "Botnabekken", "km": 1.9}}, {"type": "Feature", "geometry": {"type": "LineString", "coordinates": [[6.80934, 59.56922], [6.81011, 59.56995]]}, "properties": {"P": 26.12, "tau": 142.09, "tau_c": 364.2, "omega": 229.51, "M": 0.39, "D": 0.0, "R": 0.08, "sving": 0.29, "os": 0.05, "foss": 1.0, "juv": 0.0, "B": 0.56, "Q": 0.56, "w": 6.74, "h": 0.05, "S": 0.28096, "elv": "Botnabekken", "km": 2.0}}, {"type": "Feature", "geometry": {"type": "LineString", "coordinates": [[6.81011, 59.56995], [6.81132, 59.57039]]}, "properties": {"P": 23.6, "tau": 147.9, "tau_c": 364.2, "omega": 243.08, "M": 0.41, "D": 0.01, "R": 0.09, "sving": 0.11, "os": 0.05, "foss": 1.0, "juv": 0.0, "B": 0.56, "Q": 0.56, "w": 6.75, "h": 0.05, "S": 0.2973, "elv": "Botnabekken", "km": 2.1}}, {"type": "Feature", "geometry": {"type": "LineString", "coordinates": [[6.81132, 59.57039], [6.81245, 59.57051]]}, "properties": {"P": 29.13, "tau": 148.57, "tau_c": 364.2, "omega": 244.71, "M": 0.41, "D": 0.06, "R": 0.09, "sving": 0.35, "os": 0.06, "foss": 1.0, "juv": 0.0, "B": 0.56, "Q": 0.56, "w": 6.75, "h": 0.05, "S": 0.29896, "elv": "Botnabekken", "km": 2.2}}, {"type": "Feature", "geometry": {"type": "LineString", "coordinates": [[6.81245, 59.57051], [6.81379, 59.57096]]}, "properties": {"P": 32.33, "tau": 132.22, "tau_c": 364.2, "omega": 207.07, "M": 0.36, "D": 0.14, "R": 0.06, "sving": 0.48, "os": 0.06, "foss": 1.0, "juv": 0.0, "B": 0.56, "Q": 0.56, "w": 6.75, "h": 0.05, "S": 0.25305, "elv": "Botnabekken", "km": 2.3}}, {"type": "Feature", "geometry": {"type": "LineString", "coordinates": [[6.81379, 59.57096], [6.81553, 59.57109]]}, "properties": {"P": 25.82, "tau": 98.22, "tau_c": 296.17, "omega": 135.26, "M": 0.33, "D": 0.21, "R": 0.04, "sving": 0.32, "os": 0.07, "foss": 0.72, "juv": 0.0, "B": 0.56, "Q": 0.56, "w": 6.76, "h": 0.06, "S": 0.16533, "elv": "Botnabekken", "km": 2.4}}, {"type": "Feature", "geometry": {"type": "LineString", "coordinates": [[6.81553, 59.57109], [6.81684, 59.57057]]}, "properties": {"P": 35.48, "tau": 82.17, "tau_c": 260.62, "omega": 104.74, "M": 0.32, "D": 0.2, "R": 0.03, "sving": 0.63, "os": 0.06, "foss": 1.0, "juv": 0.0, "B": 0.56, "Q": 0.56, "w": 6.76, "h": 0.07, "S": 0.12802, "elv": "Botnabekken", "km": 2.5}}, {"type": "Feature", "geometry": {"type": "LineString", "coordinates": [[6.8726, 59.55743], [6.87102, 59.55725]]}, "properties": {"P": 17.41, "tau": 83.37, "tau_c": 260.64, "omega": 107.32, "M": 0.32, "D": 0.03, "R": 0.04, "sving": 0.4, "os": 0.0, "foss": 1.0, "juv": 0.0, "B": 0.37, "Q": 0.59, "w": 6.95, "h": 0.07, "S": 0.12804, "elv": "bekk", "km": 0.0}}, {"type": "Feature", "geometry": {"type": "LineString", "coordinates": [[6.87102, 59.55725], [6.8694, 59.55723]]}, "properties": {"P": 19.27, "tau": 75.11, "tau_c": 243.57, "omega": 92.24, "M": 0.31, "D": 0.03, "R": 0.03, "sving": 0.47, "os": 0.05, "foss": 1.0, "juv": 0.0, "B": 0.38, "Q": 0.6, "w": 7.12, "h": 0.07, "S": 0.11182, "elv": "bekk", "km": 0.1}}, {"type": "Feature", "geometry": {"type": "LineString", "coordinates": [[6.86774, 59.5575], [6.86643, 59.55809]]}, "properties": {"P": 18.4, "tau": 81.72, "tau_c": 241.05, "omega": 106.45, "M": 0.34, "D": 0.0, "R": 0.05, "sving": 0.24, "os": 0.11, "foss": 1.0, "juv": 0.0, "B": 0.41, "Q": 0.74, "w": 7.51, "h": 0.08, "S": 0.10952, "elv": "bekk", "km": 0.3}}, {"type": "Feature", "geometry": {"type": "LineString", "coordinates": [[6.86643, 59.55809], [6.86495, 59.55846]]}, "properties": {"P": 17.91, "tau": 86.33, "tau_c": 250.94, "omega": 115.18, "M": 0.34, "D": 0.05, "R": 0.05, "sving": 0.09, "os": 0.12, "foss": 1.0, "juv": 0.0, "B": 0.42, "Q": 0.76, "w": 7.73, "h": 0.07, "S": 0.11869, "elv": "bekk", "km": 0.4}}, {"type": "Feature", "geometry": {"type": "LineString", "coordinates": [[6.86495, 59.55846], [6.86355, 59.55895]]}, "properties": {"P": 18.83, "tau": 68.64, "tau_c": 213.2, "omega": 82.91, "M": 0.32, "D": 0.13, "R": 0.04, "sving": 0.04, "os": 0.13, "foss": 1.0, "juv": 0.0, "B": 0.43, "Q": 0.78, "w": 7.95, "h": 0.08, "S": 0.08567, "elv": "bekk", "km": 0.5}}, {"type": "Feature", "geometry": {"type": "LineString", "coordinates": [[6.81111, 59.58991], [6.80948, 59.58987]]}, "properties": {"P": 35.69, "tau": 180.04, "tau_c": 364.2, "omega": 320.96, "M": 0.49, "D": 0.0, "R": 0.18, "sving": 0.66, "os": 0.1, "foss": 1.0, "juv": 0.0, "B": 0.56, "Q": 0.51, "w": 6.31, "h": 0.05, "S": 0.40189, "elv": "Råsabekken", "km": 0.9}}, {"type": "Feature", "geometry": {"type": "LineString", "coordinates": [[6.80948, 59.58987], [6.80833, 59.59048]]}, "properties": {"P": 32.87, "tau": 156.3, "tau_c": 364.2, "omega": 262.62, "M": 0.43, "D": 0.07, "R": 0.11, "sving": 0.48, "os": 0.12, "foss": 1.0, "juv": 0.0, "B": 0.56, "Q": 0.53, "w": 6.43, "h": 0.05, "S": 0.32449, "elv": "Råsabekken", "km": 1.0}}, {"type": "Feature", "geometry": {"type": "LineString", "coordinates": [[6.80833, 59.59048], [6.8075, 59.59127]]}, "properties": {"P": 30.36, "tau": 139.08, "tau_c": 364.2, "omega": 221.48, "M": 0.38, "D": 0.15, "R": 0.07, "sving": 0.31, "os": 0.1, "foss": 1.0, "juv": 0.0, "B": 0.56, "Q": 0.53, "w": 6.6, "h": 0.05, "S": 0.28066, "elv": "Råsabekken", "km": 1.1}}, {"type": "Feature", "geometry": {"type": "LineString", "coordinates": [[6.8075, 59.59127], [6.80633, 59.59188]]}, "properties": {"P": 25.33, "tau": 107.71, "tau_c": 322.9, "omega": 153.36, "M": 0.33, "D": 0.23, "R": 0.04, "sving": 0.01, "os": 0.07, "foss": 1.0, "juv": 0.0, "B": 0.56, "Q": 0.53, "w": 6.69, "h": 0.06, "S": 0.19652, "elv": "Råsabekken", "km": 1.2}}, {"type": "Feature", "geometry": {"type": "LineString", "coordinates": [[6.88781, 59.60215], [6.88759, 59.60126]]}, "properties": {"P": 12.01, "tau": 84.78, "tau_c": 277.69, "omega": 108.03, "M": 0.31, "D": 0.0, "R": 0.03, "sving": 0.09, "os": 0.0, "foss": 1.0, "juv": 0.0, "B": 0.34, "Q": 0.46, "w": 6.13, "h": 0.06, "S": 0.14534, "elv": "bekk", "km": 0.2}}, {"type": "Feature", "geometry": {"type": "LineString", "coordinates": [[6.88759, 59.60126], [6.88768, 59.60037]]}, "properties": {"P": 11.61, "tau": 92.44, "tau_c": 294.89, "omega": 122.38, "M": 0.31, "D": 0.0, "R": 0.03, "sving": 0.04, "os": 0.0, "foss": 1.0, "juv": 0.0, "B": 0.34, "Q": 0.47, "w": 6.2, "h": 0.06, "S": 0.16391, "elv": "bekk", "km": 0.3}}, {"type": "Feature", "geometry": {"type": "LineString", "coordinates": [[6.88768, 59.60037], [6.88762, 59.59948]]}, "properties": {"P": 13.81, "tau": 93.19, "tau_c": 295.84, "omega": 123.93, "M": 0.32, "D": 0.0, "R": 0.03, "sving": 0.24, "os": 0.0, "foss": 1.0, "juv": 0.0, "B": 0.34, "Q": 0.48, "w": 6.31, "h": 0.06, "S": 0.16496, "elv": "bekk", "km": 0.4}}, {"type": "Feature", "geometry": {"type": "LineString", "coordinates": [[6.88762, 59.59948], [6.88756, 59.59859]]}, "properties": {"P": 11.68, "tau": 91.82, "tau_c": 291.36, "omega": 121.52, "M": 0.32, "D": 0.0, "R": 0.03, "sving": 0.03, "os": 0.0, "foss": 1.0, "juv": 0.0, "B": 0.34, "Q": 0.5, "w": 6.44, "h": 0.06, "S": 0.16, "elv": "bekk", "km": 0.5}}, {"type": "Feature", "geometry": {"type": "LineString", "coordinates": [[6.88756, 59.59859], [6.88842, 59.59782]]}, "properties": {"P": 13.69, "tau": 90.54, "tau_c": 280.6, "omega": 120.16, "M": 0.32, "D": 0.0, "R": 0.04, "sving": 0.19, "os": 0.0, "foss": 1.0, "juv": 0.0, "B": 0.35, "Q": 0.54, "w": 6.58, "h": 0.06, "S": 0.14841, "elv": "bekk", "km": 0.6}}, {"type": "Feature", "geometry": {"type": "LineString", "coordinates": [[6.88842, 59.59782], [6.88836, 59.59696]]}, "properties": {"P": 13.28, "tau": 96.28, "tau_c": 290.58, "omega": 131.62, "M": 0.33, "D": 0.0, "R": 0.04, "sving": 0.14, "os": 0.0, "foss": 1.0, "juv": 0.0, "B": 0.35, "Q": 0.57, "w": 6.73, "h": 0.06, "S": 0.15915, "elv": "bekk", "km": 0.7}}, {"type": "Feature", "geometry": {"type": "LineString", "coordinates": [[6.88836, 59.59696], [6.88913, 59.59619]]}, "properties": {"P": 11.89, "tau": 90.34, "tau_c": 277.35, "omega": 120.21, "M": 0.33, "D": 0.0, "R": 0.04, "sving": 0.01, "os": 0.0, "foss": 1.0, "juv": 0.0, "B": 0.35, "Q": 0.58, "w": 6.87, "h": 0.06, "S": 0.14498, "elv": "bekk", "km": 0.8}}, {"type": "Feature", "geometry": {"type": "LineString", "coordinates": [[6.88913, 59.59619], [6.88971, 59.59536]]}, "properties": {"P": 13.91, "tau": 91.73, "tau_c": 276.98, "omega": 123.37, "M": 0.33, "D": 0.0, "R": 0.04, "sving": 0.18, "os": 0.0, "foss": 1.0, "juv": 0.0, "B": 0.36, "Q": 0.61, "w": 6.97, "h": 0.06, "S": 0.1446, "elv": "bekk", "km": 0.9}}, {"type": "Feature", "geometry": {"type": "LineString", "coordinates": [[6.88971, 59.59536], [6.89061, 59.5946]]}, "properties": {"P": 12.45, "tau": 100.89, "tau_c": 296.2, "omega": 141.45, "M": 0.34, "D": 0.0, "R": 0.05, "sving": 0.04, "os": 0.0, "foss": 1.0, "juv": 0.0, "B": 0.36, "Q": 0.62, "w": 7.07, "h": 0.06, "S": 0.16537, "elv": "bekk", "km": 1.0}}, {"type": "Feature", "geometry": {"type": "LineString", "coordinates": [[6.89061, 59.5946], [6.89138, 59.5938]]}, "properties": {"P": 13.89, "tau": 110.81, "tau_c": 314.71, "omega": 162.17, "M": 0.35, "D": 0.0, "R": 0.05, "sving": 0.15, "os": 0.0, "foss": 1.0, "juv": 0.0, "B": 0.36, "Q": 0.63, "w": 7.16, "h": 0.06, "S": 0.18668, "elv": "bekk", "km": 1.1}}, {"type": "Feature", "geometry": {"type": "LineString", "coordinates": [[6.89138, 59.5938], [6.89233, 59.59306]]}, "properties": {"P": 13.8, "tau": 121.56, "tau_c": 334.0, "omega": 185.56, "M": 0.36, "D": 0.0, "R": 0.06, "sving": 0.12, "os": 0.0, "foss": 1.0, "juv": 0.0, "B": 0.36, "Q": 0.65, "w": 7.22, "h": 0.06, "S": 0.21026, "elv": "bekk", "km": 1.2}}, {"type": "Feature", "geometry": {"type": "LineString", "coordinates": [[6.89233, 59.59306], [6.89222, 59.59224]]}, "properties": {"P": 14.2, "tau": 130.35, "tau_c": 351.28, "omega": 205.08, "M": 0.37, "D": 0.0, "R": 0.07, "sving": 0.15, "os": 0.0, "foss": 1.0, "juv": 0.0, "B": 0.36, "Q": 0.65, "w": 7.28, "h": 0.06, "S": 0.23258, "elv": "bekk", "km": 1.3}}, {"type": "Feature", "geometry": {"type": "LineString", "coordinates": [[6.89222, 59.59224], [6.89258, 59.59138]]}, "properties": {"P": 15.4, "tau": 138.7, "tau_c": 364.2, "omega": 223.93, "M": 0.38, "D": 0.0, "R": 0.07, "sving": 0.18, "os": 0.06, "foss": 1.0, "juv": 0.0, "B": 0.36, "Q": 0.67, "w": 7.49, "h": 0.06, "S": 0.25634, "elv": "bekk", "km": 1.4}}, {"type": "Feature", "geometry": {"type": "LineString", "coordinates": [[6.89258, 59.59138], [6.89267, 59.5905]]}, "properties": {"P": 14.16, "tau": 136.66, "tau_c": 364.2, "omega": 218.49, "M": 0.38, "D": 0.0, "R": 0.07, "sving": 0.06, "os": 0.08, "foss": 1.0, "juv": 0.0, "B": 0.36, "Q": 0.67, "w": 7.69, "h": 0.05, "S": 0.25671, "elv": "bekk", "km": 1.5}}, {"type": "Feature", "geometry": {"type": "LineString", "coordinates": [[6.89267, 59.5905], [6.89282, 59.58967]]}, "properties": {"P": 15.95, "tau": 155.57, "tau_c": 364.2, "omega": 270.23, "M": 0.43, "D": 0.0, "R": 0.11, "sving": 0.06, "os": 0.11, "foss": 1.0, "juv": 0.0, "B": 0.38, "Q": 0.83, "w": 7.88, "h": 0.06, "S": 0.26072, "elv": "bekk", "km": 1.6}}, {"type": "Feature", "geometry": {"type": "LineString", "coordinates": [[6.82546, 59.58543], [6.82383, 59.58529]]}, "properties": {"P": 14.07, "tau": 113.34, "tau_c": 364.2, "omega": 154.15, "M": 0.31, "D": 0.0, "R": 0.03, "sving": 0.41, "os": 0.0, "foss": 1.0, "juv": 0.0, "B": 0.31, "Q": 0.29, "w": 6.0, "h": 0.04, "S": 0.32332, "elv": "Tverråno", "km": 0.9}}, {"type": "Feature", "geometry": {"type": "LineString", "coordinates": [[6.82383, 59.58529], [6.82224, 59.58491]]}, "properties": {"P": 13.87, "tau": 134.36, "tau_c": 364.2, "omega": 197.65, "M": 0.37, "D": 0.0, "R": 0.07, "sving": 0.32, "os": 0.0, "foss": 1.0, "juv": 0.0, "B": 0.31, "Q": 0.3, "w": 6.0, "h": 0.03, "S": 0.39976, "elv": "Tverråno", "km": 1.0}}, {"type": "Feature", "geometry": {"type": "LineString", "coordinates": [[6.82224, 59.58491], [6.82087, 59.58436]]}, "properties": {"P": 13.15, "tau": 136.19, "tau_c": 364.2, "omega": 201.49, "M": 0.37, "D": 0.0, "R": 0.07, "sving": 0.24, "os": 0.0, "foss": 1.0, "juv": 0.0, "B": 0.31, "Q": 0.3, "w": 6.0, "h": 0.03, "S": 0.40753, "elv": "Tverråno", "km": 1.1}}, {"type": "Feature", "geometry": {"type": "LineString", "coordinates": [[6.82087, 59.58436], [6.81953, 59.58378]]}, "properties": {"P": 12.13, "tau": 145.55, "tau_c": 364.2, "omega": 221.62, "M": 0.4, "D": 0.0, "R": 0.09, "sving": 0.1, "os": 0.0, "foss": 1.0, "juv": 0.0, "B": 0.31, "Q": 0.3, "w": 6.0, "h": 0.03, "S": 0.44823, "elv": "Tverråno", "km": 1.2}}, {"type": "Feature", "geometry": {"type": "LineString", "coordinates": [[6.81953, 59.58378], [6.81833, 59.58314]]}, "properties": {"P": 15.37, "tau": 154.75, "tau_c": 364.2, "omega": 241.92, "M": 0.42, "D": 0.01, "R": 0.11, "sving": 0.39, "os": 0.0, "foss": 1.0, "juv": 0.0, "B": 0.31, "Q": 0.3, "w": 6.0, "h": 0.03, "S": 0.4893, "elv": "Tverråno", "km": 1.3}}, {"type": "Feature", "geometry": {"type": "LineString", "coordinates": [[6.81833, 59.58314], [6.81704, 59.58256]]}, "properties": {"P": 18.49, "tau": 150.87, "tau_c": 364.2, "omega": 233.3, "M": 0.41, "D": 0.05, "R": 0.1, "sving": 0.67, "os": 0.0, "foss": 1.0, "juv": 0.0, "B": 0.31, "Q": 0.3, "w": 6.0, "h": 0.03, "S": 0.47186, "elv": "Tverråno", "km": 1.4}}, {"type": "Feature", "geometry": {"type": "LineString", "coordinates": [[6.81704, 59.58256], [6.81573, 59.58281]]}, "properties": {"P": 17.39, "tau": 134.52, "tau_c": 364.2, "omega": 197.97, "M": 0.37, "D": 0.1, "R": 0.07, "sving": 0.55, "os": 0.0, "foss": 1.0, "juv": 0.0, "B": 0.31, "Q": 0.3, "w": 6.0, "h": 0.03, "S": 0.40041, "elv": "Tverråno", "km": 1.5}}, {"type": "Feature", "geometry": {"type": "LineString", "coordinates": [[6.81573, 59.58281], [6.81488, 59.5836]]}, "properties": {"P": 16.22, "tau": 114.9, "tau_c": 364.2, "omega": 157.98, "M": 0.32, "D": 0.13, "R": 0.03, "sving": 0.45, "os": 0.0, "foss": 1.0, "juv": 0.0, "B": 0.31, "Q": 0.3, "w": 6.0, "h": 0.04, "S": 0.31953, "elv": "Tverråno", "km": 1.6}}, {"type": "Feature", "geometry": {"type": "LineString", "coordinates": [[6.81488, 59.5836], [6.81355, 59.58413]]}, "properties": {"P": 12.33, "tau": 112.35, "tau_c": 364.2, "omega": 152.98, "M": 0.31, "D": 0.11, "R": 0.03, "sving": 0.07, "os": 0.0, "foss": 1.0, "juv": 0.0, "B": 0.31, "Q": 0.3, "w": 6.0, "h": 0.04, "S": 0.30942, "elv": "Tverråno", "km": 1.7}}, {"type": "Feature", "geometry": {"type": "LineString", "coordinates": [[6.8571, 59.57544], [6.85691, 59.57456]]}, "properties": {"P": 72.51, "tau": 233.86, "tau_c": 257.79, "omega": 600.53, "M": 0.91, "D": 0.0, "R": 0.7, "sving": 0.54, "os": 0.0, "foss": 1.0, "juv": 0.0, "B": 0.86, "Q": 9.24, "w": 18.91, "h": 0.19, "S": 0.12526, "elv": "bekk", "km": 1.3}}, {"type": "Feature", "geometry": {"type": "LineString", "coordinates": [[6.85691, 59.57456], [6.85732, 59.57376]]}, "properties": {"P": 50.68, "tau": 133.5, "tau_c": 187.47, "omega": 262.77, "M": 0.71, "D": 0.14, "R": 0.46, "sving": 0.2, "os": 0.0, "foss": 0.73, "juv": 0.0, "B": 0.86, "Q": 9.39, "w": 23.23, "h": 0.21, "S": 0.06624, "elv": "bekk", "km": 1.4}}, {"type": "Feature", "geometry": {"type": "LineString", "coordinates": [[6.85732, 59.57376], [6.8567, 59.57298]]}, "properties": {"P": 51.23, "tau": 86.8, "tau_c": 148.34, "omega": 138.83, "M": 0.59, "D": 0.19, "R": 0.29, "sving": 0.17, "os": 0.0, "foss": 1.0, "juv": 0.0, "B": 0.86, "Q": 9.4, "w": 27.55, "h": 0.21, "S": 0.04148, "elv": "bekk", "km": 1.5}}, {"type": "Feature", "geometry": {"type": "LineString", "coordinates": [[6.8567, 59.57298], [6.85721, 59.57224]]}, "properties": {"P": 49.27, "tau": 99.82, "tau_c": 164.05, "omega": 169.57, "M": 0.61, "D": 0.19, "R": 0.32, "sving": 0.04, "os": 0.0, "foss": 1.0, "juv": 0.0, "B": 0.86, "Q": 9.4, "w": 27.6, "h": 0.2, "S": 0.05072, "elv": "bekk", "km": 1.6}}, {"type": "Feature", "geometry": {"type": "LineString", "coordinates": [[6.89327, 59.62879], [6.89444, 59.62946]]}, "properties": {"P": 11.91, "tau": 104.18, "tau_c": 317.27, "omega": 145.88, "M": 0.33, "D": 0.0, "R": 0.04, "sving": 0.04, "os": 0.0, "foss": 1.0, "juv": 0.0, "B": 0.34, "Q": 0.51, "w": 6.49, "h": 0.06, "S": 0.18972, "elv": "Litleåa", "km": 0.7}}, {"type": "Feature", "geometry": {"type": "LineString", "coordinates": [[6.89444, 59.62946], [6.89528, 59.63023]]}, "properties": {"P": 13.12, "tau": 92.36, "tau_c": 273.75, "omega": 125.16, "M": 0.34, "D": 0.06, "R": 0.05, "sving": 0.03, "os": 0.0, "foss": 1.0, "juv": 0.0, "B": 0.36, "Q": 0.6, "w": 6.7, "h": 0.07, "S": 0.14125, "elv": "Litleåa", "km": 0.8}}, {"type": "Feature", "geometry": {"type": "LineString", "coordinates": [[6.89528, 59.63023], [6.89642, 59.63091]]}, "properties": {"P": 14.2, "tau": 82.44, "tau_c": 255.15, "omega": 106.03, "M": 0.32, "D": 0.13, "R": 0.04, "sving": 0.04, "os": 0.0, "foss": 1.0, "juv": 0.0, "B": 0.36, "Q": 0.61, "w": 6.91, "h": 0.07, "S": 0.12271, "elv": "Litleåa", "km": 0.9}}, {"type": "Feature", "geometry": {"type": "LineString", "coordinates": [[6.89642, 59.63091], [6.89746, 59.63161]]}, "properties": {"P": 15.0, "tau": 66.97, "tau_c": 223.2, "omega": 78.39, "M": 0.3, "D": 0.13, "R": 0.03, "sving": 0.13, "os": 0.0, "foss": 1.0, "juv": 0.0, "B": 0.36, "Q": 0.61, "w": 7.19, "h": 0.07, "S": 0.0939, "elv": "Litleåa", "km": 1.0}}, {"type": "Feature", "geometry": {"type": "LineString", "coordinates": [[6.89845, 59.63234], [6.89956, 59.63282]]}, "properties": {"P": 10.18, "tau": 89.63, "tau_c": 256.09, "omega": 121.76, "M": 0.35, "D": 0.0, "R": 0.05, "sving": 0.08, "os": 0.0, "foss": 0.72, "juv": 0.0, "B": 0.37, "Q": 0.76, "w": 7.56, "h": 0.07, "S": 0.12361, "elv": "Litleåa", "km": 1.2}}, {"type": "Feature", "geometry": {"type": "LineString", "coordinates": [[6.89956, 59.63282], [6.90026, 59.63359]]}, "properties": {"P": 7.98, "tau": 112.51, "tau_c": 301.8, "omega": 168.61, "M": 0.37, "D": 0.0, "R": 0.07, "sving": 0.06, "os": 0.0, "foss": 0.51, "juv": 0.0, "B": 0.37, "Q": 0.77, "w": 7.74, "h": 0.07, "S": 0.17168, "elv": "Litleåa", "km": 1.3}}, {"type": "Feature", "geometry": {"type": "LineString", "coordinates": [[6.90026, 59.63359], [6.90158, 59.63418]]}, "properties": {"P": 13.46, "tau": 123.37, "tau_c": 325.78, "omega": 191.83, "M": 0.38, "D": 0.0, "R": 0.07, "sving": 0.04, "os": 0.0, "foss": 1.0, "juv": 0.0, "B": 0.37, "Q": 0.77, "w": 7.93, "h": 0.06, "S": 0.20004, "elv": "Litleåa", "km": 1.4}}, {"type": "Feature", "geometry": {"type": "LineString", "coordinates": [[6.90158, 59.63418], [6.90281, 59.63482]]}, "properties": {"P": 14.54, "tau": 130.92, "tau_c": 339.18, "omega": 209.03, "M": 0.39, "D": 0.0, "R": 0.08, "sving": 0.12, "os": 0.0, "foss": 1.0, "juv": 0.0, "B": 0.37, "Q": 0.78, "w": 7.96, "h": 0.06, "S": 0.21684, "elv": "Litleåa", "km": 1.5}}, {"type": "Feature", "geometry": {"type": "LineString", "coordinates": [[6.90281, 59.63482], [6.90401, 59.63547]]}, "properties": {"P": 13.79, "tau": 148.27, "tau_c": 364.2, "omega": 250.01, "M": 0.41, "D": 0.0, "R": 0.09, "sving": 0.03, "os": 0.0, "foss": 1.0, "juv": 0.0, "B": 0.37, "Q": 0.79, "w": 7.98, "h": 0.06, "S": 0.25785, "elv": "Litleåa", "km": 1.6}}, {"type": "Feature", "geometry": {"type": "LineString", "coordinates": [[6.90401, 59.63547], [6.9052, 59.63611]]}, "properties": {"P": 16.32, "tau": 179.42, "tau_c": 364.2, "omega": 328.53, "M": 0.49, "D": 0.0, "R": 0.18, "sving": 0.04, "os": 0.06, "foss": 1.0, "juv": 0.0, "B": 0.37, "Q": 0.79, "w": 7.99, "h": 0.05, "S": 0.33883, "elv": "Litleåa", "km": 1.7}}, {"type": "Feature", "geometry": {"type": "LineString", "coordinates": [[6.9052, 59.63611], [6.90643, 59.63674]]}, "properties": {"P": 15.8, "tau": 170.02, "tau_c": 364.2, "omega": 304.19, "M": 0.47, "D": 0.0, "R": 0.15, "sving": 0.0, "os": 0.1, "foss": 1.0, "juv": 0.0, "B": 0.37, "Q": 0.79, "w": 8.01, "h": 0.06, "S": 0.31348, "elv": "Litleåa", "km": 1.8}}, {"type": "Feature", "geometry": {"type": "LineString", "coordinates": [[6.90643, 59.63674], [6.90751, 59.63745]]}, "properties": {"P": 18.75, "tau": 178.29, "tau_c": 364.2, "omega": 325.63, "M": 0.49, "D": 0.0, "R": 0.18, "sving": 0.15, "os": 0.17, "foss": 1.0, "juv": 0.0, "B": 0.37, "Q": 0.79, "w": 8.01, "h": 0.05, "S": 0.33546, "elv": "Litleåa", "km": 1.9}}, {"type": "Feature", "geometry": {"type": "LineString", "coordinates": [[6.90751, 59.63745], [6.9087, 59.6381]]}, "properties": {"P": 19.46, "tau": 181.73, "tau_c": 364.2, "omega": 333.99, "M": 0.5, "D": 0.0, "R": 0.19, "sving": 0.08, "os": 0.28, "foss": 1.0, "juv": 0.0, "B": 0.37, "Q": 0.79, "w": 8.15, "h": 0.05, "S": 0.34949, "elv": "Litleåa", "km": 2.0}}, {"type": "Feature", "geometry": {"type": "LineString", "coordinates": [[6.9087, 59.6381], [6.90932, 59.63892]]}, "properties": {"P": 22.51, "tau": 174.53, "tau_c": 364.2, "omega": 314.58, "M": 0.48, "D": 0.01, "R": 0.16, "sving": 0.2, "os": 0.45, "foss": 1.0, "juv": 0.0, "B": 0.37, "Q": 0.79, "w": 8.28, "h": 0.05, "S": 0.33424, "elv": "Litleåa", "km": 2.1}}, {"type": "Feature", "geometry": {"type": "LineString", "coordinates": [[6.90932, 59.63892], [6.9102, 59.63964]]}, "properties": {"P": 27.45, "tau": 187.11, "tau_c": 364.2, "omega": 354.18, "M": 0.51, "D": 0.01, "R": 0.2, "sving": 0.22, "os": 0.73, "foss": 1.0, "juv": 0.0, "B": 0.38, "Q": 0.93, "w": 8.45, "h": 0.06, "S": 0.32802, "elv": "Litleåa", "km": 2.2}}, {"type": "Feature", "geometry": {"type": "LineString", "coordinates": [[6.9102, 59.63964], [6.91185, 59.63996]]}, "properties": {"P": 28.99, "tau": 172.07, "tau_c": 364.2, "omega": 313.39, "M": 0.47, "D": 0.03, "R": 0.16, "sving": 0.28, "os": 0.84, "foss": 1.0, "juv": 0.0, "B": 0.38, "Q": 0.93, "w": 8.62, "h": 0.06, "S": 0.29575, "elv": "Litleåa", "km": 2.3}}, {"type": "Feature", "geometry": {"type": "LineString", "coordinates": [[6.91185, 59.63996], [6.91356, 59.64018]]}, "properties": {"P": 23.73, "tau": 176.56, "tau_c": 364.2, "omega": 325.86, "M": 0.48, "D": 0.05, "R": 0.17, "sving": 0.11, "os": 0.51, "foss": 1.0, "juv": 0.0, "B": 0.39, "Q": 0.96, "w": 8.78, "h": 0.06, "S": 0.30298, "elv": "Litleåa", "km": 2.4}}, {"type": "Feature", "geometry": {"type": "LineString", "coordinates": [[6.91356, 59.64018], [6.91511, 59.64058]]}, "properties": {"P": 24.1, "tau": 155.94, "tau_c": 364.2, "omega": 272.85, "M": 0.43, "D": 0.07, "R": 0.11, "sving": 0.41, "os": 0.31, "foss": 1.0, "juv": 0.0, "B": 0.39, "Q": 0.97, "w": 8.82, "h": 0.06, "S": 0.25316, "elv": "Litleåa", "km": 2.5}}, {"type": "Feature", "geometry": {"type": "LineString", "coordinates": [[6.91511, 59.64058], [6.91555, 59.64142]]}, "properties": {"P": 23.17, "tau": 150.69, "tau_c": 359.74, "omega": 259.35, "M": 0.42, "D": 0.04, "R": 0.1, "sving": 0.5, "os": 0.19, "foss": 1.0, "juv": 0.0, "B": 0.39, "Q": 0.97, "w": 8.95, "h": 0.06, "S": 0.24392, "elv": "Litleåa", "km": 2.6}}, {"type": "Feature", "geometry": {"type": "LineString", "coordinates": [[6.91555, 59.64142], [6.91575, 59.64231]]}, "properties": {"P": 21.44, "tau": 157.34, "tau_c": 364.2, "omega": 275.53, "M": 0.43, "D": 0.02, "R": 0.12, "sving": 0.42, "os": 0.14, "foss": 1.0, "juv": 0.0, "B": 0.39, "Q": 0.97, "w": 9.06, "h": 0.06, "S": 0.26183, "elv": "Litleåa", "km": 2.7}}, {"type": "Feature", "geometry": {"type": "LineString", "coordinates": [[6.91575, 59.64231], [6.91571, 59.6432]]}, "properties": {"P": 18.12, "tau": 168.79, "tau_c": 364.2, "omega": 308.39, "M": 0.46, "D": 0.0, "R": 0.15, "sving": 0.14, "os": 0.1, "foss": 1.0, "juv": 0.0, "B": 0.39, "Q": 1.07, "w": 9.16, "h": 0.06, "S": 0.26833, "elv": "Litleåa", "km": 2.8}}, {"type": "Feature", "geometry": {"type": "LineString", "coordinates": [[6.89538, 59.63854], [6.89687, 59.63901]]}, "properties": {"P": 14.52, "tau": 95.24, "tau_c": 304.59, "omega": 127.26, "M": 0.31, "D": 0.0, "R": 0.03, "sving": 0.33, "os": 0.0, "foss": 1.0, "juv": 0.0, "B": 0.34, "Q": 0.45, "w": 6.04, "h": 0.06, "S": 0.17486, "elv": "bekk", "km": 2.0}}, {"type": "Feature", "geometry": {"type": "LineString", "coordinates": [[6.89687, 59.63901], [6.89827, 59.63953]]}, "properties": {"P": 12.21, "tau": 96.24, "tau_c": 305.89, "omega": 129.3, "M": 0.31, "D": 0.0, "R": 0.03, "sving": 0.1, "os": 0.0, "foss": 1.0, "juv": 0.0, "B": 0.34, "Q": 0.45, "w": 6.07, "h": 0.06, "S": 0.17636, "elv": "bekk", "km": 2.1}}, {"type": "Feature", "geometry": {"type": "LineString", "coordinates": [[6.89827, 59.63953], [6.89915, 59.6403]]}, "properties": {"P": 12.54, "tau": 97.47, "tau_c": 306.8, "omega": 131.94, "M": 0.32, "D": 0.0, "R": 0.04, "sving": 0.13, "os": 0.0, "foss": 1.0, "juv": 0.0, "B": 0.34, "Q": 0.46, "w": 6.1, "h": 0.06, "S": 0.17742, "elv": "bekk", "km": 2.2}}, {"type": "Feature", "geometry": {"type": "LineString", "coordinates": [[6.89915, 59.6403], [6.90078, 59.64061]]}, "properties": {"P": 12.1, "tau": 111.66, "tau_c": 337.99, "omega": 160.34, "M": 0.33, "D": 0.0, "R": 0.04, "sving": 0.08, "os": 0.0, "foss": 1.0, "juv": 0.0, "B": 0.34, "Q": 0.47, "w": 6.13, "h": 0.05, "S": 0.21531, "elv": "bekk", "km": 2.3}}, {"type": "Feature", "geometry": {"type": "LineString", "coordinates": [[6.90078, 59.64061], [6.90251, 59.64081]]}, "properties": {"P": 14.53, "tau": 133.2, "tau_c": 364.2, "omega": 206.56, "M": 0.37, "D": 0.0, "R": 0.06, "sving": 0.19, "os": 0.07, "foss": 1.0, "juv": 0.0, "B": 0.34, "Q": 0.47, "w": 6.15, "h": 0.05, "S": 0.27621, "elv": "bekk", "km": 2.4}}, {"type": "Feature", "geometry": {"type": "LineString", "coordinates": [[6.90251, 59.64081], [6.90411, 59.64118]]}, "properties": {"P": 13.51, "tau": 147.32, "tau_c": 364.2, "omega": 238.58, "M": 0.4, "D": 0.0, "R": 0.09, "sving": 0.01, "os": 0.11, "foss": 1.0, "juv": 0.0, "B": 0.34, "Q": 0.47, "w": 6.16, "h": 0.05, "S": 0.31953, "elv": "bekk", "km": 2.5}}, {"type": "Feature", "geometry": {"type": "LineString", "coordinates": [[6.90411, 59.64118], [6.90563, 59.64164]]}, "properties": {"P": 14.6, "tau": 147.31, "tau_c": 364.2, "omega": 238.6, "M": 0.4, "D": 0.0, "R": 0.09, "sving": 0.07, "os": 0.16, "foss": 1.0, "juv": 0.0, "B": 0.34, "Q": 0.47, "w": 6.17, "h": 0.05, "S": 0.31925, "elv": "bekk", "km": 2.6}}, {"type": "Feature", "geometry": {"type": "LineString", "coordinates": [[6.90563, 59.64164], [6.90727, 59.64197]]}, "properties": {"P": 14.84, "tau": 151.02, "tau_c": 364.2, "omega": 247.15, "M": 0.41, "D": 0.01, "R": 0.1, "sving": 0.04, "os": 0.19, "foss": 1.0, "juv": 0.0, "B": 0.34, "Q": 0.47, "w": 6.19, "h": 0.05, "S": 0.3317, "elv": "bekk", "km": 2.7}}, {"type": "Feature", "geometry": {"type": "LineString", "coordinates": [[6.90727, 59.64197], [6.90887, 59.64231]]}, "properties": {"P": 15.28, "tau": 147.96, "tau_c": 364.2, "omega": 239.8, "M": 0.41, "D": 0.02, "R": 0.09, "sving": 0.05, "os": 0.21, "foss": 1.0, "juv": 0.0, "B": 0.34, "Q": 0.47, "w": 6.23, "h": 0.05, "S": 0.32393, "elv": "bekk", "km": 2.8}}, {"type": "Feature", "geometry": {"type": "LineString", "coordinates": [[6.90887, 59.64231], [6.91053, 59.6426]]}, "properties": {"P": 15.36, "tau": 140.87, "tau_c": 364.2, "omega": 224.11, "M": 0.39, "D": 0.04, "R": 0.08, "sving": 0.06, "os": 0.2, "foss": 1.0, "juv": 0.0, "B": 0.34, "Q": 0.48, "w": 6.29, "h": 0.05, "S": 0.29708, "elv": "bekk", "km": 2.9}}, {"type": "Feature", "geometry": {"type": "LineString", "coordinates": [[6.91053, 59.6426], [6.91186, 59.64313]]}, "properties": {"P": 15.23, "tau": 138.5, "tau_c": 364.2, "omega": 219.39, "M": 0.38, "D": 0.06, "R": 0.07, "sving": 0.04, "os": 0.17, "foss": 1.0, "juv": 0.0, "B": 0.34, "Q": 0.5, "w": 6.37, "h": 0.05, "S": 0.28475, "elv": "bekk", "km": 3.0}}, {"type": "Feature", "geometry": {"type": "LineString", "coordinates": [[6.91186, 59.64313], [6.91332, 59.64357]]}, "properties": {"P": 16.47, "tau": 127.86, "tau_c": 364.2, "omega": 193.99, "M": 0.35, "D": 0.05, "R": 0.05, "sving": 0.1, "os": 0.28, "foss": 1.0, "juv": 0.0, "B": 0.34, "Q": 0.52, "w": 7.05, "h": 0.05, "S": 0.26977, "elv": "bekk", "km": 3.1}}, {"type": "Feature", "geometry": {"type": "LineString", "coordinates": [[6.91332, 59.64357], [6.91499, 59.64382]]}, "properties": {"P": 17.5, "tau": 117.99, "tau_c": 364.2, "omega": 171.66, "M": 0.32, "D": 0.03, "R": 0.04, "sving": 0.07, "os": 0.44, "foss": 1.0, "juv": 0.0, "B": 0.35, "Q": 0.53, "w": 7.72, "h": 0.05, "S": 0.25316, "elv": "bekk", "km": 3.2}}, {"type": "Feature", "geometry": {"type": "LineString", "coordinates": [[6.91499, 59.64382], [6.91639, 59.64429]]}, "properties": {"P": 26.09, "tau": 181.35, "tau_c": 364.2, "omega": 348.31, "M": 0.5, "D": -0.0, "R": 0.18, "sving": 0.08, "os": 0.72, "foss": 1.0, "juv": 0.0, "B": 0.4, "Q": 1.13, "w": 8.36, "h": 0.07, "S": 0.26207, "elv": "bekk", "km": 3.3}}, {"type": "Feature", "geometry": {"type": "LineString", "coordinates": [[6.91639, 59.64429], [6.91754, 59.64496]]}, "properties": {"P": 30.34, "tau": 165.15, "tau_c": 359.4, "omega": 301.98, "M": 0.46, "D": 0.05, "R": 0.14, "sving": 0.3, "os": 0.84, "foss": 1.0, "juv": 0.0, "B": 0.4, "Q": 1.14, "w": 8.99, "h": 0.07, "S": 0.24346, "elv": "bekk", "km": 3.4}}, {"type": "Feature", "geometry": {"type": "LineString", "coordinates": [[6.91754, 59.64496], [6.91882, 59.64556]]}, "properties": {"P": 24.45, "tau": 155.08, "tau_c": 353.38, "omega": 273.7, "M": 0.44, "D": 0.13, "R": 0.12, "sving": 0.08, "os": 0.51, "foss": 1.0, "juv": 0.0, "B": 0.4, "Q": 1.14, "w": 9.6, "h": 0.07, "S": 0.23537, "elv": "bekk", "km": 3.5}}, {"type": "Feature", "geometry": {"type": "LineString", "coordinates": [[6.91882, 59.64556], [6.91962, 59.64633]]}, "properties": {"P": 25.23, "tau": 124.06, "tau_c": 313.04, "omega": 196.58, "M": 0.4, "D": 0.18, "R": 0.09, "sving": 0.34, "os": 0.31, "foss": 1.0, "juv": 0.0, "B": 0.4, "Q": 1.14, "w": 10.49, "h": 0.07, "S": 0.18471, "elv": "bekk", "km": 3.6}}, {"type": "Feature", "geometry": {"type": "LineString", "coordinates": [[6.92084, 59.64697], [6.92057, 59.64768]]}, "properties": {"P": 32.62, "tau": 121.17, "tau_c": 309.26, "omega": 190.66, "M": 0.39, "D": 0.05, "R": 0.08, "sving": 0.34, "os": 0.81, "foss": 1.0, "juv": 0.0, "B": 0.45, "Q": 2.44, "w": 22.66, "h": 0.07, "S": 0.18026, "elv": "bekk", "km": 3.8}}, {"type": "Feature", "geometry": {"type": "LineString", "coordinates": [[6.8695, 59.64349], [6.86896, 59.64432]]}, "properties": {"P": 16.71, "tau": 121.53, "tau_c": 364.2, "omega": 152.81, "M": 0.33, "D": 0.0, "R": 0.04, "sving": 0.04, "os": 0.0, "foss": 1.0, "juv": 0.0, "B": 0.48, "Q": 0.13, "w": 6.0, "h": 0.02, "S": 0.70096, "elv": "bekk", "km": 0.8}}, {"type": "Feature", "geometry": {"type": "LineString", "coordinates": [[6.86896, 59.64432], [6.86856, 59.64518]]}, "properties": {"P": 17.91, "tau": 141.17, "tau_c": 364.2, "omega": 192.47, "M": 0.39, "D": 0.0, "R": 0.08, "sving": 0.06, "os": 0.0, "foss": 1.0, "juv": 0.0, "B": 0.48, "Q": 0.15, "w": 6.0, "h": 0.02, "S": 0.78479, "elv": "bekk", "km": 0.9}}, {"type": "Feature", "geometry": {"type": "LineString", "coordinates": [[6.86856, 59.64518], [6.86852, 59.64607]]}, "properties": {"P": 22.32, "tau": 153.43, "tau_c": 364.2, "omega": 220.02, "M": 0.42, "D": 0.0, "R": 0.11, "sving": 0.25, "os": 0.06, "foss": 1.0, "juv": 0.0, "B": 0.48, "Q": 0.17, "w": 6.0, "h": 0.02, "S": 0.80743, "elv": "bekk", "km": 1.0}}, {"type": "Feature", "geometry": {"type": "LineString", "coordinates": [[6.86852, 59.64607], [6.8686, 59.64697]]}, "properties": {"P": 23.28, "tau": 153.35, "tau_c": 364.2, "omega": 222.81, "M": 0.42, "D": 0.0, "R": 0.11, "sving": 0.27, "os": 0.1, "foss": 1.0, "juv": 0.0, "B": 0.48, "Q": 0.18, "w": 6.0, "h": 0.02, "S": 0.74331, "elv": "bekk", "km": 1.1}}, {"type": "Feature", "geometry": {"type": "LineString", "coordinates": [[6.8686, 59.64697], [6.8692, 59.64781]]}, "properties": {"P": 23.72, "tau": 148.26, "tau_c": 364.2, "omega": 214.9, "M": 0.41, "D": 0.0, "R": 0.09, "sving": 0.26, "os": 0.16, "foss": 1.0, "juv": 0.0, "B": 0.48, "Q": 0.2, "w": 6.0, "h": 0.02, "S": 0.65719, "elv": "bekk", "km": 1.2}}, {"type": "Feature", "geometry": {"type": "LineString", "coordinates": [[6.8692, 59.64781], [6.87003, 59.64859]]}, "properties": {"P": 24.73, "tau": 146.21, "tau_c": 364.2, "omega": 213.01, "M": 0.4, "D": 0.0, "R": 0.09, "sving": 0.23, "os": 0.26, "foss": 1.0, "juv": 0.0, "B": 0.48, "Q": 0.22, "w": 6.0, "h": 0.02, "S": 0.60131, "elv": "bekk", "km": 1.3}}, {"type": "Feature", "geometry": {"type": "LineString", "coordinates": [[6.87003, 59.64859], [6.87112, 59.64929]]}, "properties": {"P": 26.4, "tau": 156.37, "tau_c": 364.2, "omega": 236.93, "M": 0.43, "D": 0.0, "R": 0.11, "sving": 0.16, "os": 0.41, "foss": 1.0, "juv": 0.0, "B": 0.48, "Q": 0.23, "w": 6.0, "h": 0.03, "S": 0.62106, "elv": "bekk", "km": 1.4}}, {"type": "Feature", "geometry": {"type": "LineString", "coordinates": [[6.84007, 59.62204], [6.8406, 59.62289]]}, "properties": {"P": 18.84, "tau": 99.93, "tau_c": 302.48, "omega": 138.26, "M": 0.33, "D": 0.0, "R": 0.04, "sving": 0.0, "os": 0.0, "foss": 1.0, "juv": 0.0, "B": 0.56, "Q": 0.55, "w": 6.74, "h": 0.06, "S": 0.17245, "elv": "Flossåa", "km": 0.6}}, {"type": "Feature", "geometry": {"type": "LineString", "coordinates": [[6.8406, 59.62289], [6.84093, 59.62377]]}, "properties": {"P": 21.15, "tau": 103.41, "tau_c": 287.6, "omega": 148.71, "M": 0.36, "D": 0.0, "R": 0.06, "sving": 0.06, "os": 0.0, "foss": 1.0, "juv": 0.0, "B": 0.59, "Q": 0.69, "w": 7.06, "h": 0.07, "S": 0.1559, "elv": "Flossåa", "km": 0.7}}, {"type": "Feature", "geometry": {"type": "LineString", "coordinates": [[6.84093, 59.62377], [6.84146, 59.62462]]}, "properties": {"P": 20.38, "tau": 97.73, "tau_c": 279.46, "omega": 136.73, "M": 0.35, "D": 0.0, "R": 0.05, "sving": 0.02, "os": 0.0, "foss": 1.0, "juv": 0.0, "B": 0.59, "Q": 0.71, "w": 7.45, "h": 0.07, "S": 0.1472, "elv": "Flossåa", "km": 0.8}}, {"type": "Feature", "geometry": {"type": "LineString", "coordinates": [[6.84146, 59.62462], [6.84178, 59.6255]]}, "properties": {"P": 21.1, "tau": 103.13, "tau_c": 293.2, "omega": 147.32, "M": 0.35, "D": 0.0, "R": 0.05, "sving": 0.05, "os": 0.0, "foss": 1.0, "juv": 0.0, "B": 0.59, "Q": 0.72, "w": 7.72, "h": 0.06, "S": 0.16203, "elv": "Flossåa", "km": 0.9}}, {"type": "Feature", "geometry": {"type": "LineString", "coordinates": [[6.84178, 59.6255], [6.84222, 59.62636]]}, "properties": {"P": 20.87, "tau": 102.02, "tau_c": 282.69, "omega": 146.38, "M": 0.36, "D": 0.0, "R": 0.06, "sving": 0.01, "os": 0.0, "foss": 1.0, "juv": 0.0, "B": 0.6, "Q": 0.78, "w": 7.88, "h": 0.07, "S": 0.15063, "elv": "Flossåa", "km": 1.0}}, {"type": "Feature", "geometry": {"type": "LineString", "coordinates": [[6.84222, 59.62636], [6.8428, 59.62721]]}, "properties": {"P": 21.59, "tau": 106.34, "tau_c": 291.43, "omega": 155.33, "M": 0.36, "D": 0.0, "R": 0.06, "sving": 0.05, "os": 0.0, "foss": 1.0, "juv": 0.0, "B": 0.6, "Q": 0.79, "w": 8.02, "h": 0.07, "S": 0.16008, "elv": "Flossåa", "km": 1.1}}, {"type": "Feature", "geometry": {"type": "LineString", "coordinates": [[6.8428, 59.62721], [6.84326, 59.62807]]}, "properties": {"P": 20.99, "tau": 105.89, "tau_c": 288.0, "omega": 154.88, "M": 0.37, "D": 0.0, "R": 0.06, "sving": 0.0, "os": 0.0, "foss": 1.0, "juv": 0.0, "B": 0.61, "Q": 0.84, "w": 8.31, "h": 0.07, "S": 0.15634, "elv": "Flossåa", "km": 1.2}}, {"type": "Feature", "geometry": {"type": "LineString", "coordinates": [[6.84326, 59.62807], [6.84379, 59.62892]]}, "properties": {"P": 21.43, "tau": 108.27, "tau_c": 294.33, "omega": 159.64, "M": 0.37, "D": 0.0, "R": 0.06, "sving": 0.02, "os": 0.0, "foss": 1.0, "juv": 0.0, "B": 0.61, "Q": 0.85, "w": 8.53, "h": 0.07, "S": 0.16328, "elv": "Flossåa", "km": 1.3}}, {"type": "Feature", "geometry": {"type": "LineString", "coordinates": [[6.84379, 59.62892], [6.84423, 59.62979]]}, "properties": {"P": 22.72, "tau": 126.97, "tau_c": 310.77, "omega": 204.4, "M": 0.41, "D": 0.0, "R": 0.1, "sving": 0.0, "os": 0.0, "foss": 1.0, "juv": 0.0, "B": 0.62, "Q": 1.0, "w": 8.77, "h": 0.07, "S": 0.18203, "elv": "Flossåa", "km": 1.4}}, {"type": "Feature", "geometry": {"type": "LineString", "coordinates": [[6.84423, 59.62979], [6.84471, 59.63065]]}, "properties": {"P": 22.64, "tau": 118.42, "tau_c": 296.69, "omega": 184.81, "M": 0.4, "D": 0.0, "R": 0.09, "sving": 0.01, "os": 0.0, "foss": 1.0, "juv": 0.0, "B": 0.63, "Q": 1.02, "w": 8.98, "h": 0.07, "S": 0.16592, "elv": "Flossåa", "km": 1.5}}, {"type": "Feature", "geometry": {"type": "LineString", "coordinates": [[6.84471, 59.63065], [6.84516, 59.63151]]}, "properties": {"P": 23.76, "tau": 129.32, "tau_c": 315.23, "omega": 209.87, "M": 0.41, "D": 0.0, "R": 0.1, "sving": 0.05, "os": 0.0, "foss": 1.0, "juv": 0.0, "B": 0.63, "Q": 1.05, "w": 9.19, "h": 0.07, "S": 0.18729, "elv": "Flossåa", "km": 1.6}}, {"type": "Feature", "geometry": {"type": "LineString", "coordinates": [[6.84516, 59.63151], [6.84565, 59.63237]]}, "properties": {"P": 24.99, "tau": 130.36, "tau_c": 317.71, "omega": 212.2, "M": 0.41, "D": 0.0, "R": 0.1, "sving": 0.11, "os": 0.0, "foss": 1.0, "juv": 0.0, "B": 0.63, "Q": 1.06, "w": 9.33, "h": 0.07, "S": 0.19025, "elv": "Flossåa", "km": 1.7}}, {"type": "Feature", "geometry": {"type": "LineString", "coordinates": [[6.84565, 59.63237], [6.84587, 59.63326]]}, "properties": {"P": 24.17, "tau": 123.05, "tau_c": 305.49, "omega": 195.28, "M": 0.4, "D": 0.0, "R": 0.09, "sving": 0.07, "os": 0.0, "foss": 1.0, "juv": 0.0, "B": 0.63, "Q": 1.08, "w": 9.58, "h": 0.07, "S": 0.17589, "elv": "Flossåa", "km": 1.8}}, {"type": "Feature", "geometry": {"type": "LineString", "coordinates": [[6.84587, 59.63326], [6.84586, 59.63416]]}, "properties": {"P": 24.05, "tau": 128.7, "tau_c": 309.2, "omega": 209.62, "M": 0.42, "D": 0.0, "R": 0.1, "sving": 0.03, "os": 0.0, "foss": 1.0, "juv": 0.0, "B": 0.64, "Q": 1.16, "w": 9.81, "h": 0.07, "S": 0.1802, "elv": "Flossåa", "km": 1.9}}, {"type": "Feature", "geometry": {"type": "LineString", "coordinates": [[6.84586, 59.63416], [6.84599, 59.63503]]}, "properties": {"P": 25.23, "tau": 127.96, "tau_c": 294.51, "omega": 210.84, "M": 0.43, "D": 0.0, "R": 0.12, "sving": 0.04, "os": 0.0, "foss": 1.0, "juv": 0.0, "B": 0.65, "Q": 1.32, "w": 10.04, "h": 0.08, "S": 0.16348, "elv": "Flossåa", "km": 2.0}}, {"type": "Feature", "geometry": {"type": "LineString", "coordinates": [[6.84599, 59.63503], [6.84633, 59.6359]]}, "properties": {"P": 30.32, "tau": 157.99, "tau_c": 344.52, "omega": 284.72, "M": 0.46, "D": 0.0, "R": 0.14, "sving": 0.25, "os": 0.0, "foss": 1.0, "juv": 0.0, "B": 0.65, "Q": 1.33, "w": 10.25, "h": 0.07, "S": 0.22372, "elv": "Flossåa", "km": 2.1}}, {"type": "Feature", "geometry": {"type": "LineString", "coordinates": [[6.84633, 59.6359], [6.84638, 59.63679]]}, "properties": {"P": 30.43, "tau": 168.26, "tau_c": 362.66, "omega": 311.02, "M": 0.46, "D": 0.0, "R": 0.15, "sving": 0.24, "os": 0.0, "foss": 1.0, "juv": 0.0, "B": 0.65, "Q": 1.33, "w": 10.41, "h": 0.07, "S": 0.2479, "elv": "Flossåa", "km": 2.2}}, {"type": "Feature", "geometry": {"type": "LineString", "coordinates": [[6.84638, 59.63679], [6.84533, 59.63748]]}, "properties": {"P": 32.71, "tau": 183.56, "tau_c": 364.2, "omega": 352.5, "M": 0.5, "D": 0.0, "R": 0.19, "sving": 0.28, "os": 0.0, "foss": 1.0, "juv": 0.0, "B": 0.66, "Q": 1.34, "w": 10.45, "h": 0.07, "S": 0.27971, "elv": "Flossåa", "km": 2.3}}, {"type": "Feature", "geometry": {"type": "LineString", "coordinates": [[6.84533, 59.63748], [6.84438, 59.63823]]}, "properties": {"P": 35.95, "tau": 219.55, "tau_c": 364.2, "omega": 456.4, "M": 0.6, "D": 0.0, "R": 0.32, "sving": 0.23, "os": 0.0, "foss": 1.0, "juv": 0.0, "B": 0.66, "Q": 1.37, "w": 10.48, "h": 0.06, "S": 0.35697, "elv": "Flossåa", "km": 2.4}}, {"type": "Feature", "geometry": {"type": "LineString", "coordinates": [[6.84438, 59.63823], [6.84347, 59.63899]]}, "properties": {"P": 35.86, "tau": 250.74, "tau_c": 364.2, "omega": 551.95, "M": 0.69, "D": 0.0, "R": 0.43, "sving": 0.03, "os": 0.0, "foss": 1.0, "juv": 0.0, "B": 0.66, "Q": 1.37, "w": 10.5, "h": 0.06, "S": 0.43205, "elv": "Flossåa", "km": 2.5}}, {"type": "Feature", "geometry": {"type": "LineString", "coordinates": [[6.84347, 59.63899], [6.84253, 59.63973]]}, "properties": {"P": 39.97, "tau": 287.5, "tau_c": 364.2, "omega": 671.13, "M": 0.79, "D": 0.0, "R": 0.56, "sving": 0.01, "os": 0.0, "foss": 1.0, "juv": 0.0, "B": 0.66, "Q": 1.37, "w": 10.53, "h": 0.06, "S": 0.52643, "elv": "Flossåa", "km": 2.6}}, {"type": "Feature", "geometry": {"type": "LineString", "coordinates": [[6.84253, 59.63973], [6.8416, 59.64044]]}, "properties": {"P": 43.59, "tau": 312.69, "tau_c": 364.2, "omega": 756.88, "M": 0.86, "D": 0.0, "R": 0.65, "sving": 0.04, "os": 0.0, "foss": 1.0, "juv": 0.0, "B": 0.66, "Q": 1.37, "w": 10.53, "h": 0.05, "S": 0.59349, "elv": "Flossåa", "km": 2.7}}, {"type": "Feature", "geometry": {"type": "LineString", "coordinates": [[6.8416, 59.64044], [6.84065, 59.64116]]}, "properties": {"P": 46.45, "tau": 346.28, "tau_c": 364.2, "omega": 875.91, "M": 0.95, "D": 0.0, "R": 0.75, "sving": 0.01, "os": 0.0, "foss": 1.0, "juv": 0.0, "B": 0.66, "Q": 1.37, "w": 10.53, "h": 0.05, "S": 0.68647, "elv": "Flossåa", "km": 2.8}}, {"type": "Feature", "geometry": {"type": "LineString", "coordinates": [[6.84065, 59.64116], [6.8399, 59.64196]]}, "properties": {"P": 48.35, "tau": 366.26, "tau_c": 364.2, "omega": 949.11, "M": 1.01, "D": 0.0, "R": 0.8, "sving": 0.02, "os": 0.0, "foss": 1.0, "juv": 0.0, "B": 0.66, "Q": 1.37, "w": 10.53, "h": 0.05, "S": 0.74393, "elv": "Flossåa", "km": 2.9}}, {"type": "Feature", "geometry": {"type": "LineString", "coordinates": [[6.8399, 59.64196], [6.839, 59.64273]]}, "properties": {"P": 49.98, "tau": 385.78, "tau_c": 364.2, "omega": 1022.32, "M": 1.06, "D": 0.0, "R": 0.85, "sving": 0.02, "os": 0.0, "foss": 1.0, "juv": 0.0, "B": 0.66, "Q": 1.37, "w": 10.53, "h": 0.05, "S": 0.80137, "elv": "Flossåa", "km": 3.0}}, {"type": "Feature", "geometry": {"type": "LineString", "coordinates": [[6.87839, 59.6511], [6.87677, 59.65091]]}, "properties": {"P": 66.45, "tau": 208.15, "tau_c": 131.99, "omega": 610.53, "M": 1.58, "D": -0.0, "R": 1.0, "sving": 0.35, "os": 0.16, "foss": 1.0, "juv": 0.12, "B": 0.65, "Q": 62.16, "w": 32.79, "h": 0.65, "S": 0.03283, "elv": "bekk", "km": 1.4}}, {"type": "Feature", "geometry": {"type": "LineString", "coordinates": [[6.87677, 59.65091], [6.8755, 59.65029]]}, "properties": {"P": 63.26, "tau": 164.97, "tau_c": 129.52, "omega": 421.39, "M": 1.27, "D": 0.11, "R": 0.96, "sving": 0.3, "os": 0.24, "foss": 0.72, "juv": 0.12, "B": 0.65, "Q": 62.2, "w": 45.79, "h": 0.53, "S": 0.03162, "elv": "bekk", "km": 1.5}}, {"type": "Feature", "geometry": {"type": "LineString", "coordinates": [[6.8755, 59.65029], [6.87419, 59.64971]]}, "properties": {"P": 57.68, "tau": 131.6, "tau_c": 122.92, "omega": 295.61, "M": 1.07, "D": 0.25, "R": 0.85, "sving": 0.17, "os": 0.3, "foss": 0.51, "juv": 0.12, "B": 0.65, "Q": 62.2, "w": 58.79, "h": 0.47, "S": 0.02848, "elv": "bekk", "km": 1.6}}, {"type": "Feature", "geometry": {"type": "LineString", "coordinates": [[6.87419, 59.64971], [6.87244, 59.64964]]}, "properties": {"P": 58.64, "tau": 87.63, "tau_c": 99.74, "omega": 161.2, "M": 0.88, "D": 0.41, "R": 0.67, "sving": 0.38, "os": 0.45, "foss": 0.37, "juv": 0.0, "B": 0.65, "Q": 62.2, "w": 70.98, "h": 0.48, "S": 0.01875, "elv": "bekk", "km": 1.7}}, {"type": "Feature", "geometry": {"type": "LineString", "coordinates": [[6.87244, 59.64964], [6.87074, 59.64985]]}, "properties": {"P": 54.09, "tau": 48.63, "tau_c": 65.43, "omega": 69.36, "M": 0.74, "D": 0.44, "R": 0.5, "sving": 0.48, "os": 0.73, "foss": 0.0, "juv": 0.0, "B": 0.65, "Q": 62.2, "w": 70.98, "h": 0.61, "S": 0.00807, "elv": "bekk", "km": 1.8}}, {"type": "Feature", "geometry": {"type": "LineString", "coordinates": [[6.85856, 59.64281], [6.85719, 59.64336]]}, "properties": {"P": 17.96, "tau": 121.28, "tau_c": 364.2, "omega": 156.14, "M": 0.33, "D": 0.0, "R": 0.04, "sving": 0.36, "os": 0.0, "foss": 1.0, "juv": 0.0, "B": 0.4, "Q": 0.16, "w": 6.0, "h": 0.02, "S": 0.60122, "elv": "bekk", "km": 0.5}}, {"type": "Feature", "geometry": {"type": "LineString", "coordinates": [[6.85719, 59.64336], [6.8569, 59.64421]]}, "properties": {"P": 18.68, "tau": 136.03, "tau_c": 364.2, "omega": 186.56, "M": 0.37, "D": 0.0, "R": 0.07, "sving": 0.35, "os": 0.0, "foss": 1.0, "juv": 0.0, "B": 0.41, "Q": 0.18, "w": 6.0, "h": 0.02, "S": 0.65014, "elv": "bekk", "km": 0.6}}, {"type": "Feature", "geometry": {"type": "LineString", "coordinates": [[6.8569, 59.64421], [6.85694, 59.6451]]}, "properties": {"P": 19.21, "tau": 157.86, "tau_c": 364.2, "omega": 233.77, "M": 0.43, "D": 0.0, "R": 0.12, "sving": 0.29, "os": 0.0, "foss": 1.0, "juv": 0.0, "B": 0.41, "Q": 0.19, "w": 6.0, "h": 0.02, "S": 0.744, "elv": "bekk", "km": 0.7}}, {"type": "Feature", "geometry": {"type": "LineString", "coordinates": [[6.85694, 59.6451], [6.85691, 59.64599]]}, "properties": {"P": 17.19, "tau": 163.71, "tau_c": 364.2, "omega": 249.14, "M": 0.45, "D": 0.0, "R": 0.13, "sving": 0.09, "os": 0.0, "foss": 1.0, "juv": 0.0, "B": 0.42, "Q": 0.21, "w": 6.0, "h": 0.02, "S": 0.72962, "elv": "bekk", "km": 0.8}}, {"type": "Feature", "geometry": {"type": "LineString", "coordinates": [[6.85691, 59.64599], [6.85668, 59.64685]]}, "properties": {"P": 17.83, "tau": 170.6, "tau_c": 364.2, "omega": 267.1, "M": 0.47, "D": 0.0, "R": 0.15, "sving": 0.02, "os": 0.07, "foss": 1.0, "juv": 0.0, "B": 0.42, "Q": 0.23, "w": 6.0, "h": 0.02, "S": 0.72443, "elv": "bekk", "km": 0.9}}, {"type": "Feature", "geometry": {"type": "LineString", "coordinates": [[6.85668, 59.64685], [6.85681, 59.64772]]}, "properties": {"P": 20.03, "tau": 186.82, "tau_c": 364.2, "omega": 307.18, "M": 0.51, "D": 0.0, "R": 0.2, "sving": 0.04, "os": 0.12, "foss": 1.0, "juv": 0.0, "B": 0.43, "Q": 0.24, "w": 6.0, "h": 0.02, "S": 0.7758, "elv": "bekk", "km": 1.0}}, {"type": "Feature", "geometry": {"type": "LineString", "coordinates": [[6.83621, 59.60399], [6.83553, 59.60324]]}, "properties": {"P": 17.53, "tau": 100.63, "tau_c": 328.77, "omega": 136.1, "M": 0.31, "D": 0.0, "R": 0.03, "sving": 0.01, "os": 0.0, "foss": 1.0, "juv": 0.0, "B": 0.53, "Q": 0.41, "w": 6.0, "h": 0.05, "S": 0.20373, "elv": "Kvernaåa", "km": 0.5}}, {"type": "Feature", "geometry": {"type": "LineString", "coordinates": [[6.83553, 59.60324], [6.83391, 59.603]]}, "properties": {"P": 21.92, "tau": 109.52, "tau_c": 344.82, "omega": 154.3, "M": 0.32, "D": 0.0, "R": 0.04, "sving": 0.25, "os": 0.0, "foss": 1.0, "juv": 0.0, "B": 0.53, "Q": 0.42, "w": 6.0, "h": 0.05, "S": 0.2241, "elv": "Kvernaåa", "km": 0.6}}, {"type": "Feature", "geometry": {"type": "LineString", "coordinates": [[6.83391, 59.603], [6.83215, 59.60296]]}, "properties": {"P": 24.63, "tau": 106.17, "tau_c": 331.2, "omega": 148.4, "M": 0.32, "D": 0.0, "R": 0.04, "sving": 0.4, "os": 0.0, "foss": 1.0, "juv": 0.0, "B": 0.54, "Q": 0.44, "w": 6.01, "h": 0.05, "S": 0.20675, "elv": "Kvernaåa", "km": 0.7}}, {"type": "Feature", "geometry": {"type": "LineString", "coordinates": [[6.83215, 59.60296], [6.8304, 59.60285]]}, "properties": {"P": 18.67, "tau": 110.43, "tau_c": 339.2, "omega": 157.21, "M": 0.33, "D": 0.0, "R": 0.04, "sving": 0.04, "os": 0.0, "foss": 1.0, "juv": 0.0, "B": 0.54, "Q": 0.45, "w": 6.03, "h": 0.05, "S": 0.21686, "elv": "Kvernaåa", "km": 0.8}}, {"type": "Feature", "geometry": {"type": "LineString", "coordinates": [[6.8304, 59.60285], [6.82871, 59.60279]]}, "properties": {"P": 20.87, "tau": 118.2, "tau_c": 353.42, "omega": 173.73, "M": 0.33, "D": 0.0, "R": 0.04, "sving": 0.16, "os": 0.0, "foss": 1.0, "juv": 0.0, "B": 0.54, "Q": 0.45, "w": 6.04, "h": 0.05, "S": 0.23542, "elv": "Kvernaåa", "km": 0.9}}, {"type": "Feature", "geometry": {"type": "LineString", "coordinates": [[6.82871, 59.60279], [6.8271, 59.60245]]}, "properties": {"P": 19.14, "tau": 124.7, "tau_c": 364.2, "omega": 187.52, "M": 0.34, "D": 0.02, "R": 0.05, "sving": 0.02, "os": 0.0, "foss": 1.0, "juv": 0.0, "B": 0.54, "Q": 0.45, "w": 6.06, "h": 0.05, "S": 0.25468, "elv": "Kvernaåa", "km": 1.0}}, {"type": "Feature", "geometry": {"type": "LineString", "coordinates": [[6.8271, 59.60245], [6.82552, 59.60205]]}, "properties": {"P": 19.99, "tau": 113.03, "tau_c": 347.62, "omega": 162.22, "M": 0.33, "D": 0.04, "R": 0.04, "sving": 0.06, "os": 0.0, "foss": 1.0, "juv": 0.0, "B": 0.54, "Q": 0.45, "w": 6.26, "h": 0.05, "S": 0.22776, "elv": "Kvernaåa", "km": 1.1}}, {"type": "Feature", "geometry": {"type": "LineString", "coordinates": [[6.82552, 59.60205], [6.82377, 59.60198]]}, "properties": {"P": 19.12, "tau": 100.43, "tau_c": 326.05, "omega": 136.14, "M": 0.31, "D": 0.04, "R": 0.03, "sving": 0.02, "os": 0.0, "foss": 1.0, "juv": 0.0, "B": 0.54, "Q": 0.45, "w": 6.56, "h": 0.05, "S": 0.20038, "elv": "Kvernaåa", "km": 1.2}}, {"type": "Feature", "geometry": {"type": "LineString", "coordinates": [[6.82377, 59.60198], [6.82203, 59.60205]]}, "properties": {"P": 20.97, "tau": 109.16, "tau_c": 311.17, "omega": 158.67, "M": 0.35, "D": 0.02, "R": 0.05, "sving": 0.06, "os": 0.0, "foss": 1.0, "juv": 0.0, "B": 0.57, "Q": 0.61, "w": 6.88, "h": 0.06, "S": 0.1825, "elv": "Kvernaåa", "km": 1.3}}, {"type": "Feature", "geometry": {"type": "LineString", "coordinates": [[6.82203, 59.60205], [6.82046, 59.60168]]}, "properties": {"P": 24.08, "tau": 119.39, "tau_c": 317.25, "omega": 183.03, "M": 0.38, "D": 0.0, "R": 0.07, "sving": 0.19, "os": 0.0, "foss": 1.0, "juv": 0.0, "B": 0.59, "Q": 0.71, "w": 7.21, "h": 0.06, "S": 0.18971, "elv": "Kvernaåa", "km": 1.4}}, {"type": "Feature", "geometry": {"type": "LineString", "coordinates": [[6.82046, 59.60168], [6.81903, 59.60116]]}, "properties": {"P": 29.04, "tau": 120.67, "tau_c": 322.52, "omega": 185.42, "M": 0.37, "D": 0.01, "R": 0.07, "sving": 0.37, "os": 0.08, "foss": 1.0, "juv": 0.0, "B": 0.59, "Q": 0.73, "w": 7.55, "h": 0.06, "S": 0.19605, "elv": "Kvernaåa", "km": 1.5}}, {"type": "Feature", "geometry": {"type": "LineString", "coordinates": [[6.81903, 59.60116], [6.81756, 59.60067]]}, "properties": {"P": 26.58, "tau": 110.7, "tau_c": 305.23, "omega": 163.58, "M": 0.36, "D": 0.01, "R": 0.06, "sving": 0.2, "os": 0.13, "foss": 1.0, "juv": 0.0, "B": 0.59, "Q": 0.73, "w": 7.71, "h": 0.06, "S": 0.1756, "elv": "Kvernaåa", "km": 1.6}}, {"type": "Feature", "geometry": {"type": "LineString", "coordinates": [[6.81756, 59.60067], [6.81651, 59.59998]]}, "properties": {"P": 28.72, "tau": 115.28, "tau_c": 312.38, "omega": 173.67, "M": 0.37, "D": 0.01, "R": 0.07, "sving": 0.23, "os": 0.2, "foss": 1.0, "juv": 0.0, "B": 0.59, "Q": 0.75, "w": 7.75, "h": 0.06, "S": 0.18393, "elv": "Kvernaåa", "km": 1.7}}, {"type": "Feature", "geometry": {"type": "LineString", "coordinates": [[6.81651, 59.59998], [6.81553, 59.59926]]}, "properties": {"P": 32.38, "tau": 142.06, "tau_c": 362.37, "omega": 234.35, "M": 0.39, "D": 0.0, "R": 0.08, "sving": 0.28, "os": 0.33, "foss": 1.0, "juv": 0.0, "B": 0.59, "Q": 0.75, "w": 7.78, "h": 0.06, "S": 0.2475, "elv": "Kvernaåa", "km": 1.8}}, {"type": "Feature", "geometry": {"type": "LineString", "coordinates": [[6.81553, 59.59926], [6.81494, 59.59843]]}, "properties": {"P": 38.71, "tau": 171.74, "tau_c": 364.2, "omega": 306.38, "M": 0.47, "D": 0.0, "R": 0.16, "sving": 0.28, "os": 0.54, "foss": 1.0, "juv": 0.0, "B": 0.59, "Q": 0.75, "w": 8.03, "h": 0.05, "S": 0.33313, "elv": "Kvernaåa", "km": 1.9}}, {"type": "Feature", "geometry": {"type": "LineString", "coordinates": [[6.81494, 59.59843], [6.81363, 59.59853]]}, "properties": {"P": 42.7, "tau": 182.5, "tau_c": 364.2, "omega": 332.95, "M": 0.5, "D": 0.0, "R": 0.19, "sving": 0.13, "os": 0.85, "foss": 1.0, "juv": 0.0, "B": 0.59, "Q": 0.75, "w": 8.27, "h": 0.05, "S": 0.37296, "elv": "Kvernaåa", "km": 2.0}}, {"type": "Feature", "geometry": {"type": "LineString", "coordinates": [[6.81363, 59.59853], [6.81198, 59.5984]]}, "properties": {"P": 51.97, "tau": 235.94, "tau_c": 364.2, "omega": 497.12, "M": 0.65, "D": 0.0, "R": 0.38, "sving": 0.27, "os": 0.77, "foss": 1.0, "juv": 0.0, "B": 0.62, "Q": 0.99, "w": 8.53, "h": 0.05, "S": 0.43762, "elv": "Kvernaåa", "km": 2.1}}, {"type": "Feature", "geometry": {"type": "LineString", "coordinates": [[6.81198, 59.5984], [6.81055, 59.59788]]}, "properties": {"P": 43.25, "tau": 244.31, "tau_c": 364.2, "omega": 521.16, "M": 0.67, "D": 0.0, "R": 0.41, "sving": 0.04, "os": 0.5, "foss": 1.0, "juv": 0.0, "B": 0.62, "Q": 1.0, "w": 8.79, "h": 0.05, "S": 0.46853, "elv": "Kvernaåa", "km": 2.2}}, {"type": "Feature", "geometry": {"type": "LineString", "coordinates": [[6.81055, 59.59788], [6.80912, 59.59749]]}, "properties": {"P": 42.22, "tau": 257.01, "tau_c": 364.2, "omega": 559.72, "M": 0.71, "D": 0.0, "R": 0.45, "sving": 0.07, "os": 0.33, "foss": 1.0, "juv": 0.0, "B": 0.63, "Q": 1.02, "w": 9.08, "h": 0.05, "S": 0.5083, "elv": "Kvernaåa", "km": 2.3}}, {"type": "Feature", "geometry": {"type": "LineString", "coordinates": [[6.80912, 59.59749], [6.80737, 59.59752]]}, "properties": {"P": 45.55, "tau": 260.92, "tau_c": 364.2, "omega": 572.47, "M": 0.72, "D": 0.0, "R": 0.47, "sving": 0.33, "os": 0.21, "foss": 1.0, "juv": 0.0, "B": 0.63, "Q": 1.03, "w": 9.15, "h": 0.05, "S": 0.51662, "elv": "Kvernaåa", "km": 2.4}}, {"type": "Feature", "geometry": {"type": "LineString", "coordinates": [[6.89943, 59.67223], [6.90042, 59.67154]]}, "properties": {"P": 10.28, "tau": 113.52, "tau_c": 364.2, "omega": 153.58, "M": 0.31, "D": 0.0, "R": 0.03, "sving": 0.01, "os": 0.0, "foss": 1.0, "juv": 0.0, "B": 0.31, "Q": 0.28, "w": 6.0, "h": 0.03, "S": 0.33657, "elv": "bekk", "km": 1.2}}, {"type": "Feature", "geometry": {"type": "LineString", "coordinates": [[6.90042, 59.67154], [6.90162, 59.67098]]}, "properties": {"P": 10.56, "tau": 112.52, "tau_c": 364.2, "omega": 150.26, "M": 0.31, "D": 0.0, "R": 0.03, "sving": 0.03, "os": 0.0, "foss": 1.0, "juv": 0.0, "B": 0.31, "Q": 0.3, "w": 6.83, "h": 0.03, "S": 0.35391, "elv": "bekk", "km": 1.3}}, {"type": "Feature", "geometry": {"type": "LineString", "coordinates": [[6.90162, 59.67098], [6.90197, 59.67012]]}, "properties": {"P": 11.28, "tau": 111.98, "tau_c": 364.2, "omega": 148.04, "M": 0.31, "D": 0.0, "R": 0.03, "sving": 0.03, "os": 0.06, "foss": 1.0, "juv": 0.0, "B": 0.32, "Q": 0.31, "w": 7.68, "h": 0.03, "S": 0.37089, "elv": "bekk", "km": 1.4}}, {"type": "Feature", "geometry": {"type": "LineString", "coordinates": [[6.90197, 59.67012], [6.90289, 59.66936]]}, "properties": {"P": 24.6, "tau": 251.32, "tau_c": 364.2, "omega": 563.51, "M": 0.69, "D": 0.0, "R": 0.43, "sving": 0.14, "os": 0.07, "foss": 1.0, "juv": 0.0, "B": 0.41, "Q": 1.28, "w": 8.52, "h": 0.07, "S": 0.38364, "elv": "bekk", "km": 1.5}}, {"type": "Feature", "geometry": {"type": "LineString", "coordinates": [[6.91055, 59.67287], [6.9112, 59.67205]]}, "properties": {"P": 10.64, "tau": 114.4, "tau_c": 364.2, "omega": 154.31, "M": 0.31, "D": 0.0, "R": 0.03, "sving": 0.02, "os": 0.05, "foss": 1.0, "juv": 0.0, "B": 0.3, "Q": 0.27, "w": 6.0, "h": 0.03, "S": 0.35393, "elv": "bekk", "km": 1.6}}, {"type": "Feature", "geometry": {"type": "LineString", "coordinates": [[6.84854, 59.663], [6.84872, 59.66211]]}, "properties": {"P": 20.57, "tau": 117.33, "tau_c": 364.2, "omega": 158.59, "M": 0.32, "D": 0.0, "R": 0.04, "sving": 0.31, "os": 0.0, "foss": 1.0, "juv": 0.0, "B": 0.48, "Q": 0.25, "w": 6.0, "h": 0.03, "S": 0.38799, "elv": "Indre Strondebekken", "km": 1.5}}, {"type": "Feature", "geometry": {"type": "LineString", "coordinates": [[6.84872, 59.66211], [6.84865, 59.66123]]}, "properties": {"P": 19.02, "tau": 136.67, "tau_c": 364.2, "omega": 199.05, "M": 0.38, "D": 0.0, "R": 0.07, "sving": 0.13, "os": 0.0, "foss": 1.0, "juv": 0.0, "B": 0.49, "Q": 0.27, "w": 6.0, "h": 0.03, "S": 0.45653, "elv": "Indre Strondebekken", "km": 1.6}}, {"type": "Feature", "geometry": {"type": "LineString", "coordinates": [[6.84865, 59.66123], [6.84854, 59.66034]]}, "properties": {"P": 19.45, "tau": 151.26, "tau_c": 364.2, "omega": 232.07, "M": 0.42, "D": 0.0, "R": 0.1, "sving": 0.09, "os": 0.0, "foss": 1.0, "juv": 0.0, "B": 0.49, "Q": 0.28, "w": 6.0, "h": 0.03, "S": 0.50095, "elv": "Indre Strondebekken", "km": 1.7}}, {"type": "Feature", "geometry": {"type": "LineString", "coordinates": [[6.84854, 59.66034], [6.84826, 59.65945]]}, "properties": {"P": 20.46, "tau": 171.95, "tau_c": 364.2, "omega": 281.02, "M": 0.47, "D": 0.0, "R": 0.16, "sving": 0.05, "os": 0.0, "foss": 1.0, "juv": 0.0, "B": 0.5, "Q": 0.3, "w": 6.0, "h": 0.03, "S": 0.57292, "elv": "Indre Strondebekken", "km": 1.8}}, {"type": "Feature", "geometry": {"type": "LineString", "coordinates": [[6.84826, 59.65945], [6.84801, 59.65857]]}, "properties": {"P": 21.96, "tau": 185.52, "tau_c": 364.2, "omega": 315.62, "M": 0.51, "D": 0.0, "R": 0.2, "sving": 0.06, "os": 0.0, "foss": 1.0, "juv": 0.0, "B": 0.5, "Q": 0.32, "w": 6.0, "h": 0.03, "S": 0.60959, "elv": "Indre Strondebekken", "km": 1.9}}, {"type": "Feature", "geometry": {"type": "LineString", "coordinates": [[6.84801, 59.65857], [6.8477, 59.65769]]}, "properties": {"P": 23.63, "tau": 192.86, "tau_c": 364.2, "omega": 336.02, "M": 0.53, "D": 0.0, "R": 0.22, "sving": 0.05, "os": 0.06, "foss": 1.0, "juv": 0.0, "B": 0.51, "Q": 0.33, "w": 6.0, "h": 0.03, "S": 0.61655, "elv": "Indre Strondebekken", "km": 2.0}}, {"type": "Feature", "geometry": {"type": "LineString", "coordinates": [[6.8477, 59.65769], [6.84729, 59.65682]]}, "properties": {"P": 23.77, "tau": 191.73, "tau_c": 364.2, "omega": 335.45, "M": 0.53, "D": 0.01, "R": 0.22, "sving": 0.01, "os": 0.1, "foss": 1.0, "juv": 0.0, "B": 0.52, "Q": 0.35, "w": 6.0, "h": 0.03, "S": 0.58619, "elv": "Indre Strondebekken", "km": 2.1}}, {"type": "Feature", "geometry": {"type": "LineString", "coordinates": [[6.84729, 59.65682], [6.84727, 59.65594]]}, "properties": {"P": 28.06, "tau": 183.38, "tau_c": 364.2, "omega": 316.74, "M": 0.5, "D": 0.02, "R": 0.19, "sving": 0.23, "os": 0.15, "foss": 1.0, "juv": 0.0, "B": 0.52, "Q": 0.37, "w": 6.0, "h": 0.04, "S": 0.52835, "elv": "Indre Strondebekken", "km": 2.2}}, {"type": "Feature", "geometry": {"type": "LineString", "coordinates": [[6.84727, 59.65594], [6.84697, 59.65507]]}, "properties": {"P": 30.02, "tau": 182.15, "tau_c": 364.2, "omega": 315.63, "M": 0.5, "D": 0.02, "R": 0.19, "sving": 0.25, "os": 0.24, "foss": 1.0, "juv": 0.0, "B": 0.52, "Q": 0.38, "w": 6.0, "h": 0.04, "S": 0.50361, "elv": "Indre Strondebekken", "km": 2.3}}, {"type": "Feature", "geometry": {"type": "LineString", "coordinates": [[6.84697, 59.65507], [6.84768, 59.65433]]}, "properties": {"P": 31.28, "tau": 176.79, "tau_c": 364.2, "omega": 304.17, "M": 0.49, "D": 0.01, "R": 0.17, "sving": 0.23, "os": 0.36, "foss": 1.0, "juv": 0.0, "B": 0.53, "Q": 0.4, "w": 6.0, "h": 0.04, "S": 0.46509, "elv": "Indre Strondebekken", "km": 2.4}}, {"type": "Feature", "geometry": {"type": "LineString", "coordinates": [[6.83158, 59.69105], [6.83038, 59.6917]]}, "properties": {"P": 12.49, "tau": 109.92, "tau_c": 364.2, "omega": 142.54, "M": 0.3, "D": 0.09, "R": 0.03, "sving": 0.1, "os": 0.05, "foss": 1.0, "juv": 0.0, "B": 0.3, "Q": 0.23, "w": 6.0, "h": 0.03, "S": 0.38413, "elv": "bekk", "km": 0.9}}, {"type": "Feature", "geometry": {"type": "LineString", "coordinates": [[6.82723, 59.69249], [6.82571, 59.69233]]}, "properties": {"P": 56.51, "tau": 561.4, "tau_c": 364.2, "omega": 2191.46, "M": 1.54, "D": 0.0, "R": 1.0, "sving": 0.37, "os": 0.15, "foss": 1.0, "juv": 0.0, "B": 0.57, "Q": 14.34, "w": 22.07, "h": 0.17, "S": 0.34381, "elv": "bekk", "km": 1.2}}, {"type": "Feature", "geometry": {"type": "LineString", "coordinates": [[6.83669, 59.69774], [6.83544, 59.69717]]}, "properties": {"P": 26.96, "tau": 203.16, "tau_c": 251.36, "omega": 482.06, "M": 0.81, "D": 0.0, "R": 0.59, "sving": 0.13, "os": 0.2, "foss": 1.0, "juv": 0.0, "B": 0.37, "Q": 13.83, "w": 33.51, "h": 0.17, "S": 0.11908, "elv": "bekk", "km": 0.0}}, {"type": "Feature", "geometry": {"type": "LineString", "coordinates": [[6.83544, 59.69717], [6.83405, 59.69665]]}, "properties": {"P": 54.33, "tau": 234.55, "tau_c": 277.93, "omega": 592.55, "M": 0.84, "D": 0.0, "R": 0.63, "sving": 0.19, "os": 0.14, "foss": 1.0, "juv": 0.0, "B": 0.73, "Q": 13.91, "w": 33.53, "h": 0.16, "S": 0.1456, "elv": "bekk", "km": 0.1}}, {"type": "Feature", "geometry": {"type": "LineString", "coordinates": [[6.83405, 59.69665], [6.83299, 59.69597]]}, "properties": {"P": 51.22, "tau": 219.41, "tau_c": 265.05, "omega": 538.52, "M": 0.83, "D": 0.04, "R": 0.61, "sving": 0.09, "os": 0.09, "foss": 1.0, "juv": 0.0, "B": 0.73, "Q": 13.91, "w": 33.56, "h": 0.17, "S": 0.13242, "elv": "bekk", "km": 0.2}}, {"type": "Feature", "geometry": {"type": "LineString", "coordinates": [[6.83299, 59.69597], [6.83226, 59.69519]]}, "properties": {"P": 49.94, "tau": 199.27, "tau_c": 247.59, "omega": 469.11, "M": 0.8, "D": 0.06, "R": 0.58, "sving": 0.08, "os": 0.06, "foss": 1.0, "juv": 0.0, "B": 0.73, "Q": 13.93, "w": 33.67, "h": 0.18, "S": 0.11554, "elv": "bekk", "km": 0.3}}, {"type": "Feature", "geometry": {"type": "LineString", "coordinates": [[6.83226, 59.69519], [6.83074, 59.69476]]}, "properties": {"P": 48.65, "tau": 187.72, "tau_c": 237.51, "omega": 430.53, "M": 0.79, "D": 0.06, "R": 0.57, "sving": 0.04, "os": 0.07, "foss": 1.0, "juv": 0.0, "B": 0.73, "Q": 13.93, "w": 33.76, "h": 0.18, "S": 0.10633, "elv": "bekk", "km": 0.4}}, {"type": "Feature", "geometry": {"type": "LineString", "coordinates": [[6.83074, 59.69476], [6.82957, 59.69411]]}, "properties": {"P": 54.85, "tau": 184.46, "tau_c": 232.41, "omega": 421.11, "M": 0.79, "D": 0.03, "R": 0.57, "sving": 0.3, "os": 0.11, "foss": 1.0, "juv": 0.0, "B": 0.73, "Q": 14.27, "w": 33.85, "h": 0.18, "S": 0.1018, "elv": "bekk", "km": 0.5}}, {"type": "Feature", "geometry": {"type": "LineString", "coordinates": [[6.82957, 59.69411], [6.82891, 59.69355]]}, "properties": {"P": 51.46, "tau": 204.66, "tau_c": 247.86, "omega": 490.14, "M": 0.83, "D": 0.0, "R": 0.61, "sving": 0.05, "os": 0.18, "foss": 1.0, "juv": 0.0, "B": 0.73, "Q": 14.3, "w": 33.13, "h": 0.18, "S": 0.11579, "elv": "bekk", "km": 0.6}}, {"type": "Feature", "geometry": {"type": "LineString", "coordinates": [[6.82891, 59.69355], [6.82728, 59.69329]]}, "properties": {"P": 52.23, "tau": 185.69, "tau_c": 231.49, "omega": 426.27, "M": 0.8, "D": 0.0, "R": 0.58, "sving": 0.07, "os": 0.25, "foss": 1.0, "juv": 0.0, "B": 0.73, "Q": 14.3, "w": 33.23, "h": 0.19, "S": 0.101, "elv": "bekk", "km": 0.7}}, {"type": "Feature", "geometry": {"type": "LineString", "coordinates": [[6.82728, 59.69329], [6.82606, 59.69305]]}, "properties": {"P": 57.9, "tau": 189.45, "tau_c": 234.93, "omega": 438.62, "M": 0.81, "D": -0.0, "R": 0.59, "sving": 0.16, "os": 0.4, "foss": 1.0, "juv": 0.0, "B": 0.73, "Q": 14.3, "w": 33.26, "h": 0.19, "S": 0.10403, "elv": "bekk", "km": 0.8}}, {"type": "Feature", "geometry": {"type": "LineString", "coordinates": [[6.82606, 59.69305], [6.82515, 59.69231]]}, "properties": {"P": 60.32, "tau": 210.2, "tau_c": 252.77, "omega": 509.16, "M": 0.83, "D": -0.0, "R": 0.62, "sving": 0.06, "os": 0.55, "foss": 1.0, "juv": 0.0, "B": 0.73, "Q": 14.35, "w": 33.3, "h": 0.18, "S": 0.12042, "elv": "bekk", "km": 0.9}}, {"type": "Feature", "geometry": {"type": "LineString", "coordinates": [[6.82515, 59.69231], [6.82369, 59.69181]]}, "properties": {"P": 69.33, "tau": 209.11, "tau_c": 251.55, "omega": 505.6, "M": 0.83, "D": -0.0, "R": 0.62, "sving": 0.11, "os": 0.89, "foss": 1.0, "juv": 0.0, "B": 0.73, "Q": 14.41, "w": 33.34, "h": 0.18, "S": 0.11927, "elv": "bekk", "km": 1.0}}, {"type": "Feature", "geometry": {"type": "LineString", "coordinates": [[6.82369, 59.69181], [6.82212, 59.6914]]}, "properties": {"P": 62.22, "tau": 206.69, "tau_c": 251.85, "omega": 495.8, "M": 0.82, "D": 0.0, "R": 0.6, "sving": 0.03, "os": 0.68, "foss": 1.0, "juv": 0.0, "B": 0.73, "Q": 14.46, "w": 34.2, "h": 0.18, "S": 0.11956, "elv": "bekk", "km": 1.1}}, {"type": "Feature", "geometry": {"type": "LineString", "coordinates": [[6.82212, 59.6914], [6.82071, 59.69086]]}, "properties": {"P": 66.81, "tau": 220.41, "tau_c": 263.74, "omega": 543.53, "M": 0.84, "D": 0.0, "R": 0.62, "sving": 0.16, "os": 0.72, "foss": 1.0, "juv": 0.0, "B": 0.73, "Q": 14.47, "w": 34.24, "h": 0.17, "S": 0.1311, "elv": "bekk", "km": 1.2}}, {"type": "Feature", "geometry": {"type": "LineString", "coordinates": [[6.82071, 59.69086], [6.81967, 59.69016]]}, "properties": {"P": 75.69, "tau": 207.7, "tau_c": 253.11, "omega": 499.08, "M": 0.82, "D": 0.0, "R": 0.6, "sving": 0.46, "os": 0.84, "foss": 1.0, "juv": 0.0, "B": 0.73, "Q": 14.52, "w": 34.46, "h": 0.18, "S": 0.12075, "elv": "bekk", "km": 1.3}}, {"type": "Feature", "geometry": {"type": "LineString", "coordinates": [[6.81967, 59.69016], [6.81878, 59.68943]]}, "properties": {"P": 65.06, "tau": 235.88, "tau_c": 274.25, "omega": 600.71, "M": 0.86, "D": -0.0, "R": 0.65, "sving": 0.24, "os": 0.52, "foss": 1.0, "juv": 0.0, "B": 0.73, "Q": 14.52, "w": 33.62, "h": 0.17, "S": 0.14176, "elv": "bekk", "km": 1.4}}, {"type": "Feature", "geometry": {"type": "LineString", "coordinates": [[6.81878, 59.68943], [6.81902, 59.68856]]}, "properties": {"P": 65.43, "tau": 259.19, "tau_c": 267.73, "omega": 706.91, "M": 0.97, "D": -0.0, "R": 0.77, "sving": 0.22, "os": 0.32, "foss": 1.0, "juv": 0.03, "B": 0.74, "Q": 15.34, "w": 28.77, "h": 0.2, "S": 0.1351, "elv": "bekk", "km": 1.5}}, {"type": "Feature", "geometry": {"type": "LineString", "coordinates": [[6.81902, 59.68856], [6.81854, 59.6877]]}, "properties": {"P": 65.11, "tau": 271.43, "tau_c": 273.08, "omega": 758.13, "M": 0.99, "D": -0.0, "R": 0.79, "sving": 0.1, "os": 0.39, "foss": 1.0, "juv": 0.03, "B": 0.74, "Q": 15.35, "w": 27.91, "h": 0.2, "S": 0.14055, "elv": "bekk", "km": 1.6}}, {"type": "Feature", "geometry": {"type": "LineString", "coordinates": [[6.81854, 59.6877], [6.81696, 59.68742]]}, "properties": {"P": 70.79, "tau": 264.82, "tau_c": 264.09, "omega": 735.26, "M": 1.0, "D": -0.0, "R": 0.8, "sving": 0.14, "os": 0.58, "foss": 1.0, "juv": 0.03, "B": 0.74, "Q": 15.42, "w": 27.05, "h": 0.21, "S": 0.13146, "elv": "bekk", "km": 1.7}}, {"type": "Feature", "geometry": {"type": "LineString", "coordinates": [[6.81696, 59.68742], [6.81647, 59.68661]]}, "properties": {"P": 81.0, "tau": 260.19, "tau_c": 247.37, "omega": 727.8, "M": 1.05, "D": 0.04, "R": 0.84, "sving": 0.12, "os": 0.93, "foss": 1.0, "juv": 0.03, "B": 0.74, "Q": 15.44, "w": 24.0, "h": 0.23, "S": 0.11534, "elv": "bekk", "km": 1.8}}, {"type": "Feature", "geometry": {"type": "LineString", "coordinates": [[6.81647, 59.68661], [6.81606, 59.68577]]}, "properties": {"P": 91.79, "tau": 269.5, "tau_c": 244.08, "omega": 773.6, "M": 1.1, "D": 0.09, "R": 0.88, "sving": 0.54, "os": 0.84, "foss": 1.0, "juv": 0.03, "B": 0.74, "Q": 15.45, "w": 22.0, "h": 0.24, "S": 0.11229, "elv": "bekk", "km": 1.9}}, {"type": "Feature", "geometry": {"type": "LineString", "coordinates": [[6.81606, 59.68577], [6.81614, 59.68489]]}, "properties": {"P": 74.67, "tau": 197.9, "tau_c": 210.05, "omega": 487.23, "M": 0.94, "D": 0.17, "R": 0.74, "sving": 0.05, "os": 0.72, "foss": 1.0, "juv": 0.0, "B": 0.74, "Q": 15.53, "w": 26.0, "h": 0.24, "S": 0.08316, "elv": "bekk", "km": 2.0}}, {"type": "Feature", "geometry": {"type": "LineString", "coordinates": [[6.81614, 59.68489], [6.81649, 59.68403]]}, "properties": {"P": 68.89, "tau": 183.53, "tau_c": 202.65, "omega": 435.11, "M": 0.91, "D": 0.16, "R": 0.7, "sving": 0.14, "os": 0.46, "foss": 1.0, "juv": 0.0, "B": 0.74, "Q": 15.53, "w": 27.11, "h": 0.24, "S": 0.07741, "elv": "bekk", "km": 2.1}}, {"type": "Feature", "geometry": {"type": "LineString", "coordinates": [[6.81649, 59.68403], [6.81623, 59.68316]]}, "properties": {"P": 71.18, "tau": 155.94, "tau_c": 180.3, "omega": 344.53, "M": 0.86, "D": 0.14, "R": 0.66, "sving": 0.05, "os": 0.75, "foss": 1.0, "juv": 0.0, "B": 0.74, "Q": 15.54, "w": 27.11, "h": 0.26, "S": 0.06127, "elv": "bekk", "km": 2.2}}, {"type": "Feature", "geometry": {"type": "LineString", "coordinates": [[6.81623, 59.68316], [6.81646, 59.68228]]}, "properties": {"P": 68.31, "tau": 171.25, "tau_c": 201.94, "omega": 388.87, "M": 0.85, "D": 0.06, "R": 0.64, "sving": 0.01, "os": 0.81, "foss": 1.0, "juv": 0.0, "B": 0.74, "Q": 15.6, "w": 30.24, "h": 0.23, "S": 0.07687, "elv": "bekk", "km": 2.3}}, {"type": "Feature", "geometry": {"type": "LineString", "coordinates": [[6.81646, 59.68228], [6.81678, 59.6814]]}, "properties": {"P": 53.54, "tau": 149.35, "tau_c": 188.25, "omega": 317.06, "M": 0.79, "D": 0.04, "R": 0.57, "sving": 0.1, "os": 0.5, "foss": 0.72, "juv": 0.0, "B": 0.74, "Q": 15.6, "w": 32.24, "h": 0.23, "S": 0.0668, "elv": "bekk", "km": 2.4}}, {"type": "Feature", "geometry": {"type": "LineString", "coordinates": [[6.81678, 59.6814], [6.81711, 59.68052]]}, "properties": {"P": 53.31, "tau": 163.07, "tau_c": 199.9, "omega": 359.92, "M": 0.82, "D": 0.0, "R": 0.6, "sving": 0.0, "os": 0.3, "foss": 1.0, "juv": 0.0, "B": 0.74, "Q": 15.71, "w": 32.24, "h": 0.22, "S": 0.07532, "elv": "bekk", "km": 2.5}}, {"type": "Feature", "geometry": {"type": "LineString", "coordinates": [[6.81711, 59.68052], [6.81733, 59.67963]]}, "properties": {"P": 53.59, "tau": 166.92, "tau_c": 200.05, "omega": 373.93, "M": 0.83, "D": 0.0, "R": 0.62, "sving": 0.1, "os": 0.19, "foss": 1.0, "juv": 0.0, "B": 0.74, "Q": 15.73, "w": 31.13, "h": 0.23, "S": 0.07543, "elv": "bekk", "km": 2.6}}, {"type": "Feature", "geometry": {"type": "LineString", "coordinates": [[6.81733, 59.67963], [6.81756, 59.67875]]}, "properties": {"P": 52.06, "tau": 165.61, "tau_c": 198.36, "omega": 370.04, "M": 0.83, "D": 0.01, "R": 0.62, "sving": 0.1, "os": 0.11, "foss": 1.0, "juv": 0.0, "B": 0.74, "Q": 15.84, "w": 31.13, "h": 0.23, "S": 0.07416, "elv": "bekk", "km": 2.7}}, {"type": "Feature", "geometry": {"type": "LineString", "coordinates": [[6.81756, 59.67875], [6.81743, 59.67786]]}, "properties": {"P": 50.74, "tau": 185.84, "tau_c": 215.42, "omega": 436.45, "M": 0.86, "D": 0.01, "R": 0.65, "sving": 0.03, "os": 0.07, "foss": 1.0, "juv": 0.0, "B": 0.74, "Q": 15.88, "w": 31.22, "h": 0.22, "S": 0.08746, "elv": "bekk", "km": 2.8}}, {"type": "Feature", "geometry": {"type": "LineString", "coordinates": [[6.81743, 59.67786], [6.8173, 59.67697]]}, "properties": {"P": 50.69, "tau": 161.36, "tau_c": 196.94, "omega": 355.37, "M": 0.82, "D": 0.03, "R": 0.6, "sving": 0.14, "os": 0.0, "foss": 1.0, "juv": 0.0, "B": 0.74, "Q": 16.09, "w": 32.46, "h": 0.23, "S": 0.0731, "elv": "bekk", "km": 2.9}}, {"type": "Feature", "geometry": {"type": "LineString", "coordinates": [[6.8173, 59.67697], [6.81765, 59.6761]]}, "properties": {"P": 48.11, "tau": 164.84, "tau_c": 199.93, "omega": 366.45, "M": 0.82, "D": 0.03, "R": 0.61, "sving": 0.02, "os": 0.0, "foss": 1.0, "juv": 0.0, "B": 0.74, "Q": 16.09, "w": 32.46, "h": 0.22, "S": 0.07534, "elv": "bekk", "km": 3.0}}, {"type": "Feature", "geometry": {"type": "LineString", "coordinates": [[6.81765, 59.6761], [6.81723, 59.67526]]}, "properties": {"P": 47.5, "tau": 155.48, "tau_c": 191.31, "omega": 337.25, "M": 0.81, "D": 0.03, "R": 0.59, "sving": 0.02, "os": 0.0, "foss": 1.0, "juv": 0.0, "B": 0.74, "Q": 16.18, "w": 32.46, "h": 0.23, "S": 0.06899, "elv": "bekk", "km": 3.1}}, {"type": "Feature", "geometry": {"type": "LineString", "coordinates": [[6.81723, 59.67526], [6.817, 59.6744]]}, "properties": {"P": 50.63, "tau": 163.26, "tau_c": 197.84, "omega": 361.81, "M": 0.83, "D": 0.0, "R": 0.61, "sving": 0.17, "os": 0.0, "foss": 1.0, "juv": 0.0, "B": 0.74, "Q": 16.23, "w": 32.46, "h": 0.23, "S": 0.07377, "elv": "bekk", "km": 3.2}}, {"type": "Feature", "geometry": {"type": "LineString", "coordinates": [[6.84343, 59.65909], [6.84375, 59.65822]]}, "properties": {"P": 16.99, "tau": 113.33, "tau_c": 364.2, "omega": 138.29, "M": 0.31, "D": 0.0, "R": 0.03, "sving": 0.08, "os": 0.0, "foss": 1.0, "juv": 0.0, "B": 0.48, "Q": 0.13, "w": 6.0, "h": 0.02, "S": 0.63434, "elv": "bekk", "km": 0.8}}, {"type": "Feature", "geometry": {"type": "LineString", "coordinates": [[6.84375, 59.65822], [6.84416, 59.65735]]}, "properties": {"P": 17.89, "tau": 122.62, "tau_c": 364.2, "omega": 157.36, "M": 0.34, "D": 0.0, "R": 0.05, "sving": 0.06, "os": 0.06, "foss": 1.0, "juv": 0.0, "B": 0.48, "Q": 0.15, "w": 6.0, "h": 0.02, "S": 0.64162, "elv": "bekk", "km": 0.9}}, {"type": "Feature", "geometry": {"type": "LineString", "coordinates": [[6.84416, 59.65735], [6.84445, 59.65647]]}, "properties": {"P": 18.8, "tau": 127.63, "tau_c": 364.2, "omega": 169.08, "M": 0.35, "D": 0.0, "R": 0.05, "sving": 0.07, "os": 0.09, "foss": 1.0, "juv": 0.0, "B": 0.48, "Q": 0.17, "w": 6.0, "h": 0.02, "S": 0.62049, "elv": "bekk", "km": 1.0}}, {"type": "Feature", "geometry": {"type": "LineString", "coordinates": [[6.84445, 59.65647], [6.84492, 59.65562]]}, "properties": {"P": 19.35, "tau": 129.94, "tau_c": 364.2, "omega": 175.8, "M": 0.36, "D": 0.0, "R": 0.06, "sving": 0.05, "os": 0.15, "foss": 1.0, "juv": 0.0, "B": 0.48, "Q": 0.18, "w": 6.0, "h": 0.02, "S": 0.5865, "elv": "bekk", "km": 1.1}}, {"type": "Feature", "geometry": {"type": "LineString", "coordinates": [[6.84492, 59.65562], [6.84491, 59.65472]]}, "properties": {"P": 23.72, "tau": 129.13, "tau_c": 364.2, "omega": 176.36, "M": 0.35, "D": 0.0, "R": 0.06, "sving": 0.26, "os": 0.22, "foss": 1.0, "juv": 0.0, "B": 0.48, "Q": 0.2, "w": 6.0, "h": 0.02, "S": 0.53933, "elv": "bekk", "km": 1.2}}, {"type": "Feature", "geometry": {"type": "LineString", "coordinates": [[6.84491, 59.65472], [6.84554, 59.6539]]}, "properties": {"P": 24.22, "tau": 130.07, "tau_c": 364.2, "omega": 180.2, "M": 0.36, "D": 0.0, "R": 0.06, "sving": 0.22, "os": 0.29, "foss": 1.0, "juv": 0.0, "B": 0.48, "Q": 0.22, "w": 6.0, "h": 0.03, "S": 0.50867, "elv": "bekk", "km": 1.3}}, {"type": "Feature", "geometry": {"type": "LineString", "coordinates": [[6.84554, 59.6539], [6.84688, 59.65332]]}, "properties": {"P": 28.78, "tau": 128.66, "tau_c": 364.2, "omega": 179.23, "M": 0.35, "D": 0.0, "R": 0.05, "sving": 0.44, "os": 0.39, "foss": 1.0, "juv": 0.0, "B": 0.48, "Q": 0.23, "w": 6.0, "h": 0.03, "S": 0.46981, "elv": "bekk", "km": 1.4}}, {"type": "Feature", "geometry": {"type": "LineString", "coordinates": [[6.85809, 59.66977], [6.85949, 59.66923]]}, "properties": {"P": 22.74, "tau": 140.81, "tau_c": 283.71, "omega": 249.59, "M": 0.5, "D": 0.0, "R": 0.18, "sving": 0.43, "os": 0.0, "foss": 1.0, "juv": 0.0, "B": 0.42, "Q": 1.52, "w": 9.05, "h": 0.09, "S": 0.15172, "elv": "bekk", "km": 1.0}}, {"type": "Feature", "geometry": {"type": "LineString", "coordinates": [[6.88037, 59.66812], [6.88098, 59.66733]]}, "properties": {"P": 12.0, "tau": 118.56, "tau_c": 364.2, "omega": 161.42, "M": 0.33, "D": 0.0, "R": 0.04, "sving": 0.2, "os": 0.0, "foss": 1.0, "juv": 0.0, "B": 0.3, "Q": 0.26, "w": 6.0, "h": 0.03, "S": 0.3871, "elv": "bekk", "km": 1.1}}, {"type": "Feature", "geometry": {"type": "LineString", "coordinates": [[6.88098, 59.66733], [6.88202, 59.66663]]}, "properties": {"P": 12.52, "tau": 129.77, "tau_c": 364.2, "omega": 185.31, "M": 0.36, "D": 0.0, "R": 0.06, "sving": 0.21, "os": 0.0, "foss": 1.0, "juv": 0.0, "B": 0.31, "Q": 0.27, "w": 6.0, "h": 0.03, "S": 0.41713, "elv": "bekk", "km": 1.2}}, {"type": "Feature", "geometry": {"type": "LineString", "coordinates": [[6.88202, 59.66663], [6.88202, 59.66576]]}, "properties": {"P": 13.49, "tau": 141.55, "tau_c": 364.2, "omega": 211.56, "M": 0.39, "D": 0.0, "R": 0.08, "sving": 0.26, "os": 0.0, "foss": 1.0, "juv": 0.0, "B": 0.31, "Q": 0.29, "w": 6.0, "h": 0.03, "S": 0.44872, "elv": "bekk", "km": 1.3}}, {"type": "Feature", "geometry": {"type": "LineString", "coordinates": [[6.88202, 59.66576], [6.88168, 59.66489]]}, "properties": {"P": 14.68, "tau": 142.66, "tau_c": 364.2, "omega": 215.59, "M": 0.39, "D": 0.0, "R": 0.08, "sving": 0.36, "os": 0.0, "foss": 1.0, "juv": 0.0, "B": 0.31, "Q": 0.31, "w": 6.0, "h": 0.03, "S": 0.43228, "elv": "bekk", "km": 1.4}}, {"type": "Feature", "geometry": {"type": "LineString", "coordinates": [[6.88168, 59.66489], [6.88114, 59.66404]]}, "properties": {"P": 13.03, "tau": 148.35, "tau_c": 364.2, "omega": 229.69, "M": 0.41, "D": 0.0, "R": 0.09, "sving": 0.15, "os": 0.0, "foss": 1.0, "juv": 0.0, "B": 0.32, "Q": 0.32, "w": 6.0, "h": 0.03, "S": 0.43668, "elv": "bekk", "km": 1.5}}, {"type": "Feature", "geometry": {"type": "LineString", "coordinates": [[6.86337, 59.65], [6.8619, 59.65049]]}, "properties": {"P": 55.36, "tau": 46.47, "tau_c": 51.24, "omega": 68.59, "M": 0.91, "D": 0.01, "R": 0.7, "sving": 0.41, "os": 1.0, "foss": 0.0, "juv": 0.0, "B": 0.68, "Q": 62.5, "w": 44.23, "h": 0.96, "S": 0.00495, "elv": "bekk", "km": 0.0}}, {"type": "Feature", "geometry": {"type": "LineString", "coordinates": [[6.8619, 59.65049], [6.86017, 59.65058]]}, "properties": {"P": 43.48, "tau": 45.2, "tau_c": 51.24, "omega": 65.63, "M": 0.88, "D": 0.02, "R": 0.68, "sving": 0.28, "os": 0.61, "foss": 0.0, "juv": 0.0, "B": 0.68, "Q": 62.51, "w": 46.23, "h": 0.93, "S": 0.00495, "elv": "bekk", "km": 0.1}}, {"type": "Feature", "geometry": {"type": "LineString", "coordinates": [[6.86017, 59.65058], [6.8584, 59.65061]]}, "properties": {"P": 37.99, "tau": 44.02, "tau_c": 51.24, "omega": 62.91, "M": 0.86, "D": 0.03, "R": 0.65, "sving": 0.28, "os": 0.38, "foss": 0.0, "juv": 0.0, "B": 0.68, "Q": 62.51, "w": 48.23, "h": 0.91, "S": 0.00495, "elv": "bekk", "km": 0.2}}, {"type": "Feature", "geometry": {"type": "LineString", "coordinates": [[6.87398, 59.66836], [6.87347, 59.66751]]}, "properties": {"P": 10.23, "tau": 112.47, "tau_c": 364.2, "omega": 145.17, "M": 0.31, "D": 0.0, "R": 0.03, "sving": 0.05, "os": 0.0, "foss": 1.0, "juv": 0.0, "B": 0.3, "Q": 0.2, "w": 6.0, "h": 0.03, "S": 0.43459, "elv": "bekk", "km": 0.2}}, {"type": "Feature", "geometry": {"type": "LineString", "coordinates": [[6.87364, 59.66664], [6.8738, 59.66576]]}, "properties": {"P": 11.51, "tau": 113.84, "tau_c": 364.2, "omega": 152.04, "M": 0.31, "D": 0.01, "R": 0.03, "sving": 0.1, "os": 0.07, "foss": 1.0, "juv": 0.0, "B": 0.3, "Q": 0.25, "w": 6.0, "h": 0.03, "S": 0.369, "elv": "bekk", "km": 0.4}}, {"type": "Feature", "geometry": {"type": "LineString", "coordinates": [[6.87434, 59.66263], [6.87386, 59.6618]]}, "properties": {"P": 14.78, "tau": 120.72, "tau_c": 364.2, "omega": 168.65, "M": 0.33, "D": 0.0, "R": 0.04, "sving": 0.3, "os": 0.17, "foss": 1.0, "juv": 0.0, "B": 0.31, "Q": 0.29, "w": 6.0, "h": 0.03, "S": 0.35484, "elv": "bekk", "km": 0.9}}, {"type": "Feature", "geometry": {"type": "LineString", "coordinates": [[6.87386, 59.6618], [6.87329, 59.66096]]}, "properties": {"P": 12.68, "tau": 138.05, "tau_c": 364.2, "omega": 204.69, "M": 0.38, "D": 0.0, "R": 0.07, "sving": 0.07, "os": 0.13, "foss": 1.0, "juv": 0.0, "B": 0.31, "Q": 0.29, "w": 6.0, "h": 0.03, "S": 0.4254, "elv": "bekk", "km": 1.0}}, {"type": "Feature", "geometry": {"type": "LineString", "coordinates": [[6.87329, 59.66096], [6.87295, 59.66008]]}, "properties": {"P": 13.68, "tau": 151.16, "tau_c": 364.2, "omega": 233.47, "M": 0.42, "D": 0.0, "R": 0.1, "sving": 0.16, "os": 0.09, "foss": 1.0, "juv": 0.0, "B": 0.31, "Q": 0.3, "w": 6.0, "h": 0.03, "S": 0.47934, "elv": "bekk", "km": 1.1}}, {"type": "Feature", "geometry": {"type": "LineString", "coordinates": [[6.87295, 59.66008], [6.87285, 59.65922]]}, "properties": {"P": 15.1, "tau": 165.82, "tau_c": 364.2, "omega": 267.09, "M": 0.46, "D": 0.0, "R": 0.14, "sving": 0.19, "os": 0.13, "foss": 1.0, "juv": 0.0, "B": 0.31, "Q": 0.3, "w": 6.0, "h": 0.03, "S": 0.5402, "elv": "bekk", "km": 1.2}}, {"type": "Feature", "geometry": {"type": "LineString", "coordinates": [[6.87285, 59.65922], [6.8731, 59.65833]]}, "properties": {"P": 14.86, "tau": 153.35, "tau_c": 364.2, "omega": 233.27, "M": 0.42, "D": 0.0, "R": 0.11, "sving": 0.14, "os": 0.2, "foss": 1.0, "juv": 0.0, "B": 0.31, "Q": 0.3, "w": 7.2, "h": 0.03, "S": 0.56285, "elv": "bekk", "km": 1.3}}, {"type": "Feature", "geometry": {"type": "LineString", "coordinates": [[6.8731, 59.65833], [6.87342, 59.65745]]}, "properties": {"P": 16.06, "tau": 150.05, "tau_c": 364.2, "omega": 224.08, "M": 0.41, "D": 0.0, "R": 0.1, "sving": 0.12, "os": 0.34, "foss": 1.0, "juv": 0.0, "B": 0.32, "Q": 0.33, "w": 8.4, "h": 0.03, "S": 0.5794, "elv": "bekk", "km": 1.4}}, {"type": "Feature", "geometry": {"type": "LineString", "coordinates": [[6.8093, 59.68341], [6.81067, 59.68368]]}, "properties": {"P": 11.34, "tau": 116.79, "tau_c": 364.2, "omega": 150.1, "M": 0.32, "D": 0.0, "R": 0.04, "sving": 0.03, "os": 0.07, "foss": 1.0, "juv": 0.0, "B": 0.31, "Q": 0.18, "w": 6.0, "h": 0.02, "S": 0.52078, "elv": "bekk", "km": 0.2}}, {"type": "Feature", "geometry": {"type": "LineString", "coordinates": [[6.81067, 59.68368], [6.81217, 59.68332]]}, "properties": {"P": 13.92, "tau": 128.57, "tau_c": 364.2, "omega": 174.39, "M": 0.35, "D": 0.05, "R": 0.05, "sving": 0.17, "os": 0.11, "foss": 1.0, "juv": 0.0, "B": 0.31, "Q": 0.19, "w": 6.0, "h": 0.02, "S": 0.55278, "elv": "bekk", "km": 0.3}}, {"type": "Feature", "geometry": {"type": "LineString", "coordinates": [[6.90652, 59.65369], [6.90477, 59.65383]]}, "properties": {"P": 60.34, "tau": 108.58, "tau_c": 86.74, "omega": 236.78, "M": 1.25, "D": 0.0, "R": 0.96, "sving": 0.23, "os": 1.0, "foss": 0.0, "juv": 0.0, "B": 0.68, "Q": 61.27, "w": 36.0, "h": 0.78, "S": 0.01418, "elv": "Roaldkvamsåa", "km": 0.0}}, {"type": "Feature", "geometry": {"type": "LineString", "coordinates": [[6.90477, 59.65383], [6.90301, 59.65382]]}, "properties": {"P": 50.66, "tau": 113.49, "tau_c": 89.48, "omega": 252.37, "M": 1.27, "D": 0.0, "R": 0.96, "sving": 0.16, "os": 0.61, "foss": 0.0, "juv": 0.0, "B": 0.68, "Q": 61.37, "w": 36.0, "h": 0.77, "S": 0.01509, "elv": "Roaldkvamsåa", "km": 0.1}}, {"type": "Feature", "geometry": {"type": "LineString", "coordinates": [[6.90301, 59.65382], [6.90126, 59.65369]]}, "properties": {"P": 43.8, "tau": 127.16, "tau_c": 97.11, "omega": 297.26, "M": 1.31, "D": 0.0, "R": 0.97, "sving": 0.06, "os": 0.37, "foss": 0.0, "juv": 0.0, "B": 0.68, "Q": 61.38, "w": 36.0, "h": 0.73, "S": 0.01777, "elv": "Roaldkvamsåa", "km": 0.2}}, {"type": "Feature", "geometry": {"type": "LineString", "coordinates": [[6.90126, 59.65369], [6.89951, 59.65354]]}, "properties": {"P": 40.98, "tau": 144.4, "tau_c": 103.7, "omega": 358.96, "M": 1.39, "D": 0.0, "R": 0.99, "sving": 0.04, "os": 0.23, "foss": 0.0, "juv": 0.0, "B": 0.68, "Q": 61.38, "w": 34.0, "h": 0.73, "S": 0.02027, "elv": "Roaldkvamsåa", "km": 0.3}}, {"type": "Feature", "geometry": {"type": "LineString", "coordinates": [[6.89951, 59.65354], [6.89774, 59.65354]]}, "properties": {"P": 39.06, "tau": 162.83, "tau_c": 113.04, "omega": 426.69, "M": 1.44, "D": 0.0, "R": 1.0, "sving": 0.03, "os": 0.14, "foss": 0.0, "juv": 0.0, "B": 0.68, "Q": 61.4, "w": 34.0, "h": 0.69, "S": 0.02408, "elv": "Roaldkvamsåa", "km": 0.4}}, {"type": "Feature", "geometry": {"type": "LineString", "coordinates": [[6.89774, 59.65354], [6.89599, 59.65344]]}, "properties": {"P": 58.79, "tau": 164.14, "tau_c": 113.69, "omega": 431.63, "M": 1.44, "D": 0.0, "R": 1.0, "sving": 0.01, "os": 0.08, "foss": 1.0, "juv": 0.0, "B": 0.68, "Q": 61.41, "w": 34.0, "h": 0.69, "S": 0.02436, "elv": "Roaldkvamsåa", "km": 0.5}}, {"type": "Feature", "geometry": {"type": "LineString", "coordinates": [[6.89599, 59.65344], [6.89422, 59.65337]]}, "properties": {"P": 62.55, "tau": 185.07, "tau_c": 120.58, "omega": 516.1, "M": 1.53, "D": 0.0, "R": 1.0, "sving": 0.22, "os": 0.05, "foss": 1.0, "juv": 0.0, "B": 0.68, "Q": 61.43, "w": 32.0, "h": 0.69, "S": 0.02741, "elv": "Roaldkvamsåa", "km": 0.6}}, {"type": "Feature", "geometry": {"type": "LineString", "coordinates": [[6.89422, 59.65337], [6.89249, 59.65324]]}, "properties": {"P": 57.3, "tau": 185.44, "tau_c": 124.06, "omega": 514.47, "M": 1.49, "D": 0.02, "R": 1.0, "sving": 0.28, "os": 0.0, "foss": 0.72, "juv": 0.0, "B": 0.68, "Q": 61.47, "w": 34.0, "h": 0.65, "S": 0.02901, "elv": "Roaldkvamsåa", "km": 0.7}}, {"type": "Feature", "geometry": {"type": "LineString", "coordinates": [[6.89249, 59.65324], [6.89101, 59.65276]]}, "properties": {"P": 56.17, "tau": 187.24, "tau_c": 121.53, "omega": 524.89, "M": 1.54, "D": 0.06, "R": 1.0, "sving": 0.36, "os": 0.0, "foss": 0.51, "juv": 0.03, "B": 0.68, "Q": 61.5, "w": 32.0, "h": 0.69, "S": 0.02784, "elv": "Roaldkvamsåa", "km": 0.8}}, {"type": "Feature", "geometry": {"type": "LineString", "coordinates": [[6.89101, 59.65276], [6.88974, 59.65323]]}, "properties": {"P": 50.06, "tau": 164.28, "tau_c": 116.59, "omega": 429.74, "M": 1.41, "D": 0.12, "R": 0.99, "sving": 0.15, "os": 0.0, "foss": 0.37, "juv": 0.03, "B": 0.68, "Q": 61.56, "w": 36.0, "h": 0.65, "S": 0.02562, "elv": "Roaldkvamsåa", "km": 0.9}}, {"type": "Feature", "geometry": {"type": "LineString", "coordinates": [[6.88974, 59.65323], [6.88863, 59.6539]]}, "properties": {"P": 38.41, "tau": 140.28, "tau_c": 113.91, "omega": 334.99, "M": 1.23, "D": 0.14, "R": 0.95, "sving": 0.02, "os": 0.0, "foss": 0.0, "juv": 0.03, "B": 0.68, "Q": 61.63, "w": 44.14, "h": 0.58, "S": 0.02445, "elv": "Roaldkvamsåa", "km": 1.0}}, {"type": "Feature", "geometry": {"type": "LineString", "coordinates": [[6.88863, 59.6539], [6.88694, 59.65411]]}, "properties": {"P": 43.14, "tau": 131.36, "tau_c": 110.78, "omega": 303.34, "M": 1.19, "D": 0.13, "R": 0.93, "sving": 0.29, "os": 0.0, "foss": 0.0, "juv": 0.03, "B": 0.68, "Q": 61.68, "w": 46.14, "h": 0.58, "S": 0.02313, "elv": "Roaldkvamsåa", "km": 1.1}}, {"type": "Feature", "geometry": {"type": "LineString", "coordinates": [[6.88694, 59.65411], [6.88551, 59.6537]]}, "properties": {"P": 66.06, "tau": 131.93, "tau_c": 111.11, "omega": 305.22, "M": 1.19, "D": 0.09, "R": 0.93, "sving": 0.41, "os": 0.0, "foss": 1.0, "juv": 0.03, "B": 0.68, "Q": 61.69, "w": 46.14, "h": 0.58, "S": 0.02327, "elv": "Roaldkvamsåa", "km": 1.2}}, {"type": "Feature", "geometry": {"type": "LineString", "coordinates": [[6.88551, 59.6537], [6.88377, 59.65357]]}, "properties": {"P": 51.96, "tau": 113.73, "tau_c": 105.38, "omega": 243.18, "M": 1.08, "D": 0.06, "R": 0.86, "sving": 0.21, "os": 0.0, "foss": 0.72, "juv": 0.0, "B": 0.68, "Q": 61.75, "w": 52.14, "h": 0.55, "S": 0.02093, "elv": "Roaldkvamsåa", "km": 1.3}}, {"type": "Feature", "geometry": {"type": "LineString", "coordinates": [[6.88377, 59.65357], [6.88204, 59.65338]]}, "properties": {"P": 44.41, "tau": 115.38, "tau_c": 106.2, "omega": 248.46, "M": 1.09, "D": 0.03, "R": 0.87, "sving": 0.09, "os": 0.0, "foss": 0.51, "juv": 0.0, "B": 0.68, "Q": 62.12, "w": 52.14, "h": 0.55, "S": 0.02126, "elv": "Roaldkvamsåa", "km": 1.4}}, {"type": "Feature", "geometry": {"type": "LineString", "coordinates": [[6.88204, 59.65338], [6.88035, 59.65311]]}, "properties": {"P": 43.28, "tau": 126.47, "tau_c": 105.22, "omega": 289.1, "M": 1.2, "D": 0.01, "R": 0.93, "sving": 0.04, "os": 0.06, "foss": 0.37, "juv": 0.0, "B": 0.68, "Q": 62.14, "w": 44.0, "h": 0.62, "S": 0.02087, "elv": "Roaldkvamsåa", "km": 1.5}}, {"type": "Feature", "geometry": {"type": "LineString", "coordinates": [[6.88035, 59.65311], [6.87866, 59.65286]]}, "properties": {"P": 37.32, "tau": 116.7, "tau_c": 97.29, "omega": 258.94, "M": 1.2, "D": -0.0, "R": 0.93, "sving": 0.11, "os": 0.09, "foss": 0.0, "juv": 0.0, "B": 0.68, "Q": 62.15, "w": 42.0, "h": 0.67, "S": 0.01784, "elv": "Roaldkvamsåa", "km": 1.6}}, {"type": "Feature", "geometry": {"type": "LineString", "coordinates": [[6.87866, 59.65286], [6.87694, 59.65265]]}, "properties": {"P": 38.16, "tau": 127.36, "tau_c": 99.06, "omega": 296.76, "M": 1.29, "D": -0.0, "R": 0.97, "sving": 0.03, "os": 0.14, "foss": 0.0, "juv": 0.0, "B": 0.68, "Q": 62.15, "w": 38.0, "h": 0.7, "S": 0.0185, "elv": "Roaldkvamsåa", "km": 1.7}}, {"type": "Feature", "geometry": {"type": "LineString", "coordinates": [[6.87694, 59.65265], [6.8752, 59.65271]]}, "properties": {"P": 42.26, "tau": 136.45, "tau_c": 104.09, "omega": 327.65, "M": 1.31, "D": 0.0, "R": 0.98, "sving": 0.12, "os": 0.24, "foss": 0.0, "juv": 0.0, "B": 0.68, "Q": 62.15, "w": 38.0, "h": 0.68, "S": 0.02042, "elv": "Roaldkvamsåa", "km": 1.8}}, {"type": "Feature", "geometry": {"type": "LineString", "coordinates": [[6.8752, 59.65271], [6.87358, 59.65236]]}, "properties": {"P": 47.4, "tau": 136.01, "tau_c": 103.85, "omega": 326.16, "M": 1.31, "D": 0.01, "R": 0.97, "sving": 0.22, "os": 0.37, "foss": 0.0, "juv": 0.0, "B": 0.68, "Q": 62.15, "w": 38.0, "h": 0.68, "S": 0.02033, "elv": "Roaldkvamsåa", "km": 1.9}}, {"type": "Feature", "geometry": {"type": "LineString", "coordinates": [[6.87358, 59.65236], [6.87212, 59.65186]]}, "properties": {"P": 76.87, "tau": 126.59, "tau_c": 98.43, "omega": 294.32, "M": 1.29, "D": 0.03, "R": 0.97, "sving": 0.35, "os": 0.6, "foss": 1.0, "juv": 0.0, "B": 0.68, "Q": 62.43, "w": 38.0, "h": 0.71, "S": 0.01826, "elv": "Roaldkvamsåa", "km": 2.0}}, {"type": "Feature", "geometry": {"type": "LineString", "coordinates": [[6.87212, 59.65186], [6.87092, 59.6512]]}, "properties": {"P": 72.37, "tau": 129.27, "tau_c": 99.91, "omega": 303.34, "M": 1.29, "D": 0.03, "R": 0.97, "sving": 0.03, "os": 0.99, "foss": 0.72, "juv": 0.0, "B": 0.68, "Q": 62.46, "w": 38.0, "h": 0.7, "S": 0.01881, "elv": "Roaldkvamsåa", "km": 2.1}}, {"type": "Feature", "geometry": {"type": "LineString", "coordinates": [[6.87092, 59.6512], [6.86978, 59.65052]]}, "properties": {"P": 62.21, "tau": 119.31, "tau_c": 94.31, "omega": 270.34, "M": 1.27, "D": 0.05, "R": 0.96, "sving": 0.13, "os": 0.61, "foss": 0.51, "juv": 0.0, "B": 0.68, "Q": 62.46, "w": 38.0, "h": 0.73, "S": 0.01677, "elv": "Roaldkvamsåa", "km": 2.2}}, {"type": "Feature", "geometry": {"type": "LineString", "coordinates": [[6.86978, 59.65052], [6.86828, 59.65014]]}, "properties": {"P": 66.68, "tau": 122.39, "tau_c": 91.36, "omega": 283.54, "M": 1.34, "D": 0.04, "R": 0.98, "sving": 0.24, "os": 0.83, "foss": 0.37, "juv": 0.0, "B": 0.68, "Q": 62.47, "w": 34.0, "h": 0.79, "S": 0.01573, "elv": "Roaldkvamsåa", "km": 2.3}}, {"type": "Feature", "geometry": {"type": "LineString", "coordinates": [[6.86828, 59.65014], [6.86656, 59.64992]]}, "properties": {"P": 56.37, "tau": 109.89, "tau_c": 82.23, "omega": 244.11, "M": 1.34, "D": 0.07, "R": 0.98, "sving": 0.25, "os": 0.67, "foss": 0.0, "juv": 0.0, "B": 0.68, "Q": 62.48, "w": 32.0, "h": 0.88, "S": 0.01275, "elv": "Roaldkvamsåa", "km": 2.4}}, {"type": "Feature", "geometry": {"type": "LineString", "coordinates": [[6.86656, 59.64992], [6.86483, 59.64974]]}, "properties": {"P": 47.37, "tau": 105.64, "tau_c": 82.17, "omega": 229.39, "M": 1.29, "D": 0.05, "R": 0.97, "sving": 0.13, "os": 0.41, "foss": 0.0, "juv": 0.0, "B": 0.68, "Q": 62.48, "w": 34.0, "h": 0.85, "S": 0.01272, "elv": "Roaldkvamsåa", "km": 2.5}}, {"type": "Feature", "geometry": {"type": "LineString", "coordinates": [[6.81672, 59.67393], [6.81598, 59.67316]]}, "properties": {"P": 38.52, "tau": 178.83, "tau_c": 203.58, "omega": 416.69, "M": 0.88, "D": 0.01, "R": 0.67, "sving": 0.21, "os": 0.89, "foss": 1.0, "juv": 0.0, "B": 0.38, "Q": 16.31, "w": 30.0, "h": 0.23, "S": 0.07811, "elv": "Stølsåa", "km": 0.0}}, {"type": "Feature", "geometry": {"type": "LineString", "coordinates": [[6.81598, 59.67316], [6.81566, 59.67231]]}, "properties": {"P": 51.03, "tau": 152.21, "tau_c": 181.24, "omega": 330.87, "M": 0.84, "D": 0.02, "R": 0.63, "sving": 0.25, "os": 0.55, "foss": 1.0, "juv": 0.0, "B": 0.57, "Q": 16.34, "w": 30.0, "h": 0.25, "S": 0.06191, "elv": "Stølsåa", "km": 0.1}}, {"type": "Feature", "geometry": {"type": "LineString", "coordinates": [[6.81566, 59.67231], [6.81534, 59.67143]]}, "properties": {"P": 44.91, "tau": 168.27, "tau_c": 198.25, "omega": 380.03, "M": 0.85, "D": 0.02, "R": 0.64, "sving": 0.1, "os": 0.34, "foss": 1.0, "juv": 0.0, "B": 0.57, "Q": 16.37, "w": 31.3, "h": 0.23, "S": 0.07408, "elv": "Stølsåa", "km": 0.2}}, {"type": "Feature", "geometry": {"type": "LineString", "coordinates": [[6.81534, 59.67143], [6.81542, 59.67054]]}, "properties": {"P": 36.23, "tau": 170.3, "tau_c": 199.79, "omega": 386.73, "M": 0.85, "D": 0.03, "R": 0.64, "sving": 0.0, "os": 0.21, "foss": 0.72, "juv": 0.0, "B": 0.57, "Q": 16.4, "w": 31.3, "h": 0.23, "S": 0.07523, "elv": "Stølsåa", "km": 0.3}}, {"type": "Feature", "geometry": {"type": "LineString", "coordinates": [[6.81542, 59.67054], [6.81508, 59.66968]]}, "properties": {"P": 42.5, "tau": 156.46, "tau_c": 187.82, "omega": 342.61, "M": 0.83, "D": 0.06, "R": 0.62, "sving": 0.15, "os": 0.13, "foss": 1.0, "juv": 0.0, "B": 0.57, "Q": 16.44, "w": 31.3, "h": 0.24, "S": 0.06649, "elv": "Stølsåa", "km": 0.4}}, {"type": "Feature", "geometry": {"type": "LineString", "coordinates": [[6.81508, 59.66968], [6.81474, 59.6688]]}, "properties": {"P": 39.26, "tau": 143.96, "tau_c": 179.86, "omega": 302.67, "M": 0.8, "D": 0.06, "R": 0.58, "sving": 0.09, "os": 0.08, "foss": 1.0, "juv": 0.0, "B": 0.57, "Q": 16.51, "w": 32.62, "h": 0.24, "S": 0.06097, "elv": "Stølsåa", "km": 0.5}}, {"type": "Feature", "geometry": {"type": "LineString", "coordinates": [[6.81474, 59.6688], [6.81378, 59.66806]]}, "properties": {"P": 36.17, "tau": 135.7, "tau_c": 175.3, "omega": 276.76, "M": 0.77, "D": 0.04, "R": 0.54, "sving": 0.08, "os": 0.0, "foss": 1.0, "juv": 0.0, "B": 0.57, "Q": 16.54, "w": 33.96, "h": 0.24, "S": 0.05792, "elv": "Stølsåa", "km": 0.6}}, {"type": "Feature", "geometry": {"type": "LineString", "coordinates": [[6.81378, 59.66806], [6.81346, 59.66719]]}, "properties": {"P": 37.83, "tau": 160.33, "tau_c": 197.54, "omega": 351.42, "M": 0.81, "D": 0.0, "R": 0.59, "sving": 0.14, "os": 0.0, "foss": 1.0, "juv": 0.0, "B": 0.57, "Q": 16.57, "w": 34.01, "h": 0.22, "S": 0.07355, "elv": "Stølsåa", "km": 0.7}}, {"type": "Feature", "geometry": {"type": "LineString", "coordinates": [[6.81346, 59.66719], [6.81277, 59.66638]]}, "properties": {"P": 35.2, "tau": 145.81, "tau_c": 187.48, "omega": 305.37, "M": 0.78, "D": 0.02, "R": 0.55, "sving": 0.04, "os": 0.0, "foss": 1.0, "juv": 0.0, "B": 0.57, "Q": 16.62, "w": 35.37, "h": 0.22, "S": 0.06625, "elv": "Stølsåa", "km": 0.8}}, {"type": "Feature", "geometry": {"type": "LineString", "coordinates": [[6.81277, 59.66638], [6.81184, 59.66563]]}, "properties": {"P": 34.55, "tau": 136.44, "tau_c": 181.51, "omega": 276.4, "M": 0.75, "D": 0.02, "R": 0.52, "sving": 0.06, "os": 0.0, "foss": 1.0, "juv": 0.0, "B": 0.57, "Q": 16.67, "w": 36.73, "h": 0.22, "S": 0.0621, "elv": "Stølsåa", "km": 0.9}}, {"type": "Feature", "geometry": {"type": "LineString", "coordinates": [[6.81184, 59.66563], [6.81102, 59.66484]]}, "properties": {"P": 35.49, "tau": 144.41, "tau_c": 188.94, "omega": 299.86, "M": 0.76, "D": 0.02, "R": 0.53, "sving": 0.08, "os": 0.0, "foss": 1.0, "juv": 0.0, "B": 0.57, "Q": 16.71, "w": 36.77, "h": 0.22, "S": 0.06728, "elv": "Stølsåa", "km": 1.0}}, {"type": "Feature", "geometry": {"type": "LineString", "coordinates": [[6.81102, 59.66484], [6.81096, 59.66398]]}, "properties": {"P": 33.95, "tau": 146.82, "tau_c": 191.18, "omega": 307.07, "M": 0.77, "D": 0.01, "R": 0.54, "sving": 0.0, "os": 0.0, "foss": 1.0, "juv": 0.0, "B": 0.57, "Q": 16.73, "w": 36.81, "h": 0.22, "S": 0.06889, "elv": "Stølsåa", "km": 1.1}}, {"type": "Feature", "geometry": {"type": "LineString", "coordinates": [[6.81096, 59.66398], [6.80996, 59.66327]]}, "properties": {"P": 34.64, "tau": 153.83, "tau_c": 197.6, "omega": 328.3, "M": 0.78, "D": 0.01, "R": 0.55, "sving": 0.02, "os": 0.0, "foss": 1.0, "juv": 0.0, "B": 0.57, "Q": 16.76, "w": 36.85, "h": 0.21, "S": 0.0736, "elv": "Stølsåa", "km": 1.2}}, {"type": "Feature", "geometry": {"type": "LineString", "coordinates": [[6.80996, 59.66327], [6.80905, 59.66254]]}, "properties": {"P": 34.38, "tau": 136.52, "tau_c": 178.28, "omega": 278.18, "M": 0.77, "D": 0.01, "R": 0.53, "sving": 0.03, "os": 0.0, "foss": 1.0, "juv": 0.0, "B": 0.57, "Q": 16.8, "w": 35.49, "h": 0.23, "S": 0.05991, "elv": "Stølsåa", "km": 1.3}}, {"type": "Feature", "geometry": {"type": "LineString", "coordinates": [[6.80905, 59.66254], [6.80831, 59.66174]]}, "properties": {"P": 37.75, "tau": 152.35, "tau_c": 192.77, "omega": 325.54, "M": 0.79, "D": -0.0, "R": 0.57, "sving": 0.18, "os": 0.0, "foss": 1.0, "juv": 0.0, "B": 0.57, "Q": 16.83, "w": 35.53, "h": 0.22, "S": 0.07004, "elv": "Stølsåa", "km": 1.4}}, {"type": "Feature", "geometry": {"type": "LineString", "coordinates": [[6.80831, 59.66174], [6.80811, 59.66085]]}, "properties": {"P": 34.98, "tau": 165.5, "tau_c": 204.5, "omega": 366.53, "M": 0.81, "D": -0.0, "R": 0.59, "sving": 0.26, "os": 0.0, "foss": 0.72, "juv": 0.0, "B": 0.57, "Q": 16.86, "w": 35.57, "h": 0.21, "S": 0.07883, "elv": "Stølsåa", "km": 1.5}}, {"type": "Feature", "geometry": {"type": "LineString", "coordinates": [[6.80811, 59.66085], [6.80784, 59.65997]]}, "properties": {"P": 38.84, "tau": 188.54, "tau_c": 220.43, "omega": 444.13, "M": 0.86, "D": -0.0, "R": 0.65, "sving": 0.1, "os": 0.0, "foss": 1.0, "juv": 0.0, "B": 0.57, "Q": 16.9, "w": 34.19, "h": 0.21, "S": 0.09159, "elv": "Stølsåa", "km": 1.6}}, {"type": "Feature", "geometry": {"type": "LineString", "coordinates": [[6.80784, 59.65997], [6.80809, 59.65909]]}, "properties": {"P": 39.66, "tau": 227.6, "tau_c": 247.56, "omega": 584.79, "M": 0.92, "D": -0.0, "R": 0.72, "sving": 0.03, "os": 0.0, "foss": 1.0, "juv": 0.0, "B": 0.57, "Q": 16.93, "w": 32.81, "h": 0.2, "S": 0.11551, "elv": "Stølsåa", "km": 1.7}}, {"type": "Feature", "geometry": {"type": "LineString", "coordinates": [[6.80809, 59.65909], [6.8078, 59.65822]]}, "properties": {"P": 42.99, "tau": 258.31, "tau_c": 270.93, "omega": 701.03, "M": 0.95, "D": -0.0, "R": 0.75, "sving": 0.16, "os": 0.0, "foss": 1.0, "juv": 0.0, "B": 0.57, "Q": 16.95, "w": 32.81, "h": 0.19, "S": 0.13835, "elv": "Stølsåa", "km": 1.8}}, {"type": "Feature", "geometry": {"type": "LineString", "coordinates": [[6.8078, 59.65822], [6.80748, 59.65737]]}, "properties": {"P": 43.23, "tau": 305.72, "tau_c": 291.3, "omega": 905.2, "M": 1.05, "D": -0.0, "R": 0.84, "sving": 0.03, "os": 0.0, "foss": 1.0, "juv": 0.0, "B": 0.57, "Q": 16.97, "w": 29.41, "h": 0.19, "S": 0.15993, "elv": "Stølsåa", "km": 1.9}}, {"type": "Feature", "geometry": {"type": "LineString", "coordinates": [[6.80748, 59.65737], [6.80795, 59.6565]]}, "properties": {"P": 46.94, "tau": 320.72, "tau_c": 301.12, "omega": 969.8, "M": 1.07, "D": -0.0, "R": 0.85, "sving": 0.21, "os": 0.0, "foss": 1.0, "juv": 0.0, "B": 0.57, "Q": 17.03, "w": 29.44, "h": 0.19, "S": 0.17091, "elv": "Stølsåa", "km": 2.0}}, {"type": "Feature", "geometry": {"type": "LineString", "coordinates": [[6.80795, 59.6565], [6.80831, 59.65566]]}, "properties": {"P": 44.76, "tau": 338.25, "tau_c": 303.15, "omega": 1056.32, "M": 1.12, "D": -0.0, "R": 0.89, "sving": 0.03, "os": 0.0, "foss": 1.0, "juv": 0.0, "B": 0.57, "Q": 17.06, "w": 27.44, "h": 0.2, "S": 0.17321, "elv": "Stølsåa", "km": 2.1}}, {"type": "Feature", "geometry": {"type": "LineString", "coordinates": [[6.80831, 59.65566], [6.80897, 59.65486]]}, "properties": {"P": 47.83, "tau": 352.83, "tau_c": 312.26, "omega": 1122.37, "M": 1.13, "D": -0.0, "R": 0.89, "sving": 0.19, "os": 0.0, "foss": 1.0, "juv": 0.0, "B": 0.57, "Q": 17.08, "w": 27.44, "h": 0.2, "S": 0.18378, "elv": "Stølsåa", "km": 2.2}}, {"type": "Feature", "geometry": {"type": "LineString", "coordinates": [[6.80897, 59.65486], [6.80879, 59.65398]]}, "properties": {"P": 47.36, "tau": 370.37, "tau_c": 322.26, "omega": 1204.32, "M": 1.15, "D": 0.0, "R": 0.91, "sving": 0.14, "os": 0.0, "foss": 1.0, "juv": 0.0, "B": 0.57, "Q": 17.21, "w": 27.44, "h": 0.19, "S": 0.19574, "elv": "Stølsåa", "km": 2.3}}, {"type": "Feature", "geometry": {"type": "LineString", "coordinates": [[6.80879, 59.65398], [6.80839, 59.65314]]}, "properties": {"P": 45.96, "tau": 346.51, "tau_c": 323.52, "omega": 1078.19, "M": 1.07, "D": 0.05, "R": 0.85, "sving": 0.08, "os": 0.0, "foss": 1.0, "juv": 0.0, "B": 0.57, "Q": 17.22, "w": 30.91, "h": 0.18, "S": 0.19727, "elv": "Stølsåa", "km": 2.4}}, {"type": "Feature", "geometry": {"type": "LineString", "coordinates": [[6.80839, 59.65314], [6.80812, 59.65226]]}, "properties": {"P": 49.19, "tau": 349.99, "tau_c": 309.47, "omega": 1110.57, "M": 1.13, "D": 0.11, "R": 0.9, "sving": 0.11, "os": 0.0, "foss": 1.0, "juv": 0.0, "B": 0.57, "Q": 17.23, "w": 27.47, "h": 0.2, "S": 0.18051, "elv": "Stølsåa", "km": 2.5}}, {"type": "Feature", "geometry": {"type": "LineString", "coordinates": [[6.80812, 59.65226], [6.80846, 59.65139]]}, "properties": {"P": 40.71, "tau": 259.85, "tau_c": 305.14, "omega": 682.58, "M": 0.85, "D": 0.11, "R": 0.64, "sving": 0.06, "os": 0.0, "foss": 1.0, "juv": 0.0, "B": 0.57, "Q": 17.24, "w": 43.47, "h": 0.15, "S": 0.1755, "elv": "Stølsåa", "km": 2.6}}, {"type": "Feature", "geometry": {"type": "LineString", "coordinates": [[6.80846, 59.65139], [6.8078, 59.65059]]}, "properties": {"P": 37.21, "tau": 230.98, "tau_c": 316.42, "omega": 555.17, "M": 0.73, "D": 0.06, "R": 0.49, "sving": 0.12, "os": 0.07, "foss": 1.0, "juv": 0.0, "B": 0.57, "Q": 17.24, "w": 57.47, "h": 0.12, "S": 0.18871, "elv": "Stølsåa", "km": 2.7}}, {"type": "Feature", "geometry": {"type": "LineString", "coordinates": [[6.86603, 59.68278], [6.86526, 59.68219]]}, "properties": {"P": 19.5, "tau": 46.15, "tau_c": 152.31, "omega": 47.75, "M": 0.3, "D": 0.0, "R": 0.03, "sving": 0.56, "os": 0.0, "foss": 1.0, "juv": 0.0, "B": 0.39, "Q": 0.99, "w": 8.88, "h": 0.11, "S": 0.04372, "elv": "Kvednabekken", "km": 0.8}}, {"type": "Feature", "geometry": {"type": "LineString", "coordinates": [[6.86526, 59.68219], [6.86388, 59.68204]]}, "properties": {"P": 15.31, "tau": 55.64, "tau_c": 174.46, "omega": 62.41, "M": 0.32, "D": 0.0, "R": 0.04, "sving": 0.2, "os": 0.0, "foss": 1.0, "juv": 0.0, "B": 0.39, "Q": 0.99, "w": 8.93, "h": 0.1, "S": 0.05736, "elv": "Kvednabekken", "km": 0.9}}, {"type": "Feature", "geometry": {"type": "LineString", "coordinates": [[6.86388, 59.68204], [6.86238, 59.68195]]}, "properties": {"P": 13.82, "tau": 63.42, "tau_c": 191.38, "omega": 75.31, "M": 0.33, "D": 0.0, "R": 0.04, "sving": 0.07, "os": 0.0, "foss": 1.0, "juv": 0.0, "B": 0.39, "Q": 1.0, "w": 8.98, "h": 0.09, "S": 0.06903, "elv": "Kvednabekken", "km": 1.0}}, {"type": "Feature", "geometry": {"type": "LineString", "coordinates": [[6.86238, 59.68195], [6.86074, 59.6819]]}, "properties": {"P": 19.18, "tau": 73.31, "tau_c": 213.35, "omega": 92.58, "M": 0.34, "D": 0.0, "R": 0.05, "sving": 0.5, "os": 0.0, "foss": 1.0, "juv": 0.0, "B": 0.39, "Q": 1.0, "w": 9.07, "h": 0.09, "S": 0.08579, "elv": "Kvednabekken", "km": 1.1}}, {"type": "Feature", "geometry": {"type": "LineString", "coordinates": [[6.86074, 59.6819], [6.86008, 59.68112]]}, "properties": {"P": 17.23, "tau": 68.26, "tau_c": 203.71, "omega": 83.47, "M": 0.34, "D": 0.02, "R": 0.04, "sving": 0.31, "os": 0.0, "foss": 1.0, "juv": 0.0, "B": 0.39, "Q": 1.0, "w": 9.18, "h": 0.09, "S": 0.07822, "elv": "Kvednabekken", "km": 1.2}}, {"type": "Feature", "geometry": {"type": "LineString", "coordinates": [[6.86008, 59.68112], [6.86002, 59.68026]]}, "properties": {"P": 16.55, "tau": 76.7, "tau_c": 213.35, "omega": 99.8, "M": 0.36, "D": 0.02, "R": 0.06, "sving": 0.21, "os": 0.0, "foss": 1.0, "juv": 0.0, "B": 0.39, "Q": 1.1, "w": 9.28, "h": 0.09, "S": 0.08579, "elv": "Kvednabekken", "km": 1.3}}, {"type": "Feature", "geometry": {"type": "LineString", "coordinates": [[6.86002, 59.68026], [6.85909, 59.6796]]}, "properties": {"P": 14.83, "tau": 61.38, "tau_c": 182.27, "omega": 72.47, "M": 0.34, "D": 0.02, "R": 0.05, "sving": 0.38, "os": 0.0, "foss": 0.72, "juv": 0.0, "B": 0.4, "Q": 1.11, "w": 9.38, "h": 0.1, "S": 0.06261, "elv": "Kvednabekken", "km": 1.4}}, {"type": "Feature", "geometry": {"type": "LineString", "coordinates": [[6.85909, 59.6796], [6.85767, 59.67909]]}, "properties": {"P": 15.72, "tau": 83.09, "tau_c": 227.03, "omega": 111.79, "M": 0.37, "D": 0.0, "R": 0.06, "sving": 0.17, "os": 0.0, "foss": 1.0, "juv": 0.0, "B": 0.4, "Q": 1.11, "w": 9.48, "h": 0.09, "S": 0.09715, "elv": "Kvednabekken", "km": 1.5}}, {"type": "Feature", "geometry": {"type": "LineString", "coordinates": [[6.85767, 59.67909], [6.85601, 59.67895]]}, "properties": {"P": 13.55, "tau": 95.3, "tau_c": 251.0, "omega": 135.97, "M": 0.38, "D": 0.0, "R": 0.07, "sving": 0.26, "os": 0.0, "foss": 0.72, "juv": 0.0, "B": 0.4, "Q": 1.11, "w": 9.53, "h": 0.08, "S": 0.11875, "elv": "Kvednabekken", "km": 1.6}}, {"type": "Feature", "geometry": {"type": "LineString", "coordinates": [[6.85601, 59.67895], [6.85526, 59.67822]]}, "properties": {"P": 18.4, "tau": 95.26, "tau_c": 251.75, "omega": 135.76, "M": 0.38, "D": 0.0, "R": 0.07, "sving": 0.37, "os": 0.0, "foss": 1.0, "juv": 0.0, "B": 0.4, "Q": 1.11, "w": 9.6, "h": 0.08, "S": 0.11946, "elv": "Kvednabekken", "km": 1.7}}, {"type": "Feature", "geometry": {"type": "LineString", "coordinates": [[6.85526, 59.67822], [6.85538, 59.67737]]}, "properties": {"P": 22.48, "tau": 99.04, "tau_c": 254.77, "omega": 144.28, "M": 0.39, "D": 0.0, "R": 0.08, "sving": 0.67, "os": 0.0, "foss": 1.0, "juv": 0.0, "B": 0.4, "Q": 1.16, "w": 9.69, "h": 0.08, "S": 0.12234, "elv": "Kvednabekken", "km": 1.8}}, {"type": "Feature", "geometry": {"type": "LineString", "coordinates": [[6.85538, 59.67737], [6.85542, 59.6765]]}, "properties": {"P": 20.3, "tau": 94.51, "tau_c": 244.97, "omega": 135.17, "M": 0.39, "D": 0.02, "R": 0.08, "sving": 0.46, "os": 0.0, "foss": 1.0, "juv": 0.0, "B": 0.4, "Q": 1.19, "w": 9.78, "h": 0.09, "S": 0.11311, "elv": "Kvednabekken", "km": 1.9}}, {"type": "Feature", "geometry": {"type": "LineString", "coordinates": [[6.85542, 59.6765], [6.85601, 59.67577]]}, "properties": {"P": 13.05, "tau": 103.3, "tau_c": 260.95, "omega": 153.6, "M": 0.4, "D": 0.06, "R": 0.09, "sving": 0.1, "os": 0.0, "foss": 0.72, "juv": 0.0, "B": 0.4, "Q": 1.21, "w": 9.95, "h": 0.08, "S": 0.12834, "elv": "Kvednabekken", "km": 2.0}}, {"type": "Feature", "geometry": {"type": "LineString", "coordinates": [[6.85601, 59.67577], [6.85687, 59.67531]]}, "properties": {"P": 18.46, "tau": 83.26, "tau_c": 224.23, "omega": 112.68, "M": 0.37, "D": 0.13, "R": 0.07, "sving": 0.19, "os": 0.0, "foss": 1.0, "juv": 0.0, "B": 0.4, "Q": 1.22, "w": 10.11, "h": 0.09, "S": 0.09477, "elv": "Kvednabekken", "km": 2.1}}, {"type": "Feature", "geometry": {"type": "LineString", "coordinates": [[6.85687, 59.67531], [6.85744, 59.67449]]}, "properties": {"P": 16.65, "tau": 70.04, "tau_c": 192.89, "omega": 88.69, "M": 0.36, "D": 0.11, "R": 0.06, "sving": 0.06, "os": 0.0, "foss": 1.0, "juv": 0.0, "B": 0.41, "Q": 1.32, "w": 10.25, "h": 0.1, "S": 0.07013, "elv": "Kvednabekken", "km": 2.2}}, {"type": "Feature", "geometry": {"type": "LineString", "coordinates": [[6.85744, 59.67449], [6.85833, 59.67373]]}, "properties": {"P": 17.85, "tau": 68.82, "tau_c": 189.54, "omega": 86.65, "M": 0.36, "D": 0.08, "R": 0.06, "sving": 0.2, "os": 0.0, "foss": 1.0, "juv": 0.0, "B": 0.41, "Q": 1.36, "w": 10.41, "h": 0.1, "S": 0.06771, "elv": "Kvednabekken", "km": 2.3}}, {"type": "Feature", "geometry": {"type": "LineString", "coordinates": [[6.85833, 59.67373], [6.85921, 59.67299]]}, "properties": {"P": 17.72, "tau": 76.91, "tau_c": 205.79, "omega": 101.55, "M": 0.37, "D": 0.01, "R": 0.07, "sving": 0.18, "os": 0.07, "foss": 1.0, "juv": 0.0, "B": 0.41, "Q": 1.37, "w": 10.56, "h": 0.1, "S": 0.07982, "elv": "Kvednabekken", "km": 2.4}}, {"type": "Feature", "geometry": {"type": "LineString", "coordinates": [[6.85921, 59.67299], [6.85961, 59.67213]]}, "properties": {"P": 19.15, "tau": 90.63, "tau_c": 229.71, "omega": 128.78, "M": 0.39, "D": 0.0, "R": 0.08, "sving": 0.24, "os": 0.12, "foss": 1.0, "juv": 0.0, "B": 0.41, "Q": 1.41, "w": 10.71, "h": 0.09, "S": 0.09946, "elv": "Kvednabekken", "km": 2.5}}, {"type": "Feature", "geometry": {"type": "LineString", "coordinates": [[6.85961, 59.67213], [6.85936, 59.67129]]}, "properties": {"P": 19.51, "tau": 100.96, "tau_c": 248.48, "omega": 150.28, "M": 0.41, "D": 0.0, "R": 0.09, "sving": 0.17, "os": 0.19, "foss": 1.0, "juv": 0.0, "B": 0.41, "Q": 1.43, "w": 10.84, "h": 0.09, "S": 0.11637, "elv": "Kvednabekken", "km": 2.6}}, {"type": "Feature", "geometry": {"type": "LineString", "coordinates": [[6.85936, 59.67129], [6.85921, 59.67042]]}, "properties": {"P": 22.65, "tau": 117.46, "tau_c": 270.8, "omega": 188.0, "M": 0.43, "D": 0.0, "R": 0.12, "sving": 0.25, "os": 0.3, "foss": 1.0, "juv": 0.0, "B": 0.42, "Q": 1.52, "w": 10.95, "h": 0.09, "S": 0.13822, "elv": "Kvednabekken", "km": 2.7}}, {"type": "Feature", "geometry": {"type": "LineString", "coordinates": [[6.85921, 59.67042], [6.85934, 59.66959]]}, "properties": {"P": 26.88, "tau": 132.35, "tau_c": 295.75, "omega": 222.91, "M": 0.45, "D": 0.0, "R": 0.13, "sving": 0.37, "os": 0.48, "foss": 1.0, "juv": 0.0, "B": 0.42, "Q": 1.52, "w": 11.05, "h": 0.08, "S": 0.16486, "elv": "Kvednabekken", "km": 2.8}}, {"type": "Feature", "geometry": {"type": "LineString", "coordinates": [[6.85934, 59.66959], [6.8606, 59.66907]]}, "properties": {"P": 29.14, "tau": 154.39, "tau_c": 331.75, "omega": 277.55, "M": 0.47, "D": 0.0, "R": 0.15, "sving": 0.25, "os": 0.75, "foss": 1.0, "juv": 0.0, "B": 0.42, "Q": 1.52, "w": 11.17, "h": 0.08, "S": 0.20744, "elv": "Kvednabekken", "km": 2.9}}, {"type": "Feature", "geometry": {"type": "LineString", "coordinates": [[6.8606, 59.66907], [6.86184, 59.66851]]}, "properties": {"P": 28.67, "tau": 182.93, "tau_c": 364.2, "omega": 354.2, "M": 0.5, "D": 0.0, "R": 0.19, "sving": 0.07, "os": 0.82, "foss": 1.0, "juv": 0.0, "B": 0.42, "Q": 1.55, "w": 11.26, "h": 0.07, "S": 0.26285, "elv": "Kvednabekken", "km": 3.0}}, {"type": "Feature", "geometry": {"type": "LineString", "coordinates": [[6.86184, 59.66851], [6.86279, 59.66776]]}, "properties": {"P": 30.78, "tau": 199.71, "tau_c": 364.2, "omega": 402.56, "M": 0.55, "D": 0.0, "R": 0.25, "sving": 0.43, "os": 0.52, "foss": 1.0, "juv": 0.0, "B": 0.42, "Q": 1.59, "w": 11.35, "h": 0.07, "S": 0.29369, "elv": "Kvednabekken", "km": 3.1}}, {"type": "Feature", "geometry": {"type": "LineString", "coordinates": [[6.86279, 59.66776], [6.8632, 59.66697]]}, "properties": {"P": 29.08, "tau": 210.58, "tau_c": 364.2, "omega": 435.98, "M": 0.58, "D": 0.0, "R": 0.28, "sving": 0.42, "os": 0.33, "foss": 1.0, "juv": 0.0, "B": 0.42, "Q": 1.65, "w": 11.45, "h": 0.07, "S": 0.30939, "elv": "Kvednabekken", "km": 3.2}}, {"type": "Feature", "geometry": {"type": "LineString", "coordinates": [[6.8632, 59.66697], [6.86277, 59.6661]]}, "properties": {"P": 25.47, "tau": 216.52, "tau_c": 364.2, "omega": 453.53, "M": 0.59, "D": 0.0, "R": 0.3, "sving": 0.21, "os": 0.22, "foss": 1.0, "juv": 0.0, "B": 0.42, "Q": 1.65, "w": 11.55, "h": 0.07, "S": 0.32284, "elv": "Kvednabekken", "km": 3.3}}, {"type": "Feature", "geometry": {"type": "LineString", "coordinates": [[6.86277, 59.6661], [6.86229, 59.66524]]}, "properties": {"P": 24.05, "tau": 228.64, "tau_c": 364.2, "omega": 490.17, "M": 0.63, "D": 0.0, "R": 0.35, "sving": 0.09, "os": 0.15, "foss": 1.0, "juv": 0.0, "B": 0.42, "Q": 1.67, "w": 11.68, "h": 0.07, "S": 0.34977, "elv": "Kvednabekken", "km": 3.4}}, {"type": "Feature", "geometry": {"type": "LineString", "coordinates": [[6.86229, 59.66524], [6.8623, 59.66437]]}, "properties": {"P": 24.53, "tau": 240.24, "tau_c": 364.2, "omega": 525.87, "M": 0.66, "D": 0.0, "R": 0.39, "sving": 0.11, "os": 0.1, "foss": 1.0, "juv": 0.0, "B": 0.42, "Q": 1.68, "w": 11.78, "h": 0.06, "S": 0.37691, "elv": "Kvednabekken", "km": 3.5}}, {"type": "Feature", "geometry": {"type": "LineString", "coordinates": [[6.8623, 59.66437], [6.8623, 59.6635]]}, "properties": {"P": 24.16, "tau": 247.22, "tau_c": 364.2, "omega": 551.75, "M": 0.68, "D": 0.0, "R": 0.42, "sving": 0.06, "os": 0.06, "foss": 1.0, "juv": 0.0, "B": 0.43, "Q": 1.78, "w": 11.9, "h": 0.07, "S": 0.37586, "elv": "Kvednabekken", "km": 3.6}}, {"type": "Feature", "geometry": {"type": "LineString", "coordinates": [[6.8623, 59.6635], [6.86237, 59.66261]]}, "properties": {"P": 23.86, "tau": 244.63, "tau_c": 364.2, "omega": 543.26, "M": 0.67, "D": 0.0, "R": 0.41, "sving": 0.11, "os": 0.0, "foss": 1.0, "juv": 0.0, "B": 0.43, "Q": 1.79, "w": 12.03, "h": 0.07, "S": 0.37132, "elv": "Kvednabekken", "km": 3.7}}, {"type": "Feature", "geometry": {"type": "LineString", "coordinates": [[6.86237, 59.66261], [6.86217, 59.66173]]}, "properties": {"P": 23.6, "tau": 251.4, "tau_c": 364.2, "omega": 565.18, "M": 0.69, "D": 0.0, "R": 0.43, "sving": 0.05, "os": 0.0, "foss": 1.0, "juv": 0.0, "B": 0.43, "Q": 1.82, "w": 12.17, "h": 0.07, "S": 0.3852, "elv": "Kvednabekken", "km": 3.8}}, {"type": "Feature", "geometry": {"type": "LineString", "coordinates": [[6.86217, 59.66173], [6.86165, 59.66087]]}, "properties": {"P": 25.8, "tau": 259.0, "tau_c": 364.2, "omega": 591.06, "M": 0.71, "D": 0.0, "R": 0.46, "sving": 0.16, "os": 0.0, "foss": 1.0, "juv": 0.0, "B": 0.43, "Q": 1.87, "w": 12.32, "h": 0.07, "S": 0.39686, "elv": "Kvednabekken", "km": 3.9}}, {"type": "Feature", "geometry": {"type": "LineString", "coordinates": [[6.86165, 59.66087], [6.86145, 59.66003]]}, "properties": {"P": 25.78, "tau": 257.23, "tau_c": 364.2, "omega": 584.61, "M": 0.71, "D": 0.01, "R": 0.45, "sving": 0.16, "os": 0.0, "foss": 1.0, "juv": 0.0, "B": 0.43, "Q": 1.87, "w": 12.46, "h": 0.07, "S": 0.3961, "elv": "Kvednabekken", "km": 4.0}}, {"type": "Feature", "geometry": {"type": "LineString", "coordinates": [[6.86145, 59.66003], [6.86221, 59.65924]]}, "properties": {"P": 26.89, "tau": 252.65, "tau_c": 364.2, "omega": 574.41, "M": 0.69, "D": 0.01, "R": 0.44, "sving": 0.25, "os": 0.0, "foss": 1.0, "juv": 0.0, "B": 0.43, "Q": 2.01, "w": 12.61, "h": 0.07, "S": 0.36705, "elv": "Kvednabekken", "km": 4.1}}, {"type": "Feature", "geometry": {"type": "LineString", "coordinates": [[6.86221, 59.65924], [6.86273, 59.6584]]}, "properties": {"P": 24.53, "tau": 247.0, "tau_c": 364.2, "omega": 555.46, "M": 0.68, "D": 0.01, "R": 0.42, "sving": 0.11, "os": 0.0, "foss": 1.0, "juv": 0.0, "B": 0.43, "Q": 2.01, "w": 12.72, "h": 0.07, "S": 0.35802, "elv": "Kvednabekken", "km": 4.2}}, {"type": "Feature", "geometry": {"type": "LineString", "coordinates": [[6.86273, 59.6584], [6.86335, 59.65756]]}, "properties": {"P": 25.76, "tau": 271.28, "tau_c": 364.2, "omega": 636.11, "M": 0.74, "D": 0.0, "R": 0.51, "sving": 0.05, "os": 0.0, "foss": 1.0, "juv": 0.0, "B": 0.43, "Q": 2.05, "w": 12.84, "h": 0.07, "S": 0.40617, "elv": "Kvednabekken", "km": 4.3}}, {"type": "Feature", "geometry": {"type": "LineString", "coordinates": [[6.86335, 59.65756], [6.86362, 59.65674]]}, "properties": {"P": 27.84, "tau": 286.53, "tau_c": 364.2, "omega": 691.9, "M": 0.79, "D": 0.02, "R": 0.56, "sving": 0.03, "os": 0.05, "foss": 1.0, "juv": 0.0, "B": 0.43, "Q": 2.05, "w": 12.28, "h": 0.07, "S": 0.42277, "elv": "Kvednabekken", "km": 4.4}}, {"type": "Feature", "geometry": {"type": "LineString", "coordinates": [[6.86362, 59.65674], [6.86417, 59.65589]]}, "properties": {"P": 28.26, "tau": 259.12, "tau_c": 364.2, "omega": 598.98, "M": 0.71, "D": 0.07, "R": 0.46, "sving": 0.16, "os": 0.06, "foss": 1.0, "juv": 0.0, "B": 0.43, "Q": 2.05, "w": 12.31, "h": 0.07, "S": 0.36668, "elv": "Kvednabekken", "km": 4.5}}, {"type": "Feature", "geometry": {"type": "LineString", "coordinates": [[6.86417, 59.65589], [6.86454, 59.65505]]}, "properties": {"P": 28.52, "tau": 229.47, "tau_c": 364.2, "omega": 503.35, "M": 0.63, "D": 0.12, "R": 0.35, "sving": 0.29, "os": 0.06, "foss": 1.0, "juv": 0.0, "B": 0.43, "Q": 2.05, "w": 12.31, "h": 0.08, "S": 0.30814, "elv": "Kvednabekken", "km": 4.6}}, {"type": "Feature", "geometry": {"type": "LineString", "coordinates": [[6.86454, 59.65505], [6.86445, 59.65423]]}, "properties": {"P": 32.85, "tau": 202.96, "tau_c": 364.2, "omega": 422.22, "M": 0.56, "D": 0.17, "R": 0.26, "sving": 0.71, "os": 0.06, "foss": 1.0, "juv": 0.0, "B": 0.43, "Q": 2.05, "w": 12.31, "h": 0.08, "S": 0.25848, "elv": "Kvednabekken", "km": 4.7}}, {"type": "Feature", "geometry": {"type": "LineString", "coordinates": [[6.86445, 59.65423], [6.86344, 59.6535]]}, "properties": {"P": 29.63, "tau": 191.46, "tau_c": 355.18, "omega": 388.41, "M": 0.54, "D": 0.24, "R": 0.23, "sving": 0.67, "os": 0.09, "foss": 0.72, "juv": 0.0, "B": 0.43, "Q": 2.05, "w": 12.31, "h": 0.08, "S": 0.23778, "elv": "Kvednabekken", "km": 4.8}}, {"type": "Feature", "geometry": {"type": "LineString", "coordinates": [[6.86344, 59.6535], [6.86194, 59.6535]]}, "properties": {"P": 35.88, "tau": 132.08, "tau_c": 277.77, "omega": 226.91, "M": 0.48, "D": 0.36, "R": 0.16, "sving": 0.76, "os": 0.14, "foss": 1.0, "juv": 0.0, "B": 0.43, "Q": 2.05, "w": 12.88, "h": 0.09, "S": 0.14542, "elv": "Kvednabekken", "km": 4.9}}, {"type": "Feature", "geometry": {"type": "LineString", "coordinates": [[6.86388, 59.72345], [6.86398, 59.7226]]}, "properties": {"P": 18.53, "tau": 160.11, "tau_c": 364.2, "omega": 266.65, "M": 0.44, "D": 0.03, "R": 0.12, "sving": 0.2, "os": 0.25, "foss": 1.0, "juv": 0.0, "B": 0.35, "Q": 0.43, "w": 6.0, "h": 0.04, "S": 0.3783, "elv": "bekk", "km": 0.0}}, {"type": "Feature", "geometry": {"type": "LineString", "coordinates": [[6.86398, 59.7226], [6.86498, 59.72196]]}, "properties": {"P": 20.62, "tau": 140.92, "tau_c": 364.2, "omega": 220.39, "M": 0.39, "D": 0.03, "R": 0.08, "sving": 0.37, "os": 0.35, "foss": 1.0, "juv": 0.0, "B": 0.35, "Q": 0.43, "w": 6.37, "h": 0.04, "S": 0.33204, "elv": "bekk", "km": 0.1}}, {"type": "Feature", "geometry": {"type": "LineString", "coordinates": [[6.86498, 59.72196], [6.86551, 59.72114]]}, "properties": {"P": 19.68, "tau": 128.23, "tau_c": 364.2, "omega": 191.13, "M": 0.35, "D": 0.03, "R": 0.05, "sving": 0.34, "os": 0.34, "foss": 1.0, "juv": 0.0, "B": 0.35, "Q": 0.43, "w": 6.75, "h": 0.04, "S": 0.30483, "elv": "bekk", "km": 0.2}}, {"type": "Feature", "geometry": {"type": "LineString", "coordinates": [[6.86551, 59.72114], [6.86676, 59.72053]]}, "properties": {"P": 20.16, "tau": 175.8, "tau_c": 364.2, "omega": 322.24, "M": 0.48, "D": 0.0, "R": 0.17, "sving": 0.08, "os": 0.33, "foss": 1.0, "juv": 0.0, "B": 0.38, "Q": 0.76, "w": 7.12, "h": 0.06, "S": 0.30678, "elv": "bekk", "km": 0.3}}, {"type": "Feature", "geometry": {"type": "LineString", "coordinates": [[6.86676, 59.72053], [6.86816, 59.72004]]}, "properties": {"P": 21.48, "tau": 164.22, "tau_c": 364.2, "omega": 290.5, "M": 0.45, "D": 0.04, "R": 0.13, "sving": 0.21, "os": 0.31, "foss": 1.0, "juv": 0.0, "B": 0.38, "Q": 0.76, "w": 7.49, "h": 0.06, "S": 0.29045, "elv": "bekk", "km": 0.4}}, {"type": "Feature", "geometry": {"type": "LineString", "coordinates": [[6.86816, 59.72004], [6.86949, 59.71948]]}, "properties": {"P": 21.5, "tau": 151.21, "tau_c": 364.2, "omega": 256.54, "M": 0.42, "D": 0.07, "R": 0.1, "sving": 0.04, "os": 0.51, "foss": 1.0, "juv": 0.0, "B": 0.38, "Q": 0.76, "w": 7.87, "h": 0.06, "S": 0.26902, "elv": "bekk", "km": 0.5}}, {"type": "Feature", "geometry": {"type": "LineString", "coordinates": [[6.86828, 59.72888], [6.86792, 59.72801]]}, "properties": {"P": 9.03, "tau": 127.47, "tau_c": 364.2, "omega": 187.01, "M": 0.35, "D": 0.0, "R": 0.05, "sving": 0.1, "os": 0.0, "foss": 0.72, "juv": 0.0, "B": 0.32, "Q": 0.35, "w": 6.0, "h": 0.04, "S": 0.3267, "elv": "bekk", "km": 0.4}}, {"type": "Feature", "geometry": {"type": "LineString", "coordinates": [[6.86792, 59.72801], [6.86726, 59.72719]]}, "properties": {"P": 11.71, "tau": 134.6, "tau_c": 364.2, "omega": 202.16, "M": 0.37, "D": 0.0, "R": 0.07, "sving": 0.06, "os": 0.0, "foss": 1.0, "juv": 0.0, "B": 0.32, "Q": 0.35, "w": 6.0, "h": 0.04, "S": 0.35316, "elv": "bekk", "km": 0.5}}, {"type": "Feature", "geometry": {"type": "LineString", "coordinates": [[6.86726, 59.72719], [6.86626, 59.72646]]}, "properties": {"P": 11.58, "tau": 138.12, "tau_c": 364.2, "omega": 209.84, "M": 0.38, "D": 0.0, "R": 0.07, "sving": 0.04, "os": 0.0, "foss": 1.0, "juv": 0.0, "B": 0.32, "Q": 0.35, "w": 6.0, "h": 0.04, "S": 0.36564, "elv": "bekk", "km": 0.6}}, {"type": "Feature", "geometry": {"type": "LineString", "coordinates": [[6.86626, 59.72646], [6.86519, 59.72575]]}, "properties": {"P": 15.8, "tau": 144.63, "tau_c": 364.2, "omega": 228.76, "M": 0.4, "D": 0.0, "R": 0.09, "sving": 0.39, "os": 0.0, "foss": 1.0, "juv": 0.0, "B": 0.33, "Q": 0.41, "w": 6.0, "h": 0.04, "S": 0.34318, "elv": "bekk", "km": 0.7}}, {"type": "Feature", "geometry": {"type": "LineString", "coordinates": [[6.86519, 59.72575], [6.86501, 59.72488]]}, "properties": {"P": 17.77, "tau": 159.4, "tau_c": 364.2, "omega": 264.18, "M": 0.44, "D": 0.02, "R": 0.12, "sving": 0.42, "os": 0.07, "foss": 1.0, "juv": 0.0, "B": 0.33, "Q": 0.42, "w": 6.0, "h": 0.04, "S": 0.3828, "elv": "bekk", "km": 0.8}}, {"type": "Feature", "geometry": {"type": "LineString", "coordinates": [[6.86501, 59.72488], [6.86604, 59.72419]]}, "properties": {"P": 20.16, "tau": 142.8, "tau_c": 364.2, "omega": 225.76, "M": 0.39, "D": 0.05, "R": 0.08, "sving": 0.63, "os": 0.11, "foss": 1.0, "juv": 0.0, "B": 0.33, "Q": 0.42, "w": 6.0, "h": 0.04, "S": 0.32643, "elv": "bekk", "km": 0.9}}, {"type": "Feature", "geometry": {"type": "LineString", "coordinates": [[6.86604, 59.72419], [6.86691, 59.72342]]}, "properties": {"P": 17.35, "tau": 126.17, "tau_c": 364.2, "omega": 189.08, "M": 0.35, "D": 0.07, "R": 0.05, "sving": 0.37, "os": 0.12, "foss": 1.0, "juv": 0.0, "B": 0.33, "Q": 0.42, "w": 6.0, "h": 0.05, "S": 0.27339, "elv": "bekk", "km": 1.0}}, {"type": "Feature", "geometry": {"type": "LineString", "coordinates": [[6.86691, 59.72342], [6.86837, 59.72296]]}, "properties": {"P": 14.61, "tau": 127.69, "tau_c": 364.2, "omega": 192.35, "M": 0.35, "D": 0.05, "R": 0.05, "sving": 0.11, "os": 0.14, "foss": 1.0, "juv": 0.0, "B": 0.33, "Q": 0.42, "w": 6.0, "h": 0.05, "S": 0.27812, "elv": "bekk", "km": 1.1}}, {"type": "Feature", "geometry": {"type": "LineString", "coordinates": [[6.86837, 59.72296], [6.86964, 59.72242]]}, "properties": {"P": 14.83, "tau": 127.66, "tau_c": 364.2, "omega": 192.28, "M": 0.35, "D": 0.02, "R": 0.05, "sving": 0.19, "os": 0.12, "foss": 1.0, "juv": 0.0, "B": 0.33, "Q": 0.42, "w": 6.0, "h": 0.05, "S": 0.27803, "elv": "bekk", "km": 1.2}}, {"type": "Feature", "geometry": {"type": "LineString", "coordinates": [[6.86964, 59.72242], [6.87095, 59.72193]]}, "properties": {"P": 18.1, "tau": 129.49, "tau_c": 364.2, "omega": 196.25, "M": 0.36, "D": 0.02, "R": 0.06, "sving": 0.45, "os": 0.17, "foss": 1.0, "juv": 0.0, "B": 0.33, "Q": 0.42, "w": 6.0, "h": 0.05, "S": 0.28376, "elv": "bekk", "km": 1.3}}, {"type": "Feature", "geometry": {"type": "LineString", "coordinates": [[6.87095, 59.72193], [6.87096, 59.72106]]}, "properties": {"P": 19.6, "tau": 124.54, "tau_c": 364.2, "omega": 185.59, "M": 0.34, "D": 0.09, "R": 0.05, "sving": 0.47, "os": 0.21, "foss": 1.0, "juv": 0.0, "B": 0.33, "Q": 0.42, "w": 6.0, "h": 0.05, "S": 0.26835, "elv": "bekk", "km": 1.4}}, {"type": "Feature", "geometry": {"type": "LineString", "coordinates": [[6.87096, 59.72106], [6.87061, 59.7202]]}, "properties": {"P": 18.86, "tau": 114.17, "tau_c": 364.06, "omega": 162.6, "M": 0.31, "D": 0.16, "R": 0.03, "sving": 0.21, "os": 0.34, "foss": 1.0, "juv": 0.0, "B": 0.33, "Q": 0.42, "w": 6.38, "h": 0.05, "S": 0.24981, "elv": "bekk", "km": 1.5}}, {"type": "Feature", "geometry": {"type": "LineString", "coordinates": [[6.8706, 59.71861], [6.87079, 59.71773]]}, "properties": {"P": 55.22, "tau": 294.25, "tau_c": 293.9, "omega": 844.21, "M": 1.0, "D": 0.0, "R": 0.8, "sving": 0.25, "os": 0.68, "foss": 1.0, "juv": 0.0, "B": 0.54, "Q": 10.9, "w": 20.62, "h": 0.18, "S": 0.1628, "elv": "bekk", "km": 1.8}}, {"type": "Feature", "geometry": {"type": "LineString", "coordinates": [[6.84702, 59.7127], [6.84869, 59.71273]]}, "properties": {"P": 14.29, "tau": 98.89, "tau_c": 306.91, "omega": 135.12, "M": 0.32, "D": 0.01, "R": 0.04, "sving": 0.28, "os": 0.0, "foss": 1.0, "juv": 0.0, "B": 0.34, "Q": 0.48, "w": 6.12, "h": 0.06, "S": 0.17753, "elv": "bekk", "km": 1.5}}, {"type": "Feature", "geometry": {"type": "LineString", "coordinates": [[6.84869, 59.71273], [6.85028, 59.71249]]}, "properties": {"P": 12.05, "tau": 88.54, "tau_c": 284.16, "omega": 115.26, "M": 0.31, "D": 0.01, "R": 0.03, "sving": 0.06, "os": 0.0, "foss": 1.0, "juv": 0.0, "B": 0.34, "Q": 0.48, "w": 6.17, "h": 0.06, "S": 0.15219, "elv": "bekk", "km": 1.6}}, {"type": "Feature", "geometry": {"type": "LineString", "coordinates": [[6.85194, 59.71246], [6.85362, 59.7122]]}, "properties": {"P": 13.66, "tau": 95.56, "tau_c": 301.03, "omega": 128.46, "M": 0.32, "D": 0.01, "R": 0.04, "sving": 0.22, "os": 0.0, "foss": 1.0, "juv": 0.0, "B": 0.34, "Q": 0.48, "w": 6.21, "h": 0.06, "S": 0.1708, "elv": "bekk", "km": 1.8}}, {"type": "Feature", "geometry": {"type": "LineString", "coordinates": [[6.85362, 59.7122], [6.85522, 59.71186]]}, "properties": {"P": 15.26, "tau": 102.13, "tau_c": 315.73, "omega": 141.31, "M": 0.32, "D": 0.0, "R": 0.04, "sving": 0.32, "os": 0.06, "foss": 1.0, "juv": 0.0, "B": 0.34, "Q": 0.48, "w": 6.21, "h": 0.06, "S": 0.18789, "elv": "bekk", "km": 1.9}}, {"type": "Feature", "geometry": {"type": "LineString", "coordinates": [[6.85522, 59.71186], [6.85619, 59.71128]]}, "properties": {"P": 18.32, "tau": 112.85, "tau_c": 339.13, "omega": 163.03, "M": 0.33, "D": 0.0, "R": 0.04, "sving": 0.56, "os": 0.09, "foss": 1.0, "juv": 0.0, "B": 0.34, "Q": 0.48, "w": 6.21, "h": 0.05, "S": 0.21677, "elv": "bekk", "km": 2.0}}, {"type": "Feature", "geometry": {"type": "LineString", "coordinates": [[6.85619, 59.71128], [6.85724, 59.71063]]}, "properties": {"P": 16.87, "tau": 120.32, "tau_c": 355.06, "omega": 178.71, "M": 0.34, "D": 0.0, "R": 0.05, "sving": 0.37, "os": 0.14, "foss": 1.0, "juv": 0.0, "B": 0.34, "Q": 0.48, "w": 6.21, "h": 0.05, "S": 0.23761, "elv": "bekk", "km": 2.1}}, {"type": "Feature", "geometry": {"type": "LineString", "coordinates": [[6.85724, 59.71063], [6.85689, 59.7098]]}, "properties": {"P": 17.17, "tau": 124.29, "tau_c": 363.42, "omega": 187.23, "M": 0.34, "D": 0.02, "R": 0.05, "sving": 0.3, "os": 0.21, "foss": 1.0, "juv": 0.0, "B": 0.34, "Q": 0.48, "w": 6.21, "h": 0.05, "S": 0.24894, "elv": "bekk", "km": 2.2}}, {"type": "Feature", "geometry": {"type": "LineString", "coordinates": [[6.85689, 59.7098], [6.85717, 59.709]]}, "properties": {"P": 17.45, "tau": 119.27, "tau_c": 352.83, "omega": 176.48, "M": 0.34, "D": 0.05, "R": 0.05, "sving": 0.3, "os": 0.2, "foss": 1.0, "juv": 0.0, "B": 0.34, "Q": 0.48, "w": 6.21, "h": 0.05, "S": 0.23464, "elv": "bekk", "km": 2.3}}, {"type": "Feature", "geometry": {"type": "LineString", "coordinates": [[6.85717, 59.709], [6.85697, 59.70815]]}, "properties": {"P": 15.02, "tau": 106.24, "tau_c": 324.77, "omega": 149.52, "M": 0.33, "D": 0.07, "R": 0.04, "sving": 0.05, "os": 0.2, "foss": 1.0, "juv": 0.0, "B": 0.34, "Q": 0.48, "w": 6.21, "h": 0.05, "S": 0.1988, "elv": "bekk", "km": 2.4}}, {"type": "Feature", "geometry": {"type": "LineString", "coordinates": [[6.8815, 59.72913], [6.88168, 59.72825]]}, "properties": {"P": 10.9, "tau": 115.86, "tau_c": 364.2, "omega": 145.08, "M": 0.32, "D": 0.0, "R": 0.04, "sving": 0.11, "os": 0.0, "foss": 1.0, "juv": 0.0, "B": 0.3, "Q": 0.15, "w": 6.0, "h": 0.02, "S": 0.59157, "elv": "bekk", "km": 0.9}}, {"type": "Feature", "geometry": {"type": "LineString", "coordinates": [[6.88168, 59.72825], [6.88202, 59.72738]]}, "properties": {"P": 11.06, "tau": 134.35, "tau_c": 364.2, "omega": 181.97, "M": 0.37, "D": 0.0, "R": 0.07, "sving": 0.08, "os": 0.0, "foss": 1.0, "juv": 0.0, "B": 0.3, "Q": 0.17, "w": 6.0, "h": 0.02, "S": 0.66779, "elv": "bekk", "km": 1.0}}, {"type": "Feature", "geometry": {"type": "LineString", "coordinates": [[6.88202, 59.72738], [6.88268, 59.72655]]}, "properties": {"P": 10.74, "tau": 145.83, "tau_c": 364.2, "omega": 207.34, "M": 0.4, "D": 0.0, "R": 0.09, "sving": 0.01, "os": 0.0, "foss": 1.0, "juv": 0.0, "B": 0.3, "Q": 0.18, "w": 6.0, "h": 0.02, "S": 0.69172, "elv": "bekk", "km": 1.1}}, {"type": "Feature", "geometry": {"type": "LineString", "coordinates": [[6.88268, 59.72655], [6.88313, 59.72569]]}, "properties": {"P": 11.88, "tau": 144.76, "tau_c": 364.2, "omega": 207.67, "M": 0.4, "D": 0.05, "R": 0.09, "sving": 0.06, "os": 0.0, "foss": 1.0, "juv": 0.0, "B": 0.3, "Q": 0.2, "w": 6.0, "h": 0.02, "S": 0.63509, "elv": "bekk", "km": 1.2}}, {"type": "Feature", "geometry": {"type": "LineString", "coordinates": [[6.88313, 59.72569], [6.88329, 59.72481]]}, "properties": {"P": 12.46, "tau": 139.34, "tau_c": 364.2, "omega": 198.85, "M": 0.38, "D": 0.13, "R": 0.07, "sving": 0.03, "os": 0.0, "foss": 1.0, "juv": 0.0, "B": 0.3, "Q": 0.22, "w": 6.0, "h": 0.03, "S": 0.56133, "elv": "bekk", "km": 1.3}}, {"type": "Feature", "geometry": {"type": "LineString", "coordinates": [[6.84316, 59.71148], [6.84489, 59.71157]]}, "properties": {"P": 13.6, "tau": 95.9, "tau_c": 307.62, "omega": 128.32, "M": 0.31, "D": 0.0, "R": 0.03, "sving": 0.22, "os": 0.0, "foss": 1.0, "juv": 0.0, "B": 0.34, "Q": 0.45, "w": 6.07, "h": 0.05, "S": 0.17836, "elv": "bekk", "km": 1.8}}, {"type": "Feature", "geometry": {"type": "LineString", "coordinates": [[6.84489, 59.71157], [6.84658, 59.71156]]}, "properties": {"P": 17.11, "tau": 103.19, "tau_c": 320.73, "omega": 143.02, "M": 0.32, "D": 0.0, "R": 0.04, "sving": 0.54, "os": 0.0, "foss": 1.0, "juv": 0.0, "B": 0.34, "Q": 0.46, "w": 6.14, "h": 0.05, "S": 0.19389, "elv": "bekk", "km": 1.9}}, {"type": "Feature", "geometry": {"type": "LineString", "coordinates": [[6.84658, 59.71156], [6.84795, 59.71102]]}, "properties": {"P": 19.96, "tau": 118.45, "tau_c": 350.82, "omega": 174.79, "M": 0.34, "D": 0.0, "R": 0.05, "sving": 0.78, "os": 0.0, "foss": 1.0, "juv": 0.0, "B": 0.34, "Q": 0.48, "w": 6.23, "h": 0.05, "S": 0.23197, "elv": "bekk", "km": 2.0}}, {"type": "Feature", "geometry": {"type": "LineString", "coordinates": [[6.84795, 59.71102], [6.84788, 59.71025]]}, "properties": {"P": 19.76, "tau": 129.85, "tau_c": 364.2, "omega": 199.52, "M": 0.36, "D": 0.0, "R": 0.06, "sving": 0.72, "os": 0.0, "foss": 1.0, "juv": 0.0, "B": 0.35, "Q": 0.5, "w": 6.49, "h": 0.05, "S": 0.26426, "elv": "bekk", "km": 2.1}}, {"type": "Feature", "geometry": {"type": "LineString", "coordinates": [[6.84788, 59.71025], [6.8472, 59.70944]]}, "properties": {"P": 16.79, "tau": 134.16, "tau_c": 364.2, "omega": 208.62, "M": 0.37, "D": 0.01, "R": 0.06, "sving": 0.37, "os": 0.05, "foss": 1.0, "juv": 0.0, "B": 0.35, "Q": 0.51, "w": 6.77, "h": 0.05, "S": 0.28138, "elv": "bekk", "km": 2.2}}, {"type": "Feature", "geometry": {"type": "LineString", "coordinates": [[6.8472, 59.70944], [6.84657, 59.70863]]}, "properties": {"P": 17.13, "tau": 146.4, "tau_c": 364.2, "omega": 243.39, "M": 0.4, "D": 0.02, "R": 0.09, "sving": 0.27, "os": 0.05, "foss": 1.0, "juv": 0.0, "B": 0.37, "Q": 0.66, "w": 7.06, "h": 0.06, "S": 0.2657, "elv": "bekk", "km": 2.3}}, {"type": "Feature", "geometry": {"type": "LineString", "coordinates": [[6.84657, 59.70863], [6.84645, 59.70781]]}, "properties": {"P": 15.78, "tau": 121.97, "tau_c": 326.66, "omega": 187.93, "M": 0.37, "D": 0.06, "R": 0.07, "sving": 0.17, "os": 0.0, "foss": 1.0, "juv": 0.0, "B": 0.37, "Q": 0.7, "w": 7.33, "h": 0.06, "S": 0.20113, "elv": "bekk", "km": 2.4}}, {"type": "Feature", "geometry": {"type": "LineString", "coordinates": [[6.84645, 59.70781], [6.84753, 59.70714]]}, "properties": {"P": 16.75, "tau": 122.54, "tau_c": 326.73, "omega": 189.47, "M": 0.38, "D": 0.11, "R": 0.07, "sving": 0.18, "os": 0.0, "foss": 1.0, "juv": 0.0, "B": 0.37, "Q": 0.73, "w": 7.61, "h": 0.06, "S": 0.20121, "elv": "bekk", "km": 2.5}}, {"type": "Feature", "geometry": {"type": "LineString", "coordinates": [[6.84753, 59.70714], [6.84626, 59.70659]]}, "properties": {"P": 20.59, "tau": 109.25, "tau_c": 302.6, "omega": 160.46, "M": 0.36, "D": 0.16, "R": 0.06, "sving": 0.4, "os": 0.06, "foss": 1.0, "juv": 0.0, "B": 0.37, "Q": 0.73, "w": 7.72, "h": 0.06, "S": 0.17259, "elv": "bekk", "km": 2.6}}, {"type": "Feature", "geometry": {"type": "LineString", "coordinates": [[6.86042, 59.72134], [6.86196, 59.72106]]}, "properties": {"P": 25.1, "tau": 132.06, "tau_c": 329.62, "omega": 213.69, "M": 0.4, "D": -0.0, "R": 0.09, "sving": 0.15, "os": 0.87, "foss": 1.0, "juv": 0.0, "B": 0.37, "Q": 0.76, "w": 7.11, "h": 0.07, "S": 0.20478, "elv": "bekk", "km": 1.6}}, {"type": "Feature", "geometry": {"type": "LineString", "coordinates": [[6.86196, 59.72106], [6.86338, 59.72053]]}, "properties": {"P": 24.03, "tau": 123.66, "tau_c": 320.59, "omega": 193.44, "M": 0.39, "D": 0.02, "R": 0.08, "sving": 0.03, "os": 0.88, "foss": 1.0, "juv": 0.0, "B": 0.37, "Q": 0.76, "w": 7.48, "h": 0.07, "S": 0.19372, "elv": "bekk", "km": 1.7}}, {"type": "Feature", "geometry": {"type": "LineString", "coordinates": [[6.86338, 59.72053], [6.86507, 59.7203]]}, "properties": {"P": 20.8, "tau": 120.76, "tau_c": 321.83, "omega": 185.87, "M": 0.38, "D": 0.04, "R": 0.07, "sving": 0.1, "os": 0.54, "foss": 1.0, "juv": 0.0, "B": 0.37, "Q": 0.76, "w": 7.85, "h": 0.06, "S": 0.19522, "elv": "bekk", "km": 1.8}}, {"type": "Feature", "geometry": {"type": "LineString", "coordinates": [[6.86507, 59.7203], [6.86664, 59.7199]]}, "properties": {"P": 19.17, "tau": 113.41, "tau_c": 307.69, "omega": 169.88, "M": 0.37, "D": 0.04, "R": 0.06, "sving": 0.16, "os": 0.33, "foss": 1.0, "juv": 0.0, "B": 0.37, "Q": 0.76, "w": 7.86, "h": 0.06, "S": 0.17844, "elv": "bekk", "km": 1.9}}, {"type": "Feature", "geometry": {"type": "LineString", "coordinates": [[6.86664, 59.7199], [6.86809, 59.7194]]}, "properties": {"P": 17.56, "tau": 115.38, "tau_c": 311.26, "omega": 174.16, "M": 0.37, "D": 0.01, "R": 0.07, "sving": 0.02, "os": 0.37, "foss": 1.0, "juv": 0.0, "B": 0.37, "Q": 0.76, "w": 7.87, "h": 0.06, "S": 0.18261, "elv": "bekk", "km": 2.0}}, {"type": "Feature", "geometry": {"type": "LineString", "coordinates": [[6.86809, 59.7194], [6.86982, 59.71922]]}, "properties": {"P": 21.3, "tau": 118.63, "tau_c": 317.43, "omega": 181.25, "M": 0.37, "D": 0.0, "R": 0.07, "sving": 0.14, "os": 0.59, "foss": 1.0, "juv": 0.0, "B": 0.37, "Q": 0.77, "w": 7.87, "h": 0.06, "S": 0.18992, "elv": "bekk", "km": 2.1}}, {"type": "Feature", "geometry": {"type": "LineString", "coordinates": [[6.90724, 59.54809], [6.90597, 59.54756]]}, "properties": {"P": 18.62, "tau": 63.55, "tau_c": 207.59, "omega": 73.52, "M": 0.31, "D": 0.0, "R": 0.03, "sving": 0.56, "os": 0.0, "foss": 1.0, "juv": 0.0, "B": 0.37, "Q": 0.68, "w": 7.33, "h": 0.08, "S": 0.08122, "elv": "bekk", "km": 0.7}}, {"type": "Feature", "geometry": {"type": "LineString", "coordinates": [[6.90597, 59.54756], [6.90432, 59.54747]]}, "properties": {"P": 15.99, "tau": 62.08, "tau_c": 203.76, "omega": 71.13, "M": 0.3, "D": 0.0, "R": 0.03, "sving": 0.33, "os": 0.0, "foss": 1.0, "juv": 0.0, "B": 0.37, "Q": 0.69, "w": 7.44, "h": 0.08, "S": 0.07826, "elv": "bekk", "km": 0.8}}, {"type": "Feature", "geometry": {"type": "LineString", "coordinates": [[6.90432, 59.54747], [6.90303, 59.54798]]}, "properties": {"P": 17.99, "tau": 63.41, "tau_c": 208.66, "omega": 73.16, "M": 0.3, "D": 0.0, "R": 0.03, "sving": 0.44, "os": 0.07, "foss": 1.0, "juv": 0.0, "B": 0.37, "Q": 0.69, "w": 7.59, "h": 0.08, "S": 0.08206, "elv": "bekk", "km": 0.9}}, {"type": "Feature", "geometry": {"type": "LineString", "coordinates": [[6.90303, 59.54798], [6.90145, 59.54797]]}, "properties": {"P": 12.21, "tau": 70.61, "tau_c": 220.76, "omega": 85.92, "M": 0.32, "D": 0.01, "R": 0.04, "sving": 0.15, "os": 0.1, "foss": 0.72, "juv": 0.0, "B": 0.37, "Q": 0.73, "w": 7.7, "h": 0.08, "S": 0.09186, "elv": "bekk", "km": 1.0}}, {"type": "Feature", "geometry": {"type": "LineString", "coordinates": [[6.90145, 59.54797], [6.89992, 59.54839]]}, "properties": {"P": 16.26, "tau": 66.91, "tau_c": 210.17, "omega": 79.81, "M": 0.32, "D": 0.05, "R": 0.04, "sving": 0.1, "os": 0.16, "foss": 1.0, "juv": 0.0, "B": 0.38, "Q": 0.76, "w": 7.83, "h": 0.08, "S": 0.08326, "elv": "bekk", "km": 1.1}}, {"type": "Feature", "geometry": {"type": "LineString", "coordinates": [[6.89992, 59.54839], [6.89859, 59.5486]]}, "properties": {"P": 17.23, "tau": 58.01, "tau_c": 189.33, "omega": 65.1, "M": 0.31, "D": 0.09, "R": 0.03, "sving": 0.05, "os": 0.25, "foss": 1.0, "juv": 0.0, "B": 0.38, "Q": 0.79, "w": 8.01, "h": 0.09, "S": 0.06756, "elv": "bekk", "km": 1.2}}, {"type": "Feature", "geometry": {"type": "LineString", "coordinates": [[6.89568, 59.54897], [6.89498, 59.54824]]}, "properties": {"P": 22.75, "tau": 54.65, "tau_c": 159.51, "omega": 62.28, "M": 0.34, "D": 0.13, "R": 0.05, "sving": 0.39, "os": 0.63, "foss": 0.51, "juv": 0.0, "B": 0.41, "Q": 1.23, "w": 9.3, "h": 0.12, "S": 0.04796, "elv": "bekk", "km": 1.5}}, {"type": "Feature", "geometry": {"type": "LineString", "coordinates": [[6.89498, 59.54824], [6.89418, 59.54746]]}, "properties": {"P": 26.29, "tau": 39.4, "tau_c": 128.39, "omega": 38.77, "M": 0.31, "D": 0.28, "R": 0.03, "sving": 0.29, "os": 1.0, "foss": 0.37, "juv": 0.0, "B": 0.41, "Q": 1.23, "w": 9.69, "h": 0.13, "S": 0.03107, "elv": "bekk", "km": 1.6}}, {"type": "Feature", "geometry": {"type": "LineString", "coordinates": [[6.96626, 59.58384], [6.96458, 59.58364]]}, "properties": {"P": 13.25, "tau": 69.05, "tau_c": 207.97, "omega": 84.37, "M": 0.33, "D": 0.0, "R": 0.04, "sving": 0.06, "os": 0.0, "foss": 1.0, "juv": 0.0, "B": 0.38, "Q": 0.84, "w": 7.92, "h": 0.09, "S": 0.08152, "elv": "bekk", "km": 0.1}}, {"type": "Feature", "geometry": {"type": "LineString", "coordinates": [[6.96458, 59.58364], [6.963, 59.58331]]}, "properties": {"P": 13.05, "tau": 65.6, "tau_c": 201.36, "omega": 78.31, "M": 0.33, "D": 0.0, "R": 0.04, "sving": 0.04, "os": 0.0, "foss": 1.0, "juv": 0.0, "B": 0.38, "Q": 0.85, "w": 8.13, "h": 0.09, "S": 0.07642, "elv": "bekk", "km": 0.2}}, {"type": "Feature", "geometry": {"type": "LineString", "coordinates": [[6.963, 59.58331], [6.96135, 59.58305]]}, "properties": {"P": 12.81, "tau": 61.98, "tau_c": 195.13, "omega": 72.02, "M": 0.32, "D": 0.0, "R": 0.04, "sving": 0.03, "os": 0.0, "foss": 1.0, "juv": 0.0, "B": 0.38, "Q": 0.85, "w": 8.36, "h": 0.09, "S": 0.07177, "elv": "bekk", "km": 0.3}}, {"type": "Feature", "geometry": {"type": "LineString", "coordinates": [[6.96135, 59.58305], [6.95968, 59.5828]]}, "properties": {"P": 14.07, "tau": 68.78, "tau_c": 208.25, "omega": 83.86, "M": 0.33, "D": 0.0, "R": 0.04, "sving": 0.12, "os": 0.0, "foss": 1.0, "juv": 0.0, "B": 0.38, "Q": 0.88, "w": 8.44, "h": 0.09, "S": 0.08174, "elv": "bekk", "km": 0.4}}, {"type": "Feature", "geometry": {"type": "LineString", "coordinates": [[6.95968, 59.5828], [6.95801, 59.58254]]}, "properties": {"P": 13.51, "tau": 67.82, "tau_c": 206.53, "omega": 82.15, "M": 0.33, "D": 0.03, "R": 0.04, "sving": 0.03, "os": 0.0, "foss": 1.0, "juv": 0.0, "B": 0.38, "Q": 0.89, "w": 8.55, "h": 0.09, "S": 0.0804, "elv": "bekk", "km": 0.5}}, {"type": "Feature", "geometry": {"type": "LineString", "coordinates": [[6.95801, 59.58254], [6.95627, 59.58247]]}, "properties": {"P": 13.59, "tau": 64.24, "tau_c": 196.63, "omega": 76.26, "M": 0.33, "D": 0.04, "R": 0.04, "sving": 0.02, "os": 0.0, "foss": 1.0, "juv": 0.0, "B": 0.38, "Q": 0.92, "w": 8.66, "h": 0.09, "S": 0.07287, "elv": "bekk", "km": 0.6}}, {"type": "Feature", "geometry": {"type": "LineString", "coordinates": [[6.95627, 59.58247], [6.95466, 59.58215]]}, "properties": {"P": 14.2, "tau": 55.27, "tau_c": 174.92, "omega": 61.66, "M": 0.32, "D": 0.04, "R": 0.03, "sving": 0.07, "os": 0.0, "foss": 1.0, "juv": 0.0, "B": 0.38, "Q": 0.96, "w": 8.79, "h": 0.1, "S": 0.05767, "elv": "bekk", "km": 0.7}}, {"type": "Feature", "geometry": {"type": "LineString", "coordinates": [[6.95466, 59.58215], [6.95296, 59.58194]]}, "properties": {"P": 14.56, "tau": 65.02, "tau_c": 196.65, "omega": 77.82, "M": 0.33, "D": 0.01, "R": 0.04, "sving": 0.12, "os": 0.0, "foss": 1.0, "juv": 0.0, "B": 0.39, "Q": 0.97, "w": 8.93, "h": 0.09, "S": 0.07289, "elv": "bekk", "km": 0.8}}, {"type": "Feature", "geometry": {"type": "LineString", "coordinates": [[6.95296, 59.58194], [6.95121, 59.58183]]}, "properties": {"P": 13.54, "tau": 61.62, "tau_c": 185.42, "omega": 72.52, "M": 0.33, "D": 0.01, "R": 0.04, "sving": 0.03, "os": 0.0, "foss": 1.0, "juv": 0.0, "B": 0.39, "Q": 1.03, "w": 9.05, "h": 0.1, "S": 0.0648, "elv": "bekk", "km": 0.9}}, {"type": "Feature", "geometry": {"type": "LineString", "coordinates": [[6.95121, 59.58183], [6.94959, 59.58148]]}, "properties": {"P": 14.42, "tau": 98.72, "tau_c": 260.3, "omega": 142.46, "M": 0.38, "D": 0.0, "R": 0.07, "sving": 0.06, "os": 0.0, "foss": 1.0, "juv": 0.0, "B": 0.39, "Q": 1.04, "w": 9.14, "h": 0.08, "S": 0.12771, "elv": "bekk", "km": 1.0}}, {"type": "Feature", "geometry": {"type": "LineString", "coordinates": [[6.94959, 59.58148], [6.948, 59.58108]]}, "properties": {"P": 11.77, "tau": 105.68, "tau_c": 272.78, "omega": 157.18, "M": 0.39, "D": 0.0, "R": 0.08, "sving": 0.12, "os": 0.0, "foss": 0.72, "juv": 0.0, "B": 0.39, "Q": 1.05, "w": 9.22, "h": 0.08, "S": 0.14025, "elv": "bekk", "km": 1.1}}, {"type": "Feature", "geometry": {"type": "LineString", "coordinates": [[6.948, 59.58108], [6.94639, 59.58073]]}, "properties": {"P": 14.46, "tau": 114.08, "tau_c": 287.67, "omega": 175.48, "M": 0.4, "D": 0.0, "R": 0.09, "sving": 0.04, "os": 0.0, "foss": 1.0, "juv": 0.0, "B": 0.39, "Q": 1.06, "w": 9.26, "h": 0.07, "S": 0.15598, "elv": "bekk", "km": 1.2}}, {"type": "Feature", "geometry": {"type": "LineString", "coordinates": [[6.94639, 59.58073], [6.94478, 59.58036]]}, "properties": {"P": 14.29, "tau": 121.26, "tau_c": 300.57, "omega": 191.5, "M": 0.4, "D": 0.0, "R": 0.09, "sving": 0.01, "os": 0.0, "foss": 1.0, "juv": 0.0, "B": 0.39, "Q": 1.07, "w": 9.3, "h": 0.07, "S": 0.17028, "elv": "bekk", "km": 1.3}}, {"type": "Feature", "geometry": {"type": "LineString", "coordinates": [[6.94478, 59.58036], [6.9433, 59.57994]]}, "properties": {"P": 15.07, "tau": 147.1, "tau_c": 344.76, "omega": 252.66, "M": 0.43, "D": 0.0, "R": 0.11, "sving": 0.04, "os": 0.0, "foss": 1.0, "juv": 0.0, "B": 0.39, "Q": 1.07, "w": 9.33, "h": 0.07, "S": 0.22403, "elv": "bekk", "km": 1.4}}, {"type": "Feature", "geometry": {"type": "LineString", "coordinates": [[6.9433, 59.57994], [6.9417, 59.57958]]}, "properties": {"P": 17.89, "tau": 164.53, "tau_c": 364.2, "omega": 296.68, "M": 0.45, "D": 0.02, "R": 0.14, "sving": 0.2, "os": 0.0, "foss": 1.0, "juv": 0.0, "B": 0.39, "Q": 1.08, "w": 9.37, "h": 0.06, "S": 0.26256, "elv": "bekk", "km": 1.5}}, {"type": "Feature", "geometry": {"type": "LineString", "coordinates": [[6.9417, 59.57958], [6.94017, 59.57914]]}, "properties": {"P": 17.48, "tau": 138.98, "tau_c": 329.03, "omega": 233.38, "M": 0.42, "D": 0.08, "R": 0.11, "sving": 0.13, "os": 0.0, "foss": 1.0, "juv": 0.0, "B": 0.39, "Q": 1.1, "w": 9.4, "h": 0.07, "S": 0.20406, "elv": "bekk", "km": 1.6}}, {"type": "Feature", "geometry": {"type": "LineString", "coordinates": [[6.94017, 59.57914], [6.93922, 59.57844]]}, "properties": {"P": 16.63, "tau": 125.53, "tau_c": 318.52, "omega": 199.36, "M": 0.39, "D": 0.08, "R": 0.08, "sving": 0.1, "os": 0.0, "foss": 1.0, "juv": 0.0, "B": 0.39, "Q": 1.1, "w": 10.39, "h": 0.07, "S": 0.19122, "elv": "bekk", "km": 1.7}}, {"type": "Feature", "geometry": {"type": "LineString", "coordinates": [[6.93922, 59.57844], [6.93826, 59.57787]]}, "properties": {"P": 20.83, "tau": 111.51, "tau_c": 304.61, "omega": 166.26, "M": 0.37, "D": 0.08, "R": 0.06, "sving": 0.48, "os": 0.0, "foss": 1.0, "juv": 0.0, "B": 0.39, "Q": 1.11, "w": 11.4, "h": 0.06, "S": 0.17488, "elv": "bekk", "km": 1.8}}, {"type": "Feature", "geometry": {"type": "LineString", "coordinates": [[6.93826, 59.57787], [6.93667, 59.57774]]}, "properties": {"P": 30.51, "tau": 160.59, "tau_c": 287.92, "omega": 310.02, "M": 0.56, "D": 0.06, "R": 0.26, "sving": 0.68, "os": 0.0, "foss": 1.0, "juv": 0.0, "B": 0.45, "Q": 2.51, "w": 12.41, "h": 0.1, "S": 0.15625, "elv": "bekk", "km": 1.9}}, {"type": "Feature", "geometry": {"type": "LineString", "coordinates": [[6.93667, 59.57774], [6.93541, 59.57834]]}, "properties": {"P": 27.69, "tau": 99.63, "tau_c": 209.68, "omega": 155.38, "M": 0.48, "D": 0.19, "R": 0.16, "sving": 0.45, "os": 0.0, "foss": 1.0, "juv": 0.0, "B": 0.45, "Q": 2.57, "w": 13.42, "h": 0.12, "S": 0.08287, "elv": "bekk", "km": 2.0}}, {"type": "Feature", "geometry": {"type": "LineString", "coordinates": [[6.93541, 59.57834], [6.93423, 59.57901]]}, "properties": {"P": 21.21, "tau": 71.48, "tau_c": 170.22, "omega": 95.76, "M": 0.42, "D": 0.24, "R": 0.11, "sving": 0.01, "os": 0.0, "foss": 1.0, "juv": 0.0, "B": 0.45, "Q": 2.59, "w": 14.48, "h": 0.13, "S": 0.05461, "elv": "bekk", "km": 2.1}}, {"type": "Feature", "geometry": {"type": "LineString", "coordinates": [[6.93423, 59.57901], [6.93264, 59.57929]]}, "properties": {"P": 21.42, "tau": 65.5, "tau_c": 160.03, "omega": 84.46, "M": 0.41, "D": 0.22, "R": 0.1, "sving": 0.35, "os": 0.0, "foss": 0.72, "juv": 0.0, "B": 0.45, "Q": 2.6, "w": 14.57, "h": 0.14, "S": 0.04827, "elv": "bekk", "km": 2.2}}, {"type": "Feature", "geometry": {"type": "LineString", "coordinates": [[6.93264, 59.57929], [6.9311, 59.57915]]}, "properties": {"P": 25.27, "tau": 64.39, "tau_c": 156.42, "omega": 82.69, "M": 0.41, "D": 0.09, "R": 0.1, "sving": 0.5, "os": 0.0, "foss": 1.0, "juv": 0.0, "B": 0.45, "Q": 2.67, "w": 14.63, "h": 0.14, "S": 0.04612, "elv": "bekk", "km": 2.3}}, {"type": "Feature", "geometry": {"type": "LineString", "coordinates": [[6.94129, 59.57413], [6.93998, 59.5747]]}, "properties": {"P": 3.64, "tau": 59.05, "tau_c": 170.93, "omega": 69.44, "M": 0.35, "D": 0.0, "R": 0.05, "sving": 0.34, "os": 0.0, "foss": 0.0, "juv": 0.0, "B": 0.27, "Q": 1.34, "w": 10.45, "h": 0.11, "S": 0.05507, "elv": "bekk", "km": 0.0}}, {"type": "Feature", "geometry": {"type": "LineString", "coordinates": [[6.93998, 59.5747], [6.93922, 59.57546]]}, "properties": {"P": 23.23, "tau": 64.3, "tau_c": 181.38, "omega": 78.49, "M": 0.35, "D": 0.02, "R": 0.06, "sving": 0.01, "os": 0.0, "foss": 1.0, "juv": 0.0, "B": 0.66, "Q": 1.35, "w": 10.5, "h": 0.11, "S": 0.06201, "elv": "bekk", "km": 0.1}}, {"type": "Feature", "geometry": {"type": "LineString", "coordinates": [[6.93922, 59.57546], [6.93855, 59.57624]]}, "properties": {"P": 24.84, "tau": 58.19, "tau_c": 173.91, "omega": 67.47, "M": 0.33, "D": 0.02, "R": 0.04, "sving": 0.11, "os": 0.0, "foss": 1.0, "juv": 0.0, "B": 0.66, "Q": 1.36, "w": 11.26, "h": 0.1, "S": 0.057, "elv": "bekk", "km": 0.2}}, {"type": "Feature", "geometry": {"type": "LineString", "coordinates": [[6.93855, 59.57624], [6.93726, 59.57682]]}, "properties": {"P": 24.26, "tau": 51.84, "tau_c": 162.74, "omega": 56.94, "M": 0.32, "D": 0.02, "R": 0.04, "sving": 0.03, "os": 0.07, "foss": 1.0, "juv": 0.0, "B": 0.66, "Q": 1.4, "w": 12.06, "h": 0.11, "S": 0.04992, "elv": "bekk", "km": 0.3}}, {"type": "Feature", "geometry": {"type": "LineString", "coordinates": [[6.93726, 59.57682], [6.93566, 59.57719]]}, "properties": {"P": 35.9, "tau": 71.01, "tau_c": 162.86, "omega": 95.84, "M": 0.44, "D": 0.0, "R": 0.12, "sving": 0.29, "os": 0.11, "foss": 1.0, "juv": 0.0, "B": 0.72, "Q": 2.51, "w": 12.85, "h": 0.14, "S": 0.04999, "elv": "bekk", "km": 0.4}}, {"type": "Feature", "geometry": {"type": "LineString", "coordinates": [[6.93566, 59.57719], [6.9349, 59.57784]]}, "properties": {"P": 26.06, "tau": 63.25, "tau_c": 152.49, "omega": 80.85, "M": 0.41, "D": 0.02, "R": 0.1, "sving": 0.06, "os": 0.17, "foss": 0.72, "juv": 0.0, "B": 0.72, "Q": 2.57, "w": 13.65, "h": 0.15, "S": 0.04383, "elv": "bekk", "km": 0.5}}, {"type": "Feature", "geometry": {"type": "LineString", "coordinates": [[6.9349, 59.57784], [6.93329, 59.57817]]}, "properties": {"P": 25.7, "tau": 68.13, "tau_c": 164.94, "omega": 89.3, "M": 0.41, "D": 0.03, "R": 0.1, "sving": 0.17, "os": 0.25, "foss": 0.51, "juv": 0.0, "B": 0.72, "Q": 2.57, "w": 14.46, "h": 0.14, "S": 0.05128, "elv": "bekk", "km": 0.6}}, {"type": "Feature", "geometry": {"type": "LineString", "coordinates": [[6.93329, 59.57817], [6.9318, 59.57864]]}, "properties": {"P": 36.94, "tau": 60.94, "tau_c": 147.74, "omega": 76.75, "M": 0.41, "D": 0.04, "R": 0.1, "sving": 0.0, "os": 0.41, "foss": 1.0, "juv": 0.0, "B": 0.72, "Q": 2.59, "w": 13.61, "h": 0.15, "S": 0.04114, "elv": "bekk", "km": 0.7}}, {"type": "Feature", "geometry": {"type": "LineString", "coordinates": [[6.9318, 59.57864], [6.93067, 59.57932]]}, "properties": {"P": 45.94, "tau": 61.75, "tau_c": 147.35, "omega": 78.51, "M": 0.42, "D": 0.02, "R": 0.1, "sving": 0.16, "os": 0.67, "foss": 1.0, "juv": 0.0, "B": 0.73, "Q": 2.67, "w": 13.67, "h": 0.15, "S": 0.04092, "elv": "bekk", "km": 0.8}}, {"type": "Feature", "geometry": {"type": "LineString", "coordinates": [[6.93067, 59.57932], [6.92979, 59.58008]]}, "properties": {"P": 43.37, "tau": 62.18, "tau_c": 148.44, "omega": 79.25, "M": 0.42, "D": 0.01, "R": 0.1, "sving": 0.09, "os": 0.91, "foss": 0.72, "juv": 0.0, "B": 0.73, "Q": 2.68, "w": 13.76, "h": 0.15, "S": 0.04153, "elv": "bekk", "km": 0.9}}, {"type": "Feature", "geometry": {"type": "LineString", "coordinates": [[6.92979, 59.58008], [6.92858, 59.58072]]}, "properties": {"P": 43.14, "tau": 62.4, "tau_c": 148.94, "omega": 79.65, "M": 0.42, "D": 0.01, "R": 0.1, "sving": 0.16, "os": 0.56, "foss": 1.0, "juv": 0.0, "B": 0.73, "Q": 2.69, "w": 13.83, "h": 0.15, "S": 0.04181, "elv": "bekk", "km": 1.0}}, {"type": "Feature", "geometry": {"type": "LineString", "coordinates": [[6.92858, 59.58072], [6.92742, 59.58132]]}, "properties": {"P": 32.03, "tau": 77.52, "tau_c": 173.29, "omega": 108.84, "M": 0.45, "D": 0.01, "R": 0.13, "sving": 0.12, "os": 0.34, "foss": 0.72, "juv": 0.0, "B": 0.73, "Q": 2.72, "w": 13.87, "h": 0.14, "S": 0.0566, "elv": "bekk", "km": 1.1}}, {"type": "Feature", "geometry": {"type": "LineString", "coordinates": [[6.92742, 59.58132], [6.92595, 59.58168]]}, "properties": {"P": 22.76, "tau": 58.98, "tau_c": 142.42, "omega": 73.55, "M": 0.41, "D": 0.01, "R": 0.1, "sving": 0.09, "os": 0.21, "foss": 0.51, "juv": 0.0, "B": 0.73, "Q": 2.72, "w": 13.87, "h": 0.16, "S": 0.03823, "elv": "bekk", "km": 1.2}}, {"type": "Feature", "geometry": {"type": "LineString", "coordinates": [[6.92595, 59.58168], [6.92463, 59.58227]]}, "properties": {"P": 32.64, "tau": 80.91, "tau_c": 172.42, "omega": 116.89, "M": 0.47, "D": 0.0, "R": 0.15, "sving": 0.04, "os": 0.14, "foss": 1.0, "juv": 0.0, "B": 0.73, "Q": 2.75, "w": 12.92, "h": 0.15, "S": 0.05603, "elv": "bekk", "km": 1.3}}, {"type": "Feature", "geometry": {"type": "LineString", "coordinates": [[6.92463, 59.58227], [6.92313, 59.58274]]}, "properties": {"P": 27.35, "tau": 83.67, "tau_c": 170.57, "omega": 123.8, "M": 0.49, "D": 0.0, "R": 0.18, "sving": 0.1, "os": 0.09, "foss": 0.72, "juv": 0.0, "B": 0.73, "Q": 2.75, "w": 11.95, "h": 0.16, "S": 0.05484, "elv": "bekk", "km": 1.4}}, {"type": "Feature", "geometry": {"type": "LineString", "coordinates": [[6.92313, 59.58274], [6.92179, 59.58331]]}, "properties": {"P": 33.5, "tau": 90.43, "tau_c": 180.48, "omega": 138.35, "M": 0.5, "D": 0.02, "R": 0.19, "sving": 0.07, "os": 0.05, "foss": 1.0, "juv": 0.0, "B": 0.73, "Q": 2.75, "w": 11.99, "h": 0.15, "S": 0.06139, "elv": "bekk", "km": 1.5}}, {"type": "Feature", "geometry": {"type": "LineString", "coordinates": [[6.92179, 59.58331], [6.92047, 59.5839]]}, "properties": {"P": 28.75, "tau": 88.76, "tau_c": 178.22, "omega": 134.68, "M": 0.5, "D": 0.06, "R": 0.18, "sving": 0.16, "os": 0.0, "foss": 0.72, "juv": 0.0, "B": 0.73, "Q": 2.76, "w": 12.02, "h": 0.15, "S": 0.05986, "elv": "bekk", "km": 1.6}}, {"type": "Feature", "geometry": {"type": "LineString", "coordinates": [[6.92047, 59.5839], [6.9194, 59.58461]]}, "properties": {"P": 38.67, "tau": 71.06, "tau_c": 156.51, "omega": 97.14, "M": 0.45, "D": 0.13, "R": 0.14, "sving": 0.29, "os": 0.0, "foss": 1.0, "juv": 0.0, "B": 0.73, "Q": 2.79, "w": 13.03, "h": 0.16, "S": 0.04617, "elv": "bekk", "km": 1.7}}, {"type": "Feature", "geometry": {"type": "LineString", "coordinates": [[6.9194, 59.58461], [6.91842, 59.58535]]}, "properties": {"P": 29.35, "tau": 72.65, "tau_c": 164.33, "omega": 99.39, "M": 0.44, "D": 0.16, "R": 0.13, "sving": 0.15, "os": 0.0, "foss": 0.72, "juv": 0.0, "B": 0.73, "Q": 2.79, "w": 14.03, "h": 0.15, "S": 0.0509, "elv": "bekk", "km": 1.8}}, {"type": "Feature", "geometry": {"type": "LineString", "coordinates": [[6.91842, 59.58535], [6.91823, 59.58623]]}, "properties": {"P": 34.49, "tau": 53.21, "tau_c": 135.52, "omega": 63.06, "M": 0.39, "D": 0.21, "R": 0.08, "sving": 0.1, "os": 0.0, "foss": 1.0, "juv": 0.0, "B": 0.73, "Q": 2.79, "w": 15.04, "h": 0.16, "S": 0.03462, "elv": "bekk", "km": 1.9}}, {"type": "Feature", "geometry": {"type": "LineString", "coordinates": [[6.91823, 59.58623], [6.91752, 59.58697]]}, "properties": {"P": 25.25, "tau": 50.15, "tau_c": 129.88, "omega": 57.93, "M": 0.39, "D": 0.17, "R": 0.08, "sving": 0.04, "os": 0.0, "foss": 0.72, "juv": 0.0, "B": 0.73, "Q": 2.79, "w": 15.04, "h": 0.16, "S": 0.0318, "elv": "bekk", "km": 2.0}}, {"type": "Feature", "geometry": {"type": "LineString", "coordinates": [[6.91752, 59.58697], [6.91626, 59.58746]]}, "properties": {"P": 50.31, "tau": 41.82, "tau_c": 114.02, "omega": 44.64, "M": 0.37, "D": 0.16, "R": 0.06, "sving": 0.88, "os": 0.0, "foss": 1.0, "juv": 0.0, "B": 0.73, "Q": 2.79, "w": 15.04, "h": 0.17, "S": 0.02451, "elv": "bekk", "km": 2.1}}, {"type": "Feature", "geometry": {"type": "LineString", "coordinates": [[6.91626, 59.58746], [6.91522, 59.58811]]}, "properties": {"P": 39.17, "tau": 42.7, "tau_c": 115.74, "omega": 45.99, "M": 0.37, "D": 0.1, "R": 0.07, "sving": 0.75, "os": 0.0, "foss": 0.72, "juv": 0.0, "B": 0.73, "Q": 2.79, "w": 15.04, "h": 0.17, "S": 0.02525, "elv": "bekk", "km": 2.2}}, {"type": "Feature", "geometry": {"type": "LineString", "coordinates": [[6.91522, 59.58811], [6.9142, 59.58748]]}, "properties": {"P": 34.61, "tau": 37.81, "tau_c": 106.07, "omega": 38.63, "M": 0.36, "D": 0.1, "R": 0.06, "sving": 0.77, "os": 0.0, "foss": 0.51, "juv": 0.0, "B": 0.73, "Q": 2.79, "w": 15.04, "h": 0.18, "S": 0.0212, "elv": "bekk", "km": 2.3}}, {"type": "Feature", "geometry": {"type": "LineString", "coordinates": [[6.97196, 59.60655], [6.97094, 59.60727]]}, "properties": {"P": 24.44, "tau": 111.34, "tau_c": 364.2, "omega": 154.34, "M": 0.31, "D": 0.0, "R": 0.03, "sving": 0.46, "os": 0.0, "foss": 1.0, "juv": 0.0, "B": 0.52, "Q": 0.35, "w": 6.0, "h": 0.04, "S": 0.26621, "elv": "bekk", "km": 0.7}}, {"type": "Feature", "geometry": {"type": "LineString", "coordinates": [[6.97094, 59.60727], [6.9705, 59.60814]]}, "properties": {"P": 21.48, "tau": 111.52, "tau_c": 364.2, "omega": 154.8, "M": 0.31, "D": 0.0, "R": 0.03, "sving": 0.28, "os": 0.0, "foss": 1.0, "juv": 0.0, "B": 0.52, "Q": 0.36, "w": 6.0, "h": 0.04, "S": 0.26566, "elv": "bekk", "km": 0.8}}, {"type": "Feature", "geometry": {"type": "LineString", "coordinates": [[6.9705, 59.60814], [6.97077, 59.60898]]}, "properties": {"P": 22.9, "tau": 115.95, "tau_c": 364.2, "omega": 164.34, "M": 0.32, "D": 0.01, "R": 0.04, "sving": 0.33, "os": 0.0, "foss": 1.0, "juv": 0.0, "B": 0.52, "Q": 0.37, "w": 6.0, "h": 0.04, "S": 0.27373, "elv": "bekk", "km": 0.9}}, {"type": "Feature", "geometry": {"type": "LineString", "coordinates": [[6.97077, 59.60898], [6.97042, 59.60979]]}, "properties": {"P": 27.31, "tau": 112.54, "tau_c": 364.2, "omega": 157.48, "M": 0.31, "D": 0.07, "R": 0.03, "sving": 0.53, "os": 0.0, "foss": 1.0, "juv": 0.0, "B": 0.52, "Q": 0.37, "w": 6.0, "h": 0.04, "S": 0.2623, "elv": "bekk", "km": 1.0}}, {"type": "Feature", "geometry": {"type": "LineString", "coordinates": [[6.97528, 59.6124], [6.97413, 59.61291]]}, "properties": {"P": 20.4, "tau": 67.65, "tau_c": 225.36, "omega": 79.41, "M": 0.3, "D": 0.0, "R": 0.03, "sving": 0.26, "os": 0.12, "foss": 0.72, "juv": 0.0, "B": 0.57, "Q": 0.57, "w": 6.79, "h": 0.07, "S": 0.09573, "elv": "bekk", "km": 1.6}}, {"type": "Feature", "geometry": {"type": "LineString", "coordinates": [[6.97413, 59.61291], [6.97458, 59.61373]]}, "properties": {"P": 24.32, "tau": 85.15, "tau_c": 266.07, "omega": 110.4, "M": 0.32, "D": 0.0, "R": 0.04, "sving": 0.23, "os": 0.09, "foss": 1.0, "juv": 0.0, "B": 0.57, "Q": 0.58, "w": 6.82, "h": 0.07, "S": 0.13344, "elv": "bekk", "km": 1.7}}, {"type": "Feature", "geometry": {"type": "LineString", "coordinates": [[6.97458, 59.61373], [6.9754, 59.6145]]}, "properties": {"P": 28.71, "tau": 87.53, "tau_c": 288.64, "omega": 112.83, "M": 0.3, "D": 0.0, "R": 0.03, "sving": 0.49, "os": 0.08, "foss": 1.0, "juv": 0.0, "B": 0.57, "Q": 0.58, "w": 7.85, "h": 0.06, "S": 0.15703, "elv": "bekk", "km": 1.8}}, {"type": "Feature", "geometry": {"type": "LineString", "coordinates": [[6.97886, 59.62151], [6.97933, 59.62231]]}, "properties": {"P": 31.16, "tau": 85.31, "tau_c": 204.18, "omega": 121.1, "M": 0.42, "D": 0.01, "R": 0.1, "sving": 0.1, "os": 1.0, "foss": 1.0, "juv": 0.0, "B": 0.43, "Q": 2.0, "w": 12.75, "h": 0.11, "S": 0.07858, "elv": "bekk", "km": 0.0}}, {"type": "Feature", "geometry": {"type": "LineString", "coordinates": [[6.97933, 59.62231], [6.98066, 59.62283]]}, "properties": {"P": 30.5, "tau": 81.47, "tau_c": 197.26, "omega": 113.43, "M": 0.41, "D": 0.04, "R": 0.1, "sving": 0.4, "os": 0.63, "foss": 1.0, "juv": 0.0, "B": 0.43, "Q": 2.01, "w": 12.75, "h": 0.11, "S": 0.07334, "elv": "bekk", "km": 0.1}}, {"type": "Feature", "geometry": {"type": "LineString", "coordinates": [[6.98066, 59.62283], [6.98131, 59.62355]]}, "properties": {"P": 25.6, "tau": 77.9, "tau_c": 191.03, "omega": 106.37, "M": 0.41, "D": 0.07, "R": 0.09, "sving": 0.23, "os": 0.41, "foss": 1.0, "juv": 0.0, "B": 0.43, "Q": 2.01, "w": 12.76, "h": 0.12, "S": 0.06878, "elv": "bekk", "km": 0.2}}, {"type": "Feature", "geometry": {"type": "LineString", "coordinates": [[6.98131, 59.62355], [6.98283, 59.62395]]}, "properties": {"P": 22.26, "tau": 73.51, "tau_c": 183.26, "omega": 97.88, "M": 0.4, "D": 0.09, "R": 0.09, "sving": 0.11, "os": 0.26, "foss": 1.0, "juv": 0.0, "B": 0.43, "Q": 2.01, "w": 12.77, "h": 0.12, "S": 0.0633, "elv": "bekk", "km": 0.3}}, {"type": "Feature", "geometry": {"type": "LineString", "coordinates": [[6.98283, 59.62395], [6.98418, 59.6245]]}, "properties": {"P": 21.75, "tau": 66.06, "tau_c": 169.73, "omega": 83.98, "M": 0.39, "D": 0.13, "R": 0.08, "sving": 0.13, "os": 0.17, "foss": 1.0, "juv": 0.0, "B": 0.43, "Q": 2.01, "w": 12.77, "h": 0.12, "S": 0.0543, "elv": "bekk", "km": 0.4}}, {"type": "Feature", "geometry": {"type": "LineString", "coordinates": [[6.98418, 59.6245], [6.98566, 59.62479]]}, "properties": {"P": 23.0, "tau": 61.61, "tau_c": 161.44, "omega": 76.0, "M": 0.38, "D": 0.16, "R": 0.07, "sving": 0.21, "os": 0.15, "foss": 1.0, "juv": 0.0, "B": 0.43, "Q": 2.01, "w": 12.77, "h": 0.13, "S": 0.04912, "elv": "bekk", "km": 0.5}}, {"type": "Feature", "geometry": {"type": "LineString", "coordinates": [[6.98566, 59.62479], [6.98687, 59.62542]]}, "properties": {"P": 26.14, "tau": 47.4, "tau_c": 133.78, "omega": 52.18, "M": 0.35, "D": 0.2, "R": 0.06, "sving": 0.36, "os": 0.21, "foss": 1.0, "juv": 0.0, "B": 0.43, "Q": 2.01, "w": 12.77, "h": 0.14, "S": 0.03373, "elv": "bekk", "km": 0.6}}, {"type": "Feature", "geometry": {"type": "LineString", "coordinates": [[6.98687, 59.62542], [6.9877, 59.62616]]}, "properties": {"P": 25.16, "tau": 42.61, "tau_c": 123.94, "omega": 44.79, "M": 0.34, "D": 0.19, "R": 0.05, "sving": 0.48, "os": 0.32, "foss": 0.72, "juv": 0.0, "B": 0.43, "Q": 2.01, "w": 12.77, "h": 0.15, "S": 0.02895, "elv": "bekk", "km": 0.7}}, {"type": "Feature", "geometry": {"type": "LineString", "coordinates": [[6.9877, 59.62616], [6.98758, 59.62698]]}, "properties": {"P": 23.55, "tau": 36.89, "tau_c": 111.78, "omega": 36.43, "M": 0.33, "D": 0.18, "R": 0.04, "sving": 0.42, "os": 0.49, "foss": 0.51, "juv": 0.0, "B": 0.43, "Q": 2.01, "w": 12.77, "h": 0.16, "S": 0.02355, "elv": "bekk", "km": 0.8}}, {"type": "Feature", "geometry": {"type": "LineString", "coordinates": [[6.92112, 59.6287], [6.9199, 59.62928]]}, "properties": {"P": 16.61, "tau": 185.94, "tau_c": 364.2, "omega": 352.24, "M": 0.51, "D": 0.0, "R": 0.2, "sving": 0.08, "os": 0.0, "foss": 1.0, "juv": 0.0, "B": 0.38, "Q": 0.85, "w": 7.43, "h": 0.06, "S": 0.31548, "elv": "bekk", "km": 1.5}}, {"type": "Feature", "geometry": {"type": "LineString", "coordinates": [[6.9199, 59.62928], [6.91977, 59.63009]]}, "properties": {"P": 16.42, "tau": 184.56, "tau_c": 364.2, "omega": 346.96, "M": 0.51, "D": 0.0, "R": 0.19, "sving": 0.06, "os": 0.0, "foss": 1.0, "juv": 0.0, "B": 0.38, "Q": 0.87, "w": 7.97, "h": 0.06, "S": 0.32259, "elv": "bekk", "km": 1.6}}, {"type": "Feature", "geometry": {"type": "LineString", "coordinates": [[6.91977, 59.63009], [6.92005, 59.63097]]}, "properties": {"P": 19.93, "tau": 190.31, "tau_c": 364.2, "omega": 359.73, "M": 0.52, "D": 0.0, "R": 0.21, "sving": 0.32, "os": 0.0, "foss": 1.0, "juv": 0.0, "B": 0.38, "Q": 0.88, "w": 8.52, "h": 0.05, "S": 0.35544, "elv": "bekk", "km": 1.7}}, {"type": "Feature", "geometry": {"type": "LineString", "coordinates": [[6.92005, 59.63097], [6.92021, 59.63185]]}, "properties": {"P": 18.16, "tau": 206.26, "tau_c": 364.2, "omega": 406.64, "M": 0.57, "D": 0.01, "R": 0.27, "sving": 0.06, "os": 0.0, "foss": 1.0, "juv": 0.0, "B": 0.38, "Q": 0.94, "w": 8.64, "h": 0.06, "S": 0.38101, "elv": "bekk", "km": 1.8}}, {"type": "Feature", "geometry": {"type": "LineString", "coordinates": [[6.92021, 59.63185], [6.92027, 59.63274]]}, "properties": {"P": 16.98, "tau": 181.87, "tau_c": 364.2, "omega": 339.16, "M": 0.5, "D": 0.03, "R": 0.19, "sving": 0.07, "os": 0.0, "foss": 1.0, "juv": 0.0, "B": 0.38, "Q": 0.95, "w": 8.8, "h": 0.06, "S": 0.32111, "elv": "bekk", "km": 1.9}}, {"type": "Feature", "geometry": {"type": "LineString", "coordinates": [[6.92027, 59.63274], [6.92039, 59.63363]]}, "properties": {"P": 16.47, "tau": 181.75, "tau_c": 364.2, "omega": 339.32, "M": 0.5, "D": 0.02, "R": 0.19, "sving": 0.02, "os": 0.0, "foss": 1.0, "juv": 0.0, "B": 0.39, "Q": 0.97, "w": 8.96, "h": 0.06, "S": 0.31827, "elv": "bekk", "km": 2.0}}, {"type": "Feature", "geometry": {"type": "LineString", "coordinates": [[6.92039, 59.63363], [6.92035, 59.63453]]}, "properties": {"P": 16.93, "tau": 184.36, "tau_c": 364.2, "omega": 349.02, "M": 0.51, "D": 0.02, "R": 0.19, "sving": 0.04, "os": 0.0, "foss": 1.0, "juv": 0.0, "B": 0.39, "Q": 1.04, "w": 9.08, "h": 0.06, "S": 0.3093, "elv": "bekk", "km": 2.1}}, {"type": "Feature", "geometry": {"type": "LineString", "coordinates": [[6.92035, 59.63453], [6.9204, 59.63542]]}, "properties": {"P": 16.94, "tau": 192.42, "tau_c": 364.2, "omega": 370.73, "M": 0.53, "D": 0.0, "R": 0.22, "sving": 0.02, "os": 0.0, "foss": 1.0, "juv": 0.0, "B": 0.39, "Q": 1.05, "w": 9.22, "h": 0.06, "S": 0.33107, "elv": "bekk", "km": 2.2}}, {"type": "Feature", "geometry": {"type": "LineString", "coordinates": [[6.9204, 59.63542], [6.92065, 59.63631]]}, "properties": {"P": 16.74, "tau": 182.79, "tau_c": 364.2, "omega": 345.03, "M": 0.5, "D": 0.01, "R": 0.19, "sving": 0.03, "os": 0.0, "foss": 1.0, "juv": 0.0, "B": 0.39, "Q": 1.08, "w": 9.34, "h": 0.06, "S": 0.30477, "elv": "bekk", "km": 2.3}}, {"type": "Feature", "geometry": {"type": "LineString", "coordinates": [[6.92065, 59.63631], [6.92068, 59.63719]]}, "properties": {"P": 17.65, "tau": 184.06, "tau_c": 364.2, "omega": 348.92, "M": 0.51, "D": 0.02, "R": 0.19, "sving": 0.09, "os": 0.0, "foss": 1.0, "juv": 0.0, "B": 0.39, "Q": 1.1, "w": 9.42, "h": 0.06, "S": 0.30534, "elv": "bekk", "km": 2.4}}, {"type": "Feature", "geometry": {"type": "LineString", "coordinates": [[6.92068, 59.63719], [6.9208, 59.63808]]}, "properties": {"P": 16.57, "tau": 178.27, "tau_c": 364.2, "omega": 333.76, "M": 0.49, "D": 0.03, "R": 0.18, "sving": 0.01, "os": 0.0, "foss": 1.0, "juv": 0.0, "B": 0.39, "Q": 1.12, "w": 9.5, "h": 0.06, "S": 0.28932, "elv": "bekk", "km": 2.5}}, {"type": "Feature", "geometry": {"type": "LineString", "coordinates": [[6.9208, 59.63808], [6.92124, 59.63895]]}, "properties": {"P": 16.33, "tau": 173.51, "tau_c": 364.2, "omega": 321.32, "M": 0.48, "D": 0.03, "R": 0.16, "sving": 0.01, "os": 0.0, "foss": 1.0, "juv": 0.0, "B": 0.4, "Q": 1.13, "w": 9.58, "h": 0.06, "S": 0.27714, "elv": "bekk", "km": 2.6}}, {"type": "Feature", "geometry": {"type": "LineString", "coordinates": [[6.92124, 59.63895], [6.92143, 59.63984]]}, "properties": {"P": 17.13, "tau": 173.79, "tau_c": 364.2, "omega": 322.2, "M": 0.48, "D": 0.04, "R": 0.16, "sving": 0.05, "os": 0.0, "foss": 1.0, "juv": 0.0, "B": 0.4, "Q": 1.14, "w": 9.66, "h": 0.06, "S": 0.27708, "elv": "bekk", "km": 2.7}}, {"type": "Feature", "geometry": {"type": "LineString", "coordinates": [[6.92143, 59.63984], [6.92142, 59.64073]]}, "properties": {"P": 18.11, "tau": 160.54, "tau_c": 359.4, "omega": 288.37, "M": 0.45, "D": 0.06, "R": 0.13, "sving": 0.1, "os": 0.06, "foss": 1.0, "juv": 0.0, "B": 0.4, "Q": 1.17, "w": 9.73, "h": 0.07, "S": 0.24346, "elv": "bekk", "km": 2.8}}, {"type": "Feature", "geometry": {"type": "LineString", "coordinates": [[6.92142, 59.64073], [6.92129, 59.64162]]}, "properties": {"P": 17.27, "tau": 151.0, "tau_c": 343.52, "omega": 264.29, "M": 0.44, "D": 0.05, "R": 0.12, "sving": 0.03, "os": 0.09, "foss": 1.0, "juv": 0.0, "B": 0.4, "Q": 1.19, "w": 9.82, "h": 0.07, "S": 0.22242, "elv": "bekk", "km": 2.9}}, {"type": "Feature", "geometry": {"type": "LineString", "coordinates": [[6.92129, 59.64162], [6.92126, 59.64252]]}, "properties": {"P": 17.52, "tau": 152.56, "tau_c": 346.25, "omega": 268.18, "M": 0.44, "D": 0.03, "R": 0.12, "sving": 0.02, "os": 0.14, "foss": 1.0, "juv": 0.0, "B": 0.4, "Q": 1.2, "w": 9.92, "h": 0.07, "S": 0.22596, "elv": "bekk", "km": 3.0}}, {"type": "Feature", "geometry": {"type": "LineString", "coordinates": [[6.92126, 59.64252], [6.92157, 59.6434]]}, "properties": {"P": 19.21, "tau": 156.09, "tau_c": 347.46, "omega": 278.25, "M": 0.45, "D": 0.02, "R": 0.13, "sving": 0.1, "os": 0.18, "foss": 1.0, "juv": 0.0, "B": 0.4, "Q": 1.25, "w": 10.01, "h": 0.07, "S": 0.22755, "elv": "bekk", "km": 3.1}}, {"type": "Feature", "geometry": {"type": "LineString", "coordinates": [[6.92157, 59.6434], [6.92165, 59.64429]]}, "properties": {"P": 19.88, "tau": 144.72, "tau_c": 327.95, "omega": 249.98, "M": 0.44, "D": 0.08, "R": 0.13, "sving": 0.07, "os": 0.2, "foss": 1.0, "juv": 0.0, "B": 0.4, "Q": 1.27, "w": 10.09, "h": 0.07, "S": 0.20272, "elv": "bekk", "km": 3.2}}, {"type": "Feature", "geometry": {"type": "LineString", "coordinates": [[6.92165, 59.64429], [6.92197, 59.64517]]}, "properties": {"P": 21.74, "tau": 142.87, "tau_c": 324.99, "omega": 245.44, "M": 0.44, "D": 0.15, "R": 0.12, "sving": 0.12, "os": 0.2, "foss": 1.0, "juv": 0.0, "B": 0.4, "Q": 1.28, "w": 10.16, "h": 0.07, "S": 0.19907, "elv": "bekk", "km": 3.3}}, {"type": "Feature", "geometry": {"type": "LineString", "coordinates": [[6.92197, 59.64517], [6.92225, 59.64605]]}, "properties": {"P": 18.57, "tau": 101.84, "tau_c": 330.36, "omega": 139.67, "M": 0.31, "D": 0.14, "R": 0.03, "sving": 0.07, "os": 0.17, "foss": 1.0, "juv": 0.0, "B": 0.4, "Q": 1.29, "w": 18.63, "h": 0.05, "S": 0.2057, "elv": "bekk", "km": 3.4}}, {"type": "Feature", "geometry": {"type": "LineString", "coordinates": [[6.94921, 59.64129], [6.94758, 59.64153]]}, "properties": {"P": 14.24, "tau": 74.64, "tau_c": 247.81, "omega": 90.68, "M": 0.3, "D": -0.0, "R": 0.03, "sving": 0.28, "os": 0.0, "foss": 1.0, "juv": 0.0, "B": 0.34, "Q": 0.51, "w": 6.43, "h": 0.07, "S": 0.11575, "elv": "bekk", "km": 1.5}}, {"type": "Feature", "geometry": {"type": "LineString", "coordinates": [[6.94758, 59.64153], [6.9461, 59.642]]}, "properties": {"P": 11.58, "tau": 80.03, "tau_c": 260.73, "omega": 100.19, "M": 0.31, "D": -0.0, "R": 0.03, "sving": 0.02, "os": 0.0, "foss": 1.0, "juv": 0.0, "B": 0.34, "Q": 0.51, "w": 6.46, "h": 0.06, "S": 0.12813, "elv": "bekk", "km": 1.6}}, {"type": "Feature", "geometry": {"type": "LineString", "coordinates": [[6.9461, 59.642], [6.94481, 59.6425]]}, "properties": {"P": 11.58, "tau": 87.76, "tau_c": 280.25, "omega": 114.15, "M": 0.31, "D": -0.0, "R": 0.03, "sving": 0.02, "os": 0.0, "foss": 1.0, "juv": 0.0, "B": 0.34, "Q": 0.52, "w": 6.56, "h": 0.06, "S": 0.14804, "elv": "bekk", "km": 1.7}}, {"type": "Feature", "geometry": {"type": "LineString", "coordinates": [[6.94481, 59.6425], [6.94378, 59.64315]]}, "properties": {"P": 12.01, "tau": 95.76, "tau_c": 300.13, "omega": 129.14, "M": 0.32, "D": -0.0, "R": 0.04, "sving": 0.05, "os": 0.0, "foss": 1.0, "juv": 0.0, "B": 0.34, "Q": 0.52, "w": 6.66, "h": 0.06, "S": 0.16978, "elv": "bekk", "km": 1.8}}, {"type": "Feature", "geometry": {"type": "LineString", "coordinates": [[6.94378, 59.64315], [6.94233, 59.6434]]}, "properties": {"P": 13.39, "tau": 117.35, "tau_c": 327.94, "omega": 175.93, "M": 0.36, "D": 0.0, "R": 0.06, "sving": 0.11, "os": 0.0, "foss": 1.0, "juv": 0.0, "B": 0.35, "Q": 0.6, "w": 6.77, "h": 0.06, "S": 0.20271, "elv": "bekk", "km": 1.9}}, {"type": "Feature", "geometry": {"type": "LineString", "coordinates": [[6.94233, 59.6434], [6.94078, 59.64376]]}, "properties": {"P": 12.38, "tau": 107.03, "tau_c": 311.75, "omega": 153.53, "M": 0.34, "D": 0.0, "R": 0.05, "sving": 0.03, "os": 0.0, "foss": 1.0, "juv": 0.0, "B": 0.35, "Q": 0.6, "w": 7.01, "h": 0.06, "S": 0.18318, "elv": "bekk", "km": 2.0}}, {"type": "Feature", "geometry": {"type": "LineString", "coordinates": [[6.94078, 59.64376], [6.93916, 59.64406]]}, "properties": {"P": 13.84, "tau": 94.7, "tau_c": 289.66, "omega": 128.3, "M": 0.33, "D": 0.0, "R": 0.04, "sving": 0.18, "os": 0.0, "foss": 1.0, "juv": 0.0, "B": 0.35, "Q": 0.6, "w": 7.25, "h": 0.06, "S": 0.15814, "elv": "bekk", "km": 2.1}}, {"type": "Feature", "geometry": {"type": "LineString", "coordinates": [[6.93916, 59.64406], [6.93819, 59.64478]]}, "properties": {"P": 16.29, "tau": 113.47, "tau_c": 306.28, "omega": 170.15, "M": 0.37, "D": 0.01, "R": 0.07, "sving": 0.3, "os": 0.0, "foss": 1.0, "juv": 0.0, "B": 0.37, "Q": 0.73, "w": 7.39, "h": 0.07, "S": 0.17681, "elv": "bekk", "km": 2.2}}, {"type": "Feature", "geometry": {"type": "LineString", "coordinates": [[6.93819, 59.64478], [6.93662, 59.64467]]}, "properties": {"P": 17.3, "tau": 126.89, "tau_c": 334.26, "omega": 199.27, "M": 0.38, "D": 0.06, "R": 0.07, "sving": 0.3, "os": 0.0, "foss": 1.0, "juv": 0.0, "B": 0.37, "Q": 0.73, "w": 7.55, "h": 0.06, "S": 0.2106, "elv": "bekk", "km": 2.3}}, {"type": "Feature", "geometry": {"type": "LineString", "coordinates": [[6.99517, 59.61206], [6.99347, 59.61228]]}, "properties": {"P": 20.04, "tau": 80.62, "tau_c": 246.13, "omega": 103.26, "M": 0.33, "D": 0.04, "R": 0.04, "sving": 0.0, "os": 0.0, "foss": 1.0, "juv": 0.0, "B": 0.57, "Q": 0.61, "w": 6.64, "h": 0.07, "S": 0.11418, "elv": "bekk", "km": 1.5}}, {"type": "Feature", "geometry": {"type": "LineString", "coordinates": [[6.99347, 59.61228], [6.99174, 59.61241]]}, "properties": {"P": 21.56, "tau": 65.16, "tau_c": 213.85, "omega": 75.86, "M": 0.3, "D": 0.09, "R": 0.03, "sving": 0.03, "os": 0.0, "foss": 1.0, "juv": 0.0, "B": 0.57, "Q": 0.62, "w": 6.86, "h": 0.08, "S": 0.0862, "elv": "bekk", "km": 1.6}}, {"type": "Feature", "geometry": {"type": "LineString", "coordinates": [[6.98774, 59.60835], [6.9873, 59.60922]]}, "properties": {"P": 12.36, "tau": 103.36, "tau_c": 339.72, "omega": 140.84, "M": 0.3, "D": 0.0, "R": 0.03, "sving": 0.07, "os": 0.09, "foss": 1.0, "juv": 0.0, "B": 0.33, "Q": 0.4, "w": 6.0, "h": 0.05, "S": 0.21752, "elv": "bekk", "km": 1.3}}, {"type": "Feature", "geometry": {"type": "LineString", "coordinates": [[6.9873, 59.60922], [6.98596, 59.60978]]}, "properties": {"P": 13.68, "tau": 106.03, "tau_c": 341.64, "omega": 146.65, "M": 0.31, "D": 0.01, "R": 0.03, "sving": 0.12, "os": 0.14, "foss": 1.0, "juv": 0.0, "B": 0.33, "Q": 0.41, "w": 6.0, "h": 0.05, "S": 0.22, "elv": "bekk", "km": 1.4}}, {"type": "Feature", "geometry": {"type": "LineString", "coordinates": [[6.98596, 59.60978], [6.98485, 59.61048]]}, "properties": {"P": 16.05, "tau": 107.51, "tau_c": 342.46, "omega": 149.95, "M": 0.31, "D": 0.05, "R": 0.03, "sving": 0.19, "os": 0.23, "foss": 1.0, "juv": 0.0, "B": 0.33, "Q": 0.41, "w": 6.0, "h": 0.05, "S": 0.22105, "elv": "bekk", "km": 1.5}}, {"type": "Feature", "geometry": {"type": "LineString", "coordinates": [[6.9824, 59.61176], [6.98152, 59.61253]]}, "properties": {"P": 28.78, "tau": 114.42, "tau_c": 265.31, "omega": 180.53, "M": 0.43, "D": 0.0, "R": 0.12, "sving": 0.18, "os": 0.96, "foss": 1.0, "juv": 0.0, "B": 0.4, "Q": 1.13, "w": 8.17, "h": 0.09, "S": 0.13267, "elv": "bekk", "km": 1.8}}, {"type": "Feature", "geometry": {"type": "LineString", "coordinates": [[6.98152, 59.61253], [6.98042, 59.61319]]}, "properties": {"P": 22.18, "tau": 104.02, "tau_c": 256.36, "omega": 156.03, "M": 0.41, "D": 0.03, "R": 0.09, "sving": 0.01, "os": 0.58, "foss": 1.0, "juv": 0.0, "B": 0.4, "Q": 1.14, "w": 8.9, "h": 0.09, "S": 0.12387, "elv": "bekk", "km": 1.9}}, {"type": "Feature", "geometry": {"type": "LineString", "coordinates": [[6.98042, 59.61319], [6.97993, 59.61402]]}, "properties": {"P": 21.02, "tau": 103.97, "tau_c": 265.04, "omega": 154.44, "M": 0.39, "D": 0.04, "R": 0.08, "sving": 0.15, "os": 0.36, "foss": 1.0, "juv": 0.0, "B": 0.4, "Q": 1.15, "w": 9.65, "h": 0.08, "S": 0.1324, "elv": "bekk", "km": 2.0}}, {"type": "Feature", "geometry": {"type": "LineString", "coordinates": [[6.97993, 59.61402], [6.97879, 59.61465]]}, "properties": {"P": 18.03, "tau": 96.53, "tau_c": 256.14, "omega": 138.11, "M": 0.38, "D": 0.04, "R": 0.07, "sving": 0.02, "os": 0.27, "foss": 1.0, "juv": 0.0, "B": 0.4, "Q": 1.15, "w": 10.13, "h": 0.08, "S": 0.12366, "elv": "bekk", "km": 2.1}}, {"type": "Feature", "geometry": {"type": "LineString", "coordinates": [[6.97879, 59.61465], [6.97742, 59.61519]]}, "properties": {"P": 22.43, "tau": 99.42, "tau_c": 264.96, "omega": 143.55, "M": 0.38, "D": 0.01, "R": 0.07, "sving": 0.25, "os": 0.43, "foss": 1.0, "juv": 0.0, "B": 0.4, "Q": 1.17, "w": 10.6, "h": 0.08, "S": 0.13232, "elv": "bekk", "km": 2.2}}, {"type": "Feature", "geometry": {"type": "LineString", "coordinates": [[6.97742, 59.61519], [6.97635, 59.6159]]}, "properties": {"P": 28.75, "tau": 129.01, "tau_c": 272.85, "omega": 219.12, "M": 0.47, "D": -0.0, "R": 0.16, "sving": 0.21, "os": 0.69, "foss": 1.0, "juv": 0.0, "B": 0.42, "Q": 1.77, "w": 11.09, "h": 0.09, "S": 0.14032, "elv": "bekk", "km": 2.3}}, {"type": "Feature", "geometry": {"type": "LineString", "coordinates": [[6.97635, 59.6159], [6.97503, 59.61638]]}, "properties": {"P": 32.74, "tau": 120.95, "tau_c": 264.5, "omega": 198.92, "M": 0.46, "D": 0.03, "R": 0.14, "sving": 0.32, "os": 0.88, "foss": 1.0, "juv": 0.0, "B": 0.43, "Q": 1.78, "w": 11.58, "h": 0.09, "S": 0.13187, "elv": "bekk", "km": 2.4}}, {"type": "Feature", "geometry": {"type": "LineString", "coordinates": [[6.97503, 59.61638], [6.97474, 59.61721]]}, "properties": {"P": 28.34, "tau": 116.21, "tau_c": 260.37, "omega": 187.17, "M": 0.45, "D": 0.04, "R": 0.13, "sving": 0.3, "os": 0.55, "foss": 1.0, "juv": 0.0, "B": 0.43, "Q": 1.8, "w": 12.07, "h": 0.09, "S": 0.12778, "elv": "bekk", "km": 2.5}}, {"type": "Feature", "geometry": {"type": "LineString", "coordinates": [[6.97474, 59.61721], [6.97463, 59.61802]]}, "properties": {"P": 27.67, "tau": 107.64, "tau_c": 246.5, "omega": 167.74, "M": 0.44, "D": 0.06, "R": 0.12, "sving": 0.42, "os": 0.37, "foss": 1.0, "juv": 0.0, "B": 0.43, "Q": 1.81, "w": 12.13, "h": 0.1, "S": 0.11452, "elv": "bekk", "km": 2.6}}, {"type": "Feature", "geometry": {"type": "LineString", "coordinates": [[6.97463, 59.61802], [6.97489, 59.61887]]}, "properties": {"P": 25.06, "tau": 110.06, "tau_c": 249.5, "omega": 173.37, "M": 0.44, "D": 0.05, "R": 0.12, "sving": 0.36, "os": 0.25, "foss": 1.0, "juv": 0.0, "B": 0.43, "Q": 1.84, "w": 12.2, "h": 0.1, "S": 0.11733, "elv": "bekk", "km": 2.7}}, {"type": "Feature", "geometry": {"type": "LineString", "coordinates": [[6.97489, 59.61887], [6.97519, 59.61975]]}, "properties": {"P": 22.69, "tau": 101.89, "tau_c": 235.67, "omega": 155.34, "M": 0.43, "D": 0.03, "R": 0.12, "sving": 0.3, "os": 0.16, "foss": 1.0, "juv": 0.0, "B": 0.43, "Q": 1.86, "w": 12.27, "h": 0.1, "S": 0.10468, "elv": "bekk", "km": 2.8}}, {"type": "Feature", "geometry": {"type": "LineString", "coordinates": [[6.97519, 59.61975], [6.97635, 59.62034]]}, "properties": {"P": 20.37, "tau": 98.36, "tau_c": 229.49, "omega": 147.75, "M": 0.43, "D": 0.01, "R": 0.11, "sving": 0.21, "os": 0.1, "foss": 1.0, "juv": 0.0, "B": 0.43, "Q": 1.87, "w": 12.35, "h": 0.1, "S": 0.09926, "elv": "bekk", "km": 2.9}}, {"type": "Feature", "geometry": {"type": "LineString", "coordinates": [[6.97635, 59.62034], [6.97751, 59.62101]]}, "properties": {"P": 21.07, "tau": 110.63, "tau_c": 247.45, "omega": 175.34, "M": 0.45, "D": 0.0, "R": 0.13, "sving": 0.27, "os": 0.08, "foss": 1.0, "juv": 0.0, "B": 0.43, "Q": 1.92, "w": 12.41, "h": 0.1, "S": 0.11541, "elv": "bekk", "km": 3.0}}, {"type": "Feature", "geometry": {"type": "LineString", "coordinates": [[7.03319, 59.63911], [7.03155, 59.6388]]}, "properties": {"P": 32.92, "tau": 287.42, "tau_c": 233.37, "omega": 875.27, "M": 1.23, "D": 0.0, "R": 0.95, "sving": 0.06, "os": 0.0, "foss": 1.0, "juv": 0.0, "B": 0.4, "Q": 24.34, "w": 28.0, "h": 0.29, "S": 0.10265, "elv": "Sandvassåna", "km": 0.0}}, {"type": "Feature", "geometry": {"type": "LineString", "coordinates": [[7.03155, 59.6388], [7.02984, 59.63885]]}, "properties": {"P": 62.94, "tau": 336.26, "tau_c": 272.57, "omega": 1082.78, "M": 1.23, "D": 0.0, "R": 0.95, "sving": 0.01, "os": 0.0, "foss": 1.0, "juv": 0.0, "B": 0.78, "Q": 24.35, "w": 30.89, "h": 0.24, "S": 0.14003, "elv": "Sandvassåna", "km": 0.1}}, {"type": "Feature", "geometry": {"type": "LineString", "coordinates": [[7.02984, 59.63885], [7.02815, 59.63861]]}, "properties": {"P": 64.95, "tau": 331.6, "tau_c": 262.04, "omega": 1070.34, "M": 1.27, "D": 0.02, "R": 0.96, "sving": 0.06, "os": 0.0, "foss": 1.0, "juv": 0.0, "B": 0.78, "Q": 24.35, "w": 28.89, "h": 0.26, "S": 0.12942, "elv": "Sandvassåna", "km": 0.2}}, {"type": "Feature", "geometry": {"type": "LineString", "coordinates": [[7.02815, 59.63861], [7.02654, 59.63828]]}, "properties": {"P": 67.14, "tau": 325.17, "tau_c": 250.31, "omega": 1049.96, "M": 1.3, "D": 0.03, "R": 0.97, "sving": 0.11, "os": 0.0, "foss": 1.0, "juv": 0.0, "B": 0.78, "Q": 24.37, "w": 26.89, "h": 0.28, "S": 0.1181, "elv": "Sandvassåna", "km": 0.3}}, {"type": "Feature", "geometry": {"type": "LineString", "coordinates": [[7.02654, 59.63828], [7.02482, 59.6381]]}, "properties": {"P": 63.91, "tau": 301.84, "tau_c": 244.65, "omega": 935.74, "M": 1.23, "D": 0.04, "R": 0.95, "sving": 0.0, "os": 0.0, "foss": 1.0, "juv": 0.0, "B": 0.78, "Q": 24.42, "w": 28.89, "h": 0.27, "S": 0.11282, "elv": "Sandvassåna", "km": 0.4}}, {"type": "Feature", "geometry": {"type": "LineString", "coordinates": [[7.02482, 59.6381], [7.02311, 59.63789]]}, "properties": {"P": 65.79, "tau": 306.06, "tau_c": 247.05, "omega": 954.59, "M": 1.24, "D": 0.06, "R": 0.95, "sving": 0.04, "os": 0.0, "foss": 1.0, "juv": 0.0, "B": 0.78, "Q": 24.43, "w": 28.89, "h": 0.27, "S": 0.11503, "elv": "Sandvassåna", "km": 0.5}}, {"type": "Feature", "geometry": {"type": "LineString", "coordinates": [[7.02311, 59.63789], [7.02141, 59.63766]]}, "properties": {"P": 70.51, "tau": 302.94, "tau_c": 225.95, "omega": 961.8, "M": 1.34, "D": 0.11, "R": 0.98, "sving": 0.12, "os": 0.0, "foss": 1.0, "juv": 0.0, "B": 0.78, "Q": 24.45, "w": 24.0, "h": 0.32, "S": 0.09623, "elv": "Sandvassåna", "km": 0.6}}, {"type": "Feature", "geometry": {"type": "LineString", "coordinates": [[7.02141, 59.63766], [7.01986, 59.63723]]}, "properties": {"P": 68.26, "tau": 213.34, "tau_c": 182.01, "omega": 576.2, "M": 1.17, "D": 0.18, "R": 0.92, "sving": 0.04, "os": 0.0, "foss": 1.0, "juv": 0.0, "B": 0.78, "Q": 24.46, "w": 26.0, "h": 0.35, "S": 0.06244, "elv": "Sandvassåna", "km": 0.7}}, {"type": "Feature", "geometry": {"type": "LineString", "coordinates": [[7.01986, 59.63723], [7.01835, 59.63678]]}, "properties": {"P": 66.19, "tau": 201.83, "tau_c": 180.38, "omega": 527.87, "M": 1.12, "D": 0.16, "R": 0.89, "sving": 0.03, "os": 0.0, "foss": 1.0, "juv": 0.0, "B": 0.78, "Q": 24.57, "w": 28.0, "h": 0.34, "S": 0.06132, "elv": "Sandvassåna", "km": 0.8}}, {"type": "Feature", "geometry": {"type": "LineString", "coordinates": [[7.01835, 59.63678], [7.01672, 59.63648]]}, "properties": {"P": 65.57, "tau": 186.02, "tau_c": 164.62, "omega": 473.59, "M": 1.13, "D": 0.14, "R": 0.89, "sving": 0.02, "os": 0.0, "foss": 1.0, "juv": 0.0, "B": 0.78, "Q": 24.57, "w": 26.0, "h": 0.37, "S": 0.05108, "elv": "Sandvassåna", "km": 0.9}}, {"type": "Feature", "geometry": {"type": "LineString", "coordinates": [[7.01672, 59.63648], [7.01506, 59.63632]]}, "properties": {"P": 62.61, "tau": 180.46, "tau_c": 168.86, "omega": 447.86, "M": 1.07, "D": 0.09, "R": 0.85, "sving": 0.04, "os": 0.0, "foss": 1.0, "juv": 0.0, "B": 0.78, "Q": 24.59, "w": 28.94, "h": 0.34, "S": 0.05374, "elv": "Sandvassåna", "km": 1.0}}, {"type": "Feature", "geometry": {"type": "LineString", "coordinates": [[7.01506, 59.63632], [7.01357, 59.63585]]}, "properties": {"P": 53.95, "tau": 162.44, "tau_c": 167.8, "omega": 377.93, "M": 0.97, "D": 0.09, "R": 0.77, "sving": 0.11, "os": 0.0, "foss": 0.72, "juv": 0.0, "B": 0.78, "Q": 24.6, "w": 33.89, "h": 0.31, "S": 0.05307, "elv": "Sandvassåna", "km": 1.1}}, {"type": "Feature", "geometry": {"type": "LineString", "coordinates": [[7.01357, 59.63585], [7.01199, 59.63547]]}, "properties": {"P": 59.76, "tau": 155.82, "tau_c": 162.65, "omega": 356.21, "M": 0.96, "D": 0.09, "R": 0.76, "sving": 0.08, "os": 0.0, "foss": 1.0, "juv": 0.0, "B": 0.78, "Q": 24.68, "w": 33.89, "h": 0.32, "S": 0.04986, "elv": "Sandvassåna", "km": 1.2}}, {"type": "Feature", "geometry": {"type": "LineString", "coordinates": [[7.01199, 59.63547], [7.01027, 59.63541]]}, "properties": {"P": 59.29, "tau": 153.73, "tau_c": 161.02, "omega": 349.4, "M": 0.95, "D": 0.06, "R": 0.75, "sving": 0.1, "os": 0.0, "foss": 1.0, "juv": 0.0, "B": 0.78, "Q": 24.7, "w": 33.89, "h": 0.32, "S": 0.04887, "elv": "Sandvassåna", "km": 1.3}}, {"type": "Feature", "geometry": {"type": "LineString", "coordinates": [[7.01027, 59.63541], [7.00864, 59.63507]]}, "properties": {"P": 47.16, "tau": 127.5, "tau_c": 140.81, "omega": 267.24, "M": 0.91, "D": 0.03, "R": 0.7, "sving": 0.01, "os": 0.0, "foss": 0.72, "juv": 0.0, "B": 0.78, "Q": 24.7, "w": 33.89, "h": 0.35, "S": 0.03737, "elv": "Sandvassåna", "km": 1.4}}, {"type": "Feature", "geometry": {"type": "LineString", "coordinates": [[7.00864, 59.63507], [7.00706, 59.63483]]}, "properties": {"P": 61.2, "tau": 153.34, "tau_c": 149.86, "omega": 354.82, "M": 1.02, "D": 0.0, "R": 0.82, "sving": 0.16, "os": 0.0, "foss": 1.0, "juv": 0.0, "B": 0.78, "Q": 24.73, "w": 28.95, "h": 0.37, "S": 0.04233, "elv": "Sandvassåna", "km": 1.5}}, {"type": "Feature", "geometry": {"type": "LineString", "coordinates": [[7.00706, 59.63483], [7.00549, 59.63449]]}, "properties": {"P": 53.79, "tau": 153.6, "tau_c": 138.04, "omega": 363.18, "M": 1.11, "D": 0.01, "R": 0.88, "sving": 0.01, "os": 0.0, "foss": 0.72, "juv": 0.0, "B": 0.78, "Q": 24.74, "w": 24.0, "h": 0.44, "S": 0.03591, "elv": "Sandvassåna", "km": 1.6}}, {"type": "Feature", "geometry": {"type": "LineString", "coordinates": [[7.00549, 59.63449], [7.00394, 59.63406]]}, "properties": {"P": 51.45, "tau": 143.87, "tau_c": 126.6, "omega": 333.51, "M": 1.14, "D": 0.04, "R": 0.9, "sving": 0.05, "os": 0.0, "foss": 0.51, "juv": 0.0, "B": 0.78, "Q": 24.76, "w": 22.0, "h": 0.49, "S": 0.03021, "elv": "Sandvassåna", "km": 1.7}}, {"type": "Feature", "geometry": {"type": "LineString", "coordinates": [[7.00394, 59.63406], [7.0023, 59.63373]]}, "properties": {"P": 63.37, "tau": 136.46, "tau_c": 121.86, "omega": 309.08, "M": 1.12, "D": 0.08, "R": 0.89, "sving": 0.03, "os": 0.0, "foss": 1.0, "juv": 0.0, "B": 0.78, "Q": 24.76, "w": 22.0, "h": 0.5, "S": 0.02799, "elv": "Sandvassåna", "km": 1.8}}, {"type": "Feature", "geometry": {"type": "LineString", "coordinates": [[7.0023, 59.63373], [7.00068, 59.63338]]}, "properties": {"P": 56.1, "tau": 125.72, "tau_c": 119.22, "omega": 272.49, "M": 1.05, "D": 0.1, "R": 0.84, "sving": 0.06, "os": 0.0, "foss": 0.72, "juv": 0.0, "B": 0.78, "Q": 24.88, "w": 24.0, "h": 0.48, "S": 0.02679, "elv": "Sandvassåna", "km": 1.9}}, {"type": "Feature", "geometry": {"type": "LineString", "coordinates": [[7.00068, 59.63338], [6.99902, 59.63308]]}, "properties": {"P": 51.0, "tau": 120.01, "tau_c": 125.45, "omega": 249.76, "M": 0.96, "D": 0.12, "R": 0.76, "sving": 0.11, "os": 0.06, "foss": 0.51, "juv": 0.0, "B": 0.78, "Q": 24.89, "w": 29.0, "h": 0.41, "S": 0.02966, "elv": "Sandvassåna", "km": 2.0}}, {"type": "Feature", "geometry": {"type": "LineString", "coordinates": [[6.99902, 59.63308], [6.99739, 59.63278]]}, "properties": {"P": 58.68, "tau": 108.87, "tau_c": 123.84, "omega": 213.97, "M": 0.88, "D": 0.14, "R": 0.67, "sving": 0.0, "os": 0.1, "foss": 1.0, "juv": 0.0, "B": 0.78, "Q": 24.9, "w": 33.0, "h": 0.38, "S": 0.02891, "elv": "Sandvassåna", "km": 2.1}}, {"type": "Feature", "geometry": {"type": "LineString", "coordinates": [[6.99739, 59.63278], [6.996, 59.63223]]}, "properties": {"P": 49.88, "tau": 91.13, "tau_c": 115.81, "omega": 163.1, "M": 0.79, "D": 0.15, "R": 0.56, "sving": 0.04, "os": 0.16, "foss": 0.72, "juv": 0.0, "B": 0.78, "Q": 24.99, "w": 38.0, "h": 0.37, "S": 0.02528, "elv": "Sandvassåna", "km": 2.2}}, {"type": "Feature", "geometry": {"type": "LineString", "coordinates": [[6.996, 59.63223], [6.99439, 59.63187]]}, "properties": {"P": 49.15, "tau": 83.57, "tau_c": 112.52, "omega": 142.73, "M": 0.74, "D": 0.13, "R": 0.5, "sving": 0.24, "os": 0.25, "foss": 0.51, "juv": 0.0, "B": 0.78, "Q": 25.0, "w": 41.0, "h": 0.36, "S": 0.02386, "elv": "Sandvassåna", "km": 2.3}}, {"type": "Feature", "geometry": {"type": "LineString", "coordinates": [[6.99439, 59.63187], [6.99281, 59.63148]]}, "properties": {"P": 45.82, "tau": 83.63, "tau_c": 116.09, "omega": 141.61, "M": 0.72, "D": 0.11, "R": 0.47, "sving": 0.16, "os": 0.42, "foss": 0.37, "juv": 0.0, "B": 0.78, "Q": 25.0, "w": 44.0, "h": 0.34, "S": 0.0254, "elv": "Sandvassåna", "km": 2.4}}, {"type": "Feature", "geometry": {"type": "LineString", "coordinates": [[6.99281, 59.63148], [6.99184, 59.63074]]}, "properties": {"P": 41.77, "tau": 77.03, "tau_c": 109.45, "omega": 125.87, "M": 0.7, "D": 0.1, "R": 0.45, "sving": 0.17, "os": 0.67, "foss": 0.0, "juv": 0.0, "B": 0.78, "Q": 25.0, "w": 44.0, "h": 0.35, "S": 0.02258, "elv": "Sandvassåna", "km": 2.5}}, {"type": "Feature", "geometry": {"type": "LineString", "coordinates": [[6.99184, 59.63074], [6.99103, 59.62995]]}, "properties": {"P": 48.46, "tau": 63.92, "tau_c": 97.26, "omega": 95.93, "M": 0.66, "D": 0.07, "R": 0.39, "sving": 0.35, "os": 0.89, "foss": 0.0, "juv": 0.0, "B": 0.78, "Q": 25.01, "w": 45.59, "h": 0.37, "S": 0.01783, "elv": "Sandvassåna", "km": 2.6}}, {"type": "Feature", "geometry": {"type": "LineString", "coordinates": [[6.99103, 59.62995], [6.98993, 59.62929]]}, "properties": {"P": 31.25, "tau": 70.05, "tau_c": 104.43, "omega": 109.2, "M": 0.67, "D": 0.04, "R": 0.41, "sving": 0.01, "os": 0.55, "foss": 0.0, "juv": 0.0, "B": 0.78, "Q": 25.01, "w": 46.18, "h": 0.35, "S": 0.02056, "elv": "Sandvassåna", "km": 2.7}}, {"type": "Feature", "geometry": {"type": "LineString", "coordinates": [[6.98993, 59.62929], [6.98963, 59.6285]]}, "properties": {"P": 36.92, "tau": 73.86, "tau_c": 103.3, "omega": 119.62, "M": 0.71, "D": 0.01, "R": 0.47, "sving": 0.03, "os": 0.68, "foss": 0.0, "juv": 0.0, "B": 0.79, "Q": 28.35, "w": 46.76, "h": 0.37, "S": 0.02011, "elv": "Sandvassåna", "km": 2.8}}, {"type": "Feature", "geometry": {"type": "LineString", "coordinates": [[6.98963, 59.6285], [6.98871, 59.62774]]}, "properties": {"P": 68.32, "tau": 73.2, "tau_c": 103.17, "omega": 117.92, "M": 0.71, "D": 0.0, "R": 0.46, "sving": 0.07, "os": 0.93, "foss": 1.0, "juv": 0.0, "B": 0.79, "Q": 28.37, "w": 47.35, "h": 0.37, "S": 0.02006, "elv": "Sandvassåna", "km": 2.9}}, {"type": "Feature", "geometry": {"type": "LineString", "coordinates": [[6.9579, 59.6187], [6.95952, 59.61894]]}, "properties": {"P": 15.9, "tau": 88.53, "tau_c": 263.5, "omega": 118.05, "M": 0.34, "D": 0.0, "R": 0.04, "sving": 0.29, "os": 0.0, "foss": 1.0, "juv": 0.0, "B": 0.37, "Q": 0.61, "w": 6.64, "h": 0.07, "S": 0.13087, "elv": "Gamlestølbekken", "km": 0.9}}, {"type": "Feature", "geometry": {"type": "LineString", "coordinates": [[6.95952, 59.61894], [6.96077, 59.61957]]}, "properties": {"P": 12.78, "tau": 110.04, "tau_c": 310.73, "omega": 160.86, "M": 0.35, "D": 0.0, "R": 0.06, "sving": 0.0, "os": 0.0, "foss": 1.0, "juv": 0.0, "B": 0.37, "Q": 0.62, "w": 6.85, "h": 0.06, "S": 0.18199, "elv": "Gamlestølbekken", "km": 1.0}}, {"type": "Feature", "geometry": {"type": "LineString", "coordinates": [[6.96077, 59.61957], [6.96199, 59.62017]]}, "properties": {"P": 15.72, "tau": 117.84, "tau_c": 330.62, "omega": 176.77, "M": 0.36, "D": 0.0, "R": 0.06, "sving": 0.25, "os": 0.0, "foss": 1.0, "juv": 0.0, "B": 0.37, "Q": 0.62, "w": 7.07, "h": 0.06, "S": 0.20603, "elv": "Gamlestølbekken", "km": 1.1}}, {"type": "Feature", "geometry": {"type": "LineString", "coordinates": [[6.96199, 59.62017], [6.96279, 59.6209]]}, "properties": {"P": 15.29, "tau": 116.13, "tau_c": 328.84, "omega": 172.86, "M": 0.35, "D": 0.0, "R": 0.05, "sving": 0.22, "os": 0.0, "foss": 1.0, "juv": 0.0, "B": 0.37, "Q": 0.62, "w": 7.16, "h": 0.06, "S": 0.20382, "elv": "Gamlestølbekken", "km": 1.2}}, {"type": "Feature", "geometry": {"type": "LineString", "coordinates": [[6.96279, 59.6209], [6.96377, 59.62161]]}, "properties": {"P": 16.14, "tau": 119.37, "tau_c": 337.91, "omega": 179.42, "M": 0.35, "D": 0.0, "R": 0.05, "sving": 0.29, "os": 0.0, "foss": 1.0, "juv": 0.0, "B": 0.37, "Q": 0.62, "w": 7.3, "h": 0.06, "S": 0.21522, "elv": "Gamlestølbekken", "km": 1.3}}, {"type": "Feature", "geometry": {"type": "LineString", "coordinates": [[6.96377, 59.62161], [6.96413, 59.62248]]}, "properties": {"P": 18.2, "tau": 118.43, "tau_c": 323.07, "omega": 179.65, "M": 0.37, "D": 0.05, "R": 0.06, "sving": 0.36, "os": 0.0, "foss": 1.0, "juv": 0.0, "B": 0.38, "Q": 0.69, "w": 7.44, "h": 0.06, "S": 0.19672, "elv": "Gamlestølbekken", "km": 1.4}}, {"type": "Feature", "geometry": {"type": "LineString", "coordinates": [[6.96413, 59.62248], [6.96421, 59.62337]]}, "properties": {"P": 17.23, "tau": 111.4, "tau_c": 303.92, "omega": 165.5, "M": 0.37, "D": 0.13, "R": 0.06, "sving": 0.16, "os": 0.0, "foss": 1.0, "juv": 0.0, "B": 0.39, "Q": 0.74, "w": 7.64, "h": 0.07, "S": 0.1741, "elv": "Gamlestølbekken", "km": 1.5}}, {"type": "Feature", "geometry": {"type": "LineString", "coordinates": [[6.96421, 59.62337], [6.96346, 59.62415]]}, "properties": {"P": 19.36, "tau": 83.05, "tau_c": 247.17, "omega": 108.55, "M": 0.34, "D": 0.22, "R": 0.04, "sving": 0.24, "os": 0.0, "foss": 1.0, "juv": 0.0, "B": 0.39, "Q": 0.75, "w": 7.85, "h": 0.07, "S": 0.11515, "elv": "Gamlestølbekken", "km": 1.6}}, {"type": "Feature", "geometry": {"type": "LineString", "coordinates": [[6.96346, 59.62415], [6.96378, 59.62496]]}, "properties": {"P": 21.69, "tau": 64.88, "tau_c": 202.67, "omega": 76.71, "M": 0.32, "D": 0.25, "R": 0.04, "sving": 0.38, "os": 0.0, "foss": 1.0, "juv": 0.0, "B": 0.39, "Q": 0.81, "w": 7.98, "h": 0.09, "S": 0.07742, "elv": "Gamlestølbekken", "km": 1.7}}, {"type": "Feature", "geometry": {"type": "LineString", "coordinates": [[6.96378, 59.62496], [6.96495, 59.6255]]}, "properties": {"P": 20.28, "tau": 57.62, "tau_c": 186.29, "omega": 64.7, "M": 0.31, "D": 0.24, "R": 0.03, "sving": 0.56, "os": 0.0, "foss": 0.72, "juv": 0.0, "B": 0.39, "Q": 0.81, "w": 8.05, "h": 0.09, "S": 0.06541, "elv": "Gamlestølbekken", "km": 1.8}}, {"type": "Feature", "geometry": {"type": "LineString", "coordinates": [[6.97051, 59.62718], [6.97211, 59.62752]]}, "properties": {"P": 11.87, "tau": 48.28, "tau_c": 160.78, "omega": 50.57, "M": 0.3, "D": 0.06, "R": 0.03, "sving": 0.11, "os": 0.2, "foss": 0.51, "juv": 0.0, "B": 0.4, "Q": 0.91, "w": 8.57, "h": 0.1, "S": 0.04872, "elv": "Gamlestølbekken", "km": 2.3}}, {"type": "Feature", "geometry": {"type": "LineString", "coordinates": [[7.01278, 59.68191], [7.01106, 59.68182]]}, "properties": {"P": 16.46, "tau": 87.04, "tau_c": 284.3, "omega": 112.01, "M": 0.31, "D": 0.0, "R": 0.03, "sving": 0.51, "os": 0.0, "foss": 1.0, "juv": 0.0, "B": 0.34, "Q": 0.46, "w": 6.12, "h": 0.06, "S": 0.15234, "elv": "bekk", "km": 0.7}}, {"type": "Feature", "geometry": {"type": "LineString", "coordinates": [[7.01106, 59.68182], [7.00966, 59.6815]]}, "properties": {"P": 13.4, "tau": 92.3, "tau_c": 296.56, "omega": 121.85, "M": 0.31, "D": 0.01, "R": 0.03, "sving": 0.2, "os": 0.0, "foss": 1.0, "juv": 0.0, "B": 0.34, "Q": 0.47, "w": 6.23, "h": 0.06, "S": 0.16577, "elv": "bekk", "km": 0.8}}, {"type": "Feature", "geometry": {"type": "LineString", "coordinates": [[7.00966, 59.6815], [7.00826, 59.68121]]}, "properties": {"P": 15.75, "tau": 98.11, "tau_c": 302.8, "omega": 133.99, "M": 0.32, "D": 0.06, "R": 0.04, "sving": 0.33, "os": 0.0, "foss": 1.0, "juv": 0.0, "B": 0.34, "Q": 0.5, "w": 6.34, "h": 0.06, "S": 0.17282, "elv": "bekk", "km": 0.9}}, {"type": "Feature", "geometry": {"type": "LineString", "coordinates": [[7.00826, 59.68121], [7.00699, 59.68117]]}, "properties": {"P": 13.18, "tau": 79.5, "tau_c": 256.77, "omega": 99.57, "M": 0.31, "D": 0.1, "R": 0.03, "sving": 0.04, "os": 0.0, "foss": 1.0, "juv": 0.0, "B": 0.35, "Q": 0.53, "w": 6.48, "h": 0.07, "S": 0.12427, "elv": "bekk", "km": 1.0}}, {"type": "Feature", "geometry": {"type": "LineString", "coordinates": [[7.00583, 59.68173], [7.00431, 59.68147]]}, "properties": {"P": 13.75, "tau": 78.72, "tau_c": 250.9, "omega": 98.69, "M": 0.31, "D": 0.04, "R": 0.03, "sving": 0.14, "os": 0.0, "foss": 1.0, "juv": 0.0, "B": 0.35, "Q": 0.57, "w": 6.69, "h": 0.07, "S": 0.11865, "elv": "bekk", "km": 1.2}}, {"type": "Feature", "geometry": {"type": "LineString", "coordinates": [[7.00431, 59.68147], [7.00271, 59.68157]]}, "properties": {"P": 12.13, "tau": 76.6, "tau_c": 246.65, "omega": 94.85, "M": 0.31, "D": 0.04, "R": 0.03, "sving": 0.0, "os": 0.0, "foss": 1.0, "juv": 0.0, "B": 0.35, "Q": 0.57, "w": 6.74, "h": 0.07, "S": 0.11467, "elv": "bekk", "km": 1.3}}, {"type": "Feature", "geometry": {"type": "LineString", "coordinates": [[7.00271, 59.68157], [7.00112, 59.68182]]}, "properties": {"P": 15.79, "tau": 69.15, "tau_c": 229.95, "omega": 81.84, "M": 0.3, "D": 0.03, "R": 0.03, "sving": 0.35, "os": 0.0, "foss": 1.0, "juv": 0.0, "B": 0.35, "Q": 0.57, "w": 6.78, "h": 0.07, "S": 0.09966, "elv": "bekk", "km": 1.4}}, {"type": "Feature", "geometry": {"type": "LineString", "coordinates": [[7.00009, 59.68232], [6.99875, 59.68279]]}, "properties": {"P": 12.09, "tau": 77.16, "tau_c": 248.51, "omega": 95.78, "M": 0.31, "D": 0.0, "R": 0.03, "sving": 0.05, "os": 0.0, "foss": 1.0, "juv": 0.0, "B": 0.35, "Q": 0.57, "w": 6.79, "h": 0.07, "S": 0.1164, "elv": "bekk", "km": 1.6}}, {"type": "Feature", "geometry": {"type": "LineString", "coordinates": [[6.99875, 59.68279], [6.99733, 59.68323]]}, "properties": {"P": 13.0, "tau": 121.42, "tau_c": 343.73, "omega": 183.44, "M": 0.35, "D": 0.0, "R": 0.05, "sving": 0.09, "os": 0.0, "foss": 1.0, "juv": 0.0, "B": 0.35, "Q": 0.57, "w": 6.8, "h": 0.06, "S": 0.22269, "elv": "bekk", "km": 1.7}}, {"type": "Feature", "geometry": {"type": "LineString", "coordinates": [[6.99733, 59.68323], [6.99583, 59.68358]]}, "properties": {"P": 12.91, "tau": 144.58, "tau_c": 364.2, "omega": 235.56, "M": 0.4, "D": 0.0, "R": 0.09, "sving": 0.03, "os": 0.0, "foss": 1.0, "juv": 0.0, "B": 0.35, "Q": 0.57, "w": 6.8, "h": 0.05, "S": 0.28605, "elv": "bekk", "km": 1.8}}, {"type": "Feature", "geometry": {"type": "LineString", "coordinates": [[6.99583, 59.68358], [6.9945, 59.68396]]}, "properties": {"P": 14.48, "tau": 178.22, "tau_c": 364.2, "omega": 317.83, "M": 0.49, "D": 0.0, "R": 0.18, "sving": 0.03, "os": 0.0, "foss": 1.0, "juv": 0.0, "B": 0.35, "Q": 0.57, "w": 6.8, "h": 0.05, "S": 0.38601, "elv": "bekk", "km": 1.9}}, {"type": "Feature", "geometry": {"type": "LineString", "coordinates": [[6.9945, 59.68396], [6.9932, 59.6845]]}, "properties": {"P": 16.76, "tau": 192.48, "tau_c": 364.2, "omega": 354.86, "M": 0.53, "D": 0.0, "R": 0.22, "sving": 0.1, "os": 0.06, "foss": 1.0, "juv": 0.0, "B": 0.35, "Q": 0.57, "w": 6.8, "h": 0.05, "S": 0.43099, "elv": "bekk", "km": 2.0}}, {"type": "Feature", "geometry": {"type": "LineString", "coordinates": [[6.9932, 59.6845], [6.9918, 59.68501]]}, "properties": {"P": 17.92, "tau": 199.96, "tau_c": 364.2, "omega": 374.76, "M": 0.55, "D": 0.07, "R": 0.25, "sving": 0.05, "os": 0.08, "foss": 1.0, "juv": 0.0, "B": 0.35, "Q": 0.57, "w": 6.8, "h": 0.04, "S": 0.45516, "elv": "bekk", "km": 2.1}}, {"type": "Feature", "geometry": {"type": "LineString", "coordinates": [[6.9918, 59.68501], [6.99048, 59.68557]]}, "properties": {"P": 23.97, "tau": 187.5, "tau_c": 364.2, "omega": 341.79, "M": 0.51, "D": 0.19, "R": 0.2, "sving": 0.47, "os": 0.12, "foss": 1.0, "juv": 0.0, "B": 0.35, "Q": 0.57, "w": 6.8, "h": 0.05, "S": 0.41511, "elv": "bekk", "km": 2.2}}, {"type": "Feature", "geometry": {"type": "LineString", "coordinates": [[6.9877, 59.68551], [6.98608, 59.68534]]}, "properties": {"P": 46.32, "tau": 308.91, "tau_c": 275.81, "omega": 935.1, "M": 1.12, "D": 0.0, "R": 0.89, "sving": 0.3, "os": 0.32, "foss": 0.51, "juv": 0.0, "B": 0.57, "Q": 16.33, "w": 24.57, "h": 0.22, "S": 0.14338, "elv": "bekk", "km": 2.5}}, {"type": "Feature", "geometry": {"type": "LineString", "coordinates": [[7.01133, 59.6975], [7.0096, 59.69752]]}, "properties": {"P": 24.12, "tau": 160.11, "tau_c": 364.2, "omega": 273.49, "M": 0.44, "D": 0.0, "R": 0.12, "sving": 0.17, "os": 0.0, "foss": 1.0, "juv": 0.0, "B": 0.56, "Q": 0.55, "w": 6.43, "h": 0.05, "S": 0.32315, "elv": "bekk", "km": 0.6}}, {"type": "Feature", "geometry": {"type": "LineString", "coordinates": [[7.0096, 59.69752], [7.00793, 59.69759]]}, "properties": {"P": 27.53, "tau": 144.79, "tau_c": 364.2, "omega": 236.25, "M": 0.4, "D": 0.02, "R": 0.09, "sving": 0.39, "os": 0.0, "foss": 1.0, "juv": 0.0, "B": 0.56, "Q": 0.56, "w": 6.57, "h": 0.05, "S": 0.28445, "elv": "bekk", "km": 0.7}}, {"type": "Feature", "geometry": {"type": "LineString", "coordinates": [[7.00793, 59.69759], [7.00629, 59.69736]]}, "properties": {"P": 30.14, "tau": 142.36, "tau_c": 364.2, "omega": 230.0, "M": 0.39, "D": 0.06, "R": 0.08, "sving": 0.5, "os": 0.0, "foss": 1.0, "juv": 0.0, "B": 0.56, "Q": 0.56, "w": 6.71, "h": 0.05, "S": 0.28257, "elv": "bekk", "km": 0.8}}, {"type": "Feature", "geometry": {"type": "LineString", "coordinates": [[7.00629, 59.69736], [7.00569, 59.698]]}, "properties": {"P": 27.85, "tau": 138.45, "tau_c": 364.2, "omega": 220.99, "M": 0.38, "D": 0.08, "R": 0.07, "sving": 0.35, "os": 0.0, "foss": 1.0, "juv": 0.0, "B": 0.56, "Q": 0.56, "w": 6.72, "h": 0.05, "S": 0.27177, "elv": "bekk", "km": 0.9}}, {"type": "Feature", "geometry": {"type": "LineString", "coordinates": [[7.00569, 59.698], [7.00532, 59.69886]]}, "properties": {"P": 23.38, "tau": 113.15, "tau_c": 328.47, "omega": 165.53, "M": 0.34, "D": 0.06, "R": 0.05, "sving": 0.17, "os": 0.0, "foss": 1.0, "juv": 0.0, "B": 0.56, "Q": 0.56, "w": 6.73, "h": 0.06, "S": 0.20336, "elv": "bekk", "km": 1.0}}, {"type": "Feature", "geometry": {"type": "LineString", "coordinates": [[7.00532, 59.69886], [7.00448, 59.69955]]}, "properties": {"P": 25.1, "tau": 124.54, "tau_c": 351.45, "omega": 189.99, "M": 0.35, "D": 0.02, "R": 0.06, "sving": 0.3, "os": 0.0, "foss": 1.0, "juv": 0.0, "B": 0.56, "Q": 0.56, "w": 6.73, "h": 0.05, "S": 0.23281, "elv": "bekk", "km": 1.1}}, {"type": "Feature", "geometry": {"type": "LineString", "coordinates": [[7.00448, 59.69955], [7.00314, 59.69968]]}, "properties": {"P": 33.79, "tau": 164.18, "tau_c": 364.2, "omega": 282.12, "M": 0.45, "D": -0.0, "R": 0.13, "sving": 0.63, "os": 0.06, "foss": 1.0, "juv": 0.0, "B": 0.56, "Q": 0.56, "w": 6.75, "h": 0.05, "S": 0.3467, "elv": "bekk", "km": 1.2}}, {"type": "Feature", "geometry": {"type": "LineString", "coordinates": [[7.00314, 59.69968], [7.00158, 59.69994]]}, "properties": {"P": 29.99, "tau": 184.87, "tau_c": 364.2, "omega": 334.03, "M": 0.51, "D": 0.02, "R": 0.2, "sving": 0.27, "os": 0.08, "foss": 1.0, "juv": 0.0, "B": 0.56, "Q": 0.56, "w": 6.82, "h": 0.05, "S": 0.41389, "elv": "bekk", "km": 1.3}}, {"type": "Feature", "geometry": {"type": "LineString", "coordinates": [[7.00158, 59.69994], [7.00009, 59.69968]]}, "properties": {"P": 29.27, "tau": 192.58, "tau_c": 364.2, "omega": 354.79, "M": 0.53, "D": 0.07, "R": 0.22, "sving": 0.07, "os": 0.12, "foss": 1.0, "juv": 0.0, "B": 0.57, "Q": 0.57, "w": 6.88, "h": 0.05, "S": 0.43408, "elv": "bekk", "km": 1.4}}, {"type": "Feature", "geometry": {"type": "LineString", "coordinates": [[7.00009, 59.69968], [6.9985, 59.69993]]}, "properties": {"P": 26.43, "tau": 151.73, "tau_c": 364.2, "omega": 235.55, "M": 0.42, "D": 0.07, "R": 0.1, "sving": 0.02, "os": 0.19, "foss": 1.0, "juv": 0.0, "B": 0.57, "Q": 0.61, "w": 12.34, "h": 0.03, "S": 0.48212, "elv": "bekk", "km": 1.5}}, {"type": "Feature", "geometry": {"type": "LineString", "coordinates": [[6.9985, 59.69993], [6.99711, 59.7002]]}, "properties": {"P": 32.54, "tau": 135.1, "tau_c": 364.2, "omega": 189.69, "M": 0.37, "D": 0.05, "R": 0.07, "sving": 0.35, "os": 0.28, "foss": 1.0, "juv": 0.0, "B": 0.57, "Q": 0.62, "w": 17.8, "h": 0.02, "S": 0.55919, "elv": "bekk", "km": 1.6}}, {"type": "Feature", "geometry": {"type": "LineString", "coordinates": [[6.92041, 59.68031], [6.92085, 59.67946]]}, "properties": {"P": 13.88, "tau": 111.8, "tau_c": 364.2, "omega": 140.3, "M": 0.31, "D": 0.0, "R": 0.03, "sving": 0.16, "os": 0.24, "foss": 1.0, "juv": 0.0, "B": 0.31, "Q": 0.17, "w": 6.0, "h": 0.02, "S": 0.50483, "elv": "bekk", "km": 0.4}}, {"type": "Feature", "geometry": {"type": "LineString", "coordinates": [[6.92085, 59.67946], [6.92128, 59.6786]]}, "properties": {"P": 13.89, "tau": 115.56, "tau_c": 364.2, "omega": 149.02, "M": 0.32, "D": 0.0, "R": 0.04, "sving": 0.04, "os": 0.35, "foss": 1.0, "juv": 0.0, "B": 0.31, "Q": 0.19, "w": 6.0, "h": 0.02, "S": 0.48831, "elv": "bekk", "km": 0.5}}, {"type": "Feature", "geometry": {"type": "LineString", "coordinates": [[6.92128, 59.6786], [6.92121, 59.67775]]}, "properties": {"P": 14.69, "tau": 111.14, "tau_c": 364.2, "omega": 142.62, "M": 0.31, "D": 0.01, "R": 0.03, "sving": 0.02, "os": 0.46, "foss": 1.0, "juv": 0.0, "B": 0.31, "Q": 0.2, "w": 6.0, "h": 0.03, "S": 0.42904, "elv": "bekk", "km": 0.6}}, {"type": "Feature", "geometry": {"type": "LineString", "coordinates": [[6.92121, 59.67775], [6.92143, 59.67687]]}, "properties": {"P": 20.51, "tau": 121.06, "tau_c": 364.2, "omega": 168.15, "M": 0.33, "D": 0.03, "R": 0.04, "sving": 0.46, "os": 0.53, "foss": 1.0, "juv": 0.0, "B": 0.31, "Q": 0.28, "w": 6.0, "h": 0.03, "S": 0.37221, "elv": "bekk", "km": 0.7}}, {"type": "Feature", "geometry": {"type": "LineString", "coordinates": [[6.92542, 59.67902], [6.92595, 59.6782]]}, "properties": {"P": 13.11, "tau": 111.07, "tau_c": 364.2, "omega": 145.05, "M": 0.3, "D": 0.0, "R": 0.03, "sving": 0.15, "os": 0.14, "foss": 1.0, "juv": 0.0, "B": 0.31, "Q": 0.23, "w": 6.0, "h": 0.03, "S": 0.38357, "elv": "bekk", "km": 0.0}}, {"type": "Feature", "geometry": {"type": "LineString", "coordinates": [[6.92595, 59.6782], [6.92671, 59.67749]]}, "properties": {"P": 12.77, "tau": 115.82, "tau_c": 364.2, "omega": 155.5, "M": 0.32, "D": 0.0, "R": 0.04, "sving": 0.1, "os": 0.15, "foss": 1.0, "juv": 0.0, "B": 0.31, "Q": 0.25, "w": 6.0, "h": 0.03, "S": 0.38357, "elv": "bekk", "km": 0.1}}, {"type": "Feature", "geometry": {"type": "LineString", "coordinates": [[6.92671, 59.67749], [6.92758, 59.67673]]}, "properties": {"P": 13.61, "tau": 120.45, "tau_c": 364.2, "omega": 165.95, "M": 0.33, "D": 0.0, "R": 0.04, "sving": 0.1, "os": 0.22, "foss": 1.0, "juv": 0.0, "B": 0.31, "Q": 0.26, "w": 6.0, "h": 0.03, "S": 0.38357, "elv": "bekk", "km": 0.2}}, {"type": "Feature", "geometry": {"type": "LineString", "coordinates": [[7.0417, 59.74378], [7.04153, 59.74291]]}, "properties": {"P": 19.29, "tau": 43.59, "tau_c": 92.62, "omega": 51.35, "M": 0.47, "D": 0.0, "R": 0.15, "sving": 0.22, "os": 0.38, "foss": 0.0, "juv": 0.0, "B": 0.71, "Q": 8.54, "w": 26.38, "h": 0.27, "S": 0.01617, "elv": "Kvanndalsåna", "km": 0.0}}, {"type": "Feature", "geometry": {"type": "LineString", "coordinates": [[7.04153, 59.74291], [7.04099, 59.74211]]}, "properties": {"P": 18.03, "tau": 47.81, "tau_c": 99.11, "omega": 58.61, "M": 0.48, "D": 0.02, "R": 0.17, "sving": 0.28, "os": 0.24, "foss": 0.0, "juv": 0.0, "B": 0.71, "Q": 8.54, "w": 26.47, "h": 0.26, "S": 0.01851, "elv": "Kvanndalsåna", "km": 0.1}}, {"type": "Feature", "geometry": {"type": "LineString", "coordinates": [[7.04099, 59.74211], [7.04033, 59.74133]]}, "properties": {"P": 12.91, "tau": 43.81, "tau_c": 91.97, "omega": 51.9, "M": 0.48, "D": 0.06, "R": 0.16, "sving": 0.08, "os": 0.15, "foss": 0.0, "juv": 0.0, "B": 0.71, "Q": 8.81, "w": 26.55, "h": 0.28, "S": 0.01594, "elv": "Kvanndalsåna", "km": 0.2}}, {"type": "Feature", "geometry": {"type": "LineString", "coordinates": [[7.04033, 59.74133], [7.03934, 59.74067]]}, "properties": {"P": 15.52, "tau": 38.51, "tau_c": 83.96, "omega": 43.12, "M": 0.46, "D": 0.13, "R": 0.14, "sving": 0.19, "os": 0.09, "foss": 0.0, "juv": 0.0, "B": 0.71, "Q": 8.81, "w": 26.63, "h": 0.3, "S": 0.01329, "elv": "Kvanndalsåna", "km": 0.3}}, {"type": "Feature", "geometry": {"type": "LineString", "coordinates": [[7.03934, 59.74067], [7.03882, 59.73988]]}, "properties": {"P": 14.82, "tau": 35.22, "tau_c": 78.96, "omega": 37.91, "M": 0.45, "D": 0.19, "R": 0.13, "sving": 0.1, "os": 0.11, "foss": 0.0, "juv": 0.0, "B": 0.71, "Q": 8.81, "w": 26.79, "h": 0.31, "S": 0.01175, "elv": "Kvanndalsåna", "km": 0.4}}, {"type": "Feature", "geometry": {"type": "LineString", "coordinates": [[7.03882, 59.73988], [7.03752, 59.73929]]}, "properties": {"P": 14.35, "tau": 25.15, "tau_c": 62.1, "omega": 23.39, "M": 0.41, "D": 0.23, "R": 0.09, "sving": 0.02, "os": 0.17, "foss": 0.0, "juv": 0.0, "B": 0.7, "Q": 8.81, "w": 26.86, "h": 0.35, "S": 0.00727, "elv": "Kvanndalsåna", "km": 0.5}}, {"type": "Feature", "geometry": {"type": "LineString", "coordinates": [[7.03752, 59.73929], [7.03729, 59.73849]]}, "properties": {"P": 19.16, "tau": 23.21, "tau_c": 58.02, "omega": 20.9, "M": 0.4, "D": 0.21, "R": 0.09, "sving": 0.17, "os": 0.27, "foss": 0.0, "juv": 0.0, "B": 0.7, "Q": 9.05, "w": 26.95, "h": 0.37, "S": 0.00634, "elv": "Kvanndalsåna", "km": 0.6}}, {"type": "Feature", "geometry": {"type": "LineString", "coordinates": [[7.03729, 59.73849], [7.03633, 59.73775]]}, "properties": {"P": 23.47, "tau": 19.81, "tau_c": 51.87, "omega": 16.65, "M": 0.38, "D": 0.19, "R": 0.07, "sving": 0.29, "os": 0.4, "foss": 0.0, "juv": 0.0, "B": 0.7, "Q": 9.05, "w": 27.05, "h": 0.4, "S": 0.00507, "elv": "Kvanndalsåna", "km": 0.7}}, {"type": "Feature", "geometry": {"type": "LineString", "coordinates": [[7.03633, 59.73775], [7.03516, 59.73714]]}, "properties": {"P": 24.1, "tau": 17.17, "tau_c": 46.78, "omega": 13.55, "M": 0.37, "D": 0.12, "R": 0.06, "sving": 0.18, "os": 0.65, "foss": 0.0, "juv": 0.0, "B": 0.7, "Q": 9.11, "w": 27.2, "h": 0.42, "S": 0.00413, "elv": "Kvanndalsåna", "km": 0.8}}, {"type": "Feature", "geometry": {"type": "LineString", "coordinates": [[7.03516, 59.73714], [7.03504, 59.73625]]}, "properties": {"P": 23.96, "tau": 17.16, "tau_c": 46.78, "omega": 13.54, "M": 0.37, "D": 0.07, "R": 0.06, "sving": 0.0, "os": 0.89, "foss": 0.0, "juv": 0.0, "B": 0.7, "Q": 9.14, "w": 27.31, "h": 0.42, "S": 0.00413, "elv": "Kvanndalsåna", "km": 0.9}}, {"type": "Feature", "geometry": {"type": "LineString", "coordinates": [[7.03504, 59.73625], [7.03408, 59.73557]]}, "properties": {"P": 18.46, "tau": 17.34, "tau_c": 46.78, "omega": 13.78, "M": 0.37, "D": 0.05, "R": 0.07, "sving": 0.12, "os": 0.55, "foss": 0.0, "juv": 0.0, "B": 0.7, "Q": 9.34, "w": 27.43, "h": 0.43, "S": 0.00413, "elv": "Kvanndalsåna", "km": 1.0}}, {"type": "Feature", "geometry": {"type": "LineString", "coordinates": [[7.03408, 59.73557], [7.03313, 59.73484]]}, "properties": {"P": 20.44, "tau": 17.33, "tau_c": 46.78, "omega": 13.77, "M": 0.37, "D": 0.15, "R": 0.07, "sving": 0.27, "os": 0.36, "foss": 0.0, "juv": 0.0, "B": 0.7, "Q": 9.41, "w": 27.65, "h": 0.43, "S": 0.00413, "elv": "Kvanndalsåna", "km": 1.1}}, {"type": "Feature", "geometry": {"type": "LineString", "coordinates": [[7.03313, 59.73484], [7.03237, 59.73404]]}, "properties": {"P": 16.73, "tau": 13.79, "tau_c": 39.78, "omega": 9.91, "M": 0.35, "D": 0.33, "R": 0.05, "sving": 0.02, "os": 0.22, "foss": 0.0, "juv": 0.0, "B": 0.7, "Q": 9.44, "w": 27.88, "h": 0.47, "S": 0.00298, "elv": "Kvanndalsåna", "km": 1.2}}, {"type": "Feature", "geometry": {"type": "LineString", "coordinates": [[7.029, 59.73106], [7.02855, 59.7302]]}, "properties": {"P": 8.83, "tau": 7.05, "tau_c": 23.35, "omega": 3.83, "M": 0.3, "D": -0.0, "R": 0.03, "sving": 0.13, "os": 0.23, "foss": 0.0, "juv": 0.0, "B": 0.7, "Q": 10.2, "w": 26.89, "h": 0.7, "S": 0.00103, "elv": "Kvanndalsåna", "km": 1.7}}, {"type": "Feature", "geometry": {"type": "LineString", "coordinates": [[7.02855, 59.7302], [7.02755, 59.72946]]}, "properties": {"P": 12.62, "tau": 7.06, "tau_c": 23.35, "omega": 3.83, "M": 0.3, "D": 0.02, "R": 0.03, "sving": 0.14, "os": 0.37, "foss": 0.0, "juv": 0.0, "B": 0.7, "Q": 10.28, "w": 27.04, "h": 0.7, "S": 0.00103, "elv": "Kvanndalsåna", "km": 1.8}}, {"type": "Feature", "geometry": {"type": "LineString", "coordinates": [[7.02755, 59.72946], [7.02634, 59.72883]]}, "properties": {"P": 19.69, "tau": 7.03, "tau_c": 23.35, "omega": 3.81, "M": 0.3, "D": 0.12, "R": 0.03, "sving": 0.09, "os": 0.61, "foss": 0.0, "juv": 0.0, "B": 0.69, "Q": 10.31, "w": 27.26, "h": 0.7, "S": 0.00103, "elv": "Kvanndalsåna", "km": 1.9}}, {"type": "Feature", "geometry": {"type": "LineString", "coordinates": [[7.02223, 59.72606], [7.02127, 59.72531]]}, "properties": {"P": 19.12, "tau": 12.2, "tau_c": 34.1, "omega": 8.47, "M": 0.36, "D": -0.0, "R": 0.06, "sving": 0.15, "os": 0.64, "foss": 0.0, "juv": 0.0, "B": 0.69, "Q": 10.96, "w": 27.82, "h": 0.57, "S": 0.00219, "elv": "Kvanndalsåna", "km": 2.4}}, {"type": "Feature", "geometry": {"type": "LineString", "coordinates": [[7.02127, 59.72531], [7.02038, 59.72454]]}, "properties": {"P": 13.03, "tau": 16.14, "tau_c": 41.63, "omega": 12.68, "M": 0.39, "D": -0.0, "R": 0.08, "sving": 0.08, "os": 0.39, "foss": 0.0, "juv": 0.0, "B": 0.69, "Q": 11.05, "w": 27.92, "h": 0.5, "S": 0.00327, "elv": "Kvanndalsåna", "km": 2.5}}, {"type": "Feature", "geometry": {"type": "LineString", "coordinates": [[7.02038, 59.72454], [7.02015, 59.72366]]}, "properties": {"P": 8.91, "tau": 16.95, "tau_c": 41.63, "omega": 13.71, "M": 0.41, "D": -0.0, "R": 0.09, "sving": 0.02, "os": 0.24, "foss": 0.0, "juv": 0.0, "B": 0.69, "Q": 11.12, "w": 26.0, "h": 0.53, "S": 0.00327, "elv": "Kvanndalsåna", "km": 2.6}}, {"type": "Feature", "geometry": {"type": "LineString", "coordinates": [[7.02015, 59.72366], [7.01905, 59.72296]]}, "properties": {"P": 8.45, "tau": 26.62, "tau_c": 59.54, "omega": 26.02, "M": 0.45, "D": -0.0, "R": 0.13, "sving": 0.02, "os": 0.15, "foss": 0.0, "juv": 0.0, "B": 0.69, "Q": 11.15, "w": 28.09, "h": 0.41, "S": 0.00668, "elv": "Kvanndalsåna", "km": 2.7}}, {"type": "Feature", "geometry": {"type": "LineString", "coordinates": [[7.01905, 59.72296], [7.01817, 59.72219]]}, "properties": {"P": 11.12, "tau": 33.84, "tau_c": 70.8, "omega": 36.71, "M": 0.48, "D": -0.0, "R": 0.16, "sving": 0.15, "os": 0.09, "foss": 0.0, "juv": 0.0, "B": 0.69, "Q": 11.18, "w": 28.22, "h": 0.37, "S": 0.00945, "elv": "Kvanndalsåna", "km": 2.8}}, {"type": "Feature", "geometry": {"type": "LineString", "coordinates": [[7.01817, 59.72219], [7.01736, 59.72139]]}, "properties": {"P": 9.11, "tau": 40.31, "tau_c": 79.57, "omega": 47.3, "M": 0.51, "D": -0.0, "R": 0.19, "sving": 0.04, "os": 0.06, "foss": 0.0, "juv": 0.0, "B": 0.69, "Q": 11.46, "w": 28.36, "h": 0.34, "S": 0.01193, "elv": "Kvanndalsåna", "km": 2.9}}, {"type": "Feature", "geometry": {"type": "LineString", "coordinates": [[7.01736, 59.72139], [7.01649, 59.72065]]}, "properties": {"P": 7.33, "tau": 36.93, "tau_c": 74.68, "omega": 41.74, "M": 0.49, "D": -0.0, "R": 0.18, "sving": 0.04, "os": 0.0, "foss": 0.0, "juv": 0.0, "B": 0.69, "Q": 11.54, "w": 28.5, "h": 0.36, "S": 0.01051, "elv": "Kvanndalsåna", "km": 3.0}}, {"type": "Feature", "geometry": {"type": "LineString", "coordinates": [[7.01649, 59.72065], [7.01554, 59.7199]]}, "properties": {"P": 9.45, "tau": 52.53, "tau_c": 98.83, "omega": 68.67, "M": 0.53, "D": -0.0, "R": 0.22, "sving": 0.06, "os": 0.0, "foss": 0.0, "juv": 0.0, "B": 0.69, "Q": 11.65, "w": 30.66, "h": 0.29, "S": 0.01841, "elv": "Kvanndalsåna", "km": 3.1}}, {"type": "Feature", "geometry": {"type": "LineString", "coordinates": [[7.01554, 59.7199], [7.01481, 59.71909]]}, "properties": {"P": 12.89, "tau": 72.71, "tau_c": 120.9, "omega": 110.39, "M": 0.6, "D": -0.0, "R": 0.31, "sving": 0.07, "os": 0.0, "foss": 0.0, "juv": 0.0, "B": 0.69, "Q": 11.67, "w": 28.56, "h": 0.27, "S": 0.02755, "elv": "Kvanndalsåna", "km": 3.2}}, {"type": "Feature", "geometry": {"type": "LineString", "coordinates": [[7.01481, 59.71909], [7.0138, 59.7184]]}, "properties": {"P": 38.32, "tau": 79.48, "tau_c": 124.46, "omega": 126.63, "M": 0.64, "D": -0.0, "R": 0.36, "sving": 0.11, "os": 0.06, "foss": 1.0, "juv": 0.0, "B": 0.69, "Q": 11.69, "w": 26.45, "h": 0.28, "S": 0.0292, "elv": "Kvanndalsåna", "km": 3.3}}, {"type": "Feature", "geometry": {"type": "LineString", "coordinates": [[7.0138, 59.7184], [7.01322, 59.71757]]}, "properties": {"P": 38.08, "tau": 78.33, "tau_c": 118.65, "omega": 125.28, "M": 0.66, "D": -0.0, "R": 0.39, "sving": 0.02, "os": 0.09, "foss": 1.0, "juv": 0.0, "B": 0.69, "Q": 11.7, "w": 24.3, "h": 0.3, "S": 0.02653, "elv": "Kvanndalsåna", "km": 3.4}}, {"type": "Feature", "geometry": {"type": "LineString", "coordinates": [[7.01322, 59.71757], [7.01276, 59.71671]]}, "properties": {"P": 45.45, "tau": 123.23, "tau_c": 162.73, "omega": 240.56, "M": 0.76, "D": -0.0, "R": 0.52, "sving": 0.09, "os": 0.15, "foss": 1.0, "juv": 0.0, "B": 0.69, "Q": 11.87, "w": 24.16, "h": 0.25, "S": 0.04991, "elv": "Kvanndalsåna", "km": 3.5}}, {"type": "Feature", "geometry": {"type": "LineString", "coordinates": [[7.01276, 59.71671], [7.01212, 59.71587]]}, "properties": {"P": 48.85, "tau": 163.61, "tau_c": 191.07, "omega": 365.42, "M": 0.86, "D": -0.0, "R": 0.65, "sving": 0.24, "os": 0.23, "foss": 0.72, "juv": 0.0, "B": 0.69, "Q": 11.91, "w": 22.0, "h": 0.24, "S": 0.06881, "elv": "Kvanndalsåna", "km": 3.6}}, {"type": "Feature", "geometry": {"type": "LineString", "coordinates": [[7.01212, 59.71587], [7.01077, 59.71531]]}, "properties": {"P": 58.84, "tau": 191.69, "tau_c": 221.91, "omega": 453.99, "M": 0.86, "D": -0.0, "R": 0.66, "sving": 0.29, "os": 0.35, "foss": 1.0, "juv": 0.0, "B": 0.69, "Q": 11.97, "w": 24.0, "h": 0.21, "S": 0.09282, "elv": "Kvanndalsåna", "km": 3.7}}, {"type": "Feature", "geometry": {"type": "LineString", "coordinates": [[7.01077, 59.71531], [7.00931, 59.71482]]}, "properties": {"P": 61.81, "tau": 183.74, "tau_c": 222.84, "omega": 423.05, "M": 0.82, "D": 0.02, "R": 0.61, "sving": 0.26, "os": 0.58, "foss": 1.0, "juv": 0.0, "B": 0.69, "Q": 11.98, "w": 26.0, "h": 0.2, "S": 0.09359, "elv": "Kvanndalsåna", "km": 3.8}}, {"type": "Feature", "geometry": {"type": "LineString", "coordinates": [[7.00931, 59.71482], [7.00786, 59.71438]]}, "properties": {"P": 63.22, "tau": 175.39, "tau_c": 223.56, "omega": 391.58, "M": 0.78, "D": 0.05, "R": 0.56, "sving": 0.02, "os": 0.92, "foss": 1.0, "juv": 0.0, "B": 0.69, "Q": 11.99, "w": 28.31, "h": 0.19, "S": 0.0942, "elv": "Kvanndalsåna", "km": 3.9}}, {"type": "Feature", "geometry": {"type": "LineString", "coordinates": [[7.00786, 59.71438], [7.00631, 59.71395]]}, "properties": {"P": 59.41, "tau": 176.47, "tau_c": 225.02, "omega": 394.79, "M": 0.78, "D": 0.11, "R": 0.56, "sving": 0.03, "os": 0.65, "foss": 1.0, "juv": 0.0, "B": 0.69, "Q": 12.08, "w": 28.64, "h": 0.19, "S": 0.09543, "elv": "Kvanndalsåna", "km": 4.0}}, {"type": "Feature", "geometry": {"type": "LineString", "coordinates": [[7.00631, 59.71395], [7.00489, 59.71342]]}, "properties": {"P": 61.12, "tau": 140.93, "tau_c": 196.96, "omega": 283.8, "M": 0.72, "D": 0.21, "R": 0.47, "sving": 0.38, "os": 0.4, "foss": 1.0, "juv": 0.0, "B": 0.69, "Q": 12.27, "w": 31.02, "h": 0.2, "S": 0.07312, "elv": "Kvanndalsåna", "km": 4.1}}, {"type": "Feature", "geometry": {"type": "LineString", "coordinates": [[7.00489, 59.71342], [7.00352, 59.71287]]}, "properties": {"P": 59.51, "tau": 114.06, "tau_c": 169.61, "omega": 209.55, "M": 0.67, "D": 0.27, "R": 0.41, "sving": 0.38, "os": 0.63, "foss": 0.72, "juv": 0.0, "B": 0.69, "Q": 12.37, "w": 31.41, "h": 0.21, "S": 0.05422, "elv": "Kvanndalsåna", "km": 4.2}}, {"type": "Feature", "geometry": {"type": "LineString", "coordinates": [[7.00352, 59.71287], [7.00351, 59.71223]]}, "properties": {"P": 51.97, "tau": 59.86, "tau_c": 106.17, "omega": 83.39, "M": 0.56, "D": 0.3, "R": 0.26, "sving": 0.12, "os": 0.94, "foss": 0.51, "juv": 0.0, "B": 0.69, "Q": 12.57, "w": 31.41, "h": 0.29, "S": 0.02124, "elv": "Kvanndalsåna", "km": 4.3}}, {"type": "Feature", "geometry": {"type": "LineString", "coordinates": [[7.00351, 59.71223], [7.00339, 59.71137]]}, "properties": {"P": 39.21, "tau": 74.05, "tau_c": 123.73, "omega": 113.08, "M": 0.6, "D": 0.18, "R": 0.31, "sving": 0.04, "os": 0.66, "foss": 0.37, "juv": 0.0, "B": 0.69, "Q": 12.59, "w": 31.52, "h": 0.26, "S": 0.02885, "elv": "Kvanndalsåna", "km": 4.4}}, {"type": "Feature", "geometry": {"type": "LineString", "coordinates": [[7.00339, 59.71137], [7.00244, 59.71068]]}, "properties": {"P": 25.65, "tau": 72.51, "tau_c": 121.76, "omega": 109.78, "M": 0.6, "D": 0.09, "R": 0.31, "sving": 0.13, "os": 0.43, "foss": 0.0, "juv": 0.0, "B": 0.69, "Q": 12.66, "w": 31.63, "h": 0.26, "S": 0.02795, "elv": "Kvanndalsåna", "km": 4.5}}, {"type": "Feature", "geometry": {"type": "LineString", "coordinates": [[7.00244, 59.71068], [7.00099, 59.71021]]}, "properties": {"P": 49.32, "tau": 69.39, "tau_c": 117.84, "omega": 103.1, "M": 0.59, "D": 0.01, "R": 0.3, "sving": 0.12, "os": 0.66, "foss": 1.0, "juv": 0.0, "B": 0.69, "Q": 12.73, "w": 31.69, "h": 0.27, "S": 0.02617, "elv": "Kvanndalsåna", "km": 4.6}}, {"type": "Feature", "geometry": {"type": "LineString", "coordinates": [[7.00099, 59.71021], [7.0004, 59.7094]]}, "properties": {"P": 45.71, "tau": 68.14, "tau_c": 116.16, "omega": 100.5, "M": 0.59, "D": 0.01, "R": 0.29, "sving": 0.02, "os": 0.89, "foss": 0.72, "juv": 0.0, "B": 0.69, "Q": 12.79, "w": 31.76, "h": 0.27, "S": 0.02543, "elv": "Kvanndalsåna", "km": 4.7}}, {"type": "Feature", "geometry": {"type": "LineString", "coordinates": [[7.0004, 59.7094], [7.00083, 59.70856]]}, "properties": {"P": 38.77, "tau": 74.22, "tau_c": 124.15, "omega": 113.42, "M": 0.6, "D": 0.04, "R": 0.31, "sving": 0.18, "os": 0.55, "foss": 0.51, "juv": 0.0, "B": 0.69, "Q": 12.83, "w": 32.23, "h": 0.26, "S": 0.02905, "elv": "Kvanndalsåna", "km": 4.8}}, {"type": "Feature", "geometry": {"type": "LineString", "coordinates": [[7.00083, 59.70856], [6.99988, 59.70781]]}, "properties": {"P": 30.73, "tau": 79.39, "tau_c": 130.35, "omega": 124.88, "M": 0.61, "D": 0.12, "R": 0.32, "sving": 0.01, "os": 0.35, "foss": 0.37, "juv": 0.0, "B": 0.69, "Q": 12.86, "w": 32.35, "h": 0.25, "S": 0.03203, "elv": "Kvanndalsåna", "km": 4.9}}, {"type": "Feature", "geometry": {"type": "LineString", "coordinates": [[6.99988, 59.70781], [6.999, 59.70704]]}, "properties": {"P": 23.14, "tau": 47.49, "tau_c": 90.1, "omega": 59.83, "M": 0.53, "D": 0.21, "R": 0.22, "sving": 0.22, "os": 0.22, "foss": 0.0, "juv": 0.0, "B": 0.69, "Q": 12.93, "w": 32.45, "h": 0.32, "S": 0.0153, "elv": "Kvanndalsåna", "km": 5.0}}, {"type": "Feature", "geometry": {"type": "LineString", "coordinates": [[6.999, 59.70704], [6.99844, 59.70619]]}, "properties": {"P": 16.36, "tau": 36.96, "tau_c": 74.78, "omega": 41.86, "M": 0.49, "D": 0.17, "R": 0.18, "sving": 0.1, "os": 0.14, "foss": 0.0, "juv": 0.0, "B": 0.69, "Q": 13.18, "w": 32.56, "h": 0.36, "S": 0.01054, "elv": "Kvanndalsåna", "km": 5.1}}, {"type": "Feature", "geometry": {"type": "LineString", "coordinates": [[6.99844, 59.70619], [6.99788, 59.70534]]}, "properties": {"P": 16.81, "tau": 51.18, "tau_c": 93.83, "omega": 66.86, "M": 0.55, "D": 0.09, "R": 0.24, "sving": 0.08, "os": 0.19, "foss": 0.0, "juv": 0.0, "B": 0.69, "Q": 13.19, "w": 32.11, "h": 0.31, "S": 0.01659, "elv": "Kvanndalsåna", "km": 5.2}}, {"type": "Feature", "geometry": {"type": "LineString", "coordinates": [[6.99788, 59.70534], [6.99736, 59.70449]]}, "properties": {"P": 18.05, "tau": 63.47, "tau_c": 109.27, "omega": 91.1, "M": 0.58, "D": -0.0, "R": 0.29, "sving": 0.05, "os": 0.31, "foss": 0.0, "juv": 0.0, "B": 0.69, "Q": 13.3, "w": 32.22, "h": 0.29, "S": 0.02251, "elv": "Kvanndalsåna", "km": 5.3}}, {"type": "Feature", "geometry": {"type": "LineString", "coordinates": [[6.99736, 59.70449], [6.9968, 59.70364]]}, "properties": {"P": 45.06, "tau": 77.45, "tau_c": 125.78, "omega": 121.22, "M": 0.62, "D": -0.0, "R": 0.33, "sving": 0.03, "os": 0.52, "foss": 1.0, "juv": 0.0, "B": 0.69, "Q": 13.38, "w": 32.28, "h": 0.26, "S": 0.02982, "elv": "Kvanndalsåna", "km": 5.4}}, {"type": "Feature", "geometry": {"type": "LineString", "coordinates": [[6.9968, 59.70364], [6.99603, 59.70284]]}, "properties": {"P": 54.3, "tau": 76.7, "tau_c": 124.96, "omega": 119.53, "M": 0.61, "D": -0.0, "R": 0.33, "sving": 0.14, "os": 0.84, "foss": 1.0, "juv": 0.0, "B": 0.69, "Q": 13.4, "w": 32.36, "h": 0.27, "S": 0.02943, "elv": "Kvanndalsåna", "km": 5.5}}, {"type": "Feature", "geometry": {"type": "LineString", "coordinates": [[6.99603, 59.70284], [6.9956, 59.70198]]}, "properties": {"P": 53.5, "tau": 81.36, "tau_c": 130.34, "omega": 130.08, "M": 0.62, "D": 0.01, "R": 0.34, "sving": 0.2, "os": 0.72, "foss": 1.0, "juv": 0.0, "B": 0.69, "Q": 13.42, "w": 32.41, "h": 0.26, "S": 0.03202, "elv": "Kvanndalsåna", "km": 5.6}}, {"type": "Feature", "geometry": {"type": "LineString", "coordinates": [[6.9956, 59.70198], [6.99572, 59.70109]]}, "properties": {"P": 50.15, "tau": 81.72, "tau_c": 131.86, "omega": 130.59, "M": 0.62, "D": 0.04, "R": 0.34, "sving": 0.11, "os": 0.89, "foss": 0.72, "juv": 0.0, "B": 0.69, "Q": 13.49, "w": 33.22, "h": 0.25, "S": 0.03277, "elv": "Kvanndalsåna", "km": 5.7}}, {"type": "Feature", "geometry": {"type": "LineString", "coordinates": [[6.99572, 59.70109], [6.99606, 59.70022]]}, "properties": {"P": 44.86, "tau": 73.11, "tau_c": 122.06, "omega": 111.25, "M": 0.6, "D": 0.13, "R": 0.31, "sving": 0.28, "os": 0.62, "foss": 0.51, "juv": 0.0, "B": 0.69, "Q": 13.51, "w": 33.44, "h": 0.27, "S": 0.02808, "elv": "Kvanndalsåna", "km": 5.8}}, {"type": "Feature", "geometry": {"type": "LineString", "coordinates": [[6.99606, 59.70022], [6.99579, 59.69934]]}, "properties": {"P": 46.42, "tau": 62.37, "tau_c": 106.57, "omega": 89.23, "M": 0.59, "D": 0.21, "R": 0.29, "sving": 0.03, "os": 0.99, "foss": 0.37, "juv": 0.0, "B": 0.69, "Q": 14.31, "w": 33.67, "h": 0.3, "S": 0.0214, "elv": "Kvanndalsåna", "km": 5.9}}, {"type": "Feature", "geometry": {"type": "LineString", "coordinates": [[6.99579, 59.69934], [6.99447, 59.6989]]}, "properties": {"P": 30.18, "tau": 40.5, "tau_c": 78.41, "omega": 48.01, "M": 0.52, "D": 0.27, "R": 0.21, "sving": 0.05, "os": 0.64, "foss": 0.0, "juv": 0.0, "B": 0.69, "Q": 14.32, "w": 33.91, "h": 0.36, "S": 0.01159, "elv": "Kvanndalsåna", "km": 6.0}}, {"type": "Feature", "geometry": {"type": "LineString", "coordinates": [[6.99447, 59.6989], [6.99443, 59.698]]}, "properties": {"P": 37.36, "tau": 38.17, "tau_c": 75.24, "omega": 44.1, "M": 0.51, "D": 0.22, "R": 0.2, "sving": 0.12, "os": 0.99, "foss": 0.0, "juv": 0.0, "B": 0.69, "Q": 14.38, "w": 34.14, "h": 0.36, "S": 0.01067, "elv": "Kvanndalsåna", "km": 6.1}}, {"type": "Feature", "geometry": {"type": "LineString", "coordinates": [[6.99443, 59.698], [6.99453, 59.69711]]}, "properties": {"P": 25.09, "tau": 32.57, "tau_c": 67.03, "omega": 35.15, "M": 0.49, "D": 0.15, "R": 0.17, "sving": 0.07, "os": 0.61, "foss": 0.0, "juv": 0.0, "B": 0.69, "Q": 14.46, "w": 34.19, "h": 0.39, "S": 0.00847, "elv": "Kvanndalsåna", "km": 6.2}}, {"type": "Feature", "geometry": {"type": "LineString", "coordinates": [[6.99453, 59.69711], [6.99373, 59.69632]]}, "properties": {"P": 35.3, "tau": 32.88, "tau_c": 67.53, "omega": 35.62, "M": 0.49, "D": 0.06, "R": 0.17, "sving": 0.28, "os": 1.0, "foss": 0.0, "juv": 0.0, "B": 0.69, "Q": 14.46, "w": 34.24, "h": 0.39, "S": 0.00859, "elv": "Kvanndalsåna", "km": 6.3}}, {"type": "Feature", "geometry": {"type": "LineString", "coordinates": [[6.99373, 59.69632], [6.99218, 59.696]]}, "properties": {"P": 25.29, "tau": 34.53, "tau_c": 69.85, "omega": 38.21, "M": 0.49, "D": 0.04, "R": 0.18, "sving": 0.21, "os": 0.61, "foss": 0.0, "juv": 0.0, "B": 0.69, "Q": 14.52, "w": 34.28, "h": 0.38, "S": 0.0092, "elv": "Kvanndalsåna", "km": 6.4}}, {"type": "Feature", "geometry": {"type": "LineString", "coordinates": [[6.99218, 59.696], [6.99099, 59.69536]]}, "properties": {"P": 20.24, "tau": 30.49, "tau_c": 63.9, "omega": 31.98, "M": 0.48, "D": 0.05, "R": 0.16, "sving": 0.2, "os": 0.4, "foss": 0.0, "juv": 0.0, "B": 0.69, "Q": 14.53, "w": 34.3, "h": 0.4, "S": 0.0077, "elv": "Kvanndalsåna", "km": 6.5}}, {"type": "Feature", "geometry": {"type": "LineString", "coordinates": [[6.99099, 59.69536], [6.99012, 59.69458]]}, "properties": {"P": 23.37, "tau": 30.37, "tau_c": 63.69, "omega": 31.8, "M": 0.48, "D": 0.06, "R": 0.16, "sving": 0.49, "os": 0.25, "foss": 0.0, "juv": 0.0, "B": 0.69, "Q": 14.55, "w": 34.32, "h": 0.4, "S": 0.00764, "elv": "Kvanndalsåna", "km": 6.6}}, {"type": "Feature", "geometry": {"type": "LineString", "coordinates": [[6.99012, 59.69458], [6.99024, 59.69375]]}, "properties": {"P": 16.65, "tau": 29.32, "tau_c": 62.1, "omega": 30.23, "M": 0.47, "D": 0.07, "R": 0.16, "sving": 0.23, "os": 0.19, "foss": 0.0, "juv": 0.0, "B": 0.69, "Q": 14.55, "w": 34.33, "h": 0.41, "S": 0.00727, "elv": "Kvanndalsåna", "km": 6.7}}, {"type": "Feature", "geometry": {"type": "LineString", "coordinates": [[6.99024, 59.69375], [6.99047, 59.69287]]}, "properties": {"P": 21.65, "tau": 26.6, "tau_c": 57.93, "omega": 26.3, "M": 0.46, "D": 0.1, "R": 0.14, "sving": 0.43, "os": 0.21, "foss": 0.0, "juv": 0.0, "B": 0.69, "Q": 14.55, "w": 34.33, "h": 0.43, "S": 0.00632, "elv": "Kvanndalsåna", "km": 6.8}}, {"type": "Feature", "geometry": {"type": "LineString", "coordinates": [[6.99047, 59.69287], [6.98943, 59.69276]]}, "properties": {"P": 25.54, "tau": 25.23, "tau_c": 55.76, "omega": 24.37, "M": 0.45, "D": 0.12, "R": 0.14, "sving": 0.61, "os": 0.2, "foss": 0.0, "juv": 0.0, "B": 0.69, "Q": 14.55, "w": 34.33, "h": 0.44, "S": 0.00586, "elv": "Kvanndalsåna", "km": 6.9}}, {"type": "Feature", "geometry": {"type": "LineString", "coordinates": [[6.98943, 59.69276], [6.98769, 59.69284]]}, "properties": {"P": 31.17, "tau": 21.03, "tau_c": 49.02, "omega": 18.77, "M": 0.43, "D": 0.12, "R": 0.11, "sving": 0.84, "os": 0.26, "foss": 0.0, "juv": 0.0, "B": 0.69, "Q": 14.55, "w": 34.46, "h": 0.47, "S": 0.00453, "elv": "Kvanndalsåna", "km": 7.0}}, {"type": "Feature", "geometry": {"type": "LineString", "coordinates": [[6.98769, 59.69284], [6.98592, 59.69283]]}, "properties": {"P": 20.54, "tau": 20.18, "tau_c": 47.67, "omega": 17.68, "M": 0.42, "D": 0.1, "R": 0.11, "sving": 0.21, "os": 0.43, "foss": 0.0, "juv": 0.0, "B": 0.69, "Q": 14.55, "w": 34.59, "h": 0.48, "S": 0.00428, "elv": "Kvanndalsåna", "km": 7.1}}, {"type": "Feature", "geometry": {"type": "LineString", "coordinates": [[6.98592, 59.69283], [6.98447, 59.69325]]}, "properties": {"P": 40.19, "tau": 20.37, "tau_c": 47.39, "omega": 17.99, "M": 0.43, "D": 0.07, "R": 0.11, "sving": 0.91, "os": 0.67, "foss": 0.0, "juv": 0.0, "B": 0.69, "Q": 15.08, "w": 34.81, "h": 0.49, "S": 0.00423, "elv": "Kvanndalsåna", "km": 7.2}}, {"type": "Feature", "geometry": {"type": "LineString", "coordinates": [[6.98447, 59.69325], [6.98326, 59.69266]]}, "properties": {"P": 44.3, "tau": 17.43, "tau_c": 42.42, "omega": 14.37, "M": 0.41, "D": 0.06, "R": 0.1, "sving": 0.9, "os": 0.91, "foss": 0.0, "juv": 0.0, "B": 0.69, "Q": 15.13, "w": 35.03, "h": 0.52, "S": 0.00339, "elv": "Kvanndalsåna", "km": 7.3}}, {"type": "Feature", "geometry": {"type": "LineString", "coordinates": [[6.98326, 59.69266], [6.98424, 59.69214]]}, "properties": {"P": 37.3, "tau": 18.82, "tau_c": 44.49, "omega": 16.09, "M": 0.42, "D": 0.04, "R": 0.11, "sving": 0.92, "os": 0.58, "foss": 0.0, "juv": 0.0, "B": 0.69, "Q": 15.5, "w": 35.26, "h": 0.51, "S": 0.00373, "elv": "Kvanndalsåna", "km": 7.4}}, {"type": "Feature", "geometry": {"type": "LineString", "coordinates": [[6.98424, 59.69214], [6.98552, 59.69156]]}, "properties": {"P": 26.32, "tau": 17.32, "tau_c": 41.96, "omega": 14.28, "M": 0.41, "D": 0.03, "R": 0.1, "sving": 0.5, "os": 0.53, "foss": 0.0, "juv": 0.0, "B": 0.69, "Q": 15.51, "w": 35.36, "h": 0.53, "S": 0.00332, "elv": "Kvanndalsåna", "km": 7.5}}, {"type": "Feature", "geometry": {"type": "LineString", "coordinates": [[6.98552, 59.69156], [6.98725, 59.6917]]}, "properties": {"P": 19.37, "tau": 17.82, "tau_c": 42.85, "omega": 14.86, "M": 0.42, "D": -0.0, "R": 0.1, "sving": 0.35, "os": 0.38, "foss": 0.0, "juv": 0.0, "B": 0.69, "Q": 15.52, "w": 35.45, "h": 0.52, "S": 0.00346, "elv": "Kvanndalsåna", "km": 7.6}}, {"type": "Feature", "geometry": {"type": "LineString", "coordinates": [[6.98725, 59.6917], [6.98803, 59.69101]]}, "properties": {"P": 19.36, "tau": 26.09, "tau_c": 55.57, "omega": 25.79, "M": 0.47, "D": -0.0, "R": 0.15, "sving": 0.32, "os": 0.33, "foss": 0.0, "juv": 0.0, "B": 0.69, "Q": 15.52, "w": 34.36, "h": 0.46, "S": 0.00582, "elv": "Kvanndalsåna", "km": 7.7}}, {"type": "Feature", "geometry": {"type": "LineString", "coordinates": [[6.98803, 59.69101], [6.98774, 59.69014]]}, "properties": {"P": 27.17, "tau": 40.08, "tau_c": 74.53, "omega": 47.92, "M": 0.54, "D": -0.0, "R": 0.23, "sving": 0.66, "os": 0.21, "foss": 0.0, "juv": 0.0, "B": 0.69, "Q": 15.53, "w": 33.27, "h": 0.39, "S": 0.01047, "elv": "Kvanndalsåna", "km": 7.8}}, {"type": "Feature", "geometry": {"type": "LineString", "coordinates": [[6.98774, 59.69014], [6.98774, 59.68926]]}, "properties": {"P": 18.51, "tau": 42.26, "tau_c": 77.41, "omega": 51.71, "M": 0.55, "D": -0.0, "R": 0.24, "sving": 0.31, "os": 0.15, "foss": 0.0, "juv": 0.0, "B": 0.69, "Q": 15.53, "w": 33.28, "h": 0.38, "S": 0.01129, "elv": "Kvanndalsåna", "km": 7.9}}, {"type": "Feature", "geometry": {"type": "LineString", "coordinates": [[6.98774, 59.68926], [6.98765, 59.68836]]}, "properties": {"P": 35.02, "tau": 41.09, "tau_c": 76.03, "omega": 49.63, "M": 0.54, "D": -0.0, "R": 0.24, "sving": 0.13, "os": 0.1, "foss": 1.0, "juv": 0.0, "B": 0.69, "Q": 15.54, "w": 33.46, "h": 0.38, "S": 0.0109, "elv": "Kvanndalsåna", "km": 8.0}}, {"type": "Feature", "geometry": {"type": "LineString", "coordinates": [[6.98765, 59.68836], [6.98712, 59.68752]]}, "properties": {"P": 29.72, "tau": 45.46, "tau_c": 81.91, "omega": 57.34, "M": 0.55, "D": 0.01, "R": 0.25, "sving": 0.07, "os": 0.17, "foss": 0.72, "juv": 0.0, "B": 0.69, "Q": 15.55, "w": 33.64, "h": 0.37, "S": 0.01265, "elv": "Kvanndalsåna", "km": 8.1}}, {"type": "Feature", "geometry": {"type": "LineString", "coordinates": [[6.98712, 59.68752], [6.98623, 59.68675]]}, "properties": {"P": 28.44, "tau": 43.62, "tau_c": 79.21, "omega": 54.14, "M": 0.55, "D": 0.07, "R": 0.25, "sving": 0.02, "os": 0.28, "foss": 0.51, "juv": 0.0, "B": 0.69, "Q": 16.29, "w": 34.92, "h": 0.38, "S": 0.01183, "elv": "Kvanndalsåna", "km": 8.2}}, {"type": "Feature", "geometry": {"type": "LineString", "coordinates": [[6.98623, 59.68675], [6.98593, 59.68589]]}, "properties": {"P": 33.43, "tau": 38.94, "tau_c": 74.12, "omega": 45.82, "M": 0.53, "D": 0.16, "R": 0.22, "sving": 0.16, "os": 0.44, "foss": 0.37, "juv": 0.0, "B": 0.69, "Q": 16.33, "w": 36.21, "h": 0.38, "S": 0.01035, "elv": "Kvanndalsåna", "km": 8.3}}, {"type": "Feature", "geometry": {"type": "LineString", "coordinates": [[6.98593, 59.68589], [6.98576, 59.68501]]}, "properties": {"P": 28.0, "tau": 26.95, "tau_c": 57.11, "omega": 27.01, "M": 0.47, "D": 0.23, "R": 0.16, "sving": 0.01, "os": 0.72, "foss": 0.0, "juv": 0.0, "B": 0.69, "Q": 16.35, "w": 36.5, "h": 0.45, "S": 0.00615, "elv": "Kvanndalsåna", "km": 8.4}}, {"type": "Feature", "geometry": {"type": "LineString", "coordinates": [[6.98576, 59.68501], [6.98465, 59.6844]]}, "properties": {"P": 31.35, "tau": 22.92, "tau_c": 50.83, "omega": 21.41, "M": 0.45, "D": 0.21, "R": 0.13, "sving": 0.1, "os": 0.85, "foss": 0.0, "juv": 0.0, "B": 0.69, "Q": 16.41, "w": 36.63, "h": 0.48, "S": 0.00487, "elv": "Kvanndalsåna", "km": 8.5}}, {"type": "Feature", "geometry": {"type": "LineString", "coordinates": [[6.98465, 59.6844], [6.98372, 59.68365]]}, "properties": {"P": 34.82, "tau": 24.78, "tau_c": 53.22, "omega": 24.02, "M": 0.47, "D": 0.13, "R": 0.15, "sving": 0.28, "os": 0.91, "foss": 0.0, "juv": 0.0, "B": 0.69, "Q": 16.86, "w": 36.75, "h": 0.47, "S": 0.00534, "elv": "Kvanndalsåna", "km": 8.6}}, {"type": "Feature", "geometry": {"type": "LineString", "coordinates": [[6.98372, 59.68365], [6.98298, 59.68284]]}, "properties": {"P": 21.58, "tau": 18.76, "tau_c": 43.63, "omega": 16.11, "M": 0.43, "D": 0.05, "R": 0.11, "sving": 0.07, "os": 0.67, "foss": 0.0, "juv": 0.0, "B": 0.69, "Q": 16.87, "w": 36.87, "h": 0.53, "S": 0.00359, "elv": "Kvanndalsåna", "km": 8.7}}, {"type": "Feature", "geometry": {"type": "LineString", "coordinates": [[6.98298, 59.68284], [6.98169, 59.68226]]}, "properties": {"P": 19.6, "tau": 28.9, "tau_c": 59.55, "omega": 29.93, "M": 0.49, "D": -0.0, "R": 0.17, "sving": 0.22, "os": 0.4, "foss": 0.0, "juv": 0.0, "B": 0.69, "Q": 16.89, "w": 37.0, "h": 0.44, "S": 0.00668, "elv": "Kvanndalsåna", "km": 8.8}}, {"type": "Feature", "geometry": {"type": "LineString", "coordinates": [[6.98169, 59.68226], [6.98026, 59.68173]]}, "properties": {"P": 19.97, "tau": 46.3, "tau_c": 83.48, "omega": 58.83, "M": 0.55, "D": -0.0, "R": 0.25, "sving": 0.25, "os": 0.25, "foss": 0.0, "juv": 0.0, "B": 0.69, "Q": 16.9, "w": 37.02, "h": 0.36, "S": 0.01313, "elv": "Kvanndalsåna", "km": 8.9}}, {"type": "Feature", "geometry": {"type": "LineString", "coordinates": [[6.98026, 59.68173], [6.97867, 59.68136]]}, "properties": {"P": 22.97, "tau": 61.55, "tau_c": 102.23, "omega": 88.53, "M": 0.6, "D": -0.0, "R": 0.31, "sving": 0.19, "os": 0.35, "foss": 0.0, "juv": 0.0, "B": 0.69, "Q": 16.97, "w": 37.05, "h": 0.32, "S": 0.0197, "elv": "Kvanndalsåna", "km": 9.0}}, {"type": "Feature", "geometry": {"type": "LineString", "coordinates": [[6.97867, 59.68136], [6.97711, 59.68096]]}, "properties": {"P": 46.02, "tau": 63.86, "tau_c": 105.02, "omega": 93.31, "M": 0.61, "D": -0.0, "R": 0.32, "sving": 0.02, "os": 0.58, "foss": 1.0, "juv": 0.0, "B": 0.69, "Q": 16.98, "w": 37.11, "h": 0.31, "S": 0.02079, "elv": "Kvanndalsåna", "km": 9.1}}, {"type": "Feature", "geometry": {"type": "LineString", "coordinates": [[6.97711, 59.68096], [6.97543, 59.68075]]}, "properties": {"P": 56.04, "tau": 69.15, "tau_c": 111.2, "omega": 104.58, "M": 0.62, "D": -0.0, "R": 0.34, "sving": 0.08, "os": 0.94, "foss": 1.0, "juv": 0.0, "B": 0.69, "Q": 17.0, "w": 37.16, "h": 0.3, "S": 0.02331, "elv": "Kvanndalsåna", "km": 9.2}}, {"type": "Feature", "geometry": {"type": "LineString", "coordinates": [[6.97543, 59.68075], [6.97398, 59.68027]]}, "properties": {"P": 44.33, "tau": 72.38, "tau_c": 114.52, "omega": 111.74, "M": 0.63, "D": 0.01, "R": 0.35, "sving": 0.08, "os": 0.65, "foss": 0.72, "juv": 0.0, "B": 0.69, "Q": 17.14, "w": 37.2, "h": 0.3, "S": 0.02472, "elv": "Kvanndalsåna", "km": 9.3}}, {"type": "Feature", "geometry": {"type": "LineString", "coordinates": [[6.97398, 59.68027], [6.97257, 59.67973]]}, "properties": {"P": 35.16, "tau": 74.14, "tau_c": 116.55, "omega": 115.64, "M": 0.64, "D": 0.07, "R": 0.36, "sving": 0.01, "os": 0.4, "foss": 0.51, "juv": 0.0, "B": 0.69, "Q": 17.14, "w": 37.23, "h": 0.3, "S": 0.0256, "elv": "Kvanndalsåna", "km": 9.4}}, {"type": "Feature", "geometry": {"type": "LineString", "coordinates": [[6.97257, 59.67973], [6.97091, 59.67949]]}, "properties": {"P": 32.84, "tau": 63.55, "tau_c": 104.4, "omega": 92.74, "M": 0.61, "D": 0.16, "R": 0.32, "sving": 0.16, "os": 0.25, "foss": 0.37, "juv": 0.0, "B": 0.69, "Q": 17.15, "w": 37.27, "h": 0.32, "S": 0.02054, "elv": "Kvanndalsåna", "km": 9.5}}, {"type": "Feature", "geometry": {"type": "LineString", "coordinates": [[7.01207, 59.69428], [7.01058, 59.69436]]}, "properties": {"P": 13.05, "tau": 111.59, "tau_c": 364.2, "omega": 154.55, "M": 0.31, "D": 0.0, "R": 0.03, "sving": 0.05, "os": 0.0, "foss": 1.0, "juv": 0.0, "B": 0.38, "Q": 0.35, "w": 6.0, "h": 0.04, "S": 0.27008, "elv": "bekk", "km": 2.1}}, {"type": "Feature", "geometry": {"type": "LineString", "coordinates": [[7.01058, 59.69436], [7.00916, 59.69395]]}, "properties": {"P": 14.15, "tau": 122.52, "tau_c": 364.2, "omega": 177.81, "M": 0.34, "D": 0.0, "R": 0.04, "sving": 0.05, "os": 0.06, "foss": 1.0, "juv": 0.0, "B": 0.38, "Q": 0.37, "w": 6.0, "h": 0.04, "S": 0.29659, "elv": "bekk", "km": 2.2}}, {"type": "Feature", "geometry": {"type": "LineString", "coordinates": [[7.00916, 59.69395], [7.00775, 59.694]]}, "properties": {"P": 14.43, "tau": 130.54, "tau_c": 364.2, "omega": 195.9, "M": 0.36, "D": 0.0, "R": 0.06, "sving": 0.01, "os": 0.09, "foss": 1.0, "juv": 0.0, "B": 0.39, "Q": 0.38, "w": 6.0, "h": 0.04, "S": 0.31256, "elv": "bekk", "km": 2.3}}, {"type": "Feature", "geometry": {"type": "LineString", "coordinates": [[7.00775, 59.694], [7.00608, 59.69408]]}, "properties": {"P": 18.3, "tau": 138.6, "tau_c": 364.2, "omega": 214.67, "M": 0.38, "D": 0.0, "R": 0.07, "sving": 0.26, "os": 0.12, "foss": 1.0, "juv": 0.0, "B": 0.39, "Q": 0.4, "w": 6.0, "h": 0.04, "S": 0.32825, "elv": "bekk", "km": 2.4}}, {"type": "Feature", "geometry": {"type": "LineString", "coordinates": [[7.00608, 59.69408], [7.00443, 59.69416]]}, "properties": {"P": 16.51, "tau": 137.6, "tau_c": 364.2, "omega": 213.6, "M": 0.38, "D": 0.0, "R": 0.07, "sving": 0.06, "os": 0.17, "foss": 1.0, "juv": 0.0, "B": 0.39, "Q": 0.42, "w": 6.01, "h": 0.04, "S": 0.31393, "elv": "bekk", "km": 2.5}}, {"type": "Feature", "geometry": {"type": "LineString", "coordinates": [[7.00443, 59.69416], [7.00278, 59.6943]]}, "properties": {"P": 19.33, "tau": 141.92, "tau_c": 364.2, "omega": 224.34, "M": 0.39, "D": 0.0, "R": 0.08, "sving": 0.21, "os": 0.22, "foss": 1.0, "juv": 0.0, "B": 0.4, "Q": 0.43, "w": 6.04, "h": 0.05, "S": 0.3186, "elv": "bekk", "km": 2.6}}, {"type": "Feature", "geometry": {"type": "LineString", "coordinates": [[7.00278, 59.6943], [7.00108, 59.69448]]}, "properties": {"P": 21.88, "tau": 157.44, "tau_c": 364.2, "omega": 261.32, "M": 0.43, "D": 0.0, "R": 0.12, "sving": 0.32, "os": 0.24, "foss": 1.0, "juv": 0.0, "B": 0.4, "Q": 0.45, "w": 6.09, "h": 0.04, "S": 0.36042, "elv": "bekk", "km": 2.7}}, {"type": "Feature", "geometry": {"type": "LineString", "coordinates": [[7.00108, 59.69448], [6.9997, 59.69502]]}, "properties": {"P": 20.21, "tau": 157.71, "tau_c": 364.2, "omega": 262.88, "M": 0.43, "D": 0.0, "R": 0.12, "sving": 0.19, "os": 0.22, "foss": 1.0, "juv": 0.0, "B": 0.4, "Q": 0.47, "w": 6.16, "h": 0.05, "S": 0.35379, "elv": "bekk", "km": 2.8}}, {"type": "Feature", "geometry": {"type": "LineString", "coordinates": [[6.9997, 59.69502], [6.99868, 59.69574]]}, "properties": {"P": 23.35, "tau": 170.34, "tau_c": 364.2, "omega": 294.37, "M": 0.47, "D": 0.03, "R": 0.15, "sving": 0.39, "os": 0.15, "foss": 1.0, "juv": 0.0, "B": 0.4, "Q": 0.48, "w": 6.26, "h": 0.04, "S": 0.38834, "elv": "bekk", "km": 2.9}}, {"type": "Feature", "geometry": {"type": "LineString", "coordinates": [[6.99868, 59.69574], [6.99736, 59.69628]]}, "properties": {"P": 21.75, "tau": 171.73, "tau_c": 364.2, "omega": 298.54, "M": 0.47, "D": 0.11, "R": 0.16, "sving": 0.19, "os": 0.12, "foss": 1.0, "juv": 0.0, "B": 0.41, "Q": 0.5, "w": 6.36, "h": 0.05, "S": 0.38723, "elv": "bekk", "km": 3.0}}, {"type": "Feature", "geometry": {"type": "LineString", "coordinates": [[6.99736, 59.69628], [6.99685, 59.69709]]}, "properties": {"P": 21.81, "tau": 124.15, "tau_c": 364.2, "omega": 173.27, "M": 0.34, "D": 0.11, "R": 0.05, "sving": 0.29, "os": 0.19, "foss": 1.0, "juv": 0.0, "B": 0.41, "Q": 0.52, "w": 11.98, "h": 0.03, "S": 0.40946, "elv": "bekk", "km": 3.1}}, {"type": "Feature", "geometry": {"type": "LineString", "coordinates": [[6.93887, 59.65617], [6.93792, 59.65542]]}, "properties": {"P": 35.03, "tau": 188.14, "tau_c": 210.01, "omega": 450.16, "M": 0.9, "D": 0.0, "R": 0.69, "sving": 0.13, "os": 0.61, "foss": 0.0, "juv": 0.0, "B": 0.59, "Q": 23.2, "w": 42.03, "h": 0.23, "S": 0.08313, "elv": "Nordmorkåa", "km": 0.1}}, {"type": "Feature", "geometry": {"type": "LineString", "coordinates": [[6.93792, 59.65542], [6.93663, 59.65481]]}, "properties": {"P": 35.84, "tau": 194.76, "tau_c": 215.15, "omega": 473.07, "M": 0.91, "D": 0.0, "R": 0.7, "sving": 0.4, "os": 0.37, "foss": 0.0, "juv": 0.0, "B": 0.59, "Q": 23.23, "w": 42.03, "h": 0.23, "S": 0.08724, "elv": "Nordmorkåa", "km": 0.2}}, {"type": "Feature", "geometry": {"type": "LineString", "coordinates": [[6.93663, 59.65481], [6.93548, 59.65414]]}, "properties": {"P": 59.32, "tau": 193.64, "tau_c": 205.03, "omega": 475.43, "M": 0.94, "D": 0.0, "R": 0.74, "sving": 0.44, "os": 0.53, "foss": 1.0, "juv": 0.0, "B": 0.59, "Q": 23.26, "w": 38.03, "h": 0.25, "S": 0.07923, "elv": "Nordmorkåa", "km": 0.3}}, {"type": "Feature", "geometry": {"type": "LineString", "coordinates": [[6.93548, 59.65414], [6.93407, 59.65409]]}, "properties": {"P": 62.11, "tau": 210.95, "tau_c": 211.15, "omega": 542.48, "M": 1.0, "D": 0.0, "R": 0.79, "sving": 0.16, "os": 0.87, "foss": 1.0, "juv": 0.0, "B": 0.59, "Q": 23.27, "w": 35.36, "h": 0.26, "S": 0.08404, "elv": "Nordmorkåa", "km": 0.4}}, {"type": "Feature", "geometry": {"type": "LineString", "coordinates": [[6.93407, 59.65409], [6.93234, 59.65425]]}, "properties": {"P": 64.68, "tau": 238.03, "tau_c": 222.01, "omega": 651.85, "M": 1.07, "D": 0.02, "R": 0.86, "sving": 0.32, "os": 0.73, "foss": 1.0, "juv": 0.0, "B": 0.59, "Q": 23.38, "w": 32.68, "h": 0.26, "S": 0.0929, "elv": "Nordmorkåa", "km": 0.5}}, {"type": "Feature", "geometry": {"type": "LineString", "coordinates": [[6.93234, 59.65425], [6.93074, 59.65398]]}, "properties": {"P": 53.37, "tau": 268.65, "tau_c": 226.21, "omega": 790.29, "M": 1.19, "D": 0.08, "R": 0.93, "sving": 0.07, "os": 0.44, "foss": 0.72, "juv": 0.0, "B": 0.59, "Q": 23.39, "w": 28.0, "h": 0.28, "S": 0.09644, "elv": "Nordmorkåa", "km": 0.6}}, {"type": "Feature", "geometry": {"type": "LineString", "coordinates": [[6.93074, 59.65398], [6.92918, 59.65398]]}, "properties": {"P": 57.63, "tau": 175.31, "tau_c": 161.16, "omega": 432.21, "M": 1.09, "D": 0.2, "R": 0.87, "sving": 0.12, "os": 0.29, "foss": 1.0, "juv": 0.0, "B": 0.59, "Q": 23.4, "w": 26.0, "h": 0.37, "S": 0.04896, "elv": "Nordmorkåa", "km": 0.7}}, {"type": "Feature", "geometry": {"type": "LineString", "coordinates": [[6.92918, 59.65398], [6.92744, 59.6541]]}, "properties": {"P": 47.09, "tau": 135.37, "tau_c": 138.24, "omega": 295.79, "M": 0.98, "D": 0.23, "R": 0.78, "sving": 0.05, "os": 0.18, "foss": 0.72, "juv": 0.0, "B": 0.59, "Q": 23.44, "w": 28.0, "h": 0.38, "S": 0.03602, "elv": "Nordmorkåa", "km": 0.8}}, {"type": "Feature", "geometry": {"type": "LineString", "coordinates": [[6.92744, 59.6541], [6.92572, 59.65396]]}, "properties": {"P": 53.43, "tau": 126.97, "tau_c": 137.63, "omega": 266.89, "M": 0.92, "D": 0.2, "R": 0.72, "sving": 0.14, "os": 0.28, "foss": 1.0, "juv": 0.0, "B": 0.59, "Q": 23.46, "w": 30.79, "h": 0.36, "S": 0.0357, "elv": "Nordmorkåa", "km": 0.9}}, {"type": "Feature", "geometry": {"type": "LineString", "coordinates": [[6.92572, 59.65396], [6.92405, 59.6538]]}, "properties": {"P": 49.58, "tau": 134.16, "tau_c": 138.91, "omega": 291.16, "M": 0.97, "D": 0.1, "R": 0.76, "sving": 0.11, "os": 0.45, "foss": 0.72, "juv": 0.0, "B": 0.59, "Q": 23.49, "w": 28.79, "h": 0.38, "S": 0.03637, "elv": "Nordmorkåa", "km": 1.0}}, {"type": "Feature", "geometry": {"type": "LineString", "coordinates": [[6.92405, 59.6538], [6.92249, 59.65412]]}, "properties": {"P": 54.4, "tau": 106.96, "tau_c": 120.82, "omega": 209.13, "M": 0.89, "D": 0.08, "R": 0.68, "sving": 0.0, "os": 0.69, "foss": 1.0, "juv": 0.0, "B": 0.59, "Q": 23.86, "w": 30.79, "h": 0.4, "S": 0.02751, "elv": "Nordmorkåa", "km": 1.1}}, {"type": "Feature", "geometry": {"type": "LineString", "coordinates": [[6.92249, 59.65412], [6.92075, 59.65399]]}, "properties": {"P": 58.78, "tau": 114.98, "tau_c": 130.81, "omega": 230.27, "M": 0.88, "D": 0.05, "R": 0.67, "sving": 0.11, "os": 0.88, "foss": 1.0, "juv": 0.0, "B": 0.59, "Q": 23.87, "w": 32.79, "h": 0.36, "S": 0.03225, "elv": "Nordmorkåa", "km": 1.2}}, {"type": "Feature", "geometry": {"type": "LineString", "coordinates": [[6.92075, 59.65399], [6.919, 59.65386]]}, "properties": {"P": 48.97, "tau": 112.75, "tau_c": 125.44, "omega": 225.6, "M": 0.9, "D": 0.06, "R": 0.69, "sving": 0.15, "os": 0.53, "foss": 0.72, "juv": 0.0, "B": 0.59, "Q": 23.88, "w": 30.79, "h": 0.39, "S": 0.02966, "elv": "Nordmorkåa", "km": 1.3}}, {"type": "Feature", "geometry": {"type": "LineString", "coordinates": [[6.919, 59.65386], [6.91726, 59.65396]]}, "properties": {"P": 49.79, "tau": 112.12, "tau_c": 115.88, "omega": 228.05, "M": 0.97, "D": 0.06, "R": 0.77, "sving": 0.01, "os": 0.32, "foss": 1.0, "juv": 0.0, "B": 0.59, "Q": 23.88, "w": 26.0, "h": 0.45, "S": 0.02531, "elv": "Nordmorkåa", "km": 1.4}}, {"type": "Feature", "geometry": {"type": "LineString", "coordinates": [[6.91726, 59.65396], [6.91549, 59.65395]]}, "properties": {"P": 44.42, "tau": 89.49, "tau_c": 106.28, "omega": 161.94, "M": 0.84, "D": 0.06, "R": 0.63, "sving": 0.07, "os": 0.2, "foss": 1.0, "juv": 0.0, "B": 0.59, "Q": 23.89, "w": 30.81, "h": 0.43, "S": 0.02129, "elv": "Nordmorkåa", "km": 1.5}}, {"type": "Feature", "geometry": {"type": "LineString", "coordinates": [[6.91549, 59.65395], [6.91374, 59.65383]]}, "properties": {"P": 37.81, "tau": 96.68, "tau_c": 115.43, "omega": 179.64, "M": 0.84, "D": 0.03, "R": 0.62, "sving": 0.12, "os": 0.12, "foss": 0.72, "juv": 0.0, "B": 0.59, "Q": 23.93, "w": 32.81, "h": 0.39, "S": 0.02511, "elv": "Nordmorkåa", "km": 1.6}}, {"type": "Feature", "geometry": {"type": "LineString", "coordinates": [[6.91374, 59.65383], [6.91197, 59.65387]]}, "properties": {"P": 33.84, "tau": 118.14, "tau_c": 134.64, "omega": 238.83, "M": 0.88, "D": 0.04, "R": 0.67, "sving": 0.01, "os": 0.13, "foss": 0.51, "juv": 0.0, "B": 0.59, "Q": 23.96, "w": 33.63, "h": 0.35, "S": 0.03417, "elv": "Nordmorkåa", "km": 1.7}}, {"type": "Feature", "geometry": {"type": "LineString", "coordinates": [[6.91197, 59.65387], [6.91032, 59.65369]]}, "properties": {"P": 41.6, "tau": 88.03, "tau_c": 117.17, "omega": 153.54, "M": 0.75, "D": 0.04, "R": 0.51, "sving": 0.12, "os": 0.21, "foss": 1.0, "juv": 0.0, "B": 0.59, "Q": 23.97, "w": 39.63, "h": 0.35, "S": 0.02588, "elv": "Nordmorkåa", "km": 1.8}}, {"type": "Feature", "geometry": {"type": "LineString", "coordinates": [[6.91032, 59.65369], [6.90882, 59.65366]]}, "properties": {"P": 38.39, "tau": 74.14, "tau_c": 114.36, "omega": 116.66, "M": 0.65, "D": 0.04, "R": 0.38, "sving": 0.05, "os": 0.34, "foss": 1.0, "juv": 0.0, "B": 0.59, "Q": 23.98, "w": 49.71, "h": 0.31, "S": 0.02465, "elv": "Nordmorkåa", "km": 1.9}}, {"type": "Feature", "geometry": {"type": "LineString", "coordinates": [[6.90882, 59.65366], [6.9072, 59.65381]]}, "properties": {"P": 59.67, "tau": 143.42, "tau_c": 127.86, "omega": 336.49, "M": 1.12, "D": -0.0, "R": 0.89, "sving": 0.2, "os": 0.52, "foss": 0.72, "juv": 0.0, "B": 0.65, "Q": 61.21, "w": 54.99, "h": 0.47, "S": 0.03081, "elv": "Nordmorkåa", "km": 2.0}}, {"type": "Feature", "geometry": {"type": "LineString", "coordinates": [[6.91898, 59.67773], [6.91975, 59.67694]]}, "properties": {"P": 24.4, "tau": 118.57, "tau_c": 339.09, "omega": 177.14, "M": 0.35, "D": 0.0, "R": 0.05, "sving": 0.11, "os": 1.0, "foss": 1.0, "juv": 0.0, "B": 0.36, "Q": 0.57, "w": 6.87, "h": 0.06, "S": 0.21671, "elv": "bekk", "km": 0.0}}, {"type": "Feature", "geometry": {"type": "LineString", "coordinates": [[6.91975, 59.67694], [6.92065, 59.67618]]}, "properties": {"P": 19.93, "tau": 125.32, "tau_c": 349.73, "omega": 192.29, "M": 0.36, "D": 0.0, "R": 0.06, "sving": 0.07, "os": 0.61, "foss": 1.0, "juv": 0.0, "B": 0.36, "Q": 0.59, "w": 6.92, "h": 0.06, "S": 0.23054, "elv": "bekk", "km": 0.1}}, {"type": "Feature", "geometry": {"type": "LineString", "coordinates": [[6.92065, 59.67618], [6.92164, 59.67545]]}, "properties": {"P": 17.15, "tau": 125.81, "tau_c": 349.73, "omega": 193.58, "M": 0.36, "D": 0.0, "R": 0.06, "sving": 0.05, "os": 0.37, "foss": 1.0, "juv": 0.0, "B": 0.36, "Q": 0.61, "w": 7.07, "h": 0.06, "S": 0.23054, "elv": "bekk", "km": 0.2}}, {"type": "Feature", "geometry": {"type": "LineString", "coordinates": [[6.92164, 59.67545], [6.92262, 59.67474]]}, "properties": {"P": 16.95, "tau": 126.27, "tau_c": 349.73, "omega": 194.82, "M": 0.36, "D": 0.0, "R": 0.06, "sving": 0.04, "os": 0.36, "foss": 1.0, "juv": 0.0, "B": 0.36, "Q": 0.62, "w": 7.22, "h": 0.06, "S": 0.23054, "elv": "bekk", "km": 0.3}}, {"type": "Feature", "geometry": {"type": "LineString", "coordinates": [[6.91259, 59.67141], [6.91094, 59.67112]]}, "properties": {"P": 21.57, "tau": 57.22, "tau_c": 184.13, "omega": 64.27, "M": 0.31, "D": 0.0, "R": 0.03, "sving": 0.01, "os": 0.7, "foss": 1.0, "juv": 0.0, "B": 0.39, "Q": 0.89, "w": 8.67, "h": 0.09, "S": 0.0639, "elv": "Juvo", "km": 1.0}}, {"type": "Feature", "geometry": {"type": "LineString", "coordinates": [[6.91094, 59.67112], [6.90941, 59.67076]]}, "properties": {"P": 24.32, "tau": 73.87, "tau_c": 212.55, "omega": 93.83, "M": 0.35, "D": 0.0, "R": 0.05, "sving": 0.0, "os": 0.87, "foss": 1.0, "juv": 0.0, "B": 0.4, "Q": 0.99, "w": 8.81, "h": 0.09, "S": 0.08515, "elv": "Juvo", "km": 1.1}}, {"type": "Feature", "geometry": {"type": "LineString", "coordinates": [[6.90941, 59.67076], [6.90777, 59.67048]]}, "properties": {"P": 21.55, "tau": 83.2, "tau_c": 231.92, "omega": 111.23, "M": 0.36, "D": 0.0, "R": 0.06, "sving": 0.1, "os": 0.54, "foss": 1.0, "juv": 0.0, "B": 0.4, "Q": 1.0, "w": 8.98, "h": 0.08, "S": 0.10138, "elv": "Juvo", "km": 1.2}}, {"type": "Feature", "geometry": {"type": "LineString", "coordinates": [[6.90777, 59.67048], [6.90613, 59.67022]]}, "properties": {"P": 18.19, "tau": 80.38, "tau_c": 225.57, "omega": 105.98, "M": 0.36, "D": 0.0, "R": 0.06, "sving": 0.03, "os": 0.33, "foss": 1.0, "juv": 0.0, "B": 0.4, "Q": 1.03, "w": 9.15, "h": 0.09, "S": 0.0959, "elv": "Juvo", "km": 1.3}}, {"type": "Feature", "geometry": {"type": "LineString", "coordinates": [[6.90613, 59.67022], [6.9047, 59.66975]]}, "properties": {"P": 19.31, "tau": 91.4, "tau_c": 246.44, "omega": 127.6, "M": 0.37, "D": 0.0, "R": 0.07, "sving": 0.07, "os": 0.36, "foss": 1.0, "juv": 0.0, "B": 0.4, "Q": 1.07, "w": 9.4, "h": 0.08, "S": 0.11447, "elv": "Juvo", "km": 1.4}}, {"type": "Feature", "geometry": {"type": "LineString", "coordinates": [[6.9047, 59.66975], [6.9031, 59.66945]]}, "properties": {"P": 22.29, "tau": 100.14, "tau_c": 265.54, "omega": 145.05, "M": 0.38, "D": 0.0, "R": 0.07, "sving": 0.09, "os": 0.57, "foss": 1.0, "juv": 0.0, "B": 0.4, "Q": 1.07, "w": 9.65, "h": 0.08, "S": 0.1329, "elv": "Juvo", "km": 1.5}}, {"type": "Feature", "geometry": {"type": "LineString", "coordinates": [[6.9031, 59.66945], [6.90164, 59.66902]]}, "properties": {"P": 28.2, "tau": 107.29, "tau_c": 260.35, "omega": 163.64, "M": 0.41, "D": 0.0, "R": 0.1, "sving": 0.1, "os": 0.92, "foss": 1.0, "juv": 0.0, "B": 0.41, "Q": 1.29, "w": 9.88, "h": 0.09, "S": 0.12776, "elv": "Juvo", "km": 1.6}}, {"type": "Feature", "geometry": {"type": "LineString", "coordinates": [[6.90164, 59.66902], [6.90011, 59.66857]]}, "properties": {"P": 24.81, "tau": 106.73, "tau_c": 260.93, "omega": 162.15, "M": 0.41, "D": 0.0, "R": 0.1, "sving": 0.09, "os": 0.67, "foss": 1.0, "juv": 0.0, "B": 0.41, "Q": 1.3, "w": 10.1, "h": 0.08, "S": 0.12833, "elv": "Juvo", "km": 1.7}}, {"type": "Feature", "geometry": {"type": "LineString", "coordinates": [[6.90011, 59.66857], [6.89894, 59.66791]]}, "properties": {"P": 20.62, "tau": 104.45, "tau_c": 258.7, "omega": 156.94, "M": 0.4, "D": 0.0, "R": 0.09, "sving": 0.04, "os": 0.41, "foss": 1.0, "juv": 0.0, "B": 0.41, "Q": 1.31, "w": 10.33, "h": 0.08, "S": 0.12614, "elv": "Juvo", "km": 1.8}}, {"type": "Feature", "geometry": {"type": "LineString", "coordinates": [[6.89894, 59.66791], [6.89748, 59.66741]]}, "properties": {"P": 18.69, "tau": 122.16, "tau_c": 287.85, "omega": 196.73, "M": 0.42, "D": 0.0, "R": 0.11, "sving": 0.01, "os": 0.25, "foss": 1.0, "juv": 0.0, "B": 0.41, "Q": 1.33, "w": 10.39, "h": 0.08, "S": 0.15617, "elv": "Juvo", "km": 1.9}}, {"type": "Feature", "geometry": {"type": "LineString", "coordinates": [[6.89748, 59.66741], [6.89606, 59.66688]]}, "properties": {"P": 19.34, "tau": 132.87, "tau_c": 304.61, "omega": 222.17, "M": 0.44, "D": 0.0, "R": 0.12, "sving": 0.14, "os": 0.15, "foss": 1.0, "juv": 0.0, "B": 0.42, "Q": 1.35, "w": 10.45, "h": 0.08, "S": 0.17489, "elv": "Juvo", "km": 2.0}}, {"type": "Feature", "geometry": {"type": "LineString", "coordinates": [[6.89606, 59.66688], [6.89456, 59.66646]]}, "properties": {"P": 17.76, "tau": 151.62, "tau_c": 333.89, "omega": 268.63, "M": 0.45, "D": 0.0, "R": 0.14, "sving": 0.04, "os": 0.09, "foss": 1.0, "juv": 0.0, "B": 0.42, "Q": 1.37, "w": 10.51, "h": 0.07, "S": 0.21013, "elv": "Juvo", "km": 2.1}}, {"type": "Feature", "geometry": {"type": "LineString", "coordinates": [[6.89456, 59.66646], [6.89299, 59.66606]]}, "properties": {"P": 18.71, "tau": 164.7, "tau_c": 356.63, "omega": 301.84, "M": 0.46, "D": 0.0, "R": 0.15, "sving": 0.14, "os": 0.06, "foss": 1.0, "juv": 0.0, "B": 0.42, "Q": 1.38, "w": 10.73, "h": 0.07, "S": 0.23972, "elv": "Juvo", "km": 2.2}}, {"type": "Feature", "geometry": {"type": "LineString", "coordinates": [[6.89299, 59.66606], [6.89142, 59.66564]]}, "properties": {"P": 16.98, "tau": 173.52, "tau_c": 364.2, "omega": 324.72, "M": 0.48, "D": 0.0, "R": 0.16, "sving": 0.04, "os": 0.0, "foss": 1.0, "juv": 0.0, "B": 0.42, "Q": 1.39, "w": 10.93, "h": 0.07, "S": 0.26131, "elv": "Juvo", "km": 2.3}}, {"type": "Feature", "geometry": {"type": "LineString", "coordinates": [[6.89142, 59.66564], [6.88972, 59.66542]]}, "properties": {"P": 19.73, "tau": 195.49, "tau_c": 364.2, "omega": 392.81, "M": 0.54, "D": 0.0, "R": 0.23, "sving": 0.1, "os": 0.0, "foss": 1.0, "juv": 0.0, "B": 0.43, "Q": 1.63, "w": 11.14, "h": 0.07, "S": 0.2739, "elv": "Juvo", "km": 2.4}}, {"type": "Feature", "geometry": {"type": "LineString", "coordinates": [[6.88972, 59.66542], [6.88827, 59.66491]]}, "properties": {"P": 20.76, "tau": 202.63, "tau_c": 364.2, "omega": 412.73, "M": 0.56, "D": 0.0, "R": 0.26, "sving": 0.07, "os": 0.06, "foss": 1.0, "juv": 0.0, "B": 0.43, "Q": 1.63, "w": 11.34, "h": 0.07, "S": 0.29214, "elv": "Juvo", "km": 2.5}}, {"type": "Feature", "geometry": {"type": "LineString", "coordinates": [[6.88827, 59.66491], [6.88697, 59.66432]]}, "properties": {"P": 21.99, "tau": 201.95, "tau_c": 364.2, "omega": 410.21, "M": 0.55, "D": 0.0, "R": 0.25, "sving": 0.13, "os": 0.09, "foss": 1.0, "juv": 0.0, "B": 0.43, "Q": 1.65, "w": 11.55, "h": 0.07, "S": 0.29344, "elv": "Juvo", "km": 2.6}}, {"type": "Feature", "geometry": {"type": "LineString", "coordinates": [[6.88697, 59.66432], [6.8856, 59.66377]]}, "properties": {"P": 21.35, "tau": 191.88, "tau_c": 364.2, "omega": 381.55, "M": 0.53, "D": 0.01, "R": 0.22, "sving": 0.07, "os": 0.15, "foss": 1.0, "juv": 0.0, "B": 0.43, "Q": 1.66, "w": 11.57, "h": 0.07, "S": 0.27132, "elv": "Juvo", "km": 2.7}}, {"type": "Feature", "geometry": {"type": "LineString", "coordinates": [[6.8856, 59.66377], [6.88418, 59.66328]]}, "properties": {"P": 23.08, "tau": 208.75, "tau_c": 364.2, "omega": 430.34, "M": 0.57, "D": 0.01, "R": 0.28, "sving": 0.02, "os": 0.23, "foss": 1.0, "juv": 0.0, "B": 0.43, "Q": 1.66, "w": 11.62, "h": 0.07, "S": 0.30674, "elv": "Juvo", "km": 2.8}}, {"type": "Feature", "geometry": {"type": "LineString", "coordinates": [[6.88418, 59.66328], [6.88294, 59.66264]]}, "properties": {"P": 24.12, "tau": 189.96, "tau_c": 364.2, "omega": 375.73, "M": 0.52, "D": 0.01, "R": 0.21, "sving": 0.08, "os": 0.35, "foss": 1.0, "juv": 0.0, "B": 0.43, "Q": 1.66, "w": 11.7, "h": 0.07, "S": 0.26921, "elv": "Juvo", "km": 2.9}}, {"type": "Feature", "geometry": {"type": "LineString", "coordinates": [[6.88294, 59.66264], [6.88171, 59.66201]]}, "properties": {"P": 27.01, "tau": 213.63, "tau_c": 364.2, "omega": 445.74, "M": 0.59, "D": 0.01, "R": 0.29, "sving": 0.07, "os": 0.45, "foss": 1.0, "juv": 0.0, "B": 0.43, "Q": 1.71, "w": 11.78, "h": 0.07, "S": 0.31318, "elv": "Juvo", "km": 3.0}}, {"type": "Feature", "geometry": {"type": "LineString", "coordinates": [[6.88171, 59.66201], [6.88066, 59.66135]]}, "properties": {"P": 25.12, "tau": 201.09, "tau_c": 364.2, "omega": 410.08, "M": 0.55, "D": 0.01, "R": 0.25, "sving": 0.01, "os": 0.43, "foss": 1.0, "juv": 0.0, "B": 0.43, "Q": 1.76, "w": 11.86, "h": 0.07, "S": 0.28154, "elv": "Juvo", "km": 3.1}}, {"type": "Feature", "geometry": {"type": "LineString", "coordinates": [[6.88066, 59.66135], [6.87945, 59.66073]]}, "properties": {"P": 24.48, "tau": 211.65, "tau_c": 364.2, "omega": 441.27, "M": 0.58, "D": 0.01, "R": 0.29, "sving": 0.0, "os": 0.32, "foss": 1.0, "juv": 0.0, "B": 0.43, "Q": 1.77, "w": 11.93, "h": 0.07, "S": 0.30302, "elv": "Juvo", "km": 3.2}}, {"type": "Feature", "geometry": {"type": "LineString", "coordinates": [[6.87945, 59.66073], [6.87826, 59.66009]]}, "properties": {"P": 23.3, "tau": 211.34, "tau_c": 364.2, "omega": 442.11, "M": 0.58, "D": 0.01, "R": 0.29, "sving": 0.01, "os": 0.22, "foss": 1.0, "juv": 0.0, "B": 0.43, "Q": 1.77, "w": 11.58, "h": 0.07, "S": 0.29431, "elv": "Juvo", "km": 3.3}}, {"type": "Feature", "geometry": {"type": "LineString", "coordinates": [[6.87826, 59.66009], [6.87701, 59.65946]]}, "properties": {"P": 21.91, "tau": 191.05, "tau_c": 364.2, "omega": 382.65, "M": 0.52, "D": 0.04, "R": 0.22, "sving": 0.07, "os": 0.15, "foss": 1.0, "juv": 0.0, "B": 0.43, "Q": 1.77, "w": 11.59, "h": 0.08, "S": 0.25471, "elv": "Juvo", "km": 3.4}}, {"type": "Feature", "geometry": {"type": "LineString", "coordinates": [[6.87701, 59.65946], [6.87585, 59.65879]]}, "properties": {"P": 22.62, "tau": 203.03, "tau_c": 364.2, "omega": 417.47, "M": 0.56, "D": 0.03, "R": 0.26, "sving": 0.01, "os": 0.2, "foss": 1.0, "juv": 0.0, "B": 0.43, "Q": 1.78, "w": 11.59, "h": 0.07, "S": 0.27785, "elv": "Juvo", "km": 3.5}}, {"type": "Feature", "geometry": {"type": "LineString", "coordinates": [[6.87585, 59.65879], [6.87488, 59.65804]]}, "properties": {"P": 28.07, "tau": 179.88, "tau_c": 352.04, "omega": 351.03, "M": 0.51, "D": 0.06, "R": 0.2, "sving": 0.34, "os": 0.34, "foss": 1.0, "juv": 0.0, "B": 0.43, "Q": 1.78, "w": 11.6, "h": 0.08, "S": 0.23359, "elv": "Juvo", "km": 3.6}}, {"type": "Feature", "geometry": {"type": "LineString", "coordinates": [[6.87488, 59.65804], [6.87371, 59.65739]]}, "properties": {"P": 30.67, "tau": 192.06, "tau_c": 363.29, "omega": 387.31, "M": 0.53, "D": 0.03, "R": 0.22, "sving": 0.31, "os": 0.55, "foss": 1.0, "juv": 0.0, "B": 0.43, "Q": 1.78, "w": 11.2, "h": 0.08, "S": 0.24876, "elv": "Juvo", "km": 3.7}}, {"type": "Feature", "geometry": {"type": "LineString", "coordinates": [[6.87371, 59.65739], [6.87392, 59.65653]]}, "properties": {"P": 35.5, "tau": 164.78, "tau_c": 325.48, "omega": 311.04, "M": 0.51, "D": 0.05, "R": 0.19, "sving": 0.35, "os": 0.9, "foss": 1.0, "juv": 0.0, "B": 0.43, "Q": 1.78, "w": 11.2, "h": 0.08, "S": 0.19967, "elv": "Juvo", "km": 3.8}}, {"type": "Feature", "geometry": {"type": "LineString", "coordinates": [[6.99434, 59.67928], [6.99312, 59.67991]]}, "properties": {"P": 12.11, "tau": 107.97, "tau_c": 358.72, "omega": 148.83, "M": 0.3, "D": 0.0, "R": 0.03, "sving": 0.15, "os": 0.0, "foss": 1.0, "juv": 0.0, "B": 0.32, "Q": 0.38, "w": 6.0, "h": 0.05, "S": 0.24254, "elv": "Taklibekken", "km": 0.8}}, {"type": "Feature", "geometry": {"type": "LineString", "coordinates": [[6.99312, 59.67991], [6.9919, 59.68053]]}, "properties": {"P": 12.0, "tau": 123.45, "tau_c": 364.2, "omega": 180.36, "M": 0.34, "D": 0.0, "R": 0.05, "sving": 0.11, "os": 0.0, "foss": 1.0, "juv": 0.0, "B": 0.32, "Q": 0.38, "w": 6.0, "h": 0.04, "S": 0.29323, "elv": "Taklibekken", "km": 0.9}}, {"type": "Feature", "geometry": {"type": "LineString", "coordinates": [[6.9919, 59.68053], [6.99061, 59.68114]]}, "properties": {"P": 12.23, "tau": 141.08, "tau_c": 364.2, "omega": 221.55, "M": 0.39, "D": 0.0, "R": 0.08, "sving": 0.05, "os": 0.0, "foss": 1.0, "juv": 0.0, "B": 0.33, "Q": 0.42, "w": 6.0, "h": 0.04, "S": 0.32379, "elv": "Taklibekken", "km": 1.0}}, {"type": "Feature", "geometry": {"type": "LineString", "coordinates": [[6.99061, 59.68114], [6.9895, 59.68183]]}, "properties": {"P": 13.48, "tau": 143.24, "tau_c": 364.2, "omega": 226.7, "M": 0.39, "D": 0.06, "R": 0.08, "sving": 0.01, "os": 0.07, "foss": 1.0, "juv": 0.0, "B": 0.33, "Q": 0.42, "w": 6.0, "h": 0.04, "S": 0.32849, "elv": "Taklibekken", "km": 1.1}}, {"type": "Feature", "geometry": {"type": "LineString", "coordinates": [[6.9895, 59.68183], [6.98846, 59.68254]]}, "properties": {"P": 15.76, "tau": 135.08, "tau_c": 364.2, "omega": 208.66, "M": 0.37, "D": 0.17, "R": 0.07, "sving": 0.07, "os": 0.11, "foss": 1.0, "juv": 0.0, "B": 0.33, "Q": 0.43, "w": 6.0, "h": 0.05, "S": 0.29979, "elv": "Taklibekken", "km": 1.2}}, {"type": "Feature", "geometry": {"type": "LineString", "coordinates": [[6.98622, 59.68387], [6.98464, 59.68427]]}, "properties": {"P": 56.89, "tau": 427.83, "tau_c": 346.97, "omega": 1492.67, "M": 1.23, "D": 0.0, "R": 0.95, "sving": 0.17, "os": 0.45, "foss": 1.0, "juv": 0.0, "B": 0.57, "Q": 16.41, "w": 24.47, "h": 0.19, "S": 0.22691, "elv": "Taklibekken", "km": 1.5}}, {"type": "Feature", "geometry": {"type": "LineString", "coordinates": [[6.98912, 59.65902], [6.98765, 59.65866]]}, "properties": {"P": 33.72, "tau": 224.19, "tau_c": 364.2, "omega": 492.21, "M": 0.62, "D": 0.0, "R": 0.33, "sving": 0.31, "os": 0.68, "foss": 1.0, "juv": 0.0, "B": 0.42, "Q": 1.78, "w": 9.7, "h": 0.08, "S": 0.274, "elv": "Havreåa", "km": 0.4}}, {"type": "Feature", "geometry": {"type": "LineString", "coordinates": [[6.98765, 59.65866], [6.98588, 59.65861]]}, "properties": {"P": 37.25, "tau": 185.36, "tau_c": 351.23, "omega": 369.04, "M": 0.53, "D": 0.1, "R": 0.22, "sving": 0.38, "os": 0.93, "foss": 1.0, "juv": 0.0, "B": 0.43, "Q": 1.78, "w": 11.01, "h": 0.08, "S": 0.23252, "elv": "Havreåa", "km": 0.5}}, {"type": "Feature", "geometry": {"type": "LineString", "coordinates": [[6.98588, 59.65861], [6.98413, 59.65853]]}, "properties": {"P": 31.29, "tau": 157.59, "tau_c": 318.13, "omega": 291.22, "M": 0.5, "D": 0.21, "R": 0.18, "sving": 0.18, "os": 0.56, "foss": 1.0, "juv": 0.0, "B": 0.43, "Q": 1.93, "w": 12.39, "h": 0.08, "S": 0.19076, "elv": "Havreåa", "km": 0.6}}, {"type": "Feature", "geometry": {"type": "LineString", "coordinates": [[6.98413, 59.65853], [6.98239, 59.65838]]}, "properties": {"P": 27.01, "tau": 97.75, "tau_c": 226.54, "omega": 146.85, "M": 0.43, "D": 0.32, "R": 0.12, "sving": 0.05, "os": 0.34, "foss": 1.0, "juv": 0.0, "B": 0.43, "Q": 1.95, "w": 12.59, "h": 0.1, "S": 0.09673, "elv": "Havreåa", "km": 0.7}}, {"type": "Feature", "geometry": {"type": "LineString", "coordinates": [[6.98239, 59.65838], [6.98063, 59.65841]]}, "properties": {"P": 19.78, "tau": 78.83, "tau_c": 191.14, "omega": 108.45, "M": 0.41, "D": 0.25, "R": 0.1, "sving": 0.04, "os": 0.21, "foss": 0.72, "juv": 0.0, "B": 0.43, "Q": 2.05, "w": 12.79, "h": 0.12, "S": 0.06886, "elv": "Havreåa", "km": 0.8}}, {"type": "Feature", "geometry": {"type": "LineString", "coordinates": [[6.98063, 59.65841], [6.97888, 59.65848]]}, "properties": {"P": 20.57, "tau": 81.46, "tau_c": 195.35, "omega": 113.75, "M": 0.42, "D": 0.15, "R": 0.1, "sving": 0.01, "os": 0.13, "foss": 1.0, "juv": 0.0, "B": 0.44, "Q": 2.08, "w": 12.9, "h": 0.12, "S": 0.07193, "elv": "Havreåa", "km": 0.9}}, {"type": "Feature", "geometry": {"type": "LineString", "coordinates": [[6.97888, 59.65848], [6.97711, 59.65849]]}, "properties": {"P": 18.65, "tau": 80.09, "tau_c": 193.57, "omega": 110.93, "M": 0.41, "D": 0.04, "R": 0.1, "sving": 0.07, "os": 0.08, "foss": 1.0, "juv": 0.0, "B": 0.44, "Q": 2.09, "w": 13.03, "h": 0.12, "S": 0.07063, "elv": "Havreåa", "km": 1.0}}, {"type": "Feature", "geometry": {"type": "LineString", "coordinates": [[6.97711, 59.65849], [6.97536, 59.65838]]}, "properties": {"P": 17.54, "tau": 74.46, "tau_c": 183.32, "omega": 100.01, "M": 0.41, "D": 0.01, "R": 0.09, "sving": 0.12, "os": 0.0, "foss": 1.0, "juv": 0.0, "B": 0.44, "Q": 2.11, "w": 13.12, "h": 0.12, "S": 0.06334, "elv": "Havreåa", "km": 1.1}}, {"type": "Feature", "geometry": {"type": "LineString", "coordinates": [[6.97536, 59.65838], [6.97362, 59.65824]]}, "properties": {"P": 18.09, "tau": 87.97, "tau_c": 200.79, "omega": 128.04, "M": 0.44, "D": -0.0, "R": 0.12, "sving": 0.12, "os": 0.0, "foss": 1.0, "juv": 0.0, "B": 0.44, "Q": 2.15, "w": 12.52, "h": 0.12, "S": 0.07599, "elv": "Havreåa", "km": 1.2}}, {"type": "Feature", "geometry": {"type": "LineString", "coordinates": [[6.97362, 59.65824], [6.9719, 59.65803]]}, "properties": {"P": 16.8, "tau": 89.24, "tau_c": 201.87, "omega": 130.91, "M": 0.44, "D": -0.0, "R": 0.13, "sving": 0.02, "os": 0.0, "foss": 1.0, "juv": 0.0, "B": 0.44, "Q": 2.2, "w": 12.65, "h": 0.12, "S": 0.07681, "elv": "Havreåa", "km": 1.3}}, {"type": "Feature", "geometry": {"type": "LineString", "coordinates": [[6.9719, 59.65803], [6.97023, 59.65775]]}, "properties": {"P": 17.03, "tau": 97.08, "tau_c": 214.74, "omega": 147.67, "M": 0.45, "D": -0.0, "R": 0.14, "sving": 0.02, "os": 0.0, "foss": 1.0, "juv": 0.0, "B": 0.44, "Q": 2.21, "w": 12.76, "h": 0.11, "S": 0.08691, "elv": "Havreåa", "km": 1.4}}, {"type": "Feature", "geometry": {"type": "LineString", "coordinates": [[6.97023, 59.65775], [6.96849, 59.6576]]}, "properties": {"P": 17.72, "tau": 107.43, "tau_c": 228.28, "omega": 171.35, "M": 0.47, "D": -0.0, "R": 0.15, "sving": 0.03, "os": 0.0, "foss": 1.0, "juv": 0.0, "B": 0.44, "Q": 2.29, "w": 12.86, "h": 0.11, "S": 0.09822, "elv": "Havreåa", "km": 1.5}}, {"type": "Feature", "geometry": {"type": "LineString", "coordinates": [[6.96849, 59.6576], [6.96679, 59.65743]]}, "properties": {"P": 19.03, "tau": 137.87, "tau_c": 273.4, "omega": 244.83, "M": 0.5, "D": -0.0, "R": 0.19, "sving": 0.06, "os": 0.0, "foss": 1.0, "juv": 0.0, "B": 0.44, "Q": 2.3, "w": 12.96, "h": 0.1, "S": 0.14089, "elv": "Havreåa", "km": 1.6}}, {"type": "Feature", "geometry": {"type": "LineString", "coordinates": [[6.96679, 59.65743], [6.96512, 59.65728]]}, "properties": {"P": 19.72, "tau": 150.43, "tau_c": 297.21, "omega": 275.71, "M": 0.51, "D": -0.0, "R": 0.19, "sving": 0.1, "os": 0.0, "foss": 1.0, "juv": 0.0, "B": 0.44, "Q": 2.32, "w": 13.75, "h": 0.09, "S": 0.16649, "elv": "Havreåa", "km": 1.7}}, {"type": "Feature", "geometry": {"type": "LineString", "coordinates": [[6.96512, 59.65728], [6.96376, 59.65693]]}, "properties": {"P": 18.78, "tau": 160.67, "tau_c": 309.76, "omega": 303.55, "M": 0.52, "D": -0.0, "R": 0.21, "sving": 0.01, "os": 0.0, "foss": 1.0, "juv": 0.0, "B": 0.44, "Q": 2.37, "w": 13.83, "h": 0.09, "S": 0.18085, "elv": "Havreåa", "km": 1.8}}, {"type": "Feature", "geometry": {"type": "LineString", "coordinates": [[6.96376, 59.65693], [6.96225, 59.65657]]}, "properties": {"P": 19.28, "tau": 170.48, "tau_c": 322.14, "omega": 330.81, "M": 0.53, "D": 0.0, "R": 0.22, "sving": 0.02, "os": 0.0, "foss": 1.0, "juv": 0.0, "B": 0.44, "Q": 2.4, "w": 13.93, "h": 0.09, "S": 0.1956, "elv": "Havreåa", "km": 1.9}}, {"type": "Feature", "geometry": {"type": "LineString", "coordinates": [[6.96225, 59.65657], [6.96053, 59.65642]]}, "properties": {"P": 21.39, "tau": 163.75, "tau_c": 312.9, "omega": 312.3, "M": 0.52, "D": 0.03, "R": 0.21, "sving": 0.14, "os": 0.0, "foss": 1.0, "juv": 0.0, "B": 0.44, "Q": 2.42, "w": 14.04, "h": 0.09, "S": 0.18453, "elv": "Havreåa", "km": 2.0}}, {"type": "Feature", "geometry": {"type": "LineString", "coordinates": [[6.96053, 59.65642], [6.95884, 59.65622]]}, "properties": {"P": 21.45, "tau": 160.16, "tau_c": 306.93, "omega": 302.9, "M": 0.52, "D": 0.05, "R": 0.21, "sving": 0.12, "os": 0.0, "foss": 1.0, "juv": 0.0, "B": 0.45, "Q": 2.47, "w": 14.18, "h": 0.09, "S": 0.17756, "elv": "Havreåa", "km": 2.1}}, {"type": "Feature", "geometry": {"type": "LineString", "coordinates": [[6.95884, 59.65622], [6.95709, 59.65614]]}, "properties": {"P": 20.52, "tau": 139.57, "tau_c": 276.88, "omega": 249.1, "M": 0.5, "D": 0.08, "R": 0.19, "sving": 0.04, "os": 0.0, "foss": 1.0, "juv": 0.0, "B": 0.45, "Q": 2.51, "w": 14.3, "h": 0.1, "S": 0.1445, "elv": "Havreåa", "km": 2.2}}, {"type": "Feature", "geometry": {"type": "LineString", "coordinates": [[6.95709, 59.65614], [6.95537, 59.65602]]}, "properties": {"P": 20.55, "tau": 140.82, "tau_c": 275.33, "omega": 253.28, "M": 0.51, "D": 0.07, "R": 0.2, "sving": 0.04, "os": 0.0, "foss": 1.0, "juv": 0.0, "B": 0.45, "Q": 2.61, "w": 14.42, "h": 0.1, "S": 0.14288, "elv": "Havreåa", "km": 2.3}}, {"type": "Feature", "geometry": {"type": "LineString", "coordinates": [[6.95537, 59.65602], [6.95366, 59.65596]]}, "properties": {"P": 19.49, "tau": 131.92, "tau_c": 262.96, "omega": 230.63, "M": 0.5, "D": 0.05, "R": 0.19, "sving": 0.0, "os": 0.0, "foss": 1.0, "juv": 0.0, "B": 0.45, "Q": 2.62, "w": 14.52, "h": 0.1, "S": 0.13033, "elv": "Havreåa", "km": 2.4}}, {"type": "Feature", "geometry": {"type": "LineString", "coordinates": [[6.95366, 59.65596], [6.95199, 59.65567]]}, "properties": {"P": 18.99, "tau": 127.09, "tau_c": 256.07, "omega": 218.66, "M": 0.5, "D": 0.02, "R": 0.18, "sving": 0.02, "os": 0.0, "foss": 1.0, "juv": 0.0, "B": 0.45, "Q": 2.63, "w": 14.6, "h": 0.1, "S": 0.12359, "elv": "Havreåa", "km": 2.5}}, {"type": "Feature", "geometry": {"type": "LineString", "coordinates": [[6.95199, 59.65567], [6.95023, 59.65558]]}, "properties": {"P": 19.44, "tau": 134.09, "tau_c": 265.93, "omega": 236.14, "M": 0.5, "D": 0.01, "R": 0.19, "sving": 0.05, "os": 0.0, "foss": 1.0, "juv": 0.0, "B": 0.45, "Q": 2.64, "w": 14.63, "h": 0.1, "S": 0.1333, "elv": "Havreåa", "km": 2.6}}, {"type": "Feature", "geometry": {"type": "LineString", "coordinates": [[6.95023, 59.65558], [6.9485, 59.6555]]}, "properties": {"P": 23.42, "tau": 160.65, "tau_c": 302.94, "omega": 305.8, "M": 0.53, "D": -0.0, "R": 0.22, "sving": 0.29, "os": 0.0, "foss": 1.0, "juv": 0.0, "B": 0.45, "Q": 2.66, "w": 14.76, "h": 0.09, "S": 0.17297, "elv": "Havreåa", "km": 2.7}}, {"type": "Feature", "geometry": {"type": "LineString", "coordinates": [[6.9485, 59.6555], [6.94678, 59.65555]]}, "properties": {"P": 21.75, "tau": 160.45, "tau_c": 303.93, "omega": 304.9, "M": 0.53, "D": -0.0, "R": 0.22, "sving": 0.1, "os": 0.07, "foss": 1.0, "juv": 0.0, "B": 0.45, "Q": 2.66, "w": 14.91, "h": 0.09, "S": 0.17411, "elv": "Havreåa", "km": 2.8}}, {"type": "Feature", "geometry": {"type": "LineString", "coordinates": [[6.94678, 59.65555], [6.94522, 59.65593]]}, "properties": {"P": 23.31, "tau": 158.24, "tau_c": 293.13, "omega": 301.43, "M": 0.54, "D": -0.0, "R": 0.23, "sving": 0.13, "os": 0.11, "foss": 1.0, "juv": 0.0, "B": 0.46, "Q": 2.86, "w": 15.07, "h": 0.1, "S": 0.16195, "elv": "Havreåa", "km": 2.9}}, {"type": "Feature", "geometry": {"type": "LineString", "coordinates": [[6.94522, 59.65593], [6.94348, 59.65609]]}, "properties": {"P": 26.08, "tau": 188.81, "tau_c": 331.79, "omega": 388.49, "M": 0.57, "D": -0.0, "R": 0.27, "sving": 0.19, "os": 0.19, "foss": 1.0, "juv": 0.0, "B": 0.46, "Q": 2.9, "w": 15.21, "h": 0.09, "S": 0.2075, "elv": "Havreåa", "km": 3.0}}, {"type": "Feature", "geometry": {"type": "LineString", "coordinates": [[6.94348, 59.65609], [6.94182, 59.65631]]}, "properties": {"P": 27.53, "tau": 213.21, "tau_c": 350.54, "omega": 466.79, "M": 0.61, "D": -0.0, "R": 0.32, "sving": 0.04, "os": 0.3, "foss": 1.0, "juv": 0.06, "B": 0.46, "Q": 2.93, "w": 14.28, "h": 0.09, "S": 0.2316, "elv": "Havreåa", "km": 3.1}}, {"type": "Feature", "geometry": {"type": "LineString", "coordinates": [[6.94182, 59.65631], [6.94033, 59.65679]]}, "properties": {"P": 34.06, "tau": 234.42, "tau_c": 362.91, "omega": 539.92, "M": 0.65, "D": -0.0, "R": 0.37, "sving": 0.19, "os": 0.49, "foss": 1.0, "juv": 0.12, "B": 0.46, "Q": 2.93, "w": 13.23, "h": 0.1, "S": 0.24823, "elv": "Havreåa", "km": 3.2}}, {"type": "Feature", "geometry": {"type": "LineString", "coordinates": [[6.92713, 59.66041], [6.92707, 59.65956]]}, "properties": {"P": 10.15, "tau": 112.85, "tau_c": 364.2, "omega": 147.25, "M": 0.31, "D": 0.0, "R": 0.03, "sving": 0.04, "os": 0.0, "foss": 1.0, "juv": 0.0, "B": 0.3, "Q": 0.22, "w": 6.0, "h": 0.03, "S": 0.4118, "elv": "bekk", "km": 0.9}}, {"type": "Feature", "geometry": {"type": "LineString", "coordinates": [[6.92707, 59.65956], [6.92708, 59.65867]]}, "properties": {"P": 10.62, "tau": 112.22, "tau_c": 364.2, "omega": 147.6, "M": 0.31, "D": 0.0, "R": 0.03, "sving": 0.09, "os": 0.0, "foss": 1.0, "juv": 0.0, "B": 0.3, "Q": 0.24, "w": 6.0, "h": 0.03, "S": 0.38286, "elv": "bekk", "km": 1.0}}, {"type": "Feature", "geometry": {"type": "LineString", "coordinates": [[6.92708, 59.65867], [6.92668, 59.65781]]}, "properties": {"P": 10.99, "tau": 116.98, "tau_c": 364.2, "omega": 159.81, "M": 0.32, "D": 0.0, "R": 0.04, "sving": 0.1, "os": 0.0, "foss": 1.0, "juv": 0.0, "B": 0.3, "Q": 0.27, "w": 6.0, "h": 0.03, "S": 0.35843, "elv": "bekk", "km": 1.1}}, {"type": "Feature", "geometry": {"type": "LineString", "coordinates": [[6.92668, 59.65781], [6.92616, 59.65696]]}, "properties": {"P": 12.4, "tau": 118.87, "tau_c": 364.2, "omega": 165.24, "M": 0.33, "D": 0.06, "R": 0.04, "sving": 0.14, "os": 0.0, "foss": 1.0, "juv": 0.0, "B": 0.31, "Q": 0.29, "w": 6.0, "h": 0.04, "S": 0.34341, "elv": "bekk", "km": 1.2}}, {"type": "Feature", "geometry": {"type": "LineString", "coordinates": [[6.92616, 59.65696], [6.92565, 59.6561]]}, "properties": {"P": 14.53, "tau": 116.4, "tau_c": 364.2, "omega": 162.15, "M": 0.32, "D": 0.16, "R": 0.04, "sving": 0.21, "os": 0.0, "foss": 1.0, "juv": 0.0, "B": 0.31, "Q": 0.32, "w": 6.0, "h": 0.04, "S": 0.3104, "elv": "bekk", "km": 1.3}}, {"type": "Feature", "geometry": {"type": "LineString", "coordinates": [[6.95712, 59.69279], [6.95756, 59.69199]]}, "properties": {"P": 16.3, "tau": 224.72, "tau_c": 364.2, "omega": 449.72, "M": 0.62, "D": 0.0, "R": 0.33, "sving": 0.57, "os": 0.0, "foss": 1.0, "juv": 0.0, "B": 0.25, "Q": 0.7, "w": 7.56, "h": 0.05, "S": 0.49155, "elv": "Flesåa", "km": 0.0}}, {"type": "Feature", "geometry": {"type": "LineString", "coordinates": [[6.95756, 59.69199], [6.95894, 59.69144]]}, "properties": {"P": 18.2, "tau": 221.43, "tau_c": 364.2, "omega": 440.31, "M": 0.61, "D": 0.0, "R": 0.32, "sving": 0.06, "os": 0.0, "foss": 1.0, "juv": 0.0, "B": 0.37, "Q": 0.7, "w": 7.56, "h": 0.05, "S": 0.48145, "elv": "Flesåa", "km": 0.1}}, {"type": "Feature", "geometry": {"type": "LineString", "coordinates": [[6.95894, 59.69144], [6.96039, 59.691]]}, "properties": {"P": 18.48, "tau": 234.81, "tau_c": 364.2, "omega": 478.93, "M": 0.64, "D": 0.0, "R": 0.37, "sving": 0.0, "os": 0.0, "foss": 1.0, "juv": 0.0, "B": 0.37, "Q": 0.71, "w": 7.56, "h": 0.05, "S": 0.52321, "elv": "Flesåa", "km": 0.2}}, {"type": "Feature", "geometry": {"type": "LineString", "coordinates": [[6.96039, 59.691], [6.96099, 59.69026]]}, "properties": {"P": 18.91, "tau": 232.34, "tau_c": 364.2, "omega": 471.87, "M": 0.64, "D": 0.01, "R": 0.36, "sving": 0.04, "os": 0.0, "foss": 1.0, "juv": 0.0, "B": 0.37, "Q": 0.71, "w": 7.56, "h": 0.05, "S": 0.51439, "elv": "Flesåa", "km": 0.3}}, {"type": "Feature", "geometry": {"type": "LineString", "coordinates": [[6.96099, 59.69026], [6.96146, 59.6894]]}, "properties": {"P": 19.88, "tau": 237.25, "tau_c": 364.2, "omega": 486.2, "M": 0.65, "D": 0.04, "R": 0.38, "sving": 0.0, "os": 0.05, "foss": 1.0, "juv": 0.0, "B": 0.37, "Q": 0.71, "w": 7.57, "h": 0.05, "S": 0.53021, "elv": "Flesåa", "km": 0.4}}, {"type": "Feature", "geometry": {"type": "LineString", "coordinates": [[6.96146, 59.6894], [6.96275, 59.68899]]}, "properties": {"P": 21.8, "tau": 218.1, "tau_c": 364.2, "omega": 430.6, "M": 0.6, "D": 0.07, "R": 0.31, "sving": 0.22, "os": 0.08, "foss": 1.0, "juv": 0.0, "B": 0.37, "Q": 0.71, "w": 7.62, "h": 0.05, "S": 0.4731, "elv": "Flesåa", "km": 0.5}}, {"type": "Feature", "geometry": {"type": "LineString", "coordinates": [[6.96275, 59.68899], [6.96423, 59.68855]]}, "properties": {"P": 20.39, "tau": 190.1, "tau_c": 364.2, "omega": 353.37, "M": 0.52, "D": 0.11, "R": 0.21, "sving": 0.16, "os": 0.12, "foss": 1.0, "juv": 0.0, "B": 0.37, "Q": 0.71, "w": 7.68, "h": 0.05, "S": 0.39109, "elv": "Flesåa", "km": 0.6}}, {"type": "Feature", "geometry": {"type": "LineString", "coordinates": [[6.96423, 59.68855], [6.96563, 59.68806]]}, "properties": {"P": 22.26, "tau": 195.61, "tau_c": 364.2, "omega": 371.37, "M": 0.54, "D": 0.13, "R": 0.23, "sving": 0.18, "os": 0.19, "foss": 1.0, "juv": 0.0, "B": 0.37, "Q": 0.76, "w": 7.74, "h": 0.05, "S": 0.38559, "elv": "Flesåa", "km": 0.7}}, {"type": "Feature", "geometry": {"type": "LineString", "coordinates": [[6.96563, 59.68806], [6.96677, 59.68739]]}, "properties": {"P": 24.33, "tau": 151.62, "tau_c": 364.2, "omega": 257.22, "M": 0.42, "D": 0.16, "R": 0.1, "sving": 0.43, "os": 0.29, "foss": 1.0, "juv": 0.0, "B": 0.37, "Q": 0.76, "w": 7.89, "h": 0.06, "S": 0.27219, "elv": "Flesåa", "km": 0.8}}, {"type": "Feature", "geometry": {"type": "LineString", "coordinates": [[6.96677, 59.68739], [6.96761, 59.68668]]}, "properties": {"P": 26.1, "tau": 128.04, "tau_c": 340.24, "omega": 201.3, "M": 0.38, "D": 0.13, "R": 0.07, "sving": 0.52, "os": 0.45, "foss": 1.0, "juv": 0.0, "B": 0.37, "Q": 0.76, "w": 8.1, "h": 0.06, "S": 0.21819, "elv": "Flesåa", "km": 0.9}}, {"type": "Feature", "geometry": {"type": "LineString", "coordinates": [[6.96761, 59.68668], [6.96749, 59.68612]]}, "properties": {"P": 24.12, "tau": 133.49, "tau_c": 338.4, "omega": 216.16, "M": 0.39, "D": 0.08, "R": 0.08, "sving": 0.42, "os": 0.66, "foss": 0.72, "juv": 0.0, "B": 0.38, "Q": 0.86, "w": 8.45, "h": 0.06, "S": 0.21583, "elv": "Flesåa", "km": 1.0}}, {"type": "Feature", "geometry": {"type": "LineString", "coordinates": [[6.96749, 59.68612], [6.9668, 59.68533]]}, "properties": {"P": 28.51, "tau": 135.75, "tau_c": 341.06, "omega": 221.81, "M": 0.4, "D": 0.08, "R": 0.09, "sving": 0.25, "os": 0.9, "foss": 1.0, "juv": 0.0, "B": 0.38, "Q": 0.91, "w": 8.81, "h": 0.06, "S": 0.21924, "elv": "Flesåa", "km": 1.1}}, {"type": "Feature", "geometry": {"type": "LineString", "coordinates": [[6.9668, 59.68533], [6.96612, 59.68451]]}, "properties": {"P": 26.12, "tau": 133.18, "tau_c": 310.88, "omega": 221.3, "M": 0.43, "D": 0.14, "R": 0.11, "sving": 0.05, "os": 0.69, "foss": 1.0, "juv": 0.0, "B": 0.4, "Q": 1.14, "w": 9.17, "h": 0.07, "S": 0.18215, "elv": "Flesåa", "km": 1.2}}, {"type": "Feature", "geometry": {"type": "LineString", "coordinates": [[6.91646, 59.68096], [6.91671, 59.68008]]}, "properties": {"P": 13.01, "tau": 117.95, "tau_c": 364.2, "omega": 153.06, "M": 0.32, "D": 0.0, "R": 0.04, "sving": 0.19, "os": 0.14, "foss": 1.0, "juv": 0.0, "B": 0.3, "Q": 0.18, "w": 6.0, "h": 0.02, "S": 0.51064, "elv": "bekk", "km": 1.1}}, {"type": "Feature", "geometry": {"type": "LineString", "coordinates": [[6.91671, 59.68008], [6.9167, 59.67925]]}, "properties": {"P": 15.78, "tau": 122.16, "tau_c": 364.2, "omega": 162.91, "M": 0.34, "D": 0.0, "R": 0.04, "sving": 0.38, "os": 0.23, "foss": 1.0, "juv": 0.0, "B": 0.3, "Q": 0.2, "w": 6.0, "h": 0.02, "S": 0.49818, "elv": "bekk", "km": 1.2}}, {"type": "Feature", "geometry": {"type": "LineString", "coordinates": [[6.9167, 59.67925], [6.91728, 59.6784]]}, "properties": {"P": 16.93, "tau": 134.87, "tau_c": 364.2, "omega": 190.99, "M": 0.37, "D": 0.02, "R": 0.07, "sving": 0.33, "os": 0.34, "foss": 1.0, "juv": 0.0, "B": 0.3, "Q": 0.23, "w": 6.0, "h": 0.03, "S": 0.51504, "elv": "bekk", "km": 1.3}}, {"type": "Feature", "geometry": {"type": "LineString", "coordinates": [[6.91728, 59.6784], [6.9187, 59.67797]]}, "properties": {"P": 20.52, "tau": 113.02, "tau_c": 364.2, "omega": 148.89, "M": 0.31, "D": 0.06, "R": 0.03, "sving": 0.52, "os": 0.54, "foss": 1.0, "juv": 0.0, "B": 0.3, "Q": 0.23, "w": 6.0, "h": 0.03, "S": 0.39028, "elv": "bekk", "km": 1.4}}, {"type": "Feature", "geometry": {"type": "LineString", "coordinates": [[6.94932, 59.68899], [6.95051, 59.68836]]}, "properties": {"P": 14.39, "tau": 109.46, "tau_c": 364.2, "omega": 134.29, "M": 0.3, "D": 0.01, "R": 0.03, "sving": 0.42, "os": 0.0, "foss": 1.0, "juv": 0.0, "B": 0.31, "Q": 0.15, "w": 6.0, "h": 0.02, "S": 0.53239, "elv": "bekk", "km": 0.0}}, {"type": "Feature", "geometry": {"type": "LineString", "coordinates": [[6.9661, 59.68674], [6.96704, 59.68602]]}, "properties": {"P": 25.03, "tau": 180.67, "tau_c": 364.2, "omega": 333.37, "M": 0.5, "D": -0.0, "R": 0.18, "sving": 0.72, "os": 0.1, "foss": 1.0, "juv": 0.0, "B": 0.38, "Q": 0.76, "w": 7.4, "h": 0.06, "S": 0.33068, "elv": "bekk", "km": 1.3}}, {"type": "Feature", "geometry": {"type": "LineString", "coordinates": [[6.95508, 59.67379], [6.95566, 59.67304]]}, "properties": {"P": 34.21, "tau": 357.24, "tau_c": 318.38, "omega": 1140.2, "M": 1.12, "D": 0.03, "R": 0.89, "sving": 0.03, "os": 0.26, "foss": 1.0, "juv": 0.0, "B": 0.39, "Q": 19.43, "w": 31.94, "h": 0.19, "S": 0.19106, "elv": "Nordmorkåa", "km": 0.0}}, {"type": "Feature", "geometry": {"type": "LineString", "coordinates": [[6.95566, 59.67304], [6.95609, 59.6723]]}, "properties": {"P": 55.88, "tau": 326.35, "tau_c": 306.12, "omega": 994.12, "M": 1.07, "D": 0.06, "R": 0.85, "sving": 0.19, "os": 0.4, "foss": 1.0, "juv": 0.0, "B": 0.58, "Q": 19.43, "w": 33.87, "h": 0.19, "S": 0.17663, "elv": "Nordmorkåa", "km": 0.1}}, {"type": "Feature", "geometry": {"type": "LineString", "coordinates": [[6.95609, 59.6723], [6.95672, 59.67158]]}, "properties": {"P": 61.46, "tau": 281.78, "tau_c": 282.5, "omega": 799.68, "M": 1.0, "D": 0.09, "R": 0.79, "sving": 0.34, "os": 0.61, "foss": 1.0, "juv": 0.0, "B": 0.58, "Q": 19.44, "w": 35.87, "h": 0.19, "S": 0.15042, "elv": "Nordmorkåa", "km": 0.2}}, {"type": "Feature", "geometry": {"type": "LineString", "coordinates": [[6.95672, 59.67158], [6.95673, 59.67077]]}, "properties": {"P": 67.3, "tau": 306.17, "tau_c": 292.36, "omega": 907.42, "M": 1.05, "D": 0.07, "R": 0.84, "sving": 0.28, "os": 0.95, "foss": 1.0, "juv": 0.0, "B": 0.58, "Q": 19.45, "w": 33.87, "h": 0.19, "S": 0.16111, "elv": "Nordmorkåa", "km": 0.3}}, {"type": "Feature", "geometry": {"type": "LineString", "coordinates": [[6.95673, 59.67077], [6.95585, 59.67002]]}, "properties": {"P": 59.77, "tau": 279.13, "tau_c": 271.72, "omega": 796.73, "M": 1.03, "D": 0.04, "R": 0.82, "sving": 0.2, "os": 0.67, "foss": 1.0, "juv": 0.0, "B": 0.58, "Q": 19.81, "w": 33.94, "h": 0.2, "S": 0.13916, "elv": "Nordmorkåa", "km": 0.4}}, {"type": "Feature", "geometry": {"type": "LineString", "coordinates": [[6.95585, 59.67002], [6.95506, 59.66923]]}, "properties": {"P": 52.3, "tau": 250.69, "tau_c": 251.41, "omega": 683.28, "M": 1.0, "D": 0.02, "R": 0.79, "sving": 0.11, "os": 0.43, "foss": 1.0, "juv": 0.0, "B": 0.58, "Q": 19.84, "w": 33.94, "h": 0.21, "S": 0.11913, "elv": "Nordmorkåa", "km": 0.5}}, {"type": "Feature", "geometry": {"type": "LineString", "coordinates": [[6.95506, 59.66923], [6.95486, 59.66844]]}, "properties": {"P": 51.27, "tau": 415.76, "tau_c": 361.45, "omega": 1409.1, "M": 1.15, "D": 0.0, "R": 0.91, "sving": 0.05, "os": 0.26, "foss": 1.0, "juv": 0.0, "B": 0.58, "Q": 19.85, "w": 34.02, "h": 0.17, "S": 0.24624, "elv": "Nordmorkåa", "km": 0.6}}, {"type": "Feature", "geometry": {"type": "LineString", "coordinates": [[6.95486, 59.66844], [6.95437, 59.66762]]}, "properties": {"P": 51.44, "tau": 492.04, "tau_c": 364.2, "omega": 1823.14, "M": 1.35, "D": 0.0, "R": 0.98, "sving": 0.02, "os": 0.17, "foss": 1.0, "juv": 0.0, "B": 0.58, "Q": 19.86, "w": 30.02, "h": 0.18, "S": 0.28095, "elv": "Nordmorkåa", "km": 0.7}}, {"type": "Feature", "geometry": {"type": "LineString", "coordinates": [[6.95437, 59.66762], [6.95368, 59.66681]]}, "properties": {"P": 53.36, "tau": 464.28, "tau_c": 364.2, "omega": 1663.72, "M": 1.27, "D": 0.02, "R": 0.96, "sving": 0.2, "os": 0.1, "foss": 1.0, "juv": 0.0, "B": 0.58, "Q": 19.87, "w": 32.02, "h": 0.17, "S": 0.27335, "elv": "Nordmorkåa", "km": 0.8}}, {"type": "Feature", "geometry": {"type": "LineString", "coordinates": [[6.95368, 59.66681], [6.95298, 59.66599]]}, "properties": {"P": 52.07, "tau": 450.28, "tau_c": 364.2, "omega": 1593.49, "M": 1.24, "D": 0.03, "R": 0.95, "sving": 0.17, "os": 0.06, "foss": 1.0, "juv": 0.0, "B": 0.58, "Q": 20.01, "w": 32.08, "h": 0.18, "S": 0.26049, "elv": "Nordmorkåa", "km": 0.9}}, {"type": "Feature", "geometry": {"type": "LineString", "coordinates": [[6.95298, 59.66599], [6.9519, 59.66529]]}, "properties": {"P": 46.05, "tau": 436.51, "tau_c": 364.2, "omega": 1512.32, "M": 1.2, "D": 0.09, "R": 0.93, "sving": 0.14, "os": 0.0, "foss": 0.72, "juv": 0.0, "B": 0.58, "Q": 20.03, "w": 34.08, "h": 0.17, "S": 0.26236, "elv": "Nordmorkåa", "km": 1.0}}, {"type": "Feature", "geometry": {"type": "LineString", "coordinates": [[6.9519, 59.66529], [6.95069, 59.66464]]}, "properties": {"P": 52.02, "tau": 431.46, "tau_c": 364.2, "omega": 1487.68, "M": 1.18, "D": 0.16, "R": 0.93, "sving": 0.1, "os": 0.0, "foss": 1.0, "juv": 0.0, "B": 0.58, "Q": 20.05, "w": 34.06, "h": 0.17, "S": 0.25765, "elv": "Nordmorkåa", "km": 1.1}}, {"type": "Feature", "geometry": {"type": "LineString", "coordinates": [[6.95069, 59.66464], [6.94945, 59.664]]}, "properties": {"P": 48.43, "tau": 275.56, "tau_c": 281.65, "omega": 771.66, "M": 0.98, "D": 0.26, "R": 0.78, "sving": 0.03, "os": 0.0, "foss": 1.0, "juv": 0.0, "B": 0.58, "Q": 20.06, "w": 38.14, "h": 0.19, "S": 0.14951, "elv": "Nordmorkåa", "km": 1.2}}, {"type": "Feature", "geometry": {"type": "LineString", "coordinates": [[6.94945, 59.664], [6.94834, 59.66331]]}, "properties": {"P": 46.51, "tau": 203.78, "tau_c": 221.64, "omega": 504.6, "M": 0.92, "D": 0.25, "R": 0.72, "sving": 0.03, "os": 0.0, "foss": 1.0, "juv": 0.0, "B": 0.58, "Q": 20.08, "w": 36.14, "h": 0.22, "S": 0.09259, "elv": "Nordmorkåa", "km": 1.3}}, {"type": "Feature", "geometry": {"type": "LineString", "coordinates": [[6.94834, 59.66331], [6.94738, 59.66256]]}, "properties": {"P": 45.73, "tau": 231.02, "tau_c": 242.23, "omega": 604.07, "M": 0.95, "D": 0.16, "R": 0.75, "sving": 0.05, "os": 0.0, "foss": 1.0, "juv": 0.0, "B": 0.58, "Q": 20.13, "w": 36.16, "h": 0.21, "S": 0.11059, "elv": "Nordmorkåa", "km": 1.4}}, {"type": "Feature", "geometry": {"type": "LineString", "coordinates": [[6.94738, 59.66256], [6.94628, 59.66186]]}, "properties": {"P": 35.95, "tau": 196.21, "tau_c": 215.7, "omega": 477.99, "M": 0.91, "D": 0.05, "R": 0.71, "sving": 0.01, "os": 0.0, "foss": 0.72, "juv": 0.0, "B": 0.58, "Q": 20.14, "w": 36.25, "h": 0.23, "S": 0.08769, "elv": "Nordmorkåa", "km": 1.5}}, {"type": "Feature", "geometry": {"type": "LineString", "coordinates": [[6.94628, 59.66186], [6.94522, 59.66115]]}, "properties": {"P": 41.39, "tau": 242.01, "tau_c": 250.5, "omega": 645.58, "M": 0.97, "D": -0.0, "R": 0.76, "sving": 0.0, "os": 0.0, "foss": 1.0, "juv": 0.0, "B": 0.58, "Q": 20.17, "w": 36.25, "h": 0.21, "S": 0.11828, "elv": "Nordmorkåa", "km": 1.6}}, {"type": "Feature", "geometry": {"type": "LineString", "coordinates": [[6.94522, 59.66115], [6.94405, 59.66048]]}, "properties": {"P": 38.65, "tau": 281.35, "tau_c": 278.68, "omega": 801.14, "M": 1.01, "D": -0.0, "R": 0.8, "sving": 0.01, "os": 0.06, "foss": 0.72, "juv": 0.0, "B": 0.58, "Q": 20.18, "w": 36.17, "h": 0.2, "S": 0.14637, "elv": "Nordmorkåa", "km": 1.7}}, {"type": "Feature", "geometry": {"type": "LineString", "coordinates": [[6.94405, 59.66048], [6.9431, 59.65973]]}, "properties": {"P": 42.45, "tau": 234.18, "tau_c": 250.11, "omega": 611.81, "M": 0.94, "D": -0.0, "R": 0.73, "sving": 0.01, "os": 0.1, "foss": 1.0, "juv": 0.0, "B": 0.58, "Q": 20.19, "w": 38.17, "h": 0.2, "S": 0.11791, "elv": "Nordmorkåa", "km": 1.8}}, {"type": "Feature", "geometry": {"type": "LineString", "coordinates": [[6.9431, 59.65973], [6.94202, 59.65902]]}, "properties": {"P": 45.26, "tau": 263.61, "tau_c": 265.5, "omega": 730.28, "M": 0.99, "D": -0.0, "R": 0.79, "sving": 0.01, "os": 0.16, "foss": 1.0, "juv": 0.0, "B": 0.58, "Q": 20.22, "w": 36.09, "h": 0.2, "S": 0.13286, "elv": "Nordmorkåa", "km": 1.9}}, {"type": "Feature", "geometry": {"type": "LineString", "coordinates": [[6.94202, 59.65902], [6.94093, 59.65832]]}, "properties": {"P": 48.92, "tau": 280.49, "tau_c": 270.41, "omega": 804.42, "M": 1.04, "D": -0.0, "R": 0.83, "sving": 0.04, "os": 0.26, "foss": 1.0, "juv": 0.0, "B": 0.58, "Q": 20.23, "w": 34.0, "h": 0.21, "S": 0.13783, "elv": "Nordmorkåa", "km": 2.0}}, {"type": "Feature", "geometry": {"type": "LineString", "coordinates": [[6.94093, 59.65832], [6.93984, 59.65765]]}, "properties": {"P": 53.43, "tau": 340.17, "tau_c": 302.33, "omega": 1068.65, "M": 1.13, "D": -0.0, "R": 0.89, "sving": 0.02, "os": 0.43, "foss": 1.0, "juv": 0.0, "B": 0.58, "Q": 20.23, "w": 32.0, "h": 0.2, "S": 0.17228, "elv": "Nordmorkåa", "km": 2.1}}, {"type": "Feature", "geometry": {"type": "LineString", "coordinates": [[6.98745, 59.70288], [6.98871, 59.70232]]}, "properties": {"P": 12.45, "tau": 114.35, "tau_c": 364.2, "omega": 149.86, "M": 0.31, "D": 0.0, "R": 0.03, "sving": 0.18, "os": 0.1, "foss": 1.0, "juv": 0.0, "B": 0.3, "Q": 0.22, "w": 6.0, "h": 0.03, "S": 0.42305, "elv": "bekk", "km": 1.3}}, {"type": "Feature", "geometry": {"type": "LineString", "coordinates": [[6.98871, 59.70232], [6.99002, 59.70177]]}, "properties": {"P": 13.21, "tau": 139.34, "tau_c": 364.2, "omega": 200.9, "M": 0.38, "D": 0.04, "R": 0.07, "sving": 0.1, "os": 0.15, "foss": 1.0, "juv": 0.0, "B": 0.3, "Q": 0.23, "w": 6.0, "h": 0.03, "S": 0.52661, "elv": "bekk", "km": 1.4}}, {"type": "Feature", "geometry": {"type": "LineString", "coordinates": [[6.99002, 59.70177], [6.99159, 59.70161]]}, "properties": {"P": 14.73, "tau": 138.64, "tau_c": 364.2, "omega": 201.36, "M": 0.38, "D": 0.14, "R": 0.07, "sving": 0.06, "os": 0.21, "foss": 1.0, "juv": 0.0, "B": 0.3, "Q": 0.25, "w": 6.0, "h": 0.03, "S": 0.49263, "elv": "bekk", "km": 1.5}}, {"type": "Feature", "geometry": {"type": "LineString", "coordinates": [[6.99455, 59.7008], [6.99455, 59.69993]]}, "properties": {"P": 58.23, "tau": 441.75, "tau_c": 364.2, "omega": 1547.4, "M": 1.21, "D": 0.0, "R": 0.94, "sving": 0.45, "os": 0.59, "foss": 0.72, "juv": 0.0, "B": 0.56, "Q": 14.31, "w": 22.84, "h": 0.18, "S": 0.25187, "elv": "bekk", "km": 1.8}}, {"type": "Feature", "geometry": {"type": "LineString", "coordinates": [[6.99455, 59.69993], [6.9944, 59.69904]]}, "properties": {"P": 66.08, "tau": 352.04, "tau_c": 341.96, "omega": 1086.81, "M": 1.03, "D": 0.17, "R": 0.82, "sving": 0.55, "os": 0.63, "foss": 1.0, "juv": 0.0, "B": 0.56, "Q": 14.31, "w": 28.47, "h": 0.16, "S": 0.22041, "elv": "bekk", "km": 1.9}}, {"type": "Feature", "geometry": {"type": "LineString", "coordinates": [[6.99739, 59.65668], [6.99584, 59.65687]]}, "properties": {"P": 12.49, "tau": 103.01, "tau_c": 343.31, "omega": 139.58, "M": 0.3, "D": 0.0, "R": 0.03, "sving": 0.18, "os": 0.0, "foss": 1.0, "juv": 0.0, "B": 0.33, "Q": 0.38, "w": 6.0, "h": 0.05, "S": 0.22214, "elv": "bekk", "km": 1.1}}, {"type": "Feature", "geometry": {"type": "LineString", "coordinates": [[6.99584, 59.65687], [6.99407, 59.65685]]}, "properties": {"P": 12.79, "tau": 114.8, "tau_c": 364.2, "omega": 163.02, "M": 0.32, "D": 0.0, "R": 0.03, "sving": 0.2, "os": 0.0, "foss": 1.0, "juv": 0.0, "B": 0.33, "Q": 0.38, "w": 6.0, "h": 0.05, "S": 0.25944, "elv": "bekk", "km": 1.2}}, {"type": "Feature", "geometry": {"type": "LineString", "coordinates": [[6.99407, 59.65685], [6.9929, 59.65736]]}, "properties": {"P": 12.66, "tau": 128.57, "tau_c": 364.2, "omega": 191.74, "M": 0.35, "D": 0.0, "R": 0.05, "sving": 0.15, "os": 0.0, "foss": 1.0, "juv": 0.0, "B": 0.33, "Q": 0.38, "w": 6.0, "h": 0.04, "S": 0.30515, "elv": "bekk", "km": 1.3}}, {"type": "Feature", "geometry": {"type": "LineString", "coordinates": [[6.9929, 59.65736], [6.99164, 59.65782]]}, "properties": {"P": 12.42, "tau": 124.3, "tau_c": 364.2, "omega": 178.8, "M": 0.34, "D": 0.0, "R": 0.05, "sving": 0.14, "os": 0.0, "foss": 1.0, "juv": 0.0, "B": 0.33, "Q": 0.38, "w": 7.08, "h": 0.04, "S": 0.33588, "elv": "bekk", "km": 1.4}}, {"type": "Feature", "geometry": {"type": "LineString", "coordinates": [[6.99164, 59.65782], [6.99022, 59.65834]]}, "properties": {"P": 12.22, "tau": 116.64, "tau_c": 364.2, "omega": 159.88, "M": 0.32, "D": 0.0, "R": 0.04, "sving": 0.14, "os": 0.0, "foss": 1.0, "juv": 0.0, "B": 0.33, "Q": 0.38, "w": 8.28, "h": 0.03, "S": 0.3512, "elv": "bekk", "km": 1.5}}, {"type": "Feature", "geometry": {"type": "LineString", "coordinates": [[6.99022, 59.65834], [6.98857, 59.65864]]}, "properties": {"P": 26.67, "tau": 280.57, "tau_c": 364.2, "omega": 671.57, "M": 0.77, "D": 0.0, "R": 0.54, "sving": 0.14, "os": 0.0, "foss": 1.0, "juv": 0.0, "B": 0.42, "Q": 1.61, "w": 9.48, "h": 0.07, "S": 0.40377, "elv": "bekk", "km": 1.6}}, {"type": "Feature", "geometry": {"type": "LineString", "coordinates": [[7.05633, 59.62308], [7.05499, 59.62366]]}, "properties": {"P": 15.58, "tau": 95.54, "tau_c": 296.09, "omega": 129.12, "M": 0.32, "D": 0.0, "R": 0.04, "sving": 0.15, "os": 0.0, "foss": 1.0, "juv": 0.0, "B": 0.41, "Q": 0.51, "w": 6.41, "h": 0.06, "S": 0.16524, "elv": "bekk", "km": 0.6}}, {"type": "Feature", "geometry": {"type": "LineString", "coordinates": [[7.05499, 59.62366], [7.05328, 59.62373]]}, "properties": {"P": 21.3, "tau": 113.61, "tau_c": 334.9, "omega": 165.58, "M": 0.34, "D": 0.0, "R": 0.05, "sving": 0.56, "os": 0.0, "foss": 1.0, "juv": 0.0, "B": 0.42, "Q": 0.52, "w": 6.52, "h": 0.05, "S": 0.21139, "elv": "bekk", "km": 0.7}}, {"type": "Feature", "geometry": {"type": "LineString", "coordinates": [[7.05328, 59.62373], [7.05177, 59.62365]]}, "properties": {"P": 18.55, "tau": 128.2, "tau_c": 359.71, "omega": 197.82, "M": 0.36, "D": 0.0, "R": 0.06, "sving": 0.31, "os": 0.0, "foss": 1.0, "juv": 0.0, "B": 0.42, "Q": 0.55, "w": 6.62, "h": 0.05, "S": 0.24388, "elv": "bekk", "km": 0.8}}, {"type": "Feature", "geometry": {"type": "LineString", "coordinates": [[7.05177, 59.62365], [7.05074, 59.62306]]}, "properties": {"P": 15.23, "tau": 140.29, "tau_c": 364.2, "omega": 225.24, "M": 0.39, "D": 0.0, "R": 0.08, "sving": 0.02, "os": 0.0, "foss": 1.0, "juv": 0.0, "B": 0.43, "Q": 0.56, "w": 6.72, "h": 0.05, "S": 0.27665, "elv": "bekk", "km": 0.9}}, {"type": "Feature", "geometry": {"type": "LineString", "coordinates": [[7.05074, 59.62306], [7.04918, 59.62296]]}, "properties": {"P": 16.49, "tau": 138.09, "tau_c": 364.2, "omega": 220.32, "M": 0.38, "D": 0.02, "R": 0.07, "sving": 0.08, "os": 0.0, "foss": 1.0, "juv": 0.0, "B": 0.43, "Q": 0.57, "w": 6.83, "h": 0.05, "S": 0.26984, "elv": "bekk", "km": 1.0}}, {"type": "Feature", "geometry": {"type": "LineString", "coordinates": [[7.04918, 59.62296], [7.04743, 59.62307]]}, "properties": {"P": 20.75, "tau": 134.83, "tau_c": 364.2, "omega": 213.89, "M": 0.37, "D": 0.05, "R": 0.07, "sving": 0.35, "os": 0.0, "foss": 1.0, "juv": 0.0, "B": 0.44, "Q": 0.6, "w": 6.94, "h": 0.05, "S": 0.25331, "elv": "bekk", "km": 1.1}}, {"type": "Feature", "geometry": {"type": "LineString", "coordinates": [[7.04743, 59.62307], [7.04568, 59.62317]]}, "properties": {"P": 17.22, "tau": 124.54, "tau_c": 345.17, "omega": 191.14, "M": 0.36, "D": 0.09, "R": 0.06, "sving": 0.04, "os": 0.0, "foss": 1.0, "juv": 0.0, "B": 0.44, "Q": 0.61, "w": 7.06, "h": 0.06, "S": 0.22456, "elv": "bekk", "km": 1.2}}, {"type": "Feature", "geometry": {"type": "LineString", "coordinates": [[7.04568, 59.62317], [7.04392, 59.62325]]}, "properties": {"P": 17.53, "tau": 111.67, "tau_c": 315.64, "omega": 164.1, "M": 0.35, "D": 0.12, "R": 0.06, "sving": 0.02, "os": 0.0, "foss": 1.0, "juv": 0.0, "B": 0.44, "Q": 0.64, "w": 7.18, "h": 0.06, "S": 0.18778, "elv": "bekk", "km": 1.3}}, {"type": "Feature", "geometry": {"type": "LineString", "coordinates": [[7.04392, 59.62325], [7.04217, 59.62323]]}, "properties": {"P": 18.94, "tau": 100.96, "tau_c": 290.82, "omega": 142.47, "M": 0.35, "D": 0.13, "R": 0.05, "sving": 0.02, "os": 0.08, "foss": 1.0, "juv": 0.0, "B": 0.45, "Q": 0.66, "w": 7.28, "h": 0.06, "S": 0.15941, "elv": "bekk", "km": 1.4}}, {"type": "Feature", "geometry": {"type": "LineString", "coordinates": [[7.04217, 59.62323], [7.04046, 59.6233]]}, "properties": {"P": 19.3, "tau": 91.64, "tau_c": 271.43, "omega": 124.03, "M": 0.34, "D": 0.12, "R": 0.05, "sving": 0.01, "os": 0.12, "foss": 1.0, "juv": 0.0, "B": 0.45, "Q": 0.67, "w": 7.39, "h": 0.07, "S": 0.13886, "elv": "bekk", "km": 1.5}}, {"type": "Feature", "geometry": {"type": "LineString", "coordinates": [[7.04046, 59.6233], [7.03872, 59.62345]]}, "properties": {"P": 19.94, "tau": 85.96, "tau_c": 259.24, "omega": 113.18, "M": 0.33, "D": 0.1, "R": 0.04, "sving": 0.01, "os": 0.2, "foss": 1.0, "juv": 0.0, "B": 0.45, "Q": 0.68, "w": 7.51, "h": 0.07, "S": 0.12667, "elv": "bekk", "km": 1.6}}, {"type": "Feature", "geometry": {"type": "LineString", "coordinates": [[7.03872, 59.62345], [7.03697, 59.62355]]}, "properties": {"P": 21.52, "tau": 78.34, "tau_c": 239.33, "omega": 99.51, "M": 0.33, "D": 0.07, "R": 0.04, "sving": 0.01, "os": 0.33, "foss": 1.0, "juv": 0.0, "B": 0.46, "Q": 0.72, "w": 7.62, "h": 0.07, "S": 0.10796, "elv": "bekk", "km": 1.7}}, {"type": "Feature", "geometry": {"type": "LineString", "coordinates": [[7.03697, 59.62355], [7.03535, 59.62352]]}, "properties": {"P": 24.49, "tau": 81.26, "tau_c": 243.99, "omega": 105.14, "M": 0.33, "D": 0.04, "R": 0.04, "sving": 0.03, "os": 0.55, "foss": 1.0, "juv": 0.0, "B": 0.46, "Q": 0.75, "w": 7.82, "h": 0.07, "S": 0.1122, "elv": "bekk", "km": 1.8}}, {"type": "Feature", "geometry": {"type": "LineString", "coordinates": [[7.03535, 59.62352], [7.03359, 59.6236]]}, "properties": {"P": 28.97, "tau": 77.08, "tau_c": 235.98, "omega": 97.36, "M": 0.33, "D": 0.02, "R": 0.04, "sving": 0.04, "os": 0.86, "foss": 1.0, "juv": 0.0, "B": 0.46, "Q": 0.76, "w": 8.06, "h": 0.07, "S": 0.10496, "elv": "bekk", "km": 1.9}}, {"type": "Feature", "geometry": {"type": "LineString", "coordinates": [[7.03359, 59.6236], [7.03183, 59.62368]]}, "properties": {"P": 26.98, "tau": 81.13, "tau_c": 233.74, "omega": 106.32, "M": 0.35, "D": 0.0, "R": 0.05, "sving": 0.02, "os": 0.7, "foss": 1.0, "juv": 0.0, "B": 0.48, "Q": 0.87, "w": 8.29, "h": 0.08, "S": 0.10298, "elv": "bekk", "km": 2.0}}, {"type": "Feature", "geometry": {"type": "LineString", "coordinates": [[7.03183, 59.62368], [7.03006, 59.62369]]}, "properties": {"P": 23.25, "tau": 78.83, "tau_c": 227.45, "omega": 102.29, "M": 0.35, "D": 0.0, "R": 0.05, "sving": 0.03, "os": 0.43, "foss": 1.0, "juv": 0.0, "B": 0.48, "Q": 0.92, "w": 8.64, "h": 0.08, "S": 0.09751, "elv": "bekk", "km": 2.1}}, {"type": "Feature", "geometry": {"type": "LineString", "coordinates": [[7.03006, 59.62369], [7.02829, 59.6237]]}, "properties": {"P": 21.13, "tau": 78.16, "tau_c": 226.91, "omega": 100.97, "M": 0.34, "D": 0.02, "R": 0.05, "sving": 0.03, "os": 0.26, "foss": 1.0, "juv": 0.0, "B": 0.48, "Q": 0.95, "w": 8.97, "h": 0.08, "S": 0.09705, "elv": "bekk", "km": 2.2}}, {"type": "Feature", "geometry": {"type": "LineString", "coordinates": [[7.02829, 59.6237], [7.02652, 59.62371]]}, "properties": {"P": 25.92, "tau": 81.12, "tau_c": 226.08, "omega": 107.62, "M": 0.36, "D": 0.02, "R": 0.06, "sving": 0.11, "os": 0.43, "foss": 1.0, "juv": 0.0, "B": 0.5, "Q": 1.11, "w": 9.75, "h": 0.09, "S": 0.09633, "elv": "bekk", "km": 2.3}}, {"type": "Feature", "geometry": {"type": "LineString", "coordinates": [[7.02652, 59.62371], [7.02476, 59.62373]]}, "properties": {"P": 28.99, "tau": 68.35, "tau_c": 205.68, "omega": 83.53, "M": 0.33, "D": 0.02, "R": 0.04, "sving": 0.06, "os": 0.7, "foss": 1.0, "juv": 0.0, "B": 0.5, "Q": 1.12, "w": 10.49, "h": 0.09, "S": 0.07974, "elv": "bekk", "km": 2.4}}, {"type": "Feature", "geometry": {"type": "LineString", "coordinates": [[7.02476, 59.62373], [7.02309, 59.62347]]}, "properties": {"P": 36.62, "tau": 88.41, "tau_c": 204.26, "omega": 128.27, "M": 0.43, "D": 0.0, "R": 0.12, "sving": 0.1, "os": 0.86, "foss": 1.0, "juv": 0.0, "B": 0.54, "Q": 1.87, "w": 11.28, "h": 0.11, "S": 0.07864, "elv": "bekk", "km": 2.5}}, {"type": "Feature", "geometry": {"type": "LineString", "coordinates": [[7.02309, 59.62347], [7.02141, 59.62335]]}, "properties": {"P": 29.94, "tau": 78.2, "tau_c": 191.28, "omega": 106.91, "M": 0.41, "D": 0.04, "R": 0.1, "sving": 0.02, "os": 0.53, "foss": 1.0, "juv": 0.0, "B": 0.54, "Q": 1.88, "w": 11.92, "h": 0.12, "S": 0.06896, "elv": "bekk", "km": 2.6}}, {"type": "Feature", "geometry": {"type": "LineString", "coordinates": [[7.02141, 59.62335], [7.0198, 59.62359]]}, "properties": {"P": 31.0, "tau": 69.15, "tau_c": 175.11, "omega": 89.71, "M": 0.39, "D": 0.08, "R": 0.08, "sving": 0.23, "os": 0.33, "foss": 1.0, "juv": 0.0, "B": 0.55, "Q": 1.99, "w": 12.56, "h": 0.12, "S": 0.05779, "elv": "bekk", "km": 2.7}}, {"type": "Feature", "geometry": {"type": "LineString", "coordinates": [[7.0198, 59.62359], [7.01808, 59.62357]]}, "properties": {"P": 26.37, "tau": 66.82, "tau_c": 171.29, "omega": 85.33, "M": 0.39, "D": 0.09, "R": 0.08, "sving": 0.35, "os": 0.21, "foss": 0.72, "juv": 0.0, "B": 0.55, "Q": 1.99, "w": 12.67, "h": 0.12, "S": 0.0553, "elv": "bekk", "km": 2.8}}, {"type": "Feature", "geometry": {"type": "LineString", "coordinates": [[7.01808, 59.62357], [7.01645, 59.62385]]}, "properties": {"P": 22.71, "tau": 61.24, "tau_c": 161.02, "omega": 75.3, "M": 0.38, "D": 0.05, "R": 0.07, "sving": 0.0, "os": 0.13, "foss": 1.0, "juv": 0.0, "B": 0.55, "Q": 2.01, "w": 12.78, "h": 0.13, "S": 0.04887, "elv": "bekk", "km": 2.9}}, {"type": "Feature", "geometry": {"type": "LineString", "coordinates": [[7.01645, 59.62385], [7.01535, 59.62441]]}, "properties": {"P": 21.76, "tau": 63.79, "tau_c": 164.67, "omega": 80.0, "M": 0.39, "D": 0.01, "R": 0.08, "sving": 0.03, "os": 0.08, "foss": 1.0, "juv": 0.0, "B": 0.55, "Q": 2.04, "w": 12.81, "h": 0.13, "S": 0.05111, "elv": "bekk", "km": 3.0}}, {"type": "Feature", "geometry": {"type": "LineString", "coordinates": [[7.01535, 59.62441], [7.01385, 59.62464]]}, "properties": {"P": 23.13, "tau": 80.11, "tau_c": 194.07, "omega": 110.87, "M": 0.41, "D": 0.0, "R": 0.1, "sving": 0.12, "os": 0.06, "foss": 1.0, "juv": 0.0, "B": 0.55, "Q": 2.05, "w": 12.85, "h": 0.12, "S": 0.07099, "elv": "bekk", "km": 3.1}}, {"type": "Feature", "geometry": {"type": "LineString", "coordinates": [[7.01385, 59.62464], [7.0122, 59.62455]]}, "properties": {"P": 23.5, "tau": 86.94, "tau_c": 205.93, "omega": 124.63, "M": 0.42, "D": 0.0, "R": 0.11, "sving": 0.09, "os": 0.08, "foss": 1.0, "juv": 0.0, "B": 0.55, "Q": 2.05, "w": 12.88, "h": 0.11, "S": 0.07993, "elv": "bekk", "km": 3.2}}, {"type": "Feature", "geometry": {"type": "LineString", "coordinates": [[7.0122, 59.62455], [7.01059, 59.62456]]}, "properties": {"P": 24.04, "tau": 86.37, "tau_c": 205.0, "omega": 123.46, "M": 0.42, "D": 0.01, "R": 0.11, "sving": 0.07, "os": 0.13, "foss": 1.0, "juv": 0.0, "B": 0.55, "Q": 2.05, "w": 12.88, "h": 0.11, "S": 0.07921, "elv": "bekk", "km": 3.3}}, {"type": "Feature", "geometry": {"type": "LineString", "coordinates": [[7.01059, 59.62456], [7.00918, 59.62498]]}, "properties": {"P": 29.81, "tau": 78.68, "tau_c": 191.6, "omega": 108.04, "M": 0.41, "D": 0.01, "R": 0.1, "sving": 0.36, "os": 0.19, "foss": 1.0, "juv": 0.0, "B": 0.55, "Q": 2.05, "w": 12.89, "h": 0.12, "S": 0.06919, "elv": "bekk", "km": 3.4}}, {"type": "Feature", "geometry": {"type": "LineString", "coordinates": [[7.00918, 59.62498], [7.00747, 59.62507]]}, "properties": {"P": 31.88, "tau": 82.92, "tau_c": 198.9, "omega": 116.5, "M": 0.42, "D": 0.05, "R": 0.1, "sving": 0.31, "os": 0.3, "foss": 1.0, "juv": 0.0, "B": 0.55, "Q": 2.05, "w": 12.89, "h": 0.11, "S": 0.07457, "elv": "bekk", "km": 3.5}}, {"type": "Feature", "geometry": {"type": "LineString", "coordinates": [[7.00747, 59.62507], [7.00636, 59.62571]]}, "properties": {"P": 27.58, "tau": 84.9, "tau_c": 202.32, "omega": 120.5, "M": 0.42, "D": 0.09, "R": 0.11, "sving": 0.15, "os": 0.43, "foss": 0.72, "juv": 0.0, "B": 0.55, "Q": 2.05, "w": 12.89, "h": 0.11, "S": 0.07715, "elv": "bekk", "km": 3.6}}, {"type": "Feature", "geometry": {"type": "LineString", "coordinates": [[7.02033, 59.63018], [7.01866, 59.63035]]}, "properties": {"P": 15.97, "tau": 71.13, "tau_c": 233.29, "omega": 85.34, "M": 0.3, "D": 0.02, "R": 0.03, "sving": 0.38, "os": 0.0, "foss": 1.0, "juv": 0.0, "B": 0.35, "Q": 0.56, "w": 6.61, "h": 0.07, "S": 0.10258, "elv": "bekk", "km": 0.6}}, {"type": "Feature", "geometry": {"type": "LineString", "coordinates": [[7.01866, 59.63035], [7.01729, 59.62987]]}, "properties": {"P": 15.23, "tau": 72.99, "tau_c": 239.1, "omega": 88.43, "M": 0.31, "D": 0.06, "R": 0.03, "sving": 0.25, "os": 0.0, "foss": 1.0, "juv": 0.0, "B": 0.35, "Q": 0.57, "w": 6.79, "h": 0.07, "S": 0.10775, "elv": "bekk", "km": 0.7}}, {"type": "Feature", "geometry": {"type": "LineString", "coordinates": [[7.03757, 59.6115], [7.0373, 59.6123]]}, "properties": {"P": 7.63, "tau": 107.53, "tau_c": 345.82, "omega": 149.57, "M": 0.31, "D": 0.0, "R": 0.03, "sving": 0.05, "os": 0.0, "foss": 1.0, "juv": 0.0, "B": 0.22, "Q": 0.41, "w": 6.13, "h": 0.05, "S": 0.2254, "elv": "bekk", "km": 0.0}}, {"type": "Feature", "geometry": {"type": "LineString", "coordinates": [[7.0373, 59.6123], [7.03692, 59.61318]]}, "properties": {"P": 12.67, "tau": 110.05, "tau_c": 329.51, "omega": 157.8, "M": 0.33, "D": 0.0, "R": 0.04, "sving": 0.12, "os": 0.0, "foss": 1.0, "juv": 0.0, "B": 0.34, "Q": 0.49, "w": 6.22, "h": 0.05, "S": 0.20465, "elv": "bekk", "km": 0.1}}, {"type": "Feature", "geometry": {"type": "LineString", "coordinates": [[7.03692, 59.61318], [7.03652, 59.61404]]}, "properties": {"P": 13.04, "tau": 106.43, "tau_c": 320.25, "omega": 150.65, "M": 0.33, "D": 0.0, "R": 0.04, "sving": 0.15, "os": 0.0, "foss": 1.0, "juv": 0.0, "B": 0.34, "Q": 0.5, "w": 6.32, "h": 0.06, "S": 0.19331, "elv": "bekk", "km": 0.2}}, {"type": "Feature", "geometry": {"type": "LineString", "coordinates": [[7.03652, 59.61404], [7.03584, 59.61484]]}, "properties": {"P": 11.95, "tau": 115.3, "tau_c": 339.85, "omega": 168.89, "M": 0.34, "D": 0.0, "R": 0.05, "sving": 0.03, "os": 0.0, "foss": 1.0, "juv": 0.0, "B": 0.34, "Q": 0.51, "w": 6.43, "h": 0.05, "S": 0.21769, "elv": "bekk", "km": 0.3}}, {"type": "Feature", "geometry": {"type": "LineString", "coordinates": [[7.03584, 59.61484], [7.03493, 59.61558]]}, "properties": {"P": 12.72, "tau": 130.61, "tau_c": 364.2, "omega": 202.49, "M": 0.36, "D": 0.0, "R": 0.06, "sving": 0.08, "os": 0.0, "foss": 1.0, "juv": 0.0, "B": 0.35, "Q": 0.52, "w": 6.5, "h": 0.05, "S": 0.25577, "elv": "bekk", "km": 0.4}}, {"type": "Feature", "geometry": {"type": "LineString", "coordinates": [[7.03493, 59.61558], [7.03471, 59.61647]]}, "properties": {"P": 13.31, "tau": 138.29, "tau_c": 364.2, "omega": 219.59, "M": 0.38, "D": 0.0, "R": 0.07, "sving": 0.11, "os": 0.0, "foss": 1.0, "juv": 0.0, "B": 0.35, "Q": 0.53, "w": 6.59, "h": 0.05, "S": 0.27927, "elv": "bekk", "km": 0.5}}, {"type": "Feature", "geometry": {"type": "LineString", "coordinates": [[7.03471, 59.61647], [7.03467, 59.61736]]}, "properties": {"P": 13.31, "tau": 140.27, "tau_c": 364.2, "omega": 224.72, "M": 0.39, "D": 0.0, "R": 0.08, "sving": 0.09, "os": 0.0, "foss": 1.0, "juv": 0.0, "B": 0.35, "Q": 0.55, "w": 6.68, "h": 0.05, "S": 0.28015, "elv": "bekk", "km": 0.6}}, {"type": "Feature", "geometry": {"type": "LineString", "coordinates": [[7.03467, 59.61736], [7.03447, 59.61824]]}, "properties": {"P": 15.47, "tau": 146.47, "tau_c": 364.2, "omega": 240.22, "M": 0.4, "D": 0.0, "R": 0.09, "sving": 0.26, "os": 0.0, "foss": 1.0, "juv": 0.0, "B": 0.35, "Q": 0.58, "w": 6.8, "h": 0.05, "S": 0.28945, "elv": "bekk", "km": 0.7}}, {"type": "Feature", "geometry": {"type": "LineString", "coordinates": [[7.03447, 59.61824], [7.03394, 59.61909]]}, "properties": {"P": 15.05, "tau": 150.39, "tau_c": 364.2, "omega": 249.23, "M": 0.41, "D": 0.0, "R": 0.1, "sving": 0.14, "os": 0.05, "foss": 1.0, "juv": 0.0, "B": 0.35, "Q": 0.58, "w": 6.94, "h": 0.05, "S": 0.30291, "elv": "bekk", "km": 0.8}}, {"type": "Feature", "geometry": {"type": "LineString", "coordinates": [[7.03394, 59.61909], [7.03268, 59.6197]]}, "properties": {"P": 17.08, "tau": 144.98, "tau_c": 364.2, "omega": 238.14, "M": 0.4, "D": 0.03, "R": 0.09, "sving": 0.26, "os": 0.08, "foss": 1.0, "juv": 0.0, "B": 0.36, "Q": 0.62, "w": 7.07, "h": 0.05, "S": 0.27538, "elv": "bekk", "km": 0.9}}, {"type": "Feature", "geometry": {"type": "LineString", "coordinates": [[7.03268, 59.6197], [7.03199, 59.62052]]}, "properties": {"P": 17.07, "tau": 141.73, "tau_c": 364.2, "omega": 231.57, "M": 0.39, "D": 0.07, "R": 0.08, "sving": 0.18, "os": 0.11, "foss": 1.0, "juv": 0.0, "B": 0.36, "Q": 0.65, "w": 7.15, "h": 0.06, "S": 0.25917, "elv": "bekk", "km": 1.0}}, {"type": "Feature", "geometry": {"type": "LineString", "coordinates": [[7.03199, 59.62052], [7.03079, 59.62109]]}, "properties": {"P": 16.32, "tau": 125.79, "tau_c": 344.18, "omega": 194.6, "M": 0.37, "D": 0.11, "R": 0.06, "sving": 0.04, "os": 0.15, "foss": 1.0, "juv": 0.0, "B": 0.36, "Q": 0.65, "w": 7.33, "h": 0.06, "S": 0.22328, "elv": "bekk", "km": 1.1}}, {"type": "Feature", "geometry": {"type": "LineString", "coordinates": [[7.03079, 59.62109], [7.02971, 59.62163]]}, "properties": {"P": 17.68, "tau": 107.89, "tau_c": 310.67, "omega": 155.85, "M": 0.35, "D": 0.12, "R": 0.05, "sving": 0.15, "os": 0.17, "foss": 1.0, "juv": 0.0, "B": 0.36, "Q": 0.65, "w": 7.47, "h": 0.06, "S": 0.18191, "elv": "bekk", "km": 1.2}}, {"type": "Feature", "geometry": {"type": "LineString", "coordinates": [[7.02971, 59.62163], [7.02829, 59.62217]]}, "properties": {"P": 16.11, "tau": 106.21, "tau_c": 297.52, "omega": 154.0, "M": 0.36, "D": 0.08, "R": 0.06, "sving": 0.03, "os": 0.17, "foss": 1.0, "juv": 0.0, "B": 0.37, "Q": 0.75, "w": 7.92, "h": 0.06, "S": 0.16684, "elv": "bekk", "km": 1.3}}, {"type": "Feature", "geometry": {"type": "LineString", "coordinates": [[7.02829, 59.62217], [7.02702, 59.62279]]}, "properties": {"P": 14.9, "tau": 97.58, "tau_c": 286.28, "omega": 135.53, "M": 0.34, "D": 0.05, "R": 0.05, "sving": 0.02, "os": 0.14, "foss": 1.0, "juv": 0.0, "B": 0.37, "Q": 0.75, "w": 8.37, "h": 0.06, "S": 0.15447, "elv": "bekk", "km": 1.4}}, {"type": "Feature", "geometry": {"type": "LineString", "coordinates": [[7.02702, 59.62279], [7.02582, 59.62344]]}, "properties": {"P": 16.96, "tau": 117.53, "tau_c": 281.61, "omega": 185.46, "M": 0.42, "D": 0.01, "R": 0.1, "sving": 0.09, "os": 0.11, "foss": 1.0, "juv": 0.0, "B": 0.39, "Q": 1.12, "w": 8.82, "h": 0.08, "S": 0.14948, "elv": "bekk", "km": 1.5}}, {"type": "Feature", "geometry": {"type": "LineString", "coordinates": [[7.00575, 59.6263], [7.00465, 59.62699]]}, "properties": {"P": 23.39, "tau": 55.66, "tau_c": 136.15, "omega": 67.8, "M": 0.41, "D": 0.0, "R": 0.1, "sving": 0.21, "os": 1.0, "foss": 0.0, "juv": 0.0, "B": 0.55, "Q": 2.84, "w": 14.34, "h": 0.16, "S": 0.03494, "elv": "bekk", "km": 0.0}}, {"type": "Feature", "geometry": {"type": "LineString", "coordinates": [[7.00465, 59.62699], [7.0035, 59.62768]]}, "properties": {"P": 34.86, "tau": 60.09, "tau_c": 136.58, "omega": 76.87, "M": 0.44, "D": 0.0, "R": 0.12, "sving": 0.2, "os": 0.61, "foss": 1.0, "juv": 0.0, "B": 0.55, "Q": 3.25, "w": 14.56, "h": 0.17, "S": 0.03516, "elv": "bekk", "km": 0.1}}, {"type": "Feature", "geometry": {"type": "LineString", "coordinates": [[7.0035, 59.62768], [7.00209, 59.62817]]}, "properties": {"P": 32.11, "tau": 79.29, "tau_c": 161.22, "omega": 115.44, "M": 0.49, "D": 0.0, "R": 0.18, "sving": 0.19, "os": 0.37, "foss": 1.0, "juv": 0.0, "B": 0.55, "Q": 3.25, "w": 13.53, "h": 0.16, "S": 0.04899, "elv": "bekk", "km": 0.2}}, {"type": "Feature", "geometry": {"type": "LineString", "coordinates": [[7.00209, 59.62817], [7.00054, 59.6286]]}, "properties": {"P": 31.1, "tau": 72.12, "tau_c": 151.34, "omega": 100.66, "M": 0.48, "D": 0.04, "R": 0.16, "sving": 0.25, "os": 0.23, "foss": 1.0, "juv": 0.0, "B": 0.55, "Q": 3.27, "w": 13.76, "h": 0.17, "S": 0.04317, "elv": "bekk", "km": 0.3}}, {"type": "Feature", "geometry": {"type": "LineString", "coordinates": [[7.00054, 59.6286], [6.99893, 59.62892]]}, "properties": {"P": 30.92, "tau": 70.63, "tau_c": 149.12, "omega": 97.69, "M": 0.47, "D": 0.09, "R": 0.16, "sving": 0.28, "os": 0.14, "foss": 1.0, "juv": 0.0, "B": 0.55, "Q": 3.28, "w": 13.79, "h": 0.17, "S": 0.04191, "elv": "bekk", "km": 0.4}}, {"type": "Feature", "geometry": {"type": "LineString", "coordinates": [[6.99893, 59.62892], [6.99721, 59.62909]]}, "properties": {"P": 26.73, "tau": 60.65, "tau_c": 138.88, "omega": 77.72, "M": 0.44, "D": 0.16, "R": 0.12, "sving": 0.28, "os": 0.1, "foss": 0.76, "juv": 0.0, "B": 0.55, "Q": 3.29, "w": 15.08, "h": 0.17, "S": 0.03635, "elv": "bekk", "km": 0.5}}, {"type": "Feature", "geometry": {"type": "LineString", "coordinates": [[6.99721, 59.62909], [6.9956, 59.62899]]}, "properties": {"P": 23.42, "tau": 51.47, "tau_c": 123.22, "omega": 61.45, "M": 0.42, "D": 0.25, "R": 0.1, "sving": 0.15, "os": 0.16, "foss": 0.55, "juv": 0.0, "B": 0.55, "Q": 3.31, "w": 15.11, "h": 0.18, "S": 0.02862, "elv": "bekk", "km": 0.6}}, {"type": "Feature", "geometry": {"type": "LineString", "coordinates": [[6.9956, 59.62899], [6.99394, 59.62878]]}, "properties": {"P": 20.59, "tau": 40.67, "tau_c": 109.62, "omega": 43.24, "M": 0.37, "D": 0.28, "R": 0.07, "sving": 0.09, "os": 0.22, "foss": 0.41, "juv": 0.0, "B": 0.55, "Q": 3.33, "w": 17.11, "h": 0.18, "S": 0.02265, "elv": "bekk", "km": 0.7}}, {"type": "Feature", "geometry": {"type": "LineString", "coordinates": [[6.99217, 59.62875], [6.9904, 59.6287]]}, "properties": {"P": 24.34, "tau": 31.27, "tau_c": 48.15, "omega": 36.04, "M": 0.65, "D": 0.07, "R": 0.38, "sving": 0.09, "os": 0.29, "foss": 0.0, "juv": 0.0, "B": 0.7, "Q": 25.01, "w": 29.74, "h": 0.73, "S": 0.00437, "elv": "bekk", "km": 0.9}}, {"type": "Feature", "geometry": {"type": "LineString", "coordinates": [[7.00882, 59.6608], [7.00708, 59.66094]]}, "properties": {"P": 13.13, "tau": 92.53, "tau_c": 258.05, "omega": 127.91, "M": 0.36, "D": 0.01, "R": 0.06, "sving": 0.03, "os": 0.0, "foss": 1.0, "juv": 0.0, "B": 0.37, "Q": 0.73, "w": 7.01, "h": 0.08, "S": 0.12551, "elv": "bekk", "km": 1.5}}, {"type": "Feature", "geometry": {"type": "LineString", "coordinates": [[7.00708, 59.66094], [7.00534, 59.66105]]}, "properties": {"P": 14.4, "tau": 71.01, "tau_c": 217.89, "omega": 87.02, "M": 0.33, "D": 0.11, "R": 0.04, "sving": 0.05, "os": 0.0, "foss": 1.0, "juv": 0.0, "B": 0.37, "Q": 0.73, "w": 7.35, "h": 0.08, "S": 0.08949, "elv": "bekk", "km": 1.6}}, {"type": "Feature", "geometry": {"type": "LineString", "coordinates": [[6.92522, 59.715], [6.92383, 59.71555]]}, "properties": {"P": 12.15, "tau": 109.69, "tau_c": 364.2, "omega": 140.14, "M": 0.3, "D": 0.0, "R": 0.03, "sving": 0.09, "os": 0.15, "foss": 1.0, "juv": 0.0, "B": 0.3, "Q": 0.21, "w": 6.0, "h": 0.03, "S": 0.41792, "elv": "bekk", "km": 0.9}}, {"type": "Feature", "geometry": {"type": "LineString", "coordinates": [[6.92383, 59.71555], [6.92237, 59.71606]]}, "properties": {"P": 13.8, "tau": 114.64, "tau_c": 364.2, "omega": 150.88, "M": 0.31, "D": 0.0, "R": 0.03, "sving": 0.15, "os": 0.25, "foss": 1.0, "juv": 0.0, "B": 0.3, "Q": 0.22, "w": 6.0, "h": 0.03, "S": 0.41615, "elv": "bekk", "km": 1.0}}, {"type": "Feature", "geometry": {"type": "LineString", "coordinates": [[6.92237, 59.71606], [6.92096, 59.71658]]}, "properties": {"P": 15.79, "tau": 126.0, "tau_c": 364.2, "omega": 174.46, "M": 0.35, "D": 0.0, "R": 0.05, "sving": 0.18, "os": 0.42, "foss": 1.0, "juv": 0.0, "B": 0.3, "Q": 0.24, "w": 6.0, "h": 0.03, "S": 0.44755, "elv": "bekk", "km": 1.1}}, {"type": "Feature", "geometry": {"type": "LineString", "coordinates": [[6.92096, 59.71658], [6.92025, 59.71735]]}, "properties": {"P": 19.29, "tau": 132.83, "tau_c": 364.2, "omega": 189.92, "M": 0.36, "D": 0.0, "R": 0.06, "sving": 0.27, "os": 0.67, "foss": 1.0, "juv": 0.0, "B": 0.3, "Q": 0.26, "w": 6.0, "h": 0.03, "S": 0.45537, "elv": "bekk", "km": 1.2}}, {"type": "Feature", "geometry": {"type": "LineString", "coordinates": [[6.99169, 59.71393], [6.99319, 59.71362]]}, "properties": {"P": 11.82, "tau": 121.58, "tau_c": 364.2, "omega": 163.69, "M": 0.33, "D": 0.0, "R": 0.04, "sving": 0.14, "os": 0.0, "foss": 1.0, "juv": 0.0, "B": 0.31, "Q": 0.22, "w": 6.0, "h": 0.03, "S": 0.4603, "elv": "bekk", "km": 0.0}}, {"type": "Feature", "geometry": {"type": "LineString", "coordinates": [[6.99319, 59.71362], [6.99415, 59.71288]]}, "properties": {"P": 11.94, "tau": 128.72, "tau_c": 364.2, "omega": 179.44, "M": 0.35, "D": 0.0, "R": 0.05, "sving": 0.03, "os": 0.05, "foss": 1.0, "juv": 0.0, "B": 0.32, "Q": 0.23, "w": 6.0, "h": 0.03, "S": 0.46866, "elv": "bekk", "km": 0.1}}, {"type": "Feature", "geometry": {"type": "LineString", "coordinates": [[6.99415, 59.71288], [6.99562, 59.71241]]}, "properties": {"P": 12.93, "tau": 132.76, "tau_c": 364.2, "omega": 189.35, "M": 0.36, "D": 0.0, "R": 0.06, "sving": 0.06, "os": 0.07, "foss": 1.0, "juv": 0.0, "B": 0.33, "Q": 0.25, "w": 6.0, "h": 0.03, "S": 0.46169, "elv": "bekk", "km": 0.2}}, {"type": "Feature", "geometry": {"type": "LineString", "coordinates": [[6.99562, 59.71241], [6.99715, 59.71203]]}, "properties": {"P": 14.74, "tau": 131.58, "tau_c": 364.2, "omega": 188.61, "M": 0.36, "D": 0.04, "R": 0.06, "sving": 0.09, "os": 0.11, "foss": 1.0, "juv": 0.0, "B": 0.35, "Q": 0.27, "w": 6.0, "h": 0.03, "S": 0.43124, "elv": "bekk", "km": 0.3}}, {"type": "Feature", "geometry": {"type": "LineString", "coordinates": [[6.99715, 59.71203], [6.99879, 59.71184]]}, "properties": {"P": 17.56, "tau": 132.14, "tau_c": 364.2, "omega": 191.33, "M": 0.36, "D": 0.13, "R": 0.06, "sving": 0.13, "os": 0.15, "foss": 1.0, "juv": 0.0, "B": 0.36, "Q": 0.28, "w": 6.0, "h": 0.03, "S": 0.41181, "elv": "bekk", "km": 0.4}}, {"type": "Feature", "geometry": {"type": "LineString", "coordinates": [[7.03719, 59.72358], [7.03643, 59.72438]]}, "properties": {"P": 13.1, "tau": 139.36, "tau_c": 364.2, "omega": 208.59, "M": 0.38, "D": 0.0, "R": 0.07, "sving": 0.16, "os": 0.0, "foss": 1.0, "juv": 0.0, "B": 0.33, "Q": 0.31, "w": 6.0, "h": 0.03, "S": 0.41685, "elv": "bekk", "km": 0.0}}, {"type": "Feature", "geometry": {"type": "LineString", "coordinates": [[7.03643, 59.72438], [7.03581, 59.72521]]}, "properties": {"P": 13.95, "tau": 163.97, "tau_c": 364.2, "omega": 265.18, "M": 0.45, "D": 0.0, "R": 0.13, "sving": 0.1, "os": 0.0, "foss": 1.0, "juv": 0.0, "B": 0.34, "Q": 0.32, "w": 6.0, "h": 0.03, "S": 0.50257, "elv": "bekk", "km": 0.1}}, {"type": "Feature", "geometry": {"type": "LineString", "coordinates": [[7.03581, 59.72521], [7.03473, 59.72591]]}, "properties": {"P": 17.53, "tau": 169.02, "tau_c": 364.2, "omega": 278.88, "M": 0.46, "D": 0.0, "R": 0.15, "sving": 0.35, "os": 0.0, "foss": 1.0, "juv": 0.0, "B": 0.35, "Q": 0.34, "w": 6.0, "h": 0.03, "S": 0.50259, "elv": "bekk", "km": 0.2}}, {"type": "Feature", "geometry": {"type": "LineString", "coordinates": [[7.03473, 59.72591], [7.0337, 59.72661]]}, "properties": {"P": 17.85, "tau": 171.72, "tau_c": 364.2, "omega": 287.16, "M": 0.47, "D": 0.0, "R": 0.16, "sving": 0.32, "os": 0.0, "foss": 1.0, "juv": 0.0, "B": 0.36, "Q": 0.36, "w": 6.0, "h": 0.04, "S": 0.49328, "elv": "bekk", "km": 0.3}}, {"type": "Feature", "geometry": {"type": "LineString", "coordinates": [[7.0337, 59.72661], [7.03197, 59.72676]]}, "properties": {"P": 17.71, "tau": 177.84, "tau_c": 364.2, "omega": 303.82, "M": 0.49, "D": 0.0, "R": 0.17, "sving": 0.18, "os": 0.05, "foss": 1.0, "juv": 0.0, "B": 0.37, "Q": 0.37, "w": 6.0, "h": 0.04, "S": 0.49857, "elv": "bekk", "km": 0.4}}, {"type": "Feature", "geometry": {"type": "LineString", "coordinates": [[7.03197, 59.72676], [7.03034, 59.72707]]}, "properties": {"P": 17.75, "tau": 179.82, "tau_c": 364.2, "omega": 310.53, "M": 0.49, "D": 0.06, "R": 0.18, "sving": 0.02, "os": 0.09, "foss": 1.0, "juv": 0.0, "B": 0.38, "Q": 0.39, "w": 6.0, "h": 0.04, "S": 0.48777, "elv": "bekk", "km": 0.5}}, {"type": "Feature", "geometry": {"type": "LineString", "coordinates": [[7.03034, 59.72707], [7.02874, 59.72743]]}, "properties": {"P": 22.14, "tau": 171.34, "tau_c": 364.2, "omega": 291.44, "M": 0.47, "D": 0.15, "R": 0.15, "sving": 0.21, "os": 0.14, "foss": 1.0, "juv": 0.0, "B": 0.39, "Q": 0.41, "w": 6.0, "h": 0.04, "S": 0.439, "elv": "bekk", "km": 0.6}}, {"type": "Feature", "geometry": {"type": "LineString", "coordinates": [[7.02874, 59.72743], [7.02763, 59.72809]]}, "properties": {"P": 20.04, "tau": 111.21, "tau_c": 364.2, "omega": 146.32, "M": 0.31, "D": 0.15, "R": 0.03, "sving": 0.15, "os": 0.21, "foss": 1.0, "juv": 0.0, "B": 0.4, "Q": 0.42, "w": 10.62, "h": 0.03, "S": 0.37485, "elv": "bekk", "km": 0.7}}, {"type": "Feature", "geometry": {"type": "LineString", "coordinates": [[6.99573, 59.7152], [6.99707, 59.71465]]}, "properties": {"P": 10.14, "tau": 121.92, "tau_c": 364.2, "omega": 164.26, "M": 0.33, "D": 0.0, "R": 0.04, "sving": 0.02, "os": 0.0, "foss": 1.0, "juv": 0.0, "B": 0.3, "Q": 0.22, "w": 6.0, "h": 0.03, "S": 0.46369, "elv": "bekk", "km": 1.3}}, {"type": "Feature", "geometry": {"type": "LineString", "coordinates": [[6.99707, 59.71465], [6.9979, 59.71386]]}, "properties": {"P": 13.58, "tau": 127.06, "tau_c": 364.2, "omega": 176.06, "M": 0.35, "D": 0.05, "R": 0.05, "sving": 0.23, "os": 0.07, "foss": 1.0, "juv": 0.0, "B": 0.3, "Q": 0.23, "w": 6.0, "h": 0.03, "S": 0.46149, "elv": "bekk", "km": 1.4}}, {"type": "Feature", "geometry": {"type": "LineString", "coordinates": [[6.9979, 59.71386], [6.99935, 59.71336]]}, "properties": {"P": 14.8, "tau": 123.88, "tau_c": 364.2, "omega": 171.4, "M": 0.34, "D": 0.13, "R": 0.05, "sving": 0.21, "os": 0.12, "foss": 1.0, "juv": 0.0, "B": 0.3, "Q": 0.25, "w": 6.0, "h": 0.03, "S": 0.41933, "elv": "bekk", "km": 1.5}}, {"type": "Feature", "geometry": {"type": "LineString", "coordinates": [[6.94607, 59.72693], [6.94551, 59.72763]]}, "properties": {"P": 12.03, "tau": 114.27, "tau_c": 364.2, "omega": 155.37, "M": 0.31, "D": 0.0, "R": 0.03, "sving": 0.19, "os": 0.0, "foss": 1.0, "juv": 0.0, "B": 0.31, "Q": 0.28, "w": 6.0, "h": 0.03, "S": 0.33499, "elv": "bekk", "km": 1.4}}, {"type": "Feature", "geometry": {"type": "LineString", "coordinates": [[6.94551, 59.72763], [6.94429, 59.72828]]}, "properties": {"P": 12.26, "tau": 127.52, "tau_c": 364.2, "omega": 183.22, "M": 0.35, "D": 0.0, "R": 0.05, "sving": 0.17, "os": 0.0, "foss": 1.0, "juv": 0.0, "B": 0.31, "Q": 0.3, "w": 6.0, "h": 0.03, "S": 0.37313, "elv": "bekk", "km": 1.5}}, {"type": "Feature", "geometry": {"type": "LineString", "coordinates": [[6.94429, 59.72828], [6.94345, 59.72904]]}, "properties": {"P": 12.92, "tau": 128.53, "tau_c": 364.2, "omega": 186.68, "M": 0.35, "D": 0.0, "R": 0.05, "sving": 0.17, "os": 0.05, "foss": 1.0, "juv": 0.0, "B": 0.32, "Q": 0.32, "w": 6.0, "h": 0.04, "S": 0.36018, "elv": "bekk", "km": 1.6}}, {"type": "Feature", "geometry": {"type": "LineString", "coordinates": [[6.94345, 59.72904], [6.94352, 59.72991]]}, "properties": {"P": 13.04, "tau": 130.67, "tau_c": 364.2, "omega": 192.49, "M": 0.36, "D": 0.0, "R": 0.06, "sving": 0.13, "os": 0.08, "foss": 1.0, "juv": 0.0, "B": 0.32, "Q": 0.33, "w": 6.0, "h": 0.04, "S": 0.35284, "elv": "bekk", "km": 1.7}}, {"type": "Feature", "geometry": {"type": "LineString", "coordinates": [[6.94352, 59.72991], [6.9422, 59.73051]]}, "properties": {"P": 12.85, "tau": 132.76, "tau_c": 364.2, "omega": 198.23, "M": 0.36, "D": 0.01, "R": 0.06, "sving": 0.03, "os": 0.13, "foss": 1.0, "juv": 0.0, "B": 0.32, "Q": 0.35, "w": 6.0, "h": 0.04, "S": 0.34608, "elv": "bekk", "km": 1.8}}, {"type": "Feature", "geometry": {"type": "LineString", "coordinates": [[6.9422, 59.73051], [6.94157, 59.73124]]}, "properties": {"P": 16.65, "tau": 126.86, "tau_c": 364.2, "omega": 186.93, "M": 0.35, "D": 0.03, "R": 0.05, "sving": 0.34, "os": 0.18, "foss": 1.0, "juv": 0.0, "B": 0.32, "Q": 0.37, "w": 6.0, "h": 0.04, "S": 0.31153, "elv": "bekk", "km": 1.9}}, {"type": "Feature", "geometry": {"type": "LineString", "coordinates": [[6.94157, 59.73124], [6.94087, 59.73204]]}, "properties": {"P": 14.08, "tau": 121.17, "tau_c": 364.2, "omega": 176.1, "M": 0.33, "D": 0.03, "R": 0.04, "sving": 0.01, "os": 0.25, "foss": 1.0, "juv": 0.0, "B": 0.33, "Q": 0.38, "w": 6.0, "h": 0.04, "S": 0.28073, "elv": "bekk", "km": 2.0}}, {"type": "Feature", "geometry": {"type": "LineString", "coordinates": [[6.94087, 59.73204], [6.93957, 59.7326]]}, "properties": {"P": 16.67, "tau": 116.89, "tau_c": 364.2, "omega": 168.22, "M": 0.32, "D": 0.02, "R": 0.04, "sving": 0.17, "os": 0.35, "foss": 1.0, "juv": 0.0, "B": 0.33, "Q": 0.4, "w": 6.0, "h": 0.05, "S": 0.257, "elv": "bekk", "km": 2.1}}, {"type": "Feature", "geometry": {"type": "LineString", "coordinates": [[6.93957, 59.7326], [6.93833, 59.73313]]}, "properties": {"P": 17.14, "tau": 126.64, "tau_c": 364.2, "omega": 189.72, "M": 0.35, "D": 0.0, "R": 0.05, "sving": 0.22, "os": 0.33, "foss": 1.0, "juv": 0.0, "B": 0.33, "Q": 0.42, "w": 6.0, "h": 0.05, "S": 0.27826, "elv": "bekk", "km": 2.2}}, {"type": "Feature", "geometry": {"type": "LineString", "coordinates": [[7.01944, 59.72953], [7.02025, 59.72874]]}, "properties": {"P": 28.0, "tau": 218.12, "tau_c": 364.2, "omega": 423.07, "M": 0.6, "D": 0.09, "R": 0.31, "sving": 0.01, "os": 1.0, "foss": 1.0, "juv": 0.0, "B": 0.34, "Q": 0.55, "w": 6.76, "h": 0.04, "S": 0.52585, "elv": "bekk", "km": 0.0}}, {"type": "Feature", "geometry": {"type": "LineString", "coordinates": [[7.02025, 59.72874], [7.0212, 59.728]]}, "properties": {"P": 22.05, "tau": 138.65, "tau_c": 364.2, "omega": 207.33, "M": 0.38, "D": 0.09, "R": 0.07, "sving": 0.18, "os": 0.61, "foss": 1.0, "juv": 0.0, "B": 0.35, "Q": 0.57, "w": 11.35, "h": 0.03, "S": 0.41985, "elv": "bekk", "km": 0.1}}, {"type": "Feature", "geometry": {"type": "LineString", "coordinates": [[7.0212, 59.728], [7.02201, 59.72724]]}, "properties": {"P": 18.7, "tau": 114.85, "tau_c": 364.2, "omega": 151.71, "M": 0.32, "D": 0.09, "R": 0.03, "sving": 0.14, "os": 0.37, "foss": 1.0, "juv": 0.0, "B": 0.36, "Q": 0.59, "w": 15.96, "h": 0.03, "S": 0.41985, "elv": "bekk", "km": 0.2}}, {"type": "Feature", "geometry": {"type": "LineString", "coordinates": [[7.02201, 59.72724], [7.02331, 59.72667]]}, "properties": {"P": 52.57, "tau": 569.04, "tau_c": 364.2, "omega": 2170.37, "M": 1.56, "D": 0.0, "R": 1.0, "sving": 0.14, "os": 0.23, "foss": 1.0, "juv": 0.0, "B": 0.55, "Q": 10.84, "w": 20.57, "h": 0.14, "S": 0.41985, "elv": "bekk", "km": 0.3}}, {"type": "Feature", "geometry": {"type": "LineString", "coordinates": [[7.03574, 59.73938], [7.03495, 59.73867]]}, "properties": {"P": 9.81, "tau": 41.97, "tau_c": 88.96, "omega": 48.86, "M": 0.47, "D": 0.0, "R": 0.16, "sving": 0.31, "os": 0.0, "foss": 0.0, "juv": 0.0, "B": 0.56, "Q": 9.05, "w": 27.11, "h": 0.29, "S": 0.01492, "elv": "bekk", "km": 0.0}}, {"type": "Feature", "geometry": {"type": "LineString", "coordinates": [[7.03495, 59.73867], [7.03478, 59.73785]]}, "properties": {"P": 10.22, "tau": 42.03, "tau_c": 88.96, "omega": 48.96, "M": 0.47, "D": 0.0, "R": 0.16, "sving": 0.31, "os": 0.0, "foss": 0.0, "juv": 0.0, "B": 0.58, "Q": 9.08, "w": 27.13, "h": 0.29, "S": 0.01492, "elv": "bekk", "km": 0.1}}, {"type": "Feature", "geometry": {"type": "LineString", "coordinates": [[6.98856, 59.70537], [6.9903, 59.70521]]}, "properties": {"P": 11.95, "tau": 114.17, "tau_c": 364.2, "omega": 146.11, "M": 0.31, "D": 0.0, "R": 0.03, "sving": 0.14, "os": 0.08, "foss": 1.0, "juv": 0.0, "B": 0.3, "Q": 0.18, "w": 6.0, "h": 0.02, "S": 0.48743, "elv": "bekk", "km": 1.1}}, {"type": "Feature", "geometry": {"type": "LineString", "coordinates": [[6.9903, 59.70521], [6.99189, 59.70487]]}, "properties": {"P": 14.39, "tau": 126.16, "tau_c": 364.2, "omega": 170.58, "M": 0.35, "D": 0.03, "R": 0.05, "sving": 0.29, "os": 0.13, "foss": 1.0, "juv": 0.0, "B": 0.3, "Q": 0.2, "w": 6.0, "h": 0.02, "S": 0.52164, "elv": "bekk", "km": 1.2}}, {"type": "Feature", "geometry": {"type": "LineString", "coordinates": [[6.99189, 59.70487], [6.993, 59.7042]]}, "properties": {"P": 15.75, "tau": 129.88, "tau_c": 364.2, "omega": 179.81, "M": 0.36, "D": 0.11, "R": 0.06, "sving": 0.22, "os": 0.22, "foss": 1.0, "juv": 0.0, "B": 0.3, "Q": 0.22, "w": 6.0, "h": 0.03, "S": 0.50757, "elv": "bekk", "km": 1.3}}, {"type": "Feature", "geometry": {"type": "LineString", "coordinates": [[7.06972, 59.64377], [7.0684, 59.64427]]}, "properties": {"P": 14.34, "tau": 112.18, "tau_c": 364.2, "omega": 150.33, "M": 0.31, "D": 0.0, "R": 0.03, "sving": 0.13, "os": 0.05, "foss": 1.0, "juv": 0.0, "B": 0.37, "Q": 0.27, "w": 6.0, "h": 0.03, "S": 0.34002, "elv": "bekk", "km": 0.5}}, {"type": "Feature", "geometry": {"type": "LineString", "coordinates": [[7.14223, 59.6754], [7.14069, 59.67497]]}, "properties": {"P": 24.76, "tau": 187.53, "tau_c": 235.22, "omega": 431.05, "M": 0.8, "D": 0.03, "R": 0.57, "sving": 0.03, "os": 0.08, "foss": 1.0, "juv": 0.0, "B": 0.37, "Q": 13.8, "w": 32.75, "h": 0.18, "S": 0.10428, "elv": "Holmavassåna", "km": 0.0}}, {"type": "Feature", "geometry": {"type": "LineString", "coordinates": [[7.14069, 59.67497], [7.13924, 59.67447]]}, "properties": {"P": 63.11, "tau": 163.28, "tau_c": 213.34, "omega": 353.38, "M": 0.77, "D": 0.06, "R": 0.53, "sving": 0.14, "os": 0.14, "foss": 1.0, "juv": 0.0, "B": 0.9, "Q": 13.81, "w": 32.89, "h": 0.19, "S": 0.08579, "elv": "Holmavassåna", "km": 0.1}}, {"type": "Feature", "geometry": {"type": "LineString", "coordinates": [[7.13924, 59.67447], [7.13778, 59.67402]]}, "properties": {"P": 65.46, "tau": 147.08, "tau_c": 198.31, "omega": 304.15, "M": 0.74, "D": 0.08, "R": 0.5, "sving": 0.16, "os": 0.23, "foss": 1.0, "juv": 0.0, "B": 0.9, "Q": 13.82, "w": 33.04, "h": 0.2, "S": 0.07413, "elv": "Holmavassåna", "km": 0.2}}, {"type": "Feature", "geometry": {"type": "LineString", "coordinates": [[7.13778, 59.67402], [7.1366, 59.67343]]}, "properties": {"P": 70.15, "tau": 160.17, "tau_c": 207.5, "omega": 345.37, "M": 0.77, "D": 0.09, "R": 0.54, "sving": 0.09, "os": 0.37, "foss": 1.0, "juv": 0.0, "B": 0.9, "Q": 14.4, "w": 33.2, "h": 0.2, "S": 0.08116, "elv": "Holmavassåna", "km": 0.3}}, {"type": "Feature", "geometry": {"type": "LineString", "coordinates": [[7.1366, 59.67343], [7.13487, 59.67336]]}, "properties": {"P": 68.35, "tau": 141.18, "tau_c": 189.85, "omega": 288.16, "M": 0.74, "D": 0.14, "R": 0.5, "sving": 0.11, "os": 0.56, "foss": 0.72, "juv": 0.0, "B": 0.9, "Q": 14.42, "w": 33.36, "h": 0.21, "S": 0.06794, "elv": "Holmavassåna", "km": 0.4}}, {"type": "Feature", "geometry": {"type": "LineString", "coordinates": [[7.13487, 59.67336], [7.13321, 59.67306]]}, "properties": {"P": 86.27, "tau": 100.99, "tau_c": 151.02, "omega": 177.79, "M": 0.67, "D": 0.2, "R": 0.4, "sving": 0.23, "os": 0.89, "foss": 1.0, "juv": 0.0, "B": 0.9, "Q": 14.43, "w": 34.24, "h": 0.24, "S": 0.04299, "elv": "Holmavassåna", "km": 0.5}}, {"type": "Feature", "geometry": {"type": "LineString", "coordinates": [[7.13321, 59.67306], [7.13149, 59.67285]]}, "properties": {"P": 72.13, "tau": 94.91, "tau_c": 144.24, "omega": 162.73, "M": 0.66, "D": 0.17, "R": 0.39, "sving": 0.01, "os": 0.67, "foss": 1.0, "juv": 0.0, "B": 0.9, "Q": 14.5, "w": 34.29, "h": 0.25, "S": 0.03922, "elv": "Holmavassåna", "km": 0.6}}, {"type": "Feature", "geometry": {"type": "LineString", "coordinates": [[7.13149, 59.67285], [7.12974, 59.67271]]}, "properties": {"P": 58.24, "tau": 86.4, "tau_c": 134.64, "omega": 142.33, "M": 0.64, "D": 0.16, "R": 0.37, "sving": 0.11, "os": 0.4, "foss": 0.72, "juv": 0.0, "B": 0.9, "Q": 14.59, "w": 34.37, "h": 0.26, "S": 0.03417, "elv": "Holmavassåna", "km": 0.7}}, {"type": "Feature", "geometry": {"type": "LineString", "coordinates": [[7.12974, 59.67271], [7.12805, 59.67261]]}, "properties": {"P": 47.55, "tau": 88.74, "tau_c": 132.04, "omega": 149.54, "M": 0.67, "D": 0.17, "R": 0.41, "sving": 0.01, "os": 0.25, "foss": 0.51, "juv": 0.0, "B": 0.9, "Q": 14.63, "w": 31.53, "h": 0.28, "S": 0.03286, "elv": "Holmavassåna", "km": 0.8}}, {"type": "Feature", "geometry": {"type": "LineString", "coordinates": [[7.12805, 59.67261], [7.12632, 59.67257]]}, "properties": {"P": 39.32, "tau": 54.04, "tau_c": 92.29, "omega": 73.51, "M": 0.59, "D": 0.27, "R": 0.29, "sving": 0.02, "os": 0.15, "foss": 0.37, "juv": 0.0, "B": 0.9, "Q": 14.74, "w": 31.59, "h": 0.34, "S": 0.01605, "elv": "Holmavassåna", "km": 0.9}}, {"type": "Feature", "geometry": {"type": "LineString", "coordinates": [[7.12632, 59.67257], [7.12459, 59.67239]]}, "properties": {"P": 22.02, "tau": 39.4, "tau_c": 73.64, "omega": 46.72, "M": 0.54, "D": 0.21, "R": 0.23, "sving": 0.03, "os": 0.09, "foss": 0.0, "juv": 0.0, "B": 0.91, "Q": 14.76, "w": 31.67, "h": 0.39, "S": 0.01022, "elv": "Holmavassåna", "km": 1.0}}, {"type": "Feature", "geometry": {"type": "LineString", "coordinates": [[7.12459, 59.67239], [7.12287, 59.6722]]}, "properties": {"P": 23.6, "tau": 43.12, "tau_c": 78.63, "omega": 53.17, "M": 0.55, "D": 0.12, "R": 0.25, "sving": 0.14, "os": 0.13, "foss": 0.0, "juv": 0.0, "B": 0.91, "Q": 14.76, "w": 31.74, "h": 0.38, "S": 0.01165, "elv": "Holmavassåna", "km": 1.1}}, {"type": "Feature", "geometry": {"type": "LineString", "coordinates": [[7.12287, 59.6722], [7.12146, 59.67207]]}, "properties": {"P": 21.61, "tau": 56.69, "tau_c": 93.97, "omega": 79.1, "M": 0.6, "D": 0.0, "R": 0.32, "sving": 0.02, "os": 0.21, "foss": 0.0, "juv": 0.0, "B": 0.91, "Q": 14.94, "w": 30.83, "h": 0.35, "S": 0.01664, "elv": "Holmavassåna", "km": 1.2}}, {"type": "Feature", "geometry": {"type": "LineString", "coordinates": [[7.12146, 59.67207], [7.1199, 59.67172]]}, "properties": {"P": 23.3, "tau": 55.95, "tau_c": 96.93, "omega": 76.77, "M": 0.58, "D": 0.03, "R": 0.28, "sving": 0.0, "os": 0.32, "foss": 0.0, "juv": 0.0, "B": 0.91, "Q": 14.94, "w": 33.82, "h": 0.32, "S": 0.01771, "elv": "Holmavassåna", "km": 1.3}}, {"type": "Feature", "geometry": {"type": "LineString", "coordinates": [[7.1199, 59.67172], [7.1182, 59.67149]]}, "properties": {"P": 56.33, "tau": 48.99, "tau_c": 88.19, "omega": 63.45, "M": 0.56, "D": 0.04, "R": 0.25, "sving": 0.03, "os": 0.49, "foss": 1.0, "juv": 0.0, "B": 0.91, "Q": 14.97, "w": 33.92, "h": 0.34, "S": 0.01466, "elv": "Holmavassåna", "km": 1.4}}, {"type": "Feature", "geometry": {"type": "LineString", "coordinates": [[7.1182, 59.67149], [7.11648, 59.6713]]}, "properties": {"P": 59.3, "tau": 47.8, "tau_c": 83.02, "omega": 61.98, "M": 0.58, "D": 0.04, "R": 0.28, "sving": 0.15, "os": 0.7, "foss": 0.72, "juv": 0.0, "B": 0.91, "Q": 15.06, "w": 30.96, "h": 0.38, "S": 0.01299, "elv": "Holmavassåna", "km": 1.5}}, {"type": "Feature", "geometry": {"type": "LineString", "coordinates": [[7.11648, 59.6713], [7.11476, 59.67119]]}, "properties": {"P": 52.48, "tau": 51.16, "tau_c": 83.02, "omega": 69.2, "M": 0.62, "D": 0.02, "R": 0.33, "sving": 0.12, "os": 0.64, "foss": 0.51, "juv": 0.0, "B": 0.91, "Q": 15.21, "w": 28.0, "h": 0.4, "S": 0.01299, "elv": "Holmavassåna", "km": 1.6}}, {"type": "Feature", "geometry": {"type": "LineString", "coordinates": [[7.11476, 59.67119], [7.11299, 59.67118]]}, "properties": {"P": 43.03, "tau": 46.78, "tau_c": 75.31, "omega": 61.36, "M": 0.62, "D": 0.0, "R": 0.34, "sving": 0.15, "os": 0.42, "foss": 0.37, "juv": 0.0, "B": 0.91, "Q": 15.21, "w": 26.0, "h": 0.45, "S": 0.01069, "elv": "Holmavassåna", "km": 1.7}}, {"type": "Feature", "geometry": {"type": "LineString", "coordinates": [[7.11299, 59.67118], [7.11123, 59.67123]]}, "properties": {"P": 31.63, "tau": 54.48, "tau_c": 76.3, "omega": 78.05, "M": 0.71, "D": 0.0, "R": 0.47, "sving": 0.05, "os": 0.27, "foss": 0.0, "juv": 0.03, "B": 0.91, "Q": 15.24, "w": 21.02, "h": 0.51, "S": 0.01097, "elv": "Holmavassåna", "km": 1.8}}, {"type": "Feature", "geometry": {"type": "LineString", "coordinates": [[7.11123, 59.67123], [7.10949, 59.6714]]}, "properties": {"P": 42.25, "tau": 100.28, "tau_c": 104.58, "omega": 192.59, "M": 0.96, "D": 0.0, "R": 0.76, "sving": 0.02, "os": 0.17, "foss": 0.0, "juv": 0.06, "B": 0.91, "Q": 15.24, "w": 16.0, "h": 0.5, "S": 0.02061, "elv": "Holmavassåna", "km": 1.9}}, {"type": "Feature", "geometry": {"type": "LineString", "coordinates": [[7.10949, 59.6714], [7.10773, 59.67142]]}, "properties": {"P": 84.41, "tau": 156.96, "tau_c": 144.45, "omega": 367.44, "M": 1.09, "D": 0.0, "R": 0.87, "sving": 0.39, "os": 0.1, "foss": 1.0, "juv": 0.06, "B": 0.91, "Q": 15.24, "w": 16.0, "h": 0.41, "S": 0.03933, "elv": "Holmavassåna", "km": 2.0}}, {"type": "Feature", "geometry": {"type": "LineString", "coordinates": [[7.10773, 59.67142], [7.10597, 59.67135]]}, "properties": {"P": 81.63, "tau": 157.24, "tau_c": 156.39, "omega": 362.2, "M": 1.01, "D": 0.0, "R": 0.8, "sving": 0.44, "os": 0.06, "foss": 1.0, "juv": 0.06, "B": 0.91, "Q": 15.24, "w": 19.03, "h": 0.35, "S": 0.0461, "elv": "Holmavassåna", "km": 2.1}}, {"type": "Feature", "geometry": {"type": "LineString", "coordinates": [[7.10597, 59.67135], [7.1051, 59.67071]]}, "properties": {"P": 79.35, "tau": 167.61, "tau_c": 174.85, "omega": 390.61, "M": 0.96, "D": 0.0, "R": 0.76, "sving": 0.49, "os": 0.0, "foss": 1.0, "juv": 0.06, "B": 0.91, "Q": 15.24, "w": 22.05, "h": 0.3, "S": 0.05762, "elv": "Holmavassåna", "km": 2.2}}, {"type": "Feature", "geometry": {"type": "LineString", "coordinates": [[6.98772, 59.62743], [6.98596, 59.62746]]}, "properties": {"P": 42.37, "tau": 30.97, "tau_c": 56.0, "omega": 34.32, "M": 0.55, "D": 0.01, "R": 0.25, "sving": 0.56, "os": 1.0, "foss": 0.0, "juv": 0.0, "B": 0.68, "Q": 28.39, "w": 47.95, "h": 0.53, "S": 0.00591, "elv": "Bleskestadåa", "km": 0.0}}, {"type": "Feature", "geometry": {"type": "LineString", "coordinates": [[6.98596, 59.62746], [6.98473, 59.62802]]}, "properties": {"P": 29.05, "tau": 30.7, "tau_c": 55.65, "omega": 33.9, "M": 0.55, "D": 0.04, "R": 0.25, "sving": 0.29, "os": 0.61, "foss": 0.0, "juv": 0.0, "B": 0.68, "Q": 28.39, "w": 47.95, "h": 0.54, "S": 0.00584, "elv": "Bleskestadåa", "km": 0.1}}, {"type": "Feature", "geometry": {"type": "LineString", "coordinates": [[6.98473, 59.62802], [6.9835, 59.62864]]}, "properties": {"P": 20.0, "tau": 28.56, "tau_c": 52.85, "omega": 30.55, "M": 0.54, "D": 0.1, "R": 0.24, "sving": 0.02, "os": 0.4, "foss": 0.0, "juv": 0.0, "B": 0.68, "Q": 28.39, "w": 47.99, "h": 0.55, "S": 0.00527, "elv": "Bleskestadåa", "km": 0.2}}, {"type": "Feature", "geometry": {"type": "LineString", "coordinates": [[6.9835, 59.62864], [6.98208, 59.62915]]}, "properties": {"P": 24.21, "tau": 25.02, "tau_c": 48.25, "omega": 25.26, "M": 0.52, "D": 0.11, "R": 0.21, "sving": 0.4, "os": 0.25, "foss": 0.0, "juv": 0.0, "B": 0.68, "Q": 28.39, "w": 48.38, "h": 0.58, "S": 0.00439, "elv": "Bleskestadåa", "km": 0.3}}, {"type": "Feature", "geometry": {"type": "LineString", "coordinates": [[6.98208, 59.62915], [6.98067, 59.62921]]}, "properties": {"P": 23.12, "tau": 20.4, "tau_c": 41.67, "omega": 18.84, "M": 0.49, "D": 0.08, "R": 0.18, "sving": 0.53, "os": 0.16, "foss": 0.0, "juv": 0.0, "B": 0.68, "Q": 28.63, "w": 48.78, "h": 0.64, "S": 0.00327, "elv": "Bleskestadåa", "km": 0.4}}, {"type": "Feature", "geometry": {"type": "LineString", "coordinates": [[6.98067, 59.62921], [6.97903, 59.62893]]}, "properties": {"P": 14.12, "tau": 24.98, "tau_c": 46.89, "omega": 25.41, "M": 0.53, "D": 0.03, "R": 0.23, "sving": 0.12, "os": 0.13, "foss": 0.0, "juv": 0.0, "B": 0.68, "Q": 30.73, "w": 49.17, "h": 0.61, "S": 0.00414, "elv": "Bleskestadåa", "km": 0.5}}, {"type": "Feature", "geometry": {"type": "LineString", "coordinates": [[6.97903, 59.62893], [6.97764, 59.62841]]}, "properties": {"P": 14.17, "tau": 24.04, "tau_c": 45.81, "omega": 24.01, "M": 0.52, "D": 0.01, "R": 0.22, "sving": 0.09, "os": 0.2, "foss": 0.0, "juv": 0.0, "B": 0.68, "Q": 30.77, "w": 49.72, "h": 0.62, "S": 0.00396, "elv": "Bleskestadåa", "km": 0.6}}, {"type": "Feature", "geometry": {"type": "LineString", "coordinates": [[6.97764, 59.62841], [6.9761, 59.62864]]}, "properties": {"P": 23.34, "tau": 27.03, "tau_c": 47.25, "omega": 28.82, "M": 0.57, "D": 0.0, "R": 0.28, "sving": 0.31, "os": 0.33, "foss": 0.0, "juv": 0.0, "B": 0.68, "Q": 30.78, "w": 44.09, "h": 0.65, "S": 0.00421, "elv": "Bleskestadåa", "km": 0.7}}, {"type": "Feature", "geometry": {"type": "LineString", "coordinates": [[6.9761, 59.62864], [6.97447, 59.62892]]}, "properties": {"P": 40.86, "tau": 93.92, "tau_c": 106.84, "omega": 175.7, "M": 0.88, "D": 0.0, "R": 0.67, "sving": 0.35, "os": 0.45, "foss": 0.0, "juv": 0.0, "B": 0.68, "Q": 31.72, "w": 38.11, "h": 0.44, "S": 0.02152, "elv": "Bleskestadåa", "km": 0.8}}, {"type": "Feature", "geometry": {"type": "LineString", "coordinates": [[6.97447, 59.62892], [6.97294, 59.62936]]}, "properties": {"P": 46.61, "tau": 185.05, "tau_c": 156.63, "omega": 477.8, "M": 1.18, "D": 0.0, "R": 0.92, "sving": 0.09, "os": 0.51, "foss": 0.0, "juv": 0.08, "B": 0.68, "Q": 31.73, "w": 30.12, "h": 0.41, "S": 0.04624, "elv": "Bleskestadåa", "km": 0.9}}, {"type": "Feature", "geometry": {"type": "LineString", "coordinates": [[6.97294, 59.62936], [6.97131, 59.6296]]}, "properties": {"P": 68.99, "tau": 246.77, "tau_c": 167.84, "omega": 746.76, "M": 1.47, "D": 0.0, "R": 1.0, "sving": 0.09, "os": 0.39, "foss": 1.0, "juv": 0.16, "B": 0.68, "Q": 31.74, "w": 22.14, "h": 0.47, "S": 0.0531, "elv": "Bleskestadåa", "km": 1.0}}, {"type": "Feature", "geometry": {"type": "LineString", "coordinates": [[6.97131, 59.6296], [6.96979, 59.63006]]}, "properties": {"P": 69.11, "tau": 349.01, "tau_c": 173.72, "omega": 1277.83, "M": 2.01, "D": 0.0, "R": 0.89, "sving": 0.02, "os": 0.59, "foss": 1.0, "juv": 0.25, "B": 0.68, "Q": 32.06, "w": 14.0, "h": 0.63, "S": 0.05688, "elv": "Bleskestadåa", "km": 1.1}}, {"type": "Feature", "geometry": {"type": "LineString", "coordinates": [[6.96979, 59.63006], [6.9683, 59.63053]]}, "properties": {"P": 77.68, "tau": 423.54, "tau_c": 185.65, "omega": 1703.34, "M": 2.28, "D": 0.0, "R": 0.78, "sving": 0.16, "os": 0.98, "foss": 1.0, "juv": 0.33, "B": 0.68, "Q": 32.07, "w": 12.0, "h": 0.66, "S": 0.06496, "elv": "Bleskestadåa", "km": 1.2}}, {"type": "Feature", "geometry": {"type": "LineString", "coordinates": [[6.9683, 59.63053], [6.96674, 59.63093]]}, "properties": {"P": 65.99, "tau": 519.98, "tau_c": 196.97, "omega": 2303.82, "M": 2.64, "D": 0.01, "R": 0.64, "sving": 0.13, "os": 0.62, "foss": 1.0, "juv": 0.41, "B": 0.68, "Q": 32.12, "w": 10.0, "h": 0.72, "S": 0.07312, "elv": "Bleskestadåa", "km": 1.3}}, {"type": "Feature", "geometry": {"type": "LineString", "coordinates": [[6.96674, 59.63093], [6.96541, 59.63152]]}, "properties": {"P": 62.25, "tau": 464.21, "tau_c": 181.28, "omega": 1951.52, "M": 2.56, "D": 0.07, "R": 0.67, "sving": 0.07, "os": 0.38, "foss": 1.0, "juv": 0.41, "B": 0.68, "Q": 32.12, "w": 10.0, "h": 0.76, "S": 0.06194, "elv": "Bleskestadåa", "km": 1.4}}, {"type": "Feature", "geometry": {"type": "LineString", "coordinates": [[6.96541, 59.63152], [6.9643, 59.6322]]}, "properties": {"P": 61.33, "tau": 382.35, "tau_c": 157.21, "omega": 1468.73, "M": 2.43, "D": 0.12, "R": 0.72, "sving": 0.03, "os": 0.23, "foss": 1.0, "juv": 0.41, "B": 0.68, "Q": 32.14, "w": 10.0, "h": 0.84, "S": 0.04658, "elv": "Bleskestadåa", "km": 1.5}}, {"type": "Feature", "geometry": {"type": "LineString", "coordinates": [[6.9643, 59.6322], [6.96302, 59.6328]]}, "properties": {"P": 64.19, "tau": 352.39, "tau_c": 174.73, "omega": 1296.12, "M": 2.02, "D": 0.12, "R": 0.89, "sving": 0.03, "os": 0.14, "foss": 1.0, "juv": 0.33, "B": 0.68, "Q": 32.14, "w": 14.0, "h": 0.62, "S": 0.05755, "elv": "Bleskestadåa", "km": 1.6}}, {"type": "Feature", "geometry": {"type": "LineString", "coordinates": [[6.96302, 59.6328], [6.96141, 59.63313]]}, "properties": {"P": 64.9, "tau": 355.24, "tau_c": 175.75, "omega": 1311.37, "M": 2.02, "D": 0.07, "R": 0.88, "sving": 0.2, "os": 0.09, "foss": 1.0, "juv": 0.33, "B": 0.68, "Q": 32.15, "w": 14.0, "h": 0.62, "S": 0.05822, "elv": "Bleskestadåa", "km": 1.7}}, {"type": "Feature", "geometry": {"type": "LineString", "coordinates": [[6.96141, 59.63313], [6.96014, 59.6336]]}, "properties": {"P": 59.96, "tau": 338.23, "tau_c": 179.4, "omega": 1213.39, "M": 1.89, "D": 0.03, "R": 0.93, "sving": 0.03, "os": 0.05, "foss": 1.0, "juv": 0.25, "B": 0.68, "Q": 32.62, "w": 16.0, "h": 0.57, "S": 0.06066, "elv": "Bleskestadåa", "km": 1.8}}, {"type": "Feature", "geometry": {"type": "LineString", "coordinates": [[6.96014, 59.6336], [6.95852, 59.63389]]}, "properties": {"P": 59.54, "tau": 348.59, "tau_c": 193.58, "omega": 1255.9, "M": 1.8, "D": 0.01, "R": 0.95, "sving": 0.11, "os": 0.0, "foss": 1.0, "juv": 0.17, "B": 0.67, "Q": 32.63, "w": 18.0, "h": 0.5, "S": 0.07063, "elv": "Bleskestadåa", "km": 1.9}}, {"type": "Feature", "geometry": {"type": "LineString", "coordinates": [[6.95852, 59.63389], [6.95733, 59.63455]]}, "properties": {"P": 57.94, "tau": 349.07, "tau_c": 193.71, "omega": 1258.49, "M": 1.8, "D": 0.0, "R": 0.95, "sving": 0.04, "os": 0.0, "foss": 1.0, "juv": 0.17, "B": 0.67, "Q": 32.65, "w": 18.0, "h": 0.5, "S": 0.07072, "elv": "Bleskestadåa", "km": 2.0}}, {"type": "Feature", "geometry": {"type": "LineString", "coordinates": [[6.95733, 59.63455], [6.95599, 59.6351]]}, "properties": {"P": 56.12, "tau": 422.97, "tau_c": 210.72, "omega": 1676.26, "M": 2.01, "D": 0.0, "R": 0.89, "sving": 0.07, "os": 0.0, "foss": 1.0, "juv": 0.17, "B": 0.67, "Q": 32.67, "w": 16.0, "h": 0.52, "S": 0.08369, "elv": "Bleskestadåa", "km": 2.1}}, {"type": "Feature", "geometry": {"type": "LineString", "coordinates": [[6.95599, 59.6351], [6.95446, 59.63554]]}, "properties": {"P": 55.13, "tau": 406.3, "tau_c": 204.63, "omega": 1581.84, "M": 1.99, "D": 0.0, "R": 0.9, "sving": 0.01, "os": 0.0, "foss": 1.0, "juv": 0.17, "B": 0.67, "Q": 32.69, "w": 16.0, "h": 0.52, "S": 0.07892, "elv": "Bleskestadåa", "km": 2.2}}, {"type": "Feature", "geometry": {"type": "LineString", "coordinates": [[6.95446, 59.63554], [6.95297, 59.63599]]}, "properties": {"P": 55.5, "tau": 427.31, "tau_c": 212.17, "omega": 1701.34, "M": 2.01, "D": 0.0, "R": 0.89, "sving": 0.05, "os": 0.0, "foss": 1.0, "juv": 0.17, "B": 0.67, "Q": 32.7, "w": 16.0, "h": 0.51, "S": 0.08485, "elv": "Bleskestadåa", "km": 2.3}}, {"type": "Feature", "geometry": {"type": "LineString", "coordinates": [[6.95297, 59.63599], [6.95173, 59.63663]]}, "properties": {"P": 52.58, "tau": 514.71, "tau_c": 228.08, "omega": 2247.57, "M": 2.26, "D": 0.0, "R": 0.79, "sving": 0.01, "os": 0.0, "foss": 1.0, "juv": 0.25, "B": 0.67, "Q": 32.71, "w": 14.0, "h": 0.54, "S": 0.09805, "elv": "Bleskestadåa", "km": 2.4}}, {"type": "Feature", "geometry": {"type": "LineString", "coordinates": [[6.95173, 59.63663], [6.95053, 59.63727]]}, "properties": {"P": 52.61, "tau": 498.48, "tau_c": 222.76, "omega": 2145.97, "M": 2.24, "D": 0.0, "R": 0.8, "sving": 0.01, "os": 0.0, "foss": 1.0, "juv": 0.25, "B": 0.67, "Q": 32.75, "w": 14.0, "h": 0.54, "S": 0.09353, "elv": "Bleskestadåa", "km": 2.5}}, {"type": "Feature", "geometry": {"type": "LineString", "coordinates": [[6.95053, 59.63727], [6.94903, 59.63774]]}, "properties": {"P": 51.04, "tau": 572.08, "tau_c": 228.76, "omega": 2641.73, "M": 2.5, "D": 0.0, "R": 0.7, "sving": 0.05, "os": 0.0, "foss": 1.0, "juv": 0.33, "B": 0.67, "Q": 32.76, "w": 12.0, "h": 0.59, "S": 0.09863, "elv": "Bleskestadåa", "km": 2.6}}, {"type": "Feature", "geometry": {"type": "LineString", "coordinates": [[6.94903, 59.63774], [6.9475, 59.63819]]}, "properties": {"P": 51.79, "tau": 526.29, "tau_c": 215.26, "omega": 2340.43, "M": 2.44, "D": 0.02, "R": 0.72, "sving": 0.03, "os": 0.0, "foss": 1.0, "juv": 0.33, "B": 0.67, "Q": 32.78, "w": 12.0, "h": 0.61, "S": 0.08734, "elv": "Bleskestadåa", "km": 2.7}}, {"type": "Feature", "geometry": {"type": "LineString", "coordinates": [[6.9475, 59.63819], [6.94611, 59.63873]]}, "properties": {"P": 49.49, "tau": 549.56, "tau_c": 203.14, "omega": 2501.84, "M": 2.71, "D": 0.02, "R": 0.62, "sving": 0.03, "os": 0.0, "foss": 1.0, "juv": 0.42, "B": 0.67, "Q": 32.79, "w": 10.0, "h": 0.72, "S": 0.07778, "elv": "Bleskestadåa", "km": 2.8}}, {"type": "Feature", "geometry": {"type": "LineString", "coordinates": [[6.94611, 59.63873], [6.9448, 59.63933]]}, "properties": {"P": 56.5, "tau": 509.49, "tau_c": 210.21, "omega": 2232.74, "M": 2.42, "D": 0.07, "R": 0.73, "sving": 0.17, "os": 0.0, "foss": 1.0, "juv": 0.33, "B": 0.67, "Q": 32.79, "w": 12.0, "h": 0.62, "S": 0.08328, "elv": "Bleskestadåa", "km": 2.9}}, {"type": "Feature", "geometry": {"type": "LineString", "coordinates": [[6.9448, 59.63933], [6.94339, 59.63986]]}, "properties": {"P": 50.48, "tau": 521.36, "tau_c": 213.74, "omega": 2308.75, "M": 2.44, "D": 0.09, "R": 0.72, "sving": 0.16, "os": 0.0, "foss": 0.72, "juv": 0.33, "B": 0.67, "Q": 32.8, "w": 12.0, "h": 0.62, "S": 0.08611, "elv": "Bleskestadåa", "km": 3.0}}, {"type": "Feature", "geometry": {"type": "LineString", "coordinates": [[6.94339, 59.63986], [6.94242, 59.64061]]}, "properties": {"P": 61.33, "tau": 382.14, "tau_c": 217.91, "omega": 1418.81, "M": 1.75, "D": 0.09, "R": 0.97, "sving": 0.04, "os": 0.0, "foss": 1.0, "juv": 0.25, "B": 0.67, "Q": 32.83, "w": 20.31, "h": 0.44, "S": 0.0895, "elv": "Bleskestadåa", "km": 3.1}}, {"type": "Feature", "geometry": {"type": "LineString", "coordinates": [[6.94242, 59.64061], [6.9416, 59.64135]]}, "properties": {"P": 68.3, "tau": 418.38, "tau_c": 261.0, "omega": 1571.47, "M": 1.6, "D": 0.04, "R": 0.99, "sving": 0.45, "os": 0.0, "foss": 1.0, "juv": 0.17, "B": 0.67, "Q": 32.83, "w": 26.31, "h": 0.33, "S": 0.1284, "elv": "Bleskestadåa", "km": 3.2}}, {"type": "Feature", "geometry": {"type": "LineString", "coordinates": [[6.9416, 59.64135], [6.94063, 59.64191]]}, "properties": {"P": 63.17, "tau": 694.45, "tau_c": 364.2, "omega": 3250.23, "M": 1.91, "D": 0.0, "R": 0.92, "sving": 0.32, "os": 0.06, "foss": 1.0, "juv": 0.17, "B": 0.67, "Q": 32.83, "w": 26.31, "h": 0.27, "S": 0.26554, "elv": "Bleskestadåa", "km": 3.3}}, {"type": "Feature", "geometry": {"type": "LineString", "coordinates": [[6.94063, 59.64191], [6.93916, 59.64142]]}, "properties": {"P": 58.92, "tau": 763.53, "tau_c": 364.2, "omega": 3723.49, "M": 2.1, "D": 0.0, "R": 0.86, "sving": 0.2, "os": 0.09, "foss": 1.0, "juv": 0.17, "B": 0.67, "Q": 32.83, "w": 26.31, "h": 0.26, "S": 0.30418, "elv": "Bleskestadåa", "km": 3.4}}, {"type": "Feature", "geometry": {"type": "LineString", "coordinates": [[6.93916, 59.64142], [6.93752, 59.64154]]}, "properties": {"P": 58.11, "tau": 703.74, "tau_c": 364.2, "omega": 3255.08, "M": 1.93, "D": 0.0, "R": 0.91, "sving": 0.09, "os": 0.11, "foss": 1.0, "juv": 0.08, "B": 0.67, "Q": 32.84, "w": 30.31, "h": 0.23, "S": 0.30631, "elv": "Bleskestadåa", "km": 3.5}}, {"type": "Feature", "geometry": {"type": "LineString", "coordinates": [[6.93752, 59.64154], [6.93602, 59.64199]]}, "properties": {"P": 56.84, "tau": 1039.08, "tau_c": 364.2, "omega": 5923.58, "M": 2.85, "D": 0.0, "R": 0.56, "sving": 0.5, "os": 0.18, "foss": 1.0, "juv": 0.17, "B": 0.67, "Q": 33.07, "w": 22.0, "h": 0.26, "S": 0.40169, "elv": "Bleskestadåa", "km": 3.6}}, {"type": "Feature", "geometry": {"type": "LineString", "coordinates": [[6.93602, 59.64199], [6.93457, 59.64249]]}, "properties": {"P": 47.77, "tau": 1252.42, "tau_c": 364.2, "omega": 8022.1, "M": 3.44, "D": 0.01, "R": 0.38, "sving": 0.18, "os": 0.29, "foss": 1.0, "juv": 0.25, "B": 0.67, "Q": 33.09, "w": 16.0, "h": 0.32, "S": 0.39544, "elv": "Bleskestadåa", "km": 3.7}}, {"type": "Feature", "geometry": {"type": "LineString", "coordinates": [[6.93457, 59.64249], [6.93333, 59.64309]]}, "properties": {"P": 51.73, "tau": 1186.68, "tau_c": 364.2, "omega": 7423.73, "M": 3.26, "D": 0.05, "R": 0.43, "sving": 0.06, "os": 0.47, "foss": 1.0, "juv": 0.25, "B": 0.67, "Q": 33.09, "w": 16.0, "h": 0.33, "S": 0.36586, "elv": "Bleskestadåa", "km": 3.8}}, {"type": "Feature", "geometry": {"type": "LineString", "coordinates": [[6.93333, 59.64309], [6.93197, 59.64357]]}, "properties": {"P": 68.39, "tau": 897.56, "tau_c": 356.86, "omega": 4980.31, "M": 2.52, "D": 0.11, "R": 0.69, "sving": 0.06, "os": 0.76, "foss": 1.0, "juv": 0.25, "B": 0.67, "Q": 33.84, "w": 16.0, "h": 0.38, "S": 0.24003, "elv": "Bleskestadåa", "km": 3.9}}, {"type": "Feature", "geometry": {"type": "LineString", "coordinates": [[6.93197, 59.64357], [6.9306, 59.64414]]}, "properties": {"P": 66.87, "tau": 977.18, "tau_c": 332.2, "omega": 5759.58, "M": 2.94, "D": 0.17, "R": 0.53, "sving": 0.05, "os": 0.82, "foss": 1.0, "juv": 0.34, "B": 0.67, "Q": 33.87, "w": 12.0, "h": 0.48, "S": 0.208, "elv": "Bleskestadåa", "km": 4.0}}, {"type": "Feature", "geometry": {"type": "LineString", "coordinates": [[6.9306, 59.64414], [6.92932, 59.64475]]}, "properties": {"P": 64.32, "tau": 826.2, "tau_c": 316.12, "omega": 4470.9, "M": 2.61, "D": 0.25, "R": 0.65, "sving": 0.0, "os": 0.5, "foss": 1.0, "juv": 0.26, "B": 0.67, "Q": 33.88, "w": 14.0, "h": 0.45, "S": 0.18835, "elv": "Bleskestadåa", "km": 4.1}}, {"type": "Feature", "geometry": {"type": "LineString", "coordinates": [[6.92932, 59.64475], [6.92788, 59.64527]]}, "properties": {"P": 71.49, "tau": 412.17, "tau_c": 225.31, "omega": 1590.55, "M": 1.83, "D": 0.32, "R": 0.95, "sving": 0.01, "os": 0.3, "foss": 1.0, "juv": 0.17, "B": 0.67, "Q": 33.89, "w": 20.0, "h": 0.44, "S": 0.09568, "elv": "Bleskestadåa", "km": 4.2}}, {"type": "Feature", "geometry": {"type": "LineString", "coordinates": [[6.92788, 59.64527], [6.92643, 59.64578]]}, "properties": {"P": 63.74, "tau": 404.83, "tau_c": 222.39, "omega": 1549.99, "M": 1.82, "D": 0.3, "R": 0.95, "sving": 0.07, "os": 0.18, "foss": 0.72, "juv": 0.17, "B": 0.67, "Q": 33.9, "w": 20.0, "h": 0.44, "S": 0.09322, "elv": "Bleskestadåa", "km": 4.3}}, {"type": "Feature", "geometry": {"type": "LineString", "coordinates": [[6.92643, 59.64578], [6.9251, 59.64636]]}, "properties": {"P": 70.4, "tau": 394.08, "tau_c": 207.92, "omega": 1505.56, "M": 1.9, "D": 0.24, "R": 0.93, "sving": 0.17, "os": 0.18, "foss": 1.0, "juv": 0.26, "B": 0.66, "Q": 33.9, "w": 18.0, "h": 0.49, "S": 0.08148, "elv": "Bleskestadåa", "km": 4.4}}, {"type": "Feature", "geometry": {"type": "LineString", "coordinates": [[6.9251, 59.64636], [6.92408, 59.64708]]}, "properties": {"P": 69.27, "tau": 283.91, "tau_c": 193.81, "omega": 905.75, "M": 1.46, "D": 0.13, "R": 1.0, "sving": 0.08, "os": 0.3, "foss": 1.0, "juv": 0.17, "B": 0.66, "Q": 33.91, "w": 26.0, "h": 0.41, "S": 0.0708, "elv": "Bleskestadåa", "km": 4.5}}, {"type": "Feature", "geometry": {"type": "LineString", "coordinates": [[6.92408, 59.64708], [6.92325, 59.64786]]}, "properties": {"P": 73.38, "tau": 265.16, "tau_c": 184.52, "omega": 821.09, "M": 1.44, "D": 0.08, "R": 1.0, "sving": 0.21, "os": 0.44, "foss": 1.0, "juv": 0.17, "B": 0.66, "Q": 33.91, "w": 26.0, "h": 0.42, "S": 0.06417, "elv": "Bleskestadåa", "km": 4.6}}, {"type": "Feature", "geometry": {"type": "LineString", "coordinates": [[6.92325, 59.64786], [6.92214, 59.64847]]}, "properties": {"P": 79.54, "tau": 365.31, "tau_c": 224.08, "omega": 1312.47, "M": 1.63, "D": 0.02, "R": 0.99, "sving": 0.52, "os": 0.52, "foss": 1.0, "juv": 0.17, "B": 0.66, "Q": 33.93, "w": 24.0, "h": 0.39, "S": 0.09464, "elv": "Bleskestadåa", "km": 4.7}}, {"type": "Feature", "geometry": {"type": "LineString", "coordinates": [[6.92214, 59.64847], [6.9204, 59.64861]]}, "properties": {"P": 64.37, "tau": 300.52, "tau_c": 194.46, "omega": 991.89, "M": 1.55, "D": 0.0, "R": 1.0, "sving": 0.11, "os": 0.5, "foss": 0.72, "juv": 0.18, "B": 0.66, "Q": 34.05, "w": 24.0, "h": 0.43, "S": 0.07127, "elv": "Bleskestadåa", "km": 4.8}}, {"type": "Feature", "geometry": {"type": "LineString", "coordinates": [[6.9204, 59.64861], [6.91898, 59.64827]]}, "properties": {"P": 72.45, "tau": 294.22, "tau_c": 192.54, "omega": 962.34, "M": 1.53, "D": 0.0, "R": 1.0, "sving": 0.06, "os": 0.69, "foss": 1.0, "juv": 0.09, "B": 0.67, "Q": 36.5, "w": 26.0, "h": 0.43, "S": 0.06987, "elv": "Bleskestadåa", "km": 4.9}}, {"type": "Feature", "geometry": {"type": "LineString", "coordinates": [[6.91898, 59.64827], [6.91774, 59.64889]]}, "properties": {"P": 78.38, "tau": 354.27, "tau_c": 195.52, "omega": 1290.64, "M": 1.81, "D": 0.0, "R": 0.95, "sving": 0.21, "os": 0.9, "foss": 1.0, "juv": 0.09, "B": 0.67, "Q": 36.52, "w": 20.0, "h": 0.5, "S": 0.07206, "elv": "Bleskestadåa", "km": 5.0}}, {"type": "Feature", "geometry": {"type": "LineString", "coordinates": [[6.91774, 59.64889], [6.91676, 59.64964]]}, "properties": {"P": 71.61, "tau": 346.67, "tau_c": 192.42, "omega": 1251.02, "M": 1.8, "D": 0.01, "R": 0.95, "sving": 0.22, "os": 0.56, "foss": 1.0, "juv": 0.09, "B": 0.67, "Q": 36.55, "w": 20.0, "h": 0.51, "S": 0.06978, "elv": "Bleskestadåa", "km": 5.1}}, {"type": "Feature", "geometry": {"type": "LineString", "coordinates": [[6.91676, 59.64964], [6.91551, 59.65018]]}, "properties": {"P": 63.91, "tau": 423.13, "tau_c": 200.42, "omega": 1698.3, "M": 2.11, "D": 0.01, "R": 0.85, "sving": 0.18, "os": 0.34, "foss": 1.0, "juv": 0.18, "B": 0.67, "Q": 36.59, "w": 16.0, "h": 0.57, "S": 0.07571, "elv": "Bleskestadåa", "km": 5.2}}, {"type": "Feature", "geometry": {"type": "LineString", "coordinates": [[6.91551, 59.65018], [6.91378, 59.6503]]}, "properties": {"P": 60.8, "tau": 334.84, "tau_c": 177.68, "omega": 1202.53, "M": 1.88, "D": 0.02, "R": 0.93, "sving": 0.06, "os": 0.21, "foss": 1.0, "juv": 0.09, "B": 0.67, "Q": 37.08, "w": 18.0, "h": 0.57, "S": 0.05951, "elv": "Bleskestadåa", "km": 5.3}}, {"type": "Feature", "geometry": {"type": "LineString", "coordinates": [[6.91378, 59.6503], [6.91209, 59.65057]]}, "properties": {"P": 59.92, "tau": 357.88, "tau_c": 176.5, "omega": 1334.93, "M": 2.03, "D": 0.02, "R": 0.88, "sving": 0.12, "os": 0.14, "foss": 1.0, "juv": 0.18, "B": 0.67, "Q": 37.08, "w": 16.0, "h": 0.62, "S": 0.05871, "elv": "Bleskestadåa", "km": 5.4}}, {"type": "Feature", "geometry": {"type": "LineString", "coordinates": [[6.91209, 59.65057], [6.91096, 59.6512]]}, "properties": {"P": 60.38, "tau": 381.0, "tau_c": 173.35, "omega": 1472.21, "M": 2.2, "D": 0.02, "R": 0.82, "sving": 0.24, "os": 0.1, "foss": 1.0, "juv": 0.27, "B": 0.67, "Q": 37.09, "w": 14.0, "h": 0.69, "S": 0.05664, "elv": "Bleskestadåa", "km": 5.5}}, {"type": "Feature", "geometry": {"type": "LineString", "coordinates": [[6.91096, 59.6512], [6.91004, 59.65196]]}, "properties": {"P": 58.56, "tau": 405.95, "tau_c": 168.25, "omega": 1622.04, "M": 2.41, "D": 0.01, "R": 0.73, "sving": 0.18, "os": 0.15, "foss": 1.0, "juv": 0.36, "B": 0.67, "Q": 37.19, "w": 12.0, "h": 0.78, "S": 0.05336, "elv": "Bleskestadåa", "km": 5.6}}, {"type": "Feature", "geometry": {"type": "LineString", "coordinates": [[6.91004, 59.65196], [6.90877, 59.65258]]}, "properties": {"P": 59.65, "tau": 363.47, "tau_c": 167.31, "omega": 1375.28, "M": 2.17, "D": 0.02, "R": 0.83, "sving": 0.01, "os": 0.25, "foss": 1.0, "juv": 0.3, "B": 0.67, "Q": 37.2, "w": 14.0, "h": 0.7, "S": 0.05276, "elv": "Bleskestadåa", "km": 5.7}}, {"type": "Feature", "geometry": {"type": "LineString", "coordinates": [[6.90877, 59.65258], [6.90753, 59.65322]]}, "properties": {"P": 65.54, "tau": 359.09, "tau_c": 165.81, "omega": 1351.33, "M": 2.17, "D": 0.02, "R": 0.83, "sving": 0.11, "os": 0.41, "foss": 1.0, "juv": 0.33, "B": 0.67, "Q": 37.22, "w": 14.0, "h": 0.71, "S": 0.05182, "elv": "Bleskestadåa", "km": 5.8}}, {"type": "Feature", "geometry": {"type": "LineString", "coordinates": [[7.13643, 59.67227], [7.13525, 59.67294]]}, "properties": {"P": 54.4, "tau": 283.36, "tau_c": 265.37, "omega": 819.67, "M": 1.07, "D": 0.0, "R": 0.85, "sving": 0.03, "os": 0.0, "foss": 1.0, "juv": 0.0, "B": 0.71, "Q": 14.42, "w": 22.91, "h": 0.22, "S": 0.13273, "elv": "bekk", "km": 0.6}}, {"type": "Feature", "geometry": {"type": "LineString", "coordinates": [[6.92796, 59.73599], [6.92855, 59.73515]]}, "properties": {"P": 14.46, "tau": 97.0, "tau_c": 302.22, "omega": 131.61, "M": 0.32, "D": 0.0, "R": 0.04, "sving": 0.17, "os": 0.05, "foss": 1.0, "juv": 0.0, "B": 0.36, "Q": 0.51, "w": 6.58, "h": 0.06, "S": 0.17215, "elv": "bekk", "km": 0.0}}, {"type": "Feature", "geometry": {"type": "LineString", "coordinates": [[6.92855, 59.73515], [6.92874, 59.73429]]}, "properties": {"P": 15.13, "tau": 102.38, "tau_c": 302.22, "omega": 143.92, "M": 0.34, "D": 0.0, "R": 0.05, "sving": 0.17, "os": 0.07, "foss": 1.0, "juv": 0.0, "B": 0.37, "Q": 0.57, "w": 6.65, "h": 0.06, "S": 0.17215, "elv": "bekk", "km": 0.1}}, {"type": "Feature", "geometry": {"type": "LineString", "coordinates": [[6.9472, 59.7321], [6.94573, 59.73256]]}, "properties": {"P": 35.34, "tau": 232.46, "tau_c": 283.21, "omega": 574.16, "M": 0.82, "D": 0.0, "R": 0.6, "sving": 0.08, "os": 0.05, "foss": 1.0, "juv": 0.0, "B": 0.53, "Q": 4.75, "w": 12.27, "h": 0.16, "S": 0.15118, "elv": "bekk", "km": 0.1}}, {"type": "Feature", "geometry": {"type": "LineString", "coordinates": [[6.94573, 59.73256], [6.94418, 59.73299]]}, "properties": {"P": 34.43, "tau": 206.02, "tau_c": 283.21, "omega": 471.64, "M": 0.73, "D": 0.04, "R": 0.48, "sving": 0.08, "os": 0.08, "foss": 1.0, "juv": 0.0, "B": 0.55, "Q": 4.77, "w": 15.0, "h": 0.14, "S": 0.15118, "elv": "bekk", "km": 0.2}}, {"type": "Feature", "geometry": {"type": "LineString", "coordinates": [[6.87385, 59.65642], [6.87336, 59.65559]]}, "properties": {"P": 32.96, "tau": 96.47, "tau_c": 225.32, "omega": 143.92, "M": 0.43, "D": 0.02, "R": 0.11, "sving": 0.21, "os": 1.0, "foss": 1.0, "juv": 0.0, "B": 0.44, "Q": 1.9, "w": 12.42, "h": 0.1, "S": 0.09569, "elv": "Tverråa", "km": 0.0}}, {"type": "Feature", "geometry": {"type": "LineString", "coordinates": [[6.87336, 59.65559], [6.87364, 59.65471]]}, "properties": {"P": 27.15, "tau": 95.57, "tau_c": 223.77, "omega": 142.01, "M": 0.43, "D": 0.08, "R": 0.11, "sving": 0.08, "os": 0.62, "foss": 1.0, "juv": 0.0, "B": 0.44, "Q": 1.91, "w": 12.42, "h": 0.1, "S": 0.09438, "elv": "Tverråa", "km": 0.1}}, {"type": "Feature", "geometry": {"type": "LineString", "coordinates": [[6.87364, 59.65471], [6.87362, 59.65386]]}, "properties": {"P": 26.2, "tau": 85.57, "tau_c": 206.73, "omega": 121.2, "M": 0.41, "D": 0.18, "R": 0.1, "sving": 0.13, "os": 0.38, "foss": 1.0, "juv": 0.0, "B": 0.44, "Q": 1.91, "w": 12.42, "h": 0.11, "S": 0.08055, "elv": "Tverråa", "km": 0.2}}, {"type": "Feature", "geometry": {"type": "LineString", "coordinates": [[6.81369, 59.6919], [6.81506, 59.69135]]}, "properties": {"P": 25.26, "tau": 125.68, "tau_c": 364.2, "omega": 184.67, "M": 0.35, "D": 0.0, "R": 0.05, "sving": 0.39, "os": 1.0, "foss": 1.0, "juv": 0.0, "B": 0.33, "Q": 0.37, "w": 6.0, "h": 0.04, "S": 0.30485, "elv": "bekk", "km": 0.0}}, {"type": "Feature", "geometry": {"type": "LineString", "coordinates": [[6.81506, 59.69135], [6.81571, 59.69055]]}, "properties": {"P": 21.06, "tau": 122.35, "tau_c": 364.2, "omega": 178.77, "M": 0.34, "D": 0.05, "R": 0.04, "sving": 0.25, "os": 0.61, "foss": 1.0, "juv": 0.0, "B": 0.34, "Q": 0.39, "w": 6.0, "h": 0.04, "S": 0.2824, "elv": "bekk", "km": 0.1}}, {"type": "Feature", "geometry": {"type": "LineString", "coordinates": [[6.81571, 59.69055], [6.81637, 59.68972]]}, "properties": {"P": 22.11, "tau": 126.39, "tau_c": 364.2, "omega": 188.36, "M": 0.35, "D": 0.12, "R": 0.05, "sving": 0.39, "os": 0.39, "foss": 1.0, "juv": 0.0, "B": 0.35, "Q": 0.4, "w": 6.0, "h": 0.05, "S": 0.28528, "elv": "bekk", "km": 0.2}}, {"type": "Feature", "geometry": {"type": "LineString", "coordinates": [[6.80653, 59.57308], [6.80785, 59.57344]]}, "properties": {"P": 19.95, "tau": 126.82, "tau_c": 364.2, "omega": 190.38, "M": 0.35, "D": 0.0, "R": 0.05, "sving": 0.58, "os": 0.18, "foss": 1.0, "juv": 0.0, "B": 0.34, "Q": 0.48, "w": 6.95, "h": 0.05, "S": 0.27875, "elv": "Moskarbekken", "km": 0.0}}, {"type": "Feature", "geometry": {"type": "LineString", "coordinates": [[6.80785, 59.57344], [6.80918, 59.57397]]}, "properties": {"P": 20.39, "tau": 164.46, "tau_c": 364.2, "omega": 292.98, "M": 0.45, "D": 0.0, "R": 0.14, "sving": 0.39, "os": 0.12, "foss": 1.0, "juv": 0.0, "B": 0.38, "Q": 0.78, "w": 7.3, "h": 0.06, "S": 0.27875, "elv": "Moskarbekken", "km": 0.1}}, {"type": "Feature", "geometry": {"type": "LineString", "coordinates": [[6.80918, 59.57397], [6.80969, 59.57481]]}, "properties": {"P": 19.82, "tau": 160.54, "tau_c": 364.2, "omega": 281.65, "M": 0.44, "D": 0.01, "R": 0.12, "sving": 0.39, "os": 0.08, "foss": 1.0, "juv": 0.0, "B": 0.38, "Q": 0.79, "w": 7.65, "h": 0.06, "S": 0.27875, "elv": "Moskarbekken", "km": 0.2}}, {"type": "Feature", "geometry": {"type": "LineString", "coordinates": [[6.81892, 59.59799], [6.81718, 59.5981]]}, "properties": {"P": 19.44, "tau": 110.75, "tau_c": 364.2, "omega": 143.51, "M": 0.3, "D": 0.0, "R": 0.03, "sving": 0.25, "os": 0.0, "foss": 1.0, "juv": 0.0, "B": 0.48, "Q": 0.23, "w": 6.36, "h": 0.03, "S": 0.39884, "elv": "bekk", "km": 1.4}}, {"type": "Feature", "geometry": {"type": "LineString", "coordinates": [[6.81718, 59.5981], [6.81541, 59.59811]]}, "properties": {"P": 16.09, "tau": 109.58, "tau_c": 364.2, "omega": 141.66, "M": 0.3, "D": 0.0, "R": 0.03, "sving": 0.03, "os": 0.0, "foss": 1.0, "juv": 0.0, "B": 0.48, "Q": 0.25, "w": 6.72, "h": 0.03, "S": 0.38831, "elv": "bekk", "km": 1.5}}]}