{"type": "FeatureCollection", "features": [{"type": "Feature", "geometry": {"type": "LineString", "coordinates": [[10.19583, 63.79572], [10.19398, 63.79538]]}, "properties": {"P": 27.11, "tau": 97.95, "tau_c": 128.73, "omega": 178.08, "M": 0.76, "D": 0.02, "R": 0.53, "sving": 0.12, "os": 0.0, "foss": 1.0, "juv": 0.0, "B": 0.43, "Q": 24.98, "w": 42.99, "h": 0.32, "S": 0.03124, "elv": "Nordelva", "km": 0.0}}, {"type": "Feature", "geometry": {"type": "LineString", "coordinates": [[10.19398, 63.79538], [10.19212, 63.79541]]}, "properties": {"P": 39.45, "tau": 83.76, "tau_c": 111.49, "omega": 143.61, "M": 0.75, "D": 0.03, "R": 0.51, "sving": 0.08, "os": 0.0, "foss": 1.0, "juv": 0.0, "B": 0.64, "Q": 24.99, "w": 39.99, "h": 0.36, "S": 0.02343, "elv": "Nordelva", "km": 0.1}}, {"type": "Feature", "geometry": {"type": "LineString", "coordinates": [[10.19212, 63.79541], [10.1904, 63.79494]]}, "properties": {"P": 33.32, "tau": 82.48, "tau_c": 109.05, "omega": 140.93, "M": 0.76, "D": 0.03, "R": 0.52, "sving": 0.05, "os": 0.0, "foss": 0.72, "juv": 0.0, "B": 0.64, "Q": 25.0, "w": 39.0, "h": 0.38, "S": 0.02241, "elv": "Nordelva", "km": 0.2}}, {"type": "Feature", "geometry": {"type": "LineString", "coordinates": [[10.1904, 63.79494], [10.18868, 63.79446]]}, "properties": {"P": 33.57, "tau": 92.89, "tau_c": 117.37, "omega": 167.64, "M": 0.79, "D": 0.02, "R": 0.57, "sving": 0.2, "os": 0.0, "foss": 0.51, "juv": 0.0, "B": 0.64, "Q": 25.01, "w": 38.0, "h": 0.36, "S": 0.02596, "elv": "Nordelva", "km": 0.3}}, {"type": "Feature", "geometry": {"type": "LineString", "coordinates": [[10.18868, 63.79446], [10.18692, 63.79402]]}, "properties": {"P": 27.22, "tau": 89.04, "tau_c": 113.84, "omega": 157.78, "M": 0.78, "D": 0.03, "R": 0.55, "sving": 0.04, "os": 0.0, "foss": 0.37, "juv": 0.0, "B": 0.64, "Q": 25.02, "w": 38.0, "h": 0.37, "S": 0.02443, "elv": "Nordelva", "km": 0.4}}, {"type": "Feature", "geometry": {"type": "LineString", "coordinates": [[10.18692, 63.79402], [10.18514, 63.79359]]}, "properties": {"P": 38.35, "tau": 73.31, "tau_c": 98.99, "omega": 119.42, "M": 0.74, "D": 0.03, "R": 0.5, "sving": 0.05, "os": 0.0, "foss": 1.0, "juv": 0.0, "B": 0.64, "Q": 25.04, "w": 38.0, "h": 0.4, "S": 0.01847, "elv": "Nordelva", "km": 0.5}}, {"type": "Feature", "geometry": {"type": "LineString", "coordinates": [[10.18514, 63.79359], [10.18332, 63.7932]]}, "properties": {"P": 37.87, "tau": 85.77, "tau_c": 113.3, "omega": 148.63, "M": 0.76, "D": 0.01, "R": 0.52, "sving": 0.01, "os": 0.0, "foss": 1.0, "juv": 0.0, "B": 0.64, "Q": 25.05, "w": 40.0, "h": 0.36, "S": 0.02419, "elv": "Nordelva", "km": 0.6}}, {"type": "Feature", "geometry": {"type": "LineString", "coordinates": [[10.18332, 63.7932], [10.1818, 63.79263]]}, "properties": {"P": 32.83, "tau": 96.19, "tau_c": 122.97, "omega": 175.18, "M": 0.78, "D": 0.0, "R": 0.55, "sving": 0.01, "os": 0.0, "foss": 0.72, "juv": 0.0, "B": 0.64, "Q": 25.06, "w": 40.0, "h": 0.34, "S": 0.0285, "elv": "Nordelva", "km": 0.7}}, {"type": "Feature", "geometry": {"type": "LineString", "coordinates": [[10.1818, 63.79263], [10.18008, 63.79215]]}, "properties": {"P": 43.67, "tau": 122.63, "tau_c": 146.32, "omega": 248.08, "M": 0.84, "D": 0.0, "R": 0.62, "sving": 0.15, "os": 0.0, "foss": 1.0, "juv": 0.0, "B": 0.64, "Q": 25.07, "w": 40.0, "h": 0.31, "S": 0.04035, "elv": "Nordelva", "km": 0.8}}, {"type": "Feature", "geometry": {"type": "LineString", "coordinates": [[10.18008, 63.79215], [10.17832, 63.79171]]}, "properties": {"P": 37.42, "tau": 115.76, "tau_c": 140.34, "omega": 228.43, "M": 0.82, "D": 0.02, "R": 0.61, "sving": 0.13, "os": 0.0, "foss": 0.72, "juv": 0.0, "B": 0.64, "Q": 25.09, "w": 40.0, "h": 0.32, "S": 0.03712, "elv": "Nordelva", "km": 0.9}}, {"type": "Feature", "geometry": {"type": "LineString", "coordinates": [[10.17832, 63.79171], [10.1764, 63.79167]]}, "properties": {"P": 40.86, "tau": 109.41, "tau_c": 134.52, "omega": 210.82, "M": 0.81, "D": 0.04, "R": 0.59, "sving": 0.01, "os": 0.0, "foss": 1.0, "juv": 0.0, "B": 0.64, "Q": 25.2, "w": 40.0, "h": 0.33, "S": 0.03411, "elv": "Nordelva", "km": 1.0}}, {"type": "Feature", "geometry": {"type": "LineString", "coordinates": [[10.1764, 63.79167], [10.17463, 63.79137]]}, "properties": {"P": 35.41, "tau": 111.18, "tau_c": 137.59, "omega": 215.05, "M": 0.81, "D": 0.05, "R": 0.59, "sving": 0.01, "os": 0.0, "foss": 0.72, "juv": 0.0, "B": 0.64, "Q": 25.22, "w": 41.04, "h": 0.32, "S": 0.03568, "elv": "Nordelva", "km": 1.1}}, {"type": "Feature", "geometry": {"type": "LineString", "coordinates": [[10.17463, 63.79137], [10.17295, 63.79088]]}, "properties": {"P": 32.33, "tau": 99.88, "tau_c": 128.82, "omega": 183.87, "M": 0.78, "D": 0.1, "R": 0.55, "sving": 0.07, "os": 0.0, "foss": 0.51, "juv": 0.0, "B": 0.64, "Q": 25.22, "w": 42.09, "h": 0.33, "S": 0.03128, "elv": "Nordelva", "km": 1.2}}, {"type": "Feature", "geometry": {"type": "LineString", "coordinates": [[10.17295, 63.79088], [10.17115, 63.79046]]}, "properties": {"P": 34.39, "tau": 101.44, "tau_c": 131.64, "omega": 187.41, "M": 0.77, "D": 0.13, "R": 0.54, "sving": 0.28, "os": 0.0, "foss": 0.37, "juv": 0.0, "B": 0.64, "Q": 25.23, "w": 43.13, "h": 0.32, "S": 0.03266, "elv": "Nordelva", "km": 1.3}}, {"type": "Feature", "geometry": {"type": "LineString", "coordinates": [[10.17115, 63.79046], [10.16924, 63.79026]]}, "properties": {"P": 23.02, "tau": 67.83, "tau_c": 98.64, "omega": 105.32, "M": 0.69, "D": 0.19, "R": 0.43, "sving": 0.18, "os": 0.0, "foss": 0.0, "juv": 0.0, "B": 0.64, "Q": 25.25, "w": 43.13, "h": 0.38, "S": 0.01834, "elv": "Nordelva", "km": 1.4}}, {"type": "Feature", "geometry": {"type": "LineString", "coordinates": [[10.16924, 63.79026], [10.16738, 63.7906]]}, "properties": {"P": 37.85, "tau": 66.61, "tau_c": 97.34, "omega": 102.62, "M": 0.68, "D": 0.14, "R": 0.43, "sving": 0.0, "os": 0.0, "foss": 1.0, "juv": 0.0, "B": 0.64, "Q": 25.27, "w": 43.13, "h": 0.38, "S": 0.01786, "elv": "Nordelva", "km": 1.5}}, {"type": "Feature", "geometry": {"type": "LineString", "coordinates": [[10.16738, 63.7906], [10.16545, 63.79052]]}, "properties": {"P": 31.86, "tau": 65.57, "tau_c": 95.2, "omega": 100.64, "M": 0.69, "D": 0.09, "R": 0.43, "sving": 0.05, "os": 0.0, "foss": 0.72, "juv": 0.0, "B": 0.64, "Q": 25.28, "w": 42.09, "h": 0.39, "S": 0.01708, "elv": "Nordelva", "km": 1.6}}, {"type": "Feature", "geometry": {"type": "LineString", "coordinates": [[10.16545, 63.79052], [10.16366, 63.79011]]}, "properties": {"P": 29.71, "tau": 62.26, "tau_c": 90.71, "omega": 93.72, "M": 0.69, "D": 0.01, "R": 0.43, "sving": 0.25, "os": 0.0, "foss": 0.51, "juv": 0.0, "B": 0.64, "Q": 25.28, "w": 41.05, "h": 0.41, "S": 0.01551, "elv": "Nordelva", "km": 1.7}}, {"type": "Feature", "geometry": {"type": "LineString", "coordinates": [[10.16366, 63.79011], [10.16178, 63.78979]]}, "properties": {"P": 25.0, "tau": 70.67, "tau_c": 96.02, "omega": 113.46, "M": 0.74, "D": -0.0, "R": 0.49, "sving": 0.06, "os": 0.0, "foss": 0.37, "juv": 0.0, "B": 0.64, "Q": 25.29, "w": 38.0, "h": 0.41, "S": 0.01738, "elv": "Nordelva", "km": 1.8}}, {"type": "Feature", "geometry": {"type": "LineString", "coordinates": [[10.16178, 63.78979], [10.15982, 63.78955]]}, "properties": {"P": 18.57, "tau": 65.92, "tau_c": 86.96, "omega": 104.03, "M": 0.76, "D": -0.0, "R": 0.52, "sving": 0.06, "os": 0.0, "foss": 0.0, "juv": 0.0, "B": 0.64, "Q": 25.3, "w": 34.0, "h": 0.47, "S": 0.01425, "elv": "Nordelva", "km": 1.9}}, {"type": "Feature", "geometry": {"type": "LineString", "coordinates": [[10.15982, 63.78955], [10.15787, 63.78932]]}, "properties": {"P": 40.63, "tau": 81.01, "tau_c": 98.12, "omega": 140.8, "M": 0.83, "D": -0.0, "R": 0.61, "sving": 0.02, "os": 0.0, "foss": 1.0, "juv": 0.0, "B": 0.64, "Q": 25.31, "w": 32.0, "h": 0.46, "S": 0.01815, "elv": "Nordelva", "km": 2.0}}, {"type": "Feature", "geometry": {"type": "LineString", "coordinates": [[10.15787, 63.78932], [10.15594, 63.78903]]}, "properties": {"P": 35.51, "tau": 72.38, "tau_c": 87.93, "omega": 120.65, "M": 0.82, "D": -0.0, "R": 0.61, "sving": 0.06, "os": 0.0, "foss": 0.72, "juv": 0.0, "B": 0.64, "Q": 25.32, "w": 30.0, "h": 0.51, "S": 0.01457, "elv": "Nordelva", "km": 2.1}}, {"type": "Feature", "geometry": {"type": "LineString", "coordinates": [[10.15594, 63.78903], [10.1541, 63.78866]]}, "properties": {"P": 32.27, "tau": 77.99, "tau_c": 92.65, "omega": 134.36, "M": 0.84, "D": -0.0, "R": 0.63, "sving": 0.06, "os": 0.0, "foss": 0.51, "juv": 0.0, "B": 0.64, "Q": 25.39, "w": 30.0, "h": 0.49, "S": 0.01618, "elv": "Nordelva", "km": 2.2}}, {"type": "Feature", "geometry": {"type": "LineString", "coordinates": [[10.1541, 63.78866], [10.15225, 63.78829]]}, "properties": {"P": 30.49, "tau": 86.58, "tau_c": 99.87, "omega": 156.11, "M": 0.87, "D": -0.0, "R": 0.66, "sving": 0.06, "os": 0.0, "foss": 0.37, "juv": 0.0, "B": 0.64, "Q": 25.4, "w": 30.0, "h": 0.47, "S": 0.0188, "elv": "Nordelva", "km": 2.3}}, {"type": "Feature", "geometry": {"type": "LineString", "coordinates": [[10.15225, 63.78829], [10.1504, 63.78793]]}, "properties": {"P": 21.07, "tau": 80.83, "tau_c": 100.47, "omega": 139.46, "M": 0.8, "D": 0.03, "R": 0.58, "sving": 0.05, "os": 0.0, "foss": 0.0, "juv": 0.0, "B": 0.64, "Q": 25.41, "w": 34.0, "h": 0.43, "S": 0.01903, "elv": "Nordelva", "km": 2.4}}, {"type": "Feature", "geometry": {"type": "LineString", "coordinates": [[10.1504, 63.78793], [10.14861, 63.7875]]}, "properties": {"P": 22.83, "tau": 83.6, "tau_c": 100.19, "omega": 147.41, "M": 0.83, "D": 0.03, "R": 0.62, "sving": 0.08, "os": 0.0, "foss": 0.0, "juv": 0.0, "B": 0.64, "Q": 25.42, "w": 32.0, "h": 0.45, "S": 0.01892, "elv": "Nordelva", "km": 2.5}}, {"type": "Feature", "geometry": {"type": "LineString", "coordinates": [[10.14861, 63.7875], [10.14671, 63.78724]]}, "properties": {"P": 41.96, "tau": 72.08, "tau_c": 87.51, "omega": 119.98, "M": 0.82, "D": 0.05, "R": 0.61, "sving": 0.02, "os": 0.0, "foss": 1.0, "juv": 0.0, "B": 0.64, "Q": 25.42, "w": 30.0, "h": 0.51, "S": 0.01443, "elv": "Nordelva", "km": 2.6}}, {"type": "Feature", "geometry": {"type": "LineString", "coordinates": [[10.14671, 63.78724], [10.14473, 63.78705]]}, "properties": {"P": 37.05, "tau": 80.17, "tau_c": 94.44, "omega": 139.79, "M": 0.85, "D": 0.05, "R": 0.64, "sving": 0.01, "os": 0.0, "foss": 0.72, "juv": 0.0, "B": 0.64, "Q": 25.43, "w": 30.0, "h": 0.49, "S": 0.01681, "elv": "Nordelva", "km": 2.7}}, {"type": "Feature", "geometry": {"type": "LineString", "coordinates": [[10.14473, 63.78705], [10.14284, 63.78673]]}, "properties": {"P": 35.8, "tau": 69.33, "tau_c": 85.08, "omega": 113.48, "M": 0.81, "D": 0.13, "R": 0.6, "sving": 0.11, "os": 0.0, "foss": 0.51, "juv": 0.0, "B": 0.64, "Q": 25.43, "w": 30.0, "h": 0.52, "S": 0.01364, "elv": "Nordelva", "km": 2.8}}, {"type": "Feature", "geometry": {"type": "LineString", "coordinates": [[10.14284, 63.78673], [10.14103, 63.78633]]}, "properties": {"P": 33.67, "tau": 60.51, "tau_c": 78.3, "omega": 93.01, "M": 0.77, "D": 0.18, "R": 0.54, "sving": 0.17, "os": 0.0, "foss": 0.37, "juv": 0.0, "B": 0.64, "Q": 25.51, "w": 31.09, "h": 0.53, "S": 0.01156, "elv": "Nordelva", "km": 2.9}}, {"type": "Feature", "geometry": {"type": "LineString", "coordinates": [[10.14103, 63.78633], [10.13936, 63.78582]]}, "properties": {"P": 18.8, "tau": 43.34, "tau_c": 65.91, "omega": 56.64, "M": 0.66, "D": 0.2, "R": 0.39, "sving": 0.02, "os": 0.0, "foss": 0.0, "juv": 0.0, "B": 0.64, "Q": 25.52, "w": 36.19, "h": 0.54, "S": 0.00819, "elv": "Nordelva", "km": 3.0}}, {"type": "Feature", "geometry": {"type": "LineString", "coordinates": [[10.13936, 63.78582], [10.13779, 63.78526]]}, "properties": {"P": 19.12, "tau": 41.13, "tau_c": 67.28, "omega": 51.75, "M": 0.61, "D": 0.13, "R": 0.33, "sving": 0.24, "os": 0.0, "foss": 0.0, "juv": 0.0, "B": 0.64, "Q": 25.52, "w": 41.28, "h": 0.49, "S": 0.00853, "elv": "Nordelva", "km": 3.1}}, {"type": "Feature", "geometry": {"type": "LineString", "coordinates": [[10.13779, 63.78526], [10.13594, 63.78489]]}, "properties": {"P": 20.44, "tau": 48.5, "tau_c": 76.6, "omega": 65.35, "M": 0.63, "D": 0.06, "R": 0.36, "sving": 0.36, "os": 0.0, "foss": 0.0, "juv": 0.0, "B": 0.64, "Q": 25.52, "w": 42.38, "h": 0.45, "S": 0.01106, "elv": "Nordelva", "km": 3.2}}, {"type": "Feature", "geometry": {"type": "LineString", "coordinates": [[10.13594, 63.78489], [10.13415, 63.78502]]}, "properties": {"P": 13.73, "tau": 40.97, "tau_c": 67.87, "omega": 51.31, "M": 0.6, "D": 0.01, "R": 0.32, "sving": 0.15, "os": 0.0, "foss": 0.0, "juv": 0.0, "B": 0.64, "Q": 25.53, "w": 42.38, "h": 0.48, "S": 0.00868, "elv": "Nordelva", "km": 3.3}}, {"type": "Feature", "geometry": {"type": "LineString", "coordinates": [[10.13415, 63.78502], [10.13238, 63.7853]]}, "properties": {"P": 11.24, "tau": 40.73, "tau_c": 66.81, "omega": 51.04, "M": 0.61, "D": 0.0, "R": 0.32, "sving": 0.02, "os": 0.0, "foss": 0.0, "juv": 0.0, "B": 0.64, "Q": 25.53, "w": 41.28, "h": 0.49, "S": 0.00841, "elv": "Nordelva", "km": 3.4}}, {"type": "Feature", "geometry": {"type": "LineString", "coordinates": [[10.13238, 63.7853], [10.13045, 63.78504]]}, "properties": {"P": 18.83, "tau": 61.26, "tau_c": 88.42, "omega": 91.94, "M": 0.69, "D": -0.0, "R": 0.44, "sving": 0.22, "os": 0.0, "foss": 0.0, "juv": 0.0, "B": 0.64, "Q": 25.56, "w": 40.19, "h": 0.42, "S": 0.01474, "elv": "Nordelva", "km": 3.5}}, {"type": "Feature", "geometry": {"type": "LineString", "coordinates": [[10.13045, 63.78504], [10.12856, 63.78472]]}, "properties": {"P": 21.55, "tau": 57.56, "tau_c": 83.54, "omega": 84.38, "M": 0.69, "D": 0.06, "R": 0.43, "sving": 0.28, "os": 0.0, "foss": 0.0, "juv": 0.0, "B": 0.64, "Q": 25.56, "w": 39.1, "h": 0.45, "S": 0.01315, "elv": "Nordelva", "km": 3.6}}, {"type": "Feature", "geometry": {"type": "LineString", "coordinates": [[10.12856, 63.78472], [10.1267, 63.78436]]}, "properties": {"P": 36.71, "tau": 49.58, "tau_c": 75.07, "omega": 68.1, "M": 0.66, "D": 0.11, "R": 0.39, "sving": 0.05, "os": 0.0, "foss": 1.0, "juv": 0.0, "B": 0.64, "Q": 25.57, "w": 39.13, "h": 0.48, "S": 0.01062, "elv": "Nordelva", "km": 3.7}}, {"type": "Feature", "geometry": {"type": "LineString", "coordinates": [[10.1267, 63.78436], [10.12484, 63.784]]}, "properties": {"P": 27.36, "tau": 39.13, "tau_c": 65.54, "omega": 48.06, "M": 0.6, "D": 0.11, "R": 0.31, "sving": 0.0, "os": 0.0, "foss": 0.72, "juv": 0.0, "B": 0.64, "Q": 25.57, "w": 42.26, "h": 0.49, "S": 0.0081, "elv": "Nordelva", "km": 3.8}}, {"type": "Feature", "geometry": {"type": "LineString", "coordinates": [[10.12484, 63.784], [10.12298, 63.78365]]}, "properties": {"P": 24.36, "tau": 43.88, "tau_c": 71.8, "omega": 56.51, "M": 0.61, "D": 0.11, "R": 0.33, "sving": 0.01, "os": 0.0, "foss": 0.51, "juv": 0.0, "B": 0.65, "Q": 25.73, "w": 43.39, "h": 0.46, "S": 0.00972, "elv": "Nordelva", "km": 3.9}}, {"type": "Feature", "geometry": {"type": "LineString", "coordinates": [[10.12298, 63.78365], [10.12109, 63.78332]]}, "properties": {"P": 23.83, "tau": 50.48, "tau_c": 80.27, "omega": 68.86, "M": 0.63, "D": 0.17, "R": 0.35, "sving": 0.02, "os": 0.0, "foss": 0.37, "juv": 0.0, "B": 0.65, "Q": 25.74, "w": 44.53, "h": 0.42, "S": 0.01214, "elv": "Nordelva", "km": 4.0}}, {"type": "Feature", "geometry": {"type": "LineString", "coordinates": [[10.3078, 63.70855], [10.30611, 63.7081]]}, "properties": {"P": 28.88, "tau": 21.86, "tau_c": 65.31, "omega": 18.15, "M": 0.33, "D": 0.02, "R": 0.04, "sving": 0.52, "os": 1.0, "foss": 0.0, "juv": 0.0, "B": 0.58, "Q": 4.3, "w": 18.66, "h": 0.28, "S": 0.00804, "elv": "Skauga", "km": 0.0}}, {"type": "Feature", "geometry": {"type": "LineString", "coordinates": [[10.30611, 63.7081], [10.30411, 63.70798]]}, "properties": {"P": 19.83, "tau": 20.08, "tau_c": 61.43, "omega": 16.08, "M": 0.33, "D": 0.06, "R": 0.04, "sving": 0.35, "os": 0.61, "foss": 0.0, "juv": 0.0, "B": 0.58, "Q": 4.3, "w": 18.68, "h": 0.29, "S": 0.00711, "elv": "Skauga", "km": 0.1}}, {"type": "Feature", "geometry": {"type": "LineString", "coordinates": [[10.30411, 63.70798], [10.30211, 63.70811]]}, "properties": {"P": 14.01, "tau": 19.81, "tau_c": 62.72, "omega": 15.64, "M": 0.32, "D": 0.06, "R": 0.03, "sving": 0.27, "os": 0.38, "foss": 0.0, "juv": 0.0, "B": 0.58, "Q": 4.31, "w": 20.06, "h": 0.27, "S": 0.00741, "elv": "Skauga", "km": 0.2}}, {"type": "Feature", "geometry": {"type": "LineString", "coordinates": [[10.30012, 63.70826], [10.29813, 63.70842]]}, "properties": {"P": 13.69, "tau": 20.07, "tau_c": 51.03, "omega": 17.02, "M": 0.39, "D": 0.06, "R": 0.08, "sving": 0.34, "os": 0.15, "foss": 0.0, "juv": 0.0, "B": 0.63, "Q": 8.07, "w": 22.84, "h": 0.42, "S": 0.00491, "elv": "Skauga", "km": 0.4}}, {"type": "Feature", "geometry": {"type": "LineString", "coordinates": [[10.29813, 63.70842], [10.29624, 63.70822]]}, "properties": {"P": 13.28, "tau": 10.96, "tau_c": 33.93, "omega": 7.09, "M": 0.32, "D": 0.1, "R": 0.04, "sving": 0.39, "os": 0.09, "foss": 0.0, "juv": 0.0, "B": 0.63, "Q": 8.08, "w": 24.24, "h": 0.52, "S": 0.00217, "elv": "Skauga", "km": 0.5}}, {"type": "Feature", "geometry": {"type": "LineString", "coordinates": [[10.29624, 63.70822], [10.29477, 63.70763]]}, "properties": {"P": 12.14, "tau": 18.29, "tau_c": 50.18, "omega": 14.72, "M": 0.36, "D": 0.04, "R": 0.06, "sving": 0.41, "os": 0.06, "foss": 0.0, "juv": 0.0, "B": 0.63, "Q": 8.11, "w": 25.65, "h": 0.39, "S": 0.00475, "elv": "Skauga", "km": 0.6}}, {"type": "Feature", "geometry": {"type": "LineString", "coordinates": [[10.29477, 63.70763], [10.29349, 63.70693]]}, "properties": {"P": 9.58, "tau": 16.33, "tau_c": 46.21, "omega": 12.52, "M": 0.35, "D": 0.05, "R": 0.05, "sving": 0.33, "os": 0.0, "foss": 0.0, "juv": 0.0, "B": 0.63, "Q": 8.15, "w": 25.7, "h": 0.41, "S": 0.00403, "elv": "Skauga", "km": 0.7}}, {"type": "Feature", "geometry": {"type": "LineString", "coordinates": [[10.29349, 63.70693], [10.29228, 63.70622]]}, "properties": {"P": 4.51, "tau": 12.04, "tau_c": 37.06, "omega": 8.08, "M": 0.32, "D": 0.01, "R": 0.04, "sving": 0.15, "os": 0.0, "foss": 0.0, "juv": 0.0, "B": 0.63, "Q": 8.2, "w": 25.75, "h": 0.47, "S": 0.00259, "elv": "Skauga", "km": 0.8}}, {"type": "Feature", "geometry": {"type": "LineString", "coordinates": [[10.29228, 63.70622], [10.29139, 63.70541]]}, "properties": {"P": 4.24, "tau": 16.94, "tau_c": 47.31, "omega": 13.21, "M": 0.36, "D": 0.01, "R": 0.06, "sving": 0.1, "os": 0.0, "foss": 0.0, "juv": 0.0, "B": 0.63, "Q": 8.23, "w": 25.8, "h": 0.41, "S": 0.00422, "elv": "Skauga", "km": 0.9}}, {"type": "Feature", "geometry": {"type": "LineString", "coordinates": [[10.29139, 63.70541], [10.29054, 63.7046]]}, "properties": {"P": 2.65, "tau": 18.2, "tau_c": 49.82, "omega": 14.64, "M": 0.37, "D": 0.0, "R": 0.06, "sving": 0.03, "os": 0.0, "foss": 0.0, "juv": 0.0, "B": 0.63, "Q": 8.24, "w": 25.85, "h": 0.4, "S": 0.00468, "elv": "Skauga", "km": 1.0}}, {"type": "Feature", "geometry": {"type": "LineString", "coordinates": [[10.29054, 63.7046], [10.28974, 63.70378]]}, "properties": {"P": 7.18, "tau": 23.54, "tau_c": 59.86, "omega": 21.18, "M": 0.39, "D": 0.01, "R": 0.08, "sving": 0.21, "os": 0.0, "foss": 0.0, "juv": 0.0, "B": 0.63, "Q": 8.27, "w": 25.88, "h": 0.36, "S": 0.00675, "elv": "Skauga", "km": 1.1}}, {"type": "Feature", "geometry": {"type": "LineString", "coordinates": [[10.28974, 63.70378], [10.28868, 63.70304]]}, "properties": {"P": 6.79, "tau": 16.82, "tau_c": 47.01, "omega": 13.07, "M": 0.36, "D": 0.04, "R": 0.06, "sving": 0.2, "os": 0.0, "foss": 0.0, "juv": 0.0, "B": 0.63, "Q": 8.29, "w": 25.91, "h": 0.41, "S": 0.00416, "elv": "Skauga", "km": 1.2}}, {"type": "Feature", "geometry": {"type": "LineString", "coordinates": [[10.28868, 63.70304], [10.28696, 63.70258]]}, "properties": {"P": 4.94, "tau": 16.83, "tau_c": 47.01, "omega": 13.08, "M": 0.36, "D": 0.05, "R": 0.06, "sving": 0.09, "os": 0.0, "foss": 0.0, "juv": 0.0, "B": 0.63, "Q": 8.31, "w": 25.94, "h": 0.41, "S": 0.00416, "elv": "Skauga", "km": 1.3}}, {"type": "Feature", "geometry": {"type": "LineString", "coordinates": [[10.28696, 63.70258], [10.28534, 63.70207]]}, "properties": {"P": 3.64, "tau": 20.03, "tau_c": 53.25, "omega": 16.8, "M": 0.38, "D": 0.05, "R": 0.07, "sving": 0.0, "os": 0.0, "foss": 0.0, "juv": 0.0, "B": 0.63, "Q": 8.32, "w": 25.96, "h": 0.38, "S": 0.00534, "elv": "Skauga", "km": 1.4}}, {"type": "Feature", "geometry": {"type": "LineString", "coordinates": [[10.28534, 63.70207], [10.28413, 63.70135]]}, "properties": {"P": 7.71, "tau": 15.55, "tau_c": 44.39, "omega": 11.68, "M": 0.35, "D": 0.1, "R": 0.05, "sving": 0.17, "os": 0.0, "foss": 0.0, "juv": 0.0, "B": 0.63, "Q": 8.33, "w": 25.99, "h": 0.43, "S": 0.00371, "elv": "Skauga", "km": 1.5}}, {"type": "Feature", "geometry": {"type": "LineString", "coordinates": [[10.28413, 63.70135], [10.28305, 63.70059]]}, "properties": {"P": 8.73, "tau": 15.77, "tau_c": 44.81, "omega": 11.92, "M": 0.35, "D": 0.13, "R": 0.05, "sving": 0.18, "os": 0.0, "foss": 0.0, "juv": 0.0, "B": 0.63, "Q": 8.35, "w": 26.02, "h": 0.42, "S": 0.00378, "elv": "Skauga", "km": 1.6}}, {"type": "Feature", "geometry": {"type": "LineString", "coordinates": [[10.28305, 63.70059], [10.28197, 63.69983]]}, "properties": {"P": 5.4, "tau": 11.3, "tau_c": 35.23, "omega": 7.39, "M": 0.32, "D": 0.13, "R": 0.04, "sving": 0.05, "os": 0.0, "foss": 0.0, "juv": 0.0, "B": 0.64, "Q": 8.38, "w": 26.05, "h": 0.49, "S": 0.00234, "elv": "Skauga", "km": 1.7}}, {"type": "Feature", "geometry": {"type": "LineString", "coordinates": [[10.28197, 63.69983], [10.28104, 63.69904]]}, "properties": {"P": 2.55, "tau": 11.3, "tau_c": 35.23, "omega": 7.39, "M": 0.32, "D": 0.05, "R": 0.04, "sving": 0.0, "os": 0.0, "foss": 0.0, "juv": 0.0, "B": 0.64, "Q": 8.4, "w": 26.08, "h": 0.49, "S": 0.00234, "elv": "Skauga", "km": 1.8}}, {"type": "Feature", "geometry": {"type": "LineString", "coordinates": [[10.28104, 63.69904], [10.28003, 63.69826]]}, "properties": {"P": 1.85, "tau": 15.58, "tau_c": 44.37, "omega": 11.73, "M": 0.35, "D": 0.0, "R": 0.05, "sving": 0.0, "os": 0.0, "foss": 0.0, "juv": 0.0, "B": 0.64, "Q": 8.41, "w": 26.11, "h": 0.43, "S": 0.00371, "elv": "Skauga", "km": 1.9}}, {"type": "Feature", "geometry": {"type": "LineString", "coordinates": [[10.28003, 63.69826], [10.27897, 63.6975]]}, "properties": {"P": 4.12, "tau": 11.96, "tau_c": 36.64, "omega": 8.02, "M": 0.33, "D": -0.0, "R": 0.04, "sving": 0.07, "os": 0.08, "foss": 0.0, "juv": 0.0, "B": 0.64, "Q": 8.44, "w": 26.13, "h": 0.48, "S": 0.00253, "elv": "Skauga", "km": 2.0}}, {"type": "Feature", "geometry": {"type": "LineString", "coordinates": [[10.27897, 63.6975], [10.2779, 63.69674]]}, "properties": {"P": 6.2, "tau": 13.37, "tau_c": 39.7, "omega": 9.42, "M": 0.34, "D": -0.0, "R": 0.05, "sving": 0.11, "os": 0.13, "foss": 0.0, "juv": 0.0, "B": 0.64, "Q": 8.45, "w": 26.16, "h": 0.46, "S": 0.00297, "elv": "Skauga", "km": 2.1}}, {"type": "Feature", "geometry": {"type": "LineString", "coordinates": [[10.2779, 63.69674], [10.27668, 63.69604]]}, "properties": {"P": 6.93, "tau": 19.09, "tau_c": 51.29, "omega": 15.7, "M": 0.37, "D": -0.0, "R": 0.07, "sving": 0.03, "os": 0.21, "foss": 0.0, "juv": 0.0, "B": 0.64, "Q": 8.47, "w": 26.24, "h": 0.39, "S": 0.00496, "elv": "Skauga", "km": 2.2}}, {"type": "Feature", "geometry": {"type": "LineString", "coordinates": [[10.27668, 63.69604], [10.27521, 63.69542]]}, "properties": {"P": 9.63, "tau": 20.43, "tau_c": 53.86, "omega": 17.3, "M": 0.38, "D": -0.0, "R": 0.07, "sving": 0.02, "os": 0.35, "foss": 0.0, "juv": 0.0, "B": 0.64, "Q": 8.49, "w": 26.31, "h": 0.38, "S": 0.00547, "elv": "Skauga", "km": 2.3}}, {"type": "Feature", "geometry": {"type": "LineString", "coordinates": [[10.27521, 63.69542], [10.27428, 63.69464]]}, "properties": {"P": 14.17, "tau": 20.64, "tau_c": 53.86, "omega": 17.59, "M": 0.38, "D": 0.0, "R": 0.08, "sving": 0.02, "os": 0.56, "foss": 0.0, "juv": 0.0, "B": 0.64, "Q": 8.65, "w": 26.38, "h": 0.38, "S": 0.00547, "elv": "Skauga", "km": 2.4}}, {"type": "Feature", "geometry": {"type": "LineString", "coordinates": [[10.27428, 63.69464], [10.27312, 63.6939]]}, "properties": {"P": 21.28, "tau": 19.36, "tau_c": 51.47, "omega": 16.05, "M": 0.38, "D": 0.02, "R": 0.07, "sving": 0.01, "os": 0.92, "foss": 0.0, "juv": 0.0, "B": 0.64, "Q": 8.67, "w": 26.44, "h": 0.4, "S": 0.00499, "elv": "Skauga", "km": 2.5}}, {"type": "Feature", "geometry": {"type": "LineString", "coordinates": [[10.27312, 63.6939], [10.27181, 63.69323]]}, "properties": {"P": 18.43, "tau": 19.98, "tau_c": 52.66, "omega": 16.79, "M": 0.38, "D": 0.05, "R": 0.07, "sving": 0.09, "os": 0.66, "foss": 0.0, "juv": 0.0, "B": 0.64, "Q": 8.68, "w": 26.51, "h": 0.39, "S": 0.00523, "elv": "Skauga", "km": 2.6}}, {"type": "Feature", "geometry": {"type": "LineString", "coordinates": [[10.27181, 63.69323], [10.2703, 63.69264]]}, "properties": {"P": 14.25, "tau": 18.79, "tau_c": 50.4, "omega": 15.37, "M": 0.37, "D": 0.11, "R": 0.07, "sving": 0.06, "os": 0.4, "foss": 0.0, "juv": 0.0, "B": 0.64, "Q": 8.69, "w": 26.53, "h": 0.4, "S": 0.00479, "elv": "Skauga", "km": 2.7}}, {"type": "Feature", "geometry": {"type": "LineString", "coordinates": [[10.2703, 63.69264], [10.26897, 63.69196]]}, "properties": {"P": 11.31, "tau": 15.83, "tau_c": 44.58, "omega": 12.02, "M": 0.36, "D": 0.16, "R": 0.06, "sving": 0.02, "os": 0.24, "foss": 0.0, "juv": 0.0, "B": 0.64, "Q": 8.69, "w": 26.57, "h": 0.43, "S": 0.00375, "elv": "Skauga", "km": 2.8}}, {"type": "Feature", "geometry": {"type": "LineString", "coordinates": [[10.26897, 63.69196], [10.26756, 63.69132]]}, "properties": {"P": 10.37, "tau": 12.33, "tau_c": 37.18, "omega": 8.4, "M": 0.33, "D": 0.2, "R": 0.04, "sving": 0.04, "os": 0.15, "foss": 0.0, "juv": 0.0, "B": 0.64, "Q": 8.74, "w": 26.6, "h": 0.48, "S": 0.00261, "elv": "Skauga", "km": 2.9}}, {"type": "Feature", "geometry": {"type": "LineString", "coordinates": [[10.26756, 63.69132], [10.26614, 63.69068]]}, "properties": {"P": 9.79, "tau": 12.35, "tau_c": 37.18, "omega": 8.42, "M": 0.33, "D": 0.13, "R": 0.04, "sving": 0.15, "os": 0.09, "foss": 0.0, "juv": 0.0, "B": 0.65, "Q": 8.78, "w": 26.63, "h": 0.48, "S": 0.00261, "elv": "Skauga", "km": 3.0}}, {"type": "Feature", "geometry": {"type": "LineString", "coordinates": [[10.26614, 63.69068], [10.26452, 63.69017]]}, "properties": {"P": 5.65, "tau": 9.88, "tau_c": 31.69, "omega": 6.11, "M": 0.31, "D": 0.07, "R": 0.03, "sving": 0.08, "os": 0.05, "foss": 0.0, "juv": 0.0, "B": 0.65, "Q": 8.78, "w": 26.67, "h": 0.53, "S": 0.00189, "elv": "Skauga", "km": 3.1}}, {"type": "Feature", "geometry": {"type": "LineString", "coordinates": [[10.26452, 63.69017], [10.2627, 63.68978]]}, "properties": {"P": 4.01, "tau": 16.12, "tau_c": 45.02, "omega": 12.36, "M": 0.36, "D": -0.0, "R": 0.06, "sving": 0.1, "os": 0.0, "foss": 0.0, "juv": 0.0, "B": 0.65, "Q": 8.8, "w": 26.7, "h": 0.43, "S": 0.00382, "elv": "Skauga", "km": 3.2}}, {"type": "Feature", "geometry": {"type": "LineString", "coordinates": [[10.2627, 63.68978], [10.26102, 63.6893]]}, "properties": {"P": 8.45, "tau": 20.51, "tau_c": 53.5, "omega": 17.46, "M": 0.38, "D": -0.0, "R": 0.08, "sving": 0.3, "os": 0.0, "foss": 0.0, "juv": 0.0, "B": 0.65, "Q": 8.81, "w": 26.71, "h": 0.39, "S": 0.0054, "elv": "Skauga", "km": 3.3}}, {"type": "Feature", "geometry": {"type": "LineString", "coordinates": [[10.26102, 63.6893], [10.26008, 63.68854]]}, "properties": {"P": 3.24, "tau": 16.72, "tau_c": 46.22, "omega": 13.02, "M": 0.36, "D": -0.0, "R": 0.06, "sving": 0.06, "os": 0.0, "foss": 0.0, "juv": 0.0, "B": 0.65, "Q": 8.82, "w": 26.74, "h": 0.42, "S": 0.00403, "elv": "Skauga", "km": 3.4}}, {"type": "Feature", "geometry": {"type": "LineString", "coordinates": [[10.26008, 63.68854], [10.25978, 63.68768]]}, "properties": {"P": 3.38, "tau": 19.41, "tau_c": 51.44, "omega": 16.12, "M": 0.38, "D": -0.0, "R": 0.07, "sving": 0.05, "os": 0.0, "foss": 0.0, "juv": 0.0, "B": 0.65, "Q": 8.82, "w": 26.77, "h": 0.4, "S": 0.00499, "elv": "Skauga", "km": 3.5}}, {"type": "Feature", "geometry": {"type": "LineString", "coordinates": [[10.25978, 63.68768], [10.25814, 63.68718]]}, "properties": {"P": 7.72, "tau": 21.54, "tau_c": 55.31, "omega": 18.74, "M": 0.39, "D": 0.02, "R": 0.08, "sving": 0.23, "os": 0.0, "foss": 0.0, "juv": 0.0, "B": 0.65, "Q": 8.89, "w": 26.83, "h": 0.38, "S": 0.00577, "elv": "Skauga", "km": 3.6}}, {"type": "Feature", "geometry": {"type": "LineString", "coordinates": [[10.25814, 63.68718], [10.25631, 63.6868]]}, "properties": {"P": 9.15, "tau": 21.61, "tau_c": 55.44, "omega": 18.83, "M": 0.39, "D": 0.08, "R": 0.08, "sving": 0.21, "os": 0.0, "foss": 0.0, "juv": 0.0, "B": 0.65, "Q": 8.91, "w": 26.89, "h": 0.38, "S": 0.00579, "elv": "Skauga", "km": 3.7}}, {"type": "Feature", "geometry": {"type": "LineString", "coordinates": [[10.25631, 63.6868], [10.2545, 63.6864]]}, "properties": {"P": 6.83, "tau": 17.13, "tau_c": 46.78, "omega": 13.51, "M": 0.37, "D": 0.08, "R": 0.06, "sving": 0.12, "os": 0.0, "foss": 0.0, "juv": 0.0, "B": 0.65, "Q": 9.0, "w": 26.96, "h": 0.42, "S": 0.00412, "elv": "Skauga", "km": 3.8}}, {"type": "Feature", "geometry": {"type": "LineString", "coordinates": [[10.2545, 63.6864], [10.25318, 63.68573]]}, "properties": {"P": 6.59, "tau": 12.25, "tau_c": 36.78, "omega": 8.34, "M": 0.33, "D": 0.07, "R": 0.04, "sving": 0.17, "os": 0.0, "foss": 0.0, "juv": 0.0, "B": 0.65, "Q": 9.01, "w": 27.02, "h": 0.49, "S": 0.00255, "elv": "Skauga", "km": 3.9}}, {"type": "Feature", "geometry": {"type": "LineString", "coordinates": [[10.25318, 63.68573], [10.25198, 63.68501]]}, "properties": {"P": 8.27, "tau": 27.54, "tau_c": 65.7, "omega": 26.7, "M": 0.42, "D": -0.0, "R": 0.1, "sving": 0.24, "os": 0.0, "foss": 0.0, "juv": 0.0, "B": 0.65, "Q": 9.06, "w": 27.08, "h": 0.34, "S": 0.00814, "elv": "Skauga", "km": 4.0}}, {"type": "Feature", "geometry": {"type": "LineString", "coordinates": [[10.25198, 63.68501], [10.25069, 63.68432]]}, "properties": {"P": 7.71, "tau": 25.26, "tau_c": 61.7, "omega": 23.6, "M": 0.41, "D": -0.0, "R": 0.1, "sving": 0.22, "os": 0.0, "foss": 0.0, "juv": 0.0, "B": 0.65, "Q": 9.09, "w": 27.11, "h": 0.36, "S": 0.00717, "elv": "Skauga", "km": 4.1}}, {"type": "Feature", "geometry": {"type": "LineString", "coordinates": [[10.25069, 63.68432], [10.2498, 63.68356]]}, "properties": {"P": 30.05, "tau": 36.54, "tau_c": 80.42, "omega": 40.07, "M": 0.45, "D": -0.0, "R": 0.14, "sving": 0.26, "os": 0.0, "foss": 1.0, "juv": 0.0, "B": 0.65, "Q": 9.09, "w": 27.14, "h": 0.31, "S": 0.01219, "elv": "Skauga", "km": 4.2}}, {"type": "Feature", "geometry": {"type": "LineString", "coordinates": [[10.2498, 63.68356], [10.24955, 63.68269]]}, "properties": {"P": 27.76, "tau": 37.96, "tau_c": 80.67, "omega": 42.6, "M": 0.47, "D": -0.0, "R": 0.15, "sving": 0.4, "os": 0.0, "foss": 0.72, "juv": 0.0, "B": 0.65, "Q": 9.11, "w": 25.72, "h": 0.32, "S": 0.01227, "elv": "Skauga", "km": 4.3}}, {"type": "Feature", "geometry": {"type": "LineString", "coordinates": [[10.24955, 63.68269], [10.24966, 63.68182]]}, "properties": {"P": 26.19, "tau": 39.12, "tau_c": 82.45, "omega": 44.47, "M": 0.47, "D": 0.01, "R": 0.16, "sving": 0.01, "os": 0.0, "foss": 1.0, "juv": 0.0, "B": 0.65, "Q": 9.11, "w": 25.74, "h": 0.31, "S": 0.01281, "elv": "Skauga", "km": 4.4}}, {"type": "Feature", "geometry": {"type": "LineString", "coordinates": [[10.24966, 63.68182], [10.25038, 63.681]]}, "properties": {"P": 26.44, "tau": 42.24, "tau_c": 87.15, "omega": 49.65, "M": 0.48, "D": 0.03, "R": 0.17, "sving": 0.27, "os": 0.0, "foss": 0.72, "juv": 0.0, "B": 0.65, "Q": 9.11, "w": 25.77, "h": 0.3, "S": 0.01432, "elv": "Skauga", "km": 4.5}}, {"type": "Feature", "geometry": {"type": "LineString", "coordinates": [[10.25038, 63.681], [10.24953, 63.68023]]}, "properties": {"P": 25.22, "tau": 34.07, "tau_c": 74.52, "omega": 36.51, "M": 0.46, "D": 0.1, "R": 0.14, "sving": 0.36, "os": 0.0, "foss": 0.51, "juv": 0.0, "B": 0.66, "Q": 9.17, "w": 25.8, "h": 0.33, "S": 0.01047, "elv": "Skauga", "km": 4.6}}, {"type": "Feature", "geometry": {"type": "LineString", "coordinates": [[10.24953, 63.68023], [10.24803, 63.67963]]}, "properties": {"P": 25.17, "tau": 35.43, "tau_c": 76.64, "omega": 38.61, "M": 0.46, "D": 0.13, "R": 0.15, "sving": 0.45, "os": 0.0, "foss": 0.37, "juv": 0.0, "B": 0.66, "Q": 9.18, "w": 25.83, "h": 0.33, "S": 0.01107, "elv": "Skauga", "km": 4.7}}, {"type": "Feature", "geometry": {"type": "LineString", "coordinates": [[10.24803, 63.67963], [10.24643, 63.67908]]}, "properties": {"P": 8.94, "tau": 24.89, "tau_c": 60.98, "omega": 23.11, "M": 0.41, "D": 0.17, "R": 0.1, "sving": 0.06, "os": 0.0, "foss": 0.0, "juv": 0.0, "B": 0.66, "Q": 9.2, "w": 27.37, "h": 0.36, "S": 0.00701, "elv": "Skauga", "km": 4.8}}, {"type": "Feature", "geometry": {"type": "LineString", "coordinates": [[10.24643, 63.67908], [10.24495, 63.67848]]}, "properties": {"P": 7.47, "tau": 24.17, "tau_c": 59.72, "omega": 22.16, "M": 0.4, "D": 0.11, "R": 0.09, "sving": 0.07, "os": 0.0, "foss": 0.0, "juv": 0.0, "B": 0.66, "Q": 9.23, "w": 27.46, "h": 0.37, "S": 0.00672, "elv": "Skauga", "km": 4.9}}, {"type": "Feature", "geometry": {"type": "LineString", "coordinates": [[10.24495, 63.67848], [10.24381, 63.67775]]}, "properties": {"P": 7.84, "tau": 27.16, "tau_c": 64.31, "omega": 26.28, "M": 0.42, "D": 0.07, "R": 0.11, "sving": 0.11, "os": 0.0, "foss": 0.0, "juv": 0.0, "B": 0.66, "Q": 9.47, "w": 27.55, "h": 0.36, "S": 0.0078, "elv": "Skauga", "km": 5.0}}, {"type": "Feature", "geometry": {"type": "LineString", "coordinates": [[10.24381, 63.67775], [10.24262, 63.67705]]}, "properties": {"P": 4.97, "tau": 23.36, "tau_c": 57.78, "omega": 21.16, "M": 0.4, "D": 0.06, "R": 0.09, "sving": 0.01, "os": 0.0, "foss": 0.0, "juv": 0.0, "B": 0.66, "Q": 9.47, "w": 27.63, "h": 0.38, "S": 0.00629, "elv": "Skauga", "km": 5.1}}, {"type": "Feature", "geometry": {"type": "LineString", "coordinates": [[10.24262, 63.67705], [10.24075, 63.67673]]}, "properties": {"P": 5.89, "tau": 21.86, "tau_c": 55.15, "omega": 19.23, "M": 0.4, "D": 0.06, "R": 0.09, "sving": 0.06, "os": 0.0, "foss": 0.0, "juv": 0.0, "B": 0.66, "Q": 9.47, "w": 27.7, "h": 0.39, "S": 0.00573, "elv": "Skauga", "km": 5.2}}, {"type": "Feature", "geometry": {"type": "LineString", "coordinates": [[10.24075, 63.67673], [10.23922, 63.67614]]}, "properties": {"P": 5.38, "tau": 21.71, "tau_c": 54.88, "omega": 19.04, "M": 0.4, "D": 0.05, "R": 0.08, "sving": 0.06, "os": 0.0, "foss": 0.0, "juv": 0.0, "B": 0.66, "Q": 9.48, "w": 27.72, "h": 0.39, "S": 0.00568, "elv": "Skauga", "km": 5.3}}, {"type": "Feature", "geometry": {"type": "LineString", "coordinates": [[10.23922, 63.67614], [10.23781, 63.6755]]}, "properties": {"P": 3.71, "tau": 21.53, "tau_c": 54.56, "omega": 18.81, "M": 0.39, "D": 0.02, "R": 0.08, "sving": 0.02, "os": 0.0, "foss": 0.0, "juv": 0.0, "B": 0.66, "Q": 9.48, "w": 27.74, "h": 0.39, "S": 0.00561, "elv": "Skauga", "km": 5.4}}, {"type": "Feature", "geometry": {"type": "LineString", "coordinates": [[10.23781, 63.6755], [10.23637, 63.67488]]}, "properties": {"P": 9.08, "tau": 24.32, "tau_c": 59.44, "omega": 22.43, "M": 0.41, "D": 0.0, "R": 0.1, "sving": 0.28, "os": 0.0, "foss": 0.0, "juv": 0.0, "B": 0.66, "Q": 9.53, "w": 27.77, "h": 0.37, "S": 0.00666, "elv": "Skauga", "km": 5.5}}, {"type": "Feature", "geometry": {"type": "LineString", "coordinates": [[10.23637, 63.67488], [10.2345, 63.6746]]}, "properties": {"P": 10.54, "tau": 21.03, "tau_c": 53.57, "omega": 18.2, "M": 0.39, "D": 0.03, "R": 0.08, "sving": 0.34, "os": 0.0, "foss": 0.0, "juv": 0.0, "B": 0.66, "Q": 9.53, "w": 27.8, "h": 0.4, "S": 0.00541, "elv": "Skauga", "km": 5.6}}, {"type": "Feature", "geometry": {"type": "LineString", "coordinates": [[10.2345, 63.6746], [10.23248, 63.67463]]}, "properties": {"P": 12.62, "tau": 21.97, "tau_c": 55.21, "omega": 19.39, "M": 0.4, "D": 0.04, "R": 0.09, "sving": 0.42, "os": 0.0, "foss": 0.0, "juv": 0.0, "B": 0.66, "Q": 9.57, "w": 27.83, "h": 0.39, "S": 0.00575, "elv": "Skauga", "km": 5.7}}, {"type": "Feature", "geometry": {"type": "LineString", "coordinates": [[10.23248, 63.67463], [10.23047, 63.67472]]}, "properties": {"P": 11.01, "tau": 20.51, "tau_c": 52.56, "omega": 17.57, "M": 0.39, "D": 0.07, "R": 0.08, "sving": 0.3, "os": 0.0, "foss": 0.0, "juv": 0.0, "B": 0.66, "Q": 9.58, "w": 27.85, "h": 0.4, "S": 0.00521, "elv": "Skauga", "km": 5.8}}, {"type": "Feature", "geometry": {"type": "LineString", "coordinates": [[10.23047, 63.67472], [10.22857, 63.67501]]}, "properties": {"P": 6.14, "tau": 18.99, "tau_c": 49.71, "omega": 15.72, "M": 0.38, "D": 0.09, "R": 0.07, "sving": 0.05, "os": 0.0, "foss": 0.0, "juv": 0.0, "B": 0.66, "Q": 9.59, "w": 27.86, "h": 0.42, "S": 0.00466, "elv": "Skauga", "km": 5.9}}, {"type": "Feature", "geometry": {"type": "LineString", "coordinates": [[10.22857, 63.67501], [10.22679, 63.67544]]}, "properties": {"P": 9.71, "tau": 17.73, "tau_c": 47.33, "omega": 14.25, "M": 0.37, "D": 0.1, "R": 0.07, "sving": 0.23, "os": 0.0, "foss": 0.0, "juv": 0.0, "B": 0.66, "Q": 9.59, "w": 27.87, "h": 0.43, "S": 0.00422, "elv": "Skauga", "km": 6.0}}, {"type": "Feature", "geometry": {"type": "LineString", "coordinates": [[10.22679, 63.67544], [10.22486, 63.67559]]}, "properties": {"P": 12.33, "tau": 15.19, "tau_c": 42.39, "omega": 11.41, "M": 0.36, "D": 0.08, "R": 0.06, "sving": 0.4, "os": 0.0, "foss": 0.0, "juv": 0.0, "B": 0.66, "Q": 9.6, "w": 27.95, "h": 0.46, "S": 0.00339, "elv": "Skauga", "km": 6.1}}, {"type": "Feature", "geometry": {"type": "LineString", "coordinates": [[10.22486, 63.67559], [10.22312, 63.67516]]}, "properties": {"P": 11.66, "tau": 16.49, "tau_c": 45.02, "omega": 12.83, "M": 0.37, "D": 0.04, "R": 0.06, "sving": 0.34, "os": 0.07, "foss": 0.0, "juv": 0.0, "B": 0.66, "Q": 9.6, "w": 28.03, "h": 0.44, "S": 0.00382, "elv": "Skauga", "km": 6.2}}, {"type": "Feature", "geometry": {"type": "LineString", "coordinates": [[10.22312, 63.67516], [10.22164, 63.67456]]}, "properties": {"P": 9.27, "tau": 16.83, "tau_c": 45.24, "omega": 13.26, "M": 0.37, "D": 0.03, "R": 0.07, "sving": 0.18, "os": 0.11, "foss": 0.0, "juv": 0.0, "B": 0.67, "Q": 9.85, "w": 28.12, "h": 0.44, "S": 0.00386, "elv": "Skauga", "km": 6.3}}, {"type": "Feature", "geometry": {"type": "LineString", "coordinates": [[10.22164, 63.67456], [10.21982, 63.67419]]}, "properties": {"P": 9.69, "tau": 14.46, "tau_c": 40.62, "omega": 10.66, "M": 0.36, "D": 0.09, "R": 0.06, "sving": 0.08, "os": 0.18, "foss": 0.0, "juv": 0.0, "B": 0.67, "Q": 9.86, "w": 28.21, "h": 0.47, "S": 0.00311, "elv": "Skauga", "km": 6.4}}, {"type": "Feature", "geometry": {"type": "LineString", "coordinates": [[10.21982, 63.67419], [10.21791, 63.67392]]}, "properties": {"P": 13.71, "tau": 14.48, "tau_c": 40.62, "omega": 10.68, "M": 0.36, "D": 0.14, "R": 0.06, "sving": 0.09, "os": 0.29, "foss": 0.0, "juv": 0.0, "B": 0.67, "Q": 9.92, "w": 28.31, "h": 0.47, "S": 0.00311, "elv": "Skauga", "km": 6.5}}, {"type": "Feature", "geometry": {"type": "LineString", "coordinates": [[10.21791, 63.67392], [10.21638, 63.67333]]}, "properties": {"P": 17.98, "tau": 10.21, "tau_c": 31.6, "omega": 6.46, "M": 0.32, "D": 0.14, "R": 0.04, "sving": 0.17, "os": 0.45, "foss": 0.0, "juv": 0.0, "B": 0.67, "Q": 9.92, "w": 28.34, "h": 0.55, "S": 0.00188, "elv": "Skauga", "km": 6.6}}, {"type": "Feature", "geometry": {"type": "LineString", "coordinates": [[10.21638, 63.67333], [10.21526, 63.67258]]}, "properties": {"P": 19.42, "tau": 9.4, "tau_c": 29.76, "omega": 5.74, "M": 0.32, "D": 0.07, "R": 0.03, "sving": 0.04, "os": 0.74, "foss": 0.0, "juv": 0.0, "B": 0.67, "Q": 9.94, "w": 28.36, "h": 0.57, "S": 0.00167, "elv": "Skauga", "km": 6.7}}, {"type": "Feature", "geometry": {"type": "LineString", "coordinates": [[10.21526, 63.67258], [10.21397, 63.6719]]}, "properties": {"P": 27.99, "tau": 13.56, "tau_c": 38.73, "omega": 9.72, "M": 0.35, "D": 0.01, "R": 0.05, "sving": 0.43, "os": 0.81, "foss": 0.0, "juv": 0.0, "B": 0.67, "Q": 9.94, "w": 28.37, "h": 0.49, "S": 0.00283, "elv": "Skauga", "km": 6.8}}, {"type": "Feature", "geometry": {"type": "LineString", "coordinates": [[10.21397, 63.6719], [10.2122, 63.67154]]}, "properties": {"P": 22.38, "tau": 12.27, "tau_c": 36.08, "omega": 8.42, "M": 0.34, "D": 0.0, "R": 0.05, "sving": 0.51, "os": 0.5, "foss": 0.0, "juv": 0.0, "B": 0.67, "Q": 9.94, "w": 28.4, "h": 0.51, "S": 0.00245, "elv": "Skauga", "km": 6.9}}, {"type": "Feature", "geometry": {"type": "LineString", "coordinates": [[10.2122, 63.67154], [10.21042, 63.67192]]}, "properties": {"P": 10.07, "tau": 15.05, "tau_c": 41.8, "omega": 11.29, "M": 0.36, "D": 0.0, "R": 0.06, "sving": 0.07, "os": 0.32, "foss": 0.0, "juv": 0.0, "B": 0.67, "Q": 9.94, "w": 28.43, "h": 0.47, "S": 0.00329, "elv": "Skauga", "km": 7.0}}, {"type": "Feature", "geometry": {"type": "LineString", "coordinates": [[10.21042, 63.67192], [10.20869, 63.67222]]}, "properties": {"P": 13.83, "tau": 19.7, "tau_c": 50.53, "omega": 16.64, "M": 0.39, "D": 0.0, "R": 0.08, "sving": 0.29, "os": 0.24, "foss": 0.0, "juv": 0.0, "B": 0.67, "Q": 10.03, "w": 28.47, "h": 0.42, "S": 0.00481, "elv": "Skauga", "km": 7.1}}, {"type": "Feature", "geometry": {"type": "LineString", "coordinates": [[10.20869, 63.67222], [10.20713, 63.67165]]}, "properties": {"P": 23.07, "tau": 20.65, "tau_c": 50.84, "omega": 17.93, "M": 0.41, "D": 0.05, "R": 0.09, "sving": 0.73, "os": 0.17, "foss": 0.0, "juv": 0.0, "B": 0.67, "Q": 10.05, "w": 26.79, "h": 0.43, "S": 0.00487, "elv": "Skauga", "km": 7.2}}, {"type": "Feature", "geometry": {"type": "LineString", "coordinates": [[10.20713, 63.67165], [10.20642, 63.67084]]}, "properties": {"P": 21.6, "tau": 20.65, "tau_c": 50.84, "omega": 17.92, "M": 0.41, "D": 0.11, "R": 0.09, "sving": 0.63, "os": 0.11, "foss": 0.0, "juv": 0.0, "B": 0.67, "Q": 10.06, "w": 26.83, "h": 0.43, "S": 0.00487, "elv": "Skauga", "km": 7.3}}, {"type": "Feature", "geometry": {"type": "LineString", "coordinates": [[10.20642, 63.67084], [10.20627, 63.66995]]}, "properties": {"P": 10.06, "tau": 13.12, "tau_c": 36.69, "omega": 9.34, "M": 0.36, "D": 0.2, "R": 0.06, "sving": 0.03, "os": 0.09, "foss": 0.0, "juv": 0.0, "B": 0.67, "Q": 10.07, "w": 26.84, "h": 0.53, "S": 0.00254, "elv": "Skauga", "km": 7.4}}, {"type": "Feature", "geometry": {"type": "LineString", "coordinates": [[10.20627, 63.66995], [10.20576, 63.6691]]}, "properties": {"P": 16.28, "tau": 13.11, "tau_c": 36.69, "omega": 9.33, "M": 0.36, "D": 0.18, "R": 0.06, "sving": 0.33, "os": 0.13, "foss": 0.0, "juv": 0.0, "B": 0.67, "Q": 10.07, "w": 26.87, "h": 0.53, "S": 0.00254, "elv": "Skauga", "km": 7.5}}, {"type": "Feature", "geometry": {"type": "LineString", "coordinates": [[10.20576, 63.6691], [10.20413, 63.66859]]}, "properties": {"P": 21.29, "tau": 11.86, "tau_c": 34.16, "omega": 8.08, "M": 0.35, "D": 0.14, "R": 0.05, "sving": 0.58, "os": 0.17, "foss": 0.0, "juv": 0.0, "B": 0.67, "Q": 10.07, "w": 26.9, "h": 0.55, "S": 0.0022, "elv": "Skauga", "km": 7.6}}, {"type": "Feature", "geometry": {"type": "LineString", "coordinates": [[10.20413, 63.66859], [10.20222, 63.66831]]}, "properties": {"P": 15.81, "tau": 11.34, "tau_c": 33.88, "omega": 7.53, "M": 0.33, "D": 0.06, "R": 0.04, "sving": 0.34, "os": 0.26, "foss": 0.0, "juv": 0.0, "B": 0.67, "Q": 10.16, "w": 28.65, "h": 0.53, "S": 0.00216, "elv": "Skauga", "km": 7.7}}, {"type": "Feature", "geometry": {"type": "LineString", "coordinates": [[10.20222, 63.66831], [10.20021, 63.66836]]}, "properties": {"P": 18.48, "tau": 11.11, "tau_c": 33.41, "omega": 7.31, "M": 0.33, "D": 0.04, "R": 0.04, "sving": 0.34, "os": 0.43, "foss": 0.0, "juv": 0.0, "B": 0.67, "Q": 10.17, "w": 28.7, "h": 0.54, "S": 0.0021, "elv": "Skauga", "km": 7.8}}, {"type": "Feature", "geometry": {"type": "LineString", "coordinates": [[10.20021, 63.66836], [10.19862, 63.66806]]}, "properties": {"P": 19.67, "tau": 11.12, "tau_c": 33.41, "omega": 7.32, "M": 0.33, "D": 0.01, "R": 0.04, "sving": 0.15, "os": 0.7, "foss": 0.0, "juv": 0.0, "B": 0.67, "Q": 10.2, "w": 28.75, "h": 0.54, "S": 0.0021, "elv": "Skauga", "km": 7.9}}, {"type": "Feature", "geometry": {"type": "LineString", "coordinates": [[10.19862, 63.66806], [10.1985, 63.66717]]}, "properties": {"P": 22.58, "tau": 12.92, "tau_c": 37.16, "omega": 9.09, "M": 0.35, "D": 0.0, "R": 0.05, "sving": 0.13, "os": 0.87, "foss": 0.0, "juv": 0.0, "B": 0.68, "Q": 10.25, "w": 28.78, "h": 0.51, "S": 0.0026, "elv": "Skauga", "km": 8.0}}, {"type": "Feature", "geometry": {"type": "LineString", "coordinates": [[10.1985, 63.66717], [10.19709, 63.66661]]}, "properties": {"P": 22.39, "tau": 12.91, "tau_c": 37.16, "omega": 9.07, "M": 0.35, "D": 0.03, "R": 0.05, "sving": 0.03, "os": 0.91, "foss": 0.0, "juv": 0.0, "B": 0.68, "Q": 10.25, "w": 28.82, "h": 0.51, "S": 0.0026, "elv": "Skauga", "km": 8.1}}, {"type": "Feature", "geometry": {"type": "LineString", "coordinates": [[10.19709, 63.66661], [10.19515, 63.66636]]}, "properties": {"P": 26.36, "tau": 11.12, "tau_c": 33.38, "omega": 7.32, "M": 0.33, "D": 0.07, "R": 0.04, "sving": 0.43, "os": 0.67, "foss": 0.0, "juv": 0.0, "B": 0.68, "Q": 10.26, "w": 28.87, "h": 0.54, "S": 0.0021, "elv": "Skauga", "km": 8.2}}, {"type": "Feature", "geometry": {"type": "LineString", "coordinates": [[10.19515, 63.66636], [10.19328, 63.66609]]}, "properties": {"P": 15.47, "tau": 10.31, "tau_c": 31.54, "omega": 6.57, "M": 0.33, "D": 0.07, "R": 0.04, "sving": 0.17, "os": 0.41, "foss": 0.0, "juv": 0.0, "B": 0.68, "Q": 10.34, "w": 28.91, "h": 0.56, "S": 0.00187, "elv": "Skauga", "km": 8.3}}, {"type": "Feature", "geometry": {"type": "LineString", "coordinates": [[10.19328, 63.66609], [10.19143, 63.66579]]}, "properties": {"P": 9.02, "tau": 10.47, "tau_c": 31.87, "omega": 6.73, "M": 0.33, "D": 0.04, "R": 0.04, "sving": 0.06, "os": 0.25, "foss": 0.0, "juv": 0.0, "B": 0.68, "Q": 10.37, "w": 28.96, "h": 0.56, "S": 0.00191, "elv": "Skauga", "km": 8.4}}, {"type": "Feature", "geometry": {"type": "LineString", "coordinates": [[10.19143, 63.66579], [10.18952, 63.66554]]}, "properties": {"P": 5.95, "tau": 10.86, "tau_c": 32.7, "omega": 7.09, "M": 0.33, "D": 0.0, "R": 0.04, "sving": 0.05, "os": 0.15, "foss": 0.0, "juv": 0.0, "B": 0.68, "Q": 10.39, "w": 28.99, "h": 0.55, "S": 0.00202, "elv": "Skauga", "km": 8.5}}, {"type": "Feature", "geometry": {"type": "LineString", "coordinates": [[10.18952, 63.66554], [10.18769, 63.66516]]}, "properties": {"P": 7.76, "tau": 10.45, "tau_c": 31.81, "omega": 6.71, "M": 0.33, "D": 0.0, "R": 0.04, "sving": 0.21, "os": 0.09, "foss": 0.0, "juv": 0.0, "B": 0.68, "Q": 10.4, "w": 29.01, "h": 0.56, "S": 0.00191, "elv": "Skauga", "km": 8.6}}, {"type": "Feature", "geometry": {"type": "LineString", "coordinates": [[10.18769, 63.66516], [10.18575, 63.665]]}, "properties": {"P": 8.13, "tau": 13.63, "tau_c": 38.51, "omega": 9.82, "M": 0.35, "D": 0.0, "R": 0.06, "sving": 0.2, "os": 0.09, "foss": 0.0, "juv": 0.0, "B": 0.68, "Q": 10.4, "w": 29.03, "h": 0.5, "S": 0.0028, "elv": "Skauga", "km": 8.7}}, {"type": "Feature", "geometry": {"type": "LineString", "coordinates": [[10.18575, 63.665], [10.18378, 63.66518]]}, "properties": {"P": 4.9, "tau": 13.63, "tau_c": 38.51, "omega": 9.83, "M": 0.35, "D": 0.0, "R": 0.06, "sving": 0.04, "os": 0.1, "foss": 0.0, "juv": 0.0, "B": 0.68, "Q": 10.41, "w": 29.06, "h": 0.5, "S": 0.0028, "elv": "Skauga", "km": 8.8}}, {"type": "Feature", "geometry": {"type": "LineString", "coordinates": [[10.18378, 63.66518], [10.18183, 63.66541]]}, "properties": {"P": 11.11, "tau": 12.76, "tau_c": 36.73, "omega": 8.93, "M": 0.35, "D": 0.0, "R": 0.05, "sving": 0.34, "os": 0.1, "foss": 0.0, "juv": 0.0, "B": 0.68, "Q": 10.42, "w": 29.09, "h": 0.51, "S": 0.00254, "elv": "Skauga", "km": 8.9}}, {"type": "Feature", "geometry": {"type": "LineString", "coordinates": [[10.18183, 63.66541], [10.18022, 63.66498]]}, "properties": {"P": 17.74, "tau": 14.9, "tau_c": 40.94, "omega": 11.17, "M": 0.36, "D": 0.0, "R": 0.06, "sving": 0.59, "os": 0.15, "foss": 0.0, "juv": 0.0, "B": 0.68, "Q": 10.5, "w": 29.12, "h": 0.48, "S": 0.00316, "elv": "Skauga", "km": 9.0}}, {"type": "Feature", "geometry": {"type": "LineString", "coordinates": [[10.18022, 63.66498], [10.17926, 63.66419]]}, "properties": {"P": 19.59, "tau": 14.55, "tau_c": 40.28, "omega": 10.8, "M": 0.36, "D": 0.03, "R": 0.06, "sving": 0.55, "os": 0.23, "foss": 0.0, "juv": 0.0, "B": 0.68, "Q": 10.5, "w": 29.15, "h": 0.49, "S": 0.00306, "elv": "Skauga", "km": 9.1}}, {"type": "Feature", "geometry": {"type": "LineString", "coordinates": [[10.17926, 63.66419], [10.17889, 63.66331]]}, "properties": {"P": 12.95, "tau": 12.82, "tau_c": 36.77, "omega": 9.01, "M": 0.35, "D": 0.03, "R": 0.05, "sving": 0.12, "os": 0.36, "foss": 0.0, "juv": 0.0, "B": 0.68, "Q": 10.52, "w": 29.19, "h": 0.51, "S": 0.00255, "elv": "Skauga", "km": 9.2}}, {"type": "Feature", "geometry": {"type": "LineString", "coordinates": [[10.17889, 63.66331], [10.17821, 63.66249]]}, "properties": {"P": 13.11, "tau": 11.92, "tau_c": 34.89, "omega": 8.11, "M": 0.34, "D": 0.03, "R": 0.05, "sving": 0.04, "os": 0.45, "foss": 0.0, "juv": 0.0, "B": 0.68, "Q": 10.53, "w": 29.22, "h": 0.53, "S": 0.00229, "elv": "Skauga", "km": 9.3}}, {"type": "Feature", "geometry": {"type": "LineString", "coordinates": [[10.17821, 63.66249], [10.1769, 63.66181]]}, "properties": {"P": 12.8, "tau": 15.55, "tau_c": 42.24, "omega": 11.88, "M": 0.37, "D": 0.0, "R": 0.06, "sving": 0.04, "os": 0.46, "foss": 0.0, "juv": 0.0, "B": 0.68, "Q": 10.54, "w": 29.25, "h": 0.47, "S": 0.00336, "elv": "Skauga", "km": 9.4}}, {"type": "Feature", "geometry": {"type": "LineString", "coordinates": [[10.1769, 63.66181], [10.17619, 63.661]]}, "properties": {"P": 16.24, "tau": 14.91, "tau_c": 40.87, "omega": 11.19, "M": 0.36, "D": 0.01, "R": 0.06, "sving": 0.14, "os": 0.51, "foss": 0.0, "juv": 0.0, "B": 0.68, "Q": 10.61, "w": 29.29, "h": 0.48, "S": 0.00315, "elv": "Skauga", "km": 9.5}}, {"type": "Feature", "geometry": {"type": "LineString", "coordinates": [[10.17619, 63.661], [10.17601, 63.66011]]}, "properties": {"P": 24.27, "tau": 12.67, "tau_c": 36.37, "omega": 8.86, "M": 0.35, "D": 0.01, "R": 0.05, "sving": 0.22, "os": 0.83, "foss": 0.0, "juv": 0.0, "B": 0.68, "Q": 10.62, "w": 29.32, "h": 0.52, "S": 0.00249, "elv": "Skauga", "km": 9.6}}, {"type": "Feature", "geometry": {"type": "LineString", "coordinates": [[10.17601, 63.66011], [10.17475, 63.65946]]}, "properties": {"P": 27.06, "tau": 14.34, "tau_c": 39.73, "omega": 10.59, "M": 0.36, "D": 0.01, "R": 0.06, "sving": 0.43, "os": 0.73, "foss": 0.0, "juv": 0.0, "B": 0.68, "Q": 10.65, "w": 29.35, "h": 0.49, "S": 0.00298, "elv": "Skauga", "km": 9.7}}, {"type": "Feature", "geometry": {"type": "LineString", "coordinates": [[10.17475, 63.65946], [10.17282, 63.65921]]}, "properties": {"P": 27.3, "tau": 16.53, "tau_c": 44.02, "omega": 12.99, "M": 0.38, "D": 0.02, "R": 0.07, "sving": 0.67, "os": 0.47, "foss": 0.0, "juv": 0.0, "B": 0.68, "Q": 10.65, "w": 29.36, "h": 0.46, "S": 0.00365, "elv": "Skauga", "km": 9.8}}, {"type": "Feature", "geometry": {"type": "LineString", "coordinates": [[10.17282, 63.65921], [10.17083, 63.65917]]}, "properties": {"P": 23.8, "tau": 15.45, "tau_c": 41.92, "omega": 11.78, "M": 0.37, "D": 0.1, "R": 0.06, "sving": 0.56, "os": 0.32, "foss": 0.0, "juv": 0.0, "B": 0.68, "Q": 10.65, "w": 29.37, "h": 0.48, "S": 0.00331, "elv": "Skauga", "km": 9.9}}, {"type": "Feature", "geometry": {"type": "LineString", "coordinates": [[10.17083, 63.65917], [10.16892, 63.65944]]}, "properties": {"P": 12.8, "tau": 11.77, "tau_c": 34.51, "omega": 7.97, "M": 0.34, "D": 0.13, "R": 0.05, "sving": 0.14, "os": 0.21, "foss": 0.0, "juv": 0.0, "B": 0.68, "Q": 10.65, "w": 29.4, "h": 0.53, "S": 0.00224, "elv": "Skauga", "km": 10.0}}, {"type": "Feature", "geometry": {"type": "LineString", "coordinates": [[10.16892, 63.65944], [10.16729, 63.65997]]}, "properties": {"P": 17.09, "tau": 8.7, "tau_c": 27.77, "omega": 5.16, "M": 0.31, "D": 0.1, "R": 0.03, "sving": 0.47, "os": 0.15, "foss": 0.0, "juv": 0.0, "B": 0.68, "Q": 10.65, "w": 29.43, "h": 0.61, "S": 0.00145, "elv": "Skauga", "km": 10.1}}, {"type": "Feature", "geometry": {"type": "LineString", "coordinates": [[10.16729, 63.65997], [10.16555, 63.66004]]}, "properties": {"P": 17.58, "tau": 13.73, "tau_c": 38.41, "omega": 9.96, "M": 0.36, "D": 0.02, "R": 0.06, "sving": 0.59, "os": 0.11, "foss": 0.0, "juv": 0.0, "B": 0.69, "Q": 10.76, "w": 29.46, "h": 0.5, "S": 0.00278, "elv": "Skauga", "km": 10.2}}, {"type": "Feature", "geometry": {"type": "LineString", "coordinates": [[10.16555, 63.66004], [10.165, 63.65919]]}, "properties": {"P": 18.5, "tau": 12.02, "tau_c": 34.92, "omega": 8.22, "M": 0.34, "D": 0.07, "R": 0.05, "sving": 0.6, "os": 0.09, "foss": 0.0, "juv": 0.0, "B": 0.69, "Q": 10.76, "w": 29.5, "h": 0.53, "S": 0.0023, "elv": "Skauga", "km": 10.3}}, {"type": "Feature", "geometry": {"type": "LineString", "coordinates": [[10.165, 63.65919], [10.1644, 63.65833]]}, "properties": {"P": 14.69, "tau": 9.44, "tau_c": 29.33, "omega": 5.81, "M": 0.32, "D": 0.13, "R": 0.04, "sving": 0.31, "os": 0.14, "foss": 0.0, "juv": 0.0, "B": 0.69, "Q": 10.78, "w": 29.54, "h": 0.59, "S": 0.00162, "elv": "Skauga", "km": 10.4}}, {"type": "Feature", "geometry": {"type": "LineString", "coordinates": [[10.1644, 63.65833], [10.16328, 63.6576]]}, "properties": {"P": 15.64, "tau": 8.2, "tau_c": 26.54, "omega": 4.74, "M": 0.31, "D": 0.13, "R": 0.03, "sving": 0.28, "os": 0.23, "foss": 0.0, "juv": 0.0, "B": 0.69, "Q": 10.78, "w": 29.6, "h": 0.63, "S": 0.00133, "elv": "Skauga", "km": 10.5}}, {"type": "Feature", "geometry": {"type": "LineString", "coordinates": [[10.16328, 63.6576], [10.16178, 63.657]]}, "properties": {"P": 14.4, "tau": 8.34, "tau_c": 26.89, "omega": 4.86, "M": 0.31, "D": 0.06, "R": 0.03, "sving": 0.18, "os": 0.36, "foss": 0.0, "juv": 0.0, "B": 0.69, "Q": 10.78, "w": 29.66, "h": 0.62, "S": 0.00136, "elv": "Skauga", "km": 10.6}}, {"type": "Feature", "geometry": {"type": "LineString", "coordinates": [[10.16178, 63.657], [10.16005, 63.65655]]}, "properties": {"P": 16.01, "tau": 14.16, "tau_c": 39.08, "omega": 10.43, "M": 0.36, "D": 0.0, "R": 0.06, "sving": 0.06, "os": 0.59, "foss": 0.0, "juv": 0.0, "B": 0.69, "Q": 10.97, "w": 29.72, "h": 0.5, "S": 0.00288, "elv": "Skauga", "km": 10.7}}, {"type": "Feature", "geometry": {"type": "LineString", "coordinates": [[10.16005, 63.65655], [10.15863, 63.65592]]}, "properties": {"P": 27.66, "tau": 11.28, "tau_c": 33.21, "omega": 7.52, "M": 0.34, "D": 0.0, "R": 0.05, "sving": 0.24, "os": 0.98, "foss": 0.0, "juv": 0.0, "B": 0.69, "Q": 10.98, "w": 29.77, "h": 0.55, "S": 0.00208, "elv": "Skauga", "km": 10.8}}, {"type": "Feature", "geometry": {"type": "LineString", "coordinates": [[10.15863, 63.65592], [10.15776, 63.65511]]}, "properties": {"P": 22.18, "tau": 13.81, "tau_c": 38.42, "omega": 10.05, "M": 0.36, "D": 0.0, "R": 0.06, "sving": 0.32, "os": 0.62, "foss": 0.0, "juv": 0.0, "B": 0.69, "Q": 10.99, "w": 29.86, "h": 0.51, "S": 0.00278, "elv": "Skauga", "km": 10.9}}, {"type": "Feature", "geometry": {"type": "LineString", "coordinates": [[10.15776, 63.65511], [10.15737, 63.65423]]}, "properties": {"P": 15.19, "tau": 14.37, "tau_c": 39.56, "omega": 10.64, "M": 0.36, "D": 0.0, "R": 0.06, "sving": 0.23, "os": 0.38, "foss": 0.0, "juv": 0.0, "B": 0.69, "Q": 10.99, "w": 29.89, "h": 0.5, "S": 0.00295, "elv": "Skauga", "km": 11.0}}, {"type": "Feature", "geometry": {"type": "LineString", "coordinates": [[10.15737, 63.65423], [10.15702, 63.65335]]}, "properties": {"P": 8.61, "tau": 15.44, "tau_c": 41.51, "omega": 11.81, "M": 0.37, "D": 0.03, "R": 0.07, "sving": 0.01, "os": 0.24, "foss": 0.0, "juv": 0.0, "B": 0.69, "Q": 11.09, "w": 29.93, "h": 0.48, "S": 0.00325, "elv": "Skauga", "km": 11.1}}, {"type": "Feature", "geometry": {"type": "LineString", "coordinates": [[10.15702, 63.65335], [10.15667, 63.65247]]}, "properties": {"P": 9.27, "tau": 16.3, "tau_c": 43.16, "omega": 12.76, "M": 0.38, "D": 0.09, "R": 0.07, "sving": 0.04, "os": 0.15, "foss": 0.0, "juv": 0.0, "B": 0.69, "Q": 11.1, "w": 29.96, "h": 0.47, "S": 0.00351, "elv": "Skauga", "km": 11.2}}, {"type": "Feature", "geometry": {"type": "LineString", "coordinates": [[10.15667, 63.65247], [10.15585, 63.65166]]}, "properties": {"P": 13.14, "tau": 11.0, "tau_c": 32.55, "omega": 7.25, "M": 0.34, "D": 0.21, "R": 0.05, "sving": 0.16, "os": 0.09, "foss": 0.0, "juv": 0.0, "B": 0.69, "Q": 11.11, "w": 30.0, "h": 0.56, "S": 0.002, "elv": "Skauga", "km": 11.3}}, {"type": "Feature", "geometry": {"type": "LineString", "coordinates": [[10.15585, 63.65166], [10.15523, 63.6508]]}, "properties": {"P": 14.98, "tau": 9.53, "tau_c": 29.35, "omega": 5.9, "M": 0.32, "D": 0.18, "R": 0.04, "sving": 0.34, "os": 0.05, "foss": 0.0, "juv": 0.0, "B": 0.69, "Q": 11.12, "w": 30.01, "h": 0.6, "S": 0.00162, "elv": "Skauga", "km": 11.4}}, {"type": "Feature", "geometry": {"type": "LineString", "coordinates": [[10.15409, 63.65008], [10.15234, 63.64966]]}, "properties": {"P": 9.07, "tau": 12.97, "tau_c": 36.63, "omega": 9.2, "M": 0.35, "D": 0.0, "R": 0.06, "sving": 0.33, "os": 0.0, "foss": 0.0, "juv": 0.0, "B": 0.69, "Q": 11.14, "w": 30.04, "h": 0.52, "S": 0.00253, "elv": "Skauga", "km": 11.6}}, {"type": "Feature", "geometry": {"type": "LineString", "coordinates": [[10.15234, 63.64966], [10.15039, 63.64943]]}, "properties": {"P": 3.0, "tau": 13.45, "tau_c": 37.59, "omega": 9.69, "M": 0.36, "D": 0.0, "R": 0.06, "sving": 0.04, "os": 0.0, "foss": 0.0, "juv": 0.0, "B": 0.69, "Q": 11.15, "w": 30.06, "h": 0.51, "S": 0.00266, "elv": "Skauga", "km": 11.7}}, {"type": "Feature", "geometry": {"type": "LineString", "coordinates": [[10.15039, 63.64943], [10.14852, 63.64911]]}, "properties": {"P": 11.2, "tau": 17.09, "tau_c": 44.65, "omega": 13.67, "M": 0.38, "D": 0.0, "R": 0.08, "sving": 0.4, "os": 0.0, "foss": 0.0, "juv": 0.0, "B": 0.69, "Q": 11.16, "w": 30.08, "h": 0.46, "S": 0.00376, "elv": "Skauga", "km": 11.8}}, {"type": "Feature", "geometry": {"type": "LineString", "coordinates": [[10.14852, 63.64911], [10.14719, 63.64844]]}, "properties": {"P": 8.24, "tau": 17.14, "tau_c": 44.65, "omega": 13.73, "M": 0.38, "D": 0.0, "R": 0.08, "sving": 0.25, "os": 0.0, "foss": 0.0, "juv": 0.0, "B": 0.69, "Q": 11.2, "w": 30.07, "h": 0.46, "S": 0.00376, "elv": "Skauga", "km": 11.9}}, {"type": "Feature", "geometry": {"type": "LineString", "coordinates": [[10.14719, 63.64844], [10.14716, 63.64755]]}, "properties": {"P": 4.84, "tau": 16.64, "tau_c": 43.72, "omega": 13.16, "M": 0.38, "D": 0.06, "R": 0.07, "sving": 0.02, "os": 0.0, "foss": 0.0, "juv": 0.0, "B": 0.69, "Q": 11.21, "w": 30.09, "h": 0.47, "S": 0.0036, "elv": "Skauga", "km": 12.0}}, {"type": "Feature", "geometry": {"type": "LineString", "coordinates": [[10.14716, 63.64755], [10.14608, 63.64692]]}, "properties": {"P": 9.7, "tau": 16.64, "tau_c": 43.72, "omega": 13.16, "M": 0.38, "D": 0.14, "R": 0.07, "sving": 0.14, "os": 0.0, "foss": 0.0, "juv": 0.0, "B": 0.69, "Q": 11.21, "w": 30.1, "h": 0.47, "S": 0.0036, "elv": "Skauga", "km": 12.1}}, {"type": "Feature", "geometry": {"type": "LineString", "coordinates": [[10.14608, 63.64692], [10.14424, 63.64654]]}, "properties": {"P": 16.62, "tau": 10.37, "tau_c": 31.13, "omega": 6.67, "M": 0.33, "D": 0.31, "R": 0.04, "sving": 0.29, "os": 0.0, "foss": 0.0, "juv": 0.0, "B": 0.69, "Q": 11.21, "w": 30.11, "h": 0.58, "S": 0.00183, "elv": "Skauga", "km": 12.2}}, {"type": "Feature", "geometry": {"type": "LineString", "coordinates": [[10.14424, 63.64654], [10.14246, 63.64613]]}, "properties": {"P": 13.89, "tau": 8.6, "tau_c": 27.2, "omega": 5.09, "M": 0.32, "D": 0.43, "R": 0.03, "sving": 0.02, "os": 0.0, "foss": 0.0, "juv": 0.0, "B": 0.69, "Q": 11.22, "w": 30.11, "h": 0.63, "S": 0.00139, "elv": "Skauga", "km": 12.3}}, {"type": "Feature", "geometry": {"type": "LineString", "coordinates": [[10.13716, 63.64344], [10.13553, 63.64296]]}, "properties": {"P": 5.86, "tau": 5.54, "tau_c": 14.95, "omega": 2.94, "M": 0.37, "D": -0.0, "R": 0.07, "sving": 0.05, "os": 0.08, "foss": 0.0, "juv": 0.0, "B": 0.77, "Q": 29.5, "w": 41.42, "h": 1.34, "S": 0.00042, "elv": "Skauga", "km": 12.8}}, {"type": "Feature", "geometry": {"type": "LineString", "coordinates": [[10.13553, 63.64296], [10.13367, 63.64262]]}, "properties": {"P": 7.69, "tau": 8.04, "tau_c": 20.36, "omega": 5.01, "M": 0.4, "D": -0.0, "R": 0.08, "sving": 0.05, "os": 0.13, "foss": 0.0, "juv": 0.0, "B": 0.77, "Q": 29.5, "w": 45.17, "h": 1.05, "S": 0.00078, "elv": "Skauga", "km": 12.9}}, {"type": "Feature", "geometry": {"type": "LineString", "coordinates": [[10.13367, 63.64262], [10.13218, 63.64202]]}, "properties": {"P": 14.49, "tau": 7.65, "tau_c": 20.36, "omega": 4.63, "M": 0.38, "D": -0.0, "R": 0.07, "sving": 0.29, "os": 0.2, "foss": 0.0, "juv": 0.0, "B": 0.77, "Q": 29.51, "w": 48.89, "h": 1.0, "S": 0.00078, "elv": "Skauga", "km": 13.0}}, {"type": "Feature", "geometry": {"type": "LineString", "coordinates": [[10.13218, 63.64202], [10.13111, 63.64127]]}, "properties": {"P": 19.76, "tau": 17.72, "tau_c": 37.21, "omega": 15.45, "M": 0.48, "D": -0.0, "R": 0.16, "sving": 0.24, "os": 0.32, "foss": 0.0, "juv": 0.0, "B": 0.77, "Q": 29.52, "w": 48.9, "h": 0.69, "S": 0.00261, "elv": "Skauga", "km": 13.1}}, {"type": "Feature", "geometry": {"type": "LineString", "coordinates": [[10.13111, 63.64127], [10.13068, 63.6404]]}, "properties": {"P": 20.42, "tau": 17.4, "tau_c": 36.12, "omega": 15.11, "M": 0.48, "D": -0.0, "R": 0.17, "sving": 0.07, "os": 0.51, "foss": 0.0, "juv": 0.0, "B": 0.77, "Q": 29.52, "w": 47.12, "h": 0.72, "S": 0.00246, "elv": "Skauga", "km": 13.2}}, {"type": "Feature", "geometry": {"type": "LineString", "coordinates": [[10.13068, 63.6404], [10.1297, 63.63966]]}, "properties": {"P": 30.9, "tau": 16.05, "tau_c": 34.07, "omega": 13.46, "M": 0.47, "D": -0.0, "R": 0.16, "sving": 0.19, "os": 0.84, "foss": 0.0, "juv": 0.0, "B": 0.77, "Q": 29.54, "w": 47.13, "h": 0.75, "S": 0.00219, "elv": "Skauga", "km": 13.3}}, {"type": "Feature", "geometry": {"type": "LineString", "coordinates": [[10.1297, 63.63966], [10.12847, 63.63896]]}, "properties": {"P": 35.36, "tau": 19.03, "tau_c": 38.51, "omega": 17.19, "M": 0.49, "D": -0.0, "R": 0.18, "sving": 0.46, "os": 0.72, "foss": 0.0, "juv": 0.0, "B": 0.77, "Q": 29.54, "w": 47.13, "h": 0.69, "S": 0.00279, "elv": "Skauga", "km": 13.4}}, {"type": "Feature", "geometry": {"type": "LineString", "coordinates": [[10.12847, 63.63896], [10.12671, 63.63854]]}, "properties": {"P": 28.11, "tau": 19.46, "tau_c": 39.14, "omega": 17.75, "M": 0.5, "D": 0.05, "R": 0.18, "sving": 0.37, "os": 0.44, "foss": 0.0, "juv": 0.0, "B": 0.77, "Q": 29.55, "w": 47.16, "h": 0.69, "S": 0.00289, "elv": "Skauga", "km": 13.5}}, {"type": "Feature", "geometry": {"type": "LineString", "coordinates": [[10.12671, 63.63854], [10.12471, 63.63844]]}, "properties": {"P": 27.67, "tau": 21.61, "tau_c": 42.21, "omega": 20.63, "M": 0.51, "D": 0.1, "R": 0.2, "sving": 0.42, "os": 0.27, "foss": 0.0, "juv": 0.0, "B": 0.77, "Q": 29.56, "w": 47.19, "h": 0.66, "S": 0.00336, "elv": "Skauga", "km": 13.6}}, {"type": "Feature", "geometry": {"type": "LineString", "coordinates": [[10.12471, 63.63844], [10.12271, 63.63839]]}, "properties": {"P": 20.23, "tau": 12.25, "tau_c": 28.49, "omega": 9.1, "M": 0.43, "D": 0.15, "R": 0.11, "sving": 0.28, "os": 0.18, "foss": 0.0, "juv": 0.0, "B": 0.77, "Q": 29.71, "w": 49.01, "h": 0.82, "S": 0.00153, "elv": "Skauga", "km": 13.7}}, {"type": "Feature", "geometry": {"type": "LineString", "coordinates": [[10.12271, 63.63839], [10.12074, 63.63858]]}, "properties": {"P": 14.95, "tau": 13.68, "tau_c": 30.86, "omega": 10.67, "M": 0.44, "D": 0.1, "R": 0.13, "sving": 0.16, "os": 0.11, "foss": 0.0, "juv": 0.0, "B": 0.77, "Q": 29.71, "w": 49.03, "h": 0.78, "S": 0.00179, "elv": "Skauga", "km": 13.8}}, {"type": "Feature", "geometry": {"type": "LineString", "coordinates": [[10.12074, 63.63858], [10.11879, 63.6388]]}, "properties": {"P": 12.26, "tau": 16.81, "tau_c": 35.78, "omega": 14.33, "M": 0.47, "D": 0.05, "R": 0.15, "sving": 0.11, "os": 0.08, "foss": 0.0, "juv": 0.0, "B": 0.77, "Q": 29.72, "w": 49.06, "h": 0.71, "S": 0.00241, "elv": "Skauga", "km": 13.9}}, {"type": "Feature", "geometry": {"type": "LineString", "coordinates": [[10.11879, 63.6388], [10.11688, 63.63909]]}, "properties": {"P": 7.55, "tau": 16.83, "tau_c": 35.81, "omega": 14.36, "M": 0.47, "D": 0.0, "R": 0.15, "sving": 0.06, "os": 0.0, "foss": 0.0, "juv": 0.0, "B": 0.77, "Q": 29.73, "w": 49.07, "h": 0.71, "S": 0.00242, "elv": "Skauga", "km": 14.0}}, {"type": "Feature", "geometry": {"type": "LineString", "coordinates": [[10.11688, 63.63909], [10.11494, 63.6393]]}, "properties": {"P": 6.64, "tau": 15.65, "tau_c": 33.98, "omega": 12.93, "M": 0.46, "D": 0.0, "R": 0.14, "sving": 0.03, "os": 0.0, "foss": 0.0, "juv": 0.0, "B": 0.77, "Q": 29.73, "w": 49.09, "h": 0.73, "S": 0.00218, "elv": "Skauga", "km": 14.1}}, {"type": "Feature", "geometry": {"type": "LineString", "coordinates": [[10.11494, 63.6393], [10.11292, 63.63936]]}, "properties": {"P": 6.23, "tau": 16.61, "tau_c": 35.47, "omega": 14.08, "M": 0.47, "D": 0.0, "R": 0.15, "sving": 0.0, "os": 0.0, "foss": 0.0, "juv": 0.0, "B": 0.77, "Q": 29.74, "w": 49.11, "h": 0.71, "S": 0.00237, "elv": "Skauga", "km": 14.2}}, {"type": "Feature", "geometry": {"type": "LineString", "coordinates": [[10.11292, 63.63936], [10.11095, 63.6395]]}, "properties": {"P": 7.89, "tau": 18.61, "tau_c": 38.44, "omega": 16.59, "M": 0.48, "D": -0.0, "R": 0.17, "sving": 0.05, "os": 0.0, "foss": 0.0, "juv": 0.0, "B": 0.77, "Q": 29.83, "w": 49.13, "h": 0.68, "S": 0.00278, "elv": "Skauga", "km": 14.3}}, {"type": "Feature", "geometry": {"type": "LineString", "coordinates": [[10.11095, 63.6395], [10.10903, 63.63978]]}, "properties": {"P": 14.2, "tau": 21.33, "tau_c": 41.68, "omega": 20.27, "M": 0.51, "D": -0.0, "R": 0.2, "sving": 0.26, "os": 0.0, "foss": 0.0, "juv": 0.0, "B": 0.77, "Q": 29.85, "w": 47.32, "h": 0.66, "S": 0.00327, "elv": "Skauga", "km": 14.4}}, {"type": "Feature", "geometry": {"type": "LineString", "coordinates": [[10.10903, 63.63978], [10.10717, 63.6401]]}, "properties": {"P": 15.32, "tau": 21.45, "tau_c": 41.12, "omega": 20.52, "M": 0.52, "D": -0.0, "R": 0.21, "sving": 0.22, "os": 0.06, "foss": 0.0, "juv": 0.0, "B": 0.77, "Q": 29.86, "w": 45.5, "h": 0.69, "S": 0.00319, "elv": "Skauga", "km": 14.5}}, {"type": "Feature", "geometry": {"type": "LineString", "coordinates": [[10.10717, 63.6401], [10.1057, 63.64071]]}, "properties": {"P": 16.71, "tau": 21.43, "tau_c": 40.35, "omega": 20.59, "M": 0.53, "D": -0.0, "R": 0.22, "sving": 0.22, "os": 0.1, "foss": 0.0, "juv": 0.0, "B": 0.78, "Q": 29.86, "w": 43.67, "h": 0.71, "S": 0.00307, "elv": "Skauga", "km": 14.6}}, {"type": "Feature", "geometry": {"type": "LineString", "coordinates": [[10.17509, 63.64186], [10.17409, 63.64262]]}, "properties": {"P": 25.13, "tau": 105.3, "tau_c": 148.75, "omega": 191.64, "M": 0.71, "D": 0.0, "R": 0.46, "sving": 0.98, "os": 0.21, "foss": 0.0, "juv": 0.0, "B": 0.42, "Q": 17.77, "w": 37.94, "h": 0.26, "S": 0.0417, "elv": "Svartelva", "km": 0.0}}, {"type": "Feature", "geometry": {"type": "LineString", "coordinates": [[10.17409, 63.64262], [10.17327, 63.64342]]}, "properties": {"P": 40.76, "tau": 137.2, "tau_c": 176.44, "omega": 281.46, "M": 0.78, "D": 0.0, "R": 0.55, "sving": 0.07, "os": 0.33, "foss": 0.0, "juv": 0.0, "B": 1.0, "Q": 17.78, "w": 36.36, "h": 0.24, "S": 0.05868, "elv": "Svartelva", "km": 0.1}}, {"type": "Feature", "geometry": {"type": "LineString", "coordinates": [[10.17327, 63.64342], [10.17149, 63.64321]]}, "properties": {"P": 91.6, "tau": 132.08, "tau_c": 164.09, "omega": 270.1, "M": 0.8, "D": 0.02, "R": 0.58, "sving": 0.48, "os": 0.49, "foss": 1.0, "juv": 0.0, "B": 1.0, "Q": 17.78, "w": 32.77, "h": 0.27, "S": 0.05075, "elv": "Svartelva", "km": 0.2}}, {"type": "Feature", "geometry": {"type": "LineString", "coordinates": [[10.17149, 63.64321], [10.17044, 63.64379]]}, "properties": {"P": 100.0, "tau": 121.01, "tau_c": 153.74, "omega": 238.46, "M": 0.79, "D": 0.03, "R": 0.56, "sving": 0.59, "os": 0.67, "foss": 1.0, "juv": 0.0, "B": 1.0, "Q": 17.89, "w": 32.79, "h": 0.28, "S": 0.04455, "elv": "Svartelva", "km": 0.3}}, {"type": "Feature", "geometry": {"type": "LineString", "coordinates": [[10.17044, 63.64379], [10.16856, 63.64359]]}, "properties": {"P": 89.01, "tau": 122.68, "tau_c": 155.31, "omega": 243.16, "M": 0.79, "D": 0.07, "R": 0.56, "sving": 0.14, "os": 0.99, "foss": 0.72, "juv": 0.0, "B": 1.0, "Q": 17.89, "w": 32.82, "h": 0.28, "S": 0.04546, "elv": "Svartelva", "km": 0.4}}, {"type": "Feature", "geometry": {"type": "LineString", "coordinates": [[10.16856, 63.64359], [10.16683, 63.64325]]}, "properties": {"P": 79.05, "tau": 118.76, "tau_c": 151.77, "omega": 232.09, "M": 0.78, "D": 0.14, "R": 0.56, "sving": 0.32, "os": 0.61, "foss": 0.51, "juv": 0.0, "B": 1.0, "Q": 17.9, "w": 32.85, "h": 0.28, "S": 0.04341, "elv": "Svartelva", "km": 0.5}}, {"type": "Feature", "geometry": {"type": "LineString", "coordinates": [[10.16683, 63.64325], [10.16521, 63.64272]]}, "properties": {"P": 59.74, "tau": 93.96, "tau_c": 131.05, "omega": 164.91, "M": 0.72, "D": 0.24, "R": 0.47, "sving": 0.07, "os": 0.39, "foss": 0.37, "juv": 0.0, "B": 1.0, "Q": 17.9, "w": 34.48, "h": 0.3, "S": 0.03237, "elv": "Svartelva", "km": 0.6}}, {"type": "Feature", "geometry": {"type": "LineString", "coordinates": [[10.16521, 63.64272], [10.16331, 63.64277]]}, "properties": {"P": 35.39, "tau": 53.85, "tau_c": 91.89, "omega": 73.37, "M": 0.59, "D": 0.24, "R": 0.29, "sving": 0.1, "os": 0.24, "foss": 0.0, "juv": 0.0, "B": 1.0, "Q": 17.91, "w": 38.11, "h": 0.34, "S": 0.01592, "elv": "Svartelva", "km": 0.7}}, {"type": "Feature", "geometry": {"type": "LineString", "coordinates": [[10.16331, 63.64277], [10.16132, 63.64272]]}, "properties": {"P": 34.44, "tau": 48.05, "tau_c": 84.61, "omega": 62.33, "M": 0.57, "D": 0.15, "R": 0.27, "sving": 0.3, "os": 0.15, "foss": 0.0, "juv": 0.0, "B": 1.0, "Q": 17.96, "w": 38.13, "h": 0.36, "S": 0.01349, "elv": "Svartelva", "km": 0.8}}, {"type": "Feature", "geometry": {"type": "LineString", "coordinates": [[10.16132, 63.64272], [10.15933, 63.64258]]}, "properties": {"P": 28.65, "tau": 82.83, "tau_c": 124.98, "omega": 136.0, "M": 0.66, "D": 0.03, "R": 0.4, "sving": 0.13, "os": 0.1, "foss": 0.0, "juv": 0.0, "B": 1.0, "Q": 17.97, "w": 38.16, "h": 0.29, "S": 0.02944, "elv": "Svartelva", "km": 0.9}}, {"type": "Feature", "geometry": {"type": "LineString", "coordinates": [[10.15933, 63.64258], [10.15736, 63.64274]]}, "properties": {"P": 29.3, "tau": 91.59, "tau_c": 134.19, "omega": 157.11, "M": 0.68, "D": 0.0, "R": 0.42, "sving": 0.18, "os": 0.06, "foss": 0.0, "juv": 0.0, "B": 1.0, "Q": 18.02, "w": 38.18, "h": 0.28, "S": 0.03394, "elv": "Svartelva", "km": 1.0}}, {"type": "Feature", "geometry": {"type": "LineString", "coordinates": [[10.15736, 63.64274], [10.1555, 63.64308]]}, "properties": {"P": 58.36, "tau": 99.44, "tau_c": 142.34, "omega": 176.74, "M": 0.7, "D": 0.0, "R": 0.44, "sving": 0.14, "os": 0.0, "foss": 1.0, "juv": 0.0, "B": 1.0, "Q": 18.02, "w": 38.19, "h": 0.27, "S": 0.03819, "elv": "Svartelva", "km": 1.1}}, {"type": "Feature", "geometry": {"type": "LineString", "coordinates": [[10.1555, 63.64308], [10.1538, 63.64262]]}, "properties": {"P": 59.16, "tau": 105.1, "tau_c": 148.09, "omega": 191.29, "M": 0.71, "D": 0.0, "R": 0.46, "sving": 0.14, "os": 0.0, "foss": 1.0, "juv": 0.0, "B": 1.0, "Q": 18.02, "w": 38.21, "h": 0.26, "S": 0.04134, "elv": "Svartelva", "km": 1.2}}, {"type": "Feature", "geometry": {"type": "LineString", "coordinates": [[10.1538, 63.64262], [10.15208, 63.64216]]}, "properties": {"P": 74.13, "tau": 156.49, "tau_c": 196.93, "omega": 338.25, "M": 0.79, "D": 0.0, "R": 0.57, "sving": 0.44, "os": 0.0, "foss": 1.0, "juv": 0.0, "B": 1.0, "Q": 18.02, "w": 38.21, "h": 0.22, "S": 0.07309, "elv": "Svartelva", "km": 1.3}}, {"type": "Feature", "geometry": {"type": "LineString", "coordinates": [[10.15208, 63.64216], [10.1512, 63.64241]]}, "properties": {"P": 78.15, "tau": 159.81, "tau_c": 199.91, "omega": 348.56, "M": 0.8, "D": 0.04, "R": 0.58, "sving": 0.51, "os": 0.0, "foss": 1.0, "juv": 0.0, "B": 1.0, "Q": 18.02, "w": 38.21, "h": 0.22, "S": 0.07533, "elv": "Svartelva", "km": 1.4}}, {"type": "Feature", "geometry": {"type": "LineString", "coordinates": [[10.1512, 63.64241], [10.1512, 63.6433]]}, "properties": {"P": 62.59, "tau": 131.72, "tau_c": 174.09, "omega": 264.3, "M": 0.76, "D": 0.1, "R": 0.52, "sving": 0.02, "os": 0.0, "foss": 1.0, "juv": 0.0, "B": 1.0, "Q": 18.02, "w": 38.21, "h": 0.24, "S": 0.05712, "elv": "Svartelva", "km": 1.5}}, {"type": "Feature", "geometry": {"type": "LineString", "coordinates": [[10.1512, 63.6433], [10.14989, 63.64392]]}, "properties": {"P": 67.72, "tau": 119.34, "tau_c": 162.23, "omega": 229.45, "M": 0.74, "D": 0.14, "R": 0.49, "sving": 0.46, "os": 0.0, "foss": 0.72, "juv": 0.0, "B": 1.0, "Q": 18.02, "w": 38.22, "h": 0.25, "S": 0.0496, "elv": "Svartelva", "km": 1.6}}, {"type": "Feature", "geometry": {"type": "LineString", "coordinates": [[10.14989, 63.64392], [10.14817, 63.64353]]}, "properties": {"P": 69.76, "tau": 109.54, "tau_c": 152.51, "omega": 203.0, "M": 0.72, "D": 0.18, "R": 0.47, "sving": 0.71, "os": 0.0, "foss": 0.51, "juv": 0.0, "B": 1.0, "Q": 18.05, "w": 38.23, "h": 0.25, "S": 0.04384, "elv": "Svartelva", "km": 1.7}}, {"type": "Feature", "geometry": {"type": "LineString", "coordinates": [[10.14817, 63.64353], [10.14659, 63.64298]]}, "properties": {"P": 52.04, "tau": 96.5, "tau_c": 139.26, "omega": 169.31, "M": 0.69, "D": 0.16, "R": 0.44, "sving": 0.38, "os": 0.0, "foss": 0.37, "juv": 0.0, "B": 1.0, "Q": 18.07, "w": 38.27, "h": 0.27, "S": 0.03655, "elv": "Svartelva", "km": 1.8}}, {"type": "Feature", "geometry": {"type": "LineString", "coordinates": [[10.14659, 63.64298], [10.1447, 63.6427]]}, "properties": {"P": 22.55, "tau": 60.35, "tau_c": 99.53, "omega": 86.43, "M": 0.61, "D": 0.11, "R": 0.32, "sving": 0.05, "os": 0.0, "foss": 0.0, "juv": 0.0, "B": 1.0, "Q": 18.07, "w": 38.3, "h": 0.33, "S": 0.01867, "elv": "Svartelva", "km": 1.9}}, {"type": "Feature", "geometry": {"type": "LineString", "coordinates": [[10.1447, 63.6427], [10.14277, 63.64255]]}, "properties": {"P": 27.6, "tau": 92.15, "tau_c": 131.88, "omega": 159.49, "M": 0.7, "D": 0.03, "R": 0.44, "sving": 0.11, "os": 0.0, "foss": 0.0, "juv": 0.0, "B": 1.0, "Q": 18.18, "w": 36.65, "h": 0.29, "S": 0.03278, "elv": "Svartelva", "km": 2.0}}, {"type": "Feature", "geometry": {"type": "LineString", "coordinates": [[10.14277, 63.64255], [10.14091, 63.64224]]}, "properties": {"P": 58.49, "tau": 112.36, "tau_c": 148.97, "omega": 213.13, "M": 0.75, "D": 0.0, "R": 0.52, "sving": 0.02, "os": 0.0, "foss": 1.0, "juv": 0.0, "B": 1.0, "Q": 18.18, "w": 35.0, "h": 0.27, "S": 0.04183, "elv": "Svartelva", "km": 2.1}}, {"type": "Feature", "geometry": {"type": "LineString", "coordinates": [[10.14091, 63.64224], [10.13904, 63.64191]]}, "properties": {"P": 62.24, "tau": 117.6, "tau_c": 153.95, "omega": 227.49, "M": 0.76, "D": 0.0, "R": 0.53, "sving": 0.12, "os": 0.0, "foss": 1.0, "juv": 0.0, "B": 1.0, "Q": 18.18, "w": 35.02, "h": 0.27, "S": 0.04467, "elv": "Svartelva", "km": 2.2}}, {"type": "Feature", "geometry": {"type": "LineString", "coordinates": [[10.13904, 63.64191], [10.13717, 63.64158]]}, "properties": {"P": 63.21, "tau": 127.48, "tau_c": 163.1, "omega": 255.34, "M": 0.78, "D": 0.02, "R": 0.55, "sving": 0.09, "os": 0.0, "foss": 1.0, "juv": 0.0, "B": 1.0, "Q": 18.18, "w": 35.02, "h": 0.26, "S": 0.05014, "elv": "Svartelva", "km": 2.3}}, {"type": "Feature", "geometry": {"type": "LineString", "coordinates": [[10.13717, 63.64158], [10.13548, 63.64116]]}, "properties": {"P": 53.51, "tau": 123.03, "tau_c": 163.1, "omega": 240.87, "M": 0.75, "D": 0.06, "R": 0.52, "sving": 0.06, "os": 0.0, "foss": 0.72, "juv": 0.0, "B": 1.0, "Q": 18.18, "w": 37.13, "h": 0.25, "S": 0.05014, "elv": "Svartelva", "km": 2.4}}, {"type": "Feature", "geometry": {"type": "LineString", "coordinates": [[10.13548, 63.64116], [10.13385, 63.64068]]}, "properties": {"P": 60.56, "tau": 101.36, "tau_c": 148.1, "omega": 180.24, "M": 0.68, "D": 0.14, "R": 0.43, "sving": 0.05, "os": 0.0, "foss": 1.0, "juv": 0.0, "B": 1.0, "Q": 18.18, "w": 40.91, "h": 0.25, "S": 0.04134, "elv": "Svartelva", "km": 2.5}}, {"type": "Feature", "geometry": {"type": "LineString", "coordinates": [[10.13385, 63.64068], [10.13214, 63.64024]]}, "properties": {"P": 62.24, "tau": 93.17, "tau_c": 117.54, "omega": 168.72, "M": 0.79, "D": 0.18, "R": 0.57, "sving": 0.01, "os": 0.0, "foss": 0.72, "juv": 0.0, "B": 1.05, "Q": 29.52, "w": 44.69, "h": 0.36, "S": 0.02604, "elv": "Svartelva", "km": 2.6}}, {"type": "Feature", "geometry": {"type": "LineString", "coordinates": [[10.40896, 63.83418], [10.407, 63.83409]]}, "properties": {"P": 9.19, "tau": 30.55, "tau_c": 86.54, "omega": 28.94, "M": 0.35, "D": 0.0, "R": 0.05, "sving": 0.13, "os": 0.36, "foss": 0.0, "juv": 0.0, "B": 0.52, "Q": 3.49, "w": 16.71, "h": 0.22, "S": 0.01412, "elv": "Løsvasselva", "km": 0.1}}, {"type": "Feature", "geometry": {"type": "LineString", "coordinates": [[10.407, 63.83409], [10.40506, 63.83417]]}, "properties": {"P": 9.47, "tau": 44.42, "tau_c": 113.33, "omega": 49.5, "M": 0.39, "D": 0.0, "R": 0.08, "sving": 0.1, "os": 0.35, "foss": 0.0, "juv": 0.0, "B": 0.52, "Q": 3.5, "w": 16.77, "h": 0.19, "S": 0.02421, "elv": "Løsvasselva", "km": 0.2}}, {"type": "Feature", "geometry": {"type": "LineString", "coordinates": [[10.40506, 63.83417], [10.40312, 63.83409]]}, "properties": {"P": 22.77, "tau": 45.79, "tau_c": 115.97, "omega": 51.68, "M": 0.39, "D": 0.0, "R": 0.08, "sving": 0.02, "os": 0.27, "foss": 1.0, "juv": 0.0, "B": 0.52, "Q": 3.5, "w": 16.84, "h": 0.18, "S": 0.02535, "elv": "Løsvasselva", "km": 0.3}}, {"type": "Feature", "geometry": {"type": "LineString", "coordinates": [[10.40312, 63.83409], [10.40122, 63.83404]]}, "properties": {"P": 27.89, "tau": 53.41, "tau_c": 129.55, "omega": 64.44, "M": 0.41, "D": 0.0, "R": 0.1, "sving": 0.39, "os": 0.19, "foss": 1.0, "juv": 0.0, "B": 0.52, "Q": 3.5, "w": 16.86, "h": 0.17, "S": 0.03163, "elv": "Løsvasselva", "km": 0.4}}, {"type": "Feature", "geometry": {"type": "LineString", "coordinates": [[10.40122, 63.83404], [10.39953, 63.83401]]}, "properties": {"P": 25.03, "tau": 57.18, "tau_c": 136.01, "omega": 71.08, "M": 0.42, "D": 0.0, "R": 0.11, "sving": 0.26, "os": 0.13, "foss": 1.0, "juv": 0.0, "B": 0.52, "Q": 3.51, "w": 16.88, "h": 0.17, "S": 0.03487, "elv": "Løsvasselva", "km": 0.5}}, {"type": "Feature", "geometry": {"type": "LineString", "coordinates": [[10.39953, 63.83401], [10.39837, 63.83328]]}, "properties": {"P": 26.4, "tau": 57.89, "tau_c": 136.83, "omega": 72.4, "M": 0.42, "D": 0.02, "R": 0.11, "sving": 0.35, "os": 0.09, "foss": 1.0, "juv": 0.0, "B": 0.52, "Q": 3.54, "w": 16.91, "h": 0.17, "S": 0.03529, "elv": "Løsvasselva", "km": 0.6}}, {"type": "Feature", "geometry": {"type": "LineString", "coordinates": [[10.39837, 63.83328], [10.39693, 63.83264]]}, "properties": {"P": 20.26, "tau": 53.59, "tau_c": 129.47, "omega": 64.83, "M": 0.41, "D": 0.06, "R": 0.1, "sving": 0.22, "os": 0.08, "foss": 0.72, "juv": 0.0, "B": 0.52, "Q": 3.54, "w": 16.94, "h": 0.17, "S": 0.03159, "elv": "Løsvasselva", "km": 0.7}}, {"type": "Feature", "geometry": {"type": "LineString", "coordinates": [[10.39693, 63.83264], [10.39583, 63.83189]]}, "properties": {"P": 16.8, "tau": 48.23, "tau_c": 119.95, "omega": 55.74, "M": 0.4, "D": 0.12, "R": 0.09, "sving": 0.17, "os": 0.06, "foss": 0.51, "juv": 0.0, "B": 0.52, "Q": 3.56, "w": 16.97, "h": 0.18, "S": 0.02712, "elv": "Løsvasselva", "km": 0.8}}, {"type": "Feature", "geometry": {"type": "LineString", "coordinates": [[10.39583, 63.83189], [10.39429, 63.8314]]}, "properties": {"P": 13.78, "tau": 44.78, "tau_c": 113.64, "omega": 50.14, "M": 0.39, "D": 0.16, "R": 0.08, "sving": 0.14, "os": 0.0, "foss": 0.37, "juv": 0.0, "B": 0.52, "Q": 3.57, "w": 16.99, "h": 0.19, "S": 0.02434, "elv": "Løsvasselva", "km": 0.9}}, {"type": "Feature", "geometry": {"type": "LineString", "coordinates": [[10.39429, 63.8314], [10.39252, 63.83096]]}, "properties": {"P": 28.74, "tau": 34.97, "tau_c": 95.16, "omega": 35.17, "M": 0.37, "D": 0.2, "R": 0.06, "sving": 0.43, "os": 0.0, "foss": 1.0, "juv": 0.0, "B": 0.52, "Q": 3.58, "w": 17.03, "h": 0.21, "S": 0.01707, "elv": "Løsvasselva", "km": 1.0}}, {"type": "Feature", "geometry": {"type": "LineString", "coordinates": [[10.39252, 63.83096], [10.39074, 63.83061]]}, "properties": {"P": 21.96, "tau": 29.27, "tau_c": 83.75, "omega": 27.25, "M": 0.35, "D": 0.14, "R": 0.05, "sving": 0.38, "os": 0.0, "foss": 0.72, "juv": 0.0, "B": 0.52, "Q": 3.58, "w": 17.05, "h": 0.23, "S": 0.01322, "elv": "Løsvasselva", "km": 1.1}}, {"type": "Feature", "geometry": {"type": "LineString", "coordinates": [[10.39074, 63.83061], [10.38883, 63.83073]]}, "properties": {"P": 14.61, "tau": 27.86, "tau_c": 80.61, "omega": 25.41, "M": 0.35, "D": 0.07, "R": 0.05, "sving": 0.22, "os": 0.0, "foss": 0.51, "juv": 0.0, "B": 0.52, "Q": 3.61, "w": 17.08, "h": 0.23, "S": 0.01225, "elv": "Løsvasselva", "km": 1.2}}, {"type": "Feature", "geometry": {"type": "LineString", "coordinates": [[10.38883, 63.83073], [10.38707, 63.83104]]}, "properties": {"P": 12.6, "tau": 57.28, "tau_c": 135.18, "omega": 71.41, "M": 0.42, "D": 0.0, "R": 0.11, "sving": 0.24, "os": 0.0, "foss": 0.37, "juv": 0.0, "B": 0.52, "Q": 3.62, "w": 17.1, "h": 0.17, "S": 0.03444, "elv": "Løsvasselva", "km": 1.3}}, {"type": "Feature", "geometry": {"type": "LineString", "coordinates": [[10.38707, 63.83104], [10.38508, 63.8311]]}, "properties": {"P": 3.1, "tau": 52.64, "tau_c": 127.2, "omega": 63.28, "M": 0.41, "D": 0.0, "R": 0.1, "sving": 0.03, "os": 0.0, "foss": 0.0, "juv": 0.0, "B": 0.52, "Q": 3.62, "w": 17.13, "h": 0.18, "S": 0.03049, "elv": "Løsvasselva", "km": 1.4}}, {"type": "Feature", "geometry": {"type": "LineString", "coordinates": [[10.38508, 63.8311], [10.38311, 63.83129]]}, "properties": {"P": 19.51, "tau": 57.26, "tau_c": 135.14, "omega": 71.38, "M": 0.42, "D": 0.0, "R": 0.11, "sving": 0.04, "os": 0.0, "foss": 1.0, "juv": 0.0, "B": 0.52, "Q": 3.62, "w": 17.15, "h": 0.17, "S": 0.03442, "elv": "Løsvasselva", "km": 1.5}}, {"type": "Feature", "geometry": {"type": "LineString", "coordinates": [[10.38311, 63.83129], [10.38113, 63.83148]]}, "properties": {"P": 18.75, "tau": 58.83, "tau_c": 137.67, "omega": 74.23, "M": 0.43, "D": 0.0, "R": 0.11, "sving": 0.21, "os": 0.05, "foss": 0.72, "juv": 0.0, "B": 0.52, "Q": 3.64, "w": 17.16, "h": 0.17, "S": 0.03573, "elv": "Løsvasselva", "km": 1.6}}, {"type": "Feature", "geometry": {"type": "LineString", "coordinates": [[10.38113, 63.83148], [10.3794, 63.83187]]}, "properties": {"P": 25.07, "tau": 60.9, "tau_c": 140.95, "omega": 78.03, "M": 0.43, "D": 0.06, "R": 0.12, "sving": 0.21, "os": 0.08, "foss": 1.0, "juv": 0.0, "B": 0.52, "Q": 3.65, "w": 17.18, "h": 0.17, "S": 0.03744, "elv": "Løsvasselva", "km": 1.7}}, {"type": "Feature", "geometry": {"type": "LineString", "coordinates": [[10.3794, 63.83187], [10.37783, 63.83239]]}, "properties": {"P": 20.58, "tau": 60.9, "tau_c": 140.95, "omega": 78.02, "M": 0.43, "D": 0.15, "R": 0.12, "sving": 0.04, "os": 0.14, "foss": 0.72, "juv": 0.0, "B": 0.52, "Q": 3.65, "w": 17.2, "h": 0.17, "S": 0.03744, "elv": "Løsvasselva", "km": 1.8}}, {"type": "Feature", "geometry": {"type": "LineString", "coordinates": [[10.37783, 63.83239], [10.37602, 63.83211]]}, "properties": {"P": 25.39, "tau": 33.46, "tau_c": 91.75, "omega": 33.07, "M": 0.36, "D": 0.29, "R": 0.06, "sving": 0.37, "os": 0.21, "foss": 0.51, "juv": 0.0, "B": 0.52, "Q": 3.66, "w": 17.21, "h": 0.21, "S": 0.01587, "elv": "Løsvasselva", "km": 1.9}}, {"type": "Feature", "geometry": {"type": "LineString", "coordinates": [[10.37602, 63.83211], [10.37429, 63.8322]]}, "properties": {"P": 28.4, "tau": 29.92, "tau_c": 87.76, "omega": 27.9, "M": 0.34, "D": 0.24, "R": 0.05, "sving": 0.69, "os": 0.31, "foss": 0.37, "juv": 0.0, "B": 0.52, "Q": 3.66, "w": 18.69, "h": 0.21, "S": 0.01452, "elv": "Løsvasselva", "km": 2.0}}, {"type": "Feature", "geometry": {"type": "LineString", "coordinates": [[10.37429, 63.8322], [10.37254, 63.83177]]}, "properties": {"P": 17.96, "tau": 22.87, "tau_c": 74.83, "omega": 18.81, "M": 0.31, "D": 0.15, "R": 0.03, "sving": 0.39, "os": 0.47, "foss": 0.0, "juv": 0.0, "B": 0.52, "Q": 3.66, "w": 20.17, "h": 0.22, "S": 0.01055, "elv": "Løsvasselva", "km": 2.1}}, {"type": "Feature", "geometry": {"type": "LineString", "coordinates": [[10.37254, 63.83177], [10.3718, 63.83094]]}, "properties": {"P": 21.03, "tau": 30.3, "tau_c": 69.31, "omega": 30.65, "M": 0.44, "D": 0.01, "R": 0.12, "sving": 0.45, "os": 0.54, "foss": 0.0, "juv": 0.0, "B": 0.57, "Q": 7.47, "w": 21.66, "h": 0.34, "S": 0.00905, "elv": "Løsvasselva", "km": 2.2}}, {"type": "Feature", "geometry": {"type": "LineString", "coordinates": [[10.3718, 63.83094], [10.37142, 63.83006]]}, "properties": {"P": 13.97, "tau": 28.52, "tau_c": 68.35, "omega": 27.88, "M": 0.42, "D": 0.04, "R": 0.1, "sving": 0.22, "os": 0.36, "foss": 0.0, "juv": 0.0, "B": 0.57, "Q": 7.47, "w": 23.15, "h": 0.33, "S": 0.0088, "elv": "Løsvasselva", "km": 2.3}}, {"type": "Feature", "geometry": {"type": "LineString", "coordinates": [[10.37142, 63.83006], [10.37052, 63.82931]]}, "properties": {"P": 9.51, "tau": 32.11, "tau_c": 76.41, "omega": 32.83, "M": 0.42, "D": 0.07, "R": 0.11, "sving": 0.05, "os": 0.22, "foss": 0.0, "juv": 0.0, "B": 0.57, "Q": 7.49, "w": 24.63, "h": 0.3, "S": 0.01101, "elv": "Løsvasselva", "km": 2.4}}, {"type": "Feature", "geometry": {"type": "LineString", "coordinates": [[10.28887, 63.79229], [10.28744, 63.79167]]}, "properties": {"P": 38.57, "tau": 269.82, "tau_c": 279.16, "omega": 746.34, "M": 0.97, "D": 0.04, "R": 0.76, "sving": 0.69, "os": 0.0, "foss": 1.0, "juv": 0.0, "B": 0.41, "Q": 16.56, "w": 31.98, "h": 0.19, "S": 0.14689, "elv": "Holvasselva", "km": 0.0}}, {"type": "Feature", "geometry": {"type": "LineString", "coordinates": [[10.28744, 63.79167], [10.28618, 63.79107]]}, "properties": {"P": 72.84, "tau": 227.87, "tau_c": 247.35, "omega": 585.97, "M": 0.92, "D": 0.1, "R": 0.72, "sving": 0.04, "os": 0.0, "foss": 1.0, "juv": 0.0, "B": 0.99, "Q": 16.57, "w": 31.98, "h": 0.2, "S": 0.11532, "elv": "Holvasselva", "km": 0.1}}, {"type": "Feature", "geometry": {"type": "LineString", "coordinates": [[10.28618, 63.79107], [10.28641, 63.7902]]}, "properties": {"P": 79.91, "tau": 203.88, "tau_c": 228.36, "omega": 499.75, "M": 0.89, "D": 0.15, "R": 0.69, "sving": 0.26, "os": 0.0, "foss": 1.0, "juv": 0.0, "B": 0.99, "Q": 16.58, "w": 32.0, "h": 0.21, "S": 0.09829, "elv": "Holvasselva", "km": 0.2}}, {"type": "Feature", "geometry": {"type": "LineString", "coordinates": [[10.28641, 63.7902], [10.28508, 63.78971]]}, "properties": {"P": 69.48, "tau": 179.55, "tau_c": 208.47, "omega": 416.62, "M": 0.86, "D": 0.19, "R": 0.65, "sving": 0.21, "os": 0.0, "foss": 0.72, "juv": 0.0, "B": 0.99, "Q": 16.6, "w": 32.02, "h": 0.22, "S": 0.08191, "elv": "Holvasselva", "km": 0.3}}, {"type": "Feature", "geometry": {"type": "LineString", "coordinates": [[10.28508, 63.78971], [10.28315, 63.78965]]}, "properties": {"P": 89.65, "tau": 167.06, "tau_c": 203.14, "omega": 372.91, "M": 0.82, "D": 0.24, "R": 0.61, "sving": 0.59, "os": 0.0, "foss": 1.0, "juv": 0.0, "B": 0.99, "Q": 16.63, "w": 34.02, "h": 0.22, "S": 0.07778, "elv": "Holvasselva", "km": 0.4}}, {"type": "Feature", "geometry": {"type": "LineString", "coordinates": [[10.28315, 63.78965], [10.28122, 63.78941]]}, "properties": {"P": 61.73, "tau": 104.16, "tau_c": 147.26, "omega": 188.67, "M": 0.71, "D": 0.35, "R": 0.46, "sving": 0.07, "os": 0.0, "foss": 0.72, "juv": 0.0, "B": 0.99, "Q": 16.64, "w": 35.36, "h": 0.26, "S": 0.04087, "elv": "Holvasselva", "km": 0.5}}, {"type": "Feature", "geometry": {"type": "LineString", "coordinates": [[10.28122, 63.78941], [10.27921, 63.7893]]}, "properties": {"P": 55.33, "tau": 58.62, "tau_c": 95.92, "omega": 83.19, "M": 0.61, "D": 0.39, "R": 0.33, "sving": 0.23, "os": 0.0, "foss": 0.51, "juv": 0.0, "B": 0.99, "Q": 16.64, "w": 34.03, "h": 0.34, "S": 0.01734, "elv": "Holvasselva", "km": 0.6}}, {"type": "Feature", "geometry": {"type": "LineString", "coordinates": [[10.27921, 63.7893], [10.27743, 63.78887]]}, "properties": {"P": 40.67, "tau": 55.01, "tau_c": 91.63, "omega": 75.96, "M": 0.6, "D": 0.27, "R": 0.31, "sving": 0.07, "os": 0.0, "foss": 0.37, "juv": 0.0, "B": 0.99, "Q": 16.66, "w": 34.05, "h": 0.35, "S": 0.01582, "elv": "Holvasselva", "km": 0.7}}, {"type": "Feature", "geometry": {"type": "LineString", "coordinates": [[10.27743, 63.78887], [10.27588, 63.7883]]}, "properties": {"P": 22.56, "tau": 49.3, "tau_c": 84.7, "omega": 64.91, "M": 0.58, "D": 0.12, "R": 0.29, "sving": 0.1, "os": 0.0, "foss": 0.0, "juv": 0.0, "B": 0.99, "Q": 16.67, "w": 34.07, "h": 0.37, "S": 0.01352, "elv": "Holvasselva", "km": 0.8}}, {"type": "Feature", "geometry": {"type": "LineString", "coordinates": [[10.27588, 63.7883], [10.27409, 63.7879]]}, "properties": {"P": 18.43, "tau": 64.64, "tau_c": 102.72, "omega": 95.76, "M": 0.63, "D": -0.0, "R": 0.35, "sving": 0.02, "os": 0.0, "foss": 0.0, "juv": 0.0, "B": 0.99, "Q": 16.72, "w": 34.07, "h": 0.33, "S": 0.01989, "elv": "Holvasselva", "km": 0.9}}, {"type": "Feature", "geometry": {"type": "LineString", "coordinates": [[10.27409, 63.7879], [10.2722, 63.78757]]}, "properties": {"P": 19.17, "tau": 57.45, "tau_c": 92.71, "omega": 81.26, "M": 0.62, "D": -0.0, "R": 0.34, "sving": 0.06, "os": 0.0, "foss": 0.0, "juv": 0.0, "B": 0.99, "Q": 16.73, "w": 32.72, "h": 0.36, "S": 0.0162, "elv": "Holvasselva", "km": 1.0}}, {"type": "Feature", "geometry": {"type": "LineString", "coordinates": [[10.2722, 63.78757], [10.27039, 63.78717]]}, "properties": {"P": 50.36, "tau": 68.62, "tau_c": 105.27, "omega": 104.85, "M": 0.65, "D": -0.0, "R": 0.38, "sving": 0.0, "os": 0.0, "foss": 1.0, "juv": 0.0, "B": 0.99, "Q": 16.74, "w": 32.72, "h": 0.33, "S": 0.02089, "elv": "Holvasselva", "km": 1.1}}, {"type": "Feature", "geometry": {"type": "LineString", "coordinates": [[10.27039, 63.78717], [10.26864, 63.78671]]}, "properties": {"P": 43.28, "tau": 69.59, "tau_c": 104.35, "omega": 107.55, "M": 0.67, "D": -0.0, "R": 0.4, "sving": 0.02, "os": 0.0, "foss": 0.72, "juv": 0.0, "B": 0.99, "Q": 16.75, "w": 31.36, "h": 0.35, "S": 0.02052, "elv": "Holvasselva", "km": 1.2}}, {"type": "Feature", "geometry": {"type": "LineString", "coordinates": [[10.26864, 63.78671], [10.26683, 63.78632]]}, "properties": {"P": 57.36, "tau": 68.44, "tau_c": 103.13, "omega": 105.01, "M": 0.66, "D": -0.0, "R": 0.4, "sving": 0.2, "os": 0.0, "foss": 1.0, "juv": 0.0, "B": 0.99, "Q": 16.76, "w": 31.39, "h": 0.35, "S": 0.02004, "elv": "Holvasselva", "km": 1.3}}, {"type": "Feature", "geometry": {"type": "LineString", "coordinates": [[10.26683, 63.78632], [10.26499, 63.78594]]}, "properties": {"P": 59.99, "tau": 100.91, "tau_c": 138.81, "omega": 182.21, "M": 0.73, "D": -0.0, "R": 0.48, "sving": 0.36, "os": 0.07, "foss": 0.72, "juv": 0.0, "B": 0.99, "Q": 16.77, "w": 32.78, "h": 0.28, "S": 0.03631, "elv": "Holvasselva", "km": 1.4}}, {"type": "Feature", "geometry": {"type": "LineString", "coordinates": [[10.26499, 63.78594], [10.26311, 63.786]]}, "properties": {"P": 63.47, "tau": 125.15, "tau_c": 161.6, "omega": 248.21, "M": 0.77, "D": -0.0, "R": 0.54, "sving": 0.43, "os": 0.11, "foss": 0.62, "juv": 0.0, "B": 1.0, "Q": 16.85, "w": 32.78, "h": 0.26, "S": 0.04922, "elv": "Holvasselva", "km": 1.5}}, {"type": "Feature", "geometry": {"type": "LineString", "coordinates": [[10.26311, 63.786], [10.26128, 63.78638]]}, "properties": {"P": 68.81, "tau": 123.11, "tau_c": 162.61, "omega": 241.17, "M": 0.76, "D": 0.03, "R": 0.52, "sving": 0.16, "os": 0.17, "foss": 1.0, "juv": 0.0, "B": 1.0, "Q": 16.86, "w": 34.17, "h": 0.25, "S": 0.04984, "elv": "Holvasselva", "km": 1.6}}, {"type": "Feature", "geometry": {"type": "LineString", "coordinates": [[10.26128, 63.78638], [10.25976, 63.78693]]}, "properties": {"P": 72.7, "tau": 109.17, "tau_c": 151.81, "omega": 202.01, "M": 0.72, "D": 0.05, "R": 0.47, "sving": 0.24, "os": 0.27, "foss": 1.0, "juv": 0.0, "B": 1.0, "Q": 16.86, "w": 35.57, "h": 0.26, "S": 0.04344, "elv": "Holvasselva", "km": 1.7}}, {"type": "Feature", "geometry": {"type": "LineString", "coordinates": [[10.25976, 63.78693], [10.2582, 63.78693]]}, "properties": {"P": 69.58, "tau": 106.59, "tau_c": 149.2, "omega": 195.24, "M": 0.71, "D": 0.11, "R": 0.47, "sving": 0.25, "os": 0.37, "foss": 0.72, "juv": 0.0, "B": 1.0, "Q": 16.88, "w": 35.58, "h": 0.26, "S": 0.04196, "elv": "Holvasselva", "km": 1.8}}, {"type": "Feature", "geometry": {"type": "LineString", "coordinates": [[10.2582, 63.78693], [10.25648, 63.78646]]}, "properties": {"P": 77.92, "tau": 104.02, "tau_c": 146.62, "omega": 188.53, "M": 0.71, "D": 0.21, "R": 0.46, "sving": 0.45, "os": 0.53, "foss": 0.51, "juv": 0.0, "B": 1.0, "Q": 16.88, "w": 35.58, "h": 0.26, "S": 0.04052, "elv": "Holvasselva", "km": 1.9}}, {"type": "Feature", "geometry": {"type": "LineString", "coordinates": [[10.25648, 63.78646], [10.25454, 63.78626]]}, "properties": {"P": 80.02, "tau": 67.31, "tau_c": 109.15, "omega": 100.58, "M": 0.62, "D": 0.37, "R": 0.33, "sving": 0.29, "os": 0.87, "foss": 0.39, "juv": 0.0, "B": 1.0, "Q": 16.89, "w": 36.99, "h": 0.31, "S": 0.02245, "elv": "Holvasselva", "km": 2.0}}, {"type": "Feature", "geometry": {"type": "LineString", "coordinates": [[10.25454, 63.78626], [10.25286, 63.78584]]}, "properties": {"P": 60.71, "tau": 18.08, "tau_c": 42.53, "omega": 15.28, "M": 0.43, "D": 0.56, "R": 0.11, "sving": 0.06, "os": 0.7, "foss": 0.29, "juv": 0.0, "B": 1.0, "Q": 16.89, "w": 36.99, "h": 0.54, "S": 0.00341, "elv": "Holvasselva", "km": 2.1}}, {"type": "Feature", "geometry": {"type": "LineString", "coordinates": [[10.25286, 63.78584], [10.2514, 63.78522]]}, "properties": {"P": 40.91, "tau": 15.94, "tau_c": 38.84, "omega": 12.75, "M": 0.41, "D": 0.52, "R": 0.1, "sving": 0.03, "os": 0.44, "foss": 0.0, "juv": 0.0, "B": 1.0, "Q": 16.91, "w": 37.0, "h": 0.57, "S": 0.00284, "elv": "Holvasselva", "km": 2.2}}, {"type": "Feature", "geometry": {"type": "LineString", "coordinates": [[10.2514, 63.78522], [10.24988, 63.78464]]}, "properties": {"P": 41.24, "tau": 11.85, "tau_c": 31.38, "omega": 8.32, "M": 0.38, "D": 0.4, "R": 0.07, "sving": 0.41, "os": 0.28, "foss": 0.0, "juv": 0.0, "B": 1.0, "Q": 16.91, "w": 37.01, "h": 0.65, "S": 0.00186, "elv": "Holvasselva", "km": 2.3}}, {"type": "Feature", "geometry": {"type": "LineString", "coordinates": [[10.24988, 63.78464], [10.24788, 63.78451]]}, "properties": {"P": 42.5, "tau": 9.12, "tau_c": 26.0, "omega": 5.71, "M": 0.35, "D": 0.26, "R": 0.05, "sving": 0.78, "os": 0.17, "foss": 0.0, "juv": 0.0, "B": 1.0, "Q": 16.91, "w": 37.01, "h": 0.73, "S": 0.00127, "elv": "Holvasselva", "km": 2.4}}, {"type": "Feature", "geometry": {"type": "LineString", "coordinates": [[10.24788, 63.78451], [10.24629, 63.78497]]}, "properties": {"P": 41.08, "tau": 10.35, "tau_c": 28.48, "omega": 6.85, "M": 0.36, "D": 0.28, "R": 0.06, "sving": 0.76, "os": 0.11, "foss": 0.0, "juv": 0.0, "B": 1.0, "Q": 16.91, "w": 37.01, "h": 0.69, "S": 0.00153, "elv": "Holvasselva", "km": 2.5}}, {"type": "Feature", "geometry": {"type": "LineString", "coordinates": [[10.41504, 63.8149], [10.41312, 63.81482]]}, "properties": {"P": 1.38, "tau": 21.12, "tau_c": 61.92, "omega": 17.45, "M": 0.34, "D": 0.0, "R": 0.05, "sving": 0.04, "os": 0.0, "foss": 0.0, "juv": 0.0, "B": 0.36, "Q": 4.92, "w": 19.99, "h": 0.3, "S": 0.00723, "elv": "Juvvasselva", "km": 0.0}}, {"type": "Feature", "geometry": {"type": "LineString", "coordinates": [[10.41312, 63.81482], [10.41176, 63.81446]]}, "properties": {"P": 5.55, "tau": 17.34, "tau_c": 53.63, "omega": 13.16, "M": 0.32, "D": 0.0, "R": 0.04, "sving": 0.19, "os": 0.0, "foss": 0.0, "juv": 0.0, "B": 0.7, "Q": 4.95, "w": 20.0, "h": 0.33, "S": 0.00542, "elv": "Juvvasselva", "km": 0.1}}, {"type": "Feature", "geometry": {"type": "LineString", "coordinates": [[10.41176, 63.81446], [10.40996, 63.81444]]}, "properties": {"P": 4.07, "tau": 32.05, "tau_c": 83.34, "omega": 31.77, "M": 0.38, "D": 0.0, "R": 0.08, "sving": 0.06, "os": 0.0, "foss": 0.0, "juv": 0.0, "B": 0.7, "Q": 4.95, "w": 20.02, "h": 0.25, "S": 0.01309, "elv": "Juvvasselva", "km": 0.2}}, {"type": "Feature", "geometry": {"type": "LineString", "coordinates": [[10.40996, 63.81444], [10.40815, 63.81404]]}, "properties": {"P": 5.73, "tau": 29.3, "tau_c": 78.16, "omega": 27.93, "M": 0.37, "D": 0.0, "R": 0.07, "sving": 0.15, "os": 0.0, "foss": 0.0, "juv": 0.0, "B": 0.7, "Q": 4.96, "w": 20.04, "h": 0.26, "S": 0.01151, "elv": "Juvvasselva", "km": 0.3}}, {"type": "Feature", "geometry": {"type": "LineString", "coordinates": [[10.40815, 63.81404], [10.40618, 63.81411]]}, "properties": {"P": 27.07, "tau": 36.53, "tau_c": 91.5, "omega": 38.35, "M": 0.4, "D": 0.0, "R": 0.09, "sving": 0.1, "os": 0.0, "foss": 1.0, "juv": 0.0, "B": 0.7, "Q": 4.97, "w": 20.06, "h": 0.24, "S": 0.01578, "elv": "Juvvasselva", "km": 0.4}}, {"type": "Feature", "geometry": {"type": "LineString", "coordinates": [[10.40618, 63.81411], [10.4043, 63.81399]]}, "properties": {"P": 24.04, "tau": 45.82, "tau_c": 107.65, "omega": 53.06, "M": 0.43, "D": 0.0, "R": 0.11, "sving": 0.21, "os": 0.0, "foss": 0.72, "juv": 0.0, "B": 0.7, "Q": 4.97, "w": 20.07, "h": 0.21, "S": 0.02184, "elv": "Juvvasselva", "km": 0.5}}, {"type": "Feature", "geometry": {"type": "LineString", "coordinates": [[10.4043, 63.81399], [10.40236, 63.81373]]}, "properties": {"P": 28.46, "tau": 47.5, "tau_c": 110.4, "omega": 55.88, "M": 0.43, "D": 0.01, "R": 0.11, "sving": 0.1, "os": 0.0, "foss": 1.0, "juv": 0.0, "B": 0.7, "Q": 4.98, "w": 20.09, "h": 0.21, "S": 0.02297, "elv": "Juvvasselva", "km": 0.6}}, {"type": "Feature", "geometry": {"type": "LineString", "coordinates": [[10.40236, 63.81373], [10.40037, 63.8138]]}, "properties": {"P": 30.68, "tau": 53.19, "tau_c": 119.6, "omega": 65.74, "M": 0.44, "D": 0.01, "R": 0.13, "sving": 0.18, "os": 0.0, "foss": 1.0, "juv": 0.0, "B": 0.7, "Q": 5.0, "w": 20.11, "h": 0.2, "S": 0.02696, "elv": "Juvvasselva", "km": 0.7}}, {"type": "Feature", "geometry": {"type": "LineString", "coordinates": [[10.40037, 63.8138], [10.39847, 63.81411]]}, "properties": {"P": 26.95, "tau": 42.68, "tau_c": 102.15, "omega": 47.95, "M": 0.42, "D": 0.06, "R": 0.1, "sving": 0.27, "os": 0.0, "foss": 0.72, "juv": 0.0, "B": 0.7, "Q": 5.0, "w": 20.13, "h": 0.22, "S": 0.01967, "elv": "Juvvasselva", "km": 0.8}}, {"type": "Feature", "geometry": {"type": "LineString", "coordinates": [[10.39847, 63.81411], [10.39701, 63.81365]]}, "properties": {"P": 19.59, "tau": 46.21, "tau_c": 108.07, "omega": 53.74, "M": 0.43, "D": 0.1, "R": 0.11, "sving": 0.01, "os": 0.06, "foss": 0.51, "juv": 0.0, "B": 0.7, "Q": 5.01, "w": 20.14, "h": 0.21, "S": 0.02201, "elv": "Juvvasselva", "km": 0.9}}, {"type": "Feature", "geometry": {"type": "LineString", "coordinates": [[10.39701, 63.81365], [10.39598, 63.81292]]}, "properties": {"P": 20.52, "tau": 39.9, "tau_c": 97.3, "omega": 43.55, "M": 0.41, "D": 0.18, "R": 0.1, "sving": 0.08, "os": 0.09, "foss": 0.37, "juv": 0.0, "B": 0.7, "Q": 5.01, "w": 20.14, "h": 0.23, "S": 0.01784, "elv": "Juvvasselva", "km": 1.0}}, {"type": "Feature", "geometry": {"type": "LineString", "coordinates": [[10.39598, 63.81292], [10.39398, 63.81297]]}, "properties": {"P": 19.19, "tau": 28.73, "tau_c": 76.87, "omega": 27.18, "M": 0.37, "D": 0.26, "R": 0.07, "sving": 0.32, "os": 0.1, "foss": 0.0, "juv": 0.0, "B": 0.7, "Q": 5.01, "w": 20.15, "h": 0.26, "S": 0.01114, "elv": "Juvvasselva", "km": 1.1}}, {"type": "Feature", "geometry": {"type": "LineString", "coordinates": [[10.39398, 63.81297], [10.39199, 63.81308]]}, "properties": {"P": 27.04, "tau": 23.16, "tau_c": 65.96, "omega": 19.94, "M": 0.35, "D": 0.31, "R": 0.05, "sving": 0.57, "os": 0.17, "foss": 0.0, "juv": 0.0, "B": 0.7, "Q": 5.01, "w": 20.22, "h": 0.29, "S": 0.0082, "elv": "Juvvasselva", "km": 1.2}}, {"type": "Feature", "geometry": {"type": "LineString", "coordinates": [[10.39199, 63.81308], [10.39006, 63.81328]]}, "properties": {"P": 22.96, "tau": 14.53, "tau_c": 47.27, "omega": 10.2, "M": 0.31, "D": 0.36, "R": 0.03, "sving": 0.25, "os": 0.28, "foss": 0.0, "juv": 0.0, "B": 0.7, "Q": 5.01, "w": 20.29, "h": 0.35, "S": 0.00421, "elv": "Juvvasselva", "km": 1.3}}, {"type": "Feature", "geometry": {"type": "LineString", "coordinates": [[10.39006, 63.81328], [10.38829, 63.81371]]}, "properties": {"P": 31.47, "tau": 14.77, "tau_c": 47.27, "omega": 10.49, "M": 0.31, "D": 0.33, "R": 0.03, "sving": 0.5, "os": 0.45, "foss": 0.0, "juv": 0.0, "B": 0.71, "Q": 5.19, "w": 20.43, "h": 0.36, "S": 0.00421, "elv": "Juvvasselva", "km": 1.4}}, {"type": "Feature", "geometry": {"type": "LineString", "coordinates": [[10.38692, 63.81594], [10.38725, 63.81681]]}, "properties": {"P": 13.85, "tau": 26.11, "tau_c": 70.41, "omega": 23.84, "M": 0.37, "D": 0.0, "R": 0.07, "sving": 0.2, "os": 0.32, "foss": 0.0, "juv": 0.0, "B": 0.71, "Q": 5.39, "w": 20.71, "h": 0.28, "S": 0.00934, "elv": "Juvvasselva", "km": 1.8}}, {"type": "Feature", "geometry": {"type": "LineString", "coordinates": [[10.38725, 63.81681], [10.38701, 63.8177]]}, "properties": {"P": 20.61, "tau": 30.27, "tau_c": 78.27, "omega": 29.48, "M": 0.39, "D": 0.0, "R": 0.08, "sving": 0.61, "os": 0.2, "foss": 0.0, "juv": 0.0, "B": 0.71, "Q": 5.39, "w": 20.71, "h": 0.27, "S": 0.01155, "elv": "Juvvasselva", "km": 1.9}}, {"type": "Feature", "geometry": {"type": "LineString", "coordinates": [[10.38701, 63.8177], [10.38587, 63.81839]]}, "properties": {"P": 42.67, "tau": 30.72, "tau_c": 79.12, "omega": 30.12, "M": 0.39, "D": 0.01, "R": 0.08, "sving": 0.68, "os": 0.12, "foss": 1.0, "juv": 0.0, "B": 0.71, "Q": 5.39, "w": 20.71, "h": 0.27, "S": 0.0118, "elv": "Juvvasselva", "km": 2.0}}, {"type": "Feature", "geometry": {"type": "LineString", "coordinates": [[10.38587, 63.81839], [10.38395, 63.81841]]}, "properties": {"P": 36.13, "tau": 30.65, "tau_c": 79.12, "omega": 30.01, "M": 0.39, "D": 0.01, "R": 0.08, "sving": 0.7, "os": 0.08, "foss": 0.72, "juv": 0.0, "B": 0.71, "Q": 5.39, "w": 20.79, "h": 0.26, "S": 0.0118, "elv": "Juvvasselva", "km": 2.1}}, {"type": "Feature", "geometry": {"type": "LineString", "coordinates": [[10.38395, 63.81841], [10.38194, 63.81835]]}, "properties": {"P": 30.61, "tau": 28.18, "tau_c": 74.6, "omega": 26.58, "M": 0.38, "D": 0.08, "R": 0.07, "sving": 0.59, "os": 0.07, "foss": 0.51, "juv": 0.0, "B": 0.71, "Q": 5.39, "w": 20.87, "h": 0.27, "S": 0.01049, "elv": "Juvvasselva", "km": 2.2}}, {"type": "Feature", "geometry": {"type": "LineString", "coordinates": [[10.38194, 63.81835], [10.38018, 63.818]]}, "properties": {"P": 21.14, "tau": 31.41, "tau_c": 79.86, "omega": 31.17, "M": 0.39, "D": 0.14, "R": 0.08, "sving": 0.21, "os": 0.06, "foss": 0.37, "juv": 0.0, "B": 0.71, "Q": 5.58, "w": 21.13, "h": 0.27, "S": 0.01202, "elv": "Juvvasselva", "km": 2.3}}, {"type": "Feature", "geometry": {"type": "LineString", "coordinates": [[10.38018, 63.818], [10.37854, 63.81747]]}, "properties": {"P": 13.67, "tau": 16.78, "tau_c": 51.0, "omega": 12.66, "M": 0.33, "D": 0.26, "R": 0.04, "sving": 0.15, "os": 0.06, "foss": 0.0, "juv": 0.0, "B": 0.71, "Q": 5.59, "w": 21.22, "h": 0.35, "S": 0.0049, "elv": "Juvvasselva", "km": 2.4}}, {"type": "Feature", "geometry": {"type": "LineString", "coordinates": [[10.37854, 63.81747], [10.37704, 63.81791]]}, "properties": {"P": 8.76, "tau": 15.91, "tau_c": 49.07, "omega": 11.73, "M": 0.32, "D": 0.19, "R": 0.04, "sving": 0.02, "os": 0.05, "foss": 0.0, "juv": 0.0, "B": 0.71, "Q": 5.62, "w": 21.31, "h": 0.36, "S": 0.00454, "elv": "Juvvasselva", "km": 2.5}}, {"type": "Feature", "geometry": {"type": "LineString", "coordinates": [[10.37704, 63.81791], [10.37527, 63.81751]]}, "properties": {"P": 5.39, "tau": 15.3, "tau_c": 47.7, "omega": 11.09, "M": 0.32, "D": 0.12, "R": 0.04, "sving": 0.02, "os": 0.0, "foss": 0.0, "juv": 0.0, "B": 0.71, "Q": 5.62, "w": 21.33, "h": 0.36, "S": 0.00429, "elv": "Juvvasselva", "km": 2.6}}, {"type": "Feature", "geometry": {"type": "LineString", "coordinates": [[10.37527, 63.81751], [10.37348, 63.81709]]}, "properties": {"P": 11.98, "tau": 30.55, "tau_c": 78.4, "omega": 29.94, "M": 0.39, "D": 0.0, "R": 0.08, "sving": 0.41, "os": 0.0, "foss": 0.0, "juv": 0.0, "B": 0.71, "Q": 5.62, "w": 21.34, "h": 0.27, "S": 0.01158, "elv": "Juvvasselva", "km": 2.7}}, {"type": "Feature", "geometry": {"type": "LineString", "coordinates": [[10.37348, 63.81709], [10.37193, 63.81653]]}, "properties": {"P": 4.44, "tau": 30.57, "tau_c": 78.4, "omega": 29.96, "M": 0.39, "D": 0.0, "R": 0.08, "sving": 0.07, "os": 0.0, "foss": 0.0, "juv": 0.0, "B": 0.71, "Q": 5.63, "w": 21.35, "h": 0.27, "S": 0.01158, "elv": "Juvvasselva", "km": 2.8}}, {"type": "Feature", "geometry": {"type": "LineString", "coordinates": [[10.37193, 63.81653], [10.37016, 63.81609]]}, "properties": {"P": 25.96, "tau": 32.45, "tau_c": 81.83, "omega": 32.65, "M": 0.4, "D": 0.0, "R": 0.09, "sving": 0.03, "os": 0.0, "foss": 1.0, "juv": 0.0, "B": 0.71, "Q": 5.63, "w": 21.36, "h": 0.26, "S": 0.01262, "elv": "Juvvasselva", "km": 2.9}}, {"type": "Feature", "geometry": {"type": "LineString", "coordinates": [[10.37016, 63.81609], [10.36855, 63.81554]]}, "properties": {"P": 22.52, "tau": 49.01, "tau_c": 109.93, "omega": 58.97, "M": 0.45, "D": 0.0, "R": 0.13, "sving": 0.09, "os": 0.0, "foss": 0.72, "juv": 0.0, "B": 0.71, "Q": 5.64, "w": 21.37, "h": 0.22, "S": 0.02278, "elv": "Juvvasselva", "km": 3.0}}, {"type": "Feature", "geometry": {"type": "LineString", "coordinates": [[10.36855, 63.81554], [10.36685, 63.81505]]}, "properties": {"P": 16.86, "tau": 52.48, "tau_c": 115.46, "omega": 65.06, "M": 0.45, "D": 0.0, "R": 0.14, "sving": 0.02, "os": 0.0, "foss": 0.51, "juv": 0.0, "B": 0.71, "Q": 5.64, "w": 21.38, "h": 0.21, "S": 0.02512, "elv": "Juvvasselva", "km": 3.1}}, {"type": "Feature", "geometry": {"type": "LineString", "coordinates": [[10.36685, 63.81505], [10.36504, 63.81467]]}, "properties": {"P": 30.22, "tau": 61.36, "tau_c": 129.08, "omega": 81.4, "M": 0.48, "D": 0.0, "R": 0.16, "sving": 0.1, "os": 0.0, "foss": 1.0, "juv": 0.0, "B": 0.71, "Q": 5.65, "w": 21.39, "h": 0.2, "S": 0.03141, "elv": "Juvvasselva", "km": 3.2}}, {"type": "Feature", "geometry": {"type": "LineString", "coordinates": [[10.38915, 63.75396], [10.38748, 63.75345]]}, "properties": {"P": 35.63, "tau": 49.54, "tau_c": 143.03, "omega": 54.95, "M": 0.35, "D": 0.0, "R": 0.05, "sving": 0.36, "os": 1.0, "foss": 1.0, "juv": 0.0, "B": 0.47, "Q": 1.72, "w": 11.88, "h": 0.13, "S": 0.03856, "elv": "Nordelva", "km": 0.0}}, {"type": "Feature", "geometry": {"type": "LineString", "coordinates": [[10.38748, 63.75345], [10.38591, 63.75291]]}, "properties": {"P": 22.0, "tau": 53.86, "tau_c": 150.67, "omega": 62.09, "M": 0.36, "D": 0.02, "R": 0.06, "sving": 0.06, "os": 0.61, "foss": 0.72, "juv": 0.0, "B": 0.47, "Q": 1.76, "w": 11.91, "h": 0.13, "S": 0.04279, "elv": "Nordelva", "km": 0.1}}, {"type": "Feature", "geometry": {"type": "LineString", "coordinates": [[10.38591, 63.75291], [10.38497, 63.75211]]}, "properties": {"P": 25.54, "tau": 48.79, "tau_c": 140.31, "omega": 53.9, "M": 0.35, "D": 0.06, "R": 0.05, "sving": 0.21, "os": 0.37, "foss": 1.0, "juv": 0.0, "B": 0.47, "Q": 1.77, "w": 11.95, "h": 0.13, "S": 0.0371, "elv": "Nordelva", "km": 0.2}}, {"type": "Feature", "geometry": {"type": "LineString", "coordinates": [[10.38497, 63.75211], [10.38353, 63.75154]]}, "properties": {"P": 22.77, "tau": 42.97, "tau_c": 128.08, "omega": 44.92, "M": 0.34, "D": 0.07, "R": 0.04, "sving": 0.16, "os": 0.23, "foss": 1.0, "juv": 0.0, "B": 0.47, "Q": 1.78, "w": 11.99, "h": 0.14, "S": 0.03092, "elv": "Nordelva", "km": 0.3}}, {"type": "Feature", "geometry": {"type": "LineString", "coordinates": [[10.38353, 63.75154], [10.38275, 63.75074]]}, "properties": {"P": 18.86, "tau": 41.38, "tau_c": 124.68, "omega": 42.57, "M": 0.33, "D": 0.07, "R": 0.04, "sving": 0.27, "os": 0.14, "foss": 0.72, "juv": 0.0, "B": 0.47, "Q": 1.78, "w": 12.02, "h": 0.14, "S": 0.0293, "elv": "Nordelva", "km": 0.4}}, {"type": "Feature", "geometry": {"type": "LineString", "coordinates": [[10.38275, 63.75074], [10.38185, 63.74999]]}, "properties": {"P": 14.54, "tau": 45.65, "tau_c": 133.65, "omega": 49.01, "M": 0.34, "D": 0.05, "R": 0.05, "sving": 0.24, "os": 0.09, "foss": 0.51, "juv": 0.0, "B": 0.47, "Q": 1.79, "w": 12.05, "h": 0.14, "S": 0.03367, "elv": "Nordelva", "km": 0.5}}, {"type": "Feature", "geometry": {"type": "LineString", "coordinates": [[10.38185, 63.74999], [10.38002, 63.74967]]}, "properties": {"P": 18.29, "tau": 37.81, "tau_c": 116.31, "omega": 37.44, "M": 0.33, "D": 0.08, "R": 0.04, "sving": 0.03, "os": 0.06, "foss": 1.0, "juv": 0.0, "B": 0.47, "Q": 1.81, "w": 12.08, "h": 0.15, "S": 0.0255, "elv": "Nordelva", "km": 0.6}}, {"type": "Feature", "geometry": {"type": "LineString", "coordinates": [[10.38002, 63.74967], [10.37961, 63.74881]]}, "properties": {"P": 17.65, "tau": 34.71, "tau_c": 109.51, "omega": 33.12, "M": 0.32, "D": 0.06, "R": 0.03, "sving": 0.07, "os": 0.0, "foss": 1.0, "juv": 0.0, "B": 0.47, "Q": 1.81, "w": 12.11, "h": 0.16, "S": 0.02261, "elv": "Nordelva", "km": 0.7}}, {"type": "Feature", "geometry": {"type": "LineString", "coordinates": [[10.37961, 63.74881], [10.37896, 63.74798]]}, "properties": {"P": 13.93, "tau": 37.5, "tau_c": 115.59, "omega": 37.02, "M": 0.32, "D": 0.03, "R": 0.04, "sving": 0.13, "os": 0.0, "foss": 0.72, "juv": 0.0, "B": 0.47, "Q": 1.82, "w": 12.14, "h": 0.15, "S": 0.02518, "elv": "Nordelva", "km": 0.8}}, {"type": "Feature", "geometry": {"type": "LineString", "coordinates": [[10.37896, 63.74798], [10.37769, 63.74729]]}, "properties": {"P": 18.91, "tau": 43.94, "tau_c": 129.45, "omega": 46.48, "M": 0.34, "D": 0.0, "R": 0.05, "sving": 0.21, "os": 0.0, "foss": 1.0, "juv": 0.0, "B": 0.47, "Q": 1.82, "w": 12.16, "h": 0.14, "S": 0.03159, "elv": "Nordelva", "km": 0.9}}, {"type": "Feature", "geometry": {"type": "LineString", "coordinates": [[10.37769, 63.74729], [10.37618, 63.7467]]}, "properties": {"P": 12.59, "tau": 41.71, "tau_c": 124.5, "omega": 43.15, "M": 0.34, "D": 0.0, "R": 0.04, "sving": 0.07, "os": 0.0, "foss": 0.72, "juv": 0.0, "B": 0.47, "Q": 1.84, "w": 12.19, "h": 0.15, "S": 0.02922, "elv": "Nordelva", "km": 1.0}}, {"type": "Feature", "geometry": {"type": "LineString", "coordinates": [[10.37618, 63.7467], [10.37479, 63.74608]]}, "properties": {"P": 16.54, "tau": 39.67, "tau_c": 119.96, "omega": 40.18, "M": 0.33, "D": 0.01, "R": 0.04, "sving": 0.04, "os": 0.0, "foss": 1.0, "juv": 0.0, "B": 0.47, "Q": 1.84, "w": 12.21, "h": 0.15, "S": 0.02712, "elv": "Nordelva", "km": 1.1}}, {"type": "Feature", "geometry": {"type": "LineString", "coordinates": [[10.37479, 63.74608], [10.3738, 63.74531]]}, "properties": {"P": 17.86, "tau": 44.4, "tau_c": 129.98, "omega": 47.23, "M": 0.34, "D": 0.01, "R": 0.05, "sving": 0.12, "os": 0.0, "foss": 1.0, "juv": 0.0, "B": 0.48, "Q": 1.85, "w": 12.24, "h": 0.14, "S": 0.03185, "elv": "Nordelva", "km": 1.2}}, {"type": "Feature", "geometry": {"type": "LineString", "coordinates": [[10.3738, 63.74531], [10.37238, 63.74468]]}, "properties": {"P": 13.4, "tau": 38.04, "tau_c": 116.3, "omega": 37.84, "M": 0.33, "D": 0.03, "R": 0.04, "sving": 0.09, "os": 0.0, "foss": 0.72, "juv": 0.0, "B": 0.48, "Q": 1.85, "w": 12.25, "h": 0.15, "S": 0.02549, "elv": "Nordelva", "km": 1.3}}, {"type": "Feature", "geometry": {"type": "LineString", "coordinates": [[10.37238, 63.74468], [10.37135, 63.74391]]}, "properties": {"P": 10.63, "tau": 41.94, "tau_c": 125.03, "omega": 43.49, "M": 0.34, "D": 0.02, "R": 0.04, "sving": 0.11, "os": 0.0, "foss": 0.51, "juv": 0.0, "B": 0.48, "Q": 1.86, "w": 12.35, "h": 0.15, "S": 0.02947, "elv": "Nordelva", "km": 1.4}}, {"type": "Feature", "geometry": {"type": "LineString", "coordinates": [[10.37135, 63.74391], [10.37031, 63.74315]]}, "properties": {"P": 8.12, "tau": 39.95, "tau_c": 121.09, "omega": 40.54, "M": 0.33, "D": 0.02, "R": 0.04, "sving": 0.09, "os": 0.0, "foss": 0.37, "juv": 0.0, "B": 0.48, "Q": 1.86, "w": 12.45, "h": 0.15, "S": 0.02764, "elv": "Nordelva", "km": 1.5}}, {"type": "Feature", "geometry": {"type": "LineString", "coordinates": [[10.37031, 63.74315], [10.36884, 63.74254]]}, "properties": {"P": 17.35, "tau": 39.88, "tau_c": 117.92, "omega": 40.76, "M": 0.34, "D": 0.01, "R": 0.05, "sving": 0.07, "os": 0.0, "foss": 1.0, "juv": 0.0, "B": 0.48, "Q": 1.99, "w": 12.56, "h": 0.16, "S": 0.02621, "elv": "Nordelva", "km": 1.6}}, {"type": "Feature", "geometry": {"type": "LineString", "coordinates": [[10.36884, 63.74254], [10.3678, 63.74178]]}, "properties": {"P": 15.36, "tau": 41.42, "tau_c": 121.33, "omega": 43.02, "M": 0.34, "D": 0.01, "R": 0.05, "sving": 0.22, "os": 0.0, "foss": 0.72, "juv": 0.0, "B": 0.48, "Q": 2.0, "w": 12.67, "h": 0.15, "S": 0.02775, "elv": "Nordelva", "km": 1.7}}, {"type": "Feature", "geometry": {"type": "LineString", "coordinates": [[10.3678, 63.74178], [10.36714, 63.74093]]}, "properties": {"P": 13.88, "tau": 36.41, "tau_c": 110.53, "omega": 35.76, "M": 0.33, "D": 0.02, "R": 0.04, "sving": 0.32, "os": 0.0, "foss": 0.51, "juv": 0.0, "B": 0.48, "Q": 2.02, "w": 12.79, "h": 0.16, "S": 0.02302, "elv": "Nordelva", "km": 1.8}}, {"type": "Feature", "geometry": {"type": "LineString", "coordinates": [[10.36714, 63.74093], [10.36723, 63.74005]]}, "properties": {"P": 9.13, "tau": 43.72, "tau_c": 125.81, "omega": 46.52, "M": 0.35, "D": 0.01, "R": 0.05, "sving": 0.08, "os": 0.07, "foss": 0.37, "juv": 0.0, "B": 0.48, "Q": 2.04, "w": 12.82, "h": 0.15, "S": 0.02983, "elv": "Nordelva", "km": 1.9}}, {"type": "Feature", "geometry": {"type": "LineString", "coordinates": [[10.36723, 63.74005], [10.36731, 63.73916]]}, "properties": {"P": 4.23, "tau": 38.95, "tau_c": 116.19, "omega": 39.39, "M": 0.34, "D": 0.04, "R": 0.04, "sving": 0.05, "os": 0.11, "foss": 0.0, "juv": 0.0, "B": 0.48, "Q": 2.04, "w": 12.91, "h": 0.16, "S": 0.02545, "elv": "Nordelva", "km": 2.0}}, {"type": "Feature", "geometry": {"type": "LineString", "coordinates": [[10.36731, 63.73916], [10.36665, 63.73832]]}, "properties": {"P": 21.0, "tau": 37.33, "tau_c": 113.0, "omega": 37.03, "M": 0.33, "D": 0.04, "R": 0.04, "sving": 0.11, "os": 0.18, "foss": 1.0, "juv": 0.0, "B": 0.48, "Q": 2.04, "w": 12.99, "h": 0.16, "S": 0.02407, "elv": "Nordelva", "km": 2.1}}, {"type": "Feature", "geometry": {"type": "LineString", "coordinates": [[10.36665, 63.73832], [10.36573, 63.73752]]}, "properties": {"P": 20.09, "tau": 36.69, "tau_c": 109.3, "omega": 36.35, "M": 0.34, "D": 0.04, "R": 0.04, "sving": 0.2, "os": 0.29, "foss": 0.72, "juv": 0.0, "B": 0.48, "Q": 2.15, "w": 13.07, "h": 0.17, "S": 0.02252, "elv": "Nordelva", "km": 2.2}}, {"type": "Feature", "geometry": {"type": "LineString", "coordinates": [[10.36573, 63.73752], [10.36524, 63.73666]]}, "properties": {"P": 16.34, "tau": 35.15, "tau_c": 106.17, "omega": 34.18, "M": 0.33, "D": 0.02, "R": 0.04, "sving": 0.01, "os": 0.48, "foss": 0.51, "juv": 0.0, "B": 0.48, "Q": 2.16, "w": 13.15, "h": 0.17, "S": 0.02125, "elv": "Nordelva", "km": 2.3}}, {"type": "Feature", "geometry": {"type": "LineString", "coordinates": [[10.36524, 63.73666], [10.36428, 63.73588]]}, "properties": {"P": 18.95, "tau": 39.37, "tau_c": 115.38, "omega": 40.19, "M": 0.34, "D": 0.01, "R": 0.05, "sving": 0.03, "os": 0.78, "foss": 0.37, "juv": 0.0, "B": 0.49, "Q": 2.16, "w": 13.23, "h": 0.16, "S": 0.02509, "elv": "Nordelva", "km": 2.4}}, {"type": "Feature", "geometry": {"type": "LineString", "coordinates": [[10.36428, 63.73588], [10.36366, 63.73503]]}, "properties": {"P": 14.05, "tau": 36.51, "tau_c": 109.21, "omega": 36.07, "M": 0.33, "D": 0.04, "R": 0.04, "sving": 0.03, "os": 0.78, "foss": 0.0, "juv": 0.0, "B": 0.49, "Q": 2.17, "w": 13.25, "h": 0.17, "S": 0.02248, "elv": "Nordelva", "km": 2.5}}, {"type": "Feature", "geometry": {"type": "LineString", "coordinates": [[10.36366, 63.73503], [10.36286, 63.7342]]}, "properties": {"P": 10.59, "tau": 32.84, "tau_c": 101.13, "omega": 31.0, "M": 0.32, "D": 0.06, "R": 0.04, "sving": 0.09, "os": 0.48, "foss": 0.0, "juv": 0.0, "B": 0.49, "Q": 2.17, "w": 13.26, "h": 0.17, "S": 0.01928, "elv": "Nordelva", "km": 2.6}}, {"type": "Feature", "geometry": {"type": "LineString", "coordinates": [[10.36286, 63.7342], [10.36254, 63.73333]]}, "properties": {"P": 8.14, "tau": 33.05, "tau_c": 101.61, "omega": 31.28, "M": 0.33, "D": 0.07, "R": 0.04, "sving": 0.1, "os": 0.29, "foss": 0.0, "juv": 0.0, "B": 0.49, "Q": 2.18, "w": 13.28, "h": 0.17, "S": 0.01946, "elv": "Nordelva", "km": 2.7}}, {"type": "Feature", "geometry": {"type": "LineString", "coordinates": [[10.36254, 63.73333], [10.36202, 63.73246]]}, "properties": {"P": 7.42, "tau": 32.58, "tau_c": 100.48, "omega": 30.65, "M": 0.32, "D": 0.09, "R": 0.04, "sving": 0.13, "os": 0.18, "foss": 0.0, "juv": 0.0, "B": 0.49, "Q": 2.18, "w": 13.29, "h": 0.17, "S": 0.01903, "elv": "Nordelva", "km": 2.8}}, {"type": "Feature", "geometry": {"type": "LineString", "coordinates": [[10.36202, 63.73246], [10.36093, 63.73171]]}, "properties": {"P": 11.4, "tau": 28.07, "tau_c": 90.29, "omega": 24.75, "M": 0.31, "D": 0.14, "R": 0.03, "sving": 0.4, "os": 0.11, "foss": 0.0, "juv": 0.0, "B": 0.49, "Q": 2.18, "w": 13.3, "h": 0.19, "S": 0.01537, "elv": "Nordelva", "km": 2.9}}, {"type": "Feature", "geometry": {"type": "LineString", "coordinates": [[10.35769, 63.73079], [10.35596, 63.73032]]}, "properties": {"P": 6.73, "tau": 28.73, "tau_c": 91.66, "omega": 25.61, "M": 0.31, "D": 0.0, "R": 0.03, "sving": 0.21, "os": 0.18, "foss": 0.0, "juv": 0.0, "B": 0.49, "Q": 2.2, "w": 13.34, "h": 0.18, "S": 0.01584, "elv": "Nordelva", "km": 3.2}}, {"type": "Feature", "geometry": {"type": "LineString", "coordinates": [[10.35596, 63.73032], [10.35427, 63.72984]]}, "properties": {"P": 5.26, "tau": 27.23, "tau_c": 88.19, "omega": 23.71, "M": 0.31, "D": 0.0, "R": 0.03, "sving": 0.02, "os": 0.28, "foss": 0.0, "juv": 0.0, "B": 0.49, "Q": 2.2, "w": 13.36, "h": 0.19, "S": 0.01466, "elv": "Nordelva", "km": 3.3}}, {"type": "Feature", "geometry": {"type": "LineString", "coordinates": [[10.35427, 63.72984], [10.35234, 63.72962]]}, "properties": {"P": 21.91, "tau": 27.66, "tau_c": 89.61, "omega": 24.22, "M": 0.31, "D": 0.0, "R": 0.03, "sving": 0.02, "os": 0.38, "foss": 1.0, "juv": 0.0, "B": 0.49, "Q": 2.21, "w": 13.52, "h": 0.19, "S": 0.01514, "elv": "Nordelva", "km": 3.4}}, {"type": "Feature", "geometry": {"type": "LineString", "coordinates": [[10.35234, 63.72962], [10.35042, 63.72938]]}, "properties": {"P": 24.29, "tau": 32.06, "tau_c": 100.1, "omega": 29.9, "M": 0.32, "D": 0.0, "R": 0.04, "sving": 0.32, "os": 0.51, "foss": 0.72, "juv": 0.0, "B": 0.49, "Q": 2.21, "w": 13.7, "h": 0.17, "S": 0.01889, "elv": "Nordelva", "km": 3.5}}, {"type": "Feature", "geometry": {"type": "LineString", "coordinates": [[10.35042, 63.72938], [10.34865, 63.72896]]}, "properties": {"P": 17.67, "tau": 35.6, "tau_c": 103.46, "omega": 35.21, "M": 0.34, "D": 0.0, "R": 0.05, "sving": 0.06, "os": 0.51, "foss": 0.51, "juv": 0.0, "B": 0.49, "Q": 2.47, "w": 13.89, "h": 0.18, "S": 0.02018, "elv": "Nordelva", "km": 3.6}}, {"type": "Feature", "geometry": {"type": "LineString", "coordinates": [[10.34865, 63.72896], [10.34676, 63.72921]]}, "properties": {"P": 16.95, "tau": 34.16, "tau_c": 100.57, "omega": 33.17, "M": 0.34, "D": 0.03, "R": 0.05, "sving": 0.12, "os": 0.51, "foss": 0.37, "juv": 0.0, "B": 0.49, "Q": 2.5, "w": 14.09, "h": 0.18, "S": 0.01906, "elv": "Nordelva", "km": 3.7}}, {"type": "Feature", "geometry": {"type": "LineString", "coordinates": [[10.34676, 63.72921], [10.34485, 63.72912]]}, "properties": {"P": 14.87, "tau": 32.47, "tau_c": 96.94, "omega": 30.86, "M": 0.33, "D": 0.03, "R": 0.04, "sving": 0.03, "os": 0.82, "foss": 0.0, "juv": 0.0, "B": 0.5, "Q": 2.54, "w": 14.3, "h": 0.19, "S": 0.01771, "elv": "Nordelva", "km": 3.8}}, {"type": "Feature", "geometry": {"type": "LineString", "coordinates": [[10.34485, 63.72912], [10.34317, 63.72862]]}, "properties": {"P": 19.84, "tau": 29.53, "tau_c": 90.71, "omega": 26.92, "M": 0.33, "D": 0.03, "R": 0.04, "sving": 0.45, "os": 0.74, "foss": 0.0, "juv": 0.0, "B": 0.5, "Q": 2.54, "w": 14.36, "h": 0.19, "S": 0.01551, "elv": "Nordelva", "km": 3.9}}, {"type": "Feature", "geometry": {"type": "LineString", "coordinates": [[10.34317, 63.72862], [10.3414, 63.72829]]}, "properties": {"P": 32.67, "tau": 33.11, "tau_c": 98.12, "omega": 31.76, "M": 0.34, "D": 0.01, "R": 0.05, "sving": 0.17, "os": 0.88, "foss": 1.0, "juv": 0.0, "B": 0.5, "Q": 2.57, "w": 14.42, "h": 0.19, "S": 0.01815, "elv": "Nordelva", "km": 4.0}}, {"type": "Feature", "geometry": {"type": "LineString", "coordinates": [[10.3414, 63.72829], [10.34024, 63.72762]]}, "properties": {"P": 22.65, "tau": 33.05, "tau_c": 97.92, "omega": 31.69, "M": 0.34, "D": 0.0, "R": 0.05, "sving": 0.14, "os": 0.55, "foss": 0.72, "juv": 0.0, "B": 0.5, "Q": 2.59, "w": 14.46, "h": 0.19, "S": 0.01807, "elv": "Nordelva", "km": 4.1}}, {"type": "Feature", "geometry": {"type": "LineString", "coordinates": [[10.34024, 63.72762], [10.33854, 63.72716]]}, "properties": {"P": 24.76, "tau": 31.41, "tau_c": 94.36, "omega": 29.46, "M": 0.33, "D": 0.0, "R": 0.04, "sving": 0.18, "os": 0.35, "foss": 1.0, "juv": 0.0, "B": 0.5, "Q": 2.6, "w": 14.51, "h": 0.19, "S": 0.01678, "elv": "Nordelva", "km": 4.2}}, {"type": "Feature", "geometry": {"type": "LineString", "coordinates": [[10.33854, 63.72716], [10.33738, 63.72643]]}, "properties": {"P": 17.14, "tau": 36.72, "tau_c": 105.29, "omega": 36.88, "M": 0.35, "D": 0.0, "R": 0.05, "sving": 0.09, "os": 0.22, "foss": 0.72, "juv": 0.0, "B": 0.5, "Q": 2.62, "w": 14.55, "h": 0.18, "S": 0.0209, "elv": "Nordelva", "km": 4.3}}, {"type": "Feature", "geometry": {"type": "LineString", "coordinates": [[10.33738, 63.72643], [10.33614, 63.72574]]}, "properties": {"P": 18.7, "tau": 32.38, "tau_c": 96.16, "omega": 30.8, "M": 0.34, "D": 0.04, "R": 0.05, "sving": 0.44, "os": 0.13, "foss": 0.51, "juv": 0.0, "B": 0.5, "Q": 2.63, "w": 14.59, "h": 0.19, "S": 0.01743, "elv": "Nordelva", "km": 4.4}}, {"type": "Feature", "geometry": {"type": "LineString", "coordinates": [[10.33614, 63.72574], [10.33474, 63.72525]]}, "properties": {"P": 10.03, "tau": 35.24, "tau_c": 102.1, "omega": 34.79, "M": 0.35, "D": 0.09, "R": 0.05, "sving": 0.0, "os": 0.08, "foss": 0.37, "juv": 0.0, "B": 0.5, "Q": 2.64, "w": 14.62, "h": 0.18, "S": 0.01965, "elv": "Nordelva", "km": 4.5}}, {"type": "Feature", "geometry": {"type": "LineString", "coordinates": [[10.33474, 63.72525], [10.33502, 63.72437]]}, "properties": {"P": 7.14, "tau": 27.67, "tau_c": 86.01, "omega": 24.57, "M": 0.32, "D": 0.09, "R": 0.04, "sving": 0.23, "os": 0.05, "foss": 0.0, "juv": 0.0, "B": 0.5, "Q": 2.66, "w": 14.79, "h": 0.2, "S": 0.01394, "elv": "Nordelva", "km": 4.6}}, {"type": "Feature", "geometry": {"type": "LineString", "coordinates": [[10.33502, 63.72437], [10.33388, 63.72366]]}, "properties": {"P": 2.91, "tau": 22.72, "tau_c": 75.02, "omega": 18.5, "M": 0.3, "D": 0.05, "R": 0.03, "sving": 0.08, "os": 0.0, "foss": 0.0, "juv": 0.0, "B": 0.5, "Q": 2.66, "w": 14.95, "h": 0.22, "S": 0.01061, "elv": "Nordelva", "km": 4.7}}, {"type": "Feature", "geometry": {"type": "LineString", "coordinates": [[10.33388, 63.72366], [10.33379, 63.72286]]}, "properties": {"P": 13.68, "tau": 34.94, "tau_c": 98.46, "omega": 34.69, "M": 0.35, "D": 0.0, "R": 0.06, "sving": 0.47, "os": 0.0, "foss": 0.31, "juv": 0.0, "B": 0.5, "Q": 2.92, "w": 15.1, "h": 0.19, "S": 0.01827, "elv": "Nordelva", "km": 4.8}}, {"type": "Feature", "geometry": {"type": "LineString", "coordinates": [[10.33379, 63.72286], [10.3326, 63.72222]]}, "properties": {"P": 7.31, "tau": 28.41, "tau_c": 85.25, "omega": 25.75, "M": 0.33, "D": 0.0, "R": 0.04, "sving": 0.01, "os": 0.0, "foss": 0.39, "juv": 0.0, "B": 0.5, "Q": 2.92, "w": 15.26, "h": 0.21, "S": 0.0137, "elv": "Nordelva", "km": 4.9}}, {"type": "Feature", "geometry": {"type": "LineString", "coordinates": [[10.3326, 63.72222], [10.33098, 63.72187]]}, "properties": {"P": 29.35, "tau": 52.91, "tau_c": 133.58, "omega": 62.78, "M": 0.4, "D": 0.0, "R": 0.09, "sving": 0.74, "os": 0.0, "foss": 1.0, "juv": 0.0, "B": 0.5, "Q": 2.93, "w": 15.41, "h": 0.16, "S": 0.03363, "elv": "Nordelva", "km": 5.0}}, {"type": "Feature", "geometry": {"type": "LineString", "coordinates": [[10.33098, 63.72187], [10.32979, 63.72118]]}, "properties": {"P": 19.43, "tau": 52.81, "tau_c": 133.34, "omega": 62.62, "M": 0.4, "D": 0.0, "R": 0.09, "sving": 0.39, "os": 0.0, "foss": 0.72, "juv": 0.0, "B": 0.5, "Q": 2.94, "w": 15.44, "h": 0.16, "S": 0.03351, "elv": "Nordelva", "km": 5.1}}, {"type": "Feature", "geometry": {"type": "LineString", "coordinates": [[10.32979, 63.72118], [10.32815, 63.72153]]}, "properties": {"P": 22.84, "tau": 55.72, "tau_c": 138.64, "omega": 67.61, "M": 0.4, "D": 0.0, "R": 0.09, "sving": 0.26, "os": 0.05, "foss": 1.0, "juv": 0.0, "B": 0.51, "Q": 2.94, "w": 15.46, "h": 0.16, "S": 0.03623, "elv": "Nordelva", "km": 5.2}}, {"type": "Feature", "geometry": {"type": "LineString", "coordinates": [[10.32815, 63.72153], [10.32637, 63.72165]]}, "properties": {"P": 16.94, "tau": 55.65, "tau_c": 137.99, "omega": 67.57, "M": 0.4, "D": 0.0, "R": 0.09, "sving": 0.06, "os": 0.06, "foss": 0.82, "juv": 0.0, "B": 0.51, "Q": 2.97, "w": 15.49, "h": 0.16, "S": 0.03589, "elv": "Nordelva", "km": 5.3}}, {"type": "Feature", "geometry": {"type": "LineString", "coordinates": [[10.32637, 63.72165], [10.32554, 63.72084]]}, "properties": {"P": 17.83, "tau": 52.96, "tau_c": 133.28, "omega": 62.92, "M": 0.4, "D": 0.07, "R": 0.09, "sving": 0.22, "os": 0.07, "foss": 0.61, "juv": 0.0, "B": 0.51, "Q": 2.97, "w": 15.52, "h": 0.16, "S": 0.03348, "elv": "Nordelva", "km": 5.4}}, {"type": "Feature", "geometry": {"type": "LineString", "coordinates": [[10.32554, 63.72084], [10.32457, 63.72006]]}, "properties": {"P": 21.14, "tau": 56.29, "tau_c": 139.1, "omega": 68.7, "M": 0.4, "D": 0.15, "R": 0.09, "sving": 0.34, "os": 0.12, "foss": 0.53, "juv": 0.0, "B": 0.51, "Q": 2.99, "w": 15.55, "h": 0.16, "S": 0.03647, "elv": "Nordelva", "km": 5.5}}, {"type": "Feature", "geometry": {"type": "LineString", "coordinates": [[10.32457, 63.72006], [10.32269, 63.71995]]}, "properties": {"P": 26.93, "tau": 27.5, "tau_c": 83.24, "omega": 24.59, "M": 0.33, "D": 0.26, "R": 0.04, "sving": 0.1, "os": 0.2, "foss": 1.0, "juv": 0.0, "B": 0.51, "Q": 2.99, "w": 15.59, "h": 0.21, "S": 0.01306, "elv": "Nordelva", "km": 5.6}}, {"type": "Feature", "geometry": {"type": "LineString", "coordinates": [[10.32269, 63.71995], [10.32152, 63.71947]]}, "properties": {"P": 21.04, "tau": 27.47, "tau_c": 83.11, "omega": 24.55, "M": 0.33, "D": 0.19, "R": 0.04, "sving": 0.04, "os": 0.27, "foss": 0.72, "juv": 0.0, "B": 0.51, "Q": 3.0, "w": 15.62, "h": 0.22, "S": 0.01302, "elv": "Nordelva", "km": 5.7}}, {"type": "Feature", "geometry": {"type": "LineString", "coordinates": [[10.32152, 63.71947], [10.32124, 63.7186]]}, "properties": {"P": 20.84, "tau": 32.07, "tau_c": 93.15, "omega": 30.65, "M": 0.34, "D": 0.11, "R": 0.05, "sving": 0.21, "os": 0.38, "foss": 0.51, "juv": 0.0, "B": 0.51, "Q": 3.04, "w": 15.92, "h": 0.2, "S": 0.01636, "elv": "Nordelva", "km": 5.8}}, {"type": "Feature", "geometry": {"type": "LineString", "coordinates": [[10.32124, 63.7186], [10.32046, 63.71778]]}, "properties": {"P": 18.28, "tau": 31.73, "tau_c": 93.15, "omega": 30.12, "M": 0.34, "D": 0.04, "R": 0.05, "sving": 0.05, "os": 0.62, "foss": 0.37, "juv": 0.0, "B": 0.51, "Q": 3.05, "w": 16.23, "h": 0.2, "S": 0.01636, "elv": "Nordelva", "km": 5.9}}, {"type": "Feature", "geometry": {"type": "LineString", "coordinates": [[10.32046, 63.71778], [10.31892, 63.71722]]}, "properties": {"P": 39.07, "tau": 29.53, "tau_c": 83.09, "omega": 27.7, "M": 0.36, "D": 0.04, "R": 0.06, "sving": 0.31, "os": 0.99, "foss": 1.0, "juv": 0.0, "B": 0.52, "Q": 3.59, "w": 16.53, "h": 0.23, "S": 0.01301, "elv": "Nordelva", "km": 6.0}}, {"type": "Feature", "geometry": {"type": "LineString", "coordinates": [[10.31892, 63.71722], [10.31727, 63.71672]]}, "properties": {"P": 24.41, "tau": 24.42, "tau_c": 72.94, "omega": 21.06, "M": 0.33, "D": 0.04, "R": 0.04, "sving": 0.08, "os": 0.6, "foss": 0.72, "juv": 0.0, "B": 0.52, "Q": 3.6, "w": 16.82, "h": 0.25, "S": 0.01003, "elv": "Nordelva", "km": 6.1}}, {"type": "Feature", "geometry": {"type": "LineString", "coordinates": [[10.31727, 63.71672], [10.31565, 63.71623]]}, "properties": {"P": 16.34, "tau": 34.37, "tau_c": 93.69, "omega": 34.34, "M": 0.37, "D": 0.0, "R": 0.06, "sving": 0.03, "os": 0.37, "foss": 0.51, "juv": 0.0, "B": 0.52, "Q": 3.62, "w": 17.11, "h": 0.21, "S": 0.01655, "elv": "Nordelva", "km": 6.2}}, {"type": "Feature", "geometry": {"type": "LineString", "coordinates": [[10.31565, 63.71623], [10.31447, 63.7155]]}, "properties": {"P": 12.95, "tau": 35.68, "tau_c": 96.21, "omega": 36.23, "M": 0.37, "D": 0.02, "R": 0.07, "sving": 0.08, "os": 0.23, "foss": 0.37, "juv": 0.0, "B": 0.52, "Q": 3.63, "w": 17.14, "h": 0.21, "S": 0.01745, "elv": "Nordelva", "km": 6.3}}, {"type": "Feature", "geometry": {"type": "LineString", "coordinates": [[10.31447, 63.7155], [10.31303, 63.71487]]}, "properties": {"P": 22.5, "tau": 29.29, "tau_c": 83.47, "omega": 27.3, "M": 0.35, "D": 0.04, "R": 0.05, "sving": 0.12, "os": 0.14, "foss": 1.0, "juv": 0.0, "B": 0.52, "Q": 3.64, "w": 17.16, "h": 0.23, "S": 0.01313, "elv": "Nordelva", "km": 6.4}}, {"type": "Feature", "geometry": {"type": "LineString", "coordinates": [[10.31303, 63.71487], [10.31163, 63.71423]]}, "properties": {"P": 15.88, "tau": 29.98, "tau_c": 84.84, "omega": 28.23, "M": 0.35, "D": 0.04, "R": 0.05, "sving": 0.04, "os": 0.09, "foss": 0.72, "juv": 0.0, "B": 0.52, "Q": 3.65, "w": 17.18, "h": 0.23, "S": 0.01357, "elv": "Nordelva", "km": 6.5}}, {"type": "Feature", "geometry": {"type": "LineString", "coordinates": [[10.31163, 63.71423], [10.3104, 63.71352]]}, "properties": {"P": 11.29, "tau": 31.37, "tau_c": 87.6, "omega": 30.14, "M": 0.36, "D": 0.02, "R": 0.06, "sving": 0.01, "os": 0.05, "foss": 0.51, "juv": 0.0, "B": 0.52, "Q": 3.65, "w": 17.2, "h": 0.22, "S": 0.01446, "elv": "Nordelva", "km": 6.6}}, {"type": "Feature", "geometry": {"type": "LineString", "coordinates": [[10.3104, 63.71352], [10.30906, 63.71285]]}, "properties": {"P": 10.32, "tau": 37.31, "tau_c": 99.14, "omega": 38.66, "M": 0.38, "D": 0.0, "R": 0.07, "sving": 0.1, "os": 0.06, "foss": 0.37, "juv": 0.0, "B": 0.52, "Q": 3.66, "w": 17.21, "h": 0.21, "S": 0.01852, "elv": "Nordelva", "km": 6.7}}, {"type": "Feature", "geometry": {"type": "LineString", "coordinates": [[10.30906, 63.71285], [10.30766, 63.7122]]}, "properties": {"P": 7.68, "tau": 35.7, "tau_c": 96.07, "omega": 36.3, "M": 0.37, "D": 0.01, "R": 0.07, "sving": 0.26, "os": 0.09, "foss": 0.0, "juv": 0.0, "B": 0.52, "Q": 3.66, "w": 17.22, "h": 0.21, "S": 0.0174, "elv": "Nordelva", "km": 6.8}}, {"type": "Feature", "geometry": {"type": "LineString", "coordinates": [[10.30766, 63.7122], [10.3067, 63.71143]]}, "properties": {"P": 10.22, "tau": 34.0, "tau_c": 92.75, "omega": 33.83, "M": 0.37, "D": 0.01, "R": 0.06, "sving": 0.38, "os": 0.13, "foss": 0.0, "juv": 0.0, "B": 0.52, "Q": 3.66, "w": 17.23, "h": 0.21, "S": 0.01622, "elv": "Nordelva", "km": 6.9}}, {"type": "Feature", "geometry": {"type": "LineString", "coordinates": [[10.3067, 63.71143], [10.30678, 63.71055]]}, "properties": {"P": 27.09, "tau": 34.13, "tau_c": 93.69, "omega": 33.96, "M": 0.36, "D": 0.01, "R": 0.06, "sving": 0.37, "os": 0.2, "foss": 1.0, "juv": 0.0, "B": 0.52, "Q": 3.66, "w": 17.51, "h": 0.21, "S": 0.01655, "elv": "Nordelva", "km": 7.0}}, {"type": "Feature", "geometry": {"type": "LineString", "coordinates": [[10.30678, 63.71055], [10.30735, 63.70969]]}, "properties": {"P": 22.74, "tau": 37.68, "tau_c": 101.29, "omega": 39.06, "M": 0.37, "D": 0.0, "R": 0.07, "sving": 0.27, "os": 0.32, "foss": 0.72, "juv": 0.0, "B": 0.52, "Q": 3.66, "w": 17.8, "h": 0.2, "S": 0.01934, "elv": "Nordelva", "km": 7.1}}, {"type": "Feature", "geometry": {"type": "LineString", "coordinates": [[10.30735, 63.70969], [10.30779, 63.70882]]}, "properties": {"P": 21.07, "tau": 41.96, "tau_c": 102.88, "omega": 46.44, "M": 0.41, "D": 0.0, "R": 0.09, "sving": 0.09, "os": 0.52, "foss": 0.51, "juv": 0.0, "B": 0.53, "Q": 4.29, "w": 18.08, "h": 0.21, "S": 0.01995, "elv": "Nordelva", "km": 7.2}}, {"type": "Feature", "geometry": {"type": "LineString", "coordinates": [[10.24884, 63.73926], [10.247, 63.73889]]}, "properties": {"P": 15.59, "tau": 73.3, "tau_c": 226.15, "omega": 90.73, "M": 0.32, "D": 0.0, "R": 0.04, "sving": 0.15, "os": 0.0, "foss": 1.0, "juv": 0.0, "B": 0.42, "Q": 0.74, "w": 7.73, "h": 0.08, "S": 0.0964, "elv": "Skjellevasselva", "km": 1.3}}, {"type": "Feature", "geometry": {"type": "LineString", "coordinates": [[10.247, 63.73889], [10.24605, 63.73819]]}, "properties": {"P": 14.5, "tau": 82.96, "tau_c": 247.18, "omega": 108.36, "M": 0.34, "D": 0.0, "R": 0.04, "sving": 0.05, "os": 0.0, "foss": 1.0, "juv": 0.0, "B": 0.42, "Q": 0.74, "w": 7.77, "h": 0.07, "S": 0.11516, "elv": "Skjellevasselva", "km": 1.4}}, {"type": "Feature", "geometry": {"type": "LineString", "coordinates": [[10.24605, 63.73819], [10.24412, 63.73805]]}, "properties": {"P": 15.65, "tau": 87.82, "tau_c": 257.27, "omega": 117.6, "M": 0.34, "D": 0.0, "R": 0.05, "sving": 0.14, "os": 0.0, "foss": 1.0, "juv": 0.0, "B": 0.42, "Q": 0.75, "w": 7.8, "h": 0.07, "S": 0.12475, "elv": "Skjellevasselva", "km": 1.5}}, {"type": "Feature", "geometry": {"type": "LineString", "coordinates": [[10.24412, 63.73805], [10.24234, 63.73764]]}, "properties": {"P": 21.13, "tau": 85.38, "tau_c": 251.59, "omega": 113.02, "M": 0.34, "D": 0.0, "R": 0.05, "sving": 0.56, "os": 0.0, "foss": 1.0, "juv": 0.0, "B": 0.42, "Q": 0.76, "w": 7.83, "h": 0.07, "S": 0.11931, "elv": "Skjellevasselva", "km": 1.6}}, {"type": "Feature", "geometry": {"type": "LineString", "coordinates": [[10.24234, 63.73764], [10.24047, 63.73759]]}, "properties": {"P": 14.52, "tau": 95.85, "tau_c": 273.18, "omega": 133.43, "M": 0.35, "D": 0.01, "R": 0.05, "sving": 0.03, "os": 0.0, "foss": 1.0, "juv": 0.0, "B": 0.42, "Q": 0.76, "w": 7.86, "h": 0.07, "S": 0.14066, "elv": "Skjellevasselva", "km": 1.7}}, {"type": "Feature", "geometry": {"type": "LineString", "coordinates": [[10.24047, 63.73759], [10.23875, 63.73797]]}, "properties": {"P": 15.33, "tau": 110.03, "tau_c": 299.65, "omega": 162.92, "M": 0.37, "D": 0.04, "R": 0.06, "sving": 0.03, "os": 0.0, "foss": 1.0, "juv": 0.0, "B": 0.42, "Q": 0.77, "w": 7.88, "h": 0.07, "S": 0.16923, "elv": "Skjellevasselva", "km": 1.8}}, {"type": "Feature", "geometry": {"type": "LineString", "coordinates": [[10.23875, 63.73797], [10.23675, 63.7379]]}, "properties": {"P": 19.62, "tau": 82.98, "tau_c": 261.79, "omega": 106.65, "M": 0.32, "D": 0.04, "R": 0.03, "sving": 0.41, "os": 0.0, "foss": 1.0, "juv": 0.0, "B": 0.42, "Q": 0.77, "w": 9.19, "h": 0.07, "S": 0.12917, "elv": "Skjellevasselva", "km": 1.9}}, {"type": "Feature", "geometry": {"type": "LineString", "coordinates": [[10.23511, 63.73744], [10.23414, 63.73816]]}, "properties": {"P": 26.17, "tau": 146.6, "tau_c": 262.0, "omega": 274.36, "M": 0.56, "D": 0.0, "R": 0.26, "sving": 0.56, "os": 0.0, "foss": 0.72, "juv": 0.0, "B": 0.5, "Q": 2.55, "w": 11.79, "h": 0.12, "S": 0.12938, "elv": "Skjellevasselva", "km": 2.1}}, {"type": "Feature", "geometry": {"type": "LineString", "coordinates": [[10.34795, 63.70998], [10.3481, 63.71084]]}, "properties": {"P": 22.0, "tau": 70.49, "tau_c": 218.32, "omega": 86.0, "M": 0.32, "D": 0.01, "R": 0.04, "sving": 0.55, "os": 0.0, "foss": 1.0, "juv": 0.0, "B": 0.44, "Q": 0.78, "w": 7.95, "h": 0.08, "S": 0.08984, "elv": "Svartdalselva", "km": 0.0}}, {"type": "Feature", "geometry": {"type": "LineString", "coordinates": [[10.3481, 63.71084], [10.34984, 63.71127]]}, "properties": {"P": 18.45, "tau": 71.19, "tau_c": 219.15, "omega": 87.32, "M": 0.32, "D": 0.01, "R": 0.04, "sving": 0.31, "os": 0.0, "foss": 1.0, "juv": 0.0, "B": 0.43, "Q": 0.78, "w": 7.98, "h": 0.08, "S": 0.09052, "elv": "Svartdalselva", "km": 0.1}}, {"type": "Feature", "geometry": {"type": "LineString", "coordinates": [[10.34984, 63.71127], [10.3513, 63.71188]]}, "properties": {"P": 17.01, "tau": 68.18, "tau_c": 212.61, "omega": 82.08, "M": 0.32, "D": 0.03, "R": 0.04, "sving": 0.2, "os": 0.0, "foss": 1.0, "juv": 0.0, "B": 0.42, "Q": 0.79, "w": 8.02, "h": 0.08, "S": 0.0852, "elv": "Svartdalselva", "km": 0.2}}, {"type": "Feature", "geometry": {"type": "LineString", "coordinates": [[10.3513, 63.71188], [10.35256, 63.71255]]}, "properties": {"P": 20.09, "tau": 68.43, "tau_c": 212.23, "omega": 82.64, "M": 0.32, "D": 0.04, "R": 0.04, "sving": 0.43, "os": 0.0, "foss": 1.0, "juv": 0.0, "B": 0.42, "Q": 0.81, "w": 8.13, "h": 0.08, "S": 0.0849, "elv": "Svartdalselva", "km": 0.3}}, {"type": "Feature", "geometry": {"type": "LineString", "coordinates": [[10.35256, 63.71255], [10.35359, 63.71319]]}, "properties": {"P": 18.28, "tau": 62.8, "tau_c": 200.18, "omega": 73.01, "M": 0.31, "D": 0.07, "R": 0.03, "sving": 0.29, "os": 0.0, "foss": 1.0, "juv": 0.0, "B": 0.41, "Q": 0.81, "w": 8.24, "h": 0.08, "S": 0.07553, "elv": "Svartdalselva", "km": 0.4}}, {"type": "Feature", "geometry": {"type": "LineString", "coordinates": [[10.35359, 63.71319], [10.3534, 63.71407]]}, "properties": {"P": 18.14, "tau": 58.98, "tau_c": 184.59, "omega": 67.48, "M": 0.32, "D": 0.08, "R": 0.04, "sving": 0.26, "os": 0.0, "foss": 1.0, "juv": 0.0, "B": 0.41, "Q": 0.89, "w": 8.35, "h": 0.09, "S": 0.06422, "elv": "Svartdalselva", "km": 0.5}}, {"type": "Feature", "geometry": {"type": "LineString", "coordinates": [[10.3534, 63.71407], [10.35348, 63.71496]]}, "properties": {"P": 17.91, "tau": 57.71, "tau_c": 182.48, "omega": 65.32, "M": 0.32, "D": 0.1, "R": 0.03, "sving": 0.23, "os": 0.0, "foss": 1.0, "juv": 0.0, "B": 0.41, "Q": 0.9, "w": 8.45, "h": 0.09, "S": 0.06277, "elv": "Svartdalselva", "km": 0.6}}, {"type": "Feature", "geometry": {"type": "LineString", "coordinates": [[10.35348, 63.71496], [10.35351, 63.71586]]}, "properties": {"P": 17.58, "tau": 50.84, "tau_c": 167.17, "omega": 54.43, "M": 0.3, "D": 0.13, "R": 0.03, "sving": 0.12, "os": 0.06, "foss": 1.0, "juv": 0.0, "B": 0.41, "Q": 0.9, "w": 8.54, "h": 0.1, "S": 0.05267, "elv": "Svartdalselva", "km": 0.7}}, {"type": "Feature", "geometry": {"type": "LineString", "coordinates": [[10.14246, 63.73779], [10.1427, 63.73868]]}, "properties": {"P": 14.88, "tau": 43.23, "tau_c": 136.35, "omega": 44.43, "M": 0.32, "D": 0.0, "R": 0.03, "sving": 0.05, "os": 0.0, "foss": 0.72, "juv": 0.0, "B": 0.59, "Q": 1.36, "w": 10.49, "h": 0.13, "S": 0.03504, "elv": "Tverrelva", "km": 1.1}}, {"type": "Feature", "geometry": {"type": "LineString", "coordinates": [[10.1427, 63.73868], [10.14293, 63.73957]]}, "properties": {"P": 13.97, "tau": 50.53, "tau_c": 152.2, "omega": 55.61, "M": 0.33, "D": 0.0, "R": 0.04, "sving": 0.19, "os": 0.0, "foss": 0.51, "juv": 0.0, "B": 0.58, "Q": 1.37, "w": 10.52, "h": 0.12, "S": 0.04366, "elv": "Tverrelva", "km": 1.2}}, {"type": "Feature", "geometry": {"type": "LineString", "coordinates": [[10.14293, 63.73957], [10.14332, 63.74044]]}, "properties": {"P": 21.67, "tau": 73.98, "tau_c": 200.06, "omega": 96.05, "M": 0.37, "D": 0.0, "R": 0.07, "sving": 0.1, "os": 0.0, "foss": 1.0, "juv": 0.0, "B": 0.58, "Q": 1.37, "w": 10.57, "h": 0.1, "S": 0.07543, "elv": "Tverrelva", "km": 1.3}}, {"type": "Feature", "geometry": {"type": "LineString", "coordinates": [[10.14332, 63.74044], [10.14447, 63.74118]]}, "properties": {"P": 20.28, "tau": 79.97, "tau_c": 211.2, "omega": 107.46, "M": 0.38, "D": 0.0, "R": 0.07, "sving": 0.02, "os": 0.0, "foss": 1.0, "juv": 0.0, "B": 0.58, "Q": 1.39, "w": 10.63, "h": 0.1, "S": 0.08408, "elv": "Tverrelva", "km": 1.4}}, {"type": "Feature", "geometry": {"type": "LineString", "coordinates": [[10.14447, 63.74118], [10.14419, 63.742]]}, "properties": {"P": 20.15, "tau": 84.08, "tau_c": 217.47, "omega": 115.69, "M": 0.39, "D": 0.0, "R": 0.08, "sving": 0.0, "os": 0.0, "foss": 1.0, "juv": 0.0, "B": 0.58, "Q": 1.41, "w": 10.69, "h": 0.1, "S": 0.08914, "elv": "Tverrelva", "km": 1.5}}, {"type": "Feature", "geometry": {"type": "LineString", "coordinates": [[10.14419, 63.742], [10.14451, 63.74288]]}, "properties": {"P": 24.37, "tau": 94.12, "tau_c": 234.36, "omega": 136.25, "M": 0.4, "D": 0.0, "R": 0.09, "sving": 0.22, "os": 0.0, "foss": 1.0, "juv": 0.0, "B": 0.57, "Q": 1.44, "w": 10.75, "h": 0.09, "S": 0.10353, "elv": "Tverrelva", "km": 1.6}}, {"type": "Feature", "geometry": {"type": "LineString", "coordinates": [[10.14451, 63.74288], [10.14491, 63.74375]]}, "properties": {"P": 24.17, "tau": 87.51, "tau_c": 222.85, "omega": 122.69, "M": 0.39, "D": 0.0, "R": 0.08, "sving": 0.23, "os": 0.0, "foss": 1.0, "juv": 0.0, "B": 0.57, "Q": 1.45, "w": 10.82, "h": 0.1, "S": 0.0936, "elv": "Tverrelva", "km": 1.7}}, {"type": "Feature", "geometry": {"type": "LineString", "coordinates": [[10.14491, 63.74375], [10.14494, 63.74464]]}, "properties": {"P": 21.42, "tau": 97.77, "tau_c": 241.27, "omega": 143.83, "M": 0.41, "D": 0.0, "R": 0.09, "sving": 0.06, "os": 0.0, "foss": 1.0, "juv": 0.0, "B": 0.57, "Q": 1.45, "w": 10.86, "h": 0.09, "S": 0.10971, "elv": "Tverrelva", "km": 1.8}}, {"type": "Feature", "geometry": {"type": "LineString", "coordinates": [[10.14494, 63.74464], [10.14579, 63.7454]]}, "properties": {"P": 15.89, "tau": 97.58, "tau_c": 239.9, "omega": 143.62, "M": 0.41, "D": 0.01, "R": 0.09, "sving": 0.02, "os": 0.0, "foss": 0.72, "juv": 0.0, "B": 0.57, "Q": 1.47, "w": 10.89, "h": 0.09, "S": 0.10848, "elv": "Tverrelva", "km": 1.9}}, {"type": "Feature", "geometry": {"type": "LineString", "coordinates": [[10.14579, 63.7454], [10.14578, 63.74628]]}, "properties": {"P": 21.75, "tau": 93.73, "tau_c": 233.21, "omega": 135.56, "M": 0.4, "D": 0.02, "R": 0.09, "sving": 0.07, "os": 0.0, "foss": 1.0, "juv": 0.0, "B": 0.57, "Q": 1.47, "w": 10.93, "h": 0.09, "S": 0.10251, "elv": "Tverrelva", "km": 2.0}}, {"type": "Feature", "geometry": {"type": "LineString", "coordinates": [[10.14578, 63.74628], [10.14605, 63.74714]]}, "properties": {"P": 22.23, "tau": 93.97, "tau_c": 233.23, "omega": 136.12, "M": 0.4, "D": 0.02, "R": 0.09, "sving": 0.1, "os": 0.0, "foss": 1.0, "juv": 0.0, "B": 0.56, "Q": 1.48, "w": 10.96, "h": 0.09, "S": 0.10253, "elv": "Tverrelva", "km": 2.1}}, {"type": "Feature", "geometry": {"type": "LineString", "coordinates": [[10.14605, 63.74714], [10.14572, 63.74798]]}, "properties": {"P": 22.31, "tau": 90.09, "tau_c": 226.04, "omega": 128.19, "M": 0.4, "D": 0.01, "R": 0.09, "sving": 0.12, "os": 0.0, "foss": 1.0, "juv": 0.0, "B": 0.56, "Q": 1.49, "w": 11.0, "h": 0.1, "S": 0.0963, "elv": "Tverrelva", "km": 2.2}}, {"type": "Feature", "geometry": {"type": "LineString", "coordinates": [[10.14572, 63.74798], [10.14612, 63.74886]]}, "properties": {"P": 21.86, "tau": 102.42, "tau_c": 247.62, "omega": 154.1, "M": 0.41, "D": 0.02, "R": 0.1, "sving": 0.07, "os": 0.0, "foss": 1.0, "juv": 0.0, "B": 0.56, "Q": 1.5, "w": 11.05, "h": 0.09, "S": 0.11557, "elv": "Tverrelva", "km": 2.3}}, {"type": "Feature", "geometry": {"type": "LineString", "coordinates": [[10.14612, 63.74886], [10.14675, 63.7497]]}, "properties": {"P": 25.78, "tau": 97.48, "tau_c": 238.66, "omega": 143.63, "M": 0.41, "D": 0.07, "R": 0.1, "sving": 0.25, "os": 0.0, "foss": 1.0, "juv": 0.0, "B": 0.56, "Q": 1.51, "w": 11.1, "h": 0.09, "S": 0.10736, "elv": "Tverrelva", "km": 2.4}}, {"type": "Feature", "geometry": {"type": "LineString", "coordinates": [[10.11982, 63.69577], [10.12012, 63.69661]]}, "properties": {"P": 20.91, "tau": 33.69, "tau_c": 108.83, "omega": 31.56, "M": 0.31, "D": 0.0, "R": 0.03, "sving": 0.39, "os": 0.0, "foss": 1.0, "juv": 0.0, "B": 0.47, "Q": 1.68, "w": 11.66, "h": 0.15, "S": 0.02232, "elv": "Fessdalselva", "km": 0.1}}, {"type": "Feature", "geometry": {"type": "LineString", "coordinates": [[10.12012, 63.69661], [10.12064, 63.69748]]}, "properties": {"P": 16.3, "tau": 57.82, "tau_c": 160.3, "omega": 68.49, "M": 0.36, "D": 0.0, "R": 0.06, "sving": 0.23, "os": 0.08, "foss": 0.72, "juv": 0.0, "B": 0.47, "Q": 1.68, "w": 11.67, "h": 0.12, "S": 0.04843, "elv": "Fessdalselva", "km": 0.2}}, {"type": "Feature", "geometry": {"type": "LineString", "coordinates": [[10.12064, 63.69748], [10.12138, 63.69831]]}, "properties": {"P": 18.31, "tau": 62.97, "tau_c": 170.51, "omega": 77.4, "M": 0.37, "D": 0.0, "R": 0.07, "sving": 0.03, "os": 0.13, "foss": 1.0, "juv": 0.0, "B": 0.47, "Q": 1.69, "w": 11.71, "h": 0.12, "S": 0.0548, "elv": "Fessdalselva", "km": 0.3}}, {"type": "Feature", "geometry": {"type": "LineString", "coordinates": [[10.12138, 63.69831], [10.12179, 63.69917]]}, "properties": {"P": 20.84, "tau": 67.37, "tau_c": 179.12, "omega": 85.24, "M": 0.38, "D": 0.0, "R": 0.07, "sving": 0.11, "os": 0.21, "foss": 1.0, "juv": 0.0, "B": 0.47, "Q": 1.69, "w": 11.74, "h": 0.11, "S": 0.06047, "elv": "Fessdalselva", "km": 0.4}}, {"type": "Feature", "geometry": {"type": "LineString", "coordinates": [[10.12179, 63.69917], [10.12195, 63.70002]]}, "properties": {"P": 29.32, "tau": 63.15, "tau_c": 169.41, "omega": 77.93, "M": 0.37, "D": 0.01, "R": 0.07, "sving": 0.55, "os": 0.34, "foss": 1.0, "juv": 0.0, "B": 0.47, "Q": 1.73, "w": 11.78, "h": 0.12, "S": 0.0541, "elv": "Fessdalselva", "km": 0.5}}, {"type": "Feature", "geometry": {"type": "LineString", "coordinates": [[10.12195, 63.70002], [10.12188, 63.70084]]}, "properties": {"P": 37.23, "tau": 64.12, "tau_c": 172.07, "omega": 79.54, "M": 0.37, "D": 0.04, "R": 0.07, "sving": 0.84, "os": 0.55, "foss": 1.0, "juv": 0.0, "B": 0.47, "Q": 1.73, "w": 11.9, "h": 0.12, "S": 0.05581, "elv": "Fessdalselva", "km": 0.6}}, {"type": "Feature", "geometry": {"type": "LineString", "coordinates": [[10.12188, 63.70084], [10.12017, 63.70123]]}, "properties": {"P": 37.01, "tau": 63.87, "tau_c": 172.39, "omega": 78.99, "M": 0.37, "D": 0.1, "R": 0.07, "sving": 0.74, "os": 0.84, "foss": 0.72, "juv": 0.0, "B": 0.47, "Q": 1.73, "w": 12.03, "h": 0.12, "S": 0.05602, "elv": "Fessdalselva", "km": 0.7}}, {"type": "Feature", "geometry": {"type": "LineString", "coordinates": [[10.12017, 63.70123], [10.11837, 63.70083]]}, "properties": {"P": 26.16, "tau": 49.45, "tau_c": 139.41, "omega": 55.23, "M": 0.35, "D": 0.19, "R": 0.06, "sving": 0.34, "os": 0.58, "foss": 0.51, "juv": 0.0, "B": 0.48, "Q": 1.87, "w": 12.19, "h": 0.14, "S": 0.03663, "elv": "Fessdalselva", "km": 0.8}}, {"type": "Feature", "geometry": {"type": "LineString", "coordinates": [[10.11837, 63.70083], [10.11653, 63.70056]]}, "properties": {"P": 29.18, "tau": 38.94, "tau_c": 118.13, "omega": 39.15, "M": 0.33, "D": 0.2, "R": 0.04, "sving": 0.27, "os": 0.37, "foss": 1.0, "juv": 0.0, "B": 0.48, "Q": 1.88, "w": 12.36, "h": 0.15, "S": 0.0263, "elv": "Fessdalselva", "km": 0.9}}, {"type": "Feature", "geometry": {"type": "LineString", "coordinates": [[10.11653, 63.70056], [10.11516, 63.70101]]}, "properties": {"P": 30.58, "tau": 32.52, "tau_c": 102.13, "omega": 30.39, "M": 0.32, "D": 0.15, "R": 0.04, "sving": 0.57, "os": 0.23, "foss": 1.0, "juv": 0.0, "B": 0.48, "Q": 1.97, "w": 12.53, "h": 0.17, "S": 0.01966, "elv": "Fessdalselva", "km": 1.0}}, {"type": "Feature", "geometry": {"type": "LineString", "coordinates": [[10.11516, 63.70101], [10.11443, 63.70184]]}, "properties": {"P": 22.58, "tau": 37.51, "tau_c": 113.31, "omega": 37.28, "M": 0.33, "D": 0.06, "R": 0.04, "sving": 0.49, "os": 0.17, "foss": 0.72, "juv": 0.0, "B": 0.48, "Q": 1.98, "w": 12.61, "h": 0.16, "S": 0.0242, "elv": "Fessdalselva", "km": 1.1}}, {"type": "Feature", "geometry": {"type": "LineString", "coordinates": [[10.11443, 63.70184], [10.11347, 63.70258]]}, "properties": {"P": 11.15, "tau": 36.03, "tau_c": 110.25, "omega": 35.17, "M": 0.33, "D": 0.01, "R": 0.04, "sving": 0.02, "os": 0.14, "foss": 0.51, "juv": 0.0, "B": 0.48, "Q": 1.99, "w": 12.7, "h": 0.16, "S": 0.02291, "elv": "Fessdalselva", "km": 1.2}}, {"type": "Feature", "geometry": {"type": "LineString", "coordinates": [[10.11347, 63.70258], [10.11245, 63.70325]]}, "properties": {"P": 11.28, "tau": 34.52, "tau_c": 106.67, "omega": 33.11, "M": 0.32, "D": -0.0, "R": 0.04, "sving": 0.23, "os": 0.1, "foss": 0.37, "juv": 0.0, "B": 0.48, "Q": 2.0, "w": 12.73, "h": 0.16, "S": 0.02145, "elv": "Fessdalselva", "km": 1.3}}, {"type": "Feature", "geometry": {"type": "LineString", "coordinates": [[10.11245, 63.70325], [10.1109, 63.70382]]}, "properties": {"P": 3.34, "tau": 38.32, "tau_c": 114.84, "omega": 38.47, "M": 0.33, "D": -0.0, "R": 0.04, "sving": 0.09, "os": 0.07, "foss": 0.0, "juv": 0.0, "B": 0.48, "Q": 2.01, "w": 12.75, "h": 0.16, "S": 0.02486, "elv": "Fessdalselva", "km": 1.4}}, {"type": "Feature", "geometry": {"type": "LineString", "coordinates": [[10.1109, 63.70382], [10.10929, 63.70429]]}, "properties": {"P": 2.14, "tau": 37.35, "tau_c": 112.72, "omega": 37.09, "M": 0.33, "D": 0.02, "R": 0.04, "sving": 0.05, "os": 0.0, "foss": 0.0, "juv": 0.0, "B": 0.48, "Q": 2.02, "w": 12.78, "h": 0.16, "S": 0.02395, "elv": "Fessdalselva", "km": 1.5}}, {"type": "Feature", "geometry": {"type": "LineString", "coordinates": [[10.10929, 63.70429], [10.10791, 63.70494]]}, "properties": {"P": 19.16, "tau": 35.35, "tau_c": 108.37, "omega": 34.27, "M": 0.33, "D": 0.02, "R": 0.04, "sving": 0.2, "os": 0.0, "foss": 1.0, "juv": 0.0, "B": 0.48, "Q": 2.02, "w": 12.81, "h": 0.16, "S": 0.02214, "elv": "Fessdalselva", "km": 1.6}}, {"type": "Feature", "geometry": {"type": "LineString", "coordinates": [[10.10791, 63.70494], [10.10705, 63.70572]]}, "properties": {"P": 14.3, "tau": 34.18, "tau_c": 105.85, "omega": 32.65, "M": 0.32, "D": 0.02, "R": 0.04, "sving": 0.16, "os": 0.0, "foss": 0.72, "juv": 0.0, "B": 0.48, "Q": 2.03, "w": 12.85, "h": 0.16, "S": 0.02112, "elv": "Fessdalselva", "km": 1.7}}, {"type": "Feature", "geometry": {"type": "LineString", "coordinates": [[10.10705, 63.70572], [10.10554, 63.70582]]}, "properties": {"P": 13.71, "tau": 39.52, "tau_c": 116.91, "omega": 40.26, "M": 0.34, "D": -0.0, "R": 0.05, "sving": 0.33, "os": 0.0, "foss": 0.51, "juv": 0.0, "B": 0.48, "Q": 2.05, "w": 12.89, "h": 0.16, "S": 0.02576, "elv": "Fessdalselva", "km": 1.8}}, {"type": "Feature", "geometry": {"type": "LineString", "coordinates": [[10.36416, 63.73884], [10.36549, 63.73831]]}, "properties": {"P": 23.22, "tau": 87.79, "tau_c": 184.34, "omega": 130.59, "M": 0.48, "D": 0.0, "R": 0.16, "sving": 0.55, "os": 0.0, "foss": 0.72, "juv": 0.0, "B": 0.49, "Q": 2.14, "w": 10.32, "h": 0.14, "S": 0.06405, "elv": "bekk", "km": 1.2}}, {"type": "Feature", "geometry": {"type": "LineString", "coordinates": [[10.36549, 63.73831], [10.3646, 63.73757]]}, "properties": {"P": 21.57, "tau": 56.9, "tau_c": 142.96, "omega": 69.07, "M": 0.4, "D": 0.13, "R": 0.09, "sving": 0.59, "os": 0.0, "foss": 0.51, "juv": 0.0, "B": 0.49, "Q": 2.15, "w": 11.76, "h": 0.15, "S": 0.03852, "elv": "bekk", "km": 1.3}}, {"type": "Feature", "geometry": {"type": "LineString", "coordinates": [[10.3646, 63.73757], [10.36461, 63.73669]]}, "properties": {"P": 17.5, "tau": 41.65, "tau_c": 120.16, "omega": 43.57, "M": 0.35, "D": 0.21, "R": 0.05, "sving": 0.42, "os": 0.0, "foss": 0.37, "juv": 0.0, "B": 0.49, "Q": 2.16, "w": 13.21, "h": 0.16, "S": 0.02721, "elv": "bekk", "km": 1.4}}, {"type": "Feature", "geometry": {"type": "LineString", "coordinates": [[10.23462, 63.74583], [10.23645, 63.74548]]}, "properties": {"P": 32.14, "tau": 220.43, "tau_c": 313.3, "omega": 510.15, "M": 0.7, "D": 0.0, "R": 0.45, "sving": 0.26, "os": 0.0, "foss": 1.0, "juv": 0.0, "B": 0.52, "Q": 3.52, "w": 12.54, "h": 0.12, "S": 0.18501, "elv": "Styggdalsbekken", "km": 1.4}}, {"type": "Feature", "geometry": {"type": "LineString", "coordinates": [[10.31077, 63.72125], [10.31181, 63.72052]]}, "properties": {"P": 14.24, "tau": 115.1, "tau_c": 338.49, "omega": 168.64, "M": 0.34, "D": 0.01, "R": 0.05, "sving": 0.02, "os": 0.0, "foss": 1.0, "juv": 0.0, "B": 0.41, "Q": 0.52, "w": 6.52, "h": 0.05, "S": 0.21595, "elv": "Vollabekken", "km": 0.0}}, {"type": "Feature", "geometry": {"type": "LineString", "coordinates": [[10.31181, 63.72052], [10.31332, 63.72006]]}, "properties": {"P": 17.76, "tau": 105.1, "tau_c": 313.93, "omega": 148.52, "M": 0.33, "D": 0.03, "R": 0.04, "sving": 0.28, "os": 0.0, "foss": 1.0, "juv": 0.0, "B": 0.41, "Q": 0.53, "w": 6.54, "h": 0.06, "S": 0.18575, "elv": "Vollabekken", "km": 0.1}}, {"type": "Feature", "geometry": {"type": "LineString", "coordinates": [[10.31332, 63.72006], [10.31425, 63.71935]]}, "properties": {"P": 17.96, "tau": 105.43, "tau_c": 314.91, "omega": 149.15, "M": 0.33, "D": 0.07, "R": 0.04, "sving": 0.25, "os": 0.0, "foss": 1.0, "juv": 0.0, "B": 0.41, "Q": 0.53, "w": 6.55, "h": 0.06, "S": 0.18692, "elv": "Vollabekken", "km": 0.2}}, {"type": "Feature", "geometry": {"type": "LineString", "coordinates": [[10.31425, 63.71935], [10.31601, 63.71898]]}, "properties": {"P": 17.65, "tau": 101.8, "tau_c": 307.5, "omega": 141.79, "M": 0.33, "D": 0.13, "R": 0.04, "sving": 0.16, "os": 0.0, "foss": 1.0, "juv": 0.0, "B": 0.41, "Q": 0.53, "w": 6.57, "h": 0.06, "S": 0.17822, "elv": "Vollabekken", "km": 0.3}}, {"type": "Feature", "geometry": {"type": "LineString", "coordinates": [[10.13951, 63.7254], [10.14026, 63.72621]]}, "properties": {"P": 30.8, "tau": 68.33, "tau_c": 196.06, "omega": 84.42, "M": 0.35, "D": 0.0, "R": 0.05, "sving": 0.35, "os": 0.0, "foss": 1.0, "juv": 0.0, "B": 0.69, "Q": 0.94, "w": 7.95, "h": 0.1, "S": 0.07245, "elv": "Ørnebekken", "km": 1.1}}, {"type": "Feature", "geometry": {"type": "LineString", "coordinates": [[10.14026, 63.72621], [10.14153, 63.72691]]}, "properties": {"P": 27.1, "tau": 70.21, "tau_c": 193.25, "omega": 88.79, "M": 0.36, "D": 0.05, "R": 0.06, "sving": 0.06, "os": 0.0, "foss": 1.0, "juv": 0.0, "B": 0.71, "Q": 1.11, "w": 8.65, "h": 0.1, "S": 0.07039, "elv": "Ørnebekken", "km": 1.2}}, {"type": "Feature", "geometry": {"type": "LineString", "coordinates": [[10.14153, 63.72691], [10.14067, 63.7276]]}, "properties": {"P": 20.63, "tau": 59.26, "tau_c": 177.34, "omega": 68.95, "M": 0.33, "D": 0.11, "R": 0.04, "sving": 0.01, "os": 0.0, "foss": 0.72, "juv": 0.0, "B": 0.71, "Q": 1.11, "w": 9.39, "h": 0.1, "S": 0.05928, "elv": "Ørnebekken", "km": 1.3}}, {"type": "Feature", "geometry": {"type": "LineString", "coordinates": [[10.14067, 63.7276], [10.14117, 63.72844]]}, "properties": {"P": 30.98, "tau": 46.67, "tau_c": 150.71, "omega": 48.85, "M": 0.31, "D": 0.18, "R": 0.03, "sving": 0.12, "os": 0.0, "foss": 1.0, "juv": 0.0, "B": 0.71, "Q": 1.12, "w": 9.59, "h": 0.11, "S": 0.04281, "elv": "Ørnebekken", "km": 1.4}}, {"type": "Feature", "geometry": {"type": "LineString", "coordinates": [[10.14117, 63.72844], [10.1419, 63.72927]]}, "properties": {"P": 31.91, "tau": 49.75, "tau_c": 155.08, "omega": 53.82, "M": 0.32, "D": 0.17, "R": 0.04, "sving": 0.44, "os": 0.0, "foss": 0.72, "juv": 0.0, "B": 0.72, "Q": 1.17, "w": 9.65, "h": 0.11, "S": 0.04533, "elv": "Ørnebekken", "km": 1.5}}, {"type": "Feature", "geometry": {"type": "LineString", "coordinates": [[10.20361, 63.67], [10.20182, 63.66959]]}, "properties": {"P": 68.74, "tau": 170.5, "tau_c": 201.16, "omega": 384.45, "M": 0.85, "D": 0.0, "R": 0.64, "sving": 0.67, "os": 0.12, "foss": 0.51, "juv": 0.0, "B": 0.94, "Q": 10.07, "w": 19.6, "h": 0.23, "S": 0.07627, "elv": "bekk", "km": 1.5}}, {"type": "Feature", "geometry": {"type": "LineString", "coordinates": [[10.20182, 63.66959], [10.20048, 63.66902]]}, "properties": {"P": 43.59, "tau": 57.79, "tau_c": 101.14, "omega": 79.56, "M": 0.57, "D": 0.25, "R": 0.27, "sving": 0.14, "os": 0.19, "foss": 0.37, "juv": 0.0, "B": 0.94, "Q": 10.16, "w": 24.15, "h": 0.31, "S": 0.01928, "elv": "bekk", "km": 1.6}}, {"type": "Feature", "geometry": {"type": "LineString", "coordinates": [[10.20048, 63.66902], [10.19906, 63.66857]]}, "properties": {"P": 31.71, "tau": 22.36, "tau_c": 55.15, "omega": 19.97, "M": 0.41, "D": 0.43, "R": 0.09, "sving": 0.07, "os": 0.29, "foss": 0.0, "juv": 0.0, "B": 0.94, "Q": 10.2, "w": 28.71, "h": 0.4, "S": 0.00573, "elv": "bekk", "km": 1.7}}, {"type": "Feature", "geometry": {"type": "LineString", "coordinates": [[10.1588, 63.65745], [10.15995, 63.65672]]}, "properties": {"P": 43.19, "tau": 263.32, "tau_c": 268.71, "omega": 722.09, "M": 0.98, "D": 0.0, "R": 0.78, "sving": 0.32, "os": 0.0, "foss": 0.72, "juv": 0.0, "B": 0.6, "Q": 10.97, "w": 20.29, "h": 0.2, "S": 0.13609, "elv": "Kvernhusbekken", "km": 1.7}}, {"type": "Feature", "geometry": {"type": "LineString", "coordinates": [[10.21764, 63.67522], [10.21654, 63.67452]]}, "properties": {"P": 15.2, "tau": 24.04, "tau_c": 49.33, "omega": 22.98, "M": 0.49, "D": 0.09, "R": 0.17, "sving": 0.42, "os": 0.0, "foss": 0.0, "juv": 0.0, "B": 0.59, "Q": 9.92, "w": 19.41, "h": 0.53, "S": 0.00459, "elv": "Kvernbekken", "km": 1.7}}, {"type": "Feature", "geometry": {"type": "LineString", "coordinates": [[10.21654, 63.67452], [10.2153, 63.67384]]}, "properties": {"P": 15.61, "tau": 23.95, "tau_c": 54.03, "omega": 22.42, "M": 0.44, "D": 0.05, "R": 0.13, "sving": 0.58, "os": 0.0, "foss": 0.0, "juv": 0.0, "B": 0.59, "Q": 9.92, "w": 23.89, "h": 0.44, "S": 0.0055, "elv": "Kvernbekken", "km": 1.8}}, {"type": "Feature", "geometry": {"type": "LineString", "coordinates": [[10.2153, 63.67384], [10.21568, 63.67297]]}, "properties": {"P": 11.61, "tau": 16.01, "tau_c": 43.63, "omega": 12.34, "M": 0.37, "D": 0.1, "R": 0.06, "sving": 0.4, "os": 0.0, "foss": 0.0, "juv": 0.0, "B": 0.59, "Q": 9.94, "w": 28.36, "h": 0.45, "S": 0.00359, "elv": "Kvernbekken", "km": 1.9}}, {"type": "Feature", "geometry": {"type": "LineString", "coordinates": [[10.35904, 63.7948], [10.359, 63.79557]]}, "properties": {"P": 21.76, "tau": 48.38, "tau_c": 158.18, "omega": 51.05, "M": 0.31, "D": 0.0, "R": 0.03, "sving": 0.1, "os": 0.75, "foss": 0.72, "juv": 0.0, "B": 0.44, "Q": 1.02, "w": 9.24, "h": 0.1, "S": 0.04716, "elv": "Agnetlielva", "km": 0.7}}, {"type": "Feature", "geometry": {"type": "LineString", "coordinates": [[10.359, 63.79557], [10.35941, 63.79643]]}, "properties": {"P": 22.89, "tau": 52.23, "tau_c": 161.33, "omega": 57.6, "M": 0.32, "D": 0.01, "R": 0.04, "sving": 0.11, "os": 0.49, "foss": 1.0, "juv": 0.0, "B": 0.44, "Q": 1.12, "w": 9.35, "h": 0.11, "S": 0.04906, "elv": "Agnetlielva", "km": 0.8}}, {"type": "Feature", "geometry": {"type": "LineString", "coordinates": [[10.35941, 63.79643], [10.35956, 63.79732]]}, "properties": {"P": 19.6, "tau": 51.3, "tau_c": 160.02, "omega": 56.07, "M": 0.32, "D": 0.04, "R": 0.04, "sving": 0.01, "os": 0.31, "foss": 1.0, "juv": 0.0, "B": 0.44, "Q": 1.12, "w": 9.46, "h": 0.11, "S": 0.04826, "elv": "Agnetlielva", "km": 0.9}}, {"type": "Feature", "geometry": {"type": "LineString", "coordinates": [[10.35956, 63.79732], [10.35865, 63.79807]]}, "properties": {"P": 22.73, "tau": 45.31, "tau_c": 146.78, "omega": 46.89, "M": 0.31, "D": 0.08, "R": 0.03, "sving": 0.31, "os": 0.19, "foss": 1.0, "juv": 0.0, "B": 0.44, "Q": 1.13, "w": 9.57, "h": 0.11, "S": 0.04061, "elv": "Agnetlielva", "km": 1.0}}, {"type": "Feature", "geometry": {"type": "LineString", "coordinates": [[10.35865, 63.79807], [10.35853, 63.79893]]}, "properties": {"P": 20.34, "tau": 43.07, "tau_c": 141.02, "omega": 43.65, "M": 0.31, "D": 0.13, "R": 0.03, "sving": 0.02, "os": 0.24, "foss": 1.0, "juv": 0.0, "B": 0.44, "Q": 1.14, "w": 9.6, "h": 0.12, "S": 0.03748, "elv": "Agnetlielva", "km": 1.1}}, {"type": "Feature", "geometry": {"type": "LineString", "coordinates": [[10.27242, 63.83433], [10.27098, 63.83371]]}, "properties": {"P": 8.98, "tau": 42.5, "tau_c": 133.95, "omega": 43.44, "M": 0.32, "D": 0.0, "R": 0.04, "sving": 0.19, "os": 0.38, "foss": 0.0, "juv": 0.0, "B": 0.46, "Q": 1.38, "w": 10.55, "h": 0.13, "S": 0.03382, "elv": "Bjørndalselva", "km": 3.5}}, {"type": "Feature", "geometry": {"type": "LineString", "coordinates": [[10.27098, 63.83371], [10.27002, 63.83297]]}, "properties": {"P": 25.56, "tau": 45.71, "tau_c": 141.32, "omega": 48.21, "M": 0.32, "D": 0.0, "R": 0.04, "sving": 0.49, "os": 0.24, "foss": 1.0, "juv": 0.0, "B": 0.46, "Q": 1.38, "w": 10.59, "h": 0.12, "S": 0.03764, "elv": "Bjørndalselva", "km": 3.6}}, {"type": "Feature", "geometry": {"type": "LineString", "coordinates": [[10.27002, 63.83297], [10.26946, 63.83214]]}, "properties": {"P": 22.26, "tau": 53.66, "tau_c": 158.53, "omega": 60.66, "M": 0.34, "D": 0.0, "R": 0.05, "sving": 0.33, "os": 0.15, "foss": 1.0, "juv": 0.0, "B": 0.46, "Q": 1.39, "w": 10.61, "h": 0.12, "S": 0.04737, "elv": "Bjørndalselva", "km": 3.7}}, {"type": "Feature", "geometry": {"type": "LineString", "coordinates": [[10.26946, 63.83214], [10.27112, 63.83166]]}, "properties": {"P": 25.5, "tau": 58.0, "tau_c": 167.14, "omega": 67.89, "M": 0.35, "D": 0.0, "R": 0.05, "sving": 0.49, "os": 0.21, "foss": 1.0, "juv": 0.0, "B": 0.46, "Q": 1.4, "w": 10.64, "h": 0.11, "S": 0.05266, "elv": "Bjørndalselva", "km": 3.8}}, {"type": "Feature", "geometry": {"type": "LineString", "coordinates": [[10.27112, 63.83166], [10.27131, 63.83078]]}, "properties": {"P": 22.49, "tau": 86.43, "tau_c": 223.88, "omega": 120.03, "M": 0.39, "D": 0.0, "R": 0.08, "sving": 0.17, "os": 0.27, "foss": 1.0, "juv": 0.0, "B": 0.46, "Q": 1.4, "w": 10.84, "h": 0.09, "S": 0.09448, "elv": "Bjørndalselva", "km": 3.9}}, {"type": "Feature", "geometry": {"type": "LineString", "coordinates": [[10.27131, 63.83078], [10.27257, 63.83023]]}, "properties": {"P": 32.91, "tau": 79.66, "tau_c": 211.74, "omega": 106.72, "M": 0.38, "D": 0.0, "R": 0.07, "sving": 0.74, "os": 0.44, "foss": 1.0, "juv": 0.0, "B": 0.46, "Q": 1.42, "w": 11.04, "h": 0.1, "S": 0.08451, "elv": "Bjørndalselva", "km": 4.0}}, {"type": "Feature", "geometry": {"type": "LineString", "coordinates": [[10.27257, 63.83023], [10.2712, 63.82958]]}, "properties": {"P": 30.94, "tau": 90.67, "tau_c": 219.36, "omega": 130.81, "M": 0.41, "D": 0.0, "R": 0.1, "sving": 0.45, "os": 0.5, "foss": 1.0, "juv": 0.0, "B": 0.47, "Q": 1.65, "w": 11.24, "h": 0.1, "S": 0.0907, "elv": "Bjørndalselva", "km": 4.1}}, {"type": "Feature", "geometry": {"type": "LineString", "coordinates": [[10.2712, 63.82958], [10.26953, 63.82908]]}, "properties": {"P": 35.06, "tau": 85.11, "tau_c": 210.65, "omega": 119.32, "M": 0.4, "D": 0.0, "R": 0.09, "sving": 0.71, "os": 0.81, "foss": 0.72, "juv": 0.0, "B": 0.47, "Q": 1.66, "w": 11.44, "h": 0.1, "S": 0.08363, "elv": "Bjørndalselva", "km": 4.2}}, {"type": "Feature", "geometry": {"type": "LineString", "coordinates": [[10.26953, 63.82908], [10.26771, 63.82868]]}, "properties": {"P": 30.58, "tau": 83.47, "tau_c": 209.08, "omega": 115.83, "M": 0.4, "D": 0.03, "R": 0.09, "sving": 0.16, "os": 0.75, "foss": 1.0, "juv": 0.0, "B": 0.47, "Q": 1.67, "w": 11.64, "h": 0.1, "S": 0.0824, "elv": "Bjørndalselva", "km": 4.3}}, {"type": "Feature", "geometry": {"type": "LineString", "coordinates": [[10.26771, 63.82868], [10.2659, 63.82828]]}, "properties": {"P": 20.91, "tau": 93.56, "tau_c": 226.2, "omega": 136.53, "M": 0.41, "D": 0.05, "R": 0.1, "sving": 0.03, "os": 0.45, "foss": 0.72, "juv": 0.0, "B": 0.47, "Q": 1.68, "w": 11.67, "h": 0.1, "S": 0.09644, "elv": "Bjørndalselva", "km": 4.4}}, {"type": "Feature", "geometry": {"type": "LineString", "coordinates": [[10.2659, 63.82828], [10.26404, 63.82793]]}, "properties": {"P": 23.1, "tau": 69.13, "tau_c": 182.11, "omega": 88.5, "M": 0.38, "D": 0.11, "R": 0.07, "sving": 0.03, "os": 0.28, "foss": 1.0, "juv": 0.0, "B": 0.47, "Q": 1.69, "w": 11.71, "h": 0.11, "S": 0.06251, "elv": "Bjørndalselva", "km": 4.5}}, {"type": "Feature", "geometry": {"type": "LineString", "coordinates": [[10.26404, 63.82793], [10.26229, 63.82748]]}, "properties": {"P": 20.88, "tau": 73.59, "tau_c": 190.21, "omega": 96.85, "M": 0.39, "D": 0.09, "R": 0.08, "sving": 0.0, "os": 0.17, "foss": 1.0, "juv": 0.0, "B": 0.47, "Q": 1.7, "w": 11.76, "h": 0.11, "S": 0.06819, "elv": "Bjørndalselva", "km": 4.6}}, {"type": "Feature", "geometry": {"type": "LineString", "coordinates": [[10.26229, 63.82748], [10.26041, 63.82715]]}, "properties": {"P": 20.67, "tau": 59.93, "tau_c": 163.62, "omega": 72.22, "M": 0.37, "D": 0.09, "R": 0.06, "sving": 0.08, "os": 0.1, "foss": 1.0, "juv": 0.0, "B": 0.48, "Q": 1.72, "w": 11.81, "h": 0.12, "S": 0.05046, "elv": "Bjørndalselva", "km": 4.7}}, {"type": "Feature", "geometry": {"type": "LineString", "coordinates": [[10.26041, 63.82715], [10.2586, 63.82675]]}, "properties": {"P": 18.54, "tau": 66.55, "tau_c": 176.07, "omega": 83.98, "M": 0.38, "D": 0.04, "R": 0.07, "sving": 0.03, "os": 0.06, "foss": 1.0, "juv": 0.0, "B": 0.48, "Q": 1.74, "w": 11.85, "h": 0.12, "S": 0.05843, "elv": "Bjørndalselva", "km": 4.8}}, {"type": "Feature", "geometry": {"type": "LineString", "coordinates": [[10.2586, 63.82675], [10.25694, 63.82624]]}, "properties": {"P": 14.73, "tau": 66.1, "tau_c": 174.84, "omega": 83.23, "M": 0.38, "D": 0.09, "R": 0.07, "sving": 0.04, "os": 0.0, "foss": 0.72, "juv": 0.0, "B": 0.48, "Q": 1.75, "w": 11.9, "h": 0.12, "S": 0.05762, "elv": "Bjørndalselva", "km": 4.9}}, {"type": "Feature", "geometry": {"type": "LineString", "coordinates": [[10.25694, 63.82624], [10.25526, 63.82574]]}, "properties": {"P": 20.05, "tau": 53.45, "tau_c": 150.12, "omega": 61.39, "M": 0.36, "D": 0.16, "R": 0.06, "sving": 0.05, "os": 0.0, "foss": 1.0, "juv": 0.0, "B": 0.48, "Q": 1.76, "w": 11.94, "h": 0.13, "S": 0.04248, "elv": "Bjørndalselva", "km": 5.0}}, {"type": "Feature", "geometry": {"type": "LineString", "coordinates": [[10.25526, 63.82574], [10.25348, 63.82531]]}, "properties": {"P": 20.79, "tau": 42.5, "tau_c": 127.28, "omega": 44.2, "M": 0.33, "D": 0.2, "R": 0.04, "sving": 0.07, "os": 0.0, "foss": 1.0, "juv": 0.0, "B": 0.48, "Q": 1.77, "w": 11.97, "h": 0.14, "S": 0.03053, "elv": "Bjørndalselva", "km": 5.1}}, {"type": "Feature", "geometry": {"type": "LineString", "coordinates": [[10.25348, 63.82531], [10.25185, 63.82482]]}, "properties": {"P": 16.11, "tau": 35.26, "tau_c": 111.05, "omega": 33.84, "M": 0.32, "D": 0.18, "R": 0.04, "sving": 0.08, "os": 0.0, "foss": 0.72, "juv": 0.0, "B": 0.48, "Q": 1.78, "w": 12.01, "h": 0.15, "S": 0.02324, "elv": "Bjørndalselva", "km": 5.2}}, {"type": "Feature", "geometry": {"type": "LineString", "coordinates": [[10.25185, 63.82482], [10.25003, 63.82445]]}, "properties": {"P": 11.32, "tau": 37.95, "tau_c": 116.98, "omega": 37.61, "M": 0.32, "D": 0.13, "R": 0.04, "sving": 0.01, "os": 0.0, "foss": 0.51, "juv": 0.0, "B": 0.48, "Q": 1.79, "w": 12.04, "h": 0.15, "S": 0.02579, "elv": "Bjørndalselva", "km": 5.3}}, {"type": "Feature", "geometry": {"type": "LineString", "coordinates": [[10.25003, 63.82445], [10.24863, 63.82382]]}, "properties": {"P": 10.46, "tau": 33.45, "tau_c": 106.64, "omega": 31.41, "M": 0.31, "D": 0.16, "R": 0.03, "sving": 0.07, "os": 0.0, "foss": 0.37, "juv": 0.0, "B": 0.48, "Q": 1.8, "w": 12.08, "h": 0.16, "S": 0.02143, "elv": "Bjørndalselva", "km": 5.4}}, {"type": "Feature", "geometry": {"type": "LineString", "coordinates": [[10.41777, 63.76674], [10.41628, 63.76614]]}, "properties": {"P": 14.56, "tau": 50.47, "tau_c": 163.29, "omega": 54.2, "M": 0.31, "D": 0.0, "R": 0.03, "sving": 0.03, "os": 0.0, "foss": 1.0, "juv": 0.0, "B": 0.43, "Q": 0.98, "w": 8.93, "h": 0.1, "S": 0.05026, "elv": "Elvdalselva", "km": 0.9}}, {"type": "Feature", "geometry": {"type": "LineString", "coordinates": [[10.41628, 63.76614], [10.41477, 63.76554]]}, "properties": {"P": 11.44, "tau": 53.91, "tau_c": 170.47, "omega": 59.65, "M": 0.32, "D": 0.02, "R": 0.03, "sving": 0.05, "os": 0.0, "foss": 0.72, "juv": 0.0, "B": 0.44, "Q": 1.0, "w": 8.98, "h": 0.1, "S": 0.05477, "elv": "Elvdalselva", "km": 1.0}}, {"type": "Feature", "geometry": {"type": "LineString", "coordinates": [[10.41477, 63.76554], [10.41324, 63.76496]]}, "properties": {"P": 15.61, "tau": 45.93, "tau_c": 151.44, "omega": 47.46, "M": 0.3, "D": 0.06, "R": 0.03, "sving": 0.03, "os": 0.0, "foss": 1.0, "juv": 0.0, "B": 0.44, "Q": 1.01, "w": 9.03, "h": 0.11, "S": 0.04323, "elv": "Elvdalselva", "km": 1.1}}, {"type": "Feature", "geometry": {"type": "LineString", "coordinates": [[10.41038, 63.76371], [10.40908, 63.76303]]}, "properties": {"P": 8.09, "tau": 57.86, "tau_c": 177.83, "omega": 66.2, "M": 0.33, "D": 0.0, "R": 0.04, "sving": 0.02, "os": 0.0, "foss": 0.51, "juv": 0.0, "B": 0.44, "Q": 1.04, "w": 9.17, "h": 0.1, "S": 0.05961, "elv": "Elvdalselva", "km": 1.4}}, {"type": "Feature", "geometry": {"type": "LineString", "coordinates": [[10.40908, 63.76303], [10.40764, 63.7624]]}, "properties": {"P": 14.69, "tau": 46.44, "tau_c": 151.54, "omega": 48.35, "M": 0.31, "D": 0.02, "R": 0.03, "sving": 0.01, "os": 0.0, "foss": 1.0, "juv": 0.0, "B": 0.44, "Q": 1.05, "w": 9.21, "h": 0.11, "S": 0.04328, "elv": "Elvdalselva", "km": 1.5}}, {"type": "Feature", "geometry": {"type": "LineString", "coordinates": [[10.40764, 63.7624], [10.40609, 63.76182]]}, "properties": {"P": 15.2, "tau": 52.55, "tau_c": 165.46, "omega": 57.74, "M": 0.32, "D": 0.02, "R": 0.04, "sving": 0.04, "os": 0.0, "foss": 1.0, "juv": 0.0, "B": 0.44, "Q": 1.06, "w": 9.25, "h": 0.1, "S": 0.0516, "elv": "Elvdalselva", "km": 1.6}}, {"type": "Feature", "geometry": {"type": "LineString", "coordinates": [[10.40609, 63.76182], [10.40465, 63.7612]]}, "properties": {"P": 11.86, "tau": 52.6, "tau_c": 165.46, "omega": 57.83, "M": 0.32, "D": 0.02, "R": 0.04, "sving": 0.07, "os": 0.0, "foss": 0.72, "juv": 0.0, "B": 0.44, "Q": 1.06, "w": 9.29, "h": 0.1, "S": 0.0516, "elv": "Elvdalselva", "km": 1.7}}, {"type": "Feature", "geometry": {"type": "LineString", "coordinates": [[10.40465, 63.7612], [10.4032, 63.76059]]}, "properties": {"P": 16.16, "tau": 50.4, "tau_c": 159.55, "omega": 54.48, "M": 0.32, "D": 0.05, "R": 0.03, "sving": 0.07, "os": 0.0, "foss": 1.0, "juv": 0.0, "B": 0.44, "Q": 1.08, "w": 9.33, "h": 0.11, "S": 0.04798, "elv": "Elvdalselva", "km": 1.8}}, {"type": "Feature", "geometry": {"type": "LineString", "coordinates": [[10.4032, 63.76059], [10.40207, 63.75984]]}, "properties": {"P": 12.19, "tau": 51.88, "tau_c": 162.8, "omega": 56.82, "M": 0.32, "D": 0.08, "R": 0.04, "sving": 0.01, "os": 0.0, "foss": 0.72, "juv": 0.0, "B": 0.44, "Q": 1.09, "w": 9.37, "h": 0.11, "S": 0.04995, "elv": "Elvdalselva", "km": 1.9}}, {"type": "Feature", "geometry": {"type": "LineString", "coordinates": [[10.39791, 63.7579], [10.39654, 63.75724]]}, "properties": {"P": 8.63, "tau": 46.03, "tau_c": 150.93, "omega": 47.76, "M": 0.31, "D": 0.0, "R": 0.03, "sving": 0.07, "os": 0.0, "foss": 0.51, "juv": 0.0, "B": 0.44, "Q": 1.13, "w": 9.94, "h": 0.11, "S": 0.04293, "elv": "Elvdalselva", "km": 2.3}}, {"type": "Feature", "geometry": {"type": "LineString", "coordinates": [[10.39654, 63.75724], [10.39554, 63.75651]]}, "properties": {"P": 15.6, "tau": 54.51, "tau_c": 173.2, "omega": 60.59, "M": 0.31, "D": 0.0, "R": 0.03, "sving": 0.01, "os": 0.08, "foss": 1.0, "juv": 0.0, "B": 0.44, "Q": 1.13, "w": 10.39, "h": 0.1, "S": 0.05654, "elv": "Elvdalselva", "km": 2.4}}, {"type": "Feature", "geometry": {"type": "LineString", "coordinates": [[10.39554, 63.75651], [10.39386, 63.75602]]}, "properties": {"P": 18.02, "tau": 59.22, "tau_c": 158.01, "omega": 71.49, "M": 0.37, "D": 0.0, "R": 0.07, "sving": 0.01, "os": 0.12, "foss": 1.0, "juv": 0.0, "B": 0.47, "Q": 1.68, "w": 10.83, "h": 0.13, "S": 0.04706, "elv": "Elvdalselva", "km": 2.5}}, {"type": "Feature", "geometry": {"type": "LineString", "coordinates": [[10.39386, 63.75602], [10.39249, 63.75536]]}, "properties": {"P": 20.62, "tau": 54.25, "tau_c": 150.88, "omega": 62.76, "M": 0.36, "D": 0.02, "R": 0.06, "sving": 0.1, "os": 0.19, "foss": 1.0, "juv": 0.0, "B": 0.47, "Q": 1.68, "w": 11.28, "h": 0.13, "S": 0.04291, "elv": "Elvdalselva", "km": 2.6}}, {"type": "Feature", "geometry": {"type": "LineString", "coordinates": [[10.39249, 63.75536], [10.39108, 63.75472]]}, "properties": {"P": 18.7, "tau": 55.54, "tau_c": 155.86, "omega": 64.64, "M": 0.36, "D": 0.07, "R": 0.06, "sving": 0.07, "os": 0.32, "foss": 0.72, "juv": 0.0, "B": 0.47, "Q": 1.69, "w": 11.73, "h": 0.12, "S": 0.04579, "elv": "Elvdalselva", "km": 2.7}}, {"type": "Feature", "geometry": {"type": "LineString", "coordinates": [[10.39108, 63.75472], [10.38962, 63.7541]]}, "properties": {"P": 19.19, "tau": 50.84, "tau_c": 145.33, "omega": 57.05, "M": 0.35, "D": 0.12, "R": 0.05, "sving": 0.03, "os": 0.53, "foss": 0.51, "juv": 0.0, "B": 0.47, "Q": 1.72, "w": 11.76, "h": 0.13, "S": 0.03981, "elv": "Elvdalselva", "km": 2.8}}, {"type": "Feature", "geometry": {"type": "LineString", "coordinates": [[10.23677, 63.72274], [10.23744, 63.72353]]}, "properties": {"P": 7.32, "tau": 44.86, "tau_c": 132.65, "omega": 47.73, "M": 0.34, "D": 0.0, "R": 0.05, "sving": 0.07, "os": 0.33, "foss": 0.0, "juv": 0.0, "B": 0.49, "Q": 1.76, "w": 12.03, "h": 0.14, "S": 0.03317, "elv": "Haugsdalselva", "km": 0.0}}, {"type": "Feature", "geometry": {"type": "LineString", "coordinates": [[10.23744, 63.72353], [10.23758, 63.72441]]}, "properties": {"P": 24.26, "tau": 47.58, "tau_c": 138.41, "omega": 51.93, "M": 0.34, "D": 0.0, "R": 0.05, "sving": 0.3, "os": 0.21, "foss": 1.0, "juv": 0.0, "B": 0.49, "Q": 1.78, "w": 12.12, "h": 0.13, "S": 0.03611, "elv": "Haugsdalselva", "km": 0.1}}, {"type": "Feature", "geometry": {"type": "LineString", "coordinates": [[10.23758, 63.72441], [10.2381, 63.72524]]}, "properties": {"P": 23.06, "tau": 53.13, "tau_c": 147.16, "omega": 61.17, "M": 0.36, "D": 0.0, "R": 0.06, "sving": 0.28, "os": 0.13, "foss": 1.0, "juv": 0.0, "B": 0.5, "Q": 1.86, "w": 12.2, "h": 0.13, "S": 0.04082, "elv": "Haugsdalselva", "km": 0.2}}, {"type": "Feature", "geometry": {"type": "LineString", "coordinates": [[10.2381, 63.72524], [10.23928, 63.72562]]}, "properties": {"P": 24.23, "tau": 52.26, "tau_c": 145.12, "omega": 59.79, "M": 0.36, "D": 0.02, "R": 0.06, "sving": 0.38, "os": 0.08, "foss": 1.0, "juv": 0.0, "B": 0.5, "Q": 1.89, "w": 12.33, "h": 0.13, "S": 0.03969, "elv": "Haugsdalselva", "km": 0.3}}, {"type": "Feature", "geometry": {"type": "LineString", "coordinates": [[10.23928, 63.72562], [10.23855, 63.72644]]}, "properties": {"P": 20.25, "tau": 53.24, "tau_c": 147.72, "omega": 61.33, "M": 0.36, "D": 0.03, "R": 0.06, "sving": 0.1, "os": 0.08, "foss": 1.0, "juv": 0.0, "B": 0.5, "Q": 1.89, "w": 12.45, "h": 0.13, "S": 0.04113, "elv": "Haugsdalselva", "km": 0.4}}, {"type": "Feature", "geometry": {"type": "LineString", "coordinates": [[10.23855, 63.72644], [10.23698, 63.72696]]}, "properties": {"P": 25.53, "tau": 46.18, "tau_c": 131.72, "omega": 50.21, "M": 0.35, "D": 0.06, "R": 0.05, "sving": 0.37, "os": 0.13, "foss": 1.0, "juv": 0.0, "B": 0.5, "Q": 1.96, "w": 12.52, "h": 0.14, "S": 0.0327, "elv": "Haugsdalselva", "km": 0.5}}, {"type": "Feature", "geometry": {"type": "LineString", "coordinates": [[10.23698, 63.72696], [10.23697, 63.72778]]}, "properties": {"P": 17.15, "tau": 49.11, "tau_c": 137.77, "omega": 54.83, "M": 0.36, "D": 0.08, "R": 0.06, "sving": 0.03, "os": 0.18, "foss": 0.72, "juv": 0.0, "B": 0.5, "Q": 1.96, "w": 12.57, "h": 0.14, "S": 0.03578, "elv": "Haugsdalselva", "km": 0.6}}, {"type": "Feature", "geometry": {"type": "LineString", "coordinates": [[10.23697, 63.72778], [10.23694, 63.72862]]}, "properties": {"P": 20.28, "tau": 44.52, "tau_c": 128.69, "omega": 47.61, "M": 0.35, "D": 0.12, "R": 0.05, "sving": 0.29, "os": 0.28, "foss": 0.51, "juv": 0.0, "B": 0.5, "Q": 1.97, "w": 12.65, "h": 0.15, "S": 0.03122, "elv": "Haugsdalselva", "km": 0.7}}, {"type": "Feature", "geometry": {"type": "LineString", "coordinates": [[10.23694, 63.72862], [10.23634, 63.72948]]}, "properties": {"P": 29.85, "tau": 34.02, "tau_c": 106.24, "omega": 32.36, "M": 0.32, "D": 0.14, "R": 0.04, "sving": 0.26, "os": 0.44, "foss": 1.0, "juv": 0.0, "B": 0.5, "Q": 1.97, "w": 12.69, "h": 0.16, "S": 0.02127, "elv": "Haugsdalselva", "km": 0.8}}, {"type": "Feature", "geometry": {"type": "LineString", "coordinates": [[10.23634, 63.72948], [10.23599, 63.73035]]}, "properties": {"P": 26.13, "tau": 34.15, "tau_c": 105.87, "omega": 32.6, "M": 0.32, "D": 0.1, "R": 0.04, "sving": 0.16, "os": 0.63, "foss": 0.72, "juv": 0.0, "B": 0.5, "Q": 2.02, "w": 12.82, "h": 0.16, "S": 0.02113, "elv": "Haugsdalselva", "km": 0.9}}, {"type": "Feature", "geometry": {"type": "LineString", "coordinates": [[10.23599, 63.73035], [10.23717, 63.73099]]}, "properties": {"P": 24.63, "tau": 33.69, "tau_c": 105.26, "omega": 31.93, "M": 0.32, "D": 0.09, "R": 0.04, "sving": 0.07, "os": 0.84, "foss": 0.51, "juv": 0.0, "B": 0.5, "Q": 2.02, "w": 12.96, "h": 0.16, "S": 0.02088, "elv": "Haugsdalselva", "km": 1.0}}, {"type": "Feature", "geometry": {"type": "LineString", "coordinates": [[10.23717, 63.73099], [10.23631, 63.7318]]}, "properties": {"P": 33.48, "tau": 34.0, "tau_c": 103.01, "omega": 32.64, "M": 0.33, "D": 0.08, "R": 0.04, "sving": 0.23, "os": 0.75, "foss": 1.0, "juv": 0.0, "B": 0.5, "Q": 2.18, "w": 13.11, "h": 0.17, "S": 0.02, "elv": "Haugsdalselva", "km": 1.1}}, {"type": "Feature", "geometry": {"type": "LineString", "coordinates": [[10.23535, 63.73258], [10.23393, 63.7332]]}, "properties": {"P": 18.13, "tau": 26.73, "tau_c": 87.02, "omega": 23.09, "M": 0.31, "D": 0.09, "R": 0.03, "sving": 0.16, "os": 0.33, "foss": 0.51, "juv": 0.0, "B": 0.5, "Q": 2.2, "w": 13.34, "h": 0.19, "S": 0.01427, "elv": "Haugsdalselva", "km": 1.3}}, {"type": "Feature", "geometry": {"type": "LineString", "coordinates": [[10.23393, 63.7332], [10.2338, 63.73408]]}, "properties": {"P": 12.7, "tau": 27.67, "tau_c": 89.16, "omega": 24.27, "M": 0.31, "D": 0.12, "R": 0.03, "sving": 0.03, "os": 0.21, "foss": 0.37, "juv": 0.0, "B": 0.5, "Q": 2.2, "w": 13.36, "h": 0.19, "S": 0.01498, "elv": "Haugsdalselva", "km": 1.4}}, {"type": "Feature", "geometry": {"type": "LineString", "coordinates": [[10.236, 63.7423], [10.236, 63.74313]]}, "properties": {"P": 5.88, "tau": 20.16, "tau_c": 63.34, "omega": 15.97, "M": 0.32, "D": 0.02, "R": 0.04, "sving": 0.12, "os": 0.16, "foss": 0.0, "juv": 0.0, "B": 0.52, "Q": 3.39, "w": 15.75, "h": 0.27, "S": 0.00756, "elv": "Haugsdalselva", "km": 2.6}}, {"type": "Feature", "geometry": {"type": "LineString", "coordinates": [[10.23669, 63.74385], [10.2375, 63.74462]]}, "properties": {"P": 10.07, "tau": 27.3, "tau_c": 79.99, "omega": 24.61, "M": 0.34, "D": 0.0, "R": 0.05, "sving": 0.15, "os": 0.39, "foss": 0.0, "juv": 0.0, "B": 0.53, "Q": 3.48, "w": 16.73, "h": 0.23, "S": 0.01206, "elv": "Haugsdalselva", "km": 2.8}}, {"type": "Feature", "geometry": {"type": "LineString", "coordinates": [[10.2375, 63.74462], [10.23785, 63.74541]]}, "properties": {"P": 16.32, "tau": 28.66, "tau_c": 82.89, "omega": 26.39, "M": 0.35, "D": 0.0, "R": 0.05, "sving": 0.29, "os": 0.63, "foss": 0.0, "juv": 0.0, "B": 0.53, "Q": 3.49, "w": 16.8, "h": 0.23, "S": 0.01295, "elv": "Haugsdalselva", "km": 2.9}}, {"type": "Feature", "geometry": {"type": "LineString", "coordinates": [[10.23785, 63.74541], [10.23712, 63.7462]]}, "properties": {"P": 35.49, "tau": 25.27, "tau_c": 75.58, "omega": 22.05, "M": 0.33, "D": 0.0, "R": 0.04, "sving": 0.12, "os": 0.98, "foss": 1.0, "juv": 0.0, "B": 0.53, "Q": 3.52, "w": 16.87, "h": 0.24, "S": 0.01077, "elv": "Haugsdalselva", "km": 3.0}}, {"type": "Feature", "geometry": {"type": "LineString", "coordinates": [[10.23712, 63.7462], [10.23647, 63.74693]]}, "properties": {"P": 24.38, "tau": 27.71, "tau_c": 80.75, "omega": 25.16, "M": 0.34, "D": 0.0, "R": 0.05, "sving": 0.07, "os": 0.63, "foss": 0.72, "juv": 0.0, "B": 0.53, "Q": 3.53, "w": 16.9, "h": 0.23, "S": 0.01229, "elv": "Haugsdalselva", "km": 3.1}}, {"type": "Feature", "geometry": {"type": "LineString", "coordinates": [[10.23647, 63.74693], [10.23667, 63.74782]]}, "properties": {"P": 17.89, "tau": 39.19, "tau_c": 103.43, "omega": 41.39, "M": 0.38, "D": 0.0, "R": 0.07, "sving": 0.06, "os": 0.41, "foss": 0.51, "juv": 0.0, "B": 0.53, "Q": 3.54, "w": 16.92, "h": 0.2, "S": 0.02016, "elv": "Haugsdalselva", "km": 3.2}}, {"type": "Feature", "geometry": {"type": "LineString", "coordinates": [[10.23667, 63.74782], [10.23669, 63.74872]]}, "properties": {"P": 14.01, "tau": 43.27, "tau_c": 111.04, "omega": 47.71, "M": 0.39, "D": 0.0, "R": 0.08, "sving": 0.1, "os": 0.26, "foss": 0.37, "juv": 0.0, "B": 0.53, "Q": 3.54, "w": 16.94, "h": 0.19, "S": 0.02324, "elv": "Haugsdalselva", "km": 3.3}}, {"type": "Feature", "geometry": {"type": "LineString", "coordinates": [[10.23669, 63.74872], [10.23622, 63.74959]]}, "properties": {"P": 21.28, "tau": 40.01, "tau_c": 105.01, "omega": 42.63, "M": 0.38, "D": 0.0, "R": 0.07, "sving": 0.02, "os": 0.16, "foss": 1.0, "juv": 0.0, "B": 0.53, "Q": 3.55, "w": 16.96, "h": 0.2, "S": 0.02078, "elv": "Haugsdalselva", "km": 3.4}}, {"type": "Feature", "geometry": {"type": "LineString", "coordinates": [[10.23622, 63.74959], [10.236, 63.75046]]}, "properties": {"P": 15.84, "tau": 38.18, "tau_c": 101.54, "omega": 39.87, "M": 0.38, "D": 0.0, "R": 0.07, "sving": 0.04, "os": 0.1, "foss": 0.72, "juv": 0.0, "B": 0.53, "Q": 3.55, "w": 16.98, "h": 0.2, "S": 0.01943, "elv": "Haugsdalselva", "km": 3.5}}, {"type": "Feature", "geometry": {"type": "LineString", "coordinates": [[10.236, 63.75046], [10.23632, 63.75135]]}, "properties": {"P": 12.3, "tau": 46.88, "tau_c": 117.46, "omega": 53.54, "M": 0.4, "D": 0.0, "R": 0.09, "sving": 0.04, "os": 0.06, "foss": 0.51, "juv": 0.0, "B": 0.53, "Q": 3.58, "w": 17.04, "h": 0.18, "S": 0.026, "elv": "Haugsdalselva", "km": 3.6}}, {"type": "Feature", "geometry": {"type": "LineString", "coordinates": [[10.23632, 63.75135], [10.23657, 63.75223]]}, "properties": {"P": 9.27, "tau": 47.99, "tau_c": 119.57, "omega": 55.34, "M": 0.4, "D": 0.01, "R": 0.09, "sving": 0.03, "os": 0.0, "foss": 0.37, "juv": 0.0, "B": 0.53, "Q": 3.58, "w": 17.1, "h": 0.18, "S": 0.02695, "elv": "Haugsdalselva", "km": 3.7}}, {"type": "Feature", "geometry": {"type": "LineString", "coordinates": [[10.23657, 63.75223], [10.23594, 63.75303]]}, "properties": {"P": 19.74, "tau": 41.17, "tau_c": 106.23, "omega": 44.55, "M": 0.39, "D": 0.05, "R": 0.08, "sving": 0.01, "os": 0.0, "foss": 1.0, "juv": 0.0, "B": 0.53, "Q": 3.66, "w": 17.16, "h": 0.2, "S": 0.02127, "elv": "Haugsdalselva", "km": 3.8}}, {"type": "Feature", "geometry": {"type": "LineString", "coordinates": [[10.23594, 63.75303], [10.23589, 63.75391]]}, "properties": {"P": 18.81, "tau": 42.52, "tau_c": 108.75, "omega": 46.66, "M": 0.39, "D": 0.05, "R": 0.08, "sving": 0.24, "os": 0.0, "foss": 0.72, "juv": 0.0, "B": 0.53, "Q": 3.67, "w": 17.21, "h": 0.19, "S": 0.02229, "elv": "Haugsdalselva", "km": 3.9}}, {"type": "Feature", "geometry": {"type": "LineString", "coordinates": [[10.23589, 63.75391], [10.23613, 63.75477]]}, "properties": {"P": 15.74, "tau": 38.63, "tau_c": 101.52, "omega": 40.65, "M": 0.38, "D": 0.05, "R": 0.07, "sving": 0.26, "os": 0.0, "foss": 0.51, "juv": 0.0, "B": 0.53, "Q": 3.68, "w": 17.27, "h": 0.2, "S": 0.01942, "elv": "Haugsdalselva", "km": 4.0}}, {"type": "Feature", "geometry": {"type": "LineString", "coordinates": [[10.23613, 63.75477], [10.23514, 63.75555]]}, "properties": {"P": 14.75, "tau": 42.12, "tau_c": 107.96, "omega": 46.04, "M": 0.39, "D": 0.03, "R": 0.08, "sving": 0.36, "os": 0.0, "foss": 0.37, "juv": 0.0, "B": 0.53, "Q": 3.69, "w": 17.28, "h": 0.2, "S": 0.02197, "elv": "Haugsdalselva", "km": 4.1}}, {"type": "Feature", "geometry": {"type": "LineString", "coordinates": [[10.23514, 63.75555], [10.23342, 63.75601]]}, "properties": {"P": 8.92, "tau": 37.46, "tau_c": 99.27, "omega": 38.91, "M": 0.38, "D": 0.06, "R": 0.07, "sving": 0.35, "os": 0.0, "foss": 0.0, "juv": 0.0, "B": 0.53, "Q": 3.69, "w": 17.29, "h": 0.21, "S": 0.01858, "elv": "Haugsdalselva", "km": 4.2}}, {"type": "Feature", "geometry": {"type": "LineString", "coordinates": [[10.23342, 63.75601], [10.23174, 63.75652]]}, "properties": {"P": 4.92, "tau": 34.92, "tau_c": 94.4, "omega": 35.18, "M": 0.37, "D": 0.06, "R": 0.07, "sving": 0.11, "os": 0.0, "foss": 0.0, "juv": 0.0, "B": 0.53, "Q": 3.69, "w": 17.29, "h": 0.21, "S": 0.0168, "elv": "Haugsdalselva", "km": 4.3}}, {"type": "Feature", "geometry": {"type": "LineString", "coordinates": [[10.23174, 63.75652], [10.23028, 63.75713]]}, "properties": {"P": 4.77, "tau": 36.23, "tau_c": 96.91, "omega": 37.08, "M": 0.37, "D": 0.05, "R": 0.07, "sving": 0.11, "os": 0.0, "foss": 0.0, "juv": 0.0, "B": 0.53, "Q": 3.69, "w": 17.29, "h": 0.21, "S": 0.0177, "elv": "Haugsdalselva", "km": 4.4}}, {"type": "Feature", "geometry": {"type": "LineString", "coordinates": [[10.17924, 63.75718], [10.17757, 63.75667]]}, "properties": {"P": 11.07, "tau": 67.39, "tau_c": 135.35, "omega": 93.74, "M": 0.5, "D": 0.0, "R": 0.18, "sving": 0.24, "os": 0.0, "foss": 0.41, "juv": 0.0, "B": 0.37, "Q": 6.21, "w": 22.42, "h": 0.2, "S": 0.03453, "elv": "Osaelva", "km": 0.0}}, {"type": "Feature", "geometry": {"type": "LineString", "coordinates": [[10.17757, 63.75667], [10.17586, 63.75619]]}, "properties": {"P": 26.94, "tau": 78.52, "tau_c": 150.99, "omega": 116.68, "M": 0.52, "D": 0.0, "R": 0.21, "sving": 0.05, "os": 0.0, "foss": 0.57, "juv": 0.0, "B": 0.89, "Q": 6.21, "w": 22.43, "h": 0.19, "S": 0.04297, "elv": "Osaelva", "km": 0.1}}, {"type": "Feature", "geometry": {"type": "LineString", "coordinates": [[10.17586, 63.75619], [10.17391, 63.75595]]}, "properties": {"P": 38.13, "tau": 70.19, "tau_c": 139.34, "omega": 99.36, "M": 0.5, "D": 0.0, "R": 0.19, "sving": 0.06, "os": 0.0, "foss": 1.0, "juv": 0.0, "B": 0.89, "Q": 6.21, "w": 22.44, "h": 0.2, "S": 0.03659, "elv": "Osaelva", "km": 0.2}}, {"type": "Feature", "geometry": {"type": "LineString", "coordinates": [[10.17391, 63.75595], [10.17214, 63.75552]]}, "properties": {"P": 43.59, "tau": 76.84, "tau_c": 147.1, "omega": 113.48, "M": 0.52, "D": 0.0, "R": 0.21, "sving": 0.23, "os": 0.0, "foss": 1.0, "juv": 0.0, "B": 0.89, "Q": 6.23, "w": 21.96, "h": 0.19, "S": 0.04078, "elv": "Osaelva", "km": 0.3}}, {"type": "Feature", "geometry": {"type": "LineString", "coordinates": [[10.17214, 63.75552], [10.17036, 63.75516]]}, "properties": {"P": 39.08, "tau": 77.94, "tau_c": 147.1, "omega": 116.15, "M": 0.53, "D": 0.0, "R": 0.22, "sving": 0.33, "os": 0.0, "foss": 0.72, "juv": 0.0, "B": 0.89, "Q": 6.23, "w": 21.47, "h": 0.19, "S": 0.04078, "elv": "Osaelva", "km": 0.4}}, {"type": "Feature", "geometry": {"type": "LineString", "coordinates": [[10.17036, 63.75516], [10.16835, 63.75519]]}, "properties": {"P": 53.27, "tau": 86.8, "tau_c": 158.45, "omega": 135.63, "M": 0.55, "D": 0.0, "R": 0.24, "sving": 0.52, "os": 0.0, "foss": 1.0, "juv": 0.0, "B": 0.89, "Q": 6.28, "w": 21.51, "h": 0.19, "S": 0.04732, "elv": "Osaelva", "km": 0.5}}, {"type": "Feature", "geometry": {"type": "LineString", "coordinates": [[10.16835, 63.75519], [10.16681, 63.75567]]}, "properties": {"P": 42.52, "tau": 84.51, "tau_c": 153.86, "omega": 130.91, "M": 0.55, "D": 0.0, "R": 0.25, "sving": 0.41, "os": 0.0, "foss": 0.72, "juv": 0.0, "B": 0.89, "Q": 6.28, "w": 21.01, "h": 0.19, "S": 0.04462, "elv": "Osaelva", "km": 0.6}}, {"type": "Feature", "geometry": {"type": "LineString", "coordinates": [[10.16681, 63.75567], [10.16556, 63.75637]]}, "properties": {"P": 54.2, "tau": 92.39, "tau_c": 162.06, "omega": 149.25, "M": 0.57, "D": 0.0, "R": 0.27, "sving": 0.51, "os": 0.0, "foss": 1.0, "juv": 0.0, "B": 0.89, "Q": 6.31, "w": 20.52, "h": 0.19, "S": 0.0495, "elv": "Osaelva", "km": 0.7}}, {"type": "Feature", "geometry": {"type": "LineString", "coordinates": [[10.16556, 63.75637], [10.1641, 63.75688]]}, "properties": {"P": 47.73, "tau": 103.8, "tau_c": 178.08, "omega": 175.82, "M": 0.58, "D": 0.0, "R": 0.29, "sving": 0.25, "os": 0.0, "foss": 1.0, "juv": 0.0, "B": 0.89, "Q": 6.31, "w": 21.05, "h": 0.18, "S": 0.05977, "elv": "Osaelva", "km": 0.8}}, {"type": "Feature", "geometry": {"type": "LineString", "coordinates": [[10.1641, 63.75688], [10.16376, 63.75774]]}, "properties": {"P": 45.24, "tau": 96.04, "tau_c": 170.24, "omega": 156.83, "M": 0.56, "D": 0.0, "R": 0.26, "sving": 0.14, "os": 0.05, "foss": 1.0, "juv": 0.0, "B": 0.89, "Q": 6.31, "w": 21.57, "h": 0.18, "S": 0.05462, "elv": "Osaelva", "km": 0.9}}, {"type": "Feature", "geometry": {"type": "LineString", "coordinates": [[10.16376, 63.75774], [10.16316, 63.75858]]}, "properties": {"P": 48.74, "tau": 115.13, "tau_c": 193.79, "omega": 203.36, "M": 0.59, "D": 0.0, "R": 0.3, "sving": 0.18, "os": 0.08, "foss": 1.0, "juv": 0.0, "B": 0.89, "Q": 6.32, "w": 21.58, "h": 0.17, "S": 0.07078, "elv": "Osaelva", "km": 1.0}}, {"type": "Feature", "geometry": {"type": "LineString", "coordinates": [[10.16316, 63.75858], [10.16263, 63.75936]]}, "properties": {"P": 45.96, "tau": 102.65, "tau_c": 180.37, "omega": 172.02, "M": 0.57, "D": 0.02, "R": 0.27, "sving": 0.06, "os": 0.13, "foss": 1.0, "juv": 0.0, "B": 0.89, "Q": 6.32, "w": 22.11, "h": 0.17, "S": 0.06132, "elv": "Osaelva", "km": 1.1}}, {"type": "Feature", "geometry": {"type": "LineString", "coordinates": [[10.16263, 63.75936], [10.1618, 63.76018]]}, "properties": {"P": 58.49, "tau": 116.27, "tau_c": 199.21, "omega": 205.01, "M": 0.58, "D": 0.03, "R": 0.29, "sving": 0.4, "os": 0.19, "foss": 1.0, "juv": 0.0, "B": 0.89, "Q": 6.32, "w": 22.63, "h": 0.16, "S": 0.0748, "elv": "Osaelva", "km": 1.2}}, {"type": "Feature", "geometry": {"type": "LineString", "coordinates": [[10.1618, 63.76018], [10.16113, 63.76103]]}, "properties": {"P": 52.25, "tau": 103.87, "tau_c": 184.51, "omega": 174.24, "M": 0.56, "D": 0.07, "R": 0.26, "sving": 0.34, "os": 0.3, "foss": 0.72, "juv": 0.0, "B": 0.89, "Q": 6.33, "w": 22.86, "h": 0.17, "S": 0.06416, "elv": "Osaelva", "km": 1.3}}, {"type": "Feature", "geometry": {"type": "LineString", "coordinates": [[10.16113, 63.76103], [10.15957, 63.76117]]}, "properties": {"P": 75.52, "tau": 90.99, "tau_c": 168.55, "omega": 143.97, "M": 0.54, "D": 0.11, "R": 0.23, "sving": 0.77, "os": 0.43, "foss": 1.0, "juv": 0.0, "B": 0.89, "Q": 6.33, "w": 23.1, "h": 0.17, "S": 0.05355, "elv": "Osaelva", "km": 1.4}}, {"type": "Feature", "geometry": {"type": "LineString", "coordinates": [[10.15957, 63.76117], [10.15801, 63.76144]]}, "properties": {"P": 81.44, "tau": 90.42, "tau_c": 161.56, "omega": 144.39, "M": 0.56, "D": 0.13, "R": 0.26, "sving": 0.68, "os": 0.63, "foss": 1.0, "juv": 0.0, "B": 0.9, "Q": 6.98, "w": 23.33, "h": 0.19, "S": 0.04919, "elv": "Osaelva", "km": 1.5}}, {"type": "Feature", "geometry": {"type": "LineString", "coordinates": [[10.15801, 63.76144], [10.15678, 63.76075]]}, "properties": {"P": 68.33, "tau": 68.27, "tau_c": 132.64, "omega": 96.43, "M": 0.51, "D": 0.2, "R": 0.2, "sving": 0.18, "os": 0.95, "foss": 0.72, "juv": 0.0, "B": 0.9, "Q": 6.98, "w": 23.56, "h": 0.21, "S": 0.03316, "elv": "Osaelva", "km": 1.6}}, {"type": "Feature", "geometry": {"type": "LineString", "coordinates": [[10.15678, 63.76075], [10.15509, 63.76027]]}, "properties": {"P": 59.21, "tau": 72.73, "tau_c": 139.37, "omega": 105.46, "M": 0.52, "D": 0.22, "R": 0.21, "sving": 0.32, "os": 0.64, "foss": 0.51, "juv": 0.0, "B": 0.9, "Q": 6.99, "w": 23.79, "h": 0.2, "S": 0.03661, "elv": "Osaelva", "km": 1.7}}, {"type": "Feature", "geometry": {"type": "LineString", "coordinates": [[10.15509, 63.76027], [10.1532, 63.76004]]}, "properties": {"P": 42.44, "tau": 32.43, "tau_c": 78.09, "omega": 33.14, "M": 0.42, "D": 0.29, "R": 0.1, "sving": 0.2, "os": 0.4, "foss": 0.37, "juv": 0.0, "B": 0.9, "Q": 7.0, "w": 23.8, "h": 0.29, "S": 0.01149, "elv": "Osaelva", "km": 1.8}}, {"type": "Feature", "geometry": {"type": "LineString", "coordinates": [[10.1532, 63.76004], [10.15148, 63.75964]]}, "properties": {"P": 20.25, "tau": 36.84, "tau_c": 85.56, "omega": 39.79, "M": 0.43, "D": 0.19, "R": 0.11, "sving": 0.03, "os": 0.25, "foss": 0.0, "juv": 0.0, "B": 0.9, "Q": 7.0, "w": 23.82, "h": 0.27, "S": 0.0138, "elv": "Osaelva", "km": 1.9}}, {"type": "Feature", "geometry": {"type": "LineString", "coordinates": [[10.15148, 63.75964], [10.14964, 63.75932]]}, "properties": {"P": 18.1, "tau": 42.59, "tau_c": 93.53, "omega": 49.18, "M": 0.46, "D": 0.11, "R": 0.14, "sving": 0.1, "os": 0.18, "foss": 0.0, "juv": 0.0, "B": 0.9, "Q": 7.01, "w": 23.06, "h": 0.26, "S": 0.01649, "elv": "Osaelva", "km": 2.0}}, {"type": "Feature", "geometry": {"type": "LineString", "coordinates": [[10.14964, 63.75932], [10.14785, 63.7589]]}, "properties": {"P": 44.43, "tau": 44.67, "tau_c": 96.89, "omega": 52.65, "M": 0.46, "D": 0.01, "R": 0.14, "sving": 0.05, "os": 0.29, "foss": 1.0, "juv": 0.0, "B": 0.9, "Q": 7.02, "w": 23.13, "h": 0.26, "S": 0.0177, "elv": "Osaelva", "km": 2.1}}, {"type": "Feature", "geometry": {"type": "LineString", "coordinates": [[10.14785, 63.7589], [10.14611, 63.75845]]}, "properties": {"P": 47.99, "tau": 44.4, "tau_c": 96.56, "omega": 52.18, "M": 0.46, "D": 0.03, "R": 0.14, "sving": 0.26, "os": 0.47, "foss": 0.72, "juv": 0.0, "B": 0.9, "Q": 7.03, "w": 23.21, "h": 0.26, "S": 0.01757, "elv": "Osaelva", "km": 2.2}}, {"type": "Feature", "geometry": {"type": "LineString", "coordinates": [[10.14611, 63.75845], [10.14444, 63.75794]]}, "properties": {"P": 54.89, "tau": 38.67, "tau_c": 86.56, "omega": 42.94, "M": 0.45, "D": 0.1, "R": 0.13, "sving": 0.32, "os": 0.78, "foss": 0.51, "juv": 0.0, "B": 0.91, "Q": 7.22, "w": 23.29, "h": 0.28, "S": 0.01412, "elv": "Osaelva", "km": 2.3}}, {"type": "Feature", "geometry": {"type": "LineString", "coordinates": [[10.14444, 63.75794], [10.14349, 63.7572]]}, "properties": {"P": 49.06, "tau": 41.26, "tau_c": 90.71, "omega": 47.12, "M": 0.45, "D": 0.18, "R": 0.14, "sving": 0.13, "os": 0.78, "foss": 0.37, "juv": 0.0, "B": 0.91, "Q": 7.24, "w": 23.38, "h": 0.27, "S": 0.01551, "elv": "Osaelva", "km": 2.4}}, {"type": "Feature", "geometry": {"type": "LineString", "coordinates": [[10.14349, 63.7572], [10.14306, 63.75635]]}, "properties": {"P": 37.57, "tau": 24.51, "tau_c": 63.4, "omega": 22.22, "M": 0.39, "D": 0.31, "R": 0.08, "sving": 0.3, "os": 0.49, "foss": 0.0, "juv": 0.0, "B": 0.91, "Q": 7.25, "w": 24.24, "h": 0.33, "S": 0.00758, "elv": "Osaelva", "km": 2.5}}, {"type": "Feature", "geometry": {"type": "LineString", "coordinates": [[10.14306, 63.75635], [10.14179, 63.75567]]}, "properties": {"P": 34.23, "tau": 14.0, "tau_c": 42.37, "omega": 9.95, "M": 0.33, "D": 0.31, "R": 0.04, "sving": 0.26, "os": 0.47, "foss": 0.0, "juv": 0.0, "B": 0.91, "Q": 7.27, "w": 24.25, "h": 0.42, "S": 0.00338, "elv": "Osaelva", "km": 2.6}}, {"type": "Feature", "geometry": {"type": "LineString", "coordinates": [[10.14179, 63.75567], [10.14143, 63.75479]]}, "properties": {"P": 31.98, "tau": 16.66, "tau_c": 48.48, "omega": 12.75, "M": 0.34, "D": 0.22, "R": 0.05, "sving": 0.01, "os": 0.76, "foss": 0.0, "juv": 0.0, "B": 0.91, "Q": 7.28, "w": 24.8, "h": 0.38, "S": 0.00443, "elv": "Osaelva", "km": 2.7}}, {"type": "Feature", "geometry": {"type": "LineString", "coordinates": [[10.14143, 63.75479], [10.14177, 63.75392]]}, "properties": {"P": 34.38, "tau": 16.44, "tau_c": 48.48, "omega": 12.48, "M": 0.34, "D": 0.09, "R": 0.05, "sving": 0.24, "os": 0.8, "foss": 0.0, "juv": 0.0, "B": 0.91, "Q": 7.28, "w": 25.34, "h": 0.38, "S": 0.00443, "elv": "Osaelva", "km": 2.8}}, {"type": "Feature", "geometry": {"type": "LineString", "coordinates": [[10.14177, 63.75392], [10.14133, 63.75311]]}, "properties": {"P": 32.21, "tau": 19.22, "tau_c": 49.99, "omega": 15.99, "M": 0.38, "D": 0.03, "R": 0.08, "sving": 0.47, "os": 0.49, "foss": 0.0, "juv": 0.0, "B": 0.93, "Q": 8.95, "w": 25.88, "h": 0.42, "S": 0.00471, "elv": "Osaelva", "km": 2.9}}, {"type": "Feature", "geometry": {"type": "LineString", "coordinates": [[10.14133, 63.75311], [10.13942, 63.75289]]}, "properties": {"P": 35.82, "tau": 14.9, "tau_c": 41.99, "omega": 11.07, "M": 0.35, "D": 0.07, "R": 0.06, "sving": 0.75, "os": 0.31, "foss": 0.0, "juv": 0.0, "B": 0.93, "Q": 8.97, "w": 26.42, "h": 0.46, "S": 0.00332, "elv": "Osaelva", "km": 3.0}}, {"type": "Feature", "geometry": {"type": "LineString", "coordinates": [[10.13942, 63.75289], [10.13742, 63.75277]]}, "properties": {"P": 35.62, "tau": 14.72, "tau_c": 41.99, "omega": 10.86, "M": 0.35, "D": 0.16, "R": 0.05, "sving": 0.69, "os": 0.25, "foss": 0.0, "juv": 0.0, "B": 0.93, "Q": 8.98, "w": 26.96, "h": 0.45, "S": 0.00332, "elv": "Osaelva", "km": 3.1}}, {"type": "Feature", "geometry": {"type": "LineString", "coordinates": [[10.13742, 63.75277], [10.13549, 63.75299]]}, "properties": {"P": 31.07, "tau": 14.94, "tau_c": 42.45, "omega": 11.09, "M": 0.35, "D": 0.28, "R": 0.05, "sving": 0.43, "os": 0.19, "foss": 0.0, "juv": 0.0, "B": 0.93, "Q": 8.98, "w": 26.97, "h": 0.45, "S": 0.0034, "elv": "Osaelva", "km": 3.2}}, {"type": "Feature", "geometry": {"type": "LineString", "coordinates": [[10.37484, 63.85151], [10.37586, 63.85078]]}, "properties": {"P": 5.51, "tau": 43.36, "tau_c": 112.62, "omega": 47.65, "M": 0.39, "D": 0.04, "R": 0.08, "sving": 0.16, "os": 0.0, "foss": 0.0, "juv": 0.0, "B": 0.54, "Q": 3.35, "w": 16.47, "h": 0.18, "S": 0.0239, "elv": "Sleppelva", "km": 0.0}}, {"type": "Feature", "geometry": {"type": "LineString", "coordinates": [[10.37586, 63.85078], [10.3757, 63.84992]]}, "properties": {"P": 25.68, "tau": 39.02, "tau_c": 104.39, "omega": 40.96, "M": 0.37, "D": 0.09, "R": 0.07, "sving": 0.32, "os": 0.0, "foss": 1.0, "juv": 0.0, "B": 0.53, "Q": 3.35, "w": 16.47, "h": 0.19, "S": 0.02054, "elv": "Sleppelva", "km": 0.1}}, {"type": "Feature", "geometry": {"type": "LineString", "coordinates": [[10.3757, 63.84992], [10.37639, 63.84907]]}, "properties": {"P": 17.24, "tau": 33.39, "tau_c": 93.37, "omega": 32.75, "M": 0.36, "D": 0.14, "R": 0.06, "sving": 0.04, "os": 0.0, "foss": 0.72, "juv": 0.0, "B": 0.53, "Q": 3.35, "w": 16.49, "h": 0.21, "S": 0.01643, "elv": "Sleppelva", "km": 0.2}}, {"type": "Feature", "geometry": {"type": "LineString", "coordinates": [[10.37639, 63.84907], [10.37624, 63.84824]]}, "properties": {"P": 19.93, "tau": 29.37, "tau_c": 85.23, "omega": 27.25, "M": 0.34, "D": 0.17, "R": 0.05, "sving": 0.32, "os": 0.07, "foss": 0.51, "juv": 0.0, "B": 0.53, "Q": 3.36, "w": 16.55, "h": 0.22, "S": 0.01369, "elv": "Sleppelva", "km": 0.3}}, {"type": "Feature", "geometry": {"type": "LineString", "coordinates": [[10.37624, 63.84824], [10.37711, 63.84744]]}, "properties": {"P": 13.63, "tau": 27.8, "tau_c": 81.69, "omega": 25.19, "M": 0.34, "D": 0.2, "R": 0.05, "sving": 0.02, "os": 0.11, "foss": 0.37, "juv": 0.0, "B": 0.53, "Q": 3.39, "w": 16.61, "h": 0.23, "S": 0.01258, "elv": "Sleppelva", "km": 0.4}}, {"type": "Feature", "geometry": {"type": "LineString", "coordinates": [[10.37711, 63.84744], [10.37851, 63.84679]]}, "properties": {"P": 13.91, "tau": 20.51, "tau_c": 65.21, "omega": 16.32, "M": 0.31, "D": 0.23, "R": 0.03, "sving": 0.31, "os": 0.17, "foss": 0.0, "juv": 0.0, "B": 0.53, "Q": 3.46, "w": 16.67, "h": 0.26, "S": 0.00801, "elv": "Sleppelva", "km": 0.5}}, {"type": "Feature", "geometry": {"type": "LineString", "coordinates": [[10.38054, 63.84536], [10.38159, 63.84461]]}, "properties": {"P": 15.09, "tau": 23.07, "tau_c": 70.95, "omega": 19.32, "M": 0.33, "D": -0.0, "R": 0.04, "sving": 0.13, "os": 0.73, "foss": 0.0, "juv": 0.0, "B": 0.53, "Q": 3.49, "w": 16.82, "h": 0.25, "S": 0.00949, "elv": "Sleppelva", "km": 0.8}}, {"type": "Feature", "geometry": {"type": "LineString", "coordinates": [[10.38159, 63.84461], [10.38256, 63.84387]]}, "properties": {"P": 15.7, "tau": 35.33, "tau_c": 96.27, "omega": 35.63, "M": 0.37, "D": -0.0, "R": 0.06, "sving": 0.02, "os": 0.84, "foss": 0.0, "juv": 0.0, "B": 0.53, "Q": 3.5, "w": 16.85, "h": 0.21, "S": 0.01747, "elv": "Sleppelva", "km": 0.9}}, {"type": "Feature", "geometry": {"type": "LineString", "coordinates": [[10.38256, 63.84387], [10.38393, 63.84322]]}, "properties": {"P": 12.87, "tau": 32.95, "tau_c": 91.45, "omega": 32.25, "M": 0.36, "D": -0.0, "R": 0.06, "sving": 0.17, "os": 0.52, "foss": 0.0, "juv": 0.0, "B": 0.53, "Q": 3.52, "w": 16.9, "h": 0.21, "S": 0.01576, "elv": "Sleppelva", "km": 1.0}}, {"type": "Feature", "geometry": {"type": "LineString", "coordinates": [[10.38393, 63.84322], [10.38522, 63.84253]]}, "properties": {"P": 27.49, "tau": 31.05, "tau_c": 87.71, "omega": 29.62, "M": 0.35, "D": -0.0, "R": 0.06, "sving": 0.28, "os": 0.32, "foss": 1.0, "juv": 0.0, "B": 0.53, "Q": 3.53, "w": 16.94, "h": 0.22, "S": 0.0145, "elv": "Sleppelva", "km": 1.1}}, {"type": "Feature", "geometry": {"type": "LineString", "coordinates": [[10.38522, 63.84253], [10.38544, 63.84165]]}, "properties": {"P": 26.43, "tau": 35.77, "tau_c": 96.59, "omega": 36.34, "M": 0.37, "D": -0.0, "R": 0.07, "sving": 0.6, "os": 0.19, "foss": 0.72, "juv": 0.0, "B": 0.53, "Q": 3.58, "w": 16.98, "h": 0.21, "S": 0.01758, "elv": "Sleppelva", "km": 1.2}}, {"type": "Feature", "geometry": {"type": "LineString", "coordinates": [[10.38544, 63.84165], [10.38501, 63.84079]]}, "properties": {"P": 21.99, "tau": 42.47, "tau_c": 109.3, "omega": 46.47, "M": 0.39, "D": -0.0, "R": 0.08, "sving": 0.58, "os": 0.13, "foss": 0.51, "juv": 0.0, "B": 0.53, "Q": 3.58, "w": 17.01, "h": 0.19, "S": 0.02252, "elv": "Sleppelva", "km": 1.3}}, {"type": "Feature", "geometry": {"type": "LineString", "coordinates": [[10.38501, 63.84079], [10.38349, 63.84021]]}, "properties": {"P": 13.79, "tau": 44.45, "tau_c": 112.97, "omega": 49.61, "M": 0.39, "D": -0.0, "R": 0.08, "sving": 0.26, "os": 0.09, "foss": 0.37, "juv": 0.0, "B": 0.53, "Q": 3.59, "w": 17.05, "h": 0.19, "S": 0.02406, "elv": "Sleppelva", "km": 1.4}}, {"type": "Feature", "geometry": {"type": "LineString", "coordinates": [[10.38349, 63.84021], [10.38197, 63.83962]]}, "properties": {"P": 21.79, "tau": 44.49, "tau_c": 112.91, "omega": 49.7, "M": 0.39, "D": -0.0, "R": 0.08, "sving": 0.13, "os": 0.07, "foss": 1.0, "juv": 0.0, "B": 0.53, "Q": 3.6, "w": 17.08, "h": 0.19, "S": 0.02403, "elv": "Sleppelva", "km": 1.5}}, {"type": "Feature", "geometry": {"type": "LineString", "coordinates": [[10.38197, 63.83962], [10.38087, 63.83887]]}, "properties": {"P": 21.0, "tau": 43.72, "tau_c": 111.4, "omega": 48.47, "M": 0.39, "D": -0.0, "R": 0.08, "sving": 0.1, "os": 0.05, "foss": 1.0, "juv": 0.0, "B": 0.53, "Q": 3.61, "w": 17.1, "h": 0.19, "S": 0.02339, "elv": "Sleppelva", "km": 1.6}}, {"type": "Feature", "geometry": {"type": "LineString", "coordinates": [[10.38087, 63.83887], [10.37979, 63.83811]]}, "properties": {"P": 21.0, "tau": 49.02, "tau_c": 120.88, "omega": 57.13, "M": 0.41, "D": -0.0, "R": 0.09, "sving": 0.14, "os": 0.0, "foss": 1.0, "juv": 0.0, "B": 0.53, "Q": 3.62, "w": 17.14, "h": 0.18, "S": 0.02754, "elv": "Sleppelva", "km": 1.7}}, {"type": "Feature", "geometry": {"type": "LineString", "coordinates": [[10.37979, 63.83811], [10.37866, 63.83737]]}, "properties": {"P": 15.08, "tau": 47.33, "tau_c": 117.86, "omega": 54.34, "M": 0.4, "D": 0.02, "R": 0.09, "sving": 0.03, "os": 0.0, "foss": 0.72, "juv": 0.0, "B": 0.53, "Q": 3.63, "w": 17.18, "h": 0.18, "S": 0.02618, "elv": "Sleppelva", "km": 1.8}}, {"type": "Feature", "geometry": {"type": "LineString", "coordinates": [[10.37866, 63.83737], [10.3777, 63.83658]]}, "properties": {"P": 12.6, "tau": 47.36, "tau_c": 117.62, "omega": 54.43, "M": 0.4, "D": 0.06, "R": 0.09, "sving": 0.03, "os": 0.0, "foss": 0.51, "juv": 0.0, "B": 0.53, "Q": 3.66, "w": 17.22, "h": 0.19, "S": 0.02607, "elv": "Sleppelva", "km": 1.9}}, {"type": "Feature", "geometry": {"type": "LineString", "coordinates": [[10.3777, 63.83658], [10.37674, 63.83579]]}, "properties": {"P": 11.25, "tau": 41.64, "tau_c": 107.16, "omega": 45.28, "M": 0.39, "D": 0.08, "R": 0.08, "sving": 0.02, "os": 0.07, "foss": 0.37, "juv": 0.0, "B": 0.53, "Q": 3.68, "w": 17.26, "h": 0.2, "S": 0.02164, "elv": "Sleppelva", "km": 2.0}}, {"type": "Feature", "geometry": {"type": "LineString", "coordinates": [[10.37674, 63.83579], [10.37585, 63.83501]]}, "properties": {"P": 23.54, "tau": 37.64, "tau_c": 99.49, "omega": 39.18, "M": 0.38, "D": 0.06, "R": 0.07, "sving": 0.12, "os": 0.12, "foss": 1.0, "juv": 0.0, "B": 0.53, "Q": 3.7, "w": 17.3, "h": 0.21, "S": 0.01866, "elv": "Sleppelva", "km": 2.1}}, {"type": "Feature", "geometry": {"type": "LineString", "coordinates": [[10.37585, 63.83501], [10.37483, 63.83427]]}, "properties": {"P": 19.31, "tau": 42.23, "tau_c": 108.09, "omega": 46.21, "M": 0.39, "D": 0.04, "R": 0.08, "sving": 0.09, "os": 0.2, "foss": 0.72, "juv": 0.0, "B": 0.53, "Q": 3.71, "w": 17.34, "h": 0.2, "S": 0.02202, "elv": "Sleppelva", "km": 2.2}}, {"type": "Feature", "geometry": {"type": "LineString", "coordinates": [[10.37483, 63.83427], [10.37335, 63.83365]]}, "properties": {"P": 18.52, "tau": 39.03, "tau_c": 105.64, "omega": 40.9, "M": 0.37, "D": 0.02, "R": 0.07, "sving": 0.18, "os": 0.32, "foss": 0.51, "juv": 0.0, "B": 0.53, "Q": 3.72, "w": 18.79, "h": 0.19, "S": 0.02104, "elv": "Sleppelva", "km": 2.3}}, {"type": "Feature", "geometry": {"type": "LineString", "coordinates": [[10.37335, 63.83365], [10.37201, 63.83299]]}, "properties": {"P": 17.19, "tau": 36.4, "tau_c": 103.64, "omega": 36.7, "M": 0.35, "D": 0.01, "R": 0.05, "sving": 0.07, "os": 0.52, "foss": 0.37, "juv": 0.0, "B": 0.53, "Q": 3.74, "w": 20.24, "h": 0.18, "S": 0.02024, "elv": "Sleppelva", "km": 2.4}}, {"type": "Feature", "geometry": {"type": "LineString", "coordinates": [[10.37201, 63.83299], [10.37201, 63.83212]]}, "properties": {"P": 20.97, "tau": 42.78, "tau_c": 89.08, "omega": 50.23, "M": 0.48, "D": -0.0, "R": 0.17, "sving": 0.06, "os": 0.85, "foss": 0.0, "juv": 0.0, "B": 0.57, "Q": 7.43, "w": 21.69, "h": 0.29, "S": 0.01496, "elv": "Sleppelva", "km": 2.5}}, {"type": "Feature", "geometry": {"type": "LineString", "coordinates": [[10.37201, 63.83212], [10.37132, 63.8313]]}, "properties": {"P": 21.09, "tau": 42.84, "tau_c": 91.69, "omega": 49.96, "M": 0.47, "D": 0.06, "R": 0.15, "sving": 0.19, "os": 0.68, "foss": 0.0, "juv": 0.0, "B": 0.57, "Q": 7.44, "w": 23.15, "h": 0.28, "S": 0.01584, "elv": "Sleppelva", "km": 2.6}}, {"type": "Feature", "geometry": {"type": "LineString", "coordinates": [[10.37132, 63.8313], [10.37012, 63.83061]]}, "properties": {"P": 15.39, "tau": 34.72, "tau_c": 80.8, "omega": 36.72, "M": 0.43, "D": 0.14, "R": 0.11, "sving": 0.06, "os": 0.44, "foss": 0.0, "juv": 0.0, "B": 0.57, "Q": 7.48, "w": 24.6, "h": 0.29, "S": 0.01231, "elv": "Sleppelva", "km": 2.7}}, {"type": "Feature", "geometry": {"type": "LineString", "coordinates": [[10.37012, 63.83061], [10.36967, 63.82977]]}, "properties": {"P": 17.28, "tau": 27.78, "tau_c": 68.87, "omega": 26.67, "M": 0.4, "D": 0.19, "R": 0.09, "sving": 0.2, "os": 0.37, "foss": 0.0, "juv": 0.0, "B": 0.57, "Q": 7.49, "w": 24.64, "h": 0.32, "S": 0.00894, "elv": "Sleppelva", "km": 2.8}}, {"type": "Feature", "geometry": {"type": "LineString", "coordinates": [[10.36967, 63.82977], [10.36937, 63.82892]]}, "properties": {"P": 18.32, "tau": 24.36, "tau_c": 62.68, "omega": 22.08, "M": 0.39, "D": 0.15, "R": 0.08, "sving": 0.11, "os": 0.6, "foss": 0.0, "juv": 0.0, "B": 0.57, "Q": 7.5, "w": 24.68, "h": 0.34, "S": 0.00741, "elv": "Sleppelva", "km": 2.9}}, {"type": "Feature", "geometry": {"type": "LineString", "coordinates": [[10.36937, 63.82892], [10.36783, 63.82837]]}, "properties": {"P": 22.54, "tau": 25.27, "tau_c": 64.19, "omega": 23.3, "M": 0.39, "D": 0.09, "R": 0.08, "sving": 0.05, "os": 0.97, "foss": 0.0, "juv": 0.0, "B": 0.57, "Q": 7.56, "w": 24.72, "h": 0.33, "S": 0.00777, "elv": "Sleppelva", "km": 3.0}}, {"type": "Feature", "geometry": {"type": "LineString", "coordinates": [[10.36783, 63.82837], [10.3672, 63.82766]]}, "properties": {"P": 16.79, "tau": 25.33, "tau_c": 64.27, "omega": 23.37, "M": 0.39, "D": 0.06, "R": 0.08, "sving": 0.11, "os": 0.63, "foss": 0.0, "juv": 0.0, "B": 0.57, "Q": 7.58, "w": 24.76, "h": 0.33, "S": 0.00779, "elv": "Sleppelva", "km": 3.1}}, {"type": "Feature", "geometry": {"type": "LineString", "coordinates": [[10.37919, 63.84438], [10.3809, 63.84483]]}, "properties": {"P": 32.34, "tau": 199.39, "tau_c": 292.27, "omega": 441.49, "M": 0.68, "D": 0.0, "R": 0.42, "sving": 0.32, "os": 0.0, "foss": 1.0, "juv": 0.0, "B": 0.52, "Q": 3.49, "w": 12.5, "h": 0.13, "S": 0.16101, "elv": "bekk", "km": 1.5}}, {"type": "Feature", "geometry": {"type": "LineString", "coordinates": [[10.36148, 63.79407], [10.35957, 63.7943]]}, "properties": {"P": 16.97, "tau": 133.99, "tau_c": 307.12, "omega": 223.97, "M": 0.44, "D": -0.0, "R": 0.12, "sving": 0.06, "os": 0.0, "foss": 1.0, "juv": 0.0, "B": 0.44, "Q": 1.01, "w": 7.84, "h": 0.08, "S": 0.17778, "elv": "bekk", "km": 1.6}}, {"type": "Feature", "geometry": {"type": "LineString", "coordinates": [[10.35878, 63.79984], [10.35752, 63.80053]]}, "properties": {"P": 21.86, "tau": 140.93, "tau_c": 310.24, "omega": 242.96, "M": 0.45, "D": 0.0, "R": 0.14, "sving": 0.36, "os": 0.0, "foss": 1.0, "juv": 0.0, "B": 0.44, "Q": 1.15, "w": 8.42, "h": 0.08, "S": 0.18141, "elv": "bekk", "km": 1.4}}, {"type": "Feature", "geometry": {"type": "LineString", "coordinates": [[10.3886, 63.75987], [10.38821, 63.75899]]}, "properties": {"P": 14.04, "tau": 78.82, "tau_c": 255.9, "omega": 98.28, "M": 0.31, "D": -0.0, "R": 0.03, "sving": 0.38, "os": 0.0, "foss": 0.72, "juv": 0.0, "B": 0.39, "Q": 0.53, "w": 6.55, "h": 0.07, "S": 0.12342, "elv": "Skurvbekken", "km": 1.6}}, {"type": "Feature", "geometry": {"type": "LineString", "coordinates": [[10.38821, 63.75899], [10.38782, 63.75811]]}, "properties": {"P": 16.13, "tau": 88.63, "tau_c": 277.42, "omega": 116.41, "M": 0.32, "D": -0.0, "R": 0.04, "sving": 0.2, "os": 0.06, "foss": 1.0, "juv": 0.0, "B": 0.4, "Q": 0.54, "w": 6.57, "h": 0.06, "S": 0.14506, "elv": "Skurvbekken", "km": 1.7}}, {"type": "Feature", "geometry": {"type": "LineString", "coordinates": [[10.38782, 63.75811], [10.38886, 63.75738]]}, "properties": {"P": 15.33, "tau": 94.07, "tau_c": 289.86, "omega": 126.73, "M": 0.32, "D": -0.0, "R": 0.04, "sving": 0.1, "os": 0.1, "foss": 1.0, "juv": 0.0, "B": 0.4, "Q": 0.54, "w": 6.59, "h": 0.06, "S": 0.15836, "elv": "Skurvbekken", "km": 1.8}}, {"type": "Feature", "geometry": {"type": "LineString", "coordinates": [[10.38886, 63.75738], [10.38954, 63.7566]]}, "properties": {"P": 16.78, "tau": 102.48, "tau_c": 308.34, "omega": 143.25, "M": 0.33, "D": -0.0, "R": 0.04, "sving": 0.16, "os": 0.15, "foss": 1.0, "juv": 0.0, "B": 0.4, "Q": 0.54, "w": 6.6, "h": 0.06, "S": 0.1792, "elv": "Skurvbekken", "km": 1.9}}, {"type": "Feature", "geometry": {"type": "LineString", "coordinates": [[10.38954, 63.7566], [10.38866, 63.75579]]}, "properties": {"P": 16.56, "tau": 113.17, "tau_c": 331.06, "omega": 165.14, "M": 0.34, "D": 0.03, "R": 0.05, "sving": 0.0, "os": 0.23, "foss": 1.0, "juv": 0.0, "B": 0.4, "Q": 0.54, "w": 6.6, "h": 0.06, "S": 0.20658, "elv": "Skurvbekken", "km": 2.0}}, {"type": "Feature", "geometry": {"type": "LineString", "coordinates": [[10.38866, 63.75579], [10.38758, 63.7551]]}, "properties": {"P": 18.61, "tau": 103.48, "tau_c": 331.07, "omega": 142.59, "M": 0.31, "D": 0.03, "R": 0.03, "sving": 0.07, "os": 0.36, "foss": 1.0, "juv": 0.0, "B": 0.4, "Q": 0.54, "w": 7.64, "h": 0.05, "S": 0.20659, "elv": "Skurvbekken", "km": 2.1}}, {"type": "Feature", "geometry": {"type": "LineString", "coordinates": [[10.27371, 63.82982], [10.27187, 63.82947]]}, "properties": {"P": 17.47, "tau": 65.16, "tau_c": 168.97, "omega": 81.81, "M": 0.39, "D": -0.0, "R": 0.08, "sving": 0.11, "os": 0.0, "foss": 1.0, "juv": 0.0, "B": 0.46, "Q": 1.42, "w": 9.17, "h": 0.12, "S": 0.05381, "elv": "bekk", "km": 2.0}}, {"type": "Feature", "geometry": {"type": "LineString", "coordinates": [[10.35807, 63.82561], [10.35987, 63.82602]]}, "properties": {"P": 35.03, "tau": 107.92, "tau_c": 153.41, "omega": 195.71, "M": 0.7, "D": 0.0, "R": 0.45, "sving": 0.14, "os": 0.1, "foss": 1.0, "juv": 0.0, "B": 0.57, "Q": 7.92, "w": 17.61, "h": 0.25, "S": 0.04436, "elv": "Sagtjønnbekken", "km": 2.6}}, {"type": "Feature", "geometry": {"type": "LineString", "coordinates": [[10.35987, 63.82602], [10.36173, 63.82628]]}, "properties": {"P": 28.25, "tau": 90.77, "tau_c": 147.77, "omega": 149.23, "M": 0.61, "D": 0.08, "R": 0.33, "sving": 0.07, "os": 0.17, "foss": 0.72, "juv": 0.0, "B": 0.57, "Q": 7.94, "w": 21.48, "h": 0.22, "S": 0.04115, "elv": "Sagtjønnbekken", "km": 2.7}}, {"type": "Feature", "geometry": {"type": "LineString", "coordinates": [[10.27482, 63.65881], [10.27579, 63.65813]]}, "properties": {"P": 4.79, "tau": 24.46, "tau_c": 57.33, "omega": 22.51, "M": 0.43, "D": -0.0, "R": 0.11, "sving": 0.04, "os": 0.0, "foss": 0.0, "juv": 0.0, "B": 0.68, "Q": 5.5, "w": 14.85, "h": 0.4, "S": 0.0062, "elv": "Ludubekken", "km": 1.1}}, {"type": "Feature", "geometry": {"type": "LineString", "coordinates": [[10.27579, 63.65813], [10.27718, 63.6585]]}, "properties": {"P": 3.32, "tau": 20.95, "tau_c": 55.78, "omega": 17.7, "M": 0.38, "D": 0.02, "R": 0.07, "sving": 0.01, "os": 0.0, "foss": 0.0, "juv": 0.0, "B": 0.69, "Q": 5.5, "w": 17.87, "h": 0.36, "S": 0.00587, "elv": "Ludubekken", "km": 1.2}}, {"type": "Feature", "geometry": {"type": "LineString", "coordinates": [[10.27718, 63.6585], [10.27892, 63.6583]]}, "properties": {"P": 10.27, "tau": 18.53, "tau_c": 54.72, "omega": 14.6, "M": 0.34, "D": 0.02, "R": 0.05, "sving": 0.37, "os": 0.0, "foss": 0.0, "juv": 0.0, "B": 0.7, "Q": 5.51, "w": 20.9, "h": 0.33, "S": 0.00564, "elv": "Ludubekken", "km": 1.3}}, {"type": "Feature", "geometry": {"type": "LineString", "coordinates": [[10.26754, 63.64625], [10.26671, 63.64569]]}, "properties": {"P": 19.29, "tau": 28.69, "tau_c": 71.36, "omega": 27.81, "M": 0.4, "D": 0.02, "R": 0.09, "sving": 0.28, "os": 1.0, "foss": 0.0, "juv": 0.0, "B": 0.43, "Q": 7.07, "w": 23.95, "h": 0.3, "S": 0.0096, "elv": "Bjørsetelva", "km": 0.0}}, {"type": "Feature", "geometry": {"type": "LineString", "coordinates": [[10.26671, 63.64569], [10.26672, 63.64481]]}, "properties": {"P": 14.31, "tau": 23.83, "tau_c": 62.47, "omega": 21.31, "M": 0.38, "D": 0.06, "R": 0.07, "sving": 0.16, "os": 0.69, "foss": 0.0, "juv": 0.0, "B": 0.44, "Q": 7.08, "w": 23.96, "h": 0.33, "S": 0.00736, "elv": "Bjørsetelva", "km": 0.1}}, {"type": "Feature", "geometry": {"type": "LineString", "coordinates": [[10.26672, 63.64481], [10.26511, 63.6443]]}, "properties": {"P": 13.14, "tau": 25.37, "tau_c": 65.24, "omega": 23.32, "M": 0.39, "D": 0.07, "R": 0.08, "sving": 0.28, "os": 0.44, "foss": 0.0, "juv": 0.0, "B": 0.45, "Q": 7.1, "w": 23.97, "h": 0.32, "S": 0.00802, "elv": "Bjørsetelva", "km": 0.2}}, {"type": "Feature", "geometry": {"type": "LineString", "coordinates": [[10.26511, 63.6443], [10.26358, 63.64377]]}, "properties": {"P": 15.89, "tau": 22.34, "tau_c": 59.56, "omega": 19.43, "M": 0.38, "D": 0.07, "R": 0.07, "sving": 0.61, "os": 0.29, "foss": 0.0, "juv": 0.0, "B": 0.46, "Q": 7.11, "w": 23.99, "h": 0.34, "S": 0.00669, "elv": "Bjørsetelva", "km": 0.3}}, {"type": "Feature", "geometry": {"type": "LineString", "coordinates": [[10.26358, 63.64377], [10.26167, 63.64356]]}, "properties": {"P": 5.47, "tau": 22.33, "tau_c": 59.56, "omega": 19.42, "M": 0.38, "D": 0.03, "R": 0.07, "sving": 0.03, "os": 0.18, "foss": 0.0, "juv": 0.0, "B": 0.47, "Q": 7.11, "w": 24.0, "h": 0.34, "S": 0.00669, "elv": "Bjørsetelva", "km": 0.4}}, {"type": "Feature", "geometry": {"type": "LineString", "coordinates": [[10.26167, 63.64356], [10.25976, 63.64361]]}, "properties": {"P": 5.79, "tau": 22.2, "tau_c": 59.27, "omega": 19.26, "M": 0.37, "D": 0.02, "R": 0.07, "sving": 0.12, "os": 0.12, "foss": 0.0, "juv": 0.0, "B": 0.48, "Q": 7.12, "w": 24.01, "h": 0.34, "S": 0.00662, "elv": "Bjørsetelva", "km": 0.5}}, {"type": "Feature", "geometry": {"type": "LineString", "coordinates": [[10.25976, 63.64361], [10.25804, 63.64316]]}, "properties": {"P": 5.48, "tau": 22.55, "tau_c": 59.93, "omega": 19.69, "M": 0.38, "D": 0.01, "R": 0.07, "sving": 0.14, "os": 0.09, "foss": 0.0, "juv": 0.0, "B": 0.49, "Q": 7.12, "w": 24.02, "h": 0.34, "S": 0.00677, "elv": "Bjørsetelva", "km": 0.6}}, {"type": "Feature", "geometry": {"type": "LineString", "coordinates": [[10.25804, 63.64316], [10.2562, 63.64287]]}, "properties": {"P": 4.52, "tau": 22.3, "tau_c": 59.46, "omega": 19.39, "M": 0.38, "D": 0.01, "R": 0.07, "sving": 0.11, "os": 0.05, "foss": 0.0, "juv": 0.0, "B": 0.5, "Q": 7.13, "w": 24.03, "h": 0.34, "S": 0.00666, "elv": "Bjørsetelva", "km": 0.7}}, {"type": "Feature", "geometry": {"type": "LineString", "coordinates": [[10.2562, 63.64287], [10.25439, 63.64298]]}, "properties": {"P": 5.84, "tau": 20.61, "tau_c": 56.15, "omega": 17.31, "M": 0.37, "D": 0.01, "R": 0.06, "sving": 0.25, "os": 0.0, "foss": 0.0, "juv": 0.0, "B": 0.51, "Q": 7.14, "w": 24.05, "h": 0.35, "S": 0.00594, "elv": "Bjørsetelva", "km": 0.8}}, {"type": "Feature", "geometry": {"type": "LineString", "coordinates": [[10.25439, 63.64298], [10.25248, 63.64278]]}, "properties": {"P": 5.13, "tau": 24.08, "tau_c": 62.79, "omega": 21.65, "M": 0.38, "D": -0.0, "R": 0.08, "sving": 0.2, "os": 0.0, "foss": 0.0, "juv": 0.0, "B": 0.52, "Q": 7.15, "w": 24.06, "h": 0.33, "S": 0.00743, "elv": "Bjørsetelva", "km": 0.9}}, {"type": "Feature", "geometry": {"type": "LineString", "coordinates": [[10.25248, 63.64278], [10.25056, 63.6429]]}, "properties": {"P": 4.49, "tau": 27.65, "tau_c": 69.32, "omega": 26.4, "M": 0.4, "D": 0.05, "R": 0.09, "sving": 0.07, "os": 0.0, "foss": 0.0, "juv": 0.0, "B": 0.52, "Q": 7.15, "w": 24.08, "h": 0.31, "S": 0.00906, "elv": "Bjørsetelva", "km": 1.0}}, {"type": "Feature", "geometry": {"type": "LineString", "coordinates": [[10.25056, 63.6429], [10.24861, 63.64306]]}, "properties": {"P": 5.72, "tau": 23.78, "tau_c": 62.14, "omega": 21.27, "M": 0.38, "D": 0.12, "R": 0.07, "sving": 0.06, "os": 0.0, "foss": 0.0, "juv": 0.0, "B": 0.53, "Q": 7.18, "w": 24.1, "h": 0.33, "S": 0.00728, "elv": "Bjørsetelva", "km": 1.1}}, {"type": "Feature", "geometry": {"type": "LineString", "coordinates": [[10.24861, 63.64306], [10.24672, 63.64334]]}, "properties": {"P": 10.72, "tau": 16.14, "tau_c": 47.06, "omega": 12.19, "M": 0.34, "D": 0.2, "R": 0.05, "sving": 0.3, "os": 0.0, "foss": 0.0, "juv": 0.0, "B": 0.54, "Q": 7.18, "w": 24.11, "h": 0.39, "S": 0.00417, "elv": "Bjørsetelva", "km": 1.2}}, {"type": "Feature", "geometry": {"type": "LineString", "coordinates": [[10.24672, 63.64334], [10.24489, 63.64301]]}, "properties": {"P": 11.14, "tau": 16.14, "tau_c": 47.06, "omega": 12.2, "M": 0.34, "D": 0.2, "R": 0.05, "sving": 0.31, "os": 0.0, "foss": 0.0, "juv": 0.0, "B": 0.55, "Q": 7.19, "w": 24.12, "h": 0.39, "S": 0.00417, "elv": "Bjørsetelva", "km": 1.3}}, {"type": "Feature", "geometry": {"type": "LineString", "coordinates": [[10.24489, 63.64301], [10.24329, 63.64247]]}, "properties": {"P": 13.29, "tau": 14.95, "tau_c": 44.53, "omega": 10.93, "M": 0.34, "D": 0.25, "R": 0.04, "sving": 0.36, "os": 0.0, "foss": 0.0, "juv": 0.0, "B": 0.55, "Q": 7.19, "w": 24.13, "h": 0.41, "S": 0.00374, "elv": "Bjørsetelva", "km": 1.4}}, {"type": "Feature", "geometry": {"type": "LineString", "coordinates": [[10.24329, 63.64247], [10.24168, 63.64193]]}, "properties": {"P": 11.79, "tau": 11.1, "tau_c": 35.96, "omega": 7.12, "M": 0.31, "D": 0.37, "R": 0.03, "sving": 0.13, "os": 0.0, "foss": 0.0, "juv": 0.0, "B": 0.56, "Q": 7.19, "w": 24.13, "h": 0.46, "S": 0.00244, "elv": "Bjørsetelva", "km": 1.5}}, {"type": "Feature", "geometry": {"type": "LineString", "coordinates": [[10.30025, 63.6502], [10.29852, 63.65011]]}, "properties": {"P": 17.95, "tau": 58.43, "tau_c": 181.42, "omega": 66.85, "M": 0.32, "D": 0.0, "R": 0.04, "sving": 0.12, "os": 0.0, "foss": 1.0, "juv": 0.0, "B": 0.49, "Q": 0.98, "w": 8.9, "h": 0.1, "S": 0.06203, "elv": "Riaelva", "km": 1.0}}, {"type": "Feature", "geometry": {"type": "LineString", "coordinates": [[10.29852, 63.65011], [10.29659, 63.64995]]}, "properties": {"P": 15.16, "tau": 73.45, "tau_c": 213.38, "omega": 92.86, "M": 0.34, "D": 0.0, "R": 0.05, "sving": 0.2, "os": 0.0, "foss": 0.72, "juv": 0.0, "B": 0.49, "Q": 0.99, "w": 8.93, "h": 0.09, "S": 0.08582, "elv": "Riaelva", "km": 1.1}}, {"type": "Feature", "geometry": {"type": "LineString", "coordinates": [[10.29659, 63.64995], [10.2947, 63.64994]]}, "properties": {"P": 18.52, "tau": 75.02, "tau_c": 216.26, "omega": 95.77, "M": 0.35, "D": 0.03, "R": 0.05, "sving": 0.1, "os": 0.0, "foss": 1.0, "juv": 0.0, "B": 0.49, "Q": 0.99, "w": 8.97, "h": 0.09, "S": 0.08815, "elv": "Riaelva", "km": 1.2}}, {"type": "Feature", "geometry": {"type": "LineString", "coordinates": [[10.29137, 63.65047], [10.28948, 63.65021]]}, "properties": {"P": 36.74, "tau": 179.38, "tau_c": 248.1, "omega": 391.2, "M": 0.72, "D": 0.0, "R": 0.48, "sving": 0.44, "os": 0.0, "foss": 0.72, "juv": 0.0, "B": 0.61, "Q": 5.66, "w": 16.45, "h": 0.16, "S": 0.11601, "elv": "Riaelva", "km": 1.5}}, {"type": "Feature", "geometry": {"type": "LineString", "coordinates": [[10.36212, 63.7187], [10.3601, 63.71866]]}, "properties": {"P": 23.85, "tau": 66.55, "tau_c": 193.88, "omega": 81.29, "M": 0.34, "D": 0.0, "R": 0.05, "sving": 0.73, "os": 0.13, "foss": 0.72, "juv": 0.0, "B": 0.47, "Q": 1.11, "w": 9.47, "h": 0.1, "S": 0.07085, "elv": "Storslættelva", "km": 1.4}}, {"type": "Feature", "geometry": {"type": "LineString", "coordinates": [[10.3601, 63.71866], [10.35855, 63.71878]]}, "properties": {"P": 28.59, "tau": 70.44, "tau_c": 212.39, "omega": 86.95, "M": 0.33, "D": 0.0, "R": 0.04, "sving": 0.69, "os": 0.21, "foss": 1.0, "juv": 0.0, "B": 0.47, "Q": 1.11, "w": 10.63, "h": 0.08, "S": 0.08502, "elv": "Storslættelva", "km": 1.5}}, {"type": "Feature", "geometry": {"type": "LineString", "coordinates": [[10.35855, 63.71878], [10.35869, 63.71963]]}, "properties": {"P": 32.28, "tau": 77.3, "tau_c": 237.46, "omega": 98.02, "M": 0.33, "D": 0.0, "R": 0.04, "sving": 0.85, "os": 0.29, "foss": 1.0, "juv": 0.0, "B": 0.47, "Q": 1.11, "w": 11.79, "h": 0.07, "S": 0.10628, "elv": "Storslættelva", "km": 1.6}}, {"type": "Feature", "geometry": {"type": "LineString", "coordinates": [[10.4911, 63.70575], [10.49159, 63.70491]]}, "properties": {"P": 12.14, "tau": 45.33, "tau_c": 139.97, "omega": 47.69, "M": 0.32, "D": 0.04, "R": 0.04, "sving": 0.16, "os": 0.0, "foss": 1.0, "juv": 0.0, "B": 0.31, "Q": 1.41, "w": 10.71, "h": 0.13, "S": 0.03693, "elv": "Ytterelva", "km": 0.0}}, {"type": "Feature", "geometry": {"type": "LineString", "coordinates": [[10.49159, 63.70491], [10.49271, 63.70425]]}, "properties": {"P": 17.85, "tau": 37.73, "tau_c": 122.46, "omega": 36.67, "M": 0.31, "D": 0.11, "R": 0.03, "sving": 0.15, "os": 0.0, "foss": 0.72, "juv": 0.0, "B": 0.54, "Q": 1.42, "w": 10.76, "h": 0.14, "S": 0.02827, "elv": "Ytterelva", "km": 0.1}}, {"type": "Feature", "geometry": {"type": "LineString", "coordinates": [[10.49368, 63.70012], [10.49288, 63.69948]]}, "properties": {"P": 22.4, "tau": 54.15, "tau_c": 156.96, "omega": 61.8, "M": 0.34, "D": -0.0, "R": 0.05, "sving": 0.12, "os": 0.12, "foss": 1.0, "juv": 0.0, "B": 0.55, "Q": 1.5, "w": 11.07, "h": 0.12, "S": 0.04644, "elv": "Ytterelva", "km": 0.9}}, {"type": "Feature", "geometry": {"type": "LineString", "coordinates": [[10.49288, 63.69948], [10.49137, 63.69927]]}, "properties": {"P": 23.29, "tau": 75.2, "tau_c": 197.13, "omega": 99.19, "M": 0.38, "D": -0.0, "R": 0.07, "sving": 0.35, "os": 0.18, "foss": 0.72, "juv": 0.0, "B": 0.55, "Q": 1.53, "w": 11.1, "h": 0.1, "S": 0.07325, "elv": "Ytterelva", "km": 1.0}}, {"type": "Feature", "geometry": {"type": "LineString", "coordinates": [[10.49137, 63.69927], [10.4904, 63.69875]]}, "properties": {"P": 23.94, "tau": 76.54, "tau_c": 201.89, "omega": 101.43, "M": 0.38, "D": -0.0, "R": 0.07, "sving": 0.05, "os": 0.24, "foss": 1.0, "juv": 0.0, "B": 0.55, "Q": 1.53, "w": 11.38, "h": 0.1, "S": 0.07682, "elv": "Ytterelva", "km": 1.1}}, {"type": "Feature", "geometry": {"type": "LineString", "coordinates": [[10.4904, 63.69875], [10.49023, 63.69786]]}, "properties": {"P": 39.12, "tau": 69.53, "tau_c": 190.38, "omega": 88.12, "M": 0.37, "D": -0.0, "R": 0.06, "sving": 0.85, "os": 0.34, "foss": 1.0, "juv": 0.0, "B": 0.55, "Q": 1.53, "w": 11.67, "h": 0.1, "S": 0.06831, "elv": "Ytterelva", "km": 1.2}}, {"type": "Feature", "geometry": {"type": "LineString", "coordinates": [[10.49023, 63.69786], [10.4895, 63.69705]]}, "properties": {"P": 40.0, "tau": 80.12, "tau_c": 193.33, "omega": 110.92, "M": 0.41, "D": 0.0, "R": 0.1, "sving": 0.83, "os": 0.56, "foss": 0.72, "juv": 0.0, "B": 0.57, "Q": 1.91, "w": 11.93, "h": 0.12, "S": 0.07045, "elv": "Ytterelva", "km": 1.3}}, {"type": "Feature", "geometry": {"type": "LineString", "coordinates": [[10.4895, 63.69705], [10.49081, 63.69668]]}, "properties": {"P": 37.99, "tau": 86.49, "tau_c": 206.23, "omega": 123.45, "M": 0.42, "D": 0.06, "R": 0.1, "sving": 0.49, "os": 0.91, "foss": 0.51, "juv": 0.0, "B": 0.57, "Q": 1.91, "w": 12.2, "h": 0.11, "S": 0.08016, "elv": "Ytterelva", "km": 1.4}}, {"type": "Feature", "geometry": {"type": "LineString", "coordinates": [[10.49081, 63.69668], [10.49283, 63.69665]]}, "properties": {"P": 46.58, "tau": 66.3, "tau_c": 172.11, "omega": 84.1, "M": 0.39, "D": 0.14, "R": 0.08, "sving": 0.67, "os": 0.67, "foss": 1.0, "juv": 0.0, "B": 0.57, "Q": 1.91, "w": 12.47, "h": 0.12, "S": 0.05583, "elv": "Ytterelva", "km": 1.5}}, {"type": "Feature", "geometry": {"type": "LineString", "coordinates": [[10.49283, 63.69665], [10.49461, 63.69636]]}, "properties": {"P": 34.49, "tau": 48.24, "tau_c": 136.88, "omega": 53.33, "M": 0.35, "D": 0.18, "R": 0.05, "sving": 0.22, "os": 0.41, "foss": 1.0, "juv": 0.0, "B": 0.57, "Q": 1.92, "w": 12.48, "h": 0.14, "S": 0.03531, "elv": "Ytterelva", "km": 1.6}}, {"type": "Feature", "geometry": {"type": "LineString", "coordinates": [[10.49461, 63.69636], [10.4965, 63.69621]]}, "properties": {"P": 22.76, "tau": 52.83, "tau_c": 145.84, "omega": 60.78, "M": 0.36, "D": 0.13, "R": 0.06, "sving": 0.05, "os": 0.26, "foss": 0.72, "juv": 0.0, "B": 0.57, "Q": 1.93, "w": 12.5, "h": 0.13, "S": 0.04009, "elv": "Ytterelva", "km": 1.7}}, {"type": "Feature", "geometry": {"type": "LineString", "coordinates": [[10.4965, 63.69621], [10.49849, 63.69623]]}, "properties": {"P": 25.31, "tau": 51.54, "tau_c": 143.31, "omega": 58.66, "M": 0.36, "D": 0.1, "R": 0.06, "sving": 0.05, "os": 0.16, "foss": 1.0, "juv": 0.0, "B": 0.57, "Q": 1.94, "w": 12.53, "h": 0.14, "S": 0.03871, "elv": "Ytterelva", "km": 1.8}}, {"type": "Feature", "geometry": {"type": "LineString", "coordinates": [[10.49849, 63.69623], [10.50044, 63.6961]]}, "properties": {"P": 25.39, "tau": 45.04, "tau_c": 129.9, "omega": 48.38, "M": 0.35, "D": 0.11, "R": 0.05, "sving": 0.12, "os": 0.1, "foss": 1.0, "juv": 0.0, "B": 0.57, "Q": 1.95, "w": 12.55, "h": 0.14, "S": 0.03181, "elv": "Ytterelva", "km": 1.9}}, {"type": "Feature", "geometry": {"type": "LineString", "coordinates": [[10.50044, 63.6961], [10.50222, 63.69569]]}, "properties": {"P": 20.17, "tau": 35.8, "tau_c": 110.11, "omega": 34.82, "M": 0.33, "D": 0.14, "R": 0.04, "sving": 0.12, "os": 0.06, "foss": 0.72, "juv": 0.0, "B": 0.57, "Q": 1.95, "w": 12.57, "h": 0.16, "S": 0.02285, "elv": "Ytterelva", "km": 2.0}}, {"type": "Feature", "geometry": {"type": "LineString", "coordinates": [[10.50222, 63.69569], [10.50398, 63.69527]]}, "properties": {"P": 16.71, "tau": 39.26, "tau_c": 117.52, "omega": 39.75, "M": 0.33, "D": 0.12, "R": 0.04, "sving": 0.21, "os": 0.0, "foss": 0.51, "juv": 0.0, "B": 0.57, "Q": 1.96, "w": 12.59, "h": 0.15, "S": 0.02603, "elv": "Ytterelva", "km": 2.1}}, {"type": "Feature", "geometry": {"type": "LineString", "coordinates": [[10.50398, 63.69527], [10.50581, 63.69502]]}, "properties": {"P": 14.66, "tau": 33.48, "tau_c": 104.86, "omega": 31.63, "M": 0.32, "D": 0.12, "R": 0.04, "sving": 0.25, "os": 0.0, "foss": 0.37, "juv": 0.0, "B": 0.57, "Q": 1.96, "w": 12.63, "h": 0.16, "S": 0.02073, "elv": "Ytterelva", "km": 2.2}}, {"type": "Feature", "geometry": {"type": "LineString", "coordinates": [[10.50581, 63.69502], [10.5073, 63.69446]]}, "properties": {"P": 7.01, "tau": 29.29, "tau_c": 95.31, "omega": 26.1, "M": 0.31, "D": 0.09, "R": 0.03, "sving": 0.23, "os": 0.0, "foss": 0.0, "juv": 0.0, "B": 0.57, "Q": 1.97, "w": 12.65, "h": 0.17, "S": 0.01712, "elv": "Ytterelva", "km": 2.3}}, {"type": "Feature", "geometry": {"type": "LineString", "coordinates": [[10.5073, 63.69446], [10.50813, 63.69366]]}, "properties": {"P": 6.16, "tau": 29.45, "tau_c": 95.31, "omega": 26.34, "M": 0.31, "D": 0.06, "R": 0.03, "sving": 0.22, "os": 0.0, "foss": 0.0, "juv": 0.0, "B": 0.57, "Q": 1.99, "w": 12.72, "h": 0.18, "S": 0.01712, "elv": "Ytterelva", "km": 2.4}}, {"type": "Feature", "geometry": {"type": "LineString", "coordinates": [[10.50813, 63.69366], [10.50995, 63.69376]]}, "properties": {"P": 3.51, "tau": 30.53, "tau_c": 98.01, "omega": 27.72, "M": 0.31, "D": 0.04, "R": 0.03, "sving": 0.09, "os": 0.0, "foss": 0.0, "juv": 0.0, "B": 0.57, "Q": 1.99, "w": 12.78, "h": 0.17, "S": 0.01811, "elv": "Ytterelva", "km": 2.5}}, {"type": "Feature", "geometry": {"type": "LineString", "coordinates": [[10.50995, 63.69376], [10.51174, 63.69399]]}, "properties": {"P": 3.4, "tau": 29.23, "tau_c": 93.97, "omega": 26.13, "M": 0.31, "D": 0.02, "R": 0.03, "sving": 0.11, "os": 0.0, "foss": 0.0, "juv": 0.0, "B": 0.57, "Q": 2.07, "w": 12.91, "h": 0.18, "S": 0.01665, "elv": "Ytterelva", "km": 2.6}}, {"type": "Feature", "geometry": {"type": "LineString", "coordinates": [[10.51266, 63.6934], [10.51397, 63.69275]]}, "properties": {"P": 19.08, "tau": 32.48, "tau_c": 100.08, "omega": 30.54, "M": 0.32, "D": -0.0, "R": 0.04, "sving": 0.29, "os": 0.0, "foss": 0.72, "juv": 0.0, "B": 0.58, "Q": 2.16, "w": 13.12, "h": 0.18, "S": 0.01888, "elv": "Ytterelva", "km": 2.8}}, {"type": "Feature", "geometry": {"type": "LineString", "coordinates": [[10.51397, 63.69275], [10.51544, 63.69219]]}, "properties": {"P": 11.53, "tau": 34.41, "tau_c": 104.49, "omega": 33.16, "M": 0.33, "D": -0.0, "R": 0.04, "sving": 0.07, "os": 0.0, "foss": 0.51, "juv": 0.0, "B": 0.58, "Q": 2.17, "w": 13.2, "h": 0.17, "S": 0.02058, "elv": "Ytterelva", "km": 2.9}}, {"type": "Feature", "geometry": {"type": "LineString", "coordinates": [[10.51544, 63.69219], [10.51717, 63.69178]]}, "properties": {"P": 22.48, "tau": 35.42, "tau_c": 104.49, "omega": 34.75, "M": 0.34, "D": -0.0, "R": 0.05, "sving": 0.18, "os": 0.0, "foss": 1.0, "juv": 0.0, "B": 0.58, "Q": 2.17, "w": 12.62, "h": 0.18, "S": 0.02058, "elv": "Ytterelva", "km": 3.0}}, {"type": "Feature", "geometry": {"type": "LineString", "coordinates": [[10.51717, 63.69178], [10.51859, 63.69115]]}, "properties": {"P": 23.49, "tau": 32.98, "tau_c": 98.96, "omega": 31.4, "M": 0.33, "D": -0.0, "R": 0.04, "sving": 0.24, "os": 0.0, "foss": 1.0, "juv": 0.0, "B": 0.58, "Q": 2.19, "w": 12.64, "h": 0.18, "S": 0.01846, "elv": "Ytterelva", "km": 3.1}}, {"type": "Feature", "geometry": {"type": "LineString", "coordinates": [[10.51859, 63.69115], [10.52043, 63.69085]]}, "properties": {"P": 14.98, "tau": 35.91, "tau_c": 105.17, "omega": 35.47, "M": 0.34, "D": 0.01, "R": 0.05, "sving": 0.03, "os": 0.0, "foss": 0.72, "juv": 0.0, "B": 0.58, "Q": 2.2, "w": 12.66, "h": 0.18, "S": 0.02085, "elv": "Ytterelva", "km": 3.2}}, {"type": "Feature", "geometry": {"type": "LineString", "coordinates": [[10.52043, 63.69085], [10.52242, 63.6908]]}, "properties": {"P": 13.18, "tau": 37.45, "tau_c": 105.83, "omega": 37.91, "M": 0.35, "D": 0.05, "R": 0.06, "sving": 0.07, "os": 0.0, "foss": 0.51, "juv": 0.0, "B": 0.58, "Q": 2.2, "w": 12.01, "h": 0.18, "S": 0.02111, "elv": "Ytterelva", "km": 3.3}}, {"type": "Feature", "geometry": {"type": "LineString", "coordinates": [[10.52242, 63.6908], [10.52427, 63.69045]]}, "properties": {"P": 10.48, "tau": 31.03, "tau_c": 92.37, "omega": 28.95, "M": 0.34, "D": 0.05, "R": 0.04, "sving": 0.08, "os": 0.0, "foss": 0.37, "juv": 0.0, "B": 0.58, "Q": 2.21, "w": 12.06, "h": 0.2, "S": 0.01608, "elv": "Ytterelva", "km": 3.4}}, {"type": "Feature", "geometry": {"type": "LineString", "coordinates": [[10.52427, 63.69045], [10.52592, 63.68993]]}, "properties": {"P": 3.95, "tau": 25.97, "tau_c": 83.2, "omega": 22.29, "M": 0.31, "D": 0.04, "R": 0.03, "sving": 0.11, "os": 0.0, "foss": 0.0, "juv": 0.0, "B": 0.58, "Q": 2.22, "w": 12.77, "h": 0.2, "S": 0.01305, "elv": "Ytterelva", "km": 3.5}}, {"type": "Feature", "geometry": {"type": "LineString", "coordinates": [[10.52592, 63.68993], [10.52789, 63.6898]]}, "properties": {"P": 2.38, "tau": 37.69, "tau_c": 108.01, "omega": 38.12, "M": 0.35, "D": -0.0, "R": 0.05, "sving": 0.05, "os": 0.0, "foss": 0.0, "juv": 0.0, "B": 0.58, "Q": 2.27, "w": 12.82, "h": 0.17, "S": 0.02199, "elv": "Ytterelva", "km": 3.6}}, {"type": "Feature", "geometry": {"type": "LineString", "coordinates": [[10.52789, 63.6898], [10.52978, 63.68949]]}, "properties": {"P": 4.66, "tau": 38.64, "tau_c": 109.94, "omega": 39.52, "M": 0.35, "D": -0.0, "R": 0.05, "sving": 0.09, "os": 0.08, "foss": 0.0, "juv": 0.0, "B": 0.58, "Q": 2.27, "w": 12.86, "h": 0.17, "S": 0.02278, "elv": "Ytterelva", "km": 3.7}}, {"type": "Feature", "geometry": {"type": "LineString", "coordinates": [[10.52978, 63.68949], [10.53155, 63.68927]]}, "properties": {"P": 22.52, "tau": 40.21, "tau_c": 115.78, "omega": 41.59, "M": 0.35, "D": -0.0, "R": 0.05, "sving": 0.05, "os": 0.12, "foss": 1.0, "juv": 0.0, "B": 0.58, "Q": 2.28, "w": 13.58, "h": 0.16, "S": 0.02527, "elv": "Ytterelva", "km": 3.8}}, {"type": "Feature", "geometry": {"type": "LineString", "coordinates": [[10.53155, 63.68927], [10.5334, 63.68896]]}, "properties": {"P": 19.57, "tau": 43.61, "tau_c": 122.68, "omega": 46.74, "M": 0.36, "D": -0.0, "R": 0.06, "sving": 0.08, "os": 0.2, "foss": 0.72, "juv": 0.0, "B": 0.58, "Q": 2.28, "w": 13.6, "h": 0.16, "S": 0.02837, "elv": "Ytterelva", "km": 3.9}}, {"type": "Feature", "geometry": {"type": "LineString", "coordinates": [[10.5334, 63.68896], [10.53533, 63.68872]]}, "properties": {"P": 30.14, "tau": 44.25, "tau_c": 124.46, "omega": 47.66, "M": 0.36, "D": 0.04, "R": 0.06, "sving": 0.22, "os": 0.32, "foss": 1.0, "juv": 0.0, "B": 0.58, "Q": 2.29, "w": 13.74, "h": 0.15, "S": 0.02919, "elv": "Ytterelva", "km": 4.0}}, {"type": "Feature", "geometry": {"type": "LineString", "coordinates": [[10.53533, 63.68872], [10.53701, 63.68824]]}, "properties": {"P": 32.1, "tau": 41.16, "tau_c": 119.79, "omega": 42.8, "M": 0.34, "D": 0.09, "R": 0.05, "sving": 0.35, "os": 0.51, "foss": 0.72, "juv": 0.0, "B": 0.58, "Q": 2.29, "w": 14.19, "h": 0.16, "S": 0.02705, "elv": "Ytterelva", "km": 4.1}}, {"type": "Feature", "geometry": {"type": "LineString", "coordinates": [[10.53701, 63.68824], [10.53833, 63.68756]]}, "properties": {"P": 34.98, "tau": 32.53, "tau_c": 98.54, "omega": 30.8, "M": 0.33, "D": 0.16, "R": 0.04, "sving": 0.28, "os": 0.84, "foss": 0.51, "juv": 0.0, "B": 0.59, "Q": 2.51, "w": 14.64, "h": 0.18, "S": 0.0183, "elv": "Ytterelva", "km": 4.2}}, {"type": "Feature", "geometry": {"type": "LineString", "coordinates": [[10.53833, 63.68756], [10.53883, 63.68674]]}, "properties": {"P": 27.74, "tau": 30.06, "tau_c": 86.08, "omega": 28.18, "M": 0.35, "D": 0.19, "R": 0.05, "sving": 0.06, "os": 0.72, "foss": 0.37, "juv": 0.0, "B": 0.6, "Q": 3.11, "w": 15.1, "h": 0.22, "S": 0.01396, "elv": "Ytterelva", "km": 4.3}}, {"type": "Feature", "geometry": {"type": "LineString", "coordinates": [[10.53883, 63.68674], [10.54042, 63.68711]]}, "properties": {"P": 26.67, "tau": 24.63, "tau_c": 75.53, "omega": 21.1, "M": 0.33, "D": 0.21, "R": 0.04, "sving": 0.09, "os": 0.99, "foss": 0.0, "juv": 0.0, "B": 0.6, "Q": 3.11, "w": 15.55, "h": 0.23, "S": 0.01075, "elv": "Ytterelva", "km": 4.4}}, {"type": "Feature", "geometry": {"type": "LineString", "coordinates": [[10.54042, 63.68711], [10.54199, 63.68679]]}, "properties": {"P": 24.55, "tau": 19.89, "tau_c": 65.36, "omega": 15.49, "M": 0.3, "D": 0.2, "R": 0.03, "sving": 0.35, "os": 0.64, "foss": 0.0, "juv": 0.0, "B": 0.6, "Q": 3.11, "w": 15.88, "h": 0.25, "S": 0.00805, "elv": "Ytterelva", "km": 4.5}}, {"type": "Feature", "geometry": {"type": "LineString", "coordinates": [[10.54651, 63.68535], [10.54818, 63.68486]]}, "properties": {"P": 4.6, "tau": 23.3, "tau_c": 72.85, "omega": 19.48, "M": 0.32, "D": 0.0, "R": 0.04, "sving": 0.06, "os": 0.13, "foss": 0.0, "juv": 0.0, "B": 0.61, "Q": 3.17, "w": 15.99, "h": 0.24, "S": 0.01, "elv": "Ytterelva", "km": 4.9}}, {"type": "Feature", "geometry": {"type": "LineString", "coordinates": [[10.55126, 63.68406], [10.55264, 63.68375]]}, "properties": {"P": 3.03, "tau": 21.01, "tau_c": 67.65, "omega": 16.79, "M": 0.31, "D": 0.02, "R": 0.03, "sving": 0.08, "os": 0.0, "foss": 0.0, "juv": 0.0, "B": 0.61, "Q": 3.19, "w": 16.06, "h": 0.25, "S": 0.00863, "elv": "Ytterelva", "km": 5.2}}, {"type": "Feature", "geometry": {"type": "LineString", "coordinates": [[10.55264, 63.68375], [10.55449, 63.68358]]}, "properties": {"P": 6.2, "tau": 31.11, "tau_c": 89.63, "omega": 29.49, "M": 0.35, "D": 0.0, "R": 0.05, "sving": 0.25, "os": 0.0, "foss": 0.0, "juv": 0.0, "B": 0.61, "Q": 3.19, "w": 16.07, "h": 0.21, "S": 0.01514, "elv": "Ytterelva", "km": 5.3}}, {"type": "Feature", "geometry": {"type": "LineString", "coordinates": [[10.55449, 63.68358], [10.55636, 63.6833]]}, "properties": {"P": 4.36, "tau": 32.97, "tau_c": 93.44, "omega": 32.06, "M": 0.35, "D": 0.02, "R": 0.05, "sving": 0.11, "os": 0.0, "foss": 0.0, "juv": 0.0, "B": 0.61, "Q": 3.19, "w": 16.08, "h": 0.2, "S": 0.01646, "elv": "Ytterelva", "km": 5.4}}, {"type": "Feature", "geometry": {"type": "LineString", "coordinates": [[10.55636, 63.6833], [10.55831, 63.68343]]}, "properties": {"P": 22.33, "tau": 26.71, "tau_c": 80.32, "omega": 23.69, "M": 0.33, "D": 0.05, "R": 0.04, "sving": 0.06, "os": 0.0, "foss": 1.0, "juv": 0.0, "B": 0.61, "Q": 3.2, "w": 16.1, "h": 0.22, "S": 0.01216, "elv": "Ytterelva", "km": 5.5}}, {"type": "Feature", "geometry": {"type": "LineString", "coordinates": [[10.55831, 63.68343], [10.56028, 63.68327]]}, "properties": {"P": 19.0, "tau": 26.7, "tau_c": 80.32, "omega": 23.68, "M": 0.33, "D": 0.06, "R": 0.04, "sving": 0.14, "os": 0.0, "foss": 0.72, "juv": 0.0, "B": 0.61, "Q": 3.2, "w": 16.11, "h": 0.22, "S": 0.01216, "elv": "Ytterelva", "km": 5.6}}, {"type": "Feature", "geometry": {"type": "LineString", "coordinates": [[10.56028, 63.68327], [10.56216, 63.68297]]}, "properties": {"P": 16.72, "tau": 28.45, "tau_c": 83.94, "omega": 25.95, "M": 0.34, "D": 0.12, "R": 0.05, "sving": 0.14, "os": 0.0, "foss": 0.51, "juv": 0.0, "B": 0.61, "Q": 3.21, "w": 16.13, "h": 0.22, "S": 0.01328, "elv": "Ytterelva", "km": 5.7}}, {"type": "Feature", "geometry": {"type": "LineString", "coordinates": [[10.56216, 63.68297], [10.56415, 63.68301]]}, "properties": {"P": 14.36, "tau": 23.83, "tau_c": 73.87, "omega": 20.13, "M": 0.32, "D": 0.23, "R": 0.04, "sving": 0.03, "os": 0.0, "foss": 0.37, "juv": 0.0, "B": 0.61, "Q": 3.22, "w": 16.16, "h": 0.24, "S": 0.01029, "elv": "Ytterelva", "km": 5.8}}, {"type": "Feature", "geometry": {"type": "LineString", "coordinates": [[10.56809, 63.68273], [10.56996, 63.6824]]}, "properties": {"P": 13.02, "tau": 34.67, "tau_c": 96.56, "omega": 34.49, "M": 0.36, "D": 0.0, "R": 0.06, "sving": 0.6, "os": 0.0, "foss": 0.0, "juv": 0.0, "B": 0.61, "Q": 3.26, "w": 16.29, "h": 0.2, "S": 0.01757, "elv": "Ytterelva", "km": 6.1}}, {"type": "Feature", "geometry": {"type": "LineString", "coordinates": [[10.56996, 63.6824], [10.57132, 63.68199]]}, "properties": {"P": 9.08, "tau": 44.45, "tau_c": 110.6, "omega": 49.84, "M": 0.4, "D": 0.0, "R": 0.09, "sving": 0.33, "os": 0.0, "foss": 0.0, "juv": 0.0, "B": 0.61, "Q": 3.32, "w": 15.06, "h": 0.2, "S": 0.02306, "elv": "Ytterelva", "km": 6.2}}, {"type": "Feature", "geometry": {"type": "LineString", "coordinates": [[10.57132, 63.68199], [10.57099, 63.6814]]}, "properties": {"P": 29.39, "tau": 48.2, "tau_c": 117.33, "omega": 55.97, "M": 0.41, "D": 0.0, "R": 0.1, "sving": 0.4, "os": 0.0, "foss": 1.0, "juv": 0.0, "B": 0.61, "Q": 3.32, "w": 15.09, "h": 0.19, "S": 0.02595, "elv": "Ytterelva", "km": 6.3}}, {"type": "Feature", "geometry": {"type": "LineString", "coordinates": [[10.57099, 63.6814], [10.57208, 63.68068]]}, "properties": {"P": 31.78, "tau": 46.38, "tau_c": 114.27, "omega": 52.95, "M": 0.41, "D": 0.0, "R": 0.09, "sving": 0.53, "os": 0.0, "foss": 1.0, "juv": 0.0, "B": 0.61, "Q": 3.32, "w": 15.14, "h": 0.19, "S": 0.02461, "elv": "Ytterelva", "km": 6.4}}, {"type": "Feature", "geometry": {"type": "LineString", "coordinates": [[10.57208, 63.68068], [10.57235, 63.6798]]}, "properties": {"P": 17.36, "tau": 46.41, "tau_c": 114.27, "omega": 53.0, "M": 0.41, "D": 0.0, "R": 0.09, "sving": 0.05, "os": 0.0, "foss": 0.72, "juv": 0.0, "B": 0.61, "Q": 3.33, "w": 15.17, "h": 0.19, "S": 0.02461, "elv": "Ytterelva", "km": 6.5}}, {"type": "Feature", "geometry": {"type": "LineString", "coordinates": [[10.57235, 63.6798], [10.57157, 63.67909]]}, "properties": {"P": 20.57, "tau": 48.36, "tau_c": 117.23, "omega": 56.29, "M": 0.41, "D": 0.0, "R": 0.1, "sving": 0.41, "os": 0.0, "foss": 0.51, "juv": 0.0, "B": 0.61, "Q": 3.36, "w": 15.19, "h": 0.19, "S": 0.0259, "elv": "Ytterelva", "km": 6.6}}, {"type": "Feature", "geometry": {"type": "LineString", "coordinates": [[10.57157, 63.67909], [10.5709, 63.67834]]}, "properties": {"P": 25.64, "tau": 62.91, "tau_c": 146.78, "omega": 81.27, "M": 0.43, "D": 0.0, "R": 0.11, "sving": 0.8, "os": 0.0, "foss": 0.37, "juv": 0.0, "B": 0.61, "Q": 3.36, "w": 16.49, "h": 0.16, "S": 0.04061, "elv": "Ytterelva", "km": 6.7}}, {"type": "Feature", "geometry": {"type": "LineString", "coordinates": [[10.5709, 63.67834], [10.57283, 63.67844]]}, "properties": {"P": 19.66, "tau": 71.64, "tau_c": 161.19, "omega": 97.9, "M": 0.44, "D": 0.0, "R": 0.13, "sving": 0.83, "os": 0.0, "foss": 0.0, "juv": 0.0, "B": 0.61, "Q": 3.36, "w": 16.51, "h": 0.15, "S": 0.04897, "elv": "Ytterelva", "km": 6.8}}, {"type": "Feature", "geometry": {"type": "LineString", "coordinates": [[10.57283, 63.67844], [10.57418, 63.67895]]}, "properties": {"P": 34.0, "tau": 71.91, "tau_c": 161.64, "omega": 98.42, "M": 0.44, "D": 0.0, "R": 0.13, "sving": 0.59, "os": 0.0, "foss": 1.0, "juv": 0.0, "B": 0.61, "Q": 3.36, "w": 16.52, "h": 0.15, "S": 0.04924, "elv": "Ytterelva", "km": 6.9}}, {"type": "Feature", "geometry": {"type": "LineString", "coordinates": [[10.57418, 63.67895], [10.57599, 63.67911]]}, "properties": {"P": 24.16, "tau": 74.97, "tau_c": 166.43, "omega": 104.49, "M": 0.45, "D": 0.0, "R": 0.13, "sving": 0.06, "os": 0.0, "foss": 1.0, "juv": 0.0, "B": 0.61, "Q": 3.37, "w": 16.52, "h": 0.15, "S": 0.05221, "elv": "Ytterelva", "km": 7.0}}, {"type": "Feature", "geometry": {"type": "LineString", "coordinates": [[10.57599, 63.67911], [10.57784, 63.67878]]}, "properties": {"P": 21.92, "tau": 75.17, "tau_c": 166.75, "omega": 104.89, "M": 0.45, "D": 0.05, "R": 0.13, "sving": 0.15, "os": 0.0, "foss": 0.72, "juv": 0.0, "B": 0.61, "Q": 3.37, "w": 16.53, "h": 0.15, "S": 0.05241, "elv": "Ytterelva", "km": 7.1}}, {"type": "Feature", "geometry": {"type": "LineString", "coordinates": [[10.57784, 63.67878], [10.57984, 63.67875]]}, "properties": {"P": 22.0, "tau": 76.24, "tau_c": 168.44, "omega": 107.05, "M": 0.45, "D": 0.15, "R": 0.14, "sving": 0.23, "os": 0.0, "foss": 0.51, "juv": 0.0, "B": 0.61, "Q": 3.38, "w": 16.56, "h": 0.15, "S": 0.05348, "elv": "Ytterelva", "km": 7.2}}, {"type": "Feature", "geometry": {"type": "LineString", "coordinates": [[10.57984, 63.67875], [10.58168, 63.679]]}, "properties": {"P": 18.31, "tau": 48.4, "tau_c": 121.63, "omega": 55.81, "M": 0.4, "D": 0.21, "R": 0.09, "sving": 0.18, "os": 0.0, "foss": 0.37, "juv": 0.0, "B": 0.61, "Q": 3.38, "w": 16.58, "h": 0.18, "S": 0.02788, "elv": "Ytterelva", "km": 7.3}}, {"type": "Feature", "geometry": {"type": "LineString", "coordinates": [[10.58168, 63.679], [10.58307, 63.67964]]}, "properties": {"P": 6.05, "tau": 30.35, "tau_c": 86.73, "omega": 28.61, "M": 0.35, "D": 0.16, "R": 0.05, "sving": 0.02, "os": 0.0, "foss": 0.0, "juv": 0.0, "B": 0.61, "Q": 3.42, "w": 16.62, "h": 0.22, "S": 0.01418, "elv": "Ytterelva", "km": 7.4}}, {"type": "Feature", "geometry": {"type": "LineString", "coordinates": [[10.58307, 63.67964], [10.5842, 63.67906]]}, "properties": {"P": 5.83, "tau": 56.72, "tau_c": 135.86, "omega": 70.13, "M": 0.42, "D": 0.06, "R": 0.1, "sving": 0.05, "os": 0.0, "foss": 0.0, "juv": 0.0, "B": 0.61, "Q": 3.42, "w": 16.65, "h": 0.17, "S": 0.03479, "elv": "Ytterelva", "km": 7.5}}, {"type": "Feature", "geometry": {"type": "LineString", "coordinates": [[10.5842, 63.67906], [10.58585, 63.679]]}, "properties": {"P": 13.68, "tau": 63.09, "tau_c": 146.32, "omega": 81.75, "M": 0.43, "D": 0.0, "R": 0.12, "sving": 0.53, "os": 0.0, "foss": 0.0, "juv": 0.0, "B": 0.61, "Q": 3.45, "w": 16.69, "h": 0.16, "S": 0.04035, "elv": "Ytterelva", "km": 7.6}}, {"type": "Feature", "geometry": {"type": "LineString", "coordinates": [[10.58585, 63.679], [10.58773, 63.67914]]}, "properties": {"P": 25.67, "tau": 73.17, "tau_c": 156.86, "omega": 102.14, "M": 0.47, "D": 0.0, "R": 0.15, "sving": 0.04, "os": 0.07, "foss": 1.0, "juv": 0.0, "B": 0.61, "Q": 3.45, "w": 15.36, "h": 0.16, "S": 0.04637, "elv": "Ytterelva", "km": 7.7}}, {"type": "Feature", "geometry": {"type": "LineString", "coordinates": [[10.58773, 63.67914], [10.58931, 63.67865]]}, "properties": {"P": 33.21, "tau": 88.22, "tau_c": 172.06, "omega": 135.08, "M": 0.51, "D": 0.0, "R": 0.2, "sving": 0.33, "os": 0.09, "foss": 1.0, "juv": 0.0, "B": 0.61, "Q": 3.46, "w": 14.03, "h": 0.16, "S": 0.0558, "elv": "Ytterelva", "km": 7.8}}, {"type": "Feature", "geometry": {"type": "LineString", "coordinates": [[10.58931, 63.67865], [10.59048, 63.67792]]}, "properties": {"P": 38.52, "tau": 98.31, "tau_c": 177.59, "omega": 159.73, "M": 0.55, "D": 0.02, "R": 0.25, "sving": 0.46, "os": 0.14, "foss": 1.0, "juv": 0.0, "B": 0.61, "Q": 3.48, "w": 12.69, "h": 0.17, "S": 0.05944, "elv": "Ytterelva", "km": 7.9}}, {"type": "Feature", "geometry": {"type": "LineString", "coordinates": [[10.59048, 63.67792], [10.59162, 63.67719]]}, "properties": {"P": 35.47, "tau": 103.16, "tau_c": 184.38, "omega": 171.04, "M": 0.56, "D": 0.04, "R": 0.26, "sving": 0.16, "os": 0.23, "foss": 1.0, "juv": 0.0, "B": 0.61, "Q": 3.48, "w": 12.8, "h": 0.16, "S": 0.06407, "elv": "Ytterelva", "km": 8.0}}, {"type": "Feature", "geometry": {"type": "LineString", "coordinates": [[10.59162, 63.67719], [10.59263, 63.67641]]}, "properties": {"P": 37.63, "tau": 77.33, "tau_c": 150.39, "omega": 113.0, "M": 0.51, "D": 0.07, "R": 0.2, "sving": 0.17, "os": 0.37, "foss": 1.0, "juv": 0.0, "B": 0.61, "Q": 3.48, "w": 12.89, "h": 0.18, "S": 0.04263, "elv": "Ytterelva", "km": 8.1}}, {"type": "Feature", "geometry": {"type": "LineString", "coordinates": [[10.59263, 63.67641], [10.59365, 63.67564]]}, "properties": {"P": 33.85, "tau": 83.81, "tau_c": 163.37, "omega": 126.12, "M": 0.51, "D": 0.06, "R": 0.2, "sving": 0.03, "os": 0.62, "foss": 0.72, "juv": 0.0, "B": 0.62, "Q": 3.67, "w": 14.35, "h": 0.17, "S": 0.0503, "elv": "Ytterelva", "km": 8.2}}, {"type": "Feature", "geometry": {"type": "LineString", "coordinates": [[10.59365, 63.67564], [10.5954, 63.67523]]}, "properties": {"P": 41.39, "tau": 86.59, "tau_c": 174.57, "omega": 130.62, "M": 0.5, "D": 0.05, "R": 0.18, "sving": 0.3, "os": 0.98, "foss": 0.51, "juv": 0.0, "B": 0.62, "Q": 3.67, "w": 15.82, "h": 0.15, "S": 0.05744, "elv": "Ytterelva", "km": 8.3}}, {"type": "Feature", "geometry": {"type": "LineString", "coordinates": [[10.5954, 63.67523], [10.59665, 63.67454]]}, "properties": {"P": 44.89, "tau": 78.25, "tau_c": 168.36, "omega": 111.83, "M": 0.46, "D": 0.05, "R": 0.15, "sving": 0.44, "os": 0.6, "foss": 1.0, "juv": 0.0, "B": 0.62, "Q": 3.69, "w": 17.3, "h": 0.15, "S": 0.05342, "elv": "Ytterelva", "km": 8.4}}, {"type": "Feature", "geometry": {"type": "LineString", "coordinates": [[10.59665, 63.67454], [10.59851, 63.67433]]}, "properties": {"P": 33.61, "tau": 75.31, "tau_c": 163.42, "omega": 105.94, "M": 0.46, "D": 0.06, "R": 0.14, "sving": 0.06, "os": 0.38, "foss": 1.0, "juv": 0.0, "B": 0.62, "Q": 3.72, "w": 17.33, "h": 0.15, "S": 0.05034, "elv": "Ytterelva", "km": 8.5}}, {"type": "Feature", "geometry": {"type": "LineString", "coordinates": [[10.59851, 63.67433], [10.60049, 63.67444]]}, "properties": {"P": 30.98, "tau": 71.71, "tau_c": 157.85, "omega": 98.75, "M": 0.45, "D": 0.08, "R": 0.14, "sving": 0.04, "os": 0.24, "foss": 1.0, "juv": 0.0, "B": 0.62, "Q": 3.72, "w": 17.36, "h": 0.16, "S": 0.04696, "elv": "Ytterelva", "km": 8.6}}, {"type": "Feature", "geometry": {"type": "LineString", "coordinates": [[10.60049, 63.67444], [10.60209, 63.67391]]}, "properties": {"P": 31.71, "tau": 71.26, "tau_c": 156.95, "omega": 97.9, "M": 0.45, "D": 0.11, "R": 0.14, "sving": 0.41, "os": 0.16, "foss": 0.72, "juv": 0.0, "B": 0.62, "Q": 3.74, "w": 17.39, "h": 0.16, "S": 0.04643, "elv": "Ytterelva", "km": 8.7}}, {"type": "Feature", "geometry": {"type": "LineString", "coordinates": [[10.60209, 63.67391], [10.60316, 63.67315]]}, "properties": {"P": 29.22, "tau": 57.87, "tau_c": 135.4, "omega": 72.62, "M": 0.43, "D": 0.18, "R": 0.11, "sving": 0.45, "os": 0.15, "foss": 0.51, "juv": 0.0, "B": 0.62, "Q": 3.74, "w": 17.46, "h": 0.17, "S": 0.03455, "elv": "Ytterelva", "km": 8.8}}, {"type": "Feature", "geometry": {"type": "LineString", "coordinates": [[10.60316, 63.67315], [10.6036, 63.67228]]}, "properties": {"P": 21.92, "tau": 46.94, "tau_c": 112.01, "omega": 54.38, "M": 0.42, "D": 0.22, "R": 0.1, "sving": 0.07, "os": 0.24, "foss": 0.37, "juv": 0.0, "B": 0.62, "Q": 3.75, "w": 15.99, "h": 0.2, "S": 0.02365, "elv": "Ytterelva", "km": 8.9}}, {"type": "Feature", "geometry": {"type": "LineString", "coordinates": [[10.6036, 63.67228], [10.60457, 63.6715]]}, "properties": {"P": 16.71, "tau": 38.57, "tau_c": 91.79, "omega": 41.65, "M": 0.42, "D": 0.21, "R": 0.11, "sving": 0.03, "os": 0.39, "foss": 0.0, "juv": 0.0, "B": 0.62, "Q": 3.88, "w": 14.51, "h": 0.25, "S": 0.01588, "elv": "Ytterelva", "km": 9.0}}, {"type": "Feature", "geometry": {"type": "LineString", "coordinates": [[10.60457, 63.6715], [10.60594, 63.67084]]}, "properties": {"P": 18.52, "tau": 30.97, "tau_c": 78.56, "omega": 30.36, "M": 0.39, "D": 0.14, "R": 0.08, "sving": 0.01, "os": 0.63, "foss": 0.0, "juv": 0.0, "B": 0.62, "Q": 3.88, "w": 14.6, "h": 0.27, "S": 0.01163, "elv": "Ytterelva", "km": 9.1}}, {"type": "Feature", "geometry": {"type": "LineString", "coordinates": [[10.60594, 63.67084], [10.60685, 63.67008]]}, "properties": {"P": 25.07, "tau": 36.25, "tau_c": 88.11, "omega": 38.06, "M": 0.41, "D": 0.06, "R": 0.1, "sving": 0.11, "os": 0.96, "foss": 0.0, "juv": 0.0, "B": 0.62, "Q": 3.89, "w": 14.69, "h": 0.25, "S": 0.01463, "elv": "Ytterelva", "km": 9.2}}, {"type": "Feature", "geometry": {"type": "LineString", "coordinates": [[10.60685, 63.67008], [10.60724, 63.6692]]}, "properties": {"P": 18.28, "tau": 35.96, "tau_c": 87.33, "omega": 37.66, "M": 0.41, "D": 0.06, "R": 0.1, "sving": 0.11, "os": 0.59, "foss": 0.0, "juv": 0.0, "B": 0.62, "Q": 3.93, "w": 14.71, "h": 0.25, "S": 0.01437, "elv": "Ytterelva", "km": 9.3}}, {"type": "Feature", "geometry": {"type": "LineString", "coordinates": [[10.60724, 63.6692], [10.60766, 63.66838]]}, "properties": {"P": 13.26, "tau": 30.88, "tau_c": 81.83, "omega": 29.94, "M": 0.38, "D": 0.09, "R": 0.07, "sving": 0.08, "os": 0.37, "foss": 0.0, "juv": 0.0, "B": 0.62, "Q": 3.94, "w": 16.29, "h": 0.25, "S": 0.01262, "elv": "Ytterelva", "km": 9.4}}, {"type": "Feature", "geometry": {"type": "LineString", "coordinates": [[10.60766, 63.66838], [10.60856, 63.66757]]}, "properties": {"P": 15.58, "tau": 25.09, "tau_c": 73.44, "omega": 21.99, "M": 0.34, "D": 0.09, "R": 0.05, "sving": 0.38, "os": 0.23, "foss": 0.0, "juv": 0.0, "B": 0.62, "Q": 3.94, "w": 17.86, "h": 0.25, "S": 0.01016, "elv": "Ytterelva", "km": 9.5}}, {"type": "Feature", "geometry": {"type": "LineString", "coordinates": [[10.60856, 63.66757], [10.60911, 63.66671]]}, "properties": {"P": 14.23, "tau": 28.49, "tau_c": 80.44, "omega": 26.39, "M": 0.35, "D": 0.04, "R": 0.06, "sving": 0.37, "os": 0.22, "foss": 0.0, "juv": 0.0, "B": 0.62, "Q": 3.94, "w": 17.86, "h": 0.24, "S": 0.0122, "elv": "Ytterelva", "km": 9.6}}, {"type": "Feature", "geometry": {"type": "LineString", "coordinates": [[10.60911, 63.66671], [10.61072, 63.66644]]}, "properties": {"P": 15.97, "tau": 32.05, "tau_c": 87.55, "omega": 31.26, "M": 0.37, "D": 0.02, "R": 0.06, "sving": 0.37, "os": 0.33, "foss": 0.0, "juv": 0.0, "B": 0.62, "Q": 3.94, "w": 17.86, "h": 0.23, "S": 0.01445, "elv": "Ytterelva", "km": 9.7}}, {"type": "Feature", "geometry": {"type": "LineString", "coordinates": [[10.41868, 63.67373], [10.4185, 63.67456]]}, "properties": {"P": 15.26, "tau": 65.81, "tau_c": 198.59, "omega": 79.13, "M": 0.33, "D": -0.0, "R": 0.04, "sving": 0.07, "os": 0.0, "foss": 1.0, "juv": 0.0, "B": 0.43, "Q": 0.95, "w": 8.74, "h": 0.09, "S": 0.07434, "elv": "Aunbubekken", "km": 0.8}}, {"type": "Feature", "geometry": {"type": "LineString", "coordinates": [[10.4185, 63.67456], [10.41734, 63.67521]]}, "properties": {"P": 16.04, "tau": 71.25, "tau_c": 210.35, "omega": 88.67, "M": 0.34, "D": -0.0, "R": 0.05, "sving": 0.12, "os": 0.0, "foss": 1.0, "juv": 0.0, "B": 0.43, "Q": 0.95, "w": 8.77, "h": 0.09, "S": 0.0834, "elv": "Aunbubekken", "km": 0.9}}, {"type": "Feature", "geometry": {"type": "LineString", "coordinates": [[10.41734, 63.67521], [10.4162, 63.67586]]}, "properties": {"P": 18.01, "tau": 85.75, "tau_c": 240.25, "omega": 115.63, "M": 0.36, "D": -0.0, "R": 0.06, "sving": 0.25, "os": 0.0, "foss": 1.0, "juv": 0.0, "B": 0.43, "Q": 0.95, "w": 8.8, "h": 0.08, "S": 0.10879, "elv": "Aunbubekken", "km": 1.0}}, {"type": "Feature", "geometry": {"type": "LineString", "coordinates": [[10.4162, 63.67586], [10.41541, 63.67668]]}, "properties": {"P": 16.24, "tau": 90.77, "tau_c": 249.59, "omega": 125.56, "M": 0.36, "D": 0.0, "R": 0.06, "sving": 0.11, "os": 0.0, "foss": 1.0, "juv": 0.0, "B": 0.43, "Q": 0.96, "w": 8.81, "h": 0.08, "S": 0.11741, "elv": "Aunbubekken", "km": 1.1}}, {"type": "Feature", "geometry": {"type": "LineString", "coordinates": [[10.41541, 63.67668], [10.41403, 63.67732]]}, "properties": {"P": 15.41, "tau": 87.99, "tau_c": 244.01, "omega": 120.09, "M": 0.36, "D": 0.03, "R": 0.06, "sving": 0.01, "os": 0.0, "foss": 1.0, "juv": 0.0, "B": 0.43, "Q": 0.96, "w": 8.83, "h": 0.08, "S": 0.11222, "elv": "Aunbubekken", "km": 1.2}}, {"type": "Feature", "geometry": {"type": "LineString", "coordinates": [[10.41403, 63.67732], [10.41244, 63.6778]]}, "properties": {"P": 16.94, "tau": 85.08, "tau_c": 237.98, "omega": 114.48, "M": 0.36, "D": 0.04, "R": 0.06, "sving": 0.11, "os": 0.0, "foss": 1.0, "juv": 0.0, "B": 0.43, "Q": 0.97, "w": 8.85, "h": 0.08, "S": 0.10675, "elv": "Aunbubekken", "km": 1.3}}, {"type": "Feature", "geometry": {"type": "LineString", "coordinates": [[10.41244, 63.6778], [10.41117, 63.67848]]}, "properties": {"P": 15.94, "tau": 74.13, "tau_c": 215.45, "omega": 93.98, "M": 0.34, "D": 0.05, "R": 0.05, "sving": 0.04, "os": 0.0, "foss": 1.0, "juv": 0.0, "B": 0.43, "Q": 0.97, "w": 8.86, "h": 0.09, "S": 0.08749, "elv": "Aunbubekken", "km": 1.4}}, {"type": "Feature", "geometry": {"type": "LineString", "coordinates": [[10.29906, 63.66331], [10.30033, 63.66262]]}, "properties": {"P": 12.65, "tau": 16.2, "tau_c": 49.03, "omega": 12.04, "M": 0.33, "D": 0.05, "R": 0.04, "sving": 1.0, "os": 0.0, "foss": 0.0, "juv": 0.0, "B": 0.36, "Q": 4.83, "w": 17.82, "h": 0.36, "S": 0.00453, "elv": "Kråkmoelva", "km": 0.0}}, {"type": "Feature", "geometry": {"type": "LineString", "coordinates": [[10.30033, 63.66262], [10.30023, 63.66182]]}, "properties": {"P": 15.37, "tau": 13.2, "tau_c": 42.46, "omega": 8.95, "M": 0.31, "D": 0.12, "R": 0.03, "sving": 1.0, "os": 0.0, "foss": 0.0, "juv": 0.0, "B": 0.41, "Q": 4.83, "w": 17.99, "h": 0.4, "S": 0.0034, "elv": "Kråkmoelva", "km": 0.1}}, {"type": "Feature", "geometry": {"type": "LineString", "coordinates": [[10.29488, 63.66106], [10.29311, 63.66066]]}, "properties": {"P": 1.48, "tau": 25.51, "tau_c": 69.86, "omega": 23.0, "M": 0.37, "D": 0.0, "R": 0.06, "sving": 0.01, "os": 0.0, "foss": 0.0, "juv": 0.0, "B": 0.42, "Q": 5.26, "w": 20.63, "h": 0.28, "S": 0.0092, "elv": "Kråkmoelva", "km": 0.5}}, {"type": "Feature", "geometry": {"type": "LineString", "coordinates": [[10.29311, 63.66066], [10.29112, 63.66063]]}, "properties": {"P": 3.82, "tau": 37.56, "tau_c": 92.21, "omega": 40.07, "M": 0.41, "D": 0.0, "R": 0.09, "sving": 0.14, "os": 0.0, "foss": 0.0, "juv": 0.0, "B": 0.42, "Q": 5.26, "w": 20.64, "h": 0.24, "S": 0.01603, "elv": "Kråkmoelva", "km": 0.6}}, {"type": "Feature", "geometry": {"type": "LineString", "coordinates": [[10.29112, 63.66063], [10.28911, 63.66063]]}, "properties": {"P": 17.19, "tau": 37.94, "tau_c": 92.86, "omega": 40.65, "M": 0.41, "D": 0.0, "R": 0.1, "sving": 0.18, "os": 0.0, "foss": 1.0, "juv": 0.0, "B": 0.42, "Q": 5.26, "w": 20.65, "h": 0.24, "S": 0.01625, "elv": "Kråkmoelva", "km": 0.7}}, {"type": "Feature", "geometry": {"type": "LineString", "coordinates": [[10.28911, 63.66063], [10.28718, 63.66043]]}, "properties": {"P": 19.13, "tau": 40.67, "tau_c": 97.6, "omega": 44.91, "M": 0.42, "D": 0.0, "R": 0.1, "sving": 0.26, "os": 0.06, "foss": 1.0, "juv": 0.0, "B": 0.42, "Q": 5.27, "w": 20.65, "h": 0.23, "S": 0.01795, "elv": "Kråkmoelva", "km": 0.8}}, {"type": "Feature", "geometry": {"type": "LineString", "coordinates": [[10.28718, 63.66043], [10.28519, 63.66045]]}, "properties": {"P": 16.36, "tau": 40.68, "tau_c": 97.6, "omega": 44.92, "M": 0.42, "D": 0.0, "R": 0.1, "sving": 0.29, "os": 0.1, "foss": 0.72, "juv": 0.0, "B": 0.42, "Q": 5.27, "w": 20.65, "h": 0.23, "S": 0.01795, "elv": "Kråkmoelva", "km": 0.9}}, {"type": "Feature", "geometry": {"type": "LineString", "coordinates": [[10.28519, 63.66045], [10.28383, 63.6599]]}, "properties": {"P": 14.58, "tau": 46.06, "tau_c": 106.7, "omega": 53.69, "M": 0.43, "D": 0.05, "R": 0.12, "sving": 0.21, "os": 0.14, "foss": 0.51, "juv": 0.0, "B": 0.42, "Q": 5.27, "w": 20.66, "h": 0.22, "S": 0.02146, "elv": "Kråkmoelva", "km": 1.0}}, {"type": "Feature", "geometry": {"type": "LineString", "coordinates": [[10.28383, 63.6599], [10.28245, 63.65932]]}, "properties": {"P": 15.32, "tau": 39.69, "tau_c": 96.09, "omega": 43.35, "M": 0.41, "D": 0.06, "R": 0.1, "sving": 0.35, "os": 0.23, "foss": 0.37, "juv": 0.0, "B": 0.42, "Q": 5.27, "w": 20.75, "h": 0.23, "S": 0.0174, "elv": "Kråkmoelva", "km": 1.1}}, {"type": "Feature", "geometry": {"type": "LineString", "coordinates": [[10.28245, 63.65932], [10.28111, 63.65871]]}, "properties": {"P": 16.52, "tau": 25.77, "tau_c": 70.3, "omega": 23.35, "M": 0.37, "D": 0.06, "R": 0.06, "sving": 0.74, "os": 0.36, "foss": 0.0, "juv": 0.0, "B": 0.42, "Q": 5.27, "w": 20.62, "h": 0.28, "S": 0.00931, "elv": "Kråkmoelva", "km": 1.2}}, {"type": "Feature", "geometry": {"type": "LineString", "coordinates": [[10.28111, 63.65871], [10.27994, 63.65804]]}, "properties": {"P": 18.94, "tau": 43.83, "tau_c": 101.1, "omega": 50.29, "M": 0.43, "D": 0.01, "R": 0.12, "sving": 0.68, "os": 0.58, "foss": 0.0, "juv": 0.0, "B": 0.42, "Q": 5.51, "w": 20.72, "h": 0.23, "S": 0.01927, "elv": "Kråkmoelva", "km": 1.3}}, {"type": "Feature", "geometry": {"type": "LineString", "coordinates": [[10.27994, 63.65804], [10.28167, 63.65768]]}, "properties": {"P": 18.77, "tau": 55.26, "tau_c": 119.58, "omega": 70.06, "M": 0.46, "D": 0.0, "R": 0.15, "sving": 0.4, "os": 0.82, "foss": 0.0, "juv": 0.0, "B": 0.42, "Q": 5.51, "w": 20.81, "h": 0.21, "S": 0.02695, "elv": "Kråkmoelva", "km": 1.4}}, {"type": "Feature", "geometry": {"type": "LineString", "coordinates": [[10.28167, 63.65768], [10.28329, 63.65722]]}, "properties": {"P": 27.13, "tau": 63.18, "tau_c": 131.27, "omega": 84.96, "M": 0.48, "D": 0.0, "R": 0.17, "sving": 0.32, "os": 0.51, "foss": 1.0, "juv": 0.0, "B": 0.42, "Q": 5.52, "w": 20.68, "h": 0.2, "S": 0.03248, "elv": "Kråkmoelva", "km": 1.5}}, {"type": "Feature", "geometry": {"type": "LineString", "coordinates": [[10.28329, 63.65722], [10.28371, 63.65659]]}, "properties": {"P": 24.51, "tau": 58.34, "tau_c": 123.98, "omega": 75.79, "M": 0.47, "D": 0.0, "R": 0.15, "sving": 0.33, "os": 0.32, "foss": 1.0, "juv": 0.0, "B": 0.42, "Q": 5.52, "w": 20.71, "h": 0.21, "S": 0.02897, "elv": "Kråkmoelva", "km": 1.6}}, {"type": "Feature", "geometry": {"type": "LineString", "coordinates": [[10.28371, 63.65659], [10.28402, 63.65586]]}, "properties": {"P": 24.26, "tau": 62.97, "tau_c": 131.64, "omega": 84.44, "M": 0.48, "D": 0.02, "R": 0.16, "sving": 0.34, "os": 0.24, "foss": 1.0, "juv": 0.0, "B": 0.42, "Q": 5.52, "w": 20.96, "h": 0.2, "S": 0.03266, "elv": "Kråkmoelva", "km": 1.7}}, {"type": "Feature", "geometry": {"type": "LineString", "coordinates": [[10.28402, 63.65586], [10.28443, 63.65517]]}, "properties": {"P": 21.18, "tau": 63.76, "tau_c": 131.64, "omega": 86.18, "M": 0.48, "D": 0.07, "R": 0.17, "sving": 0.38, "os": 0.17, "foss": 0.72, "juv": 0.0, "B": 0.42, "Q": 5.58, "w": 20.73, "h": 0.2, "S": 0.03266, "elv": "Kråkmoelva", "km": 1.8}}, {"type": "Feature", "geometry": {"type": "LineString", "coordinates": [[10.28443, 63.65517], [10.28459, 63.65443]]}, "properties": {"P": 25.42, "tau": 49.3, "tau_c": 109.49, "omega": 59.61, "M": 0.45, "D": 0.13, "R": 0.13, "sving": 0.45, "os": 0.12, "foss": 1.0, "juv": 0.0, "B": 0.42, "Q": 5.58, "w": 20.76, "h": 0.22, "S": 0.02259, "elv": "Kråkmoelva", "km": 1.9}}, {"type": "Feature", "geometry": {"type": "LineString", "coordinates": [[10.28459, 63.65443], [10.28639, 63.65421]]}, "properties": {"P": 20.25, "tau": 46.15, "tau_c": 104.99, "omega": 54.14, "M": 0.44, "D": 0.13, "R": 0.12, "sving": 0.39, "os": 0.08, "foss": 0.72, "juv": 0.0, "B": 0.42, "Q": 5.58, "w": 21.02, "h": 0.23, "S": 0.02077, "elv": "Kråkmoelva", "km": 2.0}}, {"type": "Feature", "geometry": {"type": "LineString", "coordinates": [[10.28639, 63.65421], [10.28836, 63.65406]]}, "properties": {"P": 13.34, "tau": 42.18, "tau_c": 97.86, "omega": 47.67, "M": 0.43, "D": 0.1, "R": 0.12, "sving": 0.09, "os": 0.1, "foss": 0.51, "juv": 0.0, "B": 0.42, "Q": 5.59, "w": 20.77, "h": 0.24, "S": 0.01805, "elv": "Kråkmoelva", "km": 2.1}}, {"type": "Feature", "geometry": {"type": "LineString", "coordinates": [[10.28836, 63.65406], [10.2903, 63.6538]]}, "properties": {"P": 24.26, "tau": 42.18, "tau_c": 97.86, "omega": 47.67, "M": 0.43, "D": 0.04, "R": 0.12, "sving": 0.52, "os": 0.12, "foss": 1.0, "juv": 0.0, "B": 0.42, "Q": 5.59, "w": 20.78, "h": 0.24, "S": 0.01805, "elv": "Kråkmoelva", "km": 2.2}}, {"type": "Feature", "geometry": {"type": "LineString", "coordinates": [[10.2903, 63.6538], [10.2909, 63.65306]]}, "properties": {"P": 21.58, "tau": 42.87, "tau_c": 99.4, "omega": 48.75, "M": 0.43, "D": 0.01, "R": 0.12, "sving": 0.61, "os": 0.13, "foss": 0.72, "juv": 0.0, "B": 0.42, "Q": 5.62, "w": 21.05, "h": 0.23, "S": 0.01862, "elv": "Kråkmoelva", "km": 2.3}}, {"type": "Feature", "geometry": {"type": "LineString", "coordinates": [[10.2909, 63.65306], [10.29074, 63.65217]]}, "properties": {"P": 20.27, "tau": 49.58, "tau_c": 110.34, "omega": 60.05, "M": 0.45, "D": -0.0, "R": 0.13, "sving": 0.64, "os": 0.19, "foss": 0.51, "juv": 0.0, "B": 0.42, "Q": 5.62, "w": 21.06, "h": 0.22, "S": 0.02295, "elv": "Kråkmoelva", "km": 2.4}}, {"type": "Feature", "geometry": {"type": "LineString", "coordinates": [[10.29074, 63.65217], [10.29027, 63.65131]]}, "properties": {"P": 25.55, "tau": 65.72, "tau_c": 135.03, "omega": 89.91, "M": 0.49, "D": -0.0, "R": 0.17, "sving": 0.38, "os": 0.31, "foss": 1.0, "juv": 0.0, "B": 0.42, "Q": 5.62, "w": 21.09, "h": 0.19, "S": 0.03437, "elv": "Kråkmoelva", "km": 2.5}}, {"type": "Feature", "geometry": {"type": "LineString", "coordinates": [[10.29027, 63.65131], [10.28946, 63.6505]]}, "properties": {"P": 21.15, "tau": 57.89, "tau_c": 124.03, "omega": 74.84, "M": 0.47, "D": 0.02, "R": 0.15, "sving": 0.12, "os": 0.51, "foss": 0.72, "juv": 0.0, "B": 0.42, "Q": 5.63, "w": 21.38, "h": 0.2, "S": 0.02899, "elv": "Kråkmoelva", "km": 2.6}}, {"type": "Feature", "geometry": {"type": "LineString", "coordinates": [[10.28946, 63.6505], [10.2883, 63.64983]]}, "properties": {"P": 32.41, "tau": 56.34, "tau_c": 122.49, "omega": 71.85, "M": 0.46, "D": 0.03, "R": 0.14, "sving": 0.38, "os": 0.84, "foss": 1.0, "juv": 0.0, "B": 0.42, "Q": 5.66, "w": 21.85, "h": 0.2, "S": 0.02828, "elv": "Kråkmoelva", "km": 2.7}}, {"type": "Feature", "geometry": {"type": "LineString", "coordinates": [[10.2883, 63.64983], [10.28759, 63.64912]]}, "properties": {"P": 27.65, "tau": 57.15, "tau_c": 124.65, "omega": 73.2, "M": 0.46, "D": 0.05, "R": 0.14, "sving": 0.37, "os": 0.74, "foss": 0.72, "juv": 0.0, "B": 0.42, "Q": 5.69, "w": 22.31, "h": 0.2, "S": 0.02929, "elv": "Kråkmoelva", "km": 2.8}}, {"type": "Feature", "geometry": {"type": "LineString", "coordinates": [[10.28759, 63.64912], [10.28568, 63.64884]]}, "properties": {"P": 22.81, "tau": 53.03, "tau_c": 109.49, "omega": 67.32, "M": 0.48, "D": 0.1, "R": 0.17, "sving": 0.3, "os": 0.49, "foss": 0.51, "juv": 0.0, "B": 0.43, "Q": 6.92, "w": 22.78, "h": 0.24, "S": 0.02259, "elv": "Kråkmoelva", "km": 2.9}}, {"type": "Feature", "geometry": {"type": "LineString", "coordinates": [[10.28568, 63.64884], [10.28369, 63.6487]]}, "properties": {"P": 20.87, "tau": 49.91, "tau_c": 105.73, "omega": 61.57, "M": 0.47, "D": 0.18, "R": 0.16, "sving": 0.38, "os": 0.32, "foss": 0.37, "juv": 0.0, "B": 0.43, "Q": 6.92, "w": 23.24, "h": 0.24, "S": 0.02107, "elv": "Kråkmoelva", "km": 3.0}}, {"type": "Feature", "geometry": {"type": "LineString", "coordinates": [[10.28369, 63.6487], [10.28169, 63.64859]]}, "properties": {"P": 12.92, "tau": 28.39, "tau_c": 71.14, "omega": 27.35, "M": 0.4, "D": 0.28, "R": 0.09, "sving": 0.25, "os": 0.2, "foss": 0.0, "juv": 0.0, "B": 0.43, "Q": 6.93, "w": 23.7, "h": 0.3, "S": 0.00954, "elv": "Kråkmoelva", "km": 3.1}}, {"type": "Feature", "geometry": {"type": "LineString", "coordinates": [[10.28169, 63.64859], [10.27974, 63.64848]]}, "properties": {"P": 8.06, "tau": 25.95, "tau_c": 66.64, "omega": 24.05, "M": 0.39, "D": 0.23, "R": 0.08, "sving": 0.04, "os": 0.13, "foss": 0.0, "juv": 0.0, "B": 0.43, "Q": 6.94, "w": 23.71, "h": 0.32, "S": 0.00837, "elv": "Kråkmoelva", "km": 3.2}}, {"type": "Feature", "geometry": {"type": "LineString", "coordinates": [[10.27974, 63.64848], [10.27788, 63.64878]]}, "properties": {"P": 6.05, "tau": 24.81, "tau_c": 64.53, "omega": 22.55, "M": 0.38, "D": 0.15, "R": 0.08, "sving": 0.04, "os": 0.08, "foss": 0.0, "juv": 0.0, "B": 0.43, "Q": 6.95, "w": 23.72, "h": 0.32, "S": 0.00785, "elv": "Kråkmoelva", "km": 3.3}}, {"type": "Feature", "geometry": {"type": "LineString", "coordinates": [[10.27788, 63.64878], [10.27587, 63.64872]]}, "properties": {"P": 4.14, "tau": 24.25, "tau_c": 63.47, "omega": 21.82, "M": 0.38, "D": 0.09, "R": 0.07, "sving": 0.02, "os": 0.05, "foss": 0.0, "juv": 0.0, "B": 0.43, "Q": 6.95, "w": 23.74, "h": 0.33, "S": 0.00759, "elv": "Kråkmoelva", "km": 3.4}}, {"type": "Feature", "geometry": {"type": "LineString", "coordinates": [[10.27587, 63.64872], [10.27385, 63.64872]]}, "properties": {"P": 9.32, "tau": 23.6, "tau_c": 62.24, "omega": 20.99, "M": 0.38, "D": 0.11, "R": 0.07, "sving": 0.43, "os": 0.0, "foss": 0.0, "juv": 0.0, "B": 0.43, "Q": 6.96, "w": 23.75, "h": 0.33, "S": 0.0073, "elv": "Kråkmoelva", "km": 3.5}}, {"type": "Feature", "geometry": {"type": "LineString", "coordinates": [[10.27385, 63.64872], [10.27189, 63.64856]]}, "properties": {"P": 6.21, "tau": 17.27, "tau_c": 49.7, "omega": 13.4, "M": 0.35, "D": 0.16, "R": 0.05, "sving": 0.18, "os": 0.0, "foss": 0.0, "juv": 0.0, "B": 0.43, "Q": 6.97, "w": 23.76, "h": 0.38, "S": 0.00466, "elv": "Kråkmoelva", "km": 3.6}}, {"type": "Feature", "geometry": {"type": "LineString", "coordinates": [[10.27189, 63.64856], [10.27051, 63.64792]]}, "properties": {"P": 9.39, "tau": 17.26, "tau_c": 49.7, "omega": 13.39, "M": 0.35, "D": 0.15, "R": 0.05, "sving": 0.43, "os": 0.0, "foss": 0.0, "juv": 0.0, "B": 0.43, "Q": 6.98, "w": 23.79, "h": 0.38, "S": 0.00466, "elv": "Kråkmoelva", "km": 3.7}}, {"type": "Feature", "geometry": {"type": "LineString", "coordinates": [[10.27051, 63.64792], [10.26877, 63.64746]]}, "properties": {"P": 8.56, "tau": 16.47, "tau_c": 48.06, "omega": 12.53, "M": 0.34, "D": 0.15, "R": 0.05, "sving": 0.36, "os": 0.0, "foss": 0.0, "juv": 0.0, "B": 0.43, "Q": 6.99, "w": 23.82, "h": 0.39, "S": 0.00435, "elv": "Kråkmoelva", "km": 3.8}}, {"type": "Feature", "geometry": {"type": "LineString", "coordinates": [[10.26877, 63.64746], [10.268, 63.64671]]}, "properties": {"P": 5.69, "tau": 13.05, "tau_c": 40.53, "omega": 8.97, "M": 0.32, "D": 0.15, "R": 0.04, "sving": 0.17, "os": 0.0, "foss": 0.0, "juv": 0.0, "B": 0.43, "Q": 7.05, "w": 23.85, "h": 0.43, "S": 0.0031, "elv": "Kråkmoelva", "km": 3.9}}, {"type": "Feature", "geometry": {"type": "LineString", "coordinates": [[10.37353, 63.68244], [10.3716, 63.6822]]}, "properties": {"P": 1.96, "tau": 18.64, "tau_c": 59.96, "omega": 14.3, "M": 0.31, "D": 0.0, "R": 0.03, "sving": 0.02, "os": 0.0, "foss": 0.0, "juv": 0.0, "B": 0.84, "Q": 3.75, "w": 17.43, "h": 0.28, "S": 0.00678, "elv": "Ramslielva", "km": 0.2}}, {"type": "Feature", "geometry": {"type": "LineString", "coordinates": [[10.3716, 63.6822], [10.36973, 63.68188]]}, "properties": {"P": 2.1, "tau": 23.78, "tau_c": 71.38, "omega": 20.29, "M": 0.33, "D": 0.0, "R": 0.04, "sving": 0.01, "os": 0.0, "foss": 0.0, "juv": 0.0, "B": 0.84, "Q": 3.76, "w": 17.44, "h": 0.25, "S": 0.0096, "elv": "Ramslielva", "km": 0.3}}, {"type": "Feature", "geometry": {"type": "LineString", "coordinates": [[10.36973, 63.68188], [10.36783, 63.68159]]}, "properties": {"P": 2.52, "tau": 23.78, "tau_c": 71.38, "omega": 20.3, "M": 0.33, "D": 0.0, "R": 0.04, "sving": 0.03, "os": 0.0, "foss": 0.0, "juv": 0.0, "B": 0.84, "Q": 3.76, "w": 17.46, "h": 0.25, "S": 0.0096, "elv": "Ramslielva", "km": 0.4}}, {"type": "Feature", "geometry": {"type": "LineString", "coordinates": [[10.36783, 63.68159], [10.3659, 63.68135]]}, "properties": {"P": 2.95, "tau": 27.94, "tau_c": 80.09, "omega": 25.58, "M": 0.35, "D": 0.0, "R": 0.05, "sving": 0.03, "os": 0.0, "foss": 0.0, "juv": 0.0, "B": 0.84, "Q": 3.77, "w": 17.47, "h": 0.24, "S": 0.01209, "elv": "Ramslielva", "km": 0.5}}, {"type": "Feature", "geometry": {"type": "LineString", "coordinates": [[10.3659, 63.68135], [10.36392, 63.68116]]}, "properties": {"P": 5.53, "tau": 25.69, "tau_c": 75.38, "omega": 22.69, "M": 0.34, "D": 0.05, "R": 0.05, "sving": 0.07, "os": 0.0, "foss": 0.0, "juv": 0.0, "B": 0.84, "Q": 3.77, "w": 17.48, "h": 0.24, "S": 0.01071, "elv": "Ramslielva", "km": 0.6}}, {"type": "Feature", "geometry": {"type": "LineString", "coordinates": [[10.36392, 63.68116], [10.36201, 63.6809]]}, "properties": {"P": 9.7, "tau": 26.93, "tau_c": 77.96, "omega": 24.27, "M": 0.35, "D": 0.13, "R": 0.05, "sving": 0.12, "os": 0.0, "foss": 0.0, "juv": 0.0, "B": 0.84, "Q": 3.78, "w": 17.49, "h": 0.24, "S": 0.01146, "elv": "Ramslielva", "km": 0.7}}, {"type": "Feature", "geometry": {"type": "LineString", "coordinates": [[10.36201, 63.6809], [10.36026, 63.68046]]}, "properties": {"P": 11.42, "tau": 19.44, "tau_c": 61.81, "omega": 15.19, "M": 0.31, "D": 0.24, "R": 0.03, "sving": 0.07, "os": 0.0, "foss": 0.0, "juv": 0.0, "B": 0.84, "Q": 3.78, "w": 17.57, "h": 0.28, "S": 0.0072, "elv": "Ramslielva", "km": 0.8}}, {"type": "Feature", "geometry": {"type": "LineString", "coordinates": [[10.33419, 63.67683], [10.33225, 63.67665]]}, "properties": {"P": 1.92, "tau": 20.67, "tau_c": 63.17, "omega": 16.72, "M": 0.33, "D": 0.0, "R": 0.04, "sving": 0.01, "os": 0.0, "foss": 0.0, "juv": 0.0, "B": 0.85, "Q": 4.16, "w": 18.35, "h": 0.28, "S": 0.00752, "elv": "Ramslielva", "km": 2.3}}, {"type": "Feature", "geometry": {"type": "LineString", "coordinates": [[10.33225, 63.67665], [10.33034, 63.67654]]}, "properties": {"P": 10.37, "tau": 28.98, "tau_c": 80.48, "omega": 27.16, "M": 0.36, "D": 0.0, "R": 0.06, "sving": 0.3, "os": 0.0, "foss": 0.0, "juv": 0.0, "B": 0.85, "Q": 4.17, "w": 18.37, "h": 0.24, "S": 0.01221, "elv": "Ramslielva", "km": 2.4}}, {"type": "Feature", "geometry": {"type": "LineString", "coordinates": [[10.33034, 63.67654], [10.32841, 63.67632]]}, "properties": {"P": 36.82, "tau": 45.78, "tau_c": 111.68, "omega": 52.34, "M": 0.41, "D": 0.0, "R": 0.1, "sving": 0.24, "os": 0.0, "foss": 1.0, "juv": 0.0, "B": 0.85, "Q": 4.18, "w": 18.4, "h": 0.2, "S": 0.02351, "elv": "Ramslielva", "km": 2.5}}, {"type": "Feature", "geometry": {"type": "LineString", "coordinates": [[10.32841, 63.67632], [10.32791, 63.6755]]}, "properties": {"P": 31.81, "tau": 46.62, "tau_c": 113.15, "omega": 53.71, "M": 0.41, "D": 0.0, "R": 0.1, "sving": 0.33, "os": 0.0, "foss": 0.72, "juv": 0.0, "B": 0.85, "Q": 4.18, "w": 18.43, "h": 0.2, "S": 0.02413, "elv": "Ramslielva", "km": 2.6}}, {"type": "Feature", "geometry": {"type": "LineString", "coordinates": [[10.32791, 63.6755], [10.32661, 63.67485]]}, "properties": {"P": 38.16, "tau": 46.8, "tau_c": 113.15, "omega": 54.05, "M": 0.41, "D": 0.03, "R": 0.1, "sving": 0.24, "os": 0.0, "foss": 1.0, "juv": 0.0, "B": 0.85, "Q": 4.21, "w": 18.46, "h": 0.2, "S": 0.02413, "elv": "Ramslielva", "km": 2.7}}, {"type": "Feature", "geometry": {"type": "LineString", "coordinates": [[10.32661, 63.67485], [10.32554, 63.6741]]}, "properties": {"P": 34.8, "tau": 46.83, "tau_c": 113.15, "omega": 54.11, "M": 0.41, "D": 0.09, "R": 0.1, "sving": 0.32, "os": 0.0, "foss": 0.72, "juv": 0.0, "B": 0.85, "Q": 4.22, "w": 18.48, "h": 0.2, "S": 0.02413, "elv": "Ramslielva", "km": 2.8}}, {"type": "Feature", "geometry": {"type": "LineString", "coordinates": [[10.32554, 63.6741], [10.32429, 63.67341]]}, "properties": {"P": 28.98, "tau": 36.09, "tau_c": 93.87, "omega": 37.25, "M": 0.38, "D": 0.23, "R": 0.08, "sving": 0.16, "os": 0.0, "foss": 0.51, "juv": 0.0, "B": 0.85, "Q": 4.23, "w": 18.51, "h": 0.22, "S": 0.01661, "elv": "Ramslielva", "km": 2.9}}, {"type": "Feature", "geometry": {"type": "LineString", "coordinates": [[10.32429, 63.67341], [10.32249, 63.67302]]}, "properties": {"P": 34.25, "tau": 30.35, "tau_c": 82.89, "omega": 29.05, "M": 0.37, "D": 0.35, "R": 0.06, "sving": 0.36, "os": 0.0, "foss": 0.37, "juv": 0.0, "B": 0.85, "Q": 4.24, "w": 18.52, "h": 0.24, "S": 0.01295, "elv": "Ramslielva", "km": 3.0}}, {"type": "Feature", "geometry": {"type": "LineString", "coordinates": [[10.2853, 63.62985], [10.28441, 63.63064]]}, "properties": {"P": 2.26, "tau": 35.68, "tau_c": 117.53, "omega": 33.86, "M": 0.3, "D": 0.0, "R": 0.03, "sving": 0.11, "os": 0.0, "foss": 0.0, "juv": 0.0, "B": 0.47, "Q": 1.42, "w": 10.71, "h": 0.14, "S": 0.02604, "elv": "bekk", "km": 0.4}}, {"type": "Feature", "geometry": {"type": "LineString", "coordinates": [[10.28441, 63.63064], [10.28318, 63.63135]]}, "properties": {"P": 2.92, "tau": 42.02, "tau_c": 132.11, "omega": 42.82, "M": 0.32, "D": 0.0, "R": 0.04, "sving": 0.14, "os": 0.0, "foss": 0.0, "juv": 0.0, "B": 0.47, "Q": 1.42, "w": 10.73, "h": 0.13, "S": 0.0329, "elv": "bekk", "km": 0.5}}, {"type": "Feature", "geometry": {"type": "LineString", "coordinates": [[10.28318, 63.63135], [10.28187, 63.63201]]}, "properties": {"P": 17.13, "tau": 53.74, "tau_c": 156.57, "omega": 61.05, "M": 0.34, "D": 0.0, "R": 0.05, "sving": 0.1, "os": 0.0, "foss": 1.0, "juv": 0.0, "B": 0.47, "Q": 1.43, "w": 10.59, "h": 0.12, "S": 0.0462, "elv": "bekk", "km": 0.6}}, {"type": "Feature", "geometry": {"type": "LineString", "coordinates": [[10.28187, 63.63201], [10.28027, 63.63239]]}, "properties": {"P": 17.6, "tau": 61.72, "tau_c": 173.02, "omega": 74.43, "M": 0.36, "D": 0.0, "R": 0.06, "sving": 0.12, "os": 0.0, "foss": 1.0, "juv": 0.0, "B": 0.47, "Q": 1.43, "w": 10.61, "h": 0.11, "S": 0.05643, "elv": "bekk", "km": 0.7}}, {"type": "Feature", "geometry": {"type": "LineString", "coordinates": [[10.28027, 63.63239], [10.27902, 63.63299]]}, "properties": {"P": 19.26, "tau": 61.2, "tau_c": 172.12, "omega": 73.53, "M": 0.36, "D": 0.04, "R": 0.06, "sving": 0.19, "os": 0.0, "foss": 1.0, "juv": 0.0, "B": 0.47, "Q": 1.43, "w": 10.64, "h": 0.11, "S": 0.05584, "elv": "bekk", "km": 0.8}}, {"type": "Feature", "geometry": {"type": "LineString", "coordinates": [[10.27902, 63.63299], [10.27839, 63.63382]]}, "properties": {"P": 19.94, "tau": 61.36, "tau_c": 171.55, "omega": 73.93, "M": 0.36, "D": 0.1, "R": 0.06, "sving": 0.15, "os": 0.0, "foss": 1.0, "juv": 0.0, "B": 0.47, "Q": 1.45, "w": 10.66, "h": 0.11, "S": 0.05547, "elv": "bekk", "km": 0.9}}, {"type": "Feature", "geometry": {"type": "LineString", "coordinates": [[10.27839, 63.63382], [10.27795, 63.63469]]}, "properties": {"P": 23.28, "tau": 45.58, "tau_c": 139.59, "omega": 48.17, "M": 0.33, "D": 0.19, "R": 0.04, "sving": 0.57, "os": 0.0, "foss": 0.72, "juv": 0.0, "B": 0.47, "Q": 1.45, "w": 10.87, "h": 0.13, "S": 0.03672, "elv": "bekk", "km": 1.0}}, {"type": "Feature", "geometry": {"type": "LineString", "coordinates": [[10.27795, 63.63469], [10.27681, 63.63532]]}, "properties": {"P": 20.99, "tau": 38.66, "tau_c": 125.88, "omega": 37.89, "M": 0.31, "D": 0.23, "R": 0.03, "sving": 0.58, "os": 0.0, "foss": 0.51, "juv": 0.0, "B": 0.47, "Q": 1.45, "w": 11.24, "h": 0.13, "S": 0.02986, "elv": "bekk", "km": 1.1}}, {"type": "Feature", "geometry": {"type": "LineString", "coordinates": [[10.27681, 63.63532], [10.27541, 63.63479]]}, "properties": {"P": 20.77, "tau": 32.02, "tau_c": 102.86, "omega": 29.5, "M": 0.31, "D": 0.25, "R": 0.03, "sving": 0.65, "os": 0.0, "foss": 0.37, "juv": 0.0, "B": 0.48, "Q": 1.72, "w": 11.44, "h": 0.16, "S": 0.01994, "elv": "bekk", "km": 1.2}}, {"type": "Feature", "geometry": {"type": "LineString", "coordinates": [[10.55731, 63.64474], [10.55738, 63.64391]]}, "properties": {"P": 16.21, "tau": 87.38, "tau_c": 214.36, "omega": 124.02, "M": 0.41, "D": 0.03, "R": 0.09, "sving": 0.47, "os": 0.0, "foss": 1.0, "juv": 0.0, "B": 0.32, "Q": 1.73, "w": 11.83, "h": 0.1, "S": 0.08661, "elv": "bekk", "km": 0.0}}, {"type": "Feature", "geometry": {"type": "LineString", "coordinates": [[10.55738, 63.64391], [10.55727, 63.64307]]}, "properties": {"P": 44.54, "tau": 84.05, "tau_c": 205.48, "omega": 117.76, "M": 0.41, "D": 0.07, "R": 0.1, "sving": 0.65, "os": 0.0, "foss": 1.0, "juv": 0.0, "B": 0.76, "Q": 1.73, "w": 11.47, "h": 0.11, "S": 0.07958, "elv": "bekk", "km": 0.1}}, {"type": "Feature", "geometry": {"type": "LineString", "coordinates": [[10.55727, 63.64307], [10.55847, 63.64238]]}, "properties": {"P": 45.91, "tau": 71.59, "tau_c": 183.79, "omega": 93.48, "M": 0.39, "D": 0.11, "R": 0.08, "sving": 0.68, "os": 0.0, "foss": 1.0, "juv": 0.0, "B": 0.76, "Q": 1.73, "w": 11.57, "h": 0.11, "S": 0.06366, "elv": "bekk", "km": 0.2}}, {"type": "Feature", "geometry": {"type": "LineString", "coordinates": [[10.55847, 63.64238], [10.5602, 63.6422]]}, "properties": {"P": 44.24, "tau": 66.06, "tau_c": 171.84, "omega": 83.57, "M": 0.38, "D": 0.13, "R": 0.08, "sving": 0.58, "os": 0.0, "foss": 1.0, "juv": 0.0, "B": 0.76, "Q": 1.79, "w": 11.67, "h": 0.12, "S": 0.05566, "elv": "bekk", "km": 0.3}}, {"type": "Feature", "geometry": {"type": "LineString", "coordinates": [[10.5602, 63.6422], [10.56213, 63.64244]]}, "properties": {"P": 27.12, "tau": 63.54, "tau_c": 164.24, "omega": 79.46, "M": 0.39, "D": 0.15, "R": 0.08, "sving": 0.1, "os": 0.0, "foss": 0.72, "juv": 0.0, "B": 0.77, "Q": 1.87, "w": 11.76, "h": 0.13, "S": 0.05084, "elv": "bekk", "km": 0.4}}, {"type": "Feature", "geometry": {"type": "LineString", "coordinates": [[10.56213, 63.64244], [10.56398, 63.64239]]}, "properties": {"P": 26.89, "tau": 52.24, "tau_c": 143.2, "omega": 59.97, "M": 0.36, "D": 0.15, "R": 0.06, "sving": 0.32, "os": 0.0, "foss": 0.51, "juv": 0.0, "B": 0.77, "Q": 1.88, "w": 11.87, "h": 0.14, "S": 0.03865, "elv": "bekk", "km": 0.5}}, {"type": "Feature", "geometry": {"type": "LineString", "coordinates": [[10.56398, 63.64239], [10.56474, 63.6416]]}, "properties": {"P": 33.54, "tau": 39.59, "tau_c": 119.43, "omega": 40.1, "M": 0.33, "D": 0.11, "R": 0.04, "sving": 0.2, "os": 0.0, "foss": 1.0, "juv": 0.0, "B": 0.77, "Q": 1.88, "w": 12.34, "h": 0.15, "S": 0.02688, "elv": "bekk", "km": 0.6}}, {"type": "Feature", "geometry": {"type": "LineString", "coordinates": [[10.56474, 63.6416], [10.5656, 63.64087]]}, "properties": {"P": 28.8, "tau": 50.92, "tau_c": 142.87, "omega": 57.55, "M": 0.36, "D": 0.04, "R": 0.06, "sving": 0.07, "os": 0.0, "foss": 1.0, "juv": 0.0, "B": 0.77, "Q": 1.88, "w": 12.35, "h": 0.13, "S": 0.03847, "elv": "bekk", "km": 0.7}}, {"type": "Feature", "geometry": {"type": "LineString", "coordinates": [[10.5656, 63.64087], [10.5675, 63.64064]]}, "properties": {"P": 28.79, "tau": 62.25, "tau_c": 164.85, "omega": 76.78, "M": 0.38, "D": -0.0, "R": 0.07, "sving": 0.38, "os": 0.0, "foss": 0.72, "juv": 0.0, "B": 0.77, "Q": 1.89, "w": 12.37, "h": 0.12, "S": 0.05122, "elv": "bekk", "km": 0.8}}, {"type": "Feature", "geometry": {"type": "LineString", "coordinates": [[10.5675, 63.64064], [10.56933, 63.64044]]}, "properties": {"P": 33.39, "tau": 97.32, "tau_c": 226.97, "omega": 145.67, "M": 0.43, "D": -0.0, "R": 0.11, "sving": 0.22, "os": 0.0, "foss": 1.0, "juv": 0.0, "B": 0.77, "Q": 1.89, "w": 12.38, "h": 0.1, "S": 0.0971, "elv": "bekk", "km": 0.9}}, {"type": "Feature", "geometry": {"type": "LineString", "coordinates": [[10.56933, 63.64044], [10.57129, 63.6403]]}, "properties": {"P": 34.08, "tau": 99.7, "tau_c": 230.79, "omega": 150.84, "M": 0.43, "D": -0.0, "R": 0.12, "sving": 0.24, "os": 0.0, "foss": 1.0, "juv": 0.0, "B": 0.77, "Q": 1.9, "w": 12.4, "h": 0.1, "S": 0.10039, "elv": "bekk", "km": 1.0}}, {"type": "Feature", "geometry": {"type": "LineString", "coordinates": [[10.57129, 63.6403], [10.57294, 63.6399]]}, "properties": {"P": 40.57, "tau": 111.37, "tau_c": 249.93, "omega": 176.75, "M": 0.45, "D": -0.0, "R": 0.13, "sving": 0.49, "os": 0.0, "foss": 1.0, "juv": 0.0, "B": 0.77, "Q": 1.9, "w": 12.41, "h": 0.1, "S": 0.11774, "elv": "bekk", "km": 1.1}}, {"type": "Feature", "geometry": {"type": "LineString", "coordinates": [[10.57294, 63.6399], [10.57398, 63.63929]]}, "properties": {"P": 38.54, "tau": 139.78, "tau_c": 293.68, "omega": 244.81, "M": 0.48, "D": -0.0, "R": 0.16, "sving": 0.36, "os": 0.0, "foss": 1.0, "juv": 0.0, "B": 0.77, "Q": 1.91, "w": 12.43, "h": 0.09, "S": 0.16256, "elv": "bekk", "km": 1.2}}, {"type": "Feature", "geometry": {"type": "LineString", "coordinates": [[10.57398, 63.63929], [10.57399, 63.63845]]}, "properties": {"P": 41.1, "tau": 138.05, "tau_c": 291.05, "omega": 240.52, "M": 0.47, "D": 0.0, "R": 0.16, "sving": 0.46, "os": 0.0, "foss": 1.0, "juv": 0.0, "B": 0.77, "Q": 1.91, "w": 12.44, "h": 0.09, "S": 0.15966, "elv": "bekk", "km": 1.3}}, {"type": "Feature", "geometry": {"type": "LineString", "coordinates": [[10.57399, 63.63845], [10.57489, 63.63766]]}, "properties": {"P": 35.28, "tau": 150.01, "tau_c": 308.67, "omega": 270.96, "M": 0.49, "D": 0.0, "R": 0.17, "sving": 0.19, "os": 0.0, "foss": 1.0, "juv": 0.0, "B": 0.77, "Q": 1.92, "w": 12.46, "h": 0.09, "S": 0.17958, "elv": "bekk", "km": 1.4}}, {"type": "Feature", "geometry": {"type": "LineString", "coordinates": [[10.57489, 63.63766], [10.57458, 63.63681]]}, "properties": {"P": 33.44, "tau": 136.0, "tau_c": 287.66, "omega": 235.48, "M": 0.47, "D": 0.02, "R": 0.16, "sving": 0.12, "os": 0.0, "foss": 1.0, "juv": 0.0, "B": 0.77, "Q": 1.92, "w": 12.47, "h": 0.09, "S": 0.15596, "elv": "bekk", "km": 1.5}}, {"type": "Feature", "geometry": {"type": "LineString", "coordinates": [[10.57458, 63.63681], [10.57483, 63.636]]}, "properties": {"P": 33.08, "tau": 138.6, "tau_c": 291.32, "omega": 242.04, "M": 0.48, "D": 0.03, "R": 0.16, "sving": 0.09, "os": 0.0, "foss": 1.0, "juv": 0.0, "B": 0.77, "Q": 1.93, "w": 12.48, "h": 0.09, "S": 0.15996, "elv": "bekk", "km": 1.6}}, {"type": "Feature", "geometry": {"type": "LineString", "coordinates": [[10.57483, 63.636], [10.57546, 63.63521]]}, "properties": {"P": 34.93, "tau": 139.14, "tau_c": 291.99, "omega": 243.43, "M": 0.48, "D": 0.04, "R": 0.16, "sving": 0.15, "os": 0.0, "foss": 1.0, "juv": 0.0, "B": 0.77, "Q": 1.93, "w": 12.49, "h": 0.09, "S": 0.1607, "elv": "bekk", "km": 1.7}}, {"type": "Feature", "geometry": {"type": "LineString", "coordinates": [[10.57546, 63.63521], [10.57592, 63.63434]]}, "properties": {"P": 31.98, "tau": 122.31, "tau_c": 266.28, "omega": 202.37, "M": 0.46, "D": 0.04, "R": 0.14, "sving": 0.05, "os": 0.0, "foss": 1.0, "juv": 0.0, "B": 0.77, "Q": 1.93, "w": 12.5, "h": 0.09, "S": 0.13364, "elv": "bekk", "km": 1.8}}, {"type": "Feature", "geometry": {"type": "LineString", "coordinates": [[10.62354, 63.70526], [10.62336, 63.70446]]}, "properties": {"P": 30.56, "tau": 130.51, "tau_c": 296.91, "omega": 216.72, "M": 0.44, "D": -0.0, "R": 0.12, "sving": 0.01, "os": 0.18, "foss": 1.0, "juv": 0.0, "B": 0.71, "Q": 1.06, "w": 7.97, "h": 0.08, "S": 0.16615, "elv": "Tetlibekken", "km": 1.5}}, {"type": "Feature", "geometry": {"type": "LineString", "coordinates": [[10.57664, 63.72577], [10.57783, 63.72559]]}, "properties": {"P": 20.51, "tau": 51.19, "tau_c": 135.77, "omega": 58.8, "M": 0.38, "D": 0.05, "R": 0.07, "sving": 0.05, "os": 0.27, "foss": 0.72, "juv": 0.0, "B": 0.54, "Q": 1.82, "w": 10.53, "h": 0.15, "S": 0.03474, "elv": "bekk", "km": 3.4}}, {"type": "Feature", "geometry": {"type": "LineString", "coordinates": [[10.57783, 63.72559], [10.57961, 63.72559]]}, "properties": {"P": 26.18, "tau": 35.09, "tau_c": 107.23, "omega": 33.9, "M": 0.33, "D": 0.21, "R": 0.04, "sving": 0.33, "os": 0.37, "foss": 0.51, "juv": 0.0, "B": 0.54, "Q": 1.82, "w": 11.41, "h": 0.17, "S": 0.02167, "elv": "bekk", "km": 3.5}}, {"type": "Feature", "geometry": {"type": "LineString", "coordinates": [[10.62247, 63.7008], [10.62103, 63.70018]]}, "properties": {"P": 22.98, "tau": 34.78, "tau_c": 115.23, "omega": 32.65, "M": 0.3, "D": -0.0, "R": 0.03, "sving": 0.47, "os": 0.68, "foss": 0.72, "juv": 0.0, "B": 0.39, "Q": 1.41, "w": 10.64, "h": 0.14, "S": 0.02503, "elv": "Tverrelva", "km": 2.0}}, {"type": "Feature", "geometry": {"type": "LineString", "coordinates": [[10.62103, 63.70018], [10.61918, 63.69984]]}, "properties": {"P": 14.12, "tau": 38.39, "tau_c": 123.85, "omega": 37.6, "M": 0.31, "D": 0.02, "R": 0.03, "sving": 0.17, "os": 0.41, "foss": 0.51, "juv": 0.0, "B": 0.39, "Q": 1.42, "w": 10.68, "h": 0.14, "S": 0.02891, "elv": "Tverrelva", "km": 2.1}}, {"type": "Feature", "geometry": {"type": "LineString", "coordinates": [[10.51036, 63.63266], [10.51174, 63.63203]]}, "properties": {"P": 22.76, "tau": 98.28, "tau_c": 320.62, "omega": 131.93, "M": 0.31, "D": 0.02, "R": 0.03, "sving": 0.13, "os": 0.0, "foss": 1.0, "juv": 0.0, "B": 0.61, "Q": 0.42, "w": 6.0, "h": 0.05, "S": 0.19375, "elv": "Hovselva", "km": 0.9}}, {"type": "Feature", "geometry": {"type": "LineString", "coordinates": [[10.52039, 63.63011], [10.52214, 63.62996]]}, "properties": {"P": 21.76, "tau": 80.12, "tau_c": 266.0, "omega": 99.69, "M": 0.3, "D": 0.0, "R": 0.03, "sving": 0.09, "os": 0.0, "foss": 1.0, "juv": 0.0, "B": 0.62, "Q": 0.47, "w": 6.15, "h": 0.06, "S": 0.13337, "elv": "Hovselva", "km": 1.5}}, {"type": "Feature", "geometry": {"type": "LineString", "coordinates": [[10.52214, 63.62996], [10.52397, 63.6296]]}, "properties": {"P": 24.26, "tau": 92.51, "tau_c": 294.23, "omega": 122.62, "M": 0.31, "D": 0.0, "R": 0.03, "sving": 0.2, "os": 0.0, "foss": 1.0, "juv": 0.0, "B": 0.62, "Q": 0.47, "w": 6.2, "h": 0.06, "S": 0.16317, "elv": "Hovselva", "km": 1.6}}, {"type": "Feature", "geometry": {"type": "LineString", "coordinates": [[10.52397, 63.6296], [10.52593, 63.62941]]}, "properties": {"P": 22.68, "tau": 89.4, "tau_c": 287.25, "omega": 116.73, "M": 0.31, "D": 0.01, "R": 0.03, "sving": 0.11, "os": 0.0, "foss": 1.0, "juv": 0.0, "B": 0.62, "Q": 0.48, "w": 6.24, "h": 0.06, "S": 0.15552, "elv": "Hovselva", "km": 1.7}}, {"type": "Feature", "geometry": {"type": "LineString", "coordinates": [[10.52593, 63.62941], [10.52733, 63.62881]]}, "properties": {"P": 20.63, "tau": 87.87, "tau_c": 286.74, "omega": 113.57, "M": 0.31, "D": 0.01, "R": 0.03, "sving": 0.0, "os": 0.0, "foss": 1.0, "juv": 0.0, "B": 0.63, "Q": 0.49, "w": 6.56, "h": 0.06, "S": 0.15497, "elv": "Hovselva", "km": 1.8}}, {"type": "Feature", "geometry": {"type": "LineString", "coordinates": [[10.52908, 63.62841], [10.53043, 63.62814]]}, "properties": {"P": 26.74, "tau": 111.99, "tau_c": 296.58, "omega": 168.09, "M": 0.38, "D": 0.0, "R": 0.07, "sving": 0.17, "os": 0.0, "foss": 1.0, "juv": 0.0, "B": 0.67, "Q": 0.74, "w": 7.18, "h": 0.07, "S": 0.16578, "elv": "Hovselva", "km": 2.0}}, {"type": "Feature", "geometry": {"type": "LineString", "coordinates": [[10.58115, 63.75352], [10.58298, 63.75388]]}, "properties": {"P": 16.5, "tau": 59.96, "tau_c": 184.37, "omega": 69.41, "M": 0.33, "D": -0.0, "R": 0.04, "sving": 0.17, "os": 0.0, "foss": 1.0, "juv": 0.0, "B": 0.43, "Q": 0.97, "w": 8.77, "h": 0.1, "S": 0.06407, "elv": "Rotaelva", "km": 1.6}}, {"type": "Feature", "geometry": {"type": "LineString", "coordinates": [[10.58298, 63.75388], [10.58479, 63.75426]]}, "properties": {"P": 15.13, "tau": 66.69, "tau_c": 199.13, "omega": 80.84, "M": 0.33, "D": -0.0, "R": 0.04, "sving": 0.06, "os": 0.0, "foss": 1.0, "juv": 0.0, "B": 0.43, "Q": 0.97, "w": 8.84, "h": 0.09, "S": 0.07474, "elv": "Rotaelva", "km": 1.7}}, {"type": "Feature", "geometry": {"type": "LineString", "coordinates": [[10.58479, 63.75426], [10.58643, 63.75476]]}, "properties": {"P": 15.13, "tau": 61.7, "tau_c": 188.77, "omega": 72.27, "M": 0.33, "D": 0.03, "R": 0.04, "sving": 0.02, "os": 0.0, "foss": 1.0, "juv": 0.0, "B": 0.43, "Q": 0.98, "w": 8.91, "h": 0.09, "S": 0.06716, "elv": "Rotaelva", "km": 1.8}}, {"type": "Feature", "geometry": {"type": "LineString", "coordinates": [[10.58643, 63.75476], [10.58801, 63.75529]]}, "properties": {"P": 15.02, "tau": 62.27, "tau_c": 189.65, "omega": 73.28, "M": 0.33, "D": 0.04, "R": 0.04, "sving": 0.0, "os": 0.0, "foss": 1.0, "juv": 0.0, "B": 0.43, "Q": 0.98, "w": 8.94, "h": 0.09, "S": 0.06779, "elv": "Rotaelva", "km": 1.9}}, {"type": "Feature", "geometry": {"type": "LineString", "coordinates": [[10.58801, 63.75529], [10.58988, 63.7556]]}, "properties": {"P": 14.09, "tau": 54.11, "tau_c": 171.05, "omega": 59.96, "M": 0.32, "D": 0.07, "R": 0.03, "sving": 0.18, "os": 0.0, "foss": 0.72, "juv": 0.0, "B": 0.43, "Q": 0.99, "w": 8.97, "h": 0.1, "S": 0.05514, "elv": "Rotaelva", "km": 2.0}}, {"type": "Feature", "geometry": {"type": "LineString", "coordinates": [[10.58988, 63.7556], [10.59156, 63.75594]]}, "properties": {"P": 15.87, "tau": 58.96, "tau_c": 181.66, "omega": 67.85, "M": 0.32, "D": 0.06, "R": 0.04, "sving": 0.03, "os": 0.0, "foss": 1.0, "juv": 0.0, "B": 0.44, "Q": 1.0, "w": 9.01, "h": 0.1, "S": 0.0622, "elv": "Rotaelva", "km": 2.1}}, {"type": "Feature", "geometry": {"type": "LineString", "coordinates": [[10.59156, 63.75594], [10.59356, 63.75606]]}, "properties": {"P": 17.2, "tau": 50.25, "tau_c": 162.27, "omega": 53.92, "M": 0.31, "D": 0.09, "R": 0.03, "sving": 0.1, "os": 0.0, "foss": 1.0, "juv": 0.0, "B": 0.44, "Q": 1.0, "w": 9.06, "h": 0.1, "S": 0.04963, "elv": "Rotaelva", "km": 2.2}}, {"type": "Feature", "geometry": {"type": "LineString", "coordinates": [[10.59356, 63.75606], [10.59522, 63.75652]]}, "properties": {"P": 17.09, "tau": 45.63, "tau_c": 150.08, "omega": 47.08, "M": 0.3, "D": 0.1, "R": 0.03, "sving": 0.09, "os": 0.0, "foss": 1.0, "juv": 0.0, "B": 0.44, "Q": 1.03, "w": 9.12, "h": 0.11, "S": 0.04245, "elv": "Rotaelva", "km": 2.3}}, {"type": "Feature", "geometry": {"type": "LineString", "coordinates": [[10.59522, 63.75652], [10.59685, 63.75704]]}, "properties": {"P": 17.36, "tau": 46.96, "tau_c": 153.33, "omega": 49.07, "M": 0.31, "D": 0.09, "R": 0.03, "sving": 0.05, "os": 0.06, "foss": 1.0, "juv": 0.0, "B": 0.44, "Q": 1.04, "w": 9.21, "h": 0.11, "S": 0.04431, "elv": "Rotaelva", "km": 2.4}}, {"type": "Feature", "geometry": {"type": "LineString", "coordinates": [[10.58929, 63.76449], [10.59112, 63.7644]]}, "properties": {"P": 15.47, "tau": 61.78, "tau_c": 187.58, "omega": 72.58, "M": 0.33, "D": 0.0, "R": 0.04, "sving": 0.17, "os": 0.08, "foss": 1.0, "juv": 0.0, "B": 0.38, "Q": 1.01, "w": 9.02, "h": 0.09, "S": 0.06632, "elv": "Ringelva", "km": 0.6}}, {"type": "Feature", "geometry": {"type": "LineString", "coordinates": [[10.59112, 63.7644], [10.59312, 63.76444]]}, "properties": {"P": 16.92, "tau": 61.22, "tau_c": 186.8, "omega": 71.59, "M": 0.33, "D": 0.0, "R": 0.04, "sving": 0.33, "os": 0.05, "foss": 1.0, "juv": 0.0, "B": 0.38, "Q": 1.01, "w": 9.07, "h": 0.09, "S": 0.06577, "elv": "Ringelva", "km": 0.7}}, {"type": "Feature", "geometry": {"type": "LineString", "coordinates": [[10.59312, 63.76444], [10.59487, 63.76414]]}, "properties": {"P": 12.92, "tau": 60.65, "tau_c": 186.05, "omega": 70.59, "M": 0.33, "D": 0.02, "R": 0.04, "sving": 0.01, "os": 0.0, "foss": 1.0, "juv": 0.0, "B": 0.38, "Q": 1.01, "w": 9.13, "h": 0.09, "S": 0.06524, "elv": "Ringelva", "km": 0.8}}, {"type": "Feature", "geometry": {"type": "LineString", "coordinates": [[10.59487, 63.76414], [10.59628, 63.76355]]}, "properties": {"P": 13.48, "tau": 60.53, "tau_c": 182.12, "omega": 70.81, "M": 0.33, "D": 0.06, "R": 0.04, "sving": 0.28, "os": 0.0, "foss": 0.72, "juv": 0.0, "B": 0.38, "Q": 1.06, "w": 9.18, "h": 0.1, "S": 0.06252, "elv": "Ringelva", "km": 0.9}}, {"type": "Feature", "geometry": {"type": "LineString", "coordinates": [[10.59628, 63.76355], [10.59828, 63.76342]]}, "properties": {"P": 11.82, "tau": 53.71, "tau_c": 167.29, "omega": 59.66, "M": 0.32, "D": 0.18, "R": 0.04, "sving": 0.2, "os": 0.0, "foss": 0.51, "juv": 0.0, "B": 0.38, "Q": 1.06, "w": 9.23, "h": 0.1, "S": 0.05275, "elv": "Ringelva", "km": 1.0}}, {"type": "Feature", "geometry": {"type": "LineString", "coordinates": [[10.59828, 63.76342], [10.59938, 63.76391]]}, "properties": {"P": 17.16, "tau": 44.63, "tau_c": 146.83, "omega": 45.71, "M": 0.3, "D": 0.31, "R": 0.03, "sving": 0.63, "os": 0.0, "foss": 0.37, "juv": 0.0, "B": 0.38, "Q": 1.06, "w": 9.28, "h": 0.11, "S": 0.04063, "elv": "Ringelva", "km": 1.1}}, {"type": "Feature", "geometry": {"type": "LineString", "coordinates": [[10.62128, 63.76616], [10.62151, 63.76528]]}, "properties": {"P": 4.57, "tau": 17.35, "tau_c": 50.24, "omega": 13.34, "M": 0.35, "D": 0.0, "R": 0.05, "sving": 0.06, "os": 0.18, "foss": 0.0, "juv": 0.0, "B": 0.45, "Q": 4.6, "w": 16.11, "h": 0.37, "S": 0.00476, "elv": "Ringelva", "km": 3.0}}, {"type": "Feature", "geometry": {"type": "LineString", "coordinates": [[10.52762, 63.65902], [10.52913, 63.65861]]}, "properties": {"P": 13.39, "tau": 52.32, "tau_c": 164.87, "omega": 57.38, "M": 0.32, "D": 0.0, "R": 0.04, "sving": 0.19, "os": 0.0, "foss": 0.72, "juv": 0.0, "B": 0.44, "Q": 1.05, "w": 9.21, "h": 0.1, "S": 0.05123, "elv": "Langdalselva", "km": 2.2}}, {"type": "Feature", "geometry": {"type": "LineString", "coordinates": [[10.52913, 63.65861], [10.53053, 63.65798]]}, "properties": {"P": 13.09, "tau": 48.41, "tau_c": 156.71, "omega": 51.27, "M": 0.31, "D": 0.06, "R": 0.03, "sving": 0.31, "os": 0.0, "foss": 0.51, "juv": 0.0, "B": 0.45, "Q": 1.06, "w": 9.4, "h": 0.11, "S": 0.04629, "elv": "Langdalselva", "km": 2.3}}, {"type": "Feature", "geometry": {"type": "LineString", "coordinates": [[10.53193, 63.6574], [10.53264, 63.65679]]}, "properties": {"P": 15.05, "tau": 36.2, "tau_c": 120.41, "omega": 34.37, "M": 0.3, "D": 0.13, "R": 0.03, "sving": 0.13, "os": 0.0, "foss": 0.72, "juv": 0.0, "B": 0.46, "Q": 1.25, "w": 9.78, "h": 0.14, "S": 0.02733, "elv": "Langdalselva", "km": 2.5}}, {"type": "Feature", "geometry": {"type": "LineString", "coordinates": [[10.60914, 63.76891], [10.61078, 63.76865]]}, "properties": {"P": 17.97, "tau": 83.32, "tau_c": 209.47, "omega": 114.91, "M": 0.4, "D": 0.0, "R": 0.09, "sving": 0.13, "os": 0.15, "foss": 1.0, "juv": 0.0, "B": 0.41, "Q": 1.19, "w": 8.38, "h": 0.1, "S": 0.0827, "elv": "bekk", "km": 0.6}}, {"type": "Feature", "geometry": {"type": "LineString", "coordinates": [[10.61078, 63.76865], [10.61197, 63.76798]]}, "properties": {"P": 18.14, "tau": 90.44, "tau_c": 226.52, "omega": 128.65, "M": 0.4, "D": 0.05, "R": 0.09, "sving": 0.0, "os": 0.23, "foss": 1.0, "juv": 0.0, "B": 0.41, "Q": 1.25, "w": 9.2, "h": 0.1, "S": 0.09671, "elv": "bekk", "km": 0.7}}, {"type": "Feature", "geometry": {"type": "LineString", "coordinates": [[10.61827, 63.76939], [10.61699, 63.7687]]}, "properties": {"P": 17.15, "tau": 64.9, "tau_c": 161.27, "omega": 82.4, "M": 0.4, "D": -0.0, "R": 0.09, "sving": 0.16, "os": 0.18, "foss": 0.51, "juv": 0.0, "B": 0.55, "Q": 1.57, "w": 9.17, "h": 0.13, "S": 0.04902, "elv": "Buengbekken", "km": 3.5}}, {"type": "Feature", "geometry": {"type": "LineString", "coordinates": [[10.54642, 63.71413], [10.54621, 63.71327]]}, "properties": {"P": 21.33, "tau": 28.75, "tau_c": 92.78, "omega": 25.54, "M": 0.31, "D": -0.0, "R": 0.03, "sving": 0.97, "os": 0.0, "foss": 0.0, "juv": 0.0, "B": 0.67, "Q": 2.07, "w": 12.88, "h": 0.18, "S": 0.01622, "elv": "Innerelva", "km": 3.7}}, {"type": "Feature", "geometry": {"type": "LineString", "coordinates": [[10.54621, 63.71327], [10.54767, 63.71291]]}, "properties": {"P": 6.12, "tau": 28.72, "tau_c": 92.78, "omega": 25.49, "M": 0.31, "D": -0.0, "R": 0.03, "sving": 0.24, "os": 0.0, "foss": 0.0, "juv": 0.0, "B": 0.67, "Q": 2.07, "w": 12.91, "h": 0.18, "S": 0.01622, "elv": "Innerelva", "km": 3.8}}, {"type": "Feature", "geometry": {"type": "LineString", "coordinates": [[10.54767, 63.71291], [10.5496, 63.71293]]}, "properties": {"P": 23.47, "tau": 30.64, "tau_c": 97.29, "omega": 27.96, "M": 0.31, "D": 0.01, "R": 0.03, "sving": 0.05, "os": 0.0, "foss": 1.0, "juv": 0.0, "B": 0.67, "Q": 2.07, "w": 12.95, "h": 0.18, "S": 0.01784, "elv": "Innerelva", "km": 3.9}}, {"type": "Feature", "geometry": {"type": "LineString", "coordinates": [[10.5496, 63.71293], [10.54926, 63.71221]]}, "properties": {"P": 20.74, "tau": 31.26, "tau_c": 98.74, "omega": 28.78, "M": 0.32, "D": 0.02, "R": 0.03, "sving": 0.19, "os": 0.0, "foss": 0.72, "juv": 0.0, "B": 0.67, "Q": 2.07, "w": 12.96, "h": 0.17, "S": 0.01838, "elv": "Innerelva", "km": 4.0}}, {"type": "Feature", "geometry": {"type": "LineString", "coordinates": [[10.54926, 63.71221], [10.54882, 63.71145]]}, "properties": {"P": 26.19, "tau": 26.52, "tau_c": 87.89, "omega": 22.72, "M": 0.3, "D": 0.11, "R": 0.03, "sving": 0.54, "os": 0.0, "foss": 0.51, "juv": 0.0, "B": 0.68, "Q": 2.08, "w": 13.07, "h": 0.19, "S": 0.01456, "elv": "Innerelva", "km": 4.1}}, {"type": "Feature", "geometry": {"type": "LineString", "coordinates": [[10.54882, 63.71145], [10.54988, 63.71069]]}, "properties": {"P": 20.35, "tau": 28.18, "tau_c": 92.13, "omega": 24.77, "M": 0.31, "D": 0.19, "R": 0.03, "sving": 0.31, "os": 0.0, "foss": 0.37, "juv": 0.0, "B": 0.68, "Q": 2.08, "w": 13.18, "h": 0.18, "S": 0.016, "elv": "Innerelva", "km": 4.2}}, {"type": "Feature", "geometry": {"type": "LineString", "coordinates": [[10.56029, 63.70962], [10.56224, 63.70941]]}, "properties": {"P": 10.34, "tau": 24.83, "tau_c": 81.01, "omega": 20.91, "M": 0.31, "D": -0.0, "R": 0.03, "sving": 0.08, "os": 0.0, "foss": 0.36, "juv": 0.0, "B": 0.69, "Q": 2.41, "w": 13.96, "h": 0.2, "S": 0.01237, "elv": "Innerelva", "km": 5.2}}, {"type": "Feature", "geometry": {"type": "LineString", "coordinates": [[10.56224, 63.70941], [10.56407, 63.70964]]}, "properties": {"P": 22.59, "tau": 47.05, "tau_c": 128.17, "omega": 52.3, "M": 0.37, "D": -0.0, "R": 0.06, "sving": 0.47, "os": 0.0, "foss": 0.49, "juv": 0.0, "B": 0.69, "Q": 2.41, "w": 14.0, "h": 0.15, "S": 0.03096, "elv": "Innerelva", "km": 5.3}}, {"type": "Feature", "geometry": {"type": "LineString", "coordinates": [[10.56407, 63.70964], [10.56601, 63.70985]]}, "properties": {"P": 30.15, "tau": 48.24, "tau_c": 130.65, "omega": 54.19, "M": 0.37, "D": -0.0, "R": 0.07, "sving": 0.31, "os": 0.0, "foss": 1.0, "juv": 0.0, "B": 0.69, "Q": 2.41, "w": 14.06, "h": 0.15, "S": 0.03217, "elv": "Innerelva", "km": 5.4}}, {"type": "Feature", "geometry": {"type": "LineString", "coordinates": [[10.56601, 63.70985], [10.56738, 63.70937]]}, "properties": {"P": 35.52, "tau": 48.16, "tau_c": 129.7, "omega": 54.17, "M": 0.37, "D": -0.0, "R": 0.07, "sving": 0.55, "os": 0.0, "foss": 1.0, "juv": 0.0, "B": 0.69, "Q": 2.47, "w": 14.18, "h": 0.15, "S": 0.03171, "elv": "Innerelva", "km": 5.5}}, {"type": "Feature", "geometry": {"type": "LineString", "coordinates": [[10.56738, 63.70937], [10.56837, 63.70859]]}, "properties": {"P": 29.61, "tau": 48.31, "tau_c": 129.7, "omega": 54.46, "M": 0.37, "D": 0.03, "R": 0.07, "sving": 0.45, "os": 0.0, "foss": 0.78, "juv": 0.0, "B": 0.69, "Q": 2.5, "w": 14.3, "h": 0.16, "S": 0.03171, "elv": "Innerelva", "km": 5.6}}, {"type": "Feature", "geometry": {"type": "LineString", "coordinates": [[10.56837, 63.70859], [10.56907, 63.70778]]}, "properties": {"P": 26.76, "tau": 49.38, "tau_c": 129.7, "omega": 56.46, "M": 0.38, "D": 0.14, "R": 0.07, "sving": 0.38, "os": 0.0, "foss": 0.56, "juv": 0.0, "B": 0.7, "Q": 2.62, "w": 14.41, "h": 0.16, "S": 0.03171, "elv": "Innerelva", "km": 5.7}}, {"type": "Feature", "geometry": {"type": "LineString", "coordinates": [[10.56907, 63.70778], [10.56997, 63.70723]]}, "properties": {"P": 25.75, "tau": 38.19, "tau_c": 108.18, "omega": 39.03, "M": 0.35, "D": 0.31, "R": 0.05, "sving": 0.29, "os": 0.0, "foss": 0.41, "juv": 0.0, "B": 0.7, "Q": 2.62, "w": 14.5, "h": 0.18, "S": 0.02206, "elv": "Innerelva", "km": 5.8}}, {"type": "Feature", "geometry": {"type": "LineString", "coordinates": [[10.58145, 63.7078], [10.58342, 63.70788]]}, "properties": {"P": 2.16, "tau": 23.01, "tau_c": 75.05, "omega": 18.88, "M": 0.31, "D": -0.0, "R": 0.03, "sving": 0.05, "os": 0.0, "foss": 0.0, "juv": 0.0, "B": 0.7, "Q": 2.67, "w": 14.74, "h": 0.22, "S": 0.01062, "elv": "Innerelva", "km": 6.6}}, {"type": "Feature", "geometry": {"type": "LineString", "coordinates": [[10.58342, 63.70788], [10.58536, 63.70809]]}, "properties": {"P": 6.56, "tau": 25.91, "tau_c": 81.81, "omega": 22.38, "M": 0.32, "D": -0.0, "R": 0.03, "sving": 0.25, "os": 0.0, "foss": 0.0, "juv": 0.0, "B": 0.7, "Q": 2.67, "w": 14.79, "h": 0.21, "S": 0.01261, "elv": "Innerelva", "km": 6.7}}, {"type": "Feature", "geometry": {"type": "LineString", "coordinates": [[10.58536, 63.70809], [10.58684, 63.70867]]}, "properties": {"P": 24.18, "tau": 35.67, "tau_c": 102.0, "omega": 35.5, "M": 0.35, "D": -0.0, "R": 0.05, "sving": 0.03, "os": 0.0, "foss": 1.0, "juv": 0.0, "B": 0.7, "Q": 2.74, "w": 14.84, "h": 0.19, "S": 0.01961, "elv": "Innerelva", "km": 6.8}}, {"type": "Feature", "geometry": {"type": "LineString", "coordinates": [[10.58684, 63.70867], [10.58862, 63.70906]]}, "properties": {"P": 28.21, "tau": 38.16, "tau_c": 107.16, "omega": 39.1, "M": 0.36, "D": -0.0, "R": 0.06, "sving": 0.49, "os": 0.0, "foss": 0.72, "juv": 0.0, "B": 0.7, "Q": 2.74, "w": 14.89, "h": 0.18, "S": 0.02165, "elv": "Innerelva", "km": 6.9}}, {"type": "Feature", "geometry": {"type": "LineString", "coordinates": [[10.58862, 63.70906], [10.5906, 63.70906]]}, "properties": {"P": 32.16, "tau": 38.26, "tau_c": 107.16, "omega": 39.27, "M": 0.36, "D": -0.0, "R": 0.06, "sving": 0.39, "os": 0.0, "foss": 1.0, "juv": 0.0, "B": 0.7, "Q": 2.76, "w": 14.94, "h": 0.18, "S": 0.02165, "elv": "Innerelva", "km": 7.0}}, {"type": "Feature", "geometry": {"type": "LineString", "coordinates": [[10.5906, 63.70906], [10.59152, 63.70831]]}, "properties": {"P": 22.77, "tau": 89.19, "tau_c": 196.57, "omega": 132.14, "M": 0.45, "D": -0.0, "R": 0.14, "sving": 0.11, "os": 0.0, "foss": 0.72, "juv": 0.0, "B": 0.7, "Q": 2.77, "w": 14.96, "h": 0.12, "S": 0.07283, "elv": "Innerelva", "km": 7.1}}, {"type": "Feature", "geometry": {"type": "LineString", "coordinates": [[10.59152, 63.70831], [10.59313, 63.70808]]}, "properties": {"P": 19.19, "tau": 89.23, "tau_c": 190.81, "omega": 133.35, "M": 0.47, "D": -0.0, "R": 0.15, "sving": 0.04, "os": 0.0, "foss": 0.59, "juv": 0.0, "B": 0.7, "Q": 2.77, "w": 13.98, "h": 0.13, "S": 0.06862, "elv": "Innerelva", "km": 7.2}}, {"type": "Feature", "geometry": {"type": "LineString", "coordinates": [[10.59313, 63.70808], [10.59503, 63.70823]]}, "properties": {"P": 31.49, "tau": 102.02, "tau_c": 203.3, "omega": 163.05, "M": 0.5, "D": -0.0, "R": 0.19, "sving": 0.14, "os": 0.0, "foss": 1.0, "juv": 0.0, "B": 0.7, "Q": 2.77, "w": 12.99, "h": 0.13, "S": 0.0779, "elv": "Innerelva", "km": 7.3}}, {"type": "Feature", "geometry": {"type": "LineString", "coordinates": [[10.59503, 63.70823], [10.59698, 63.70814]]}, "properties": {"P": 34.85, "tau": 102.3, "tau_c": 194.63, "omega": 165.78, "M": 0.53, "D": -0.0, "R": 0.22, "sving": 0.24, "os": 0.0, "foss": 1.0, "juv": 0.0, "B": 0.7, "Q": 2.84, "w": 11.99, "h": 0.15, "S": 0.0714, "elv": "Innerelva", "km": 7.4}}, {"type": "Feature", "geometry": {"type": "LineString", "coordinates": [[10.59698, 63.70814], [10.5985, 63.70756]]}, "properties": {"P": 42.06, "tau": 110.43, "tau_c": 205.86, "omega": 184.96, "M": 0.54, "D": 0.03, "R": 0.23, "sving": 0.51, "os": 0.0, "foss": 1.0, "juv": 0.0, "B": 0.7, "Q": 2.84, "w": 12.05, "h": 0.14, "S": 0.07988, "elv": "Innerelva", "km": 7.5}}, {"type": "Feature", "geometry": {"type": "LineString", "coordinates": [[10.5985, 63.70756], [10.59965, 63.70685]]}, "properties": {"P": 32.52, "tau": 121.32, "tau_c": 211.93, "omega": 213.83, "M": 0.57, "D": 0.08, "R": 0.28, "sving": 0.21, "os": 0.0, "foss": 0.72, "juv": 0.0, "B": 0.7, "Q": 2.85, "w": 11.05, "h": 0.15, "S": 0.08466, "elv": "Innerelva", "km": 7.6}}, {"type": "Feature", "geometry": {"type": "LineString", "coordinates": [[10.59965, 63.70685], [10.60041, 63.70604]]}, "properties": {"P": 36.11, "tau": 76.26, "tau_c": 157.5, "omega": 108.81, "M": 0.48, "D": 0.19, "R": 0.17, "sving": 0.13, "os": 0.0, "foss": 1.0, "juv": 0.0, "B": 0.7, "Q": 2.87, "w": 12.11, "h": 0.17, "S": 0.04675, "elv": "Innerelva", "km": 7.7}}, {"type": "Feature", "geometry": {"type": "LineString", "coordinates": [[10.60041, 63.70604], [10.60192, 63.70553]]}, "properties": {"P": 29.32, "tau": 75.6, "tau_c": 156.34, "omega": 107.49, "M": 0.48, "D": 0.15, "R": 0.17, "sving": 0.14, "os": 0.0, "foss": 0.72, "juv": 0.0, "B": 0.7, "Q": 2.88, "w": 12.11, "h": 0.17, "S": 0.04607, "elv": "Innerelva", "km": 7.8}}, {"type": "Feature", "geometry": {"type": "LineString", "coordinates": [[10.60192, 63.70553], [10.60379, 63.7052]]}, "properties": {"P": 30.93, "tau": 63.29, "tau_c": 142.91, "omega": 82.49, "M": 0.44, "D": 0.13, "R": 0.13, "sving": 0.04, "os": 0.0, "foss": 1.0, "juv": 0.0, "B": 0.7, "Q": 2.88, "w": 13.19, "h": 0.17, "S": 0.0385, "elv": "Innerelva", "km": 7.9}}, {"type": "Feature", "geometry": {"type": "LineString", "coordinates": [[10.60379, 63.7052], [10.60549, 63.70472]]}, "properties": {"P": 34.19, "tau": 76.06, "tau_c": 163.19, "omega": 107.35, "M": 0.47, "D": 0.03, "R": 0.15, "sving": 0.28, "os": 0.0, "foss": 1.0, "juv": 0.0, "B": 0.7, "Q": 2.88, "w": 13.22, "h": 0.15, "S": 0.0502, "elv": "Innerelva", "km": 8.0}}, {"type": "Feature", "geometry": {"type": "LineString", "coordinates": [[10.60549, 63.70472], [10.60644, 63.70395]]}, "properties": {"P": 25.48, "tau": 65.39, "tau_c": 150.46, "omega": 85.81, "M": 0.43, "D": 0.05, "R": 0.12, "sving": 0.18, "os": 0.0, "foss": 0.72, "juv": 0.0, "B": 0.71, "Q": 2.94, "w": 14.32, "h": 0.16, "S": 0.04267, "elv": "Innerelva", "km": 8.1}}, {"type": "Feature", "geometry": {"type": "LineString", "coordinates": [[10.60644, 63.70395], [10.60801, 63.70402]]}, "properties": {"P": 35.0, "tau": 78.37, "tau_c": 171.55, "omega": 111.22, "M": 0.46, "D": 0.04, "R": 0.14, "sving": 0.32, "os": 0.0, "foss": 1.0, "juv": 0.0, "B": 0.71, "Q": 2.94, "w": 14.36, "h": 0.14, "S": 0.05547, "elv": "Innerelva", "km": 8.2}}, {"type": "Feature", "geometry": {"type": "LineString", "coordinates": [[10.60801, 63.70402], [10.60922, 63.7034]]}, "properties": {"P": 23.59, "tau": 63.8, "tau_c": 152.37, "omega": 82.17, "M": 0.42, "D": 0.09, "R": 0.1, "sving": 0.07, "os": 0.0, "foss": 0.72, "juv": 0.0, "B": 0.71, "Q": 2.96, "w": 15.47, "h": 0.15, "S": 0.04376, "elv": "Innerelva", "km": 8.3}}, {"type": "Feature", "geometry": {"type": "LineString", "coordinates": [[10.60922, 63.7034], [10.60951, 63.70252]]}, "properties": {"P": 40.44, "tau": 61.53, "tau_c": 148.49, "omega": 78.01, "M": 0.41, "D": 0.11, "R": 0.1, "sving": 0.48, "os": 0.06, "foss": 1.0, "juv": 0.0, "B": 0.71, "Q": 2.96, "w": 15.49, "h": 0.15, "S": 0.04156, "elv": "Innerelva", "km": 8.4}}, {"type": "Feature", "geometry": {"type": "LineString", "coordinates": [[10.60951, 63.70252], [10.61007, 63.70174]]}, "properties": {"P": 29.31, "tau": 57.65, "tau_c": 141.71, "omega": 71.06, "M": 0.41, "D": 0.15, "R": 0.09, "sving": 0.16, "os": 0.1, "foss": 0.72, "juv": 0.0, "B": 0.71, "Q": 2.97, "w": 15.51, "h": 0.16, "S": 0.03785, "elv": "Innerelva", "km": 8.5}}, {"type": "Feature", "geometry": {"type": "LineString", "coordinates": [[10.61007, 63.70174], [10.61082, 63.70096]]}, "properties": {"P": 23.67, "tau": 43.99, "tau_c": 118.79, "omega": 47.99, "M": 0.37, "D": 0.21, "R": 0.07, "sving": 0.03, "os": 0.16, "foss": 0.51, "juv": 0.0, "B": 0.71, "Q": 2.98, "w": 16.2, "h": 0.17, "S": 0.02659, "elv": "Innerelva", "km": 8.6}}, {"type": "Feature", "geometry": {"type": "LineString", "coordinates": [[10.61082, 63.70096], [10.61135, 63.70015]]}, "properties": {"P": 28.69, "tau": 42.42, "tau_c": 117.77, "omega": 45.34, "M": 0.36, "D": 0.25, "R": 0.06, "sving": 0.26, "os": 0.25, "foss": 0.37, "juv": 0.0, "B": 0.71, "Q": 2.99, "w": 16.89, "h": 0.17, "S": 0.02614, "elv": "Innerelva", "km": 8.7}}, {"type": "Feature", "geometry": {"type": "LineString", "coordinates": [[10.61135, 63.70015], [10.61174, 63.69937]]}, "properties": {"P": 24.68, "tau": 24.11, "tau_c": 67.4, "omega": 21.12, "M": 0.36, "D": 0.34, "R": 0.06, "sving": 0.13, "os": 0.39, "foss": 0.0, "juv": 0.0, "B": 0.74, "Q": 4.42, "w": 17.57, "h": 0.29, "S": 0.00856, "elv": "Innerelva", "km": 8.8}}, {"type": "Feature", "geometry": {"type": "LineString", "coordinates": [[10.61174, 63.69937], [10.61332, 63.69892]]}, "properties": {"P": 25.12, "tau": 20.46, "tau_c": 60.9, "omega": 16.61, "M": 0.34, "D": 0.3, "R": 0.04, "sving": 0.07, "os": 0.54, "foss": 0.0, "juv": 0.0, "B": 0.74, "Q": 4.43, "w": 18.28, "h": 0.3, "S": 0.00699, "elv": "Innerelva", "km": 8.9}}, {"type": "Feature", "geometry": {"type": "LineString", "coordinates": [[10.61342, 63.69809], [10.61404, 63.69755]]}, "properties": {"P": 32.02, "tau": 17.01, "tau_c": 54.0, "omega": 12.71, "M": 0.31, "D": 0.09, "R": 0.03, "sving": 0.49, "os": 0.73, "foss": 0.0, "juv": 0.0, "B": 0.74, "Q": 4.48, "w": 19.0, "h": 0.32, "S": 0.0055, "elv": "Innerelva", "km": 9.1}}, {"type": "Feature", "geometry": {"type": "LineString", "coordinates": [[10.61404, 63.69755], [10.61574, 63.69745]]}, "properties": {"P": 23.74, "tau": 18.05, "tau_c": 56.38, "omega": 13.83, "M": 0.32, "D": 0.07, "R": 0.04, "sving": 0.1, "os": 0.78, "foss": 0.0, "juv": 0.0, "B": 0.74, "Q": 4.48, "w": 19.02, "h": 0.31, "S": 0.00599, "elv": "Innerelva", "km": 9.2}}, {"type": "Feature", "geometry": {"type": "LineString", "coordinates": [[10.61579, 63.69579], [10.61589, 63.6949]]}, "properties": {"P": 12.07, "tau": 13.43, "tau_c": 44.7, "omega": 9.11, "M": 0.3, "D": 0.05, "R": 0.03, "sving": 0.1, "os": 0.3, "foss": 0.0, "juv": 0.0, "B": 0.75, "Q": 4.8, "w": 19.47, "h": 0.36, "S": 0.00377, "elv": "Innerelva", "km": 9.5}}, {"type": "Feature", "geometry": {"type": "LineString", "coordinates": [[10.61589, 63.6949], [10.61551, 63.69416]]}, "properties": {"P": 19.7, "tau": 18.26, "tau_c": 55.78, "omega": 14.15, "M": 0.33, "D": 0.03, "R": 0.04, "sving": 0.55, "os": 0.19, "foss": 0.0, "juv": 0.0, "B": 0.75, "Q": 4.83, "w": 19.61, "h": 0.32, "S": 0.00586, "elv": "Innerelva", "km": 9.6}}, {"type": "Feature", "geometry": {"type": "LineString", "coordinates": [[10.61368, 63.69305], [10.61389, 63.69229]]}, "properties": {"P": 5.42, "tau": 17.19, "tau_c": 53.56, "omega": 12.97, "M": 0.32, "D": 0.01, "R": 0.04, "sving": 0.07, "os": 0.08, "foss": 0.0, "juv": 0.0, "B": 0.75, "Q": 4.84, "w": 19.79, "h": 0.32, "S": 0.00541, "elv": "Innerelva", "km": 9.9}}, {"type": "Feature", "geometry": {"type": "LineString", "coordinates": [[10.61389, 63.69229], [10.61313, 63.6915]]}, "properties": {"P": 14.9, "tau": 20.8, "tau_c": 61.42, "omega": 17.06, "M": 0.34, "D": -0.0, "R": 0.05, "sving": 0.51, "os": 0.05, "foss": 0.0, "juv": 0.0, "B": 0.75, "Q": 4.84, "w": 19.81, "h": 0.3, "S": 0.00711, "elv": "Innerelva", "km": 10.0}}, {"type": "Feature", "geometry": {"type": "LineString", "coordinates": [[10.61313, 63.6915], [10.61348, 63.69062]]}, "properties": {"P": 5.18, "tau": 20.82, "tau_c": 61.42, "omega": 17.08, "M": 0.34, "D": -0.0, "R": 0.05, "sving": 0.15, "os": 0.0, "foss": 0.0, "juv": 0.0, "B": 0.75, "Q": 4.85, "w": 19.82, "h": 0.3, "S": 0.00711, "elv": "Innerelva", "km": 10.1}}, {"type": "Feature", "geometry": {"type": "LineString", "coordinates": [[10.61348, 63.69062], [10.61392, 63.68974]]}, "properties": {"P": 2.81, "tau": 23.59, "tau_c": 67.2, "omega": 20.44, "M": 0.35, "D": -0.0, "R": 0.05, "sving": 0.03, "os": 0.0, "foss": 0.0, "juv": 0.0, "B": 0.75, "Q": 4.86, "w": 19.83, "h": 0.28, "S": 0.00851, "elv": "Innerelva", "km": 10.2}}, {"type": "Feature", "geometry": {"type": "LineString", "coordinates": [[10.61392, 63.68974], [10.61341, 63.68891]]}, "properties": {"P": 7.09, "tau": 35.74, "tau_c": 90.5, "omega": 37.09, "M": 0.39, "D": -0.0, "R": 0.08, "sving": 0.16, "os": 0.0, "foss": 0.0, "juv": 0.0, "B": 0.75, "Q": 4.86, "w": 19.85, "h": 0.24, "S": 0.01544, "elv": "Innerelva", "km": 10.3}}, {"type": "Feature", "geometry": {"type": "LineString", "coordinates": [[10.61341, 63.68891], [10.61251, 63.68815]]}, "properties": {"P": 4.9, "tau": 40.48, "tau_c": 98.94, "omega": 44.36, "M": 0.41, "D": -0.0, "R": 0.1, "sving": 0.05, "os": 0.0, "foss": 0.0, "juv": 0.0, "B": 0.75, "Q": 4.87, "w": 19.86, "h": 0.22, "S": 0.01845, "elv": "Innerelva", "km": 10.4}}, {"type": "Feature", "geometry": {"type": "LineString", "coordinates": [[10.61251, 63.68815], [10.61204, 63.6874]]}, "properties": {"P": 33.97, "tau": 40.26, "tau_c": 98.5, "omega": 44.02, "M": 0.41, "D": -0.0, "R": 0.1, "sving": 0.3, "os": 0.0, "foss": 1.0, "juv": 0.0, "B": 0.75, "Q": 4.88, "w": 19.87, "h": 0.22, "S": 0.01829, "elv": "Innerelva", "km": 10.5}}, {"type": "Feature", "geometry": {"type": "LineString", "coordinates": [[10.61204, 63.6874], [10.61222, 63.68652]]}, "properties": {"P": 24.44, "tau": 42.19, "tau_c": 101.82, "omega": 47.07, "M": 0.41, "D": -0.0, "R": 0.1, "sving": 0.17, "os": 0.0, "foss": 0.72, "juv": 0.0, "B": 0.75, "Q": 4.88, "w": 19.89, "h": 0.22, "S": 0.01954, "elv": "Innerelva", "km": 10.6}}, {"type": "Feature", "geometry": {"type": "LineString", "coordinates": [[10.61222, 63.68652], [10.61319, 63.6858]]}, "properties": {"P": 17.14, "tau": 46.97, "tau_c": 109.94, "omega": 54.92, "M": 0.43, "D": -0.0, "R": 0.11, "sving": 0.04, "os": 0.0, "foss": 0.51, "juv": 0.0, "B": 0.75, "Q": 4.89, "w": 19.9, "h": 0.21, "S": 0.02278, "elv": "Innerelva", "km": 10.7}}, {"type": "Feature", "geometry": {"type": "LineString", "coordinates": [[10.61319, 63.6858], [10.61311, 63.68494]]}, "properties": {"P": 15.51, "tau": 50.35, "tau_c": 115.57, "omega": 60.68, "M": 0.44, "D": 0.02, "R": 0.12, "sving": 0.07, "os": 0.0, "foss": 0.37, "juv": 0.0, "B": 0.75, "Q": 4.89, "w": 19.91, "h": 0.2, "S": 0.02517, "elv": "Innerelva", "km": 10.8}}, {"type": "Feature", "geometry": {"type": "LineString", "coordinates": [[10.61311, 63.68494], [10.61278, 63.68407]]}, "properties": {"P": 9.35, "tau": 44.87, "tau_c": 106.37, "omega": 51.44, "M": 0.42, "D": 0.07, "R": 0.11, "sving": 0.13, "os": 0.0, "foss": 0.0, "juv": 0.0, "B": 0.75, "Q": 4.9, "w": 19.92, "h": 0.21, "S": 0.02132, "elv": "Innerelva", "km": 10.9}}, {"type": "Feature", "geometry": {"type": "LineString", "coordinates": [[10.61278, 63.68407], [10.6133, 63.68324]]}, "properties": {"P": 36.63, "tau": 39.95, "tau_c": 97.85, "omega": 43.55, "M": 0.41, "D": 0.07, "R": 0.1, "sving": 0.32, "os": 0.0, "foss": 1.0, "juv": 0.0, "B": 0.75, "Q": 4.91, "w": 19.95, "h": 0.23, "S": 0.01805, "elv": "Innerelva", "km": 11.0}}, {"type": "Feature", "geometry": {"type": "LineString", "coordinates": [[10.6133, 63.68324], [10.61485, 63.68267]]}, "properties": {"P": 39.46, "tau": 35.9, "tau_c": 90.62, "omega": 37.37, "M": 0.4, "D": 0.05, "R": 0.09, "sving": 0.77, "os": 0.0, "foss": 0.72, "juv": 0.0, "B": 0.75, "Q": 4.91, "w": 19.97, "h": 0.24, "S": 0.01548, "elv": "Innerelva", "km": 11.1}}, {"type": "Feature", "geometry": {"type": "LineString", "coordinates": [[10.61485, 63.68267], [10.61625, 63.68207]]}, "properties": {"P": 19.1, "tau": 55.86, "tau_c": 124.07, "omega": 70.48, "M": 0.45, "D": -0.0, "R": 0.13, "sving": 0.08, "os": 0.0, "foss": 0.51, "juv": 0.0, "B": 0.75, "Q": 4.95, "w": 19.99, "h": 0.2, "S": 0.02901, "elv": "Innerelva", "km": 11.2}}, {"type": "Feature", "geometry": {"type": "LineString", "coordinates": [[10.61625, 63.68207], [10.61802, 63.68233]]}, "properties": {"P": 17.86, "tau": 65.91, "tau_c": 139.76, "omega": 89.34, "M": 0.47, "D": -0.0, "R": 0.16, "sving": 0.14, "os": 0.0, "foss": 0.37, "juv": 0.0, "B": 0.75, "Q": 4.95, "w": 20.01, "h": 0.18, "S": 0.03682, "elv": "Innerelva", "km": 11.3}}, {"type": "Feature", "geometry": {"type": "LineString", "coordinates": [[10.61802, 63.68233], [10.61811, 63.68148]]}, "properties": {"P": 31.97, "tau": 62.38, "tau_c": 134.38, "omega": 82.55, "M": 0.46, "D": -0.0, "R": 0.15, "sving": 0.13, "os": 0.0, "foss": 1.0, "juv": 0.0, "B": 0.75, "Q": 4.95, "w": 20.02, "h": 0.19, "S": 0.03404, "elv": "Innerelva", "km": 11.4}}, {"type": "Feature", "geometry": {"type": "LineString", "coordinates": [[10.61811, 63.68148], [10.61907, 63.68071]]}, "properties": {"P": 37.84, "tau": 58.46, "tau_c": 128.16, "omega": 75.23, "M": 0.46, "D": -0.0, "R": 0.14, "sving": 0.39, "os": 0.0, "foss": 1.0, "juv": 0.0, "B": 0.75, "Q": 4.96, "w": 20.02, "h": 0.19, "S": 0.03096, "elv": "Innerelva", "km": 11.5}}, {"type": "Feature", "geometry": {"type": "LineString", "coordinates": [[10.61907, 63.68071], [10.61999, 63.67992]]}, "properties": {"P": 35.91, "tau": 69.45, "tau_c": 143.86, "omega": 96.54, "M": 0.48, "D": -0.0, "R": 0.17, "sving": 0.54, "os": 0.0, "foss": 0.72, "juv": 0.0, "B": 0.76, "Q": 5.06, "w": 20.07, "h": 0.18, "S": 0.03901, "elv": "Innerelva", "km": 11.6}}, {"type": "Feature", "geometry": {"type": "LineString", "coordinates": [[10.61999, 63.67992], [10.62135, 63.67937]]}, "properties": {"P": 24.04, "tau": 98.01, "tau_c": 184.22, "omega": 158.13, "M": 0.53, "D": -0.0, "R": 0.22, "sving": 0.14, "os": 0.0, "foss": 0.51, "juv": 0.0, "B": 0.76, "Q": 5.07, "w": 20.12, "h": 0.16, "S": 0.06397, "elv": "Innerelva", "km": 11.7}}, {"type": "Feature", "geometry": {"type": "LineString", "coordinates": [[10.62135, 63.67937], [10.62291, 63.67932]]}, "properties": {"P": 40.54, "tau": 83.01, "tau_c": 163.47, "omega": 124.66, "M": 0.51, "D": 0.03, "R": 0.2, "sving": 0.37, "os": 0.0, "foss": 1.0, "juv": 0.0, "B": 0.76, "Q": 5.07, "w": 20.11, "h": 0.17, "S": 0.05036, "elv": "Innerelva", "km": 11.8}}, {"type": "Feature", "geometry": {"type": "LineString", "coordinates": [[10.62291, 63.67932], [10.62433, 63.6788]]}, "properties": {"P": 36.34, "tau": 85.04, "tau_c": 166.49, "omega": 129.02, "M": 0.51, "D": 0.03, "R": 0.2, "sving": 0.18, "os": 0.0, "foss": 1.0, "juv": 0.0, "B": 0.76, "Q": 5.08, "w": 20.17, "h": 0.17, "S": 0.05225, "elv": "Innerelva", "km": 11.9}}, {"type": "Feature", "geometry": {"type": "LineString", "coordinates": [[10.62433, 63.6788], [10.62606, 63.67871]]}, "properties": {"P": 36.39, "tau": 81.31, "tau_c": 161.62, "omega": 120.91, "M": 0.5, "D": 0.04, "R": 0.19, "sving": 0.46, "os": 0.0, "foss": 0.72, "juv": 0.0, "B": 0.76, "Q": 5.08, "w": 20.29, "h": 0.17, "S": 0.04923, "elv": "Innerelva", "km": 12.0}}, {"type": "Feature", "geometry": {"type": "LineString", "coordinates": [[10.62606, 63.67871], [10.62797, 63.67849]]}, "properties": {"P": 40.77, "tau": 81.17, "tau_c": 161.62, "omega": 120.55, "M": 0.5, "D": 0.03, "R": 0.19, "sving": 0.38, "os": 0.0, "foss": 1.0, "juv": 0.0, "B": 0.76, "Q": 5.08, "w": 20.36, "h": 0.17, "S": 0.04923, "elv": "Innerelva", "km": 12.1}}, {"type": "Feature", "geometry": {"type": "LineString", "coordinates": [[10.62797, 63.67849], [10.62845, 63.67766]]}, "properties": {"P": 40.84, "tau": 79.63, "tau_c": 157.48, "omega": 117.76, "M": 0.51, "D": 0.03, "R": 0.19, "sving": 0.66, "os": 0.0, "foss": 0.72, "juv": 0.0, "B": 0.76, "Q": 5.25, "w": 20.43, "h": 0.17, "S": 0.04674, "elv": "Innerelva", "km": 12.2}}, {"type": "Feature", "geometry": {"type": "LineString", "coordinates": [[10.62845, 63.67766], [10.62816, 63.67678]]}, "properties": {"P": 28.94, "tau": 70.62, "tau_c": 144.87, "omega": 99.07, "M": 0.49, "D": 0.02, "R": 0.17, "sving": 0.4, "os": 0.0, "foss": 0.51, "juv": 0.0, "B": 0.76, "Q": 5.25, "w": 20.56, "h": 0.18, "S": 0.03955, "elv": "Innerelva", "km": 12.3}}, {"type": "Feature", "geometry": {"type": "LineString", "coordinates": [[10.62816, 63.67678], [10.6276, 63.67597]]}, "properties": {"P": 32.82, "tau": 79.83, "tau_c": 158.35, "omega": 118.06, "M": 0.5, "D": 0.0, "R": 0.19, "sving": 0.08, "os": 0.0, "foss": 1.0, "juv": 0.0, "B": 0.76, "Q": 5.25, "w": 20.63, "h": 0.17, "S": 0.04726, "elv": "Innerelva", "km": 12.4}}, {"type": "Feature", "geometry": {"type": "LineString", "coordinates": [[10.6276, 63.67597], [10.62804, 63.67519]]}, "properties": {"P": 35.75, "tau": 81.0, "tau_c": 159.56, "omega": 120.64, "M": 0.51, "D": -0.0, "R": 0.2, "sving": 0.2, "os": 0.0, "foss": 1.0, "juv": 0.0, "B": 0.76, "Q": 5.25, "w": 20.5, "h": 0.17, "S": 0.04799, "elv": "Innerelva", "km": 12.5}}, {"type": "Feature", "geometry": {"type": "LineString", "coordinates": [[10.62804, 63.67519], [10.62884, 63.67447]]}, "properties": {"P": 38.0, "tau": 91.92, "tau_c": 174.61, "omega": 144.61, "M": 0.53, "D": -0.0, "R": 0.22, "sving": 0.26, "os": 0.0, "foss": 1.0, "juv": 0.0, "B": 0.76, "Q": 5.26, "w": 20.51, "h": 0.16, "S": 0.05747, "elv": "Innerelva", "km": 12.6}}, {"type": "Feature", "geometry": {"type": "LineString", "coordinates": [[10.62884, 63.67447], [10.62956, 63.67367]]}, "properties": {"P": 34.77, "tau": 107.42, "tau_c": 195.22, "omega": 180.79, "M": 0.55, "D": -0.0, "R": 0.25, "sving": 0.07, "os": 0.0, "foss": 1.0, "juv": 0.0, "B": 0.76, "Q": 5.26, "w": 20.51, "h": 0.15, "S": 0.07184, "elv": "Innerelva", "km": 12.7}}, {"type": "Feature", "geometry": {"type": "LineString", "coordinates": [[10.61036, 63.69653], [10.61192, 63.69705]]}, "properties": {"P": 20.94, "tau": 102.49, "tau_c": 167.39, "omega": 174.49, "M": 0.61, "D": -0.0, "R": 0.33, "sving": 0.19, "os": 0.2, "foss": 0.72, "juv": 0.0, "B": 0.41, "Q": 4.79, "w": 14.22, "h": 0.2, "S": 0.05281, "elv": "Trongsundbekken", "km": 2.1}}, {"type": "Feature", "geometry": {"type": "LineString", "coordinates": [[10.60682, 63.84803], [10.60834, 63.84755]]}, "properties": {"P": 22.07, "tau": 47.62, "tau_c": 155.46, "omega": 49.98, "M": 0.31, "D": 0.0, "R": 0.03, "sving": 0.59, "os": 0.0, "foss": 1.0, "juv": 0.0, "B": 0.44, "Q": 1.01, "w": 9.05, "h": 0.11, "S": 0.04555, "elv": "Raudtinnelva", "km": 0.1}}, {"type": "Feature", "geometry": {"type": "LineString", "coordinates": [[10.60834, 63.84755], [10.6086, 63.84694]]}, "properties": {"P": 13.14, "tau": 50.89, "tau_c": 162.98, "omega": 54.99, "M": 0.31, "D": 0.0, "R": 0.03, "sving": 0.2, "os": 0.0, "foss": 0.72, "juv": 0.0, "B": 0.44, "Q": 1.01, "w": 9.06, "h": 0.1, "S": 0.05007, "elv": "Raudtinnelva", "km": 0.2}}, {"type": "Feature", "geometry": {"type": "LineString", "coordinates": [[10.6086, 63.84694], [10.60811, 63.8461]]}, "properties": {"P": 17.03, "tau": 56.59, "tau_c": 175.88, "omega": 64.02, "M": 0.32, "D": 0.0, "R": 0.04, "sving": 0.2, "os": 0.0, "foss": 1.0, "juv": 0.0, "B": 0.44, "Q": 1.01, "w": 9.06, "h": 0.1, "S": 0.05831, "elv": "Raudtinnelva", "km": 0.3}}, {"type": "Feature", "geometry": {"type": "LineString", "coordinates": [[10.60811, 63.8461], [10.60886, 63.84527]]}, "properties": {"P": 16.15, "tau": 64.91, "tau_c": 194.08, "omega": 77.94, "M": 0.33, "D": 0.0, "R": 0.04, "sving": 0.13, "os": 0.0, "foss": 1.0, "juv": 0.0, "B": 0.44, "Q": 1.01, "w": 9.06, "h": 0.09, "S": 0.071, "elv": "Raudtinnelva", "km": 0.4}}, {"type": "Feature", "geometry": {"type": "LineString", "coordinates": [[10.60886, 63.84527], [10.60969, 63.84445]]}, "properties": {"P": 20.6, "tau": 71.28, "tau_c": 207.56, "omega": 89.14, "M": 0.34, "D": 0.01, "R": 0.05, "sving": 0.44, "os": 0.0, "foss": 1.0, "juv": 0.0, "B": 0.44, "Q": 1.01, "w": 9.06, "h": 0.09, "S": 0.0812, "elv": "Raudtinnelva", "km": 0.5}}, {"type": "Feature", "geometry": {"type": "LineString", "coordinates": [[10.60969, 63.84445], [10.61068, 63.84368]]}, "properties": {"P": 16.91, "tau": 73.93, "tau_c": 215.63, "omega": 93.6, "M": 0.34, "D": 0.02, "R": 0.05, "sving": 0.15, "os": 0.0, "foss": 1.0, "juv": 0.0, "B": 0.44, "Q": 1.01, "w": 9.32, "h": 0.09, "S": 0.08763, "elv": "Raudtinnelva", "km": 0.6}}, {"type": "Feature", "geometry": {"type": "LineString", "coordinates": [[10.61068, 63.84368], [10.61219, 63.84317]]}, "properties": {"P": 20.43, "tau": 61.97, "tau_c": 196.7, "omega": 71.98, "M": 0.32, "D": 0.02, "R": 0.03, "sving": 0.35, "os": 0.08, "foss": 1.0, "juv": 0.0, "B": 0.44, "Q": 1.01, "w": 10.08, "h": 0.09, "S": 0.07292, "elv": "Raudtinnelva", "km": 0.7}}, {"type": "Feature", "geometry": {"type": "LineString", "coordinates": [[10.61219, 63.84317], [10.61354, 63.84254]]}, "properties": {"P": 19.57, "tau": 64.53, "tau_c": 182.38, "omega": 78.81, "M": 0.35, "D": 0.02, "R": 0.06, "sving": 0.15, "os": 0.12, "foss": 1.0, "juv": 0.0, "B": 0.45, "Q": 1.32, "w": 10.27, "h": 0.1, "S": 0.06269, "elv": "Raudtinnelva", "km": 0.8}}, {"type": "Feature", "geometry": {"type": "LineString", "coordinates": [[10.61354, 63.84254], [10.61542, 63.84237]]}, "properties": {"P": 19.49, "tau": 71.51, "tau_c": 167.11, "omega": 96.0, "M": 0.43, "D": 0.07, "R": 0.11, "sving": 0.11, "os": 0.2, "foss": 0.72, "juv": 0.0, "B": 0.48, "Q": 2.05, "w": 11.03, "h": 0.14, "S": 0.05264, "elv": "Raudtinnelva", "km": 0.9}}, {"type": "Feature", "geometry": {"type": "LineString", "coordinates": [[10.61542, 63.84237], [10.61702, 63.84183]]}, "properties": {"P": 20.17, "tau": 54.5, "tau_c": 141.68, "omega": 64.5, "M": 0.38, "D": 0.2, "R": 0.08, "sving": 0.14, "os": 0.31, "foss": 0.51, "juv": 0.0, "B": 0.48, "Q": 2.05, "w": 11.8, "h": 0.15, "S": 0.03783, "elv": "Raudtinnelva", "km": 1.0}}, {"type": "Feature", "geometry": {"type": "LineString", "coordinates": [[10.61702, 63.84183], [10.61801, 63.84122]]}, "properties": {"P": 36.12, "tau": 34.77, "tau_c": 104.6, "omega": 33.68, "M": 0.33, "D": 0.32, "R": 0.04, "sving": 0.43, "os": 0.5, "foss": 1.0, "juv": 0.0, "B": 0.48, "Q": 2.05, "w": 12.32, "h": 0.17, "S": 0.02062, "elv": "Raudtinnelva", "km": 1.1}}, {"type": "Feature", "geometry": {"type": "LineString", "coordinates": [[10.61801, 63.84122], [10.61984, 63.84085]]}, "properties": {"P": 36.86, "tau": 26.83, "tau_c": 86.75, "omega": 23.22, "M": 0.31, "D": 0.3, "R": 0.03, "sving": 0.56, "os": 0.74, "foss": 0.72, "juv": 0.0, "B": 0.48, "Q": 2.06, "w": 12.33, "h": 0.19, "S": 0.01418, "elv": "Raudtinnelva", "km": 1.2}}, {"type": "Feature", "geometry": {"type": "LineString", "coordinates": [[10.6202, 63.84016], [10.61908, 63.83941]]}, "properties": {"P": 24.94, "tau": 27.49, "tau_c": 90.07, "omega": 23.92, "M": 0.31, "D": 0.08, "R": 0.03, "sving": 0.58, "os": 0.58, "foss": 0.37, "juv": 0.0, "B": 0.48, "Q": 2.06, "w": 12.92, "h": 0.18, "S": 0.01529, "elv": "Raudtinnelva", "km": 1.4}}, {"type": "Feature", "geometry": {"type": "LineString", "coordinates": [[10.61673, 63.83694], [10.6163, 63.83614]]}, "properties": {"P": 11.11, "tau": 32.3, "tau_c": 101.11, "omega": 30.16, "M": 0.32, "D": 0.0, "R": 0.04, "sving": 0.08, "os": 0.09, "foss": 0.51, "juv": 0.0, "B": 0.48, "Q": 2.08, "w": 13.02, "h": 0.17, "S": 0.01927, "elv": "Raudtinnelva", "km": 1.8}}, {"type": "Feature", "geometry": {"type": "LineString", "coordinates": [[10.6163, 63.83614], [10.61629, 63.83527]]}, "properties": {"P": 9.01, "tau": 35.16, "tau_c": 106.58, "omega": 34.15, "M": 0.33, "D": 0.0, "R": 0.04, "sving": 0.11, "os": 0.06, "foss": 0.37, "juv": 0.0, "B": 0.48, "Q": 2.12, "w": 13.05, "h": 0.17, "S": 0.02141, "elv": "Raudtinnelva", "km": 1.9}}, {"type": "Feature", "geometry": {"type": "LineString", "coordinates": [[10.61629, 63.83527], [10.61591, 63.83439]]}, "properties": {"P": 17.04, "tau": 44.35, "tau_c": 126.02, "omega": 47.63, "M": 0.35, "D": 0.0, "R": 0.05, "sving": 0.05, "os": 0.0, "foss": 1.0, "juv": 0.0, "B": 0.48, "Q": 2.12, "w": 13.1, "h": 0.15, "S": 0.02993, "elv": "Raudtinnelva", "km": 2.0}}, {"type": "Feature", "geometry": {"type": "LineString", "coordinates": [[10.61591, 63.83439], [10.61566, 63.8335]]}, "properties": {"P": 12.15, "tau": 43.48, "tau_c": 124.3, "omega": 46.29, "M": 0.35, "D": 0.0, "R": 0.05, "sving": 0.01, "os": 0.0, "foss": 0.72, "juv": 0.0, "B": 0.48, "Q": 2.13, "w": 13.14, "h": 0.15, "S": 0.02912, "elv": "Raudtinnelva", "km": 2.1}}, {"type": "Feature", "geometry": {"type": "LineString", "coordinates": [[10.61566, 63.8335], [10.61547, 63.83262]]}, "properties": {"P": 18.05, "tau": 50.03, "tau_c": 137.3, "omega": 56.64, "M": 0.36, "D": 0.0, "R": 0.06, "sving": 0.1, "os": 0.0, "foss": 1.0, "juv": 0.0, "B": 0.48, "Q": 2.14, "w": 13.15, "h": 0.14, "S": 0.03553, "elv": "Raudtinnelva", "km": 2.2}}, {"type": "Feature", "geometry": {"type": "LineString", "coordinates": [[10.61547, 63.83262], [10.6155, 63.83173]]}, "properties": {"P": 14.07, "tau": 50.03, "tau_c": 137.3, "omega": 56.63, "M": 0.36, "D": 0.0, "R": 0.06, "sving": 0.12, "os": 0.0, "foss": 0.72, "juv": 0.0, "B": 0.48, "Q": 2.14, "w": 13.17, "h": 0.14, "S": 0.03553, "elv": "Raudtinnelva", "km": 2.3}}, {"type": "Feature", "geometry": {"type": "LineString", "coordinates": [[10.6155, 63.83173], [10.61567, 63.83084]]}, "properties": {"P": 17.93, "tau": 46.69, "tau_c": 130.62, "omega": 51.3, "M": 0.36, "D": 0.01, "R": 0.06, "sving": 0.08, "os": 0.0, "foss": 1.0, "juv": 0.0, "B": 0.48, "Q": 2.14, "w": 13.19, "h": 0.15, "S": 0.03216, "elv": "Raudtinnelva", "km": 2.4}}, {"type": "Feature", "geometry": {"type": "LineString", "coordinates": [[10.61567, 63.83084], [10.61607, 63.82996]]}, "properties": {"P": 14.14, "tau": 56.76, "tau_c": 150.11, "omega": 67.9, "M": 0.38, "D": 0.01, "R": 0.07, "sving": 0.09, "os": 0.0, "foss": 0.72, "juv": 0.0, "B": 0.48, "Q": 2.15, "w": 13.21, "h": 0.14, "S": 0.04247, "elv": "Raudtinnelva", "km": 2.5}}, {"type": "Feature", "geometry": {"type": "LineString", "coordinates": [[10.61607, 63.82996], [10.61543, 63.82911]]}, "properties": {"P": 10.35, "tau": 45.56, "tau_c": 128.08, "omega": 49.56, "M": 0.36, "D": 0.03, "R": 0.06, "sving": 0.04, "os": 0.0, "foss": 0.51, "juv": 0.0, "B": 0.49, "Q": 2.16, "w": 13.24, "h": 0.15, "S": 0.03092, "elv": "Raudtinnelva", "km": 2.6}}, {"type": "Feature", "geometry": {"type": "LineString", "coordinates": [[10.61543, 63.82911], [10.61499, 63.82826]]}, "properties": {"P": 19.63, "tau": 56.59, "tau_c": 149.4, "omega": 67.67, "M": 0.38, "D": 0.02, "R": 0.07, "sving": 0.17, "os": 0.0, "foss": 1.0, "juv": 0.0, "B": 0.49, "Q": 2.17, "w": 13.26, "h": 0.14, "S": 0.04207, "elv": "Raudtinnelva", "km": 2.7}}, {"type": "Feature", "geometry": {"type": "LineString", "coordinates": [[10.61499, 63.82826], [10.61492, 63.82738]]}, "properties": {"P": 13.06, "tau": 51.54, "tau_c": 139.98, "omega": 59.14, "M": 0.37, "D": 0.02, "R": 0.06, "sving": 0.02, "os": 0.0, "foss": 0.72, "juv": 0.0, "B": 0.49, "Q": 2.18, "w": 13.35, "h": 0.14, "S": 0.03693, "elv": "Raudtinnelva", "km": 2.8}}, {"type": "Feature", "geometry": {"type": "LineString", "coordinates": [[10.61492, 63.82738], [10.61443, 63.82652]]}, "properties": {"P": 17.3, "tau": 56.77, "tau_c": 150.11, "omega": 67.92, "M": 0.38, "D": 0.01, "R": 0.07, "sving": 0.02, "os": 0.0, "foss": 1.0, "juv": 0.0, "B": 0.49, "Q": 2.19, "w": 13.43, "h": 0.14, "S": 0.04247, "elv": "Raudtinnelva", "km": 2.9}}, {"type": "Feature", "geometry": {"type": "LineString", "coordinates": [[10.61443, 63.82652], [10.6137, 63.82568]]}, "properties": {"P": 13.1, "tau": 54.4, "tau_c": 143.05, "omega": 64.25, "M": 0.38, "D": 0.01, "R": 0.07, "sving": 0.02, "os": 0.0, "foss": 0.72, "juv": 0.0, "B": 0.49, "Q": 2.29, "w": 13.51, "h": 0.14, "S": 0.03857, "elv": "Raudtinnelva", "km": 3.0}}, {"type": "Feature", "geometry": {"type": "LineString", "coordinates": [[10.6137, 63.82568], [10.61339, 63.82482]]}, "properties": {"P": 17.59, "tau": 54.04, "tau_c": 142.66, "omega": 63.61, "M": 0.38, "D": 0.01, "R": 0.07, "sving": 0.04, "os": 0.0, "foss": 1.0, "juv": 0.0, "B": 0.49, "Q": 2.3, "w": 13.58, "h": 0.14, "S": 0.03836, "elv": "Raudtinnelva", "km": 3.1}}, {"type": "Feature", "geometry": {"type": "LineString", "coordinates": [[10.61339, 63.82482], [10.61323, 63.82394]]}, "properties": {"P": 14.3, "tau": 55.58, "tau_c": 145.71, "omega": 66.2, "M": 0.38, "D": 0.02, "R": 0.07, "sving": 0.08, "os": 0.0, "foss": 0.72, "juv": 0.0, "B": 0.49, "Q": 2.3, "w": 13.66, "h": 0.14, "S": 0.04002, "elv": "Raudtinnelva", "km": 3.2}}, {"type": "Feature", "geometry": {"type": "LineString", "coordinates": [[10.61323, 63.82394], [10.61255, 63.82309]]}, "properties": {"P": 17.28, "tau": 53.46, "tau_c": 141.7, "omega": 62.62, "M": 0.38, "D": 0.02, "R": 0.07, "sving": 0.0, "os": 0.0, "foss": 1.0, "juv": 0.0, "B": 0.49, "Q": 2.31, "w": 13.67, "h": 0.14, "S": 0.03785, "elv": "Raudtinnelva", "km": 3.3}}, {"type": "Feature", "geometry": {"type": "LineString", "coordinates": [[10.61255, 63.82309], [10.61223, 63.82221]]}, "properties": {"P": 13.78, "tau": 48.8, "tau_c": 132.57, "omega": 54.96, "M": 0.37, "D": 0.01, "R": 0.06, "sving": 0.07, "os": 0.0, "foss": 0.72, "juv": 0.0, "B": 0.49, "Q": 2.32, "w": 13.7, "h": 0.15, "S": 0.03312, "elv": "Raudtinnelva", "km": 3.4}}, {"type": "Feature", "geometry": {"type": "LineString", "coordinates": [[10.61223, 63.82221], [10.61191, 63.82133]]}, "properties": {"P": 17.27, "tau": 57.92, "tau_c": 149.91, "omega": 70.26, "M": 0.39, "D": 0.0, "R": 0.08, "sving": 0.01, "os": 0.0, "foss": 1.0, "juv": 0.0, "B": 0.49, "Q": 2.32, "w": 13.72, "h": 0.14, "S": 0.04236, "elv": "Raudtinnelva", "km": 3.5}}, {"type": "Feature", "geometry": {"type": "LineString", "coordinates": [[10.61191, 63.82133], [10.61139, 63.82047]]}, "properties": {"P": 14.38, "tau": 73.61, "tau_c": 177.71, "omega": 99.12, "M": 0.41, "D": 0.0, "R": 0.1, "sving": 0.07, "os": 0.0, "foss": 0.72, "juv": 0.0, "B": 0.49, "Q": 2.33, "w": 13.74, "h": 0.13, "S": 0.05952, "elv": "Raudtinnelva", "km": 3.6}}, {"type": "Feature", "geometry": {"type": "LineString", "coordinates": [[10.61139, 63.82047], [10.61065, 63.81964]]}, "properties": {"P": 19.37, "tau": 94.38, "tau_c": 212.2, "omega": 141.57, "M": 0.44, "D": 0.0, "R": 0.13, "sving": 0.06, "os": 0.0, "foss": 1.0, "juv": 0.0, "B": 0.49, "Q": 2.34, "w": 13.76, "h": 0.11, "S": 0.08487, "elv": "Raudtinnelva", "km": 3.7}}, {"type": "Feature", "geometry": {"type": "LineString", "coordinates": [[10.61065, 63.81964], [10.60999, 63.81879]]}, "properties": {"P": 18.58, "tau": 90.76, "tau_c": 206.33, "omega": 133.86, "M": 0.44, "D": 0.0, "R": 0.12, "sving": 0.02, "os": 0.0, "foss": 1.0, "juv": 0.0, "B": 0.49, "Q": 2.34, "w": 13.78, "h": 0.12, "S": 0.08024, "elv": "Raudtinnelva", "km": 3.8}}, {"type": "Feature", "geometry": {"type": "LineString", "coordinates": [[10.60999, 63.81879], [10.60933, 63.81795]]}, "properties": {"P": 19.83, "tau": 108.27, "tau_c": 233.82, "omega": 172.4, "M": 0.46, "D": 0.0, "R": 0.15, "sving": 0.06, "os": 0.0, "foss": 1.0, "juv": 0.0, "B": 0.49, "Q": 2.35, "w": 13.81, "h": 0.11, "S": 0.10305, "elv": "Raudtinnelva", "km": 3.9}}, {"type": "Feature", "geometry": {"type": "LineString", "coordinates": [[10.60933, 63.81795], [10.60871, 63.81709]]}, "properties": {"P": 15.17, "tau": 123.74, "tau_c": 257.29, "omega": 208.77, "M": 0.48, "D": 0.0, "R": 0.17, "sving": 0.01, "os": 0.0, "foss": 0.72, "juv": 0.0, "B": 0.49, "Q": 2.36, "w": 13.82, "h": 0.1, "S": 0.12477, "elv": "Raudtinnelva", "km": 4.0}}, {"type": "Feature", "geometry": {"type": "LineString", "coordinates": [[10.60871, 63.81709], [10.60829, 63.81622]]}, "properties": {"P": 19.94, "tau": 140.86, "tau_c": 281.98, "omega": 251.42, "M": 0.5, "D": 0.0, "R": 0.19, "sving": 0.0, "os": 0.0, "foss": 1.0, "juv": 0.0, "B": 0.49, "Q": 2.37, "w": 13.85, "h": 0.1, "S": 0.14987, "elv": "Raudtinnelva", "km": 4.1}}, {"type": "Feature", "geometry": {"type": "LineString", "coordinates": [[10.60829, 63.81622], [10.6076, 63.81538]]}, "properties": {"P": 20.65, "tau": 150.51, "tau_c": 295.62, "omega": 276.47, "M": 0.51, "D": 0.0, "R": 0.2, "sving": 0.03, "os": 0.0, "foss": 1.0, "juv": 0.0, "B": 0.49, "Q": 2.37, "w": 13.86, "h": 0.09, "S": 0.16472, "elv": "Raudtinnelva", "km": 4.2}}, {"type": "Feature", "geometry": {"type": "LineString", "coordinates": [[10.6076, 63.81538], [10.60693, 63.81455]]}, "properties": {"P": 20.68, "tau": 154.48, "tau_c": 300.87, "omega": 287.07, "M": 0.51, "D": 0.0, "R": 0.2, "sving": 0.02, "os": 0.0, "foss": 1.0, "juv": 0.0, "B": 0.49, "Q": 2.38, "w": 13.89, "h": 0.09, "S": 0.17062, "elv": "Raudtinnelva", "km": 4.3}}, {"type": "Feature", "geometry": {"type": "LineString", "coordinates": [[10.60693, 63.81455], [10.60615, 63.81373]]}, "properties": {"P": 21.26, "tau": 169.79, "tau_c": 321.87, "omega": 328.68, "M": 0.53, "D": 0.0, "R": 0.22, "sving": 0.03, "os": 0.0, "foss": 1.0, "juv": 0.0, "B": 0.49, "Q": 2.39, "w": 13.91, "h": 0.09, "S": 0.19527, "elv": "Raudtinnelva", "km": 4.4}}, {"type": "Feature", "geometry": {"type": "LineString", "coordinates": [[10.60615, 63.81373], [10.60561, 63.81286]]}, "properties": {"P": 21.19, "tau": 169.94, "tau_c": 321.76, "omega": 329.18, "M": 0.53, "D": 0.0, "R": 0.22, "sving": 0.03, "os": 0.0, "foss": 1.0, "juv": 0.0, "B": 0.49, "Q": 2.4, "w": 13.93, "h": 0.09, "S": 0.19513, "elv": "Raudtinnelva", "km": 4.5}}, {"type": "Feature", "geometry": {"type": "LineString", "coordinates": [[10.60561, 63.81286], [10.60509, 63.812]]}, "properties": {"P": 21.22, "tau": 178.46, "tau_c": 333.18, "omega": 353.08, "M": 0.54, "D": 0.01, "R": 0.23, "sving": 0.0, "os": 0.0, "foss": 1.0, "juv": 0.0, "B": 0.49, "Q": 2.4, "w": 13.96, "h": 0.09, "S": 0.20923, "elv": "Raudtinnelva", "km": 4.6}}, {"type": "Feature", "geometry": {"type": "LineString", "coordinates": [[10.60509, 63.812], [10.60455, 63.81114]]}, "properties": {"P": 24.09, "tau": 169.92, "tau_c": 321.48, "omega": 329.23, "M": 0.53, "D": 0.04, "R": 0.22, "sving": 0.16, "os": 0.0, "foss": 1.0, "juv": 0.0, "B": 0.49, "Q": 2.41, "w": 13.99, "h": 0.09, "S": 0.1948, "elv": "Raudtinnelva", "km": 4.7}}, {"type": "Feature", "geometry": {"type": "LineString", "coordinates": [[10.60455, 63.81114], [10.60381, 63.81034]]}, "properties": {"P": 23.57, "tau": 160.63, "tau_c": 307.65, "omega": 304.14, "M": 0.52, "D": 0.07, "R": 0.21, "sving": 0.1, "os": 0.0, "foss": 1.0, "juv": 0.0, "B": 0.49, "Q": 2.43, "w": 14.01, "h": 0.09, "S": 0.17839, "elv": "Raudtinnelva", "km": 4.8}}, {"type": "Feature", "geometry": {"type": "LineString", "coordinates": [[10.60381, 63.81034], [10.60413, 63.80946]]}, "properties": {"P": 27.45, "tau": 142.1, "tau_c": 281.95, "omega": 255.14, "M": 0.5, "D": 0.09, "R": 0.19, "sving": 0.36, "os": 0.0, "foss": 1.0, "juv": 0.0, "B": 0.49, "Q": 2.44, "w": 14.03, "h": 0.1, "S": 0.14984, "elv": "Raudtinnelva", "km": 4.9}}, {"type": "Feature", "geometry": {"type": "LineString", "coordinates": [[10.60413, 63.80946], [10.60414, 63.80858]]}, "properties": {"P": 28.03, "tau": 142.27, "tau_c": 282.32, "omega": 255.53, "M": 0.5, "D": 0.08, "R": 0.19, "sving": 0.41, "os": 0.0, "foss": 1.0, "juv": 0.0, "B": 0.49, "Q": 2.44, "w": 14.04, "h": 0.1, "S": 0.15023, "elv": "Raudtinnelva", "km": 5.0}}, {"type": "Feature", "geometry": {"type": "LineString", "coordinates": [[10.60414, 63.80858], [10.60531, 63.80797]]}, "properties": {"P": 25.79, "tau": 134.27, "tau_c": 270.86, "omega": 235.21, "M": 0.5, "D": 0.09, "R": 0.18, "sving": 0.27, "os": 0.0, "foss": 1.0, "juv": 0.0, "B": 0.49, "Q": 2.44, "w": 14.04, "h": 0.1, "S": 0.13828, "elv": "Raudtinnelva", "km": 5.1}}, {"type": "Feature", "geometry": {"type": "LineString", "coordinates": [[10.61469, 63.84536], [10.61516, 63.84452]]}, "properties": {"P": 20.85, "tau": 63.88, "tau_c": 173.78, "omega": 78.38, "M": 0.37, "D": 0.0, "R": 0.06, "sving": 0.41, "os": 0.0, "foss": 1.0, "juv": 0.0, "B": 0.45, "Q": 1.17, "w": 8.36, "h": 0.11, "S": 0.05692, "elv": "bekk", "km": 1.0}}, {"type": "Feature", "geometry": {"type": "LineString", "coordinates": [[10.61516, 63.84452], [10.61618, 63.84375]]}, "properties": {"P": 18.94, "tau": 60.96, "tau_c": 174.33, "omega": 72.61, "M": 0.35, "D": 0.03, "R": 0.05, "sving": 0.24, "os": 0.0, "foss": 1.0, "juv": 0.0, "B": 0.45, "Q": 1.19, "w": 9.21, "h": 0.11, "S": 0.05728, "elv": "bekk", "km": 1.1}}, {"type": "Feature", "geometry": {"type": "LineString", "coordinates": [[10.61618, 63.84375], [10.61704, 63.84296]]}, "properties": {"P": 13.44, "tau": 56.15, "tau_c": 164.71, "omega": 64.58, "M": 0.34, "D": 0.06, "R": 0.05, "sving": 0.08, "os": 0.0, "foss": 0.72, "juv": 0.0, "B": 0.45, "Q": 1.3, "w": 10.06, "h": 0.11, "S": 0.05113, "elv": "bekk", "km": 1.2}}, {"type": "Feature", "geometry": {"type": "LineString", "coordinates": [[10.61704, 63.84296], [10.61801, 63.84222]]}, "properties": {"P": 16.96, "tau": 50.95, "tau_c": 154.27, "omega": 56.11, "M": 0.33, "D": 0.09, "R": 0.04, "sving": 0.03, "os": 0.0, "foss": 1.0, "juv": 0.0, "B": 0.45, "Q": 1.3, "w": 10.16, "h": 0.12, "S": 0.04486, "elv": "bekk", "km": 1.3}}, {"type": "Feature", "geometry": {"type": "LineString", "coordinates": [[10.61801, 63.84222], [10.61887, 63.84143]]}, "properties": {"P": 16.04, "tau": 50.27, "tau_c": 153.36, "omega": 54.99, "M": 0.33, "D": 0.06, "R": 0.04, "sving": 0.0, "os": 0.0, "foss": 1.0, "juv": 0.0, "B": 0.45, "Q": 1.3, "w": 10.24, "h": 0.12, "S": 0.04433, "elv": "bekk", "km": 1.4}}, {"type": "Feature", "geometry": {"type": "LineString", "coordinates": [[10.52716, 63.78608], [10.52903, 63.78633]]}, "properties": {"P": 18.57, "tau": 43.07, "tau_c": 136.76, "omega": 44.1, "M": 0.31, "D": 0.0, "R": 0.03, "sving": 0.27, "os": 0.0, "foss": 1.0, "juv": 0.0, "B": 0.45, "Q": 1.32, "w": 10.36, "h": 0.12, "S": 0.03525, "elv": "Tangstadelva", "km": 4.1}}, {"type": "Feature", "geometry": {"type": "LineString", "coordinates": [[10.52903, 63.78633], [10.53068, 63.78641]]}, "properties": {"P": 16.52, "tau": 43.25, "tau_c": 136.76, "omega": 44.41, "M": 0.32, "D": 0.0, "R": 0.03, "sving": 0.4, "os": 0.0, "foss": 0.72, "juv": 0.0, "B": 0.45, "Q": 1.33, "w": 10.39, "h": 0.13, "S": 0.03525, "elv": "Tangstadelva", "km": 4.2}}, {"type": "Feature", "geometry": {"type": "LineString", "coordinates": [[10.53068, 63.78641], [10.53155, 63.78716]]}, "properties": {"P": 16.33, "tau": 44.34, "tau_c": 139.04, "omega": 46.06, "M": 0.32, "D": 0.02, "R": 0.04, "sving": 0.07, "os": 0.0, "foss": 1.0, "juv": 0.0, "B": 0.45, "Q": 1.35, "w": 10.45, "h": 0.12, "S": 0.03644, "elv": "Tangstadelva", "km": 4.3}}, {"type": "Feature", "geometry": {"type": "LineString", "coordinates": [[10.53155, 63.78716], [10.53339, 63.78736]]}, "properties": {"P": 14.36, "tau": 51.67, "tau_c": 155.1, "omega": 57.36, "M": 0.33, "D": 0.04, "R": 0.04, "sving": 0.18, "os": 0.0, "foss": 0.72, "juv": 0.0, "B": 0.45, "Q": 1.36, "w": 10.52, "h": 0.12, "S": 0.04534, "elv": "Tangstadelva", "km": 4.4}}, {"type": "Feature", "geometry": {"type": "LineString", "coordinates": [[10.53339, 63.78736], [10.53539, 63.78744]]}, "properties": {"P": 12.34, "tau": 36.63, "tau_c": 120.68, "omega": 35.08, "M": 0.3, "D": 0.15, "R": 0.03, "sving": 0.12, "os": 0.0, "foss": 0.51, "juv": 0.0, "B": 0.46, "Q": 1.38, "w": 10.58, "h": 0.14, "S": 0.02745, "elv": "Tangstadelva", "km": 4.5}}, {"type": "Feature", "geometry": {"type": "LineString", "coordinates": [[10.53539, 63.78744], [10.53706, 63.78794]]}, "properties": {"P": 21.24, "tau": 38.15, "tau_c": 123.26, "omega": 37.28, "M": 0.31, "D": 0.13, "R": 0.03, "sving": 0.27, "os": 0.0, "foss": 1.0, "juv": 0.0, "B": 0.46, "Q": 1.41, "w": 10.65, "h": 0.14, "S": 0.02864, "elv": "Tangstadelva", "km": 4.6}}, {"type": "Feature", "geometry": {"type": "LineString", "coordinates": [[10.53849, 63.78856], [10.53958, 63.78927]]}, "properties": {"P": 10.6, "tau": 35.42, "tau_c": 116.43, "omega": 33.55, "M": 0.3, "D": 0.01, "R": 0.03, "sving": 0.17, "os": 0.0, "foss": 0.51, "juv": 0.0, "B": 0.46, "Q": 1.45, "w": 10.81, "h": 0.14, "S": 0.02555, "elv": "Tangstadelva", "km": 4.8}}, {"type": "Feature", "geometry": {"type": "LineString", "coordinates": [[10.53958, 63.78927], [10.54146, 63.78942]]}, "properties": {"P": 7.35, "tau": 36.94, "tau_c": 119.7, "omega": 35.67, "M": 0.31, "D": 0.02, "R": 0.03, "sving": 0.07, "os": 0.0, "foss": 0.37, "juv": 0.0, "B": 0.46, "Q": 1.46, "w": 10.87, "h": 0.14, "S": 0.02701, "elv": "Tangstadelva", "km": 4.9}}, {"type": "Feature", "geometry": {"type": "LineString", "coordinates": [[10.57882, 63.80192], [10.57979, 63.80268]]}, "properties": {"P": 6.24, "tau": 27.07, "tau_c": 90.03, "omega": 23.31, "M": 0.3, "D": 0.0, "R": 0.03, "sving": 0.38, "os": 0.0, "foss": 0.0, "juv": 0.0, "B": 0.48, "Q": 1.96, "w": 12.59, "h": 0.18, "S": 0.01528, "elv": "Tangstadelva", "km": 8.0}}, {"type": "Feature", "geometry": {"type": "LineString", "coordinates": [[10.57979, 63.80268], [10.58132, 63.80291]]}, "properties": {"P": 5.78, "tau": 28.53, "tau_c": 93.47, "omega": 25.14, "M": 0.31, "D": 0.0, "R": 0.03, "sving": 0.34, "os": 0.0, "foss": 0.0, "juv": 0.0, "B": 0.48, "Q": 1.97, "w": 12.63, "h": 0.18, "S": 0.01647, "elv": "Tangstadelva", "km": 8.1}}, {"type": "Feature", "geometry": {"type": "LineString", "coordinates": [[10.58132, 63.80291], [10.58303, 63.80244]]}, "properties": {"P": 8.15, "tau": 26.71, "tau_c": 89.01, "omega": 22.88, "M": 0.3, "D": 0.0, "R": 0.03, "sving": 0.5, "os": 0.0, "foss": 0.0, "juv": 0.0, "B": 0.48, "Q": 1.98, "w": 12.66, "h": 0.18, "S": 0.01493, "elv": "Tangstadelva", "km": 8.2}}, {"type": "Feature", "geometry": {"type": "LineString", "coordinates": [[10.58303, 63.80244], [10.58496, 63.80218]]}, "properties": {"P": 5.51, "tau": 31.35, "tau_c": 99.51, "omega": 28.82, "M": 0.31, "D": 0.0, "R": 0.03, "sving": 0.31, "os": 0.0, "foss": 0.0, "juv": 0.0, "B": 0.48, "Q": 2.0, "w": 12.69, "h": 0.17, "S": 0.01866, "elv": "Tangstadelva", "km": 8.3}}, {"type": "Feature", "geometry": {"type": "LineString", "coordinates": [[10.61204, 63.7923], [10.6117, 63.79316]]}, "properties": {"P": 2.19, "tau": 84.82, "tau_c": 282.24, "omega": 107.54, "M": 0.3, "D": 0.04, "R": 0.03, "sving": 0.08, "os": 0.0, "foss": 0.0, "juv": 0.0, "B": 0.38, "Q": 0.44, "w": 6.0, "h": 0.06, "S": 0.15015, "elv": "Vikelva", "km": 0.1}}, {"type": "Feature", "geometry": {"type": "LineString", "coordinates": [[10.60988, 63.79467], [10.61114, 63.79536]]}, "properties": {"P": 9.47, "tau": 79.89, "tau_c": 261.55, "omega": 99.76, "M": 0.31, "D": 0.01, "R": 0.03, "sving": 0.01, "os": 0.0, "foss": 0.72, "juv": 0.0, "B": 0.39, "Q": 0.49, "w": 6.19, "h": 0.06, "S": 0.12894, "elv": "Vikelva", "km": 0.4}}, {"type": "Feature", "geometry": {"type": "LineString", "coordinates": [[10.61114, 63.79536], [10.61277, 63.79555]]}, "properties": {"P": 7.29, "tau": 97.58, "tau_c": 301.61, "omega": 132.92, "M": 0.32, "D": 0.0, "R": 0.04, "sving": 0.03, "os": 0.0, "foss": 0.51, "juv": 0.0, "B": 0.39, "Q": 0.49, "w": 6.26, "h": 0.06, "S": 0.17145, "elv": "Vikelva", "km": 0.5}}, {"type": "Feature", "geometry": {"type": "LineString", "coordinates": [[10.61277, 63.79555], [10.61171, 63.7962]]}, "properties": {"P": 16.94, "tau": 89.82, "tau_c": 286.23, "omega": 117.8, "M": 0.31, "D": 0.0, "R": 0.03, "sving": 0.35, "os": 0.0, "foss": 1.0, "juv": 0.0, "B": 0.39, "Q": 0.49, "w": 6.36, "h": 0.06, "S": 0.15442, "elv": "Vikelva", "km": 0.6}}, {"type": "Feature", "geometry": {"type": "LineString", "coordinates": [[10.61171, 63.7962], [10.61112, 63.79684]]}, "properties": {"P": 18.89, "tau": 97.03, "tau_c": 302.7, "omega": 131.57, "M": 0.32, "D": 0.0, "R": 0.04, "sving": 0.51, "os": 0.0, "foss": 1.0, "juv": 0.0, "B": 0.39, "Q": 0.5, "w": 6.41, "h": 0.06, "S": 0.1727, "elv": "Vikelva", "km": 0.7}}, {"type": "Feature", "geometry": {"type": "LineString", "coordinates": [[10.61112, 63.79684], [10.61062, 63.79769]]}, "properties": {"P": 15.93, "tau": 111.71, "tau_c": 328.89, "omega": 161.93, "M": 0.34, "D": 0.0, "R": 0.05, "sving": 0.23, "os": 0.0, "foss": 1.0, "juv": 0.0, "B": 0.39, "Q": 0.52, "w": 6.46, "h": 0.06, "S": 0.20388, "elv": "Vikelva", "km": 0.8}}, {"type": "Feature", "geometry": {"type": "LineString", "coordinates": [[10.61062, 63.79769], [10.61054, 63.79858]]}, "properties": {"P": 16.03, "tau": 122.94, "tau_c": 352.76, "omega": 185.68, "M": 0.35, "D": 0.0, "R": 0.05, "sving": 0.23, "os": 0.0, "foss": 1.0, "juv": 0.0, "B": 0.39, "Q": 0.53, "w": 6.51, "h": 0.05, "S": 0.23454, "elv": "Vikelva", "km": 0.9}}, {"type": "Feature", "geometry": {"type": "LineString", "coordinates": [[10.61054, 63.79858], [10.61054, 63.79947]]}, "properties": {"P": 13.91, "tau": 129.28, "tau_c": 364.2, "omega": 199.68, "M": 0.35, "D": 0.01, "R": 0.06, "sving": 0.03, "os": 0.0, "foss": 1.0, "juv": 0.0, "B": 0.39, "Q": 0.53, "w": 6.58, "h": 0.05, "S": 0.25106, "elv": "Vikelva", "km": 1.0}}, {"type": "Feature", "geometry": {"type": "LineString", "coordinates": [[10.61054, 63.79947], [10.61098, 63.80032]]}, "properties": {"P": 15.76, "tau": 123.29, "tau_c": 351.25, "omega": 186.83, "M": 0.35, "D": 0.04, "R": 0.05, "sving": 0.15, "os": 0.0, "foss": 1.0, "juv": 0.0, "B": 0.4, "Q": 0.54, "w": 6.61, "h": 0.05, "S": 0.23254, "elv": "Vikelva", "km": 1.1}}, {"type": "Feature", "geometry": {"type": "LineString", "coordinates": [[10.61098, 63.80032], [10.61065, 63.8012]]}, "properties": {"P": 19.92, "tau": 114.55, "tau_c": 332.64, "omega": 168.26, "M": 0.34, "D": 0.06, "R": 0.05, "sving": 0.47, "os": 0.0, "foss": 1.0, "juv": 0.0, "B": 0.4, "Q": 0.55, "w": 6.64, "h": 0.06, "S": 0.20855, "elv": "Vikelva", "km": 1.2}}, {"type": "Feature", "geometry": {"type": "LineString", "coordinates": [[10.61065, 63.8012], [10.60985, 63.80194]]}, "properties": {"P": 20.92, "tau": 109.32, "tau_c": 321.05, "omega": 157.45, "M": 0.34, "D": 0.06, "R": 0.05, "sving": 0.55, "os": 0.0, "foss": 1.0, "juv": 0.0, "B": 0.4, "Q": 0.55, "w": 6.66, "h": 0.06, "S": 0.19427, "elv": "Vikelva", "km": 1.3}}, {"type": "Feature", "geometry": {"type": "LineString", "coordinates": [[10.60985, 63.80194], [10.60798, 63.80222]]}, "properties": {"P": 20.42, "tau": 107.92, "tau_c": 318.35, "omega": 154.53, "M": 0.34, "D": 0.03, "R": 0.05, "sving": 0.55, "os": 0.0, "foss": 1.0, "juv": 0.0, "B": 0.4, "Q": 0.55, "w": 6.67, "h": 0.06, "S": 0.19102, "elv": "Vikelva", "km": 1.4}}, {"type": "Feature", "geometry": {"type": "LineString", "coordinates": [[10.51469, 63.83529], [10.51484, 63.8345]]}, "properties": {"P": 15.13, "tau": 34.86, "tau_c": 98.34, "omega": 34.42, "M": 0.35, "D": 0.14, "R": 0.06, "sving": 0.21, "os": 0.0, "foss": 0.51, "juv": 0.0, "B": 0.49, "Q": 2.33, "w": 12.08, "h": 0.19, "S": 0.01823, "elv": "Skjerivasselva", "km": 0.7}}, {"type": "Feature", "geometry": {"type": "LineString", "coordinates": [[10.51484, 63.8345], [10.51641, 63.83414]]}, "properties": {"P": 18.41, "tau": 23.06, "tau_c": 75.26, "omega": 18.88, "M": 0.31, "D": 0.29, "R": 0.03, "sving": 0.41, "os": 0.0, "foss": 0.37, "juv": 0.0, "B": 0.49, "Q": 2.33, "w": 12.91, "h": 0.22, "S": 0.01067, "elv": "Skjerivasselva", "km": 0.8}}, {"type": "Feature", "geometry": {"type": "LineString", "coordinates": [[10.52304, 63.82923], [10.52103, 63.82911]]}, "properties": {"P": 7.06, "tau": 23.99, "tau_c": 79.59, "omega": 19.85, "M": 0.3, "D": -0.0, "R": 0.03, "sving": 0.42, "os": 0.0, "foss": 0.0, "juv": 0.0, "B": 0.49, "Q": 2.33, "w": 13.73, "h": 0.2, "S": 0.01194, "elv": "Skjerivasselva", "km": 2.2}}, {"type": "Feature", "geometry": {"type": "LineString", "coordinates": [[10.52103, 63.82911], [10.51903, 63.82895]]}, "properties": {"P": 9.06, "tau": 34.82, "tau_c": 103.99, "omega": 33.88, "M": 0.33, "D": -0.0, "R": 0.04, "sving": 0.53, "os": 0.0, "foss": 0.0, "juv": 0.0, "B": 0.49, "Q": 2.33, "w": 13.73, "h": 0.17, "S": 0.02038, "elv": "Skjerivasselva", "km": 2.3}}, {"type": "Feature", "geometry": {"type": "LineString", "coordinates": [[10.51903, 63.82895], [10.51703, 63.82904]]}, "properties": {"P": 19.8, "tau": 37.92, "tau_c": 110.55, "omega": 38.29, "M": 0.34, "D": -0.0, "R": 0.05, "sving": 0.23, "os": 0.0, "foss": 1.0, "juv": 0.0, "B": 0.49, "Q": 2.33, "w": 13.73, "h": 0.17, "S": 0.02303, "elv": "Skjerivasselva", "km": 2.4}}, {"type": "Feature", "geometry": {"type": "LineString", "coordinates": [[10.51703, 63.82904], [10.51551, 63.82873]]}, "properties": {"P": 19.53, "tau": 42.88, "tau_c": 120.73, "omega": 45.67, "M": 0.36, "D": -0.0, "R": 0.06, "sving": 0.2, "os": 0.0, "foss": 1.0, "juv": 0.0, "B": 0.49, "Q": 2.33, "w": 13.73, "h": 0.16, "S": 0.02747, "elv": "Skjerivasselva", "km": 2.5}}, {"type": "Feature", "geometry": {"type": "LineString", "coordinates": [[10.51551, 63.82873], [10.51408, 63.82815]]}, "properties": {"P": 17.38, "tau": 53.31, "tau_c": 141.13, "omega": 62.41, "M": 0.38, "D": -0.0, "R": 0.07, "sving": 0.03, "os": 0.0, "foss": 1.0, "juv": 0.0, "B": 0.49, "Q": 2.33, "w": 13.73, "h": 0.14, "S": 0.03754, "elv": "Skjerivasselva", "km": 2.6}}, {"type": "Feature", "geometry": {"type": "LineString", "coordinates": [[10.51408, 63.82815], [10.51254, 63.82758]]}, "properties": {"P": 19.15, "tau": 57.46, "tau_c": 148.91, "omega": 69.49, "M": 0.39, "D": 0.02, "R": 0.08, "sving": 0.39, "os": 0.0, "foss": 0.72, "juv": 0.0, "B": 0.49, "Q": 2.33, "w": 13.73, "h": 0.14, "S": 0.0418, "elv": "Skjerivasselva", "km": 2.7}}, {"type": "Feature", "geometry": {"type": "LineString", "coordinates": [[10.51254, 63.82758], [10.51073, 63.8276]]}, "properties": {"P": 25.99, "tau": 51.6, "tau_c": 137.87, "omega": 59.56, "M": 0.37, "D": 0.07, "R": 0.07, "sving": 0.51, "os": 0.0, "foss": 1.0, "juv": 0.0, "B": 0.49, "Q": 2.33, "w": 13.73, "h": 0.15, "S": 0.03582, "elv": "Skjerivasselva", "km": 2.8}}, {"type": "Feature", "geometry": {"type": "LineString", "coordinates": [[10.51073, 63.8276], [10.50908, 63.82811]]}, "properties": {"P": 21.72, "tau": 45.78, "tau_c": 126.52, "omega": 50.16, "M": 0.36, "D": 0.11, "R": 0.06, "sving": 0.47, "os": 0.0, "foss": 0.72, "juv": 0.0, "B": 0.49, "Q": 2.33, "w": 13.73, "h": 0.15, "S": 0.03017, "elv": "Skjerivasselva", "km": 2.9}}, {"type": "Feature", "geometry": {"type": "LineString", "coordinates": [[10.50908, 63.82811], [10.50743, 63.82863]]}, "properties": {"P": 13.01, "tau": 42.5, "tau_c": 119.95, "omega": 45.09, "M": 0.35, "D": 0.15, "R": 0.06, "sving": 0.05, "os": 0.0, "foss": 0.51, "juv": 0.0, "B": 0.49, "Q": 2.33, "w": 13.73, "h": 0.16, "S": 0.02712, "elv": "Skjerivasselva", "km": 3.0}}, {"type": "Feature", "geometry": {"type": "LineString", "coordinates": [[10.50743, 63.82863], [10.50578, 63.82909]]}, "properties": {"P": 17.12, "tau": 38.69, "tau_c": 112.25, "omega": 39.4, "M": 0.34, "D": 0.18, "R": 0.05, "sving": 0.45, "os": 0.0, "foss": 0.37, "juv": 0.0, "B": 0.49, "Q": 2.33, "w": 13.76, "h": 0.17, "S": 0.02375, "elv": "Skjerivasselva", "km": 3.1}}, {"type": "Feature", "geometry": {"type": "LineString", "coordinates": [[10.50578, 63.82909], [10.50378, 63.82923]]}, "properties": {"P": 13.06, "tau": 27.42, "tau_c": 87.78, "omega": 24.04, "M": 0.31, "D": 0.22, "R": 0.03, "sving": 0.52, "os": 0.0, "foss": 0.0, "juv": 0.0, "B": 0.49, "Q": 2.33, "w": 13.79, "h": 0.19, "S": 0.01452, "elv": "Skjerivasselva", "km": 3.2}}, {"type": "Feature", "geometry": {"type": "LineString", "coordinates": [[10.50378, 63.82923], [10.50223, 63.82878]]}, "properties": {"P": 10.07, "tau": 26.56, "tau_c": 85.07, "omega": 23.01, "M": 0.31, "D": 0.2, "R": 0.03, "sving": 0.35, "os": 0.0, "foss": 0.0, "juv": 0.0, "B": 0.49, "Q": 2.38, "w": 13.82, "h": 0.2, "S": 0.01364, "elv": "Skjerivasselva", "km": 3.3}}, {"type": "Feature", "geometry": {"type": "LineString", "coordinates": [[10.48703, 63.82466], [10.48514, 63.82456]]}, "properties": {"P": 10.3, "tau": 31.32, "tau_c": 93.87, "omega": 29.38, "M": 0.33, "D": -0.0, "R": 0.04, "sving": 0.09, "os": 0.51, "foss": 0.0, "juv": 0.0, "B": 0.5, "Q": 2.71, "w": 15.02, "h": 0.19, "S": 0.01661, "elv": "Skjerivasselva", "km": 4.8}}, {"type": "Feature", "geometry": {"type": "LineString", "coordinates": [[10.48514, 63.82456], [10.48333, 63.82484]]}, "properties": {"P": 24.27, "tau": 37.64, "tau_c": 104.33, "omega": 38.54, "M": 0.36, "D": -0.0, "R": 0.06, "sving": 0.07, "os": 0.39, "foss": 1.0, "juv": 0.0, "B": 0.5, "Q": 2.9, "w": 15.13, "h": 0.19, "S": 0.02052, "elv": "Skjerivasselva", "km": 4.9}}, {"type": "Feature", "geometry": {"type": "LineString", "coordinates": [[10.48333, 63.82484], [10.48168, 63.82519]]}, "properties": {"P": 25.97, "tau": 40.89, "tau_c": 107.3, "omega": 43.78, "M": 0.38, "D": -0.0, "R": 0.07, "sving": 0.3, "os": 0.25, "foss": 1.0, "juv": 0.0, "B": 0.5, "Q": 2.92, "w": 14.17, "h": 0.19, "S": 0.0217, "elv": "Skjerivasselva", "km": 5.0}}, {"type": "Feature", "geometry": {"type": "LineString", "coordinates": [[10.48168, 63.82519], [10.48072, 63.82598]]}, "properties": {"P": 15.77, "tau": 43.72, "tau_c": 112.92, "omega": 48.15, "M": 0.39, "D": -0.0, "R": 0.08, "sving": 0.01, "os": 0.16, "foss": 0.72, "juv": 0.0, "B": 0.5, "Q": 2.92, "w": 14.29, "h": 0.19, "S": 0.02403, "elv": "Skjerivasselva", "km": 5.1}}, {"type": "Feature", "geometry": {"type": "LineString", "coordinates": [[10.48072, 63.82598], [10.47914, 63.82653]]}, "properties": {"P": 12.92, "tau": 49.89, "tau_c": 124.15, "omega": 58.19, "M": 0.4, "D": 0.03, "R": 0.09, "sving": 0.02, "os": 0.1, "foss": 0.51, "juv": 0.0, "B": 0.5, "Q": 2.92, "w": 14.31, "h": 0.18, "S": 0.02905, "elv": "Skjerivasselva", "km": 5.2}}, {"type": "Feature", "geometry": {"type": "LineString", "coordinates": [[10.47914, 63.82653], [10.47729, 63.82684]]}, "properties": {"P": 20.63, "tau": 41.96, "tau_c": 109.68, "omega": 45.39, "M": 0.38, "D": 0.12, "R": 0.07, "sving": 0.61, "os": 0.06, "foss": 0.37, "juv": 0.0, "B": 0.5, "Q": 2.93, "w": 14.34, "h": 0.19, "S": 0.02267, "elv": "Skjerivasselva", "km": 5.3}}, {"type": "Feature", "geometry": {"type": "LineString", "coordinates": [[10.47729, 63.82684], [10.47543, 63.82719]]}, "properties": {"P": 36.16, "tau": 33.15, "tau_c": 92.63, "omega": 32.37, "M": 0.36, "D": 0.21, "R": 0.06, "sving": 0.94, "os": 0.0, "foss": 1.0, "juv": 0.0, "B": 0.5, "Q": 2.93, "w": 14.37, "h": 0.21, "S": 0.01617, "elv": "Skjerivasselva", "km": 5.4}}, {"type": "Feature", "geometry": {"type": "LineString", "coordinates": [[10.47543, 63.82719], [10.47446, 63.82693]]}, "properties": {"P": 22.58, "tau": 26.33, "tau_c": 80.67, "omega": 23.1, "M": 0.33, "D": 0.25, "R": 0.04, "sving": 0.32, "os": 0.0, "foss": 0.72, "juv": 0.0, "B": 0.51, "Q": 2.97, "w": 15.47, "h": 0.22, "S": 0.01227, "elv": "Skjerivasselva", "km": 5.5}}, {"type": "Feature", "geometry": {"type": "LineString", "coordinates": [[10.47446, 63.82693], [10.47492, 63.82619]]}, "properties": {"P": 16.86, "tau": 22.68, "tau_c": 72.48, "omega": 18.64, "M": 0.31, "D": 0.27, "R": 0.03, "sving": 0.15, "os": 0.0, "foss": 0.51, "juv": 0.0, "B": 0.51, "Q": 2.97, "w": 15.5, "h": 0.23, "S": 0.0099, "elv": "Skjerivasselva", "km": 5.6}}, {"type": "Feature", "geometry": {"type": "LineString", "coordinates": [[10.46168, 63.82594], [10.45967, 63.82603]]}, "properties": {"P": 1.34, "tau": 25.87, "tau_c": 76.04, "omega": 22.81, "M": 0.34, "D": -0.0, "R": 0.05, "sving": 0.01, "os": 0.0, "foss": 0.0, "juv": 0.0, "B": 0.51, "Q": 3.15, "w": 14.77, "h": 0.24, "S": 0.0109, "elv": "Skjerivasselva", "km": 6.4}}, {"type": "Feature", "geometry": {"type": "LineString", "coordinates": [[10.45967, 63.82603], [10.45805, 63.82653]]}, "properties": {"P": 6.19, "tau": 34.24, "tau_c": 92.95, "omega": 34.12, "M": 0.37, "D": -0.0, "R": 0.06, "sving": 0.22, "os": 0.06, "foss": 0.0, "juv": 0.0, "B": 0.51, "Q": 3.16, "w": 14.79, "h": 0.21, "S": 0.01629, "elv": "Skjerivasselva", "km": 6.5}}, {"type": "Feature", "geometry": {"type": "LineString", "coordinates": [[10.45805, 63.82653], [10.45622, 63.82648]]}, "properties": {"P": 19.67, "tau": 55.61, "tau_c": 131.67, "omega": 68.42, "M": 0.42, "D": -0.0, "R": 0.11, "sving": 0.0, "os": 0.07, "foss": 1.0, "juv": 0.0, "B": 0.51, "Q": 3.16, "w": 14.8, "h": 0.17, "S": 0.03268, "elv": "Skjerivasselva", "km": 6.6}}, {"type": "Feature", "geometry": {"type": "LineString", "coordinates": [[10.45622, 63.82648], [10.4544, 63.82679]]}, "properties": {"P": 32.29, "tau": 62.0, "tau_c": 142.4, "omega": 79.97, "M": 0.44, "D": -0.0, "R": 0.12, "sving": 0.76, "os": 0.09, "foss": 1.0, "juv": 0.0, "B": 0.51, "Q": 3.17, "w": 14.84, "h": 0.17, "S": 0.03822, "elv": "Skjerivasselva", "km": 6.7}}, {"type": "Feature", "geometry": {"type": "LineString", "coordinates": [[10.4544, 63.82679], [10.45256, 63.82688]]}, "properties": {"P": 28.48, "tau": 63.53, "tau_c": 145.06, "omega": 82.79, "M": 0.44, "D": 0.03, "R": 0.12, "sving": 0.46, "os": 0.1, "foss": 1.0, "juv": 0.0, "B": 0.51, "Q": 3.17, "w": 14.88, "h": 0.16, "S": 0.03966, "elv": "Skjerivasselva", "km": 6.8}}, {"type": "Feature", "geometry": {"type": "LineString", "coordinates": [[10.45256, 63.82688], [10.45223, 63.82601]]}, "properties": {"P": 30.5, "tau": 56.33, "tau_c": 136.6, "omega": 69.19, "M": 0.41, "D": 0.09, "R": 0.1, "sving": 0.54, "os": 0.11, "foss": 1.0, "juv": 0.0, "B": 0.51, "Q": 3.23, "w": 16.12, "h": 0.16, "S": 0.03517, "elv": "Skjerivasselva", "km": 6.9}}, {"type": "Feature", "geometry": {"type": "LineString", "coordinates": [[10.45223, 63.82601], [10.45169, 63.82515]]}, "properties": {"P": 29.61, "tau": 49.68, "tau_c": 125.01, "omega": 57.77, "M": 0.4, "D": 0.19, "R": 0.09, "sving": 0.58, "os": 0.18, "foss": 0.72, "juv": 0.0, "B": 0.51, "Q": 3.23, "w": 16.17, "h": 0.17, "S": 0.02945, "elv": "Skjerivasselva", "km": 7.0}}, {"type": "Feature", "geometry": {"type": "LineString", "coordinates": [[10.45169, 63.82515], [10.4507, 63.82438]]}, "properties": {"P": 21.8, "tau": 43.1, "tau_c": 113.0, "omega": 47.11, "M": 0.38, "D": 0.31, "R": 0.07, "sving": 0.03, "os": 0.3, "foss": 0.51, "juv": 0.0, "B": 0.51, "Q": 3.24, "w": 16.24, "h": 0.18, "S": 0.02407, "elv": "Skjerivasselva", "km": 7.1}}, {"type": "Feature", "geometry": {"type": "LineString", "coordinates": [[10.4507, 63.82438], [10.45044, 63.82351]]}, "properties": {"P": 26.23, "tau": 19.49, "tau_c": 63.8, "omega": 15.1, "M": 0.31, "D": 0.48, "R": 0.03, "sving": 0.13, "os": 0.47, "foss": 0.37, "juv": 0.0, "B": 0.51, "Q": 3.27, "w": 16.28, "h": 0.26, "S": 0.00767, "elv": "Skjerivasselva", "km": 7.2}}, {"type": "Feature", "geometry": {"type": "LineString", "coordinates": [[10.44676, 63.82065], [10.44594, 63.81983]]}, "properties": {"P": 8.77, "tau": 21.94, "tau_c": 68.89, "omega": 17.94, "M": 0.32, "D": -0.0, "R": 0.04, "sving": 0.3, "os": 0.19, "foss": 0.0, "juv": 0.0, "B": 0.51, "Q": 3.38, "w": 16.54, "h": 0.25, "S": 0.00894, "elv": "Skjerivasselva", "km": 7.7}}, {"type": "Feature", "geometry": {"type": "LineString", "coordinates": [[10.44594, 63.81983], [10.44475, 63.81917]]}, "properties": {"P": 3.37, "tau": 21.94, "tau_c": 68.89, "omega": 17.94, "M": 0.32, "D": 0.0, "R": 0.04, "sving": 0.03, "os": 0.12, "foss": 0.0, "juv": 0.0, "B": 0.51, "Q": 3.39, "w": 16.58, "h": 0.25, "S": 0.00894, "elv": "Skjerivasselva", "km": 7.8}}, {"type": "Feature", "geometry": {"type": "LineString", "coordinates": [[10.44475, 63.81917], [10.44436, 63.81831]]}, "properties": {"P": 19.16, "tau": 21.97, "tau_c": 68.89, "omega": 17.99, "M": 0.32, "D": 0.0, "R": 0.04, "sving": 0.07, "os": 0.07, "foss": 1.0, "juv": 0.0, "B": 0.51, "Q": 3.41, "w": 16.61, "h": 0.25, "S": 0.00894, "elv": "Skjerivasselva", "km": 7.9}}, {"type": "Feature", "geometry": {"type": "LineString", "coordinates": [[10.44436, 63.81831], [10.44384, 63.81747]]}, "properties": {"P": 13.6, "tau": 21.92, "tau_c": 68.65, "omega": 17.93, "M": 0.32, "D": 0.0, "R": 0.04, "sving": 0.08, "os": 0.0, "foss": 0.72, "juv": 0.0, "B": 0.51, "Q": 3.42, "w": 16.65, "h": 0.25, "S": 0.00888, "elv": "Skjerivasselva", "km": 8.0}}, {"type": "Feature", "geometry": {"type": "LineString", "coordinates": [[10.44384, 63.81747], [10.44272, 63.81676]]}, "properties": {"P": 13.35, "tau": 22.7, "tau_c": 70.32, "omega": 18.86, "M": 0.32, "D": 0.07, "R": 0.04, "sving": 0.1, "os": 0.07, "foss": 0.51, "juv": 0.0, "B": 0.52, "Q": 3.44, "w": 16.68, "h": 0.25, "S": 0.00932, "elv": "Skjerivasselva", "km": 8.1}}, {"type": "Feature", "geometry": {"type": "LineString", "coordinates": [[10.44272, 63.81676], [10.4418, 63.81596]]}, "properties": {"P": 13.81, "tau": 26.51, "tau_c": 78.62, "omega": 23.57, "M": 0.34, "D": 0.17, "R": 0.05, "sving": 0.1, "os": 0.1, "foss": 0.37, "juv": 0.0, "B": 0.52, "Q": 3.44, "w": 16.7, "h": 0.23, "S": 0.01165, "elv": "Skjerivasselva", "km": 8.2}}, {"type": "Feature", "geometry": {"type": "LineString", "coordinates": [[10.14777, 63.82984], [10.14629, 63.82928]]}, "properties": {"P": 2.55, "tau": 52.54, "tau_c": 154.45, "omega": 59.07, "M": 0.34, "D": 0.0, "R": 0.05, "sving": 0.09, "os": 0.0, "foss": 0.0, "juv": 0.0, "B": 0.49, "Q": 1.45, "w": 10.85, "h": 0.12, "S": 0.04496, "elv": "Storelva", "km": 0.2}}, {"type": "Feature", "geometry": {"type": "LineString", "coordinates": [[10.14629, 63.82928], [10.14435, 63.82905]]}, "properties": {"P": 21.4, "tau": 55.42, "tau_c": 160.36, "omega": 63.78, "M": 0.35, "D": 0.0, "R": 0.05, "sving": 0.32, "os": 0.0, "foss": 1.0, "juv": 0.0, "B": 0.49, "Q": 1.46, "w": 10.86, "h": 0.12, "S": 0.04847, "elv": "Storelva", "km": 0.3}}, {"type": "Feature", "geometry": {"type": "LineString", "coordinates": [[10.14435, 63.82905], [10.1427, 63.82857]]}, "properties": {"P": 17.18, "tau": 56.8, "tau_c": 163.18, "omega": 66.07, "M": 0.35, "D": 0.0, "R": 0.05, "sving": 0.03, "os": 0.0, "foss": 1.0, "juv": 0.0, "B": 0.5, "Q": 1.46, "w": 10.9, "h": 0.12, "S": 0.05019, "elv": "Storelva", "km": 0.4}}, {"type": "Feature", "geometry": {"type": "LineString", "coordinates": [[10.1427, 63.82857], [10.14075, 63.82844]]}, "properties": {"P": 18.43, "tau": 63.03, "tau_c": 175.95, "omega": 76.7, "M": 0.36, "D": 0.0, "R": 0.06, "sving": 0.1, "os": 0.0, "foss": 1.0, "juv": 0.0, "B": 0.5, "Q": 1.47, "w": 10.94, "h": 0.11, "S": 0.05835, "elv": "Storelva", "km": 0.5}}, {"type": "Feature", "geometry": {"type": "LineString", "coordinates": [[10.14075, 63.82844], [10.13912, 63.82793]]}, "properties": {"P": 14.33, "tau": 63.17, "tau_c": 174.88, "omega": 77.13, "M": 0.36, "D": 0.01, "R": 0.06, "sving": 0.08, "os": 0.0, "foss": 0.72, "juv": 0.0, "B": 0.5, "Q": 1.5, "w": 10.97, "h": 0.11, "S": 0.05764, "elv": "Storelva", "km": 0.6}}, {"type": "Feature", "geometry": {"type": "LineString", "coordinates": [[10.13912, 63.82793], [10.13736, 63.82748]]}, "properties": {"P": 24.09, "tau": 62.81, "tau_c": 174.18, "omega": 76.51, "M": 0.36, "D": 0.04, "R": 0.06, "sving": 0.31, "os": 0.07, "foss": 1.0, "juv": 0.0, "B": 0.51, "Q": 1.5, "w": 11.0, "h": 0.11, "S": 0.05718, "elv": "Storelva", "km": 0.7}}, {"type": "Feature", "geometry": {"type": "LineString", "coordinates": [[10.13736, 63.82748], [10.13598, 63.82685]]}, "properties": {"P": 21.37, "tau": 57.04, "tau_c": 162.61, "omega": 66.63, "M": 0.35, "D": 0.06, "R": 0.05, "sving": 0.36, "os": 0.11, "foss": 0.72, "juv": 0.0, "B": 0.51, "Q": 1.5, "w": 11.04, "h": 0.12, "S": 0.04984, "elv": "Storelva", "km": 0.8}}, {"type": "Feature", "geometry": {"type": "LineString", "coordinates": [[10.13598, 63.82685], [10.13488, 63.82611]]}, "properties": {"P": 22.17, "tau": 52.01, "tau_c": 152.1, "omega": 58.38, "M": 0.34, "D": 0.05, "R": 0.05, "sving": 0.09, "os": 0.17, "foss": 1.0, "juv": 0.0, "B": 0.51, "Q": 1.51, "w": 11.05, "h": 0.12, "S": 0.0436, "elv": "Storelva", "km": 0.9}}, {"type": "Feature", "geometry": {"type": "LineString", "coordinates": [[10.13488, 63.82611], [10.13492, 63.82521]]}, "properties": {"P": 22.34, "tau": 56.1, "tau_c": 160.5, "omega": 65.08, "M": 0.35, "D": 0.02, "R": 0.05, "sving": 0.01, "os": 0.28, "foss": 1.0, "juv": 0.0, "B": 0.51, "Q": 1.51, "w": 11.06, "h": 0.12, "S": 0.04855, "elv": "Storelva", "km": 1.0}}, {"type": "Feature", "geometry": {"type": "LineString", "coordinates": [[10.13492, 63.82521], [10.13348, 63.82461]]}, "properties": {"P": 25.07, "tau": 64.6, "tau_c": 178.65, "omega": 79.54, "M": 0.36, "D": 0.0, "R": 0.06, "sving": 0.35, "os": 0.41, "foss": 0.72, "juv": 0.0, "B": 0.51, "Q": 1.51, "w": 11.22, "h": 0.11, "S": 0.06016, "elv": "Storelva", "km": 1.1}}, {"type": "Feature", "geometry": {"type": "LineString", "coordinates": [[10.13348, 63.82461], [10.13221, 63.82398]]}, "properties": {"P": 30.52, "tau": 63.17, "tau_c": 176.86, "omega": 76.91, "M": 0.36, "D": 0.0, "R": 0.06, "sving": 0.14, "os": 0.67, "foss": 1.0, "juv": 0.0, "B": 0.52, "Q": 1.51, "w": 11.39, "h": 0.11, "S": 0.05896, "elv": "Storelva", "km": 1.2}}, {"type": "Feature", "geometry": {"type": "LineString", "coordinates": [[10.13221, 63.82398], [10.13289, 63.82314]]}, "properties": {"P": 38.45, "tau": 68.22, "tau_c": 177.31, "omega": 87.27, "M": 0.38, "D": 0.01, "R": 0.08, "sving": 0.31, "os": 0.91, "foss": 1.0, "juv": 0.0, "B": 0.53, "Q": 1.74, "w": 11.56, "h": 0.12, "S": 0.05926, "elv": "Storelva", "km": 1.3}}, {"type": "Feature", "geometry": {"type": "LineString", "coordinates": [[10.13289, 63.82314], [10.13365, 63.82232]]}, "properties": {"P": 29.28, "tau": 63.13, "tau_c": 168.69, "omega": 77.98, "M": 0.37, "D": 0.03, "R": 0.07, "sving": 0.32, "os": 0.55, "foss": 0.76, "juv": 0.0, "B": 0.53, "Q": 1.74, "w": 11.74, "h": 0.12, "S": 0.05363, "elv": "Storelva", "km": 1.4}}, {"type": "Feature", "geometry": {"type": "LineString", "coordinates": [[10.13365, 63.82232], [10.13369, 63.82148]]}, "properties": {"P": 33.81, "tau": 59.89, "tau_c": 162.91, "omega": 72.25, "M": 0.37, "D": 0.09, "R": 0.06, "sving": 0.49, "os": 0.34, "foss": 1.0, "juv": 0.0, "B": 0.53, "Q": 1.76, "w": 11.95, "h": 0.12, "S": 0.05002, "elv": "Storelva", "km": 1.5}}, {"type": "Feature", "geometry": {"type": "LineString", "coordinates": [[10.13369, 63.82148], [10.13392, 63.8206]]}, "properties": {"P": 34.35, "tau": 57.68, "tau_c": 158.8, "omega": 68.44, "M": 0.36, "D": 0.12, "R": 0.06, "sving": 0.61, "os": 0.22, "foss": 1.0, "juv": 0.0, "B": 0.53, "Q": 1.76, "w": 12.01, "h": 0.12, "S": 0.04753, "elv": "Storelva", "km": 1.6}}, {"type": "Feature", "geometry": {"type": "LineString", "coordinates": [[10.13392, 63.8206], [10.13235, 63.82012]]}, "properties": {"P": 21.82, "tau": 40.27, "tau_c": 121.37, "omega": 41.03, "M": 0.33, "D": 0.16, "R": 0.04, "sving": 0.19, "os": 0.13, "foss": 0.72, "juv": 0.0, "B": 0.54, "Q": 1.82, "w": 12.07, "h": 0.15, "S": 0.02777, "elv": "Storelva", "km": 1.7}}, {"type": "Feature", "geometry": {"type": "LineString", "coordinates": [[10.13235, 63.82012], [10.13055, 63.81984]]}, "properties": {"P": 29.9, "tau": 46.77, "tau_c": 135.16, "omega": 50.85, "M": 0.35, "D": 0.13, "R": 0.05, "sving": 0.43, "os": 0.11, "foss": 1.0, "juv": 0.0, "B": 0.54, "Q": 1.83, "w": 12.13, "h": 0.14, "S": 0.03443, "elv": "Storelva", "km": 1.8}}, {"type": "Feature", "geometry": {"type": "LineString", "coordinates": [[10.13055, 63.81984], [10.12969, 63.81911]]}, "properties": {"P": 26.06, "tau": 38.72, "tau_c": 118.2, "omega": 38.77, "M": 0.33, "D": 0.15, "R": 0.04, "sving": 0.5, "os": 0.09, "foss": 0.72, "juv": 0.0, "B": 0.54, "Q": 1.83, "w": 12.2, "h": 0.15, "S": 0.02633, "elv": "Storelva", "km": 1.9}}, {"type": "Feature", "geometry": {"type": "LineString", "coordinates": [[10.12969, 63.81911], [10.12797, 63.81867]]}, "properties": {"P": 30.1, "tau": 30.99, "tau_c": 100.61, "omega": 28.18, "M": 0.31, "D": 0.14, "R": 0.03, "sving": 0.51, "os": 0.06, "foss": 1.0, "juv": 0.0, "B": 0.54, "Q": 1.84, "w": 12.23, "h": 0.17, "S": 0.01908, "elv": "Storelva", "km": 2.0}}, {"type": "Feature", "geometry": {"type": "LineString", "coordinates": [[10.12797, 63.81867], [10.12861, 63.81788]]}, "properties": {"P": 18.36, "tau": 33.2, "tau_c": 105.21, "omega": 31.14, "M": 0.32, "D": 0.13, "R": 0.03, "sving": 0.15, "os": 0.0, "foss": 0.72, "juv": 0.0, "B": 0.54, "Q": 1.87, "w": 12.27, "h": 0.16, "S": 0.02086, "elv": "Storelva", "km": 2.1}}, {"type": "Feature", "geometry": {"type": "LineString", "coordinates": [[10.12871, 63.81616], [10.12797, 63.81534]]}, "properties": {"P": 5.87, "tau": 29.09, "tau_c": 95.57, "omega": 25.78, "M": 0.3, "D": 0.02, "R": 0.03, "sving": 0.27, "os": 0.0, "foss": 0.0, "juv": 0.0, "B": 0.54, "Q": 1.89, "w": 12.35, "h": 0.17, "S": 0.01721, "elv": "Storelva", "km": 2.4}}, {"type": "Feature", "geometry": {"type": "LineString", "coordinates": [[10.12797, 63.81534], [10.1275, 63.81448]]}, "properties": {"P": 4.0, "tau": 31.22, "tau_c": 100.64, "omega": 28.53, "M": 0.31, "D": 0.0, "R": 0.03, "sving": 0.18, "os": 0.0, "foss": 0.0, "juv": 0.0, "B": 0.55, "Q": 1.89, "w": 12.39, "h": 0.17, "S": 0.01909, "elv": "Storelva", "km": 2.5}}, {"type": "Feature", "geometry": {"type": "LineString", "coordinates": [[10.1275, 63.81448], [10.1288, 63.81398]]}, "properties": {"P": 20.33, "tau": 32.75, "tau_c": 104.18, "omega": 30.56, "M": 0.31, "D": 0.01, "R": 0.03, "sving": 0.14, "os": 0.0, "foss": 1.0, "juv": 0.0, "B": 0.55, "Q": 1.89, "w": 12.43, "h": 0.16, "S": 0.02046, "elv": "Storelva", "km": 2.6}}, {"type": "Feature", "geometry": {"type": "LineString", "coordinates": [[10.1288, 63.81398], [10.12954, 63.81323]]}, "properties": {"P": 30.85, "tau": 29.74, "tau_c": 96.41, "omega": 26.68, "M": 0.31, "D": 0.02, "R": 0.03, "sving": 0.74, "os": 0.0, "foss": 1.0, "juv": 0.0, "B": 0.55, "Q": 1.93, "w": 12.46, "h": 0.17, "S": 0.01752, "elv": "Storelva", "km": 2.7}}, {"type": "Feature", "geometry": {"type": "LineString", "coordinates": [[10.12954, 63.81323], [10.12951, 63.81233]]}, "properties": {"P": 24.6, "tau": 29.71, "tau_c": 96.41, "omega": 26.63, "M": 0.31, "D": 0.08, "R": 0.03, "sving": 0.52, "os": 0.06, "foss": 0.72, "juv": 0.0, "B": 0.55, "Q": 1.94, "w": 12.5, "h": 0.17, "S": 0.01752, "elv": "Storelva", "km": 2.8}}, {"type": "Feature", "geometry": {"type": "LineString", "coordinates": [[10.12951, 63.81233], [10.13114, 63.81244]]}, "properties": {"P": 23.41, "tau": 29.67, "tau_c": 96.41, "omega": 26.57, "M": 0.31, "D": 0.18, "R": 0.03, "sving": 0.52, "os": 0.06, "foss": 0.51, "juv": 0.0, "B": 0.55, "Q": 1.94, "w": 12.53, "h": 0.17, "S": 0.01752, "elv": "Storelva", "km": 2.9}}, {"type": "Feature", "geometry": {"type": "LineString", "coordinates": [[10.16415, 63.82206], [10.16364, 63.82129]]}, "properties": {"P": 27.51, "tau": 69.21, "tau_c": 219.2, "omega": 83.14, "M": 0.32, "D": 0.04, "R": 0.03, "sving": 0.32, "os": 0.76, "foss": 1.0, "juv": 0.0, "B": 0.41, "Q": 0.63, "w": 6.71, "h": 0.08, "S": 0.09056, "elv": "Litlelva", "km": 0.4}}, {"type": "Feature", "geometry": {"type": "LineString", "coordinates": [[10.16364, 63.82129], [10.16201, 63.82077]]}, "properties": {"P": 25.78, "tau": 62.6, "tau_c": 206.38, "omega": 71.78, "M": 0.3, "D": 0.15, "R": 0.03, "sving": 0.3, "os": 0.8, "foss": 0.72, "juv": 0.0, "B": 0.41, "Q": 0.63, "w": 6.96, "h": 0.08, "S": 0.08028, "elv": "Litlelva", "km": 0.5}}, {"type": "Feature", "geometry": {"type": "LineString", "coordinates": [[10.24831, 63.85232], [10.24712, 63.85179]]}, "properties": {"P": 11.78, "tau": 43.92, "tau_c": 124.85, "omega": 47.01, "M": 0.35, "D": 0.0, "R": 0.05, "sving": 0.08, "os": 0.0, "foss": 1.0, "juv": 0.0, "B": 0.33, "Q": 2.16, "w": 13.23, "h": 0.15, "S": 0.02938, "elv": "Juvasselva", "km": 0.0}}, {"type": "Feature", "geometry": {"type": "LineString", "coordinates": [[10.24712, 63.85179], [10.24591, 63.85122]]}, "properties": {"P": 19.74, "tau": 46.05, "tau_c": 129.07, "omega": 50.33, "M": 0.36, "D": 0.0, "R": 0.06, "sving": 0.12, "os": 0.0, "foss": 0.72, "juv": 0.0, "B": 0.68, "Q": 2.16, "w": 13.24, "h": 0.15, "S": 0.0314, "elv": "Juvasselva", "km": 0.1}}, {"type": "Feature", "geometry": {"type": "LineString", "coordinates": [[10.24591, 63.85122], [10.24465, 63.85052]]}, "properties": {"P": 14.74, "tau": 47.95, "tau_c": 132.85, "omega": 53.34, "M": 0.36, "D": 0.02, "R": 0.06, "sving": 0.06, "os": 0.0, "foss": 0.51, "juv": 0.0, "B": 0.68, "Q": 2.17, "w": 13.27, "h": 0.15, "S": 0.03327, "elv": "Juvasselva", "km": 0.2}}, {"type": "Feature", "geometry": {"type": "LineString", "coordinates": [[10.24465, 63.85052], [10.24365, 63.84976]]}, "properties": {"P": 25.8, "tau": 50.3, "tau_c": 137.5, "omega": 57.12, "M": 0.37, "D": 0.03, "R": 0.06, "sving": 0.08, "os": 0.0, "foss": 1.0, "juv": 0.0, "B": 0.68, "Q": 2.17, "w": 13.3, "h": 0.14, "S": 0.03563, "elv": "Juvasselva", "km": 0.3}}, {"type": "Feature", "geometry": {"type": "LineString", "coordinates": [[10.24365, 63.84976], [10.24253, 63.84907]]}, "properties": {"P": 24.58, "tau": 39.88, "tau_c": 115.84, "omega": 41.01, "M": 0.34, "D": 0.03, "R": 0.05, "sving": 0.04, "os": 0.0, "foss": 1.0, "juv": 0.0, "B": 0.68, "Q": 2.2, "w": 13.33, "h": 0.16, "S": 0.02529, "elv": "Juvasselva", "km": 0.4}}, {"type": "Feature", "geometry": {"type": "LineString", "coordinates": [[10.24253, 63.84907], [10.24147, 63.84831]]}, "properties": {"P": 26.78, "tau": 45.02, "tau_c": 126.33, "omega": 48.8, "M": 0.36, "D": 0.01, "R": 0.06, "sving": 0.16, "os": 0.0, "foss": 1.0, "juv": 0.0, "B": 0.68, "Q": 2.21, "w": 13.37, "h": 0.15, "S": 0.03008, "elv": "Juvasselva", "km": 0.5}}, {"type": "Feature", "geometry": {"type": "LineString", "coordinates": [[10.24147, 63.84831], [10.24007, 63.84768]]}, "properties": {"P": 25.5, "tau": 51.23, "tau_c": 138.53, "omega": 58.75, "M": 0.37, "D": 0.0, "R": 0.07, "sving": 0.38, "os": 0.0, "foss": 0.72, "juv": 0.0, "B": 0.68, "Q": 2.22, "w": 13.4, "h": 0.14, "S": 0.03617, "elv": "Juvasselva", "km": 0.6}}, {"type": "Feature", "geometry": {"type": "LineString", "coordinates": [[10.24007, 63.84768], [10.23845, 63.84717]]}, "properties": {"P": 35.57, "tau": 49.03, "tau_c": 134.2, "omega": 55.16, "M": 0.37, "D": 0.0, "R": 0.06, "sving": 0.58, "os": 0.0, "foss": 1.0, "juv": 0.0, "B": 0.69, "Q": 2.22, "w": 13.42, "h": 0.15, "S": 0.03394, "elv": "Juvasselva", "km": 0.7}}, {"type": "Feature", "geometry": {"type": "LineString", "coordinates": [[10.23845, 63.84717], [10.23644, 63.84722]]}, "properties": {"P": 32.47, "tau": 64.57, "tau_c": 163.43, "omega": 81.87, "M": 0.4, "D": 0.0, "R": 0.08, "sving": 0.34, "os": 0.05, "foss": 1.0, "juv": 0.0, "B": 0.69, "Q": 2.23, "w": 13.44, "h": 0.13, "S": 0.05034, "elv": "Juvasselva", "km": 0.8}}, {"type": "Feature", "geometry": {"type": "LineString", "coordinates": [[10.23644, 63.84722], [10.23469, 63.84765]]}, "properties": {"P": 28.32, "tau": 60.72, "tau_c": 156.18, "omega": 75.0, "M": 0.39, "D": 0.02, "R": 0.08, "sving": 0.38, "os": 0.08, "foss": 0.72, "juv": 0.0, "B": 0.69, "Q": 2.24, "w": 13.45, "h": 0.13, "S": 0.04597, "elv": "Juvasselva", "km": 0.9}}, {"type": "Feature", "geometry": {"type": "LineString", "coordinates": [[10.23469, 63.84765], [10.2328, 63.84775]]}, "properties": {"P": 29.71, "tau": 60.64, "tau_c": 156.03, "omega": 74.85, "M": 0.39, "D": 0.04, "R": 0.08, "sving": 0.09, "os": 0.13, "foss": 1.0, "juv": 0.0, "B": 0.69, "Q": 2.24, "w": 13.46, "h": 0.13, "S": 0.04589, "elv": "Juvasselva", "km": 1.0}}, {"type": "Feature", "geometry": {"type": "LineString", "coordinates": [[10.2328, 63.84775], [10.23092, 63.8481]]}, "properties": {"P": 28.16, "tau": 57.43, "tau_c": 150.01, "omega": 69.26, "M": 0.38, "D": 0.07, "R": 0.08, "sving": 0.19, "os": 0.21, "foss": 0.72, "juv": 0.0, "B": 0.69, "Q": 2.24, "w": 13.47, "h": 0.14, "S": 0.04241, "elv": "Juvasselva", "km": 1.1}}, {"type": "Feature", "geometry": {"type": "LineString", "coordinates": [[10.23092, 63.8481], [10.22898, 63.84835]]}, "properties": {"P": 35.97, "tau": 53.42, "tau_c": 143.37, "omega": 62.31, "M": 0.37, "D": 0.12, "R": 0.07, "sving": 0.57, "os": 0.34, "foss": 0.51, "juv": 0.0, "B": 0.69, "Q": 2.24, "w": 13.68, "h": 0.14, "S": 0.03874, "elv": "Juvasselva", "km": 1.2}}, {"type": "Feature", "geometry": {"type": "LineString", "coordinates": [[10.22898, 63.84835], [10.22701, 63.84836]]}, "properties": {"P": 41.85, "tau": 50.22, "tau_c": 138.08, "omega": 56.93, "M": 0.36, "D": 0.2, "R": 0.06, "sving": 0.7, "os": 0.54, "foss": 0.37, "juv": 0.0, "B": 0.69, "Q": 2.24, "w": 13.89, "h": 0.14, "S": 0.03594, "elv": "Juvasselva", "km": 1.3}}, {"type": "Feature", "geometry": {"type": "LineString", "coordinates": [[10.22701, 63.84836], [10.22669, 63.84757]]}, "properties": {"P": 44.33, "tau": 28.91, "tau_c": 87.8, "omega": 26.23, "M": 0.33, "D": 0.29, "R": 0.04, "sving": 0.76, "os": 0.83, "foss": 0.0, "juv": 0.0, "B": 0.7, "Q": 2.6, "w": 14.11, "h": 0.2, "S": 0.01453, "elv": "Juvasselva", "km": 1.4}}, {"type": "Feature", "geometry": {"type": "LineString", "coordinates": [[10.22669, 63.84757], [10.22649, 63.84672]]}, "properties": {"P": 40.41, "tau": 23.91, "tau_c": 77.0, "omega": 19.95, "M": 0.31, "D": 0.27, "R": 0.03, "sving": 0.71, "os": 0.74, "foss": 0.0, "juv": 0.0, "B": 0.7, "Q": 2.61, "w": 14.33, "h": 0.22, "S": 0.01117, "elv": "Juvasselva", "km": 1.5}}, {"type": "Feature", "geometry": {"type": "LineString", "coordinates": [[10.22649, 63.84672], [10.22681, 63.8459]]}, "properties": {"P": 19.79, "tau": 23.42, "tau_c": 76.33, "omega": 19.34, "M": 0.31, "D": 0.18, "R": 0.03, "sving": 0.16, "os": 0.46, "foss": 0.0, "juv": 0.0, "B": 0.7, "Q": 2.61, "w": 14.55, "h": 0.22, "S": 0.01098, "elv": "Juvasselva", "km": 1.6}}, {"type": "Feature", "geometry": {"type": "LineString", "coordinates": [[10.22742, 63.84507], [10.22793, 63.84421]]}, "properties": {"P": 10.26, "tau": 23.24, "tau_c": 75.81, "omega": 19.13, "M": 0.31, "D": 0.02, "R": 0.03, "sving": 0.22, "os": 0.18, "foss": 0.0, "juv": 0.0, "B": 0.7, "Q": 2.63, "w": 14.6, "h": 0.22, "S": 0.01083, "elv": "Juvasselva", "km": 1.8}}, {"type": "Feature", "geometry": {"type": "LineString", "coordinates": [[10.22841, 63.84335], [10.22974, 63.84272]]}, "properties": {"P": 29.85, "tau": 32.0, "tau_c": 95.04, "omega": 30.32, "M": 0.34, "D": -0.0, "R": 0.05, "sving": 0.12, "os": 0.18, "foss": 1.0, "juv": 0.0, "B": 0.7, "Q": 2.66, "w": 14.65, "h": 0.19, "S": 0.01703, "elv": "Juvasselva", "km": 2.0}}, {"type": "Feature", "geometry": {"type": "LineString", "coordinates": [[10.22974, 63.84272], [10.23052, 63.84203]]}, "properties": {"P": 25.01, "tau": 33.08, "tau_c": 97.34, "omega": 31.79, "M": 0.34, "D": -0.0, "R": 0.05, "sving": 0.08, "os": 0.28, "foss": 0.72, "juv": 0.0, "B": 0.7, "Q": 2.66, "w": 14.67, "h": 0.19, "S": 0.01786, "elv": "Juvasselva", "km": 2.1}}, {"type": "Feature", "geometry": {"type": "LineString", "coordinates": [[10.23052, 63.84203], [10.2304, 63.84114]]}, "properties": {"P": 39.84, "tau": 36.46, "tau_c": 104.69, "omega": 36.52, "M": 0.35, "D": -0.0, "R": 0.05, "sving": 0.34, "os": 0.41, "foss": 1.0, "juv": 0.0, "B": 0.7, "Q": 2.66, "w": 14.78, "h": 0.18, "S": 0.02066, "elv": "Juvasselva", "km": 2.2}}, {"type": "Feature", "geometry": {"type": "LineString", "coordinates": [[10.2304, 63.84114], [10.23047, 63.84025]]}, "properties": {"P": 37.11, "tau": 41.65, "tau_c": 115.45, "omega": 44.18, "M": 0.36, "D": -0.0, "R": 0.06, "sving": 0.22, "os": 0.68, "foss": 0.72, "juv": 0.0, "B": 0.7, "Q": 2.67, "w": 14.88, "h": 0.17, "S": 0.02512, "elv": "Juvasselva", "km": 2.3}}, {"type": "Feature", "geometry": {"type": "LineString", "coordinates": [[10.23047, 63.84025], [10.23016, 63.83937]]}, "properties": {"P": 37.36, "tau": 39.5, "tau_c": 108.49, "omega": 41.24, "M": 0.36, "D": 0.03, "R": 0.06, "sving": 0.16, "os": 0.89, "foss": 0.51, "juv": 0.0, "B": 0.71, "Q": 2.84, "w": 14.98, "h": 0.18, "S": 0.02219, "elv": "Juvasselva", "km": 2.4}}, {"type": "Feature", "geometry": {"type": "LineString", "coordinates": [[10.23016, 63.83937], [10.22994, 63.83849]]}, "properties": {"P": 24.01, "tau": 41.54, "tau_c": 112.78, "omega": 44.31, "M": 0.37, "D": 0.04, "R": 0.06, "sving": 0.02, "os": 0.54, "foss": 0.37, "juv": 0.0, "B": 0.71, "Q": 2.84, "w": 15.09, "h": 0.18, "S": 0.02397, "elv": "Juvasselva", "km": 2.5}}, {"type": "Feature", "geometry": {"type": "LineString", "coordinates": [[10.22994, 63.83849], [10.23068, 63.83766]]}, "properties": {"P": 14.08, "tau": 34.43, "tau_c": 98.88, "omega": 33.82, "M": 0.35, "D": 0.09, "R": 0.05, "sving": 0.1, "os": 0.33, "foss": 0.0, "juv": 0.0, "B": 0.71, "Q": 2.85, "w": 15.23, "h": 0.19, "S": 0.01843, "elv": "Juvasselva", "km": 2.6}}, {"type": "Feature", "geometry": {"type": "LineString", "coordinates": [[10.23068, 63.83766], [10.23084, 63.83677]]}, "properties": {"P": 16.96, "tau": 35.08, "tau_c": 100.32, "omega": 34.73, "M": 0.35, "D": 0.1, "R": 0.05, "sving": 0.34, "os": 0.21, "foss": 0.0, "juv": 0.0, "B": 0.71, "Q": 2.85, "w": 15.29, "h": 0.19, "S": 0.01897, "elv": "Juvasselva", "km": 2.7}}, {"type": "Feature", "geometry": {"type": "LineString", "coordinates": [[10.23084, 63.83677], [10.23109, 63.83589]]}, "properties": {"P": 12.37, "tau": 30.69, "tau_c": 90.09, "omega": 28.77, "M": 0.34, "D": 0.14, "R": 0.05, "sving": 0.17, "os": 0.13, "foss": 0.0, "juv": 0.0, "B": 0.71, "Q": 2.94, "w": 15.35, "h": 0.2, "S": 0.0153, "elv": "Juvasselva", "km": 2.8}}, {"type": "Feature", "geometry": {"type": "LineString", "coordinates": [[10.23109, 63.83589], [10.23252, 63.83529]]}, "properties": {"P": 8.1, "tau": 26.83, "tau_c": 81.97, "omega": 23.71, "M": 0.33, "D": 0.16, "R": 0.04, "sving": 0.02, "os": 0.08, "foss": 0.0, "juv": 0.0, "B": 0.71, "Q": 2.95, "w": 15.44, "h": 0.22, "S": 0.01266, "elv": "Juvasselva", "km": 2.9}}, {"type": "Feature", "geometry": {"type": "LineString", "coordinates": [[10.23252, 63.83529], [10.23386, 63.83474]]}, "properties": {"P": 11.55, "tau": 22.93, "tau_c": 73.31, "omega": 18.92, "M": 0.31, "D": 0.2, "R": 0.03, "sving": 0.15, "os": 0.05, "foss": 0.0, "juv": 0.0, "B": 0.71, "Q": 2.96, "w": 15.52, "h": 0.23, "S": 0.01013, "elv": "Juvasselva", "km": 3.0}}, {"type": "Feature", "geometry": {"type": "LineString", "coordinates": [[10.23386, 63.83474], [10.23411, 63.83386]]}, "properties": {"P": 19.94, "tau": 20.23, "tau_c": 66.52, "omega": 15.84, "M": 0.3, "D": 0.21, "R": 0.03, "sving": 0.58, "os": 0.0, "foss": 0.0, "juv": 0.0, "B": 0.71, "Q": 3.01, "w": 15.56, "h": 0.25, "S": 0.00834, "elv": "Juvasselva", "km": 3.1}}, {"type": "Feature", "geometry": {"type": "LineString", "coordinates": [[10.44698, 63.85271], [10.44622, 63.85189]]}, "properties": {"P": 15.53, "tau": 55.94, "tau_c": 147.59, "omega": 66.64, "M": 0.38, "D": 0.0, "R": 0.07, "sving": 0.42, "os": 0.0, "foss": 1.0, "juv": 0.0, "B": 0.33, "Q": 2.24, "w": 13.52, "h": 0.14, "S": 0.04106, "elv": "Sandvasselva", "km": 0.0}}, {"type": "Feature", "geometry": {"type": "LineString", "coordinates": [[10.44622, 63.85189], [10.44465, 63.85144]]}, "properties": {"P": 18.74, "tau": 67.33, "tau_c": 167.47, "omega": 87.09, "M": 0.4, "D": 0.0, "R": 0.09, "sving": 0.09, "os": 0.0, "foss": 1.0, "juv": 0.0, "B": 0.49, "Q": 2.28, "w": 13.57, "h": 0.13, "S": 0.05286, "elv": "Sandvasselva", "km": 0.1}}, {"type": "Feature", "geometry": {"type": "LineString", "coordinates": [[10.44465, 63.85144], [10.44306, 63.85093]]}, "properties": {"P": 14.97, "tau": 67.52, "tau_c": 167.49, "omega": 87.51, "M": 0.4, "D": 0.02, "R": 0.09, "sving": 0.09, "os": 0.0, "foss": 0.72, "juv": 0.0, "B": 0.49, "Q": 2.3, "w": 13.62, "h": 0.13, "S": 0.05287, "elv": "Sandvasselva", "km": 0.2}}, {"type": "Feature", "geometry": {"type": "LineString", "coordinates": [[10.44306, 63.85093], [10.44266, 63.85006]]}, "properties": {"P": 21.34, "tau": 64.77, "tau_c": 162.5, "omega": 82.46, "M": 0.4, "D": 0.05, "R": 0.09, "sving": 0.2, "os": 0.0, "foss": 1.0, "juv": 0.0, "B": 0.49, "Q": 2.31, "w": 13.68, "h": 0.13, "S": 0.04977, "elv": "Sandvasselva", "km": 0.3}}, {"type": "Feature", "geometry": {"type": "LineString", "coordinates": [[10.44266, 63.85006], [10.44236, 63.84918]]}, "properties": {"P": 19.88, "tau": 56.59, "tau_c": 147.29, "omega": 67.99, "M": 0.38, "D": 0.05, "R": 0.08, "sving": 0.12, "os": 0.0, "foss": 1.0, "juv": 0.0, "B": 0.49, "Q": 2.32, "w": 13.71, "h": 0.14, "S": 0.04089, "elv": "Sandvasselva", "km": 0.4}}, {"type": "Feature", "geometry": {"type": "LineString", "coordinates": [[10.44236, 63.84918], [10.44147, 63.84838]]}, "properties": {"P": 19.96, "tau": 57.91, "tau_c": 149.65, "omega": 70.29, "M": 0.39, "D": 0.02, "R": 0.08, "sving": 0.16, "os": 0.0, "foss": 1.0, "juv": 0.0, "B": 0.49, "Q": 2.33, "w": 13.76, "h": 0.14, "S": 0.04221, "elv": "Sandvasselva", "km": 0.5}}, {"type": "Feature", "geometry": {"type": "LineString", "coordinates": [[10.44147, 63.84838], [10.44029, 63.84765]]}, "properties": {"P": 21.08, "tau": 67.68, "tau_c": 167.32, "omega": 87.89, "M": 0.4, "D": 0.0, "R": 0.09, "sving": 0.23, "os": 0.0, "foss": 1.0, "juv": 0.0, "B": 0.49, "Q": 2.34, "w": 13.79, "h": 0.13, "S": 0.05277, "elv": "Sandvasselva", "km": 0.6}}, {"type": "Feature", "geometry": {"type": "LineString", "coordinates": [[10.38918, 63.73366], [10.38786, 63.73303]]}, "properties": {"P": 31.21, "tau": 29.7, "tau_c": 93.83, "omega": 26.64, "M": 0.32, "D": -0.0, "R": 0.03, "sving": 0.22, "os": 0.88, "foss": 0.72, "juv": 0.0, "B": 0.54, "Q": 1.48, "w": 9.02, "h": 0.18, "S": 0.01659, "elv": "Sørelva", "km": 3.0}}, {"type": "Feature", "geometry": {"type": "LineString", "coordinates": [[10.36295, 63.72408], [10.36191, 63.72331]]}, "properties": {"P": 3.07, "tau": 24.1, "tau_c": 73.45, "omega": 20.48, "M": 0.33, "D": -0.0, "R": 0.04, "sving": 0.03, "os": 0.07, "foss": 0.0, "juv": 0.0, "B": 0.6, "Q": 2.83, "w": 13.77, "h": 0.24, "S": 0.01017, "elv": "Sørelva", "km": 4.8}}, {"type": "Feature", "geometry": {"type": "LineString", "coordinates": [[10.36191, 63.72331], [10.3615, 63.72244]]}, "properties": {"P": 4.43, "tau": 20.83, "tau_c": 67.55, "omega": 16.52, "M": 0.31, "D": 0.02, "R": 0.03, "sving": 0.05, "os": 0.11, "foss": 0.0, "juv": 0.0, "B": 0.6, "Q": 2.83, "w": 14.47, "h": 0.25, "S": 0.0086, "elv": "Sørelva", "km": 4.9}}, {"type": "Feature", "geometry": {"type": "LineString", "coordinates": [[10.36057, 63.72168], [10.35929, 63.72099]]}, "properties": {"P": 8.56, "tau": 21.17, "tau_c": 69.62, "omega": 16.83, "M": 0.3, "D": 0.05, "R": 0.03, "sving": 0.06, "os": 0.28, "foss": 0.0, "juv": 0.0, "B": 0.6, "Q": 2.85, "w": 15.2, "h": 0.24, "S": 0.00914, "elv": "Sørelva", "km": 5.1}}, {"type": "Feature", "geometry": {"type": "LineString", "coordinates": [[10.35302, 63.71772], [10.35102, 63.7176]]}, "properties": {"P": 17.68, "tau": 20.3, "tau_c": 62.08, "omega": 16.28, "M": 0.33, "D": 0.02, "R": 0.04, "sving": 0.05, "os": 0.77, "foss": 0.0, "juv": 0.0, "B": 0.62, "Q": 3.81, "w": 16.69, "h": 0.28, "S": 0.00726, "elv": "Sørelva", "km": 5.7}}, {"type": "Feature", "geometry": {"type": "LineString", "coordinates": [[10.35102, 63.7176], [10.34921, 63.71719]]}, "properties": {"P": 13.29, "tau": 20.02, "tau_c": 62.08, "omega": 15.92, "M": 0.32, "D": 0.09, "R": 0.04, "sving": 0.03, "os": 0.47, "foss": 0.0, "juv": 0.0, "B": 0.63, "Q": 3.83, "w": 17.16, "h": 0.28, "S": 0.00726, "elv": "Sørelva", "km": 5.8}}, {"type": "Feature", "geometry": {"type": "LineString", "coordinates": [[10.34559, 63.71642], [10.34372, 63.7161]]}, "properties": {"P": 4.44, "tau": 19.98, "tau_c": 62.75, "omega": 15.83, "M": 0.32, "D": 0.0, "R": 0.04, "sving": 0.06, "os": 0.11, "foss": 0.0, "juv": 0.0, "B": 0.63, "Q": 3.84, "w": 17.66, "h": 0.27, "S": 0.00742, "elv": "Sørelva", "km": 6.1}}, {"type": "Feature", "geometry": {"type": "LineString", "coordinates": [[10.34372, 63.7161], [10.34209, 63.71558]]}, "properties": {"P": 5.88, "tau": 17.68, "tau_c": 57.33, "omega": 13.29, "M": 0.31, "D": 0.06, "R": 0.03, "sving": 0.1, "os": 0.07, "foss": 0.0, "juv": 0.0, "B": 0.63, "Q": 3.87, "w": 17.68, "h": 0.29, "S": 0.0062, "elv": "Sørelva", "km": 6.2}}, {"type": "Feature", "geometry": {"type": "LineString", "coordinates": [[10.33748, 63.71383], [10.33604, 63.71321]]}, "properties": {"P": 2.36, "tau": 16.99, "tau_c": 55.7, "omega": 12.55, "M": 0.3, "D": 0.04, "R": 0.03, "sving": 0.02, "os": 0.0, "foss": 0.0, "juv": 0.0, "B": 0.63, "Q": 3.89, "w": 17.78, "h": 0.3, "S": 0.00585, "elv": "Sørelva", "km": 6.6}}, {"type": "Feature", "geometry": {"type": "LineString", "coordinates": [[10.33088, 63.7118], [10.32888, 63.71172]]}, "properties": {"P": 4.61, "tau": 17.05, "tau_c": 55.66, "omega": 12.63, "M": 0.31, "D": -0.0, "R": 0.03, "sving": 0.03, "os": 0.15, "foss": 0.0, "juv": 0.0, "B": 0.63, "Q": 3.95, "w": 17.9, "h": 0.3, "S": 0.00584, "elv": "Sørelva", "km": 7.0}}, {"type": "Feature", "geometry": {"type": "LineString", "coordinates": [[10.32888, 63.71172], [10.3269, 63.71155]]}, "properties": {"P": 6.83, "tau": 19.22, "tau_c": 60.51, "omega": 15.01, "M": 0.32, "D": -0.0, "R": 0.04, "sving": 0.04, "os": 0.25, "foss": 0.0, "juv": 0.0, "B": 0.63, "Q": 3.98, "w": 17.95, "h": 0.28, "S": 0.0069, "elv": "Sørelva", "km": 7.1}}, {"type": "Feature", "geometry": {"type": "LineString", "coordinates": [[10.3269, 63.71155], [10.32514, 63.71112]]}, "properties": {"P": 13.18, "tau": 28.9, "tau_c": 81.14, "omega": 26.96, "M": 0.36, "D": -0.0, "R": 0.06, "sving": 0.18, "os": 0.4, "foss": 0.0, "juv": 0.0, "B": 0.63, "Q": 3.99, "w": 18.0, "h": 0.24, "S": 0.01241, "elv": "Sørelva", "km": 7.2}}, {"type": "Feature", "geometry": {"type": "LineString", "coordinates": [[10.32514, 63.71112], [10.32368, 63.71064]]}, "properties": {"P": 16.7, "tau": 31.21, "tau_c": 85.5, "omega": 30.14, "M": 0.37, "D": -0.0, "R": 0.06, "sving": 0.1, "os": 0.65, "foss": 0.0, "juv": 0.0, "B": 0.63, "Q": 4.04, "w": 18.12, "h": 0.23, "S": 0.01378, "elv": "Sørelva", "km": 7.3}}, {"type": "Feature", "geometry": {"type": "LineString", "coordinates": [[10.32368, 63.71064], [10.32214, 63.71093]]}, "properties": {"P": 45.07, "tau": 31.88, "tau_c": 87.02, "omega": 31.04, "M": 0.37, "D": -0.0, "R": 0.06, "sving": 0.24, "os": 0.96, "foss": 1.0, "juv": 0.0, "B": 0.63, "Q": 4.04, "w": 18.23, "h": 0.23, "S": 0.01427, "elv": "Sørelva", "km": 7.4}}, {"type": "Feature", "geometry": {"type": "LineString", "coordinates": [[10.32214, 63.71093], [10.32013, 63.711]]}, "properties": {"P": 34.98, "tau": 32.61, "tau_c": 87.02, "omega": 32.23, "M": 0.37, "D": 0.02, "R": 0.07, "sving": 0.28, "os": 0.63, "foss": 0.72, "juv": 0.0, "B": 0.64, "Q": 4.22, "w": 18.34, "h": 0.23, "S": 0.01427, "elv": "Sørelva", "km": 7.5}}, {"type": "Feature", "geometry": {"type": "LineString", "coordinates": [[10.32013, 63.711], [10.31813, 63.71112]]}, "properties": {"P": 25.74, "tau": 31.2, "tau_c": 84.43, "omega": 30.23, "M": 0.37, "D": 0.1, "R": 0.07, "sving": 0.16, "os": 0.39, "foss": 0.51, "juv": 0.0, "B": 0.64, "Q": 4.23, "w": 18.43, "h": 0.24, "S": 0.01344, "elv": "Sørelva", "km": 7.6}}, {"type": "Feature", "geometry": {"type": "LineString", "coordinates": [[10.31813, 63.71112], [10.31612, 63.71122]]}, "properties": {"P": 21.47, "tau": 27.34, "tau_c": 76.91, "omega": 25.01, "M": 0.36, "D": 0.2, "R": 0.06, "sving": 0.12, "os": 0.24, "foss": 0.37, "juv": 0.0, "B": 0.64, "Q": 4.24, "w": 18.53, "h": 0.25, "S": 0.01115, "elv": "Sørelva", "km": 7.7}}, {"type": "Feature", "geometry": {"type": "LineString", "coordinates": [[10.31612, 63.71122], [10.31411, 63.71121]]}, "properties": {"P": 14.86, "tau": 15.8, "tau_c": 51.9, "omega": 11.38, "M": 0.3, "D": 0.32, "R": 0.03, "sving": 0.14, "os": 0.14, "foss": 0.0, "juv": 0.0, "B": 0.64, "Q": 4.24, "w": 18.56, "h": 0.32, "S": 0.00508, "elv": "Sørelva", "km": 7.8}}, {"type": "Feature", "geometry": {"type": "LineString", "coordinates": [[10.15923, 63.76232], [10.15786, 63.76174]]}, "properties": {"P": 21.52, "tau": 38.79, "tau_c": 76.8, "omega": 44.4, "M": 0.51, "D": 0.0, "R": 0.19, "sving": 0.47, "os": 0.07, "foss": 0.0, "juv": 0.0, "B": 0.81, "Q": 6.98, "w": 17.14, "h": 0.36, "S": 0.01112, "elv": "Bubekken", "km": 0.7}}, {"type": "Feature", "geometry": {"type": "LineString", "coordinates": [[10.14675, 63.75017], [10.14707, 63.75105]]}, "properties": {"P": 27.31, "tau": 45.21, "tau_c": 135.12, "omega": 48.05, "M": 0.33, "D": 0.02, "R": 0.04, "sving": 0.52, "os": 0.0, "foss": 1.0, "juv": 0.0, "B": 0.55, "Q": 1.65, "w": 11.56, "h": 0.13, "S": 0.03441, "elv": "Tverrelva", "km": 0.0}}, {"type": "Feature", "geometry": {"type": "LineString", "coordinates": [[10.14707, 63.75105], [10.14698, 63.75194]]}, "properties": {"P": 15.71, "tau": 37.11, "tau_c": 117.02, "omega": 36.22, "M": 0.32, "D": 0.04, "R": 0.03, "sving": 0.09, "os": 0.0, "foss": 0.72, "juv": 0.0, "B": 0.55, "Q": 1.65, "w": 11.57, "h": 0.15, "S": 0.02581, "elv": "Tverrelva", "km": 0.1}}, {"type": "Feature", "geometry": {"type": "LineString", "coordinates": [[10.14698, 63.75194], [10.14599, 63.75268]]}, "properties": {"P": 23.9, "tau": 41.08, "tau_c": 125.91, "omega": 41.9, "M": 0.33, "D": 0.06, "R": 0.04, "sving": 0.24, "os": 0.0, "foss": 1.0, "juv": 0.0, "B": 0.56, "Q": 1.66, "w": 11.59, "h": 0.14, "S": 0.02988, "elv": "Tverrelva", "km": 0.2}}, {"type": "Feature", "geometry": {"type": "LineString", "coordinates": [[10.14599, 63.75268], [10.14592, 63.75357]]}, "properties": {"P": 23.4, "tau": 39.26, "tau_c": 121.91, "omega": 39.26, "M": 0.32, "D": 0.1, "R": 0.04, "sving": 0.44, "os": 0.0, "foss": 0.72, "juv": 0.0, "B": 0.56, "Q": 1.66, "w": 11.61, "h": 0.14, "S": 0.02801, "elv": "Tverrelva", "km": 0.3}}, {"type": "Feature", "geometry": {"type": "LineString", "coordinates": [[10.14315, 63.75461], [10.14216, 63.75521]]}, "properties": {"P": 22.95, "tau": 52.34, "tau_c": 98.44, "omega": 67.84, "M": 0.53, "D": 0.0, "R": 0.22, "sving": 0.07, "os": 0.13, "foss": 0.51, "juv": 0.0, "B": 0.68, "Q": 7.28, "w": 19.22, "h": 0.29, "S": 0.01826, "elv": "Tverrelva", "km": 0.6}}, {"type": "Feature", "geometry": {"type": "LineString", "coordinates": [[10.20028, 63.66737], [10.19847, 63.66702]]}, "properties": {"P": 21.71, "tau": 48.83, "tau_c": 81.55, "omega": 63.92, "M": 0.6, "D": 0.0, "R": 0.31, "sving": 0.07, "os": 0.53, "foss": 0.0, "juv": 0.0, "B": 0.63, "Q": 10.23, "w": 19.68, "h": 0.4, "S": 0.01253, "elv": "bekk", "km": 0.1}}, {"type": "Feature", "geometry": {"type": "LineString", "coordinates": [[10.34792, 63.72942], [10.34602, 63.72934]]}, "properties": {"P": 12.07, "tau": 32.31, "tau_c": 86.42, "omega": 31.46, "M": 0.37, "D": 0.0, "R": 0.07, "sving": 0.29, "os": 0.38, "foss": 0.0, "juv": 0.0, "B": 0.5, "Q": 2.5, "w": 10.98, "h": 0.23, "S": 0.01408, "elv": "bekk", "km": 0.2}}]}