{"type": "FeatureCollection", "features": [{"type": "Feature", "geometry": {"type": "LineString", "coordinates": [[13.03548, 64.4866], [13.03356, 64.48624]]}, "properties": {"P": 36.2, "tau": 78.24, "tau_c": 64.91, "omega": 152.13, "M": 1.21, "D": 0.03, "R": 0.94, "sving": 0.04, "os": 0.1, "foss": 0.0, "juv": 0.0, "B": 0.66, "Q": 121.06, "w": 62.0, "h": 1.0, "S": 0.00794, "elv": "Sanddøla - Sovvene", "km": 0.0}}, {"type": "Feature", "geometry": {"type": "LineString", "coordinates": [[13.03356, 64.48624], [13.03164, 64.48591]]}, "properties": {"P": 53.94, "tau": 66.78, "tau_c": 56.22, "omega": 122.0, "M": 1.19, "D": 0.04, "R": 0.93, "sving": 0.12, "os": 0.07, "foss": 0.0, "juv": 0.0, "B": 0.97, "Q": 121.1, "w": 58.0, "h": 1.14, "S": 0.00596, "elv": "Sanddøla - Sovvene", "km": 0.1}}, {"type": "Feature", "geometry": {"type": "LineString", "coordinates": [[13.03164, 64.48591], [13.02978, 64.48552]]}, "properties": {"P": 49.11, "tau": 61.25, "tau_c": 50.28, "omega": 108.89, "M": 1.22, "D": 0.04, "R": 0.94, "sving": 0.0, "os": 0.0, "foss": 0.0, "juv": 0.0, "B": 0.97, "Q": 121.13, "w": 52.0, "h": 1.31, "S": 0.00477, "elv": "Sanddøla - Sovvene", "km": 0.2}}, {"type": "Feature", "geometry": {"type": "LineString", "coordinates": [[13.02978, 64.48552], [13.02811, 64.48498]]}, "properties": {"P": 50.19, "tau": 75.33, "tau_c": 55.18, "omega": 148.28, "M": 1.37, "D": 0.0, "R": 0.99, "sving": 0.01, "os": 0.0, "foss": 0.0, "juv": 0.0, "B": 0.96, "Q": 121.15, "w": 46.0, "h": 1.34, "S": 0.00574, "elv": "Sanddøla - Sovvene", "km": 0.3}}, {"type": "Feature", "geometry": {"type": "LineString", "coordinates": [[13.02811, 64.48498], [13.02621, 64.48463]]}, "properties": {"P": 52.0, "tau": 75.34, "tau_c": 55.18, "omega": 148.32, "M": 1.37, "D": 0.04, "R": 0.99, "sving": 0.02, "os": 0.0, "foss": 0.0, "juv": 0.0, "B": 0.96, "Q": 121.18, "w": 46.0, "h": 1.34, "S": 0.00574, "elv": "Sanddøla - Sovvene", "km": 0.4}}, {"type": "Feature", "geometry": {"type": "LineString", "coordinates": [[13.02621, 64.48463], [13.02426, 64.48432]]}, "properties": {"P": 51.99, "tau": 64.76, "tau_c": 49.47, "omega": 119.24, "M": 1.31, "D": 0.07, "R": 0.97, "sving": 0.0, "os": 0.0, "foss": 0.0, "juv": 0.0, "B": 0.96, "Q": 121.19, "w": 46.0, "h": 1.43, "S": 0.00461, "elv": "Sanddøla - Sovvene", "km": 0.5}}, {"type": "Feature", "geometry": {"type": "LineString", "coordinates": [[13.02426, 64.48432], [13.02235, 64.48397]]}, "properties": {"P": 52.63, "tau": 55.38, "tau_c": 44.18, "omega": 95.11, "M": 1.25, "D": 0.07, "R": 0.96, "sving": 0.06, "os": 0.0, "foss": 0.0, "juv": 0.0, "B": 0.95, "Q": 121.22, "w": 46.0, "h": 1.53, "S": 0.00368, "elv": "Sanddøla - Sovvene", "km": 0.6}}, {"type": "Feature", "geometry": {"type": "LineString", "coordinates": [[13.02235, 64.48397], [13.02066, 64.48344]]}, "properties": {"P": 51.57, "tau": 62.72, "tau_c": 48.34, "omega": 113.85, "M": 1.3, "D": 0.03, "R": 0.97, "sving": 0.0, "os": 0.06, "foss": 0.0, "juv": 0.0, "B": 0.95, "Q": 121.22, "w": 46.0, "h": 1.45, "S": 0.0044, "elv": "Sanddøla - Sovvene", "km": 0.7}}, {"type": "Feature", "geometry": {"type": "LineString", "coordinates": [[13.02066, 64.48344], [13.01892, 64.48296]]}, "properties": {"P": 52.17, "tau": 64.54, "tau_c": 48.34, "omega": 119.05, "M": 1.34, "D": 0.0, "R": 0.98, "sving": 0.02, "os": 0.08, "foss": 0.0, "juv": 0.02, "B": 0.95, "Q": 121.25, "w": 44.0, "h": 1.49, "S": 0.0044, "elv": "Sanddøla - Sovvene", "km": 0.8}}, {"type": "Feature", "geometry": {"type": "LineString", "coordinates": [[13.01892, 64.48296], [13.01698, 64.48264]]}, "properties": {"P": 54.32, "tau": 64.53, "tau_c": 46.22, "omega": 119.77, "M": 1.4, "D": -0.0, "R": 0.99, "sving": 0.06, "os": 0.11, "foss": 0.0, "juv": 0.02, "B": 0.95, "Q": 121.26, "w": 40.0, "h": 1.63, "S": 0.00403, "elv": "Sanddøla - Sovvene", "km": 0.9}}, {"type": "Feature", "geometry": {"type": "LineString", "coordinates": [[13.01698, 64.48264], [13.01511, 64.48225]]}, "properties": {"P": 57.95, "tau": 81.49, "tau_c": 55.98, "omega": 167.3, "M": 1.46, "D": -0.0, "R": 1.0, "sving": 0.17, "os": 0.11, "foss": 0.0, "juv": 0.02, "B": 0.94, "Q": 121.29, "w": 42.0, "h": 1.41, "S": 0.00591, "elv": "Sanddøla - Sovvene", "km": 1.0}}, {"type": "Feature", "geometry": {"type": "LineString", "coordinates": [[13.01511, 64.48225], [13.01363, 64.48163]]}, "properties": {"P": 60.0, "tau": 88.44, "tau_c": 56.68, "omega": 189.61, "M": 1.56, "D": 0.01, "R": 1.0, "sving": 0.23, "os": 0.11, "foss": 0.0, "juv": 0.04, "B": 0.94, "Q": 121.3, "w": 38.0, "h": 1.49, "S": 0.00606, "elv": "Sanddøla - Sovvene", "km": 1.1}}, {"type": "Feature", "geometry": {"type": "LineString", "coordinates": [[13.01363, 64.48163], [13.01255, 64.48087]]}, "properties": {"P": 57.74, "tau": 85.67, "tau_c": 55.39, "omega": 181.08, "M": 1.55, "D": 0.01, "R": 1.0, "sving": 0.16, "os": 0.11, "foss": 0.0, "juv": 0.04, "B": 0.94, "Q": 121.31, "w": 38.0, "h": 1.51, "S": 0.00578, "elv": "Sanddøla - Sovvene", "km": 1.2}}, {"type": "Feature", "geometry": {"type": "LineString", "coordinates": [[13.01255, 64.48087], [13.0114, 64.48012]]}, "properties": {"P": 55.05, "tau": 78.11, "tau_c": 51.8, "omega": 158.42, "M": 1.51, "D": 0.01, "R": 1.0, "sving": 0.06, "os": 0.11, "foss": 0.0, "juv": 0.04, "B": 0.94, "Q": 121.33, "w": 38.0, "h": 1.57, "S": 0.00506, "elv": "Sanddøla - Sovvene", "km": 1.3}}, {"type": "Feature", "geometry": {"type": "LineString", "coordinates": [[13.0114, 64.48012], [13.01006, 64.47944]]}, "properties": {"P": 56.45, "tau": 125.06, "tau_c": 70.99, "omega": 314.13, "M": 1.76, "D": -0.0, "R": 0.96, "sving": 0.1, "os": 0.18, "foss": 0.0, "juv": 0.06, "B": 0.93, "Q": 121.34, "w": 36.0, "h": 1.34, "S": 0.0095, "elv": "Sanddøla - Sovvene", "km": 1.4}}, {"type": "Feature", "geometry": {"type": "LineString", "coordinates": [[13.01006, 64.47944], [13.00886, 64.47874]]}, "properties": {"P": 64.73, "tau": 112.35, "tau_c": 65.7, "omega": 269.02, "M": 1.71, "D": 0.08, "R": 0.98, "sving": 0.14, "os": 0.3, "foss": 0.0, "juv": 0.06, "B": 0.93, "Q": 121.36, "w": 36.0, "h": 1.41, "S": 0.00813, "elv": "Sanddøla - Sovvene", "km": 1.5}}, {"type": "Feature", "geometry": {"type": "LineString", "coordinates": [[13.00886, 64.47874], [13.00736, 64.47812]]}, "properties": {"P": 70.78, "tau": 88.22, "tau_c": 59.26, "omega": 187.66, "M": 1.49, "D": 0.15, "R": 1.0, "sving": 0.04, "os": 0.49, "foss": 0.0, "juv": 0.04, "B": 0.93, "Q": 121.37, "w": 42.0, "h": 1.36, "S": 0.00662, "elv": "Sanddøla - Sovvene", "km": 1.6}}, {"type": "Feature", "geometry": {"type": "LineString", "coordinates": [[13.00736, 64.47812], [13.00565, 64.47761]]}, "properties": {"P": 85.46, "tau": 71.81, "tau_c": 53.04, "omega": 138.57, "M": 1.35, "D": 0.19, "R": 0.99, "sving": 0.2, "os": 0.81, "foss": 0.0, "juv": 0.04, "B": 0.93, "Q": 122.55, "w": 46.0, "h": 1.38, "S": 0.0053, "elv": "Sanddøla - Sovvene", "km": 1.7}}, {"type": "Feature", "geometry": {"type": "LineString", "coordinates": [[13.00565, 64.47761], [13.00416, 64.47701]]}, "properties": {"P": 83.34, "tau": 71.82, "tau_c": 55.08, "omega": 137.63, "M": 1.3, "D": 0.19, "R": 0.97, "sving": 0.25, "os": 0.73, "foss": 0.0, "juv": 0.02, "B": 0.92, "Q": 122.65, "w": 50.0, "h": 1.28, "S": 0.00572, "elv": "Sanddøla - Sovvene", "km": 1.8}}, {"type": "Feature", "geometry": {"type": "LineString", "coordinates": [[13.00416, 64.47701], [13.00226, 64.47666]]}, "properties": {"P": 69.24, "tau": 68.42, "tau_c": 55.08, "omega": 127.44, "M": 1.24, "D": 0.16, "R": 0.95, "sving": 0.14, "os": 0.45, "foss": 0.0, "juv": 0.0, "B": 0.92, "Q": 122.66, "w": 54.0, "h": 1.22, "S": 0.00572, "elv": "Sanddøla - Sovvene", "km": 1.9}}, {"type": "Feature", "geometry": {"type": "LineString", "coordinates": [[13.00226, 64.47666], [13.0002, 64.47658]]}, "properties": {"P": 55.57, "tau": 33.84, "tau_c": 32.59, "omega": 46.33, "M": 1.04, "D": 0.12, "R": 0.83, "sving": 0.1, "os": 0.28, "foss": 0.0, "juv": 0.0, "B": 0.92, "Q": 122.72, "w": 52.0, "h": 1.72, "S": 0.002, "elv": "Sanddøla - Sovvene", "km": 2.0}}, {"type": "Feature", "geometry": {"type": "LineString", "coordinates": [[13.0002, 64.47658], [12.99818, 64.47638]]}, "properties": {"P": 53.15, "tau": 58.52, "tau_c": 46.62, "omega": 102.81, "M": 1.26, "D": 0.04, "R": 0.96, "sving": 0.02, "os": 0.17, "foss": 0.0, "juv": 0.0, "B": 0.92, "Q": 122.78, "w": 48.0, "h": 1.46, "S": 0.0041, "elv": "Sanddøla - Sovvene", "km": 2.1}}, {"type": "Feature", "geometry": {"type": "LineString", "coordinates": [[12.99818, 64.47638], [12.99634, 64.47597]]}, "properties": {"P": 60.49, "tau": 65.25, "tau_c": 47.41, "omega": 121.52, "M": 1.38, "D": 0.01, "R": 0.99, "sving": 0.18, "os": 0.25, "foss": 0.0, "juv": 0.02, "B": 0.91, "Q": 122.82, "w": 42.0, "h": 1.57, "S": 0.00424, "elv": "Sanddøla - Sovvene", "km": 2.2}}, {"type": "Feature", "geometry": {"type": "LineString", "coordinates": [[12.99634, 64.47597], [12.99439, 64.47566]]}, "properties": {"P": 64.47, "tau": 79.51, "tau_c": 52.17, "omega": 162.77, "M": 1.52, "D": -0.0, "R": 1.0, "sving": 0.15, "os": 0.41, "foss": 0.0, "juv": 0.04, "B": 0.91, "Q": 122.92, "w": 38.0, "h": 1.58, "S": 0.00513, "elv": "Sanddøla - Sovvene", "km": 2.3}}, {"type": "Feature", "geometry": {"type": "LineString", "coordinates": [[12.99439, 64.47566], [12.99267, 64.47516]]}, "properties": {"P": 70.4, "tau": 70.76, "tau_c": 49.11, "omega": 137.08, "M": 1.44, "D": 0.03, "R": 1.0, "sving": 0.07, "os": 0.67, "foss": 0.0, "juv": 0.04, "B": 0.91, "Q": 122.95, "w": 40.0, "h": 1.59, "S": 0.00455, "elv": "Sanddøla - Sovvene", "km": 2.4}}, {"type": "Feature", "geometry": {"type": "LineString", "coordinates": [[12.99267, 64.47516], [12.99099, 64.47464]]}, "properties": {"P": 84.72, "tau": 73.56, "tau_c": 53.89, "omega": 143.54, "M": 1.37, "D": 0.09, "R": 0.99, "sving": 0.37, "os": 0.81, "foss": 0.0, "juv": 0.04, "B": 0.91, "Q": 122.97, "w": 46.0, "h": 1.37, "S": 0.00547, "elv": "Sanddøla - Sovvene", "km": 2.5}}, {"type": "Feature", "geometry": {"type": "LineString", "coordinates": [[12.99099, 64.47464], [12.98937, 64.4741]]}, "properties": {"P": 76.16, "tau": 65.47, "tau_c": 50.2, "omega": 121.1, "M": 1.3, "D": 0.09, "R": 0.97, "sving": 0.08, "os": 0.52, "foss": 0.3, "juv": 0.04, "B": 0.91, "Q": 124.77, "w": 48.0, "h": 1.41, "S": 0.00475, "elv": "Sanddøla - Sovvene", "km": 2.6}}, {"type": "Feature", "geometry": {"type": "LineString", "coordinates": [[12.98937, 64.4741], [12.98889, 64.47325]]}, "properties": {"P": 69.57, "tau": 42.89, "tau_c": 37.69, "omega": 65.55, "M": 1.14, "D": 0.06, "R": 0.9, "sving": 0.12, "os": 0.32, "foss": 0.41, "juv": 0.02, "B": 0.9, "Q": 124.77, "w": 50.0, "h": 1.63, "S": 0.00268, "elv": "Sanddøla - Sovvene", "km": 2.7}}, {"type": "Feature", "geometry": {"type": "LineString", "coordinates": [[12.98889, 64.47325], [12.98756, 64.47264]]}, "properties": {"P": 82.29, "tau": 105.94, "tau_c": 76.05, "omega": 238.68, "M": 1.39, "D": 0.0, "R": 0.99, "sving": 0.51, "os": 0.21, "foss": 0.53, "juv": 0.0, "B": 0.9, "Q": 124.99, "w": 56.0, "h": 0.99, "S": 0.0109, "elv": "Sanddøla - Sovvene", "km": 2.8}}, {"type": "Feature", "geometry": {"type": "LineString", "coordinates": [[12.98756, 64.47264], [12.9857, 64.47239]]}, "properties": {"P": 86.92, "tau": 104.4, "tau_c": 72.78, "omega": 235.5, "M": 1.43, "D": 0.0, "R": 1.0, "sving": 0.42, "os": 0.28, "foss": 0.7, "juv": 0.0, "B": 0.9, "Q": 125.03, "w": 52.0, "h": 1.07, "S": 0.00998, "elv": "Sanddøla - Sovvene", "km": 2.9}}, {"type": "Feature", "geometry": {"type": "LineString", "coordinates": [[12.9857, 64.47239], [12.98414, 64.47296]]}, "properties": {"P": 89.7, "tau": 115.55, "tau_c": 74.07, "omega": 275.76, "M": 1.56, "D": 0.0, "R": 1.0, "sving": 0.09, "os": 0.42, "foss": 1.0, "juv": 0.0, "B": 0.9, "Q": 125.03, "w": 46.0, "h": 1.14, "S": 0.01034, "elv": "Sanddøla - Sovvene", "km": 3.0}}, {"type": "Feature", "geometry": {"type": "LineString", "coordinates": [[12.98414, 64.47296], [12.98223, 64.47279]]}, "properties": {"P": 91.25, "tau": 113.22, "tau_c": 72.99, "omega": 267.78, "M": 1.55, "D": 0.0, "R": 1.0, "sving": 0.14, "os": 0.65, "foss": 0.77, "juv": 0.0, "B": 0.9, "Q": 125.04, "w": 46.0, "h": 1.15, "S": 0.01004, "elv": "Sanddøla - Sovvene", "km": 3.1}}, {"type": "Feature", "geometry": {"type": "LineString", "coordinates": [[12.98223, 64.47279], [12.9805, 64.4723]]}, "properties": {"P": 100.0, "tau": 118.28, "tau_c": 78.2, "omega": 282.96, "M": 1.51, "D": 0.07, "R": 1.0, "sving": 0.29, "os": 0.9, "foss": 0.6, "juv": 0.0, "B": 0.9, "Q": 125.12, "w": 50.0, "h": 1.05, "S": 0.01153, "elv": "Sanddøla - Sovvene", "km": 3.2}}, {"type": "Feature", "geometry": {"type": "LineString", "coordinates": [[12.9805, 64.4723], [12.97893, 64.47175]]}, "properties": {"P": 84.04, "tau": 127.8, "tau_c": 78.03, "omega": 320.15, "M": 1.64, "D": 0.16, "R": 0.99, "sving": 0.1, "os": 0.56, "foss": 0.46, "juv": 0.02, "B": 0.89, "Q": 125.14, "w": 44.0, "h": 1.14, "S": 0.01147, "elv": "Sanddøla - Sovvene", "km": 3.3}}, {"type": "Feature", "geometry": {"type": "LineString", "coordinates": [[12.97893, 64.47175], [12.9769, 64.47167]]}, "properties": {"P": 83.05, "tau": 53.63, "tau_c": 41.65, "omega": 91.41, "M": 1.29, "D": 0.31, "R": 0.97, "sving": 0.23, "os": 0.34, "foss": 0.34, "juv": 0.02, "B": 0.89, "Q": 125.39, "w": 44.0, "h": 1.67, "S": 0.00327, "elv": "Sanddøla - Sovvene", "km": 3.4}}, {"type": "Feature", "geometry": {"type": "LineString", "coordinates": [[12.9769, 64.47167], [12.97482, 64.47172]]}, "properties": {"P": 66.44, "tau": 52.01, "tau_c": 41.6, "omega": 87.2, "M": 1.25, "D": 0.25, "R": 0.96, "sving": 0.22, "os": 0.22, "foss": 0.0, "juv": 0.02, "B": 0.89, "Q": 125.39, "w": 46.0, "h": 1.63, "S": 0.00326, "elv": "Sanddøla - Sovvene", "km": 3.5}}, {"type": "Feature", "geometry": {"type": "LineString", "coordinates": [[12.97482, 64.47172], [12.97275, 64.47175]]}, "properties": {"P": 57.59, "tau": 54.35, "tau_c": 42.93, "omega": 92.93, "M": 1.27, "D": 0.18, "R": 0.96, "sving": 0.06, "os": 0.14, "foss": 0.0, "juv": 0.02, "B": 0.89, "Q": 125.43, "w": 46.0, "h": 1.59, "S": 0.00347, "elv": "Sanddøla - Sovvene", "km": 3.6}}, {"type": "Feature", "geometry": {"type": "LineString", "coordinates": [[12.97275, 64.47175], [12.97069, 64.47166]]}, "properties": {"P": 55.57, "tau": 56.48, "tau_c": 44.14, "omega": 98.24, "M": 1.28, "D": 0.07, "R": 0.97, "sving": 0.19, "os": 0.09, "foss": 0.0, "juv": 0.02, "B": 0.89, "Q": 125.45, "w": 46.0, "h": 1.57, "S": 0.00367, "elv": "Sanddøla - Sovvene", "km": 3.7}}, {"type": "Feature", "geometry": {"type": "LineString", "coordinates": [[12.97069, 64.47166], [12.96867, 64.47145]]}, "properties": {"P": 53.76, "tau": 40.45, "tau_c": 36.7, "omega": 60.1, "M": 1.1, "D": 0.11, "R": 0.88, "sving": 0.27, "os": 0.05, "foss": 0.0, "juv": 0.0, "B": 0.89, "Q": 125.47, "w": 52.0, "h": 1.62, "S": 0.00254, "elv": "Sanddøla - Sovvene", "km": 3.8}}, {"type": "Feature", "geometry": {"type": "LineString", "coordinates": [[12.96867, 64.47145], [12.96681, 64.47106]]}, "properties": {"P": 47.86, "tau": 43.55, "tau_c": 41.32, "omega": 66.02, "M": 1.05, "D": 0.08, "R": 0.84, "sving": 0.22, "os": 0.0, "foss": 0.0, "juv": 0.0, "B": 0.88, "Q": 125.49, "w": 60.0, "h": 1.38, "S": 0.00322, "elv": "Sanddøla - Sovvene", "km": 3.9}}, {"type": "Feature", "geometry": {"type": "LineString", "coordinates": [[12.96681, 64.47106], [12.96522, 64.47048]]}, "properties": {"P": 43.83, "tau": 45.99, "tau_c": 43.22, "omega": 71.37, "M": 1.06, "D": 0.04, "R": 0.85, "sving": 0.11, "os": 0.0, "foss": 0.0, "juv": 0.0, "B": 0.88, "Q": 128.1, "w": 62.0, "h": 1.33, "S": 0.00352, "elv": "Sanddøla - Sovvene", "km": 4.0}}, {"type": "Feature", "geometry": {"type": "LineString", "coordinates": [[12.96522, 64.47048], [12.96362, 64.46991]]}, "properties": {"P": 52.61, "tau": 48.36, "tau_c": 44.81, "omega": 76.72, "M": 1.08, "D": -0.0, "R": 0.86, "sving": 0.18, "os": 0.0, "foss": 0.29, "juv": 0.0, "B": 0.88, "Q": 128.14, "w": 62.0, "h": 1.3, "S": 0.00378, "elv": "Sanddøla - Sovvene", "km": 4.1}}, {"type": "Feature", "geometry": {"type": "LineString", "coordinates": [[12.96362, 64.46991], [12.96183, 64.46946]]}, "properties": {"P": 54.25, "tau": 52.41, "tau_c": 46.06, "omega": 86.68, "M": 1.14, "D": -0.0, "R": 0.9, "sving": 0.1, "os": 0.0, "foss": 0.36, "juv": 0.0, "B": 0.88, "Q": 128.15, "w": 58.0, "h": 1.34, "S": 0.004, "elv": "Sanddøla - Sovvene", "km": 4.2}}, {"type": "Feature", "geometry": {"type": "LineString", "coordinates": [[12.96183, 64.46946], [12.96062, 64.46876]]}, "properties": {"P": 57.37, "tau": 52.9, "tau_c": 46.37, "omega": 87.88, "M": 1.14, "D": -0.0, "R": 0.9, "sving": 0.17, "os": 0.0, "foss": 0.4, "juv": 0.0, "B": 0.88, "Q": 128.2, "w": 58.0, "h": 1.33, "S": 0.00405, "elv": "Sanddøla - Sovvene", "km": 4.3}}, {"type": "Feature", "geometry": {"type": "LineString", "coordinates": [[12.96062, 64.46876], [12.95945, 64.46803]]}, "properties": {"P": 58.45, "tau": 65.14, "tau_c": 51.25, "omega": 119.8, "M": 1.27, "D": -0.0, "R": 0.96, "sving": 0.06, "os": 0.0, "foss": 0.46, "juv": 0.0, "B": 0.88, "Q": 128.25, "w": 52.0, "h": 1.34, "S": 0.00495, "elv": "Sanddøla - Sovvene", "km": 4.4}}, {"type": "Feature", "geometry": {"type": "LineString", "coordinates": [[12.95945, 64.46803], [12.95746, 64.46783]]}, "properties": {"P": 58.39, "tau": 70.74, "tau_c": 52.42, "omega": 135.87, "M": 1.35, "D": -0.0, "R": 0.98, "sving": 0.02, "os": 0.0, "foss": 0.46, "juv": 0.0, "B": 0.88, "Q": 128.39, "w": 48.0, "h": 1.39, "S": 0.00518, "elv": "Sanddøla - Sovvene", "km": 4.5}}, {"type": "Feature", "geometry": {"type": "LineString", "coordinates": [[12.95746, 64.46783], [12.95595, 64.46729]]}, "properties": {"P": 60.25, "tau": 67.77, "tau_c": 51.77, "omega": 127.28, "M": 1.31, "D": 0.01, "R": 0.97, "sving": 0.21, "os": 0.0, "foss": 0.35, "juv": 0.0, "B": 0.87, "Q": 128.41, "w": 50.0, "h": 1.37, "S": 0.00505, "elv": "Sanddøla - Sovvene", "km": 4.6}}, {"type": "Feature", "geometry": {"type": "LineString", "coordinates": [[12.95595, 64.46729], [12.95481, 64.46655]]}, "properties": {"P": 53.46, "tau": 66.84, "tau_c": 52.17, "omega": 124.33, "M": 1.28, "D": 0.02, "R": 0.97, "sving": 0.04, "os": 0.0, "foss": 0.28, "juv": 0.0, "B": 0.87, "Q": 128.46, "w": 52.0, "h": 1.33, "S": 0.00513, "elv": "Sanddøla - Sovvene", "km": 4.7}}, {"type": "Feature", "geometry": {"type": "LineString", "coordinates": [[12.95481, 64.46655], [12.95292, 64.4662]]}, "properties": {"P": 53.75, "tau": 66.91, "tau_c": 52.21, "omega": 124.54, "M": 1.28, "D": 0.05, "R": 0.97, "sving": 0.29, "os": 0.0, "foss": 0.0, "juv": 0.0, "B": 0.87, "Q": 128.48, "w": 52.0, "h": 1.33, "S": 0.00514, "elv": "Sanddøla - Sovvene", "km": 4.8}}, {"type": "Feature", "geometry": {"type": "LineString", "coordinates": [[12.95292, 64.4662], [12.95088, 64.46608]]}, "properties": {"P": 57.94, "tau": 65.34, "tau_c": 51.32, "omega": 120.35, "M": 1.27, "D": 0.08, "R": 0.96, "sving": 0.4, "os": 0.0, "foss": 0.0, "juv": 0.0, "B": 0.87, "Q": 128.5, "w": 52.0, "h": 1.34, "S": 0.00496, "elv": "Sanddøla - Sovvene", "km": 4.9}}, {"type": "Feature", "geometry": {"type": "LineString", "coordinates": [[12.95088, 64.46608], [12.9488, 64.46615]]}, "properties": {"P": 53.16, "tau": 53.47, "tau_c": 45.94, "omega": 89.55, "M": 1.16, "D": 0.14, "R": 0.91, "sving": 0.23, "os": 0.0, "foss": 0.0, "juv": 0.0, "B": 0.87, "Q": 128.52, "w": 56.0, "h": 1.37, "S": 0.00398, "elv": "Sanddøla - Sovvene", "km": 5.0}}, {"type": "Feature", "geometry": {"type": "LineString", "coordinates": [[12.9488, 64.46615], [12.94673, 64.46623]]}, "properties": {"P": 49.43, "tau": 48.22, "tau_c": 43.31, "omega": 76.94, "M": 1.11, "D": 0.16, "R": 0.88, "sving": 0.13, "os": 0.0, "foss": 0.0, "juv": 0.0, "B": 0.87, "Q": 128.68, "w": 58.0, "h": 1.39, "S": 0.00354, "elv": "Sanddøla - Sovvene", "km": 5.1}}, {"type": "Feature", "geometry": {"type": "LineString", "coordinates": [[12.94673, 64.46623], [12.9447, 64.46641]]}, "properties": {"P": 46.19, "tau": 43.35, "tau_c": 41.93, "omega": 65.37, "M": 1.03, "D": 0.15, "R": 0.82, "sving": 0.05, "os": 0.07, "foss": 0.0, "juv": 0.0, "B": 0.87, "Q": 128.69, "w": 64.0, "h": 1.33, "S": 0.00331, "elv": "Sanddøla - Sovvene", "km": 5.2}}, {"type": "Feature", "geometry": {"type": "LineString", "coordinates": [[12.9447, 64.46641], [12.94267, 64.46661]]}, "properties": {"P": 44.61, "tau": 39.99, "tau_c": 40.12, "omega": 58.04, "M": 1.0, "D": 0.12, "R": 0.79, "sving": 0.05, "os": 0.12, "foss": 0.0, "juv": 0.0, "B": 0.87, "Q": 128.73, "w": 66.0, "h": 1.34, "S": 0.00303, "elv": "Sanddøla - Sovvene", "km": 5.3}}, {"type": "Feature", "geometry": {"type": "LineString", "coordinates": [[12.94267, 64.46661], [12.94064, 64.4668]]}, "properties": {"P": 43.06, "tau": 37.37, "tau_c": 39.23, "omega": 52.34, "M": 0.95, "D": 0.08, "R": 0.75, "sving": 0.03, "os": 0.19, "foss": 0.0, "juv": 0.0, "B": 0.86, "Q": 128.75, "w": 70.0, "h": 1.31, "S": 0.0029, "elv": "Sanddøla - Sovvene", "km": 5.4}}, {"type": "Feature", "geometry": {"type": "LineString", "coordinates": [[12.94064, 64.4668], [12.93861, 64.46698]]}, "properties": {"P": 45.34, "tau": 35.76, "tau_c": 38.49, "omega": 48.98, "M": 0.93, "D": 0.05, "R": 0.73, "sving": 0.08, "os": 0.32, "foss": 0.0, "juv": 0.0, "B": 0.86, "Q": 128.76, "w": 72.0, "h": 1.31, "S": 0.00279, "elv": "Sanddøla - Sovvene", "km": 5.5}}, {"type": "Feature", "geometry": {"type": "LineString", "coordinates": [[12.93861, 64.46698], [12.93664, 64.46724]]}, "properties": {"P": 50.96, "tau": 37.62, "tau_c": 38.91, "omega": 53.0, "M": 0.97, "D": 0.02, "R": 0.77, "sving": 0.06, "os": 0.52, "foss": 0.0, "juv": 0.0, "B": 0.86, "Q": 128.77, "w": 68.0, "h": 1.34, "S": 0.00285, "elv": "Sanddøla - Sovvene", "km": 5.6}}, {"type": "Feature", "geometry": {"type": "LineString", "coordinates": [[12.93664, 64.46724], [12.93477, 64.4676]]}, "properties": {"P": 64.71, "tau": 35.65, "tau_c": 36.92, "omega": 49.19, "M": 0.97, "D": 0.01, "R": 0.76, "sving": 0.25, "os": 0.86, "foss": 0.0, "juv": 0.0, "B": 0.86, "Q": 128.83, "w": 66.0, "h": 1.41, "S": 0.00257, "elv": "Sanddøla - Sovvene", "km": 5.7}}, {"type": "Feature", "geometry": {"type": "LineString", "coordinates": [[12.93477, 64.4676], [12.93271, 64.46766]]}, "properties": {"P": 57.72, "tau": 41.0, "tau_c": 40.26, "omega": 60.34, "M": 1.02, "D": -0.0, "R": 0.81, "sving": 0.08, "os": 0.7, "foss": 0.0, "juv": 0.0, "B": 0.86, "Q": 128.84, "w": 64.0, "h": 1.37, "S": 0.00306, "elv": "Sanddøla - Sovvene", "km": 5.8}}, {"type": "Feature", "geometry": {"type": "LineString", "coordinates": [[12.93271, 64.46766], [12.93087, 64.46726]]}, "properties": {"P": 53.07, "tau": 47.83, "tau_c": 42.34, "omega": 76.29, "M": 1.13, "D": 0.0, "R": 0.89, "sving": 0.02, "os": 0.44, "foss": 0.0, "juv": 0.02, "B": 0.86, "Q": 128.9, "w": 56.0, "h": 1.44, "S": 0.00338, "elv": "Sanddøla - Sovvene", "km": 5.9}}, {"type": "Feature", "geometry": {"type": "LineString", "coordinates": [[12.93087, 64.46726], [12.92883, 64.46732]]}, "properties": {"P": 50.36, "tau": 43.38, "tau_c": 38.14, "omega": 66.68, "M": 1.14, "D": 0.02, "R": 0.9, "sving": 0.04, "os": 0.29, "foss": 0.0, "juv": 0.02, "B": 0.86, "Q": 128.9, "w": 52.0, "h": 1.61, "S": 0.00274, "elv": "Sanddøla - Sovvene", "km": 6.0}}, {"type": "Feature", "geometry": {"type": "LineString", "coordinates": [[12.92883, 64.46732], [12.9269, 64.46765]]}, "properties": {"P": 49.47, "tau": 39.81, "tau_c": 35.85, "omega": 58.92, "M": 1.11, "D": 0.02, "R": 0.88, "sving": 0.15, "os": 0.18, "foss": 0.0, "juv": 0.02, "B": 0.86, "Q": 128.91, "w": 52.0, "h": 1.68, "S": 0.00242, "elv": "Sanddøla - Sovvene", "km": 6.1}}, {"type": "Feature", "geometry": {"type": "LineString", "coordinates": [[12.9269, 64.46765], [12.92487, 64.4678]]}, "properties": {"P": 47.08, "tau": 43.83, "tau_c": 37.03, "omega": 68.09, "M": 1.18, "D": 0.03, "R": 0.93, "sving": 0.04, "os": 0.11, "foss": 0.0, "juv": 0.02, "B": 0.86, "Q": 128.92, "w": 48.0, "h": 1.73, "S": 0.00258, "elv": "Sanddøla - Sovvene", "km": 6.2}}, {"type": "Feature", "geometry": {"type": "LineString", "coordinates": [[12.92487, 64.4678], [12.92279, 64.46775]]}, "properties": {"P": 50.24, "tau": 44.22, "tau_c": 36.53, "omega": 69.17, "M": 1.21, "D": 0.06, "R": 0.94, "sving": 0.14, "os": 0.07, "foss": 0.0, "juv": 0.02, "B": 0.85, "Q": 128.95, "w": 46.0, "h": 1.79, "S": 0.00252, "elv": "Sanddøla - Sovvene", "km": 6.3}}, {"type": "Feature", "geometry": {"type": "LineString", "coordinates": [[12.92279, 64.46775], [12.92071, 64.46772]]}, "properties": {"P": 45.43, "tau": 34.34, "tau_c": 31.63, "omega": 47.72, "M": 1.09, "D": 0.11, "R": 0.86, "sving": 0.11, "os": 0.0, "foss": 0.0, "juv": 0.0, "B": 0.85, "Q": 128.96, "w": 50.0, "h": 1.86, "S": 0.00189, "elv": "Sanddøla - Sovvene", "km": 6.4}}, {"type": "Feature", "geometry": {"type": "LineString", "coordinates": [[12.92071, 64.46772], [12.91863, 64.46772]]}, "properties": {"P": 41.82, "tau": 32.03, "tau_c": 31.17, "omega": 42.91, "M": 1.03, "D": 0.09, "R": 0.82, "sving": 0.07, "os": 0.0, "foss": 0.0, "juv": 0.0, "B": 0.85, "Q": 128.96, "w": 54.0, "h": 1.78, "S": 0.00183, "elv": "Sanddøla - Sovvene", "km": 6.5}}, {"type": "Feature", "geometry": {"type": "LineString", "coordinates": [[12.91863, 64.46772], [12.91658, 64.46761]]}, "properties": {"P": 41.73, "tau": 35.16, "tau_c": 33.86, "omega": 48.97, "M": 1.04, "D": 0.07, "R": 0.83, "sving": 0.09, "os": 0.0, "foss": 0.0, "juv": 0.0, "B": 0.85, "Q": 129.33, "w": 56.0, "h": 1.66, "S": 0.00216, "elv": "Sanddøla - Sovvene", "km": 6.6}}, {"type": "Feature", "geometry": {"type": "LineString", "coordinates": [[12.91658, 64.46761], [12.91457, 64.46738]]}, "properties": {"P": 38.84, "tau": 33.66, "tau_c": 33.35, "omega": 45.85, "M": 1.01, "D": 0.06, "R": 0.8, "sving": 0.04, "os": 0.0, "foss": 0.0, "juv": 0.0, "B": 0.85, "Q": 129.34, "w": 58.0, "h": 1.64, "S": 0.0021, "elv": "Sanddøla - Sovvene", "km": 6.7}}, {"type": "Feature", "geometry": {"type": "LineString", "coordinates": [[12.91457, 64.46738], [12.91257, 64.46714]]}, "properties": {"P": 40.18, "tau": 27.43, "tau_c": 29.22, "omega": 34.05, "M": 0.94, "D": 0.08, "R": 0.74, "sving": 0.17, "os": 0.0, "foss": 0.0, "juv": 0.0, "B": 0.85, "Q": 129.36, "w": 60.0, "h": 1.74, "S": 0.00161, "elv": "Sanddøla - Sovvene", "km": 6.8}}, {"type": "Feature", "geometry": {"type": "LineString", "coordinates": [[12.91257, 64.46714], [12.91051, 64.46723]]}, "properties": {"P": 41.04, "tau": 28.96, "tau_c": 31.25, "omega": 36.62, "M": 0.93, "D": 0.08, "R": 0.72, "sving": 0.22, "os": 0.0, "foss": 0.0, "juv": 0.0, "B": 0.85, "Q": 129.76, "w": 64.0, "h": 1.6, "S": 0.00184, "elv": "Sanddøla - Sovvene", "km": 6.9}}, {"type": "Feature", "geometry": {"type": "LineString", "coordinates": [[12.91051, 64.46723], [12.90854, 64.46752]]}, "properties": {"P": 39.02, "tau": 28.69, "tau_c": 31.91, "omega": 35.93, "M": 0.9, "D": 0.1, "R": 0.7, "sving": 0.18, "os": 0.0, "foss": 0.0, "juv": 0.0, "B": 0.85, "Q": 129.79, "w": 68.0, "h": 1.52, "S": 0.00192, "elv": "Sanddøla - Sovvene", "km": 7.0}}, {"type": "Feature", "geometry": {"type": "LineString", "coordinates": [[12.90854, 64.46752], [12.90657, 64.46781]]}, "properties": {"P": 31.76, "tau": 23.16, "tau_c": 27.71, "omega": 26.32, "M": 0.84, "D": 0.11, "R": 0.62, "sving": 0.01, "os": 0.0, "foss": 0.0, "juv": 0.0, "B": 0.85, "Q": 129.8, "w": 70.0, "h": 1.63, "S": 0.00145, "elv": "Sanddøla - Sovvene", "km": 7.1}}, {"type": "Feature", "geometry": {"type": "LineString", "coordinates": [[12.90657, 64.46781], [12.90454, 64.468]]}, "properties": {"P": 32.6, "tau": 21.81, "tau_c": 27.53, "omega": 23.94, "M": 0.79, "D": 0.09, "R": 0.57, "sving": 0.09, "os": 0.07, "foss": 0.0, "juv": 0.0, "B": 0.85, "Q": 129.82, "w": 76.0, "h": 1.56, "S": 0.00143, "elv": "Sanddøla - Sovvene", "km": 7.2}}, {"type": "Feature", "geometry": {"type": "LineString", "coordinates": [[12.90454, 64.468], [12.90248, 64.4681]]}, "properties": {"P": 30.47, "tau": 21.85, "tau_c": 28.84, "omega": 23.77, "M": 0.76, "D": 0.05, "R": 0.52, "sving": 0.09, "os": 0.12, "foss": 0.0, "juv": 0.0, "B": 0.84, "Q": 129.84, "w": 84.0, "h": 1.42, "S": 0.00157, "elv": "Sanddøla - Sovvene", "km": 7.3}}, {"type": "Feature", "geometry": {"type": "LineString", "coordinates": [[12.90248, 64.4681], [12.90041, 64.46818]]}, "properties": {"P": 32.61, "tau": 27.74, "tau_c": 34.23, "omega": 33.49, "M": 0.81, "D": -0.0, "R": 0.59, "sving": 0.04, "os": 0.2, "foss": 0.0, "juv": 0.0, "B": 0.84, "Q": 129.85, "w": 84.0, "h": 1.28, "S": 0.00221, "elv": "Sanddøla - Sovvene", "km": 7.4}}, {"type": "Feature", "geometry": {"type": "LineString", "coordinates": [[12.90041, 64.46818], [12.89834, 64.46827]]}, "properties": {"P": 37.28, "tau": 27.76, "tau_c": 33.13, "omega": 33.79, "M": 0.84, "D": -0.0, "R": 0.62, "sving": 0.04, "os": 0.33, "foss": 0.0, "juv": 0.0, "B": 0.84, "Q": 129.87, "w": 78.0, "h": 1.37, "S": 0.00207, "elv": "Sanddøla - Sovvene", "km": 7.5}}, {"type": "Feature", "geometry": {"type": "LineString", "coordinates": [[12.89834, 64.46827], [12.89627, 64.46835]]}, "properties": {"P": 43.86, "tau": 27.9, "tau_c": 31.94, "omega": 34.36, "M": 0.87, "D": -0.0, "R": 0.67, "sving": 0.01, "os": 0.54, "foss": 0.0, "juv": 0.0, "B": 0.84, "Q": 131.16, "w": 72.0, "h": 1.48, "S": 0.00192, "elv": "Sanddøla - Sovvene", "km": 7.6}}, {"type": "Feature", "geometry": {"type": "LineString", "coordinates": [[12.89627, 64.46835], [12.89419, 64.46836]]}, "properties": {"P": 54.25, "tau": 32.03, "tau_c": 34.37, "omega": 42.14, "M": 0.93, "D": -0.0, "R": 0.73, "sving": 0.02, "os": 0.81, "foss": 0.0, "juv": 0.0, "B": 0.84, "Q": 131.17, "w": 68.0, "h": 1.47, "S": 0.00223, "elv": "Sanddøla - Sovvene", "km": 7.7}}, {"type": "Feature", "geometry": {"type": "LineString", "coordinates": [[12.89419, 64.46836], [12.89213, 64.46846]]}, "properties": {"P": 51.32, "tau": 32.2, "tau_c": 34.04, "omega": 42.59, "M": 0.95, "D": 0.02, "R": 0.74, "sving": 0.04, "os": 0.63, "foss": 0.0, "juv": 0.0, "B": 0.84, "Q": 131.19, "w": 66.0, "h": 1.5, "S": 0.00218, "elv": "Sanddøla - Sovvene", "km": 7.8}}, {"type": "Feature", "geometry": {"type": "LineString", "coordinates": [[12.89213, 64.46846], [12.89008, 64.4686]]}, "properties": {"P": 48.17, "tau": 29.51, "tau_c": 31.52, "omega": 37.67, "M": 0.94, "D": 0.05, "R": 0.73, "sving": 0.05, "os": 0.48, "foss": 0.0, "juv": 0.0, "B": 0.84, "Q": 131.2, "w": 64.0, "h": 1.61, "S": 0.00187, "elv": "Sanddøla - Sovvene", "km": 7.9}}, {"type": "Feature", "geometry": {"type": "LineString", "coordinates": [[12.89008, 64.4686], [12.888, 64.46857]]}, "properties": {"P": 55.66, "tau": 27.67, "tau_c": 29.66, "omega": 34.43, "M": 0.93, "D": 0.07, "R": 0.73, "sving": 0.06, "os": 0.75, "foss": 0.0, "juv": 0.0, "B": 0.84, "Q": 131.21, "w": 62.0, "h": 1.7, "S": 0.00166, "elv": "Sanddøla - Sovvene", "km": 8.0}}, {"type": "Feature", "geometry": {"type": "LineString", "coordinates": [[12.888, 64.46857], [12.88594, 64.46846]]}, "properties": {"P": 48.33, "tau": 26.57, "tau_c": 31.32, "omega": 31.92, "M": 0.85, "D": 0.05, "R": 0.64, "sving": 0.04, "os": 0.67, "foss": 0.0, "juv": 0.0, "B": 0.84, "Q": 131.35, "w": 74.63, "h": 1.47, "S": 0.00185, "elv": "Sanddøla - Sovvene", "km": 8.1}}, {"type": "Feature", "geometry": {"type": "LineString", "coordinates": [[12.88594, 64.46846], [12.88387, 64.46843]]}, "properties": {"P": 39.11, "tau": 27.13, "tau_c": 32.54, "omega": 32.71, "M": 0.83, "D": 0.02, "R": 0.62, "sving": 0.01, "os": 0.42, "foss": 0.0, "juv": 0.0, "B": 0.84, "Q": 131.36, "w": 78.63, "h": 1.39, "S": 0.002, "elv": "Sanddøla - Sovvene", "km": 8.2}}, {"type": "Feature", "geometry": {"type": "LineString", "coordinates": [[12.88387, 64.46843], [12.88179, 64.46847]]}, "properties": {"P": 34.88, "tau": 27.53, "tau_c": 32.88, "omega": 33.4, "M": 0.84, "D": 0.0, "R": 0.62, "sving": 0.02, "os": 0.26, "foss": 0.0, "juv": 0.0, "B": 0.84, "Q": 131.37, "w": 78.63, "h": 1.38, "S": 0.00204, "elv": "Sanddøla - Sovvene", "km": 8.3}}, {"type": "Feature", "geometry": {"type": "LineString", "coordinates": [[12.88179, 64.46847], [12.87972, 64.46842]]}, "properties": {"P": 33.99, "tau": 27.59, "tau_c": 32.56, "omega": 33.6, "M": 0.85, "D": -0.0, "R": 0.64, "sving": 0.08, "os": 0.16, "foss": 0.0, "juv": 0.0, "B": 0.84, "Q": 131.39, "w": 76.63, "h": 1.41, "S": 0.002, "elv": "Sanddøla - Sovvene", "km": 8.4}}, {"type": "Feature", "geometry": {"type": "LineString", "coordinates": [[12.87972, 64.46842], [12.87764, 64.46837]]}, "properties": {"P": 34.56, "tau": 31.63, "tau_c": 36.33, "omega": 40.78, "M": 0.87, "D": -0.0, "R": 0.66, "sving": 0.1, "os": 0.11, "foss": 0.0, "juv": 0.0, "B": 0.84, "Q": 131.4, "w": 78.63, "h": 1.3, "S": 0.00249, "elv": "Sanddøla - Sovvene", "km": 8.5}}, {"type": "Feature", "geometry": {"type": "LineString", "coordinates": [[12.87764, 64.46837], [12.87562, 64.46816]]}, "properties": {"P": 38.15, "tau": 34.7, "tau_c": 36.38, "omega": 47.29, "M": 0.95, "D": -0.0, "R": 0.75, "sving": 0.02, "os": 0.18, "foss": 0.0, "juv": 0.0, "B": 0.83, "Q": 131.41, "w": 68.0, "h": 1.42, "S": 0.00249, "elv": "Sanddøla - Sovvene", "km": 8.6}}, {"type": "Feature", "geometry": {"type": "LineString", "coordinates": [[12.87562, 64.46816], [12.8736, 64.46796]]}, "properties": {"P": 44.43, "tau": 35.41, "tau_c": 34.33, "omega": 49.44, "M": 1.03, "D": -0.0, "R": 0.82, "sving": 0.02, "os": 0.3, "foss": 0.0, "juv": 0.0, "B": 0.83, "Q": 131.59, "w": 58.0, "h": 1.63, "S": 0.00222, "elv": "Sanddøla - Sovvene", "km": 8.7}}, {"type": "Feature", "geometry": {"type": "LineString", "coordinates": [[12.8736, 64.46796], [12.87152, 64.46796]]}, "properties": {"P": 59.25, "tau": 44.38, "tau_c": 37.02, "omega": 69.48, "M": 1.2, "D": -0.0, "R": 0.93, "sving": 0.21, "os": 0.5, "foss": 0.0, "juv": 0.0, "B": 0.83, "Q": 131.59, "w": 48.0, "h": 1.75, "S": 0.00258, "elv": "Sanddøla - Sovvene", "km": 8.8}}, {"type": "Feature", "geometry": {"type": "LineString", "coordinates": [[12.87152, 64.46796], [12.86946, 64.46785]]}, "properties": {"P": 65.94, "tau": 46.0, "tau_c": 37.56, "omega": 73.39, "M": 1.22, "D": -0.0, "R": 0.94, "sving": 0.14, "os": 0.8, "foss": 0.0, "juv": 0.0, "B": 0.83, "Q": 135.08, "w": 48.0, "h": 1.76, "S": 0.00266, "elv": "Sanddøla - Sovvene", "km": 8.9}}, {"type": "Feature", "geometry": {"type": "LineString", "coordinates": [[12.86946, 64.46785], [12.86752, 64.46814]]}, "properties": {"P": 61.82, "tau": 53.12, "tau_c": 40.85, "omega": 90.62, "M": 1.3, "D": -0.0, "R": 0.97, "sving": 0.01, "os": 0.73, "foss": 0.0, "juv": 0.0, "B": 0.83, "Q": 135.09, "w": 46.0, "h": 1.72, "S": 0.00315, "elv": "Sanddøla - Sovvene", "km": 9.0}}, {"type": "Feature", "geometry": {"type": "LineString", "coordinates": [[12.86752, 64.46814], [12.86549, 64.46827]]}, "properties": {"P": 55.15, "tau": 55.06, "tau_c": 41.92, "omega": 95.44, "M": 1.31, "D": -0.0, "R": 0.98, "sving": 0.03, "os": 0.45, "foss": 0.0, "juv": 0.0, "B": 0.83, "Q": 135.09, "w": 46.0, "h": 1.69, "S": 0.00331, "elv": "Sanddøla - Sovvene", "km": 9.1}}, {"type": "Feature", "geometry": {"type": "LineString", "coordinates": [[12.86549, 64.46827], [12.86341, 64.46823]]}, "properties": {"P": 50.55, "tau": 57.77, "tau_c": 43.4, "omega": 102.33, "M": 1.33, "D": -0.0, "R": 0.98, "sving": 0.02, "os": 0.27, "foss": 0.0, "juv": 0.0, "B": 0.84, "Q": 135.13, "w": 46.0, "h": 1.66, "S": 0.00355, "elv": "Sanddøla - Sovvene", "km": 9.2}}, {"type": "Feature", "geometry": {"type": "LineString", "coordinates": [[12.86341, 64.46823], [12.86134, 64.4682]]}, "properties": {"P": 47.7, "tau": 62.75, "tau_c": 46.99, "omega": 114.95, "M": 1.34, "D": -0.0, "R": 0.98, "sving": 0.01, "os": 0.17, "foss": 0.0, "juv": 0.0, "B": 0.84, "Q": 135.13, "w": 48.0, "h": 1.54, "S": 0.00416, "elv": "Sanddøla - Sovvene", "km": 9.3}}, {"type": "Feature", "geometry": {"type": "LineString", "coordinates": [[12.86134, 64.4682], [12.85935, 64.46845]]}, "properties": {"P": 46.63, "tau": 64.38, "tau_c": 47.87, "omega": 119.29, "M": 1.34, "D": -0.0, "R": 0.98, "sving": 0.03, "os": 0.1, "foss": 0.0, "juv": 0.0, "B": 0.84, "Q": 135.15, "w": 48.0, "h": 1.52, "S": 0.00432, "elv": "Sanddøla - Sovvene", "km": 9.4}}, {"type": "Feature", "geometry": {"type": "LineString", "coordinates": [[12.85935, 64.46845], [12.85731, 64.46861]]}, "properties": {"P": 46.52, "tau": 65.11, "tau_c": 50.06, "omega": 120.46, "M": 1.3, "D": 0.01, "R": 0.97, "sving": 0.08, "os": 0.06, "foss": 0.0, "juv": 0.0, "B": 0.84, "Q": 135.16, "w": 52.0, "h": 1.4, "S": 0.00472, "elv": "Sanddøla - Sovvene", "km": 9.5}}, {"type": "Feature", "geometry": {"type": "LineString", "coordinates": [[12.85731, 64.46861], [12.85526, 64.46865]]}, "properties": {"P": 47.88, "tau": 64.43, "tau_c": 49.68, "omega": 118.63, "M": 1.3, "D": 0.01, "R": 0.97, "sving": 0.18, "os": 0.0, "foss": 0.0, "juv": 0.0, "B": 0.84, "Q": 135.16, "w": 52.0, "h": 1.41, "S": 0.00465, "elv": "Sanddøla - Sovvene", "km": 9.6}}, {"type": "Feature", "geometry": {"type": "LineString", "coordinates": [[12.85526, 64.46865], [12.85324, 64.46844]]}, "properties": {"P": 44.19, "tau": 61.84, "tau_c": 49.89, "omega": 111.09, "M": 1.24, "D": 0.01, "R": 0.95, "sving": 0.07, "os": 0.0, "foss": 0.0, "juv": 0.0, "B": 0.84, "Q": 135.19, "w": 56.0, "h": 1.34, "S": 0.00469, "elv": "Sanddøla - Sovvene", "km": 9.7}}, {"type": "Feature", "geometry": {"type": "LineString", "coordinates": [[12.85324, 64.46844], [12.85121, 64.46825]]}, "properties": {"P": 42.48, "tau": 63.6, "tau_c": 51.72, "omega": 115.29, "M": 1.23, "D": 0.0, "R": 0.95, "sving": 0.03, "os": 0.0, "foss": 0.0, "juv": 0.0, "B": 0.84, "Q": 135.2, "w": 58.0, "h": 1.29, "S": 0.00504, "elv": "Sanddøla - Sovvene", "km": 9.8}}, {"type": "Feature", "geometry": {"type": "LineString", "coordinates": [[12.85121, 64.46825], [12.84914, 64.46824]]}, "properties": {"P": 45.77, "tau": 64.79, "tau_c": 50.74, "omega": 119.21, "M": 1.28, "D": 0.0, "R": 0.96, "sving": 0.11, "os": 0.0, "foss": 0.0, "juv": 0.03, "B": 0.84, "Q": 135.21, "w": 54.0, "h": 1.36, "S": 0.00485, "elv": "Sanddøla - Sovvene", "km": 9.9}}, {"type": "Feature", "geometry": {"type": "LineString", "coordinates": [[12.84914, 64.46824], [12.84709, 64.46822]]}, "properties": {"P": 45.05, "tau": 66.81, "tau_c": 49.12, "omega": 125.87, "M": 1.36, "D": 0.0, "R": 0.99, "sving": 0.04, "os": 0.0, "foss": 0.0, "juv": 0.03, "B": 0.84, "Q": 135.41, "w": 48.0, "h": 1.5, "S": 0.00455, "elv": "Sanddøla - Sovvene", "km": 10.0}}, {"type": "Feature", "geometry": {"type": "LineString", "coordinates": [[12.84709, 64.46822], [12.84503, 64.46826]]}, "properties": {"P": 45.22, "tau": 62.6, "tau_c": 46.87, "omega": 114.58, "M": 1.34, "D": 0.01, "R": 0.98, "sving": 0.04, "os": 0.0, "foss": 0.0, "juv": 0.03, "B": 0.84, "Q": 135.41, "w": 48.0, "h": 1.54, "S": 0.00414, "elv": "Sanddøla - Sovvene", "km": 10.1}}, {"type": "Feature", "geometry": {"type": "LineString", "coordinates": [[12.84503, 64.46826], [12.84297, 64.46816]]}, "properties": {"P": 45.65, "tau": 63.28, "tau_c": 46.11, "omega": 116.89, "M": 1.37, "D": 0.01, "R": 0.99, "sving": 0.04, "os": 0.0, "foss": 0.0, "juv": 0.03, "B": 0.84, "Q": 136.76, "w": 46.0, "h": 1.61, "S": 0.00401, "elv": "Sanddøla - Sovvene", "km": 10.2}}, {"type": "Feature", "geometry": {"type": "LineString", "coordinates": [[12.84297, 64.46816], [12.8409, 64.46806]]}, "properties": {"P": 45.59, "tau": 62.07, "tau_c": 44.54, "omega": 114.0, "M": 1.39, "D": 0.01, "R": 0.99, "sving": 0.03, "os": 0.0, "foss": 0.0, "juv": 0.03, "B": 0.85, "Q": 136.78, "w": 44.0, "h": 1.69, "S": 0.00374, "elv": "Sanddøla - Sovvene", "km": 10.3}}, {"type": "Feature", "geometry": {"type": "LineString", "coordinates": [[12.8409, 64.46806], [12.83884, 64.46795]]}, "properties": {"P": 48.52, "tau": 74.91, "tau_c": 52.07, "omega": 149.16, "M": 1.44, "D": -0.0, "R": 1.0, "sving": 0.16, "os": 0.0, "foss": 0.0, "juv": 0.0, "B": 0.85, "Q": 136.89, "w": 46.0, "h": 1.49, "S": 0.00511, "elv": "Sanddøla - Sovvene", "km": 10.4}}, {"type": "Feature", "geometry": {"type": "LineString", "coordinates": [[12.83884, 64.46795], [12.8368, 64.46807]]}, "properties": {"P": 44.98, "tau": 87.5, "tau_c": 57.06, "omega": 187.28, "M": 1.53, "D": -0.0, "R": 1.0, "sving": 0.01, "os": 0.0, "foss": 0.0, "juv": 0.03, "B": 0.85, "Q": 136.9, "w": 44.0, "h": 1.45, "S": 0.00614, "elv": "Sanddøla - Sovvene", "km": 10.5}}, {"type": "Feature", "geometry": {"type": "LineString", "coordinates": [[12.8368, 64.46807], [12.83512, 64.46762]]}, "properties": {"P": 45.01, "tau": 101.21, "tau_c": 62.02, "omega": 231.92, "M": 1.63, "D": -0.0, "R": 0.99, "sving": 0.02, "os": 0.0, "foss": 0.0, "juv": 0.03, "B": 0.85, "Q": 136.94, "w": 42.0, "h": 1.42, "S": 0.00725, "elv": "Sanddøla - Sovvene", "km": 10.6}}, {"type": "Feature", "geometry": {"type": "LineString", "coordinates": [[12.83512, 64.46762], [12.83306, 64.46751]]}, "properties": {"P": 47.72, "tau": 98.9, "tau_c": 62.32, "omega": 223.51, "M": 1.59, "D": 0.0, "R": 1.0, "sving": 0.1, "os": 0.0, "foss": 0.0, "juv": 0.03, "B": 0.85, "Q": 136.94, "w": 44.0, "h": 1.38, "S": 0.00732, "elv": "Sanddøla - Sovvene", "km": 10.7}}, {"type": "Feature", "geometry": {"type": "LineString", "coordinates": [[12.83306, 64.46751], [12.83102, 64.46736]]}, "properties": {"P": 49.93, "tau": 99.76, "tau_c": 60.0, "omega": 227.92, "M": 1.66, "D": 0.05, "R": 0.99, "sving": 0.12, "os": 0.0, "foss": 0.0, "juv": 0.06, "B": 0.85, "Q": 136.96, "w": 40.0, "h": 1.5, "S": 0.00679, "elv": "Sanddøla - Sovvene", "km": 10.8}}, {"type": "Feature", "geometry": {"type": "LineString", "coordinates": [[12.83102, 64.46736], [12.82897, 64.46722]]}, "properties": {"P": 56.43, "tau": 97.97, "tau_c": 59.22, "omega": 222.02, "M": 1.65, "D": 0.13, "R": 0.99, "sving": 0.18, "os": 0.07, "foss": 0.0, "juv": 0.06, "B": 0.85, "Q": 136.97, "w": 40.0, "h": 1.51, "S": 0.00661, "elv": "Sanddøla - Sovvene", "km": 10.9}}, {"type": "Feature", "geometry": {"type": "LineString", "coordinates": [[12.82897, 64.46722], [12.82697, 64.46702]]}, "properties": {"P": 61.84, "tau": 67.18, "tau_c": 50.0, "omega": 126.62, "M": 1.34, "D": 0.24, "R": 0.98, "sving": 0.22, "os": 0.11, "foss": 0.0, "juv": 0.03, "B": 0.85, "Q": 136.99, "w": 50.0, "h": 1.45, "S": 0.00471, "elv": "Sanddøla - Sovvene", "km": 11.0}}, {"type": "Feature", "geometry": {"type": "LineString", "coordinates": [[12.82697, 64.46702], [12.82527, 64.4665]]}, "properties": {"P": 59.62, "tau": 54.43, "tau_c": 45.97, "omega": 92.29, "M": 1.18, "D": 0.27, "R": 0.93, "sving": 0.12, "os": 0.18, "foss": 0.0, "juv": 0.03, "B": 0.85, "Q": 137.0, "w": 58.0, "h": 1.39, "S": 0.00398, "elv": "Sanddøla - Sovvene", "km": 11.1}}, {"type": "Feature", "geometry": {"type": "LineString", "coordinates": [[12.82527, 64.4665], [12.82375, 64.46589]]}, "properties": {"P": 55.93, "tau": 42.99, "tau_c": 38.78, "omega": 65.68, "M": 1.11, "D": 0.23, "R": 0.88, "sving": 0.0, "os": 0.29, "foss": 0.0, "juv": 0.03, "B": 0.85, "Q": 137.02, "w": 58.0, "h": 1.55, "S": 0.00283, "elv": "Sanddøla - Sovvene", "km": 11.2}}, {"type": "Feature", "geometry": {"type": "LineString", "coordinates": [[12.82375, 64.46589], [12.82192, 64.46548]]}, "properties": {"P": 59.04, "tau": 40.75, "tau_c": 38.46, "omega": 60.46, "M": 1.06, "D": 0.11, "R": 0.85, "sving": 0.17, "os": 0.48, "foss": 0.0, "juv": 0.0, "B": 0.85, "Q": 137.02, "w": 62.0, "h": 1.49, "S": 0.00279, "elv": "Sanddøla - Sovvene", "km": 11.3}}, {"type": "Feature", "geometry": {"type": "LineString", "coordinates": [[12.82192, 64.46548], [12.81991, 64.46527]]}, "properties": {"P": 69.13, "tau": 45.78, "tau_c": 41.2, "omega": 71.7, "M": 1.11, "D": 0.03, "R": 0.88, "sving": 0.27, "os": 0.77, "foss": 0.0, "juv": 0.03, "B": 0.85, "Q": 137.05, "w": 60.0, "h": 1.46, "S": 0.0032, "elv": "Sanddøla - Sovvene", "km": 11.4}}, {"type": "Feature", "geometry": {"type": "LineString", "coordinates": [[12.81991, 64.46527], [12.81787, 64.46511]]}, "properties": {"P": 66.06, "tau": 50.67, "tau_c": 42.18, "omega": 83.8, "M": 1.2, "D": -0.0, "R": 0.93, "sving": 0.17, "os": 0.71, "foss": 0.0, "juv": 0.03, "B": 0.86, "Q": 137.59, "w": 54.0, "h": 1.54, "S": 0.00335, "elv": "Sanddøla - Sovvene", "km": 11.5}}, {"type": "Feature", "geometry": {"type": "LineString", "coordinates": [[12.81787, 64.46511], [12.81579, 64.46509]]}, "properties": {"P": 57.3, "tau": 48.92, "tau_c": 38.94, "omega": 80.38, "M": 1.26, "D": -0.0, "R": 0.96, "sving": 0.07, "os": 0.44, "foss": 0.0, "juv": 0.03, "B": 0.86, "Q": 137.6, "w": 48.0, "h": 1.74, "S": 0.00286, "elv": "Sanddøla - Sovvene", "km": 11.6}}, {"type": "Feature", "geometry": {"type": "LineString", "coordinates": [[12.81579, 64.46509], [12.81371, 64.46506]]}, "properties": {"P": 52.88, "tau": 51.68, "tau_c": 38.9, "omega": 87.51, "M": 1.33, "D": 0.01, "R": 0.98, "sving": 0.02, "os": 0.27, "foss": 0.0, "juv": 0.03, "B": 0.86, "Q": 137.61, "w": 44.0, "h": 1.85, "S": 0.00285, "elv": "Sanddøla - Sovvene", "km": 11.7}}, {"type": "Feature", "geometry": {"type": "LineString", "coordinates": [[12.81371, 64.46506], [12.81164, 64.46502]]}, "properties": {"P": 52.18, "tau": 52.81, "tau_c": 38.65, "omega": 90.5, "M": 1.37, "D": 0.05, "R": 0.99, "sving": 0.03, "os": 0.16, "foss": 0.0, "juv": 0.03, "B": 0.86, "Q": 137.62, "w": 42.0, "h": 1.91, "S": 0.00282, "elv": "Sanddøla - Sovvene", "km": 11.8}}, {"type": "Feature", "geometry": {"type": "LineString", "coordinates": [[12.81164, 64.46502], [12.80957, 64.46492]]}, "properties": {"P": 50.37, "tau": 43.78, "tau_c": 34.49, "omega": 68.8, "M": 1.27, "D": 0.12, "R": 0.96, "sving": 0.0, "os": 0.1, "foss": 0.0, "juv": 0.0, "B": 0.86, "Q": 137.62, "w": 44.0, "h": 1.99, "S": 0.00224, "elv": "Sanddøla - Sovvene", "km": 11.9}}, {"type": "Feature", "geometry": {"type": "LineString", "coordinates": [[12.80957, 64.46492], [12.80751, 64.46481]]}, "properties": {"P": 49.04, "tau": 39.26, "tau_c": 31.17, "omega": 58.86, "M": 1.26, "D": 0.11, "R": 0.96, "sving": 0.01, "os": 0.06, "foss": 0.0, "juv": 0.0, "B": 0.86, "Q": 137.64, "w": 42.0, "h": 2.19, "S": 0.00183, "elv": "Sanddøla - Sovvene", "km": 12.0}}, {"type": "Feature", "geometry": {"type": "LineString", "coordinates": [[12.80751, 64.46481], [12.80543, 64.46479]]}, "properties": {"P": 46.39, "tau": 33.54, "tau_c": 27.14, "omega": 46.88, "M": 1.24, "D": 0.07, "R": 0.95, "sving": 0.03, "os": 0.0, "foss": 0.0, "juv": 0.0, "B": 0.86, "Q": 137.66, "w": 40.0, "h": 2.46, "S": 0.00139, "elv": "Sanddøla - Sovvene", "km": 12.1}}, {"type": "Feature", "geometry": {"type": "LineString", "coordinates": [[12.80543, 64.46479], [12.80337, 64.46471]]}, "properties": {"P": 45.99, "tau": 46.67, "tau_c": 35.33, "omega": 75.66, "M": 1.32, "D": 0.02, "R": 0.98, "sving": 0.03, "os": 0.0, "foss": 0.0, "juv": 0.0, "B": 0.86, "Q": 137.68, "w": 42.0, "h": 2.02, "S": 0.00235, "elv": "Sanddøla - Sovvene", "km": 12.2}}, {"type": "Feature", "geometry": {"type": "LineString", "coordinates": [[12.80337, 64.46471], [12.80133, 64.46453]]}, "properties": {"P": 45.83, "tau": 37.78, "tau_c": 30.3, "omega": 55.66, "M": 1.25, "D": 0.07, "R": 0.95, "sving": 0.0, "os": 0.0, "foss": 0.0, "juv": 0.0, "B": 0.87, "Q": 137.72, "w": 42.0, "h": 2.23, "S": 0.00173, "elv": "Sanddøla - Sovvene", "km": 12.3}}, {"type": "Feature", "geometry": {"type": "LineString", "coordinates": [[12.80133, 64.46453], [12.7993, 64.46435]]}, "properties": {"P": 44.52, "tau": 28.95, "tau_c": 24.96, "omega": 37.79, "M": 1.16, "D": 0.06, "R": 0.91, "sving": 0.03, "os": 0.0, "foss": 0.0, "juv": 0.0, "B": 0.87, "Q": 137.72, "w": 42.0, "h": 2.51, "S": 0.00117, "elv": "Sanddøla - Sovvene", "km": 12.4}}, {"type": "Feature", "geometry": {"type": "LineString", "coordinates": [[12.7993, 64.46435], [12.79722, 64.46432]]}, "properties": {"P": 47.79, "tau": 35.8, "tau_c": 28.45, "omega": 51.54, "M": 1.26, "D": 0.05, "R": 0.96, "sving": 0.07, "os": 0.0, "foss": 0.0, "juv": 0.03, "B": 0.87, "Q": 137.75, "w": 40.0, "h": 2.39, "S": 0.00153, "elv": "Sanddøla - Sovvene", "km": 12.5}}, {"type": "Feature", "geometry": {"type": "LineString", "coordinates": [[12.79722, 64.46432], [12.79514, 64.46431]]}, "properties": {"P": 47.46, "tau": 40.61, "tau_c": 31.19, "omega": 61.94, "M": 1.3, "D": 0.01, "R": 0.97, "sving": 0.08, "os": 0.0, "foss": 0.0, "juv": 0.03, "B": 0.87, "Q": 137.77, "w": 40.0, "h": 2.26, "S": 0.00183, "elv": "Sanddøla - Sovvene", "km": 12.6}}, {"type": "Feature", "geometry": {"type": "LineString", "coordinates": [[12.79514, 64.46431], [12.79306, 64.4643]]}, "properties": {"P": 47.8, "tau": 43.6, "tau_c": 32.03, "omega": 68.77, "M": 1.36, "D": 0.05, "R": 0.99, "sving": 0.01, "os": 0.0, "foss": 0.0, "juv": 0.03, "B": 0.87, "Q": 137.77, "w": 38.0, "h": 2.3, "S": 0.00193, "elv": "Sanddøla - Sovvene", "km": 12.7}}, {"type": "Feature", "geometry": {"type": "LineString", "coordinates": [[12.79306, 64.4643], [12.79099, 64.46431]]}, "properties": {"P": 50.75, "tau": 32.3, "tau_c": 25.73, "omega": 44.4, "M": 1.26, "D": 0.09, "R": 0.96, "sving": 0.12, "os": 0.0, "foss": 0.0, "juv": 0.03, "B": 0.87, "Q": 137.78, "w": 38.0, "h": 2.64, "S": 0.00125, "elv": "Sanddøla - Sovvene", "km": 12.8}}, {"type": "Feature", "geometry": {"type": "LineString", "coordinates": [[12.79099, 64.46431], [12.78891, 64.46431]]}, "properties": {"P": 52.16, "tau": 30.29, "tau_c": 25.17, "omega": 40.41, "M": 1.2, "D": 0.07, "R": 0.93, "sving": 0.23, "os": 0.0, "foss": 0.0, "juv": 0.03, "B": 0.87, "Q": 138.01, "w": 40.0, "h": 2.59, "S": 0.00119, "elv": "Sanddøla - Sovvene", "km": 12.9}}, {"type": "Feature", "geometry": {"type": "LineString", "coordinates": [[12.78891, 64.46431], [12.78696, 64.46401]]}, "properties": {"P": 59.77, "tau": 37.36, "tau_c": 32.0, "omega": 54.44, "M": 1.17, "D": 0.03, "R": 0.92, "sving": 0.29, "os": 0.0, "foss": 0.32, "juv": 0.0, "B": 0.87, "Q": 138.02, "w": 48.0, "h": 1.97, "S": 0.00193, "elv": "Sanddøla - Sovvene", "km": 13.0}}, {"type": "Feature", "geometry": {"type": "LineString", "coordinates": [[12.78696, 64.46401], [12.78529, 64.4635]]}, "properties": {"P": 53.41, "tau": 38.36, "tau_c": 33.24, "omega": 56.41, "M": 1.15, "D": -0.0, "R": 0.91, "sving": 0.07, "os": 0.0, "foss": 0.35, "juv": 0.0, "B": 0.88, "Q": 138.03, "w": 50.0, "h": 1.88, "S": 0.00208, "elv": "Sanddøla - Sovvene", "km": 13.1}}, {"type": "Feature", "geometry": {"type": "LineString", "coordinates": [[12.78529, 64.4635], [12.78381, 64.46288]]}, "properties": {"P": 54.42, "tau": 36.95, "tau_c": 32.95, "omega": 53.3, "M": 1.12, "D": -0.0, "R": 0.89, "sving": 0.16, "os": 0.0, "foss": 0.33, "juv": 0.0, "B": 0.88, "Q": 138.04, "w": 52.0, "h": 1.84, "S": 0.00205, "elv": "Sanddøla - Sovvene", "km": 13.2}}, {"type": "Feature", "geometry": {"type": "LineString", "coordinates": [[12.78381, 64.46288], [12.7818, 64.46271]]}, "properties": {"P": 56.51, "tau": 41.0, "tau_c": 36.14, "omega": 61.77, "M": 1.13, "D": -0.0, "R": 0.9, "sving": 0.22, "os": 0.07, "foss": 0.27, "juv": 0.0, "B": 0.88, "Q": 138.12, "w": 54.0, "h": 1.7, "S": 0.00246, "elv": "Sanddøla - Sovvene", "km": 13.3}}, {"type": "Feature", "geometry": {"type": "LineString", "coordinates": [[12.7818, 64.46271], [12.77973, 64.4628]]}, "properties": {"P": 51.56, "tau": 40.93, "tau_c": 36.7, "omega": 61.45, "M": 1.12, "D": 0.01, "R": 0.89, "sving": 0.27, "os": 0.1, "foss": 0.0, "juv": 0.0, "B": 0.88, "Q": 138.13, "w": 56.0, "h": 1.64, "S": 0.00254, "elv": "Sanddøla - Sovvene", "km": 13.4}}, {"type": "Feature", "geometry": {"type": "LineString", "coordinates": [[12.77973, 64.4628], [12.77766, 64.46276]]}, "properties": {"P": 49.25, "tau": 39.17, "tau_c": 35.56, "omega": 57.67, "M": 1.1, "D": 0.01, "R": 0.88, "sving": 0.14, "os": 0.17, "foss": 0.0, "juv": 0.0, "B": 0.88, "Q": 138.14, "w": 56.0, "h": 1.68, "S": 0.00238, "elv": "Sanddøla - Sovvene", "km": 13.5}}, {"type": "Feature", "geometry": {"type": "LineString", "coordinates": [[12.77766, 64.46276], [12.77558, 64.46273]]}, "properties": {"P": 48.33, "tau": 38.89, "tau_c": 37.06, "omega": 56.57, "M": 1.05, "D": 0.01, "R": 0.84, "sving": 0.05, "os": 0.28, "foss": 0.0, "juv": 0.0, "B": 0.88, "Q": 138.15, "w": 62.0, "h": 1.53, "S": 0.00259, "elv": "Sanddøla - Sovvene", "km": 13.6}}, {"type": "Feature", "geometry": {"type": "LineString", "coordinates": [[12.77558, 64.46273], [12.77353, 64.46288]]}, "properties": {"P": 57.41, "tau": 42.22, "tau_c": 38.73, "omega": 63.86, "M": 1.09, "D": 0.01, "R": 0.87, "sving": 0.16, "os": 0.46, "foss": 0.0, "juv": 0.0, "B": 0.88, "Q": 138.15, "w": 60.0, "h": 1.52, "S": 0.00283, "elv": "Sanddøla - Sovvene", "km": 13.7}}, {"type": "Feature", "geometry": {"type": "LineString", "coordinates": [[12.77353, 64.46288], [12.77147, 64.46284]]}, "properties": {"P": 64.7, "tau": 42.62, "tau_c": 40.81, "omega": 64.18, "M": 1.04, "D": 0.01, "R": 0.83, "sving": 0.17, "os": 0.75, "foss": 0.0, "juv": 0.0, "B": 0.89, "Q": 141.73, "w": 68.0, "h": 1.38, "S": 0.00314, "elv": "Sanddøla - Sovvene", "km": 13.8}}, {"type": "Feature", "geometry": {"type": "LineString", "coordinates": [[12.77147, 64.46284], [12.76961, 64.46244]]}, "properties": {"P": 63.65, "tau": 37.63, "tau_c": 38.76, "omega": 53.19, "M": 0.97, "D": 0.01, "R": 0.77, "sving": 0.24, "os": 0.74, "foss": 0.0, "juv": 0.0, "B": 0.89, "Q": 141.74, "w": 74.0, "h": 1.36, "S": 0.00283, "elv": "Sanddøla - Sovvene", "km": 13.9}}, {"type": "Feature", "geometry": {"type": "LineString", "coordinates": [[12.76961, 64.46244], [12.76779, 64.46201]]}, "properties": {"P": 54.92, "tau": 41.99, "tau_c": 40.9, "omega": 62.62, "M": 1.03, "D": 0.0, "R": 0.82, "sving": 0.14, "os": 0.45, "foss": 0.0, "juv": 0.0, "B": 0.89, "Q": 141.75, "w": 70.0, "h": 1.36, "S": 0.00315, "elv": "Sanddøla - Sovvene", "km": 14.0}}, {"type": "Feature", "geometry": {"type": "LineString", "coordinates": [[12.76779, 64.46201], [12.76595, 64.4616]]}, "properties": {"P": 63.45, "tau": 46.1, "tau_c": 43.17, "omega": 71.83, "M": 1.07, "D": -0.0, "R": 0.85, "sving": 0.16, "os": 0.69, "foss": 0.0, "juv": 0.0, "B": 0.89, "Q": 141.75, "w": 68.0, "h": 1.34, "S": 0.00351, "elv": "Sanddøla - Sovvene", "km": 14.1}}, {"type": "Feature", "geometry": {"type": "LineString", "coordinates": [[12.76595, 64.4616], [12.76406, 64.46122]]}, "properties": {"P": 72.08, "tau": 45.46, "tau_c": 42.03, "omega": 70.7, "M": 1.08, "D": -0.0, "R": 0.86, "sving": 0.29, "os": 0.82, "foss": 0.0, "juv": 0.03, "B": 0.89, "Q": 142.86, "w": 66.0, "h": 1.39, "S": 0.00333, "elv": "Sanddøla - Sovvene", "km": 14.2}}, {"type": "Feature", "geometry": {"type": "LineString", "coordinates": [[12.76406, 64.46122], [12.76202, 64.46119]]}, "properties": {"P": 69.48, "tau": 52.82, "tau_c": 43.46, "omega": 89.09, "M": 1.22, "D": -0.0, "R": 0.94, "sving": 0.37, "os": 0.51, "foss": 0.0, "juv": 0.03, "B": 0.89, "Q": 142.87, "w": 56.0, "h": 1.51, "S": 0.00356, "elv": "Sanddøla - Sovvene", "km": 14.3}}, {"type": "Feature", "geometry": {"type": "LineString", "coordinates": [[12.76202, 64.46119], [12.76004, 64.46143]]}, "properties": {"P": 61.61, "tau": 59.04, "tau_c": 43.87, "omega": 105.92, "M": 1.35, "D": -0.0, "R": 0.98, "sving": 0.21, "os": 0.32, "foss": 0.0, "juv": 0.03, "B": 0.89, "Q": 142.88, "w": 48.0, "h": 1.66, "S": 0.00363, "elv": "Sanddøla - Sovvene", "km": 14.4}}, {"type": "Feature", "geometry": {"type": "LineString", "coordinates": [[12.76004, 64.46143], [12.75824, 64.46187]]}, "properties": {"P": 55.29, "tau": 68.63, "tau_c": 47.95, "omega": 132.06, "M": 1.43, "D": -0.0, "R": 1.0, "sving": 0.08, "os": 0.2, "foss": 0.0, "juv": 0.03, "B": 0.9, "Q": 142.89, "w": 46.0, "h": 1.61, "S": 0.00433, "elv": "Sanddøla - Sovvene", "km": 14.5}}, {"type": "Feature", "geometry": {"type": "LineString", "coordinates": [[12.75824, 64.46187], [12.75621, 64.462]]}, "properties": {"P": 56.66, "tau": 72.61, "tau_c": 46.76, "omega": 144.51, "M": 1.55, "D": 0.01, "R": 1.0, "sving": 0.18, "os": 0.13, "foss": 0.0, "juv": 0.03, "B": 0.9, "Q": 142.97, "w": 40.0, "h": 1.8, "S": 0.00412, "elv": "Sanddøla - Sovvene", "km": 14.6}}, {"type": "Feature", "geometry": {"type": "LineString", "coordinates": [[12.75621, 64.462], [12.75421, 64.46177]]}, "properties": {"P": 55.68, "tau": 69.19, "tau_c": 48.21, "omega": 133.64, "M": 1.44, "D": 0.03, "R": 1.0, "sving": 0.18, "os": 0.08, "foss": 0.0, "juv": 0.0, "B": 0.9, "Q": 143.05, "w": 46.0, "h": 1.61, "S": 0.00438, "elv": "Sanddøla - Sovvene", "km": 14.7}}, {"type": "Feature", "geometry": {"type": "LineString", "coordinates": [[12.75421, 64.46177], [12.7522, 64.46159]]}, "properties": {"P": 50.83, "tau": 64.42, "tau_c": 46.7, "omega": 120.16, "M": 1.38, "D": 0.06, "R": 0.99, "sving": 0.07, "os": 0.0, "foss": 0.0, "juv": 0.0, "B": 0.9, "Q": 143.05, "w": 48.0, "h": 1.6, "S": 0.00411, "elv": "Sanddøla - Sovvene", "km": 14.8}}, {"type": "Feature", "geometry": {"type": "LineString", "coordinates": [[12.7522, 64.46159], [12.75012, 64.46162]]}, "properties": {"P": 51.16, "tau": 62.14, "tau_c": 44.6, "omega": 114.4, "M": 1.39, "D": 0.07, "R": 0.99, "sving": 0.05, "os": 0.0, "foss": 0.0, "juv": 0.0, "B": 0.9, "Q": 143.06, "w": 46.0, "h": 1.69, "S": 0.00375, "elv": "Sanddøla - Sovvene", "km": 14.9}}, {"type": "Feature", "geometry": {"type": "LineString", "coordinates": [[12.75012, 64.46162], [12.74805, 64.46158]]}, "properties": {"P": 52.93, "tau": 60.36, "tau_c": 42.77, "omega": 110.0, "M": 1.41, "D": 0.07, "R": 0.99, "sving": 0.09, "os": 0.0, "foss": 0.0, "juv": 0.03, "B": 0.9, "Q": 143.1, "w": 44.0, "h": 1.78, "S": 0.00345, "elv": "Sanddøla - Sovvene", "km": 15.0}}, {"type": "Feature", "geometry": {"type": "LineString", "coordinates": [[12.74805, 64.46158], [12.74598, 64.46149]]}, "properties": {"P": 51.6, "tau": 54.38, "tau_c": 39.66, "omega": 94.58, "M": 1.37, "D": 0.08, "R": 0.99, "sving": 0.03, "os": 0.0, "foss": 0.0, "juv": 0.03, "B": 0.91, "Q": 143.11, "w": 44.0, "h": 1.87, "S": 0.00296, "elv": "Sanddøla - Sovvene", "km": 15.1}}, {"type": "Feature", "geometry": {"type": "LineString", "coordinates": [[12.74598, 64.46149], [12.74392, 64.46151]]}, "properties": {"P": 51.23, "tau": 52.86, "tau_c": 38.85, "omega": 90.78, "M": 1.36, "D": 0.09, "R": 0.99, "sving": 0.0, "os": 0.0, "foss": 0.0, "juv": 0.03, "B": 0.91, "Q": 143.11, "w": 44.0, "h": 1.89, "S": 0.00285, "elv": "Sanddøla - Sovvene", "km": 15.2}}, {"type": "Feature", "geometry": {"type": "LineString", "coordinates": [[12.74392, 64.46151], [12.74184, 64.46146]]}, "properties": {"P": 51.99, "tau": 48.49, "tau_c": 37.27, "omega": 79.9, "M": 1.3, "D": 0.12, "R": 0.97, "sving": 0.01, "os": 0.0, "foss": 0.0, "juv": 0.03, "B": 0.91, "Q": 143.12, "w": 46.0, "h": 1.89, "S": 0.00262, "elv": "Sanddøla - Sovvene", "km": 15.3}}, {"type": "Feature", "geometry": {"type": "LineString", "coordinates": [[12.74184, 64.46146], [12.73976, 64.46141]]}, "properties": {"P": 54.44, "tau": 42.65, "tau_c": 34.65, "omega": 66.2, "M": 1.23, "D": 0.14, "R": 0.95, "sving": 0.11, "os": 0.0, "foss": 0.0, "juv": 0.03, "B": 0.91, "Q": 143.15, "w": 48.0, "h": 1.92, "S": 0.00226, "elv": "Sanddøla - Sovvene", "km": 15.4}}, {"type": "Feature", "geometry": {"type": "LineString", "coordinates": [[12.73976, 64.46141], [12.73771, 64.46129]]}, "properties": {"P": 50.54, "tau": 36.33, "tau_c": 32.6, "omega": 52.09, "M": 1.11, "D": 0.15, "R": 0.88, "sving": 0.09, "os": 0.0, "foss": 0.0, "juv": 0.0, "B": 0.91, "Q": 143.17, "w": 54.0, "h": 1.85, "S": 0.002, "elv": "Sanddøla - Sovvene", "km": 15.5}}, {"type": "Feature", "geometry": {"type": "LineString", "coordinates": [[12.73771, 64.46129], [12.73571, 64.46105]]}, "properties": {"P": 46.98, "tau": 34.25, "tau_c": 32.79, "omega": 47.45, "M": 1.04, "D": 0.11, "R": 0.83, "sving": 0.11, "os": 0.0, "foss": 0.0, "juv": 0.0, "B": 0.91, "Q": 143.19, "w": 60.0, "h": 1.72, "S": 0.00203, "elv": "Sanddøla - Sovvene", "km": 15.6}}, {"type": "Feature", "geometry": {"type": "LineString", "coordinates": [[12.73571, 64.46105], [12.73371, 64.4608]]}, "properties": {"P": 45.55, "tau": 33.14, "tau_c": 32.5, "omega": 45.11, "M": 1.02, "D": 0.06, "R": 0.81, "sving": 0.16, "os": 0.0, "foss": 0.0, "juv": 0.0, "B": 0.91, "Q": 143.19, "w": 62.0, "h": 1.7, "S": 0.00199, "elv": "Sanddøla - Sovvene", "km": 15.7}}, {"type": "Feature", "geometry": {"type": "LineString", "coordinates": [[12.73371, 64.4608], [12.73176, 64.46051]]}, "properties": {"P": 43.4, "tau": 34.64, "tau_c": 33.56, "omega": 48.09, "M": 1.03, "D": 0.01, "R": 0.82, "sving": 0.04, "os": 0.08, "foss": 0.0, "juv": 0.0, "B": 0.92, "Q": 143.2, "w": 62.0, "h": 1.66, "S": 0.00212, "elv": "Sanddøla - Sovvene", "km": 15.8}}, {"type": "Feature", "geometry": {"type": "LineString", "coordinates": [[12.73176, 64.46051], [12.73, 64.46003]]}, "properties": {"P": 46.16, "tau": 33.34, "tau_c": 32.64, "omega": 45.5, "M": 1.02, "D": 0.0, "R": 0.81, "sving": 0.11, "os": 0.13, "foss": 0.0, "juv": 0.0, "B": 0.92, "Q": 143.21, "w": 62.0, "h": 1.69, "S": 0.00201, "elv": "Sanddøla - Sovvene", "km": 15.9}}, {"type": "Feature", "geometry": {"type": "LineString", "coordinates": [[12.73, 64.46003], [12.72807, 64.45972]]}, "properties": {"P": 53.69, "tau": 41.42, "tau_c": 36.43, "omega": 62.77, "M": 1.14, "D": -0.0, "R": 0.9, "sving": 0.13, "os": 0.22, "foss": 0.0, "juv": 0.03, "B": 0.92, "Q": 143.23, "w": 56.0, "h": 1.69, "S": 0.0025, "elv": "Sanddøla - Sovvene", "km": 16.0}}, {"type": "Feature", "geometry": {"type": "LineString", "coordinates": [[12.72807, 64.45972], [12.72599, 64.45972]]}, "properties": {"P": 61.63, "tau": 46.49, "tau_c": 37.57, "omega": 74.78, "M": 1.24, "D": -0.0, "R": 0.95, "sving": 0.18, "os": 0.35, "foss": 0.0, "juv": 0.03, "B": 0.92, "Q": 143.24, "w": 50.0, "h": 1.78, "S": 0.00266, "elv": "Sanddøla - Sovvene", "km": 16.1}}, {"type": "Feature", "geometry": {"type": "LineString", "coordinates": [[12.72599, 64.45972], [12.72393, 64.45972]]}, "properties": {"P": 68.57, "tau": 53.19, "tau_c": 39.01, "omega": 91.62, "M": 1.36, "D": -0.0, "R": 0.99, "sving": 0.13, "os": 0.58, "foss": 0.0, "juv": 0.03, "B": 0.92, "Q": 143.25, "w": 44.0, "h": 1.89, "S": 0.00287, "elv": "Sanddøla - Sovvene", "km": 16.2}}, {"type": "Feature", "geometry": {"type": "LineString", "coordinates": [[12.72393, 64.45972], [12.72186, 64.45966]]}, "properties": {"P": 75.29, "tau": 63.87, "tau_c": 41.49, "omega": 120.28, "M": 1.54, "D": -0.0, "R": 1.0, "sving": 0.02, "os": 0.88, "foss": 0.0, "juv": 0.07, "B": 0.92, "Q": 143.6, "w": 38.0, "h": 2.01, "S": 0.00324, "elv": "Sanddøla - Sovvene", "km": 16.3}}, {"type": "Feature", "geometry": {"type": "LineString", "coordinates": [[12.72186, 64.45966], [12.71978, 64.45966]]}, "properties": {"P": 69.55, "tau": 65.27, "tau_c": 41.06, "omega": 124.34, "M": 1.59, "D": 0.03, "R": 1.0, "sving": 0.03, "os": 0.63, "foss": 0.0, "juv": 0.07, "B": 0.92, "Q": 143.62, "w": 36.0, "h": 2.09, "S": 0.00318, "elv": "Sanddøla - Sovvene", "km": 16.4}}, {"type": "Feature", "geometry": {"type": "LineString", "coordinates": [[12.71978, 64.45966], [12.71771, 64.45969]]}, "properties": {"P": 66.55, "tau": 58.51, "tau_c": 39.9, "omega": 105.7, "M": 1.47, "D": 0.09, "R": 1.0, "sving": 0.1, "os": 0.38, "foss": 0.0, "juv": 0.03, "B": 0.92, "Q": 143.63, "w": 40.0, "h": 1.99, "S": 0.003, "elv": "Sanddøla - Sovvene", "km": 16.5}}, {"type": "Feature", "geometry": {"type": "LineString", "coordinates": [[12.71771, 64.45969], [12.71563, 64.45976]]}, "properties": {"P": 60.81, "tau": 51.13, "tau_c": 38.66, "omega": 86.31, "M": 1.32, "D": 0.16, "R": 0.98, "sving": 0.0, "os": 0.23, "foss": 0.0, "juv": 0.03, "B": 0.92, "Q": 143.64, "w": 46.0, "h": 1.85, "S": 0.00282, "elv": "Sanddøla - Sovvene", "km": 16.6}}, {"type": "Feature", "geometry": {"type": "LineString", "coordinates": [[12.71563, 64.45976], [12.71361, 64.45995]]}, "properties": {"P": 61.01, "tau": 43.54, "tau_c": 36.45, "omega": 67.85, "M": 1.19, "D": 0.21, "R": 0.93, "sving": 0.11, "os": 0.14, "foss": 0.0, "juv": 0.03, "B": 0.92, "Q": 143.65, "w": 52.0, "h": 1.77, "S": 0.0025, "elv": "Sanddøla - Sovvene", "km": 16.7}}, {"type": "Feature", "geometry": {"type": "LineString", "coordinates": [[12.71361, 64.45995], [12.71153, 64.45994]]}, "properties": {"P": 58.93, "tau": 37.55, "tau_c": 34.4, "omega": 54.36, "M": 1.09, "D": 0.22, "R": 0.87, "sving": 0.19, "os": 0.09, "foss": 0.0, "juv": 0.0, "B": 0.93, "Q": 144.11, "w": 58.0, "h": 1.72, "S": 0.00223, "elv": "Sanddøla - Sovvene", "km": 16.8}}, {"type": "Feature", "geometry": {"type": "LineString", "coordinates": [[12.71153, 64.45994], [12.70953, 64.45972]]}, "properties": {"P": 55.37, "tau": 28.32, "tau_c": 28.94, "omega": 36.0, "M": 0.98, "D": 0.22, "R": 0.78, "sving": 0.26, "os": 0.05, "foss": 0.0, "juv": 0.0, "B": 0.93, "Q": 144.12, "w": 62.0, "h": 1.83, "S": 0.00158, "elv": "Sanddøla - Sovvene", "km": 16.9}}, {"type": "Feature", "geometry": {"type": "LineString", "coordinates": [[12.70953, 64.45972], [12.70765, 64.45933]]}, "properties": {"P": 48.56, "tau": 26.21, "tau_c": 27.77, "omega": 32.1, "M": 0.94, "D": 0.14, "R": 0.74, "sving": 0.18, "os": 0.06, "foss": 0.0, "juv": 0.0, "B": 0.93, "Q": 144.13, "w": 64.0, "h": 1.84, "S": 0.00145, "elv": "Sanddøla - Sovvene", "km": 17.0}}, {"type": "Feature", "geometry": {"type": "LineString", "coordinates": [[12.70765, 64.45933], [12.70582, 64.45891]]}, "properties": {"P": 42.84, "tau": 25.44, "tau_c": 26.78, "omega": 30.84, "M": 0.95, "D": 0.06, "R": 0.75, "sving": 0.04, "os": 0.1, "foss": 0.0, "juv": 0.0, "B": 0.93, "Q": 144.14, "w": 62.0, "h": 1.92, "S": 0.00135, "elv": "Sanddøla - Sovvene", "km": 17.1}}, {"type": "Feature", "geometry": {"type": "LineString", "coordinates": [[12.70582, 64.45891], [12.70399, 64.45849]]}, "properties": {"P": 50.01, "tau": 30.98, "tau_c": 29.94, "omega": 41.18, "M": 1.03, "D": 0.0, "R": 0.83, "sving": 0.18, "os": 0.16, "foss": 0.0, "juv": 0.0, "B": 0.93, "Q": 144.14, "w": 58.0, "h": 1.87, "S": 0.00169, "elv": "Sanddøla - Sovvene", "km": 17.2}}, {"type": "Feature", "geometry": {"type": "LineString", "coordinates": [[12.70399, 64.45849], [12.70207, 64.45818]]}, "properties": {"P": 53.48, "tau": 36.59, "tau_c": 33.76, "omega": 52.37, "M": 1.08, "D": 0.0, "R": 0.86, "sving": 0.14, "os": 0.26, "foss": 0.0, "juv": 0.0, "B": 0.93, "Q": 144.16, "w": 58.0, "h": 1.74, "S": 0.00215, "elv": "Sanddøla - Sovvene", "km": 17.3}}, {"type": "Feature", "geometry": {"type": "LineString", "coordinates": [[12.70207, 64.45818], [12.70083, 64.45748]]}, "properties": {"P": 55.45, "tau": 32.95, "tau_c": 31.25, "omega": 45.04, "M": 1.05, "D": 0.0, "R": 0.84, "sving": 0.11, "os": 0.4, "foss": 0.0, "juv": 0.0, "B": 0.93, "Q": 144.68, "w": 58.0, "h": 1.82, "S": 0.00184, "elv": "Sanddøla - Sovvene", "km": 17.4}}, {"type": "Feature", "geometry": {"type": "LineString", "coordinates": [[12.70083, 64.45748], [12.69949, 64.45682]]}, "properties": {"P": 65.33, "tau": 39.94, "tau_c": 35.32, "omega": 59.62, "M": 1.13, "D": 0.0, "R": 0.89, "sving": 0.12, "os": 0.64, "foss": 0.0, "juv": 0.0, "B": 0.92, "Q": 144.7, "w": 56.0, "h": 1.73, "S": 0.00235, "elv": "Sanddøla - Sovvene", "km": 17.5}}, {"type": "Feature", "geometry": {"type": "LineString", "coordinates": [[12.69949, 64.45682], [12.69747, 64.45664]]}, "properties": {"P": 78.39, "tau": 51.61, "tau_c": 41.08, "omega": 86.83, "M": 1.26, "D": 0.0, "R": 0.96, "sving": 0.3, "os": 0.82, "foss": 0.0, "juv": 0.0, "B": 0.92, "Q": 144.72, "w": 52.0, "h": 1.65, "S": 0.00318, "elv": "Sanddøla - Sovvene", "km": 17.6}}, {"type": "Feature", "geometry": {"type": "LineString", "coordinates": [[12.69747, 64.45664], [12.6954, 64.45661]]}, "properties": {"P": 68.68, "tau": 61.48, "tau_c": 46.61, "omega": 111.78, "M": 1.32, "D": 0.0, "R": 0.98, "sving": 0.24, "os": 0.51, "foss": 0.0, "juv": 0.0, "B": 0.92, "Q": 144.72, "w": 52.0, "h": 1.53, "S": 0.00409, "elv": "Sanddøla - Sovvene", "km": 17.7}}, {"type": "Feature", "geometry": {"type": "LineString", "coordinates": [[12.6954, 64.45661], [12.69335, 64.4565]]}, "properties": {"P": 58.39, "tau": 61.35, "tau_c": 44.84, "omega": 112.12, "M": 1.37, "D": 0.0, "R": 0.99, "sving": 0.06, "os": 0.31, "foss": 0.0, "juv": 0.0, "B": 0.92, "Q": 144.74, "w": 48.0, "h": 1.65, "S": 0.00379, "elv": "Sanddøla - Sovvene", "km": 17.8}}, {"type": "Feature", "geometry": {"type": "LineString", "coordinates": [[12.69335, 64.4565], [12.69132, 64.4563]]}, "properties": {"P": 58.36, "tau": 62.52, "tau_c": 45.46, "omega": 115.21, "M": 1.38, "D": 0.02, "R": 0.99, "sving": 0.15, "os": 0.19, "foss": 0.0, "juv": 0.0, "B": 0.92, "Q": 144.75, "w": 48.0, "h": 1.64, "S": 0.00389, "elv": "Sanddøla - Sovvene", "km": 17.9}}, {"type": "Feature", "geometry": {"type": "LineString", "coordinates": [[12.69132, 64.4563], [12.68926, 64.45628]]}, "properties": {"P": 58.87, "tau": 65.23, "tau_c": 48.63, "omega": 121.74, "M": 1.34, "D": 0.08, "R": 0.98, "sving": 0.18, "os": 0.11, "foss": 0.0, "juv": 0.0, "B": 0.92, "Q": 144.75, "w": 52.0, "h": 1.49, "S": 0.00446, "elv": "Sanddøla - Sovvene", "km": 18.0}}, {"type": "Feature", "geometry": {"type": "LineString", "coordinates": [[12.68926, 64.45628], [12.68734, 64.4566]]}, "properties": {"P": 56.71, "tau": 52.82, "tau_c": 46.43, "omega": 87.9, "M": 1.14, "D": 0.17, "R": 0.9, "sving": 0.16, "os": 0.07, "foss": 0.0, "juv": 0.0, "B": 0.92, "Q": 144.78, "w": 65.66, "h": 1.32, "S": 0.00406, "elv": "Sanddøla - Sovvene", "km": 18.1}}, {"type": "Feature", "geometry": {"type": "LineString", "coordinates": [[12.68734, 64.4566], [12.68539, 64.45691]]}, "properties": {"P": 49.82, "tau": 41.13, "tau_c": 41.74, "omega": 60.32, "M": 0.99, "D": 0.23, "R": 0.78, "sving": 0.01, "os": 0.1, "foss": 0.0, "juv": 0.0, "B": 0.92, "Q": 144.78, "w": 77.32, "h": 1.28, "S": 0.00328, "elv": "Sanddøla - Sovvene", "km": 18.2}}, {"type": "Feature", "geometry": {"type": "LineString", "coordinates": [[12.68539, 64.45691], [12.68336, 64.45708]]}, "properties": {"P": 52.22, "tau": 33.89, "tau_c": 37.95, "omega": 45.19, "M": 0.89, "D": 0.24, "R": 0.69, "sving": 0.22, "os": 0.11, "foss": 0.0, "juv": 0.0, "B": 0.92, "Q": 144.8, "w": 85.32, "h": 1.27, "S": 0.00271, "elv": "Sanddøla - Sovvene", "km": 18.3}}, {"type": "Feature", "geometry": {"type": "LineString", "coordinates": [[12.68336, 64.45708], [12.6813, 64.45709]]}, "properties": {"P": 50.53, "tau": 31.16, "tau_c": 36.09, "omega": 39.95, "M": 0.86, "D": 0.19, "R": 0.65, "sving": 0.25, "os": 0.15, "foss": 0.0, "juv": 0.0, "B": 0.92, "Q": 144.81, "w": 87.32, "h": 1.29, "S": 0.00246, "elv": "Sanddøla - Sovvene", "km": 18.4}}, {"type": "Feature", "geometry": {"type": "LineString", "coordinates": [[12.6813, 64.45709], [12.67927, 64.45689]]}, "properties": {"P": 46.65, "tau": 26.88, "tau_c": 33.11, "omega": 32.15, "M": 0.81, "D": 0.14, "R": 0.59, "sving": 0.2, "os": 0.24, "foss": 0.0, "juv": 0.0, "B": 0.92, "Q": 144.82, "w": 91.32, "h": 1.33, "S": 0.00207, "elv": "Sanddøla - Sovvene", "km": 18.5}}, {"type": "Feature", "geometry": {"type": "LineString", "coordinates": [[12.67927, 64.45689], [12.6773, 64.45661]]}, "properties": {"P": 44.5, "tau": 24.79, "tau_c": 30.68, "omega": 28.76, "M": 0.81, "D": 0.08, "R": 0.59, "sving": 0.08, "os": 0.38, "foss": 0.0, "juv": 0.0, "B": 0.92, "Q": 144.84, "w": 87.66, "h": 1.42, "S": 0.00177, "elv": "Sanddøla - Sovvene", "km": 18.6}}, {"type": "Feature", "geometry": {"type": "LineString", "coordinates": [[12.6773, 64.45661], [12.67535, 64.45631]]}, "properties": {"P": 50.12, "tau": 25.87, "tau_c": 30.37, "omega": 30.88, "M": 0.85, "D": 0.03, "R": 0.64, "sving": 0.02, "os": 0.61, "foss": 0.0, "juv": 0.0, "B": 0.92, "Q": 144.84, "w": 80.0, "h": 1.52, "S": 0.00174, "elv": "Sanddøla - Sovvene", "km": 18.7}}, {"type": "Feature", "geometry": {"type": "LineString", "coordinates": [[12.67535, 64.45631], [12.67331, 64.45613]]}, "properties": {"P": 59.66, "tau": 28.27, "tau_c": 31.22, "omega": 35.35, "M": 0.91, "D": 0.0, "R": 0.7, "sving": 0.11, "os": 0.79, "foss": 0.0, "juv": 0.0, "B": 0.92, "Q": 145.12, "w": 74.0, "h": 1.57, "S": 0.00184, "elv": "Sanddøla - Sovvene", "km": 18.8}}, {"type": "Feature", "geometry": {"type": "LineString", "coordinates": [[12.67331, 64.45613], [12.67127, 64.45598]]}, "properties": {"P": 54.16, "tau": 32.3, "tau_c": 34.37, "omega": 42.83, "M": 0.94, "D": 0.0, "R": 0.74, "sving": 0.12, "os": 0.53, "foss": 0.0, "juv": 0.0, "B": 0.91, "Q": 145.12, "w": 74.0, "h": 1.48, "S": 0.00223, "elv": "Sanddøla - Sovvene", "km": 18.9}}, {"type": "Feature", "geometry": {"type": "LineString", "coordinates": [[12.67127, 64.45598], [12.66919, 64.45596]]}, "properties": {"P": 51.99, "tau": 33.47, "tau_c": 34.39, "omega": 45.32, "M": 0.97, "D": 0.0, "R": 0.77, "sving": 0.07, "os": 0.46, "foss": 0.0, "juv": 0.0, "B": 0.91, "Q": 145.12, "w": 70.0, "h": 1.53, "S": 0.00223, "elv": "Sanddøla - Sovvene", "km": 19.0}}, {"type": "Feature", "geometry": {"type": "LineString", "coordinates": [[12.66919, 64.45596], [12.66711, 64.45594]]}, "properties": {"P": 58.54, "tau": 32.26, "tau_c": 34.28, "omega": 42.76, "M": 0.94, "D": 0.01, "R": 0.74, "sving": 0.06, "os": 0.73, "foss": 0.0, "juv": 0.0, "B": 0.91, "Q": 145.14, "w": 73.77, "h": 1.48, "S": 0.00222, "elv": "Sanddøla - Sovvene", "km": 19.1}}, {"type": "Feature", "geometry": {"type": "LineString", "coordinates": [[12.66711, 64.45594], [12.66504, 64.45592]]}, "properties": {"P": 60.05, "tau": 32.1, "tau_c": 34.52, "omega": 42.37, "M": 0.93, "D": 0.03, "R": 0.73, "sving": 0.08, "os": 0.76, "foss": 0.0, "juv": 0.0, "B": 0.91, "Q": 145.67, "w": 75.77, "h": 1.46, "S": 0.00225, "elv": "Sanddøla - Sovvene", "km": 19.2}}, {"type": "Feature", "geometry": {"type": "LineString", "coordinates": [[12.66504, 64.45592], [12.66296, 64.4559]]}, "properties": {"P": 51.19, "tau": 30.98, "tau_c": 34.76, "omega": 39.95, "M": 0.89, "D": 0.07, "R": 0.69, "sving": 0.08, "os": 0.48, "foss": 0.0, "juv": 0.0, "B": 0.91, "Q": 146.24, "w": 81.77, "h": 1.39, "S": 0.00228, "elv": "Sanddøla - Sovvene", "km": 19.3}}, {"type": "Feature", "geometry": {"type": "LineString", "coordinates": [[12.66296, 64.4559], [12.66094, 64.45568]]}, "properties": {"P": 43.68, "tau": 29.96, "tau_c": 34.3, "omega": 37.99, "M": 0.87, "D": 0.08, "R": 0.67, "sving": 0.02, "os": 0.29, "foss": 0.0, "juv": 0.0, "B": 0.91, "Q": 146.25, "w": 83.77, "h": 1.38, "S": 0.00222, "elv": "Sanddøla - Sovvene", "km": 19.4}}, {"type": "Feature", "geometry": {"type": "LineString", "coordinates": [[12.66094, 64.45568], [12.65893, 64.45547]]}, "properties": {"P": 38.25, "tau": 24.49, "tau_c": 29.99, "omega": 28.35, "M": 0.82, "D": 0.11, "R": 0.6, "sving": 0.02, "os": 0.18, "foss": 0.0, "juv": 0.0, "B": 0.91, "Q": 146.27, "w": 85.77, "h": 1.47, "S": 0.00169, "elv": "Sanddøla - Sovvene", "km": 19.5}}, {"type": "Feature", "geometry": {"type": "LineString", "coordinates": [[12.65893, 64.45547], [12.65686, 64.4554]]}, "properties": {"P": 38.03, "tau": 26.09, "tau_c": 29.73, "omega": 31.45, "M": 0.88, "D": 0.07, "R": 0.67, "sving": 0.02, "os": 0.11, "foss": 0.0, "juv": 0.0, "B": 0.91, "Q": 146.29, "w": 76.0, "h": 1.6, "S": 0.00167, "elv": "Sanddøla - Sovvene", "km": 19.6}}, {"type": "Feature", "geometry": {"type": "LineString", "coordinates": [[12.65686, 64.4554], [12.65478, 64.45532]]}, "properties": {"P": 33.48, "tau": 22.65, "tau_c": 27.17, "omega": 25.59, "M": 0.83, "D": 0.04, "R": 0.62, "sving": 0.02, "os": 0.07, "foss": 0.0, "juv": 0.0, "B": 0.91, "Q": 146.3, "w": 78.0, "h": 1.66, "S": 0.00139, "elv": "Sanddøla - Sovvene", "km": 19.7}}, {"type": "Feature", "geometry": {"type": "LineString", "coordinates": [[12.65478, 64.45532], [12.65276, 64.45515]]}, "properties": {"P": 29.42, "tau": 24.49, "tau_c": 29.67, "omega": 28.42, "M": 0.83, "D": 0.0, "R": 0.61, "sving": 0.02, "os": 0.0, "foss": 0.0, "juv": 0.0, "B": 0.9, "Q": 146.3, "w": 83.79, "h": 1.5, "S": 0.00166, "elv": "Sanddøla - Sovvene", "km": 19.8}}, {"type": "Feature", "geometry": {"type": "LineString", "coordinates": [[12.65276, 64.45515], [12.65079, 64.45489]]}, "properties": {"P": 28.91, "tau": 25.99, "tau_c": 31.9, "omega": 30.74, "M": 0.81, "D": 0.0, "R": 0.6, "sving": 0.02, "os": 0.0, "foss": 0.0, "juv": 0.0, "B": 0.9, "Q": 146.34, "w": 89.58, "h": 1.38, "S": 0.00192, "elv": "Sanddøla - Sovvene", "km": 19.9}}, {"type": "Feature", "geometry": {"type": "LineString", "coordinates": [[12.65079, 64.45489], [12.64872, 64.45486]]}, "properties": {"P": 29.04, "tau": 24.65, "tau_c": 30.38, "omega": 28.57, "M": 0.81, "D": 0.0, "R": 0.59, "sving": 0.04, "os": 0.0, "foss": 0.0, "juv": 0.0, "B": 0.9, "Q": 146.56, "w": 87.58, "h": 1.44, "S": 0.00174, "elv": "Sanddøla - Sovvene", "km": 20.0}}, {"type": "Feature", "geometry": {"type": "LineString", "coordinates": [[12.64872, 64.45486], [12.64666, 64.45473]]}, "properties": {"P": 30.09, "tau": 25.16, "tau_c": 30.83, "omega": 29.42, "M": 0.82, "D": 0.0, "R": 0.6, "sving": 0.01, "os": 0.06, "foss": 0.0, "juv": 0.0, "B": 0.9, "Q": 146.57, "w": 87.58, "h": 1.43, "S": 0.00179, "elv": "Sanddøla - Sovvene", "km": 20.1}}, {"type": "Feature", "geometry": {"type": "LineString", "coordinates": [[12.64666, 64.45473], [12.64469, 64.45446]]}, "properties": {"P": 37.21, "tau": 27.09, "tau_c": 31.15, "omega": 33.05, "M": 0.87, "D": 0.0, "R": 0.66, "sving": 0.12, "os": 0.09, "foss": 0.0, "juv": 0.0, "B": 0.9, "Q": 146.58, "w": 79.58, "h": 1.51, "S": 0.00183, "elv": "Sanddøla - Sovvene", "km": 20.2}}, {"type": "Feature", "geometry": {"type": "LineString", "coordinates": [[12.64469, 64.45446], [12.64271, 64.45418]]}, "properties": {"P": 46.27, "tau": 34.56, "tau_c": 34.53, "omega": 47.67, "M": 1.0, "D": 0.0, "R": 0.8, "sving": 0.16, "os": 0.15, "foss": 0.0, "juv": 0.0, "B": 0.9, "Q": 146.61, "w": 67.79, "h": 1.57, "S": 0.00225, "elv": "Sanddøla - Sovvene", "km": 20.3}}, {"type": "Feature", "geometry": {"type": "LineString", "coordinates": [[12.64271, 64.45418], [12.64078, 64.45386]]}, "properties": {"P": 53.47, "tau": 36.35, "tau_c": 33.87, "omega": 51.84, "M": 1.07, "D": 0.0, "R": 0.86, "sving": 0.24, "os": 0.24, "foss": 0.0, "juv": 0.0, "B": 0.9, "Q": 146.62, "w": 60.0, "h": 1.71, "S": 0.00216, "elv": "Sanddøla - Sovvene", "km": 20.4}}, {"type": "Feature", "geometry": {"type": "LineString", "coordinates": [[12.64078, 64.45386], [12.63905, 64.45337]]}, "properties": {"P": 56.46, "tau": 36.51, "tau_c": 34.48, "omega": 52.02, "M": 1.06, "D": 0.0, "R": 0.85, "sving": 0.24, "os": 0.36, "foss": 0.0, "juv": 0.0, "B": 0.89, "Q": 146.75, "w": 62.0, "h": 1.66, "S": 0.00224, "elv": "Sanddøla - Sovvene", "km": 20.5}}, {"type": "Feature", "geometry": {"type": "LineString", "coordinates": [[12.63905, 64.45337], [12.63785, 64.45265]]}, "properties": {"P": 56.54, "tau": 37.09, "tau_c": 34.35, "omega": 53.36, "M": 1.08, "D": 0.0, "R": 0.86, "sving": 0.05, "os": 0.54, "foss": 0.0, "juv": 0.0, "B": 0.89, "Q": 146.77, "w": 60.0, "h": 1.7, "S": 0.00222, "elv": "Sanddøla - Sovvene", "km": 20.6}}, {"type": "Feature", "geometry": {"type": "LineString", "coordinates": [[12.63785, 64.45265], [12.63669, 64.45193]]}, "properties": {"P": 61.94, "tau": 38.78, "tau_c": 37.04, "omega": 56.43, "M": 1.05, "D": 0.0, "R": 0.84, "sving": 0.07, "os": 0.75, "foss": 0.0, "juv": 0.0, "B": 0.89, "Q": 146.78, "w": 66.0, "h": 1.53, "S": 0.00259, "elv": "Sanddøla - Sovvene", "km": 20.7}}, {"type": "Feature", "geometry": {"type": "LineString", "coordinates": [[12.63669, 64.45193], [12.63486, 64.45152]]}, "properties": {"P": 63.93, "tau": 38.9, "tau_c": 38.61, "omega": 56.2, "M": 1.01, "D": 0.0, "R": 0.8, "sving": 0.28, "os": 0.67, "foss": 0.0, "juv": 0.0, "B": 0.89, "Q": 146.78, "w": 72.0, "h": 1.41, "S": 0.00281, "elv": "Sanddøla - Sovvene", "km": 20.8}}, {"type": "Feature", "geometry": {"type": "LineString", "coordinates": [[12.63486, 64.45152], [12.63294, 64.45118]]}, "properties": {"P": 65.79, "tau": 40.3, "tau_c": 39.1, "omega": 59.29, "M": 1.03, "D": 0.0, "R": 0.82, "sving": 0.27, "os": 0.72, "foss": 0.0, "juv": 0.0, "B": 0.89, "Q": 146.79, "w": 70.0, "h": 1.43, "S": 0.00288, "elv": "Sanddøla - Sovvene", "km": 20.9}}, {"type": "Feature", "geometry": {"type": "LineString", "coordinates": [[12.63294, 64.45118], [12.6309, 64.451]]}, "properties": {"P": 53.79, "tau": 42.88, "tau_c": 40.3, "omega": 65.05, "M": 1.06, "D": 0.0, "R": 0.85, "sving": 0.05, "os": 0.47, "foss": 0.0, "juv": 0.0, "B": 0.89, "Q": 147.29, "w": 68.0, "h": 1.43, "S": 0.00306, "elv": "Sanddøla - Sovvene", "km": 21.0}}, {"type": "Feature", "geometry": {"type": "LineString", "coordinates": [[12.6309, 64.451], [12.6289, 64.45077]]}, "properties": {"P": 47.71, "tau": 37.85, "tau_c": 37.8, "omega": 54.05, "M": 1.0, "D": 0.03, "R": 0.8, "sving": 0.07, "os": 0.28, "foss": 0.0, "juv": 0.0, "B": 0.88, "Q": 147.3, "w": 72.0, "h": 1.43, "S": 0.00269, "elv": "Sanddøla - Sovvene", "km": 21.1}}, {"type": "Feature", "geometry": {"type": "LineString", "coordinates": [[12.6289, 64.45077], [12.62695, 64.45046]]}, "properties": {"P": 44.65, "tau": 40.46, "tau_c": 39.15, "omega": 59.65, "M": 1.03, "D": 0.03, "R": 0.82, "sving": 0.02, "os": 0.17, "foss": 0.0, "juv": 0.0, "B": 0.88, "Q": 147.33, "w": 70.0, "h": 1.43, "S": 0.00289, "elv": "Sanddøla - Sovvene", "km": 21.2}}, {"type": "Feature", "geometry": {"type": "LineString", "coordinates": [[12.62695, 64.45046], [12.62493, 64.45028]]}, "properties": {"P": 45.89, "tau": 37.31, "tau_c": 36.46, "omega": 53.24, "M": 1.02, "D": 0.07, "R": 0.82, "sving": 0.1, "os": 0.11, "foss": 0.0, "juv": 0.0, "B": 0.88, "Q": 147.34, "w": 68.0, "h": 1.52, "S": 0.0025, "elv": "Sanddøla - Sovvene", "km": 21.3}}, {"type": "Feature", "geometry": {"type": "LineString", "coordinates": [[12.62493, 64.45028], [12.62287, 64.45015]]}, "properties": {"P": 47.42, "tau": 35.56, "tau_c": 36.13, "omega": 49.41, "M": 0.98, "D": 0.11, "R": 0.78, "sving": 0.2, "os": 0.06, "foss": 0.0, "juv": 0.0, "B": 0.88, "Q": 147.35, "w": 72.0, "h": 1.47, "S": 0.00246, "elv": "Sanddøla - Sovvene", "km": 21.4}}, {"type": "Feature", "geometry": {"type": "LineString", "coordinates": [[12.62287, 64.45015], [12.62079, 64.45015]]}, "properties": {"P": 45.69, "tau": 30.81, "tau_c": 33.4, "omega": 39.99, "M": 0.92, "D": 0.17, "R": 0.72, "sving": 0.23, "os": 0.0, "foss": 0.0, "juv": 0.0, "B": 0.88, "Q": 147.35, "w": 76.0, "h": 1.49, "S": 0.0021, "elv": "Sanddøla - Sovvene", "km": 21.5}}, {"type": "Feature", "geometry": {"type": "LineString", "coordinates": [[12.62079, 64.45015], [12.61876, 64.45031]]}, "properties": {"P": 45.36, "tau": 23.65, "tau_c": 27.61, "omega": 27.33, "M": 0.86, "D": 0.17, "R": 0.65, "sving": 0.34, "os": 0.0, "foss": 0.0, "juv": 0.0, "B": 0.88, "Q": 147.36, "w": 76.0, "h": 1.68, "S": 0.00144, "elv": "Sanddøla - Sovvene", "km": 21.6}}, {"type": "Feature", "geometry": {"type": "LineString", "coordinates": [[12.61876, 64.45031], [12.61689, 64.45067]]}, "properties": {"P": 44.08, "tau": 23.36, "tau_c": 28.0, "omega": 26.72, "M": 0.83, "D": 0.11, "R": 0.62, "sving": 0.42, "os": 0.0, "foss": 0.0, "juv": 0.0, "B": 0.88, "Q": 147.47, "w": 80.0, "h": 1.61, "S": 0.00148, "elv": "Sanddøla - Sovvene", "km": 21.7}}, {"type": "Feature", "geometry": {"type": "LineString", "coordinates": [[12.61689, 64.45067], [12.61541, 64.45128]]}, "properties": {"P": 37.16, "tau": 23.39, "tau_c": 28.34, "omega": 26.7, "M": 0.83, "D": 0.05, "R": 0.61, "sving": 0.27, "os": 0.0, "foss": 0.0, "juv": 0.0, "B": 0.88, "Q": 147.47, "w": 82.0, "h": 1.58, "S": 0.00151, "elv": "Sanddøla - Sovvene", "km": 21.8}}, {"type": "Feature", "geometry": {"type": "LineString", "coordinates": [[12.61541, 64.45128], [12.61449, 64.45208]]}, "properties": {"P": 29.22, "tau": 23.99, "tau_c": 28.85, "omega": 27.69, "M": 0.83, "D": 0.0, "R": 0.62, "sving": 0.03, "os": 0.0, "foss": 0.0, "juv": 0.0, "B": 0.88, "Q": 147.6, "w": 82.0, "h": 1.56, "S": 0.00157, "elv": "Sanddøla - Sovvene", "km": 21.9}}, {"type": "Feature", "geometry": {"type": "LineString", "coordinates": [[12.61449, 64.45208], [12.61319, 64.45277]]}, "properties": {"P": 33.38, "tau": 22.67, "tau_c": 27.69, "omega": 25.53, "M": 0.82, "D": 0.0, "R": 0.6, "sving": 0.2, "os": 0.0, "foss": 0.0, "juv": 0.0, "B": 0.88, "Q": 147.61, "w": 82.0, "h": 1.6, "S": 0.00145, "elv": "Sanddøla - Sovvene", "km": 22.0}}, {"type": "Feature", "geometry": {"type": "LineString", "coordinates": [[12.61319, 64.45277], [12.61138, 64.45319]]}, "properties": {"P": 40.4, "tau": 23.52, "tau_c": 28.43, "omega": 26.91, "M": 0.83, "D": 0.0, "R": 0.61, "sving": 0.45, "os": 0.0, "foss": 0.0, "juv": 0.0, "B": 0.88, "Q": 147.62, "w": 82.0, "h": 1.57, "S": 0.00152, "elv": "Sanddøla - Sovvene", "km": 22.1}}, {"type": "Feature", "geometry": {"type": "LineString", "coordinates": [[12.61138, 64.45319], [12.60936, 64.45338]]}, "properties": {"P": 44.85, "tau": 28.29, "tau_c": 31.37, "omega": 35.38, "M": 0.9, "D": 0.0, "R": 0.7, "sving": 0.47, "os": 0.0, "foss": 0.0, "juv": 0.0, "B": 0.88, "Q": 147.77, "w": 76.0, "h": 1.55, "S": 0.00185, "elv": "Sanddøla - Sovvene", "km": 22.2}}, {"type": "Feature", "geometry": {"type": "LineString", "coordinates": [[12.60936, 64.45338], [12.60731, 64.4533]]}, "properties": {"P": 43.37, "tau": 27.5, "tau_c": 29.99, "omega": 34.14, "M": 0.92, "D": 0.02, "R": 0.71, "sving": 0.37, "os": 0.0, "foss": 0.0, "juv": 0.0, "B": 0.87, "Q": 147.8, "w": 72.0, "h": 1.65, "S": 0.0017, "elv": "Sanddøla - Sovvene", "km": 22.3}}, {"type": "Feature", "geometry": {"type": "LineString", "coordinates": [[12.60731, 64.4533], [12.60538, 64.45299]]}, "properties": {"P": 41.45, "tau": 26.08, "tau_c": 28.13, "omega": 31.8, "M": 0.93, "D": 0.03, "R": 0.73, "sving": 0.26, "os": 0.0, "foss": 0.0, "juv": 0.0, "B": 0.87, "Q": 147.81, "w": 68.0, "h": 1.78, "S": 0.00149, "elv": "Sanddøla - Sovvene", "km": 22.4}}, {"type": "Feature", "geometry": {"type": "LineString", "coordinates": [[12.60538, 64.45299], [12.60354, 64.45257]]}, "properties": {"P": 37.18, "tau": 25.1, "tau_c": 26.99, "omega": 30.17, "M": 0.93, "D": 0.05, "R": 0.73, "sving": 0.08, "os": 0.0, "foss": 0.0, "juv": 0.0, "B": 0.87, "Q": 147.81, "w": 66.0, "h": 1.86, "S": 0.00137, "elv": "Sanddøla - Sovvene", "km": 22.5}}, {"type": "Feature", "geometry": {"type": "LineString", "coordinates": [[12.60354, 64.45257], [12.60169, 64.45215]]}, "properties": {"P": 35.94, "tau": 25.09, "tau_c": 26.95, "omega": 30.16, "M": 0.93, "D": 0.06, "R": 0.73, "sving": 0.02, "os": 0.0, "foss": 0.0, "juv": 0.0, "B": 0.87, "Q": 148.2, "w": 66.0, "h": 1.87, "S": 0.00137, "elv": "Sanddøla - Sovvene", "km": 22.6}}, {"type": "Feature", "geometry": {"type": "LineString", "coordinates": [[12.60169, 64.45215], [12.59973, 64.45189]]}, "properties": {"P": 34.2, "tau": 23.4, "tau_c": 26.33, "omega": 27.15, "M": 0.89, "D": 0.08, "R": 0.68, "sving": 0.01, "os": 0.0, "foss": 0.0, "juv": 0.0, "B": 0.87, "Q": 148.21, "w": 70.0, "h": 1.83, "S": 0.00131, "elv": "Sanddøla - Sovvene", "km": 22.7}}, {"type": "Feature", "geometry": {"type": "LineString", "coordinates": [[12.59973, 64.45189], [12.59777, 64.45162]]}, "properties": {"P": 32.14, "tau": 20.56, "tau_c": 23.98, "omega": 22.53, "M": 0.86, "D": 0.07, "R": 0.65, "sving": 0.01, "os": 0.0, "foss": 0.0, "juv": 0.0, "B": 0.87, "Q": 148.27, "w": 70.0, "h": 1.93, "S": 0.00108, "elv": "Sanddøla - Sovvene", "km": 22.8}}, {"type": "Feature", "geometry": {"type": "LineString", "coordinates": [[12.59777, 64.45162], [12.59595, 64.45119]]}, "properties": {"P": 33.69, "tau": 20.49, "tau_c": 24.23, "omega": 22.35, "M": 0.85, "D": 0.04, "R": 0.63, "sving": 0.06, "os": 0.07, "foss": 0.0, "juv": 0.0, "B": 0.87, "Q": 148.27, "w": 72.0, "h": 1.89, "S": 0.00111, "elv": "Sanddøla - Sovvene", "km": 22.9}}, {"type": "Feature", "geometry": {"type": "LineString", "coordinates": [[12.59595, 64.45119], [12.59412, 64.45076]]}, "properties": {"P": 34.01, "tau": 22.63, "tau_c": 26.35, "omega": 25.73, "M": 0.86, "D": 0.01, "R": 0.65, "sving": 0.04, "os": 0.12, "foss": 0.0, "juv": 0.0, "B": 0.87, "Q": 148.28, "w": 74.0, "h": 1.76, "S": 0.00131, "elv": "Sanddøla - Sovvene", "km": 23.0}}, {"type": "Feature", "geometry": {"type": "LineString", "coordinates": [[12.59412, 64.45076], [12.59226, 64.45037]]}, "properties": {"P": 35.97, "tau": 22.45, "tau_c": 26.83, "omega": 25.31, "M": 0.84, "D": 0.03, "R": 0.62, "sving": 0.06, "os": 0.19, "foss": 0.0, "juv": 0.0, "B": 0.86, "Q": 148.29, "w": 78.0, "h": 1.69, "S": 0.00136, "elv": "Sanddøla - Sovvene", "km": 23.1}}, {"type": "Feature", "geometry": {"type": "LineString", "coordinates": [[12.59226, 64.45037], [12.59036, 64.45]]}, "properties": {"P": 40.88, "tau": 21.12, "tau_c": 25.38, "omega": 23.24, "M": 0.83, "D": 0.03, "R": 0.62, "sving": 0.13, "os": 0.3, "foss": 0.0, "juv": 0.0, "B": 0.86, "Q": 148.3, "w": 76.0, "h": 1.77, "S": 0.00121, "elv": "Sanddøla - Sovvene", "km": 23.2}}, {"type": "Feature", "geometry": {"type": "LineString", "coordinates": [[12.59036, 64.45], [12.58872, 64.44946]]}, "properties": {"P": 40.86, "tau": 18.88, "tau_c": 23.67, "omega": 19.73, "M": 0.8, "D": 0.03, "R": 0.57, "sving": 0.06, "os": 0.45, "foss": 0.0, "juv": 0.0, "B": 0.86, "Q": 148.57, "w": 78.0, "h": 1.82, "S": 0.00106, "elv": "Sanddøla - Sovvene", "km": 23.3}}, {"type": "Feature", "geometry": {"type": "LineString", "coordinates": [[12.58872, 64.44946], [12.58735, 64.44878]]}, "properties": {"P": 52.36, "tau": 21.64, "tau_c": 25.5, "omega": 24.13, "M": 0.85, "D": 0.01, "R": 0.64, "sving": 0.17, "os": 0.7, "foss": 0.0, "juv": 0.0, "B": 0.86, "Q": 148.58, "w": 74.0, "h": 1.8, "S": 0.00123, "elv": "Sanddøla - Sovvene", "km": 23.4}}, {"type": "Feature", "geometry": {"type": "LineString", "coordinates": [[12.58735, 64.44878], [12.58545, 64.44853]]}, "properties": {"P": 60.53, "tau": 26.69, "tau_c": 28.52, "omega": 32.9, "M": 0.94, "D": 0.0, "R": 0.73, "sving": 0.26, "os": 0.76, "foss": 0.0, "juv": 0.0, "B": 0.86, "Q": 148.7, "w": 68.0, "h": 1.77, "S": 0.00153, "elv": "Sanddøla - Sovvene", "km": 23.5}}, {"type": "Feature", "geometry": {"type": "LineString", "coordinates": [[12.58545, 64.44853], [12.58337, 64.44856]]}, "properties": {"P": 58.67, "tau": 26.26, "tau_c": 27.02, "omega": 32.39, "M": 0.97, "D": 0.03, "R": 0.77, "sving": 0.39, "os": 0.47, "foss": 0.0, "juv": 0.0, "B": 0.86, "Q": 148.71, "w": 62.0, "h": 1.94, "S": 0.00138, "elv": "Sanddøla - Sovvene", "km": 23.6}}, {"type": "Feature", "geometry": {"type": "LineString", "coordinates": [[12.58337, 64.44856], [12.58129, 64.44859]]}, "properties": {"P": 49.96, "tau": 23.7, "tau_c": 24.72, "omega": 28.0, "M": 0.96, "D": 0.06, "R": 0.76, "sving": 0.22, "os": 0.29, "foss": 0.0, "juv": 0.0, "B": 0.86, "Q": 148.71, "w": 60.0, "h": 2.1, "S": 0.00115, "elv": "Sanddøla - Sovvene", "km": 23.7}}, {"type": "Feature", "geometry": {"type": "LineString", "coordinates": [[12.58129, 64.44859], [12.57926, 64.44875]]}, "properties": {"P": 44.9, "tau": 22.18, "tau_c": 23.19, "omega": 25.51, "M": 0.96, "D": 0.11, "R": 0.75, "sving": 0.09, "os": 0.18, "foss": 0.0, "juv": 0.0, "B": 0.86, "Q": 148.72, "w": 58.0, "h": 2.23, "S": 0.00101, "elv": "Sanddøla - Sovvene", "km": 23.8}}, {"type": "Feature", "geometry": {"type": "LineString", "coordinates": [[12.57926, 64.44875], [12.57726, 64.44899]]}, "properties": {"P": 38.93, "tau": 20.54, "tau_c": 23.62, "omega": 22.56, "M": 0.87, "D": 0.13, "R": 0.66, "sving": 0.06, "os": 0.11, "foss": 0.0, "juv": 0.0, "B": 0.86, "Q": 148.74, "w": 68.0, "h": 1.99, "S": 0.00105, "elv": "Sanddøla - Sovvene", "km": 23.9}}, {"type": "Feature", "geometry": {"type": "LineString", "coordinates": [[12.57726, 64.44899], [12.57527, 64.44924]]}, "properties": {"P": 33.1, "tau": 17.98, "tau_c": 22.57, "omega": 18.44, "M": 0.8, "D": 0.15, "R": 0.57, "sving": 0.01, "os": 0.07, "foss": 0.0, "juv": 0.0, "B": 0.86, "Q": 148.78, "w": 76.0, "h": 1.91, "S": 0.00096, "elv": "Sanddøla - Sovvene", "km": 24.0}}, {"type": "Feature", "geometry": {"type": "LineString", "coordinates": [[12.57527, 64.44924], [12.57323, 64.44941]]}, "properties": {"P": 29.06, "tau": 15.64, "tau_c": 20.42, "omega": 15.09, "M": 0.77, "D": 0.11, "R": 0.53, "sving": 0.04, "os": 0.0, "foss": 0.0, "juv": 0.0, "B": 0.86, "Q": 148.79, "w": 76.0, "h": 2.03, "S": 0.00079, "elv": "Sanddøla - Sovvene", "km": 24.1}}, {"type": "Feature", "geometry": {"type": "LineString", "coordinates": [[12.57323, 64.44941], [12.57118, 64.44956]]}, "properties": {"P": 24.73, "tau": 13.91, "tau_c": 18.99, "omega": 12.71, "M": 0.73, "D": 0.06, "R": 0.49, "sving": 0.03, "os": 0.0, "foss": 0.0, "juv": 0.0, "B": 0.85, "Q": 148.81, "w": 78.0, "h": 2.09, "S": 0.00068, "elv": "Sanddøla - Sovvene", "km": 24.2}}, {"type": "Feature", "geometry": {"type": "LineString", "coordinates": [[12.57118, 64.44956], [12.56913, 64.4497]]}, "properties": {"P": 25.93, "tau": 18.55, "tau_c": 23.88, "omega": 19.15, "M": 0.78, "D": 0.0, "R": 0.55, "sving": 0.05, "os": 0.0, "foss": 0.0, "juv": 0.0, "B": 0.85, "Q": 148.91, "w": 82.0, "h": 1.76, "S": 0.00107, "elv": "Sanddøla - Sovvene", "km": 24.3}}, {"type": "Feature", "geometry": {"type": "LineString", "coordinates": [[12.56913, 64.4497], [12.5671, 64.44989]]}, "properties": {"P": 29.32, "tau": 25.67, "tau_c": 30.17, "omega": 30.56, "M": 0.85, "D": 0.0, "R": 0.64, "sving": 0.03, "os": 0.0, "foss": 0.0, "juv": 0.0, "B": 0.85, "Q": 148.93, "w": 82.0, "h": 1.53, "S": 0.00172, "elv": "Sanddøla - Sovvene", "km": 24.4}}, {"type": "Feature", "geometry": {"type": "LineString", "coordinates": [[12.5671, 64.44989], [12.56514, 64.45018]]}, "properties": {"P": 33.35, "tau": 27.87, "tau_c": 31.29, "omega": 34.56, "M": 0.89, "D": 0.0, "R": 0.69, "sving": 0.1, "os": 0.0, "foss": 0.0, "juv": 0.0, "B": 0.85, "Q": 148.94, "w": 78.0, "h": 1.54, "S": 0.00185, "elv": "Sanddøla - Sovvene", "km": 24.5}}, {"type": "Feature", "geometry": {"type": "LineString", "coordinates": [[12.56514, 64.45018], [12.56313, 64.45039]]}, "properties": {"P": 34.6, "tau": 28.91, "tau_c": 32.13, "omega": 36.45, "M": 0.9, "D": 0.0, "R": 0.7, "sving": 0.13, "os": 0.0, "foss": 0.0, "juv": 0.0, "B": 0.85, "Q": 148.96, "w": 78.0, "h": 1.52, "S": 0.00195, "elv": "Sanddøla - Sovvene", "km": 24.6}}, {"type": "Feature", "geometry": {"type": "LineString", "coordinates": [[12.56313, 64.45039], [12.56109, 64.45029]]}, "properties": {"P": 34.12, "tau": 29.82, "tau_c": 33.23, "omega": 38.01, "M": 0.9, "D": 0.0, "R": 0.69, "sving": 0.12, "os": 0.0, "foss": 0.0, "juv": 0.0, "B": 0.85, "Q": 148.97, "w": 80.0, "h": 1.46, "S": 0.00208, "elv": "Sanddøla - Sovvene", "km": 24.7}}, {"type": "Feature", "geometry": {"type": "LineString", "coordinates": [[12.56109, 64.45029], [12.55907, 64.45016]]}, "properties": {"P": 33.9, "tau": 31.75, "tau_c": 34.76, "omega": 41.59, "M": 0.91, "D": 0.0, "R": 0.71, "sving": 0.08, "os": 0.0, "foss": 0.0, "juv": 0.0, "B": 0.85, "Q": 148.98, "w": 80.0, "h": 1.42, "S": 0.00228, "elv": "Sanddøla - Sovvene", "km": 24.8}}, {"type": "Feature", "geometry": {"type": "LineString", "coordinates": [[12.55907, 64.45016], [12.55699, 64.45017]]}, "properties": {"P": 34.4, "tau": 31.65, "tau_c": 33.48, "omega": 41.72, "M": 0.95, "D": 0.0, "R": 0.74, "sving": 0.04, "os": 0.0, "foss": 0.0, "juv": 0.0, "B": 0.85, "Q": 149.0, "w": 74.0, "h": 1.53, "S": 0.00211, "elv": "Sanddøla - Sovvene", "km": 24.9}}, {"type": "Feature", "geometry": {"type": "LineString", "coordinates": [[12.55699, 64.45017], [12.55491, 64.45019]]}, "properties": {"P": 33.0, "tau": 29.37, "tau_c": 31.34, "omega": 37.58, "M": 0.94, "D": 0.0, "R": 0.74, "sving": 0.01, "os": 0.0, "foss": 0.0, "juv": 0.0, "B": 0.85, "Q": 149.0, "w": 72.0, "h": 1.62, "S": 0.00185, "elv": "Sanddøla - Sovvene", "km": 25.0}}, {"type": "Feature", "geometry": {"type": "LineString", "coordinates": [[12.55491, 64.45019], [12.55283, 64.45019]]}, "properties": {"P": 31.92, "tau": 31.17, "tau_c": 33.9, "omega": 40.6, "M": 0.92, "D": 0.0, "R": 0.72, "sving": 0.0, "os": 0.0, "foss": 0.0, "juv": 0.0, "B": 0.85, "Q": 149.02, "w": 78.0, "h": 1.47, "S": 0.00217, "elv": "Sanddøla - Sovvene", "km": 25.1}}, {"type": "Feature", "geometry": {"type": "LineString", "coordinates": [[12.55283, 64.45019], [12.55077, 64.45008]]}, "properties": {"P": 34.82, "tau": 32.78, "tau_c": 35.54, "omega": 43.54, "M": 0.92, "D": 0.0, "R": 0.72, "sving": 0.11, "os": 0.0, "foss": 0.0, "juv": 0.0, "B": 0.85, "Q": 149.11, "w": 80.0, "h": 1.4, "S": 0.00238, "elv": "Sanddøla - Sovvene", "km": 25.2}}, {"type": "Feature", "geometry": {"type": "LineString", "coordinates": [[12.55077, 64.45008], [12.54871, 64.45009]]}, "properties": {"P": 32.12, "tau": 32.73, "tau_c": 35.48, "omega": 43.46, "M": 0.92, "D": 0.0, "R": 0.72, "sving": 0.01, "os": 0.0, "foss": 0.0, "juv": 0.0, "B": 0.85, "Q": 149.36, "w": 80.0, "h": 1.41, "S": 0.00237, "elv": "Sanddøla - Sovvene", "km": 25.3}}, {"type": "Feature", "geometry": {"type": "LineString", "coordinates": [[12.54871, 64.45009], [12.54673, 64.45036]]}, "properties": {"P": 34.51, "tau": 37.11, "tau_c": 38.39, "omega": 52.19, "M": 0.97, "D": 0.0, "R": 0.76, "sving": 0.02, "os": 0.0, "foss": 0.0, "juv": 0.0, "B": 0.85, "Q": 149.37, "w": 78.0, "h": 1.36, "S": 0.00278, "elv": "Sanddøla - Sovvene", "km": 25.4}}, {"type": "Feature", "geometry": {"type": "LineString", "coordinates": [[12.54673, 64.45036], [12.54468, 64.45038]]}, "properties": {"P": 37.56, "tau": 40.03, "tau_c": 40.99, "omega": 58.03, "M": 0.98, "D": 0.0, "R": 0.77, "sving": 0.12, "os": 0.0, "foss": 0.0, "juv": 0.0, "B": 0.85, "Q": 149.43, "w": 80.0, "h": 1.29, "S": 0.00317, "elv": "Sanddøla - Sovvene", "km": 25.5}}, {"type": "Feature", "geometry": {"type": "LineString", "coordinates": [[12.54468, 64.45038], [12.54264, 64.45021]]}, "properties": {"P": 42.2, "tau": 39.22, "tau_c": 39.01, "omega": 56.84, "M": 1.01, "D": 0.02, "R": 0.8, "sving": 0.23, "os": 0.0, "foss": 0.0, "juv": 0.0, "B": 0.84, "Q": 149.44, "w": 74.0, "h": 1.39, "S": 0.00287, "elv": "Sanddøla - Sovvene", "km": 25.6}}, {"type": "Feature", "geometry": {"type": "LineString", "coordinates": [[12.54264, 64.45021], [12.54067, 64.44993]]}, "properties": {"P": 42.54, "tau": 38.3, "tau_c": 36.91, "omega": 55.38, "M": 1.04, "D": 0.05, "R": 0.83, "sving": 0.15, "os": 0.0, "foss": 0.0, "juv": 0.0, "B": 0.84, "Q": 149.48, "w": 68.0, "h": 1.52, "S": 0.00257, "elv": "Sanddøla - Sovvene", "km": 25.7}}, {"type": "Feature", "geometry": {"type": "LineString", "coordinates": [[12.54067, 64.44993], [12.5387, 64.44965]]}, "properties": {"P": 43.93, "tau": 34.91, "tau_c": 33.59, "omega": 48.74, "M": 1.04, "D": 0.13, "R": 0.83, "sving": 0.11, "os": 0.0, "foss": 0.0, "juv": 0.0, "B": 0.84, "Q": 149.48, "w": 64.0, "h": 1.67, "S": 0.00213, "elv": "Sanddøla - Sovvene", "km": 25.8}}, {"type": "Feature", "geometry": {"type": "LineString", "coordinates": [[12.5387, 64.44965], [12.53677, 64.44932]]}, "properties": {"P": 44.53, "tau": 30.05, "tau_c": 30.58, "omega": 39.17, "M": 0.98, "D": 0.22, "R": 0.78, "sving": 0.09, "os": 0.0, "foss": 0.0, "juv": 0.0, "B": 0.84, "Q": 149.52, "w": 66.0, "h": 1.74, "S": 0.00176, "elv": "Sanddøla - Sovvene", "km": 25.9}}, {"type": "Feature", "geometry": {"type": "LineString", "coordinates": [[12.53677, 64.44932], [12.53493, 64.44891]]}, "properties": {"P": 43.62, "tau": 21.33, "tau_c": 24.21, "omega": 23.83, "M": 0.88, "D": 0.28, "R": 0.67, "sving": 0.15, "os": 0.0, "foss": 0.0, "juv": 0.0, "B": 0.84, "Q": 149.54, "w": 68.0, "h": 1.97, "S": 0.0011, "elv": "Sanddøla - Sovvene", "km": 26.0}}, {"type": "Feature", "geometry": {"type": "LineString", "coordinates": [[12.53493, 64.44891], [12.53319, 64.44843]]}, "properties": {"P": 33.13, "tau": 13.62, "tau_c": 18.43, "omega": 12.36, "M": 0.74, "D": 0.24, "R": 0.5, "sving": 0.04, "os": 0.06, "foss": 0.0, "juv": 0.0, "B": 0.84, "Q": 149.56, "w": 76.0, "h": 2.17, "S": 0.00064, "elv": "Sanddøla - Sovvene", "km": 26.1}}, {"type": "Feature", "geometry": {"type": "LineString", "coordinates": [[12.53319, 64.44843], [12.53164, 64.44786]]}, "properties": {"P": 29.2, "tau": 16.57, "tau_c": 22.45, "omega": 16.21, "M": 0.74, "D": 0.13, "R": 0.5, "sving": 0.01, "os": 0.09, "foss": 0.0, "juv": 0.0, "B": 0.84, "Q": 149.58, "w": 86.02, "h": 1.78, "S": 0.00095, "elv": "Sanddøla - Sovvene", "km": 26.2}}, {"type": "Feature", "geometry": {"type": "LineString", "coordinates": [[12.53164, 64.44786], [12.52981, 64.44743]]}, "properties": {"P": 26.86, "tau": 18.4, "tau_c": 25.42, "omega": 18.63, "M": 0.72, "D": 0.03, "R": 0.48, "sving": 0.03, "os": 0.15, "foss": 0.0, "juv": 0.0, "B": 0.84, "Q": 149.63, "w": 96.02, "h": 1.54, "S": 0.00122, "elv": "Sanddøla - Sovvene", "km": 26.3}}, {"type": "Feature", "geometry": {"type": "LineString", "coordinates": [[12.52981, 64.44743], [12.52798, 64.44701]]}, "properties": {"P": 32.88, "tau": 21.78, "tau_c": 29.49, "omega": 23.58, "M": 0.74, "D": 0.0, "R": 0.5, "sving": 0.17, "os": 0.25, "foss": 0.0, "juv": 0.0, "B": 0.84, "Q": 149.64, "w": 102.02, "h": 1.36, "S": 0.00164, "elv": "Sanddøla - Sovvene", "km": 26.4}}, {"type": "Feature", "geometry": {"type": "LineString", "coordinates": [[12.52798, 64.44701], [12.52615, 64.44658]]}, "properties": {"P": 34.54, "tau": 25.19, "tau_c": 32.72, "omega": 29.04, "M": 0.77, "D": 0.0, "R": 0.54, "sving": 0.01, "os": 0.41, "foss": 0.0, "juv": 0.0, "B": 0.84, "Q": 149.67, "w": 102.02, "h": 1.27, "S": 0.00202, "elv": "Sanddøla - Sovvene", "km": 26.5}}, {"type": "Feature", "geometry": {"type": "LineString", "coordinates": [[12.52615, 64.44658], [12.52415, 64.44635]]}, "properties": {"P": 45.17, "tau": 25.94, "tau_c": 32.23, "omega": 30.58, "M": 0.8, "D": 0.0, "R": 0.58, "sving": 0.08, "os": 0.66, "foss": 0.0, "juv": 0.0, "B": 0.84, "Q": 149.69, "w": 94.02, "h": 1.35, "S": 0.00196, "elv": "Sanddøla - Sovvene", "km": 26.6}}, {"type": "Feature", "geometry": {"type": "LineString", "coordinates": [[12.52415, 64.44635], [12.52232, 64.44594]]}, "properties": {"P": 50.37, "tau": 27.77, "tau_c": 32.53, "omega": 34.07, "M": 0.85, "D": 0.0, "R": 0.64, "sving": 0.08, "os": 0.76, "foss": 0.0, "juv": 0.0, "B": 0.84, "Q": 149.73, "w": 86.0, "h": 1.42, "S": 0.00199, "elv": "Sanddøla - Sovvene", "km": 26.7}}, {"type": "Feature", "geometry": {"type": "LineString", "coordinates": [[12.52232, 64.44594], [12.52074, 64.44536]]}, "properties": {"P": 49.78, "tau": 28.84, "tau_c": 33.08, "omega": 36.06, "M": 0.87, "D": 0.03, "R": 0.66, "sving": 0.23, "os": 0.52, "foss": 0.0, "juv": 0.0, "B": 0.84, "Q": 149.75, "w": 84.0, "h": 1.43, "S": 0.00206, "elv": "Sanddøla - Sovvene", "km": 26.8}}, {"type": "Feature", "geometry": {"type": "LineString", "coordinates": [[12.52074, 64.44536], [12.51916, 64.44477]]}, "properties": {"P": 43.67, "tau": 25.23, "tau_c": 29.99, "omega": 29.77, "M": 0.84, "D": 0.07, "R": 0.63, "sving": 0.19, "os": 0.33, "foss": 0.0, "juv": 0.0, "B": 0.84, "Q": 150.36, "w": 84.0, "h": 1.52, "S": 0.0017, "elv": "Sanddøla - Sovvene", "km": 26.9}}, {"type": "Feature", "geometry": {"type": "LineString", "coordinates": [[12.51916, 64.44477], [12.51783, 64.4441]]}, "properties": {"P": 46.12, "tau": 22.92, "tau_c": 27.99, "omega": 25.93, "M": 0.82, "D": 0.08, "R": 0.6, "sving": 0.1, "os": 0.55, "foss": 0.0, "juv": 0.0, "B": 0.84, "Q": 150.37, "w": 84.0, "h": 1.58, "S": 0.00148, "elv": "Sanddøla - Sovvene", "km": 27.0}}, {"type": "Feature", "geometry": {"type": "LineString", "coordinates": [[12.51783, 64.4441], [12.51666, 64.44335]]}, "properties": {"P": 48.53, "tau": 22.06, "tau_c": 28.64, "omega": 24.26, "M": 0.77, "D": 0.05, "R": 0.54, "sving": 0.05, "os": 0.83, "foss": 0.0, "juv": 0.0, "B": 0.83, "Q": 150.39, "w": 94.0, "h": 1.46, "S": 0.00155, "elv": "Sanddøla - Sovvene", "km": 27.1}}, {"type": "Feature", "geometry": {"type": "LineString", "coordinates": [[12.51666, 64.44335], [12.51549, 64.44261]]}, "properties": {"P": 40.62, "tau": 23.83, "tau_c": 31.08, "omega": 26.92, "M": 0.77, "D": 0.01, "R": 0.54, "sving": 0.01, "os": 0.63, "foss": 0.0, "juv": 0.0, "B": 0.83, "Q": 150.72, "w": 100.0, "h": 1.33, "S": 0.00182, "elv": "Sanddøla - Sovvene", "km": 27.2}}, {"type": "Feature", "geometry": {"type": "LineString", "coordinates": [[12.51549, 64.44261], [12.5141, 64.44195]]}, "properties": {"P": 41.36, "tau": 25.34, "tau_c": 32.47, "omega": 29.39, "M": 0.78, "D": 0.01, "R": 0.55, "sving": 0.07, "os": 0.58, "foss": 0.0, "juv": 0.0, "B": 0.83, "Q": 150.74, "w": 100.0, "h": 1.3, "S": 0.00199, "elv": "Sanddøla - Sovvene", "km": 27.3}}, {"type": "Feature", "geometry": {"type": "LineString", "coordinates": [[12.59049, 64.48764], [12.58886, 64.48714]]}, "properties": {"P": 17.04, "tau": 7.77, "tau_c": 25.35, "omega": 4.4, "M": 0.31, "D": -0.0, "R": 0.03, "sving": 0.34, "os": 0.34, "foss": 0.0, "juv": 0.0, "B": 0.75, "Q": 11.1, "w": 29.98, "h": 0.65, "S": 0.00121, "elv": "Møkkelvasselva", "km": 0.5}}, {"type": "Feature", "geometry": {"type": "LineString", "coordinates": [[12.58886, 64.48714], [12.58694, 64.48681]]}, "properties": {"P": 17.89, "tau": 19.51, "tau_c": 49.18, "omega": 16.52, "M": 0.4, "D": -0.0, "R": 0.09, "sving": 0.31, "os": 0.3, "foss": 0.0, "juv": 0.0, "B": 0.75, "Q": 11.1, "w": 30.06, "h": 0.44, "S": 0.00456, "elv": "Møkkelvasselva", "km": 0.6}}, {"type": "Feature", "geometry": {"type": "LineString", "coordinates": [[12.58694, 64.48681], [12.58535, 64.48623]]}, "properties": {"P": 11.59, "tau": 19.52, "tau_c": 49.18, "omega": 16.53, "M": 0.4, "D": -0.0, "R": 0.09, "sving": 0.1, "os": 0.25, "foss": 0.0, "juv": 0.0, "B": 0.75, "Q": 11.11, "w": 30.07, "h": 0.44, "S": 0.00456, "elv": "Møkkelvasselva", "km": 0.7}}, {"type": "Feature", "geometry": {"type": "LineString", "coordinates": [[12.58535, 64.48623], [12.58363, 64.48645]]}, "properties": {"P": 7.91, "tau": 19.76, "tau_c": 49.18, "omega": 16.87, "M": 0.4, "D": -0.0, "R": 0.09, "sving": 0.02, "os": 0.17, "foss": 0.0, "juv": 0.0, "B": 0.75, "Q": 11.37, "w": 30.14, "h": 0.44, "S": 0.00456, "elv": "Møkkelvasselva", "km": 0.8}}, {"type": "Feature", "geometry": {"type": "LineString", "coordinates": [[12.58363, 64.48645], [12.58186, 64.48615]]}, "properties": {"P": 11.69, "tau": 24.08, "tau_c": 56.72, "omega": 22.4, "M": 0.42, "D": -0.0, "R": 0.11, "sving": 0.16, "os": 0.16, "foss": 0.0, "juv": 0.0, "B": 0.75, "Q": 11.38, "w": 30.23, "h": 0.4, "S": 0.00606, "elv": "Møkkelvasselva", "km": 0.9}}, {"type": "Feature", "geometry": {"type": "LineString", "coordinates": [[12.58186, 64.48615], [12.5799, 64.48586]]}, "properties": {"P": 16.17, "tau": 25.57, "tau_c": 59.25, "omega": 24.41, "M": 0.43, "D": 0.06, "R": 0.12, "sving": 0.16, "os": 0.25, "foss": 0.0, "juv": 0.0, "B": 0.75, "Q": 11.4, "w": 30.31, "h": 0.39, "S": 0.00662, "elv": "Møkkelvasselva", "km": 1.0}}, {"type": "Feature", "geometry": {"type": "LineString", "coordinates": [[12.5799, 64.48586], [12.5779, 64.48561]]}, "properties": {"P": 18.14, "tau": 22.08, "tau_c": 53.55, "omega": 19.76, "M": 0.41, "D": 0.12, "R": 0.1, "sving": 0.03, "os": 0.41, "foss": 0.0, "juv": 0.0, "B": 0.75, "Q": 11.4, "w": 30.61, "h": 0.42, "S": 0.00541, "elv": "Møkkelvasselva", "km": 1.1}}, {"type": "Feature", "geometry": {"type": "LineString", "coordinates": [[12.5779, 64.48561], [12.57586, 64.48548]]}, "properties": {"P": 32.52, "tau": 13.62, "tau_c": 38.06, "omega": 9.87, "M": 0.36, "D": 0.17, "R": 0.06, "sving": 0.39, "os": 0.67, "foss": 0.0, "juv": 0.0, "B": 0.75, "Q": 11.41, "w": 30.98, "h": 0.51, "S": 0.00273, "elv": "Møkkelvasselva", "km": 1.2}}, {"type": "Feature", "geometry": {"type": "LineString", "coordinates": [[12.57586, 64.48548], [12.57393, 64.48523]]}, "properties": {"P": 35.42, "tau": 17.6, "tau_c": 44.1, "omega": 14.4, "M": 0.4, "D": 0.12, "R": 0.09, "sving": 0.21, "os": 0.98, "foss": 0.0, "juv": 0.0, "B": 0.75, "Q": 12.53, "w": 31.27, "h": 0.49, "S": 0.00367, "elv": "Møkkelvasselva", "km": 1.3}}, {"type": "Feature", "geometry": {"type": "LineString", "coordinates": [[12.57393, 64.48523], [12.57362, 64.48453]]}, "properties": {"P": 26.83, "tau": 17.49, "tau_c": 44.1, "omega": 14.26, "M": 0.4, "D": 0.13, "R": 0.09, "sving": 0.21, "os": 0.61, "foss": 0.0, "juv": 0.0, "B": 0.75, "Q": 12.53, "w": 31.59, "h": 0.49, "S": 0.00367, "elv": "Møkkelvasselva", "km": 1.4}}, {"type": "Feature", "geometry": {"type": "LineString", "coordinates": [[12.57362, 64.48453], [12.57165, 64.48478]]}, "properties": {"P": 19.48, "tau": 12.03, "tau_c": 33.85, "omega": 8.32, "M": 0.36, "D": 0.18, "R": 0.06, "sving": 0.03, "os": 0.46, "foss": 0.0, "juv": 0.0, "B": 0.75, "Q": 12.53, "w": 31.9, "h": 0.57, "S": 0.00216, "elv": "Møkkelvasselva", "km": 1.5}}, {"type": "Feature", "geometry": {"type": "LineString", "coordinates": [[12.57165, 64.48478], [12.57037, 64.48429]]}, "properties": {"P": 25.77, "tau": 9.83, "tau_c": 29.2, "omega": 6.23, "M": 0.34, "D": 0.24, "R": 0.04, "sving": 0.36, "os": 0.33, "foss": 0.0, "juv": 0.0, "B": 0.75, "Q": 12.61, "w": 31.93, "h": 0.62, "S": 0.00161, "elv": "Møkkelvasselva", "km": 1.6}}, {"type": "Feature", "geometry": {"type": "LineString", "coordinates": [[12.57037, 64.48429], [12.56846, 64.48399]]}, "properties": {"P": 19.17, "tau": 9.82, "tau_c": 29.2, "omega": 6.22, "M": 0.34, "D": 0.24, "R": 0.04, "sving": 0.19, "os": 0.22, "foss": 0.0, "juv": 0.0, "B": 0.75, "Q": 12.61, "w": 31.96, "h": 0.62, "S": 0.00161, "elv": "Møkkelvasselva", "km": 1.7}}, {"type": "Feature", "geometry": {"type": "LineString", "coordinates": [[12.56846, 64.48399], [12.56658, 64.48362]]}, "properties": {"P": 13.61, "tau": 6.75, "tau_c": 22.27, "omega": 3.62, "M": 0.3, "D": 0.24, "R": 0.03, "sving": 0.06, "os": 0.14, "foss": 0.0, "juv": 0.0, "B": 0.75, "Q": 12.64, "w": 32.0, "h": 0.74, "S": 0.00094, "elv": "Møkkelvasselva", "km": 1.8}}, {"type": "Feature", "geometry": {"type": "LineString", "coordinates": [[12.56338, 64.48274], [12.56329, 64.48186]]}, "properties": {"P": 20.57, "tau": 7.64, "tau_c": 24.33, "omega": 4.33, "M": 0.31, "D": -0.0, "R": 0.03, "sving": 0.35, "os": 0.0, "foss": 0.47, "juv": 0.0, "B": 0.75, "Q": 12.68, "w": 32.04, "h": 0.7, "S": 0.00112, "elv": "Møkkelvasselva", "km": 2.1}}, {"type": "Feature", "geometry": {"type": "LineString", "coordinates": [[12.56329, 64.48186], [12.56227, 64.48122]]}, "properties": {"P": 15.87, "tau": 7.64, "tau_c": 24.33, "omega": 4.33, "M": 0.31, "D": -0.0, "R": 0.03, "sving": 0.05, "os": 0.0, "foss": 0.57, "juv": 0.0, "B": 0.75, "Q": 12.68, "w": 32.06, "h": 0.7, "S": 0.00112, "elv": "Møkkelvasselva", "km": 2.2}}, {"type": "Feature", "geometry": {"type": "LineString", "coordinates": [[12.56227, 64.48122], [12.56096, 64.48171]]}, "properties": {"P": 25.83, "tau": 12.67, "tau_c": 34.81, "omega": 8.99, "M": 0.36, "D": -0.0, "R": 0.06, "sving": 0.29, "os": 0.0, "foss": 0.71, "juv": 0.0, "B": 0.75, "Q": 12.69, "w": 31.65, "h": 0.57, "S": 0.00228, "elv": "Møkkelvasselva", "km": 2.3}}, {"type": "Feature", "geometry": {"type": "LineString", "coordinates": [[12.56096, 64.48171], [12.5601, 64.48112]]}, "properties": {"P": 23.57, "tau": 12.67, "tau_c": 34.81, "omega": 8.99, "M": 0.36, "D": -0.0, "R": 0.06, "sving": 0.1, "os": 0.0, "foss": 0.8, "juv": 0.0, "B": 0.75, "Q": 12.69, "w": 31.65, "h": 0.57, "S": 0.00228, "elv": "Møkkelvasselva", "km": 2.4}}, {"type": "Feature", "geometry": {"type": "LineString", "coordinates": [[12.5601, 64.48112], [12.55884, 64.4806]]}, "properties": {"P": 40.52, "tau": 20.68, "tau_c": 49.52, "omega": 18.17, "M": 0.42, "D": -0.0, "R": 0.1, "sving": 0.6, "os": 0.0, "foss": 0.95, "juv": 0.0, "B": 0.75, "Q": 12.7, "w": 31.68, "h": 0.46, "S": 0.00462, "elv": "Møkkelvasselva", "km": 2.5}}, {"type": "Feature", "geometry": {"type": "LineString", "coordinates": [[12.55884, 64.4806], [12.55732, 64.48003]]}, "properties": {"P": 27.99, "tau": 20.68, "tau_c": 49.52, "omega": 18.16, "M": 0.42, "D": 0.01, "R": 0.1, "sving": 0.27, "os": 0.0, "foss": 0.73, "juv": 0.0, "B": 0.75, "Q": 12.7, "w": 31.71, "h": 0.46, "S": 0.00462, "elv": "Møkkelvasselva", "km": 2.6}}, {"type": "Feature", "geometry": {"type": "LineString", "coordinates": [[12.55732, 64.48003], [12.55598, 64.47935]]}, "properties": {"P": 25.01, "tau": 19.56, "tau_c": 47.15, "omega": 16.81, "M": 0.41, "D": 0.05, "R": 0.1, "sving": 0.23, "os": 0.07, "foss": 0.53, "juv": 0.0, "B": 0.75, "Q": 12.79, "w": 31.29, "h": 0.48, "S": 0.00419, "elv": "Møkkelvasselva", "km": 2.7}}, {"type": "Feature", "geometry": {"type": "LineString", "coordinates": [[12.55598, 64.47935], [12.55404, 64.47911]]}, "properties": {"P": 20.12, "tau": 19.38, "tau_c": 47.15, "omega": 16.56, "M": 0.41, "D": 0.08, "R": 0.1, "sving": 0.09, "os": 0.11, "foss": 0.38, "juv": 0.0, "B": 0.75, "Q": 12.8, "w": 31.76, "h": 0.47, "S": 0.00419, "elv": "Møkkelvasselva", "km": 2.8}}, {"type": "Feature", "geometry": {"type": "LineString", "coordinates": [[12.55404, 64.47911], [12.55201, 64.47897]]}, "properties": {"P": 21.58, "tau": 15.5, "tau_c": 40.05, "omega": 12.03, "M": 0.39, "D": 0.21, "R": 0.08, "sving": 0.05, "os": 0.18, "foss": 0.28, "juv": 0.0, "B": 0.75, "Q": 12.9, "w": 31.81, "h": 0.52, "S": 0.00302, "elv": "Møkkelvasselva", "km": 2.9}}, {"type": "Feature", "geometry": {"type": "LineString", "coordinates": [[12.55201, 64.47897], [12.55018, 64.47856]]}, "properties": {"P": 23.42, "tau": 15.49, "tau_c": 40.05, "omega": 12.02, "M": 0.39, "D": 0.33, "R": 0.08, "sving": 0.15, "os": 0.28, "foss": 0.0, "juv": 0.0, "B": 0.75, "Q": 12.91, "w": 31.84, "h": 0.52, "S": 0.00302, "elv": "Møkkelvasselva", "km": 3.0}}, {"type": "Feature", "geometry": {"type": "LineString", "coordinates": [[12.54707, 64.47739], [12.54542, 64.47684]]}, "properties": {"P": 28.0, "tau": 9.44, "tau_c": 28.05, "omega": 5.9, "M": 0.34, "D": 0.16, "R": 0.04, "sving": 0.11, "os": 0.8, "foss": 0.0, "juv": 0.0, "B": 0.75, "Q": 13.21, "w": 32.57, "h": 0.65, "S": 0.00148, "elv": "Møkkelvasselva", "km": 3.3}}, {"type": "Feature", "geometry": {"type": "LineString", "coordinates": [[12.54542, 64.47684], [12.54382, 64.47627]]}, "properties": {"P": 27.55, "tau": 14.74, "tau_c": 38.66, "omega": 11.19, "M": 0.38, "D": -0.0, "R": 0.07, "sving": 0.56, "os": 0.49, "foss": 0.0, "juv": 0.0, "B": 0.75, "Q": 13.22, "w": 32.65, "h": 0.53, "S": 0.00282, "elv": "Møkkelvasselva", "km": 3.4}}, {"type": "Feature", "geometry": {"type": "LineString", "coordinates": [[12.54382, 64.47627], [12.54206, 64.4759]]}, "properties": {"P": 16.24, "tau": 14.72, "tau_c": 38.66, "omega": 11.17, "M": 0.38, "D": -0.0, "R": 0.07, "sving": 0.27, "os": 0.3, "foss": 0.0, "juv": 0.0, "B": 0.75, "Q": 13.23, "w": 32.73, "h": 0.53, "S": 0.00282, "elv": "Møkkelvasselva", "km": 3.5}}, {"type": "Feature", "geometry": {"type": "LineString", "coordinates": [[12.54206, 64.4759], [12.54067, 64.47652]]}, "properties": {"P": 14.63, "tau": 15.57, "tau_c": 40.25, "omega": 12.1, "M": 0.39, "D": -0.0, "R": 0.08, "sving": 0.31, "os": 0.19, "foss": 0.0, "juv": 0.0, "B": 0.75, "Q": 13.23, "w": 32.74, "h": 0.52, "S": 0.00305, "elv": "Møkkelvasselva", "km": 3.6}}, {"type": "Feature", "geometry": {"type": "LineString", "coordinates": [[12.54067, 64.47652], [12.53904, 64.47657]]}, "properties": {"P": 12.14, "tau": 15.58, "tau_c": 40.25, "omega": 12.11, "M": 0.39, "D": -0.0, "R": 0.08, "sving": 0.23, "os": 0.16, "foss": 0.0, "juv": 0.0, "B": 0.75, "Q": 13.25, "w": 32.75, "h": 0.52, "S": 0.00305, "elv": "Møkkelvasselva", "km": 3.7}}, {"type": "Feature", "geometry": {"type": "LineString", "coordinates": [[12.53904, 64.47657], [12.53892, 64.47568]]}, "properties": {"P": 17.31, "tau": 15.58, "tau_c": 40.25, "omega": 12.12, "M": 0.39, "D": 0.02, "R": 0.08, "sving": 0.47, "os": 0.11, "foss": 0.0, "juv": 0.0, "B": 0.75, "Q": 13.25, "w": 32.76, "h": 0.52, "S": 0.00305, "elv": "Møkkelvasselva", "km": 3.8}}, {"type": "Feature", "geometry": {"type": "LineString", "coordinates": [[12.53892, 64.47568], [12.53796, 64.47493]]}, "properties": {"P": 9.03, "tau": 18.08, "tau_c": 44.8, "omega": 15.0, "M": 0.4, "D": 0.03, "R": 0.09, "sving": 0.1, "os": 0.09, "foss": 0.0, "juv": 0.0, "B": 0.75, "Q": 13.26, "w": 32.79, "h": 0.49, "S": 0.00378, "elv": "Møkkelvasselva", "km": 3.9}}, {"type": "Feature", "geometry": {"type": "LineString", "coordinates": [[12.53796, 64.47493], [12.53613, 64.47453]]}, "properties": {"P": 21.88, "tau": 13.5, "tau_c": 36.04, "omega": 9.88, "M": 0.37, "D": 0.08, "R": 0.07, "sving": 0.66, "os": 0.06, "foss": 0.0, "juv": 0.0, "B": 0.75, "Q": 13.26, "w": 32.24, "h": 0.56, "S": 0.00245, "elv": "Møkkelvasselva", "km": 4.0}}, {"type": "Feature", "geometry": {"type": "LineString", "coordinates": [[12.53613, 64.47453], [12.53425, 64.47483]]}, "properties": {"P": 16.55, "tau": 14.49, "tau_c": 37.82, "omega": 10.95, "M": 0.38, "D": 0.06, "R": 0.08, "sving": 0.51, "os": 0.0, "foss": 0.0, "juv": 0.0, "B": 0.75, "Q": 13.35, "w": 32.27, "h": 0.55, "S": 0.0027, "elv": "Møkkelvasselva", "km": 4.1}}, {"type": "Feature", "geometry": {"type": "LineString", "coordinates": [[12.53425, 64.47483], [12.53227, 64.47504]]}, "properties": {"P": 10.34, "tau": 13.59, "tau_c": 36.13, "omega": 9.98, "M": 0.38, "D": 0.05, "R": 0.07, "sving": 0.2, "os": 0.06, "foss": 0.0, "juv": 0.0, "B": 0.74, "Q": 13.36, "w": 32.29, "h": 0.56, "S": 0.00246, "elv": "Møkkelvasselva", "km": 4.2}}, {"type": "Feature", "geometry": {"type": "LineString", "coordinates": [[12.53227, 64.47504], [12.53029, 64.47528]]}, "properties": {"P": 12.03, "tau": 15.63, "tau_c": 39.95, "omega": 12.2, "M": 0.39, "D": 0.03, "R": 0.08, "sving": 0.24, "os": 0.1, "foss": 0.0, "juv": 0.0, "B": 0.74, "Q": 13.36, "w": 32.32, "h": 0.53, "S": 0.00301, "elv": "Møkkelvasselva", "km": 4.3}}, {"type": "Feature", "geometry": {"type": "LineString", "coordinates": [[12.53029, 64.47528], [12.52826, 64.47535]]}, "properties": {"P": 10.14, "tau": 15.63, "tau_c": 39.95, "omega": 12.21, "M": 0.39, "D": 0.09, "R": 0.08, "sving": 0.03, "os": 0.16, "foss": 0.0, "juv": 0.0, "B": 0.74, "Q": 13.37, "w": 32.32, "h": 0.53, "S": 0.00301, "elv": "Møkkelvasselva", "km": 4.4}}, {"type": "Feature", "geometry": {"type": "LineString", "coordinates": [[12.52826, 64.47535], [12.52627, 64.47508]]}, "properties": {"P": 18.11, "tau": 10.48, "tau_c": 30.21, "omega": 6.86, "M": 0.35, "D": 0.17, "R": 0.05, "sving": 0.22, "os": 0.25, "foss": 0.0, "juv": 0.0, "B": 0.74, "Q": 13.37, "w": 32.9, "h": 0.62, "S": 0.00172, "elv": "Møkkelvasselva", "km": 4.5}}, {"type": "Feature", "geometry": {"type": "LineString", "coordinates": [[12.52627, 64.47508], [12.52424, 64.47524]]}, "properties": {"P": 17.68, "tau": 10.48, "tau_c": 30.21, "omega": 6.86, "M": 0.35, "D": 0.14, "R": 0.05, "sving": 0.08, "os": 0.41, "foss": 0.0, "juv": 0.0, "B": 0.74, "Q": 13.37, "w": 32.9, "h": 0.62, "S": 0.00172, "elv": "Møkkelvasselva", "km": 4.6}}, {"type": "Feature", "geometry": {"type": "LineString", "coordinates": [[12.52424, 64.47524], [12.52274, 64.47504]]}, "properties": {"P": 39.5, "tau": 9.4, "tau_c": 27.95, "omega": 5.87, "M": 0.34, "D": 0.11, "R": 0.04, "sving": 0.53, "os": 0.64, "foss": 0.3, "juv": 0.0, "B": 0.74, "Q": 13.37, "w": 32.9, "h": 0.65, "S": 0.00147, "elv": "Møkkelvasselva", "km": 4.7}}, {"type": "Feature", "geometry": {"type": "LineString", "coordinates": [[12.52274, 64.47504], [12.52126, 64.47496]]}, "properties": {"P": 44.68, "tau": 10.65, "tau_c": 30.56, "omega": 7.02, "M": 0.35, "D": 0.03, "R": 0.05, "sving": 0.57, "os": 0.9, "foss": 0.32, "juv": 0.0, "B": 0.74, "Q": 13.37, "w": 32.9, "h": 0.62, "S": 0.00176, "elv": "Møkkelvasselva", "km": 4.8}}, {"type": "Feature", "geometry": {"type": "LineString", "coordinates": [[12.52126, 64.47496], [12.52042, 64.47572]]}, "properties": {"P": 38.47, "tau": 8.63, "tau_c": 26.27, "omega": 5.18, "M": 0.33, "D": 0.04, "R": 0.04, "sving": 0.48, "os": 0.72, "foss": 0.35, "juv": 0.0, "B": 0.74, "Q": 13.37, "w": 32.92, "h": 0.68, "S": 0.0013, "elv": "Møkkelvasselva", "km": 4.9}}, {"type": "Feature", "geometry": {"type": "LineString", "coordinates": [[12.52042, 64.47572], [12.52067, 64.4766]]}, "properties": {"P": 39.65, "tau": 12.83, "tau_c": 35.09, "omega": 9.16, "M": 0.37, "D": 0.01, "R": 0.06, "sving": 0.63, "os": 0.49, "foss": 0.47, "juv": 0.0, "B": 0.74, "Q": 13.37, "w": 33.22, "h": 0.56, "S": 0.00232, "elv": "Møkkelvasselva", "km": 5.0}}, {"type": "Feature", "geometry": {"type": "LineString", "coordinates": [[12.52067, 64.4766], [12.51956, 64.4773]]}, "properties": {"P": 28.42, "tau": 10.2, "tau_c": 29.82, "omega": 6.58, "M": 0.34, "D": 0.01, "R": 0.05, "sving": 0.16, "os": 0.34, "foss": 0.63, "juv": 0.0, "B": 0.74, "Q": 13.42, "w": 33.53, "h": 0.62, "S": 0.00168, "elv": "Møkkelvasselva", "km": 5.1}}, {"type": "Feature", "geometry": {"type": "LineString", "coordinates": [[12.51956, 64.4773], [12.51953, 64.47815]]}, "properties": {"P": 29.53, "tau": 12.48, "tau_c": 33.34, "omega": 8.89, "M": 0.37, "D": -0.0, "R": 0.07, "sving": 0.07, "os": 0.21, "foss": 0.86, "juv": 0.0, "B": 0.75, "Q": 14.64, "w": 33.84, "h": 0.61, "S": 0.0021, "elv": "Møkkelvasselva", "km": 5.2}}, {"type": "Feature", "geometry": {"type": "LineString", "coordinates": [[12.97763, 64.57901], [12.97569, 64.57934]]}, "properties": {"P": 11.84, "tau": 79.95, "tau_c": 119.93, "omega": 129.95, "M": 0.67, "D": 0.0, "R": 0.4, "sving": 0.23, "os": 0.0, "foss": 0.0, "juv": 0.0, "B": 0.42, "Q": 19.35, "w": 39.59, "h": 0.3, "S": 0.02711, "elv": "bekk", "km": 0.0}}, {"type": "Feature", "geometry": {"type": "LineString", "coordinates": [[12.97569, 64.57934], [12.97384, 64.57969]]}, "properties": {"P": 39.86, "tau": 91.54, "tau_c": 132.14, "omega": 157.78, "M": 0.69, "D": 0.0, "R": 0.44, "sving": 0.24, "os": 0.0, "foss": 1.0, "juv": 0.0, "B": 0.65, "Q": 19.35, "w": 39.6, "h": 0.28, "S": 0.03291, "elv": "bekk", "km": 0.1}}, {"type": "Feature", "geometry": {"type": "LineString", "coordinates": [[12.97384, 64.57969], [12.97224, 64.58025]]}, "properties": {"P": 38.67, "tau": 93.95, "tau_c": 128.6, "omega": 165.94, "M": 0.73, "D": 0.0, "R": 0.49, "sving": 0.09, "os": 0.0, "foss": 1.0, "juv": 0.0, "B": 0.65, "Q": 19.37, "w": 35.68, "h": 0.31, "S": 0.03117, "elv": "bekk", "km": 0.2}}, {"type": "Feature", "geometry": {"type": "LineString", "coordinates": [[12.97224, 64.58025], [12.97087, 64.58092]]}, "properties": {"P": 40.95, "tau": 102.13, "tau_c": 136.45, "omega": 187.05, "M": 0.75, "D": 0.0, "R": 0.51, "sving": 0.17, "os": 0.0, "foss": 1.0, "juv": 0.0, "B": 0.65, "Q": 19.4, "w": 35.7, "h": 0.3, "S": 0.03509, "elv": "bekk", "km": 0.3}}, {"type": "Feature", "geometry": {"type": "LineString", "coordinates": [[12.97087, 64.58092], [12.96919, 64.58144]]}, "properties": {"P": 37.08, "tau": 110.37, "tau_c": 144.23, "omega": 209.06, "M": 0.77, "D": 0.0, "R": 0.53, "sving": 0.22, "os": 0.0, "foss": 0.72, "juv": 0.0, "B": 0.65, "Q": 19.41, "w": 35.72, "h": 0.29, "S": 0.03921, "elv": "bekk", "km": 0.4}}, {"type": "Feature", "geometry": {"type": "LineString", "coordinates": [[12.96919, 64.58144], [12.96721, 64.58141]]}, "properties": {"P": 41.78, "tau": 103.43, "tau_c": 137.67, "omega": 190.49, "M": 0.75, "D": 0.03, "R": 0.51, "sving": 0.16, "os": 0.0, "foss": 1.0, "juv": 0.0, "B": 0.65, "Q": 19.43, "w": 35.74, "h": 0.3, "S": 0.03572, "elv": "bekk", "km": 0.5}}, {"type": "Feature", "geometry": {"type": "LineString", "coordinates": [[12.96721, 64.58141], [12.96534, 64.58148]]}, "properties": {"P": 40.52, "tau": 104.71, "tau_c": 138.86, "omega": 193.88, "M": 0.75, "D": 0.04, "R": 0.52, "sving": 0.08, "os": 0.0, "foss": 1.0, "juv": 0.0, "B": 0.65, "Q": 19.44, "w": 35.75, "h": 0.29, "S": 0.03634, "elv": "bekk", "km": 0.6}}, {"type": "Feature", "geometry": {"type": "LineString", "coordinates": [[12.96534, 64.58148], [12.96378, 64.58177]]}, "properties": {"P": 35.33, "tau": 91.6, "tau_c": 132.02, "omega": 157.99, "M": 0.69, "D": 0.05, "R": 0.44, "sving": 0.22, "os": 0.0, "foss": 0.72, "juv": 0.0, "B": 0.65, "Q": 19.46, "w": 39.69, "h": 0.28, "S": 0.03285, "elv": "bekk", "km": 0.7}}, {"type": "Feature", "geometry": {"type": "LineString", "coordinates": [[12.9915, 64.56472], [12.99308, 64.56523]]}, "properties": {"P": 17.07, "tau": 63.33, "tau_c": 206.66, "omega": 73.22, "M": 0.31, "D": 0.0, "R": 0.03, "sving": 0.07, "os": 0.18, "foss": 1.0, "juv": 0.0, "B": 0.42, "Q": 0.7, "w": 7.5, "h": 0.08, "S": 0.08049, "elv": "bekk", "km": 0.8}}, {"type": "Feature", "geometry": {"type": "LineString", "coordinates": [[12.52986, 64.4407], [12.52869, 64.44133]]}, "properties": {"P": 17.9, "tau": 72.81, "tau_c": 228.54, "omega": 89.41, "M": 0.32, "D": 0.0, "R": 0.04, "sving": 0.29, "os": 0.05, "foss": 1.0, "juv": 0.0, "B": 0.41, "Q": 0.69, "w": 7.5, "h": 0.08, "S": 0.09844, "elv": "Storbekken", "km": 0.9}}, {"type": "Feature", "geometry": {"type": "LineString", "coordinates": [[12.52869, 64.44133], [12.52831, 64.44217]]}, "properties": {"P": 16.6, "tau": 96.05, "tau_c": 277.7, "omega": 133.15, "M": 0.35, "D": 0.0, "R": 0.05, "sving": 0.21, "os": 0.0, "foss": 1.0, "juv": 0.0, "B": 0.41, "Q": 0.71, "w": 7.56, "h": 0.07, "S": 0.14535, "elv": "Storbekken", "km": 1.0}}, {"type": "Feature", "geometry": {"type": "LineString", "coordinates": [[12.52831, 64.44217], [12.52786, 64.44296]]}, "properties": {"P": 17.14, "tau": 111.25, "tau_c": 307.41, "omega": 164.54, "M": 0.36, "D": 0.0, "R": 0.06, "sving": 0.18, "os": 0.05, "foss": 1.0, "juv": 0.0, "B": 0.41, "Q": 0.72, "w": 7.63, "h": 0.06, "S": 0.17811, "elv": "Storbekken", "km": 1.1}}, {"type": "Feature", "geometry": {"type": "LineString", "coordinates": [[12.52786, 64.44296], [12.52704, 64.44378]]}, "properties": {"P": 17.03, "tau": 117.28, "tau_c": 318.12, "omega": 177.67, "M": 0.37, "D": 0.0, "R": 0.06, "sving": 0.14, "os": 0.07, "foss": 1.0, "juv": 0.0, "B": 0.41, "Q": 0.73, "w": 7.69, "h": 0.06, "S": 0.19074, "elv": "Storbekken", "km": 1.2}}, {"type": "Feature", "geometry": {"type": "LineString", "coordinates": [[12.52704, 64.44378], [12.52663, 64.44466]]}, "properties": {"P": 17.29, "tau": 128.99, "tau_c": 339.37, "omega": 203.86, "M": 0.38, "D": 0.0, "R": 0.07, "sving": 0.13, "os": 0.09, "foss": 1.0, "juv": 0.0, "B": 0.41, "Q": 0.74, "w": 7.75, "h": 0.06, "S": 0.21708, "elv": "Storbekken", "km": 1.3}}, {"type": "Feature", "geometry": {"type": "LineString", "coordinates": [[12.52663, 64.44466], [12.52553, 64.44539]]}, "properties": {"P": 17.01, "tau": 134.41, "tau_c": 348.08, "omega": 216.53, "M": 0.39, "D": 0.0, "R": 0.08, "sving": 0.08, "os": 0.1, "foss": 1.0, "juv": 0.0, "B": 0.41, "Q": 0.75, "w": 7.8, "h": 0.06, "S": 0.22837, "elv": "Storbekken", "km": 1.4}}, {"type": "Feature", "geometry": {"type": "LineString", "coordinates": [[12.52408, 64.4075], [12.52365, 64.40672]]}, "properties": {"P": 28.31, "tau": 56.04, "tau_c": 178.43, "omega": 62.52, "M": 0.31, "D": 0.1, "R": 0.03, "sving": 0.35, "os": 0.93, "foss": 0.72, "juv": 0.0, "B": 0.41, "Q": 0.78, "w": 7.35, "h": 0.1, "S": 0.06001, "elv": "Bustadhaugbekken", "km": 2.0}}, {"type": "Feature", "geometry": {"type": "LineString", "coordinates": [[12.51914, 64.47899], [12.51823, 64.47978]]}, "properties": {"P": 28.57, "tau": 14.53, "tau_c": 37.48, "omega": 11.05, "M": 0.39, "D": 0.0, "R": 0.08, "sving": 0.56, "os": 0.86, "foss": 0.61, "juv": 0.0, "B": 0.42, "Q": 14.66, "w": 34.46, "h": 0.56, "S": 0.00265, "elv": "Elstadelva", "km": 0.0}}, {"type": "Feature", "geometry": {"type": "LineString", "coordinates": [[12.51823, 64.47978], [12.51848, 64.48065]]}, "properties": {"P": 44.35, "tau": 19.26, "tau_c": 45.86, "omega": 16.55, "M": 0.42, "D": 0.0, "R": 0.11, "sving": 0.46, "os": 0.53, "foss": 0.45, "juv": 0.0, "B": 0.87, "Q": 14.67, "w": 34.47, "h": 0.5, "S": 0.00396, "elv": "Elstadelva", "km": 0.1}}, {"type": "Feature", "geometry": {"type": "LineString", "coordinates": [[12.51848, 64.48065], [12.51903, 64.48147]]}, "properties": {"P": 33.86, "tau": 19.5, "tau_c": 46.27, "omega": 16.85, "M": 0.42, "D": 0.01, "R": 0.11, "sving": 0.1, "os": 0.61, "foss": 0.33, "juv": 0.0, "B": 0.87, "Q": 14.68, "w": 34.47, "h": 0.49, "S": 0.00403, "elv": "Elstadelva", "km": 0.2}}, {"type": "Feature", "geometry": {"type": "LineString", "coordinates": [[12.51903, 64.48147], [12.51992, 64.48226]]}, "properties": {"P": 38.13, "tau": 17.46, "tau_c": 42.24, "omega": 14.41, "M": 0.41, "D": 0.06, "R": 0.1, "sving": 0.18, "os": 0.96, "foss": 0.0, "juv": 0.0, "B": 0.87, "Q": 14.68, "w": 33.58, "h": 0.53, "S": 0.00336, "elv": "Elstadelva", "km": 0.3}}, {"type": "Feature", "geometry": {"type": "LineString", "coordinates": [[12.51992, 64.48226], [12.51857, 64.48292]]}, "properties": {"P": 39.29, "tau": 17.46, "tau_c": 42.24, "omega": 14.41, "M": 0.41, "D": 0.11, "R": 0.1, "sving": 0.16, "os": 0.96, "foss": 0.0, "juv": 0.0, "B": 0.87, "Q": 14.68, "w": 33.58, "h": 0.53, "S": 0.00336, "elv": "Elstadelva", "km": 0.4}}, {"type": "Feature", "geometry": {"type": "LineString", "coordinates": [[12.51857, 64.48292], [12.51786, 64.48374]]}, "properties": {"P": 48.56, "tau": 14.0, "tau_c": 36.15, "omega": 10.49, "M": 0.39, "D": 0.21, "R": 0.08, "sving": 0.77, "os": 0.6, "foss": 0.0, "juv": 0.0, "B": 0.87, "Q": 14.68, "w": 33.82, "h": 0.58, "S": 0.00246, "elv": "Elstadelva", "km": 0.5}}, {"type": "Feature", "geometry": {"type": "LineString", "coordinates": [[12.51786, 64.48374], [12.51757, 64.48456]]}, "properties": {"P": 24.76, "tau": 12.21, "tau_c": 32.88, "omega": 8.62, "M": 0.37, "D": 0.3, "R": 0.07, "sving": 0.02, "os": 0.38, "foss": 0.0, "juv": 0.0, "B": 0.87, "Q": 14.68, "w": 34.06, "h": 0.61, "S": 0.00204, "elv": "Elstadelva", "km": 0.6}}, {"type": "Feature", "geometry": {"type": "LineString", "coordinates": [[12.51757, 64.48456], [12.51555, 64.48454]]}, "properties": {"P": 28.75, "tau": 6.15, "tau_c": 19.54, "omega": 3.23, "M": 0.31, "D": 0.43, "R": 0.03, "sving": 0.16, "os": 0.24, "foss": 0.0, "juv": 0.0, "B": 0.88, "Q": 15.71, "w": 34.3, "h": 0.87, "S": 0.00072, "elv": "Elstadelva", "km": 0.7}}, {"type": "Feature", "geometry": {"type": "LineString", "coordinates": [[12.51443, 64.48597], [12.51321, 64.48665]]}, "properties": {"P": 9.42, "tau": 4.42, "tau_c": 14.33, "omega": 2.03, "M": 0.31, "D": 0.07, "R": 0.03, "sving": 0.06, "os": 0.14, "foss": 0.0, "juv": 0.0, "B": 0.88, "Q": 15.72, "w": 29.41, "h": 1.16, "S": 0.00039, "elv": "Elstadelva", "km": 1.0}}, {"type": "Feature", "geometry": {"type": "LineString", "coordinates": [[12.52498, 64.58152], [12.52521, 64.58063]]}, "properties": {"P": 19.59, "tau": 4.08, "tau_c": 11.65, "omega": 2.28, "M": 0.35, "D": 0.0, "R": 0.05, "sving": 0.0, "os": 0.5, "foss": 0.0, "juv": 0.0, "B": 1.06, "Q": 437.29, "w": 188.21, "h": 4.16, "S": 0.0001, "elv": "Namsen", "km": 0.0}}, {"type": "Feature", "geometry": {"type": "LineString", "coordinates": [[12.52521, 64.58063], [12.52544, 64.57974]]}, "properties": {"P": 15.16, "tau": 4.08, "tau_c": 11.65, "omega": 2.28, "M": 0.35, "D": 0.0, "R": 0.05, "sving": 0.06, "os": 0.31, "foss": 0.0, "juv": 0.0, "B": 1.06, "Q": 437.3, "w": 188.21, "h": 4.16, "S": 0.0001, "elv": "Namsen", "km": 0.1}}, {"type": "Feature", "geometry": {"type": "LineString", "coordinates": [[12.52544, 64.57974], [12.52567, 64.57885]]}, "properties": {"P": 12.57, "tau": 4.08, "tau_c": 11.65, "omega": 2.28, "M": 0.35, "D": 0.0, "R": 0.05, "sving": 0.1, "os": 0.19, "foss": 0.0, "juv": 0.0, "B": 1.06, "Q": 437.33, "w": 188.21, "h": 4.16, "S": 0.0001, "elv": "Namsen", "km": 0.2}}, {"type": "Feature", "geometry": {"type": "LineString", "coordinates": [[12.52567, 64.57885], [12.52566, 64.57796]]}, "properties": {"P": 11.68, "tau": 4.08, "tau_c": 11.65, "omega": 2.28, "M": 0.35, "D": 0.0, "R": 0.05, "sving": 0.15, "os": 0.11, "foss": 0.0, "juv": 0.0, "B": 1.06, "Q": 437.33, "w": 188.21, "h": 4.16, "S": 0.0001, "elv": "Namsen", "km": 0.3}}, {"type": "Feature", "geometry": {"type": "LineString", "coordinates": [[12.52566, 64.57796], [12.52533, 64.57707]]}, "properties": {"P": 26.7, "tau": 6.72, "tau_c": 11.65, "omega": 4.67, "M": 0.58, "D": 0.0, "R": 0.28, "sving": 0.26, "os": 0.07, "foss": 0.0, "juv": 0.0, "B": 1.06, "Q": 437.35, "w": 188.22, "h": 3.34, "S": 0.0002, "elv": "Namsen", "km": 0.4}}, {"type": "Feature", "geometry": {"type": "LineString", "coordinates": [[12.52533, 64.57707], [12.52477, 64.57623]]}, "properties": {"P": 27.53, "tau": 6.69, "tau_c": 11.65, "omega": 4.64, "M": 0.57, "D": 0.01, "R": 0.28, "sving": 0.28, "os": 0.07, "foss": 0.0, "juv": 0.0, "B": 1.06, "Q": 437.35, "w": 188.22, "h": 3.35, "S": 0.0002, "elv": "Namsen", "km": 0.5}}, {"type": "Feature", "geometry": {"type": "LineString", "coordinates": [[12.52477, 64.57623], [12.52361, 64.57548]]}, "properties": {"P": 28.58, "tau": 6.77, "tau_c": 11.65, "omega": 4.73, "M": 0.58, "D": 0.04, "R": 0.29, "sving": 0.22, "os": 0.11, "foss": 0.0, "juv": 0.0, "B": 1.06, "Q": 437.39, "w": 184.58, "h": 3.39, "S": 0.0002, "elv": "Namsen", "km": 0.6}}, {"type": "Feature", "geometry": {"type": "LineString", "coordinates": [[12.52361, 64.57548], [12.52218, 64.57483]]}, "properties": {"P": 22.16, "tau": 6.24, "tau_c": 11.65, "omega": 4.23, "M": 0.54, "D": 0.08, "R": 0.23, "sving": 0.01, "os": 0.17, "foss": 0.0, "juv": 0.0, "B": 1.06, "Q": 437.4, "w": 172.93, "h": 3.73, "S": 0.00017, "elv": "Namsen", "km": 0.7}}, {"type": "Feature", "geometry": {"type": "LineString", "coordinates": [[12.52218, 64.57483], [12.52077, 64.57417]]}, "properties": {"P": 26.86, "tau": 5.42, "tau_c": 11.65, "omega": 3.47, "M": 0.47, "D": 0.11, "R": 0.15, "sving": 0.12, "os": 0.29, "foss": 0.0, "juv": 0.0, "B": 1.06, "Q": 437.45, "w": 167.29, "h": 4.09, "S": 0.00014, "elv": "Namsen", "km": 0.8}}, {"type": "Feature", "geometry": {"type": "LineString", "coordinates": [[12.52077, 64.57417], [12.52023, 64.57331]]}, "properties": {"P": 30.01, "tau": 5.23, "tau_c": 11.65, "omega": 3.31, "M": 0.45, "D": 0.09, "R": 0.13, "sving": 0.08, "os": 0.47, "foss": 0.0, "juv": 0.0, "B": 1.06, "Q": 437.46, "w": 161.65, "h": 4.28, "S": 0.00012, "elv": "Namsen", "km": 0.9}}, {"type": "Feature", "geometry": {"type": "LineString", "coordinates": [[12.52023, 64.57331], [12.51969, 64.57245]]}, "properties": {"P": 33.11, "tau": 4.6, "tau_c": 11.65, "omega": 2.75, "M": 0.39, "D": 0.07, "R": 0.08, "sving": 0.08, "os": 0.68, "foss": 0.0, "juv": 0.0, "B": 1.06, "Q": 437.47, "w": 156.0, "h": 4.69, "S": 0.0001, "elv": "Namsen", "km": 1.0}}, {"type": "Feature", "geometry": {"type": "LineString", "coordinates": [[12.51969, 64.57245], [12.51863, 64.57168]]}, "properties": {"P": 32.07, "tau": 5.1, "tau_c": 11.65, "omega": 3.19, "M": 0.44, "D": 0.02, "R": 0.12, "sving": 0.1, "os": 0.63, "foss": 0.0, "juv": 0.0, "B": 1.06, "Q": 437.53, "w": 159.65, "h": 4.38, "S": 0.00012, "elv": "Namsen", "km": 1.1}}, {"type": "Feature", "geometry": {"type": "LineString", "coordinates": [[12.51863, 64.57168], [12.51758, 64.57091]]}, "properties": {"P": 24.37, "tau": 4.84, "tau_c": 11.65, "omega": 2.94, "M": 0.42, "D": 0.02, "R": 0.1, "sving": 0.1, "os": 0.44, "foss": 0.0, "juv": 0.0, "B": 1.06, "Q": 437.53, "w": 173.36, "h": 4.16, "S": 0.00012, "elv": "Namsen", "km": 1.2}}, {"type": "Feature", "geometry": {"type": "LineString", "coordinates": [[12.51758, 64.57091], [12.51652, 64.57013]]}, "properties": {"P": 16.95, "tau": 4.95, "tau_c": 11.65, "omega": 3.02, "M": 0.42, "D": 0.0, "R": 0.11, "sving": 0.04, "os": 0.28, "foss": 0.0, "juv": 0.0, "B": 1.06, "Q": 437.53, "w": 181.08, "h": 3.96, "S": 0.00013, "elv": "Namsen", "km": 1.3}}, {"type": "Feature", "geometry": {"type": "LineString", "coordinates": [[12.51652, 64.57013], [12.51546, 64.56936]]}, "properties": {"P": 15.34, "tau": 4.98, "tau_c": 11.65, "omega": 3.07, "M": 0.43, "D": 0.0, "R": 0.11, "sving": 0.07, "os": 0.19, "foss": 0.0, "juv": 0.0, "B": 1.07, "Q": 486.75, "w": 188.79, "h": 4.18, "S": 0.00012, "elv": "Namsen", "km": 1.4}}, {"type": "Feature", "geometry": {"type": "LineString", "coordinates": [[12.51546, 64.56936], [12.51462, 64.56854]]}, "properties": {"P": 22.79, "tau": 5.51, "tau_c": 11.65, "omega": 3.54, "M": 0.47, "D": 0.02, "R": 0.16, "sving": 0.07, "os": 0.32, "foss": 0.0, "juv": 0.0, "B": 1.07, "Q": 486.76, "w": 196.5, "h": 3.85, "S": 0.00015, "elv": "Namsen", "km": 1.5}}, {"type": "Feature", "geometry": {"type": "LineString", "coordinates": [[12.51462, 64.56854], [12.51391, 64.5677]]}, "properties": {"P": 37.1, "tau": 6.39, "tau_c": 11.65, "omega": 4.38, "M": 0.55, "D": 0.06, "R": 0.25, "sving": 0.09, "os": 0.53, "foss": 0.0, "juv": 0.0, "B": 1.07, "Q": 486.77, "w": 198.57, "h": 3.58, "S": 0.00018, "elv": "Namsen", "km": 1.6}}, {"type": "Feature", "geometry": {"type": "LineString", "coordinates": [[12.54058, 64.53387], [12.53863, 64.53413]]}, "properties": {"P": 44.35, "tau": 23.41, "tau_c": 74.53, "omega": 19.35, "M": 0.31, "D": -0.0, "R": 0.03, "sving": 0.78, "os": 0.9, "foss": 0.51, "juv": 0.0, "B": 0.63, "Q": 2.17, "w": 11.5, "h": 0.23, "S": 0.01047, "elv": "Ramsjøelva", "km": 1.9}}, {"type": "Feature", "geometry": {"type": "LineString", "coordinates": [[12.53863, 64.53413], [12.5368, 64.53444]]}, "properties": {"P": 29.51, "tau": 27.73, "tau_c": 87.1, "omega": 24.49, "M": 0.32, "D": 0.02, "R": 0.04, "sving": 0.46, "os": 0.59, "foss": 0.37, "juv": 0.0, "B": 0.63, "Q": 2.17, "w": 12.41, "h": 0.2, "S": 0.0143, "elv": "Ramsjøelva", "km": 2.0}}, {"type": "Feature", "geometry": {"type": "LineString", "coordinates": [[12.53353, 64.53524], [12.53149, 64.53538]]}, "properties": {"P": 7.15, "tau": 28.44, "tau_c": 90.92, "omega": 25.25, "M": 0.31, "D": -0.0, "R": 0.03, "sving": 0.16, "os": 0.15, "foss": 0.0, "juv": 0.0, "B": 0.63, "Q": 2.21, "w": 13.38, "h": 0.19, "S": 0.01558, "elv": "Ramsjøelva", "km": 2.3}}, {"type": "Feature", "geometry": {"type": "LineString", "coordinates": [[12.53149, 64.53538], [12.52967, 64.53577]]}, "properties": {"P": 10.69, "tau": 34.16, "tau_c": 103.63, "omega": 32.85, "M": 0.33, "D": -0.0, "R": 0.04, "sving": 0.23, "os": 0.24, "foss": 0.0, "juv": 0.0, "B": 0.63, "Q": 2.22, "w": 13.39, "h": 0.17, "S": 0.02024, "elv": "Ramsjøelva", "km": 2.4}}, {"type": "Feature", "geometry": {"type": "LineString", "coordinates": [[12.52967, 64.53577], [12.52772, 64.53579]]}, "properties": {"P": 33.31, "tau": 36.63, "tau_c": 109.4, "omega": 36.26, "M": 0.33, "D": -0.0, "R": 0.04, "sving": 0.24, "os": 0.38, "foss": 1.0, "juv": 0.0, "B": 0.63, "Q": 2.22, "w": 13.53, "h": 0.17, "S": 0.02256, "elv": "Ramsjøelva", "km": 2.5}}, {"type": "Feature", "geometry": {"type": "LineString", "coordinates": [[12.52772, 64.53579], [12.52564, 64.53577]]}, "properties": {"P": 34.72, "tau": 36.5, "tau_c": 109.52, "omega": 36.05, "M": 0.33, "D": -0.0, "R": 0.04, "sving": 0.08, "os": 0.61, "foss": 1.0, "juv": 0.0, "B": 0.63, "Q": 2.22, "w": 13.67, "h": 0.16, "S": 0.02261, "elv": "Ramsjøelva", "km": 2.6}}, {"type": "Feature", "geometry": {"type": "LineString", "coordinates": [[12.52564, 64.53577], [12.52428, 64.53636]]}, "properties": {"P": 42.7, "tau": 47.81, "tau_c": 128.12, "omega": 53.69, "M": 0.37, "D": -0.0, "R": 0.07, "sving": 0.31, "os": 1.0, "foss": 0.72, "juv": 0.0, "B": 0.64, "Q": 2.44, "w": 13.81, "h": 0.16, "S": 0.03094, "elv": "Ramsjøelva", "km": 2.7}}, {"type": "Feature", "geometry": {"type": "LineString", "coordinates": [[12.52428, 64.53636], [12.52272, 64.53689]]}, "properties": {"P": 31.99, "tau": 59.12, "tau_c": 145.77, "omega": 73.27, "M": 0.41, "D": -0.0, "R": 0.09, "sving": 0.31, "os": 0.63, "foss": 0.51, "juv": 0.0, "B": 0.64, "Q": 2.45, "w": 13.13, "h": 0.15, "S": 0.04005, "elv": "Ramsjøelva", "km": 2.8}}, {"type": "Feature", "geometry": {"type": "LineString", "coordinates": [[12.52272, 64.53689], [12.52144, 64.53752]]}, "properties": {"P": 36.94, "tau": 80.0, "tau_c": 181.86, "omega": 112.9, "M": 0.44, "D": -0.0, "R": 0.12, "sving": 0.25, "os": 0.39, "foss": 1.0, "juv": 0.0, "B": 0.64, "Q": 2.45, "w": 13.27, "h": 0.13, "S": 0.06234, "elv": "Ramsjøelva", "km": 2.9}}, {"type": "Feature", "geometry": {"type": "LineString", "coordinates": [[12.52144, 64.53752], [12.52017, 64.53808]]}, "properties": {"P": 35.55, "tau": 88.08, "tau_c": 194.9, "omega": 129.6, "M": 0.45, "D": -0.0, "R": 0.14, "sving": 0.13, "os": 0.43, "foss": 1.0, "juv": 0.0, "B": 0.64, "Q": 2.45, "w": 13.28, "h": 0.13, "S": 0.0716, "elv": "Ramsjøelva", "km": 3.0}}, {"type": "Feature", "geometry": {"type": "LineString", "coordinates": [[12.52017, 64.53808], [12.51998, 64.53886]]}, "properties": {"P": 41.5, "tau": 96.96, "tau_c": 208.45, "omega": 148.78, "M": 0.47, "D": -0.0, "R": 0.15, "sving": 0.2, "os": 0.63, "foss": 1.0, "juv": 0.0, "B": 0.64, "Q": 2.46, "w": 13.29, "h": 0.12, "S": 0.0819, "elv": "Ramsjøelva", "km": 3.1}}, {"type": "Feature", "geometry": {"type": "LineString", "coordinates": [[12.51998, 64.53886], [12.51898, 64.53955]]}, "properties": {"P": 46.68, "tau": 101.54, "tau_c": 215.53, "omega": 158.95, "M": 0.47, "D": -0.0, "R": 0.16, "sving": 0.11, "os": 0.97, "foss": 1.0, "juv": 0.0, "B": 0.64, "Q": 2.46, "w": 13.3, "h": 0.12, "S": 0.08756, "elv": "Ramsjøelva", "km": 3.2}}, {"type": "Feature", "geometry": {"type": "LineString", "coordinates": [[12.51898, 64.53955], [12.51701, 64.53981]]}, "properties": {"P": 41.46, "tau": 96.69, "tau_c": 213.66, "omega": 147.06, "M": 0.45, "D": 0.03, "R": 0.14, "sving": 0.16, "os": 0.65, "foss": 1.0, "juv": 0.0, "B": 0.64, "Q": 2.46, "w": 14.13, "h": 0.11, "S": 0.08604, "elv": "Ramsjøelva", "km": 3.3}}, {"type": "Feature", "geometry": {"type": "LineString", "coordinates": [[12.51701, 64.53981], [12.51527, 64.54022]]}, "properties": {"P": 34.74, "tau": 99.61, "tau_c": 218.31, "omega": 153.48, "M": 0.46, "D": 0.06, "R": 0.14, "sving": 0.01, "os": 0.42, "foss": 1.0, "juv": 0.0, "B": 0.64, "Q": 2.47, "w": 14.17, "h": 0.11, "S": 0.08983, "elv": "Ramsjøelva", "km": 3.4}}, {"type": "Feature", "geometry": {"type": "LineString", "coordinates": [[12.51527, 64.54022], [12.5142, 64.54099]]}, "properties": {"P": 39.19, "tau": 84.3, "tau_c": 193.81, "omega": 120.83, "M": 0.43, "D": 0.11, "R": 0.12, "sving": 0.36, "os": 0.26, "foss": 1.0, "juv": 0.0, "B": 0.63, "Q": 2.47, "w": 14.21, "h": 0.12, "S": 0.0708, "elv": "Ramsjøelva", "km": 3.5}}, {"type": "Feature", "geometry": {"type": "LineString", "coordinates": [[12.55285, 64.53386], [12.55144, 64.53385]]}, "properties": {"P": 25.91, "tau": 52.4, "tau_c": 160.58, "omega": 57.84, "M": 0.33, "D": 0.0, "R": 0.04, "sving": 0.28, "os": 0.8, "foss": 0.72, "juv": 0.0, "B": 0.44, "Q": 0.96, "w": 7.94, "h": 0.11, "S": 0.0486, "elv": "bekk", "km": 1.1}}, {"type": "Feature", "geometry": {"type": "LineString", "coordinates": [[12.55144, 64.53385], [12.54972, 64.53431]]}, "properties": {"P": 24.3, "tau": 48.79, "tau_c": 157.22, "omega": 51.8, "M": 0.31, "D": 0.08, "R": 0.03, "sving": 0.13, "os": 0.94, "foss": 0.51, "juv": 0.0, "B": 0.44, "Q": 0.96, "w": 8.5, "h": 0.11, "S": 0.04659, "elv": "bekk", "km": 1.2}}, {"type": "Feature", "geometry": {"type": "LineString", "coordinates": [[12.57374, 64.4886], [12.57432, 64.48778]]}, "properties": {"P": 3.99, "tau": 43.19, "tau_c": 143.57, "omega": 43.6, "M": 0.3, "D": 0.0, "R": 0.03, "sving": 0.08, "os": 0.14, "foss": 0.0, "juv": 0.0, "B": 0.47, "Q": 1.06, "w": 9.26, "h": 0.11, "S": 0.03885, "elv": "Larstubekken", "km": 1.3}}, {"type": "Feature", "geometry": {"type": "LineString", "coordinates": [[12.51895, 64.47008], [12.5204, 64.47072]]}, "properties": {"P": 20.77, "tau": 84.8, "tau_c": 223.23, "omega": 115.88, "M": 0.38, "D": 0.0, "R": 0.07, "sving": 0.09, "os": 0.06, "foss": 1.0, "juv": 0.0, "B": 0.52, "Q": 0.97, "w": 7.73, "h": 0.09, "S": 0.09393, "elv": "bekk", "km": 0.3}}, {"type": "Feature", "geometry": {"type": "LineString", "coordinates": [[12.5233, 64.46942], [12.52203, 64.46998]]}, "properties": {"P": 9.23, "tau": 54.95, "tau_c": 173.9, "omega": 61.17, "M": 0.32, "D": 0.0, "R": 0.03, "sving": 0.09, "os": 0.32, "foss": 0.0, "juv": 0.0, "B": 0.63, "Q": 0.97, "w": 8.85, "h": 0.1, "S": 0.057, "elv": "Tvillingskardbekken", "km": 1.1}}, {"type": "Feature", "geometry": {"type": "LineString", "coordinates": [[12.52203, 64.46998], [12.52217, 64.47086]]}, "properties": {"P": 33.54, "tau": 81.89, "tau_c": 232.33, "omega": 108.28, "M": 0.35, "D": 0.0, "R": 0.05, "sving": 0.13, "os": 0.48, "foss": 1.0, "juv": 0.0, "B": 0.63, "Q": 0.97, "w": 8.96, "h": 0.08, "S": 0.10174, "elv": "Tvillingskardbekken", "km": 1.2}}, {"type": "Feature", "geometry": {"type": "LineString", "coordinates": [[12.52217, 64.47086], [12.52093, 64.47154]]}, "properties": {"P": 45.44, "tau": 85.81, "tau_c": 241.19, "omega": 115.66, "M": 0.36, "D": 0.0, "R": 0.06, "sving": 0.45, "os": 0.74, "foss": 1.0, "juv": 0.0, "B": 0.63, "Q": 0.97, "w": 9.06, "h": 0.08, "S": 0.10965, "elv": "Tvillingskardbekken", "km": 1.3}}, {"type": "Feature", "geometry": {"type": "LineString", "coordinates": [[12.52093, 64.47154], [12.51982, 64.47223]]}, "properties": {"P": 46.35, "tau": 91.62, "tau_c": 243.34, "omega": 128.57, "M": 0.38, "D": 0.0, "R": 0.07, "sving": 0.34, "os": 0.83, "foss": 1.0, "juv": 0.0, "B": 0.64, "Q": 1.08, "w": 9.17, "h": 0.08, "S": 0.1116, "elv": "Tvillingskardbekken", "km": 1.4}}, {"type": "Feature", "geometry": {"type": "LineString", "coordinates": [[12.51982, 64.47223], [12.52066, 64.47301]]}, "properties": {"P": 39.64, "tau": 91.83, "tau_c": 244.38, "omega": 128.91, "M": 0.38, "D": 0.04, "R": 0.07, "sving": 0.26, "os": 0.52, "foss": 1.0, "juv": 0.0, "B": 0.65, "Q": 1.08, "w": 9.28, "h": 0.08, "S": 0.11256, "elv": "Tvillingskardbekken", "km": 1.5}}, {"type": "Feature", "geometry": {"type": "LineString", "coordinates": [[12.52066, 64.47301], [12.5222, 64.47346]]}, "properties": {"P": 37.15, "tau": 85.81, "tau_c": 233.29, "omega": 116.9, "M": 0.37, "D": 0.15, "R": 0.06, "sving": 0.42, "os": 0.38, "foss": 0.72, "juv": 0.0, "B": 0.65, "Q": 1.09, "w": 9.38, "h": 0.09, "S": 0.10258, "elv": "Tvillingskardbekken", "km": 1.6}}, {"type": "Feature", "geometry": {"type": "LineString", "coordinates": [[12.5222, 64.47346], [12.52224, 64.47426]]}, "properties": {"P": 27.08, "tau": 66.96, "tau_c": 195.4, "omega": 81.91, "M": 0.34, "D": 0.3, "R": 0.05, "sving": 0.03, "os": 0.29, "foss": 0.51, "juv": 0.0, "B": 0.65, "Q": 1.09, "w": 9.39, "h": 0.09, "S": 0.07196, "elv": "Tvillingskardbekken", "km": 1.7}}, {"type": "Feature", "geometry": {"type": "LineString", "coordinates": [[12.69476, 64.56413], [12.69276, 64.56388]]}, "properties": {"P": 6.6, "tau": 14.49, "tau_c": 48.28, "omega": 10.08, "M": 0.3, "D": 0.0, "R": 0.03, "sving": 0.36, "os": 0.18, "foss": 0.0, "juv": 0.0, "B": 0.36, "Q": 4.43, "w": 18.95, "h": 0.34, "S": 0.00439, "elv": "Rognbuelva", "km": 0.0}}, {"type": "Feature", "geometry": {"type": "LineString", "coordinates": [[12.69276, 64.56388], [12.69076, 64.56405]]}, "properties": {"P": 9.25, "tau": 20.0, "tau_c": 60.93, "omega": 16.02, "M": 0.33, "D": 0.0, "R": 0.04, "sving": 0.18, "os": 0.12, "foss": 0.0, "juv": 0.0, "B": 0.81, "Q": 4.44, "w": 19.01, "h": 0.29, "S": 0.007, "elv": "Rognbuelva", "km": 0.1}}, {"type": "Feature", "geometry": {"type": "LineString", "coordinates": [[12.69076, 64.56405], [12.68875, 64.56422]]}, "properties": {"P": 13.83, "tau": 20.77, "tau_c": 62.66, "omega": 16.9, "M": 0.33, "D": 0.0, "R": 0.04, "sving": 0.28, "os": 0.19, "foss": 0.0, "juv": 0.0, "B": 0.81, "Q": 4.44, "w": 19.08, "h": 0.29, "S": 0.0074, "elv": "Rognbuelva", "km": 0.2}}, {"type": "Feature", "geometry": {"type": "LineString", "coordinates": [[12.68875, 64.56422], [12.68672, 64.56428]]}, "properties": {"P": 15.18, "tau": 18.58, "tau_c": 57.2, "omega": 14.45, "M": 0.32, "D": 0.0, "R": 0.04, "sving": 0.22, "os": 0.31, "foss": 0.0, "juv": 0.0, "B": 0.82, "Q": 4.58, "w": 19.16, "h": 0.31, "S": 0.00617, "elv": "Rognbuelva", "km": 0.3}}, {"type": "Feature", "geometry": {"type": "LineString", "coordinates": [[12.68672, 64.56428], [12.68496, 64.56466]]}, "properties": {"P": 23.13, "tau": 25.92, "tau_c": 72.74, "omega": 23.3, "M": 0.36, "D": 0.0, "R": 0.06, "sving": 0.31, "os": 0.5, "foss": 0.0, "juv": 0.0, "B": 0.82, "Q": 4.58, "w": 19.23, "h": 0.26, "S": 0.00997, "elv": "Rognbuelva", "km": 0.4}}, {"type": "Feature", "geometry": {"type": "LineString", "coordinates": [[12.68496, 64.56466], [12.68305, 64.56432]]}, "properties": {"P": 37.44, "tau": 29.37, "tau_c": 80.07, "omega": 27.83, "M": 0.37, "D": 0.0, "R": 0.06, "sving": 0.58, "os": 0.77, "foss": 0.0, "juv": 0.0, "B": 0.82, "Q": 4.62, "w": 19.67, "h": 0.25, "S": 0.01208, "elv": "Rognbuelva", "km": 0.5}}, {"type": "Feature", "geometry": {"type": "LineString", "coordinates": [[12.68305, 64.56432], [12.68148, 64.56384]]}, "properties": {"P": 32.2, "tau": 33.4, "tau_c": 88.55, "omega": 33.4, "M": 0.38, "D": 0.0, "R": 0.07, "sving": 0.34, "os": 0.79, "foss": 0.0, "juv": 0.0, "B": 0.82, "Q": 4.62, "w": 20.05, "h": 0.23, "S": 0.01478, "elv": "Rognbuelva", "km": 0.6}}, {"type": "Feature", "geometry": {"type": "LineString", "coordinates": [[12.68148, 64.56384], [12.68131, 64.56297]]}, "properties": {"P": 35.83, "tau": 60.52, "tau_c": 126.52, "omega": 80.02, "M": 0.48, "D": 0.0, "R": 0.16, "sving": 0.16, "os": 0.93, "foss": 0.0, "juv": 0.0, "B": 0.84, "Q": 5.52, "w": 20.43, "h": 0.2, "S": 0.03017, "elv": "Rognbuelva", "km": 0.7}}, {"type": "Feature", "geometry": {"type": "LineString", "coordinates": [[12.68131, 64.56297], [12.67962, 64.56262]]}, "properties": {"P": 34.16, "tau": 69.3, "tau_c": 140.46, "omega": 96.96, "M": 0.49, "D": 0.0, "R": 0.18, "sving": 0.41, "os": 0.59, "foss": 0.0, "juv": 0.0, "B": 0.84, "Q": 5.53, "w": 20.8, "h": 0.19, "S": 0.03718, "elv": "Rognbuelva", "km": 0.8}}, {"type": "Feature", "geometry": {"type": "LineString", "coordinates": [[12.67962, 64.56262], [12.67832, 64.56201]]}, "properties": {"P": 51.32, "tau": 84.02, "tau_c": 162.46, "omega": 127.49, "M": 0.52, "D": 0.0, "R": 0.21, "sving": 0.17, "os": 0.44, "foss": 1.0, "juv": 0.0, "B": 0.84, "Q": 5.53, "w": 21.17, "h": 0.17, "S": 0.04975, "elv": "Rognbuelva", "km": 0.9}}, {"type": "Feature", "geometry": {"type": "LineString", "coordinates": [[12.67832, 64.56201], [12.67863, 64.56114]]}, "properties": {"P": 49.77, "tau": 86.25, "tau_c": 165.48, "omega": 132.4, "M": 0.52, "D": 0.0, "R": 0.21, "sving": 0.26, "os": 0.28, "foss": 1.0, "juv": 0.0, "B": 0.84, "Q": 5.54, "w": 21.18, "h": 0.17, "S": 0.05161, "elv": "Rognbuelva", "km": 1.0}}, {"type": "Feature", "geometry": {"type": "LineString", "coordinates": [[12.67863, 64.56114], [12.67774, 64.56049]]}, "properties": {"P": 43.54, "tau": 85.17, "tau_c": 164.03, "omega": 130.03, "M": 0.52, "D": 0.03, "R": 0.21, "sving": 0.08, "os": 0.19, "foss": 1.0, "juv": 0.0, "B": 0.84, "Q": 5.54, "w": 21.19, "h": 0.17, "S": 0.05071, "elv": "Rognbuelva", "km": 1.1}}, {"type": "Feature", "geometry": {"type": "LineString", "coordinates": [[12.67774, 64.56049], [12.67574, 64.5607]]}, "properties": {"P": 53.1, "tau": 85.75, "tau_c": 164.72, "omega": 131.32, "M": 0.52, "D": 0.05, "R": 0.21, "sving": 0.47, "os": 0.12, "foss": 1.0, "juv": 0.0, "B": 0.84, "Q": 5.56, "w": 21.22, "h": 0.17, "S": 0.05114, "elv": "Rognbuelva", "km": 1.2}}, {"type": "Feature", "geometry": {"type": "LineString", "coordinates": [[12.67574, 64.5607], [12.67405, 64.5602]]}, "properties": {"P": 41.74, "tau": 72.09, "tau_c": 145.5, "omega": 102.42, "M": 0.5, "D": 0.11, "R": 0.18, "sving": 0.32, "os": 0.11, "foss": 0.72, "juv": 0.0, "B": 0.84, "Q": 5.56, "w": 21.25, "h": 0.18, "S": 0.0399, "elv": "Rognbuelva", "km": 1.3}}, {"type": "Feature", "geometry": {"type": "LineString", "coordinates": [[12.67405, 64.5602], [12.67219, 64.55981]]}, "properties": {"P": 29.67, "tau": 70.77, "tau_c": 143.12, "omega": 99.83, "M": 0.49, "D": 0.11, "R": 0.18, "sving": 0.1, "os": 0.07, "foss": 0.51, "juv": 0.0, "B": 0.84, "Q": 5.61, "w": 21.28, "h": 0.19, "S": 0.0386, "elv": "Rognbuelva", "km": 1.4}}, {"type": "Feature", "geometry": {"type": "LineString", "coordinates": [[12.67219, 64.55981], [12.6702, 64.55964]]}, "properties": {"P": 46.47, "tau": 60.26, "tau_c": 127.59, "omega": 79.29, "M": 0.47, "D": 0.1, "R": 0.16, "sving": 0.3, "os": 0.06, "foss": 1.0, "juv": 0.0, "B": 0.84, "Q": 5.61, "w": 21.31, "h": 0.2, "S": 0.03069, "elv": "Rognbuelva", "km": 1.5}}, {"type": "Feature", "geometry": {"type": "LineString", "coordinates": [[12.6702, 64.55964], [12.66815, 64.55962]]}, "properties": {"P": 45.58, "tau": 59.36, "tau_c": 126.25, "omega": 77.59, "M": 0.47, "D": 0.05, "R": 0.15, "sving": 0.31, "os": 0.1, "foss": 1.0, "juv": 0.0, "B": 0.84, "Q": 5.62, "w": 21.34, "h": 0.2, "S": 0.03004, "elv": "Rognbuelva", "km": 1.6}}, {"type": "Feature", "geometry": {"type": "LineString", "coordinates": [[12.66815, 64.55962], [12.66612, 64.55981]]}, "properties": {"P": 37.48, "tau": 62.99, "tau_c": 131.67, "omega": 84.5, "M": 0.48, "D": 0.03, "R": 0.16, "sving": 0.24, "os": 0.16, "foss": 0.72, "juv": 0.0, "B": 0.84, "Q": 5.63, "w": 21.36, "h": 0.2, "S": 0.03268, "elv": "Rognbuelva", "km": 1.7}}, {"type": "Feature", "geometry": {"type": "LineString", "coordinates": [[12.66612, 64.55981], [12.66418, 64.56012]]}, "properties": {"P": 45.23, "tau": 61.7, "tau_c": 128.86, "omega": 82.18, "M": 0.48, "D": 0.04, "R": 0.16, "sving": 0.13, "os": 0.26, "foss": 1.0, "juv": 0.0, "B": 0.84, "Q": 5.65, "w": 21.09, "h": 0.2, "S": 0.0313, "elv": "Rognbuelva", "km": 1.8}}, {"type": "Feature", "geometry": {"type": "LineString", "coordinates": [[12.66418, 64.56012], [12.6623, 64.56052]]}, "properties": {"P": 45.5, "tau": 56.85, "tau_c": 121.51, "omega": 73.09, "M": 0.47, "D": 0.07, "R": 0.15, "sving": 0.24, "os": 0.42, "foss": 0.72, "juv": 0.0, "B": 0.84, "Q": 5.65, "w": 21.11, "h": 0.21, "S": 0.02783, "elv": "Rognbuelva", "km": 1.9}}, {"type": "Feature", "geometry": {"type": "LineString", "coordinates": [[12.6623, 64.56052], [12.66035, 64.5608]]}, "properties": {"P": 50.18, "tau": 48.77, "tau_c": 109.0, "omega": 58.64, "M": 0.45, "D": 0.07, "R": 0.13, "sving": 0.39, "os": 0.69, "foss": 0.51, "juv": 0.0, "B": 0.84, "Q": 5.65, "w": 21.18, "h": 0.22, "S": 0.02239, "elv": "Rognbuelva", "km": 2.0}}, {"type": "Feature", "geometry": {"type": "LineString", "coordinates": [[12.66035, 64.5608], [12.65849, 64.56044]]}, "properties": {"P": 47.88, "tau": 51.27, "tau_c": 113.08, "omega": 62.98, "M": 0.45, "D": 0.03, "R": 0.14, "sving": 0.32, "os": 0.85, "foss": 0.37, "juv": 0.0, "B": 0.84, "Q": 5.66, "w": 21.26, "h": 0.22, "S": 0.0241, "elv": "Rognbuelva", "km": 2.1}}, {"type": "Feature", "geometry": {"type": "LineString", "coordinates": [[12.65849, 64.56044], [12.65688, 64.55989]]}, "properties": {"P": 26.08, "tau": 55.88, "tau_c": 119.01, "omega": 71.49, "M": 0.47, "D": 0.0, "R": 0.15, "sving": 0.2, "os": 0.52, "foss": 0.0, "juv": 0.0, "B": 0.84, "Q": 5.82, "w": 21.33, "h": 0.21, "S": 0.0267, "elv": "Rognbuelva", "km": 2.2}}, {"type": "Feature", "geometry": {"type": "LineString", "coordinates": [[12.65688, 64.55989], [12.65497, 64.55954]]}, "properties": {"P": 45.23, "tau": 55.37, "tau_c": 118.9, "omega": 70.45, "M": 0.47, "D": 0.0, "R": 0.15, "sving": 0.13, "os": 0.32, "foss": 1.0, "juv": 0.0, "B": 0.84, "Q": 5.85, "w": 21.69, "h": 0.21, "S": 0.02665, "elv": "Rognbuelva", "km": 2.3}}, {"type": "Feature", "geometry": {"type": "LineString", "coordinates": [[12.65497, 64.55954], [12.65294, 64.55935]]}, "properties": {"P": 39.34, "tau": 57.48, "tau_c": 122.33, "omega": 74.3, "M": 0.47, "D": 0.0, "R": 0.15, "sving": 0.03, "os": 0.2, "foss": 1.0, "juv": 0.0, "B": 0.84, "Q": 5.85, "w": 21.78, "h": 0.21, "S": 0.0282, "elv": "Rognbuelva", "km": 2.4}}, {"type": "Feature", "geometry": {"type": "LineString", "coordinates": [[12.65294, 64.55935], [12.65086, 64.55929]]}, "properties": {"P": 36.38, "tau": 57.45, "tau_c": 122.24, "omega": 74.25, "M": 0.47, "D": 0.0, "R": 0.15, "sving": 0.28, "os": 0.12, "foss": 0.72, "juv": 0.0, "B": 0.84, "Q": 5.86, "w": 21.8, "h": 0.21, "S": 0.02817, "elv": "Rognbuelva", "km": 2.5}}, {"type": "Feature", "geometry": {"type": "LineString", "coordinates": [[12.65086, 64.55929], [12.64941, 64.5587]]}, "properties": {"P": 27.5, "tau": 60.82, "tau_c": 127.06, "omega": 80.63, "M": 0.48, "D": 0.02, "R": 0.16, "sving": 0.15, "os": 0.08, "foss": 0.51, "juv": 0.0, "B": 0.84, "Q": 5.89, "w": 21.83, "h": 0.2, "S": 0.03043, "elv": "Rognbuelva", "km": 2.6}}, {"type": "Feature", "geometry": {"type": "LineString", "coordinates": [[12.64941, 64.5587], [12.6486, 64.55792]]}, "properties": {"P": 26.71, "tau": 59.03, "tau_c": 124.39, "omega": 77.25, "M": 0.47, "D": 0.05, "R": 0.16, "sving": 0.31, "os": 0.0, "foss": 0.37, "juv": 0.0, "B": 0.84, "Q": 5.9, "w": 21.85, "h": 0.21, "S": 0.02916, "elv": "Rognbuelva", "km": 2.7}}, {"type": "Feature", "geometry": {"type": "LineString", "coordinates": [[12.6486, 64.55792], [12.64691, 64.5574]]}, "properties": {"P": 16.1, "tau": 50.98, "tau_c": 112.01, "omega": 62.61, "M": 0.46, "D": 0.08, "R": 0.14, "sving": 0.26, "os": 0.0, "foss": 0.0, "juv": 0.0, "B": 0.84, "Q": 5.9, "w": 21.87, "h": 0.22, "S": 0.02365, "elv": "Rognbuelva", "km": 2.8}}, {"type": "Feature", "geometry": {"type": "LineString", "coordinates": [[12.64691, 64.5574], [12.64565, 64.55672]]}, "properties": {"P": 37.2, "tau": 50.02, "tau_c": 110.46, "omega": 60.93, "M": 0.45, "D": 0.09, "R": 0.14, "sving": 0.05, "os": 0.0, "foss": 1.0, "juv": 0.0, "B": 0.84, "Q": 5.91, "w": 21.88, "h": 0.22, "S": 0.023, "elv": "Rognbuelva", "km": 2.9}}, {"type": "Feature", "geometry": {"type": "LineString", "coordinates": [[12.64565, 64.55672], [12.64542, 64.55583]]}, "properties": {"P": 43.82, "tau": 46.03, "tau_c": 104.03, "omega": 54.08, "M": 0.44, "D": 0.09, "R": 0.13, "sving": 0.6, "os": 0.0, "foss": 0.72, "juv": 0.0, "B": 0.84, "Q": 5.92, "w": 21.9, "h": 0.23, "S": 0.0204, "elv": "Rognbuelva", "km": 3.0}}, {"type": "Feature", "geometry": {"type": "LineString", "coordinates": [[12.64542, 64.55583], [12.64436, 64.5551]]}, "properties": {"P": 31.57, "tau": 43.13, "tau_c": 99.29, "omega": 49.28, "M": 0.43, "D": 0.11, "R": 0.12, "sving": 0.26, "os": 0.07, "foss": 0.51, "juv": 0.0, "B": 0.84, "Q": 5.92, "w": 21.91, "h": 0.24, "S": 0.01858, "elv": "Rognbuelva", "km": 3.1}}, {"type": "Feature", "geometry": {"type": "LineString", "coordinates": [[12.64436, 64.5551], [12.64558, 64.55442]]}, "properties": {"P": 28.52, "tau": 41.06, "tau_c": 95.75, "omega": 45.94, "M": 0.43, "D": 0.15, "R": 0.11, "sving": 0.23, "os": 0.09, "foss": 0.37, "juv": 0.0, "B": 0.84, "Q": 5.94, "w": 21.92, "h": 0.24, "S": 0.01728, "elv": "Rognbuelva", "km": 3.2}}, {"type": "Feature", "geometry": {"type": "LineString", "coordinates": [[12.64558, 64.55442], [12.64565, 64.55356]]}, "properties": {"P": 10.33, "tau": 31.27, "tau_c": 88.47, "omega": 30.09, "M": 0.35, "D": 0.12, "R": 0.05, "sving": 0.0, "os": 0.14, "foss": 0.0, "juv": 0.0, "B": 0.84, "Q": 5.94, "w": 28.58, "h": 0.22, "S": 0.01475, "elv": "Rognbuelva", "km": 3.3}}, {"type": "Feature", "geometry": {"type": "LineString", "coordinates": [[12.64565, 64.55356], [12.64429, 64.55291]]}, "properties": {"P": 21.21, "tau": 28.09, "tau_c": 89.74, "omega": 25.11, "M": 0.31, "D": 0.06, "R": 0.03, "sving": 0.45, "os": 0.2, "foss": 0.0, "juv": 0.0, "B": 0.84, "Q": 5.94, "w": 35.24, "h": 0.19, "S": 0.01518, "elv": "Rognbuelva", "km": 3.4}}, {"type": "Feature", "geometry": {"type": "LineString", "coordinates": [[12.64429, 64.55291], [12.64318, 64.55215]]}, "properties": {"P": 49.66, "tau": 69.56, "tau_c": 83.43, "omega": 115.51, "M": 0.83, "D": 0.0, "R": 0.62, "sving": 0.3, "os": 0.19, "foss": 0.0, "juv": 0.0, "B": 1.04, "Q": 37.59, "w": 41.89, "h": 0.54, "S": 0.01312, "elv": "Rognbuelva", "km": 3.5}}, {"type": "Feature", "geometry": {"type": "LineString", "coordinates": [[12.58548, 64.57401], [12.58545, 64.57315]]}, "properties": {"P": 11.03, "tau": 35.68, "tau_c": 116.36, "omega": 33.98, "M": 0.31, "D": 0.0, "R": 0.03, "sving": 0.26, "os": 0.21, "foss": 0.0, "juv": 0.0, "B": 0.68, "Q": 1.49, "w": 10.99, "h": 0.14, "S": 0.02552, "elv": "Hyllbekkåa", "km": 2.2}}, {"type": "Feature", "geometry": {"type": "LineString", "coordinates": [[12.58545, 64.57315], [12.58558, 64.57226]]}, "properties": {"P": 27.5, "tau": 39.69, "tau_c": 125.59, "omega": 39.59, "M": 0.32, "D": 0.0, "R": 0.03, "sving": 0.11, "os": 0.13, "foss": 1.0, "juv": 0.0, "B": 0.68, "Q": 1.49, "w": 10.99, "h": 0.14, "S": 0.02973, "elv": "Hyllbekkåa", "km": 2.3}}, {"type": "Feature", "geometry": {"type": "LineString", "coordinates": [[12.58558, 64.57226], [12.58572, 64.57137]]}, "properties": {"P": 26.89, "tau": 39.4, "tau_c": 124.92, "omega": 39.16, "M": 0.32, "D": 0.0, "R": 0.03, "sving": 0.12, "os": 0.09, "foss": 1.0, "juv": 0.0, "B": 0.68, "Q": 1.49, "w": 10.99, "h": 0.14, "S": 0.02941, "elv": "Hyllbekkåa", "km": 2.4}}, {"type": "Feature", "geometry": {"type": "LineString", "coordinates": [[12.58572, 64.57137], [12.58584, 64.57053]]}, "properties": {"P": 21.05, "tau": 46.03, "tau_c": 139.68, "omega": 48.97, "M": 0.33, "D": 0.02, "R": 0.04, "sving": 0.12, "os": 0.06, "foss": 0.72, "juv": 0.0, "B": 0.68, "Q": 1.49, "w": 10.99, "h": 0.13, "S": 0.03677, "elv": "Hyllbekkåa", "km": 2.5}}, {"type": "Feature", "geometry": {"type": "LineString", "coordinates": [[12.58584, 64.57053], [12.58517, 64.56971]]}, "properties": {"P": 17.54, "tau": 46.39, "tau_c": 140.46, "omega": 49.51, "M": 0.33, "D": 0.12, "R": 0.04, "sving": 0.03, "os": 0.06, "foss": 0.51, "juv": 0.0, "B": 0.68, "Q": 1.49, "w": 10.99, "h": 0.13, "S": 0.03718, "elv": "Hyllbekkåa", "km": 2.6}}, {"type": "Feature", "geometry": {"type": "LineString", "coordinates": [[12.58517, 64.56971], [12.58469, 64.56888]]}, "properties": {"P": 32.9, "tau": 33.03, "tau_c": 110.09, "omega": 30.42, "M": 0.3, "D": 0.28, "R": 0.03, "sving": 0.05, "os": 0.08, "foss": 1.0, "juv": 0.0, "B": 0.68, "Q": 1.49, "w": 10.99, "h": 0.15, "S": 0.02284, "elv": "Hyllbekkåa", "km": 2.7}}, {"type": "Feature", "geometry": {"type": "LineString", "coordinates": [[12.58506, 64.56716], [12.58598, 64.56664]]}, "properties": {"P": 73.99, "tau": 93.0, "tau_c": 93.49, "omega": 180.16, "M": 0.99, "D": 0.0, "R": 0.79, "sving": 0.33, "os": 0.28, "foss": 0.37, "juv": 0.0, "B": 1.03, "Q": 45.51, "w": 40.83, "h": 0.58, "S": 0.01647, "elv": "Hyllbekkåa", "km": 3.0}}, {"type": "Feature", "geometry": {"type": "LineString", "coordinates": [[12.55107, 64.5713], [12.54934, 64.57082]]}, "properties": {"P": 7.9, "tau": 47.43, "tau_c": 130.48, "omega": 52.68, "M": 0.36, "D": -0.0, "R": 0.06, "sving": 0.24, "os": 0.0, "foss": 0.0, "juv": 0.0, "B": 0.73, "Q": 2.27, "w": 13.56, "h": 0.15, "S": 0.03209, "elv": "Kvernbekken", "km": 1.6}}, {"type": "Feature", "geometry": {"type": "LineString", "coordinates": [[12.78169, 64.42176], [12.77994, 64.42148]]}, "properties": {"P": 16.11, "tau": 72.05, "tau_c": 178.62, "omega": 95.48, "M": 0.4, "D": 0.03, "R": 0.09, "sving": 0.35, "os": 0.0, "foss": 1.0, "juv": 0.0, "B": 0.33, "Q": 2.13, "w": 13.14, "h": 0.12, "S": 0.06014, "elv": "Medalåa", "km": 0.0}}, {"type": "Feature", "geometry": {"type": "LineString", "coordinates": [[12.77994, 64.42148], [12.77808, 64.42157]]}, "properties": {"P": 17.07, "tau": 65.29, "tau_c": 166.58, "omega": 82.89, "M": 0.39, "D": 0.07, "R": 0.08, "sving": 0.08, "os": 0.0, "foss": 0.72, "juv": 0.0, "B": 0.53, "Q": 2.13, "w": 13.18, "h": 0.13, "S": 0.0523, "elv": "Medalåa", "km": 0.1}}, {"type": "Feature", "geometry": {"type": "LineString", "coordinates": [[12.77808, 64.42157], [12.77602, 64.42166]]}, "properties": {"P": 21.51, "tau": 59.58, "tau_c": 155.79, "omega": 72.73, "M": 0.38, "D": 0.11, "R": 0.07, "sving": 0.02, "os": 0.0, "foss": 1.0, "juv": 0.0, "B": 0.53, "Q": 2.14, "w": 13.23, "h": 0.13, "S": 0.04574, "elv": "Medalåa", "km": 0.2}}, {"type": "Feature", "geometry": {"type": "LineString", "coordinates": [[12.77602, 64.42166], [12.77428, 64.42123]]}, "properties": {"P": 19.61, "tau": 53.66, "tau_c": 143.28, "omega": 62.78, "M": 0.37, "D": 0.12, "R": 0.07, "sving": 0.14, "os": 0.05, "foss": 0.72, "juv": 0.0, "B": 0.53, "Q": 2.2, "w": 13.3, "h": 0.14, "S": 0.0387, "elv": "Medalåa", "km": 0.3}}, {"type": "Feature", "geometry": {"type": "LineString", "coordinates": [[12.77428, 64.42123], [12.77231, 64.42097]]}, "properties": {"P": 18.66, "tau": 49.99, "tau_c": 136.93, "omega": 56.62, "M": 0.37, "D": 0.11, "R": 0.06, "sving": 0.28, "os": 0.08, "foss": 0.51, "juv": 0.0, "B": 0.53, "Q": 2.21, "w": 13.55, "h": 0.14, "S": 0.03534, "elv": "Medalåa", "km": 0.4}}, {"type": "Feature", "geometry": {"type": "LineString", "coordinates": [[12.77231, 64.42097], [12.77066, 64.42135]]}, "properties": {"P": 13.51, "tau": 48.18, "tau_c": 134.09, "omega": 53.64, "M": 0.36, "D": 0.1, "R": 0.06, "sving": 0.07, "os": 0.13, "foss": 0.37, "juv": 0.0, "B": 0.53, "Q": 2.23, "w": 13.8, "h": 0.14, "S": 0.03389, "elv": "Medalåa", "km": 0.5}}, {"type": "Feature", "geometry": {"type": "LineString", "coordinates": [[12.77066, 64.42135], [12.76942, 64.42195]]}, "properties": {"P": 27.81, "tau": 42.25, "tau_c": 115.71, "omega": 45.15, "M": 0.37, "D": 0.11, "R": 0.06, "sving": 0.2, "os": 0.18, "foss": 1.0, "juv": 0.0, "B": 0.54, "Q": 2.56, "w": 14.05, "h": 0.17, "S": 0.02523, "elv": "Medalåa", "km": 0.6}}, {"type": "Feature", "geometry": {"type": "LineString", "coordinates": [[12.76942, 64.42195], [12.76788, 64.42136]]}, "properties": {"P": 27.21, "tau": 38.8, "tau_c": 109.57, "omega": 39.9, "M": 0.35, "D": 0.1, "R": 0.06, "sving": 0.45, "os": 0.2, "foss": 0.72, "juv": 0.0, "B": 0.54, "Q": 2.57, "w": 14.3, "h": 0.17, "S": 0.02263, "elv": "Medalåa", "km": 0.7}}, {"type": "Feature", "geometry": {"type": "LineString", "coordinates": [[12.76788, 64.42136], [12.76647, 64.42071]]}, "properties": {"P": 32.73, "tau": 35.86, "tau_c": 103.27, "omega": 35.67, "M": 0.35, "D": 0.1, "R": 0.05, "sving": 0.36, "os": 0.33, "foss": 1.0, "juv": 0.0, "B": 0.54, "Q": 2.63, "w": 14.54, "h": 0.18, "S": 0.0201, "elv": "Medalåa", "km": 0.8}}, {"type": "Feature", "geometry": {"type": "LineString", "coordinates": [[12.76647, 64.42071], [12.76518, 64.42024]]}, "properties": {"P": 27.72, "tau": 36.09, "tau_c": 103.82, "omega": 36.0, "M": 0.35, "D": 0.06, "R": 0.05, "sving": 0.21, "os": 0.53, "foss": 0.72, "juv": 0.0, "B": 0.54, "Q": 2.64, "w": 14.63, "h": 0.18, "S": 0.02031, "elv": "Medalåa", "km": 0.9}}, {"type": "Feature", "geometry": {"type": "LineString", "coordinates": [[12.76518, 64.42024], [12.76317, 64.42013]]}, "properties": {"P": 25.59, "tau": 31.14, "tau_c": 93.54, "omega": 29.12, "M": 0.33, "D": 0.05, "R": 0.04, "sving": 0.08, "os": 0.77, "foss": 0.51, "juv": 0.0, "B": 0.54, "Q": 2.65, "w": 14.73, "h": 0.19, "S": 0.01649, "elv": "Medalåa", "km": 1.0}}, {"type": "Feature", "geometry": {"type": "LineString", "coordinates": [[12.76317, 64.42013], [12.76112, 64.41999]]}, "properties": {"P": 25.21, "tau": 40.67, "tau_c": 112.39, "omega": 42.81, "M": 0.36, "D": 0.02, "R": 0.06, "sving": 0.18, "os": 0.79, "foss": 0.37, "juv": 0.0, "B": 0.55, "Q": 2.71, "w": 14.8, "h": 0.17, "S": 0.02381, "elv": "Medalåa", "km": 1.1}}, {"type": "Feature", "geometry": {"type": "LineString", "coordinates": [[12.76112, 64.41999], [12.75948, 64.41948]]}, "properties": {"P": 10.94, "tau": 31.5, "tau_c": 93.28, "omega": 29.7, "M": 0.34, "D": 0.02, "R": 0.05, "sving": 0.05, "os": 0.48, "foss": 0.0, "juv": 0.0, "B": 0.55, "Q": 2.75, "w": 14.9, "h": 0.2, "S": 0.0164, "elv": "Medalåa", "km": 1.2}}, {"type": "Feature", "geometry": {"type": "LineString", "coordinates": [[12.75948, 64.41948], [12.75747, 64.41929]]}, "properties": {"P": 24.27, "tau": 32.89, "tau_c": 96.3, "omega": 31.6, "M": 0.34, "D": 0.0, "R": 0.05, "sving": 0.02, "os": 0.3, "foss": 1.0, "juv": 0.0, "B": 0.55, "Q": 2.76, "w": 15.0, "h": 0.19, "S": 0.01748, "elv": "Medalåa", "km": 1.3}}, {"type": "Feature", "geometry": {"type": "LineString", "coordinates": [[12.75747, 64.41929], [12.75547, 64.41907]]}, "properties": {"P": 20.1, "tau": 39.86, "tau_c": 109.96, "omega": 41.7, "M": 0.36, "D": 0.0, "R": 0.06, "sving": 0.16, "os": 0.19, "foss": 0.72, "juv": 0.0, "B": 0.55, "Q": 2.82, "w": 15.12, "h": 0.18, "S": 0.02279, "elv": "Medalåa", "km": 1.4}}, {"type": "Feature", "geometry": {"type": "LineString", "coordinates": [[12.75547, 64.41907], [12.75347, 64.41887]]}, "properties": {"P": 12.92, "tau": 43.64, "tau_c": 117.4, "omega": 47.48, "M": 0.37, "D": 0.0, "R": 0.07, "sving": 0.01, "os": 0.11, "foss": 0.51, "juv": 0.0, "B": 0.55, "Q": 2.84, "w": 15.23, "h": 0.17, "S": 0.02598, "elv": "Medalåa", "km": 1.5}}, {"type": "Feature", "geometry": {"type": "LineString", "coordinates": [[12.75347, 64.41887], [12.7517, 64.41871]]}, "properties": {"P": 22.42, "tau": 50.8, "tau_c": 129.44, "omega": 59.26, "M": 0.39, "D": 0.0, "R": 0.08, "sving": 0.08, "os": 0.07, "foss": 1.0, "juv": 0.0, "B": 0.55, "Q": 2.93, "w": 15.33, "h": 0.16, "S": 0.03158, "elv": "Medalåa", "km": 1.6}}, {"type": "Feature", "geometry": {"type": "LineString", "coordinates": [[12.7517, 64.41871], [12.74994, 64.41852]]}, "properties": {"P": 20.34, "tau": 55.68, "tau_c": 137.97, "omega": 67.63, "M": 0.4, "D": 0.0, "R": 0.09, "sving": 0.3, "os": 0.0, "foss": 0.72, "juv": 0.0, "B": 0.55, "Q": 2.96, "w": 15.41, "h": 0.16, "S": 0.03588, "elv": "Medalåa", "km": 1.7}}, {"type": "Feature", "geometry": {"type": "LineString", "coordinates": [[12.74994, 64.41852], [12.7481, 64.41811]]}, "properties": {"P": 24.08, "tau": 53.42, "tau_c": 134.38, "omega": 63.67, "M": 0.4, "D": 0.03, "R": 0.09, "sving": 0.19, "os": 0.0, "foss": 1.0, "juv": 0.0, "B": 0.55, "Q": 2.96, "w": 15.55, "h": 0.16, "S": 0.03403, "elv": "Medalåa", "km": 1.8}}, {"type": "Feature", "geometry": {"type": "LineString", "coordinates": [[12.7481, 64.41811], [12.74705, 64.41739]]}, "properties": {"P": 24.92, "tau": 49.62, "tau_c": 127.84, "omega": 57.23, "M": 0.39, "D": 0.07, "R": 0.08, "sving": 0.21, "os": 0.0, "foss": 1.0, "juv": 0.0, "B": 0.55, "Q": 2.96, "w": 15.65, "h": 0.16, "S": 0.03081, "elv": "Medalåa", "km": 1.9}}, {"type": "Feature", "geometry": {"type": "LineString", "coordinates": [[12.74705, 64.41739], [12.74552, 64.41681]]}, "properties": {"P": 17.44, "tau": 45.06, "tau_c": 117.45, "omega": 50.09, "M": 0.38, "D": 0.12, "R": 0.08, "sving": 0.0, "os": 0.0, "foss": 0.72, "juv": 0.0, "B": 0.56, "Q": 3.1, "w": 15.76, "h": 0.18, "S": 0.026, "elv": "Medalåa", "km": 2.0}}, {"type": "Feature", "geometry": {"type": "LineString", "coordinates": [[12.74552, 64.41681], [12.74416, 64.41619]]}, "properties": {"P": 19.55, "tau": 42.81, "tau_c": 112.9, "omega": 46.58, "M": 0.38, "D": 0.18, "R": 0.07, "sving": 0.25, "os": 0.0, "foss": 0.51, "juv": 0.0, "B": 0.56, "Q": 3.14, "w": 15.9, "h": 0.18, "S": 0.02402, "elv": "Medalåa", "km": 2.1}}, {"type": "Feature", "geometry": {"type": "LineString", "coordinates": [[12.74416, 64.41619], [12.74232, 64.41578]]}, "properties": {"P": 17.02, "tau": 33.91, "tau_c": 95.58, "omega": 33.34, "M": 0.35, "D": 0.26, "R": 0.06, "sving": 0.16, "os": 0.0, "foss": 0.37, "juv": 0.0, "B": 0.56, "Q": 3.18, "w": 16.09, "h": 0.2, "S": 0.01722, "elv": "Medalåa", "km": 2.2}}, {"type": "Feature", "geometry": {"type": "LineString", "coordinates": [[12.74232, 64.41578], [12.74037, 64.41547]]}, "properties": {"P": 12.51, "tau": 19.17, "tau_c": 63.18, "omega": 14.72, "M": 0.3, "D": 0.32, "R": 0.03, "sving": 0.24, "os": 0.0, "foss": 0.0, "juv": 0.0, "B": 0.56, "Q": 3.23, "w": 16.21, "h": 0.26, "S": 0.00752, "elv": "Medalåa", "km": 2.3}}, {"type": "Feature", "geometry": {"type": "LineString", "coordinates": [[12.73635, 64.41506], [12.7343, 64.41512]]}, "properties": {"P": 5.54, "tau": 24.22, "tau_c": 72.35, "omega": 20.82, "M": 0.33, "D": 0.0, "R": 0.04, "sving": 0.06, "os": 0.17, "foss": 0.0, "juv": 0.0, "B": 0.57, "Q": 3.64, "w": 16.9, "h": 0.25, "S": 0.00987, "elv": "Medalåa", "km": 2.6}}, {"type": "Feature", "geometry": {"type": "LineString", "coordinates": [[12.7343, 64.41512], [12.73225, 64.41498]]}, "properties": {"P": 7.6, "tau": 21.61, "tau_c": 66.99, "omega": 17.66, "M": 0.32, "D": 0.0, "R": 0.04, "sving": 0.09, "os": 0.28, "foss": 0.0, "juv": 0.0, "B": 0.57, "Q": 3.64, "w": 17.08, "h": 0.26, "S": 0.00846, "elv": "Medalåa", "km": 2.7}}, {"type": "Feature", "geometry": {"type": "LineString", "coordinates": [[12.73225, 64.41498], [12.7304, 64.41459]]}, "properties": {"P": 13.66, "tau": 31.97, "tau_c": 88.43, "omega": 31.0, "M": 0.36, "D": 0.0, "R": 0.06, "sving": 0.21, "os": 0.45, "foss": 0.0, "juv": 0.0, "B": 0.57, "Q": 3.7, "w": 17.26, "h": 0.22, "S": 0.01474, "elv": "Medalåa", "km": 2.8}}, {"type": "Feature", "geometry": {"type": "LineString", "coordinates": [[12.7304, 64.41459], [12.72849, 64.41423]]}, "properties": {"P": 19.62, "tau": 28.36, "tau_c": 81.17, "omega": 26.12, "M": 0.35, "D": 0.0, "R": 0.05, "sving": 0.27, "os": 0.74, "foss": 0.0, "juv": 0.0, "B": 0.57, "Q": 3.71, "w": 17.3, "h": 0.23, "S": 0.01242, "elv": "Medalåa", "km": 2.9}}, {"type": "Feature", "geometry": {"type": "LineString", "coordinates": [[12.72849, 64.41423], [12.72669, 64.4138]]}, "properties": {"P": 35.19, "tau": 30.93, "tau_c": 86.44, "omega": 29.57, "M": 0.36, "D": 0.0, "R": 0.06, "sving": 0.05, "os": 0.82, "foss": 1.0, "juv": 0.0, "B": 0.57, "Q": 3.71, "w": 17.34, "h": 0.22, "S": 0.01408, "elv": "Medalåa", "km": 3.0}}, {"type": "Feature", "geometry": {"type": "LineString", "coordinates": [[12.72669, 64.4138], [12.72541, 64.41313]]}, "properties": {"P": 27.31, "tau": 37.23, "tau_c": 98.66, "omega": 38.59, "M": 0.38, "D": 0.0, "R": 0.07, "sving": 0.19, "os": 0.5, "foss": 0.72, "juv": 0.0, "B": 0.57, "Q": 3.72, "w": 17.36, "h": 0.21, "S": 0.01835, "elv": "Medalåa", "km": 3.1}}, {"type": "Feature", "geometry": {"type": "LineString", "coordinates": [[12.72541, 64.41313], [12.72348, 64.41285]]}, "properties": {"P": 22.05, "tau": 33.05, "tau_c": 90.7, "omega": 32.52, "M": 0.36, "D": 0.05, "R": 0.06, "sving": 0.24, "os": 0.32, "foss": 0.51, "juv": 0.0, "B": 0.57, "Q": 3.72, "w": 17.42, "h": 0.22, "S": 0.0155, "elv": "Medalåa", "km": 3.2}}, {"type": "Feature", "geometry": {"type": "LineString", "coordinates": [[12.72348, 64.41285], [12.72158, 64.41294]]}, "properties": {"P": 26.13, "tau": 34.14, "tau_c": 92.91, "omega": 34.06, "M": 0.37, "D": 0.08, "R": 0.06, "sving": 0.64, "os": 0.25, "foss": 0.37, "juv": 0.0, "B": 0.57, "Q": 3.73, "w": 17.49, "h": 0.21, "S": 0.01627, "elv": "Medalåa", "km": 3.3}}, {"type": "Feature", "geometry": {"type": "LineString", "coordinates": [[12.72158, 64.41294], [12.71997, 64.41303]]}, "properties": {"P": 24.34, "tau": 26.63, "tau_c": 76.85, "omega": 23.94, "M": 0.35, "D": 0.13, "R": 0.05, "sving": 0.76, "os": 0.34, "foss": 0.0, "juv": 0.0, "B": 0.57, "Q": 3.85, "w": 17.56, "h": 0.24, "S": 0.01113, "elv": "Medalåa", "km": 3.4}}, {"type": "Feature", "geometry": {"type": "LineString", "coordinates": [[12.71997, 64.41303], [12.71892, 64.41351]]}, "properties": {"P": 16.19, "tau": 27.01, "tau_c": 77.78, "omega": 24.41, "M": 0.35, "D": 0.13, "R": 0.05, "sving": 0.25, "os": 0.39, "foss": 0.0, "juv": 0.0, "B": 0.57, "Q": 3.85, "w": 17.64, "h": 0.24, "S": 0.0114, "elv": "Medalåa", "km": 3.5}}, {"type": "Feature", "geometry": {"type": "LineString", "coordinates": [[12.71892, 64.41351], [12.71922, 64.41439]]}, "properties": {"P": 15.86, "tau": 24.24, "tau_c": 71.88, "omega": 20.91, "M": 0.34, "D": 0.17, "R": 0.05, "sving": 0.07, "os": 0.51, "foss": 0.0, "juv": 0.0, "B": 0.57, "Q": 3.88, "w": 17.71, "h": 0.25, "S": 0.00974, "elv": "Medalåa", "km": 3.6}}, {"type": "Feature", "geometry": {"type": "LineString", "coordinates": [[12.71922, 64.41439], [12.71795, 64.41493]]}, "properties": {"P": 25.41, "tau": 19.23, "tau_c": 60.79, "omega": 15.0, "M": 0.32, "D": 0.2, "R": 0.03, "sving": 0.25, "os": 0.83, "foss": 0.0, "juv": 0.0, "B": 0.57, "Q": 3.89, "w": 17.74, "h": 0.28, "S": 0.00697, "elv": "Medalåa", "km": 3.7}}, {"type": "Feature", "geometry": {"type": "LineString", "coordinates": [[12.71314, 64.41576], [12.71112, 64.41569]]}, "properties": {"P": 7.68, "tau": 24.45, "tau_c": 72.15, "omega": 21.19, "M": 0.34, "D": 0.0, "R": 0.05, "sving": 0.16, "os": 0.19, "foss": 0.0, "juv": 0.0, "B": 0.58, "Q": 3.92, "w": 17.81, "h": 0.25, "S": 0.00981, "elv": "Medalåa", "km": 4.1}}, {"type": "Feature", "geometry": {"type": "LineString", "coordinates": [[12.71112, 64.41569], [12.70909, 64.4156]]}, "properties": {"P": 12.52, "tau": 26.97, "tau_c": 77.42, "omega": 24.39, "M": 0.35, "D": 0.0, "R": 0.05, "sving": 0.48, "os": 0.12, "foss": 0.0, "juv": 0.0, "B": 0.58, "Q": 3.92, "w": 17.82, "h": 0.24, "S": 0.0113, "elv": "Medalåa", "km": 4.2}}, {"type": "Feature", "geometry": {"type": "LineString", "coordinates": [[12.70909, 64.4156], [12.70717, 64.41537]]}, "properties": {"P": 26.34, "tau": 29.65, "tau_c": 84.1, "omega": 27.84, "M": 0.35, "D": 0.0, "R": 0.05, "sving": 0.23, "os": 0.14, "foss": 1.0, "juv": 0.0, "B": 0.58, "Q": 3.92, "w": 18.42, "h": 0.23, "S": 0.01333, "elv": "Medalåa", "km": 4.3}}, {"type": "Feature", "geometry": {"type": "LineString", "coordinates": [[12.70717, 64.41537], [12.70521, 64.41519]]}, "properties": {"P": 19.67, "tau": 30.06, "tau_c": 86.13, "omega": 28.28, "M": 0.35, "D": 0.0, "R": 0.05, "sving": 0.1, "os": 0.19, "foss": 0.72, "juv": 0.0, "B": 0.58, "Q": 3.92, "w": 19.02, "h": 0.22, "S": 0.01398, "elv": "Medalåa", "km": 4.4}}, {"type": "Feature", "geometry": {"type": "LineString", "coordinates": [[12.70521, 64.41519], [12.70374, 64.41466]]}, "properties": {"P": 20.06, "tau": 35.52, "tau_c": 86.13, "omega": 37.27, "M": 0.41, "D": 0.03, "R": 0.1, "sving": 0.05, "os": 0.3, "foss": 0.51, "juv": 0.0, "B": 0.6, "Q": 5.34, "w": 19.66, "h": 0.26, "S": 0.01398, "elv": "Medalåa", "km": 4.5}}, {"type": "Feature", "geometry": {"type": "LineString", "coordinates": [[12.70374, 64.41466], [12.70189, 64.41436]]}, "properties": {"P": 23.28, "tau": 34.17, "tau_c": 84.93, "omega": 35.12, "M": 0.4, "D": 0.11, "R": 0.09, "sving": 0.1, "os": 0.47, "foss": 0.37, "juv": 0.0, "B": 0.6, "Q": 5.35, "w": 20.3, "h": 0.26, "S": 0.0136, "elv": "Medalåa", "km": 4.6}}, {"type": "Feature", "geometry": {"type": "LineString", "coordinates": [[12.70189, 64.41436], [12.70002, 64.41401]]}, "properties": {"P": 31.99, "tau": 21.89, "tau_c": 62.04, "omega": 18.52, "M": 0.35, "D": 0.21, "R": 0.05, "sving": 0.58, "os": 0.75, "foss": 0.0, "juv": 0.0, "B": 0.6, "Q": 5.46, "w": 20.99, "h": 0.31, "S": 0.00725, "elv": "Medalåa", "km": 4.7}}, {"type": "Feature", "geometry": {"type": "LineString", "coordinates": [[12.70002, 64.41401], [12.69845, 64.41365]]}, "properties": {"P": 26.45, "tau": 18.91, "tau_c": 55.94, "omega": 15.0, "M": 0.34, "D": 0.22, "R": 0.05, "sving": 0.23, "os": 0.81, "foss": 0.0, "juv": 0.0, "B": 0.6, "Q": 5.47, "w": 21.09, "h": 0.33, "S": 0.0059, "elv": "Medalåa", "km": 4.8}}, {"type": "Feature", "geometry": {"type": "LineString", "coordinates": [[12.69845, 64.41365], [12.69717, 64.41427]]}, "properties": {"P": 33.82, "tau": 18.59, "tau_c": 54.85, "omega": 14.68, "M": 0.34, "D": 0.14, "R": 0.05, "sving": 1.0, "os": 0.53, "foss": 0.0, "juv": 0.0, "B": 0.6, "Q": 5.59, "w": 21.19, "h": 0.33, "S": 0.00567, "elv": "Medalåa", "km": 4.9}}, {"type": "Feature", "geometry": {"type": "LineString", "coordinates": [[12.69717, 64.41427], [12.69532, 64.41447]]}, "properties": {"P": 16.38, "tau": 17.06, "tau_c": 51.6, "omega": 12.96, "M": 0.33, "D": 0.05, "R": 0.04, "sving": 0.32, "os": 0.41, "foss": 0.0, "juv": 0.0, "B": 0.6, "Q": 5.59, "w": 21.24, "h": 0.35, "S": 0.00502, "elv": "Medalåa", "km": 5.0}}, {"type": "Feature", "geometry": {"type": "LineString", "coordinates": [[12.69532, 64.41447], [12.69645, 64.41499]]}, "properties": {"P": 7.66, "tau": 19.81, "tau_c": 57.51, "omega": 16.07, "M": 0.34, "D": 0.02, "R": 0.05, "sving": 0.05, "os": 0.26, "foss": 0.0, "juv": 0.0, "B": 0.6, "Q": 5.59, "w": 21.29, "h": 0.32, "S": 0.00623, "elv": "Medalåa", "km": 5.1}}, {"type": "Feature", "geometry": {"type": "LineString", "coordinates": [[12.69645, 64.41499], [12.69478, 64.41526]]}, "properties": {"P": 16.21, "tau": 16.82, "tau_c": 51.13, "omega": 12.7, "M": 0.33, "D": 0.04, "R": 0.04, "sving": 0.43, "os": 0.31, "foss": 0.0, "juv": 0.0, "B": 0.6, "Q": 5.6, "w": 21.29, "h": 0.35, "S": 0.00493, "elv": "Medalåa", "km": 5.2}}, {"type": "Feature", "geometry": {"type": "LineString", "coordinates": [[12.69478, 64.41526], [12.6937, 64.41595]]}, "properties": {"P": 15.44, "tau": 17.5, "tau_c": 52.66, "omega": 13.44, "M": 0.33, "D": 0.09, "R": 0.04, "sving": 0.43, "os": 0.2, "foss": 0.0, "juv": 0.0, "B": 0.6, "Q": 5.6, "w": 21.36, "h": 0.34, "S": 0.00523, "elv": "Medalåa", "km": 5.3}}, {"type": "Feature", "geometry": {"type": "LineString", "coordinates": [[12.6937, 64.41595], [12.69334, 64.4168]]}, "properties": {"P": 17.61, "tau": 17.17, "tau_c": 52.0, "omega": 13.08, "M": 0.33, "D": 0.17, "R": 0.04, "sving": 0.51, "os": 0.13, "foss": 0.0, "juv": 0.0, "B": 0.6, "Q": 5.6, "w": 21.43, "h": 0.34, "S": 0.0051, "elv": "Medalåa", "km": 5.4}}, {"type": "Feature", "geometry": {"type": "LineString", "coordinates": [[12.68528, 64.41555], [12.68327, 64.4154]]}, "properties": {"P": 6.92, "tau": 36.34, "tau_c": 88.15, "omega": 38.5, "M": 0.41, "D": 0.0, "R": 0.1, "sving": 0.14, "os": 0.06, "foss": 0.0, "juv": 0.0, "B": 0.6, "Q": 5.81, "w": 21.69, "h": 0.25, "S": 0.01465, "elv": "Medalåa", "km": 6.1}}, {"type": "Feature", "geometry": {"type": "LineString", "coordinates": [[12.68327, 64.4154], [12.6813, 64.41519]]}, "properties": {"P": 5.42, "tau": 40.7, "tau_c": 95.65, "omega": 45.28, "M": 0.43, "D": 0.0, "R": 0.11, "sving": 0.01, "os": 0.09, "foss": 0.0, "juv": 0.0, "B": 0.6, "Q": 5.81, "w": 21.71, "h": 0.24, "S": 0.01725, "elv": "Medalåa", "km": 6.2}}, {"type": "Feature", "geometry": {"type": "LineString", "coordinates": [[12.6813, 64.41519], [12.67939, 64.41492]]}, "properties": {"P": 26.8, "tau": 45.64, "tau_c": 103.68, "omega": 53.38, "M": 0.44, "D": 0.0, "R": 0.12, "sving": 0.08, "os": 0.12, "foss": 1.0, "juv": 0.0, "B": 0.6, "Q": 5.84, "w": 21.73, "h": 0.23, "S": 0.02026, "elv": "Medalåa", "km": 6.3}}, {"type": "Feature", "geometry": {"type": "LineString", "coordinates": [[12.67939, 64.41492], [12.67747, 64.41472]]}, "properties": {"P": 31.65, "tau": 54.32, "tau_c": 117.43, "omega": 68.53, "M": 0.46, "D": 0.0, "R": 0.15, "sving": 0.55, "os": 0.16, "foss": 0.72, "juv": 0.0, "B": 0.6, "Q": 5.84, "w": 21.74, "h": 0.21, "S": 0.02599, "elv": "Medalåa", "km": 6.4}}, {"type": "Feature", "geometry": {"type": "LineString", "coordinates": [[12.67747, 64.41472], [12.6754, 64.41477]]}, "properties": {"P": 28.68, "tau": 56.64, "tau_c": 121.36, "omega": 72.71, "M": 0.47, "D": 0.0, "R": 0.15, "sving": 0.56, "os": 0.19, "foss": 0.51, "juv": 0.0, "B": 0.6, "Q": 5.84, "w": 21.89, "h": 0.21, "S": 0.02776, "elv": "Medalåa", "km": 6.5}}, {"type": "Feature", "geometry": {"type": "LineString", "coordinates": [[12.6754, 64.41477], [12.67482, 64.41543]]}, "properties": {"P": 41.34, "tau": 67.88, "tau_c": 138.55, "omega": 94.16, "M": 0.49, "D": 0.0, "R": 0.18, "sving": 0.65, "os": 0.23, "foss": 1.0, "juv": 0.0, "B": 0.6, "Q": 5.85, "w": 22.03, "h": 0.19, "S": 0.03618, "elv": "Medalåa", "km": 6.6}}, {"type": "Feature", "geometry": {"type": "LineString", "coordinates": [[12.67482, 64.41543], [12.67411, 64.41618]]}, "properties": {"P": 29.12, "tau": 58.52, "tau_c": 121.75, "omega": 76.68, "M": 0.48, "D": 0.04, "R": 0.17, "sving": 0.13, "os": 0.34, "foss": 0.72, "juv": 0.0, "B": 0.61, "Q": 6.22, "w": 22.22, "h": 0.21, "S": 0.02794, "elv": "Medalåa", "km": 6.7}}, {"type": "Feature", "geometry": {"type": "LineString", "coordinates": [[12.67411, 64.41618], [12.67397, 64.41707]]}, "properties": {"P": 46.46, "tau": 55.58, "tau_c": 117.74, "omega": 71.14, "M": 0.47, "D": 0.09, "R": 0.16, "sving": 0.53, "os": 0.51, "foss": 1.0, "juv": 0.0, "B": 0.61, "Q": 6.22, "w": 22.41, "h": 0.22, "S": 0.02613, "elv": "Medalåa", "km": 6.8}}, {"type": "Feature", "geometry": {"type": "LineString", "coordinates": [[12.67397, 64.41707], [12.67238, 64.41736]]}, "properties": {"P": 46.86, "tau": 51.07, "tau_c": 110.13, "omega": 63.15, "M": 0.46, "D": 0.09, "R": 0.15, "sving": 0.52, "os": 0.83, "foss": 0.72, "juv": 0.0, "B": 0.61, "Q": 6.37, "w": 22.61, "h": 0.23, "S": 0.02286, "elv": "Medalåa", "km": 6.9}}, {"type": "Feature", "geometry": {"type": "LineString", "coordinates": [[12.67238, 64.41736], [12.67037, 64.41719]]}, "properties": {"P": 35.37, "tau": 41.71, "tau_c": 95.33, "omega": 47.22, "M": 0.44, "D": 0.05, "R": 0.12, "sving": 0.42, "os": 0.64, "foss": 0.51, "juv": 0.0, "B": 0.61, "Q": 6.37, "w": 22.66, "h": 0.25, "S": 0.01713, "elv": "Medalåa", "km": 7.0}}, {"type": "Feature", "geometry": {"type": "LineString", "coordinates": [[12.67037, 64.41719], [12.66839, 64.417]]}, "properties": {"P": 26.05, "tau": 58.47, "tau_c": 121.53, "omega": 76.63, "M": 0.48, "D": 0.0, "R": 0.17, "sving": 0.32, "os": 0.39, "foss": 0.37, "juv": 0.0, "B": 0.61, "Q": 6.38, "w": 22.72, "h": 0.21, "S": 0.02784, "elv": "Medalåa", "km": 7.1}}, {"type": "Feature", "geometry": {"type": "LineString", "coordinates": [[12.66839, 64.417], [12.66681, 64.41728]]}, "properties": {"P": 13.22, "tau": 50.07, "tau_c": 108.75, "omega": 61.35, "M": 0.46, "D": 0.0, "R": 0.14, "sving": 0.2, "os": 0.24, "foss": 0.0, "juv": 0.0, "B": 0.61, "Q": 6.38, "w": 22.72, "h": 0.23, "S": 0.02229, "elv": "Medalåa", "km": 7.2}}, {"type": "Feature", "geometry": {"type": "LineString", "coordinates": [[12.66681, 64.41728], [12.66616, 64.41811]]}, "properties": {"P": 35.27, "tau": 62.11, "tau_c": 127.05, "omega": 83.54, "M": 0.49, "D": 0.0, "R": 0.17, "sving": 0.38, "os": 0.17, "foss": 1.0, "juv": 0.0, "B": 0.61, "Q": 6.38, "w": 22.78, "h": 0.21, "S": 0.03042, "elv": "Medalåa", "km": 7.3}}, {"type": "Feature", "geometry": {"type": "LineString", "coordinates": [[12.66616, 64.41811], [12.66443, 64.41838]]}, "properties": {"P": 28.88, "tau": 60.1, "tau_c": 124.2, "omega": 79.67, "M": 0.48, "D": 0.0, "R": 0.17, "sving": 0.36, "os": 0.14, "foss": 0.72, "juv": 0.0, "B": 0.61, "Q": 6.38, "w": 22.83, "h": 0.21, "S": 0.02907, "elv": "Medalåa", "km": 7.4}}, {"type": "Feature", "geometry": {"type": "LineString", "coordinates": [[12.66443, 64.41838], [12.66306, 64.41898]]}, "properties": {"P": 38.07, "tau": 60.84, "tau_c": 124.2, "omega": 81.28, "M": 0.49, "D": 0.04, "R": 0.18, "sving": 0.53, "os": 0.09, "foss": 1.0, "juv": 0.0, "B": 0.61, "Q": 6.52, "w": 22.89, "h": 0.21, "S": 0.02907, "elv": "Medalåa", "km": 7.5}}, {"type": "Feature", "geometry": {"type": "LineString", "coordinates": [[12.66306, 64.41898], [12.66142, 64.41851]]}, "properties": {"P": 26.06, "tau": 60.91, "tau_c": 124.81, "omega": 81.33, "M": 0.49, "D": 0.1, "R": 0.17, "sving": 0.07, "os": 0.14, "foss": 0.72, "juv": 0.0, "B": 0.61, "Q": 6.53, "w": 23.12, "h": 0.21, "S": 0.02936, "elv": "Medalåa", "km": 7.6}}, {"type": "Feature", "geometry": {"type": "LineString", "coordinates": [[12.66142, 64.41851], [12.65939, 64.41835]]}, "properties": {"P": 25.63, "tau": 44.81, "tau_c": 100.62, "omega": 52.33, "M": 0.45, "D": 0.23, "R": 0.13, "sving": 0.1, "os": 0.19, "foss": 0.51, "juv": 0.0, "B": 0.61, "Q": 6.53, "w": 23.36, "h": 0.24, "S": 0.01908, "elv": "Medalåa", "km": 7.7}}, {"type": "Feature", "geometry": {"type": "LineString", "coordinates": [[12.65939, 64.41835], [12.65771, 64.41847]]}, "properties": {"P": 26.73, "tau": 39.33, "tau_c": 89.0, "omega": 43.79, "M": 0.44, "D": 0.33, "R": 0.13, "sving": 0.07, "os": 0.28, "foss": 0.37, "juv": 0.0, "B": 0.62, "Q": 7.05, "w": 23.59, "h": 0.27, "S": 0.01493, "elv": "Medalåa", "km": 7.8}}, {"type": "Feature", "geometry": {"type": "LineString", "coordinates": [[12.65771, 64.41847], [12.65691, 64.4191]]}, "properties": {"P": 27.67, "tau": 13.31, "tau_c": 41.06, "omega": 9.23, "M": 0.32, "D": 0.46, "R": 0.04, "sving": 0.34, "os": 0.41, "foss": 0.0, "juv": 0.0, "B": 0.62, "Q": 7.05, "w": 23.82, "h": 0.43, "S": 0.00318, "elv": "Medalåa", "km": 7.9}}, {"type": "Feature", "geometry": {"type": "LineString", "coordinates": [[12.65691, 64.4191], [12.6555, 64.41885]]}, "properties": {"P": 26.34, "tau": 13.12, "tau_c": 40.48, "omega": 9.06, "M": 0.32, "D": 0.32, "R": 0.04, "sving": 0.27, "os": 0.58, "foss": 0.0, "juv": 0.0, "B": 0.62, "Q": 7.2, "w": 24.06, "h": 0.43, "S": 0.00309, "elv": "Medalåa", "km": 8.0}}, {"type": "Feature", "geometry": {"type": "LineString", "coordinates": [[12.6555, 64.41885], [12.65415, 64.41936]]}, "properties": {"P": 29.87, "tau": 13.12, "tau_c": 40.48, "omega": 9.06, "M": 0.32, "D": 0.19, "R": 0.04, "sving": 0.54, "os": 0.68, "foss": 0.0, "juv": 0.0, "B": 0.62, "Q": 7.22, "w": 24.15, "h": 0.43, "S": 0.00309, "elv": "Medalåa", "km": 8.1}}, {"type": "Feature", "geometry": {"type": "LineString", "coordinates": [[12.65415, 64.41936], [12.65242, 64.41888]]}, "properties": {"P": 18.4, "tau": 17.13, "tau_c": 49.08, "omega": 13.29, "M": 0.35, "D": 0.0, "R": 0.05, "sving": 0.02, "os": 0.84, "foss": 0.0, "juv": 0.0, "B": 0.62, "Q": 7.23, "w": 24.23, "h": 0.38, "S": 0.00454, "elv": "Medalåa", "km": 8.2}}, {"type": "Feature", "geometry": {"type": "LineString", "coordinates": [[12.65242, 64.41888], [12.65048, 64.41856]]}, "properties": {"P": 18.83, "tau": 17.22, "tau_c": 49.1, "omega": 13.4, "M": 0.35, "D": 0.0, "R": 0.05, "sving": 0.36, "os": 0.51, "foss": 0.0, "juv": 0.0, "B": 0.62, "Q": 7.3, "w": 24.27, "h": 0.39, "S": 0.00454, "elv": "Medalåa", "km": 8.3}}, {"type": "Feature", "geometry": {"type": "LineString", "coordinates": [[12.65048, 64.41856], [12.64861, 64.41819]]}, "properties": {"P": 10.27, "tau": 38.35, "tau_c": 87.25, "omega": 42.28, "M": 0.44, "D": 0.0, "R": 0.12, "sving": 0.01, "os": 0.31, "foss": 0.0, "juv": 0.0, "B": 0.62, "Q": 7.3, "w": 24.31, "h": 0.27, "S": 0.01435, "elv": "Medalåa", "km": 8.4}}, {"type": "Feature", "geometry": {"type": "LineString", "coordinates": [[12.64861, 64.41819], [12.64661, 64.41797]]}, "properties": {"P": 13.21, "tau": 59.69, "tau_c": 119.8, "omega": 79.71, "M": 0.5, "D": 0.0, "R": 0.19, "sving": 0.18, "os": 0.19, "foss": 0.0, "juv": 0.0, "B": 0.62, "Q": 7.31, "w": 24.34, "h": 0.22, "S": 0.02705, "elv": "Medalåa", "km": 8.5}}, {"type": "Feature", "geometry": {"type": "LineString", "coordinates": [[12.64661, 64.41797], [12.6449, 64.41747]]}, "properties": {"P": 31.52, "tau": 61.16, "tau_c": 121.79, "omega": 82.56, "M": 0.5, "D": 0.0, "R": 0.19, "sving": 0.18, "os": 0.12, "foss": 1.0, "juv": 0.0, "B": 0.62, "Q": 7.33, "w": 24.35, "h": 0.22, "S": 0.02796, "elv": "Medalåa", "km": 8.6}}, {"type": "Feature", "geometry": {"type": "LineString", "coordinates": [[12.6449, 64.41747], [12.64351, 64.41681]]}, "properties": {"P": 32.03, "tau": 71.92, "tau_c": 136.8, "omega": 104.14, "M": 0.53, "D": 0.0, "R": 0.22, "sving": 0.21, "os": 0.07, "foss": 1.0, "juv": 0.0, "B": 0.62, "Q": 7.33, "w": 24.36, "h": 0.21, "S": 0.03527, "elv": "Medalåa", "km": 8.7}}, {"type": "Feature", "geometry": {"type": "LineString", "coordinates": [[12.64351, 64.41681], [12.64226, 64.41609]]}, "properties": {"P": 22.18, "tau": 74.84, "tau_c": 140.82, "omega": 110.24, "M": 0.53, "D": 0.0, "R": 0.22, "sving": 0.05, "os": 0.0, "foss": 0.72, "juv": 0.0, "B": 0.62, "Q": 7.33, "w": 24.39, "h": 0.2, "S": 0.03738, "elv": "Medalåa", "km": 8.8}}, {"type": "Feature", "geometry": {"type": "LineString", "coordinates": [[12.64226, 64.41609], [12.64085, 64.41545]]}, "properties": {"P": 29.12, "tau": 85.21, "tau_c": 154.59, "omega": 132.73, "M": 0.55, "D": 0.01, "R": 0.25, "sving": 0.06, "os": 0.0, "foss": 1.0, "juv": 0.0, "B": 0.62, "Q": 7.34, "w": 24.42, "h": 0.19, "S": 0.04504, "elv": "Medalåa", "km": 8.9}}, {"type": "Feature", "geometry": {"type": "LineString", "coordinates": [[12.64085, 64.41545], [12.63933, 64.41488]]}, "properties": {"P": 23.69, "tau": 78.03, "tau_c": 144.7, "omega": 117.13, "M": 0.54, "D": 0.05, "R": 0.23, "sving": 0.05, "os": 0.0, "foss": 0.72, "juv": 0.0, "B": 0.62, "Q": 7.4, "w": 24.45, "h": 0.2, "S": 0.03946, "elv": "Medalåa", "km": 9.0}}, {"type": "Feature", "geometry": {"type": "LineString", "coordinates": [[12.63933, 64.41488], [12.6377, 64.41433]]}, "properties": {"P": 29.13, "tau": 68.04, "tau_c": 131.11, "omega": 96.28, "M": 0.52, "D": 0.07, "R": 0.21, "sving": 0.05, "os": 0.0, "foss": 1.0, "juv": 0.0, "B": 0.62, "Q": 7.42, "w": 24.48, "h": 0.21, "S": 0.0324, "elv": "Medalåa", "km": 9.1}}, {"type": "Feature", "geometry": {"type": "LineString", "coordinates": [[12.6377, 64.41433], [12.63625, 64.41369]]}, "properties": {"P": 24.01, "tau": 68.06, "tau_c": 131.15, "omega": 96.3, "M": 0.52, "D": 0.06, "R": 0.21, "sving": 0.01, "os": 0.07, "foss": 0.72, "juv": 0.0, "B": 0.62, "Q": 7.42, "w": 24.52, "h": 0.21, "S": 0.03242, "elv": "Medalåa", "km": 9.2}}, {"type": "Feature", "geometry": {"type": "LineString", "coordinates": [[12.63625, 64.41369], [12.63468, 64.41314]]}, "properties": {"P": 32.1, "tau": 66.05, "tau_c": 128.35, "omega": 92.26, "M": 0.51, "D": 0.03, "R": 0.2, "sving": 0.16, "os": 0.12, "foss": 1.0, "juv": 0.0, "B": 0.62, "Q": 7.43, "w": 24.53, "h": 0.22, "S": 0.03105, "elv": "Medalåa", "km": 9.3}}, {"type": "Feature", "geometry": {"type": "LineString", "coordinates": [[12.63468, 64.41314], [12.63318, 64.41252]]}, "properties": {"P": 28.05, "tau": 74.51, "tau_c": 139.91, "omega": 109.67, "M": 0.53, "D": 0.0, "R": 0.23, "sving": 0.16, "os": 0.19, "foss": 0.72, "juv": 0.0, "B": 0.62, "Q": 7.43, "w": 24.54, "h": 0.21, "S": 0.03689, "elv": "Medalåa", "km": 9.4}}, {"type": "Feature", "geometry": {"type": "LineString", "coordinates": [[12.63318, 64.41252], [12.63222, 64.41174]]}, "properties": {"P": 33.13, "tau": 68.16, "tau_c": 131.26, "omega": 96.53, "M": 0.52, "D": 0.03, "R": 0.21, "sving": 0.02, "os": 0.3, "foss": 1.0, "juv": 0.0, "B": 0.62, "Q": 7.44, "w": 24.54, "h": 0.21, "S": 0.03248, "elv": "Medalåa", "km": 9.5}}, {"type": "Feature", "geometry": {"type": "LineString", "coordinates": [[12.63222, 64.41174], [12.63152, 64.41089]]}, "properties": {"P": 37.91, "tau": 66.49, "tau_c": 128.95, "omega": 93.16, "M": 0.52, "D": 0.03, "R": 0.21, "sving": 0.08, "os": 0.5, "foss": 1.0, "juv": 0.0, "B": 0.62, "Q": 7.44, "w": 24.54, "h": 0.22, "S": 0.03134, "elv": "Medalåa", "km": 9.6}}, {"type": "Feature", "geometry": {"type": "LineString", "coordinates": [[12.63152, 64.41089], [12.62999, 64.4103]]}, "properties": {"P": 48.55, "tau": 62.69, "tau_c": 123.8, "omega": 85.59, "M": 0.51, "D": 0.03, "R": 0.19, "sving": 0.33, "os": 0.82, "foss": 1.0, "juv": 0.0, "B": 0.62, "Q": 7.44, "w": 24.62, "h": 0.22, "S": 0.02889, "elv": "Medalåa", "km": 9.7}}, {"type": "Feature", "geometry": {"type": "LineString", "coordinates": [[12.62999, 64.4103], [12.62822, 64.40984]]}, "properties": {"P": 41.94, "tau": 68.92, "tau_c": 132.68, "omega": 97.98, "M": 0.52, "D": 0.02, "R": 0.21, "sving": 0.38, "os": 0.71, "foss": 0.72, "juv": 0.0, "B": 0.62, "Q": 7.44, "w": 24.71, "h": 0.21, "S": 0.03318, "elv": "Medalåa", "km": 9.8}}, {"type": "Feature", "geometry": {"type": "LineString", "coordinates": [[12.62822, 64.40984], [12.62623, 64.40965]]}, "properties": {"P": 29.81, "tau": 69.39, "tau_c": 131.71, "omega": 99.33, "M": 0.53, "D": 0.06, "R": 0.22, "sving": 0.15, "os": 0.43, "foss": 0.51, "juv": 0.0, "B": 0.62, "Q": 7.68, "w": 24.79, "h": 0.22, "S": 0.0327, "elv": "Medalåa", "km": 9.9}}, {"type": "Feature", "geometry": {"type": "LineString", "coordinates": [[12.62623, 64.40965], [12.62421, 64.40945]]}, "properties": {"P": 33.58, "tau": 55.85, "tau_c": 112.98, "omega": 72.73, "M": 0.49, "D": 0.1, "R": 0.18, "sving": 0.03, "os": 0.27, "foss": 1.0, "juv": 0.0, "B": 0.62, "Q": 7.69, "w": 24.97, "h": 0.24, "S": 0.02406, "elv": "Medalåa", "km": 10.0}}, {"type": "Feature", "geometry": {"type": "LineString", "coordinates": [[12.62421, 64.40945], [12.62224, 64.40917]]}, "properties": {"P": 34.13, "tau": 51.41, "tau_c": 106.79, "omega": 64.54, "M": 0.48, "D": 0.08, "R": 0.17, "sving": 0.06, "os": 0.31, "foss": 1.0, "juv": 0.0, "B": 0.62, "Q": 7.7, "w": 25.17, "h": 0.24, "S": 0.02149, "elv": "Medalåa", "km": 10.1}}, {"type": "Feature", "geometry": {"type": "LineString", "coordinates": [[12.62224, 64.40917], [12.62067, 64.40867]]}, "properties": {"P": 31.58, "tau": 54.58, "tau_c": 110.09, "omega": 70.58, "M": 0.5, "D": 0.04, "R": 0.18, "sving": 0.06, "os": 0.49, "foss": 0.72, "juv": 0.0, "B": 0.62, "Q": 7.97, "w": 25.3, "h": 0.24, "S": 0.02284, "elv": "Medalåa", "km": 10.2}}, {"type": "Feature", "geometry": {"type": "LineString", "coordinates": [[12.62067, 64.40867], [12.61892, 64.40838]]}, "properties": {"P": 31.22, "tau": 55.7, "tau_c": 111.63, "omega": 72.7, "M": 0.5, "D": 0.03, "R": 0.19, "sving": 0.01, "os": 0.74, "foss": 0.51, "juv": 0.0, "B": 0.62, "Q": 8.06, "w": 25.56, "h": 0.24, "S": 0.02349, "elv": "Medalåa", "km": 10.3}}, {"type": "Feature", "geometry": {"type": "LineString", "coordinates": [[12.61892, 64.40838], [12.617, 64.40804]]}, "properties": {"P": 54.29, "tau": 52.15, "tau_c": 106.76, "omega": 66.1, "M": 0.49, "D": 0.06, "R": 0.17, "sving": 0.69, "os": 0.72, "foss": 1.0, "juv": 0.0, "B": 0.62, "Q": 8.1, "w": 25.81, "h": 0.25, "S": 0.02148, "elv": "Medalåa", "km": 10.4}}, {"type": "Feature", "geometry": {"type": "LineString", "coordinates": [[12.617, 64.40804], [12.61507, 64.40775]]}, "properties": {"P": 33.78, "tau": 44.48, "tau_c": 93.55, "omega": 52.93, "M": 0.48, "D": 0.11, "R": 0.16, "sving": 0.12, "os": 0.48, "foss": 0.72, "juv": 0.0, "B": 0.62, "Q": 8.5, "w": 25.99, "h": 0.27, "S": 0.0165, "elv": "Medalåa", "km": 10.5}}, {"type": "Feature", "geometry": {"type": "LineString", "coordinates": [[12.61507, 64.40775], [12.61439, 64.40853]]}, "properties": {"P": 31.77, "tau": 43.73, "tau_c": 92.78, "omega": 51.59, "M": 0.47, "D": 0.14, "R": 0.16, "sving": 0.18, "os": 0.49, "foss": 0.51, "juv": 0.0, "B": 0.62, "Q": 8.5, "w": 26.22, "h": 0.27, "S": 0.01622, "elv": "Medalåa", "km": 10.6}}, {"type": "Feature", "geometry": {"type": "LineString", "coordinates": [[12.61439, 64.40853], [12.61252, 64.4085]]}, "properties": {"P": 38.97, "tau": 38.84, "tau_c": 85.37, "omega": 43.5, "M": 0.45, "D": 0.19, "R": 0.14, "sving": 0.38, "os": 0.75, "foss": 0.37, "juv": 0.0, "B": 0.62, "Q": 8.54, "w": 26.46, "h": 0.29, "S": 0.01374, "elv": "Medalåa", "km": 10.7}}, {"type": "Feature", "geometry": {"type": "LineString", "coordinates": [[12.61252, 64.4085], [12.61075, 64.40857]]}, "properties": {"P": 36.19, "tau": 28.74, "tau_c": 67.94, "omega": 28.35, "M": 0.42, "D": 0.27, "R": 0.11, "sving": 0.53, "os": 0.77, "foss": 0.0, "juv": 0.0, "B": 0.63, "Q": 8.82, "w": 26.56, "h": 0.34, "S": 0.0087, "elv": "Medalåa", "km": 10.8}}, {"type": "Feature", "geometry": {"type": "LineString", "coordinates": [[12.61075, 64.40857], [12.6092, 64.40911]]}, "properties": {"P": 27.43, "tau": 20.66, "tau_c": 53.66, "omega": 17.66, "M": 0.39, "D": 0.34, "R": 0.08, "sving": 0.21, "os": 0.61, "foss": 0.0, "juv": 0.0, "B": 0.63, "Q": 8.84, "w": 26.67, "h": 0.39, "S": 0.00543, "elv": "Medalåa", "km": 10.9}}, {"type": "Feature", "geometry": {"type": "LineString", "coordinates": [[12.6092, 64.40911], [12.6072, 64.40893]]}, "properties": {"P": 30.85, "tau": 13.59, "tau_c": 39.79, "omega": 9.67, "M": 0.34, "D": 0.36, "R": 0.05, "sving": 0.08, "os": 0.93, "foss": 0.0, "juv": 0.0, "B": 0.63, "Q": 8.85, "w": 26.77, "h": 0.46, "S": 0.00298, "elv": "Medalåa", "km": 11.0}}, {"type": "Feature", "geometry": {"type": "LineString", "coordinates": [[12.6072, 64.40893], [12.60551, 64.40843]]}, "properties": {"P": 25.47, "tau": 12.05, "tau_c": 36.47, "omega": 8.14, "M": 0.33, "D": 0.3, "R": 0.04, "sving": 0.25, "os": 0.58, "foss": 0.0, "juv": 0.0, "B": 0.63, "Q": 8.86, "w": 26.78, "h": 0.49, "S": 0.00251, "elv": "Medalåa", "km": 11.1}}, {"type": "Feature", "geometry": {"type": "LineString", "coordinates": [[12.60551, 64.40843], [12.60366, 64.40867]]}, "properties": {"P": 18.4, "tau": 9.31, "tau_c": 30.3, "omega": 5.61, "M": 0.31, "D": 0.18, "R": 0.03, "sving": 0.29, "os": 0.36, "foss": 0.0, "juv": 0.0, "B": 0.62, "Q": 8.86, "w": 26.8, "h": 0.55, "S": 0.00173, "elv": "Medalåa", "km": 11.2}}, {"type": "Feature", "geometry": {"type": "LineString", "coordinates": [[12.60366, 64.40867], [12.6032, 64.40953]]}, "properties": {"P": 11.72, "tau": 8.79, "tau_c": 29.08, "omega": 5.17, "M": 0.3, "D": 0.06, "R": 0.03, "sving": 0.22, "os": 0.25, "foss": 0.0, "juv": 0.0, "B": 0.62, "Q": 8.86, "w": 26.82, "h": 0.56, "S": 0.00159, "elv": "Medalåa", "km": 11.3}}, {"type": "Feature", "geometry": {"type": "LineString", "coordinates": [[12.6032, 64.40953], [12.60164, 64.40997]]}, "properties": {"P": 8.91, "tau": 12.6, "tau_c": 37.6, "omega": 8.68, "M": 0.34, "D": 0.0, "R": 0.04, "sving": 0.15, "os": 0.23, "foss": 0.0, "juv": 0.0, "B": 0.63, "Q": 8.91, "w": 26.83, "h": 0.48, "S": 0.00266, "elv": "Medalåa", "km": 11.4}}, {"type": "Feature", "geometry": {"type": "LineString", "coordinates": [[12.60164, 64.40997], [12.6009, 64.40918]]}, "properties": {"P": 9.23, "tau": 10.69, "tau_c": 33.42, "omega": 6.85, "M": 0.32, "D": 0.04, "R": 0.04, "sving": 0.2, "os": 0.15, "foss": 0.0, "juv": 0.0, "B": 0.63, "Q": 8.91, "w": 26.85, "h": 0.52, "S": 0.00211, "elv": "Medalåa", "km": 11.5}}, {"type": "Feature", "geometry": {"type": "LineString", "coordinates": [[12.6009, 64.40918], [12.59921, 64.4091]]}, "properties": {"P": 8.62, "tau": 9.15, "tau_c": 29.88, "omega": 5.47, "M": 0.31, "D": 0.06, "R": 0.03, "sving": 0.18, "os": 0.13, "foss": 0.0, "juv": 0.0, "B": 0.63, "Q": 8.91, "w": 26.87, "h": 0.55, "S": 0.00168, "elv": "Medalåa", "km": 11.6}}, {"type": "Feature", "geometry": {"type": "LineString", "coordinates": [[12.59921, 64.4091], [12.5998, 64.40989]]}, "properties": {"P": 15.11, "tau": 9.59, "tau_c": 30.93, "omega": 5.86, "M": 0.31, "D": 0.07, "R": 0.03, "sving": 0.53, "os": 0.09, "foss": 0.0, "juv": 0.0, "B": 0.62, "Q": 8.91, "w": 26.87, "h": 0.54, "S": 0.0018, "elv": "Medalåa", "km": 11.7}}, {"type": "Feature", "geometry": {"type": "LineString", "coordinates": [[12.5998, 64.40989], [12.59885, 64.4106]]}, "properties": {"P": 6.43, "tau": 9.59, "tau_c": 30.93, "omega": 5.86, "M": 0.31, "D": 0.11, "R": 0.03, "sving": 0.02, "os": 0.1, "foss": 0.0, "juv": 0.0, "B": 0.63, "Q": 8.93, "w": 26.94, "h": 0.54, "S": 0.0018, "elv": "Medalåa", "km": 11.8}}, {"type": "Feature", "geometry": {"type": "LineString", "coordinates": [[12.59885, 64.4106], [12.59684, 64.41081]]}, "properties": {"P": 26.01, "tau": 8.58, "tau_c": 28.59, "omega": 5.0, "M": 0.3, "D": 0.13, "R": 0.03, "sving": 1.0, "os": 0.1, "foss": 0.0, "juv": 0.0, "B": 0.63, "Q": 8.93, "w": 27.02, "h": 0.57, "S": 0.00154, "elv": "Medalåa", "km": 11.9}}, {"type": "Feature", "geometry": {"type": "LineString", "coordinates": [[12.59341, 64.41012], [12.59141, 64.40997]]}, "properties": {"P": 5.1, "tau": 10.72, "tau_c": 33.24, "omega": 6.9, "M": 0.32, "D": 0.0, "R": 0.04, "sving": 0.13, "os": 0.07, "foss": 0.0, "juv": 0.0, "B": 0.63, "Q": 9.26, "w": 27.43, "h": 0.52, "S": 0.00208, "elv": "Medalåa", "km": 12.2}}, {"type": "Feature", "geometry": {"type": "LineString", "coordinates": [[12.59141, 64.40997], [12.58969, 64.40953]]}, "properties": {"P": 8.46, "tau": 17.31, "tau_c": 47.02, "omega": 13.72, "M": 0.37, "D": 0.0, "R": 0.06, "sving": 0.22, "os": 0.11, "foss": 0.0, "juv": 0.0, "B": 0.63, "Q": 9.26, "w": 27.59, "h": 0.42, "S": 0.00417, "elv": "Medalåa", "km": 12.3}}, {"type": "Feature", "geometry": {"type": "LineString", "coordinates": [[12.58969, 64.40953], [12.58788, 64.4092]]}, "properties": {"P": 7.04, "tau": 17.67, "tau_c": 47.02, "omega": 14.2, "M": 0.38, "D": 0.0, "R": 0.07, "sving": 0.07, "os": 0.17, "foss": 0.0, "juv": 0.0, "B": 0.63, "Q": 9.63, "w": 27.73, "h": 0.43, "S": 0.00417, "elv": "Medalåa", "km": 12.4}}, {"type": "Feature", "geometry": {"type": "LineString", "coordinates": [[12.58788, 64.4092], [12.58587, 64.40899]]}, "properties": {"P": 13.84, "tau": 17.63, "tau_c": 47.02, "omega": 14.15, "M": 0.38, "D": 0.0, "R": 0.07, "sving": 0.31, "os": 0.27, "foss": 0.0, "juv": 0.0, "B": 0.63, "Q": 9.65, "w": 27.87, "h": 0.43, "S": 0.00417, "elv": "Medalåa", "km": 12.5}}, {"type": "Feature", "geometry": {"type": "LineString", "coordinates": [[12.58587, 64.40899], [12.58395, 64.40868]]}, "properties": {"P": 14.55, "tau": 19.84, "tau_c": 51.27, "omega": 16.76, "M": 0.39, "D": 0.03, "R": 0.08, "sving": 0.13, "os": 0.44, "foss": 0.0, "juv": 0.0, "B": 0.63, "Q": 9.66, "w": 28.01, "h": 0.41, "S": 0.00495, "elv": "Medalåa", "km": 12.6}}, {"type": "Feature", "geometry": {"type": "LineString", "coordinates": [[12.58395, 64.40868], [12.58352, 64.40783]]}, "properties": {"P": 20.49, "tau": 17.45, "tau_c": 46.61, "omega": 13.95, "M": 0.37, "D": 0.08, "R": 0.07, "sving": 0.15, "os": 0.67, "foss": 0.0, "juv": 0.0, "B": 0.63, "Q": 9.74, "w": 28.05, "h": 0.43, "S": 0.0041, "elv": "Medalåa", "km": 12.7}}, {"type": "Feature", "geometry": {"type": "LineString", "coordinates": [[12.58352, 64.40783], [12.58207, 64.40725]]}, "properties": {"P": 25.17, "tau": 14.02, "tau_c": 39.84, "omega": 10.19, "M": 0.35, "D": 0.08, "R": 0.05, "sving": 0.21, "os": 0.88, "foss": 0.0, "juv": 0.0, "B": 0.63, "Q": 9.75, "w": 28.09, "h": 0.48, "S": 0.00299, "elv": "Medalåa", "km": 12.8}}, {"type": "Feature", "geometry": {"type": "LineString", "coordinates": [[12.58207, 64.40725], [12.58008, 64.40739]]}, "properties": {"P": 19.95, "tau": 14.92, "tau_c": 41.66, "omega": 11.14, "M": 0.36, "D": 0.05, "R": 0.06, "sving": 0.26, "os": 0.6, "foss": 0.0, "juv": 0.0, "B": 0.63, "Q": 9.77, "w": 28.14, "h": 0.46, "S": 0.00327, "elv": "Medalåa", "km": 12.9}}, {"type": "Feature", "geometry": {"type": "LineString", "coordinates": [[12.58008, 64.40739], [12.57888, 64.40674]]}, "properties": {"P": 16.48, "tau": 26.26, "tau_c": 62.43, "omega": 25.09, "M": 0.42, "D": 0.0, "R": 0.11, "sving": 0.23, "os": 0.43, "foss": 0.0, "juv": 0.0, "B": 0.63, "Q": 9.81, "w": 28.17, "h": 0.36, "S": 0.00735, "elv": "Medalåa", "km": 13.0}}, {"type": "Feature", "geometry": {"type": "LineString", "coordinates": [[12.57888, 64.40674], [12.5774, 64.40623]]}, "properties": {"P": 14.8, "tau": 28.37, "tau_c": 65.99, "omega": 28.02, "M": 0.43, "D": 0.0, "R": 0.11, "sving": 0.28, "os": 0.28, "foss": 0.0, "juv": 0.0, "B": 0.63, "Q": 9.81, "w": 28.19, "h": 0.35, "S": 0.00821, "elv": "Medalåa", "km": 13.1}}, {"type": "Feature", "geometry": {"type": "LineString", "coordinates": [[12.5774, 64.40623], [12.57541, 64.40611]]}, "properties": {"P": 15.85, "tau": 26.46, "tau_c": 62.74, "omega": 25.37, "M": 0.42, "D": 0.0, "R": 0.11, "sving": 0.45, "os": 0.18, "foss": 0.0, "juv": 0.0, "B": 0.63, "Q": 9.83, "w": 28.21, "h": 0.36, "S": 0.00742, "elv": "Medalåa", "km": 13.2}}, {"type": "Feature", "geometry": {"type": "LineString", "coordinates": [[12.57541, 64.40611], [12.57374, 64.40564]]}, "properties": {"P": 8.48, "tau": 38.68, "tau_c": 82.38, "omega": 43.72, "M": 0.47, "D": 0.0, "R": 0.15, "sving": 0.06, "os": 0.11, "foss": 0.0, "juv": 0.0, "B": 0.63, "Q": 9.84, "w": 28.24, "h": 0.31, "S": 0.01279, "elv": "Medalåa", "km": 13.3}}, {"type": "Feature", "geometry": {"type": "LineString", "coordinates": [[12.57374, 64.40564], [12.57187, 64.40588]]}, "properties": {"P": 12.39, "tau": 46.01, "tau_c": 93.34, "omega": 56.07, "M": 0.49, "D": 0.0, "R": 0.18, "sving": 0.26, "os": 0.07, "foss": 0.0, "juv": 0.0, "B": 0.63, "Q": 9.84, "w": 28.28, "h": 0.29, "S": 0.01642, "elv": "Medalåa", "km": 13.4}}, {"type": "Feature", "geometry": {"type": "LineString", "coordinates": [[12.57187, 64.40588], [12.57013, 64.40546]]}, "properties": {"P": 31.43, "tau": 45.77, "tau_c": 92.73, "omega": 55.69, "M": 0.49, "D": 0.0, "R": 0.18, "sving": 0.24, "os": 0.05, "foss": 1.0, "juv": 0.0, "B": 0.63, "Q": 9.92, "w": 28.31, "h": 0.29, "S": 0.01621, "elv": "Medalåa", "km": 13.5}}, {"type": "Feature", "geometry": {"type": "LineString", "coordinates": [[12.57013, 64.40546], [12.56881, 64.40484]]}, "properties": {"P": 25.08, "tau": 43.13, "tau_c": 88.87, "omega": 51.16, "M": 0.49, "D": 0.0, "R": 0.17, "sving": 0.27, "os": 0.0, "foss": 0.72, "juv": 0.0, "B": 0.63, "Q": 9.93, "w": 28.34, "h": 0.3, "S": 0.01489, "elv": "Medalåa", "km": 13.6}}, {"type": "Feature", "geometry": {"type": "LineString", "coordinates": [[12.56881, 64.40484], [12.56812, 64.404]]}, "properties": {"P": 22.09, "tau": 59.54, "tau_c": 112.02, "omega": 81.2, "M": 0.53, "D": 0.0, "R": 0.22, "sving": 0.23, "os": 0.0, "foss": 0.51, "juv": 0.0, "B": 0.63, "Q": 9.93, "w": 28.38, "h": 0.26, "S": 0.02365, "elv": "Medalåa", "km": 13.7}}, {"type": "Feature", "geometry": {"type": "LineString", "coordinates": [[12.56812, 64.404], [12.56636, 64.40365]]}, "properties": {"P": 21.3, "tau": 70.62, "tau_c": 126.47, "omega": 103.72, "M": 0.56, "D": 0.0, "R": 0.26, "sving": 0.28, "os": 0.0, "foss": 0.37, "juv": 0.0, "B": 0.63, "Q": 9.96, "w": 28.41, "h": 0.24, "S": 0.03014, "elv": "Medalåa", "km": 13.8}}, {"type": "Feature", "geometry": {"type": "LineString", "coordinates": [[12.56636, 64.40365], [12.56432, 64.40375]]}, "properties": {"P": 33.9, "tau": 64.31, "tau_c": 118.3, "omega": 90.69, "M": 0.54, "D": 0.02, "R": 0.24, "sving": 0.3, "os": 0.0, "foss": 1.0, "juv": 0.0, "B": 0.63, "Q": 9.97, "w": 28.44, "h": 0.25, "S": 0.02638, "elv": "Medalåa", "km": 13.9}}, {"type": "Feature", "geometry": {"type": "LineString", "coordinates": [[12.56432, 64.40375], [12.56231, 64.40369]]}, "properties": {"P": 29.07, "tau": 64.05, "tau_c": 117.7, "omega": 90.24, "M": 0.54, "D": 0.02, "R": 0.24, "sving": 0.05, "os": 0.0, "foss": 1.0, "juv": 0.0, "B": 0.63, "Q": 10.03, "w": 28.47, "h": 0.25, "S": 0.02611, "elv": "Medalåa", "km": 14.0}}, {"type": "Feature", "geometry": {"type": "LineString", "coordinates": [[12.56231, 64.40369], [12.56043, 64.40332]]}, "properties": {"P": 29.17, "tau": 64.21, "tau_c": 117.97, "omega": 90.54, "M": 0.54, "D": 0.03, "R": 0.24, "sving": 0.32, "os": 0.0, "foss": 0.72, "juv": 0.0, "B": 0.63, "Q": 10.03, "w": 28.51, "h": 0.25, "S": 0.02623, "elv": "Medalåa", "km": 14.1}}, {"type": "Feature", "geometry": {"type": "LineString", "coordinates": [[12.56043, 64.40332], [12.55869, 64.40283]]}, "properties": {"P": 24.52, "tau": 66.15, "tau_c": 120.53, "omega": 94.48, "M": 0.55, "D": 0.02, "R": 0.25, "sving": 0.3, "os": 0.0, "foss": 0.51, "juv": 0.0, "B": 0.63, "Q": 10.04, "w": 28.55, "h": 0.25, "S": 0.02738, "elv": "Medalåa", "km": 14.2}}, {"type": "Feature", "geometry": {"type": "LineString", "coordinates": [[12.55869, 64.40283], [12.55722, 64.40224]]}, "properties": {"P": 16.49, "tau": 57.27, "tau_c": 108.48, "omega": 76.91, "M": 0.53, "D": 0.02, "R": 0.22, "sving": 0.08, "os": 0.0, "foss": 0.37, "juv": 0.0, "B": 0.63, "Q": 10.1, "w": 28.57, "h": 0.26, "S": 0.02218, "elv": "Medalåa", "km": 14.3}}, {"type": "Feature", "geometry": {"type": "LineString", "coordinates": [[12.55722, 64.40224], [12.5559, 64.40156]]}, "properties": {"P": 18.34, "tau": 70.95, "tau_c": 126.47, "omega": 104.53, "M": 0.56, "D": 0.0, "R": 0.26, "sving": 0.02, "os": 0.0, "foss": 0.48, "juv": 0.0, "B": 0.63, "Q": 10.1, "w": 28.59, "h": 0.24, "S": 0.03015, "elv": "Medalåa", "km": 14.4}}, {"type": "Feature", "geometry": {"type": "LineString", "coordinates": [[12.5559, 64.40156], [12.55424, 64.40102]]}, "properties": {"P": 27.01, "tau": 72.07, "tau_c": 127.91, "omega": 106.89, "M": 0.56, "D": 0.02, "R": 0.26, "sving": 0.25, "os": 0.0, "foss": 0.66, "juv": 0.0, "B": 0.63, "Q": 10.11, "w": 28.62, "h": 0.24, "S": 0.03084, "elv": "Medalåa", "km": 14.5}}, {"type": "Feature", "geometry": {"type": "LineString", "coordinates": [[12.55424, 64.40102], [12.55272, 64.40065]]}, "properties": {"P": 34.43, "tau": 66.89, "tau_c": 121.47, "omega": 96.02, "M": 0.55, "D": 0.05, "R": 0.25, "sving": 0.27, "os": 0.0, "foss": 1.0, "juv": 0.0, "B": 0.63, "Q": 10.11, "w": 28.73, "h": 0.25, "S": 0.02781, "elv": "Medalåa", "km": 14.6}}, {"type": "Feature", "geometry": {"type": "LineString", "coordinates": [[12.55272, 64.40065], [12.55066, 64.40058]]}, "properties": {"P": 32.87, "tau": 62.74, "tau_c": 116.14, "omega": 87.56, "M": 0.54, "D": 0.1, "R": 0.23, "sving": 0.33, "os": 0.0, "foss": 0.82, "juv": 0.0, "B": 0.63, "Q": 10.12, "w": 28.84, "h": 0.25, "S": 0.02542, "elv": "Medalåa", "km": 14.7}}, {"type": "Feature", "geometry": {"type": "LineString", "coordinates": [[12.55066, 64.40058], [12.54873, 64.40044]]}, "properties": {"P": 25.73, "tau": 56.91, "tau_c": 106.84, "omega": 76.48, "M": 0.53, "D": 0.16, "R": 0.23, "sving": 0.12, "os": 0.0, "foss": 0.59, "juv": 0.0, "B": 0.63, "Q": 10.49, "w": 28.95, "h": 0.27, "S": 0.02152, "elv": "Medalåa", "km": 14.8}}, {"type": "Feature", "geometry": {"type": "LineString", "coordinates": [[12.54873, 64.40044], [12.54864, 64.39975]]}, "properties": {"P": 23.91, "tau": 48.38, "tau_c": 95.22, "omega": 60.58, "M": 0.51, "D": 0.23, "R": 0.2, "sving": 0.15, "os": 0.0, "foss": 0.43, "juv": 0.0, "B": 0.63, "Q": 10.5, "w": 29.06, "h": 0.29, "S": 0.01709, "elv": "Medalåa", "km": 14.9}}, {"type": "Feature", "geometry": {"type": "LineString", "coordinates": [[12.54864, 64.39975], [12.5473, 64.39911]]}, "properties": {"P": 24.6, "tau": 31.41, "tau_c": 69.95, "omega": 32.59, "M": 0.45, "D": 0.28, "R": 0.13, "sving": 0.16, "os": 0.0, "foss": 0.49, "juv": 0.0, "B": 0.63, "Q": 10.51, "w": 29.17, "h": 0.35, "S": 0.00922, "elv": "Medalåa", "km": 15.0}}, {"type": "Feature", "geometry": {"type": "LineString", "coordinates": [[12.5473, 64.39911], [12.54546, 64.39871]]}, "properties": {"P": 35.62, "tau": 26.27, "tau_c": 61.55, "omega": 25.23, "M": 0.43, "D": 0.22, "R": 0.11, "sving": 0.61, "os": 0.06, "foss": 0.67, "juv": 0.0, "B": 0.63, "Q": 10.51, "w": 29.18, "h": 0.38, "S": 0.00714, "elv": "Medalåa", "km": 15.1}}, {"type": "Feature", "geometry": {"type": "LineString", "coordinates": [[12.54546, 64.39871], [12.54398, 64.39828]]}, "properties": {"P": 37.74, "tau": 26.46, "tau_c": 60.09, "omega": 25.68, "M": 0.44, "D": 0.12, "R": 0.12, "sving": 0.49, "os": 0.06, "foss": 1.0, "juv": 0.0, "B": 0.63, "Q": 10.52, "w": 27.35, "h": 0.4, "S": 0.0068, "elv": "Medalåa", "km": 15.2}}, {"type": "Feature", "geometry": {"type": "LineString", "coordinates": [[12.54398, 64.39828], [12.54205, 64.39838]]}, "properties": {"P": 28.66, "tau": 28.35, "tau_c": 63.13, "omega": 28.36, "M": 0.45, "D": 0.02, "R": 0.13, "sving": 0.34, "os": 0.07, "foss": 0.8, "juv": 0.0, "B": 0.63, "Q": 10.53, "w": 27.36, "h": 0.38, "S": 0.00751, "elv": "Medalåa", "km": 15.3}}, {"type": "Feature", "geometry": {"type": "LineString", "coordinates": [[12.54205, 64.39838], [12.54022, 64.39879]]}, "properties": {"P": 26.14, "tau": 29.6, "tau_c": 63.13, "omega": 30.4, "M": 0.47, "D": 0.09, "R": 0.15, "sving": 0.29, "os": 0.05, "foss": 0.61, "juv": 0.0, "B": 0.63, "Q": 10.53, "w": 25.52, "h": 0.4, "S": 0.00751, "elv": "Medalåa", "km": 15.4}}, {"type": "Feature", "geometry": {"type": "LineString", "coordinates": [[12.54022, 64.39879], [12.53836, 64.39916]]}, "properties": {"P": 30.6, "tau": 30.43, "tau_c": 64.4, "omega": 31.63, "M": 0.47, "D": 0.22, "R": 0.16, "sving": 0.54, "os": 0.0, "foss": 0.46, "juv": 0.0, "B": 0.63, "Q": 10.54, "w": 25.54, "h": 0.4, "S": 0.00782, "elv": "Medalåa", "km": 15.5}}, {"type": "Feature", "geometry": {"type": "LineString", "coordinates": [[12.53836, 64.39916], [12.53646, 64.39932]]}, "properties": {"P": 38.83, "tau": 8.37, "tau_c": 25.45, "omega": 4.94, "M": 0.33, "D": 0.45, "R": 0.04, "sving": 0.97, "os": 0.0, "foss": 0.34, "juv": 0.0, "B": 0.63, "Q": 10.54, "w": 25.56, "h": 0.7, "S": 0.00122, "elv": "Medalåa", "km": 15.6}}, {"type": "Feature", "geometry": {"type": "LineString", "coordinates": [[12.53646, 64.39932], [12.53597, 64.39848]]}, "properties": {"P": 30.34, "tau": 7.05, "tau_c": 23.16, "omega": 3.83, "M": 0.3, "D": 0.46, "R": 0.03, "sving": 0.87, "os": 0.0, "foss": 0.0, "juv": 0.0, "B": 0.63, "Q": 10.59, "w": 27.43, "h": 0.71, "S": 0.00101, "elv": "Medalåa", "km": 15.7}}, {"type": "Feature", "geometry": {"type": "LineString", "coordinates": [[12.53597, 64.39848], [12.5369, 64.39779]]}, "properties": {"P": 15.28, "tau": 7.04, "tau_c": 23.16, "omega": 3.83, "M": 0.3, "D": 0.33, "R": 0.03, "sving": 0.29, "os": 0.0, "foss": 0.0, "juv": 0.0, "B": 0.63, "Q": 10.6, "w": 27.45, "h": 0.71, "S": 0.00101, "elv": "Medalåa", "km": 15.8}}, {"type": "Feature", "geometry": {"type": "LineString", "coordinates": [[12.53744, 64.39709], [12.53573, 64.39662]]}, "properties": {"P": 16.3, "tau": 24.11, "tau_c": 57.76, "omega": 22.32, "M": 0.42, "D": 0.0, "R": 0.1, "sving": 0.66, "os": 0.0, "foss": 0.0, "juv": 0.0, "B": 0.63, "Q": 10.62, "w": 29.34, "h": 0.39, "S": 0.00629, "elv": "Medalåa", "km": 16.0}}, {"type": "Feature", "geometry": {"type": "LineString", "coordinates": [[12.53573, 64.39662], [12.53468, 64.39589]]}, "properties": {"P": 5.18, "tau": 25.15, "tau_c": 59.55, "omega": 23.71, "M": 0.42, "D": 0.0, "R": 0.11, "sving": 0.08, "os": 0.0, "foss": 0.0, "juv": 0.0, "B": 0.63, "Q": 10.62, "w": 29.36, "h": 0.38, "S": 0.00668, "elv": "Medalåa", "km": 16.1}}, {"type": "Feature", "geometry": {"type": "LineString", "coordinates": [[12.53468, 64.39589], [12.53279, 64.39559]]}, "properties": {"P": 41.19, "tau": 27.75, "tau_c": 61.9, "omega": 27.53, "M": 0.45, "D": 0.0, "R": 0.13, "sving": 0.87, "os": 0.0, "foss": 1.0, "juv": 0.0, "B": 0.63, "Q": 10.68, "w": 27.5, "h": 0.39, "S": 0.00722, "elv": "Medalåa", "km": 16.2}}, {"type": "Feature", "geometry": {"type": "LineString", "coordinates": [[12.53279, 64.39559], [12.53348, 64.3951]]}, "properties": {"P": 31.51, "tau": 29.5, "tau_c": 64.71, "omega": 30.06, "M": 0.46, "D": 0.0, "R": 0.14, "sving": 0.65, "os": 0.0, "foss": 0.72, "juv": 0.0, "B": 0.63, "Q": 10.68, "w": 27.52, "h": 0.38, "S": 0.00789, "elv": "Medalåa", "km": 16.3}}, {"type": "Feature", "geometry": {"type": "LineString", "coordinates": [[12.53348, 64.3951], [12.53549, 64.39488]]}, "properties": {"P": 34.47, "tau": 29.49, "tau_c": 64.71, "omega": 30.05, "M": 0.46, "D": 0.08, "R": 0.14, "sving": 0.89, "os": 0.0, "foss": 0.51, "juv": 0.0, "B": 0.63, "Q": 10.69, "w": 27.54, "h": 0.38, "S": 0.00789, "elv": "Medalåa", "km": 16.4}}, {"type": "Feature", "geometry": {"type": "LineString", "coordinates": [[12.53549, 64.39488], [12.53741, 64.39454]]}, "properties": {"P": 21.51, "tau": 29.51, "tau_c": 64.71, "omega": 30.07, "M": 0.46, "D": 0.2, "R": 0.14, "sving": 0.22, "os": 0.0, "foss": 0.37, "juv": 0.0, "B": 0.63, "Q": 10.7, "w": 27.56, "h": 0.38, "S": 0.00789, "elv": "Medalåa", "km": 16.5}}, {"type": "Feature", "geometry": {"type": "LineString", "coordinates": [[12.53741, 64.39454], [12.53931, 64.39418]]}, "properties": {"P": 13.35, "tau": 10.99, "tau_c": 31.84, "omega": 7.28, "M": 0.35, "D": 0.4, "R": 0.05, "sving": 0.01, "os": 0.06, "foss": 0.0, "juv": 0.0, "B": 0.63, "Q": 10.71, "w": 27.57, "h": 0.59, "S": 0.00191, "elv": "Medalåa", "km": 16.6}}, {"type": "Feature", "geometry": {"type": "LineString", "coordinates": [[12.53931, 64.39418], [12.54118, 64.39381]]}, "properties": {"P": 15.1, "tau": 10.06, "tau_c": 30.76, "omega": 6.37, "M": 0.33, "D": 0.41, "R": 0.04, "sving": 0.06, "os": 0.09, "foss": 0.0, "juv": 0.0, "B": 0.63, "Q": 10.72, "w": 29.46, "h": 0.58, "S": 0.00178, "elv": "Medalåa", "km": 16.7}}, {"type": "Feature", "geometry": {"type": "LineString", "coordinates": [[12.54118, 64.39381], [12.54316, 64.39357]]}, "properties": {"P": 27.1, "tau": 7.84, "tau_c": 25.69, "omega": 4.44, "M": 0.3, "D": 0.34, "R": 0.03, "sving": 0.73, "os": 0.14, "foss": 0.0, "juv": 0.0, "B": 0.63, "Q": 10.72, "w": 29.47, "h": 0.64, "S": 0.00124, "elv": "Medalåa", "km": 16.8}}, {"type": "Feature", "geometry": {"type": "LineString", "coordinates": [[12.54486, 64.39311], [12.54362, 64.39258]]}, "properties": {"P": 12.23, "tau": 8.01, "tau_c": 26.11, "omega": 4.58, "M": 0.31, "D": 0.05, "R": 0.03, "sving": 0.2, "os": 0.31, "foss": 0.0, "juv": 0.0, "B": 0.63, "Q": 10.72, "w": 29.49, "h": 0.64, "S": 0.00129, "elv": "Medalåa", "km": 17.0}}, {"type": "Feature", "geometry": {"type": "LineString", "coordinates": [[12.54362, 64.39258], [12.54285, 64.39175]]}, "properties": {"P": 6.31, "tau": 8.8, "tau_c": 27.92, "omega": 5.25, "M": 0.32, "D": 0.02, "R": 0.03, "sving": 0.02, "os": 0.21, "foss": 0.0, "juv": 0.0, "B": 0.63, "Q": 10.75, "w": 29.5, "h": 0.61, "S": 0.00147, "elv": "Medalåa", "km": 17.1}}, {"type": "Feature", "geometry": {"type": "LineString", "coordinates": [[12.54285, 64.39175], [12.54423, 64.39113]]}, "properties": {"P": 18.73, "tau": 9.3, "tau_c": 29.1, "omega": 5.69, "M": 0.32, "D": 0.06, "R": 0.04, "sving": 0.55, "os": 0.26, "foss": 0.0, "juv": 0.0, "B": 0.63, "Q": 10.75, "w": 29.61, "h": 0.59, "S": 0.0016, "elv": "Medalåa", "km": 17.2}}, {"type": "Feature", "geometry": {"type": "LineString", "coordinates": [[12.54091, 64.38868], [12.53997, 64.38792]]}, "properties": {"P": 8.51, "tau": 19.52, "tau_c": 46.03, "omega": 16.88, "M": 0.42, "D": 0.0, "R": 0.11, "sving": 0.06, "os": 0.18, "foss": 0.0, "juv": 0.0, "B": 0.64, "Q": 13.84, "w": 32.1, "h": 0.5, "S": 0.00399, "elv": "Medalåa", "km": 17.9}}, {"type": "Feature", "geometry": {"type": "LineString", "coordinates": [[12.53997, 64.38792], [12.53829, 64.3874]]}, "properties": {"P": 11.41, "tau": 19.27, "tau_c": 46.03, "omega": 16.53, "M": 0.42, "D": 0.0, "R": 0.1, "sving": 0.28, "os": 0.12, "foss": 0.0, "juv": 0.0, "B": 0.64, "Q": 13.84, "w": 32.79, "h": 0.49, "S": 0.00399, "elv": "Medalåa", "km": 18.0}}, {"type": "Feature", "geometry": {"type": "LineString", "coordinates": [[12.53829, 64.3874], [12.53637, 64.3874]]}, "properties": {"P": 18.74, "tau": 19.02, "tau_c": 46.03, "omega": 16.19, "M": 0.41, "D": 0.0, "R": 0.1, "sving": 0.69, "os": 0.07, "foss": 0.0, "juv": 0.0, "B": 0.64, "Q": 13.84, "w": 33.48, "h": 0.49, "S": 0.00399, "elv": "Medalåa", "km": 18.1}}, {"type": "Feature", "geometry": {"type": "LineString", "coordinates": [[12.53637, 64.3874], [12.53443, 64.38767]]}, "properties": {"P": 20.17, "tau": 21.63, "tau_c": 50.48, "omega": 19.47, "M": 0.43, "D": 0.0, "R": 0.11, "sving": 0.81, "os": 0.0, "foss": 0.0, "juv": 0.0, "B": 0.64, "Q": 13.84, "w": 33.48, "h": 0.46, "S": 0.0048, "elv": "Medalåa", "km": 18.2}}, {"type": "Feature", "geometry": {"type": "LineString", "coordinates": [[12.53443, 64.38767], [12.53314, 64.38821]]}, "properties": {"P": 12.11, "tau": 21.62, "tau_c": 50.48, "omega": 19.46, "M": 0.43, "D": 0.09, "R": 0.11, "sving": 0.29, "os": 0.0, "foss": 0.0, "juv": 0.0, "B": 0.64, "Q": 13.84, "w": 33.49, "h": 0.46, "S": 0.0048, "elv": "Medalåa", "km": 18.3}}, {"type": "Feature", "geometry": {"type": "LineString", "coordinates": [[12.53314, 64.38821], [12.53306, 64.38909]]}, "properties": {"P": 14.21, "tau": 21.62, "tau_c": 50.48, "omega": 19.45, "M": 0.43, "D": 0.21, "R": 0.11, "sving": 0.24, "os": 0.0, "foss": 0.0, "juv": 0.0, "B": 0.64, "Q": 13.84, "w": 33.51, "h": 0.46, "S": 0.0048, "elv": "Medalåa", "km": 18.4}}, {"type": "Feature", "geometry": {"type": "LineString", "coordinates": [[12.53306, 64.38909], [12.53165, 64.38969]]}, "properties": {"P": 19.86, "tau": 6.28, "tau_c": 20.72, "omega": 3.29, "M": 0.3, "D": 0.25, "R": 0.03, "sving": 0.6, "os": 0.0, "foss": 0.0, "juv": 0.0, "B": 0.64, "Q": 13.91, "w": 33.53, "h": 0.79, "S": 0.00081, "elv": "Medalåa", "km": 18.5}}, {"type": "Feature", "geometry": {"type": "LineString", "coordinates": [[12.53165, 64.38969], [12.52978, 64.38941]]}, "properties": {"P": 20.3, "tau": 8.38, "tau_c": 25.51, "omega": 4.99, "M": 0.33, "D": 0.15, "R": 0.04, "sving": 0.73, "os": 0.0, "foss": 0.0, "juv": 0.0, "B": 0.64, "Q": 13.91, "w": 33.55, "h": 0.7, "S": 0.00123, "elv": "Medalåa", "km": 18.6}}, {"type": "Feature", "geometry": {"type": "LineString", "coordinates": [[12.52978, 64.38941], [12.52841, 64.38874]]}, "properties": {"P": 10.54, "tau": 19.0, "tau_c": 45.93, "omega": 16.17, "M": 0.41, "D": 0.04, "R": 0.1, "sving": 0.3, "os": 0.0, "foss": 0.0, "juv": 0.0, "B": 0.64, "Q": 13.92, "w": 33.58, "h": 0.49, "S": 0.00398, "elv": "Medalåa", "km": 18.7}}, {"type": "Feature", "geometry": {"type": "LineString", "coordinates": [[12.52841, 64.38874], [12.52653, 64.38838]]}, "properties": {"P": 4.18, "tau": 16.21, "tau_c": 40.99, "omega": 12.88, "M": 0.4, "D": 0.0, "R": 0.08, "sving": 0.07, "os": 0.0, "foss": 0.0, "juv": 0.0, "B": 0.64, "Q": 13.93, "w": 33.59, "h": 0.52, "S": 0.00317, "elv": "Medalåa", "km": 18.8}}, {"type": "Feature", "geometry": {"type": "LineString", "coordinates": [[12.52653, 64.38838], [12.52451, 64.38835]]}, "properties": {"P": 5.53, "tau": 27.52, "tau_c": 59.94, "omega": 27.52, "M": 0.46, "D": 0.0, "R": 0.14, "sving": 0.04, "os": 0.0, "foss": 0.0, "juv": 0.0, "B": 0.64, "Q": 13.93, "w": 33.61, "h": 0.41, "S": 0.00677, "elv": "Medalåa", "km": 18.9}}, {"type": "Feature", "geometry": {"type": "LineString", "coordinates": [[12.52451, 64.38835], [12.52271, 64.38792]]}, "properties": {"P": 5.99, "tau": 23.75, "tau_c": 59.94, "omega": 21.64, "M": 0.4, "D": 0.0, "R": 0.09, "sving": 0.15, "os": 0.0, "foss": 0.0, "juv": 0.0, "B": 0.64, "Q": 13.97, "w": 42.9, "h": 0.36, "S": 0.00677, "elv": "Medalåa", "km": 19.0}}, {"type": "Feature", "geometry": {"type": "LineString", "coordinates": [[12.52271, 64.38792], [12.5212, 64.38731]]}, "properties": {"P": 14.24, "tau": 23.35, "tau_c": 59.94, "omega": 21.04, "M": 0.39, "D": 0.0, "R": 0.08, "sving": 0.27, "os": 0.0, "foss": 0.3, "juv": 0.0, "B": 0.64, "Q": 13.99, "w": 44.18, "h": 0.35, "S": 0.00677, "elv": "Medalåa", "km": 19.1}}, {"type": "Feature", "geometry": {"type": "LineString", "coordinates": [[12.5212, 64.38731], [12.51982, 64.38666]]}, "properties": {"P": 51.56, "tau": 83.81, "tau_c": 67.53, "omega": 167.69, "M": 1.24, "D": 0.0, "R": 0.95, "sving": 0.11, "os": 0.0, "foss": 0.39, "juv": 0.0, "B": 0.79, "Q": 102.34, "w": 51.46, "h": 0.99, "S": 0.0086, "elv": "Medalåa", "km": 19.2}}, {"type": "Feature", "geometry": {"type": "LineString", "coordinates": [[12.51982, 64.38666], [12.51832, 64.38604]]}, "properties": {"P": 62.85, "tau": 64.71, "tau_c": 61.35, "omega": 113.15, "M": 1.05, "D": 0.0, "R": 0.84, "sving": 0.66, "os": 0.0, "foss": 0.49, "juv": 0.0, "B": 0.79, "Q": 102.34, "w": 62.94, "h": 0.93, "S": 0.00709, "elv": "Medalåa", "km": 19.3}}, {"type": "Feature", "geometry": {"type": "LineString", "coordinates": [[12.51832, 64.38604], [12.51694, 64.38543]]}, "properties": {"P": 68.93, "tau": 65.18, "tau_c": 61.35, "omega": 114.48, "M": 1.06, "D": 0.0, "R": 0.85, "sving": 0.83, "os": 0.0, "foss": 0.55, "juv": 0.0, "B": 0.79, "Q": 102.34, "w": 62.21, "h": 0.94, "S": 0.00709, "elv": "Medalåa", "km": 19.4}}, {"type": "Feature", "geometry": {"type": "LineString", "coordinates": [[12.51694, 64.38543], [12.51587, 64.38614]]}, "properties": {"P": 71.74, "tau": 110.75, "tau_c": 81.6, "omega": 250.97, "M": 1.36, "D": 0.0, "R": 0.99, "sving": 0.69, "os": 0.0, "foss": 0.52, "juv": 0.07, "B": 0.79, "Q": 102.34, "w": 50.21, "h": 0.9, "S": 0.01255, "elv": "Medalåa", "km": 19.5}}, {"type": "Feature", "geometry": {"type": "LineString", "coordinates": [[12.51587, 64.38614], [12.5155, 64.38699]]}, "properties": {"P": 80.15, "tau": 134.48, "tau_c": 90.4, "omega": 334.64, "M": 1.49, "D": 0.0, "R": 1.0, "sving": 0.78, "os": 0.0, "foss": 0.71, "juv": 0.14, "B": 0.79, "Q": 102.34, "w": 46.21, "h": 0.89, "S": 0.0154, "elv": "Medalåa", "km": 19.6}}, {"type": "Feature", "geometry": {"type": "LineString", "coordinates": [[12.5155, 64.38699], [12.51454, 64.38776]]}, "properties": {"P": 71.06, "tau": 166.73, "tau_c": 96.84, "omega": 464.43, "M": 1.72, "D": 0.0, "R": 0.97, "sving": 0.16, "os": 0.0, "foss": 1.0, "juv": 0.14, "B": 0.79, "Q": 102.34, "w": 38.21, "h": 0.96, "S": 0.01768, "elv": "Medalåa", "km": 19.7}}, {"type": "Feature", "geometry": {"type": "LineString", "coordinates": [[12.51454, 64.38776], [12.51395, 64.38861]]}, "properties": {"P": 54.22, "tau": 220.56, "tau_c": 99.13, "omega": 715.21, "M": 2.22, "D": 0.0, "R": 0.81, "sving": 0.02, "os": 0.0, "foss": 0.74, "juv": 0.14, "B": 0.79, "Q": 102.34, "w": 26.0, "h": 1.21, "S": 0.01852, "elv": "Medalåa", "km": 19.8}}, {"type": "Feature", "geometry": {"type": "LineString", "coordinates": [[12.51395, 64.38861], [12.51365, 64.38949]]}, "properties": {"P": 52.02, "tau": 242.76, "tau_c": 106.25, "omega": 821.92, "M": 2.28, "D": 0.0, "R": 0.78, "sving": 0.17, "os": 0.0, "foss": 0.53, "juv": 0.14, "B": 0.79, "Q": 102.37, "w": 26.0, "h": 1.16, "S": 0.02128, "elv": "Medalåa", "km": 19.9}}, {"type": "Feature", "geometry": {"type": "LineString", "coordinates": [[12.6667, 64.45146], [12.66841, 64.45196]]}, "properties": {"P": 13.97, "tau": 73.84, "tau_c": 242.36, "omega": 89.66, "M": 0.3, "D": -0.0, "R": 0.03, "sving": 0.11, "os": 0.19, "foss": 0.72, "juv": 0.0, "B": 0.42, "Q": 0.52, "w": 6.3, "h": 0.07, "S": 0.11071, "elv": "bekk", "km": 2.6}}, {"type": "Feature", "geometry": {"type": "LineString", "coordinates": [[12.63079, 64.4448], [12.63001, 64.44559]]}, "properties": {"P": 12.68, "tau": 102.06, "tau_c": 336.2, "omega": 138.36, "M": 0.3, "D": 0.0, "R": 0.03, "sving": 0.0, "os": 0.0, "foss": 1.0, "juv": 0.0, "B": 0.38, "Q": 0.4, "w": 6.0, "h": 0.05, "S": 0.21304, "elv": "bekk", "km": 1.5}}, {"type": "Feature", "geometry": {"type": "LineString", "coordinates": [[12.63001, 64.44559], [12.63049, 64.44643]]}, "properties": {"P": 15.75, "tau": 99.44, "tau_c": 327.01, "omega": 133.68, "M": 0.3, "D": 0.0, "R": 0.03, "sving": 0.25, "os": 0.0, "foss": 1.0, "juv": 0.0, "B": 0.39, "Q": 0.41, "w": 6.0, "h": 0.05, "S": 0.20155, "elv": "bekk", "km": 1.6}}, {"type": "Feature", "geometry": {"type": "LineString", "coordinates": [[12.63049, 64.44643], [12.63142, 64.4472]]}, "properties": {"P": 19.46, "tau": 97.18, "tau_c": 318.83, "omega": 129.71, "M": 0.3, "D": 0.02, "R": 0.03, "sving": 0.52, "os": 0.0, "foss": 1.0, "juv": 0.0, "B": 0.39, "Q": 0.41, "w": 6.0, "h": 0.05, "S": 0.19159, "elv": "bekk", "km": 1.7}}, {"type": "Feature", "geometry": {"type": "LineString", "coordinates": [[12.63142, 64.4472], [12.63261, 64.4479]]}, "properties": {"P": 17.44, "tau": 99.35, "tau_c": 322.86, "omega": 134.01, "M": 0.31, "D": 0.06, "R": 0.03, "sving": 0.3, "os": 0.0, "foss": 1.0, "juv": 0.0, "B": 0.39, "Q": 0.42, "w": 6.02, "h": 0.05, "S": 0.19648, "elv": "bekk", "km": 1.8}}, {"type": "Feature", "geometry": {"type": "LineString", "coordinates": [[12.65774, 64.42035], [12.6562, 64.41985]]}, "properties": {"P": 40.78, "tau": 116.7, "tau_c": 166.13, "omega": 217.28, "M": 0.7, "D": 0.0, "R": 0.45, "sving": 0.29, "os": 0.51, "foss": 0.72, "juv": 0.0, "B": 0.57, "Q": 7.2, "w": 16.9, "h": 0.23, "S": 0.05202, "elv": "bekk", "km": 2.1}}, {"type": "Feature", "geometry": {"type": "LineString", "coordinates": [[12.61109, 64.40983], [12.60944, 64.40931]]}, "properties": {"P": 40.93, "tau": 145.52, "tau_c": 185.02, "omega": 303.23, "M": 0.79, "D": -0.0, "R": 0.56, "sving": 0.16, "os": 0.45, "foss": 0.72, "juv": 0.0, "B": 0.58, "Q": 8.84, "w": 18.46, "h": 0.23, "S": 0.06452, "elv": "bekk", "km": 1.8}}, {"type": "Feature", "geometry": {"type": "LineString", "coordinates": [[12.61537, 64.40939], [12.61354, 64.40912]]}, "properties": {"P": 29.28, "tau": 93.39, "tau_c": 136.42, "omega": 159.78, "M": 0.68, "D": 0.0, "R": 0.43, "sving": 0.14, "os": 0.26, "foss": 0.51, "juv": 0.0, "B": 0.57, "Q": 8.52, "w": 18.34, "h": 0.27, "S": 0.03508, "elv": "bekk", "km": 1.6}}, {"type": "Feature", "geometry": {"type": "LineString", "coordinates": [[12.78113, 64.45264], [12.78075, 64.45345]]}, "properties": {"P": 28.74, "tau": 72.07, "tau_c": 237.45, "omega": 86.74, "M": 0.3, "D": -0.0, "R": 0.03, "sving": 0.83, "os": 0.32, "foss": 1.0, "juv": 0.0, "B": 0.42, "Q": 0.55, "w": 6.64, "h": 0.07, "S": 0.10627, "elv": "Toremobekken", "km": 1.9}}, {"type": "Feature", "geometry": {"type": "LineString", "coordinates": [[12.78075, 64.45345], [12.78131, 64.4543]]}, "properties": {"P": 20.75, "tau": 73.2, "tau_c": 239.72, "omega": 88.75, "M": 0.31, "D": -0.0, "R": 0.03, "sving": 0.33, "os": 0.2, "foss": 1.0, "juv": 0.0, "B": 0.42, "Q": 0.56, "w": 6.68, "h": 0.07, "S": 0.10832, "elv": "Toremobekken", "km": 2.0}}, {"type": "Feature", "geometry": {"type": "LineString", "coordinates": [[12.78131, 64.4543], [12.78296, 64.45474]]}, "properties": {"P": 18.56, "tau": 84.85, "tau_c": 267.11, "omega": 109.59, "M": 0.32, "D": -0.0, "R": 0.04, "sving": 0.23, "os": 0.13, "foss": 1.0, "juv": 0.0, "B": 0.42, "Q": 0.56, "w": 6.72, "h": 0.06, "S": 0.13448, "elv": "Toremobekken", "km": 2.1}}, {"type": "Feature", "geometry": {"type": "LineString", "coordinates": [[12.78296, 64.45474], [12.78409, 64.45545]]}, "properties": {"P": 18.73, "tau": 96.5, "tau_c": 293.04, "omega": 131.77, "M": 0.33, "D": -0.0, "R": 0.04, "sving": 0.26, "os": 0.1, "foss": 1.0, "juv": 0.0, "B": 0.42, "Q": 0.56, "w": 6.72, "h": 0.06, "S": 0.16185, "elv": "Toremobekken", "km": 2.2}}, {"type": "Feature", "geometry": {"type": "LineString", "coordinates": [[12.78409, 64.45545], [12.78486, 64.45621]]}, "properties": {"P": 23.35, "tau": 101.11, "tau_c": 303.01, "omega": 140.9, "M": 0.33, "D": -0.0, "R": 0.04, "sving": 0.65, "os": 0.06, "foss": 1.0, "juv": 0.0, "B": 0.42, "Q": 0.56, "w": 6.72, "h": 0.06, "S": 0.17306, "elv": "Toremobekken", "km": 2.3}}, {"type": "Feature", "geometry": {"type": "LineString", "coordinates": [[12.78486, 64.45621], [12.78402, 64.45701]]}, "properties": {"P": 17.64, "tau": 102.36, "tau_c": 305.69, "omega": 143.4, "M": 0.33, "D": 0.0, "R": 0.04, "sving": 0.27, "os": 0.0, "foss": 1.0, "juv": 0.0, "B": 0.42, "Q": 0.56, "w": 6.72, "h": 0.06, "S": 0.17613, "elv": "Toremobekken", "km": 2.4}}, {"type": "Feature", "geometry": {"type": "LineString", "coordinates": [[12.78402, 64.45701], [12.78277, 64.45764]]}, "properties": {"P": 21.01, "tau": 106.53, "tau_c": 314.56, "omega": 151.84, "M": 0.34, "D": 0.02, "R": 0.05, "sving": 0.49, "os": 0.0, "foss": 1.0, "juv": 0.0, "B": 0.42, "Q": 0.56, "w": 6.72, "h": 0.06, "S": 0.1865, "elv": "Toremobekken", "km": 2.5}}, {"type": "Feature", "geometry": {"type": "LineString", "coordinates": [[12.78277, 64.45764], [12.78253, 64.45846]]}, "properties": {"P": 19.87, "tau": 100.96, "tau_c": 302.68, "omega": 140.59, "M": 0.33, "D": 0.07, "R": 0.04, "sving": 0.34, "os": 0.0, "foss": 1.0, "juv": 0.0, "B": 0.42, "Q": 0.56, "w": 6.72, "h": 0.06, "S": 0.17267, "elv": "Toremobekken", "km": 2.6}}, {"type": "Feature", "geometry": {"type": "LineString", "coordinates": [[12.78253, 64.45846], [12.78093, 64.459]]}, "properties": {"P": 22.09, "tau": 87.33, "tau_c": 272.8, "omega": 114.2, "M": 0.32, "D": 0.14, "R": 0.04, "sving": 0.43, "os": 0.0, "foss": 1.0, "juv": 0.0, "B": 0.42, "Q": 0.56, "w": 6.72, "h": 0.06, "S": 0.14027, "elv": "Toremobekken", "km": 2.7}}, {"type": "Feature", "geometry": {"type": "LineString", "coordinates": [[12.78093, 64.459], [12.77895, 64.4592]]}, "properties": {"P": 21.93, "tau": 74.66, "tau_c": 243.82, "omega": 91.22, "M": 0.31, "D": 0.22, "R": 0.03, "sving": 0.61, "os": 0.0, "foss": 0.72, "juv": 0.0, "B": 0.42, "Q": 0.56, "w": 6.72, "h": 0.07, "S": 0.11205, "elv": "Toremobekken", "km": 2.8}}, {"type": "Feature", "geometry": {"type": "LineString", "coordinates": [[12.77328, 64.45917], [12.77201, 64.45937]]}, "properties": {"P": 12.97, "tau": 53.04, "tau_c": 173.94, "omega": 57.6, "M": 0.3, "D": 0.02, "R": 0.03, "sving": 0.12, "os": 0.21, "foss": 0.51, "juv": 0.0, "B": 0.45, "Q": 0.8, "w": 7.8, "h": 0.09, "S": 0.05703, "elv": "Toremobekken", "km": 3.2}}, {"type": "Feature", "geometry": {"type": "LineString", "coordinates": [[12.77201, 64.45937], [12.77006, 64.45914]]}, "properties": {"P": 12.49, "tau": 68.15, "tau_c": 214.13, "omega": 81.87, "M": 0.32, "D": 0.0, "R": 0.04, "sving": 0.17, "os": 0.28, "foss": 0.37, "juv": 0.0, "B": 0.45, "Q": 0.8, "w": 8.33, "h": 0.08, "S": 0.08642, "elv": "Toremobekken", "km": 3.3}}, {"type": "Feature", "geometry": {"type": "LineString", "coordinates": [[12.77006, 64.45914], [12.76804, 64.45928]]}, "properties": {"P": 31.0, "tau": 61.69, "tau_c": 201.95, "omega": 70.73, "M": 0.31, "D": 0.03, "R": 0.03, "sving": 0.67, "os": 0.43, "foss": 1.0, "juv": 0.0, "B": 0.45, "Q": 0.81, "w": 8.61, "h": 0.08, "S": 0.07687, "elv": "Toremobekken", "km": 3.4}}, {"type": "Feature", "geometry": {"type": "LineString", "coordinates": [[12.76804, 64.45928], [12.76689, 64.45993]]}, "properties": {"P": 34.71, "tau": 78.77, "tau_c": 214.06, "omega": 104.13, "M": 0.37, "D": 0.07, "R": 0.06, "sving": 0.46, "os": 0.68, "foss": 1.0, "juv": 0.0, "B": 0.47, "Q": 1.09, "w": 8.88, "h": 0.09, "S": 0.08637, "elv": "Toremobekken", "km": 3.5}}, {"type": "Feature", "geometry": {"type": "LineString", "coordinates": [[12.76593, 64.42143], [12.76447, 64.42087]]}, "properties": {"P": 25.1, "tau": 66.0, "tau_c": 142.44, "omega": 88.21, "M": 0.46, "D": 0.0, "R": 0.15, "sving": 0.35, "os": 0.0, "foss": 1.0, "juv": 0.0, "B": 0.5, "Q": 2.63, "w": 11.19, "h": 0.18, "S": 0.03824, "elv": "bekk", "km": 1.7}}, {"type": "Feature", "geometry": {"type": "LineString", "coordinates": [[12.71965, 64.42121], [12.71911, 64.42036]]}, "properties": {"P": 15.88, "tau": 61.99, "tau_c": 204.64, "omega": 70.86, "M": 0.3, "D": 0.0, "R": 0.03, "sving": 0.18, "os": 0.0, "foss": 1.0, "juv": 0.0, "B": 0.41, "Q": 0.67, "w": 7.34, "h": 0.08, "S": 0.07893, "elv": "bekk", "km": 2.0}}, {"type": "Feature", "geometry": {"type": "LineString", "coordinates": [[12.71911, 64.42036], [12.71871, 64.41949]]}, "properties": {"P": 16.65, "tau": 68.34, "tau_c": 218.63, "omega": 81.59, "M": 0.31, "D": 0.0, "R": 0.03, "sving": 0.23, "os": 0.0, "foss": 1.0, "juv": 0.0, "B": 0.41, "Q": 0.68, "w": 7.39, "h": 0.08, "S": 0.09009, "elv": "bekk", "km": 2.1}}, {"type": "Feature", "geometry": {"type": "LineString", "coordinates": [[12.71871, 64.41949], [12.7181, 64.41867]]}, "properties": {"P": 18.57, "tau": 68.99, "tau_c": 220.12, "omega": 82.72, "M": 0.31, "D": 0.0, "R": 0.03, "sving": 0.31, "os": 0.07, "foss": 1.0, "juv": 0.0, "B": 0.41, "Q": 0.69, "w": 7.45, "h": 0.08, "S": 0.09132, "elv": "bekk", "km": 2.2}}, {"type": "Feature", "geometry": {"type": "LineString", "coordinates": [[12.7181, 64.41867], [12.71647, 64.41816]]}, "properties": {"P": 21.77, "tau": 69.09, "tau_c": 220.79, "omega": 82.86, "M": 0.31, "D": 0.0, "R": 0.03, "sving": 0.52, "os": 0.11, "foss": 1.0, "juv": 0.0, "B": 0.41, "Q": 0.69, "w": 7.49, "h": 0.08, "S": 0.09188, "elv": "bekk", "km": 2.3}}, {"type": "Feature", "geometry": {"type": "LineString", "coordinates": [[12.71647, 64.41816], [12.71463, 64.41775]]}, "properties": {"P": 19.17, "tau": 68.6, "tau_c": 218.49, "omega": 82.14, "M": 0.31, "D": 0.01, "R": 0.03, "sving": 0.28, "os": 0.13, "foss": 1.0, "juv": 0.0, "B": 0.41, "Q": 0.7, "w": 7.51, "h": 0.08, "S": 0.08998, "elv": "bekk", "km": 2.4}}, {"type": "Feature", "geometry": {"type": "LineString", "coordinates": [[12.71463, 64.41775], [12.7126, 64.41777]]}, "properties": {"P": 17.25, "tau": 68.89, "tau_c": 219.1, "omega": 82.66, "M": 0.31, "D": 0.05, "R": 0.03, "sving": 0.09, "os": 0.13, "foss": 1.0, "juv": 0.0, "B": 0.41, "Q": 0.7, "w": 7.54, "h": 0.08, "S": 0.09048, "elv": "bekk", "km": 2.5}}, {"type": "Feature", "geometry": {"type": "LineString", "coordinates": [[12.7126, 64.41777], [12.71092, 64.41737]]}, "properties": {"P": 17.12, "tau": 63.46, "tau_c": 206.11, "omega": 73.54, "M": 0.31, "D": 0.11, "R": 0.03, "sving": 0.04, "os": 0.09, "foss": 1.0, "juv": 0.0, "B": 0.41, "Q": 0.71, "w": 7.56, "h": 0.08, "S": 0.08007, "elv": "bekk", "km": 2.6}}, {"type": "Feature", "geometry": {"type": "LineString", "coordinates": [[12.67214, 64.45283], [12.67238, 64.45362]]}, "properties": {"P": 27.82, "tau": 84.75, "tau_c": 268.35, "omega": 109.16, "M": 0.32, "D": 0.07, "R": 0.03, "sving": 0.41, "os": 0.8, "foss": 1.0, "juv": 0.0, "B": 0.38, "Q": 0.52, "w": 6.36, "h": 0.06, "S": 0.13573, "elv": "Sørnesbekken", "km": 3.4}}, {"type": "Feature", "geometry": {"type": "LineString", "coordinates": [[12.67238, 64.45362], [12.67324, 64.45442]]}, "properties": {"P": 30.88, "tau": 83.28, "tau_c": 262.32, "omega": 106.82, "M": 0.32, "D": 0.2, "R": 0.04, "sving": 0.49, "os": 0.77, "foss": 1.0, "juv": 0.0, "B": 0.38, "Q": 0.54, "w": 6.48, "h": 0.07, "S": 0.12969, "elv": "Sørnesbekken", "km": 3.5}}, {"type": "Feature", "geometry": {"type": "LineString", "coordinates": [[12.68941, 64.507], [12.68958, 64.50785]]}, "properties": {"P": 16.4, "tau": 31.98, "tau_c": 83.7, "omega": 31.62, "M": 0.38, "D": 0.0, "R": 0.07, "sving": 1.0, "os": 0.13, "foss": 0.0, "juv": 0.0, "B": 0.42, "Q": 4.83, "w": 19.78, "h": 0.25, "S": 0.0132, "elv": "Breivasselva", "km": 0.0}}, {"type": "Feature", "geometry": {"type": "LineString", "coordinates": [[12.68958, 64.50785], [12.68783, 64.50814]]}, "properties": {"P": 23.2, "tau": 26.17, "tau_c": 72.49, "omega": 23.71, "M": 0.36, "D": 0.0, "R": 0.06, "sving": 1.0, "os": 0.12, "foss": 0.0, "juv": 0.0, "B": 0.61, "Q": 4.83, "w": 19.78, "h": 0.27, "S": 0.0099, "elv": "Breivasselva", "km": 0.1}}, {"type": "Feature", "geometry": {"type": "LineString", "coordinates": [[12.68783, 64.50814], [12.6861, 64.50771]]}, "properties": {"P": 34.18, "tau": 32.91, "tau_c": 85.41, "omega": 32.95, "M": 0.39, "D": 0.0, "R": 0.08, "sving": 0.59, "os": 0.08, "foss": 1.0, "juv": 0.0, "B": 0.61, "Q": 4.83, "w": 19.79, "h": 0.24, "S": 0.01375, "elv": "Breivasselva", "km": 0.2}}, {"type": "Feature", "geometry": {"type": "LineString", "coordinates": [[12.6861, 64.50771], [12.68435, 64.50733]]}, "properties": {"P": 17.6, "tau": 32.32, "tau_c": 84.26, "omega": 32.1, "M": 0.38, "D": 0.0, "R": 0.08, "sving": 0.03, "os": 0.06, "foss": 0.72, "juv": 0.0, "B": 0.61, "Q": 4.84, "w": 19.79, "h": 0.25, "S": 0.01338, "elv": "Breivasselva", "km": 0.3}}, {"type": "Feature", "geometry": {"type": "LineString", "coordinates": [[12.68435, 64.50733], [12.68229, 64.5074]]}, "properties": {"P": 25.95, "tau": 45.43, "tau_c": 107.58, "omega": 52.31, "M": 0.42, "D": 0.0, "R": 0.11, "sving": 0.67, "os": 0.0, "foss": 0.51, "juv": 0.0, "B": 0.61, "Q": 4.84, "w": 19.8, "h": 0.21, "S": 0.02181, "elv": "Breivasselva", "km": 0.4}}, {"type": "Feature", "geometry": {"type": "LineString", "coordinates": [[12.68229, 64.5074], [12.68052, 64.50775]]}, "properties": {"P": 18.32, "tau": 45.39, "tau_c": 107.58, "omega": 52.24, "M": 0.42, "D": 0.01, "R": 0.11, "sving": 0.1, "os": 0.0, "foss": 0.67, "juv": 0.0, "B": 0.61, "Q": 4.84, "w": 19.83, "h": 0.21, "S": 0.02181, "elv": "Breivasselva", "km": 0.5}}, {"type": "Feature", "geometry": {"type": "LineString", "coordinates": [[12.68052, 64.50775], [12.6799, 64.50858]]}, "properties": {"P": 26.24, "tau": 36.31, "tau_c": 91.73, "omega": 37.93, "M": 0.4, "D": 0.03, "R": 0.09, "sving": 0.19, "os": 0.0, "foss": 1.0, "juv": 0.0, "B": 0.61, "Q": 4.84, "w": 19.85, "h": 0.23, "S": 0.01586, "elv": "Breivasselva", "km": 0.6}}, {"type": "Feature", "geometry": {"type": "LineString", "coordinates": [[12.6799, 64.50858], [12.67828, 64.50844]]}, "properties": {"P": 22.3, "tau": 42.35, "tau_c": 101.9, "omega": 47.37, "M": 0.42, "D": 0.03, "R": 0.1, "sving": 0.14, "os": 0.0, "foss": 0.82, "juv": 0.0, "B": 0.61, "Q": 4.91, "w": 19.88, "h": 0.22, "S": 0.01957, "elv": "Breivasselva", "km": 0.7}}, {"type": "Feature", "geometry": {"type": "LineString", "coordinates": [[12.67828, 64.50844], [12.67649, 64.50809]]}, "properties": {"P": 31.38, "tau": 39.34, "tau_c": 96.7, "omega": 42.6, "M": 0.41, "D": 0.1, "R": 0.09, "sving": 0.66, "os": 0.0, "foss": 0.7, "juv": 0.0, "B": 0.61, "Q": 4.91, "w": 19.92, "h": 0.23, "S": 0.01763, "elv": "Breivasselva", "km": 0.8}}, {"type": "Feature", "geometry": {"type": "LineString", "coordinates": [[12.67649, 64.50809], [12.67455, 64.50814]]}, "properties": {"P": 19.97, "tau": 37.45, "tau_c": 93.38, "omega": 39.7, "M": 0.4, "D": 0.11, "R": 0.09, "sving": 0.21, "os": 0.0, "foss": 0.54, "juv": 0.0, "B": 0.61, "Q": 4.91, "w": 19.95, "h": 0.23, "S": 0.01643, "elv": "Breivasselva", "km": 0.9}}, {"type": "Feature", "geometry": {"type": "LineString", "coordinates": [[12.67455, 64.50814], [12.67297, 64.50777]]}, "properties": {"P": 13.49, "tau": 21.39, "tau_c": 62.46, "omega": 17.78, "M": 0.34, "D": 0.11, "R": 0.05, "sving": 0.08, "os": 0.0, "foss": 0.4, "juv": 0.0, "B": 0.61, "Q": 4.92, "w": 19.97, "h": 0.3, "S": 0.00735, "elv": "Breivasselva", "km": 1.0}}, {"type": "Feature", "geometry": {"type": "LineString", "coordinates": [[12.67297, 64.50777], [12.67158, 64.50718]]}, "properties": {"P": 10.19, "tau": 33.02, "tau_c": 85.3, "omega": 33.15, "M": 0.39, "D": 0.04, "R": 0.08, "sving": 0.05, "os": 0.0, "foss": 0.31, "juv": 0.0, "B": 0.61, "Q": 4.93, "w": 19.99, "h": 0.25, "S": 0.01371, "elv": "Breivasselva", "km": 1.1}}, {"type": "Feature", "geometry": {"type": "LineString", "coordinates": [[12.67158, 64.50718], [12.66964, 64.50699]]}, "properties": {"P": 7.1, "tau": 36.39, "tau_c": 91.34, "omega": 38.12, "M": 0.4, "D": 0.01, "R": 0.09, "sving": 0.22, "os": 0.0, "foss": 0.0, "juv": 0.0, "B": 0.61, "Q": 4.94, "w": 20.0, "h": 0.24, "S": 0.01573, "elv": "Breivasselva", "km": 1.2}}, {"type": "Feature", "geometry": {"type": "LineString", "coordinates": [[12.66964, 64.50699], [12.66762, 64.50716]]}, "properties": {"P": 25.74, "tau": 41.8, "tau_c": 100.82, "omega": 46.51, "M": 0.41, "D": -0.0, "R": 0.1, "sving": 0.18, "os": 0.0, "foss": 1.0, "juv": 0.0, "B": 0.61, "Q": 4.95, "w": 20.02, "h": 0.22, "S": 0.01916, "elv": "Breivasselva", "km": 1.3}}, {"type": "Feature", "geometry": {"type": "LineString", "coordinates": [[12.66762, 64.50716], [12.66555, 64.50724]]}, "properties": {"P": 21.54, "tau": 45.84, "tau_c": 107.72, "omega": 53.08, "M": 0.43, "D": -0.0, "R": 0.11, "sving": 0.23, "os": 0.0, "foss": 0.72, "juv": 0.0, "B": 0.61, "Q": 4.96, "w": 20.04, "h": 0.21, "S": 0.02187, "elv": "Breivasselva", "km": 1.4}}, {"type": "Feature", "geometry": {"type": "LineString", "coordinates": [[12.66555, 64.50724], [12.66359, 64.50699]]}, "properties": {"P": 36.68, "tau": 52.45, "tau_c": 118.66, "omega": 64.39, "M": 0.44, "D": -0.0, "R": 0.13, "sving": 0.72, "os": 0.0, "foss": 1.0, "juv": 0.0, "B": 0.61, "Q": 4.96, "w": 20.06, "h": 0.2, "S": 0.02654, "elv": "Breivasselva", "km": 1.5}}, {"type": "Feature", "geometry": {"type": "LineString", "coordinates": [[12.66359, 64.50699], [12.66242, 64.50643]]}, "properties": {"P": 25.51, "tau": 52.53, "tau_c": 118.66, "omega": 64.57, "M": 0.44, "D": -0.0, "R": 0.13, "sving": 0.13, "os": 0.0, "foss": 1.0, "juv": 0.0, "B": 0.61, "Q": 4.98, "w": 20.08, "h": 0.2, "S": 0.02654, "elv": "Breivasselva", "km": 1.6}}, {"type": "Feature", "geometry": {"type": "LineString", "coordinates": [[12.66242, 64.50643], [12.66275, 64.50557]]}, "properties": {"P": 23.38, "tau": 51.7, "tau_c": 117.34, "omega": 63.09, "M": 0.44, "D": 0.01, "R": 0.12, "sving": 0.0, "os": 0.0, "foss": 1.0, "juv": 0.0, "B": 0.61, "Q": 4.98, "w": 20.1, "h": 0.2, "S": 0.02595, "elv": "Breivasselva", "km": 1.7}}, {"type": "Feature", "geometry": {"type": "LineString", "coordinates": [[12.66275, 64.50557], [12.66097, 64.50537]]}, "properties": {"P": 25.75, "tau": 57.04, "tau_c": 125.67, "omega": 72.7, "M": 0.45, "D": 0.03, "R": 0.14, "sving": 0.36, "os": 0.0, "foss": 0.72, "juv": 0.0, "B": 0.61, "Q": 5.01, "w": 20.13, "h": 0.2, "S": 0.02977, "elv": "Breivasselva", "km": 1.8}}, {"type": "Feature", "geometry": {"type": "LineString", "coordinates": [[12.66097, 64.50537], [12.65901, 64.50511]]}, "properties": {"P": 37.67, "tau": 47.63, "tau_c": 110.45, "omega": 56.13, "M": 0.43, "D": 0.09, "R": 0.12, "sving": 0.66, "os": 0.0, "foss": 1.0, "juv": 0.0, "B": 0.61, "Q": 5.01, "w": 20.14, "h": 0.21, "S": 0.02299, "elv": "Breivasselva", "km": 1.9}}, {"type": "Feature", "geometry": {"type": "LineString", "coordinates": [[12.65901, 64.50511], [12.65715, 64.50521]]}, "properties": {"P": 25.96, "tau": 44.72, "tau_c": 105.55, "omega": 51.28, "M": 0.42, "D": 0.08, "R": 0.11, "sving": 0.08, "os": 0.0, "foss": 1.0, "juv": 0.0, "B": 0.61, "Q": 5.02, "w": 20.17, "h": 0.22, "S": 0.021, "elv": "Breivasselva", "km": 2.0}}, {"type": "Feature", "geometry": {"type": "LineString", "coordinates": [[12.65715, 64.50521], [12.65512, 64.50523]]}, "properties": {"P": 19.39, "tau": 38.16, "tau_c": 94.19, "omega": 40.84, "M": 0.41, "D": 0.06, "R": 0.09, "sving": 0.07, "os": 0.0, "foss": 0.72, "juv": 0.0, "B": 0.61, "Q": 5.02, "w": 20.18, "h": 0.23, "S": 0.01672, "elv": "Breivasselva", "km": 2.1}}, {"type": "Feature", "geometry": {"type": "LineString", "coordinates": [[12.65512, 64.50523], [12.65304, 64.50517]]}, "properties": {"P": 15.32, "tau": 53.04, "tau_c": 119.22, "omega": 65.51, "M": 0.44, "D": 0.0, "R": 0.13, "sving": 0.08, "os": 0.0, "foss": 0.51, "juv": 0.0, "B": 0.61, "Q": 5.04, "w": 20.2, "h": 0.2, "S": 0.02679, "elv": "Breivasselva", "km": 2.2}}, {"type": "Feature", "geometry": {"type": "LineString", "coordinates": [[12.65304, 64.50517], [12.65102, 64.50507]]}, "properties": {"P": 12.31, "tau": 48.84, "tau_c": 112.41, "omega": 58.2, "M": 0.43, "D": 0.02, "R": 0.12, "sving": 0.05, "os": 0.0, "foss": 0.37, "juv": 0.0, "B": 0.6, "Q": 5.04, "w": 20.22, "h": 0.21, "S": 0.02382, "elv": "Breivasselva", "km": 2.3}}, {"type": "Feature", "geometry": {"type": "LineString", "coordinates": [[12.65102, 64.50507], [12.64897, 64.505]]}, "properties": {"P": 25.36, "tau": 44.66, "tau_c": 105.16, "omega": 51.22, "M": 0.42, "D": 0.05, "R": 0.11, "sving": 0.09, "os": 0.0, "foss": 1.0, "juv": 0.0, "B": 0.6, "Q": 5.07, "w": 20.25, "h": 0.22, "S": 0.02084, "elv": "Breivasselva", "km": 2.4}}, {"type": "Feature", "geometry": {"type": "LineString", "coordinates": [[12.64897, 64.505], [12.64696, 64.50489]]}, "properties": {"P": 22.71, "tau": 46.53, "tau_c": 108.31, "omega": 54.33, "M": 0.43, "D": 0.06, "R": 0.11, "sving": 0.15, "os": 0.06, "foss": 0.72, "juv": 0.0, "B": 0.6, "Q": 5.08, "w": 20.27, "h": 0.21, "S": 0.02211, "elv": "Breivasselva", "km": 2.5}}, {"type": "Feature", "geometry": {"type": "LineString", "coordinates": [[12.64696, 64.50489], [12.6452, 64.50466]]}, "properties": {"P": 22.1, "tau": 41.32, "tau_c": 99.46, "omega": 45.83, "M": 0.42, "D": 0.1, "R": 0.1, "sving": 0.24, "os": 0.1, "foss": 0.51, "juv": 0.0, "B": 0.6, "Q": 5.08, "w": 20.29, "h": 0.23, "S": 0.01865, "elv": "Breivasselva", "km": 2.6}}, {"type": "Feature", "geometry": {"type": "LineString", "coordinates": [[12.6452, 64.50466], [12.6434, 64.50422]]}, "properties": {"P": 22.74, "tau": 41.25, "tau_c": 100.66, "omega": 45.56, "M": 0.41, "D": 0.13, "R": 0.1, "sving": 0.34, "os": 0.16, "foss": 0.37, "juv": 0.0, "B": 0.6, "Q": 5.09, "w": 20.94, "h": 0.22, "S": 0.0191, "elv": "Breivasselva", "km": 2.7}}, {"type": "Feature", "geometry": {"type": "LineString", "coordinates": [[12.6434, 64.50422], [12.64188, 64.50364]]}, "properties": {"P": 16.99, "tau": 27.28, "tau_c": 75.82, "omega": 25.09, "M": 0.36, "D": 0.2, "R": 0.06, "sving": 0.27, "os": 0.26, "foss": 0.0, "juv": 0.0, "B": 0.6, "Q": 5.09, "w": 21.58, "h": 0.26, "S": 0.01084, "elv": "Breivasselva", "km": 2.8}}, {"type": "Feature", "geometry": {"type": "LineString", "coordinates": [[12.64188, 64.50364], [12.64082, 64.5029]]}, "properties": {"P": 19.76, "tau": 28.83, "tau_c": 70.42, "omega": 28.11, "M": 0.41, "D": 0.16, "R": 0.1, "sving": 0.26, "os": 0.37, "foss": 0.0, "juv": 0.0, "B": 0.62, "Q": 6.81, "w": 22.22, "h": 0.31, "S": 0.00935, "elv": "Breivasselva", "km": 2.9}}, {"type": "Feature", "geometry": {"type": "LineString", "coordinates": [[12.79524, 64.50251], [12.79324, 64.50229]]}, "properties": {"P": 19.59, "tau": 95.22, "tau_c": 220.22, "omega": 141.2, "M": 0.43, "D": 0.0, "R": 0.12, "sving": 0.08, "os": 0.0, "foss": 1.0, "juv": 0.0, "B": 0.49, "Q": 1.38, "w": 8.77, "h": 0.11, "S": 0.09141, "elv": "Geitingelva", "km": 0.4}}, {"type": "Feature", "geometry": {"type": "LineString", "coordinates": [[12.79324, 64.50229], [12.7912, 64.50223]]}, "properties": {"P": 21.54, "tau": 93.37, "tau_c": 226.91, "omega": 135.64, "M": 0.41, "D": 0.05, "R": 0.1, "sving": 0.17, "os": 0.0, "foss": 1.0, "juv": 0.0, "B": 0.49, "Q": 1.38, "w": 9.71, "h": 0.1, "S": 0.09704, "elv": "Geitingelva", "km": 0.5}}, {"type": "Feature", "geometry": {"type": "LineString", "coordinates": [[12.7912, 64.50223], [12.78967, 64.5017]]}, "properties": {"P": 20.43, "tau": 83.52, "tau_c": 216.16, "omega": 114.64, "M": 0.39, "D": 0.11, "R": 0.08, "sving": 0.04, "os": 0.0, "foss": 1.0, "juv": 0.0, "B": 0.49, "Q": 1.41, "w": 10.66, "h": 0.1, "S": 0.08807, "elv": "Geitingelva", "km": 0.6}}, {"type": "Feature", "geometry": {"type": "LineString", "coordinates": [[12.78967, 64.5017], [12.78864, 64.50095]]}, "properties": {"P": 25.64, "tau": 66.63, "tau_c": 184.7, "omega": 82.82, "M": 0.36, "D": 0.14, "R": 0.06, "sving": 0.37, "os": 0.0, "foss": 1.0, "juv": 0.0, "B": 0.49, "Q": 1.41, "w": 10.77, "h": 0.11, "S": 0.0643, "elv": "Geitingelva", "km": 0.7}}, {"type": "Feature", "geometry": {"type": "LineString", "coordinates": [[12.78864, 64.50095], [12.78681, 64.50085]]}, "properties": {"P": 20.23, "tau": 62.25, "tau_c": 176.78, "omega": 75.03, "M": 0.35, "D": 0.09, "R": 0.05, "sving": 0.1, "os": 0.0, "foss": 1.0, "juv": 0.0, "B": 0.49, "Q": 1.42, "w": 10.9, "h": 0.11, "S": 0.05891, "elv": "Geitingelva", "km": 0.8}}, {"type": "Feature", "geometry": {"type": "LineString", "coordinates": [[12.78681, 64.50085], [12.7859, 64.50013]]}, "properties": {"P": 22.86, "tau": 72.19, "tau_c": 190.4, "omega": 93.71, "M": 0.38, "D": 0.03, "R": 0.07, "sving": 0.3, "os": 0.0, "foss": 1.0, "juv": 0.0, "B": 0.5, "Q": 1.54, "w": 11.02, "h": 0.11, "S": 0.06833, "elv": "Geitingelva", "km": 0.9}}, {"type": "Feature", "geometry": {"type": "LineString", "coordinates": [[12.7859, 64.50013], [12.78399, 64.49978]]}, "properties": {"P": 18.3, "tau": 75.68, "tau_c": 197.37, "omega": 100.22, "M": 0.38, "D": 0.0, "R": 0.08, "sving": 0.03, "os": 0.0, "foss": 1.0, "juv": 0.0, "B": 0.5, "Q": 1.55, "w": 11.16, "h": 0.11, "S": 0.07342, "elv": "Geitingelva", "km": 1.0}}, {"type": "Feature", "geometry": {"type": "LineString", "coordinates": [[12.78399, 64.49978], [12.78204, 64.49956]]}, "properties": {"P": 23.88, "tau": 74.71, "tau_c": 195.22, "omega": 98.44, "M": 0.38, "D": 0.01, "R": 0.07, "sving": 0.31, "os": 0.06, "foss": 1.0, "juv": 0.0, "B": 0.5, "Q": 1.58, "w": 11.31, "h": 0.11, "S": 0.07183, "elv": "Geitingelva", "km": 1.1}}, {"type": "Feature", "geometry": {"type": "LineString", "coordinates": [[12.78204, 64.49956], [12.77996, 64.49954]]}, "properties": {"P": 21.41, "tau": 75.01, "tau_c": 195.01, "omega": 99.14, "M": 0.38, "D": 0.03, "R": 0.08, "sving": 0.09, "os": 0.09, "foss": 1.0, "juv": 0.0, "B": 0.51, "Q": 1.61, "w": 11.39, "h": 0.11, "S": 0.07168, "elv": "Geitingelva", "km": 1.2}}, {"type": "Feature", "geometry": {"type": "LineString", "coordinates": [[12.77996, 64.49954], [12.77805, 64.49933]]}, "properties": {"P": 24.72, "tau": 71.11, "tau_c": 187.59, "omega": 91.87, "M": 0.38, "D": 0.06, "R": 0.07, "sving": 0.19, "os": 0.15, "foss": 1.0, "juv": 0.0, "B": 0.51, "Q": 1.62, "w": 11.48, "h": 0.11, "S": 0.06633, "elv": "Geitingelva", "km": 1.3}}, {"type": "Feature", "geometry": {"type": "LineString", "coordinates": [[12.77805, 64.49933], [12.77602, 64.49919]]}, "properties": {"P": 25.41, "tau": 66.9, "tau_c": 178.91, "omega": 84.26, "M": 0.37, "D": 0.09, "R": 0.07, "sving": 0.1, "os": 0.24, "foss": 1.0, "juv": 0.0, "B": 0.51, "Q": 1.65, "w": 11.57, "h": 0.11, "S": 0.06033, "elv": "Geitingelva", "km": 1.4}}, {"type": "Feature", "geometry": {"type": "LineString", "coordinates": [[12.77602, 64.49919], [12.77408, 64.49942]]}, "properties": {"P": 26.78, "tau": 57.63, "tau_c": 160.79, "omega": 68.06, "M": 0.36, "D": 0.11, "R": 0.06, "sving": 0.03, "os": 0.4, "foss": 1.0, "juv": 0.0, "B": 0.51, "Q": 1.68, "w": 11.8, "h": 0.12, "S": 0.04873, "elv": "Geitingelva", "km": 1.5}}, {"type": "Feature", "geometry": {"type": "LineString", "coordinates": [[12.77408, 64.49942], [12.77227, 64.49917]]}, "properties": {"P": 26.3, "tau": 54.09, "tau_c": 153.7, "omega": 62.16, "M": 0.35, "D": 0.07, "R": 0.05, "sving": 0.1, "os": 0.62, "foss": 0.72, "juv": 0.0, "B": 0.51, "Q": 1.71, "w": 12.02, "h": 0.12, "S": 0.04452, "elv": "Geitingelva", "km": 1.6}}, {"type": "Feature", "geometry": {"type": "LineString", "coordinates": [[12.77227, 64.49917], [12.77036, 64.4989]]}, "properties": {"P": 37.03, "tau": 56.26, "tau_c": 150.75, "omega": 66.74, "M": 0.37, "D": 0.03, "R": 0.07, "sving": 0.11, "os": 0.98, "foss": 1.0, "juv": 0.0, "B": 0.52, "Q": 1.94, "w": 12.23, "h": 0.13, "S": 0.04284, "elv": "Geitingelva", "km": 1.7}}, {"type": "Feature", "geometry": {"type": "LineString", "coordinates": [[12.77036, 64.4989], [12.76831, 64.499]]}, "properties": {"P": 32.65, "tau": 55.78, "tau_c": 150.69, "omega": 65.84, "M": 0.37, "D": 0.01, "R": 0.07, "sving": 0.23, "os": 0.63, "foss": 1.0, "juv": 0.0, "B": 0.53, "Q": 1.95, "w": 12.42, "h": 0.13, "S": 0.0428, "elv": "Geitingelva", "km": 1.8}}, {"type": "Feature", "geometry": {"type": "LineString", "coordinates": [[12.76831, 64.499], [12.76626, 64.49897]]}, "properties": {"P": 27.24, "tau": 54.37, "tau_c": 148.37, "omega": 63.41, "M": 0.37, "D": 0.02, "R": 0.06, "sving": 0.12, "os": 0.39, "foss": 1.0, "juv": 0.0, "B": 0.53, "Q": 1.96, "w": 12.59, "h": 0.13, "S": 0.04149, "elv": "Geitingelva", "km": 1.9}}, {"type": "Feature", "geometry": {"type": "LineString", "coordinates": [[12.76626, 64.49897], [12.76429, 64.49924]]}, "properties": {"P": 26.39, "tau": 55.82, "tau_c": 151.85, "omega": 65.79, "M": 0.37, "D": 0.03, "R": 0.06, "sving": 0.06, "os": 0.38, "foss": 1.0, "juv": 0.0, "B": 0.53, "Q": 1.97, "w": 12.74, "h": 0.13, "S": 0.04346, "elv": "Geitingelva", "km": 2.0}}, {"type": "Feature", "geometry": {"type": "LineString", "coordinates": [[12.76429, 64.49924], [12.76221, 64.49926]]}, "properties": {"P": 25.28, "tau": 50.74, "tau_c": 145.1, "omega": 57.01, "M": 0.35, "D": 0.03, "R": 0.05, "sving": 0.05, "os": 0.62, "foss": 0.72, "juv": 0.0, "B": 0.53, "Q": 1.97, "w": 13.48, "h": 0.13, "S": 0.03968, "elv": "Geitingelva", "km": 2.1}}, {"type": "Feature", "geometry": {"type": "LineString", "coordinates": [[12.76221, 64.49926], [12.76014, 64.49922]]}, "properties": {"P": 40.68, "tau": 48.93, "tau_c": 138.91, "omega": 54.45, "M": 0.35, "D": 0.03, "R": 0.05, "sving": 0.3, "os": 0.98, "foss": 1.0, "juv": 0.0, "B": 0.54, "Q": 2.17, "w": 14.22, "h": 0.14, "S": 0.03637, "elv": "Geitingelva", "km": 2.2}}, {"type": "Feature", "geometry": {"type": "LineString", "coordinates": [[12.76014, 64.49922], [12.75813, 64.49908]]}, "properties": {"P": 29.34, "tau": 53.09, "tau_c": 126.03, "omega": 64.22, "M": 0.42, "D": 0.03, "R": 0.11, "sving": 0.11, "os": 0.59, "foss": 0.72, "juv": 0.0, "B": 0.57, "Q": 3.27, "w": 14.96, "h": 0.18, "S": 0.02994, "elv": "Geitingelva", "km": 2.3}}, {"type": "Feature", "geometry": {"type": "LineString", "coordinates": [[12.75813, 64.49908], [12.75648, 64.49869]]}, "properties": {"P": 23.64, "tau": 45.26, "tau_c": 114.72, "omega": 50.82, "M": 0.39, "D": 0.08, "R": 0.08, "sving": 0.2, "os": 0.36, "foss": 0.51, "juv": 0.0, "B": 0.57, "Q": 3.28, "w": 15.69, "h": 0.19, "S": 0.02481, "elv": "Geitingelva", "km": 2.4}}, {"type": "Feature", "geometry": {"type": "LineString", "coordinates": [[12.75648, 64.49869], [12.7545, 64.49897]]}, "properties": {"P": 18.65, "tau": 42.61, "tau_c": 111.68, "omega": 46.4, "M": 0.38, "D": 0.1, "R": 0.07, "sving": 0.18, "os": 0.24, "foss": 0.37, "juv": 0.0, "B": 0.57, "Q": 3.28, "w": 16.31, "h": 0.18, "S": 0.02351, "elv": "Geitingelva", "km": 2.5}}, {"type": "Feature", "geometry": {"type": "LineString", "coordinates": [[12.7545, 64.49897], [12.75267, 64.49939]]}, "properties": {"P": 9.62, "tau": 39.0, "tau_c": 104.69, "omega": 40.88, "M": 0.37, "D": 0.11, "R": 0.07, "sving": 0.13, "os": 0.15, "foss": 0.0, "juv": 0.0, "B": 0.57, "Q": 3.29, "w": 16.33, "h": 0.19, "S": 0.02066, "elv": "Geitingelva", "km": 2.6}}, {"type": "Feature", "geometry": {"type": "LineString", "coordinates": [[12.75267, 64.49939], [12.7507, 64.49966]]}, "properties": {"P": 9.09, "tau": 36.09, "tau_c": 99.18, "omega": 36.56, "M": 0.36, "D": 0.06, "R": 0.06, "sving": 0.23, "os": 0.1, "foss": 0.0, "juv": 0.0, "B": 0.57, "Q": 3.3, "w": 16.41, "h": 0.2, "S": 0.01854, "elv": "Geitingelva", "km": 2.7}}, {"type": "Feature", "geometry": {"type": "LineString", "coordinates": [[12.7507, 64.49966], [12.74939, 64.49904]]}, "properties": {"P": 7.52, "tau": 36.94, "tau_c": 100.91, "omega": 37.8, "M": 0.37, "D": 0.02, "R": 0.06, "sving": 0.22, "os": 0.06, "foss": 0.0, "juv": 0.0, "B": 0.57, "Q": 3.31, "w": 16.48, "h": 0.2, "S": 0.01919, "elv": "Geitingelva", "km": 2.8}}, {"type": "Feature", "geometry": {"type": "LineString", "coordinates": [[12.74939, 64.49904], [12.74761, 64.49881]]}, "properties": {"P": 4.78, "tau": 39.32, "tau_c": 104.04, "omega": 41.53, "M": 0.38, "D": 0.0, "R": 0.07, "sving": 0.14, "os": 0.0, "foss": 0.0, "juv": 0.0, "B": 0.58, "Q": 3.44, "w": 16.56, "h": 0.2, "S": 0.0204, "elv": "Geitingelva", "km": 2.9}}, {"type": "Feature", "geometry": {"type": "LineString", "coordinates": [[12.74761, 64.49881], [12.74595, 64.49874]]}, "properties": {"P": 26.68, "tau": 39.77, "tau_c": 105.06, "omega": 42.19, "M": 0.38, "D": 0.0, "R": 0.07, "sving": 0.35, "os": 0.0, "foss": 1.0, "juv": 0.0, "B": 0.58, "Q": 3.44, "w": 16.63, "h": 0.19, "S": 0.0208, "elv": "Geitingelva", "km": 3.0}}, {"type": "Feature", "geometry": {"type": "LineString", "coordinates": [[12.74595, 64.49874], [12.74414, 64.49868]]}, "properties": {"P": 20.11, "tau": 40.72, "tau_c": 106.97, "omega": 43.63, "M": 0.38, "D": 0.0, "R": 0.07, "sving": 0.26, "os": 0.0, "foss": 0.72, "juv": 0.0, "B": 0.58, "Q": 3.44, "w": 16.7, "h": 0.19, "S": 0.02157, "elv": "Geitingelva", "km": 3.1}}, {"type": "Feature", "geometry": {"type": "LineString", "coordinates": [[12.74414, 64.49868], [12.74219, 64.49875]]}, "properties": {"P": 13.73, "tau": 42.81, "tau_c": 110.88, "omega": 46.88, "M": 0.39, "D": 0.0, "R": 0.08, "sving": 0.1, "os": 0.0, "foss": 0.51, "juv": 0.0, "B": 0.58, "Q": 3.45, "w": 16.71, "h": 0.19, "S": 0.02317, "elv": "Geitingelva", "km": 3.2}}, {"type": "Feature", "geometry": {"type": "LineString", "coordinates": [[12.74219, 64.49875], [12.74029, 64.49911]]}, "properties": {"P": 11.35, "tau": 41.84, "tau_c": 109.01, "omega": 45.37, "M": 0.38, "D": 0.03, "R": 0.08, "sving": 0.09, "os": 0.0, "foss": 0.37, "juv": 0.0, "B": 0.58, "Q": 3.45, "w": 16.72, "h": 0.19, "S": 0.0224, "elv": "Geitingelva", "km": 3.3}}, {"type": "Feature", "geometry": {"type": "LineString", "coordinates": [[12.74029, 64.49911], [12.73827, 64.49927]]}, "properties": {"P": 5.82, "tau": 39.67, "tau_c": 104.91, "omega": 42.03, "M": 0.38, "D": 0.05, "R": 0.07, "sving": 0.13, "os": 0.0, "foss": 0.0, "juv": 0.0, "B": 0.58, "Q": 3.46, "w": 16.74, "h": 0.19, "S": 0.02074, "elv": "Geitingelva", "km": 3.4}}, {"type": "Feature", "geometry": {"type": "LineString", "coordinates": [[12.73827, 64.49927], [12.73627, 64.49941]]}, "properties": {"P": 8.0, "tau": 36.89, "tau_c": 99.59, "omega": 37.88, "M": 0.37, "D": 0.08, "R": 0.07, "sving": 0.22, "os": 0.0, "foss": 0.0, "juv": 0.0, "B": 0.58, "Q": 3.46, "w": 16.76, "h": 0.2, "S": 0.01869, "elv": "Geitingelva", "km": 3.5}}, {"type": "Feature", "geometry": {"type": "LineString", "coordinates": [[12.73627, 64.49941], [12.73434, 64.49919]]}, "properties": {"P": 5.51, "tau": 35.61, "tau_c": 96.93, "omega": 36.02, "M": 0.37, "D": 0.11, "R": 0.06, "sving": 0.05, "os": 0.0, "foss": 0.0, "juv": 0.0, "B": 0.59, "Q": 3.48, "w": 16.77, "h": 0.2, "S": 0.01771, "elv": "Geitingelva", "km": 3.6}}, {"type": "Feature", "geometry": {"type": "LineString", "coordinates": [[12.73434, 64.49919], [12.7323, 64.49904]]}, "properties": {"P": 6.05, "tau": 31.63, "tau_c": 88.99, "omega": 30.4, "M": 0.36, "D": 0.15, "R": 0.06, "sving": 0.04, "os": 0.0, "foss": 0.0, "juv": 0.0, "B": 0.59, "Q": 3.49, "w": 16.79, "h": 0.22, "S": 0.01493, "elv": "Geitingelva", "km": 3.7}}, {"type": "Feature", "geometry": {"type": "LineString", "coordinates": [[12.7323, 64.49904], [12.73049, 64.49929]]}, "properties": {"P": 10.39, "tau": 25.52, "tau_c": 76.31, "omega": 22.34, "M": 0.33, "D": 0.19, "R": 0.04, "sving": 0.24, "os": 0.0, "foss": 0.0, "juv": 0.0, "B": 0.59, "Q": 3.49, "w": 16.8, "h": 0.24, "S": 0.01097, "elv": "Geitingelva", "km": 3.8}}, {"type": "Feature", "geometry": {"type": "LineString", "coordinates": [[12.73049, 64.49929], [12.7288, 64.49933]]}, "properties": {"P": 7.2, "tau": 22.89, "tau_c": 70.57, "omega": 19.11, "M": 0.32, "D": 0.21, "R": 0.04, "sving": 0.05, "os": 0.0, "foss": 0.0, "juv": 0.0, "B": 0.59, "Q": 3.49, "w": 16.8, "h": 0.25, "S": 0.00939, "elv": "Geitingelva", "km": 3.9}}, {"type": "Feature", "geometry": {"type": "LineString", "coordinates": [[12.7288, 64.49933], [12.72764, 64.49953]]}, "properties": {"P": 9.57, "tau": 18.86, "tau_c": 61.41, "omega": 14.46, "M": 0.31, "D": 0.25, "R": 0.03, "sving": 0.13, "os": 0.0, "foss": 0.0, "juv": 0.0, "B": 0.59, "Q": 3.49, "w": 16.8, "h": 0.27, "S": 0.00711, "elv": "Geitingelva", "km": 4.0}}, {"type": "Feature", "geometry": {"type": "LineString", "coordinates": [[12.64074, 64.50644], [12.63955, 64.50602]]}, "properties": {"P": 8.86, "tau": 42.68, "tau_c": 116.7, "omega": 45.46, "M": 0.37, "D": 0.0, "R": 0.06, "sving": 0.22, "os": 0.13, "foss": 0.0, "juv": 0.0, "B": 0.62, "Q": 1.71, "w": 9.46, "h": 0.17, "S": 0.02567, "elv": "bekk", "km": 1.3}}, {"type": "Feature", "geometry": {"type": "LineString", "coordinates": [[12.63955, 64.50602], [12.63867, 64.50538]]}, "properties": {"P": 9.6, "tau": 37.62, "tau_c": 122.6, "omega": 36.6, "M": 0.31, "D": 0.0, "R": 0.03, "sving": 0.27, "os": 0.16, "foss": 0.0, "juv": 0.0, "B": 0.63, "Q": 1.71, "w": 12.98, "h": 0.14, "S": 0.02833, "elv": "bekk", "km": 1.4}}, {"type": "Feature", "geometry": {"type": "LineString", "coordinates": [[12.63753, 64.50507], [12.63809, 64.50425]]}, "properties": {"P": 53.22, "tau": 86.07, "tau_c": 142.95, "omega": 137.79, "M": 0.6, "D": 0.0, "R": 0.31, "sving": 0.41, "os": 0.27, "foss": 1.0, "juv": 0.0, "B": 0.77, "Q": 6.88, "w": 18.87, "h": 0.23, "S": 0.03852, "elv": "bekk", "km": 1.6}}, {"type": "Feature", "geometry": {"type": "LineString", "coordinates": [[12.65334, 64.48417], [12.65219, 64.48472]]}, "properties": {"P": 16.48, "tau": 46.25, "tau_c": 145.03, "omega": 48.72, "M": 0.32, "D": 0.0, "R": 0.04, "sving": 0.24, "os": 0.0, "foss": 0.72, "juv": 0.0, "B": 0.52, "Q": 1.25, "w": 10.01, "h": 0.12, "S": 0.03964, "elv": "Bengtsabekken", "km": 0.8}}, {"type": "Feature", "geometry": {"type": "LineString", "coordinates": [[12.65219, 64.48472], [12.65101, 64.48545]]}, "properties": {"P": 18.08, "tau": 44.44, "tau_c": 141.21, "omega": 45.98, "M": 0.31, "D": 0.0, "R": 0.03, "sving": 0.06, "os": 0.0, "foss": 1.0, "juv": 0.0, "B": 0.52, "Q": 1.26, "w": 10.07, "h": 0.12, "S": 0.03758, "elv": "Bengtsabekken", "km": 0.9}}, {"type": "Feature", "geometry": {"type": "LineString", "coordinates": [[12.65101, 64.48545], [12.64923, 64.48587]]}, "properties": {"P": 22.01, "tau": 50.93, "tau_c": 156.09, "omega": 55.87, "M": 0.33, "D": 0.0, "R": 0.04, "sving": 0.29, "os": 0.0, "foss": 1.0, "juv": 0.0, "B": 0.52, "Q": 1.26, "w": 10.14, "h": 0.11, "S": 0.04592, "elv": "Bengtsabekken", "km": 1.0}}, {"type": "Feature", "geometry": {"type": "LineString", "coordinates": [[12.64923, 64.48587], [12.64729, 64.48561]]}, "properties": {"P": 16.56, "tau": 50.26, "tau_c": 153.32, "omega": 54.97, "M": 0.33, "D": 0.0, "R": 0.04, "sving": 0.24, "os": 0.0, "foss": 0.72, "juv": 0.0, "B": 0.52, "Q": 1.29, "w": 10.17, "h": 0.12, "S": 0.04431, "elv": "Bengtsabekken", "km": 1.1}}, {"type": "Feature", "geometry": {"type": "LineString", "coordinates": [[12.64729, 64.48561], [12.64522, 64.48566]]}, "properties": {"P": 19.22, "tau": 60.4, "tau_c": 175.05, "omega": 71.53, "M": 0.35, "D": 0.0, "R": 0.05, "sving": 0.11, "os": 0.0, "foss": 1.0, "juv": 0.0, "B": 0.51, "Q": 1.29, "w": 10.2, "h": 0.11, "S": 0.05775, "elv": "Bengtsabekken", "km": 1.2}}, {"type": "Feature", "geometry": {"type": "LineString", "coordinates": [[12.64522, 64.48566], [12.64331, 64.48594]]}, "properties": {"P": 20.24, "tau": 60.39, "tau_c": 175.14, "omega": 71.51, "M": 0.34, "D": 0.0, "R": 0.05, "sving": 0.17, "os": 0.0, "foss": 1.0, "juv": 0.0, "B": 0.51, "Q": 1.29, "w": 10.24, "h": 0.11, "S": 0.05781, "elv": "Bengtsabekken", "km": 1.3}}, {"type": "Feature", "geometry": {"type": "LineString", "coordinates": [[12.64331, 64.48594], [12.64129, 64.48614]]}, "properties": {"P": 21.9, "tau": 62.71, "tau_c": 179.23, "omega": 75.56, "M": 0.35, "D": 0.0, "R": 0.05, "sving": 0.27, "os": 0.0, "foss": 1.0, "juv": 0.0, "B": 0.51, "Q": 1.31, "w": 10.26, "h": 0.11, "S": 0.06055, "elv": "Bengtsabekken", "km": 1.4}}, {"type": "Feature", "geometry": {"type": "LineString", "coordinates": [[12.64129, 64.48614], [12.63926, 64.48628]]}, "properties": {"P": 23.71, "tau": 71.82, "tau_c": 197.61, "omega": 91.77, "M": 0.36, "D": 0.0, "R": 0.06, "sving": 0.37, "os": 0.0, "foss": 1.0, "juv": 0.0, "B": 0.51, "Q": 1.31, "w": 10.27, "h": 0.1, "S": 0.0736, "elv": "Bengtsabekken", "km": 1.5}}, {"type": "Feature", "geometry": {"type": "LineString", "coordinates": [[12.63926, 64.48628], [12.63792, 64.48685]]}, "properties": {"P": 25.71, "tau": 67.67, "tau_c": 189.46, "omega": 84.25, "M": 0.36, "D": 0.01, "R": 0.06, "sving": 0.49, "os": 0.0, "foss": 1.0, "juv": 0.0, "B": 0.51, "Q": 1.31, "w": 10.29, "h": 0.1, "S": 0.06765, "elv": "Bengtsabekken", "km": 1.6}}, {"type": "Feature", "geometry": {"type": "LineString", "coordinates": [[12.63792, 64.48685], [12.63747, 64.48762]]}, "properties": {"P": 26.17, "tau": 71.64, "tau_c": 197.34, "omega": 91.44, "M": 0.36, "D": 0.01, "R": 0.06, "sving": 0.52, "os": 0.0, "foss": 1.0, "juv": 0.0, "B": 0.51, "Q": 1.31, "w": 10.29, "h": 0.1, "S": 0.0734, "elv": "Bengtsabekken", "km": 1.7}}, {"type": "Feature", "geometry": {"type": "LineString", "coordinates": [[12.63747, 64.48762], [12.63741, 64.48839]]}, "properties": {"P": 19.53, "tau": 67.11, "tau_c": 188.24, "omega": 83.27, "M": 0.36, "D": 0.02, "R": 0.06, "sving": 0.38, "os": 0.0, "foss": 0.72, "juv": 0.0, "B": 0.51, "Q": 1.31, "w": 10.29, "h": 0.1, "S": 0.06679, "elv": "Bengtsabekken", "km": 1.8}}, {"type": "Feature", "geometry": {"type": "LineString", "coordinates": [[12.64097, 64.51128], [12.64049, 64.51057]]}, "properties": {"P": 26.43, "tau": 38.97, "tau_c": 128.45, "omega": 38.1, "M": 0.3, "D": -0.0, "R": 0.03, "sving": 0.11, "os": 0.07, "foss": 1.0, "juv": 0.0, "B": 0.68, "Q": 1.27, "w": 10.2, "h": 0.13, "S": 0.0311, "elv": "Brusvasselva", "km": 1.4}}, {"type": "Feature", "geometry": {"type": "LineString", "coordinates": [[12.64049, 64.51057], [12.64023, 64.50986]]}, "properties": {"P": 23.76, "tau": 41.68, "tau_c": 133.84, "omega": 42.05, "M": 0.31, "D": 0.01, "R": 0.03, "sving": 0.32, "os": 0.0, "foss": 0.72, "juv": 0.0, "B": 0.69, "Q": 1.31, "w": 10.28, "h": 0.13, "S": 0.03376, "elv": "Brusvasselva", "km": 1.5}}, {"type": "Feature", "geometry": {"type": "LineString", "coordinates": [[12.64023, 64.50986], [12.63921, 64.50917]]}, "properties": {"P": 24.57, "tau": 41.17, "tau_c": 132.1, "omega": 41.38, "M": 0.31, "D": 0.06, "R": 0.03, "sving": 0.0, "os": 0.0, "foss": 1.0, "juv": 0.0, "B": 0.69, "Q": 1.33, "w": 10.36, "h": 0.13, "S": 0.03289, "elv": "Brusvasselva", "km": 1.6}}, {"type": "Feature", "geometry": {"type": "LineString", "coordinates": [[12.63921, 64.50917], [12.64007, 64.50844]]}, "properties": {"P": 27.22, "tau": 35.86, "tau_c": 119.46, "omega": 33.97, "M": 0.3, "D": 0.06, "R": 0.03, "sving": 0.36, "os": 0.05, "foss": 0.72, "juv": 0.0, "B": 0.69, "Q": 1.35, "w": 10.49, "h": 0.14, "S": 0.0269, "elv": "Brusvasselva", "km": 1.7}}, {"type": "Feature", "geometry": {"type": "LineString", "coordinates": [[12.63952, 64.50765], [12.63803, 64.50734]]}, "properties": {"P": 31.52, "tau": 40.26, "tau_c": 127.42, "omega": 40.33, "M": 0.32, "D": 0.0, "R": 0.03, "sving": 0.26, "os": 0.12, "foss": 1.0, "juv": 0.0, "B": 0.7, "Q": 1.43, "w": 10.66, "h": 0.13, "S": 0.0306, "elv": "Brusvasselva", "km": 1.9}}, {"type": "Feature", "geometry": {"type": "LineString", "coordinates": [[12.63803, 64.50734], [12.63682, 64.50667]]}, "properties": {"P": 21.21, "tau": 36.12, "tau_c": 118.18, "omega": 34.49, "M": 0.31, "D": 0.03, "R": 0.03, "sving": 0.01, "os": 0.14, "foss": 0.72, "juv": 0.0, "B": 0.7, "Q": 1.43, "w": 10.73, "h": 0.14, "S": 0.02633, "elv": "Brusvasselva", "km": 2.0}}, {"type": "Feature", "geometry": {"type": "LineString", "coordinates": [[12.63682, 64.50667], [12.63641, 64.50592]]}, "properties": {"P": 39.42, "tau": 35.64, "tau_c": 117.28, "omega": 33.83, "M": 0.3, "D": 0.09, "R": 0.03, "sving": 0.44, "os": 0.2, "foss": 1.0, "juv": 0.0, "B": 0.7, "Q": 1.43, "w": 10.77, "h": 0.14, "S": 0.02593, "elv": "Brusvasselva", "km": 2.1}}, {"type": "Feature", "geometry": {"type": "LineString", "coordinates": [[12.63603, 64.50442], [12.63726, 64.50398]]}, "properties": {"P": 45.0, "tau": 68.17, "tau_c": 119.63, "omega": 98.9, "M": 0.57, "D": -0.0, "R": 0.27, "sving": 0.11, "os": 0.59, "foss": 0.51, "juv": 0.0, "B": 0.86, "Q": 6.92, "w": 18.51, "h": 0.26, "S": 0.02697, "elv": "Brusvasselva", "km": 2.4}}, {"type": "Feature", "geometry": {"type": "LineString", "coordinates": [[12.63726, 64.50398], [12.63734, 64.50328]]}, "properties": {"P": 44.81, "tau": 46.57, "tau_c": 96.42, "omega": 56.39, "M": 0.48, "D": 0.11, "R": 0.17, "sving": 0.0, "os": 0.86, "foss": 0.37, "juv": 0.0, "B": 0.86, "Q": 6.92, "w": 21.09, "h": 0.27, "S": 0.01752, "elv": "Brusvasselva", "km": 2.5}}, {"type": "Feature", "geometry": {"type": "LineString", "coordinates": [[12.6716, 64.45913], [12.67065, 64.45834]]}, "properties": {"P": 18.24, "tau": 80.0, "tau_c": 259.54, "omega": 100.26, "M": 0.31, "D": 0.08, "R": 0.03, "sving": 0.15, "os": 0.17, "foss": 0.51, "juv": 0.0, "B": 0.59, "Q": 0.51, "w": 6.35, "h": 0.06, "S": 0.12696, "elv": "Langtjønnbekken", "km": 2.5}}, {"type": "Feature", "geometry": {"type": "LineString", "coordinates": [[12.66147, 64.55113], [12.66019, 64.55124]]}, "properties": {"P": 57.57, "tau": 148.08, "tau_c": 132.1, "omega": 348.88, "M": 1.12, "D": 0.0, "R": 0.89, "sving": 0.07, "os": 0.1, "foss": 0.37, "juv": 0.0, "B": 0.91, "Q": 37.22, "w": 34.42, "h": 0.46, "S": 0.03289, "elv": "Olabekken", "km": 2.1}}, {"type": "Feature", "geometry": {"type": "LineString", "coordinates": [[12.66019, 64.55124], [12.65931, 64.55069]]}, "properties": {"P": 84.69, "tau": 105.51, "tau_c": 115.58, "omega": 208.34, "M": 0.91, "D": 0.07, "R": 0.71, "sving": 0.59, "os": 0.09, "foss": 1.0, "juv": 0.0, "B": 0.91, "Q": 37.27, "w": 44.19, "h": 0.43, "S": 0.02518, "elv": "Olabekken", "km": 2.2}}, {"type": "Feature", "geometry": {"type": "LineString", "coordinates": [[12.81118, 64.5461], [12.81059, 64.54542]]}, "properties": {"P": 32.91, "tau": 87.86, "tau_c": 165.44, "omega": 135.45, "M": 0.53, "D": 0.0, "R": 0.22, "sving": 0.6, "os": 0.5, "foss": 0.51, "juv": 0.0, "B": 0.53, "Q": 3.25, "w": 12.13, "h": 0.17, "S": 0.05159, "elv": "bekk", "km": 0.9}}, {"type": "Feature", "geometry": {"type": "LineString", "coordinates": [[12.84702, 64.48587], [12.8484, 64.48537]]}, "properties": {"P": 36.36, "tau": 91.32, "tau_c": 195.02, "omega": 136.94, "M": 0.47, "D": 0.0, "R": 0.15, "sving": 0.34, "os": 0.0, "foss": 1.0, "juv": 0.0, "B": 0.73, "Q": 1.93, "w": 9.92, "h": 0.13, "S": 0.07169, "elv": "bekk", "km": 0.1}}, {"type": "Feature", "geometry": {"type": "LineString", "coordinates": [[12.8484, 64.48537], [12.84749, 64.48459]]}, "properties": {"P": 34.98, "tau": 105.53, "tau_c": 228.21, "omega": 166.1, "M": 0.46, "D": 0.0, "R": 0.15, "sving": 0.28, "os": 0.0, "foss": 1.0, "juv": 0.0, "B": 0.73, "Q": 1.94, "w": 11.24, "h": 0.11, "S": 0.09816, "elv": "bekk", "km": 0.2}}, {"type": "Feature", "geometry": {"type": "LineString", "coordinates": [[12.84749, 64.48459], [12.84644, 64.48383]]}, "properties": {"P": 45.53, "tau": 97.37, "tau_c": 225.54, "omega": 146.11, "M": 0.43, "D": 0.03, "R": 0.12, "sving": 0.76, "os": 0.0, "foss": 1.0, "juv": 0.0, "B": 0.73, "Q": 1.95, "w": 12.56, "h": 0.1, "S": 0.09587, "elv": "bekk", "km": 0.3}}, {"type": "Feature", "geometry": {"type": "LineString", "coordinates": [[12.84644, 64.48383], [12.84526, 64.48311]]}, "properties": {"P": 34.27, "tau": 91.65, "tau_c": 215.98, "omega": 133.98, "M": 0.42, "D": 0.04, "R": 0.11, "sving": 0.26, "os": 0.0, "foss": 1.0, "juv": 0.0, "B": 0.73, "Q": 1.96, "w": 12.59, "h": 0.11, "S": 0.08792, "elv": "bekk", "km": 0.4}}, {"type": "Feature", "geometry": {"type": "LineString", "coordinates": [[12.84526, 64.48311], [12.84338, 64.48274]]}, "properties": {"P": 32.37, "tau": 89.7, "tau_c": 212.39, "omega": 129.98, "M": 0.42, "D": 0.05, "R": 0.11, "sving": 0.16, "os": 0.0, "foss": 1.0, "juv": 0.0, "B": 0.73, "Q": 1.97, "w": 12.61, "h": 0.11, "S": 0.08502, "elv": "bekk", "km": 0.5}}, {"type": "Feature", "geometry": {"type": "LineString", "coordinates": [[12.84338, 64.48274], [12.84148, 64.48239]]}, "properties": {"P": 25.83, "tau": 91.5, "tau_c": 215.21, "omega": 133.76, "M": 0.43, "D": 0.07, "R": 0.11, "sving": 0.13, "os": 0.0, "foss": 0.72, "juv": 0.0, "B": 0.73, "Q": 1.97, "w": 12.62, "h": 0.11, "S": 0.08729, "elv": "bekk", "km": 0.6}}, {"type": "Feature", "geometry": {"type": "LineString", "coordinates": [[12.84148, 64.48239], [12.83982, 64.4819]]}, "properties": {"P": 40.5, "tau": 81.79, "tau_c": 198.68, "omega": 113.89, "M": 0.41, "D": 0.14, "R": 0.1, "sving": 0.42, "os": 0.0, "foss": 1.0, "juv": 0.0, "B": 0.73, "Q": 1.97, "w": 12.64, "h": 0.11, "S": 0.0744, "elv": "bekk", "km": 0.7}}, {"type": "Feature", "geometry": {"type": "LineString", "coordinates": [[12.83982, 64.4819], [12.83928, 64.48106]]}, "properties": {"P": 36.01, "tau": 61.53, "tau_c": 162.1, "omega": 75.74, "M": 0.38, "D": 0.14, "R": 0.07, "sving": 0.27, "os": 0.0, "foss": 1.0, "juv": 0.0, "B": 0.73, "Q": 1.97, "w": 12.65, "h": 0.13, "S": 0.04952, "elv": "bekk", "km": 0.8}}, {"type": "Feature", "geometry": {"type": "LineString", "coordinates": [[12.83928, 64.48106], [12.83923, 64.48017]]}, "properties": {"P": 22.38, "tau": 54.4, "tau_c": 148.19, "omega": 63.51, "M": 0.37, "D": 0.09, "R": 0.06, "sving": 0.03, "os": 0.0, "foss": 0.72, "juv": 0.0, "B": 0.73, "Q": 1.98, "w": 12.66, "h": 0.13, "S": 0.04139, "elv": "bekk", "km": 0.9}}, {"type": "Feature", "geometry": {"type": "LineString", "coordinates": [[12.83923, 64.48017], [12.83844, 64.47948]]}, "properties": {"P": 29.07, "tau": 75.42, "tau_c": 187.14, "omega": 101.44, "M": 0.4, "D": 0.02, "R": 0.09, "sving": 0.09, "os": 0.0, "foss": 1.0, "juv": 0.0, "B": 0.73, "Q": 1.98, "w": 12.67, "h": 0.12, "S": 0.06601, "elv": "bekk", "km": 1.0}}, {"type": "Feature", "geometry": {"type": "LineString", "coordinates": [[12.83844, 64.47948], [12.83684, 64.47909]]}, "properties": {"P": 31.98, "tau": 87.26, "tau_c": 207.8, "omega": 125.02, "M": 0.42, "D": -0.0, "R": 0.11, "sving": 0.22, "os": 0.0, "foss": 1.0, "juv": 0.0, "B": 0.73, "Q": 1.99, "w": 12.68, "h": 0.11, "S": 0.08139, "elv": "bekk", "km": 1.1}}, {"type": "Feature", "geometry": {"type": "LineString", "coordinates": [[12.83684, 64.47909], [12.83581, 64.47832]]}, "properties": {"P": 29.82, "tau": 96.49, "tau_c": 223.31, "omega": 144.39, "M": 0.43, "D": -0.0, "R": 0.12, "sving": 0.11, "os": 0.0, "foss": 1.0, "juv": 0.0, "B": 0.73, "Q": 1.99, "w": 12.68, "h": 0.1, "S": 0.09399, "elv": "bekk", "km": 1.2}}, {"type": "Feature", "geometry": {"type": "LineString", "coordinates": [[12.83581, 64.47832], [12.83463, 64.47759]]}, "properties": {"P": 31.53, "tau": 116.23, "tau_c": 255.15, "omega": 188.53, "M": 0.46, "D": -0.0, "R": 0.14, "sving": 0.14, "os": 0.0, "foss": 1.0, "juv": 0.0, "B": 0.73, "Q": 1.99, "w": 12.69, "h": 0.1, "S": 0.12271, "elv": "bekk", "km": 1.3}}, {"type": "Feature", "geometry": {"type": "LineString", "coordinates": [[12.83463, 64.47759], [12.83324, 64.47693]]}, "properties": {"P": 33.36, "tau": 146.5, "tau_c": 301.13, "omega": 262.62, "M": 0.49, "D": -0.0, "R": 0.17, "sving": 0.17, "os": 0.0, "foss": 1.0, "juv": 0.0, "B": 0.73, "Q": 1.99, "w": 12.69, "h": 0.09, "S": 0.17091, "elv": "bekk", "km": 1.4}}, {"type": "Feature", "geometry": {"type": "LineString", "coordinates": [[12.83324, 64.47693], [12.83196, 64.47625]]}, "properties": {"P": 33.18, "tau": 161.68, "tau_c": 324.09, "omega": 302.16, "M": 0.5, "D": -0.0, "R": 0.19, "sving": 0.14, "os": 0.0, "foss": 1.0, "juv": 0.0, "B": 0.73, "Q": 1.99, "w": 12.78, "h": 0.08, "S": 0.19797, "elv": "bekk", "km": 1.5}}, {"type": "Feature", "geometry": {"type": "LineString", "coordinates": [[12.83196, 64.47625], [12.83025, 64.47575]]}, "properties": {"P": 32.79, "tau": 164.87, "tau_c": 329.6, "omega": 310.47, "M": 0.5, "D": -0.0, "R": 0.19, "sving": 0.12, "os": 0.0, "foss": 1.0, "juv": 0.0, "B": 0.73, "Q": 1.99, "w": 12.87, "h": 0.08, "S": 0.20476, "elv": "bekk", "km": 1.6}}, {"type": "Feature", "geometry": {"type": "LineString", "coordinates": [[12.78491, 64.46867], [12.78452, 64.46813]]}, "properties": {"P": 41.39, "tau": 101.73, "tau_c": 186.73, "omega": 166.64, "M": 0.54, "D": 0.0, "R": 0.24, "sving": 0.19, "os": 0.08, "foss": 1.0, "juv": 0.0, "B": 0.79, "Q": 3.48, "w": 13.48, "h": 0.16, "S": 0.06572, "elv": "Finnbuelva", "km": 0.6}}, {"type": "Feature", "geometry": {"type": "LineString", "coordinates": [[12.78452, 64.46813], [12.78454, 64.46734]]}, "properties": {"P": 48.54, "tau": 129.81, "tau_c": 233.69, "omega": 233.11, "M": 0.56, "D": 0.0, "R": 0.25, "sving": 0.48, "os": 0.06, "foss": 1.0, "juv": 0.0, "B": 0.79, "Q": 3.5, "w": 15.17, "h": 0.13, "S": 0.10293, "elv": "Finnbuelva", "km": 0.7}}, {"type": "Feature", "geometry": {"type": "LineString", "coordinates": [[12.78454, 64.46734], [12.78493, 64.46665]]}, "properties": {"P": 30.26, "tau": 109.02, "tau_c": 215.68, "omega": 179.21, "M": 0.51, "D": 0.03, "R": 0.19, "sving": 0.13, "os": 0.0, "foss": 0.73, "juv": 0.0, "B": 0.79, "Q": 3.51, "w": 16.85, "h": 0.13, "S": 0.08768, "elv": "Finnbuelva", "km": 0.8}}, {"type": "Feature", "geometry": {"type": "LineString", "coordinates": [[12.78493, 64.46665], [12.78336, 64.46623]]}, "properties": {"P": 48.27, "tau": 128.25, "tau_c": 242.39, "omega": 226.12, "M": 0.53, "D": 0.03, "R": 0.22, "sving": 0.54, "os": 0.0, "foss": 1.0, "juv": 0.0, "B": 0.79, "Q": 3.51, "w": 16.87, "h": 0.12, "S": 0.11074, "elv": "Finnbuelva", "km": 0.9}}, {"type": "Feature", "geometry": {"type": "LineString", "coordinates": [[12.78336, 64.46623], [12.7821, 64.46553]]}, "properties": {"P": 48.58, "tau": 111.36, "tau_c": 218.97, "omega": 184.77, "M": 0.51, "D": 0.04, "R": 0.2, "sving": 0.64, "os": 0.0, "foss": 0.94, "juv": 0.0, "B": 0.79, "Q": 3.52, "w": 16.88, "h": 0.13, "S": 0.09037, "elv": "Finnbuelva", "km": 1.0}}, {"type": "Feature", "geometry": {"type": "LineString", "coordinates": [[12.7821, 64.46553], [12.78023, 64.46542]]}, "properties": {"P": 36.76, "tau": 110.05, "tau_c": 217.15, "omega": 181.65, "M": 0.51, "D": 0.04, "R": 0.19, "sving": 0.1, "os": 0.0, "foss": 1.0, "juv": 0.0, "B": 0.79, "Q": 3.52, "w": 16.9, "h": 0.13, "S": 0.08887, "elv": "Finnbuelva", "km": 1.1}}, {"type": "Feature", "geometry": {"type": "LineString", "coordinates": [[12.78023, 64.46542], [12.77821, 64.46533]]}, "properties": {"P": 42.65, "tau": 118.26, "tau_c": 228.35, "omega": 201.44, "M": 0.52, "D": 0.04, "R": 0.21, "sving": 0.32, "os": 0.0, "foss": 1.0, "juv": 0.0, "B": 0.79, "Q": 3.53, "w": 16.92, "h": 0.12, "S": 0.09829, "elv": "Finnbuelva", "km": 1.2}}, {"type": "Feature", "geometry": {"type": "LineString", "coordinates": [[12.77821, 64.46533], [12.77622, 64.46508]]}, "properties": {"P": 35.15, "tau": 91.34, "tau_c": 189.72, "omega": 139.16, "M": 0.48, "D": 0.1, "R": 0.17, "sving": 0.29, "os": 0.0, "foss": 0.72, "juv": 0.0, "B": 0.79, "Q": 3.54, "w": 16.94, "h": 0.14, "S": 0.06784, "elv": "Finnbuelva", "km": 1.3}}, {"type": "Feature", "geometry": {"type": "LineString", "coordinates": [[12.77622, 64.46508], [12.77414, 64.46502]]}, "properties": {"P": 49.44, "tau": 121.3, "tau_c": 232.2, "omega": 209.01, "M": 0.52, "D": 0.14, "R": 0.21, "sving": 0.45, "os": 0.0, "foss": 1.0, "juv": 0.0, "B": 0.79, "Q": 3.56, "w": 16.96, "h": 0.12, "S": 0.10163, "elv": "Finnbuelva", "km": 1.4}}, {"type": "Feature", "geometry": {"type": "LineString", "coordinates": [[12.77414, 64.46502], [12.77289, 64.46435]]}, "properties": {"P": 42.32, "tau": 65.27, "tau_c": 204.01, "omega": 78.17, "M": 0.32, "D": 0.14, "R": 0.04, "sving": 0.39, "os": 0.07, "foss": 1.0, "juv": 0.0, "B": 0.79, "Q": 3.56, "w": 35.0, "h": 0.08, "S": 0.07845, "elv": "Finnbuelva", "km": 1.5}}, {"type": "Feature", "geometry": {"type": "LineString", "coordinates": [[12.81954, 64.47555], [12.81948, 64.47469]]}, "properties": {"P": 37.63, "tau": 116.18, "tau_c": 222.99, "omega": 195.89, "M": 0.52, "D": -0.0, "R": 0.21, "sving": 0.47, "os": 0.07, "foss": 0.72, "juv": 0.0, "B": 0.74, "Q": 2.23, "w": 10.46, "h": 0.13, "S": 0.09372, "elv": "bekk", "km": 1.4}}, {"type": "Feature", "geometry": {"type": "LineString", "coordinates": [[12.85798, 64.4765], [12.85593, 64.47642]]}, "properties": {"P": 12.83, "tau": 63.01, "tau_c": 183.29, "omega": 75.61, "M": 0.34, "D": 0.0, "R": 0.05, "sving": 0.17, "os": 0.61, "foss": 0.0, "juv": 0.0, "B": 0.47, "Q": 1.2, "w": 9.86, "h": 0.1, "S": 0.06332, "elv": "Nordelva", "km": 0.1}}, {"type": "Feature", "geometry": {"type": "LineString", "coordinates": [[12.85593, 64.47642], [12.85392, 64.47632]]}, "properties": {"P": 9.13, "tau": 63.33, "tau_c": 183.95, "omega": 76.15, "M": 0.34, "D": 0.0, "R": 0.05, "sving": 0.15, "os": 0.37, "foss": 0.0, "juv": 0.0, "B": 0.48, "Q": 1.2, "w": 9.86, "h": 0.1, "S": 0.06378, "elv": "Nordelva", "km": 0.2}}, {"type": "Feature", "geometry": {"type": "LineString", "coordinates": [[12.85392, 64.47632], [12.85188, 64.47646]]}, "properties": {"P": 21.72, "tau": 56.4, "tau_c": 169.28, "omega": 64.49, "M": 0.33, "D": 0.0, "R": 0.04, "sving": 0.11, "os": 0.23, "foss": 1.0, "juv": 0.0, "B": 0.49, "Q": 1.2, "w": 9.86, "h": 0.11, "S": 0.05401, "elv": "Nordelva", "km": 0.3}}, {"type": "Feature", "geometry": {"type": "LineString", "coordinates": [[12.85188, 64.47646], [12.84994, 64.47664]]}, "properties": {"P": 23.95, "tau": 62.29, "tau_c": 181.79, "omega": 74.38, "M": 0.34, "D": 0.0, "R": 0.05, "sving": 0.32, "os": 0.14, "foss": 1.0, "juv": 0.0, "B": 0.49, "Q": 1.2, "w": 9.86, "h": 0.1, "S": 0.06229, "elv": "Nordelva", "km": 0.4}}, {"type": "Feature", "geometry": {"type": "LineString", "coordinates": [[12.84994, 64.47664], [12.84803, 64.47629]]}, "properties": {"P": 20.28, "tau": 85.18, "tau_c": 227.48, "omega": 116.46, "M": 0.37, "D": 0.0, "R": 0.07, "sving": 0.37, "os": 0.09, "foss": 0.72, "juv": 0.0, "B": 0.5, "Q": 1.2, "w": 9.86, "h": 0.09, "S": 0.09753, "elv": "Nordelva", "km": 0.5}}, {"type": "Feature", "geometry": {"type": "LineString", "coordinates": [[12.84803, 64.47629], [12.84691, 64.4756]]}, "properties": {"P": 19.67, "tau": 88.28, "tau_c": 233.38, "omega": 122.59, "M": 0.38, "D": 0.03, "R": 0.07, "sving": 0.02, "os": 0.06, "foss": 1.0, "juv": 0.0, "B": 0.51, "Q": 1.2, "w": 9.86, "h": 0.09, "S": 0.10266, "elv": "Nordelva", "km": 0.6}}, {"type": "Feature", "geometry": {"type": "LineString", "coordinates": [[12.84691, 64.4756], [12.84559, 64.47498]]}, "properties": {"P": 22.7, "tau": 74.45, "tau_c": 206.55, "omega": 96.02, "M": 0.36, "D": 0.07, "R": 0.06, "sving": 0.22, "os": 0.0, "foss": 1.0, "juv": 0.0, "B": 0.51, "Q": 1.2, "w": 9.86, "h": 0.09, "S": 0.08041, "elv": "Nordelva", "km": 0.7}}, {"type": "Feature", "geometry": {"type": "LineString", "coordinates": [[12.84559, 64.47498], [12.84354, 64.47512]]}, "properties": {"P": 26.35, "tau": 69.23, "tau_c": 196.08, "omega": 86.53, "M": 0.35, "D": 0.07, "R": 0.05, "sving": 0.43, "os": 0.0, "foss": 1.0, "juv": 0.0, "B": 0.52, "Q": 1.2, "w": 9.86, "h": 0.1, "S": 0.07247, "elv": "Nordelva", "km": 0.8}}, {"type": "Feature", "geometry": {"type": "LineString", "coordinates": [[12.84354, 64.47512], [12.84151, 64.47529]]}, "properties": {"P": 25.45, "tau": 70.3, "tau_c": 198.24, "omega": 88.45, "M": 0.35, "D": 0.08, "R": 0.06, "sving": 0.35, "os": 0.0, "foss": 1.0, "juv": 0.0, "B": 0.52, "Q": 1.2, "w": 9.86, "h": 0.1, "S": 0.07407, "elv": "Nordelva", "km": 0.9}}, {"type": "Feature", "geometry": {"type": "LineString", "coordinates": [[12.84151, 64.47529], [12.83949, 64.47546]]}, "properties": {"P": 18.18, "tau": 72.83, "tau_c": 203.33, "omega": 93.04, "M": 0.36, "D": 0.1, "R": 0.06, "sving": 0.08, "os": 0.07, "foss": 0.72, "juv": 0.0, "B": 0.53, "Q": 1.2, "w": 9.86, "h": 0.1, "S": 0.07792, "elv": "Nordelva", "km": 1.0}}, {"type": "Feature", "geometry": {"type": "LineString", "coordinates": [[12.83949, 64.47546], [12.83744, 64.47555]]}, "properties": {"P": 19.16, "tau": 49.27, "tau_c": 153.65, "omega": 53.13, "M": 0.32, "D": 0.18, "R": 0.04, "sving": 0.21, "os": 0.11, "foss": 0.51, "juv": 0.0, "B": 0.53, "Q": 1.2, "w": 9.86, "h": 0.11, "S": 0.0445, "elv": "Nordelva", "km": 1.1}}, {"type": "Feature", "geometry": {"type": "LineString", "coordinates": [[12.83744, 64.47555], [12.83541, 64.47549]]}, "properties": {"P": 25.62, "tau": 48.89, "tau_c": 152.79, "omega": 52.54, "M": 0.32, "D": 0.18, "R": 0.04, "sving": 0.03, "os": 0.18, "foss": 1.0, "juv": 0.0, "B": 0.54, "Q": 1.2, "w": 9.86, "h": 0.11, "S": 0.044, "elv": "Nordelva", "km": 1.2}}, {"type": "Feature", "geometry": {"type": "LineString", "coordinates": [[12.83541, 64.47549], [12.83367, 64.47519]]}, "properties": {"P": 23.16, "tau": 40.3, "tau_c": 133.04, "omega": 39.83, "M": 0.3, "D": 0.18, "R": 0.03, "sving": 0.05, "os": 0.3, "foss": 0.72, "juv": 0.0, "B": 0.54, "Q": 1.2, "w": 9.86, "h": 0.12, "S": 0.03336, "elv": "Nordelva", "km": 1.3}}, {"type": "Feature", "geometry": {"type": "LineString", "coordinates": [[12.82957, 64.47526], [12.82754, 64.47512]]}, "properties": {"P": 32.09, "tau": 31.88, "tau_c": 95.02, "omega": 30.0, "M": 0.34, "D": 0.16, "R": 0.04, "sving": 0.08, "os": 0.81, "foss": 0.51, "juv": 0.0, "B": 0.6, "Q": 2.13, "w": 11.85, "h": 0.19, "S": 0.01702, "elv": "Nordelva", "km": 1.6}}, {"type": "Feature", "geometry": {"type": "LineString", "coordinates": [[12.82754, 64.47512], [12.82546, 64.47516]]}, "properties": {"P": 25.01, "tau": 24.94, "tau_c": 81.49, "omega": 20.97, "M": 0.31, "D": 0.24, "R": 0.03, "sving": 0.08, "os": 0.49, "foss": 0.37, "juv": 0.0, "B": 0.61, "Q": 2.14, "w": 12.55, "h": 0.2, "S": 0.01252, "elv": "Nordelva", "km": 1.7}}, {"type": "Feature", "geometry": {"type": "LineString", "coordinates": [[12.80078, 64.47533], [12.79897, 64.47535]]}, "properties": {"P": 6.48, "tau": 36.87, "tau_c": 106.61, "omega": 36.98, "M": 0.35, "D": -0.0, "R": 0.05, "sving": 0.22, "os": 0.0, "foss": 0.0, "juv": 0.0, "B": 0.67, "Q": 2.51, "w": 14.26, "h": 0.18, "S": 0.02142, "elv": "Nordelva", "km": 3.1}}, {"type": "Feature", "geometry": {"type": "LineString", "coordinates": [[12.79897, 64.47535], [12.79722, 64.47488]]}, "properties": {"P": 12.63, "tau": 47.26, "tau_c": 127.37, "omega": 52.8, "M": 0.37, "D": -0.0, "R": 0.07, "sving": 0.49, "os": 0.0, "foss": 0.0, "juv": 0.0, "B": 0.67, "Q": 2.51, "w": 14.26, "h": 0.16, "S": 0.03058, "elv": "Nordelva", "km": 3.2}}, {"type": "Feature", "geometry": {"type": "LineString", "coordinates": [[12.79722, 64.47488], [12.79586, 64.47424]]}, "properties": {"P": 31.86, "tau": 56.1, "tau_c": 144.03, "omega": 67.51, "M": 0.39, "D": -0.0, "R": 0.08, "sving": 0.36, "os": 0.0, "foss": 1.0, "juv": 0.0, "B": 0.68, "Q": 2.51, "w": 14.26, "h": 0.15, "S": 0.0391, "elv": "Nordelva", "km": 3.3}}, {"type": "Feature", "geometry": {"type": "LineString", "coordinates": [[12.79586, 64.47424], [12.79502, 64.47342]]}, "properties": {"P": 27.33, "tau": 58.8, "tau_c": 148.98, "omega": 72.22, "M": 0.39, "D": 0.0, "R": 0.08, "sving": 0.13, "os": 0.0, "foss": 1.0, "juv": 0.0, "B": 0.68, "Q": 2.51, "w": 14.26, "h": 0.14, "S": 0.04183, "elv": "Nordelva", "km": 3.4}}, {"type": "Feature", "geometry": {"type": "LineString", "coordinates": [[12.79502, 64.47342], [12.79385, 64.47272]]}, "properties": {"P": 37.36, "tau": 57.89, "tau_c": 147.31, "omega": 70.61, "M": 0.39, "D": 0.05, "R": 0.08, "sving": 0.54, "os": 0.0, "foss": 1.0, "juv": 0.0, "B": 0.68, "Q": 2.51, "w": 14.26, "h": 0.14, "S": 0.0409, "elv": "Nordelva", "km": 3.5}}, {"type": "Feature", "geometry": {"type": "LineString", "coordinates": [[12.79385, 64.47272], [12.79188, 64.47255]]}, "properties": {"P": 33.05, "tau": 54.29, "tau_c": 140.69, "omega": 64.42, "M": 0.39, "D": 0.13, "R": 0.08, "sving": 0.52, "os": 0.0, "foss": 0.72, "juv": 0.0, "B": 0.68, "Q": 2.51, "w": 14.26, "h": 0.15, "S": 0.03731, "elv": "Nordelva", "km": 3.6}}, {"type": "Feature", "geometry": {"type": "LineString", "coordinates": [[12.79188, 64.47255], [12.79021, 64.47305]]}, "properties": {"P": 28.73, "tau": 41.31, "tau_c": 115.66, "omega": 43.53, "M": 0.36, "D": 0.25, "R": 0.06, "sving": 0.38, "os": 0.0, "foss": 0.51, "juv": 0.0, "B": 0.69, "Q": 2.51, "w": 14.26, "h": 0.17, "S": 0.02521, "elv": "Nordelva", "km": 3.7}}, {"type": "Feature", "geometry": {"type": "LineString", "coordinates": [[12.79021, 64.47305], [12.78829, 64.47324]]}, "properties": {"P": 21.15, "tau": 29.98, "tau_c": 91.91, "omega": 27.49, "M": 0.33, "D": 0.35, "R": 0.04, "sving": 0.08, "os": 0.0, "foss": 0.37, "juv": 0.0, "B": 0.69, "Q": 2.51, "w": 14.26, "h": 0.19, "S": 0.01592, "elv": "Nordelva", "km": 3.8}}, {"type": "Feature", "geometry": {"type": "LineString", "coordinates": [[12.83546, 64.53442], [12.83594, 64.53527]]}, "properties": {"P": 25.53, "tau": 103.55, "tau_c": 207.36, "omega": 166.35, "M": 0.5, "D": 0.0, "R": 0.19, "sving": 1.0, "os": 0.05, "foss": 1.0, "juv": 0.0, "B": 0.34, "Q": 3.05, "w": 14.57, "h": 0.13, "S": 0.08104, "elv": "Holmtjønnelva", "km": 0.0}}, {"type": "Feature", "geometry": {"type": "LineString", "coordinates": [[12.83594, 64.53527], [12.83466, 64.53582]]}, "properties": {"P": 30.92, "tau": 115.85, "tau_c": 224.7, "omega": 195.37, "M": 0.52, "D": 0.0, "R": 0.21, "sving": 0.54, "os": 0.0, "foss": 1.0, "juv": 0.0, "B": 0.52, "Q": 3.05, "w": 14.58, "h": 0.12, "S": 0.09517, "elv": "Holmtjønnelva", "km": 0.1}}, {"type": "Feature", "geometry": {"type": "LineString", "coordinates": [[12.83466, 64.53582], [12.83272, 64.53613]]}, "properties": {"P": 25.09, "tau": 131.89, "tau_c": 246.41, "omega": 235.31, "M": 0.54, "D": 0.0, "R": 0.23, "sving": 0.14, "os": 0.0, "foss": 1.0, "juv": 0.0, "B": 0.52, "Q": 3.06, "w": 14.59, "h": 0.12, "S": 0.11445, "elv": "Holmtjønnelva", "km": 0.2}}, {"type": "Feature", "geometry": {"type": "LineString", "coordinates": [[12.83272, 64.53613], [12.83122, 64.53672]]}, "properties": {"P": 23.49, "tau": 134.41, "tau_c": 249.83, "omega": 241.77, "M": 0.54, "D": 0.0, "R": 0.23, "sving": 0.04, "os": 0.0, "foss": 1.0, "juv": 0.0, "B": 0.52, "Q": 3.06, "w": 14.6, "h": 0.12, "S": 0.11764, "elv": "Holmtjønnelva", "km": 0.3}}, {"type": "Feature", "geometry": {"type": "LineString", "coordinates": [[12.83122, 64.53672], [12.83094, 64.53759]]}, "properties": {"P": 26.06, "tau": 151.32, "tau_c": 271.7, "omega": 286.58, "M": 0.56, "D": 0.0, "R": 0.26, "sving": 0.15, "os": 0.0, "foss": 1.0, "juv": 0.0, "B": 0.52, "Q": 3.07, "w": 14.6, "h": 0.11, "S": 0.13914, "elv": "Holmtjønnelva", "km": 0.4}}, {"type": "Feature", "geometry": {"type": "LineString", "coordinates": [[12.83094, 64.53759], [12.82963, 64.53828]]}, "properties": {"P": 25.52, "tau": 146.86, "tau_c": 275.27, "omega": 271.8, "M": 0.53, "D": 0.0, "R": 0.23, "sving": 0.17, "os": 0.0, "foss": 1.0, "juv": 0.0, "B": 0.52, "Q": 3.07, "w": 15.81, "h": 0.1, "S": 0.14282, "elv": "Holmtjønnelva", "km": 0.5}}, {"type": "Feature", "geometry": {"type": "LineString", "coordinates": [[12.82963, 64.53828], [12.82814, 64.53891]]}, "properties": {"P": 23.08, "tau": 154.67, "tau_c": 286.11, "omega": 292.6, "M": 0.54, "D": 0.0, "R": 0.24, "sving": 0.01, "os": 0.0, "foss": 1.0, "juv": 0.0, "B": 0.52, "Q": 3.07, "w": 15.87, "h": 0.1, "S": 0.15429, "elv": "Holmtjønnelva", "km": 0.6}}, {"type": "Feature", "geometry": {"type": "LineString", "coordinates": [[12.82814, 64.53891], [12.8274, 64.53972]]}, "properties": {"P": 24.31, "tau": 161.7, "tau_c": 291.58, "omega": 313.11, "M": 0.55, "D": 0.01, "R": 0.25, "sving": 0.04, "os": 0.0, "foss": 1.0, "juv": 0.0, "B": 0.53, "Q": 3.17, "w": 15.92, "h": 0.1, "S": 0.16025, "elv": "Holmtjønnelva", "km": 0.7}}, {"type": "Feature", "geometry": {"type": "LineString", "coordinates": [[12.8274, 64.53972], [12.82707, 64.5406]]}, "properties": {"P": 24.82, "tau": 152.29, "tau_c": 279.71, "omega": 287.22, "M": 0.54, "D": 0.04, "R": 0.24, "sving": 0.05, "os": 0.0, "foss": 1.0, "juv": 0.0, "B": 0.53, "Q": 3.17, "w": 15.98, "h": 0.11, "S": 0.14746, "elv": "Holmtjønnelva", "km": 0.8}}, {"type": "Feature", "geometry": {"type": "LineString", "coordinates": [[12.82707, 64.5406], [12.82597, 64.54132]]}, "properties": {"P": 26.79, "tau": 147.2, "tau_c": 273.39, "omega": 273.46, "M": 0.54, "D": 0.07, "R": 0.23, "sving": 0.14, "os": 0.0, "foss": 1.0, "juv": 0.0, "B": 0.53, "Q": 3.17, "w": 16.03, "h": 0.11, "S": 0.14087, "elv": "Holmtjønnelva", "km": 0.9}}, {"type": "Feature", "geometry": {"type": "LineString", "coordinates": [[12.82597, 64.54132], [12.82477, 64.54199]]}, "properties": {"P": 33.94, "tau": 134.4, "tau_c": 256.13, "omega": 240.07, "M": 0.52, "D": 0.11, "R": 0.22, "sving": 0.55, "os": 0.0, "foss": 1.0, "juv": 0.0, "B": 0.53, "Q": 3.17, "w": 16.03, "h": 0.11, "S": 0.12365, "elv": "Holmtjønnelva", "km": 1.0}}, {"type": "Feature", "geometry": {"type": "LineString", "coordinates": [[12.82477, 64.54199], [12.82356, 64.54255]]}, "properties": {"P": 25.98, "tau": 119.2, "tau_c": 235.03, "omega": 202.16, "M": 0.51, "D": 0.13, "R": 0.2, "sving": 0.07, "os": 0.0, "foss": 1.0, "juv": 0.0, "B": 0.53, "Q": 3.17, "w": 16.03, "h": 0.12, "S": 0.10412, "elv": "Holmtjønnelva", "km": 1.1}}, {"type": "Feature", "geometry": {"type": "LineString", "coordinates": [[12.82356, 64.54255], [12.82149, 64.5425]]}, "properties": {"P": 28.17, "tau": 109.69, "tau_c": 221.46, "omega": 179.47, "M": 0.5, "D": 0.14, "R": 0.18, "sving": 0.22, "os": 0.0, "foss": 1.0, "juv": 0.0, "B": 0.53, "Q": 3.17, "w": 16.03, "h": 0.12, "S": 0.09244, "elv": "Holmtjønnelva", "km": 1.2}}, {"type": "Feature", "geometry": {"type": "LineString", "coordinates": [[12.82149, 64.5425], [12.82034, 64.54302]]}, "properties": {"P": 24.67, "tau": 92.03, "tau_c": 195.27, "omega": 139.57, "M": 0.47, "D": 0.13, "R": 0.16, "sving": 0.01, "os": 0.05, "foss": 1.0, "juv": 0.0, "B": 0.53, "Q": 3.17, "w": 16.04, "h": 0.13, "S": 0.07187, "elv": "Holmtjønnelva", "km": 1.3}}, {"type": "Feature", "geometry": {"type": "LineString", "coordinates": [[12.82034, 64.54302], [12.81841, 64.54332]]}, "properties": {"P": 30.0, "tau": 91.52, "tau_c": 194.49, "omega": 138.47, "M": 0.47, "D": 0.08, "R": 0.15, "sving": 0.38, "os": 0.08, "foss": 1.0, "juv": 0.0, "B": 0.53, "Q": 3.18, "w": 16.04, "h": 0.13, "S": 0.07129, "elv": "Holmtjønnelva", "km": 1.4}}, {"type": "Feature", "geometry": {"type": "LineString", "coordinates": [[12.81841, 64.54332], [12.81699, 64.54395]]}, "properties": {"P": 24.89, "tau": 88.89, "tau_c": 190.45, "omega": 132.81, "M": 0.47, "D": 0.05, "R": 0.15, "sving": 0.06, "os": 0.13, "foss": 1.0, "juv": 0.0, "B": 0.53, "Q": 3.18, "w": 16.04, "h": 0.13, "S": 0.06836, "elv": "Holmtjønnelva", "km": 1.5}}, {"type": "Feature", "geometry": {"type": "LineString", "coordinates": [[12.81699, 64.54395], [12.8158, 64.54466]]}, "properties": {"P": 25.37, "tau": 91.02, "tau_c": 193.69, "omega": 137.38, "M": 0.47, "D": 0.01, "R": 0.15, "sving": 0.06, "os": 0.2, "foss": 1.0, "juv": 0.0, "B": 0.53, "Q": 3.18, "w": 16.04, "h": 0.13, "S": 0.07071, "elv": "Holmtjønnelva", "km": 1.6}}, {"type": "Feature", "geometry": {"type": "LineString", "coordinates": [[12.8158, 64.54466], [12.81425, 64.54515]]}, "properties": {"P": 33.29, "tau": 85.87, "tau_c": 185.77, "omega": 126.39, "M": 0.46, "D": 0.01, "R": 0.15, "sving": 0.46, "os": 0.29, "foss": 1.0, "juv": 0.0, "B": 0.53, "Q": 3.18, "w": 16.04, "h": 0.13, "S": 0.06505, "elv": "Holmtjønnelva", "km": 1.7}}, {"type": "Feature", "geometry": {"type": "LineString", "coordinates": [[12.81425, 64.54515], [12.81224, 64.54531]]}, "properties": {"P": 30.55, "tau": 93.49, "tau_c": 197.43, "omega": 142.77, "M": 0.47, "D": -0.0, "R": 0.16, "sving": 0.15, "os": 0.43, "foss": 1.0, "juv": 0.0, "B": 0.53, "Q": 3.18, "w": 16.05, "h": 0.13, "S": 0.07347, "elv": "Holmtjønnelva", "km": 1.8}}, {"type": "Feature", "geometry": {"type": "LineString", "coordinates": [[12.81224, 64.54531], [12.81042, 64.54495]]}, "properties": {"P": 28.39, "tau": 97.65, "tau_c": 203.67, "omega": 151.97, "M": 0.48, "D": 0.01, "R": 0.16, "sving": 0.03, "os": 0.68, "foss": 0.72, "juv": 0.0, "B": 0.53, "Q": 3.18, "w": 16.05, "h": 0.13, "S": 0.07819, "elv": "Holmtjønnelva", "km": 1.9}}, {"type": "Feature", "geometry": {"type": "LineString", "coordinates": [[12.81042, 64.54495], [12.80887, 64.54536]]}, "properties": {"P": 39.44, "tau": 90.29, "tau_c": 192.55, "omega": 135.82, "M": 0.47, "D": 0.02, "R": 0.15, "sving": 0.18, "os": 0.91, "foss": 1.0, "juv": 0.0, "B": 0.53, "Q": 3.18, "w": 16.05, "h": 0.13, "S": 0.06988, "elv": "Holmtjønnelva", "km": 2.0}}, {"type": "Feature", "geometry": {"type": "LineString", "coordinates": [[12.74022, 64.57356], [12.73858, 64.57304]]}, "properties": {"P": 32.13, "tau": 97.01, "tau_c": 242.6, "omega": 141.2, "M": 0.4, "D": 0.0, "R": 0.09, "sving": 0.51, "os": 0.62, "foss": 1.0, "juv": 0.0, "B": 0.45, "Q": 1.04, "w": 8.0, "h": 0.09, "S": 0.11093, "elv": "Steinåa", "km": 0.1}}, {"type": "Feature", "geometry": {"type": "LineString", "coordinates": [[12.73858, 64.57304], [12.73716, 64.57241]]}, "properties": {"P": 24.6, "tau": 82.95, "tau_c": 223.68, "omega": 111.84, "M": 0.37, "D": 0.09, "R": 0.07, "sving": 0.07, "os": 0.43, "foss": 1.0, "juv": 0.0, "B": 0.45, "Q": 1.04, "w": 8.58, "h": 0.09, "S": 0.0943, "elv": "Steinåa", "km": 0.2}}, {"type": "Feature", "geometry": {"type": "LineString", "coordinates": [[12.73716, 64.57241], [12.73538, 64.57215]]}, "properties": {"P": 32.78, "tau": 72.46, "tau_c": 209.0, "omega": 91.4, "M": 0.35, "D": 0.18, "R": 0.05, "sving": 0.26, "os": 0.68, "foss": 1.0, "juv": 0.0, "B": 0.46, "Q": 1.04, "w": 9.17, "h": 0.09, "S": 0.08233, "elv": "Steinåa", "km": 0.3}}, {"type": "Feature", "geometry": {"type": "LineString", "coordinates": [[12.73538, 64.57215], [12.73461, 64.57137]]}, "properties": {"P": 32.88, "tau": 48.04, "tau_c": 155.77, "omega": 50.69, "M": 0.31, "D": 0.29, "R": 0.03, "sving": 0.16, "os": 0.94, "foss": 0.72, "juv": 0.0, "B": 0.47, "Q": 1.04, "w": 9.18, "h": 0.11, "S": 0.04573, "elv": "Steinåa", "km": 0.4}}, {"type": "Feature", "geometry": {"type": "LineString", "coordinates": [[12.72753, 64.56702], [12.72596, 64.56697]]}, "properties": {"P": 24.87, "tau": 14.24, "tau_c": 46.2, "omega": 9.84, "M": 0.31, "D": 0.12, "R": 0.03, "sving": 0.54, "os": 0.58, "foss": 0.0, "juv": 0.0, "B": 0.6, "Q": 3.51, "w": 14.09, "h": 0.36, "S": 0.00402, "elv": "Steinåa", "km": 1.3}}, {"type": "Feature", "geometry": {"type": "LineString", "coordinates": [[12.6748, 64.57239], [12.6757, 64.57163]]}, "properties": {"P": 23.98, "tau": 69.05, "tau_c": 215.36, "omega": 83.29, "M": 0.32, "D": 0.0, "R": 0.04, "sving": 0.12, "os": 0.62, "foss": 1.0, "juv": 0.0, "B": 0.43, "Q": 0.67, "w": 6.85, "h": 0.08, "S": 0.08742, "elv": "Bjønnengåa", "km": 0.2}}, {"type": "Feature", "geometry": {"type": "LineString", "coordinates": [[12.6757, 64.57163], [12.67594, 64.57078]]}, "properties": {"P": 23.57, "tau": 75.45, "tau_c": 234.24, "omega": 94.07, "M": 0.32, "D": 0.0, "R": 0.04, "sving": 0.08, "os": 0.59, "foss": 1.0, "juv": 0.0, "B": 0.43, "Q": 0.68, "w": 7.3, "h": 0.07, "S": 0.10341, "elv": "Bjønnengåa", "km": 0.3}}, {"type": "Feature", "geometry": {"type": "LineString", "coordinates": [[12.67594, 64.57078], [12.67586, 64.56991]]}, "properties": {"P": 21.0, "tau": 71.71, "tau_c": 228.86, "omega": 87.17, "M": 0.31, "D": 0.0, "R": 0.03, "sving": 0.08, "os": 0.39, "foss": 1.0, "juv": 0.0, "B": 0.44, "Q": 0.7, "w": 7.75, "h": 0.07, "S": 0.09872, "elv": "Bjønnengåa", "km": 0.4}}, {"type": "Feature", "geometry": {"type": "LineString", "coordinates": [[12.67586, 64.56991], [12.67606, 64.56903]]}, "properties": {"P": 26.08, "tau": 74.99, "tau_c": 221.03, "omega": 94.91, "M": 0.34, "D": 0.0, "R": 0.05, "sving": 0.15, "os": 0.58, "foss": 1.0, "juv": 0.0, "B": 0.46, "Q": 0.83, "w": 7.94, "h": 0.08, "S": 0.09208, "elv": "Bjønnengåa", "km": 0.5}}, {"type": "Feature", "geometry": {"type": "LineString", "coordinates": [[12.67606, 64.56903], [12.67659, 64.56819]]}, "properties": {"P": 29.75, "tau": 82.38, "tau_c": 238.02, "omega": 108.42, "M": 0.35, "D": 0.0, "R": 0.05, "sving": 0.0, "os": 0.95, "foss": 1.0, "juv": 0.0, "B": 0.46, "Q": 0.84, "w": 8.12, "h": 0.08, "S": 0.10678, "elv": "Bjønnengåa", "km": 0.6}}, {"type": "Feature", "geometry": {"type": "LineString", "coordinates": [[12.67659, 64.56819], [12.67602, 64.56735]]}, "properties": {"P": 32.65, "tau": 79.89, "tau_c": 233.78, "omega": 103.64, "M": 0.34, "D": 0.04, "R": 0.05, "sving": 0.43, "os": 0.65, "foss": 1.0, "juv": 0.0, "B": 0.47, "Q": 0.85, "w": 8.29, "h": 0.08, "S": 0.10301, "elv": "Bjønnengåa", "km": 0.7}}, {"type": "Feature", "geometry": {"type": "LineString", "coordinates": [[12.67602, 64.56735], [12.67598, 64.5665]]}, "properties": {"P": 28.61, "tau": 76.0, "tau_c": 225.5, "omega": 96.5, "M": 0.34, "D": 0.08, "R": 0.05, "sving": 0.32, "os": 0.41, "foss": 1.0, "juv": 0.0, "B": 0.48, "Q": 0.85, "w": 8.32, "h": 0.08, "S": 0.09584, "elv": "Bjønnengåa", "km": 0.8}}, {"type": "Feature", "geometry": {"type": "LineString", "coordinates": [[12.67598, 64.5665], [12.67782, 64.56623]]}, "properties": {"P": 27.75, "tau": 62.64, "tau_c": 195.68, "omega": 73.22, "M": 0.32, "D": 0.14, "R": 0.04, "sving": 0.34, "os": 0.26, "foss": 1.0, "juv": 0.0, "B": 0.48, "Q": 0.86, "w": 8.35, "h": 0.09, "S": 0.07217, "elv": "Bjønnengåa", "km": 0.9}}, {"type": "Feature", "geometry": {"type": "LineString", "coordinates": [[12.67782, 64.56623], [12.67951, 64.56588]]}, "properties": {"P": 23.52, "tau": 60.2, "tau_c": 190.25, "omega": 69.16, "M": 0.32, "D": 0.16, "R": 0.03, "sving": 0.06, "os": 0.21, "foss": 1.0, "juv": 0.0, "B": 0.49, "Q": 0.87, "w": 8.38, "h": 0.09, "S": 0.06822, "elv": "Bjønnengåa", "km": 1.0}}, {"type": "Feature", "geometry": {"type": "LineString", "coordinates": [[12.73186, 64.56722], [12.73002, 64.56688]]}, "properties": {"P": 34.92, "tau": 59.26, "tau_c": 173.58, "omega": 69.18, "M": 0.34, "D": 0.0, "R": 0.05, "sving": 1.0, "os": 0.73, "foss": 0.72, "juv": 0.0, "B": 0.44, "Q": 0.96, "w": 7.7, "h": 0.11, "S": 0.05679, "elv": "bekk", "km": 1.8}}, {"type": "Feature", "geometry": {"type": "LineString", "coordinates": [[12.6763, 64.57348], [12.67668, 64.57269]]}, "properties": {"P": 20.76, "tau": 84.81, "tau_c": 252.66, "omega": 111.4, "M": 0.34, "D": 0.0, "R": 0.04, "sving": 0.06, "os": 0.48, "foss": 1.0, "juv": 0.0, "B": 0.41, "Q": 0.63, "w": 6.71, "h": 0.07, "S": 0.12032, "elv": "bekk", "km": 1.0}}, {"type": "Feature", "geometry": {"type": "LineString", "coordinates": [[12.71807, 64.57746], [12.71688, 64.57679]]}, "properties": {"P": 17.52, "tau": 94.47, "tau_c": 227.81, "omega": 137.83, "M": 0.41, "D": 0.0, "R": 0.1, "sving": 0.01, "os": 0.05, "foss": 1.0, "juv": 0.0, "B": 0.45, "Q": 1.2, "w": 8.33, "h": 0.1, "S": 0.09782, "elv": "bekk", "km": 0.6}}, {"type": "Feature", "geometry": {"type": "LineString", "coordinates": [[12.71688, 64.57679], [12.71719, 64.57594]]}, "properties": {"P": 22.96, "tau": 96.41, "tau_c": 240.12, "omega": 140.46, "M": 0.4, "D": 0.0, "R": 0.09, "sving": 0.46, "os": 0.0, "foss": 1.0, "juv": 0.0, "B": 0.45, "Q": 1.2, "w": 9.12, "h": 0.09, "S": 0.10868, "elv": "bekk", "km": 0.7}}, {"type": "Feature", "geometry": {"type": "LineString", "coordinates": [[12.71719, 64.57594], [12.71758, 64.57517]]}, "properties": {"P": 22.13, "tau": 122.31, "tau_c": 293.13, "omega": 195.93, "M": 0.42, "D": 0.0, "R": 0.1, "sving": 0.38, "os": 0.0, "foss": 1.0, "juv": 0.0, "B": 0.45, "Q": 1.22, "w": 9.92, "h": 0.08, "S": 0.16195, "elv": "bekk", "km": 0.8}}, {"type": "Feature", "geometry": {"type": "LineString", "coordinates": [[12.71758, 64.57517], [12.71857, 64.57439]]}, "properties": {"P": 18.84, "tau": 122.98, "tau_c": 294.51, "omega": 197.43, "M": 0.42, "D": 0.0, "R": 0.1, "sving": 0.14, "os": 0.0, "foss": 1.0, "juv": 0.0, "B": 0.45, "Q": 1.22, "w": 9.94, "h": 0.08, "S": 0.16348, "elv": "bekk", "km": 0.9}}, {"type": "Feature", "geometry": {"type": "LineString", "coordinates": [[12.71857, 64.57439], [12.71929, 64.57356]]}, "properties": {"P": 17.3, "tau": 124.73, "tau_c": 297.67, "omega": 201.43, "M": 0.42, "D": 0.02, "R": 0.1, "sving": 0.01, "os": 0.0, "foss": 1.0, "juv": 0.0, "B": 0.46, "Q": 1.22, "w": 9.96, "h": 0.08, "S": 0.167, "elv": "bekk", "km": 1.0}}, {"type": "Feature", "geometry": {"type": "LineString", "coordinates": [[12.71929, 64.57356], [12.72035, 64.57278]]}, "properties": {"P": 21.65, "tau": 119.55, "tau_c": 288.76, "omega": 189.54, "M": 0.41, "D": 0.05, "R": 0.1, "sving": 0.27, "os": 0.0, "foss": 1.0, "juv": 0.0, "B": 0.46, "Q": 1.22, "w": 9.96, "h": 0.08, "S": 0.15716, "elv": "bekk", "km": 1.1}}, {"type": "Feature", "geometry": {"type": "LineString", "coordinates": [[12.72035, 64.57278], [12.72081, 64.57196]]}, "properties": {"P": 21.81, "tau": 109.88, "tau_c": 271.85, "omega": 167.98, "M": 0.4, "D": 0.12, "R": 0.09, "sving": 0.21, "os": 0.0, "foss": 1.0, "juv": 0.0, "B": 0.46, "Q": 1.22, "w": 9.96, "h": 0.08, "S": 0.13929, "elv": "bekk", "km": 1.2}}, {"type": "Feature", "geometry": {"type": "LineString", "coordinates": [[12.72081, 64.57196], [12.72038, 64.57115]]}, "properties": {"P": 25.09, "tau": 98.6, "tau_c": 251.56, "omega": 143.84, "M": 0.39, "D": 0.2, "R": 0.08, "sving": 0.29, "os": 0.06, "foss": 1.0, "juv": 0.0, "B": 0.46, "Q": 1.22, "w": 9.96, "h": 0.08, "S": 0.11927, "elv": "bekk", "km": 1.3}}, {"type": "Feature", "geometry": {"type": "LineString", "coordinates": [[12.72038, 64.57115], [12.71997, 64.5703]]}, "properties": {"P": 23.93, "tau": 67.95, "tau_c": 192.65, "omega": 84.36, "M": 0.35, "D": 0.29, "R": 0.05, "sving": 0.1, "os": 0.09, "foss": 1.0, "juv": 0.0, "B": 0.46, "Q": 1.22, "w": 9.96, "h": 0.1, "S": 0.06995, "elv": "bekk", "km": 1.4}}, {"type": "Feature", "geometry": {"type": "LineString", "coordinates": [[12.71997, 64.5703], [12.71948, 64.56946]]}, "properties": {"P": 24.24, "tau": 51.64, "tau_c": 168.25, "omega": 55.96, "M": 0.31, "D": 0.28, "R": 0.03, "sving": 0.13, "os": 0.14, "foss": 1.0, "juv": 0.0, "B": 0.46, "Q": 1.22, "w": 11.45, "h": 0.1, "S": 0.05336, "elv": "bekk", "km": 1.5}}, {"type": "Feature", "geometry": {"type": "LineString", "coordinates": [[12.72043, 64.5687], [12.72065, 64.56789]]}, "properties": {"P": 24.08, "tau": 46.74, "tau_c": 106.78, "omega": 54.66, "M": 0.44, "D": 0.14, "R": 0.12, "sving": 0.22, "os": 0.31, "foss": 0.51, "juv": 0.0, "B": 0.54, "Q": 3.75, "w": 14.45, "h": 0.22, "S": 0.02149, "elv": "bekk", "km": 1.7}}, {"type": "Feature", "geometry": {"type": "LineString", "coordinates": [[12.72065, 64.56789], [12.72177, 64.56764]]}, "properties": {"P": 21.31, "tau": 34.43, "tau_c": 89.43, "omega": 34.88, "M": 0.39, "D": 0.21, "R": 0.08, "sving": 0.05, "os": 0.44, "foss": 0.37, "juv": 0.0, "B": 0.54, "Q": 3.76, "w": 15.95, "h": 0.23, "S": 0.01507, "elv": "bekk", "km": 1.8}}, {"type": "Feature", "geometry": {"type": "LineString", "coordinates": [[12.72177, 64.56764], [12.7222, 64.56714]]}, "properties": {"P": 19.42, "tau": 24.36, "tau_c": 72.59, "omega": 21.01, "M": 0.34, "D": 0.28, "R": 0.04, "sving": 0.12, "os": 0.59, "foss": 0.0, "juv": 0.0, "B": 0.54, "Q": 3.76, "w": 17.45, "h": 0.25, "S": 0.00993, "elv": "bekk", "km": 1.9}}, {"type": "Feature", "geometry": {"type": "LineString", "coordinates": [[12.71287, 64.58173], [12.71354, 64.58094]]}, "properties": {"P": 28.68, "tau": 55.38, "tau_c": 181.88, "omega": 61.07, "M": 0.3, "D": 0.0, "R": 0.03, "sving": 0.19, "os": 0.76, "foss": 1.0, "juv": 0.0, "B": 0.46, "Q": 0.81, "w": 8.16, "h": 0.09, "S": 0.06235, "elv": "Seterelvin", "km": 0.0}}, {"type": "Feature", "geometry": {"type": "LineString", "coordinates": [[12.71354, 64.58094], [12.71405, 64.58011]]}, "properties": {"P": 23.09, "tau": 72.7, "tau_c": 220.06, "omega": 90.32, "M": 0.33, "D": 0.0, "R": 0.04, "sving": 0.06, "os": 0.47, "foss": 1.0, "juv": 0.0, "B": 0.46, "Q": 0.83, "w": 8.19, "h": 0.08, "S": 0.09127, "elv": "Seterelvin", "km": 0.1}}, {"type": "Feature", "geometry": {"type": "LineString", "coordinates": [[12.71405, 64.58011], [12.71422, 64.57929]]}, "properties": {"P": 21.0, "tau": 73.87, "tau_c": 221.77, "omega": 92.53, "M": 0.33, "D": 0.0, "R": 0.04, "sving": 0.08, "os": 0.29, "foss": 1.0, "juv": 0.0, "B": 0.46, "Q": 0.84, "w": 8.24, "h": 0.08, "S": 0.0927, "elv": "Seterelvin", "km": 0.2}}, {"type": "Feature", "geometry": {"type": "LineString", "coordinates": [[12.71422, 64.57929], [12.71512, 64.57852]]}, "properties": {"P": 20.62, "tau": 76.05, "tau_c": 225.76, "omega": 96.57, "M": 0.34, "D": 0.0, "R": 0.05, "sving": 0.15, "os": 0.19, "foss": 1.0, "juv": 0.0, "B": 0.46, "Q": 0.85, "w": 8.3, "h": 0.08, "S": 0.09606, "elv": "Seterelvin", "km": 0.3}}, {"type": "Feature", "geometry": {"type": "LineString", "coordinates": [[12.71512, 64.57852], [12.71622, 64.57779]]}, "properties": {"P": 17.97, "tau": 82.46, "tau_c": 241.97, "omega": 108.11, "M": 0.34, "D": 0.0, "R": 0.05, "sving": 0.03, "os": 0.12, "foss": 1.0, "juv": 0.0, "B": 0.47, "Q": 0.86, "w": 8.64, "h": 0.08, "S": 0.11035, "elv": "Seterelvin", "km": 0.4}}, {"type": "Feature", "geometry": {"type": "LineString", "coordinates": [[12.71622, 64.57779], [12.71591, 64.57691]]}, "properties": {"P": 20.32, "tau": 82.91, "tau_c": 245.61, "omega": 108.64, "M": 0.34, "D": 0.0, "R": 0.05, "sving": 0.23, "os": 0.07, "foss": 1.0, "juv": 0.0, "B": 0.47, "Q": 0.87, "w": 8.98, "h": 0.07, "S": 0.1137, "elv": "Seterelvin", "km": 0.5}}, {"type": "Feature", "geometry": {"type": "LineString", "coordinates": [[12.71591, 64.57691], [12.71592, 64.57607]]}, "properties": {"P": 21.0, "tau": 111.15, "tau_c": 268.24, "omega": 171.79, "M": 0.41, "D": 0.0, "R": 0.1, "sving": 0.19, "os": 0.0, "foss": 1.0, "juv": 0.0, "B": 0.49, "Q": 1.2, "w": 9.31, "h": 0.08, "S": 0.13562, "elv": "Seterelvin", "km": 0.6}}, {"type": "Feature", "geometry": {"type": "LineString", "coordinates": [[12.71592, 64.57607], [12.71562, 64.5752]]}, "properties": {"P": 20.95, "tau": 118.25, "tau_c": 282.47, "omega": 187.37, "M": 0.42, "D": 0.0, "R": 0.1, "sving": 0.17, "os": 0.0, "foss": 1.0, "juv": 0.0, "B": 0.5, "Q": 1.22, "w": 9.63, "h": 0.08, "S": 0.15039, "elv": "Seterelvin", "km": 0.7}}, {"type": "Feature", "geometry": {"type": "LineString", "coordinates": [[12.71562, 64.5752], [12.71578, 64.57431]]}, "properties": {"P": 20.17, "tau": 131.31, "tau_c": 308.68, "omega": 216.83, "M": 0.43, "D": 0.0, "R": 0.11, "sving": 0.11, "os": 0.0, "foss": 1.0, "juv": 0.0, "B": 0.5, "Q": 1.22, "w": 9.94, "h": 0.07, "S": 0.17959, "elv": "Seterelvin", "km": 0.8}}, {"type": "Feature", "geometry": {"type": "LineString", "coordinates": [[12.71578, 64.57431], [12.71637, 64.57348]]}, "properties": {"P": 20.4, "tau": 130.66, "tau_c": 307.82, "omega": 215.25, "M": 0.42, "D": 0.02, "R": 0.11, "sving": 0.1, "os": 0.0, "foss": 1.0, "juv": 0.0, "B": 0.5, "Q": 1.22, "w": 9.95, "h": 0.07, "S": 0.17859, "elv": "Seterelvin", "km": 0.9}}, {"type": "Feature", "geometry": {"type": "LineString", "coordinates": [[12.71637, 64.57348], [12.71696, 64.57264]]}, "properties": {"P": 19.62, "tau": 122.19, "tau_c": 293.4, "omega": 195.56, "M": 0.42, "D": 0.05, "R": 0.1, "sving": 0.01, "os": 0.0, "foss": 1.0, "juv": 0.0, "B": 0.5, "Q": 1.22, "w": 9.95, "h": 0.08, "S": 0.16225, "elv": "Seterelvin", "km": 1.0}}, {"type": "Feature", "geometry": {"type": "LineString", "coordinates": [[12.71696, 64.57264], [12.71718, 64.57181]]}, "properties": {"P": 22.66, "tau": 119.05, "tau_c": 287.98, "omega": 188.4, "M": 0.41, "D": 0.11, "R": 0.1, "sving": 0.13, "os": 0.0, "foss": 1.0, "juv": 0.0, "B": 0.5, "Q": 1.22, "w": 9.95, "h": 0.08, "S": 0.15631, "elv": "Seterelvin", "km": 1.1}}, {"type": "Feature", "geometry": {"type": "LineString", "coordinates": [[12.71718, 64.57181], [12.71725, 64.57097]]}, "properties": {"P": 25.32, "tau": 104.91, "tau_c": 263.04, "omega": 157.18, "M": 0.4, "D": 0.21, "R": 0.09, "sving": 0.12, "os": 0.07, "foss": 1.0, "juv": 0.0, "B": 0.5, "Q": 1.22, "w": 9.95, "h": 0.08, "S": 0.13041, "elv": "Seterelvin", "km": 1.2}}, {"type": "Feature", "geometry": {"type": "LineString", "coordinates": [[12.71725, 64.57097], [12.71718, 64.57014]]}, "properties": {"P": 25.49, "tau": 73.97, "tau_c": 217.81, "omega": 93.6, "M": 0.34, "D": 0.27, "R": 0.05, "sving": 0.07, "os": 0.11, "foss": 1.0, "juv": 0.0, "B": 0.5, "Q": 1.22, "w": 11.46, "h": 0.08, "S": 0.08942, "elv": "Seterelvin", "km": 1.3}}, {"type": "Feature", "geometry": {"type": "LineString", "coordinates": [[12.71715, 64.56932], [12.71702, 64.56854]]}, "properties": {"P": 32.37, "tau": 58.51, "tau_c": 125.13, "omega": 75.52, "M": 0.47, "D": 0.2, "R": 0.15, "sving": 0.23, "os": 0.26, "foss": 0.72, "juv": 0.0, "B": 0.59, "Q": 3.78, "w": 14.47, "h": 0.2, "S": 0.02951, "elv": "Seterelvin", "km": 1.5}}, {"type": "Feature", "geometry": {"type": "LineString", "coordinates": [[12.71702, 64.56854], [12.71692, 64.56777]]}, "properties": {"P": 34.13, "tau": 41.92, "tau_c": 102.92, "omega": 46.27, "M": 0.41, "D": 0.24, "R": 0.09, "sving": 0.43, "os": 0.4, "foss": 0.51, "juv": 0.0, "B": 0.59, "Q": 3.78, "w": 15.98, "h": 0.21, "S": 0.01996, "elv": "Seterelvin", "km": 1.6}}, {"type": "Feature", "geometry": {"type": "LineString", "coordinates": [[12.71692, 64.56777], [12.71574, 64.56712]]}, "properties": {"P": 34.89, "tau": 27.97, "tau_c": 80.12, "omega": 25.62, "M": 0.35, "D": 0.3, "R": 0.05, "sving": 0.42, "os": 0.59, "foss": 0.37, "juv": 0.0, "B": 0.6, "Q": 3.78, "w": 17.49, "h": 0.24, "S": 0.0121, "elv": "Seterelvin", "km": 1.7}}, {"type": "Feature", "geometry": {"type": "LineString", "coordinates": [[12.71574, 64.56712], [12.71637, 64.567]]}, "properties": {"P": 28.98, "tau": 21.3, "tau_c": 65.9, "omega": 17.33, "M": 0.32, "D": 0.38, "R": 0.04, "sving": 0.04, "os": 0.93, "foss": 0.0, "juv": 0.0, "B": 0.6, "Q": 3.78, "w": 17.49, "h": 0.27, "S": 0.00818, "elv": "Seterelvin", "km": 1.8}}, {"type": "Feature", "geometry": {"type": "LineString", "coordinates": [[12.7131, 64.56884], [12.71479, 64.56842]]}, "properties": {"P": 22.47, "tau": 97.31, "tau_c": 169.44, "omega": 159.37, "M": 0.57, "D": 0.0, "R": 0.28, "sving": 0.01, "os": 0.14, "foss": 0.72, "juv": 0.0, "B": 0.54, "Q": 3.94, "w": 13.11, "h": 0.18, "S": 0.05411, "elv": "bekk", "km": 1.8}}, {"type": "Feature", "geometry": {"type": "LineString", "coordinates": [[12.71479, 64.56842], [12.71508, 64.56759]]}, "properties": {"P": 20.33, "tau": 81.53, "tau_c": 160.62, "omega": 121.27, "M": 0.51, "D": 0.09, "R": 0.2, "sving": 0.03, "os": 0.21, "foss": 0.51, "juv": 0.0, "B": 0.54, "Q": 3.94, "w": 15.49, "h": 0.17, "S": 0.04862, "elv": "bekk", "km": 1.9}}, {"type": "Feature", "geometry": {"type": "LineString", "coordinates": [[12.70364, 64.56677], [12.70339, 64.56623]]}, "properties": {"P": 36.39, "tau": 133.37, "tau_c": 208.33, "omega": 252.15, "M": 0.64, "D": 0.0, "R": 0.37, "sving": 0.56, "os": 0.24, "foss": 0.72, "juv": 0.0, "B": 0.55, "Q": 4.26, "w": 13.56, "h": 0.17, "S": 0.0818, "elv": "bekk", "km": 1.5}}, {"type": "Feature", "geometry": {"type": "LineString", "coordinates": [[12.6525, 64.55166], [12.65053, 64.55157]]}, "properties": {"P": 73.02, "tau": 129.34, "tau_c": 121.18, "omega": 286.53, "M": 1.07, "D": -0.0, "R": 0.85, "sving": 0.09, "os": 0.2, "foss": 0.72, "juv": 0.0, "B": 0.96, "Q": 37.37, "w": 35.41, "h": 0.48, "S": 0.02768, "elv": "Gressbekken", "km": 1.9}}, {"type": "Feature", "geometry": {"type": "LineString", "coordinates": [[12.86231, 64.47737], [12.86105, 64.47678]]}, "properties": {"P": 17.29, "tau": 105.81, "tau_c": 247.41, "omega": 162.1, "M": 0.43, "D": 0.0, "R": 0.11, "sving": 0.29, "os": 0.0, "foss": 0.72, "juv": 0.0, "B": 0.46, "Q": 1.19, "w": 8.31, "h": 0.09, "S": 0.11538, "elv": "Kollitjønnelva", "km": 1.8}}, {"type": "Feature", "geometry": {"type": "LineString", "coordinates": [[12.97848, 64.4823], [12.98053, 64.48243]]}, "properties": {"P": 37.0, "tau": 91.73, "tau_c": 198.45, "omega": 136.93, "M": 0.46, "D": 0.0, "R": 0.15, "sving": 0.7, "os": 0.0, "foss": 0.72, "juv": 0.0, "B": 0.71, "Q": 1.64, "w": 8.71, "h": 0.13, "S": 0.07423, "elv": "Langtjønnelva", "km": 0.1}}, {"type": "Feature", "geometry": {"type": "LineString", "coordinates": [[12.98053, 64.48243], [12.98241, 64.48226]]}, "properties": {"P": 35.1, "tau": 104.95, "tau_c": 231.11, "omega": 163.69, "M": 0.45, "D": 0.0, "R": 0.14, "sving": 0.83, "os": 0.0, "foss": 0.51, "juv": 0.0, "B": 0.71, "Q": 1.64, "w": 9.89, "h": 0.11, "S": 0.10067, "elv": "Langtjønnelva", "km": 0.2}}, {"type": "Feature", "geometry": {"type": "LineString", "coordinates": [[12.98241, 64.48226], [12.98302, 64.48141]]}, "properties": {"P": 43.08, "tau": 92.8, "tau_c": 221.75, "omega": 135.46, "M": 0.42, "D": 0.0, "R": 0.1, "sving": 0.76, "os": 0.0, "foss": 1.0, "juv": 0.0, "B": 0.71, "Q": 1.65, "w": 11.07, "h": 0.1, "S": 0.09268, "elv": "Langtjønnelva", "km": 0.3}}, {"type": "Feature", "geometry": {"type": "LineString", "coordinates": [[12.98302, 64.48141], [12.98217, 64.48076]]}, "properties": {"P": 35.64, "tau": 127.3, "tau_c": 275.41, "omega": 213.78, "M": 0.46, "D": 0.0, "R": 0.15, "sving": 0.34, "os": 0.0, "foss": 1.0, "juv": 0.0, "B": 0.72, "Q": 1.75, "w": 11.46, "h": 0.09, "S": 0.14296, "elv": "Langtjønnelva", "km": 0.4}}, {"type": "Feature", "geometry": {"type": "LineString", "coordinates": [[12.98217, 64.48076], [12.98163, 64.48]]}, "properties": {"P": 33.16, "tau": 148.32, "tau_c": 311.44, "omega": 265.04, "M": 0.48, "D": 0.0, "R": 0.16, "sving": 0.2, "os": 0.0, "foss": 1.0, "juv": 0.0, "B": 0.72, "Q": 1.75, "w": 11.85, "h": 0.08, "S": 0.18282, "elv": "Langtjønnelva", "km": 0.5}}, {"type": "Feature", "geometry": {"type": "LineString", "coordinates": [[12.98163, 64.48], [12.98254, 64.4792]]}, "properties": {"P": 37.1, "tau": 162.32, "tau_c": 327.75, "omega": 302.81, "M": 0.5, "D": 0.0, "R": 0.18, "sving": 0.34, "os": 0.0, "foss": 1.0, "juv": 0.0, "B": 0.72, "Q": 1.76, "w": 11.54, "h": 0.08, "S": 0.20247, "elv": "Langtjønnelva", "km": 0.6}}, {"type": "Feature", "geometry": {"type": "LineString", "coordinates": [[12.98254, 64.4792], [12.98206, 64.47836]]}, "properties": {"P": 37.87, "tau": 197.07, "tau_c": 364.2, "omega": 399.83, "M": 0.54, "D": 0.0, "R": 0.24, "sving": 0.29, "os": 0.0, "foss": 1.0, "juv": 0.0, "B": 0.72, "Q": 1.76, "w": 11.56, "h": 0.08, "S": 0.26706, "elv": "Langtjønnelva", "km": 0.7}}, {"type": "Feature", "geometry": {"type": "LineString", "coordinates": [[12.98206, 64.47836], [12.98285, 64.47755]]}, "properties": {"P": 32.52, "tau": 190.92, "tau_c": 364.2, "omega": 382.27, "M": 0.52, "D": 0.0, "R": 0.22, "sving": 0.08, "os": 0.0, "foss": 1.0, "juv": 0.0, "B": 0.72, "Q": 1.77, "w": 11.58, "h": 0.08, "S": 0.25436, "elv": "Langtjønnelva", "km": 0.8}}, {"type": "Feature", "geometry": {"type": "LineString", "coordinates": [[12.98285, 64.47755], [12.98375, 64.47677]]}, "properties": {"P": 44.17, "tau": 215.95, "tau_c": 364.2, "omega": 458.22, "M": 0.59, "D": 0.0, "R": 0.3, "sving": 0.38, "os": 0.07, "foss": 1.0, "juv": 0.0, "B": 0.72, "Q": 1.78, "w": 11.19, "h": 0.07, "S": 0.29384, "elv": "Langtjønnelva", "km": 0.9}}, {"type": "Feature", "geometry": {"type": "LineString", "coordinates": [[12.98375, 64.47677], [12.98425, 64.4759]]}, "properties": {"P": 46.46, "tau": 208.75, "tau_c": 364.2, "omega": 438.5, "M": 0.57, "D": 0.0, "R": 0.28, "sving": 0.49, "os": 0.1, "foss": 1.0, "juv": 0.0, "B": 0.72, "Q": 1.78, "w": 10.8, "h": 0.08, "S": 0.27127, "elv": "Langtjønnelva", "km": 1.0}}, {"type": "Feature", "geometry": {"type": "LineString", "coordinates": [[12.98425, 64.4759], [12.98548, 64.47535]]}, "properties": {"P": 51.06, "tau": 209.4, "tau_c": 364.2, "omega": 438.43, "M": 0.57, "D": 0.06, "R": 0.28, "sving": 0.59, "os": 0.13, "foss": 1.0, "juv": 0.0, "B": 0.72, "Q": 1.78, "w": 11.21, "h": 0.08, "S": 0.28122, "elv": "Langtjønnelva", "km": 1.1}}, {"type": "Feature", "geometry": {"type": "LineString", "coordinates": [[12.98548, 64.47535], [12.98385, 64.4748]]}, "properties": {"P": 48.44, "tau": 241.09, "tau_c": 364.2, "omega": 539.0, "M": 0.66, "D": 0.14, "R": 0.39, "sving": 0.12, "os": 0.17, "foss": 1.0, "juv": 0.0, "B": 0.72, "Q": 1.78, "w": 10.8, "h": 0.07, "S": 0.33324, "elv": "Langtjønnelva", "km": 1.2}}, {"type": "Feature", "geometry": {"type": "LineString", "coordinates": [[12.98385, 64.4748], [12.98199, 64.47441]]}, "properties": {"P": 38.76, "tau": 128.49, "tau_c": 364.2, "omega": 196.33, "M": 0.35, "D": 0.14, "R": 0.05, "sving": 0.32, "os": 0.11, "foss": 1.0, "juv": 0.0, "B": 0.72, "Q": 1.78, "w": 24.4, "h": 0.05, "S": 0.27416, "elv": "Langtjønnelva", "km": 1.3}}, {"type": "Feature", "geometry": {"type": "LineString", "coordinates": [[12.91281, 64.47342], [12.91087, 64.4731]]}, "properties": {"P": 25.72, "tau": 117.66, "tau_c": 278.71, "omega": 186.21, "M": 0.42, "D": 0.0, "R": 0.11, "sving": 0.05, "os": 0.0, "foss": 1.0, "juv": 0.0, "B": 0.66, "Q": 1.05, "w": 8.11, "h": 0.08, "S": 0.14641, "elv": "Bergmobekken", "km": 0.7}}, {"type": "Feature", "geometry": {"type": "LineString", "coordinates": [[12.91087, 64.4731], [12.90897, 64.47274]]}, "properties": {"P": 24.89, "tau": 119.09, "tau_c": 292.89, "omega": 187.3, "M": 0.41, "D": 0.0, "R": 0.09, "sving": 0.04, "os": 0.0, "foss": 1.0, "juv": 0.0, "B": 0.66, "Q": 1.05, "w": 8.91, "h": 0.08, "S": 0.16169, "elv": "Bergmobekken", "km": 0.8}}, {"type": "Feature", "geometry": {"type": "LineString", "coordinates": [[12.90897, 64.47274], [12.90702, 64.47243]]}, "properties": {"P": 26.14, "tau": 130.57, "tau_c": 300.59, "omega": 216.57, "M": 0.43, "D": 0.0, "R": 0.12, "sving": 0.02, "os": 0.0, "foss": 1.0, "juv": 0.0, "B": 0.68, "Q": 1.26, "w": 9.71, "h": 0.08, "S": 0.1703, "elv": "Bergmobekken", "km": 0.9}}, {"type": "Feature", "geometry": {"type": "LineString", "coordinates": [[12.90702, 64.47243], [12.90514, 64.47209]]}, "properties": {"P": 27.1, "tau": 131.66, "tau_c": 304.68, "omega": 218.7, "M": 0.43, "D": 0.0, "R": 0.12, "sving": 0.07, "os": 0.0, "foss": 1.0, "juv": 0.0, "B": 0.68, "Q": 1.26, "w": 9.9, "h": 0.08, "S": 0.17497, "elv": "Bergmobekken", "km": 1.0}}, {"type": "Feature", "geometry": {"type": "LineString", "coordinates": [[12.90514, 64.47209], [12.90319, 64.47183]]}, "properties": {"P": 27.45, "tau": 148.46, "tau_c": 333.67, "omega": 259.37, "M": 0.44, "D": 0.0, "R": 0.13, "sving": 0.06, "os": 0.0, "foss": 1.0, "juv": 0.0, "B": 0.68, "Q": 1.27, "w": 10.09, "h": 0.07, "S": 0.20985, "elv": "Bergmobekken", "km": 1.1}}, {"type": "Feature", "geometry": {"type": "LineString", "coordinates": [[12.90319, 64.47183], [12.90148, 64.47132]]}, "properties": {"P": 27.05, "tau": 166.04, "tau_c": 361.68, "omega": 304.42, "M": 0.46, "D": 0.0, "R": 0.14, "sving": 0.02, "os": 0.0, "foss": 1.0, "juv": 0.0, "B": 0.68, "Q": 1.27, "w": 10.11, "h": 0.07, "S": 0.24656, "elv": "Bergmobekken", "km": 1.2}}, {"type": "Feature", "geometry": {"type": "LineString", "coordinates": [[12.90148, 64.47132], [12.89968, 64.47087]]}, "properties": {"P": 28.93, "tau": 172.24, "tau_c": 364.2, "omega": 321.07, "M": 0.47, "D": 0.0, "R": 0.16, "sving": 0.08, "os": 0.0, "foss": 1.0, "juv": 0.0, "B": 0.68, "Q": 1.28, "w": 10.15, "h": 0.07, "S": 0.2586, "elv": "Bergmobekken", "km": 1.3}}, {"type": "Feature", "geometry": {"type": "LineString", "coordinates": [[12.89968, 64.47087], [12.89772, 64.47058]]}, "properties": {"P": 34.8, "tau": 177.96, "tau_c": 364.2, "omega": 336.49, "M": 0.49, "D": 0.0, "R": 0.17, "sving": 0.26, "os": 0.07, "foss": 1.0, "juv": 0.0, "B": 0.68, "Q": 1.29, "w": 10.15, "h": 0.07, "S": 0.27088, "elv": "Bergmobekken", "km": 1.4}}, {"type": "Feature", "geometry": {"type": "LineString", "coordinates": [[12.89772, 64.47058], [12.89594, 64.47013]]}, "properties": {"P": 37.09, "tau": 184.57, "tau_c": 364.2, "omega": 354.45, "M": 0.51, "D": 0.0, "R": 0.19, "sving": 0.29, "os": 0.11, "foss": 1.0, "juv": 0.0, "B": 0.68, "Q": 1.29, "w": 10.16, "h": 0.07, "S": 0.28565, "elv": "Bergmobekken", "km": 1.5}}, {"type": "Feature", "geometry": {"type": "LineString", "coordinates": [[12.89594, 64.47013], [12.89539, 64.4693]]}, "properties": {"P": 44.62, "tau": 200.72, "tau_c": 364.2, "omega": 399.72, "M": 0.55, "D": 0.0, "R": 0.25, "sving": 0.48, "os": 0.18, "foss": 1.0, "juv": 0.0, "B": 0.68, "Q": 1.29, "w": 10.16, "h": 0.06, "S": 0.322, "elv": "Bergmobekken", "km": 1.6}}, {"type": "Feature", "geometry": {"type": "LineString", "coordinates": [[12.8787, 64.50388], [12.87781, 64.50308]]}, "properties": {"P": 13.98, "tau": 64.42, "tau_c": 183.36, "omega": 78.45, "M": 0.35, "D": 0.05, "R": 0.05, "sving": 0.19, "os": 0.1, "foss": 1.0, "juv": 0.0, "B": 0.31, "Q": 1.29, "w": 10.24, "h": 0.1, "S": 0.06337, "elv": "Skardfjellelva", "km": 0.0}}, {"type": "Feature", "geometry": {"type": "LineString", "coordinates": [[12.87781, 64.50308], [12.87703, 64.50225]]}, "properties": {"P": 22.91, "tau": 52.65, "tau_c": 158.79, "omega": 58.74, "M": 0.33, "D": 0.1, "R": 0.04, "sving": 0.29, "os": 0.07, "foss": 1.0, "juv": 0.0, "B": 0.47, "Q": 1.3, "w": 10.28, "h": 0.11, "S": 0.04753, "elv": "Skardfjellelva", "km": 0.1}}, {"type": "Feature", "geometry": {"type": "LineString", "coordinates": [[12.87703, 64.50225], [12.8757, 64.50157]]}, "properties": {"P": 22.35, "tau": 45.03, "tau_c": 142.03, "omega": 46.93, "M": 0.32, "D": 0.12, "R": 0.03, "sving": 0.3, "os": 0.0, "foss": 1.0, "juv": 0.0, "B": 0.47, "Q": 1.3, "w": 10.33, "h": 0.12, "S": 0.03802, "elv": "Skardfjellelva", "km": 0.2}}, {"type": "Feature", "geometry": {"type": "LineString", "coordinates": [[12.8757, 64.50157], [12.87399, 64.50111]]}, "properties": {"P": 18.29, "tau": 47.49, "tau_c": 145.6, "omega": 50.86, "M": 0.33, "D": 0.07, "R": 0.04, "sving": 0.36, "os": 0.0, "foss": 0.72, "juv": 0.0, "B": 0.47, "Q": 1.35, "w": 10.38, "h": 0.12, "S": 0.03996, "elv": "Skardfjellelva", "km": 0.3}}, {"type": "Feature", "geometry": {"type": "LineString", "coordinates": [[12.87399, 64.50111], [12.87202, 64.50084]]}, "properties": {"P": 12.44, "tau": 46.65, "tau_c": 144.01, "omega": 49.55, "M": 0.32, "D": 0.02, "R": 0.04, "sving": 0.24, "os": 0.0, "foss": 0.51, "juv": 0.0, "B": 0.47, "Q": 1.35, "w": 10.44, "h": 0.12, "S": 0.03909, "elv": "Skardfjellelva", "km": 0.4}}, {"type": "Feature", "geometry": {"type": "LineString", "coordinates": [[12.87202, 64.50084], [12.87, 64.50064]]}, "properties": {"P": 15.97, "tau": 47.22, "tau_c": 144.86, "omega": 50.47, "M": 0.33, "D": -0.0, "R": 0.04, "sving": 0.01, "os": 0.0, "foss": 1.0, "juv": 0.0, "B": 0.47, "Q": 1.36, "w": 10.49, "h": 0.12, "S": 0.03955, "elv": "Skardfjellelva", "km": 0.5}}, {"type": "Feature", "geometry": {"type": "LineString", "coordinates": [[12.87, 64.50064], [12.86798, 64.50043]]}, "properties": {"P": 18.95, "tau": 49.07, "tau_c": 149.11, "omega": 53.31, "M": 0.33, "D": -0.0, "R": 0.04, "sving": 0.21, "os": 0.0, "foss": 1.0, "juv": 0.0, "B": 0.47, "Q": 1.36, "w": 10.52, "h": 0.12, "S": 0.04191, "elv": "Skardfjellelva", "km": 0.6}}, {"type": "Feature", "geometry": {"type": "LineString", "coordinates": [[12.86798, 64.50043], [12.86631, 64.49995]]}, "properties": {"P": 17.52, "tau": 55.16, "tau_c": 162.38, "omega": 63.02, "M": 0.34, "D": -0.0, "R": 0.05, "sving": 0.11, "os": 0.0, "foss": 1.0, "juv": 0.0, "B": 0.47, "Q": 1.37, "w": 10.56, "h": 0.11, "S": 0.0497, "elv": "Skardfjellelva", "km": 0.7}}, {"type": "Feature", "geometry": {"type": "LineString", "coordinates": [[12.86631, 64.49995], [12.86502, 64.49927]]}, "properties": {"P": 18.3, "tau": 68.11, "tau_c": 187.36, "omega": 85.49, "M": 0.36, "D": -0.0, "R": 0.06, "sving": 0.13, "os": 0.0, "foss": 1.0, "juv": 0.0, "B": 0.47, "Q": 1.4, "w": 10.59, "h": 0.1, "S": 0.06617, "elv": "Skardfjellelva", "km": 0.8}}, {"type": "Feature", "geometry": {"type": "LineString", "coordinates": [[12.86502, 64.49927], [12.86324, 64.49884]]}, "properties": {"P": 19.31, "tau": 71.59, "tau_c": 194.24, "omega": 91.8, "M": 0.37, "D": 0.01, "R": 0.06, "sving": 0.18, "os": 0.0, "foss": 1.0, "juv": 0.0, "B": 0.47, "Q": 1.4, "w": 10.62, "h": 0.1, "S": 0.07112, "elv": "Skardfjellelva", "km": 0.9}}, {"type": "Feature", "geometry": {"type": "LineString", "coordinates": [[12.86324, 64.49884], [12.86151, 64.49834]]}, "properties": {"P": 18.37, "tau": 71.74, "tau_c": 194.52, "omega": 92.1, "M": 0.37, "D": 0.04, "R": 0.06, "sving": 0.07, "os": 0.0, "foss": 1.0, "juv": 0.0, "B": 0.47, "Q": 1.4, "w": 10.66, "h": 0.1, "S": 0.07132, "elv": "Skardfjellelva", "km": 1.0}}, {"type": "Feature", "geometry": {"type": "LineString", "coordinates": [[12.86151, 64.49834], [12.86053, 64.49759]]}, "properties": {"P": 18.7, "tau": 62.35, "tau_c": 175.99, "omega": 75.31, "M": 0.35, "D": 0.09, "R": 0.06, "sving": 0.04, "os": 0.0, "foss": 1.0, "juv": 0.0, "B": 0.47, "Q": 1.4, "w": 10.67, "h": 0.11, "S": 0.05838, "elv": "Skardfjellelva", "km": 1.1}}, {"type": "Feature", "geometry": {"type": "LineString", "coordinates": [[12.86053, 64.49759], [12.85898, 64.49703]]}, "properties": {"P": 21.35, "tau": 58.15, "tau_c": 167.39, "omega": 68.15, "M": 0.35, "D": 0.14, "R": 0.05, "sving": 0.11, "os": 0.05, "foss": 1.0, "juv": 0.0, "B": 0.47, "Q": 1.41, "w": 10.73, "h": 0.11, "S": 0.05281, "elv": "Skardfjellelva", "km": 1.2}}, {"type": "Feature", "geometry": {"type": "LineString", "coordinates": [[12.85898, 64.49703], [12.8573, 64.4965]]}, "properties": {"P": 20.74, "tau": 52.46, "tau_c": 155.73, "omega": 58.78, "M": 0.34, "D": 0.18, "R": 0.05, "sving": 0.01, "os": 0.07, "foss": 1.0, "juv": 0.0, "B": 0.47, "Q": 1.41, "w": 10.79, "h": 0.12, "S": 0.04571, "elv": "Skardfjellelva", "km": 1.3}}, {"type": "Feature", "geometry": {"type": "LineString", "coordinates": [[12.8573, 64.4965], [12.85533, 64.49625]]}, "properties": {"P": 22.46, "tau": 39.33, "tau_c": 124.56, "omega": 39.08, "M": 0.32, "D": 0.16, "R": 0.03, "sving": 0.42, "os": 0.09, "foss": 0.72, "juv": 0.0, "B": 0.48, "Q": 1.48, "w": 10.86, "h": 0.14, "S": 0.02924, "elv": "Skardfjellelva", "km": 1.4}}, {"type": "Feature", "geometry": {"type": "LineString", "coordinates": [[12.85533, 64.49625], [12.85429, 64.49551]]}, "properties": {"P": 23.72, "tau": 35.55, "tau_c": 116.17, "omega": 33.79, "M": 0.31, "D": 0.1, "R": 0.03, "sving": 0.79, "os": 0.09, "foss": 0.51, "juv": 0.0, "B": 0.48, "Q": 1.48, "w": 10.93, "h": 0.14, "S": 0.02544, "elv": "Skardfjellelva", "km": 1.5}}, {"type": "Feature", "geometry": {"type": "LineString", "coordinates": [[12.85429, 64.49551], [12.85474, 64.49471]]}, "properties": {"P": 23.16, "tau": 43.86, "tau_c": 134.62, "omega": 45.72, "M": 0.33, "D": 0.03, "R": 0.04, "sving": 0.95, "os": 0.11, "foss": 0.37, "juv": 0.0, "B": 0.48, "Q": 1.5, "w": 11.0, "h": 0.13, "S": 0.03416, "elv": "Skardfjellelva", "km": 1.6}}, {"type": "Feature", "geometry": {"type": "LineString", "coordinates": [[12.85474, 64.49471], [12.85656, 64.49438]]}, "properties": {"P": 19.62, "tau": 44.32, "tau_c": 135.73, "omega": 46.39, "M": 0.33, "D": -0.0, "R": 0.04, "sving": 0.07, "os": 0.17, "foss": 1.0, "juv": 0.0, "B": 0.48, "Q": 1.5, "w": 11.02, "h": 0.13, "S": 0.03473, "elv": "Skardfjellelva", "km": 1.7}}, {"type": "Feature", "geometry": {"type": "LineString", "coordinates": [[12.85656, 64.49438], [12.8582, 64.49414]]}, "properties": {"P": 22.77, "tau": 46.34, "tau_c": 139.99, "omega": 49.48, "M": 0.33, "D": -0.0, "R": 0.04, "sving": 0.19, "os": 0.25, "foss": 1.0, "juv": 0.0, "B": 0.48, "Q": 1.51, "w": 11.04, "h": 0.13, "S": 0.03694, "elv": "Skardfjellelva", "km": 1.8}}, {"type": "Feature", "geometry": {"type": "LineString", "coordinates": [[12.8582, 64.49414], [12.85749, 64.49333]]}, "properties": {"P": 24.87, "tau": 47.38, "tau_c": 142.66, "omega": 51.04, "M": 0.33, "D": 0.01, "R": 0.04, "sving": 0.24, "os": 0.33, "foss": 1.0, "juv": 0.0, "B": 0.48, "Q": 1.51, "w": 11.12, "h": 0.13, "S": 0.03836, "elv": "Skardfjellelva", "km": 1.9}}, {"type": "Feature", "geometry": {"type": "LineString", "coordinates": [[12.85749, 64.49333], [12.85885, 64.4927]]}, "properties": {"P": 22.04, "tau": 47.67, "tau_c": 143.74, "omega": 51.44, "M": 0.33, "D": 0.06, "R": 0.04, "sving": 0.14, "os": 0.46, "foss": 0.72, "juv": 0.0, "B": 0.48, "Q": 1.51, "w": 11.2, "h": 0.12, "S": 0.03894, "elv": "Skardfjellelva", "km": 2.0}}, {"type": "Feature", "geometry": {"type": "LineString", "coordinates": [[12.85885, 64.4927], [12.8599, 64.49194]]}, "properties": {"P": 29.17, "tau": 43.76, "tau_c": 132.0, "omega": 45.84, "M": 0.33, "D": 0.14, "R": 0.04, "sving": 0.41, "os": 0.74, "foss": 0.51, "juv": 0.0, "B": 0.48, "Q": 1.61, "w": 11.29, "h": 0.14, "S": 0.03284, "elv": "Skardfjellelva", "km": 2.1}}, {"type": "Feature", "geometry": {"type": "LineString", "coordinates": [[12.90778, 64.52993], [12.9059, 64.53032]]}, "properties": {"P": 9.69, "tau": 66.75, "tau_c": 212.4, "omega": 79.27, "M": 0.31, "D": 0.0, "R": 0.03, "sving": 0.15, "os": 0.0, "foss": 0.51, "juv": 0.0, "B": 0.43, "Q": 0.76, "w": 7.99, "h": 0.08, "S": 0.08503, "elv": "bekk", "km": 0.6}}, {"type": "Feature", "geometry": {"type": "LineString", "coordinates": [[12.9059, 64.53032], [12.90427, 64.53087]]}, "properties": {"P": 14.65, "tau": 62.41, "tau_c": 203.91, "omega": 71.84, "M": 0.31, "D": 0.0, "R": 0.03, "sving": 0.03, "os": 0.0, "foss": 1.0, "juv": 0.0, "B": 0.43, "Q": 0.76, "w": 8.17, "h": 0.08, "S": 0.07837, "elv": "bekk", "km": 0.7}}, {"type": "Feature", "geometry": {"type": "LineString", "coordinates": [[12.90427, 64.53087], [12.90228, 64.5311]]}, "properties": {"P": 16.04, "tau": 66.96, "tau_c": 199.69, "omega": 81.26, "M": 0.34, "D": 0.0, "R": 0.04, "sving": 0.08, "os": 0.0, "foss": 1.0, "juv": 0.0, "B": 0.44, "Q": 0.92, "w": 8.36, "h": 0.09, "S": 0.07516, "elv": "bekk", "km": 0.8}}, {"type": "Feature", "geometry": {"type": "LineString", "coordinates": [[12.90228, 64.5311], [12.90027, 64.53134]]}, "properties": {"P": 16.83, "tau": 66.87, "tau_c": 201.41, "omega": 80.89, "M": 0.33, "D": 0.02, "R": 0.04, "sving": 0.11, "os": 0.0, "foss": 1.0, "juv": 0.0, "B": 0.44, "Q": 0.93, "w": 8.62, "h": 0.09, "S": 0.07646, "elv": "bekk", "km": 0.9}}, {"type": "Feature", "geometry": {"type": "LineString", "coordinates": [[12.90027, 64.53134], [12.89825, 64.53154]]}, "properties": {"P": 13.57, "tau": 68.15, "tau_c": 205.43, "omega": 83.0, "M": 0.33, "D": 0.09, "R": 0.04, "sving": 0.07, "os": 0.0, "foss": 0.72, "juv": 0.0, "B": 0.44, "Q": 0.95, "w": 8.9, "h": 0.09, "S": 0.07954, "elv": "bekk", "km": 1.0}}, {"type": "Feature", "geometry": {"type": "LineString", "coordinates": [[12.89825, 64.53154], [12.89637, 64.53186]]}, "properties": {"P": 18.69, "tau": 57.57, "tau_c": 176.36, "omega": 65.81, "M": 0.33, "D": 0.18, "R": 0.04, "sving": 0.02, "os": 0.0, "foss": 1.0, "juv": 0.0, "B": 0.45, "Q": 1.03, "w": 9.04, "h": 0.1, "S": 0.05863, "elv": "bekk", "km": 1.1}}, {"type": "Feature", "geometry": {"type": "LineString", "coordinates": [[12.88845, 64.53229], [12.88644, 64.53251]]}, "properties": {"P": 15.47, "tau": 49.71, "tau_c": 158.05, "omega": 53.42, "M": 0.31, "D": -0.0, "R": 0.03, "sving": 0.03, "os": 0.0, "foss": 1.0, "juv": 0.0, "B": 0.45, "Q": 1.09, "w": 9.42, "h": 0.11, "S": 0.04708, "elv": "bekk", "km": 1.6}}, {"type": "Feature", "geometry": {"type": "LineString", "coordinates": [[12.88644, 64.53251], [12.8844, 64.53268]]}, "properties": {"P": 17.13, "tau": 55.45, "tau_c": 170.1, "omega": 62.57, "M": 0.33, "D": -0.0, "R": 0.04, "sving": 0.14, "os": 0.0, "foss": 1.0, "juv": 0.0, "B": 0.45, "Q": 1.11, "w": 9.47, "h": 0.1, "S": 0.05454, "elv": "bekk", "km": 1.7}}, {"type": "Feature", "geometry": {"type": "LineString", "coordinates": [[12.8844, 64.53268], [12.88241, 64.53283]]}, "properties": {"P": 21.26, "tau": 60.68, "tau_c": 180.71, "omega": 71.32, "M": 0.34, "D": -0.0, "R": 0.04, "sving": 0.42, "os": 0.0, "foss": 1.0, "juv": 0.0, "B": 0.45, "Q": 1.13, "w": 9.54, "h": 0.1, "S": 0.06155, "elv": "bekk", "km": 1.8}}, {"type": "Feature", "geometry": {"type": "LineString", "coordinates": [[12.88241, 64.53283], [12.88095, 64.5326]]}, "properties": {"P": 20.01, "tau": 63.1, "tau_c": 186.41, "omega": 75.37, "M": 0.34, "D": -0.0, "R": 0.05, "sving": 0.33, "os": 0.0, "foss": 1.0, "juv": 0.0, "B": 0.45, "Q": 1.13, "w": 9.61, "h": 0.1, "S": 0.0655, "elv": "bekk", "km": 1.9}}, {"type": "Feature", "geometry": {"type": "LineString", "coordinates": [[12.88095, 64.5326], [12.87971, 64.53198]]}, "properties": {"P": 16.2, "tau": 62.6, "tau_c": 183.12, "omega": 74.79, "M": 0.34, "D": 0.02, "R": 0.05, "sving": 0.02, "os": 0.0, "foss": 1.0, "juv": 0.0, "B": 0.46, "Q": 1.17, "w": 9.68, "h": 0.1, "S": 0.0632, "elv": "bekk", "km": 2.0}}, {"type": "Feature", "geometry": {"type": "LineString", "coordinates": [[12.87971, 64.53198], [12.87818, 64.53144]]}, "properties": {"P": 18.65, "tau": 65.56, "tau_c": 189.18, "omega": 79.94, "M": 0.35, "D": 0.04, "R": 0.05, "sving": 0.16, "os": 0.0, "foss": 1.0, "juv": 0.0, "B": 0.46, "Q": 1.17, "w": 9.73, "h": 0.1, "S": 0.06746, "elv": "bekk", "km": 2.1}}, {"type": "Feature", "geometry": {"type": "LineString", "coordinates": [[12.87818, 64.53144], [12.87616, 64.53164]]}, "properties": {"P": 13.59, "tau": 52.93, "tau_c": 164.9, "omega": 58.57, "M": 0.32, "D": 0.04, "R": 0.04, "sving": 0.12, "os": 0.0, "foss": 0.72, "juv": 0.0, "B": 0.46, "Q": 1.18, "w": 10.15, "h": 0.11, "S": 0.05125, "elv": "bekk", "km": 2.2}}, {"type": "Feature", "geometry": {"type": "LineString", "coordinates": [[12.87616, 64.53164], [12.8741, 64.53173]]}, "properties": {"P": 17.75, "tau": 57.46, "tau_c": 177.57, "omega": 65.59, "M": 0.32, "D": 0.01, "R": 0.04, "sving": 0.1, "os": 0.05, "foss": 1.0, "juv": 0.0, "B": 0.46, "Q": 1.19, "w": 10.55, "h": 0.1, "S": 0.05943, "elv": "bekk", "km": 2.3}}, {"type": "Feature", "geometry": {"type": "LineString", "coordinates": [[12.8741, 64.53173], [12.87239, 64.53128]]}, "properties": {"P": 18.83, "tau": 66.05, "tau_c": 171.46, "omega": 83.54, "M": 0.39, "D": -0.0, "R": 0.08, "sving": 0.04, "os": 0.08, "foss": 1.0, "juv": 0.0, "B": 0.48, "Q": 1.69, "w": 10.98, "h": 0.12, "S": 0.05541, "elv": "bekk", "km": 2.4}}, {"type": "Feature", "geometry": {"type": "LineString", "coordinates": [[12.87239, 64.53128], [12.87143, 64.53069]]}, "properties": {"P": 19.05, "tau": 61.26, "tau_c": 164.8, "omega": 74.69, "M": 0.37, "D": -0.0, "R": 0.07, "sving": 0.02, "os": 0.13, "foss": 1.0, "juv": 0.0, "B": 0.48, "Q": 1.7, "w": 11.4, "h": 0.12, "S": 0.05119, "elv": "bekk", "km": 2.5}}, {"type": "Feature", "geometry": {"type": "LineString", "coordinates": [[12.87143, 64.53069], [12.86947, 64.53099]]}, "properties": {"P": 24.65, "tau": 71.85, "tau_c": 185.55, "omega": 93.81, "M": 0.39, "D": -0.0, "R": 0.08, "sving": 0.31, "os": 0.18, "foss": 1.0, "juv": 0.0, "B": 0.48, "Q": 1.74, "w": 11.82, "h": 0.11, "S": 0.06489, "elv": "bekk", "km": 2.6}}, {"type": "Feature", "geometry": {"type": "LineString", "coordinates": [[12.86947, 64.53099], [12.86742, 64.53113]]}, "properties": {"P": 27.48, "tau": 69.78, "tau_c": 182.19, "omega": 89.89, "M": 0.38, "D": -0.0, "R": 0.08, "sving": 0.46, "os": 0.23, "foss": 1.0, "juv": 0.0, "B": 0.48, "Q": 1.75, "w": 11.92, "h": 0.11, "S": 0.06256, "elv": "bekk", "km": 2.7}}, {"type": "Feature", "geometry": {"type": "LineString", "coordinates": [[12.86742, 64.53113], [12.86543, 64.53137]]}, "properties": {"P": 22.13, "tau": 79.93, "tau_c": 201.36, "omega": 109.12, "M": 0.4, "D": -0.0, "R": 0.09, "sving": 0.05, "os": 0.27, "foss": 1.0, "juv": 0.0, "B": 0.48, "Q": 1.75, "w": 12.02, "h": 0.11, "S": 0.07642, "elv": "bekk", "km": 2.8}}, {"type": "Feature", "geometry": {"type": "LineString", "coordinates": [[12.86543, 64.53137], [12.86344, 64.5316]]}, "properties": {"P": 21.89, "tau": 89.27, "tau_c": 210.17, "omega": 129.25, "M": 0.42, "D": -0.0, "R": 0.11, "sving": 0.0, "os": 0.25, "foss": 1.0, "juv": 0.0, "B": 0.49, "Q": 1.84, "w": 11.65, "h": 0.11, "S": 0.08325, "elv": "bekk", "km": 2.9}}, {"type": "Feature", "geometry": {"type": "LineString", "coordinates": [[12.86344, 64.5316], [12.86159, 64.532]]}, "properties": {"P": 22.11, "tau": 94.74, "tau_c": 219.94, "omega": 140.64, "M": 0.43, "D": -0.0, "R": 0.12, "sving": 0.06, "os": 0.2, "foss": 1.0, "juv": 0.0, "B": 0.49, "Q": 1.85, "w": 11.74, "h": 0.11, "S": 0.09117, "elv": "bekk", "km": 3.0}}, {"type": "Feature", "geometry": {"type": "LineString", "coordinates": [[12.86159, 64.532], [12.85957, 64.53213]]}, "properties": {"P": 21.9, "tau": 99.35, "tau_c": 227.87, "omega": 150.48, "M": 0.44, "D": -0.0, "R": 0.12, "sving": 0.1, "os": 0.13, "foss": 1.0, "juv": 0.0, "B": 0.49, "Q": 1.85, "w": 11.83, "h": 0.1, "S": 0.09787, "elv": "bekk", "km": 3.1}}, {"type": "Feature", "geometry": {"type": "LineString", "coordinates": [[12.85957, 64.53213], [12.85751, 64.53224]]}, "properties": {"P": 21.67, "tau": 112.21, "tau_c": 247.26, "omega": 179.46, "M": 0.45, "D": -0.0, "R": 0.14, "sving": 0.09, "os": 0.1, "foss": 1.0, "juv": 0.0, "B": 0.49, "Q": 1.88, "w": 11.86, "h": 0.1, "S": 0.11524, "elv": "bekk", "km": 3.2}}, {"type": "Feature", "geometry": {"type": "LineString", "coordinates": [[12.85751, 64.53224], [12.85545, 64.53224]]}, "properties": {"P": 23.06, "tau": 116.12, "tau_c": 253.49, "omega": 188.49, "M": 0.46, "D": 0.04, "R": 0.14, "sving": 0.15, "os": 0.07, "foss": 1.0, "juv": 0.0, "B": 0.49, "Q": 1.89, "w": 11.89, "h": 0.1, "S": 0.12111, "elv": "bekk", "km": 3.3}}, {"type": "Feature", "geometry": {"type": "LineString", "coordinates": [[12.85545, 64.53224], [12.85348, 64.53244]]}, "properties": {"P": 21.9, "tau": 102.81, "tau_c": 236.49, "omega": 157.51, "M": 0.43, "D": 0.08, "R": 0.12, "sving": 0.12, "os": 0.0, "foss": 1.0, "juv": 0.0, "B": 0.49, "Q": 1.89, "w": 12.4, "h": 0.1, "S": 0.10541, "elv": "bekk", "km": 3.4}}, {"type": "Feature", "geometry": {"type": "LineString", "coordinates": [[12.85348, 64.53244], [12.85179, 64.53289]]}, "properties": {"P": 20.19, "tau": 86.19, "tau_c": 208.82, "omega": 122.29, "M": 0.41, "D": 0.11, "R": 0.1, "sving": 0.0, "os": 0.0, "foss": 1.0, "juv": 0.0, "B": 0.49, "Q": 1.89, "w": 12.45, "h": 0.11, "S": 0.08219, "elv": "bekk", "km": 3.5}}, {"type": "Feature", "geometry": {"type": "LineString", "coordinates": [[12.85179, 64.53289], [12.85029, 64.53277]]}, "properties": {"P": 17.71, "tau": 86.73, "tau_c": 207.6, "omega": 123.79, "M": 0.42, "D": 0.13, "R": 0.1, "sving": 0.08, "os": 0.0, "foss": 0.72, "juv": 0.0, "B": 0.49, "Q": 1.95, "w": 12.53, "h": 0.11, "S": 0.08124, "elv": "bekk", "km": 3.6}}, {"type": "Feature", "geometry": {"type": "LineString", "coordinates": [[12.85029, 64.53277], [12.84823, 64.53277]]}, "properties": {"P": 18.13, "tau": 86.21, "tau_c": 206.43, "omega": 122.78, "M": 0.42, "D": 0.16, "R": 0.1, "sving": 0.28, "os": 0.0, "foss": 0.51, "juv": 0.0, "B": 0.49, "Q": 1.96, "w": 12.6, "h": 0.11, "S": 0.08031, "elv": "bekk", "km": 3.7}}, {"type": "Feature", "geometry": {"type": "LineString", "coordinates": [[12.90932, 64.47753], [12.90839, 64.47674]]}, "properties": {"P": 6.31, "tau": 48.74, "tau_c": 157.44, "omega": 51.76, "M": 0.31, "D": 0.0, "R": 0.03, "sving": 0.51, "os": 0.09, "foss": 0.0, "juv": 0.0, "B": 0.31, "Q": 1.03, "w": 9.15, "h": 0.11, "S": 0.04672, "elv": "Fremsttjønnbekken", "km": 0.0}}, {"type": "Feature", "geometry": {"type": "LineString", "coordinates": [[12.90839, 64.47674], [12.90682, 64.47624]]}, "properties": {"P": 30.4, "tau": 49.05, "tau_c": 158.15, "omega": 52.23, "M": 0.31, "D": 0.0, "R": 0.03, "sving": 0.35, "os": 0.06, "foss": 1.0, "juv": 0.0, "B": 0.66, "Q": 1.03, "w": 9.15, "h": 0.11, "S": 0.04714, "elv": "Fremsttjønnbekken", "km": 0.1}}, {"type": "Feature", "geometry": {"type": "LineString", "coordinates": [[12.90682, 64.47624], [12.90493, 64.47587]]}, "properties": {"P": 21.6, "tau": 57.95, "tau_c": 178.23, "omega": 66.32, "M": 0.33, "D": 0.0, "R": 0.04, "sving": 0.26, "os": 0.0, "foss": 0.72, "juv": 0.0, "B": 0.66, "Q": 1.03, "w": 9.15, "h": 0.1, "S": 0.05987, "elv": "Fremsttjønnbekken", "km": 0.2}}, {"type": "Feature", "geometry": {"type": "LineString", "coordinates": [[12.90493, 64.47587], [12.90301, 64.47552]]}, "properties": {"P": 24.79, "tau": 71.15, "tau_c": 206.47, "omega": 89.01, "M": 0.34, "D": 0.0, "R": 0.05, "sving": 0.11, "os": 0.0, "foss": 1.0, "juv": 0.0, "B": 0.66, "Q": 1.03, "w": 9.15, "h": 0.09, "S": 0.08035, "elv": "Fremsttjønnbekken", "km": 0.3}}, {"type": "Feature", "geometry": {"type": "LineString", "coordinates": [[12.90301, 64.47552], [12.90112, 64.47516]]}, "properties": {"P": 23.55, "tau": 80.16, "tau_c": 224.9, "omega": 105.61, "M": 0.36, "D": 0.0, "R": 0.06, "sving": 0.04, "os": 0.0, "foss": 1.0, "juv": 0.0, "B": 0.66, "Q": 1.03, "w": 9.15, "h": 0.09, "S": 0.09534, "elv": "Fremsttjønnbekken", "km": 0.4}}, {"type": "Feature", "geometry": {"type": "LineString", "coordinates": [[12.90112, 64.47516], [12.89917, 64.47485]]}, "properties": {"P": 23.07, "tau": 77.04, "tau_c": 218.58, "omega": 99.76, "M": 0.35, "D": 0.0, "R": 0.05, "sving": 0.02, "os": 0.0, "foss": 1.0, "juv": 0.0, "B": 0.66, "Q": 1.03, "w": 9.15, "h": 0.09, "S": 0.09005, "elv": "Fremsttjønnbekken", "km": 0.5}}, {"type": "Feature", "geometry": {"type": "LineString", "coordinates": [[12.89917, 64.47485], [12.89737, 64.4744]]}, "properties": {"P": 24.93, "tau": 93.87, "tau_c": 251.83, "omega": 132.41, "M": 0.37, "D": 0.0, "R": 0.07, "sving": 0.09, "os": 0.0, "foss": 1.0, "juv": 0.0, "B": 0.66, "Q": 1.03, "w": 9.15, "h": 0.08, "S": 0.11953, "elv": "Fremsttjønnbekken", "km": 0.6}}, {"type": "Feature", "geometry": {"type": "LineString", "coordinates": [[12.89737, 64.4744], [12.8955, 64.47401]]}, "properties": {"P": 25.84, "tau": 108.36, "tau_c": 279.11, "omega": 162.66, "M": 0.39, "D": 0.0, "R": 0.08, "sving": 0.11, "os": 0.0, "foss": 1.0, "juv": 0.0, "B": 0.66, "Q": 1.03, "w": 9.15, "h": 0.08, "S": 0.14683, "elv": "Fremsttjønnbekken", "km": 0.7}}, {"type": "Feature", "geometry": {"type": "LineString", "coordinates": [[12.8955, 64.47401], [12.89385, 64.47347]]}, "properties": {"P": 25.53, "tau": 122.13, "tau_c": 304.07, "omega": 193.05, "M": 0.4, "D": 0.0, "R": 0.09, "sving": 0.03, "os": 0.05, "foss": 1.0, "juv": 0.0, "B": 0.66, "Q": 1.03, "w": 9.15, "h": 0.07, "S": 0.17426, "elv": "Fremsttjønnbekken", "km": 0.8}}, {"type": "Feature", "geometry": {"type": "LineString", "coordinates": [[12.89385, 64.47347], [12.89218, 64.47293]]}, "properties": {"P": 27.9, "tau": 136.59, "tau_c": 329.44, "omega": 226.61, "M": 0.41, "D": 0.0, "R": 0.1, "sving": 0.11, "os": 0.07, "foss": 1.0, "juv": 0.0, "B": 0.66, "Q": 1.03, "w": 9.15, "h": 0.07, "S": 0.20456, "elv": "Fremsttjønnbekken", "km": 0.9}}, {"type": "Feature", "geometry": {"type": "LineString", "coordinates": [[12.89218, 64.47293], [12.89033, 64.47254]]}, "properties": {"P": 26.46, "tau": 149.09, "tau_c": 350.76, "omega": 256.88, "M": 0.43, "D": 0.0, "R": 0.11, "sving": 0.01, "os": 0.08, "foss": 1.0, "juv": 0.0, "B": 0.66, "Q": 1.03, "w": 9.15, "h": 0.07, "S": 0.23189, "elv": "Fremsttjønnbekken", "km": 1.0}}, {"type": "Feature", "geometry": {"type": "LineString", "coordinates": [[12.89033, 64.47254], [12.8888, 64.47194]]}, "properties": {"P": 27.19, "tau": 161.62, "tau_c": 364.2, "omega": 288.38, "M": 0.44, "D": 0.0, "R": 0.13, "sving": 0.02, "os": 0.08, "foss": 1.0, "juv": 0.0, "B": 0.66, "Q": 1.03, "w": 9.15, "h": 0.06, "S": 0.26032, "elv": "Fremsttjønnbekken", "km": 1.1}}, {"type": "Feature", "geometry": {"type": "LineString", "coordinates": [[12.8888, 64.47194], [12.88711, 64.47142]]}, "properties": {"P": 40.52, "tau": 188.37, "tau_c": 364.2, "omega": 359.08, "M": 0.52, "D": 0.06, "R": 0.21, "sving": 0.44, "os": 0.08, "foss": 1.0, "juv": 0.0, "B": 0.66, "Q": 1.03, "w": 9.15, "h": 0.06, "S": 0.32414, "elv": "Fremsttjønnbekken", "km": 1.2}}, {"type": "Feature", "geometry": {"type": "LineString", "coordinates": [[12.88711, 64.47142], [12.88553, 64.47086]]}, "properties": {"P": 47.63, "tau": 195.81, "tau_c": 364.2, "omega": 379.55, "M": 0.54, "D": 0.17, "R": 0.23, "sving": 0.6, "os": 0.07, "foss": 1.0, "juv": 0.0, "B": 0.66, "Q": 1.03, "w": 9.15, "h": 0.06, "S": 0.34262, "elv": "Fremsttjønnbekken", "km": 1.3}}, {"type": "Feature", "geometry": {"type": "LineString", "coordinates": [[12.88702, 64.4694], [12.88897, 64.46912]]}, "properties": {"P": 99.22, "tau": 997.64, "tau_c": 364.2, "omega": 5867.87, "M": 2.74, "D": 0.0, "R": 0.6, "sving": 0.59, "os": 0.11, "foss": 1.0, "juv": 0.0, "B": 1.17, "Q": 131.35, "w": 65.55, "h": 0.34, "S": 0.2985, "elv": "Fremsttjønnbekken", "km": 1.6}}, {"type": "Feature", "geometry": {"type": "LineString", "coordinates": [[12.86086, 64.49378], [12.86032, 64.49316]]}, "properties": {"P": 21.64, "tau": 81.23, "tau_c": 190.57, "omega": 113.53, "M": 0.43, "D": 0.0, "R": 0.11, "sving": 0.13, "os": 0.11, "foss": 1.0, "juv": 0.0, "B": 0.48, "Q": 1.56, "w": 9.21, "h": 0.12, "S": 0.06845, "elv": "bekk", "km": 1.3}}, {"type": "Feature", "geometry": {"type": "LineString", "coordinates": [[12.86032, 64.49316], [12.86016, 64.49256]]}, "properties": {"P": 22.39, "tau": 66.21, "tau_c": 170.65, "omega": 83.91, "M": 0.39, "D": 0.03, "R": 0.08, "sving": 0.43, "os": 0.15, "foss": 0.72, "juv": 0.0, "B": 0.48, "Q": 1.6, "w": 10.29, "h": 0.12, "S": 0.05489, "elv": "bekk", "km": 1.4}}, {"type": "Feature", "geometry": {"type": "LineString", "coordinates": [[12.9022, 64.54986], [12.90229, 64.55073]]}, "properties": {"P": 19.26, "tau": 90.99, "tau_c": 287.74, "omega": 120.15, "M": 0.32, "D": 0.0, "R": 0.03, "sving": 0.17, "os": 0.33, "foss": 1.0, "juv": 0.0, "B": 0.39, "Q": 0.5, "w": 6.31, "h": 0.06, "S": 0.15605, "elv": "bekk", "km": 2.0}}, {"type": "Feature", "geometry": {"type": "LineString", "coordinates": [[12.90229, 64.55073], [12.903, 64.55156]]}, "properties": {"P": 23.99, "tau": 94.08, "tau_c": 289.67, "omega": 126.75, "M": 0.32, "D": 0.02, "R": 0.04, "sving": 0.29, "os": 0.53, "foss": 1.0, "juv": 0.0, "B": 0.4, "Q": 0.53, "w": 6.49, "h": 0.06, "S": 0.15815, "elv": "bekk", "km": 2.1}}, {"type": "Feature", "geometry": {"type": "LineString", "coordinates": [[12.903, 64.55156], [12.90328, 64.55243]]}, "properties": {"P": 25.67, "tau": 87.84, "tau_c": 275.62, "omega": 114.93, "M": 0.32, "D": 0.05, "R": 0.04, "sving": 0.04, "os": 0.87, "foss": 1.0, "juv": 0.0, "B": 0.4, "Q": 0.55, "w": 6.68, "h": 0.06, "S": 0.14319, "elv": "bekk", "km": 2.2}}, {"type": "Feature", "geometry": {"type": "LineString", "coordinates": [[12.90328, 64.55243], [12.90424, 64.55313]]}, "properties": {"P": 29.55, "tau": 77.26, "tau_c": 245.76, "omega": 96.33, "M": 0.31, "D": 0.09, "R": 0.03, "sving": 0.44, "os": 0.7, "foss": 1.0, "juv": 0.0, "B": 0.41, "Q": 0.59, "w": 6.81, "h": 0.07, "S": 0.11384, "elv": "bekk", "km": 2.3}}, {"type": "Feature", "geometry": {"type": "LineString", "coordinates": [[12.90424, 64.55313], [12.90452, 64.55394]]}, "properties": {"P": 23.45, "tau": 77.03, "tau_c": 244.39, "omega": 96.03, "M": 0.32, "D": 0.08, "R": 0.03, "sving": 0.21, "os": 0.45, "foss": 1.0, "juv": 0.0, "B": 0.41, "Q": 0.6, "w": 6.92, "h": 0.07, "S": 0.11258, "elv": "bekk", "km": 2.4}}, {"type": "Feature", "geometry": {"type": "LineString", "coordinates": [[12.90452, 64.55394], [12.90313, 64.55449]]}, "properties": {"P": 19.71, "tau": 68.23, "tau_c": 225.21, "omega": 80.58, "M": 0.3, "D": 0.08, "R": 0.03, "sving": 0.1, "os": 0.29, "foss": 1.0, "juv": 0.0, "B": 0.41, "Q": 0.6, "w": 7.0, "h": 0.07, "S": 0.09559, "elv": "bekk", "km": 2.5}}, {"type": "Feature", "geometry": {"type": "LineString", "coordinates": [[12.90313, 64.55449], [12.90238, 64.55519]]}, "properties": {"P": 18.21, "tau": 69.71, "tau_c": 226.77, "omega": 83.32, "M": 0.31, "D": 0.05, "R": 0.03, "sving": 0.08, "os": 0.22, "foss": 1.0, "juv": 0.0, "B": 0.41, "Q": 0.62, "w": 7.03, "h": 0.07, "S": 0.09692, "elv": "bekk", "km": 2.6}}, {"type": "Feature", "geometry": {"type": "LineString", "coordinates": [[12.90238, 64.55519], [12.90293, 64.55602]]}, "properties": {"P": 18.68, "tau": 64.59, "tau_c": 214.84, "omega": 74.68, "M": 0.3, "D": 0.04, "R": 0.03, "sving": 0.21, "os": 0.15, "foss": 1.0, "juv": 0.0, "B": 0.41, "Q": 0.62, "w": 7.05, "h": 0.08, "S": 0.087, "elv": "bekk", "km": 2.7}}, {"type": "Feature", "geometry": {"type": "LineString", "coordinates": [[12.90293, 64.55602], [12.90279, 64.55687]]}, "properties": {"P": 19.53, "tau": 66.22, "tau_c": 218.97, "omega": 77.38, "M": 0.3, "D": 0.01, "R": 0.03, "sving": 0.36, "os": 0.11, "foss": 1.0, "juv": 0.0, "B": 0.41, "Q": 0.62, "w": 7.07, "h": 0.07, "S": 0.09038, "elv": "bekk", "km": 2.8}}, {"type": "Feature", "geometry": {"type": "LineString", "coordinates": [[12.90279, 64.55687], [12.90077, 64.55703]]}, "properties": {"P": 22.73, "tau": 67.0, "tau_c": 220.86, "omega": 78.68, "M": 0.3, "D": 0.02, "R": 0.03, "sving": 0.55, "os": 0.15, "foss": 1.0, "juv": 0.0, "B": 0.41, "Q": 0.62, "w": 7.07, "h": 0.07, "S": 0.09194, "elv": "bekk", "km": 2.9}}, {"type": "Feature", "geometry": {"type": "LineString", "coordinates": [[12.89703, 64.55749], [12.89656, 64.55821]]}, "properties": {"P": 21.96, "tau": 64.89, "tau_c": 200.97, "omega": 76.89, "M": 0.32, "D": 0.03, "R": 0.04, "sving": 0.13, "os": 0.41, "foss": 1.0, "juv": 0.0, "B": 0.42, "Q": 0.78, "w": 7.61, "h": 0.09, "S": 0.07613, "elv": "bekk", "km": 3.2}}, {"type": "Feature", "geometry": {"type": "LineString", "coordinates": [[12.89656, 64.55821], [12.8969, 64.55907]]}, "properties": {"P": 24.96, "tau": 60.94, "tau_c": 195.0, "omega": 69.97, "M": 0.31, "D": 0.07, "R": 0.03, "sving": 0.12, "os": 0.6, "foss": 1.0, "juv": 0.0, "B": 0.42, "Q": 0.78, "w": 7.87, "h": 0.09, "S": 0.07167, "elv": "bekk", "km": 3.3}}, {"type": "Feature", "geometry": {"type": "LineString", "coordinates": [[12.89331, 64.55953], [12.8915, 64.55943]]}, "properties": {"P": 26.67, "tau": 56.88, "tau_c": 155.88, "omega": 67.06, "M": 0.36, "D": 0.05, "R": 0.06, "sving": 0.02, "os": 0.62, "foss": 1.0, "juv": 0.0, "B": 0.47, "Q": 1.48, "w": 9.91, "h": 0.13, "S": 0.0458, "elv": "bekk", "km": 3.6}}, {"type": "Feature", "geometry": {"type": "LineString", "coordinates": [[12.8915, 64.55943], [12.88958, 64.55957]]}, "properties": {"P": 22.45, "tau": 40.81, "tau_c": 126.42, "omega": 41.34, "M": 0.32, "D": 0.1, "R": 0.04, "sving": 0.21, "os": 0.4, "foss": 0.72, "juv": 0.0, "B": 0.47, "Q": 1.48, "w": 10.59, "h": 0.14, "S": 0.03012, "elv": "bekk", "km": 3.7}}, {"type": "Feature", "geometry": {"type": "LineString", "coordinates": [[12.88958, 64.55957], [12.88786, 64.56007]]}, "properties": {"P": 24.66, "tau": 41.35, "tau_c": 127.14, "omega": 42.2, "M": 0.33, "D": 0.07, "R": 0.04, "sving": 0.24, "os": 0.26, "foss": 1.0, "juv": 0.0, "B": 0.47, "Q": 1.58, "w": 11.18, "h": 0.14, "S": 0.03047, "elv": "bekk", "km": 3.8}}, {"type": "Feature", "geometry": {"type": "LineString", "coordinates": [[12.88786, 64.56007], [12.88616, 64.56059]]}, "properties": {"P": 15.61, "tau": 41.33, "tau_c": 127.08, "omega": 42.18, "M": 0.33, "D": 0.06, "R": 0.04, "sving": 0.03, "os": 0.16, "foss": 0.72, "juv": 0.0, "B": 0.47, "Q": 1.59, "w": 11.27, "h": 0.14, "S": 0.03044, "elv": "bekk", "km": 3.9}}, {"type": "Feature", "geometry": {"type": "LineString", "coordinates": [[12.88616, 64.56059], [12.88436, 64.56104]]}, "properties": {"P": 18.58, "tau": 44.1, "tau_c": 132.13, "omega": 46.4, "M": 0.33, "D": 0.0, "R": 0.04, "sving": 0.08, "os": 0.1, "foss": 1.0, "juv": 0.0, "B": 0.47, "Q": 1.59, "w": 11.08, "h": 0.14, "S": 0.03291, "elv": "bekk", "km": 4.0}}, {"type": "Feature", "geometry": {"type": "LineString", "coordinates": [[12.88436, 64.56104], [12.88235, 64.56127]]}, "properties": {"P": 17.22, "tau": 46.52, "tau_c": 137.28, "omega": 50.1, "M": 0.34, "D": 0.0, "R": 0.05, "sving": 0.02, "os": 0.06, "foss": 1.0, "juv": 0.0, "B": 0.47, "Q": 1.59, "w": 11.09, "h": 0.13, "S": 0.03552, "elv": "bekk", "km": 4.1}}, {"type": "Feature", "geometry": {"type": "LineString", "coordinates": [[12.88235, 64.56127], [12.88043, 64.56161]]}, "properties": {"P": 18.77, "tau": 57.18, "tau_c": 159.17, "omega": 67.34, "M": 0.36, "D": 0.0, "R": 0.06, "sving": 0.17, "os": 0.0, "foss": 1.0, "juv": 0.0, "B": 0.47, "Q": 1.59, "w": 11.09, "h": 0.12, "S": 0.04775, "elv": "bekk", "km": 4.2}}, {"type": "Feature", "geometry": {"type": "LineString", "coordinates": [[12.88043, 64.56161], [12.8788, 64.56216]]}, "properties": {"P": 17.73, "tau": 62.51, "tau_c": 169.69, "omega": 76.52, "M": 0.37, "D": 0.0, "R": 0.06, "sving": 0.09, "os": 0.0, "foss": 1.0, "juv": 0.0, "B": 0.47, "Q": 1.59, "w": 11.09, "h": 0.12, "S": 0.05427, "elv": "bekk", "km": 4.3}}, {"type": "Feature", "geometry": {"type": "LineString", "coordinates": [[12.8788, 64.56216], [12.87774, 64.56285]]}, "properties": {"P": 18.76, "tau": 69.83, "tau_c": 183.71, "omega": 89.69, "M": 0.38, "D": 0.0, "R": 0.07, "sving": 0.15, "os": 0.0, "foss": 1.0, "juv": 0.0, "B": 0.47, "Q": 1.59, "w": 11.09, "h": 0.11, "S": 0.06361, "elv": "bekk", "km": 4.4}}, {"type": "Feature", "geometry": {"type": "LineString", "coordinates": [[12.87774, 64.56285], [12.87609, 64.56322]]}, "properties": {"P": 18.35, "tau": 72.29, "tau_c": 190.33, "omega": 93.97, "M": 0.38, "D": 0.0, "R": 0.07, "sving": 0.12, "os": 0.0, "foss": 1.0, "juv": 0.0, "B": 0.47, "Q": 1.59, "w": 11.36, "h": 0.11, "S": 0.06828, "elv": "bekk", "km": 4.5}}, {"type": "Feature", "geometry": {"type": "LineString", "coordinates": [[12.87609, 64.56322], [12.87461, 64.56386]]}, "properties": {"P": 17.37, "tau": 75.34, "tau_c": 196.05, "omega": 99.69, "M": 0.38, "D": 0.01, "R": 0.08, "sving": 0.04, "os": 0.0, "foss": 1.0, "juv": 0.0, "B": 0.47, "Q": 1.59, "w": 11.36, "h": 0.11, "S": 0.07244, "elv": "bekk", "km": 4.6}}, {"type": "Feature", "geometry": {"type": "LineString", "coordinates": [[12.87461, 64.56386], [12.87347, 64.5646]]}, "properties": {"P": 18.33, "tau": 76.34, "tau_c": 199.53, "omega": 101.36, "M": 0.38, "D": 0.01, "R": 0.07, "sving": 0.1, "os": 0.0, "foss": 1.0, "juv": 0.0, "B": 0.47, "Q": 1.59, "w": 11.58, "h": 0.1, "S": 0.07504, "elv": "bekk", "km": 4.7}}, {"type": "Feature", "geometry": {"type": "LineString", "coordinates": [[12.87347, 64.5646], [12.87251, 64.56537]]}, "properties": {"P": 25.99, "tau": 68.27, "tau_c": 185.78, "omega": 86.16, "M": 0.37, "D": 0.04, "R": 0.06, "sving": 0.61, "os": 0.0, "foss": 1.0, "juv": 0.0, "B": 0.47, "Q": 1.59, "w": 11.81, "h": 0.11, "S": 0.06505, "elv": "bekk", "km": 4.8}}, {"type": "Feature", "geometry": {"type": "LineString", "coordinates": [[12.87251, 64.56537], [12.87111, 64.56594]]}, "properties": {"P": 26.34, "tau": 73.49, "tau_c": 182.76, "omega": 97.85, "M": 0.4, "D": 0.05, "R": 0.09, "sving": 0.52, "os": 0.0, "foss": 1.0, "juv": 0.0, "B": 0.48, "Q": 1.91, "w": 12.04, "h": 0.12, "S": 0.06295, "elv": "bekk", "km": 4.9}}, {"type": "Feature", "geometry": {"type": "LineString", "coordinates": [[12.87111, 64.56594], [12.86974, 64.56529]]}, "properties": {"P": 21.38, "tau": 64.28, "tau_c": 166.62, "omega": 80.69, "M": 0.39, "D": 0.09, "R": 0.08, "sving": 0.16, "os": 0.0, "foss": 1.0, "juv": 0.0, "B": 0.48, "Q": 1.93, "w": 12.29, "h": 0.13, "S": 0.05233, "elv": "bekk", "km": 5.0}}, {"type": "Feature", "geometry": {"type": "LineString", "coordinates": [[12.86974, 64.56529], [12.86801, 64.56497]]}, "properties": {"P": 21.6, "tau": 57.38, "tau_c": 154.52, "omega": 68.46, "M": 0.37, "D": 0.08, "R": 0.07, "sving": 0.2, "os": 0.0, "foss": 1.0, "juv": 0.0, "B": 0.48, "Q": 1.94, "w": 12.54, "h": 0.13, "S": 0.045, "elv": "bekk", "km": 5.1}}, {"type": "Feature", "geometry": {"type": "LineString", "coordinates": [[12.86801, 64.56497], [12.86653, 64.56546]]}, "properties": {"P": 17.46, "tau": 55.16, "tau_c": 149.84, "omega": 64.75, "M": 0.37, "D": 0.06, "R": 0.06, "sving": 0.25, "os": 0.0, "foss": 0.72, "juv": 0.0, "B": 0.48, "Q": 1.96, "w": 12.58, "h": 0.13, "S": 0.04232, "elv": "bekk", "km": 5.2}}, {"type": "Feature", "geometry": {"type": "LineString", "coordinates": [[12.86653, 64.56546], [12.86454, 64.56565]]}, "properties": {"P": 13.14, "tau": 59.52, "tau_c": 158.32, "omega": 72.2, "M": 0.38, "D": 0.01, "R": 0.07, "sving": 0.16, "os": 0.05, "foss": 0.51, "juv": 0.0, "B": 0.48, "Q": 1.96, "w": 12.6, "h": 0.13, "S": 0.04724, "elv": "bekk", "km": 5.3}}, {"type": "Feature", "geometry": {"type": "LineString", "coordinates": [[12.86454, 64.56565], [12.86256, 64.56549]]}, "properties": {"P": 18.86, "tau": 61.02, "tau_c": 161.81, "omega": 74.73, "M": 0.38, "D": 0.0, "R": 0.07, "sving": 0.04, "os": 0.09, "foss": 1.0, "juv": 0.0, "B": 0.48, "Q": 1.96, "w": 12.71, "h": 0.13, "S": 0.04935, "elv": "bekk", "km": 5.4}}, {"type": "Feature", "geometry": {"type": "LineString", "coordinates": [[12.86256, 64.56549], [12.86051, 64.56552]]}, "properties": {"P": 19.9, "tau": 56.92, "tau_c": 154.69, "omega": 67.55, "M": 0.37, "D": 0.0, "R": 0.06, "sving": 0.06, "os": 0.14, "foss": 1.0, "juv": 0.0, "B": 0.48, "Q": 1.96, "w": 12.85, "h": 0.13, "S": 0.0451, "elv": "bekk", "km": 5.5}}, {"type": "Feature", "geometry": {"type": "LineString", "coordinates": [[12.86051, 64.56552], [12.85876, 64.56599]]}, "properties": {"P": 24.13, "tau": 62.22, "tau_c": 160.01, "omega": 77.47, "M": 0.39, "D": 0.0, "R": 0.08, "sving": 0.21, "os": 0.23, "foss": 1.0, "juv": 0.0, "B": 0.49, "Q": 2.13, "w": 13.0, "h": 0.13, "S": 0.04826, "elv": "bekk", "km": 5.6}}, {"type": "Feature", "geometry": {"type": "LineString", "coordinates": [[12.85876, 64.56599], [12.85727, 64.56625]]}, "properties": {"P": 21.55, "tau": 68.54, "tau_c": 170.31, "omega": 89.21, "M": 0.4, "D": 0.0, "R": 0.09, "sving": 0.18, "os": 0.35, "foss": 0.72, "juv": 0.0, "B": 0.49, "Q": 2.19, "w": 13.15, "h": 0.13, "S": 0.05467, "elv": "bekk", "km": 5.7}}, {"type": "Feature", "geometry": {"type": "LineString", "coordinates": [[12.87367, 64.44654], [12.87293, 64.44724]]}, "properties": {"P": 6.48, "tau": 22.86, "tau_c": 66.42, "omega": 19.2, "M": 0.34, "D": 0.0, "R": 0.05, "sving": 0.17, "os": 0.15, "foss": 0.0, "juv": 0.0, "B": 0.5, "Q": 2.63, "w": 11.16, "h": 0.28, "S": 0.00831, "elv": "Tverrelva", "km": 0.2}}, {"type": "Feature", "geometry": {"type": "LineString", "coordinates": [[12.87293, 64.44724], [12.87145, 64.44786]]}, "properties": {"P": 18.28, "tau": 19.4, "tau_c": 62.95, "omega": 14.96, "M": 0.31, "D": 0.1, "R": 0.03, "sving": 0.87, "os": 0.11, "foss": 0.0, "juv": 0.0, "B": 0.5, "Q": 2.63, "w": 12.88, "h": 0.26, "S": 0.00747, "elv": "Tverrelva", "km": 0.3}}, {"type": "Feature", "geometry": {"type": "LineString", "coordinates": [[12.86606, 64.4507], [12.86485, 64.45143]]}, "properties": {"P": 1.13, "tau": 28.08, "tau_c": 85.5, "omega": 25.24, "M": 0.33, "D": -0.0, "R": 0.04, "sving": 0.0, "os": 0.0, "foss": 0.0, "juv": 0.0, "B": 0.51, "Q": 2.81, "w": 15.05, "h": 0.21, "S": 0.01378, "elv": "Tverrelva", "km": 0.9}}, {"type": "Feature", "geometry": {"type": "LineString", "coordinates": [[12.86485, 64.45143], [12.86322, 64.45198]]}, "properties": {"P": 7.04, "tau": 31.52, "tau_c": 92.9, "omega": 29.79, "M": 0.34, "D": -0.0, "R": 0.05, "sving": 0.36, "os": 0.0, "foss": 0.0, "juv": 0.0, "B": 0.51, "Q": 2.82, "w": 15.11, "h": 0.2, "S": 0.01627, "elv": "Tverrelva", "km": 1.0}}, {"type": "Feature", "geometry": {"type": "LineString", "coordinates": [[12.86322, 64.45198], [12.8615, 64.45248]]}, "properties": {"P": 20.97, "tau": 35.41, "tau_c": 100.89, "omega": 35.2, "M": 0.35, "D": -0.0, "R": 0.05, "sving": 0.22, "os": 0.0, "foss": 1.0, "juv": 0.0, "B": 0.51, "Q": 2.83, "w": 15.13, "h": 0.19, "S": 0.01919, "elv": "Tverrelva", "km": 1.1}}, {"type": "Feature", "geometry": {"type": "LineString", "coordinates": [[12.8615, 64.45248], [12.85965, 64.45288]]}, "properties": {"P": 15.19, "tau": 37.01, "tau_c": 104.17, "omega": 37.5, "M": 0.36, "D": -0.0, "R": 0.06, "sving": 0.14, "os": 0.0, "foss": 0.72, "juv": 0.0, "B": 0.51, "Q": 2.83, "w": 15.15, "h": 0.18, "S": 0.02045, "elv": "Tverrelva", "km": 1.2}}, {"type": "Feature", "geometry": {"type": "LineString", "coordinates": [[12.85965, 64.45288], [12.85772, 64.4532]]}, "properties": {"P": 15.2, "tau": 43.7, "tau_c": 117.29, "omega": 47.61, "M": 0.37, "D": -0.0, "R": 0.07, "sving": 0.32, "os": 0.0, "foss": 0.51, "juv": 0.0, "B": 0.51, "Q": 2.84, "w": 15.16, "h": 0.17, "S": 0.02593, "elv": "Tverrelva", "km": 1.3}}, {"type": "Feature", "geometry": {"type": "LineString", "coordinates": [[12.85772, 64.4532], [12.85577, 64.45346]]}, "properties": {"P": 20.23, "tau": 62.3, "tau_c": 151.13, "omega": 79.18, "M": 0.41, "D": -0.0, "R": 0.1, "sving": 0.72, "os": 0.0, "foss": 0.37, "juv": 0.0, "B": 0.51, "Q": 2.85, "w": 15.18, "h": 0.15, "S": 0.04305, "elv": "Tverrelva", "km": 1.4}}, {"type": "Feature", "geometry": {"type": "LineString", "coordinates": [[12.85577, 64.45346], [12.85556, 64.45416]]}, "properties": {"P": 30.98, "tau": 76.3, "tau_c": 174.77, "omega": 105.86, "M": 0.44, "D": -0.0, "R": 0.12, "sving": 0.72, "os": 0.0, "foss": 1.0, "juv": 0.0, "B": 0.51, "Q": 2.85, "w": 15.2, "h": 0.14, "S": 0.05757, "elv": "Tverrelva", "km": 1.5}}, {"type": "Feature", "geometry": {"type": "LineString", "coordinates": [[12.85556, 64.45416], [12.85699, 64.45473]]}, "properties": {"P": 30.37, "tau": 79.68, "tau_c": 180.38, "omega": 112.64, "M": 0.44, "D": -0.0, "R": 0.13, "sving": 0.68, "os": 0.0, "foss": 1.0, "juv": 0.0, "B": 0.51, "Q": 2.85, "w": 15.23, "h": 0.13, "S": 0.06133, "elv": "Tverrelva", "km": 1.6}}, {"type": "Feature", "geometry": {"type": "LineString", "coordinates": [[12.85699, 64.45473], [12.85833, 64.45539]]}, "properties": {"P": 19.92, "tau": 83.37, "tau_c": 185.67, "omega": 120.31, "M": 0.45, "D": -0.0, "R": 0.13, "sving": 0.01, "os": 0.0, "foss": 1.0, "juv": 0.0, "B": 0.51, "Q": 2.88, "w": 15.25, "h": 0.13, "S": 0.06498, "elv": "Tverrelva", "km": 1.7}}, {"type": "Feature", "geometry": {"type": "LineString", "coordinates": [[12.85833, 64.45539], [12.85937, 64.45615]]}, "properties": {"P": 20.53, "tau": 86.48, "tau_c": 190.41, "omega": 126.83, "M": 0.45, "D": 0.03, "R": 0.14, "sving": 0.01, "os": 0.0, "foss": 1.0, "juv": 0.0, "B": 0.51, "Q": 2.89, "w": 15.28, "h": 0.13, "S": 0.06833, "elv": "Tverrelva", "km": 1.8}}, {"type": "Feature", "geometry": {"type": "LineString", "coordinates": [[12.85937, 64.45615], [12.85904, 64.45701]]}, "properties": {"P": 25.8, "tau": 84.75, "tau_c": 187.76, "omega": 123.21, "M": 0.45, "D": 0.1, "R": 0.13, "sving": 0.18, "os": 0.05, "foss": 1.0, "juv": 0.0, "B": 0.51, "Q": 2.89, "w": 15.3, "h": 0.13, "S": 0.06645, "elv": "Tverrelva", "km": 1.9}}, {"type": "Feature", "geometry": {"type": "LineString", "coordinates": [[12.85904, 64.45701], [12.86038, 64.45752]]}, "properties": {"P": 31.02, "tau": 68.28, "tau_c": 160.83, "omega": 90.4, "M": 0.42, "D": 0.21, "R": 0.11, "sving": 0.4, "os": 0.06, "foss": 1.0, "juv": 0.0, "B": 0.51, "Q": 2.9, "w": 15.32, "h": 0.14, "S": 0.04875, "elv": "Tverrelva", "km": 2.0}}, {"type": "Feature", "geometry": {"type": "LineString", "coordinates": [[12.86038, 64.45752], [12.86225, 64.45783]]}, "properties": {"P": 32.1, "tau": 44.53, "tau_c": 118.35, "omega": 48.99, "M": 0.38, "D": 0.29, "R": 0.07, "sving": 0.68, "os": 0.08, "foss": 0.72, "juv": 0.0, "B": 0.51, "Q": 2.9, "w": 15.33, "h": 0.17, "S": 0.0264, "elv": "Tverrelva", "km": 2.1}}, {"type": "Feature", "geometry": {"type": "LineString", "coordinates": [[12.86225, 64.45783], [12.86433, 64.45779]]}, "properties": {"P": 21.23, "tau": 38.97, "tau_c": 107.5, "omega": 40.46, "M": 0.36, "D": 0.28, "R": 0.06, "sving": 0.19, "os": 0.13, "foss": 0.51, "juv": 0.0, "B": 0.51, "Q": 2.9, "w": 15.34, "h": 0.18, "S": 0.02178, "elv": "Tverrelva", "km": 2.2}}, {"type": "Feature", "geometry": {"type": "LineString", "coordinates": [[12.86433, 64.45779], [12.86639, 64.45773]]}, "properties": {"P": 16.06, "tau": 31.3, "tau_c": 91.82, "omega": 29.56, "M": 0.34, "D": 0.22, "R": 0.05, "sving": 0.03, "os": 0.22, "foss": 0.37, "juv": 0.0, "B": 0.51, "Q": 2.91, "w": 15.35, "h": 0.2, "S": 0.01589, "elv": "Tverrelva", "km": 2.3}}, {"type": "Feature", "geometry": {"type": "LineString", "coordinates": [[12.86639, 64.45773], [12.8683, 64.4579]]}, "properties": {"P": 12.98, "tau": 28.89, "tau_c": 87.17, "omega": 26.3, "M": 0.33, "D": 0.11, "R": 0.04, "sving": 0.24, "os": 0.35, "foss": 0.0, "juv": 0.0, "B": 0.51, "Q": 2.91, "w": 15.57, "h": 0.21, "S": 0.01432, "elv": "Tverrelva", "km": 2.4}}, {"type": "Feature", "geometry": {"type": "LineString", "coordinates": [[12.8683, 64.4579], [12.8703, 64.45814]]}, "properties": {"P": 15.53, "tau": 29.44, "tau_c": 88.81, "omega": 26.99, "M": 0.33, "D": 0.05, "R": 0.04, "sving": 0.27, "os": 0.56, "foss": 0.0, "juv": 0.0, "B": 0.51, "Q": 2.92, "w": 15.78, "h": 0.2, "S": 0.01487, "elv": "Tverrelva", "km": 2.5}}, {"type": "Feature", "geometry": {"type": "LineString", "coordinates": [[12.8703, 64.45814], [12.87191, 64.4586]]}, "properties": {"P": 17.47, "tau": 41.31, "tau_c": 107.72, "omega": 44.55, "M": 0.38, "D": -0.0, "R": 0.08, "sving": 0.02, "os": 0.92, "foss": 0.0, "juv": 0.0, "B": 0.52, "Q": 3.32, "w": 16.0, "h": 0.19, "S": 0.02187, "elv": "Tverrelva", "km": 2.6}}, {"type": "Feature", "geometry": {"type": "LineString", "coordinates": [[12.87191, 64.4586], [12.87354, 64.45913]]}, "properties": {"P": 14.64, "tau": 50.5, "tau_c": 125.08, "omega": 59.35, "M": 0.4, "D": -0.0, "R": 0.09, "sving": 0.07, "os": 0.67, "foss": 0.0, "juv": 0.0, "B": 0.52, "Q": 3.33, "w": 16.21, "h": 0.17, "S": 0.02949, "elv": "Tverrelva", "km": 2.7}}, {"type": "Feature", "geometry": {"type": "LineString", "coordinates": [[12.87354, 64.45913], [12.87538, 64.45933]]}, "properties": {"P": 27.55, "tau": 54.48, "tau_c": 132.74, "omega": 66.07, "M": 0.41, "D": -0.0, "R": 0.1, "sving": 0.11, "os": 0.41, "foss": 1.0, "juv": 0.0, "B": 0.52, "Q": 3.33, "w": 16.42, "h": 0.17, "S": 0.03321, "elv": "Tverrelva", "km": 2.8}}, {"type": "Feature", "geometry": {"type": "LineString", "coordinates": [[12.87538, 64.45933], [12.87715, 64.45971]]}, "properties": {"P": 31.95, "tau": 64.14, "tau_c": 149.24, "omega": 83.49, "M": 0.43, "D": -0.0, "R": 0.11, "sving": 0.49, "os": 0.27, "foss": 1.0, "juv": 0.0, "B": 0.52, "Q": 3.33, "w": 16.44, "h": 0.16, "S": 0.04198, "elv": "Tverrelva", "km": 2.9}}, {"type": "Feature", "geometry": {"type": "LineString", "coordinates": [[12.87715, 64.45971], [12.87907, 64.45997]]}, "properties": {"P": 32.04, "tau": 65.83, "tau_c": 152.13, "omega": 86.65, "M": 0.43, "D": -0.0, "R": 0.12, "sving": 0.59, "os": 0.17, "foss": 1.0, "juv": 0.0, "B": 0.52, "Q": 3.33, "w": 16.46, "h": 0.15, "S": 0.04362, "elv": "Tverrelva", "km": 3.0}}, {"type": "Feature", "geometry": {"type": "LineString", "coordinates": [[12.87907, 64.45997], [12.87841, 64.46069]]}, "properties": {"P": 30.19, "tau": 88.68, "tau_c": 187.91, "omega": 132.87, "M": 0.47, "D": -0.0, "R": 0.16, "sving": 0.47, "os": 0.1, "foss": 1.0, "juv": 0.0, "B": 0.52, "Q": 3.35, "w": 16.48, "h": 0.14, "S": 0.06655, "elv": "Tverrelva", "km": 3.1}}, {"type": "Feature", "geometry": {"type": "LineString", "coordinates": [[12.87841, 64.46069], [12.8779, 64.46156]]}, "properties": {"P": 28.64, "tau": 90.63, "tau_c": 190.65, "omega": 137.13, "M": 0.48, "D": -0.0, "R": 0.16, "sving": 0.33, "os": 0.15, "foss": 1.0, "juv": 0.0, "B": 0.52, "Q": 3.37, "w": 16.5, "h": 0.13, "S": 0.06851, "elv": "Tverrelva", "km": 3.2}}, {"type": "Feature", "geometry": {"type": "LineString", "coordinates": [[12.8779, 64.46156], [12.87762, 64.46238]]}, "properties": {"P": 28.26, "tau": 89.31, "tau_c": 188.64, "omega": 134.3, "M": 0.47, "D": -0.0, "R": 0.16, "sving": 0.22, "os": 0.23, "foss": 1.0, "juv": 0.0, "B": 0.52, "Q": 3.38, "w": 16.54, "h": 0.14, "S": 0.06707, "elv": "Tverrelva", "km": 3.3}}, {"type": "Feature", "geometry": {"type": "LineString", "coordinates": [[12.87762, 64.46238], [12.87831, 64.46311]]}, "properties": {"P": 31.19, "tau": 106.41, "tau_c": 213.88, "omega": 172.6, "M": 0.5, "D": -0.0, "R": 0.18, "sving": 0.23, "os": 0.36, "foss": 1.0, "juv": 0.0, "B": 0.52, "Q": 3.38, "w": 16.56, "h": 0.13, "S": 0.08622, "elv": "Tverrelva", "km": 3.4}}, {"type": "Feature", "geometry": {"type": "LineString", "coordinates": [[12.87831, 64.46311], [12.87873, 64.46396]]}, "properties": {"P": 38.35, "tau": 122.17, "tau_c": 235.42, "omega": 210.54, "M": 0.52, "D": -0.0, "R": 0.21, "sving": 0.42, "os": 0.55, "foss": 1.0, "juv": 0.0, "B": 0.53, "Q": 3.41, "w": 16.58, "h": 0.12, "S": 0.10446, "elv": "Tverrelva", "km": 3.5}}, {"type": "Feature", "geometry": {"type": "LineString", "coordinates": [[12.87873, 64.46396], [12.87731, 64.4645]]}, "properties": {"P": 49.18, "tau": 127.91, "tau_c": 243.42, "omega": 224.81, "M": 0.53, "D": 0.02, "R": 0.22, "sving": 0.69, "os": 0.9, "foss": 1.0, "juv": 0.0, "B": 0.53, "Q": 3.41, "w": 16.6, "h": 0.12, "S": 0.11168, "elv": "Tverrelva", "km": 3.6}}, {"type": "Feature", "geometry": {"type": "LineString", "coordinates": [[12.87731, 64.4645], [12.87534, 64.46477]]}, "properties": {"P": 41.73, "tau": 107.67, "tau_c": 215.27, "omega": 175.63, "M": 0.5, "D": 0.04, "R": 0.19, "sving": 0.49, "os": 0.68, "foss": 1.0, "juv": 0.0, "B": 0.53, "Q": 3.41, "w": 16.63, "h": 0.13, "S": 0.08735, "elv": "Tverrelva", "km": 3.7}}, {"type": "Feature", "geometry": {"type": "LineString", "coordinates": [[12.87534, 64.46477], [12.87329, 64.46487]]}, "properties": {"P": 33.37, "tau": 107.06, "tau_c": 214.24, "omega": 174.25, "M": 0.5, "D": 0.04, "R": 0.19, "sving": 0.25, "os": 0.41, "foss": 1.0, "juv": 0.0, "B": 0.53, "Q": 3.42, "w": 16.64, "h": 0.13, "S": 0.08651, "elv": "Tverrelva", "km": 3.8}}, {"type": "Feature", "geometry": {"type": "LineString", "coordinates": [[12.87329, 64.46487], [12.87156, 64.46526]]}, "properties": {"P": 31.35, "tau": 114.48, "tau_c": 224.62, "omega": 191.85, "M": 0.51, "D": 0.02, "R": 0.2, "sving": 0.57, "os": 0.25, "foss": 0.72, "juv": 0.0, "B": 0.52, "Q": 3.42, "w": 16.65, "h": 0.12, "S": 0.0951, "elv": "Tverrelva", "km": 3.9}}, {"type": "Feature", "geometry": {"type": "LineString", "coordinates": [[12.87156, 64.46526], [12.87119, 64.46607]]}, "properties": {"P": 33.19, "tau": 149.99, "tau_c": 272.34, "omega": 282.53, "M": 0.55, "D": -0.0, "R": 0.25, "sving": 0.44, "os": 0.16, "foss": 1.0, "juv": 0.0, "B": 0.52, "Q": 3.43, "w": 16.67, "h": 0.11, "S": 0.1398, "elv": "Tverrelva", "km": 4.0}}, {"type": "Feature", "geometry": {"type": "LineString", "coordinates": [[12.87119, 64.46607], [12.87166, 64.46681]]}, "properties": {"P": 32.13, "tau": 149.01, "tau_c": 267.16, "omega": 281.11, "M": 0.56, "D": -0.0, "R": 0.26, "sving": 0.3, "os": 0.12, "foss": 1.0, "juv": 0.14, "B": 0.52, "Q": 3.44, "w": 16.13, "h": 0.11, "S": 0.13453, "elv": "Tverrelva", "km": 4.1}}, {"type": "Feature", "geometry": {"type": "LineString", "coordinates": [[12.87166, 64.46681], [12.8711, 64.46765]]}, "properties": {"P": 29.99, "tau": 163.94, "tau_c": 281.74, "omega": 323.73, "M": 0.58, "D": -0.0, "R": 0.29, "sving": 0.04, "os": 0.1, "foss": 1.0, "juv": 0.29, "B": 0.53, "Q": 3.44, "w": 15.59, "h": 0.11, "S": 0.14962, "elv": "Tverrelva", "km": 4.2}}, {"type": "Feature", "geometry": {"type": "LineString", "coordinates": [[12.90158, 64.58147], [12.89974, 64.5818]]}, "properties": {"P": 30.75, "tau": 145.62, "tau_c": 179.82, "omega": 309.15, "M": 0.81, "D": 0.0, "R": 0.59, "sving": 0.35, "os": 0.0, "foss": 1.0, "juv": 0.0, "B": 0.42, "Q": 21.34, "w": 41.26, "h": 0.24, "S": 0.06094, "elv": "Nesåa", "km": 0.0}}, {"type": "Feature", "geometry": {"type": "LineString", "coordinates": [[12.89974, 64.5818], [12.89789, 64.58174]]}, "properties": {"P": 46.31, "tau": 150.94, "tau_c": 179.82, "omega": 327.95, "M": 0.84, "D": 0.0, "R": 0.63, "sving": 0.23, "os": 0.0, "foss": 1.0, "juv": 0.0, "B": 0.65, "Q": 21.37, "w": 38.95, "h": 0.25, "S": 0.06094, "elv": "Nesåa", "km": 0.1}}, {"type": "Feature", "geometry": {"type": "LineString", "coordinates": [[12.89789, 64.58174], [12.89582, 64.58168]]}, "properties": {"P": 47.59, "tau": 156.73, "tau_c": 179.82, "omega": 348.87, "M": 0.87, "D": 0.0, "R": 0.66, "sving": 0.23, "os": 0.0, "foss": 1.0, "juv": 0.0, "B": 0.65, "Q": 21.38, "w": 36.63, "h": 0.26, "S": 0.06094, "elv": "Nesåa", "km": 0.2}}, {"type": "Feature", "geometry": {"type": "LineString", "coordinates": [[12.9544, 64.58103], [12.95273, 64.58142]]}, "properties": {"P": 23.19, "tau": 59.79, "tau_c": 80.79, "omega": 90.02, "M": 0.74, "D": 0.0, "R": 0.5, "sving": 0.31, "os": 0.0, "foss": 0.0, "juv": 0.0, "B": 0.65, "Q": 19.65, "w": 26.33, "h": 0.5, "S": 0.0123, "elv": "bekk", "km": 0.5}}, {"type": "Feature", "geometry": {"type": "LineString", "coordinates": [[12.99787, 64.564], [12.99864, 64.56483]]}, "properties": {"P": 23.47, "tau": 89.55, "tau_c": 159.71, "omega": 141.73, "M": 0.56, "D": 0.0, "R": 0.26, "sving": 0.15, "os": 0.26, "foss": 0.51, "juv": 0.0, "B": 0.55, "Q": 4.43, "w": 14.74, "h": 0.19, "S": 0.04808, "elv": "bekk", "km": 1.7}}, {"type": "Feature", "geometry": {"type": "LineString", "coordinates": [[12.86378, 64.58075], [12.8617, 64.58078]]}, "properties": {"P": 32.09, "tau": 200.94, "tau_c": 217.53, "omega": 496.37, "M": 0.92, "D": 0.01, "R": 0.72, "sving": 0.94, "os": 0.26, "foss": 0.0, "juv": 0.0, "B": 0.42, "Q": 22.99, "w": 40.52, "h": 0.23, "S": 0.08919, "elv": "Nesåa", "km": 0.0}}, {"type": "Feature", "geometry": {"type": "LineString", "coordinates": [[12.8617, 64.58078], [12.85976, 64.58074]]}, "properties": {"P": 80.66, "tau": 186.39, "tau_c": 200.2, "omega": 449.63, "M": 0.93, "D": 0.03, "R": 0.73, "sving": 0.68, "os": 0.18, "foss": 1.0, "juv": 0.0, "B": 0.82, "Q": 22.99, "w": 37.89, "h": 0.25, "S": 0.07554, "elv": "Nesåa", "km": 0.1}}, {"type": "Feature", "geometry": {"type": "LineString", "coordinates": [[12.85976, 64.58074], [12.85906, 64.5799]]}, "properties": {"P": 74.12, "tau": 185.91, "tau_c": 198.38, "omega": 448.96, "M": 0.94, "D": 0.03, "R": 0.74, "sving": 0.48, "os": 0.12, "foss": 1.0, "juv": 0.0, "B": 0.82, "Q": 22.99, "w": 37.26, "h": 0.26, "S": 0.07418, "elv": "Nesåa", "km": 0.2}}, {"type": "Feature", "geometry": {"type": "LineString", "coordinates": [[12.85906, 64.5799], [12.85855, 64.57904]]}, "properties": {"P": 68.81, "tau": 173.11, "tau_c": 188.23, "omega": 405.53, "M": 0.92, "D": 0.05, "R": 0.72, "sving": 0.31, "os": 0.08, "foss": 1.0, "juv": 0.0, "B": 0.82, "Q": 23.08, "w": 37.29, "h": 0.26, "S": 0.06678, "elv": "Nesåa", "km": 0.3}}, {"type": "Feature", "geometry": {"type": "LineString", "coordinates": [[12.85855, 64.57904], [12.85789, 64.57821]]}, "properties": {"P": 64.09, "tau": 195.29, "tau_c": 205.24, "omega": 481.93, "M": 0.95, "D": 0.08, "R": 0.75, "sving": 0.06, "os": 0.06, "foss": 1.0, "juv": 0.0, "B": 0.82, "Q": 23.09, "w": 37.31, "h": 0.25, "S": 0.07939, "elv": "Nesåa", "km": 0.4}}, {"type": "Feature", "geometry": {"type": "LineString", "coordinates": [[12.85789, 64.57821], [12.85656, 64.57752]]}, "properties": {"P": 53.91, "tau": 146.91, "tau_c": 172.4, "omega": 317.84, "M": 0.85, "D": 0.17, "R": 0.64, "sving": 0.07, "os": 0.0, "foss": 0.72, "juv": 0.0, "B": 0.82, "Q": 23.12, "w": 39.97, "h": 0.27, "S": 0.05602, "elv": "Nesåa", "km": 0.5}}, {"type": "Feature", "geometry": {"type": "LineString", "coordinates": [[12.85656, 64.57752], [12.85559, 64.57677]]}, "properties": {"P": 60.81, "tau": 114.75, "tau_c": 148.53, "omega": 221.3, "M": 0.77, "D": 0.2, "R": 0.54, "sving": 0.17, "os": 0.0, "foss": 1.0, "juv": 0.0, "B": 0.82, "Q": 23.13, "w": 42.64, "h": 0.28, "S": 0.04158, "elv": "Nesåa", "km": 0.6}}, {"type": "Feature", "geometry": {"type": "LineString", "coordinates": [[12.85559, 64.57677], [12.8548, 64.57603]]}, "properties": {"P": 56.24, "tau": 114.5, "tau_c": 149.23, "omega": 220.21, "M": 0.77, "D": 0.16, "R": 0.54, "sving": 0.06, "os": 0.0, "foss": 1.0, "juv": 0.0, "B": 0.83, "Q": 23.16, "w": 43.3, "h": 0.28, "S": 0.04197, "elv": "Nesåa", "km": 0.7}}, {"type": "Feature", "geometry": {"type": "LineString", "coordinates": [[12.8548, 64.57603], [12.85332, 64.5754]]}, "properties": {"P": 55.83, "tau": 95.38, "tau_c": 130.92, "omega": 169.52, "M": 0.73, "D": 0.13, "R": 0.48, "sving": 0.4, "os": 0.06, "foss": 0.72, "juv": 0.0, "B": 0.83, "Q": 23.17, "w": 43.31, "h": 0.3, "S": 0.03231, "elv": "Nesåa", "km": 0.8}}, {"type": "Feature", "geometry": {"type": "LineString", "coordinates": [[12.85332, 64.5754], [12.8518, 64.57484]]}, "properties": {"P": 63.49, "tau": 106.59, "tau_c": 141.77, "omega": 198.75, "M": 0.75, "D": 0.1, "R": 0.52, "sving": 0.37, "os": 0.09, "foss": 1.0, "juv": 0.0, "B": 0.83, "Q": 23.17, "w": 43.32, "h": 0.29, "S": 0.03788, "elv": "Nesåa", "km": 0.9}}, {"type": "Feature", "geometry": {"type": "LineString", "coordinates": [[12.8518, 64.57484], [12.8528, 64.57416]]}, "properties": {"P": 53.8, "tau": 79.84, "tau_c": 114.48, "omega": 131.66, "M": 0.7, "D": 0.15, "R": 0.44, "sving": 0.28, "os": 0.14, "foss": 0.72, "juv": 0.0, "B": 0.83, "Q": 23.18, "w": 42.66, "h": 0.33, "S": 0.0247, "elv": "Nesåa", "km": 1.0}}, {"type": "Feature", "geometry": {"type": "LineString", "coordinates": [[12.8528, 64.57416], [12.85379, 64.57348]]}, "properties": {"P": 58.87, "tau": 74.19, "tau_c": 108.64, "omega": 118.52, "M": 0.68, "D": 0.12, "R": 0.42, "sving": 0.23, "os": 0.17, "foss": 1.0, "juv": 0.0, "B": 0.83, "Q": 23.18, "w": 42.68, "h": 0.34, "S": 0.02225, "elv": "Nesåa", "km": 1.1}}, {"type": "Feature", "geometry": {"type": "LineString", "coordinates": [[12.85379, 64.57348], [12.8537, 64.57262]]}, "properties": {"P": 51.97, "tau": 73.13, "tau_c": 107.4, "omega": 116.14, "M": 0.68, "D": 0.11, "R": 0.42, "sving": 0.25, "os": 0.18, "foss": 0.72, "juv": 0.0, "B": 0.83, "Q": 23.26, "w": 42.71, "h": 0.34, "S": 0.02174, "elv": "Nesåa", "km": 1.2}}, {"type": "Feature", "geometry": {"type": "LineString", "coordinates": [[12.8537, 64.57262], [12.85321, 64.57175]]}, "properties": {"P": 48.47, "tau": 66.58, "tau_c": 97.56, "omega": 102.38, "M": 0.68, "D": 0.14, "R": 0.42, "sving": 0.23, "os": 0.23, "foss": 0.51, "juv": 0.0, "B": 0.83, "Q": 23.3, "w": 40.04, "h": 0.38, "S": 0.01794, "elv": "Nesåa", "km": 1.3}}, {"type": "Feature", "geometry": {"type": "LineString", "coordinates": [[12.85321, 64.57175], [12.85301, 64.57086]]}, "properties": {"P": 40.42, "tau": 61.87, "tau_c": 92.57, "omega": 92.15, "M": 0.67, "D": 0.12, "R": 0.4, "sving": 0.08, "os": 0.28, "foss": 0.37, "juv": 0.0, "B": 0.83, "Q": 23.3, "w": 40.07, "h": 0.39, "S": 0.01615, "elv": "Nesåa", "km": 1.4}}, {"type": "Feature", "geometry": {"type": "LineString", "coordinates": [[12.85301, 64.57086], [12.8529, 64.56996]]}, "properties": {"P": 21.76, "tau": 29.28, "tau_c": 54.54, "omega": 31.45, "M": 0.54, "D": 0.09, "R": 0.23, "sving": 0.07, "os": 0.26, "foss": 0.0, "juv": 0.0, "B": 0.83, "Q": 23.3, "w": 40.76, "h": 0.53, "S": 0.00561, "elv": "Nesåa", "km": 1.5}}, {"type": "Feature", "geometry": {"type": "LineString", "coordinates": [[12.8529, 64.56996], [12.85235, 64.5691]]}, "properties": {"P": 27.32, "tau": 70.35, "tau_c": 102.26, "omega": 110.54, "M": 0.69, "D": 0.0, "R": 0.43, "sving": 0.13, "os": 0.21, "foss": 0.0, "juv": 0.0, "B": 0.83, "Q": 23.3, "w": 40.76, "h": 0.36, "S": 0.01971, "elv": "Nesåa", "km": 1.6}}, {"type": "Feature", "geometry": {"type": "LineString", "coordinates": [[12.85235, 64.5691], [12.8515, 64.56828]]}, "properties": {"P": 33.6, "tau": 63.62, "tau_c": 95.15, "omega": 95.71, "M": 0.67, "D": 0.02, "R": 0.4, "sving": 0.44, "os": 0.16, "foss": 0.0, "juv": 0.0, "B": 0.83, "Q": 23.3, "w": 40.76, "h": 0.38, "S": 0.01706, "elv": "Nesåa", "km": 1.7}}, {"type": "Feature", "geometry": {"type": "LineString", "coordinates": [[12.8515, 64.56828], [12.85061, 64.56747]]}, "properties": {"P": 62.83, "tau": 68.99, "tau_c": 103.81, "omega": 106.61, "M": 0.66, "D": 0.02, "R": 0.4, "sving": 0.51, "os": 0.23, "foss": 1.0, "juv": 0.0, "B": 0.83, "Q": 23.3, "w": 43.56, "h": 0.35, "S": 0.02031, "elv": "Nesåa", "km": 1.8}}, {"type": "Feature", "geometry": {"type": "LineString", "coordinates": [[12.85061, 64.56747], [12.84876, 64.56718]]}, "properties": {"P": 54.5, "tau": 63.77, "tau_c": 98.24, "omega": 95.21, "M": 0.65, "D": 0.03, "R": 0.38, "sving": 0.43, "os": 0.29, "foss": 0.72, "juv": 0.0, "B": 0.83, "Q": 23.3, "w": 43.68, "h": 0.36, "S": 0.01819, "elv": "Nesåa", "km": 1.9}}, {"type": "Feature", "geometry": {"type": "LineString", "coordinates": [[12.84876, 64.56718], [12.8467, 64.56722]]}, "properties": {"P": 49.03, "tau": 64.65, "tau_c": 98.24, "omega": 97.39, "M": 0.66, "D": 0.1, "R": 0.39, "sving": 0.25, "os": 0.33, "foss": 0.51, "juv": 0.0, "B": 0.83, "Q": 23.9, "w": 43.8, "h": 0.36, "S": 0.01819, "elv": "Nesåa", "km": 2.0}}, {"type": "Feature", "geometry": {"type": "LineString", "coordinates": [[12.8467, 64.56722], [12.84461, 64.56721]]}, "properties": {"P": 51.39, "tau": 64.21, "tau_c": 98.24, "omega": 96.33, "M": 0.65, "D": 0.22, "R": 0.38, "sving": 0.29, "os": 0.39, "foss": 0.37, "juv": 0.0, "B": 0.83, "Q": 23.95, "w": 44.36, "h": 0.36, "S": 0.01819, "elv": "Nesåa", "km": 2.1}}, {"type": "Feature", "geometry": {"type": "LineString", "coordinates": [[12.84461, 64.56721], [12.84285, 64.56685]]}, "properties": {"P": 41.38, "tau": 22.57, "tau_c": 46.65, "omega": 21.49, "M": 0.48, "D": 0.43, "R": 0.17, "sving": 0.37, "os": 0.36, "foss": 0.0, "juv": 0.0, "B": 0.83, "Q": 23.99, "w": 44.93, "h": 0.56, "S": 0.0041, "elv": "Nesåa", "km": 2.2}}, {"type": "Feature", "geometry": {"type": "LineString", "coordinates": [[12.84285, 64.56685], [12.84198, 64.56609]]}, "properties": {"P": 48.96, "tau": 21.53, "tau_c": 43.46, "omega": 20.31, "M": 0.5, "D": 0.51, "R": 0.18, "sving": 0.54, "os": 0.33, "foss": 0.0, "juv": 0.0, "B": 0.84, "Q": 26.41, "w": 45.4, "h": 0.62, "S": 0.00356, "elv": "Nesåa", "km": 2.3}}, {"type": "Feature", "geometry": {"type": "LineString", "coordinates": [[12.83802, 64.56238], [12.83603, 64.56212]]}, "properties": {"P": 18.34, "tau": 4.51, "tau_c": 14.24, "omega": 2.15, "M": 0.32, "D": 0.0, "R": 0.03, "sving": 0.4, "os": 0.23, "foss": 0.0, "juv": 0.0, "B": 0.84, "Q": 26.58, "w": 46.42, "h": 1.2, "S": 0.00038, "elv": "Nesåa", "km": 2.9}}, {"type": "Feature", "geometry": {"type": "LineString", "coordinates": [[12.83603, 64.56212], [12.83524, 64.56138]]}, "properties": {"P": 22.65, "tau": 7.94, "tau_c": 20.68, "omega": 4.87, "M": 0.38, "D": 0.0, "R": 0.08, "sving": 0.48, "os": 0.25, "foss": 0.0, "juv": 0.0, "B": 0.84, "Q": 26.59, "w": 43.15, "h": 1.0, "S": 0.00081, "elv": "Nesåa", "km": 3.0}}, {"type": "Feature", "geometry": {"type": "LineString", "coordinates": [[12.83524, 64.56138], [12.83645, 64.56068]]}, "properties": {"P": 17.2, "tau": 8.82, "tau_c": 22.27, "omega": 5.67, "M": 0.4, "D": 0.0, "R": 0.09, "sving": 0.17, "os": 0.34, "foss": 0.0, "juv": 0.0, "B": 0.84, "Q": 26.73, "w": 43.21, "h": 0.96, "S": 0.00093, "elv": "Nesåa", "km": 3.1}}, {"type": "Feature", "geometry": {"type": "LineString", "coordinates": [[12.83645, 64.56068], [12.83687, 64.55987]]}, "properties": {"P": 28.56, "tau": 14.16, "tau_c": 31.31, "omega": 11.2, "M": 0.45, "D": 0.0, "R": 0.14, "sving": 0.3, "os": 0.55, "foss": 0.0, "juv": 0.0, "B": 0.84, "Q": 26.73, "w": 43.26, "h": 0.78, "S": 0.00185, "elv": "Nesåa", "km": 3.2}}, {"type": "Feature", "geometry": {"type": "LineString", "coordinates": [[12.83687, 64.55987], [12.83546, 64.5593]]}, "properties": {"P": 47.59, "tau": 26.48, "tau_c": 48.98, "omega": 27.55, "M": 0.54, "D": 0.0, "R": 0.24, "sving": 0.61, "os": 0.8, "foss": 0.0, "juv": 0.0, "B": 0.84, "Q": 26.91, "w": 43.32, "h": 0.6, "S": 0.00452, "elv": "Nesåa", "km": 3.3}}, {"type": "Feature", "geometry": {"type": "LineString", "coordinates": [[12.83546, 64.5593], [12.83623, 64.55847]]}, "properties": {"P": 40.84, "tau": 28.01, "tau_c": 50.31, "omega": 29.97, "M": 0.56, "D": 0.0, "R": 0.26, "sving": 0.57, "os": 0.54, "foss": 0.0, "juv": 0.0, "B": 0.84, "Q": 26.91, "w": 42.02, "h": 0.6, "S": 0.00477, "elv": "Nesåa", "km": 3.4}}, {"type": "Feature", "geometry": {"type": "LineString", "coordinates": [[12.83623, 64.55847], [12.83465, 64.55802]]}, "properties": {"P": 30.89, "tau": 31.74, "tau_c": 56.89, "omega": 35.54, "M": 0.56, "D": 0.0, "R": 0.26, "sving": 0.29, "os": 0.44, "foss": 0.0, "juv": 0.0, "B": 0.84, "Q": 26.94, "w": 45.37, "h": 0.53, "S": 0.0061, "elv": "Nesåa", "km": 3.5}}, {"type": "Feature", "geometry": {"type": "LineString", "coordinates": [[12.83465, 64.55802], [12.83268, 64.55779]]}, "properties": {"P": 32.9, "tau": 38.05, "tau_c": 64.76, "omega": 46.1, "M": 0.59, "D": 0.0, "R": 0.3, "sving": 0.46, "os": 0.29, "foss": 0.0, "juv": 0.0, "B": 0.85, "Q": 26.99, "w": 45.39, "h": 0.49, "S": 0.0079, "elv": "Nesåa", "km": 3.6}}, {"type": "Feature", "geometry": {"type": "LineString", "coordinates": [[12.83268, 64.55779], [12.83094, 64.5578]]}, "properties": {"P": 28.2, "tau": 40.95, "tau_c": 68.26, "omega": 51.22, "M": 0.6, "D": 0.02, "R": 0.31, "sving": 0.33, "os": 0.19, "foss": 0.0, "juv": 0.0, "B": 0.85, "Q": 26.99, "w": 45.4, "h": 0.48, "S": 0.00878, "elv": "Nesåa", "km": 3.7}}, {"type": "Feature", "geometry": {"type": "LineString", "coordinates": [[12.83094, 64.5578], [12.82953, 64.55725]]}, "properties": {"P": 22.12, "tau": 42.84, "tau_c": 70.5, "omega": 54.64, "M": 0.61, "D": 0.02, "R": 0.32, "sving": 0.11, "os": 0.16, "foss": 0.0, "juv": 0.0, "B": 0.85, "Q": 27.01, "w": 45.41, "h": 0.47, "S": 0.00937, "elv": "Nesåa", "km": 3.8}}, {"type": "Feature", "geometry": {"type": "LineString", "coordinates": [[12.82953, 64.55725], [12.82931, 64.55638]]}, "properties": {"P": 19.81, "tau": 33.28, "tau_c": 59.6, "omega": 37.92, "M": 0.56, "D": 0.02, "R": 0.26, "sving": 0.06, "os": 0.23, "foss": 0.0, "juv": 0.0, "B": 0.85, "Q": 27.01, "w": 46.78, "h": 0.51, "S": 0.00669, "elv": "Nesåa", "km": 3.9}}, {"type": "Feature", "geometry": {"type": "LineString", "coordinates": [[12.82931, 64.55638], [12.82742, 64.5564]]}, "properties": {"P": 21.81, "tau": 42.1, "tau_c": 70.57, "omega": 53.11, "M": 0.6, "D": 0.0, "R": 0.31, "sving": 0.05, "os": 0.26, "foss": 0.0, "juv": 0.0, "B": 0.85, "Q": 27.01, "w": 46.82, "h": 0.46, "S": 0.00939, "elv": "Nesåa", "km": 4.0}}, {"type": "Feature", "geometry": {"type": "LineString", "coordinates": [[12.82742, 64.5564], [12.82561, 64.55628]]}, "properties": {"P": 29.22, "tau": 49.73, "tau_c": 79.52, "omega": 67.43, "M": 0.63, "D": 0.0, "R": 0.35, "sving": 0.11, "os": 0.41, "foss": 0.0, "juv": 0.0, "B": 0.85, "Q": 27.05, "w": 46.9, "h": 0.43, "S": 0.01192, "elv": "Nesåa", "km": 4.1}}, {"type": "Feature", "geometry": {"type": "LineString", "coordinates": [[12.82561, 64.55628], [12.82429, 64.55561]]}, "properties": {"P": 44.12, "tau": 47.37, "tau_c": 76.59, "omega": 62.93, "M": 0.62, "D": 0.02, "R": 0.34, "sving": 0.44, "os": 0.62, "foss": 0.0, "juv": 0.0, "B": 0.85, "Q": 27.25, "w": 46.98, "h": 0.44, "S": 0.01106, "elv": "Nesåa", "km": 4.2}}, {"type": "Feature", "geometry": {"type": "LineString", "coordinates": [[12.82429, 64.55561], [12.82469, 64.55477]]}, "properties": {"P": 42.1, "tau": 44.47, "tau_c": 73.02, "omega": 57.53, "M": 0.61, "D": 0.02, "R": 0.32, "sving": 0.39, "os": 0.62, "foss": 0.0, "juv": 0.0, "B": 0.85, "Q": 27.47, "w": 47.06, "h": 0.45, "S": 0.01005, "elv": "Nesåa", "km": 4.3}}, {"type": "Feature", "geometry": {"type": "LineString", "coordinates": [[12.82469, 64.55477], [12.82393, 64.55402]]}, "properties": {"P": 28.21, "tau": 43.35, "tau_c": 71.74, "omega": 55.45, "M": 0.6, "D": 0.02, "R": 0.32, "sving": 0.12, "os": 0.39, "foss": 0.0, "juv": 0.0, "B": 0.85, "Q": 27.47, "w": 47.15, "h": 0.46, "S": 0.0097, "elv": "Nesåa", "km": 4.4}}, {"type": "Feature", "geometry": {"type": "LineString", "coordinates": [[12.82393, 64.55402], [12.82322, 64.55326]]}, "properties": {"P": 38.0, "tau": 64.66, "tau_c": 95.63, "omega": 98.32, "M": 0.68, "D": 0.0, "R": 0.41, "sving": 0.47, "os": 0.26, "foss": 0.0, "juv": 0.0, "B": 0.85, "Q": 27.49, "w": 47.28, "h": 0.38, "S": 0.01724, "elv": "Nesåa", "km": 4.5}}, {"type": "Feature", "geometry": {"type": "LineString", "coordinates": [[12.82322, 64.55326], [12.82247, 64.55247]]}, "properties": {"P": 28.92, "tau": 60.49, "tau_c": 91.21, "omega": 89.36, "M": 0.66, "D": 0.05, "R": 0.4, "sving": 0.18, "os": 0.18, "foss": 0.0, "juv": 0.0, "B": 0.85, "Q": 27.52, "w": 47.38, "h": 0.39, "S": 0.01568, "elv": "Nesåa", "km": 4.6}}, {"type": "Feature", "geometry": {"type": "LineString", "coordinates": [[12.82247, 64.55247], [12.82065, 64.55204]]}, "properties": {"P": 52.44, "tau": 50.37, "tau_c": 79.46, "omega": 68.9, "M": 0.63, "D": 0.05, "R": 0.36, "sving": 0.18, "os": 0.12, "foss": 1.0, "juv": 0.0, "B": 0.85, "Q": 28.03, "w": 47.49, "h": 0.43, "S": 0.0119, "elv": "Nesåa", "km": 4.7}}, {"type": "Feature", "geometry": {"type": "LineString", "coordinates": [[12.82065, 64.55204], [12.81902, 64.55148]]}, "properties": {"P": 42.88, "tau": 47.22, "tau_c": 75.91, "omega": 62.8, "M": 0.62, "D": 0.05, "R": 0.34, "sving": 0.12, "os": 0.13, "foss": 0.72, "juv": 0.0, "B": 0.85, "Q": 28.06, "w": 47.6, "h": 0.44, "S": 0.01086, "elv": "Nesåa", "km": 4.8}}, {"type": "Feature", "geometry": {"type": "LineString", "coordinates": [[12.81902, 64.55148], [12.81743, 64.5509]]}, "properties": {"P": 43.76, "tau": 64.1, "tau_c": 94.48, "omega": 97.31, "M": 0.68, "D": 0.0, "R": 0.42, "sving": 0.2, "os": 0.22, "foss": 0.51, "juv": 0.0, "B": 0.85, "Q": 28.12, "w": 47.71, "h": 0.39, "S": 0.01683, "elv": "Nesåa", "km": 4.9}}, {"type": "Feature", "geometry": {"type": "LineString", "coordinates": [[12.81743, 64.5509], [12.81608, 64.55023]]}, "properties": {"P": 40.02, "tau": 72.97, "tau_c": 103.68, "omega": 117.14, "M": 0.7, "D": 0.0, "R": 0.45, "sving": 0.02, "os": 0.36, "foss": 0.37, "juv": 0.0, "B": 0.85, "Q": 28.13, "w": 47.73, "h": 0.37, "S": 0.02026, "elv": "Nesåa", "km": 5.0}}, {"type": "Feature", "geometry": {"type": "LineString", "coordinates": [[12.81608, 64.55023], [12.81506, 64.54945]]}, "properties": {"P": 64.05, "tau": 63.8, "tau_c": 94.18, "omega": 96.64, "M": 0.68, "D": 0.02, "R": 0.42, "sving": 0.09, "os": 0.58, "foss": 1.0, "juv": 0.0, "B": 0.85, "Q": 28.14, "w": 47.76, "h": 0.39, "S": 0.01672, "elv": "Nesåa", "km": 5.1}}, {"type": "Feature", "geometry": {"type": "LineString", "coordinates": [[12.81506, 64.54945], [12.81338, 64.54893]]}, "properties": {"P": 69.37, "tau": 67.22, "tau_c": 97.77, "omega": 104.15, "M": 0.69, "D": 0.02, "R": 0.43, "sving": 0.17, "os": 0.96, "foss": 0.72, "juv": 0.0, "B": 0.85, "Q": 28.16, "w": 47.8, "h": 0.38, "S": 0.01802, "elv": "Nesåa", "km": 5.2}}, {"type": "Feature", "geometry": {"type": "LineString", "coordinates": [[12.81338, 64.54893], [12.81154, 64.54853]]}, "properties": {"P": 52.93, "tau": 66.1, "tau_c": 96.53, "omega": 101.7, "M": 0.68, "D": 0.04, "R": 0.43, "sving": 0.06, "os": 0.63, "foss": 0.51, "juv": 0.0, "B": 0.86, "Q": 28.24, "w": 47.85, "h": 0.38, "S": 0.01756, "elv": "Nesåa", "km": 5.3}}, {"type": "Feature", "geometry": {"type": "LineString", "coordinates": [[12.81154, 64.54853], [12.80965, 64.54819]]}, "properties": {"P": 48.84, "tau": 69.78, "tau_c": 100.74, "omega": 109.77, "M": 0.69, "D": 0.08, "R": 0.44, "sving": 0.23, "os": 0.39, "foss": 0.37, "juv": 0.0, "B": 0.86, "Q": 28.34, "w": 48.43, "h": 0.37, "S": 0.01913, "elv": "Nesåa", "km": 5.4}}, {"type": "Feature", "geometry": {"type": "LineString", "coordinates": [[12.80965, 64.54819], [12.80839, 64.5475]]}, "properties": {"P": 35.37, "tau": 55.21, "tau_c": 85.5, "omega": 78.42, "M": 0.65, "D": 0.18, "R": 0.37, "sving": 0.21, "os": 0.24, "foss": 0.0, "juv": 0.0, "B": 0.86, "Q": 28.44, "w": 49.02, "h": 0.41, "S": 0.01378, "elv": "Nesåa", "km": 5.5}}, {"type": "Feature", "geometry": {"type": "LineString", "coordinates": [[12.80839, 64.5475], [12.80773, 64.54665]]}, "properties": {"P": 38.67, "tau": 44.41, "tau_c": 70.15, "omega": 58.17, "M": 0.63, "D": 0.27, "R": 0.36, "sving": 0.17, "os": 0.3, "foss": 0.0, "juv": 0.0, "B": 0.87, "Q": 31.7, "w": 49.6, "h": 0.49, "S": 0.00928, "elv": "Nesåa", "km": 5.6}}, {"type": "Feature", "geometry": {"type": "LineString", "coordinates": [[12.80773, 64.54665], [12.80667, 64.54589]]}, "properties": {"P": 46.83, "tau": 29.81, "tau_c": 52.95, "omega": 32.8, "M": 0.56, "D": 0.32, "R": 0.26, "sving": 0.39, "os": 0.47, "foss": 0.0, "juv": 0.0, "B": 0.87, "Q": 31.73, "w": 50.16, "h": 0.57, "S": 0.00528, "elv": "Nesåa", "km": 5.7}}, {"type": "Feature", "geometry": {"type": "LineString", "coordinates": [[12.80667, 64.54589], [12.80467, 64.54593]]}, "properties": {"P": 38.43, "tau": 22.59, "tau_c": 43.61, "omega": 22.01, "M": 0.52, "D": 0.3, "R": 0.21, "sving": 0.11, "os": 0.55, "foss": 0.0, "juv": 0.0, "B": 0.87, "Q": 31.74, "w": 50.72, "h": 0.64, "S": 0.00359, "elv": "Nesåa", "km": 5.8}}, {"type": "Feature", "geometry": {"type": "LineString", "coordinates": [[12.80467, 64.54593], [12.80264, 64.54604]]}, "properties": {"P": 36.63, "tau": 23.24, "tau_c": 44.48, "omega": 22.92, "M": 0.52, "D": 0.25, "R": 0.21, "sving": 0.31, "os": 0.35, "foss": 0.0, "juv": 0.0, "B": 0.87, "Q": 31.79, "w": 50.73, "h": 0.64, "S": 0.00373, "elv": "Nesåa", "km": 5.9}}, {"type": "Feature", "geometry": {"type": "LineString", "coordinates": [[12.80264, 64.54604], [12.80155, 64.54539]]}, "properties": {"P": 39.83, "tau": 16.08, "tau_c": 34.15, "omega": 13.52, "M": 0.47, "D": 0.22, "R": 0.16, "sving": 0.7, "os": 0.22, "foss": 0.0, "juv": 0.0, "B": 0.87, "Q": 31.81, "w": 50.75, "h": 0.75, "S": 0.0022, "elv": "Nesåa", "km": 6.0}}, {"type": "Feature", "geometry": {"type": "LineString", "coordinates": [[12.80155, 64.54539], [12.80213, 64.54453]]}, "properties": {"P": 26.63, "tau": 14.41, "tau_c": 31.56, "omega": 11.54, "M": 0.46, "D": 0.13, "R": 0.14, "sving": 0.39, "os": 0.17, "foss": 0.0, "juv": 0.0, "B": 0.87, "Q": 31.81, "w": 50.76, "h": 0.78, "S": 0.00188, "elv": "Nesåa", "km": 6.1}}, {"type": "Feature", "geometry": {"type": "LineString", "coordinates": [[12.80213, 64.54453], [12.8026, 64.54366]]}, "properties": {"P": 22.34, "tau": 14.95, "tau_c": 32.42, "omega": 12.18, "M": 0.46, "D": 0.11, "R": 0.14, "sving": 0.24, "os": 0.19, "foss": 0.0, "juv": 0.0, "B": 0.87, "Q": 31.82, "w": 50.77, "h": 0.77, "S": 0.00198, "elv": "Nesåa", "km": 6.2}}, {"type": "Feature", "geometry": {"type": "LineString", "coordinates": [[12.8026, 64.54366], [12.80147, 64.54304]]}, "properties": {"P": 34.36, "tau": 16.15, "tau_c": 34.25, "omega": 13.6, "M": 0.47, "D": 0.09, "R": 0.16, "sving": 0.71, "os": 0.17, "foss": 0.0, "juv": 0.0, "B": 0.87, "Q": 31.84, "w": 50.78, "h": 0.74, "S": 0.00221, "elv": "Nesåa", "km": 6.3}}, {"type": "Feature", "geometry": {"type": "LineString", "coordinates": [[12.80147, 64.54304], [12.79947, 64.54277]]}, "properties": {"P": 34.65, "tau": 10.72, "tau_c": 25.52, "omega": 7.55, "M": 0.42, "D": 0.19, "R": 0.11, "sving": 0.73, "os": 0.11, "foss": 0.0, "juv": 0.0, "B": 0.87, "Q": 31.86, "w": 50.81, "h": 0.89, "S": 0.00123, "elv": "Nesåa", "km": 6.4}}, {"type": "Feature", "geometry": {"type": "LineString", "coordinates": [[12.79947, 64.54277], [12.79742, 64.54281]]}, "properties": {"P": 24.18, "tau": 10.19, "tau_c": 24.61, "omega": 7.02, "M": 0.41, "D": 0.23, "R": 0.1, "sving": 0.34, "os": 0.07, "foss": 0.0, "juv": 0.0, "B": 0.87, "Q": 31.86, "w": 50.83, "h": 0.91, "S": 0.00114, "elv": "Nesåa", "km": 6.5}}, {"type": "Feature", "geometry": {"type": "LineString", "coordinates": [[12.79742, 64.54281], [12.79536, 64.54293]]}, "properties": {"P": 14.62, "tau": 7.86, "tau_c": 20.4, "omega": 4.83, "M": 0.39, "D": 0.18, "R": 0.08, "sving": 0.16, "os": 0.0, "foss": 0.0, "juv": 0.0, "B": 0.87, "Q": 31.97, "w": 50.88, "h": 1.02, "S": 0.00078, "elv": "Nesåa", "km": 6.6}}, {"type": "Feature", "geometry": {"type": "LineString", "coordinates": [[12.79536, 64.54293], [12.79332, 64.54291]]}, "properties": {"P": 14.8, "tau": 5.64, "tau_c": 16.08, "omega": 3.0, "M": 0.35, "D": 0.08, "R": 0.05, "sving": 0.35, "os": 0.0, "foss": 0.0, "juv": 0.0, "B": 0.87, "Q": 31.97, "w": 50.95, "h": 1.18, "S": 0.00049, "elv": "Nesåa", "km": 6.7}}, {"type": "Feature", "geometry": {"type": "LineString", "coordinates": [[12.79332, 64.54291], [12.79177, 64.54231]]}, "properties": {"P": 18.88, "tau": 21.59, "tau_c": 42.0, "omega": 20.66, "M": 0.51, "D": 0.0, "R": 0.2, "sving": 0.35, "os": 0.0, "foss": 0.0, "juv": 0.0, "B": 0.87, "Q": 32.16, "w": 50.79, "h": 0.66, "S": 0.00332, "elv": "Nesåa", "km": 6.8}}, {"type": "Feature", "geometry": {"type": "LineString", "coordinates": [[12.79177, 64.54231], [12.79046, 64.54163]]}, "properties": {"P": 24.37, "tau": 51.06, "tau_c": 77.79, "omega": 70.97, "M": 0.66, "D": 0.0, "R": 0.39, "sving": 0.24, "os": 0.0, "foss": 0.0, "juv": 0.0, "B": 0.87, "Q": 32.25, "w": 50.83, "h": 0.46, "S": 0.01141, "elv": "Nesåa", "km": 6.9}}, {"type": "Feature", "geometry": {"type": "LineString", "coordinates": [[12.79046, 64.54163], [12.78902, 64.54099]]}, "properties": {"P": 27.38, "tau": 71.56, "tau_c": 99.09, "omega": 115.12, "M": 0.72, "D": 0.0, "R": 0.48, "sving": 0.2, "os": 0.0, "foss": 0.0, "juv": 0.0, "B": 0.87, "Q": 32.28, "w": 50.9, "h": 0.39, "S": 0.01851, "elv": "Nesåa", "km": 7.0}}, {"type": "Feature", "geometry": {"type": "LineString", "coordinates": [[12.78902, 64.54099], [12.78741, 64.54045]]}, "properties": {"P": 54.36, "tau": 80.84, "tau_c": 108.16, "omega": 137.07, "M": 0.75, "D": 0.0, "R": 0.51, "sving": 0.13, "os": 0.0, "foss": 1.0, "juv": 0.0, "B": 0.88, "Q": 32.28, "w": 50.94, "h": 0.37, "S": 0.02205, "elv": "Nesåa", "km": 7.1}}, {"type": "Feature", "geometry": {"type": "LineString", "coordinates": [[12.78741, 64.54045], [12.78537, 64.54028]]}, "properties": {"P": 51.7, "tau": 85.46, "tau_c": 112.44, "omega": 148.46, "M": 0.76, "D": 0.0, "R": 0.53, "sving": 0.0, "os": 0.0, "foss": 1.0, "juv": 0.0, "B": 0.88, "Q": 32.37, "w": 50.97, "h": 0.37, "S": 0.02383, "elv": "Nesåa", "km": 7.2}}, {"type": "Feature", "geometry": {"type": "LineString", "coordinates": [[12.78537, 64.54028], [12.78359, 64.53982]]}, "properties": {"P": 51.1, "tau": 101.94, "tau_c": 127.75, "omega": 191.03, "M": 0.8, "D": 0.0, "R": 0.58, "sving": 0.18, "os": 0.0, "foss": 0.72, "juv": 0.0, "B": 0.88, "Q": 32.44, "w": 51.23, "h": 0.34, "S": 0.03076, "elv": "Nesåa", "km": 7.3}}, {"type": "Feature", "geometry": {"type": "LineString", "coordinates": [[12.78359, 64.53982], [12.78217, 64.53919]]}, "properties": {"P": 50.33, "tau": 101.74, "tau_c": 127.61, "omega": 190.49, "M": 0.8, "D": 0.0, "R": 0.57, "sving": 0.36, "os": 0.0, "foss": 0.51, "juv": 0.0, "B": 0.88, "Q": 32.44, "w": 51.27, "h": 0.34, "S": 0.03069, "elv": "Nesåa", "km": 7.4}}, {"type": "Feature", "geometry": {"type": "LineString", "coordinates": [[12.78217, 64.53919], [12.7813, 64.53837]]}, "properties": {"P": 58.39, "tau": 105.43, "tau_c": 130.81, "omega": 200.51, "M": 0.81, "D": 0.0, "R": 0.59, "sving": 0.14, "os": 0.0, "foss": 1.0, "juv": 0.0, "B": 0.88, "Q": 32.51, "w": 51.3, "h": 0.33, "S": 0.03225, "elv": "Nesåa", "km": 7.5}}, {"type": "Feature", "geometry": {"type": "LineString", "coordinates": [[12.7813, 64.53837], [12.78044, 64.53755]]}, "properties": {"P": 51.39, "tau": 106.94, "tau_c": 132.15, "omega": 204.61, "M": 0.81, "D": 0.0, "R": 0.59, "sving": 0.16, "os": 0.0, "foss": 0.72, "juv": 0.0, "B": 0.88, "Q": 32.53, "w": 51.34, "h": 0.33, "S": 0.03292, "elv": "Nesåa", "km": 7.6}}, {"type": "Feature", "geometry": {"type": "LineString", "coordinates": [[12.78044, 64.53755], [12.7792, 64.53686]]}, "properties": {"P": 56.34, "tau": 106.93, "tau_c": 132.2, "omega": 204.58, "M": 0.81, "D": 0.0, "R": 0.59, "sving": 0.06, "os": 0.0, "foss": 1.0, "juv": 0.0, "B": 0.88, "Q": 32.54, "w": 51.39, "h": 0.33, "S": 0.03294, "elv": "Nesåa", "km": 7.7}}, {"type": "Feature", "geometry": {"type": "LineString", "coordinates": [[12.7792, 64.53686], [12.77855, 64.53606]]}, "properties": {"P": 64.36, "tau": 117.0, "tau_c": 140.8, "omega": 232.82, "M": 0.83, "D": 0.0, "R": 0.62, "sving": 0.3, "os": 0.0, "foss": 1.0, "juv": 0.0, "B": 0.88, "Q": 32.68, "w": 51.45, "h": 0.32, "S": 0.03737, "elv": "Nesåa", "km": 7.8}}, {"type": "Feature", "geometry": {"type": "LineString", "coordinates": [[12.77855, 64.53606], [12.77747, 64.53535]]}, "properties": {"P": 51.35, "tau": 115.1, "tau_c": 133.84, "omega": 230.06, "M": 0.86, "D": 0.0, "R": 0.65, "sving": 0.05, "os": 0.0, "foss": 0.72, "juv": 0.0, "B": 0.88, "Q": 32.78, "w": 47.18, "h": 0.35, "S": 0.03376, "elv": "Nesåa", "km": 7.9}}, {"type": "Feature", "geometry": {"type": "LineString", "coordinates": [[12.77747, 64.53535], [12.77552, 64.53505]]}, "properties": {"P": 64.84, "tau": 130.02, "tau_c": 142.74, "omega": 275.78, "M": 0.91, "D": 0.0, "R": 0.71, "sving": 0.16, "os": 0.0, "foss": 1.0, "juv": 0.0, "B": 0.88, "Q": 32.88, "w": 44.92, "h": 0.35, "S": 0.0384, "elv": "Nesåa", "km": 8.0}}, {"type": "Feature", "geometry": {"type": "LineString", "coordinates": [[12.77552, 64.53505], [12.77404, 64.53443]]}, "properties": {"P": 57.73, "tau": 122.87, "tau_c": 133.96, "omega": 256.01, "M": 0.92, "D": 0.02, "R": 0.71, "sving": 0.08, "os": 0.06, "foss": 0.72, "juv": 0.0, "B": 0.88, "Q": 32.89, "w": 42.63, "h": 0.37, "S": 0.03382, "elv": "Nesåa", "km": 8.1}}, {"type": "Feature", "geometry": {"type": "LineString", "coordinates": [[12.77404, 64.53443], [12.77261, 64.53377]]}, "properties": {"P": 67.19, "tau": 112.41, "tau_c": 125.73, "omega": 225.34, "M": 0.89, "D": 0.07, "R": 0.69, "sving": 0.08, "os": 0.1, "foss": 1.0, "juv": 0.0, "B": 0.88, "Q": 32.9, "w": 42.67, "h": 0.38, "S": 0.0298, "elv": "Nesåa", "km": 8.2}}, {"type": "Feature", "geometry": {"type": "LineString", "coordinates": [[12.77261, 64.53377], [12.77114, 64.53315]]}, "properties": {"P": 72.19, "tau": 111.22, "tau_c": 118.8, "omega": 224.97, "M": 0.94, "D": 0.11, "R": 0.73, "sving": 0.07, "os": 0.16, "foss": 1.0, "juv": 0.0, "B": 0.89, "Q": 33.06, "w": 38.35, "h": 0.43, "S": 0.0266, "elv": "Nesåa", "km": 8.3}}, {"type": "Feature", "geometry": {"type": "LineString", "coordinates": [[12.77114, 64.53315], [12.76937, 64.53268]]}, "properties": {"P": 67.7, "tau": 88.73, "tau_c": 105.95, "omega": 160.63, "M": 0.84, "D": 0.16, "R": 0.62, "sving": 0.2, "os": 0.27, "foss": 0.72, "juv": 0.0, "B": 0.89, "Q": 33.07, "w": 42.74, "h": 0.43, "S": 0.02116, "elv": "Nesåa", "km": 8.4}}, {"type": "Feature", "geometry": {"type": "LineString", "coordinates": [[12.76937, 64.53268], [12.7677, 64.5322]]}, "properties": {"P": 63.45, "tau": 87.44, "tau_c": 107.07, "omega": 156.37, "M": 0.82, "D": 0.19, "R": 0.6, "sving": 0.09, "os": 0.43, "foss": 0.51, "juv": 0.0, "B": 0.89, "Q": 33.28, "w": 45.12, "h": 0.41, "S": 0.02161, "elv": "Nesåa", "km": 8.5}}, {"type": "Feature", "geometry": {"type": "LineString", "coordinates": [[12.7677, 64.5322], [12.76725, 64.53135]]}, "properties": {"P": 61.42, "tau": 65.12, "tau_c": 88.67, "omega": 101.85, "M": 0.73, "D": 0.26, "R": 0.49, "sving": 0.02, "os": 0.64, "foss": 0.37, "juv": 0.0, "B": 0.89, "Q": 33.28, "w": 47.51, "h": 0.45, "S": 0.01482, "elv": "Nesåa", "km": 8.6}}, {"type": "Feature", "geometry": {"type": "LineString", "coordinates": [[12.76725, 64.53135], [12.76547, 64.5309]]}, "properties": {"P": 60.33, "tau": 49.99, "tau_c": 73.39, "omega": 69.71, "M": 0.68, "D": 0.28, "R": 0.42, "sving": 0.14, "os": 0.95, "foss": 0.0, "juv": 0.0, "B": 0.89, "Q": 33.28, "w": 47.55, "h": 0.5, "S": 0.01015, "elv": "Nesåa", "km": 8.7}}, {"type": "Feature", "geometry": {"type": "LineString", "coordinates": [[12.76547, 64.5309], [12.76366, 64.53047]]}, "properties": {"P": 45.45, "tau": 35.88, "tau_c": 60.12, "omega": 42.89, "M": 0.6, "D": 0.26, "R": 0.31, "sving": 0.18, "os": 0.58, "foss": 0.0, "juv": 0.0, "B": 0.89, "Q": 33.33, "w": 51.95, "h": 0.54, "S": 0.00681, "elv": "Nesåa", "km": 8.8}}, {"type": "Feature", "geometry": {"type": "LineString", "coordinates": [[12.76366, 64.53047], [12.76163, 64.53027]]}, "properties": {"P": 37.26, "tau": 36.25, "tau_c": 60.59, "omega": 43.51, "M": 0.6, "D": 0.2, "R": 0.31, "sving": 0.19, "os": 0.35, "foss": 0.0, "juv": 0.0, "B": 0.89, "Q": 33.34, "w": 52.01, "h": 0.53, "S": 0.00692, "elv": "Nesåa", "km": 8.9}}, {"type": "Feature", "geometry": {"type": "LineString", "coordinates": [[12.76163, 64.53027], [12.7603, 64.52961]]}, "properties": {"P": 27.97, "tau": 36.35, "tau_c": 60.73, "omega": 43.68, "M": 0.6, "D": 0.19, "R": 0.31, "sving": 0.01, "os": 0.22, "foss": 0.0, "juv": 0.0, "B": 0.89, "Q": 33.35, "w": 52.07, "h": 0.53, "S": 0.00695, "elv": "Nesåa", "km": 9.0}}, {"type": "Feature", "geometry": {"type": "LineString", "coordinates": [[12.7603, 64.52961], [12.75926, 64.52884]]}, "properties": {"P": 25.78, "tau": 21.79, "tau_c": 41.92, "omega": 20.99, "M": 0.52, "D": 0.25, "R": 0.21, "sving": 0.1, "os": 0.14, "foss": 0.0, "juv": 0.0, "B": 0.89, "Q": 33.67, "w": 52.12, "h": 0.67, "S": 0.00331, "elv": "Nesåa", "km": 9.1}}, {"type": "Feature", "geometry": {"type": "LineString", "coordinates": [[12.75926, 64.52884], [12.75745, 64.52844]]}, "properties": {"P": 25.91, "tau": 18.9, "tau_c": 37.88, "omega": 17.12, "M": 0.5, "D": 0.22, "R": 0.19, "sving": 0.16, "os": 0.16, "foss": 0.0, "juv": 0.0, "B": 0.89, "Q": 33.67, "w": 52.17, "h": 0.71, "S": 0.0027, "elv": "Nesåa", "km": 9.2}}, {"type": "Feature", "geometry": {"type": "LineString", "coordinates": [[12.75745, 64.52844], [12.75565, 64.52803]]}, "properties": {"P": 42.0, "tau": 17.97, "tau_c": 36.54, "omega": 15.91, "M": 0.49, "D": 0.16, "R": 0.18, "sving": 0.73, "os": 0.25, "foss": 0.0, "juv": 0.0, "B": 0.89, "Q": 33.67, "w": 52.22, "h": 0.73, "S": 0.00252, "elv": "Nesåa", "km": 9.3}}, {"type": "Feature", "geometry": {"type": "LineString", "coordinates": [[12.75565, 64.52803], [12.75389, 64.52768]]}, "properties": {"P": 24.72, "tau": 18.72, "tau_c": 37.64, "omega": 16.87, "M": 0.5, "D": 0.1, "R": 0.18, "sving": 0.07, "os": 0.37, "foss": 0.0, "juv": 0.0, "B": 0.9, "Q": 33.67, "w": 52.26, "h": 0.71, "S": 0.00267, "elv": "Nesåa", "km": 9.4}}, {"type": "Feature", "geometry": {"type": "LineString", "coordinates": [[12.75389, 64.52768], [12.75265, 64.52835]]}, "properties": {"P": 31.45, "tau": 16.11, "tau_c": 33.81, "omega": 13.6, "M": 0.48, "D": 0.14, "R": 0.16, "sving": 0.19, "os": 0.47, "foss": 0.0, "juv": 0.0, "B": 0.9, "Q": 33.67, "w": 52.3, "h": 0.76, "S": 0.00215, "elv": "Nesåa", "km": 9.5}}, {"type": "Feature", "geometry": {"type": "LineString", "coordinates": [[12.75265, 64.52835], [12.75086, 64.52812]]}, "properties": {"P": 30.96, "tau": 12.02, "tau_c": 27.32, "omega": 8.94, "M": 0.44, "D": 0.18, "R": 0.12, "sving": 0.35, "os": 0.3, "foss": 0.0, "juv": 0.0, "B": 0.9, "Q": 33.91, "w": 52.34, "h": 0.87, "S": 0.00141, "elv": "Nesåa", "km": 9.6}}, {"type": "Feature", "geometry": {"type": "LineString", "coordinates": [[12.75086, 64.52812], [12.74977, 64.5274]]}, "properties": {"P": 36.22, "tau": 11.99, "tau_c": 27.28, "omega": 8.9, "M": 0.44, "D": 0.16, "R": 0.12, "sving": 0.6, "os": 0.27, "foss": 0.0, "juv": 0.0, "B": 0.9, "Q": 33.91, "w": 52.4, "h": 0.87, "S": 0.0014, "elv": "Nesåa", "km": 9.7}}, {"type": "Feature", "geometry": {"type": "LineString", "coordinates": [[12.74977, 64.5274], [12.74936, 64.52653]]}, "properties": {"P": 21.35, "tau": 10.97, "tau_c": 25.61, "omega": 7.84, "M": 0.43, "D": 0.15, "R": 0.11, "sving": 0.08, "os": 0.28, "foss": 0.0, "juv": 0.0, "B": 0.9, "Q": 33.92, "w": 52.46, "h": 0.9, "S": 0.00124, "elv": "Nesåa", "km": 9.8}}, {"type": "Feature", "geometry": {"type": "LineString", "coordinates": [[12.74936, 64.52653], [12.74776, 64.52596]]}, "properties": {"P": 22.88, "tau": 9.69, "tau_c": 23.38, "omega": 6.56, "M": 0.41, "D": 0.1, "R": 0.1, "sving": 0.21, "os": 0.3, "foss": 0.0, "juv": 0.0, "B": 0.9, "Q": 34.08, "w": 52.49, "h": 0.96, "S": 0.00103, "elv": "Nesåa", "km": 9.9}}, {"type": "Feature", "geometry": {"type": "LineString", "coordinates": [[12.74776, 64.52596], [12.746, 64.52553]]}, "properties": {"P": 26.36, "tau": 7.9, "tau_c": 20.2, "omega": 4.89, "M": 0.39, "D": 0.07, "R": 0.08, "sving": 0.5, "os": 0.2, "foss": 0.0, "juv": 0.0, "B": 0.9, "Q": 34.08, "w": 52.52, "h": 1.05, "S": 0.00077, "elv": "Nesåa", "km": 10.0}}, {"type": "Feature", "geometry": {"type": "LineString", "coordinates": [[12.746, 64.52553], [12.74418, 64.52516]]}, "properties": {"P": 19.82, "tau": 10.16, "tau_c": 24.2, "omega": 7.03, "M": 0.42, "D": 0.01, "R": 0.11, "sving": 0.38, "os": 0.13, "foss": 0.0, "juv": 0.0, "B": 0.9, "Q": 34.09, "w": 52.54, "h": 0.94, "S": 0.0011, "elv": "Nesåa", "km": 10.1}}, {"type": "Feature", "geometry": {"type": "LineString", "coordinates": [[12.74418, 64.52516], [12.7421, 64.52512]]}, "properties": {"P": 22.87, "tau": 11.12, "tau_c": 25.81, "omega": 7.99, "M": 0.43, "D": 0.0, "R": 0.11, "sving": 0.54, "os": 0.08, "foss": 0.0, "juv": 0.0, "B": 0.9, "Q": 34.09, "w": 52.55, "h": 0.9, "S": 0.00126, "elv": "Nesåa", "km": 10.2}}, {"type": "Feature", "geometry": {"type": "LineString", "coordinates": [[12.7421, 64.52512], [12.74019, 64.5254]]}, "properties": {"P": 19.23, "tau": 10.5, "tau_c": 24.78, "omega": 7.36, "M": 0.42, "D": 0.03, "R": 0.11, "sving": 0.46, "os": 0.0, "foss": 0.0, "juv": 0.0, "B": 0.9, "Q": 34.09, "w": 52.56, "h": 0.92, "S": 0.00116, "elv": "Nesåa", "km": 10.3}}, {"type": "Feature", "geometry": {"type": "LineString", "coordinates": [[12.74019, 64.5254], [12.73891, 64.5261]]}, "properties": {"P": 12.74, "tau": 10.41, "tau_c": 24.61, "omega": 7.27, "M": 0.42, "D": 0.09, "R": 0.11, "sving": 0.15, "os": 0.0, "foss": 0.0, "juv": 0.0, "B": 0.9, "Q": 34.13, "w": 52.57, "h": 0.93, "S": 0.00114, "elv": "Nesåa", "km": 10.4}}, {"type": "Feature", "geometry": {"type": "LineString", "coordinates": [[12.73891, 64.5261], [12.73745, 64.52672]]}, "properties": {"P": 15.58, "tau": 8.98, "tau_c": 22.13, "omega": 5.88, "M": 0.41, "D": 0.19, "R": 0.09, "sving": 0.14, "os": 0.0, "foss": 0.0, "juv": 0.0, "B": 0.9, "Q": 34.14, "w": 52.59, "h": 0.99, "S": 0.00092, "elv": "Nesåa", "km": 10.5}}, {"type": "Feature", "geometry": {"type": "LineString", "coordinates": [[12.73745, 64.52672], [12.73554, 64.52704]]}, "properties": {"P": 28.51, "tau": 6.86, "tau_c": 18.23, "omega": 3.99, "M": 0.38, "D": 0.31, "R": 0.07, "sving": 0.47, "os": 0.0, "foss": 0.0, "juv": 0.0, "B": 0.9, "Q": 34.17, "w": 52.6, "h": 1.12, "S": 0.00063, "elv": "Nesåa", "km": 10.6}}, {"type": "Feature", "geometry": {"type": "LineString", "coordinates": [[12.73554, 64.52704], [12.73349, 64.527]]}, "properties": {"P": 30.04, "tau": 3.85, "tau_c": 12.03, "omega": 1.74, "M": 0.32, "D": 0.43, "R": 0.04, "sving": 0.42, "os": 0.0, "foss": 0.0, "juv": 0.0, "B": 0.9, "Q": 34.17, "w": 52.61, "h": 1.44, "S": 0.00027, "elv": "Nesåa", "km": 10.7}}, {"type": "Feature", "geometry": {"type": "LineString", "coordinates": [[12.70923, 64.5404], [12.70749, 64.54009]]}, "properties": {"P": 26.98, "tau": 12.81, "tau_c": 26.88, "omega": 9.96, "M": 0.48, "D": 0.0, "R": 0.16, "sving": 0.17, "os": 0.52, "foss": 0.0, "juv": 0.0, "B": 0.9, "Q": 36.09, "w": 48.42, "h": 0.96, "S": 0.00136, "elv": "Nesåa", "km": 13.3}}, {"type": "Feature", "geometry": {"type": "LineString", "coordinates": [[12.70749, 64.54009], [12.70586, 64.53971]]}, "properties": {"P": 22.47, "tau": 21.51, "tau_c": 38.27, "omega": 21.06, "M": 0.56, "D": 0.0, "R": 0.26, "sving": 0.01, "os": 0.35, "foss": 0.0, "juv": 0.0, "B": 0.9, "Q": 36.1, "w": 46.42, "h": 0.79, "S": 0.00276, "elv": "Nesåa", "km": 13.4}}, {"type": "Feature", "geometry": {"type": "LineString", "coordinates": [[12.70586, 64.53971], [12.70426, 64.54023]]}, "properties": {"P": 26.2, "tau": 24.95, "tau_c": 42.59, "omega": 26.06, "M": 0.59, "D": 0.0, "R": 0.29, "sving": 0.21, "os": 0.24, "foss": 0.0, "juv": 0.0, "B": 0.9, "Q": 36.1, "w": 46.45, "h": 0.74, "S": 0.00342, "elv": "Nesåa", "km": 13.5}}, {"type": "Feature", "geometry": {"type": "LineString", "coordinates": [[12.70426, 64.54023], [12.70249, 64.5407]]}, "properties": {"P": 34.38, "tau": 41.24, "tau_c": 59.41, "omega": 54.0, "M": 0.69, "D": 0.0, "R": 0.44, "sving": 0.33, "os": 0.16, "foss": 0.0, "juv": 0.0, "B": 0.9, "Q": 36.11, "w": 43.64, "h": 0.63, "S": 0.00665, "elv": "Nesåa", "km": 13.6}}, {"type": "Feature", "geometry": {"type": "LineString", "coordinates": [[12.70249, 64.5407], [12.70045, 64.54083]]}, "properties": {"P": 27.71, "tau": 53.2, "tau_c": 70.7, "omega": 78.01, "M": 0.75, "D": 0.0, "R": 0.52, "sving": 0.02, "os": 0.1, "foss": 0.0, "juv": 0.0, "B": 0.9, "Q": 36.15, "w": 42.82, "h": 0.58, "S": 0.00942, "elv": "Nesåa", "km": 13.7}}, {"type": "Feature", "geometry": {"type": "LineString", "coordinates": [[12.70045, 64.54083], [12.6986, 64.54115]]}, "properties": {"P": 30.08, "tau": 67.48, "tau_c": 83.84, "omega": 109.72, "M": 0.8, "D": 0.0, "R": 0.58, "sving": 0.03, "os": 0.06, "foss": 0.0, "juv": 0.0, "B": 0.9, "Q": 36.15, "w": 42.82, "h": 0.52, "S": 0.01325, "elv": "Nesåa", "km": 13.8}}, {"type": "Feature", "geometry": {"type": "LineString", "coordinates": [[12.6986, 64.54115], [12.69688, 64.54165]]}, "properties": {"P": 31.85, "tau": 67.26, "tau_c": 85.95, "omega": 108.43, "M": 0.78, "D": 0.0, "R": 0.56, "sving": 0.21, "os": 0.0, "foss": 0.0, "juv": 0.0, "B": 0.9, "Q": 36.26, "w": 45.67, "h": 0.49, "S": 0.01392, "elv": "Nesåa", "km": 13.9}}, {"type": "Feature", "geometry": {"type": "LineString", "coordinates": [[12.69688, 64.54165], [12.69501, 64.54205]]}, "properties": {"P": 28.37, "tau": 73.86, "tau_c": 91.89, "omega": 124.0, "M": 0.8, "D": 0.0, "R": 0.58, "sving": 0.04, "os": 0.0, "foss": 0.0, "juv": 0.0, "B": 0.89, "Q": 36.29, "w": 45.69, "h": 0.47, "S": 0.01592, "elv": "Nesåa", "km": 14.0}}, {"type": "Feature", "geometry": {"type": "LineString", "coordinates": [[12.69501, 64.54205], [12.69343, 64.54262]]}, "properties": {"P": 30.68, "tau": 76.24, "tau_c": 96.51, "omega": 128.82, "M": 0.79, "D": 0.02, "R": 0.56, "sving": 0.12, "os": 0.0, "foss": 0.0, "juv": 0.0, "B": 0.89, "Q": 36.31, "w": 48.54, "h": 0.44, "S": 0.01755, "elv": "Nesåa", "km": 14.1}}, {"type": "Feature", "geometry": {"type": "LineString", "coordinates": [[12.69343, 64.54262], [12.69145, 64.54287]]}, "properties": {"P": 28.43, "tau": 72.74, "tau_c": 94.02, "omega": 120.18, "M": 0.77, "D": 0.05, "R": 0.54, "sving": 0.04, "os": 0.0, "foss": 0.0, "juv": 0.0, "B": 0.89, "Q": 36.32, "w": 49.4, "h": 0.45, "S": 0.01666, "elv": "Nesåa", "km": 14.2}}, {"type": "Feature", "geometry": {"type": "LineString", "coordinates": [[12.69145, 64.54287], [12.68945, 64.5431]]}, "properties": {"P": 27.64, "tau": 65.03, "tau_c": 89.77, "omega": 101.36, "M": 0.72, "D": 0.05, "R": 0.48, "sving": 0.12, "os": 0.0, "foss": 0.0, "juv": 0.0, "B": 0.89, "Q": 36.32, "w": 53.4, "h": 0.44, "S": 0.01519, "elv": "Nesåa", "km": 14.3}}, {"type": "Feature", "geometry": {"type": "LineString", "coordinates": [[12.68945, 64.5431], [12.68749, 64.5434]]}, "properties": {"P": 26.33, "tau": 65.15, "tau_c": 89.87, "omega": 101.64, "M": 0.72, "D": 0.03, "R": 0.48, "sving": 0.1, "os": 0.0, "foss": 0.0, "juv": 0.0, "B": 0.89, "Q": 36.35, "w": 53.41, "h": 0.44, "S": 0.01522, "elv": "Nesåa", "km": 14.4}}, {"type": "Feature", "geometry": {"type": "LineString", "coordinates": [[12.68749, 64.5434], [12.68558, 64.54372]]}, "properties": {"P": 29.99, "tau": 84.52, "tau_c": 103.85, "omega": 149.36, "M": 0.81, "D": 0.0, "R": 0.59, "sving": 0.08, "os": 0.0, "foss": 0.0, "juv": 0.0, "B": 0.89, "Q": 36.37, "w": 48.56, "h": 0.42, "S": 0.02033, "elv": "Nesåa", "km": 14.5}}, {"type": "Feature", "geometry": {"type": "LineString", "coordinates": [[12.68558, 64.54372], [12.68383, 64.54418]]}, "properties": {"P": 49.32, "tau": 122.71, "tau_c": 126.86, "omega": 259.71, "M": 0.97, "D": 0.0, "R": 0.77, "sving": 0.16, "os": 0.0, "foss": 0.32, "juv": 0.0, "B": 0.89, "Q": 36.4, "w": 41.71, "h": 0.41, "S": 0.03033, "elv": "Nesåa", "km": 14.6}}, {"type": "Feature", "geometry": {"type": "LineString", "coordinates": [[12.68383, 64.54418], [12.68203, 64.54458]]}, "properties": {"P": 83.25, "tau": 187.27, "tau_c": 158.7, "omega": 486.54, "M": 1.18, "D": 0.0, "R": 0.92, "sving": 0.43, "os": 0.0, "foss": 1.0, "juv": 0.0, "B": 0.89, "Q": 36.42, "w": 34.86, "h": 0.4, "S": 0.04747, "elv": "Nesåa", "km": 14.7}}, {"type": "Feature", "geometry": {"type": "LineString", "coordinates": [[12.68203, 64.54458], [12.68056, 64.5452]]}, "properties": {"P": 78.43, "tau": 223.02, "tau_c": 160.22, "omega": 643.94, "M": 1.39, "D": 0.0, "R": 0.99, "sving": 0.08, "os": 0.0, "foss": 1.0, "juv": 0.09, "B": 0.89, "Q": 36.44, "w": 26.86, "h": 0.47, "S": 0.04839, "elv": "Nesåa", "km": 14.8}}, {"type": "Feature", "geometry": {"type": "LineString", "coordinates": [[12.68056, 64.5452], [12.68046, 64.54606]]}, "properties": {"P": 88.33, "tau": 301.21, "tau_c": 188.9, "omega": 1003.88, "M": 1.59, "D": 0.0, "R": 0.99, "sving": 0.36, "os": 0.08, "foss": 1.0, "juv": 0.09, "B": 0.89, "Q": 36.51, "w": 24.0, "h": 0.46, "S": 0.06726, "elv": "Nesåa", "km": 14.9}}, {"type": "Feature", "geometry": {"type": "LineString", "coordinates": [[12.68046, 64.54606], [12.67915, 64.54662]]}, "properties": {"P": 85.27, "tau": 307.02, "tau_c": 191.5, "omega": 1031.9, "M": 1.6, "D": 0.04, "R": 0.99, "sving": 0.22, "os": 0.1, "foss": 0.95, "juv": 0.09, "B": 0.89, "Q": 36.52, "w": 24.0, "h": 0.45, "S": 0.06912, "elv": "Nesåa", "km": 15.0}}, {"type": "Feature", "geometry": {"type": "LineString", "coordinates": [[12.67915, 64.54662], [12.67884, 64.54749]]}, "properties": {"P": 89.44, "tau": 284.34, "tau_c": 187.81, "omega": 916.39, "M": 1.51, "D": 0.13, "R": 1.0, "sving": 0.14, "os": 0.16, "foss": 1.0, "juv": 0.09, "B": 0.89, "Q": 36.53, "w": 26.0, "h": 0.44, "S": 0.06648, "elv": "Nesåa", "km": 15.1}}, {"type": "Feature", "geometry": {"type": "LineString", "coordinates": [[12.67884, 64.54749], [12.67841, 64.54836]]}, "properties": {"P": 89.03, "tau": 224.92, "tau_c": 174.02, "omega": 639.44, "M": 1.29, "D": 0.23, "R": 0.97, "sving": 0.01, "os": 0.19, "foss": 1.0, "juv": 0.09, "B": 0.89, "Q": 36.54, "w": 32.0, "h": 0.4, "S": 0.05708, "elv": "Nesåa", "km": 15.2}}, {"type": "Feature", "geometry": {"type": "LineString", "coordinates": [[12.67841, 64.54836], [12.67756, 64.54916]]}, "properties": {"P": 87.19, "tau": 155.34, "tau_c": 148.65, "omega": 365.22, "M": 1.05, "D": 0.3, "R": 0.83, "sving": 0.4, "os": 0.21, "foss": 0.72, "juv": 0.0, "B": 0.89, "Q": 36.55, "w": 40.89, "h": 0.38, "S": 0.04165, "elv": "Nesåa", "km": 15.3}}, {"type": "Feature", "geometry": {"type": "LineString", "coordinates": [[12.67756, 64.54916], [12.67604, 64.54977]]}, "properties": {"P": 81.89, "tau": 142.24, "tau_c": 142.45, "omega": 320.03, "M": 1.0, "D": 0.3, "R": 0.79, "sving": 0.48, "os": 0.22, "foss": 0.51, "juv": 0.0, "B": 0.89, "Q": 36.58, "w": 42.89, "h": 0.38, "S": 0.03825, "elv": "Nesåa", "km": 15.4}}, {"type": "Feature", "geometry": {"type": "LineString", "coordinates": [[12.67604, 64.54977], [12.67411, 64.55007]]}, "properties": {"P": 76.95, "tau": 97.04, "tau_c": 113.55, "omega": 182.56, "M": 0.85, "D": 0.28, "R": 0.64, "sving": 0.71, "os": 0.23, "foss": 0.37, "juv": 0.0, "B": 0.89, "Q": 36.58, "w": 47.78, "h": 0.41, "S": 0.0243, "elv": "Nesåa", "km": 15.5}}, {"type": "Feature", "geometry": {"type": "LineString", "coordinates": [[12.67411, 64.55007], [12.67205, 64.55014]]}, "properties": {"P": 48.52, "tau": 88.01, "tau_c": 110.48, "omega": 156.79, "M": 0.8, "D": 0.19, "R": 0.57, "sving": 0.2, "os": 0.33, "foss": 0.0, "juv": 0.0, "B": 0.89, "Q": 36.59, "w": 52.67, "h": 0.39, "S": 0.023, "elv": "Nesåa", "km": 15.6}}, {"type": "Feature", "geometry": {"type": "LineString", "coordinates": [[12.67205, 64.55014], [12.67054, 64.54953]]}, "properties": {"P": 77.71, "tau": 84.27, "tau_c": 103.46, "omega": 148.82, "M": 0.81, "D": 0.13, "R": 0.6, "sving": 0.13, "os": 0.49, "foss": 1.0, "juv": 0.0, "B": 0.89, "Q": 36.59, "w": 48.67, "h": 0.43, "S": 0.02017, "elv": "Nesåa", "km": 15.7}}, {"type": "Feature", "geometry": {"type": "LineString", "coordinates": [[12.67054, 64.54953], [12.66876, 64.5497]]}, "properties": {"P": 74.22, "tau": 82.64, "tau_c": 102.02, "omega": 144.7, "M": 0.81, "D": 0.04, "R": 0.59, "sving": 0.1, "os": 0.8, "foss": 0.72, "juv": 0.0, "B": 0.89, "Q": 36.6, "w": 48.67, "h": 0.43, "S": 0.01962, "elv": "Nesåa", "km": 15.8}}, {"type": "Feature", "geometry": {"type": "LineString", "coordinates": [[12.66876, 64.5497], [12.6672, 64.55027]]}, "properties": {"P": 69.18, "tau": 77.76, "tau_c": 98.47, "omega": 132.32, "M": 0.79, "D": 0.03, "R": 0.56, "sving": 0.29, "os": 0.7, "foss": 0.51, "juv": 0.0, "B": 0.89, "Q": 36.64, "w": 49.64, "h": 0.43, "S": 0.01828, "elv": "Nesåa", "km": 15.9}}, {"type": "Feature", "geometry": {"type": "LineString", "coordinates": [[12.6672, 64.55027], [12.66521, 64.5501]]}, "properties": {"P": 53.54, "tau": 85.12, "tau_c": 105.14, "omega": 150.58, "M": 0.81, "D": 0.05, "R": 0.59, "sving": 0.08, "os": 0.43, "foss": 0.37, "juv": 0.0, "B": 0.89, "Q": 36.64, "w": 49.74, "h": 0.42, "S": 0.02084, "elv": "Nesåa", "km": 16.0}}, {"type": "Feature", "geometry": {"type": "LineString", "coordinates": [[12.66521, 64.5501], [12.66317, 64.55011]]}, "properties": {"P": 42.84, "tau": 75.02, "tau_c": 95.55, "omega": 125.86, "M": 0.79, "D": 0.09, "R": 0.56, "sving": 0.18, "os": 0.3, "foss": 0.0, "juv": 0.0, "B": 0.89, "Q": 37.15, "w": 49.83, "h": 0.44, "S": 0.01721, "elv": "Nesåa", "km": 16.1}}, {"type": "Feature", "geometry": {"type": "LineString", "coordinates": [[12.66317, 64.55011], [12.66113, 64.5501]]}, "properties": {"P": 43.16, "tau": 61.82, "tau_c": 86.67, "omega": 94.28, "M": 0.71, "D": 0.13, "R": 0.46, "sving": 0.27, "os": 0.34, "foss": 0.0, "juv": 0.0, "B": 0.89, "Q": 37.21, "w": 54.82, "h": 0.45, "S": 0.01416, "elv": "Nesåa", "km": 16.2}}, {"type": "Feature", "geometry": {"type": "LineString", "coordinates": [[12.66113, 64.5501], [12.65914, 64.5503]]}, "properties": {"P": 42.8, "tau": 62.54, "tau_c": 87.45, "omega": 95.84, "M": 0.72, "D": 0.12, "R": 0.47, "sving": 0.07, "os": 0.53, "foss": 0.0, "juv": 0.0, "B": 0.89, "Q": 37.22, "w": 54.91, "h": 0.44, "S": 0.01441, "elv": "Nesåa", "km": 16.3}}, {"type": "Feature", "geometry": {"type": "LineString", "coordinates": [[12.65914, 64.5503], [12.65734, 64.55074]]}, "properties": {"P": 46.94, "tau": 56.6, "tau_c": 80.73, "omega": 83.26, "M": 0.7, "D": 0.11, "R": 0.45, "sving": 0.0, "os": 0.78, "foss": 0.0, "juv": 0.0, "B": 0.89, "Q": 37.27, "w": 53.94, "h": 0.47, "S": 0.01228, "elv": "Nesåa", "km": 16.4}}, {"type": "Feature", "geometry": {"type": "LineString", "coordinates": [[12.65734, 64.55074], [12.65531, 64.55092]]}, "properties": {"P": 44.76, "tau": 51.89, "tau_c": 75.85, "omega": 73.52, "M": 0.68, "D": 0.12, "R": 0.42, "sving": 0.05, "os": 0.69, "foss": 0.0, "juv": 0.0, "B": 0.89, "Q": 37.3, "w": 53.97, "h": 0.49, "S": 0.01084, "elv": "Nesåa", "km": 16.5}}, {"type": "Feature", "geometry": {"type": "LineString", "coordinates": [[12.65531, 64.55092], [12.65322, 64.55092]]}, "properties": {"P": 37.39, "tau": 46.13, "tau_c": 69.7, "omega": 62.11, "M": 0.66, "D": 0.14, "R": 0.39, "sving": 0.08, "os": 0.42, "foss": 0.0, "juv": 0.0, "B": 0.89, "Q": 37.34, "w": 53.99, "h": 0.51, "S": 0.00916, "elv": "Nesåa", "km": 16.6}}, {"type": "Feature", "geometry": {"type": "LineString", "coordinates": [[12.65322, 64.55092], [12.65115, 64.551]]}, "properties": {"P": 36.66, "tau": 41.37, "tau_c": 64.46, "omega": 53.14, "M": 0.64, "D": 0.14, "R": 0.37, "sving": 0.06, "os": 0.46, "foss": 0.0, "juv": 0.0, "B": 0.89, "Q": 37.36, "w": 54.01, "h": 0.54, "S": 0.00783, "elv": "Nesåa", "km": 16.7}}, {"type": "Feature", "geometry": {"type": "LineString", "coordinates": [[12.65115, 64.551], [12.64917, 64.55128]]}, "properties": {"P": 43.79, "tau": 38.45, "tau_c": 61.17, "omega": 47.86, "M": 0.63, "D": 0.13, "R": 0.35, "sving": 0.12, "os": 0.7, "foss": 0.0, "juv": 0.0, "B": 0.89, "Q": 37.38, "w": 54.04, "h": 0.56, "S": 0.00705, "elv": "Nesåa", "km": 16.8}}, {"type": "Feature", "geometry": {"type": "LineString", "coordinates": [[12.64917, 64.55128], [12.64721, 64.55158]]}, "properties": {"P": 41.05, "tau": 33.08, "tau_c": 55.34, "omega": 38.48, "M": 0.6, "D": 0.12, "R": 0.31, "sving": 0.08, "os": 0.72, "foss": 0.0, "juv": 0.0, "B": 0.89, "Q": 37.43, "w": 55.07, "h": 0.58, "S": 0.00577, "elv": "Nesåa", "km": 16.9}}, {"type": "Feature", "geometry": {"type": "LineString", "coordinates": [[12.64721, 64.55158], [12.64522, 64.55185]]}, "properties": {"P": 32.52, "tau": 32.52, "tau_c": 54.66, "omega": 37.56, "M": 0.59, "D": 0.09, "R": 0.3, "sving": 0.07, "os": 0.47, "foss": 0.0, "juv": 0.0, "B": 0.89, "Q": 37.47, "w": 55.11, "h": 0.59, "S": 0.00563, "elv": "Nesåa", "km": 17.0}}, {"type": "Feature", "geometry": {"type": "LineString", "coordinates": [[12.64522, 64.55185], [12.64323, 64.55212]]}, "properties": {"P": 35.69, "tau": 31.49, "tau_c": 53.36, "omega": 35.89, "M": 0.59, "D": 0.08, "R": 0.3, "sving": 0.08, "os": 0.6, "foss": 0.0, "juv": 0.0, "B": 0.89, "Q": 37.59, "w": 55.15, "h": 0.6, "S": 0.00537, "elv": "Nesåa", "km": 17.1}}, {"type": "Feature", "geometry": {"type": "LineString", "coordinates": [[12.64323, 64.55212], [12.6414, 64.55255]]}, "properties": {"P": 46.93, "tau": 29.45, "tau_c": 50.86, "omega": 32.6, "M": 0.58, "D": 0.06, "R": 0.28, "sving": 0.16, "os": 0.98, "foss": 0.0, "juv": 0.0, "B": 0.89, "Q": 37.61, "w": 55.18, "h": 0.62, "S": 0.00487, "elv": "Nesåa", "km": 17.2}}, {"type": "Feature", "geometry": {"type": "LineString", "coordinates": [[12.6414, 64.55255], [12.63965, 64.55304]]}, "properties": {"P": 42.19, "tau": 26.84, "tau_c": 47.59, "omega": 28.52, "M": 0.56, "D": 0.04, "R": 0.26, "sving": 0.41, "os": 0.62, "foss": 0.0, "juv": 0.0, "B": 0.89, "Q": 37.62, "w": 55.23, "h": 0.64, "S": 0.00427, "elv": "Nesåa", "km": 17.3}}, {"type": "Feature", "geometry": {"type": "LineString", "coordinates": [[12.63965, 64.55304], [12.6381, 64.55362]]}, "properties": {"P": 30.31, "tau": 29.77, "tau_c": 51.27, "omega": 33.09, "M": 0.58, "D": 0.02, "R": 0.29, "sving": 0.22, "os": 0.38, "foss": 0.0, "juv": 0.0, "B": 0.89, "Q": 37.63, "w": 55.27, "h": 0.61, "S": 0.00496, "elv": "Nesåa", "km": 17.4}}, {"type": "Feature", "geometry": {"type": "LineString", "coordinates": [[12.6381, 64.55362], [12.63773, 64.55451]]}, "properties": {"P": 32.82, "tau": 29.39, "tau_c": 50.7, "omega": 32.52, "M": 0.58, "D": 0.05, "R": 0.29, "sving": 0.41, "os": 0.23, "foss": 0.0, "juv": 0.0, "B": 0.89, "Q": 37.85, "w": 55.31, "h": 0.62, "S": 0.00484, "elv": "Nesåa", "km": 17.5}}, {"type": "Feature", "geometry": {"type": "LineString", "coordinates": [[12.63773, 64.55451], [12.63675, 64.55528]]}, "properties": {"P": 30.58, "tau": 25.55, "tau_c": 45.86, "omega": 26.6, "M": 0.56, "D": 0.09, "R": 0.26, "sving": 0.39, "os": 0.16, "foss": 0.0, "juv": 0.0, "B": 0.89, "Q": 37.86, "w": 55.35, "h": 0.66, "S": 0.00396, "elv": "Nesåa", "km": 17.6}}, {"type": "Feature", "geometry": {"type": "LineString", "coordinates": [[12.63675, 64.55528], [12.63695, 64.55609]]}, "properties": {"P": 22.34, "tau": 22.75, "tau_c": 42.2, "omega": 22.52, "M": 0.54, "D": 0.13, "R": 0.23, "sving": 0.14, "os": 0.1, "foss": 0.0, "juv": 0.0, "B": 0.88, "Q": 37.88, "w": 55.39, "h": 0.69, "S": 0.00336, "elv": "Nesåa", "km": 17.7}}, {"type": "Feature", "geometry": {"type": "LineString", "coordinates": [[12.63695, 64.55609], [12.63734, 64.55693]]}, "properties": {"P": 23.73, "tau": 21.55, "tau_c": 40.59, "omega": 20.84, "M": 0.53, "D": 0.16, "R": 0.22, "sving": 0.2, "os": 0.07, "foss": 0.0, "juv": 0.0, "B": 0.88, "Q": 37.88, "w": 55.39, "h": 0.71, "S": 0.00311, "elv": "Nesåa", "km": 17.8}}, {"type": "Feature", "geometry": {"type": "LineString", "coordinates": [[12.63734, 64.55693], [12.63624, 64.55767]]}, "properties": {"P": 27.7, "tau": 19.0, "tau_c": 37.09, "omega": 17.4, "M": 0.51, "D": 0.18, "R": 0.2, "sving": 0.43, "os": 0.0, "foss": 0.0, "juv": 0.0, "B": 0.88, "Q": 37.88, "w": 55.4, "h": 0.75, "S": 0.00259, "elv": "Nesåa", "km": 17.9}}, {"type": "Feature", "geometry": {"type": "LineString", "coordinates": [[12.63624, 64.55767], [12.63446, 64.55814]]}, "properties": {"P": 23.14, "tau": 13.01, "tau_c": 28.26, "omega": 10.1, "M": 0.46, "D": 0.18, "R": 0.14, "sving": 0.36, "os": 0.0, "foss": 0.0, "juv": 0.0, "B": 0.88, "Q": 37.88, "w": 55.4, "h": 0.88, "S": 0.00151, "elv": "Nesåa", "km": 18.0}}, {"type": "Feature", "geometry": {"type": "LineString", "coordinates": [[12.63446, 64.55814], [12.63267, 64.5586]]}, "properties": {"P": 16.76, "tau": 14.05, "tau_c": 29.86, "omega": 11.28, "M": 0.47, "D": 0.11, "R": 0.15, "sving": 0.2, "os": 0.0, "foss": 0.0, "juv": 0.0, "B": 0.88, "Q": 37.89, "w": 55.4, "h": 0.85, "S": 0.00168, "elv": "Nesåa", "km": 18.1}}, {"type": "Feature", "geometry": {"type": "LineString", "coordinates": [[12.63267, 64.5586], [12.63126, 64.55923]]}, "properties": {"P": 15.23, "tau": 15.22, "tau_c": 31.85, "omega": 12.63, "M": 0.48, "D": 0.04, "R": 0.16, "sving": 0.22, "os": 0.0, "foss": 0.0, "juv": 0.0, "B": 0.88, "Q": 37.89, "w": 56.25, "h": 0.81, "S": 0.00191, "elv": "Nesåa", "km": 18.2}}, {"type": "Feature", "geometry": {"type": "LineString", "coordinates": [[12.63126, 64.55923], [12.62941, 64.55963]]}, "properties": {"P": 19.49, "tau": 15.02, "tau_c": 31.75, "omega": 12.37, "M": 0.47, "D": 0.0, "R": 0.16, "sving": 0.44, "os": 0.0, "foss": 0.0, "juv": 0.0, "B": 0.88, "Q": 37.89, "w": 57.11, "h": 0.81, "S": 0.0019, "elv": "Nesåa", "km": 18.3}}, {"type": "Feature", "geometry": {"type": "LineString", "coordinates": [[12.62941, 64.55963], [12.62736, 64.55958]]}, "properties": {"P": 22.38, "tau": 17.27, "tau_c": 33.12, "omega": 15.37, "M": 0.52, "D": 0.0, "R": 0.21, "sving": 0.44, "os": 0.0, "foss": 0.0, "juv": 0.0, "B": 0.89, "Q": 43.95, "w": 57.99, "h": 0.85, "S": 0.00207, "elv": "Nesåa", "km": 18.4}}, {"type": "Feature", "geometry": {"type": "LineString", "coordinates": [[12.62736, 64.55958], [12.62576, 64.55908]]}, "properties": {"P": 18.7, "tau": 21.22, "tau_c": 37.48, "omega": 20.79, "M": 0.57, "D": 0.0, "R": 0.27, "sving": 0.22, "os": 0.0, "foss": 0.0, "juv": 0.0, "B": 0.89, "Q": 43.96, "w": 54.91, "h": 0.82, "S": 0.00265, "elv": "Nesåa", "km": 18.5}}, {"type": "Feature", "geometry": {"type": "LineString", "coordinates": [[12.62576, 64.55908], [12.62392, 64.55876]]}, "properties": {"P": 15.88, "tau": 22.53, "tau_c": 39.32, "omega": 22.63, "M": 0.57, "D": 0.0, "R": 0.28, "sving": 0.1, "os": 0.0, "foss": 0.0, "juv": 0.0, "B": 0.9, "Q": 44.18, "w": 55.8, "h": 0.79, "S": 0.00291, "elv": "Nesåa", "km": 18.6}}, {"type": "Feature", "geometry": {"type": "LineString", "coordinates": [[12.62392, 64.55876], [12.62189, 64.55865]]}, "properties": {"P": 19.53, "tau": 23.62, "tau_c": 40.68, "omega": 24.22, "M": 0.58, "D": 0.0, "R": 0.29, "sving": 0.22, "os": 0.0, "foss": 0.0, "juv": 0.0, "B": 0.9, "Q": 44.19, "w": 55.84, "h": 0.77, "S": 0.00312, "elv": "Nesåa", "km": 18.7}}, {"type": "Feature", "geometry": {"type": "LineString", "coordinates": [[12.62189, 64.55865], [12.61986, 64.55885]]}, "properties": {"P": 25.69, "tau": 30.81, "tau_c": 47.65, "omega": 35.77, "M": 0.65, "D": 0.0, "R": 0.37, "sving": 0.23, "os": 0.06, "foss": 0.0, "juv": 0.0, "B": 0.9, "Q": 44.22, "w": 51.9, "h": 0.73, "S": 0.00428, "elv": "Nesåa", "km": 18.8}}, {"type": "Feature", "geometry": {"type": "LineString", "coordinates": [[12.61986, 64.55885], [12.61784, 64.55881]]}, "properties": {"P": 42.87, "tau": 62.61, "tau_c": 75.09, "omega": 100.36, "M": 0.83, "D": 0.0, "R": 0.62, "sving": 0.4, "os": 0.09, "foss": 0.0, "juv": 0.0, "B": 0.89, "Q": 44.22, "w": 45.94, "h": 0.6, "S": 0.01063, "elv": "Nesåa", "km": 18.9}}, {"type": "Feature", "geometry": {"type": "LineString", "coordinates": [[12.61784, 64.55881], [12.61593, 64.55901]]}, "properties": {"P": 43.63, "tau": 109.65, "tau_c": 109.45, "omega": 225.73, "M": 1.0, "D": 0.0, "R": 0.8, "sving": 0.07, "os": 0.15, "foss": 0.0, "juv": 0.0, "B": 0.9, "Q": 44.78, "w": 43.94, "h": 0.5, "S": 0.02258, "elv": "Nesåa", "km": 19.0}}, {"type": "Feature", "geometry": {"type": "LineString", "coordinates": [[12.61593, 64.55901], [12.61471, 64.55972]]}, "properties": {"P": 79.39, "tau": 134.13, "tau_c": 115.75, "omega": 308.49, "M": 1.16, "D": 0.0, "R": 0.91, "sving": 0.07, "os": 0.23, "foss": 1.0, "juv": 0.0, "B": 0.9, "Q": 44.79, "w": 35.97, "h": 0.54, "S": 0.02525, "elv": "Nesåa", "km": 19.1}}, {"type": "Feature", "geometry": {"type": "LineString", "coordinates": [[12.61471, 64.55972], [12.6129, 64.56007]]}, "properties": {"P": 84.68, "tau": 147.18, "tau_c": 117.44, "omega": 356.99, "M": 1.25, "D": 0.0, "R": 0.96, "sving": 0.07, "os": 0.35, "foss": 1.0, "juv": 0.0, "B": 0.9, "Q": 44.79, "w": 32.0, "h": 0.58, "S": 0.026, "elv": "Nesåa", "km": 19.2}}, {"type": "Feature", "geometry": {"type": "LineString", "coordinates": [[12.6129, 64.56007], [12.61086, 64.56019]]}, "properties": {"P": 86.81, "tau": 153.98, "tau_c": 121.26, "omega": 380.99, "M": 1.27, "D": 0.03, "R": 0.96, "sving": 0.17, "os": 0.56, "foss": 0.72, "juv": 0.0, "B": 0.89, "Q": 44.84, "w": 32.0, "h": 0.57, "S": 0.02771, "elv": "Nesåa", "km": 19.3}}, {"type": "Feature", "geometry": {"type": "LineString", "coordinates": [[12.61086, 64.56019], [12.60896, 64.56055]]}, "properties": {"P": 95.71, "tau": 143.72, "tau_c": 121.62, "omega": 340.67, "M": 1.18, "D": 0.12, "R": 0.92, "sving": 0.01, "os": 0.91, "foss": 0.78, "juv": 0.0, "B": 0.89, "Q": 44.85, "w": 36.0, "h": 0.53, "S": 0.02788, "elv": "Nesåa", "km": 19.4}}, {"type": "Feature", "geometry": {"type": "LineString", "coordinates": [[12.60896, 64.56055], [12.60711, 64.56097]]}, "properties": {"P": 94.53, "tau": 120.62, "tau_c": 109.76, "omega": 263.35, "M": 1.1, "D": 0.2, "R": 0.87, "sving": 0.07, "os": 0.65, "foss": 0.91, "juv": 0.0, "B": 0.89, "Q": 44.93, "w": 38.0, "h": 0.54, "S": 0.02271, "elv": "Nesåa", "km": 19.5}}, {"type": "Feature", "geometry": {"type": "LineString", "coordinates": [[12.60711, 64.56097], [12.60519, 64.56131]]}, "properties": {"P": 69.47, "tau": 66.38, "tau_c": 77.87, "omega": 109.34, "M": 0.85, "D": 0.2, "R": 0.64, "sving": 0.09, "os": 0.4, "foss": 0.66, "juv": 0.0, "B": 0.89, "Q": 44.93, "w": 46.07, "h": 0.59, "S": 0.01143, "elv": "Nesåa", "km": 19.6}}, {"type": "Feature", "geometry": {"type": "LineString", "coordinates": [[12.60519, 64.56131], [12.60321, 64.5616]]}, "properties": {"P": 59.95, "tau": 91.27, "tau_c": 101.51, "omega": 170.88, "M": 0.9, "D": 0.11, "R": 0.7, "sving": 0.12, "os": 0.24, "foss": 0.47, "juv": 0.0, "B": 0.89, "Q": 44.98, "w": 50.14, "h": 0.48, "S": 0.01942, "elv": "Nesåa", "km": 19.7}}, {"type": "Feature", "geometry": {"type": "LineString", "coordinates": [[12.60321, 64.5616], [12.60117, 64.56177]]}, "properties": {"P": 51.7, "tau": 107.22, "tau_c": 113.92, "omega": 215.26, "M": 0.94, "D": 0.03, "R": 0.74, "sving": 0.09, "os": 0.15, "foss": 0.34, "juv": 0.0, "B": 0.89, "Q": 44.98, "w": 50.14, "h": 0.45, "S": 0.02446, "elv": "Nesåa", "km": 19.8}}, {"type": "Feature", "geometry": {"type": "LineString", "coordinates": [[12.60117, 64.56177], [12.59911, 64.56191]]}, "properties": {"P": 69.17, "tau": 112.25, "tau_c": 115.64, "omega": 231.04, "M": 0.97, "D": 0.0, "R": 0.77, "sving": 0.09, "os": 0.09, "foss": 1.0, "juv": 0.0, "B": 0.89, "Q": 44.98, "w": 48.14, "h": 0.45, "S": 0.02521, "elv": "Nesåa", "km": 19.9}}, {"type": "Feature", "geometry": {"type": "LineString", "coordinates": [[12.59911, 64.56191], [12.59705, 64.56205]]}, "properties": {"P": 68.97, "tau": 109.88, "tau_c": 115.9, "omega": 222.95, "M": 0.95, "D": 0.0, "R": 0.75, "sving": 0.16, "os": 0.06, "foss": 1.0, "juv": 0.0, "B": 0.89, "Q": 45.01, "w": 50.14, "h": 0.44, "S": 0.02532, "elv": "Nesåa", "km": 20.0}}, {"type": "Feature", "geometry": {"type": "LineString", "coordinates": [[12.59705, 64.56205], [12.59497, 64.56212]]}, "properties": {"P": 65.03, "tau": 110.87, "tau_c": 116.66, "omega": 225.85, "M": 0.95, "D": 0.05, "R": 0.75, "sving": 0.23, "os": 0.06, "foss": 0.72, "juv": 0.0, "B": 0.89, "Q": 45.01, "w": 50.15, "h": 0.44, "S": 0.02565, "elv": "Nesåa", "km": 20.1}}, {"type": "Feature", "geometry": {"type": "LineString", "coordinates": [[12.59497, 64.56212], [12.59329, 64.56263]]}, "properties": {"P": 59.8, "tau": 112.99, "tau_c": 118.25, "omega": 232.06, "M": 0.96, "D": 0.13, "R": 0.75, "sving": 0.11, "os": 0.09, "foss": 0.51, "juv": 0.0, "B": 0.89, "Q": 45.02, "w": 50.15, "h": 0.44, "S": 0.02635, "elv": "Nesåa", "km": 20.2}}, {"type": "Feature", "geometry": {"type": "LineString", "coordinates": [[12.59329, 64.56263], [12.5918, 64.56326]]}, "properties": {"P": 54.97, "tau": 76.24, "tau_c": 92.31, "omega": 130.79, "M": 0.83, "D": 0.25, "R": 0.61, "sving": 0.1, "os": 0.14, "foss": 0.37, "juv": 0.0, "B": 0.89, "Q": 45.02, "w": 54.23, "h": 0.48, "S": 0.01606, "elv": "Nesåa", "km": 20.3}}, {"type": "Feature", "geometry": {"type": "LineString", "coordinates": [[12.5918, 64.56326], [12.58994, 64.56364]]}, "properties": {"P": 47.19, "tau": 56.45, "tau_c": 76.83, "omega": 84.26, "M": 0.73, "D": 0.3, "R": 0.49, "sving": 0.23, "os": 0.23, "foss": 0.0, "juv": 0.0, "B": 0.89, "Q": 45.02, "w": 58.31, "h": 0.52, "S": 0.01113, "elv": "Nesåa", "km": 20.4}}, {"type": "Feature", "geometry": {"type": "LineString", "coordinates": [[12.58994, 64.56364], [12.588, 64.56394]]}, "properties": {"P": 47.7, "tau": 46.49, "tau_c": 67.89, "omega": 63.53, "M": 0.68, "D": 0.28, "R": 0.43, "sving": 0.28, "os": 0.34, "foss": 0.0, "juv": 0.0, "B": 0.89, "Q": 45.02, "w": 60.39, "h": 0.55, "S": 0.00869, "elv": "Nesåa", "km": 20.5}}, {"type": "Feature", "geometry": {"type": "LineString", "coordinates": [[12.588, 64.56394], [12.58734, 64.56477]]}, "properties": {"P": 42.05, "tau": 41.87, "tau_c": 62.98, "omega": 54.68, "M": 0.66, "D": 0.21, "R": 0.4, "sving": 0.15, "os": 0.41, "foss": 0.0, "juv": 0.0, "B": 0.89, "Q": 45.02, "w": 60.39, "h": 0.57, "S": 0.00748, "elv": "Nesåa", "km": 20.6}}, {"type": "Feature", "geometry": {"type": "LineString", "coordinates": [[12.58734, 64.56477], [12.58725, 64.56565]]}, "properties": {"P": 42.75, "tau": 37.29, "tau_c": 57.98, "omega": 46.3, "M": 0.64, "D": 0.19, "R": 0.37, "sving": 0.08, "os": 0.58, "foss": 0.0, "juv": 0.0, "B": 0.89, "Q": 45.02, "w": 60.45, "h": 0.6, "S": 0.00634, "elv": "Nesåa", "km": 20.7}}, {"type": "Feature", "geometry": {"type": "LineString", "coordinates": [[12.58725, 64.56565], [12.5859, 64.5663]]}, "properties": {"P": 55.37, "tau": 30.08, "tau_c": 49.73, "omega": 34.02, "M": 0.6, "D": 0.21, "R": 0.32, "sving": 0.49, "os": 0.69, "foss": 0.0, "juv": 0.0, "B": 0.89, "Q": 45.02, "w": 60.53, "h": 0.66, "S": 0.00466, "elv": "Nesåa", "km": 20.8}}, {"type": "Feature", "geometry": {"type": "LineString", "coordinates": [[12.5859, 64.5663], [12.58384, 64.56641]]}, "properties": {"P": 66.19, "tau": 26.85, "tau_c": 45.65, "omega": 28.94, "M": 0.59, "D": 0.22, "R": 0.3, "sving": 0.66, "os": 0.93, "foss": 0.0, "juv": 0.0, "B": 0.89, "Q": 45.51, "w": 60.6, "h": 0.7, "S": 0.00393, "elv": "Nesåa", "km": 20.9}}, {"type": "Feature", "geometry": {"type": "LineString", "coordinates": [[12.58384, 64.56641], [12.58183, 64.56636]]}, "properties": {"P": 46.49, "tau": 20.19, "tau_c": 37.22, "omega": 19.23, "M": 0.54, "D": 0.24, "R": 0.24, "sving": 0.37, "os": 0.56, "foss": 0.0, "juv": 0.0, "B": 0.89, "Q": 45.57, "w": 60.7, "h": 0.79, "S": 0.00261, "elv": "Nesåa", "km": 21.0}}, {"type": "Feature", "geometry": {"type": "LineString", "coordinates": [[12.58183, 64.56636], [12.5798, 64.56616]]}, "properties": {"P": 40.53, "tau": 18.21, "tau_c": 34.58, "omega": 16.58, "M": 0.53, "D": 0.26, "R": 0.22, "sving": 0.39, "os": 0.35, "foss": 0.0, "juv": 0.0, "B": 0.89, "Q": 45.59, "w": 60.79, "h": 0.82, "S": 0.00225, "elv": "Nesåa", "km": 21.1}}, {"type": "Feature", "geometry": {"type": "LineString", "coordinates": [[12.5798, 64.56616], [12.57775, 64.56601]]}, "properties": {"P": 31.2, "tau": 13.81, "tau_c": 28.32, "omega": 11.15, "M": 0.49, "D": 0.3, "R": 0.17, "sving": 0.22, "os": 0.22, "foss": 0.0, "juv": 0.0, "B": 0.89, "Q": 45.71, "w": 60.82, "h": 0.93, "S": 0.00151, "elv": "Nesåa", "km": 21.2}}, {"type": "Feature", "geometry": {"type": "LineString", "coordinates": [[12.57775, 64.56601], [12.57654, 64.56535]]}, "properties": {"P": 19.33, "tau": 8.38, "tau_c": 19.78, "omega": 5.43, "M": 0.42, "D": 0.2, "R": 0.11, "sving": 0.11, "os": 0.13, "foss": 0.0, "juv": 0.0, "B": 0.89, "Q": 45.71, "w": 60.87, "h": 1.16, "S": 0.00074, "elv": "Nesåa", "km": 21.3}}, {"type": "Feature", "geometry": {"type": "LineString", "coordinates": [[12.57654, 64.56535], [12.57493, 64.56484]]}, "properties": {"P": 12.35, "tau": 9.01, "tau_c": 20.86, "omega": 6.03, "M": 0.43, "D": 0.11, "R": 0.12, "sving": 0.01, "os": 0.09, "foss": 0.0, "juv": 0.0, "B": 0.89, "Q": 45.72, "w": 60.93, "h": 1.12, "S": 0.00082, "elv": "Nesåa", "km": 21.4}}, {"type": "Feature", "geometry": {"type": "LineString", "coordinates": [[12.57493, 64.56484], [12.57285, 64.56489]]}, "properties": {"P": 25.43, "tau": 23.45, "tau_c": 41.28, "omega": 23.86, "M": 0.57, "D": 0.0, "R": 0.27, "sving": 0.4, "os": 0.06, "foss": 0.0, "juv": 0.0, "B": 0.89, "Q": 46.01, "w": 60.76, "h": 0.74, "S": 0.00321, "elv": "Nesåa", "km": 21.5}}, {"type": "Feature", "geometry": {"type": "LineString", "coordinates": [[12.57285, 64.56489], [12.57084, 64.56472]]}, "properties": {"P": 28.58, "tau": 35.89, "tau_c": 54.28, "omega": 44.31, "M": 0.66, "D": 0.0, "R": 0.39, "sving": 0.36, "os": 0.0, "foss": 0.0, "juv": 0.0, "B": 0.89, "Q": 46.03, "w": 56.59, "h": 0.66, "S": 0.00555, "elv": "Nesåa", "km": 21.6}}, {"type": "Feature", "geometry": {"type": "LineString", "coordinates": [[12.57084, 64.56472], [12.56883, 64.56485]]}, "properties": {"P": 27.81, "tau": 56.21, "tau_c": 72.38, "omega": 85.09, "M": 0.78, "D": 0.0, "R": 0.55, "sving": 0.01, "os": 0.07, "foss": 0.0, "juv": 0.0, "B": 0.89, "Q": 46.04, "w": 52.42, "h": 0.58, "S": 0.00988, "elv": "Nesåa", "km": 21.7}}, {"type": "Feature", "geometry": {"type": "LineString", "coordinates": [[12.56883, 64.56485], [12.56699, 64.56513]]}, "properties": {"P": 36.69, "tau": 69.66, "tau_c": 82.83, "omega": 116.34, "M": 0.84, "D": 0.0, "R": 0.63, "sving": 0.15, "os": 0.12, "foss": 0.0, "juv": 0.0, "B": 0.89, "Q": 46.05, "w": 50.21, "h": 0.55, "S": 0.01293, "elv": "Nesåa", "km": 21.8}}, {"type": "Feature", "geometry": {"type": "LineString", "coordinates": [[12.56699, 64.56513], [12.56491, 64.56517]]}, "properties": {"P": 50.15, "tau": 85.97, "tau_c": 94.42, "omega": 158.16, "M": 0.91, "D": 0.0, "R": 0.71, "sving": 0.16, "os": 0.19, "foss": 0.27, "juv": 0.0, "B": 0.89, "Q": 46.05, "w": 48.0, "h": 0.52, "S": 0.0168, "elv": "Nesåa", "km": 21.9}}, {"type": "Feature", "geometry": {"type": "LineString", "coordinates": [[12.56491, 64.56517], [12.56287, 64.56534]]}, "properties": {"P": 60.4, "tau": 94.62, "tau_c": 101.34, "omega": 181.39, "M": 0.93, "D": 0.0, "R": 0.73, "sving": 0.27, "os": 0.31, "foss": 0.36, "juv": 0.0, "B": 0.89, "Q": 46.08, "w": 48.23, "h": 0.5, "S": 0.01936, "elv": "Nesåa", "km": 22.0}}, {"type": "Feature", "geometry": {"type": "LineString", "coordinates": [[12.56287, 64.56534], [12.56119, 64.5658]]}, "properties": {"P": 73.78, "tau": 95.64, "tau_c": 102.11, "omega": 184.19, "M": 0.94, "D": 0.01, "R": 0.73, "sving": 0.42, "os": 0.5, "foss": 0.47, "juv": 0.0, "B": 0.89, "Q": 46.08, "w": 48.23, "h": 0.5, "S": 0.01965, "elv": "Nesåa", "km": 22.1}}, {"type": "Feature", "geometry": {"type": "LineString", "coordinates": [[12.56119, 64.5658], [12.56019, 64.56659]]}, "properties": {"P": 81.84, "tau": 96.88, "tau_c": 101.06, "omega": 188.64, "M": 0.96, "D": 0.04, "R": 0.76, "sving": 0.24, "os": 0.74, "foss": 0.63, "juv": 0.0, "B": 0.89, "Q": 46.19, "w": 46.23, "h": 0.51, "S": 0.01925, "elv": "Nesåa", "km": 22.2}}, {"type": "Feature", "geometry": {"type": "LineString", "coordinates": [[12.56019, 64.56659], [12.55937, 64.5674]]}, "properties": {"P": 81.39, "tau": 87.71, "tau_c": 95.94, "omega": 162.73, "M": 0.91, "D": 0.09, "R": 0.71, "sving": 0.16, "os": 0.57, "foss": 0.88, "juv": 0.0, "B": 0.89, "Q": 46.37, "w": 48.49, "h": 0.52, "S": 0.01735, "elv": "Nesåa", "km": 22.3}}, {"type": "Feature", "geometry": {"type": "LineString", "coordinates": [[12.55937, 64.5674], [12.55797, 64.56806]]}, "properties": {"P": 79.33, "tau": 77.71, "tau_c": 87.96, "omega": 136.8, "M": 0.88, "D": 0.13, "R": 0.68, "sving": 0.37, "os": 0.35, "foss": 0.82, "juv": 0.0, "B": 0.89, "Q": 46.37, "w": 48.49, "h": 0.54, "S": 0.01458, "elv": "Nesåa", "km": 22.4}}, {"type": "Feature", "geometry": {"type": "LineString", "coordinates": [[12.55797, 64.56806], [12.55597, 64.56818]]}, "properties": {"P": 72.95, "tau": 71.24, "tau_c": 80.94, "omega": 121.45, "M": 0.88, "D": 0.17, "R": 0.67, "sving": 0.44, "os": 0.23, "foss": 0.59, "juv": 0.0, "B": 0.89, "Q": 46.38, "w": 46.26, "h": 0.59, "S": 0.01235, "elv": "Nesåa", "km": 22.5}}, {"type": "Feature", "geometry": {"type": "LineString", "coordinates": [[12.55597, 64.56818], [12.5539, 64.56827]]}, "properties": {"P": 56.81, "tau": 59.55, "tau_c": 73.99, "omega": 92.95, "M": 0.8, "D": 0.22, "R": 0.58, "sving": 0.11, "os": 0.2, "foss": 0.45, "juv": 0.0, "B": 0.89, "Q": 46.4, "w": 50.52, "h": 0.59, "S": 0.01032, "elv": "Nesåa", "km": 22.6}}, {"type": "Feature", "geometry": {"type": "LineString", "coordinates": [[12.5539, 64.56827], [12.55184, 64.56826]]}, "properties": {"P": 52.25, "tau": 44.58, "tau_c": 63.43, "omega": 60.47, "M": 0.7, "D": 0.28, "R": 0.45, "sving": 0.08, "os": 0.33, "foss": 0.34, "juv": 0.0, "B": 0.89, "Q": 46.4, "w": 57.08, "h": 0.6, "S": 0.00758, "elv": "Nesåa", "km": 22.7}}, {"type": "Feature", "geometry": {"type": "LineString", "coordinates": [[12.55184, 64.56826], [12.55009, 64.56871]]}, "properties": {"P": 53.45, "tau": 36.18, "tau_c": 54.73, "omega": 44.8, "M": 0.66, "D": 0.3, "R": 0.39, "sving": 0.35, "os": 0.5, "foss": 0.0, "juv": 0.0, "B": 0.89, "Q": 46.42, "w": 57.39, "h": 0.65, "S": 0.00565, "elv": "Nesåa", "km": 22.8}}, {"type": "Feature", "geometry": {"type": "LineString", "coordinates": [[12.55009, 64.56871], [12.54814, 64.56866]]}, "properties": {"P": 48.85, "tau": 22.58, "tau_c": 38.97, "omega": 22.81, "M": 0.58, "D": 0.33, "R": 0.28, "sving": 0.03, "os": 0.8, "foss": 0.0, "juv": 0.0, "B": 0.89, "Q": 48.7, "w": 59.95, "h": 0.8, "S": 0.00286, "elv": "Nesåa", "km": 22.9}}, {"type": "Feature", "geometry": {"type": "LineString", "coordinates": [[12.54814, 64.56866], [12.54678, 64.56801]]}, "properties": {"P": 47.25, "tau": 23.84, "tau_c": 39.91, "omega": 24.75, "M": 0.6, "D": 0.29, "R": 0.31, "sving": 0.14, "os": 0.65, "foss": 0.0, "juv": 0.0, "B": 0.89, "Q": 48.71, "w": 57.95, "h": 0.81, "S": 0.003, "elv": "Nesåa", "km": 23.0}}, {"type": "Feature", "geometry": {"type": "LineString", "coordinates": [[12.54678, 64.56801], [12.54478, 64.56793]]}, "properties": {"P": 34.61, "tau": 15.08, "tau_c": 28.22, "omega": 12.88, "M": 0.53, "D": 0.33, "R": 0.23, "sving": 0.01, "os": 0.4, "foss": 0.0, "juv": 0.0, "B": 0.89, "Q": 48.73, "w": 55.69, "h": 1.02, "S": 0.0015, "elv": "Nesåa", "km": 23.1}}, {"type": "Feature", "geometry": {"type": "LineString", "coordinates": [[12.54478, 64.56793], [12.54273, 64.56808]]}, "properties": {"P": 32.02, "tau": 11.2, "tau_c": 22.3, "omega": 8.43, "M": 0.5, "D": 0.26, "R": 0.19, "sving": 0.21, "os": 0.26, "foss": 0.0, "juv": 0.0, "B": 0.89, "Q": 48.73, "w": 53.13, "h": 1.22, "S": 0.00094, "elv": "Nesåa", "km": 23.2}}, {"type": "Feature", "geometry": {"type": "LineString", "coordinates": [[12.54273, 64.56808], [12.54065, 64.56806]]}, "properties": {"P": 22.51, "tau": 9.16, "tau_c": 19.29, "omega": 6.31, "M": 0.47, "D": 0.18, "R": 0.16, "sving": 0.12, "os": 0.17, "foss": 0.0, "juv": 0.0, "B": 0.89, "Q": 48.73, "w": 53.14, "h": 1.33, "S": 0.0007, "elv": "Nesåa", "km": 23.3}}, {"type": "Feature", "geometry": {"type": "LineString", "coordinates": [[12.54065, 64.56806], [12.53865, 64.56782]]}, "properties": {"P": 16.27, "tau": 11.54, "tau_c": 22.27, "omega": 8.85, "M": 0.52, "D": 0.05, "R": 0.21, "sving": 0.06, "os": 0.11, "foss": 0.0, "juv": 0.0, "B": 0.89, "Q": 48.77, "w": 50.57, "h": 1.26, "S": 0.00093, "elv": "Nesåa", "km": 23.4}}, {"type": "Feature", "geometry": {"type": "LineString", "coordinates": [[12.53865, 64.56782], [12.53675, 64.56746]]}, "properties": {"P": 18.72, "tau": 13.0, "tau_c": 24.27, "omega": 10.5, "M": 0.54, "D": 0.03, "R": 0.23, "sving": 0.18, "os": 0.07, "foss": 0.0, "juv": 0.0, "B": 0.89, "Q": 48.78, "w": 50.57, "h": 1.19, "S": 0.00111, "elv": "Nesåa", "km": 23.5}}, {"type": "Feature", "geometry": {"type": "LineString", "coordinates": [[12.53675, 64.56746], [12.5347, 64.56746]]}, "properties": {"P": 24.35, "tau": 10.32, "tau_c": 21.01, "omega": 7.5, "M": 0.49, "D": 0.08, "R": 0.18, "sving": 0.47, "os": 0.0, "foss": 0.0, "juv": 0.0, "B": 0.89, "Q": 48.82, "w": 53.15, "h": 1.26, "S": 0.00083, "elv": "Nesåa", "km": 23.6}}, {"type": "Feature", "geometry": {"type": "LineString", "coordinates": [[12.5347, 64.56746], [12.53285, 64.56786]]}, "properties": {"P": 27.05, "tau": 9.5, "tau_c": 20.23, "omega": 6.63, "M": 0.47, "D": 0.08, "R": 0.15, "sving": 0.6, "os": 0.0, "foss": 0.0, "juv": 0.0, "B": 0.89, "Q": 48.83, "w": 55.73, "h": 1.26, "S": 0.00077, "elv": "Nesåa", "km": 23.7}}, {"type": "Feature", "geometry": {"type": "LineString", "coordinates": [[12.53285, 64.56786], [12.5317, 64.5686]]}, "properties": {"P": 20.42, "tau": 9.61, "tau_c": 19.97, "omega": 6.77, "M": 0.48, "D": 0.07, "R": 0.17, "sving": 0.36, "os": 0.0, "foss": 0.0, "juv": 0.0, "B": 0.89, "Q": 48.84, "w": 53.16, "h": 1.3, "S": 0.00075, "elv": "Nesåa", "km": 23.8}}, {"type": "Feature", "geometry": {"type": "LineString", "coordinates": [[12.5317, 64.5686], [12.5309, 64.56943]]}, "properties": {"P": 11.13, "tau": 9.97, "tau_c": 20.14, "omega": 7.16, "M": 0.5, "D": 0.05, "R": 0.18, "sving": 0.02, "os": 0.0, "foss": 0.0, "juv": 0.0, "B": 0.89, "Q": 48.85, "w": 51.16, "h": 1.33, "S": 0.00076, "elv": "Nesåa", "km": 23.9}}, {"type": "Feature", "geometry": {"type": "LineString", "coordinates": [[12.5309, 64.56943], [12.52976, 64.57015]]}, "properties": {"P": 19.77, "tau": 8.88, "tau_c": 18.82, "omega": 6.04, "M": 0.47, "D": 0.12, "R": 0.16, "sving": 0.28, "os": 0.0, "foss": 0.0, "juv": 0.0, "B": 0.89, "Q": 49.02, "w": 53.16, "h": 1.36, "S": 0.00067, "elv": "Nesåa", "km": 24.0}}, {"type": "Feature", "geometry": {"type": "LineString", "coordinates": [[12.52976, 64.57015], [12.52787, 64.5705]]}, "properties": {"P": 24.28, "tau": 7.19, "tau_c": 16.16, "omega": 4.45, "M": 0.44, "D": 0.2, "R": 0.13, "sving": 0.39, "os": 0.0, "foss": 0.0, "juv": 0.0, "B": 0.89, "Q": 49.02, "w": 53.18, "h": 1.49, "S": 0.00049, "elv": "Nesåa", "km": 24.1}}, {"type": "Feature", "geometry": {"type": "LineString", "coordinates": [[12.52787, 64.5705], [12.52583, 64.5707]]}, "properties": {"P": 23.83, "tau": 5.83, "tau_c": 13.83, "omega": 3.3, "M": 0.42, "D": 0.2, "R": 0.11, "sving": 0.34, "os": 0.07, "foss": 0.0, "juv": 0.0, "B": 0.89, "Q": 49.03, "w": 52.6, "h": 1.65, "S": 0.00036, "elv": "Nesåa", "km": 24.2}}, {"type": "Feature", "geometry": {"type": "LineString", "coordinates": [[12.52583, 64.5707], [12.52377, 64.57082]]}, "properties": {"P": 26.25, "tau": 4.84, "tau_c": 12.3, "omega": 2.51, "M": 0.39, "D": 0.16, "R": 0.08, "sving": 0.47, "os": 0.11, "foss": 0.0, "juv": 0.0, "B": 0.89, "Q": 49.03, "w": 54.6, "h": 1.73, "S": 0.00029, "elv": "Nesåa", "km": 24.3}}, {"type": "Feature", "geometry": {"type": "LineString", "coordinates": [[12.52377, 64.57082], [12.5217, 64.57088]]}, "properties": {"P": 35.39, "tau": 5.79, "tau_c": 14.53, "omega": 3.23, "M": 0.4, "D": 0.1, "R": 0.09, "sving": 0.82, "os": 0.17, "foss": 0.0, "juv": 0.0, "B": 0.89, "Q": 49.04, "w": 59.21, "h": 1.48, "S": 0.0004, "elv": "Nesåa", "km": 24.4}}, {"type": "Feature", "geometry": {"type": "LineString", "coordinates": [[12.5217, 64.57088], [12.52041, 64.57025]]}, "properties": {"P": 38.68, "tau": 4.53, "tau_c": 12.41, "omega": 2.26, "M": 0.37, "D": 0.06, "R": 0.06, "sving": 0.97, "os": 0.23, "foss": 0.0, "juv": 0.0, "B": 0.89, "Q": 49.06, "w": 61.82, "h": 1.59, "S": 0.00029, "elv": "Nesåa", "km": 24.5}}, {"type": "Feature", "geometry": {"type": "LineString", "coordinates": [[12.52041, 64.57025], [12.52117, 64.56945]]}, "properties": {"P": 29.99, "tau": 4.16, "tau_c": 11.65, "omega": 2.01, "M": 0.36, "D": 0.02, "R": 0.06, "sving": 0.76, "os": 0.19, "foss": 0.0, "juv": 0.0, "B": 0.89, "Q": 49.06, "w": 59.22, "h": 1.72, "S": 0.00025, "elv": "Nesåa", "km": 24.6}}, {"type": "Feature", "geometry": {"type": "LineString", "coordinates": [[12.52117, 64.56945], [12.52277, 64.56888]]}, "properties": {"P": 9.77, "tau": 5.73, "tau_c": 13.97, "omega": 3.2, "M": 0.41, "D": 0.0, "R": 0.1, "sving": 0.07, "os": 0.12, "foss": 0.0, "juv": 0.0, "B": 0.89, "Q": 49.06, "w": 55.22, "h": 1.59, "S": 0.00037, "elv": "Nesåa", "km": 24.7}}, {"type": "Feature", "geometry": {"type": "LineString", "coordinates": [[12.52277, 64.56888], [12.5235, 64.5681]]}, "properties": {"P": 28.21, "tau": 5.78, "tau_c": 13.57, "omega": 3.26, "M": 0.43, "D": 0.01, "R": 0.11, "sving": 0.73, "os": 0.08, "foss": 0.0, "juv": 0.0, "B": 0.89, "Q": 49.06, "w": 51.22, "h": 1.7, "S": 0.00035, "elv": "Nesåa", "km": 24.8}}, {"type": "Feature", "geometry": {"type": "LineString", "coordinates": [[12.5235, 64.5681], [12.52204, 64.56761]]}, "properties": {"P": 30.91, "tau": 5.83, "tau_c": 13.57, "omega": 3.3, "M": 0.43, "D": 0.07, "R": 0.11, "sving": 0.83, "os": 0.0, "foss": 0.0, "juv": 0.0, "B": 0.89, "Q": 49.06, "w": 50.61, "h": 1.71, "S": 0.00035, "elv": "Nesåa", "km": 24.9}}, {"type": "Feature", "geometry": {"type": "LineString", "coordinates": [[12.52204, 64.56761], [12.51996, 64.56759]]}, "properties": {"P": 31.5, "tau": 5.18, "tau_c": 12.47, "omega": 2.79, "M": 0.42, "D": 0.16, "R": 0.1, "sving": 0.74, "os": 0.0, "foss": 0.0, "juv": 0.0, "B": 0.89, "Q": 49.06, "w": 50.61, "h": 1.8, "S": 0.00029, "elv": "Nesåa", "km": 25.0}}, {"type": "Feature", "geometry": {"type": "LineString", "coordinates": [[12.51996, 64.56759], [12.51794, 64.56738]]}, "properties": {"P": 14.49, "tau": 3.97, "tau_c": 12.7, "omega": 1.82, "M": 0.31, "D": 0.14, "R": 0.03, "sving": 0.27, "os": 0.0, "foss": 0.0, "juv": 0.0, "B": 0.89, "Q": 49.06, "w": 80.32, "h": 1.33, "S": 0.0003, "elv": "Nesåa", "km": 25.1}}, {"type": "Feature", "geometry": {"type": "LineString", "coordinates": [[12.51587, 64.56741], [12.51379, 64.56745]]}, "properties": {"P": 19.05, "tau": 6.39, "tau_c": 11.65, "omega": 4.51, "M": 0.55, "D": 0.0, "R": 0.25, "sving": 0.15, "os": 0.0, "foss": 0.0, "juv": 0.0, "B": 1.09, "Q": 486.8, "w": 143.75, "h": 4.8, "S": 0.00014, "elv": "Nesåa", "km": 25.3}}, {"type": "Feature", "geometry": {"type": "LineString", "coordinates": [[13.00482, 64.44941], [13.00326, 64.44983]]}, "properties": {"P": 15.09, "tau": 59.7, "tau_c": 168.66, "omega": 71.03, "M": 0.35, "D": 0.0, "R": 0.06, "sving": 0.31, "os": 0.0, "foss": 1.0, "juv": 0.0, "B": 0.34, "Q": 1.48, "w": 10.94, "h": 0.11, "S": 0.05362, "elv": "Finnkruelva", "km": 0.0}}, {"type": "Feature", "geometry": {"type": "LineString", "coordinates": [[13.00326, 64.44983], [13.0012, 64.44976]]}, "properties": {"P": 23.67, "tau": 62.6, "tau_c": 174.47, "omega": 76.03, "M": 0.36, "D": 0.0, "R": 0.06, "sving": 0.46, "os": 0.0, "foss": 1.0, "juv": 0.0, "B": 0.48, "Q": 1.48, "w": 10.94, "h": 0.11, "S": 0.05737, "elv": "Finnkruelva", "km": 0.1}}, {"type": "Feature", "geometry": {"type": "LineString", "coordinates": [[13.0012, 64.44976], [13.00013, 64.45046]]}, "properties": {"P": 23.39, "tau": 67.01, "tau_c": 186.22, "omega": 83.44, "M": 0.36, "D": 0.0, "R": 0.06, "sving": 0.44, "os": 0.0, "foss": 1.0, "juv": 0.0, "B": 0.48, "Q": 1.48, "w": 11.36, "h": 0.1, "S": 0.06536, "elv": "Finnkruelva", "km": 0.2}}, {"type": "Feature", "geometry": {"type": "LineString", "coordinates": [[13.00013, 64.45046], [12.99994, 64.45135]]}, "properties": {"P": 24.82, "tau": 67.79, "tau_c": 190.75, "omega": 84.46, "M": 0.36, "D": 0.0, "R": 0.06, "sving": 0.54, "os": 0.0, "foss": 1.0, "juv": 0.0, "B": 0.48, "Q": 1.48, "w": 11.78, "h": 0.1, "S": 0.06858, "elv": "Finnkruelva", "km": 0.3}}, {"type": "Feature", "geometry": {"type": "LineString", "coordinates": [[12.99994, 64.45135], [13.00028, 64.45222]]}, "properties": {"P": 20.73, "tau": 82.03, "tau_c": 191.0, "omega": 115.8, "M": 0.43, "D": 0.0, "R": 0.11, "sving": 0.1, "os": 0.0, "foss": 1.0, "juv": 0.0, "B": 0.51, "Q": 2.09, "w": 12.2, "h": 0.12, "S": 0.06876, "elv": "Finnkruelva", "km": 0.4}}, {"type": "Feature", "geometry": {"type": "LineString", "coordinates": [[13.00028, 64.45222], [12.99987, 64.45301]]}, "properties": {"P": 23.18, "tau": 84.45, "tau_c": 197.7, "omega": 120.26, "M": 0.43, "D": 0.0, "R": 0.11, "sving": 0.26, "os": 0.0, "foss": 1.0, "juv": 0.0, "B": 0.51, "Q": 2.1, "w": 12.62, "h": 0.12, "S": 0.07367, "elv": "Finnkruelva", "km": 0.5}}, {"type": "Feature", "geometry": {"type": "LineString", "coordinates": [[12.99987, 64.45301], [12.99831, 64.45359]]}, "properties": {"P": 27.31, "tau": 95.85, "tau_c": 219.58, "omega": 143.61, "M": 0.44, "D": 0.0, "R": 0.12, "sving": 0.5, "os": 0.0, "foss": 1.0, "juv": 0.0, "B": 0.51, "Q": 2.1, "w": 13.04, "h": 0.11, "S": 0.09088, "elv": "Finnkruelva", "km": 0.6}}, {"type": "Feature", "geometry": {"type": "LineString", "coordinates": [[12.99831, 64.45359], [12.99686, 64.45423]]}, "properties": {"P": 24.18, "tau": 91.03, "tau_c": 211.62, "omega": 133.37, "M": 0.43, "D": 0.01, "R": 0.11, "sving": 0.3, "os": 0.0, "foss": 1.0, "juv": 0.0, "B": 0.51, "Q": 2.1, "w": 13.05, "h": 0.11, "S": 0.08441, "elv": "Finnkruelva", "km": 0.7}}, {"type": "Feature", "geometry": {"type": "LineString", "coordinates": [[12.99686, 64.45423], [12.99497, 64.45459]]}, "properties": {"P": 21.15, "tau": 93.37, "tau_c": 215.49, "omega": 138.31, "M": 0.43, "D": 0.01, "R": 0.12, "sving": 0.04, "os": 0.07, "foss": 1.0, "juv": 0.0, "B": 0.51, "Q": 2.1, "w": 13.05, "h": 0.11, "S": 0.08753, "elv": "Finnkruelva", "km": 0.8}}, {"type": "Feature", "geometry": {"type": "LineString", "coordinates": [[12.99497, 64.45459], [12.99322, 64.45505]]}, "properties": {"P": 17.49, "tau": 92.8, "tau_c": 214.51, "omega": 137.11, "M": 0.43, "D": 0.01, "R": 0.12, "sving": 0.06, "os": 0.1, "foss": 0.72, "juv": 0.0, "B": 0.51, "Q": 2.1, "w": 13.05, "h": 0.11, "S": 0.08673, "elv": "Finnkruelva", "km": 0.9}}, {"type": "Feature", "geometry": {"type": "LineString", "coordinates": [[12.99322, 64.45505], [12.99187, 64.45568]]}, "properties": {"P": 25.17, "tau": 95.75, "tau_c": 219.37, "omega": 143.42, "M": 0.44, "D": 0.0, "R": 0.12, "sving": 0.19, "os": 0.17, "foss": 1.0, "juv": 0.0, "B": 0.51, "Q": 2.1, "w": 13.05, "h": 0.11, "S": 0.09071, "elv": "Finnkruelva", "km": 1.0}}, {"type": "Feature", "geometry": {"type": "LineString", "coordinates": [[12.99187, 64.45568], [12.99024, 64.45619]]}, "properties": {"P": 26.23, "tau": 106.85, "tau_c": 237.27, "omega": 167.8, "M": 0.45, "D": 0.0, "R": 0.13, "sving": 0.13, "os": 0.27, "foss": 1.0, "juv": 0.0, "B": 0.51, "Q": 2.1, "w": 13.06, "h": 0.1, "S": 0.10611, "elv": "Finnkruelva", "km": 1.1}}, {"type": "Feature", "geometry": {"type": "LineString", "coordinates": [[12.99024, 64.45619], [12.98902, 64.4569]]}, "properties": {"P": 32.55, "tau": 95.93, "tau_c": 219.64, "omega": 143.81, "M": 0.44, "D": 0.02, "R": 0.12, "sving": 0.37, "os": 0.43, "foss": 1.0, "juv": 0.0, "B": 0.51, "Q": 2.11, "w": 13.06, "h": 0.11, "S": 0.09093, "elv": "Finnkruelva", "km": 1.2}}, {"type": "Feature", "geometry": {"type": "LineString", "coordinates": [[12.98902, 64.4569], [12.98788, 64.45752]]}, "properties": {"P": 31.78, "tau": 104.09, "tau_c": 232.83, "omega": 161.63, "M": 0.45, "D": 0.02, "R": 0.13, "sving": 0.03, "os": 0.7, "foss": 1.0, "juv": 0.0, "B": 0.51, "Q": 2.11, "w": 13.06, "h": 0.1, "S": 0.10218, "elv": "Finnkruelva", "km": 1.3}}, {"type": "Feature", "geometry": {"type": "LineString", "coordinates": [[12.98788, 64.45752], [12.98588, 64.45739]]}, "properties": {"P": 37.47, "tau": 95.25, "tau_c": 218.49, "omega": 142.35, "M": 0.44, "D": 0.02, "R": 0.12, "sving": 0.22, "os": 0.87, "foss": 1.0, "juv": 0.0, "B": 0.51, "Q": 2.11, "w": 13.06, "h": 0.11, "S": 0.08997, "elv": "Finnkruelva", "km": 1.4}}, {"type": "Feature", "geometry": {"type": "LineString", "coordinates": [[12.98588, 64.45739], [12.98446, 64.45792]]}, "properties": {"P": 33.47, "tau": 104.88, "tau_c": 234.1, "omega": 163.41, "M": 0.45, "D": 0.01, "R": 0.13, "sving": 0.3, "os": 0.54, "foss": 1.0, "juv": 0.0, "B": 0.51, "Q": 2.11, "w": 13.06, "h": 0.1, "S": 0.10329, "elv": "Finnkruelva", "km": 1.5}}, {"type": "Feature", "geometry": {"type": "LineString", "coordinates": [[12.98446, 64.45792], [12.98251, 64.45821]]}, "properties": {"P": 39.49, "tau": 106.7, "tau_c": 236.97, "omega": 167.49, "M": 0.45, "D": 0.05, "R": 0.13, "sving": 0.79, "os": 0.37, "foss": 1.0, "juv": 0.0, "B": 0.51, "Q": 2.11, "w": 13.06, "h": 0.1, "S": 0.10584, "elv": "Finnkruelva", "km": 1.6}}, {"type": "Feature", "geometry": {"type": "LineString", "coordinates": [[12.98251, 64.45821], [12.98046, 64.45829]]}, "properties": {"P": 31.73, "tau": 88.28, "tau_c": 206.9, "omega": 127.68, "M": 0.43, "D": 0.11, "R": 0.11, "sving": 0.42, "os": 0.23, "foss": 1.0, "juv": 0.0, "B": 0.51, "Q": 2.11, "w": 13.06, "h": 0.11, "S": 0.08069, "elv": "Finnkruelva", "km": 1.7}}, {"type": "Feature", "geometry": {"type": "LineString", "coordinates": [[12.98046, 64.45829], [12.98096, 64.45883]]}, "properties": {"P": 32.01, "tau": 81.09, "tau_c": 195.53, "omega": 112.9, "M": 0.41, "D": 0.12, "R": 0.1, "sving": 0.52, "os": 0.14, "foss": 1.0, "juv": 0.0, "B": 0.51, "Q": 2.11, "w": 13.19, "h": 0.11, "S": 0.07206, "elv": "Finnkruelva", "km": 1.8}}, {"type": "Feature", "geometry": {"type": "LineString", "coordinates": [[12.98096, 64.45883], [12.98145, 64.45964]]}, "properties": {"P": 29.33, "tau": 71.39, "tau_c": 179.6, "omega": 93.89, "M": 0.4, "D": 0.1, "R": 0.09, "sving": 0.69, "os": 0.14, "foss": 0.72, "juv": 0.0, "B": 0.51, "Q": 2.11, "w": 13.39, "h": 0.12, "S": 0.0608, "elv": "Finnkruelva", "km": 1.9}}, {"type": "Feature", "geometry": {"type": "LineString", "coordinates": [[12.98145, 64.45964], [12.98177, 64.46052]]}, "properties": {"P": 16.64, "tau": 75.33, "tau_c": 180.18, "omega": 102.53, "M": 0.42, "D": 0.05, "R": 0.1, "sving": 0.13, "os": 0.13, "foss": 0.51, "juv": 0.0, "B": 0.52, "Q": 2.32, "w": 13.59, "h": 0.13, "S": 0.06119, "elv": "Finnkruelva", "km": 2.0}}, {"type": "Feature", "geometry": {"type": "LineString", "coordinates": [[12.98177, 64.46052], [12.98247, 64.46136]]}, "properties": {"P": 15.22, "tau": 73.19, "tau_c": 169.59, "omega": 99.54, "M": 0.43, "D": 0.03, "R": 0.12, "sving": 0.23, "os": 0.1, "foss": 0.37, "juv": 0.0, "B": 0.52, "Q": 2.43, "w": 12.98, "h": 0.14, "S": 0.05421, "elv": "Finnkruelva", "km": 2.1}}, {"type": "Feature", "geometry": {"type": "LineString", "coordinates": [[12.98247, 64.46136], [12.98385, 64.462]]}, "properties": {"P": 25.77, "tau": 63.65, "tau_c": 154.05, "omega": 81.39, "M": 0.41, "D": 0.01, "R": 0.1, "sving": 0.3, "os": 0.08, "foss": 1.0, "juv": 0.0, "B": 0.53, "Q": 2.45, "w": 13.19, "h": 0.15, "S": 0.04473, "elv": "Finnkruelva", "km": 2.2}}, {"type": "Feature", "geometry": {"type": "LineString", "coordinates": [[12.98385, 64.462], [12.98542, 64.46259]]}, "properties": {"P": 26.53, "tau": 74.69, "tau_c": 172.78, "omega": 102.38, "M": 0.43, "D": 0.0, "R": 0.12, "sving": 0.34, "os": 0.06, "foss": 1.0, "juv": 0.0, "B": 0.53, "Q": 2.46, "w": 13.28, "h": 0.14, "S": 0.05627, "elv": "Finnkruelva", "km": 2.3}}, {"type": "Feature", "geometry": {"type": "LineString", "coordinates": [[12.98542, 64.46259], [12.98708, 64.4631]]}, "properties": {"P": 29.27, "tau": 83.69, "tau_c": 187.29, "omega": 120.56, "M": 0.45, "D": 0.0, "R": 0.13, "sving": 0.49, "os": 0.05, "foss": 1.0, "juv": 0.0, "B": 0.53, "Q": 2.47, "w": 13.31, "h": 0.13, "S": 0.06611, "elv": "Finnkruelva", "km": 2.4}}, {"type": "Feature", "geometry": {"type": "LineString", "coordinates": [[12.98708, 64.4631], [12.98606, 64.46379]]}, "properties": {"P": 32.43, "tau": 91.5, "tau_c": 199.74, "omega": 136.97, "M": 0.46, "D": 0.0, "R": 0.14, "sving": 0.71, "os": 0.0, "foss": 1.0, "juv": 0.0, "B": 0.53, "Q": 2.47, "w": 13.32, "h": 0.12, "S": 0.0752, "elv": "Finnkruelva", "km": 2.5}}, {"type": "Feature", "geometry": {"type": "LineString", "coordinates": [[12.90737, 64.4393], [12.90543, 64.43899]]}, "properties": {"P": 30.28, "tau": 117.13, "tau_c": 289.69, "omega": 182.49, "M": 0.4, "D": 0.0, "R": 0.09, "sving": 0.52, "os": 0.61, "foss": 1.0, "juv": 0.0, "B": 0.42, "Q": 0.89, "w": 7.58, "h": 0.08, "S": 0.15817, "elv": "Brandsfjellbekken", "km": 0.8}}, {"type": "Feature", "geometry": {"type": "LineString", "coordinates": [[12.90543, 64.43899], [12.90361, 64.4386]]}, "properties": {"P": 32.43, "tau": 104.31, "tau_c": 271.54, "omega": 153.83, "M": 0.38, "D": 0.09, "R": 0.08, "sving": 0.19, "os": 1.0, "foss": 1.0, "juv": 0.0, "B": 0.42, "Q": 0.92, "w": 8.15, "h": 0.08, "S": 0.13897, "elv": "Brandsfjellbekken", "km": 0.9}}, {"type": "Feature", "geometry": {"type": "LineString", "coordinates": [[12.90361, 64.4386], [12.90211, 64.43803]]}, "properties": {"P": 32.3, "tau": 73.66, "tau_c": 215.37, "omega": 93.0, "M": 0.34, "D": 0.2, "R": 0.05, "sving": 0.46, "os": 0.61, "foss": 1.0, "juv": 0.0, "B": 0.43, "Q": 0.95, "w": 8.72, "h": 0.09, "S": 0.08742, "elv": "Brandsfjellbekken", "km": 1.0}}, {"type": "Feature", "geometry": {"type": "LineString", "coordinates": [[12.90211, 64.43803], [12.90027, 64.43765]]}, "properties": {"P": 25.42, "tau": 59.27, "tau_c": 182.95, "omega": 68.25, "M": 0.32, "D": 0.29, "R": 0.04, "sving": 0.07, "os": 0.38, "foss": 1.0, "juv": 0.0, "B": 0.43, "Q": 0.97, "w": 8.8, "h": 0.1, "S": 0.06308, "elv": "Brandsfjellbekken", "km": 1.1}}, {"type": "Feature", "geometry": {"type": "LineString", "coordinates": [[12.90027, 64.43765], [12.90028, 64.43685]]}, "properties": {"P": 22.77, "tau": 49.32, "tau_c": 161.02, "omega": 52.39, "M": 0.31, "D": 0.25, "R": 0.03, "sving": 0.08, "os": 0.24, "foss": 1.0, "juv": 0.0, "B": 0.43, "Q": 0.97, "w": 8.9, "h": 0.1, "S": 0.04887, "elv": "Brandsfjellbekken", "km": 1.2}}, {"type": "Feature", "geometry": {"type": "LineString", "coordinates": [[12.89701, 64.43592], [12.89533, 64.43638]]}, "properties": {"P": 17.74, "tau": 44.1, "tau_c": 144.03, "omega": 45.08, "M": 0.31, "D": 0.02, "R": 0.03, "sving": 0.44, "os": 0.07, "foss": 0.72, "juv": 0.0, "B": 0.43, "Q": 1.09, "w": 9.26, "h": 0.11, "S": 0.0391, "elv": "Brandsfjellbekken", "km": 1.5}}, {"type": "Feature", "geometry": {"type": "LineString", "coordinates": [[12.89533, 64.43638], [12.89327, 64.43629]]}, "properties": {"P": 20.95, "tau": 43.57, "tau_c": 143.01, "omega": 44.28, "M": 0.3, "D": 0.02, "R": 0.03, "sving": 0.4, "os": 0.06, "foss": 1.0, "juv": 0.0, "B": 0.43, "Q": 1.1, "w": 9.37, "h": 0.12, "S": 0.03855, "elv": "Brandsfjellbekken", "km": 1.6}}, {"type": "Feature", "geometry": {"type": "LineString", "coordinates": [[12.89327, 64.43629], [12.89174, 64.43668]]}, "properties": {"P": 17.61, "tau": 43.26, "tau_c": 142.31, "omega": 43.84, "M": 0.3, "D": 0.05, "R": 0.03, "sving": 0.17, "os": 0.0, "foss": 1.0, "juv": 0.0, "B": 0.43, "Q": 1.11, "w": 9.44, "h": 0.12, "S": 0.03817, "elv": "Brandsfjellbekken", "km": 1.7}}, {"type": "Feature", "geometry": {"type": "LineString", "coordinates": [[12.75896, 64.57743], [12.75713, 64.57753]]}, "properties": {"P": 24.0, "tau": 46.12, "tau_c": 148.54, "omega": 47.95, "M": 0.31, "D": -0.0, "R": 0.03, "sving": 0.29, "os": 0.9, "foss": 0.51, "juv": 0.0, "B": 0.43, "Q": 0.92, "w": 7.83, "h": 0.11, "S": 0.04159, "elv": "Rognbuelva", "km": 2.6}}, {"type": "Feature", "geometry": {"type": "LineString", "coordinates": [[12.75361, 64.57708], [12.75169, 64.57699]]}, "properties": {"P": 26.0, "tau": 51.8, "tau_c": 169.39, "omega": 55.94, "M": 0.31, "D": -0.0, "R": 0.03, "sving": 0.05, "os": 0.8, "foss": 1.0, "juv": 0.0, "B": 0.43, "Q": 0.93, "w": 8.84, "h": 0.1, "S": 0.05408, "elv": "Rognbuelva", "km": 2.9}}, {"type": "Feature", "geometry": {"type": "LineString", "coordinates": [[12.75169, 64.57699], [12.74975, 64.57671]]}, "properties": {"P": 29.79, "tau": 63.14, "tau_c": 188.43, "omega": 75.12, "M": 0.34, "D": -0.0, "R": 0.04, "sving": 0.31, "os": 0.76, "foss": 1.0, "juv": 0.0, "B": 0.44, "Q": 1.02, "w": 8.94, "h": 0.1, "S": 0.06692, "elv": "Rognbuelva", "km": 3.0}}, {"type": "Feature", "geometry": {"type": "LineString", "coordinates": [[12.74975, 64.57671], [12.74804, 64.5762]]}, "properties": {"P": 23.06, "tau": 72.98, "tau_c": 209.95, "omega": 92.34, "M": 0.35, "D": -0.0, "R": 0.05, "sving": 0.11, "os": 0.47, "foss": 1.0, "juv": 0.0, "B": 0.44, "Q": 1.02, "w": 9.04, "h": 0.09, "S": 0.08308, "elv": "Rognbuelva", "km": 3.1}}, {"type": "Feature", "geometry": {"type": "LineString", "coordinates": [[12.74804, 64.5762], [12.7464, 64.57566]]}, "properties": {"P": 20.81, "tau": 74.06, "tau_c": 212.45, "omega": 94.28, "M": 0.35, "D": -0.0, "R": 0.05, "sving": 0.13, "os": 0.29, "foss": 1.0, "juv": 0.0, "B": 0.44, "Q": 1.03, "w": 9.13, "h": 0.09, "S": 0.08507, "elv": "Rognbuelva", "km": 3.2}}, {"type": "Feature", "geometry": {"type": "LineString", "coordinates": [[12.7464, 64.57566], [12.7445, 64.57531]]}, "properties": {"P": 19.06, "tau": 79.36, "tau_c": 223.27, "omega": 104.1, "M": 0.36, "D": -0.0, "R": 0.06, "sving": 0.1, "os": 0.18, "foss": 1.0, "juv": 0.0, "B": 0.44, "Q": 1.03, "w": 9.13, "h": 0.09, "S": 0.09395, "elv": "Rognbuelva", "km": 3.3}}, {"type": "Feature", "geometry": {"type": "LineString", "coordinates": [[12.7445, 64.57531], [12.74287, 64.57476]]}, "properties": {"P": 18.51, "tau": 83.62, "tau_c": 231.87, "omega": 112.18, "M": 0.36, "D": -0.0, "R": 0.06, "sving": 0.13, "os": 0.11, "foss": 1.0, "juv": 0.0, "B": 0.44, "Q": 1.03, "w": 9.14, "h": 0.08, "S": 0.10134, "elv": "Rognbuelva", "km": 3.4}}, {"type": "Feature", "geometry": {"type": "LineString", "coordinates": [[12.74287, 64.57476], [12.74092, 64.57448]]}, "properties": {"P": 17.31, "tau": 84.27, "tau_c": 233.13, "omega": 113.46, "M": 0.36, "D": -0.0, "R": 0.06, "sving": 0.04, "os": 0.11, "foss": 1.0, "juv": 0.0, "B": 0.44, "Q": 1.03, "w": 9.14, "h": 0.08, "S": 0.10244, "elv": "Rognbuelva", "km": 3.5}}, {"type": "Feature", "geometry": {"type": "LineString", "coordinates": [[12.85509, 64.56578], [12.85312, 64.56606]]}, "properties": {"P": 13.92, "tau": 28.1, "tau_c": 89.65, "omega": 24.86, "M": 0.31, "D": 0.0, "R": 0.03, "sving": 0.01, "os": 0.83, "foss": 0.0, "juv": 0.0, "B": 0.49, "Q": 2.26, "w": 13.49, "h": 0.19, "S": 0.01515, "elv": "bekk", "km": 0.1}}, {"type": "Feature", "geometry": {"type": "LineString", "coordinates": [[12.85312, 64.56606], [12.85115, 64.56609]]}, "properties": {"P": 12.56, "tau": 26.48, "tau_c": 85.91, "omega": 22.82, "M": 0.31, "D": 0.0, "R": 0.03, "sving": 0.03, "os": 0.73, "foss": 0.0, "juv": 0.0, "B": 0.49, "Q": 2.27, "w": 13.6, "h": 0.19, "S": 0.01391, "elv": "bekk", "km": 0.2}}, {"type": "Feature", "geometry": {"type": "LineString", "coordinates": [[12.85115, 64.56609], [12.84918, 64.56584]]}, "properties": {"P": 27.59, "tau": 26.36, "tau_c": 85.91, "omega": 22.67, "M": 0.31, "D": 0.0, "R": 0.03, "sving": 0.27, "os": 0.46, "foss": 1.0, "juv": 0.0, "B": 0.49, "Q": 2.28, "w": 13.7, "h": 0.19, "S": 0.01391, "elv": "bekk", "km": 0.3}}, {"type": "Feature", "geometry": {"type": "LineString", "coordinates": [[12.84918, 64.56584], [12.84732, 64.56551]]}, "properties": {"P": 20.09, "tau": 31.61, "tau_c": 96.05, "omega": 29.59, "M": 0.33, "D": 0.0, "R": 0.04, "sving": 0.21, "os": 0.29, "foss": 0.72, "juv": 0.0, "B": 0.5, "Q": 2.39, "w": 13.78, "h": 0.19, "S": 0.01739, "elv": "bekk", "km": 0.4}}, {"type": "Feature", "geometry": {"type": "LineString", "coordinates": [[13.01546, 64.51688], [13.01377, 64.51703]]}, "properties": {"P": 19.47, "tau": 54.06, "tau_c": 138.66, "omega": 63.78, "M": 0.39, "D": 0.0, "R": 0.08, "sving": 0.06, "os": 0.0, "foss": 1.0, "juv": 0.0, "B": 0.52, "Q": 1.69, "w": 9.43, "h": 0.15, "S": 0.03624, "elv": "bekk", "km": 1.6}}, {"type": "Feature", "geometry": {"type": "LineString", "coordinates": [[13.01377, 64.51703], [13.01209, 64.51676]]}, "properties": {"P": 22.52, "tau": 43.49, "tau_c": 124.84, "omega": 46.08, "M": 0.35, "D": 0.1, "R": 0.05, "sving": 0.39, "os": 0.06, "foss": 0.72, "juv": 0.0, "B": 0.52, "Q": 1.69, "w": 10.59, "h": 0.15, "S": 0.02937, "elv": "bekk", "km": 1.7}}, {"type": "Feature", "geometry": {"type": "LineString", "coordinates": [[13.01209, 64.51676], [13.01016, 64.51694]]}, "properties": {"P": 16.62, "tau": 36.56, "tau_c": 115.28, "omega": 35.51, "M": 0.32, "D": 0.19, "R": 0.03, "sving": 0.12, "os": 0.08, "foss": 0.51, "juv": 0.0, "B": 0.52, "Q": 1.7, "w": 11.76, "h": 0.15, "S": 0.02505, "elv": "bekk", "km": 1.8}}, {"type": "Feature", "geometry": {"type": "LineString", "coordinates": [[13.03458, 64.47025], [13.0331, 64.47088]]}, "properties": {"P": 17.96, "tau": 81.51, "tau_c": 271.1, "omega": 101.97, "M": 0.3, "D": 0.0, "R": 0.03, "sving": 0.29, "os": 0.0, "foss": 1.0, "juv": 0.0, "B": 0.43, "Q": 0.46, "w": 6.08, "h": 0.06, "S": 0.13852, "elv": "bekk", "km": 0.1}}, {"type": "Feature", "geometry": {"type": "LineString", "coordinates": [[13.0331, 64.47088], [13.03193, 64.47162]]}, "properties": {"P": 19.23, "tau": 86.04, "tau_c": 281.7, "omega": 110.19, "M": 0.31, "D": 0.0, "R": 0.03, "sving": 0.38, "os": 0.0, "foss": 1.0, "juv": 0.0, "B": 0.43, "Q": 0.46, "w": 6.08, "h": 0.06, "S": 0.14957, "elv": "bekk", "km": 0.2}}, {"type": "Feature", "geometry": {"type": "LineString", "coordinates": [[13.03193, 64.47162], [13.03093, 64.47241]]}, "properties": {"P": 18.25, "tau": 97.68, "tau_c": 308.4, "omega": 132.19, "M": 0.32, "D": 0.0, "R": 0.03, "sving": 0.29, "os": 0.0, "foss": 1.0, "juv": 0.0, "B": 0.43, "Q": 0.46, "w": 6.09, "h": 0.06, "S": 0.17927, "elv": "bekk", "km": 0.3}}, {"type": "Feature", "geometry": {"type": "LineString", "coordinates": [[13.03093, 64.47241], [13.03079, 64.47327]]}, "properties": {"P": 17.84, "tau": 122.26, "tau_c": 362.06, "omega": 182.37, "M": 0.34, "D": 0.0, "R": 0.05, "sving": 0.24, "os": 0.0, "foss": 1.0, "juv": 0.0, "B": 0.43, "Q": 0.46, "w": 6.09, "h": 0.05, "S": 0.24708, "elv": "bekk", "km": 0.4}}, {"type": "Feature", "geometry": {"type": "LineString", "coordinates": [[13.03079, 64.47327], [13.03076, 64.47417]]}, "properties": {"P": 18.91, "tau": 122.19, "tau_c": 361.96, "omega": 182.21, "M": 0.34, "D": 0.0, "R": 0.05, "sving": 0.31, "os": 0.0, "foss": 1.0, "juv": 0.0, "B": 0.43, "Q": 0.46, "w": 6.09, "h": 0.05, "S": 0.24693, "elv": "bekk", "km": 0.5}}, {"type": "Feature", "geometry": {"type": "LineString", "coordinates": [[13.03076, 64.47417], [13.03084, 64.47501]]}, "properties": {"P": 20.73, "tau": 122.76, "tau_c": 363.18, "omega": 183.42, "M": 0.34, "D": 0.0, "R": 0.05, "sving": 0.44, "os": 0.0, "foss": 1.0, "juv": 0.0, "B": 0.43, "Q": 0.46, "w": 6.09, "h": 0.05, "S": 0.24861, "elv": "bekk", "km": 0.6}}, {"type": "Feature", "geometry": {"type": "LineString", "coordinates": [[13.03084, 64.47501], [13.02887, 64.47522]]}, "properties": {"P": 22.94, "tau": 120.95, "tau_c": 359.34, "omega": 179.56, "M": 0.34, "D": 0.0, "R": 0.04, "sving": 0.53, "os": 0.07, "foss": 1.0, "juv": 0.0, "B": 0.44, "Q": 0.46, "w": 6.09, "h": 0.05, "S": 0.24338, "elv": "bekk", "km": 0.7}}, {"type": "Feature", "geometry": {"type": "LineString", "coordinates": [[13.02887, 64.47522], [13.0269, 64.4755]]}, "properties": {"P": 22.56, "tau": 124.98, "tau_c": 364.2, "omega": 188.18, "M": 0.34, "D": 0.02, "R": 0.05, "sving": 0.48, "os": 0.06, "foss": 1.0, "juv": 0.0, "B": 0.44, "Q": 0.46, "w": 6.1, "h": 0.05, "S": 0.25524, "elv": "bekk", "km": 0.8}}, {"type": "Feature", "geometry": {"type": "LineString", "coordinates": [[13.0269, 64.4755], [13.02486, 64.47563]]}, "properties": {"P": 22.95, "tau": 120.43, "tau_c": 358.7, "omega": 178.39, "M": 0.34, "D": 0.02, "R": 0.04, "sving": 0.5, "os": 0.08, "foss": 1.0, "juv": 0.0, "B": 0.43, "Q": 0.46, "w": 6.11, "h": 0.05, "S": 0.24251, "elv": "bekk", "km": 0.9}}, {"type": "Feature", "geometry": {"type": "LineString", "coordinates": [[13.02486, 64.47563], [13.02298, 64.4759]]}, "properties": {"P": 21.16, "tau": 108.01, "tau_c": 331.1, "omega": 152.73, "M": 0.33, "D": 0.02, "R": 0.04, "sving": 0.34, "os": 0.12, "foss": 1.0, "juv": 0.0, "B": 0.43, "Q": 0.46, "w": 6.12, "h": 0.05, "S": 0.20663, "elv": "bekk", "km": 1.0}}, {"type": "Feature", "geometry": {"type": "LineString", "coordinates": [[13.02298, 64.4759], [13.02295, 64.47665]]}, "properties": {"P": 23.7, "tau": 126.46, "tau_c": 364.2, "omega": 191.78, "M": 0.35, "D": 0.0, "R": 0.05, "sving": 0.48, "os": 0.16, "foss": 1.0, "juv": 0.0, "B": 0.44, "Q": 0.47, "w": 6.14, "h": 0.05, "S": 0.25609, "elv": "bekk", "km": 1.1}}, {"type": "Feature", "geometry": {"type": "LineString", "coordinates": [[13.02295, 64.47665], [13.02232, 64.47744]]}, "properties": {"P": 21.19, "tau": 128.81, "tau_c": 364.2, "omega": 196.82, "M": 0.35, "D": 0.02, "R": 0.06, "sving": 0.18, "os": 0.24, "foss": 1.0, "juv": 0.0, "B": 0.44, "Q": 0.47, "w": 6.16, "h": 0.05, "S": 0.26394, "elv": "bekk", "km": 1.2}}, {"type": "Feature", "geometry": {"type": "LineString", "coordinates": [[13.02232, 64.47744], [13.02205, 64.47832]]}, "properties": {"P": 31.18, "tau": 117.39, "tau_c": 350.97, "omega": 172.18, "M": 0.33, "D": 0.07, "R": 0.04, "sving": 0.72, "os": 0.38, "foss": 1.0, "juv": 0.0, "B": 0.44, "Q": 0.47, "w": 6.2, "h": 0.05, "S": 0.23217, "elv": "bekk", "km": 1.3}}, {"type": "Feature", "geometry": {"type": "LineString", "coordinates": [[13.02205, 64.47832], [13.02064, 64.47895]]}, "properties": {"P": 34.02, "tau": 107.82, "tau_c": 328.32, "omega": 152.72, "M": 0.33, "D": 0.14, "R": 0.04, "sving": 0.61, "os": 0.6, "foss": 1.0, "juv": 0.0, "B": 0.44, "Q": 0.48, "w": 6.24, "h": 0.05, "S": 0.20317, "elv": "bekk", "km": 1.4}}, {"type": "Feature", "geometry": {"type": "LineString", "coordinates": [[13.02064, 64.47895], [13.01877, 64.47865]]}, "properties": {"P": 40.12, "tau": 89.49, "tau_c": 295.78, "omega": 115.99, "M": 0.3, "D": 0.17, "R": 0.03, "sving": 0.65, "os": 0.98, "foss": 1.0, "juv": 0.0, "B": 0.44, "Q": 0.49, "w": 6.8, "h": 0.06, "S": 0.1649, "elv": "bekk", "km": 1.5}}, {"type": "Feature", "geometry": {"type": "LineString", "coordinates": [[13.01685, 64.4783], [13.01486, 64.47805]]}, "properties": {"P": 20.01, "tau": 72.64, "tau_c": 201.01, "omega": 92.69, "M": 0.36, "D": 0.06, "R": 0.06, "sving": 0.02, "os": 0.38, "foss": 0.72, "juv": 0.0, "B": 0.49, "Q": 0.99, "w": 7.94, "h": 0.1, "S": 0.07616, "elv": "bekk", "km": 1.7}}, {"type": "Feature", "geometry": {"type": "LineString", "coordinates": [[13.01486, 64.47805], [13.0129, 64.47776]]}, "properties": {"P": 15.62, "tau": 84.82, "tau_c": 229.89, "omega": 115.07, "M": 0.37, "D": 0.04, "R": 0.07, "sving": 0.11, "os": 0.23, "foss": 0.51, "juv": 0.0, "B": 0.49, "Q": 1.01, "w": 8.57, "h": 0.09, "S": 0.09961, "elv": "bekk", "km": 1.8}}, {"type": "Feature", "geometry": {"type": "LineString", "coordinates": [[13.0129, 64.47776], [13.01091, 64.4775]]}, "properties": {"P": 25.57, "tau": 99.5, "tau_c": 264.5, "omega": 143.63, "M": 0.38, "D": 0.12, "R": 0.07, "sving": 0.25, "os": 0.14, "foss": 1.0, "juv": 0.0, "B": 0.49, "Q": 1.02, "w": 9.17, "h": 0.08, "S": 0.13186, "elv": "bekk", "km": 1.9}}, {"type": "Feature", "geometry": {"type": "LineString", "coordinates": [[12.70418, 64.37753], [12.7028, 64.37742]]}, "properties": {"P": 10.31, "tau": 51.15, "tau_c": 154.12, "omega": 56.51, "M": 0.33, "D": 0.02, "R": 0.04, "sving": 1.0, "os": 0.0, "foss": 0.0, "juv": 0.0, "B": 0.3, "Q": 1.34, "w": 10.43, "h": 0.12, "S": 0.04477, "elv": "Larvtjønnbekken", "km": 0.0}}, {"type": "Feature", "geometry": {"type": "LineString", "coordinates": [[12.7028, 64.37742], [12.70274, 64.37658]]}, "properties": {"P": 18.85, "tau": 46.99, "tau_c": 145.02, "omega": 50.05, "M": 0.32, "D": 0.06, "R": 0.04, "sving": 0.22, "os": 0.0, "foss": 1.0, "juv": 0.0, "B": 0.44, "Q": 1.34, "w": 10.43, "h": 0.12, "S": 0.03964, "elv": "Larvtjønnbekken", "km": 0.1}}, {"type": "Feature", "geometry": {"type": "LineString", "coordinates": [[12.70274, 64.37658], [12.70294, 64.37578]]}, "properties": {"P": 19.46, "tau": 44.97, "tau_c": 140.62, "omega": 46.97, "M": 0.32, "D": 0.07, "R": 0.04, "sving": 0.25, "os": 0.0, "foss": 1.0, "juv": 0.0, "B": 0.44, "Q": 1.34, "w": 10.45, "h": 0.12, "S": 0.03727, "elv": "Larvtjønnbekken", "km": 0.2}}, {"type": "Feature", "geometry": {"type": "LineString", "coordinates": [[12.70294, 64.37578], [12.70149, 64.37532]]}, "properties": {"P": 17.3, "tau": 39.77, "tau_c": 128.92, "omega": 39.38, "M": 0.31, "D": 0.09, "R": 0.03, "sving": 0.36, "os": 0.0, "foss": 0.72, "juv": 0.0, "B": 0.44, "Q": 1.34, "w": 10.48, "h": 0.13, "S": 0.03132, "elv": "Larvtjønnbekken", "km": 0.3}}, {"type": "Feature", "geometry": {"type": "LineString", "coordinates": [[12.70149, 64.37532], [12.70083, 64.37499]]}, "properties": {"P": 15.95, "tau": 42.41, "tau_c": 133.85, "omega": 43.29, "M": 0.32, "D": 0.11, "R": 0.03, "sving": 0.43, "os": 0.0, "foss": 0.51, "juv": 0.0, "B": 0.44, "Q": 1.37, "w": 10.51, "h": 0.13, "S": 0.03377, "elv": "Larvtjønnbekken", "km": 0.4}}, {"type": "Feature", "geometry": {"type": "LineString", "coordinates": [[12.70425, 64.37425], [12.70482, 64.37369]]}, "properties": {"P": 20.94, "tau": 38.31, "tau_c": 123.93, "omega": 37.48, "M": 0.31, "D": 0.02, "R": 0.03, "sving": 0.71, "os": 0.0, "foss": 0.72, "juv": 0.0, "B": 0.44, "Q": 1.4, "w": 10.63, "h": 0.13, "S": 0.02895, "elv": "Larvtjønnbekken", "km": 0.7}}, {"type": "Feature", "geometry": {"type": "LineString", "coordinates": [[12.70482, 64.37369], [12.70319, 64.37313]]}, "properties": {"P": 16.93, "tau": 57.62, "tau_c": 166.17, "omega": 67.26, "M": 0.35, "D": -0.0, "R": 0.05, "sving": 0.62, "os": 0.0, "foss": 0.51, "juv": 0.0, "B": 0.44, "Q": 1.4, "w": 10.64, "h": 0.11, "S": 0.05204, "elv": "Larvtjønnbekken", "km": 0.8}}, {"type": "Feature", "geometry": {"type": "LineString", "coordinates": [[12.70319, 64.37313], [12.70153, 64.37264]]}, "properties": {"P": 18.3, "tau": 57.37, "tau_c": 165.74, "omega": 66.84, "M": 0.35, "D": -0.0, "R": 0.05, "sving": 0.23, "os": 0.0, "foss": 1.0, "juv": 0.0, "B": 0.44, "Q": 1.4, "w": 10.66, "h": 0.11, "S": 0.05178, "elv": "Larvtjønnbekken", "km": 0.9}}, {"type": "Feature", "geometry": {"type": "LineString", "coordinates": [[12.70153, 64.37264], [12.70076, 64.37184]]}, "properties": {"P": 22.63, "tau": 73.25, "tau_c": 197.44, "omega": 94.88, "M": 0.37, "D": -0.0, "R": 0.07, "sving": 0.52, "os": 0.0, "foss": 1.0, "juv": 0.0, "B": 0.44, "Q": 1.4, "w": 10.66, "h": 0.1, "S": 0.07347, "elv": "Larvtjønnbekken", "km": 1.0}}, {"type": "Feature", "geometry": {"type": "LineString", "coordinates": [[12.70076, 64.37184], [12.70253, 64.37139]]}, "properties": {"P": 18.51, "tau": 98.23, "tau_c": 243.59, "omega": 144.48, "M": 0.4, "D": -0.0, "R": 0.09, "sving": 0.47, "os": 0.0, "foss": 0.72, "juv": 0.0, "B": 0.44, "Q": 1.4, "w": 10.66, "h": 0.09, "S": 0.11184, "elv": "Larvtjønnbekken", "km": 1.1}}, {"type": "Feature", "geometry": {"type": "LineString", "coordinates": [[12.70253, 64.37139], [12.70337, 64.3707]]}, "properties": {"P": 17.51, "tau": 126.27, "tau_c": 291.61, "omega": 207.03, "M": 0.43, "D": -0.0, "R": 0.12, "sving": 0.07, "os": 0.0, "foss": 1.0, "juv": 0.0, "B": 0.44, "Q": 1.4, "w": 10.66, "h": 0.08, "S": 0.16027, "elv": "Larvtjønnbekken", "km": 1.2}}, {"type": "Feature", "geometry": {"type": "LineString", "coordinates": [[12.70337, 64.3707], [12.70384, 64.36996]]}, "properties": {"P": 24.02, "tau": 137.85, "tau_c": 310.53, "omega": 234.75, "M": 0.44, "D": -0.0, "R": 0.13, "sving": 0.52, "os": 0.0, "foss": 1.0, "juv": 0.0, "B": 0.44, "Q": 1.4, "w": 10.66, "h": 0.08, "S": 0.18175, "elv": "Larvtjønnbekken", "km": 1.3}}, {"type": "Feature", "geometry": {"type": "LineString", "coordinates": [[12.70384, 64.36996], [12.7034, 64.36908]]}, "properties": {"P": 19.82, "tau": 140.95, "tau_c": 315.52, "omega": 242.36, "M": 0.45, "D": 0.0, "R": 0.13, "sving": 0.21, "os": 0.0, "foss": 1.0, "juv": 0.0, "B": 0.44, "Q": 1.4, "w": 10.66, "h": 0.08, "S": 0.18764, "elv": "Larvtjønnbekken", "km": 1.4}}, {"type": "Feature", "geometry": {"type": "LineString", "coordinates": [[12.7034, 64.36908], [12.7027, 64.36824]]}, "properties": {"P": 20.11, "tau": 148.3, "tau_c": 327.2, "omega": 260.65, "M": 0.45, "D": 0.02, "R": 0.14, "sving": 0.19, "os": 0.0, "foss": 1.0, "juv": 0.0, "B": 0.44, "Q": 1.4, "w": 10.66, "h": 0.07, "S": 0.20179, "elv": "Larvtjønnbekken", "km": 1.5}}, {"type": "Feature", "geometry": {"type": "LineString", "coordinates": [[12.7027, 64.36824], [12.70255, 64.36739]]}, "properties": {"P": 19.99, "tau": 135.77, "tau_c": 308.73, "omega": 229.36, "M": 0.44, "D": 0.07, "R": 0.12, "sving": 0.14, "os": 0.0, "foss": 1.0, "juv": 0.0, "B": 0.44, "Q": 1.4, "w": 10.79, "h": 0.08, "S": 0.17965, "elv": "Larvtjønnbekken", "km": 1.6}}, {"type": "Feature", "geometry": {"type": "LineString", "coordinates": [[12.70255, 64.36739], [12.70211, 64.36663]]}, "properties": {"P": 19.73, "tau": 122.81, "tau_c": 288.78, "omega": 198.37, "M": 0.43, "D": 0.14, "R": 0.11, "sving": 0.06, "os": 0.0, "foss": 1.0, "juv": 0.0, "B": 0.44, "Q": 1.4, "w": 10.92, "h": 0.08, "S": 0.15718, "elv": "Larvtjønnbekken", "km": 1.7}}, {"type": "Feature", "geometry": {"type": "LineString", "coordinates": [[12.70211, 64.36663], [12.70096, 64.36589]]}, "properties": {"P": 28.66, "tau": 103.29, "tau_c": 244.07, "omega": 156.97, "M": 0.42, "D": 0.21, "R": 0.11, "sving": 0.57, "os": 0.0, "foss": 1.0, "juv": 0.0, "B": 0.45, "Q": 1.57, "w": 11.04, "h": 0.09, "S": 0.11228, "elv": "Larvtjønnbekken", "km": 1.8}}, {"type": "Feature", "geometry": {"type": "LineString", "coordinates": [[12.70096, 64.36589], [12.69998, 64.36511]]}, "properties": {"P": 31.44, "tau": 79.76, "tau_c": 203.77, "omega": 108.23, "M": 0.39, "D": 0.27, "R": 0.08, "sving": 0.74, "os": 0.0, "foss": 1.0, "juv": 0.0, "B": 0.45, "Q": 1.57, "w": 11.17, "h": 0.1, "S": 0.07826, "elv": "Larvtjønnbekken", "km": 1.9}}, {"type": "Feature", "geometry": {"type": "LineString", "coordinates": [[12.69998, 64.36511], [12.70177, 64.36501]]}, "properties": {"P": 30.67, "tau": 56.49, "tau_c": 160.0, "omega": 65.93, "M": 0.35, "D": 0.3, "R": 0.05, "sving": 0.69, "os": 0.0, "foss": 1.0, "juv": 0.0, "B": 0.45, "Q": 1.57, "w": 11.3, "h": 0.12, "S": 0.04825, "elv": "Larvtjønnbekken", "km": 2.0}}, {"type": "Feature", "geometry": {"type": "LineString", "coordinates": [[12.70177, 64.36501], [12.70381, 64.36515]]}, "properties": {"P": 30.42, "tau": 47.25, "tau_c": 140.83, "omega": 51.01, "M": 0.34, "D": 0.3, "R": 0.04, "sving": 0.98, "os": 0.0, "foss": 0.72, "juv": 0.0, "B": 0.45, "Q": 1.57, "w": 11.32, "h": 0.13, "S": 0.03738, "elv": "Larvtjønnbekken", "km": 2.1}}, {"type": "Feature", "geometry": {"type": "LineString", "coordinates": [[12.70381, 64.36515], [12.70567, 64.36489]]}, "properties": {"P": 14.15, "tau": 42.24, "tau_c": 129.74, "omega": 43.46, "M": 0.33, "D": 0.28, "R": 0.04, "sving": 0.05, "os": 0.0, "foss": 0.51, "juv": 0.0, "B": 0.45, "Q": 1.59, "w": 11.37, "h": 0.14, "S": 0.03173, "elv": "Larvtjønnbekken", "km": 2.2}}, {"type": "Feature", "geometry": {"type": "LineString", "coordinates": [[12.71463, 64.36592], [12.71655, 64.36599]]}, "properties": {"P": 1.31, "tau": 30.97, "tau_c": 102.59, "omega": 27.97, "M": 0.3, "D": -0.0, "R": 0.03, "sving": 0.05, "os": 0.0, "foss": 0.0, "juv": 0.0, "B": 0.45, "Q": 1.68, "w": 11.67, "h": 0.16, "S": 0.01984, "elv": "Larvtjønnbekken", "km": 2.8}}, {"type": "Feature", "geometry": {"type": "LineString", "coordinates": [[12.71655, 64.36599], [12.7186, 64.36599]]}, "properties": {"P": 15.73, "tau": 32.04, "tau_c": 104.93, "omega": 29.38, "M": 0.31, "D": -0.0, "R": 0.03, "sving": 0.06, "os": 0.0, "foss": 1.0, "juv": 0.0, "B": 0.45, "Q": 1.69, "w": 11.7, "h": 0.16, "S": 0.02075, "elv": "Larvtjønnbekken", "km": 2.9}}, {"type": "Feature", "geometry": {"type": "LineString", "coordinates": [[12.72013, 64.36639], [12.72218, 64.36636]]}, "properties": {"P": 10.91, "tau": 31.8, "tau_c": 104.35, "omega": 29.06, "M": 0.3, "D": 0.05, "R": 0.03, "sving": 0.13, "os": 0.0, "foss": 0.51, "juv": 0.0, "B": 0.45, "Q": 1.71, "w": 11.86, "h": 0.16, "S": 0.02052, "elv": "Larvtjønnbekken", "km": 3.1}}, {"type": "Feature", "geometry": {"type": "LineString", "coordinates": [[12.72218, 64.36636], [12.72422, 64.3664]]}, "properties": {"P": 11.71, "tau": 32.65, "tau_c": 105.42, "omega": 30.27, "M": 0.31, "D": 0.15, "R": 0.03, "sving": 0.2, "os": 0.0, "foss": 0.37, "juv": 0.0, "B": 0.46, "Q": 1.76, "w": 11.95, "h": 0.16, "S": 0.02095, "elv": "Larvtjønnbekken", "km": 3.2}}, {"type": "Feature", "geometry": {"type": "LineString", "coordinates": [[12.7143, 64.41306], [12.71243, 64.41307]]}, "properties": {"P": 26.52, "tau": 56.83, "tau_c": 115.7, "omega": 73.55, "M": 0.49, "D": 0.0, "R": 0.18, "sving": 0.58, "os": 0.21, "foss": 0.51, "juv": 0.0, "B": 0.53, "Q": 3.99, "w": 13.42, "h": 0.23, "S": 0.02523, "elv": "bekk", "km": 2.2}}, {"type": "Feature", "geometry": {"type": "LineString", "coordinates": [[12.71243, 64.41307], [12.71084, 64.41251]]}, "properties": {"P": 23.63, "tau": 45.69, "tau_c": 107.19, "omega": 52.7, "M": 0.43, "D": 0.07, "R": 0.11, "sving": 0.47, "os": 0.31, "foss": 0.37, "juv": 0.0, "B": 0.53, "Q": 3.99, "w": 16.09, "h": 0.22, "S": 0.02165, "elv": "bekk", "km": 2.3}}, {"type": "Feature", "geometry": {"type": "LineString", "coordinates": [[12.71084, 64.41251], [12.70895, 64.41221]]}, "properties": {"P": 35.22, "tau": 38.54, "tau_c": 96.06, "omega": 41.23, "M": 0.4, "D": 0.12, "R": 0.09, "sving": 0.29, "os": 0.49, "foss": 1.0, "juv": 0.0, "B": 0.54, "Q": 4.53, "w": 18.75, "h": 0.23, "S": 0.01739, "elv": "bekk", "km": 2.4}}, {"type": "Feature", "geometry": {"type": "LineString", "coordinates": [[12.70895, 64.41221], [12.70694, 64.41209]]}, "properties": {"P": 39.42, "tau": 35.48, "tau_c": 90.45, "omega": 36.64, "M": 0.39, "D": 0.14, "R": 0.08, "sving": 0.49, "os": 0.8, "foss": 0.72, "juv": 0.0, "B": 0.54, "Q": 4.61, "w": 19.02, "h": 0.23, "S": 0.01542, "elv": "bekk", "km": 2.5}}, {"type": "Feature", "geometry": {"type": "LineString", "coordinates": [[12.70694, 64.41209], [12.70565, 64.41266]]}, "properties": {"P": 33.77, "tau": 35.26, "tau_c": 90.61, "omega": 36.26, "M": 0.39, "D": 0.11, "R": 0.08, "sving": 0.44, "os": 0.76, "foss": 0.51, "juv": 0.0, "B": 0.54, "Q": 4.61, "w": 19.29, "h": 0.23, "S": 0.01547, "elv": "bekk", "km": 2.6}}, {"type": "Feature", "geometry": {"type": "LineString", "coordinates": [[12.70565, 64.41266], [12.70398, 64.41318]]}, "properties": {"P": 21.88, "tau": 32.45, "tau_c": 86.04, "omega": 32.11, "M": 0.38, "D": 0.13, "R": 0.07, "sving": 0.12, "os": 0.51, "foss": 0.37, "juv": 0.0, "B": 0.54, "Q": 4.61, "w": 19.67, "h": 0.24, "S": 0.01395, "elv": "bekk", "km": 2.7}}, {"type": "Feature", "geometry": {"type": "LineString", "coordinates": [[12.70398, 64.41318], [12.70266, 64.41379]]}, "properties": {"P": 14.11, "tau": 25.95, "tau_c": 73.85, "omega": 23.26, "M": 0.35, "D": 0.15, "R": 0.05, "sving": 0.22, "os": 0.31, "foss": 0.0, "juv": 0.0, "B": 0.54, "Q": 4.62, "w": 20.01, "h": 0.26, "S": 0.01028, "elv": "bekk", "km": 2.8}}, {"type": "Feature", "geometry": {"type": "LineString", "coordinates": [[12.70266, 64.41379], [12.70101, 64.41393]]}, "properties": {"P": 11.93, "tau": 23.31, "tau_c": 64.02, "omega": 20.34, "M": 0.36, "D": 0.13, "R": 0.06, "sving": 0.21, "os": 0.2, "foss": 0.0, "juv": 0.0, "B": 0.55, "Q": 5.46, "w": 20.36, "h": 0.31, "S": 0.00773, "elv": "bekk", "km": 2.9}}, {"type": "Feature", "geometry": {"type": "LineString", "coordinates": [[12.88837, 64.39851], [12.88895, 64.39797]]}, "properties": {"P": 67.88, "tau": 229.27, "tau_c": 201.98, "omega": 629.89, "M": 1.14, "D": 0.0, "R": 0.9, "sving": 0.73, "os": 0.06, "foss": 1.0, "juv": 0.0, "B": 0.66, "Q": 24.18, "w": 28.95, "h": 0.3, "S": 0.07689, "elv": "bekk", "km": 2.1}}, {"type": "Feature", "geometry": {"type": "LineString", "coordinates": [[12.78414, 64.37969], [12.7849, 64.37887]]}, "properties": {"P": 15.9, "tau": 160.72, "tau_c": 363.31, "omega": 287.14, "M": 0.44, "D": 0.0, "R": 0.13, "sving": 0.02, "os": 0.0, "foss": 1.0, "juv": 0.0, "B": 0.41, "Q": 0.88, "w": 7.49, "h": 0.07, "S": 0.24878, "elv": "bekk", "km": 1.6}}, {"type": "Feature", "geometry": {"type": "LineString", "coordinates": [[12.84354, 64.40266], [12.8435, 64.40176]]}, "properties": {"P": 17.85, "tau": 52.87, "tau_c": 173.82, "omega": 57.37, "M": 0.3, "D": 0.0, "R": 0.03, "sving": 0.03, "os": 0.31, "foss": 1.0, "juv": 0.0, "B": 0.41, "Q": 0.86, "w": 8.34, "h": 0.09, "S": 0.05695, "elv": "Finn-Nilsbekken", "km": 0.6}}, {"type": "Feature", "geometry": {"type": "LineString", "coordinates": [[12.8435, 64.40176], [12.84386, 64.40097]]}, "properties": {"P": 18.22, "tau": 61.87, "tau_c": 195.48, "omega": 71.78, "M": 0.32, "D": 0.0, "R": 0.03, "sving": 0.16, "os": 0.19, "foss": 1.0, "juv": 0.0, "B": 0.41, "Q": 0.86, "w": 8.49, "h": 0.09, "S": 0.07202, "elv": "Finn-Nilsbekken", "km": 0.7}}, {"type": "Feature", "geometry": {"type": "LineString", "coordinates": [[12.84386, 64.40097], [12.84417, 64.4001]]}, "properties": {"P": 16.51, "tau": 63.07, "tau_c": 198.21, "omega": 73.8, "M": 0.32, "D": 0.0, "R": 0.04, "sving": 0.1, "os": 0.12, "foss": 1.0, "juv": 0.0, "B": 0.41, "Q": 0.88, "w": 8.66, "h": 0.09, "S": 0.07405, "elv": "Finn-Nilsbekken", "km": 0.8}}, {"type": "Feature", "geometry": {"type": "LineString", "coordinates": [[12.84417, 64.4001], [12.84376, 64.39924]]}, "properties": {"P": 18.19, "tau": 69.71, "tau_c": 202.46, "omega": 86.54, "M": 0.34, "D": 0.0, "R": 0.05, "sving": 0.22, "os": 0.07, "foss": 1.0, "juv": 0.0, "B": 0.42, "Q": 1.01, "w": 8.83, "h": 0.09, "S": 0.07726, "elv": "Finn-Nilsbekken", "km": 0.9}}, {"type": "Feature", "geometry": {"type": "LineString", "coordinates": [[12.84376, 64.39924], [12.84412, 64.39858]]}, "properties": {"P": 16.33, "tau": 77.3, "tau_c": 217.56, "omega": 100.44, "M": 0.36, "D": 0.0, "R": 0.06, "sving": 0.14, "os": 0.0, "foss": 1.0, "juv": 0.0, "B": 0.42, "Q": 1.03, "w": 9.0, "h": 0.09, "S": 0.08922, "elv": "Finn-Nilsbekken", "km": 1.0}}, {"type": "Feature", "geometry": {"type": "LineString", "coordinates": [[12.84412, 64.39858], [12.84559, 64.39794]]}, "properties": {"P": 17.78, "tau": 85.0, "tau_c": 234.61, "omega": 114.85, "M": 0.36, "D": 0.0, "R": 0.06, "sving": 0.24, "os": 0.0, "foss": 1.0, "juv": 0.0, "B": 0.42, "Q": 1.04, "w": 9.19, "h": 0.08, "S": 0.10374, "elv": "Finn-Nilsbekken", "km": 1.1}}, {"type": "Feature", "geometry": {"type": "LineString", "coordinates": [[12.84559, 64.39794], [12.84653, 64.39723]]}, "properties": {"P": 15.48, "tau": 87.79, "tau_c": 240.65, "omega": 120.24, "M": 0.36, "D": 0.0, "R": 0.06, "sving": 0.06, "os": 0.0, "foss": 1.0, "juv": 0.0, "B": 0.42, "Q": 1.04, "w": 9.27, "h": 0.08, "S": 0.10915, "elv": "Finn-Nilsbekken", "km": 1.2}}, {"type": "Feature", "geometry": {"type": "LineString", "coordinates": [[12.84653, 64.39723], [12.84738, 64.39642]]}, "properties": {"P": 15.34, "tau": 100.44, "tau_c": 259.69, "omega": 146.74, "M": 0.39, "D": 0.0, "R": 0.08, "sving": 0.02, "os": 0.0, "foss": 1.0, "juv": 0.0, "B": 0.43, "Q": 1.1, "w": 9.33, "h": 0.08, "S": 0.12711, "elv": "Finn-Nilsbekken", "km": 1.3}}, {"type": "Feature", "geometry": {"type": "LineString", "coordinates": [[12.84738, 64.39642], [12.84819, 64.3956]]}, "properties": {"P": 18.25, "tau": 103.55, "tau_c": 265.92, "omega": 153.22, "M": 0.39, "D": 0.0, "R": 0.08, "sving": 0.16, "os": 0.07, "foss": 1.0, "juv": 0.0, "B": 0.43, "Q": 1.1, "w": 9.39, "h": 0.08, "S": 0.13328, "elv": "Finn-Nilsbekken", "km": 1.4}}, {"type": "Feature", "geometry": {"type": "LineString", "coordinates": [[12.84819, 64.3956], [12.84955, 64.39495]]}, "properties": {"P": 19.48, "tau": 122.17, "tau_c": 300.01, "omega": 194.05, "M": 0.41, "D": 0.0, "R": 0.09, "sving": 0.2, "os": 0.1, "foss": 1.0, "juv": 0.0, "B": 0.43, "Q": 1.1, "w": 9.44, "h": 0.07, "S": 0.16965, "elv": "Finn-Nilsbekken", "km": 1.5}}, {"type": "Feature", "geometry": {"type": "LineString", "coordinates": [[12.84955, 64.39495], [12.85124, 64.39444]]}, "properties": {"P": 22.11, "tau": 128.95, "tau_c": 311.82, "omega": 209.66, "M": 0.41, "D": 0.02, "R": 0.1, "sving": 0.3, "os": 0.17, "foss": 1.0, "juv": 0.0, "B": 0.43, "Q": 1.1, "w": 9.45, "h": 0.07, "S": 0.18326, "elv": "Finn-Nilsbekken", "km": 1.6}}, {"type": "Feature", "geometry": {"type": "LineString", "coordinates": [[12.85124, 64.39444], [12.85285, 64.39394]]}, "properties": {"P": 21.61, "tau": 119.26, "tau_c": 295.97, "omega": 187.27, "M": 0.4, "D": 0.05, "R": 0.09, "sving": 0.12, "os": 0.28, "foss": 1.0, "juv": 0.0, "B": 0.43, "Q": 1.1, "w": 9.53, "h": 0.07, "S": 0.16511, "elv": "Finn-Nilsbekken", "km": 1.7}}, {"type": "Feature", "geometry": {"type": "LineString", "coordinates": [[12.85285, 64.39394], [12.85474, 64.39363]]}, "properties": {"P": 30.68, "tau": 110.4, "tau_c": 281.25, "omega": 167.45, "M": 0.39, "D": 0.1, "R": 0.08, "sving": 0.59, "os": 0.44, "foss": 1.0, "juv": 0.0, "B": 0.43, "Q": 1.1, "w": 9.63, "h": 0.08, "S": 0.14909, "elv": "Finn-Nilsbekken", "km": 1.8}}, {"type": "Feature", "geometry": {"type": "LineString", "coordinates": [[12.85474, 64.39363], [12.85546, 64.39294]]}, "properties": {"P": 35.08, "tau": 98.17, "tau_c": 250.07, "omega": 143.02, "M": 0.39, "D": 0.15, "R": 0.08, "sving": 0.55, "os": 0.71, "foss": 1.0, "juv": 0.0, "B": 0.43, "Q": 1.2, "w": 9.74, "h": 0.08, "S": 0.11786, "elv": "Finn-Nilsbekken", "km": 1.9}}, {"type": "Feature", "geometry": {"type": "LineString", "coordinates": [[12.85546, 64.39294], [12.85427, 64.39221]]}, "properties": {"P": 35.41, "tau": 89.87, "tau_c": 235.17, "omega": 125.96, "M": 0.38, "D": 0.18, "R": 0.07, "sving": 0.66, "os": 0.86, "foss": 0.72, "juv": 0.0, "B": 0.43, "Q": 1.22, "w": 9.91, "h": 0.09, "S": 0.10424, "elv": "Finn-Nilsbekken", "km": 2.0}}, {"type": "Feature", "geometry": {"type": "LineString", "coordinates": [[12.85427, 64.39221], [12.85325, 64.39144]]}, "properties": {"P": 20.98, "tau": 66.42, "tau_c": 190.19, "omega": 81.58, "M": 0.35, "D": 0.22, "R": 0.05, "sving": 0.13, "os": 0.52, "foss": 0.51, "juv": 0.0, "B": 0.43, "Q": 1.23, "w": 10.07, "h": 0.1, "S": 0.06818, "elv": "Finn-Nilsbekken", "km": 2.1}}, {"type": "Feature", "geometry": {"type": "LineString", "coordinates": [[12.85325, 64.39144], [12.85217, 64.39071]]}, "properties": {"P": 31.11, "tau": 53.76, "tau_c": 159.76, "omega": 60.66, "M": 0.34, "D": 0.22, "R": 0.04, "sving": 0.59, "os": 0.32, "foss": 1.0, "juv": 0.0, "B": 0.44, "Q": 1.31, "w": 10.15, "h": 0.11, "S": 0.04811, "elv": "Finn-Nilsbekken", "km": 2.2}}, {"type": "Feature", "geometry": {"type": "LineString", "coordinates": [[12.85217, 64.39071], [12.85232, 64.3899]]}, "properties": {"P": 26.84, "tau": 56.65, "tau_c": 166.37, "omega": 65.35, "M": 0.34, "D": 0.19, "R": 0.05, "sving": 0.43, "os": 0.2, "foss": 1.0, "juv": 0.0, "B": 0.44, "Q": 1.31, "w": 10.22, "h": 0.11, "S": 0.05217, "elv": "Finn-Nilsbekken", "km": 2.3}}, {"type": "Feature", "geometry": {"type": "LineString", "coordinates": [[12.78809, 64.38574], [12.78889, 64.38498]]}, "properties": {"P": 13.07, "tau": 77.47, "tau_c": 246.76, "omega": 96.63, "M": 0.31, "D": 0.0, "R": 0.03, "sving": 0.02, "os": 0.0, "foss": 1.0, "juv": 0.0, "B": 0.39, "Q": 0.59, "w": 6.85, "h": 0.07, "S": 0.11477, "elv": "bekk", "km": 1.9}}, {"type": "Feature", "geometry": {"type": "LineString", "coordinates": [[12.78889, 64.38498], [12.78991, 64.3842]]}, "properties": {"P": 13.15, "tau": 79.11, "tau_c": 249.59, "omega": 99.74, "M": 0.32, "D": 0.0, "R": 0.03, "sving": 0.02, "os": 0.0, "foss": 1.0, "juv": 0.0, "B": 0.39, "Q": 0.61, "w": 7.03, "h": 0.07, "S": 0.11741, "elv": "bekk", "km": 2.0}}, {"type": "Feature", "geometry": {"type": "LineString", "coordinates": [[12.78991, 64.3842], [12.79, 64.38336]]}, "properties": {"P": 17.91, "tau": 93.82, "tau_c": 280.59, "omega": 127.6, "M": 0.33, "D": 0.0, "R": 0.04, "sving": 0.39, "os": 0.0, "foss": 1.0, "juv": 0.0, "B": 0.39, "Q": 0.63, "w": 7.21, "h": 0.06, "S": 0.14839, "elv": "bekk", "km": 2.1}}, {"type": "Feature", "geometry": {"type": "LineString", "coordinates": [[12.79, 64.38336], [12.79028, 64.38251]]}, "properties": {"P": 18.4, "tau": 95.33, "tau_c": 279.2, "omega": 131.25, "M": 0.34, "D": 0.0, "R": 0.05, "sving": 0.35, "os": 0.05, "foss": 1.0, "juv": 0.0, "B": 0.39, "Q": 0.67, "w": 7.38, "h": 0.07, "S": 0.14693, "elv": "bekk", "km": 2.2}}, {"type": "Feature", "geometry": {"type": "LineString", "coordinates": [[12.79028, 64.38251], [12.78919, 64.38184]]}, "properties": {"P": 14.98, "tau": 102.3, "tau_c": 289.52, "omega": 145.89, "M": 0.35, "D": 0.0, "R": 0.05, "sving": 0.03, "os": 0.08, "foss": 1.0, "juv": 0.0, "B": 0.4, "Q": 0.71, "w": 7.55, "h": 0.07, "S": 0.15799, "elv": "bekk", "km": 2.3}}, {"type": "Feature", "geometry": {"type": "LineString", "coordinates": [[12.78919, 64.38184], [12.78838, 64.38108]]}, "properties": {"P": 16.92, "tau": 93.57, "tau_c": 268.64, "omega": 128.86, "M": 0.35, "D": 0.0, "R": 0.05, "sving": 0.13, "os": 0.13, "foss": 1.0, "juv": 0.0, "B": 0.4, "Q": 0.74, "w": 7.7, "h": 0.07, "S": 0.13603, "elv": "bekk", "km": 2.4}}, {"type": "Feature", "geometry": {"type": "LineString", "coordinates": [[12.78838, 64.38108], [12.78863, 64.38019]]}, "properties": {"P": 20.34, "tau": 108.34, "tau_c": 296.09, "omega": 159.37, "M": 0.37, "D": 0.0, "R": 0.06, "sving": 0.3, "os": 0.21, "foss": 1.0, "juv": 0.0, "B": 0.4, "Q": 0.77, "w": 7.8, "h": 0.07, "S": 0.16524, "elv": "bekk", "km": 2.5}}, {"type": "Feature", "geometry": {"type": "LineString", "coordinates": [[12.78863, 64.38019], [12.7882, 64.37932]]}, "properties": {"P": 14.82, "tau": 119.2, "tau_c": 320.28, "omega": 182.2, "M": 0.37, "D": 0.0, "R": 0.07, "sving": 0.04, "os": 0.31, "foss": 0.72, "juv": 0.0, "B": 0.4, "Q": 0.77, "w": 7.98, "h": 0.06, "S": 0.19334, "elv": "bekk", "km": 2.6}}, {"type": "Feature", "geometry": {"type": "LineString", "coordinates": [[12.7882, 64.37932], [12.78669, 64.37922]]}, "properties": {"P": 23.71, "tau": 114.73, "tau_c": 314.71, "omega": 172.0, "M": 0.36, "D": 0.01, "R": 0.06, "sving": 0.29, "os": 0.47, "foss": 1.0, "juv": 0.0, "B": 0.4, "Q": 0.77, "w": 8.16, "h": 0.06, "S": 0.18668, "elv": "bekk", "km": 2.7}}, {"type": "Feature", "geometry": {"type": "LineString", "coordinates": [[12.78669, 64.37922], [12.78564, 64.37845]]}, "properties": {"P": 25.88, "tau": 120.59, "tau_c": 308.36, "omega": 188.03, "M": 0.39, "D": 0.01, "R": 0.08, "sving": 0.23, "os": 0.63, "foss": 1.0, "juv": 0.0, "B": 0.41, "Q": 0.89, "w": 8.34, "h": 0.07, "S": 0.17922, "elv": "bekk", "km": 2.8}}, {"type": "Feature", "geometry": {"type": "LineString", "coordinates": [[12.78564, 64.37845], [12.78438, 64.37775]]}, "properties": {"P": 32.97, "tau": 109.66, "tau_c": 286.21, "omega": 164.48, "M": 0.38, "D": 0.03, "R": 0.08, "sving": 0.4, "os": 0.97, "foss": 1.0, "juv": 0.0, "B": 0.41, "Q": 0.93, "w": 8.55, "h": 0.07, "S": 0.1544, "elv": "bekk", "km": 2.9}}, {"type": "Feature", "geometry": {"type": "LineString", "coordinates": [[12.78438, 64.37775], [12.78291, 64.37715]]}, "properties": {"P": 23.63, "tau": 121.03, "tau_c": 306.85, "omega": 189.57, "M": 0.39, "D": 0.06, "R": 0.08, "sving": 0.0, "os": 0.59, "foss": 1.0, "juv": 0.0, "B": 0.42, "Q": 0.95, "w": 8.75, "h": 0.07, "S": 0.17746, "elv": "bekk", "km": 3.0}}, {"type": "Feature", "geometry": {"type": "LineString", "coordinates": [[12.78291, 64.37715], [12.78218, 64.37631]]}, "properties": {"P": 22.64, "tau": 102.55, "tau_c": 270.71, "omega": 149.82, "M": 0.38, "D": 0.12, "R": 0.07, "sving": 0.08, "os": 0.36, "foss": 1.0, "juv": 0.0, "B": 0.42, "Q": 0.98, "w": 8.83, "h": 0.08, "S": 0.13813, "elv": "bekk", "km": 3.1}}, {"type": "Feature", "geometry": {"type": "LineString", "coordinates": [[12.78218, 64.37631], [12.78112, 64.37555]]}, "properties": {"P": 21.13, "tau": 85.74, "tau_c": 239.13, "omega": 115.8, "M": 0.36, "D": 0.13, "R": 0.06, "sving": 0.11, "os": 0.23, "foss": 1.0, "juv": 0.0, "B": 0.42, "Q": 0.98, "w": 8.92, "h": 0.08, "S": 0.10778, "elv": "bekk", "km": 3.2}}, {"type": "Feature", "geometry": {"type": "LineString", "coordinates": [[12.78112, 64.37555], [12.77955, 64.37498]]}, "properties": {"P": 18.83, "tau": 75.58, "tau_c": 219.21, "omega": 96.55, "M": 0.34, "D": 0.1, "R": 0.05, "sving": 0.08, "os": 0.14, "foss": 1.0, "juv": 0.0, "B": 0.42, "Q": 0.98, "w": 8.99, "h": 0.09, "S": 0.09057, "elv": "bekk", "km": 3.3}}, {"type": "Feature", "geometry": {"type": "LineString", "coordinates": [[12.77955, 64.37498], [12.77778, 64.37459]]}, "properties": {"P": 16.92, "tau": 83.99, "tau_c": 231.93, "omega": 112.98, "M": 0.36, "D": 0.03, "R": 0.06, "sving": 0.05, "os": 0.09, "foss": 1.0, "juv": 0.0, "B": 0.42, "Q": 1.03, "w": 9.04, "h": 0.08, "S": 0.10139, "elv": "bekk", "km": 3.4}}, {"type": "Feature", "geometry": {"type": "LineString", "coordinates": [[12.77778, 64.37459], [12.77669, 64.37387]]}, "properties": {"P": 17.22, "tau": 89.79, "tau_c": 243.48, "omega": 124.31, "M": 0.37, "D": 0.0, "R": 0.06, "sving": 0.13, "os": 0.06, "foss": 1.0, "juv": 0.0, "B": 0.42, "Q": 1.03, "w": 9.09, "h": 0.08, "S": 0.11174, "elv": "bekk", "km": 3.5}}, {"type": "Feature", "geometry": {"type": "LineString", "coordinates": [[12.77669, 64.37387], [12.77588, 64.37305]]}, "properties": {"P": 19.17, "tau": 93.11, "tau_c": 250.43, "omega": 130.87, "M": 0.37, "D": 0.0, "R": 0.07, "sving": 0.26, "os": 0.08, "foss": 1.0, "juv": 0.0, "B": 0.42, "Q": 1.03, "w": 9.14, "h": 0.08, "S": 0.11821, "elv": "bekk", "km": 3.6}}, {"type": "Feature", "geometry": {"type": "LineString", "coordinates": [[12.77588, 64.37305], [12.77486, 64.37229]]}, "properties": {"P": 19.09, "tau": 87.9, "tau_c": 240.32, "omega": 120.52, "M": 0.37, "D": 0.0, "R": 0.06, "sving": 0.25, "os": 0.09, "foss": 1.0, "juv": 0.0, "B": 0.42, "Q": 1.03, "w": 9.14, "h": 0.08, "S": 0.10885, "elv": "bekk", "km": 3.7}}, {"type": "Feature", "geometry": {"type": "LineString", "coordinates": [[12.77486, 64.37229], [12.7743, 64.37171]]}, "properties": {"P": 18.32, "tau": 92.57, "tau_c": 249.34, "omega": 129.8, "M": 0.37, "D": 0.0, "R": 0.07, "sving": 0.19, "os": 0.09, "foss": 1.0, "juv": 0.0, "B": 0.42, "Q": 1.03, "w": 9.14, "h": 0.08, "S": 0.11718, "elv": "bekk", "km": 3.8}}, {"type": "Feature", "geometry": {"type": "LineString", "coordinates": [[12.7743, 64.37171], [12.77448, 64.37085]]}, "properties": {"P": 20.12, "tau": 97.3, "tau_c": 258.43, "omega": 139.41, "M": 0.38, "D": 0.01, "R": 0.07, "sving": 0.31, "os": 0.09, "foss": 1.0, "juv": 0.0, "B": 0.42, "Q": 1.03, "w": 9.14, "h": 0.08, "S": 0.12588, "elv": "bekk", "km": 3.9}}, {"type": "Feature", "geometry": {"type": "LineString", "coordinates": [[12.85759, 64.37952], [12.85691, 64.38028]]}, "properties": {"P": 16.03, "tau": 82.82, "tau_c": 229.6, "omega": 110.42, "M": 0.36, "D": 0.0, "R": 0.06, "sving": 0.16, "os": 0.0, "foss": 1.0, "juv": 0.0, "B": 0.4, "Q": 0.83, "w": 7.34, "h": 0.08, "S": 0.09936, "elv": "bekk", "km": 2.5}}, {"type": "Feature", "geometry": {"type": "LineString", "coordinates": [[12.85691, 64.38028], [12.85504, 64.38024]]}, "properties": {"P": 16.92, "tau": 74.62, "tau_c": 219.99, "omega": 94.26, "M": 0.34, "D": 0.04, "R": 0.05, "sving": 0.2, "os": 0.0, "foss": 1.0, "juv": 0.0, "B": 0.4, "Q": 0.83, "w": 7.89, "h": 0.08, "S": 0.09122, "elv": "bekk", "km": 2.6}}, {"type": "Feature", "geometry": {"type": "LineString", "coordinates": [[12.85504, 64.38024], [12.85333, 64.37973]]}, "properties": {"P": 23.25, "tau": 70.68, "tau_c": 216.54, "omega": 86.69, "M": 0.33, "D": 0.07, "R": 0.04, "sving": 0.66, "os": 0.0, "foss": 1.0, "juv": 0.0, "B": 0.41, "Q": 0.85, "w": 8.47, "h": 0.08, "S": 0.08838, "elv": "bekk", "km": 2.7}}, {"type": "Feature", "geometry": {"type": "LineString", "coordinates": [[12.85333, 64.37973], [12.85142, 64.37941]]}, "properties": {"P": 18.64, "tau": 64.26, "tau_c": 194.01, "omega": 76.62, "M": 0.33, "D": 0.11, "R": 0.04, "sving": 0.22, "os": 0.0, "foss": 1.0, "juv": 0.0, "B": 0.41, "Q": 0.95, "w": 8.62, "h": 0.09, "S": 0.07095, "elv": "bekk", "km": 2.8}}, {"type": "Feature", "geometry": {"type": "LineString", "coordinates": [[12.85142, 64.37941], [12.84968, 64.37892]]}, "properties": {"P": 16.79, "tau": 59.64, "tau_c": 183.28, "omega": 68.93, "M": 0.33, "D": 0.11, "R": 0.04, "sving": 0.08, "os": 0.0, "foss": 1.0, "juv": 0.0, "B": 0.41, "Q": 0.98, "w": 8.79, "h": 0.1, "S": 0.06332, "elv": "bekk", "km": 2.9}}, {"type": "Feature", "geometry": {"type": "LineString", "coordinates": [[12.84968, 64.37892], [12.84805, 64.37839]]}, "properties": {"P": 12.19, "tau": 54.11, "tau_c": 170.94, "omega": 59.97, "M": 0.32, "D": 0.1, "R": 0.03, "sving": 0.02, "os": 0.0, "foss": 0.72, "juv": 0.0, "B": 0.42, "Q": 0.99, "w": 8.96, "h": 0.1, "S": 0.05507, "elv": "bekk", "km": 3.0}}, {"type": "Feature", "geometry": {"type": "LineString", "coordinates": [[12.84423, 64.37778], [12.84228, 64.37749]]}, "properties": {"P": 55.24, "tau": 283.5, "tau_c": 158.09, "omega": 932.07, "M": 1.79, "D": -0.0, "R": 0.96, "sving": 0.13, "os": 0.0, "foss": 1.0, "juv": 0.07, "B": 0.64, "Q": 27.49, "w": 13.63, "h": 0.61, "S": 0.04711, "elv": "bekk", "km": 3.3}}, {"type": "Feature", "geometry": {"type": "LineString", "coordinates": [[12.84228, 64.37749], [12.84082, 64.37692]]}, "properties": {"P": 59.44, "tau": 276.85, "tau_c": 166.53, "omega": 892.49, "M": 1.66, "D": 0.01, "R": 0.99, "sving": 0.2, "os": 0.07, "foss": 1.0, "juv": 0.07, "B": 0.64, "Q": 27.54, "w": 15.82, "h": 0.54, "S": 0.05227, "elv": "bekk", "km": 3.4}}, {"type": "Feature", "geometry": {"type": "LineString", "coordinates": [[13.0066, 64.37544], [13.00599, 64.37459]]}, "properties": {"P": 1.57, "tau": 32.58, "tau_c": 99.77, "omega": 30.58, "M": 0.33, "D": 0.0, "R": 0.04, "sving": 0.1, "os": 0.0, "foss": 0.0, "juv": 0.0, "B": 0.31, "Q": 1.72, "w": 10.38, "h": 0.18, "S": 0.01876, "elv": "bekk", "km": 0.0}}, {"type": "Feature", "geometry": {"type": "LineString", "coordinates": [[13.00599, 64.37459], [13.00544, 64.37372]]}, "properties": {"P": 17.03, "tau": 36.39, "tau_c": 109.31, "omega": 35.74, "M": 0.33, "D": 0.0, "R": 0.04, "sving": 0.07, "os": 0.0, "foss": 1.0, "juv": 0.0, "B": 0.48, "Q": 1.74, "w": 10.78, "h": 0.16, "S": 0.02252, "elv": "bekk", "km": 0.1}}, {"type": "Feature", "geometry": {"type": "LineString", "coordinates": [[13.00544, 64.37372], [13.0046, 64.37292]]}, "properties": {"P": 14.42, "tau": 41.8, "tau_c": 121.88, "omega": 43.53, "M": 0.34, "D": 0.0, "R": 0.05, "sving": 0.17, "os": 0.0, "foss": 0.72, "juv": 0.0, "B": 0.48, "Q": 1.77, "w": 11.19, "h": 0.15, "S": 0.028, "elv": "bekk", "km": 0.2}}, {"type": "Feature", "geometry": {"type": "LineString", "coordinates": [[13.0046, 64.37292], [13.00375, 64.37213]]}, "properties": {"P": 18.46, "tau": 41.25, "tau_c": 122.63, "omega": 42.52, "M": 0.34, "D": 0.02, "R": 0.04, "sving": 0.13, "os": 0.0, "foss": 1.0, "juv": 0.0, "B": 0.48, "Q": 1.78, "w": 11.63, "h": 0.15, "S": 0.02834, "elv": "bekk", "km": 0.3}}, {"type": "Feature", "geometry": {"type": "LineString", "coordinates": [[13.00375, 64.37213], [13.00237, 64.37147]]}, "properties": {"P": 18.58, "tau": 41.41, "tau_c": 122.63, "omega": 42.81, "M": 0.34, "D": 0.02, "R": 0.05, "sving": 0.13, "os": 0.0, "foss": 1.0, "juv": 0.0, "B": 0.48, "Q": 1.8, "w": 11.7, "h": 0.15, "S": 0.02834, "elv": "bekk", "km": 0.4}}, {"type": "Feature", "geometry": {"type": "LineString", "coordinates": [[13.00237, 64.37147], [13.00119, 64.37074]]}, "properties": {"P": 20.03, "tau": 35.54, "tau_c": 111.02, "omega": 34.29, "M": 0.32, "D": 0.02, "R": 0.04, "sving": 0.24, "os": 0.0, "foss": 1.0, "juv": 0.0, "B": 0.48, "Q": 1.83, "w": 12.15, "h": 0.16, "S": 0.02323, "elv": "bekk", "km": 0.5}}, {"type": "Feature", "geometry": {"type": "LineString", "coordinates": [[13.00119, 64.37074], [12.9998, 64.37012]]}, "properties": {"P": 12.31, "tau": 46.59, "tau_c": 134.43, "omega": 50.61, "M": 0.35, "D": 0.0, "R": 0.05, "sving": 0.02, "os": 0.0, "foss": 0.72, "juv": 0.0, "B": 0.48, "Q": 1.85, "w": 12.2, "h": 0.14, "S": 0.03406, "elv": "bekk", "km": 0.6}}, {"type": "Feature", "geometry": {"type": "LineString", "coordinates": [[12.9998, 64.37012], [12.99798, 64.36969]]}, "properties": {"P": 10.6, "tau": 57.08, "tau_c": 155.46, "omega": 67.72, "M": 0.37, "D": 0.0, "R": 0.06, "sving": 0.08, "os": 0.0, "foss": 0.51, "juv": 0.0, "B": 0.48, "Q": 1.86, "w": 12.25, "h": 0.13, "S": 0.04555, "elv": "bekk", "km": 0.7}}, {"type": "Feature", "geometry": {"type": "LineString", "coordinates": [[12.99798, 64.36969], [12.99653, 64.36906]]}, "properties": {"P": 17.93, "tau": 63.46, "tau_c": 167.91, "omega": 78.8, "M": 0.38, "D": 0.0, "R": 0.07, "sving": 0.07, "os": 0.0, "foss": 1.0, "juv": 0.0, "B": 0.48, "Q": 1.86, "w": 12.28, "h": 0.12, "S": 0.05314, "elv": "bekk", "km": 0.8}}, {"type": "Feature", "geometry": {"type": "LineString", "coordinates": [[12.99653, 64.36906], [12.99576, 64.36823]]}, "properties": {"P": 20.47, "tau": 73.41, "tau_c": 186.0, "omega": 97.17, "M": 0.39, "D": 0.0, "R": 0.08, "sving": 0.22, "os": 0.0, "foss": 1.0, "juv": 0.0, "B": 0.48, "Q": 1.87, "w": 12.31, "h": 0.11, "S": 0.06521, "elv": "bekk", "km": 0.9}}, {"type": "Feature", "geometry": {"type": "LineString", "coordinates": [[12.99576, 64.36823], [12.99462, 64.36748]]}, "properties": {"P": 19.06, "tau": 90.8, "tau_c": 216.22, "omega": 131.85, "M": 0.42, "D": 0.0, "R": 0.11, "sving": 0.09, "os": 0.0, "foss": 1.0, "juv": 0.0, "B": 0.48, "Q": 1.88, "w": 12.34, "h": 0.11, "S": 0.08811, "elv": "bekk", "km": 1.0}}, {"type": "Feature", "geometry": {"type": "LineString", "coordinates": [[12.99462, 64.36748], [12.99366, 64.36669]]}, "properties": {"P": 18.31, "tau": 96.17, "tau_c": 225.05, "omega": 143.22, "M": 0.43, "D": 0.0, "R": 0.11, "sving": 0.03, "os": 0.0, "foss": 1.0, "juv": 0.0, "B": 0.48, "Q": 1.89, "w": 12.37, "h": 0.1, "S": 0.09546, "elv": "bekk", "km": 1.1}}, {"type": "Feature", "geometry": {"type": "LineString", "coordinates": [[12.99366, 64.36669], [12.99259, 64.36593]]}, "properties": {"P": 19.29, "tau": 92.3, "tau_c": 219.29, "omega": 134.91, "M": 0.42, "D": 0.0, "R": 0.11, "sving": 0.1, "os": 0.0, "foss": 1.0, "juv": 0.0, "B": 0.48, "Q": 1.89, "w": 12.49, "h": 0.1, "S": 0.09064, "elv": "bekk", "km": 1.2}}, {"type": "Feature", "geometry": {"type": "LineString", "coordinates": [[12.99259, 64.36593], [12.9917, 64.36515]]}, "properties": {"P": 18.34, "tau": 93.59, "tau_c": 221.96, "omega": 137.52, "M": 0.42, "D": 0.01, "R": 0.11, "sving": 0.03, "os": 0.0, "foss": 1.0, "juv": 0.0, "B": 0.48, "Q": 1.9, "w": 12.61, "h": 0.1, "S": 0.09286, "elv": "bekk", "km": 1.3}}, {"type": "Feature", "geometry": {"type": "LineString", "coordinates": [[12.9917, 64.36515], [12.99017, 64.36457]]}, "properties": {"P": 19.37, "tau": 94.9, "tau_c": 217.92, "omega": 141.56, "M": 0.44, "D": 0.03, "R": 0.12, "sving": 0.03, "os": 0.0, "foss": 1.0, "juv": 0.0, "B": 0.49, "Q": 2.06, "w": 12.77, "h": 0.11, "S": 0.08951, "elv": "bekk", "km": 1.4}}, {"type": "Feature", "geometry": {"type": "LineString", "coordinates": [[12.99017, 64.36457], [12.98935, 64.36375]]}, "properties": {"P": 22.93, "tau": 88.26, "tau_c": 207.29, "omega": 127.52, "M": 0.43, "D": 0.05, "R": 0.11, "sving": 0.19, "os": 0.07, "foss": 1.0, "juv": 0.0, "B": 0.49, "Q": 2.07, "w": 12.92, "h": 0.11, "S": 0.08099, "elv": "bekk", "km": 1.5}}, {"type": "Feature", "geometry": {"type": "LineString", "coordinates": [[12.98935, 64.36375], [12.98854, 64.36304]]}, "properties": {"P": 21.11, "tau": 80.36, "tau_c": 192.3, "omega": 111.79, "M": 0.42, "D": 0.04, "R": 0.1, "sving": 0.04, "os": 0.11, "foss": 1.0, "juv": 0.0, "B": 0.49, "Q": 2.14, "w": 13.07, "h": 0.12, "S": 0.0697, "elv": "bekk", "km": 1.6}}, {"type": "Feature", "geometry": {"type": "LineString", "coordinates": [[12.98854, 64.36304], [12.98686, 64.36253]]}, "properties": {"P": 25.27, "tau": 84.04, "tau_c": 198.89, "omega": 119.13, "M": 0.42, "D": 0.02, "R": 0.11, "sving": 0.27, "os": 0.17, "foss": 1.0, "juv": 0.0, "B": 0.49, "Q": 2.14, "w": 13.12, "h": 0.11, "S": 0.07456, "elv": "bekk", "km": 1.7}}, {"type": "Feature", "geometry": {"type": "LineString", "coordinates": [[12.9805, 64.41291], [12.98088, 64.41231]]}, "properties": {"P": 31.44, "tau": 58.51, "tau_c": 79.78, "omega": 87.18, "M": 0.73, "D": 0.0, "R": 0.49, "sving": 0.25, "os": 0.15, "foss": 0.37, "juv": 0.0, "B": 0.63, "Q": 19.41, "w": 26.19, "h": 0.5, "S": 0.012, "elv": "bekk", "km": 3.2}}, {"type": "Feature", "geometry": {"type": "LineString", "coordinates": [[12.98088, 64.41231], [12.97936, 64.41183]]}, "properties": {"P": 22.54, "tau": 32.93, "tau_c": 58.46, "omega": 37.26, "M": 0.56, "D": 0.19, "R": 0.26, "sving": 0.3, "os": 0.15, "foss": 0.0, "juv": 0.0, "B": 0.63, "Q": 19.41, "w": 32.93, "h": 0.52, "S": 0.00644, "elv": "bekk", "km": 3.3}}, {"type": "Feature", "geometry": {"type": "LineString", "coordinates": [[12.97936, 64.41183], [12.98109, 64.41193]]}, "properties": {"P": 21.07, "tau": 16.46, "tau_c": 38.59, "omega": 13.49, "M": 0.43, "D": 0.35, "R": 0.11, "sving": 0.26, "os": 0.15, "foss": 0.0, "juv": 0.0, "B": 0.63, "Q": 19.43, "w": 39.66, "h": 0.6, "S": 0.00281, "elv": "bekk", "km": 3.4}}, {"type": "Feature", "geometry": {"type": "LineString", "coordinates": [[12.98109, 64.41193], [12.98118, 64.41144]]}, "properties": {"P": 20.33, "tau": 13.49, "tau_c": 33.44, "omega": 10.13, "M": 0.4, "D": 0.4, "R": 0.09, "sving": 0.2, "os": 0.15, "foss": 0.0, "juv": 0.0, "B": 0.63, "Q": 19.43, "w": 39.67, "h": 0.65, "S": 0.00211, "elv": "bekk", "km": 3.5}}, {"type": "Feature", "geometry": {"type": "LineString", "coordinates": [[12.98118, 64.41144], [12.98056, 64.41083]]}, "properties": {"P": 30.49, "tau": 10.42, "tau_c": 27.79, "omega": 6.99, "M": 0.37, "D": 0.22, "R": 0.07, "sving": 1.0, "os": 0.13, "foss": 0.0, "juv": 0.0, "B": 0.63, "Q": 19.43, "w": 39.68, "h": 0.73, "S": 0.00146, "elv": "bekk", "km": 3.6}}, {"type": "Feature", "geometry": {"type": "LineString", "coordinates": [[12.94186, 64.39877], [12.94042, 64.39818]]}, "properties": {"P": 52.59, "tau": 165.46, "tau_c": 163.87, "omega": 391.33, "M": 1.01, "D": 0.0, "R": 0.8, "sving": 0.49, "os": 0.0, "foss": 0.72, "juv": 0.0, "B": 0.66, "Q": 21.74, "w": 27.58, "h": 0.33, "S": 0.05061, "elv": "bekk", "km": 0.9}}, {"type": "Feature", "geometry": {"type": "LineString", "coordinates": [[12.94042, 64.39818], [12.93863, 64.39785]]}, "properties": {"P": 47.85, "tau": 119.8, "tau_c": 143.93, "omega": 239.52, "M": 0.83, "D": 0.15, "R": 0.62, "sving": 0.59, "os": 0.0, "foss": 0.51, "juv": 0.0, "B": 0.66, "Q": 21.74, "w": 34.77, "h": 0.31, "S": 0.03905, "elv": "bekk", "km": 1.0}}, {"type": "Feature", "geometry": {"type": "LineString", "coordinates": [[12.93863, 64.39785], [12.93659, 64.39775]]}, "properties": {"P": 33.77, "tau": 67.28, "tau_c": 103.38, "omega": 102.37, "M": 0.65, "D": 0.29, "R": 0.38, "sving": 0.18, "os": 0.08, "foss": 0.37, "juv": 0.0, "B": 0.66, "Q": 21.74, "w": 41.96, "h": 0.34, "S": 0.02014, "elv": "bekk", "km": 1.1}}, {"type": "Feature", "geometry": {"type": "LineString", "coordinates": [[12.93659, 64.39775], [12.93466, 64.39785]]}, "properties": {"P": 25.29, "tau": 52.42, "tau_c": 86.45, "omega": 71.59, "M": 0.61, "D": 0.35, "R": 0.32, "sving": 0.1, "os": 0.13, "foss": 0.0, "juv": 0.0, "B": 0.66, "Q": 21.74, "w": 41.97, "h": 0.38, "S": 0.01409, "elv": "bekk", "km": 1.2}}, {"type": "Feature", "geometry": {"type": "LineString", "coordinates": [[12.93466, 64.39785], [12.93269, 64.39761]]}, "properties": {"P": 24.99, "tau": 49.29, "tau_c": 82.72, "omega": 65.54, "M": 0.6, "D": 0.25, "R": 0.31, "sving": 0.18, "os": 0.19, "foss": 0.0, "juv": 0.0, "B": 0.66, "Q": 21.74, "w": 41.97, "h": 0.39, "S": 0.0129, "elv": "bekk", "km": 1.3}}, {"type": "Feature", "geometry": {"type": "LineString", "coordinates": [[12.93269, 64.39761], [12.93108, 64.39705]]}, "properties": {"P": 25.18, "tau": 44.22, "tau_c": 76.52, "omega": 56.09, "M": 0.58, "D": 0.13, "R": 0.28, "sving": 0.27, "os": 0.31, "foss": 0.0, "juv": 0.0, "B": 0.66, "Q": 21.74, "w": 41.97, "h": 0.41, "S": 0.01104, "elv": "bekk", "km": 1.4}}, {"type": "Feature", "geometry": {"type": "LineString", "coordinates": [[12.93108, 64.39705], [12.92937, 64.39655]]}, "properties": {"P": 24.65, "tau": 39.05, "tau_c": 70.0, "omega": 46.94, "M": 0.56, "D": 0.08, "R": 0.26, "sving": 0.16, "os": 0.5, "foss": 0.0, "juv": 0.0, "B": 0.65, "Q": 21.74, "w": 41.97, "h": 0.43, "S": 0.00924, "elv": "bekk", "km": 1.5}}, {"type": "Feature", "geometry": {"type": "LineString", "coordinates": [[12.98944, 64.4139], [12.98776, 64.4138]]}, "properties": {"P": 35.47, "tau": 54.63, "tau_c": 76.61, "omega": 78.77, "M": 0.71, "D": 0.0, "R": 0.46, "sving": 0.97, "os": 0.05, "foss": 0.0, "juv": 0.0, "B": 0.63, "Q": 18.69, "w": 25.74, "h": 0.5, "S": 0.01106, "elv": "bekk", "km": 3.1}}, {"type": "Feature", "geometry": {"type": "LineString", "coordinates": [[12.77422, 64.36241], [12.7731, 64.36315]]}, "properties": {"P": 38.25, "tau": 68.35, "tau_c": 64.56, "omega": 121.31, "M": 1.06, "D": 0.03, "R": 0.84, "sving": 0.5, "os": 0.61, "foss": 0.0, "juv": 0.0, "B": 0.47, "Q": 75.57, "w": 48.0, "h": 0.89, "S": 0.00785, "elv": "Låarte - Luru", "km": 0.0}}, {"type": "Feature", "geometry": {"type": "LineString", "coordinates": [[12.7731, 64.36315], [12.77109, 64.36336]]}, "properties": {"P": 77.25, "tau": 60.3, "tau_c": 62.18, "omega": 100.05, "M": 0.97, "D": 0.09, "R": 0.77, "sving": 0.53, "os": 1.0, "foss": 0.0, "juv": 0.0, "B": 0.84, "Q": 75.57, "w": 54.0, "h": 0.84, "S": 0.00729, "elv": "Låarte - Luru", "km": 0.1}}, {"type": "Feature", "geometry": {"type": "LineString", "coordinates": [[12.77109, 64.36336], [12.76913, 64.36364]]}, "properties": {"P": 63.68, "tau": 54.78, "tau_c": 59.91, "omega": 86.48, "M": 0.91, "D": 0.15, "R": 0.71, "sving": 0.43, "os": 0.6, "foss": 0.0, "juv": 0.0, "B": 0.84, "Q": 75.58, "w": 58.0, "h": 0.83, "S": 0.00676, "elv": "Låarte - Luru", "km": 0.2}}, {"type": "Feature", "geometry": {"type": "LineString", "coordinates": [[12.76913, 64.36364], [12.76707, 64.36358]]}, "properties": {"P": 51.28, "tau": 47.42, "tau_c": 54.83, "omega": 70.03, "M": 0.86, "D": 0.2, "R": 0.66, "sving": 0.22, "os": 0.37, "foss": 0.0, "juv": 0.0, "B": 0.84, "Q": 75.59, "w": 60.0, "h": 0.85, "S": 0.00567, "elv": "Låarte - Luru", "km": 0.3}}, {"type": "Feature", "geometry": {"type": "LineString", "coordinates": [[12.76707, 64.36358], [12.76504, 64.36344]]}, "properties": {"P": 48.53, "tau": 40.84, "tau_c": 48.51, "omega": 56.72, "M": 0.84, "D": 0.24, "R": 0.63, "sving": 0.25, "os": 0.23, "foss": 0.0, "juv": 0.0, "B": 0.84, "Q": 75.59, "w": 58.0, "h": 0.94, "S": 0.00444, "elv": "Låarte - Luru", "km": 0.4}}, {"type": "Feature", "geometry": {"type": "LineString", "coordinates": [[12.76504, 64.36344], [12.76308, 64.36314]]}, "properties": {"P": 38.46, "tau": 27.16, "tau_c": 37.78, "omega": 31.24, "M": 0.72, "D": 0.3, "R": 0.47, "sving": 0.13, "os": 0.14, "foss": 0.0, "juv": 0.0, "B": 0.84, "Q": 75.6, "w": 63.88, "h": 1.03, "S": 0.00269, "elv": "Låarte - Luru", "km": 0.5}}, {"type": "Feature", "geometry": {"type": "LineString", "coordinates": [[12.76308, 64.36314], [12.76113, 64.36284]]}, "properties": {"P": 35.58, "tau": 23.87, "tau_c": 34.89, "omega": 25.88, "M": 0.68, "D": 0.34, "R": 0.43, "sving": 0.1, "os": 0.09, "foss": 0.0, "juv": 0.0, "B": 0.84, "Q": 75.61, "w": 65.76, "h": 1.06, "S": 0.00229, "elv": "Låarte - Luru", "km": 0.6}}, {"type": "Feature", "geometry": {"type": "LineString", "coordinates": [[12.76113, 64.36284], [12.75926, 64.36248]]}, "properties": {"P": 31.45, "tau": 17.2, "tau_c": 27.93, "omega": 16.12, "M": 0.62, "D": 0.4, "R": 0.33, "sving": 0.04, "os": 0.06, "foss": 0.0, "juv": 0.0, "B": 0.84, "Q": 77.8, "w": 69.63, "h": 1.19, "S": 0.00147, "elv": "Låarte - Luru", "km": 0.7}}, {"type": "Feature", "geometry": {"type": "LineString", "coordinates": [[13.03651, 64.41055], [13.03456, 64.41056]]}, "properties": {"P": 6.92, "tau": 17.89, "tau_c": 42.1, "omega": 15.05, "M": 0.42, "D": 0.04, "R": 0.11, "sving": 0.04, "os": 0.24, "foss": 0.0, "juv": 0.0, "B": 0.43, "Q": 17.15, "w": 37.32, "h": 0.55, "S": 0.00334, "elv": "Alma - Aallejejohke", "km": 0.0}}, {"type": "Feature", "geometry": {"type": "LineString", "coordinates": [[13.03456, 64.41056], [13.03256, 64.4104]]}, "properties": {"P": 22.24, "tau": 16.19, "tau_c": 39.08, "omega": 13.06, "M": 0.41, "D": 0.08, "R": 0.1, "sving": 0.47, "os": 0.36, "foss": 0.0, "juv": 0.0, "B": 0.64, "Q": 17.27, "w": 37.36, "h": 0.57, "S": 0.00288, "elv": "Alma - Aallejejohke", "km": 0.1}}, {"type": "Feature", "geometry": {"type": "LineString", "coordinates": [[13.03256, 64.4104], [13.03083, 64.41037]]}, "properties": {"P": 21.34, "tau": 13.86, "tau_c": 34.95, "omega": 10.44, "M": 0.4, "D": 0.15, "R": 0.09, "sving": 0.16, "os": 0.56, "foss": 0.0, "juv": 0.0, "B": 0.64, "Q": 17.28, "w": 37.39, "h": 0.61, "S": 0.0023, "elv": "Alma - Aallejejohke", "km": 0.2}}, {"type": "Feature", "geometry": {"type": "LineString", "coordinates": [[13.03083, 64.41037], [13.02963, 64.4111]]}, "properties": {"P": 20.51, "tau": 13.55, "tau_c": 34.41, "omega": 10.11, "M": 0.39, "D": 0.16, "R": 0.08, "sving": 0.02, "os": 0.64, "foss": 0.0, "juv": 0.0, "B": 0.64, "Q": 17.3, "w": 37.46, "h": 0.62, "S": 0.00223, "elv": "Alma - Aallejejohke", "km": 0.3}}, {"type": "Feature", "geometry": {"type": "LineString", "coordinates": [[13.02963, 64.4111], [13.02785, 64.41146]]}, "properties": {"P": 17.43, "tau": 9.37, "tau_c": 26.42, "omega": 5.95, "M": 0.35, "D": 0.18, "R": 0.06, "sving": 0.13, "os": 0.4, "foss": 0.0, "juv": 0.0, "B": 0.64, "Q": 17.3, "w": 37.53, "h": 0.73, "S": 0.00132, "elv": "Alma - Aallejejohke", "km": 0.4}}, {"type": "Feature", "geometry": {"type": "LineString", "coordinates": [[13.02785, 64.41146], [13.02587, 64.41136]]}, "properties": {"P": 25.08, "tau": 10.36, "tau_c": 28.28, "omega": 6.88, "M": 0.37, "D": 0.11, "R": 0.06, "sving": 0.72, "os": 0.27, "foss": 0.0, "juv": 0.0, "B": 0.64, "Q": 17.48, "w": 37.59, "h": 0.7, "S": 0.00151, "elv": "Alma - Aallejejohke", "km": 0.5}}, {"type": "Feature", "geometry": {"type": "LineString", "coordinates": [[13.02587, 64.41136], [13.02452, 64.41112]]}, "properties": {"P": 8.97, "tau": 9.13, "tau_c": 25.79, "omega": 5.74, "M": 0.35, "D": 0.06, "R": 0.06, "sving": 0.06, "os": 0.2, "foss": 0.0, "juv": 0.0, "B": 0.64, "Q": 17.57, "w": 37.65, "h": 0.74, "S": 0.00125, "elv": "Alma - Aallejejohke", "km": 0.6}}, {"type": "Feature", "geometry": {"type": "LineString", "coordinates": [[13.02452, 64.41112], [13.02336, 64.4104]]}, "properties": {"P": 10.06, "tau": 13.19, "tau_c": 33.61, "omega": 9.73, "M": 0.39, "D": 0.0, "R": 0.08, "sving": 0.19, "os": 0.17, "foss": 0.0, "juv": 0.0, "B": 0.64, "Q": 17.58, "w": 37.71, "h": 0.63, "S": 0.00213, "elv": "Alma - Aallejejohke", "km": 0.7}}, {"type": "Feature", "geometry": {"type": "LineString", "coordinates": [[13.02336, 64.4104], [13.02143, 64.41064]]}, "properties": {"P": 11.81, "tau": 13.72, "tau_c": 34.58, "omega": 10.3, "M": 0.4, "D": 0.0, "R": 0.09, "sving": 0.29, "os": 0.15, "foss": 0.0, "juv": 0.0, "B": 0.64, "Q": 17.58, "w": 37.74, "h": 0.62, "S": 0.00225, "elv": "Alma - Aallejejohke", "km": 0.8}}, {"type": "Feature", "geometry": {"type": "LineString", "coordinates": [[13.02143, 64.41064], [13.01951, 64.41098]]}, "properties": {"P": 13.48, "tau": 12.36, "tau_c": 32.09, "omega": 8.87, "M": 0.39, "D": 0.0, "R": 0.08, "sving": 0.45, "os": 0.09, "foss": 0.0, "juv": 0.0, "B": 0.64, "Q": 17.58, "w": 37.74, "h": 0.65, "S": 0.00194, "elv": "Alma - Aallejejohke", "km": 0.9}}, {"type": "Feature", "geometry": {"type": "LineString", "coordinates": [[13.01951, 64.41098], [13.0176, 64.41133]]}, "properties": {"P": 7.71, "tau": 14.96, "tau_c": 36.8, "omega": 11.66, "M": 0.41, "D": 0.0, "R": 0.09, "sving": 0.17, "os": 0.06, "foss": 0.0, "juv": 0.0, "B": 0.64, "Q": 17.6, "w": 37.78, "h": 0.6, "S": 0.00255, "elv": "Alma - Aallejejohke", "km": 1.0}}, {"type": "Feature", "geometry": {"type": "LineString", "coordinates": [[13.0176, 64.41133], [13.01561, 64.41153]]}, "properties": {"P": 6.09, "tau": 15.58, "tau_c": 37.92, "omega": 12.37, "M": 0.41, "D": 0.01, "R": 0.1, "sving": 0.13, "os": 0.0, "foss": 0.0, "juv": 0.0, "B": 0.64, "Q": 17.6, "w": 37.83, "h": 0.59, "S": 0.00271, "elv": "Alma - Aallejejohke", "km": 1.1}}, {"type": "Feature", "geometry": {"type": "LineString", "coordinates": [[13.01561, 64.41153], [13.01358, 64.41137]]}, "properties": {"P": 6.18, "tau": 18.16, "tau_c": 42.2, "omega": 15.42, "M": 0.43, "D": 0.03, "R": 0.11, "sving": 0.08, "os": 0.0, "foss": 0.0, "juv": 0.0, "B": 0.64, "Q": 17.75, "w": 37.9, "h": 0.55, "S": 0.00336, "elv": "Alma - Aallejejohke", "km": 1.2}}, {"type": "Feature", "geometry": {"type": "LineString", "coordinates": [[13.01358, 64.41137], [13.01163, 64.41141]]}, "properties": {"P": 11.19, "tau": 14.2, "tau_c": 35.33, "omega": 10.83, "M": 0.4, "D": 0.07, "R": 0.09, "sving": 0.31, "os": 0.0, "foss": 0.0, "juv": 0.0, "B": 0.64, "Q": 17.82, "w": 37.96, "h": 0.62, "S": 0.00235, "elv": "Alma - Aallejejohke", "km": 1.3}}, {"type": "Feature", "geometry": {"type": "LineString", "coordinates": [[13.01163, 64.41141], [13.00995, 64.41192]]}, "properties": {"P": 15.26, "tau": 13.69, "tau_c": 34.38, "omega": 10.29, "M": 0.4, "D": 0.09, "R": 0.09, "sving": 0.43, "os": 0.06, "foss": 0.0, "juv": 0.0, "B": 0.64, "Q": 17.9, "w": 38.03, "h": 0.63, "S": 0.00223, "elv": "Alma - Aallejejohke", "km": 1.4}}, {"type": "Feature", "geometry": {"type": "LineString", "coordinates": [[13.00995, 64.41192], [13.00894, 64.41268]]}, "properties": {"P": 9.63, "tau": 13.68, "tau_c": 34.38, "omega": 10.27, "M": 0.4, "D": 0.11, "R": 0.09, "sving": 0.08, "os": 0.1, "foss": 0.0, "juv": 0.0, "B": 0.65, "Q": 17.9, "w": 38.09, "h": 0.63, "S": 0.00223, "elv": "Alma - Aallejejohke", "km": 1.5}}, {"type": "Feature", "geometry": {"type": "LineString", "coordinates": [[13.00894, 64.41268], [13.00784, 64.41338]]}, "properties": {"P": 10.99, "tau": 11.88, "tau_c": 31.08, "omega": 8.39, "M": 0.38, "D": 0.14, "R": 0.07, "sving": 0.08, "os": 0.15, "foss": 0.0, "juv": 0.0, "B": 0.65, "Q": 17.91, "w": 38.13, "h": 0.67, "S": 0.00182, "elv": "Alma - Aallejejohke", "km": 1.6}}, {"type": "Feature", "geometry": {"type": "LineString", "coordinates": [[13.00784, 64.41338], [13.00584, 64.41362]]}, "properties": {"P": 15.64, "tau": 10.27, "tau_c": 27.95, "omega": 6.81, "M": 0.37, "D": 0.15, "R": 0.06, "sving": 0.22, "os": 0.24, "foss": 0.0, "juv": 0.0, "B": 0.65, "Q": 18.01, "w": 38.18, "h": 0.71, "S": 0.00147, "elv": "Alma - Aallejejohke", "km": 1.7}}, {"type": "Feature", "geometry": {"type": "LineString", "coordinates": [[13.00584, 64.41362], [13.00446, 64.41427]]}, "properties": {"P": 18.38, "tau": 8.04, "tau_c": 23.44, "omega": 4.78, "M": 0.34, "D": 0.13, "R": 0.05, "sving": 0.28, "os": 0.38, "foss": 0.0, "juv": 0.0, "B": 0.65, "Q": 18.01, "w": 38.24, "h": 0.79, "S": 0.00104, "elv": "Alma - Aallejejohke", "km": 1.8}}, {"type": "Feature", "geometry": {"type": "LineString", "coordinates": [[13.00446, 64.41427], [13.00263, 64.41466]]}, "properties": {"P": 16.89, "tau": 9.34, "tau_c": 26.06, "omega": 5.94, "M": 0.36, "D": 0.06, "R": 0.06, "sving": 0.04, "os": 0.62, "foss": 0.0, "juv": 0.0, "B": 0.65, "Q": 18.13, "w": 38.31, "h": 0.74, "S": 0.00128, "elv": "Alma - Aallejejohke", "km": 1.9}}, {"type": "Feature", "geometry": {"type": "LineString", "coordinates": [[13.00263, 64.41466], [13.00067, 64.41487]]}, "properties": {"P": 33.44, "tau": 9.36, "tau_c": 26.06, "omega": 5.97, "M": 0.36, "D": 0.02, "R": 0.06, "sving": 0.69, "os": 0.84, "foss": 0.0, "juv": 0.0, "B": 0.65, "Q": 18.23, "w": 38.36, "h": 0.75, "S": 0.00128, "elv": "Alma - Aallejejohke", "km": 2.0}}, {"type": "Feature", "geometry": {"type": "LineString", "coordinates": [[13.00067, 64.41487], [12.99879, 64.415]]}, "properties": {"P": 24.66, "tau": 10.64, "tau_c": 28.58, "omega": 7.17, "M": 0.37, "D": 0.0, "R": 0.07, "sving": 0.54, "os": 0.56, "foss": 0.0, "juv": 0.0, "B": 0.65, "Q": 18.24, "w": 38.42, "h": 0.7, "S": 0.00154, "elv": "Alma - Aallejejohke", "km": 2.1}}, {"type": "Feature", "geometry": {"type": "LineString", "coordinates": [[12.99879, 64.415], [12.99768, 64.41425]]}, "properties": {"P": 17.25, "tau": 9.63, "tau_c": 26.61, "omega": 6.21, "M": 0.36, "D": 0.07, "R": 0.06, "sving": 0.3, "os": 0.35, "foss": 0.0, "juv": 0.0, "B": 0.65, "Q": 18.24, "w": 38.44, "h": 0.74, "S": 0.00133, "elv": "Alma - Aallejejohke", "km": 2.2}}, {"type": "Feature", "geometry": {"type": "LineString", "coordinates": [[12.99768, 64.41425], [12.99656, 64.41352]]}, "properties": {"P": 14.28, "tau": 9.63, "tau_c": 26.61, "omega": 6.22, "M": 0.36, "D": 0.17, "R": 0.06, "sving": 0.11, "os": 0.26, "foss": 0.0, "juv": 0.0, "B": 0.65, "Q": 18.26, "w": 38.45, "h": 0.74, "S": 0.00133, "elv": "Alma - Aallejejohke", "km": 2.3}}, {"type": "Feature", "geometry": {"type": "LineString", "coordinates": [[12.99656, 64.41352], [12.99491, 64.41307]]}, "properties": {"P": 14.86, "tau": 5.96, "tau_c": 18.83, "omega": 3.11, "M": 0.32, "D": 0.26, "R": 0.03, "sving": 0.15, "os": 0.17, "foss": 0.0, "juv": 0.0, "B": 0.65, "Q": 18.26, "w": 38.46, "h": 0.91, "S": 0.00067, "elv": "Alma - Aallejejohke", "km": 2.4}}, {"type": "Feature", "geometry": {"type": "LineString", "coordinates": [[12.99292, 64.41294], [12.99126, 64.41245]]}, "properties": {"P": 15.29, "tau": 6.2, "tau_c": 19.41, "omega": 3.3, "M": 0.32, "D": 0.1, "R": 0.04, "sving": 0.26, "os": 0.3, "foss": 0.0, "juv": 0.0, "B": 0.65, "Q": 18.28, "w": 38.56, "h": 0.89, "S": 0.00071, "elv": "Alma - Aallejejohke", "km": 2.6}}, {"type": "Feature", "geometry": {"type": "LineString", "coordinates": [[12.99126, 64.41245], [12.98924, 64.41258]]}, "properties": {"P": 13.93, "tau": 5.74, "tau_c": 18.38, "omega": 2.95, "M": 0.31, "D": 0.03, "R": 0.03, "sving": 0.22, "os": 0.38, "foss": 0.0, "juv": 0.0, "B": 0.65, "Q": 18.28, "w": 38.65, "h": 0.92, "S": 0.00064, "elv": "Alma - Aallejejohke", "km": 2.7}}, {"type": "Feature", "geometry": {"type": "LineString", "coordinates": [[12.98924, 64.41258], [12.9872, 64.4127]]}, "properties": {"P": 17.97, "tau": 5.53, "tau_c": 17.72, "omega": 2.8, "M": 0.31, "D": 0.02, "R": 0.03, "sving": 0.24, "os": 0.55, "foss": 0.0, "juv": 0.0, "B": 0.65, "Q": 18.69, "w": 38.76, "h": 0.95, "S": 0.00059, "elv": "Alma - Aallejejohke", "km": 2.8}}, {"type": "Feature", "geometry": {"type": "LineString", "coordinates": [[12.9872, 64.4127], [12.98581, 64.41217]]}, "properties": {"P": 25.42, "tau": 5.52, "tau_c": 17.72, "omega": 2.79, "M": 0.31, "D": 0.02, "R": 0.03, "sving": 0.56, "os": 0.6, "foss": 0.0, "juv": 0.0, "B": 0.65, "Q": 18.7, "w": 38.87, "h": 0.95, "S": 0.00059, "elv": "Alma - Aallejejohke", "km": 2.9}}, {"type": "Feature", "geometry": {"type": "LineString", "coordinates": [[12.98581, 64.41217], [12.98515, 64.41132]]}, "properties": {"P": 17.56, "tau": 5.53, "tau_c": 17.72, "omega": 2.8, "M": 0.31, "D": 0.08, "R": 0.03, "sving": 0.31, "os": 0.39, "foss": 0.0, "juv": 0.0, "B": 0.65, "Q": 18.79, "w": 38.97, "h": 0.95, "S": 0.00059, "elv": "Alma - Aallejejohke", "km": 3.0}}, {"type": "Feature", "geometry": {"type": "LineString", "coordinates": [[12.98515, 64.41132], [12.98471, 64.41044]]}, "properties": {"P": 16.41, "tau": 5.52, "tau_c": 17.72, "omega": 2.8, "M": 0.31, "D": 0.2, "R": 0.03, "sving": 0.21, "os": 0.29, "foss": 0.0, "juv": 0.0, "B": 0.65, "Q": 18.79, "w": 38.99, "h": 0.95, "S": 0.00059, "elv": "Alma - Aallejejohke", "km": 3.1}}, {"type": "Feature", "geometry": {"type": "LineString", "coordinates": [[12.97315, 64.40907], [12.97298, 64.40818]]}, "properties": {"P": 26.8, "tau": 12.44, "tau_c": 30.54, "omega": 9.09, "M": 0.41, "D": 0.0, "R": 0.09, "sving": 0.53, "os": 0.63, "foss": 0.0, "juv": 0.0, "B": 0.65, "Q": 20.01, "w": 37.96, "h": 0.72, "S": 0.00176, "elv": "Alma - Aallejejohke", "km": 3.8}}, {"type": "Feature", "geometry": {"type": "LineString", "coordinates": [[12.97298, 64.40818], [12.9729, 64.40728]]}, "properties": {"P": 20.63, "tau": 16.75, "tau_c": 37.93, "omega": 13.93, "M": 0.44, "D": 0.0, "R": 0.13, "sving": 0.42, "os": 0.38, "foss": 0.0, "juv": 0.0, "B": 0.65, "Q": 20.01, "w": 38.22, "h": 0.63, "S": 0.00271, "elv": "Alma - Aallejejohke", "km": 3.9}}, {"type": "Feature", "geometry": {"type": "LineString", "coordinates": [[12.9729, 64.40728], [12.97287, 64.40639]]}, "properties": {"P": 17.52, "tau": 23.58, "tau_c": 48.5, "omega": 22.76, "M": 0.49, "D": 0.0, "R": 0.17, "sving": 0.34, "os": 0.23, "foss": 0.0, "juv": 0.0, "B": 0.65, "Q": 20.03, "w": 38.26, "h": 0.54, "S": 0.00443, "elv": "Alma - Aallejejohke", "km": 4.0}}, {"type": "Feature", "geometry": {"type": "LineString", "coordinates": [[12.97287, 64.40639], [12.97273, 64.40552]]}, "properties": {"P": 14.54, "tau": 28.82, "tau_c": 56.01, "omega": 30.37, "M": 0.51, "D": 0.0, "R": 0.2, "sving": 0.23, "os": 0.14, "foss": 0.0, "juv": 0.0, "B": 0.65, "Q": 20.06, "w": 38.31, "h": 0.5, "S": 0.00591, "elv": "Alma - Aallejejohke", "km": 4.1}}, {"type": "Feature", "geometry": {"type": "LineString", "coordinates": [[12.97273, 64.40552], [12.97102, 64.40505]]}, "properties": {"P": 15.36, "tau": 29.03, "tau_c": 56.14, "omega": 30.71, "M": 0.52, "D": 0.0, "R": 0.21, "sving": 0.32, "os": 0.09, "foss": 0.0, "juv": 0.0, "B": 0.65, "Q": 20.22, "w": 38.37, "h": 0.5, "S": 0.00594, "elv": "Alma - Aallejejohke", "km": 4.2}}, {"type": "Feature", "geometry": {"type": "LineString", "coordinates": [[12.97102, 64.40505], [12.96975, 64.40434]]}, "properties": {"P": 17.02, "tau": 28.35, "tau_c": 56.4, "omega": 29.53, "M": 0.5, "D": 0.0, "R": 0.19, "sving": 0.43, "os": 0.08, "foss": 0.0, "juv": 0.0, "B": 0.65, "Q": 20.27, "w": 40.37, "h": 0.48, "S": 0.00599, "elv": "Alma - Aallejejohke", "km": 4.3}}, {"type": "Feature", "geometry": {"type": "LineString", "coordinates": [[12.96975, 64.40434], [12.96822, 64.40378]]}, "properties": {"P": 10.77, "tau": 28.26, "tau_c": 56.28, "omega": 29.39, "M": 0.5, "D": 0.0, "R": 0.19, "sving": 0.08, "os": 0.13, "foss": 0.0, "juv": 0.0, "B": 0.65, "Q": 20.28, "w": 40.42, "h": 0.48, "S": 0.00597, "elv": "Alma - Aallejejohke", "km": 4.4}}, {"type": "Feature", "geometry": {"type": "LineString", "coordinates": [[12.96822, 64.40378], [12.96627, 64.40348]]}, "properties": {"P": 14.03, "tau": 31.71, "tau_c": 61.2, "omega": 34.66, "M": 0.52, "D": 0.0, "R": 0.21, "sving": 0.13, "os": 0.22, "foss": 0.0, "juv": 0.0, "B": 0.65, "Q": 20.29, "w": 40.54, "h": 0.46, "S": 0.00706, "elv": "Alma - Aallejejohke", "km": 4.5}}, {"type": "Feature", "geometry": {"type": "LineString", "coordinates": [[12.96627, 64.40348], [12.96433, 64.40316]]}, "properties": {"P": 15.59, "tau": 28.96, "tau_c": 57.22, "omega": 30.44, "M": 0.51, "D": 0.0, "R": 0.19, "sving": 0.1, "os": 0.35, "foss": 0.0, "juv": 0.0, "B": 0.65, "Q": 20.33, "w": 40.43, "h": 0.48, "S": 0.00617, "elv": "Alma - Aallejejohke", "km": 4.6}}, {"type": "Feature", "geometry": {"type": "LineString", "coordinates": [[12.96433, 64.40316], [12.96263, 64.40269]]}, "properties": {"P": 20.67, "tau": 36.58, "tau_c": 66.9, "omega": 42.69, "M": 0.55, "D": 0.0, "R": 0.24, "sving": 0.08, "os": 0.54, "foss": 0.0, "juv": 0.0, "B": 0.65, "Q": 20.8, "w": 40.33, "h": 0.44, "S": 0.00844, "elv": "Alma - Aallejejohke", "km": 4.7}}, {"type": "Feature", "geometry": {"type": "LineString", "coordinates": [[12.96263, 64.40269], [12.96146, 64.40196]]}, "properties": {"P": 28.82, "tau": 65.95, "tau_c": 100.96, "omega": 99.74, "M": 0.65, "D": 0.0, "R": 0.38, "sving": 0.03, "os": 0.75, "foss": 0.0, "juv": 0.0, "B": 0.65, "Q": 21.53, "w": 40.68, "h": 0.35, "S": 0.01921, "elv": "Alma - Aallejejohke", "km": 4.8}}, {"type": "Feature", "geometry": {"type": "LineString", "coordinates": [[12.96146, 64.40196], [12.95975, 64.4015]]}, "properties": {"P": 28.66, "tau": 73.97, "tau_c": 109.43, "omega": 117.61, "M": 0.68, "D": 0.0, "R": 0.41, "sving": 0.05, "os": 0.67, "foss": 0.0, "juv": 0.0, "B": 0.65, "Q": 21.55, "w": 40.57, "h": 0.33, "S": 0.02257, "elv": "Alma - Aallejejohke", "km": 4.9}}, {"type": "Feature", "geometry": {"type": "LineString", "coordinates": [[12.95975, 64.4015], [12.95788, 64.40113]]}, "properties": {"P": 48.92, "tau": 85.28, "tau_c": 118.22, "omega": 145.23, "M": 0.72, "D": 0.0, "R": 0.48, "sving": 0.19, "os": 0.42, "foss": 1.0, "juv": 0.0, "B": 0.65, "Q": 21.56, "w": 38.36, "h": 0.33, "S": 0.02634, "elv": "Alma - Aallejejohke", "km": 5.0}}, {"type": "Feature", "geometry": {"type": "LineString", "coordinates": [[12.95788, 64.40113], [12.95629, 64.40056]]}, "properties": {"P": 37.08, "tau": 91.64, "tau_c": 124.38, "omega": 161.02, "M": 0.74, "D": 0.0, "R": 0.5, "sving": 0.03, "os": 0.25, "foss": 0.72, "juv": 0.0, "B": 0.65, "Q": 21.59, "w": 38.36, "h": 0.32, "S": 0.02916, "elv": "Alma - Aallejejohke", "km": 5.1}}, {"type": "Feature", "geometry": {"type": "LineString", "coordinates": [[12.95629, 64.40056], [12.95442, 64.40017]]}, "properties": {"P": 44.43, "tau": 98.26, "tau_c": 130.75, "omega": 177.95, "M": 0.75, "D": 0.02, "R": 0.52, "sving": 0.14, "os": 0.16, "foss": 1.0, "juv": 0.0, "B": 0.65, "Q": 21.59, "w": 38.36, "h": 0.31, "S": 0.03222, "elv": "Alma - Aallejejohke", "km": 5.2}}, {"type": "Feature", "geometry": {"type": "LineString", "coordinates": [[12.95442, 64.40017], [12.95262, 64.39976]]}, "properties": {"P": 36.39, "tau": 97.34, "tau_c": 129.2, "omega": 175.83, "M": 0.75, "D": 0.07, "R": 0.52, "sving": 0.02, "os": 0.09, "foss": 0.72, "juv": 0.0, "B": 0.65, "Q": 21.65, "w": 38.0, "h": 0.32, "S": 0.03146, "elv": "Alma - Aallejejohke", "km": 5.3}}, {"type": "Feature", "geometry": {"type": "LineString", "coordinates": [[12.95262, 64.39976], [12.95118, 64.39911]]}, "properties": {"P": 31.72, "tau": 76.21, "tau_c": 108.41, "omega": 123.82, "M": 0.7, "D": 0.15, "R": 0.45, "sving": 0.04, "os": 0.06, "foss": 0.51, "juv": 0.0, "B": 0.65, "Q": 21.65, "w": 38.0, "h": 0.35, "S": 0.02215, "elv": "Alma - Aallejejohke", "km": 5.4}}, {"type": "Feature", "geometry": {"type": "LineString", "coordinates": [[12.95118, 64.39911], [12.94967, 64.39852]]}, "properties": {"P": 29.01, "tau": 69.76, "tau_c": 103.98, "omega": 108.43, "M": 0.67, "D": 0.18, "R": 0.41, "sving": 0.15, "os": 0.0, "foss": 0.37, "juv": 0.0, "B": 0.65, "Q": 21.7, "w": 40.0, "h": 0.35, "S": 0.02038, "elv": "Alma - Aallejejohke", "km": 5.5}}, {"type": "Feature", "geometry": {"type": "LineString", "coordinates": [[12.94967, 64.39852], [12.94772, 64.39823]]}, "properties": {"P": 23.28, "tau": 58.72, "tau_c": 89.83, "omega": 85.24, "M": 0.65, "D": 0.19, "R": 0.38, "sving": 0.25, "os": 0.0, "foss": 0.0, "juv": 0.0, "B": 0.65, "Q": 21.71, "w": 38.0, "h": 0.39, "S": 0.01521, "elv": "Alma - Aallejejohke", "km": 5.6}}, {"type": "Feature", "geometry": {"type": "LineString", "coordinates": [[12.94772, 64.39823], [12.94566, 64.39815]]}, "properties": {"P": 17.55, "tau": 52.51, "tau_c": 83.29, "omega": 72.54, "M": 0.63, "D": 0.13, "R": 0.35, "sving": 0.1, "os": 0.0, "foss": 0.0, "juv": 0.0, "B": 0.65, "Q": 21.71, "w": 38.39, "h": 0.41, "S": 0.01308, "elv": "Alma - Aallejejohke", "km": 5.7}}, {"type": "Feature", "geometry": {"type": "LineString", "coordinates": [[12.94566, 64.39815], [12.94363, 64.39803]]}, "properties": {"P": 17.97, "tau": 45.56, "tau_c": 73.45, "omega": 59.55, "M": 0.62, "D": 0.08, "R": 0.34, "sving": 0.21, "os": 0.0, "foss": 0.0, "juv": 0.0, "B": 0.65, "Q": 21.72, "w": 36.39, "h": 0.46, "S": 0.01017, "elv": "Alma - Aallejejohke", "km": 5.8}}, {"type": "Feature", "geometry": {"type": "LineString", "coordinates": [[12.94363, 64.39803], [12.9418, 64.39763]]}, "properties": {"P": 20.03, "tau": 52.63, "tau_c": 81.45, "omega": 73.26, "M": 0.65, "D": 0.02, "R": 0.37, "sving": 0.34, "os": 0.0, "foss": 0.0, "juv": 0.0, "B": 0.65, "Q": 21.74, "w": 36.39, "h": 0.43, "S": 0.0125, "elv": "Alma - Aallejejohke", "km": 5.9}}, {"type": "Feature", "geometry": {"type": "LineString", "coordinates": [[12.9418, 64.39763], [12.94054, 64.39693]]}, "properties": {"P": 20.05, "tau": 54.22, "tau_c": 83.62, "omega": 76.35, "M": 0.65, "D": 0.0, "R": 0.38, "sving": 0.36, "os": 0.0, "foss": 0.0, "juv": 0.0, "B": 0.65, "Q": 21.74, "w": 36.82, "h": 0.42, "S": 0.01318, "elv": "Alma - Aallejejohke", "km": 6.0}}, {"type": "Feature", "geometry": {"type": "LineString", "coordinates": [[12.94054, 64.39693], [12.93949, 64.39623]]}, "properties": {"P": 35.46, "tau": 51.56, "tau_c": 83.0, "omega": 70.47, "M": 0.62, "D": 0.02, "R": 0.34, "sving": 0.1, "os": 0.06, "foss": 1.0, "juv": 0.0, "B": 0.65, "Q": 21.75, "w": 39.3, "h": 0.4, "S": 0.01298, "elv": "Alma - Aallejejohke", "km": 6.1}}, {"type": "Feature", "geometry": {"type": "LineString", "coordinates": [[12.93949, 64.39623], [12.93856, 64.39546]]}, "properties": {"P": 34.94, "tau": 54.58, "tau_c": 83.84, "omega": 77.12, "M": 0.65, "D": 0.03, "R": 0.38, "sving": 0.26, "os": 0.07, "foss": 0.72, "juv": 0.0, "B": 0.65, "Q": 21.9, "w": 36.91, "h": 0.42, "S": 0.01325, "elv": "Alma - Aallejejohke", "km": 6.2}}, {"type": "Feature", "geometry": {"type": "LineString", "coordinates": [[12.93856, 64.39546], [12.93657, 64.39529]]}, "properties": {"P": 31.03, "tau": 48.28, "tau_c": 78.07, "omega": 64.4, "M": 0.62, "D": 0.07, "R": 0.34, "sving": 0.28, "os": 0.09, "foss": 0.51, "juv": 0.0, "B": 0.65, "Q": 22.24, "w": 38.91, "h": 0.43, "S": 0.01149, "elv": "Alma - Aallejejohke", "km": 6.3}}, {"type": "Feature", "geometry": {"type": "LineString", "coordinates": [[12.93657, 64.39529], [12.93456, 64.39509]]}, "properties": {"P": 31.86, "tau": 47.53, "tau_c": 77.69, "omega": 62.87, "M": 0.61, "D": 0.07, "R": 0.33, "sving": 0.43, "os": 0.13, "foss": 0.37, "juv": 0.0, "B": 0.65, "Q": 22.24, "w": 39.48, "h": 0.43, "S": 0.01138, "elv": "Alma - Aallejejohke", "km": 6.4}}, {"type": "Feature", "geometry": {"type": "LineString", "coordinates": [[12.93456, 64.39509], [12.93256, 64.39486]]}, "properties": {"P": 22.15, "tau": 42.0, "tau_c": 71.19, "omega": 52.62, "M": 0.59, "D": 0.08, "R": 0.3, "sving": 0.28, "os": 0.2, "foss": 0.0, "juv": 0.0, "B": 0.65, "Q": 22.24, "w": 39.62, "h": 0.45, "S": 0.00955, "elv": "Alma - Aallejejohke", "km": 6.5}}, {"type": "Feature", "geometry": {"type": "LineString", "coordinates": [[12.93256, 64.39486], [12.93051, 64.39492]]}, "properties": {"P": 19.31, "tau": 44.0, "tau_c": 73.13, "omega": 56.38, "M": 0.6, "D": 0.06, "R": 0.31, "sving": 0.07, "os": 0.28, "foss": 0.0, "juv": 0.0, "B": 0.65, "Q": 22.63, "w": 39.69, "h": 0.45, "S": 0.01008, "elv": "Alma - Aallejejohke", "km": 6.6}}, {"type": "Feature", "geometry": {"type": "LineString", "coordinates": [[12.93051, 64.39492], [12.92876, 64.39538]]}, "properties": {"P": 20.18, "tau": 39.52, "tau_c": 69.19, "omega": 48.05, "M": 0.57, "D": 0.06, "R": 0.27, "sving": 0.05, "os": 0.41, "foss": 0.0, "juv": 0.0, "B": 0.65, "Q": 22.64, "w": 41.69, "h": 0.45, "S": 0.00902, "elv": "Alma - Aallejejohke", "km": 6.7}}, {"type": "Feature", "geometry": {"type": "LineString", "coordinates": [[12.92876, 64.39538], [12.92695, 64.39504]]}, "properties": {"P": 24.5, "tau": 38.72, "tau_c": 68.17, "omega": 46.67, "M": 0.57, "D": 0.04, "R": 0.27, "sving": 0.07, "os": 0.63, "foss": 0.0, "juv": 0.0, "B": 0.65, "Q": 22.65, "w": 41.69, "h": 0.45, "S": 0.00876, "elv": "Alma - Aallejejohke", "km": 6.8}}, {"type": "Feature", "geometry": {"type": "LineString", "coordinates": [[12.92695, 64.39504], [12.92514, 64.39471]]}, "properties": {"P": 25.03, "tau": 39.2, "tau_c": 68.77, "omega": 47.5, "M": 0.57, "D": 0.08, "R": 0.27, "sving": 0.17, "os": 0.51, "foss": 0.0, "juv": 0.0, "B": 0.65, "Q": 22.65, "w": 41.7, "h": 0.45, "S": 0.00891, "elv": "Alma - Aallejejohke", "km": 6.9}}, {"type": "Feature", "geometry": {"type": "LineString", "coordinates": [[12.92514, 64.39471], [12.92318, 64.39462]]}, "properties": {"P": 21.72, "tau": 36.87, "tau_c": 65.81, "omega": 43.5, "M": 0.56, "D": 0.15, "R": 0.26, "sving": 0.1, "os": 0.34, "foss": 0.0, "juv": 0.0, "B": 0.65, "Q": 22.66, "w": 41.71, "h": 0.46, "S": 0.00816, "elv": "Alma - Aallejejohke", "km": 7.0}}, {"type": "Feature", "geometry": {"type": "LineString", "coordinates": [[12.92318, 64.39462], [12.92113, 64.39471]]}, "properties": {"P": 18.39, "tau": 26.7, "tau_c": 52.2, "omega": 27.38, "M": 0.51, "D": 0.25, "R": 0.2, "sving": 0.01, "os": 0.23, "foss": 0.0, "juv": 0.0, "B": 0.65, "Q": 22.66, "w": 41.71, "h": 0.53, "S": 0.00514, "elv": "Alma - Aallejejohke", "km": 7.1}}, {"type": "Feature", "geometry": {"type": "LineString", "coordinates": [[12.92113, 64.39471], [12.9191, 64.39458]]}, "properties": {"P": 17.12, "tau": 18.26, "tau_c": 39.99, "omega": 15.85, "M": 0.46, "D": 0.27, "R": 0.14, "sving": 0.02, "os": 0.23, "foss": 0.0, "juv": 0.0, "B": 0.65, "Q": 22.67, "w": 42.3, "h": 0.62, "S": 0.00301, "elv": "Alma - Aallejejohke", "km": 7.2}}, {"type": "Feature", "geometry": {"type": "LineString", "coordinates": [[12.9191, 64.39458], [12.91717, 64.39426]]}, "properties": {"P": 18.17, "tau": 17.08, "tau_c": 38.11, "omega": 14.4, "M": 0.45, "D": 0.21, "R": 0.13, "sving": 0.02, "os": 0.38, "foss": 0.0, "juv": 0.0, "B": 0.65, "Q": 22.68, "w": 42.3, "h": 0.64, "S": 0.00274, "elv": "Alma - Aallejejohke", "km": 7.3}}, {"type": "Feature", "geometry": {"type": "LineString", "coordinates": [[12.91717, 64.39426], [12.91514, 64.39412]]}, "properties": {"P": 23.54, "tau": 17.79, "tau_c": 38.97, "omega": 15.3, "M": 0.46, "D": 0.1, "R": 0.14, "sving": 0.18, "os": 0.62, "foss": 0.0, "juv": 0.0, "B": 0.65, "Q": 22.74, "w": 41.73, "h": 0.63, "S": 0.00286, "elv": "Alma - Aallejejohke", "km": 7.4}}, {"type": "Feature", "geometry": {"type": "LineString", "coordinates": [[12.91514, 64.39412], [12.9131, 64.39426]]}, "properties": {"P": 32.95, "tau": 15.21, "tau_c": 34.59, "omega": 12.23, "M": 0.44, "D": 0.04, "R": 0.12, "sving": 0.49, "os": 0.89, "foss": 0.0, "juv": 0.0, "B": 0.65, "Q": 22.75, "w": 41.15, "h": 0.69, "S": 0.00225, "elv": "Alma - Aallejejohke", "km": 7.5}}, {"type": "Feature", "geometry": {"type": "LineString", "coordinates": [[12.9131, 64.39426], [12.91116, 64.39455]]}, "properties": {"P": 30.01, "tau": 18.74, "tau_c": 39.5, "omega": 16.59, "M": 0.47, "D": 0.01, "R": 0.16, "sving": 0.64, "os": 0.56, "foss": 0.0, "juv": 0.0, "B": 0.65, "Q": 23.33, "w": 40.58, "h": 0.65, "S": 0.00294, "elv": "Alma - Aallejejohke", "km": 7.6}}, {"type": "Feature", "geometry": {"type": "LineString", "coordinates": [[12.91116, 64.39455], [12.90995, 64.39524]]}, "properties": {"P": 16.9, "tau": 16.68, "tau_c": 36.09, "omega": 14.05, "M": 0.46, "D": 0.03, "R": 0.15, "sving": 0.21, "os": 0.34, "foss": 0.0, "juv": 0.0, "B": 0.65, "Q": 23.34, "w": 40.0, "h": 0.69, "S": 0.00246, "elv": "Alma - Aallejejohke", "km": 7.7}}, {"type": "Feature", "geometry": {"type": "LineString", "coordinates": [[12.90995, 64.39524], [12.90989, 64.39611]]}, "properties": {"P": 10.61, "tau": 16.71, "tau_c": 36.42, "omega": 14.07, "M": 0.46, "D": 0.02, "R": 0.14, "sving": 0.03, "os": 0.22, "foss": 0.0, "juv": 0.0, "B": 0.65, "Q": 23.35, "w": 40.7, "h": 0.68, "S": 0.0025, "elv": "Alma - Aallejejohke", "km": 7.8}}, {"type": "Feature", "geometry": {"type": "LineString", "coordinates": [[12.90989, 64.39611], [12.90839, 64.39667]]}, "properties": {"P": 12.79, "tau": 16.66, "tau_c": 36.61, "omega": 13.98, "M": 0.46, "D": 0.02, "R": 0.14, "sving": 0.2, "os": 0.17, "foss": 0.0, "juv": 0.0, "B": 0.65, "Q": 23.35, "w": 41.4, "h": 0.67, "S": 0.00253, "elv": "Alma - Aallejejohke", "km": 7.9}}, {"type": "Feature", "geometry": {"type": "LineString", "coordinates": [[12.90839, 64.39667], [12.90637, 64.39688]]}, "properties": {"P": 14.72, "tau": 17.42, "tau_c": 38.09, "omega": 14.88, "M": 0.46, "D": 0.01, "R": 0.14, "sving": 0.37, "os": 0.1, "foss": 0.0, "juv": 0.0, "B": 0.65, "Q": 23.36, "w": 42.1, "h": 0.65, "S": 0.00273, "elv": "Alma - Aallejejohke", "km": 8.0}}, {"type": "Feature", "geometry": {"type": "LineString", "coordinates": [[12.90637, 64.39688], [12.90448, 64.39722]]}, "properties": {"P": 10.76, "tau": 16.19, "tau_c": 36.42, "omega": 13.37, "M": 0.44, "D": 0.02, "R": 0.13, "sving": 0.22, "os": 0.07, "foss": 0.0, "juv": 0.0, "B": 0.65, "Q": 23.36, "w": 42.88, "h": 0.66, "S": 0.0025, "elv": "Alma - Aallejejohke", "km": 8.1}}, {"type": "Feature", "geometry": {"type": "LineString", "coordinates": [[12.90448, 64.39722], [12.90272, 64.39769]]}, "properties": {"P": 10.65, "tau": 16.02, "tau_c": 36.44, "omega": 13.13, "M": 0.44, "D": 0.03, "R": 0.12, "sving": 0.28, "os": 0.0, "foss": 0.0, "juv": 0.0, "B": 0.65, "Q": 23.37, "w": 43.68, "h": 0.65, "S": 0.0025, "elv": "Alma - Aallejejohke", "km": 8.2}}, {"type": "Feature", "geometry": {"type": "LineString", "coordinates": [[12.90272, 64.39769], [12.90069, 64.39781]]}, "properties": {"P": 10.7, "tau": 16.29, "tau_c": 36.64, "omega": 13.48, "M": 0.44, "D": 0.04, "R": 0.13, "sving": 0.25, "os": 0.0, "foss": 0.0, "juv": 0.0, "B": 0.65, "Q": 23.77, "w": 43.78, "h": 0.66, "S": 0.00253, "elv": "Alma - Aallejejohke", "km": 8.3}}, {"type": "Feature", "geometry": {"type": "LineString", "coordinates": [[12.90069, 64.39781], [12.8989, 64.39737]]}, "properties": {"P": 13.49, "tau": 15.28, "tau_c": 34.94, "omega": 12.3, "M": 0.44, "D": 0.07, "R": 0.12, "sving": 0.31, "os": 0.05, "foss": 0.0, "juv": 0.0, "B": 0.65, "Q": 23.9, "w": 43.88, "h": 0.68, "S": 0.0023, "elv": "Alma - Aallejejohke", "km": 8.4}}, {"type": "Feature", "geometry": {"type": "LineString", "coordinates": [[12.8989, 64.39737], [12.89691, 64.39712]]}, "properties": {"P": 8.97, "tau": 13.7, "tau_c": 32.35, "omega": 10.51, "M": 0.42, "D": 0.09, "R": 0.11, "sving": 0.05, "os": 0.08, "foss": 0.0, "juv": 0.0, "B": 0.65, "Q": 23.9, "w": 44.0, "h": 0.71, "S": 0.00197, "elv": "Alma - Aallejejohke", "km": 8.5}}, {"type": "Feature", "geometry": {"type": "LineString", "coordinates": [[12.89691, 64.39712], [12.89496, 64.39687]]}, "properties": {"P": 17.3, "tau": 12.47, "tau_c": 30.26, "omega": 9.19, "M": 0.41, "D": 0.14, "R": 0.1, "sving": 0.37, "os": 0.13, "foss": 0.0, "juv": 0.0, "B": 0.65, "Q": 23.91, "w": 44.04, "h": 0.74, "S": 0.00173, "elv": "Alma - Aallejejohke", "km": 8.6}}, {"type": "Feature", "geometry": {"type": "LineString", "coordinates": [[12.89496, 64.39687], [12.893, 64.39711]]}, "properties": {"P": 12.5, "tau": 12.48, "tau_c": 30.23, "omega": 9.2, "M": 0.41, "D": 0.14, "R": 0.1, "sving": 0.07, "os": 0.2, "foss": 0.0, "juv": 0.0, "B": 0.65, "Q": 24.01, "w": 44.09, "h": 0.74, "S": 0.00172, "elv": "Alma - Aallejejohke", "km": 8.7}}, {"type": "Feature", "geometry": {"type": "LineString", "coordinates": [[12.893, 64.39711], [12.8912, 64.3975]]}, "properties": {"P": 11.71, "tau": 7.37, "tau_c": 20.71, "omega": 4.32, "M": 0.36, "D": 0.11, "R": 0.06, "sving": 0.02, "os": 0.32, "foss": 0.0, "juv": 0.0, "B": 0.65, "Q": 24.02, "w": 44.15, "h": 0.93, "S": 0.00081, "elv": "Alma - Aallejejohke", "km": 8.8}}, {"type": "Feature", "geometry": {"type": "LineString", "coordinates": [[12.8912, 64.3975], [12.88918, 64.3974]]}, "properties": {"P": 18.64, "tau": 10.16, "tau_c": 26.02, "omega": 6.85, "M": 0.39, "D": 0.03, "R": 0.08, "sving": 0.22, "os": 0.51, "foss": 0.0, "juv": 0.0, "B": 0.65, "Q": 24.18, "w": 44.2, "h": 0.81, "S": 0.00128, "elv": "Alma - Aallejejohke", "km": 8.9}}, {"type": "Feature", "geometry": {"type": "LineString", "coordinates": [[12.88918, 64.3974], [12.88722, 64.39712]]}, "properties": {"P": 23.89, "tau": 21.73, "tau_c": 44.94, "omega": 20.41, "M": 0.48, "D": 0.0, "R": 0.17, "sving": 0.09, "os": 0.81, "foss": 0.0, "juv": 0.0, "B": 0.65, "Q": 24.18, "w": 44.24, "h": 0.58, "S": 0.00381, "elv": "Alma - Aallejejohke", "km": 9.0}}, {"type": "Feature", "geometry": {"type": "LineString", "coordinates": [[12.88722, 64.39712], [12.88525, 64.39684]]}, "properties": {"P": 28.38, "tau": 53.01, "tau_c": 85.15, "omega": 73.31, "M": 0.62, "D": 0.0, "R": 0.34, "sving": 0.17, "os": 0.66, "foss": 0.0, "juv": 0.0, "B": 0.65, "Q": 24.21, "w": 44.27, "h": 0.4, "S": 0.01367, "elv": "Alma - Aallejejohke", "km": 9.1}}, {"type": "Feature", "geometry": {"type": "LineString", "coordinates": [[12.88525, 64.39684], [12.88331, 64.39704]]}, "properties": {"P": 26.86, "tau": 88.24, "tau_c": 121.63, "omega": 152.51, "M": 0.73, "D": 0.0, "R": 0.48, "sving": 0.11, "os": 0.41, "foss": 0.0, "juv": 0.0, "B": 0.65, "Q": 24.21, "w": 43.42, "h": 0.32, "S": 0.02788, "elv": "Alma - Aallejejohke", "km": 9.2}}, {"type": "Feature", "geometry": {"type": "LineString", "coordinates": [[12.88331, 64.39704], [12.88146, 64.39732]]}, "properties": {"P": 45.39, "tau": 116.22, "tau_c": 146.85, "omega": 226.84, "M": 0.79, "D": 0.0, "R": 0.57, "sving": 0.01, "os": 0.28, "foss": 1.0, "juv": 0.0, "B": 0.65, "Q": 24.22, "w": 42.57, "h": 0.29, "S": 0.04065, "elv": "Alma - Aallejejohke", "km": 9.3}}, {"type": "Feature", "geometry": {"type": "LineString", "coordinates": [[12.88146, 64.39732], [12.87978, 64.39681]]}, "properties": {"P": 53.0, "tau": 116.14, "tau_c": 146.85, "omega": 226.59, "M": 0.79, "D": 0.0, "R": 0.57, "sving": 0.31, "os": 0.35, "foss": 1.0, "juv": 0.0, "B": 0.65, "Q": 24.22, "w": 42.63, "h": 0.29, "S": 0.04065, "elv": "Alma - Aallejejohke", "km": 9.4}}, {"type": "Feature", "geometry": {"type": "LineString", "coordinates": [[12.87978, 64.39681], [12.87783, 64.39652]]}, "properties": {"P": 58.78, "tau": 134.38, "tau_c": 162.35, "omega": 279.55, "M": 0.83, "D": 0.0, "R": 0.61, "sving": 0.3, "os": 0.57, "foss": 1.0, "juv": 0.0, "B": 0.65, "Q": 24.48, "w": 42.69, "h": 0.28, "S": 0.04968, "elv": "Alma - Aallejejohke", "km": 9.5}}, {"type": "Feature", "geometry": {"type": "LineString", "coordinates": [[12.87783, 64.39652], [12.87611, 64.39601]]}, "properties": {"P": 56.93, "tau": 136.48, "tau_c": 164.22, "omega": 285.81, "M": 0.83, "D": 0.04, "R": 0.62, "sving": 0.07, "os": 0.93, "foss": 0.72, "juv": 0.0, "B": 0.65, "Q": 24.5, "w": 42.75, "h": 0.27, "S": 0.05083, "elv": "Alma - Aallejejohke", "km": 9.6}}, {"type": "Feature", "geometry": {"type": "LineString", "coordinates": [[12.87611, 64.39601], [12.87427, 64.39562]]}, "properties": {"P": 57.54, "tau": 117.53, "tau_c": 147.43, "omega": 230.79, "M": 0.8, "D": 0.1, "R": 0.57, "sving": 0.08, "os": 0.65, "foss": 1.0, "juv": 0.0, "B": 0.65, "Q": 24.55, "w": 42.75, "h": 0.29, "S": 0.04097, "elv": "Alma - Aallejejohke", "km": 9.7}}, {"type": "Feature", "geometry": {"type": "LineString", "coordinates": [[12.87427, 64.39562], [12.87238, 64.39525]]}, "properties": {"P": 46.08, "tau": 104.27, "tau_c": 135.3, "omega": 194.45, "M": 0.77, "D": 0.15, "R": 0.54, "sving": 0.05, "os": 0.39, "foss": 0.72, "juv": 0.0, "B": 0.65, "Q": 24.56, "w": 42.75, "h": 0.31, "S": 0.0345, "elv": "Alma - Aallejejohke", "km": 9.8}}, {"type": "Feature", "geometry": {"type": "LineString", "coordinates": [[12.87238, 64.39525], [12.87063, 64.39478]]}, "properties": {"P": 40.79, "tau": 82.57, "tau_c": 110.92, "omega": 140.46, "M": 0.74, "D": 0.2, "R": 0.51, "sving": 0.15, "os": 0.24, "foss": 0.51, "juv": 0.0, "B": 0.65, "Q": 24.6, "w": 39.84, "h": 0.36, "S": 0.02319, "elv": "Alma - Aallejejohke", "km": 9.9}}, {"type": "Feature", "geometry": {"type": "LineString", "coordinates": [[12.87063, 64.39478], [12.86907, 64.39419]]}, "properties": {"P": 50.5, "tau": 83.78, "tau_c": 110.92, "omega": 143.86, "M": 0.76, "D": 0.2, "R": 0.52, "sving": 0.2, "os": 0.15, "foss": 1.0, "juv": 0.0, "B": 0.65, "Q": 24.61, "w": 38.92, "h": 0.37, "S": 0.02319, "elv": "Alma - Aallejejohke", "km": 10.0}}, {"type": "Feature", "geometry": {"type": "LineString", "coordinates": [[12.86907, 64.39419], [12.86772, 64.39352]]}, "properties": {"P": 39.57, "tau": 57.92, "tau_c": 85.13, "omega": 84.74, "M": 0.68, "D": 0.25, "R": 0.42, "sving": 0.11, "os": 0.09, "foss": 0.72, "juv": 0.0, "B": 0.65, "Q": 24.63, "w": 38.94, "h": 0.43, "S": 0.01366, "elv": "Alma - Aallejejohke", "km": 10.1}}, {"type": "Feature", "geometry": {"type": "LineString", "coordinates": [[12.86772, 64.39352], [12.86652, 64.3928]]}, "properties": {"P": 33.53, "tau": 45.2, "tau_c": 71.25, "omega": 59.39, "M": 0.63, "D": 0.3, "R": 0.36, "sving": 0.09, "os": 0.06, "foss": 0.51, "juv": 0.0, "B": 0.65, "Q": 24.64, "w": 38.94, "h": 0.48, "S": 0.00957, "elv": "Alma - Aallejejohke", "km": 10.2}}, {"type": "Feature", "geometry": {"type": "LineString", "coordinates": [[12.86652, 64.3928], [12.86514, 64.39213]]}, "properties": {"P": 28.71, "tau": 44.57, "tau_c": 71.25, "omega": 58.05, "M": 0.63, "D": 0.27, "R": 0.35, "sving": 0.03, "os": 0.07, "foss": 0.37, "juv": 0.0, "B": 0.65, "Q": 24.66, "w": 39.88, "h": 0.47, "S": 0.00957, "elv": "Alma - Aallejejohke", "km": 10.3}}, {"type": "Feature", "geometry": {"type": "LineString", "coordinates": [[12.86514, 64.39213], [12.86394, 64.39141]]}, "properties": {"P": 12.38, "tau": 12.96, "tau_c": 30.3, "omega": 9.78, "M": 0.43, "D": 0.17, "R": 0.11, "sving": 0.1, "os": 0.1, "foss": 0.0, "juv": 0.0, "B": 0.65, "Q": 24.67, "w": 42.82, "h": 0.76, "S": 0.00173, "elv": "Alma - Aallejejohke", "km": 10.4}}, {"type": "Feature", "geometry": {"type": "LineString", "coordinates": [[12.86394, 64.39141], [12.86246, 64.39079]]}, "properties": {"P": 13.11, "tau": 35.3, "tau_c": 62.79, "omega": 41.09, "M": 0.56, "D": 0.05, "R": 0.26, "sving": 0.03, "os": 0.11, "foss": 0.0, "juv": 0.0, "B": 0.65, "Q": 24.68, "w": 43.77, "h": 0.48, "S": 0.00743, "elv": "Alma - Aallejejohke", "km": 10.5}}, {"type": "Feature", "geometry": {"type": "LineString", "coordinates": [[12.86246, 64.39079], [12.86088, 64.39022]]}, "properties": {"P": 16.98, "tau": 60.96, "tau_c": 93.09, "omega": 89.86, "M": 0.65, "D": 0.0, "R": 0.39, "sving": 0.07, "os": 0.12, "foss": 0.0, "juv": 0.0, "B": 0.65, "Q": 24.68, "w": 44.01, "h": 0.38, "S": 0.01633, "elv": "Alma - Aallejejohke", "km": 10.6}}, {"type": "Feature", "geometry": {"type": "LineString", "coordinates": [[12.86088, 64.39022], [12.85937, 64.38961]]}, "properties": {"P": 39.1, "tau": 75.28, "tau_c": 109.51, "omega": 121.19, "M": 0.69, "D": 0.0, "R": 0.43, "sving": 0.01, "os": 0.19, "foss": 1.0, "juv": 0.0, "B": 0.65, "Q": 24.7, "w": 45.2, "h": 0.34, "S": 0.0226, "elv": "Alma - Aallejejohke", "km": 10.7}}, {"type": "Feature", "geometry": {"type": "LineString", "coordinates": [[12.85937, 64.38961], [12.85787, 64.38899]]}, "properties": {"P": 43.24, "tau": 81.47, "tau_c": 113.57, "omega": 136.57, "M": 0.72, "D": 0.0, "R": 0.47, "sving": 0.02, "os": 0.31, "foss": 1.0, "juv": 0.0, "B": 0.65, "Q": 26.03, "w": 45.44, "h": 0.34, "S": 0.02431, "elv": "Alma - Aallejejohke", "km": 10.8}}, {"type": "Feature", "geometry": {"type": "LineString", "coordinates": [[12.85787, 64.38899], [12.85644, 64.38834]]}, "properties": {"P": 48.25, "tau": 87.98, "tau_c": 120.26, "omega": 152.39, "M": 0.73, "D": 0.01, "R": 0.49, "sving": 0.02, "os": 0.52, "foss": 1.0, "juv": 0.0, "B": 0.65, "Q": 26.04, "w": 45.69, "h": 0.33, "S": 0.02726, "elv": "Alma - Aallejejohke", "km": 10.9}}, {"type": "Feature", "geometry": {"type": "LineString", "coordinates": [[12.85644, 64.38834], [12.85484, 64.38782]]}, "properties": {"P": 56.55, "tau": 92.57, "tau_c": 124.99, "omega": 163.8, "M": 0.74, "D": 0.06, "R": 0.5, "sving": 0.28, "os": 0.85, "foss": 0.72, "juv": 0.0, "B": 0.65, "Q": 26.05, "w": 45.94, "h": 0.32, "S": 0.02944, "elv": "Alma - Aallejejohke", "km": 11.0}}, {"type": "Feature", "geometry": {"type": "LineString", "coordinates": [[12.85484, 64.38782], [12.85331, 64.38725]]}, "properties": {"P": 50.55, "tau": 77.67, "tau_c": 110.22, "omega": 127.39, "M": 0.7, "D": 0.13, "R": 0.45, "sving": 0.3, "os": 0.73, "foss": 0.51, "juv": 0.0, "B": 0.65, "Q": 26.06, "w": 45.95, "h": 0.35, "S": 0.0229, "elv": "Alma - Aallejejohke", "km": 11.1}}, {"type": "Feature", "geometry": {"type": "LineString", "coordinates": [[12.85331, 64.38725], [12.85321, 64.38638]]}, "properties": {"P": 36.23, "tau": 57.66, "tau_c": 89.01, "omega": 83.16, "M": 0.65, "D": 0.12, "R": 0.38, "sving": 0.16, "os": 0.45, "foss": 0.37, "juv": 0.0, "B": 0.65, "Q": 26.1, "w": 45.97, "h": 0.39, "S": 0.01493, "elv": "Alma - Aallejejohke", "km": 11.2}}, {"type": "Feature", "geometry": {"type": "LineString", "coordinates": [[12.85321, 64.38638], [12.85328, 64.3855]]}, "properties": {"P": 22.73, "tau": 58.18, "tau_c": 89.59, "omega": 84.23, "M": 0.65, "D": 0.07, "R": 0.38, "sving": 0.08, "os": 0.31, "foss": 0.0, "juv": 0.0, "B": 0.65, "Q": 26.11, "w": 45.99, "h": 0.39, "S": 0.01513, "elv": "Alma - Aallejejohke", "km": 11.3}}, {"type": "Feature", "geometry": {"type": "LineString", "coordinates": [[12.85328, 64.3855], [12.85236, 64.38473]]}, "properties": {"P": 22.26, "tau": 82.02, "tau_c": 114.51, "omega": 137.77, "M": 0.72, "D": 0.0, "R": 0.47, "sving": 0.11, "os": 0.2, "foss": 0.0, "juv": 0.0, "B": 0.65, "Q": 26.15, "w": 46.02, "h": 0.34, "S": 0.02471, "elv": "Alma - Aallejejohke", "km": 11.4}}, {"type": "Feature", "geometry": {"type": "LineString", "coordinates": [[12.85236, 64.38473], [12.85115, 64.38403]]}, "properties": {"P": 47.05, "tau": 100.42, "tau_c": 128.25, "omega": 185.81, "M": 0.78, "D": 0.0, "R": 0.56, "sving": 0.25, "os": 0.12, "foss": 1.0, "juv": 0.0, "B": 0.65, "Q": 26.16, "w": 42.82, "h": 0.33, "S": 0.031, "elv": "Alma - Aallejejohke", "km": 11.5}}, {"type": "Feature", "geometry": {"type": "LineString", "coordinates": [[12.85115, 64.38403], [12.85046, 64.38319]]}, "properties": {"P": 44.32, "tau": 99.12, "tau_c": 127.02, "omega": 182.39, "M": 0.78, "D": 0.0, "R": 0.55, "sving": 0.17, "os": 0.08, "foss": 1.0, "juv": 0.0, "B": 0.65, "Q": 26.2, "w": 42.86, "h": 0.33, "S": 0.03041, "elv": "Alma - Aallejejohke", "km": 11.6}}, {"type": "Feature", "geometry": {"type": "LineString", "coordinates": [[12.85046, 64.38319], [12.84929, 64.38248]]}, "properties": {"P": 43.7, "tau": 98.87, "tau_c": 125.17, "omega": 182.42, "M": 0.79, "D": 0.0, "R": 0.56, "sving": 0.19, "os": 0.0, "foss": 1.0, "juv": 0.0, "B": 0.65, "Q": 26.23, "w": 41.65, "h": 0.34, "S": 0.02953, "elv": "Alma - Aallejejohke", "km": 11.7}}, {"type": "Feature", "geometry": {"type": "LineString", "coordinates": [[12.84929, 64.38248], [12.84922, 64.38166]]}, "properties": {"P": 37.61, "tau": 137.98, "tau_c": 158.73, "omega": 294.12, "M": 0.87, "D": 0.0, "R": 0.66, "sving": 0.02, "os": 0.0, "foss": 0.72, "juv": 0.0, "B": 0.65, "Q": 26.32, "w": 41.69, "h": 0.3, "S": 0.04749, "elv": "Alma - Aallejejohke", "km": 11.8}}, {"type": "Feature", "geometry": {"type": "LineString", "coordinates": [[12.84922, 64.38166], [12.84734, 64.38131]]}, "properties": {"P": 35.53, "tau": 141.07, "tau_c": 161.26, "omega": 303.6, "M": 0.87, "D": 0.03, "R": 0.67, "sving": 0.07, "os": 0.0, "foss": 0.51, "juv": 0.0, "B": 0.65, "Q": 26.34, "w": 41.72, "h": 0.29, "S": 0.04902, "elv": "Alma - Aallejejohke", "km": 11.9}}, {"type": "Feature", "geometry": {"type": "LineString", "coordinates": [[12.84734, 64.38131], [12.84661, 64.38052]]}, "properties": {"P": 49.15, "tau": 121.11, "tau_c": 141.47, "omega": 245.56, "M": 0.86, "D": 0.03, "R": 0.65, "sving": 0.23, "os": 0.05, "foss": 1.0, "juv": 0.0, "B": 0.65, "Q": 26.36, "w": 39.72, "h": 0.33, "S": 0.03772, "elv": "Alma - Aallejejohke", "km": 12.0}}, {"type": "Feature", "geometry": {"type": "LineString", "coordinates": [[12.84661, 64.38052], [12.84573, 64.37971]]}, "properties": {"P": 44.84, "tau": 112.31, "tau_c": 133.97, "omega": 220.41, "M": 0.84, "D": 0.03, "R": 0.62, "sving": 0.02, "os": 0.09, "foss": 1.0, "juv": 0.0, "B": 0.65, "Q": 26.39, "w": 39.74, "h": 0.34, "S": 0.03383, "elv": "Alma - Aallejejohke", "km": 12.1}}, {"type": "Feature", "geometry": {"type": "LineString", "coordinates": [[12.84573, 64.37971], [12.84452, 64.37902]]}, "properties": {"P": 44.16, "tau": 141.26, "tau_c": 154.33, "omega": 308.17, "M": 0.92, "D": 0.0, "R": 0.71, "sving": 0.11, "os": 0.14, "foss": 0.72, "juv": 0.0, "B": 0.65, "Q": 26.41, "w": 37.74, "h": 0.32, "S": 0.04489, "elv": "Alma - Aallejejohke", "km": 12.2}}, {"type": "Feature", "geometry": {"type": "LineString", "coordinates": [[12.84452, 64.37902], [12.84271, 64.37862]]}, "properties": {"P": 52.69, "tau": 148.5, "tau_c": 157.59, "omega": 332.45, "M": 0.94, "D": 0.07, "R": 0.74, "sving": 0.02, "os": 0.23, "foss": 1.0, "juv": 0.0, "B": 0.65, "Q": 26.43, "w": 36.5, "h": 0.32, "S": 0.04681, "elv": "Alma - Aallejejohke", "km": 12.3}}, {"type": "Feature", "geometry": {"type": "LineString", "coordinates": [[12.84271, 64.37862], [12.84142, 64.37792]]}, "properties": {"P": 57.22, "tau": 107.8, "tau_c": 123.45, "omega": 211.04, "M": 0.87, "D": 0.13, "R": 0.67, "sving": 0.15, "os": 0.35, "foss": 1.0, "juv": 0.0, "B": 0.65, "Q": 27.49, "w": 36.7, "h": 0.38, "S": 0.02872, "elv": "Alma - Aallejejohke", "km": 12.4}}, {"type": "Feature", "geometry": {"type": "LineString", "coordinates": [[12.84142, 64.37792], [12.84044, 64.37714]]}, "properties": {"P": 51.72, "tau": 83.31, "tau_c": 107.3, "omega": 144.06, "M": 0.78, "D": 0.17, "R": 0.55, "sving": 0.1, "os": 0.56, "foss": 0.72, "juv": 0.0, "B": 0.65, "Q": 27.54, "w": 40.7, "h": 0.39, "S": 0.0217, "elv": "Alma - Aallejejohke", "km": 12.5}}, {"type": "Feature", "geometry": {"type": "LineString", "coordinates": [[12.84044, 64.37714], [12.83997, 64.37636]]}, "properties": {"P": 53.31, "tau": 102.74, "tau_c": 124.95, "omega": 194.43, "M": 0.82, "D": 0.13, "R": 0.61, "sving": 0.04, "os": 0.86, "foss": 0.51, "juv": 0.0, "B": 0.65, "Q": 27.57, "w": 40.93, "h": 0.36, "S": 0.02942, "elv": "Alma - Aallejejohke", "km": 12.6}}, {"type": "Feature", "geometry": {"type": "LineString", "coordinates": [[12.83997, 64.37636], [12.83846, 64.37575]]}, "properties": {"P": 46.47, "tau": 85.06, "tau_c": 113.03, "omega": 146.87, "M": 0.75, "D": 0.13, "R": 0.52, "sving": 0.16, "os": 0.7, "foss": 0.37, "juv": 0.0, "B": 0.65, "Q": 27.62, "w": 44.42, "h": 0.36, "S": 0.02408, "elv": "Alma - Aallejejohke", "km": 12.7}}, {"type": "Feature", "geometry": {"type": "LineString", "coordinates": [[12.83846, 64.37575], [12.83736, 64.37503]]}, "properties": {"P": 53.25, "tau": 68.22, "tau_c": 96.35, "omega": 107.11, "M": 0.71, "D": 0.14, "R": 0.46, "sving": 0.22, "os": 0.43, "foss": 1.0, "juv": 0.0, "B": 0.65, "Q": 27.72, "w": 44.42, "h": 0.4, "S": 0.0175, "elv": "Alma - Aallejejohke", "km": 12.8}}, {"type": "Feature", "geometry": {"type": "LineString", "coordinates": [[12.83736, 64.37503], [12.83574, 64.3745]]}, "properties": {"P": 46.29, "tau": 66.23, "tau_c": 90.92, "omega": 103.73, "M": 0.73, "D": 0.11, "R": 0.48, "sving": 0.14, "os": 0.44, "foss": 0.72, "juv": 0.0, "B": 0.65, "Q": 27.8, "w": 40.97, "h": 0.43, "S": 0.01558, "elv": "Alma - Aallejejohke", "km": 12.9}}, {"type": "Feature", "geometry": {"type": "LineString", "coordinates": [[12.83574, 64.3745], [12.8342, 64.37389]]}, "properties": {"P": 56.82, "tau": 63.93, "tau_c": 88.52, "omega": 98.64, "M": 0.72, "D": 0.05, "R": 0.48, "sving": 0.19, "os": 0.71, "foss": 1.0, "juv": 0.0, "B": 0.65, "Q": 27.89, "w": 40.97, "h": 0.44, "S": 0.01477, "elv": "Alma - Aallejejohke", "km": 13.0}}, {"type": "Feature", "geometry": {"type": "LineString", "coordinates": [[12.8342, 64.37389], [12.83232, 64.37356]]}, "properties": {"P": 52.49, "tau": 75.68, "tau_c": 96.06, "omega": 127.0, "M": 0.79, "D": 0.01, "R": 0.56, "sving": 0.06, "os": 0.83, "foss": 0.72, "juv": 0.0, "B": 0.65, "Q": 27.91, "w": 37.49, "h": 0.44, "S": 0.01739, "elv": "Alma - Aallejejohke", "km": 13.1}}, {"type": "Feature", "geometry": {"type": "LineString", "coordinates": [[12.83232, 64.37356], [12.83051, 64.37314]]}, "properties": {"P": 44.75, "tau": 61.15, "tau_c": 74.63, "omega": 95.85, "M": 0.82, "D": 0.05, "R": 0.6, "sving": 0.03, "os": 0.51, "foss": 0.51, "juv": 0.07, "B": 0.65, "Q": 27.92, "w": 30.0, "h": 0.59, "S": 0.0105, "elv": "Alma - Aallejejohke", "km": 13.2}}, {"type": "Feature", "geometry": {"type": "LineString", "coordinates": [[12.83051, 64.37314], [12.82868, 64.37272]]}, "properties": {"P": 43.39, "tau": 72.41, "tau_c": 78.87, "omega": 124.0, "M": 0.92, "D": 0.04, "R": 0.72, "sving": 0.12, "os": 0.32, "foss": 0.37, "juv": 0.07, "B": 0.66, "Q": 28.03, "w": 26.0, "h": 0.63, "S": 0.01173, "elv": "Alma - Aallejejohke", "km": 13.3}}, {"type": "Feature", "geometry": {"type": "LineString", "coordinates": [[12.82868, 64.37272], [12.82705, 64.37218]]}, "properties": {"P": 34.76, "tau": 53.64, "tau_c": 63.54, "omega": 80.48, "M": 0.84, "D": 0.04, "R": 0.63, "sving": 0.01, "os": 0.51, "foss": 0.0, "juv": 0.07, "B": 0.66, "Q": 28.04, "w": 26.0, "h": 0.72, "S": 0.00761, "elv": "Alma - Aallejejohke", "km": 13.4}}, {"type": "Feature", "geometry": {"type": "LineString", "coordinates": [[12.82705, 64.37218], [12.82549, 64.3716]]}, "properties": {"P": 48.17, "tau": 70.51, "tau_c": 68.53, "omega": 121.81, "M": 1.03, "D": 0.0, "R": 0.82, "sving": 0.05, "os": 0.82, "foss": 0.0, "juv": 0.15, "B": 0.66, "Q": 28.06, "w": 20.0, "h": 0.81, "S": 0.00885, "elv": "Alma - Aallejejohke", "km": 13.5}}, {"type": "Feature", "geometry": {"type": "LineString", "coordinates": [[12.82549, 64.3716], [12.82364, 64.3712]]}, "properties": {"P": 47.11, "tau": 76.07, "tau_c": 72.39, "omega": 135.95, "M": 1.05, "D": 0.06, "R": 0.84, "sving": 0.01, "os": 0.71, "foss": 0.0, "juv": 0.15, "B": 0.66, "Q": 28.06, "w": 20.0, "h": 0.79, "S": 0.00988, "elv": "Alma - Aallejejohke", "km": 13.6}}, {"type": "Feature", "geometry": {"type": "LineString", "coordinates": [[12.82364, 64.3712], [12.82196, 64.37068]]}, "properties": {"P": 38.88, "tau": 52.89, "tau_c": 58.14, "omega": 79.88, "M": 0.91, "D": 0.16, "R": 0.71, "sving": 0.01, "os": 0.43, "foss": 0.0, "juv": 0.07, "B": 0.66, "Q": 28.12, "w": 22.0, "h": 0.85, "S": 0.00637, "elv": "Alma - Aallejejohke", "km": 13.7}}, {"type": "Feature", "geometry": {"type": "LineString", "coordinates": [[12.82196, 64.37068], [12.82029, 64.37015]]}, "properties": {"P": 35.42, "tau": 45.43, "tau_c": 56.27, "omega": 63.35, "M": 0.81, "D": 0.26, "R": 0.59, "sving": 0.08, "os": 0.26, "foss": 0.0, "juv": 0.07, "B": 0.66, "Q": 28.13, "w": 26.0, "h": 0.78, "S": 0.00597, "elv": "Alma - Aallejejohke", "km": 13.8}}, {"type": "Feature", "geometry": {"type": "LineString", "coordinates": [[12.82029, 64.37015], [12.81867, 64.36959]]}, "properties": {"P": 28.37, "tau": 36.96, "tau_c": 50.15, "omega": 46.78, "M": 0.74, "D": 0.21, "R": 0.5, "sving": 0.07, "os": 0.16, "foss": 0.0, "juv": 0.07, "B": 0.66, "Q": 28.16, "w": 28.0, "h": 0.79, "S": 0.00474, "elv": "Alma - Aallejejohke", "km": 13.9}}, {"type": "Feature", "geometry": {"type": "LineString", "coordinates": [[12.81867, 64.36959], [12.81705, 64.36903]]}, "properties": {"P": 21.34, "tau": 22.74, "tau_c": 38.59, "omega": 22.83, "M": 0.59, "D": 0.1, "R": 0.3, "sving": 0.31, "os": 0.1, "foss": 0.0, "juv": 0.0, "B": 0.66, "Q": 28.19, "w": 34.0, "h": 0.83, "S": 0.00281, "elv": "Alma - Aallejejohke", "km": 14.0}}, {"type": "Feature", "geometry": {"type": "LineString", "coordinates": [[12.81705, 64.36903], [12.81518, 64.36864]]}, "properties": {"P": 27.19, "tau": 59.79, "tau_c": 80.82, "omega": 90.67, "M": 0.74, "D": 0.0, "R": 0.5, "sving": 0.43, "os": 0.06, "foss": 0.0, "juv": 0.0, "B": 0.66, "Q": 28.2, "w": 37.57, "h": 0.5, "S": 0.01231, "elv": "Alma - Aallejejohke", "km": 14.1}}, {"type": "Feature", "geometry": {"type": "LineString", "coordinates": [[12.81518, 64.36864], [12.81332, 64.3688]]}, "properties": {"P": 22.83, "tau": 64.87, "tau_c": 83.6, "omega": 102.58, "M": 0.78, "D": 0.0, "R": 0.55, "sving": 0.15, "os": 0.0, "foss": 0.0, "juv": 0.07, "B": 0.66, "Q": 28.24, "w": 35.57, "h": 0.5, "S": 0.01317, "elv": "Alma - Aallejejohke", "km": 14.2}}, {"type": "Feature", "geometry": {"type": "LineString", "coordinates": [[12.81332, 64.3688], [12.81162, 64.36917]]}, "properties": {"P": 46.18, "tau": 72.42, "tau_c": 83.3, "omega": 122.59, "M": 0.87, "D": 0.0, "R": 0.66, "sving": 0.04, "os": 0.0, "foss": 1.0, "juv": 0.15, "B": 0.66, "Q": 28.25, "w": 29.57, "h": 0.56, "S": 0.01308, "elv": "Alma - Aallejejohke", "km": 14.3}}, {"type": "Feature", "geometry": {"type": "LineString", "coordinates": [[12.81162, 64.36917], [12.80963, 64.36893]]}, "properties": {"P": 49.3, "tau": 96.51, "tau_c": 95.83, "omega": 188.07, "M": 1.01, "D": 0.0, "R": 0.8, "sving": 0.24, "os": 0.0, "foss": 0.72, "juv": 0.15, "B": 0.66, "Q": 28.32, "w": 25.57, "h": 0.57, "S": 0.01731, "elv": "Alma - Aallejejohke", "km": 14.4}}, {"type": "Feature", "geometry": {"type": "LineString", "coordinates": [[12.80963, 64.36893], [12.80768, 64.36863]]}, "properties": {"P": 50.07, "tau": 122.59, "tau_c": 100.75, "omega": 271.7, "M": 1.22, "D": 0.0, "R": 0.94, "sving": 0.2, "os": 0.0, "foss": 0.51, "juv": 0.22, "B": 0.66, "Q": 28.32, "w": 19.57, "h": 0.65, "S": 0.01913, "elv": "Alma - Aallejejohke", "km": 14.5}}, {"type": "Feature", "geometry": {"type": "LineString", "coordinates": [[12.80768, 64.36863], [12.80583, 64.36825]]}, "properties": {"P": 46.54, "tau": 161.83, "tau_c": 105.15, "omega": 413.61, "M": 1.54, "D": 0.04, "R": 1.0, "sving": 0.02, "os": 0.0, "foss": 0.37, "juv": 0.22, "B": 0.66, "Q": 28.33, "w": 14.0, "h": 0.79, "S": 0.02084, "elv": "Alma - Aallejejohke", "km": 14.6}}, {"type": "Feature", "geometry": {"type": "LineString", "coordinates": [[12.80583, 64.36825], [12.80376, 64.36819]]}, "properties": {"P": 40.38, "tau": 100.32, "tau_c": 79.22, "omega": 205.5, "M": 1.27, "D": 0.16, "R": 0.96, "sving": 0.05, "os": 0.0, "foss": 0.0, "juv": 0.15, "B": 0.66, "Q": 28.33, "w": 16.0, "h": 0.86, "S": 0.01183, "elv": "Alma - Aallejejohke", "km": 14.7}}, {"type": "Feature", "geometry": {"type": "LineString", "coordinates": [[12.80376, 64.36819], [12.8018, 64.3679]]}, "properties": {"P": 39.24, "tau": 84.63, "tau_c": 74.08, "omega": 159.76, "M": 1.14, "D": 0.24, "R": 0.9, "sving": 0.03, "os": 0.0, "foss": 0.0, "juv": 0.07, "B": 0.66, "Q": 28.34, "w": 18.0, "h": 0.83, "S": 0.01034, "elv": "Alma - Aallejejohke", "km": 14.8}}, {"type": "Feature", "geometry": {"type": "LineString", "coordinates": [[12.8018, 64.3679], [12.79979, 64.36772]]}, "properties": {"P": 41.87, "tau": 79.36, "tau_c": 74.3, "omega": 144.68, "M": 1.07, "D": 0.3, "R": 0.85, "sving": 0.16, "os": 0.0, "foss": 0.0, "juv": 0.07, "B": 0.66, "Q": 28.35, "w": 20.0, "h": 0.78, "S": 0.01041, "elv": "Alma - Aallejejohke", "km": 14.9}}, {"type": "Feature", "geometry": {"type": "LineString", "coordinates": [[12.79979, 64.36772], [12.79789, 64.36739]]}, "properties": {"P": 31.19, "tau": 49.58, "tau_c": 59.73, "omega": 71.93, "M": 0.83, "D": 0.31, "R": 0.61, "sving": 0.02, "os": 0.05, "foss": 0.0, "juv": 0.0, "B": 0.66, "Q": 28.36, "w": 26.0, "h": 0.75, "S": 0.00672, "elv": "Alma - Aallejejohke", "km": 15.0}}, {"type": "Feature", "geometry": {"type": "LineString", "coordinates": [[12.79789, 64.36739], [12.79607, 64.36696]]}, "properties": {"P": 32.7, "tau": 39.78, "tau_c": 52.71, "omega": 52.04, "M": 0.75, "D": 0.31, "R": 0.52, "sving": 0.23, "os": 0.07, "foss": 0.0, "juv": 0.0, "B": 0.66, "Q": 28.37, "w": 28.0, "h": 0.77, "S": 0.00524, "elv": "Alma - Aallejejohke", "km": 15.1}}, {"type": "Feature", "geometry": {"type": "LineString", "coordinates": [[12.79607, 64.36696], [12.79415, 64.36663]]}, "properties": {"P": 27.49, "tau": 32.52, "tau_c": 48.43, "omega": 38.47, "M": 0.67, "D": 0.28, "R": 0.41, "sving": 0.2, "os": 0.07, "foss": 0.0, "juv": 0.0, "B": 0.66, "Q": 28.39, "w": 32.0, "h": 0.75, "S": 0.00442, "elv": "Alma - Aallejejohke", "km": 15.2}}, {"type": "Feature", "geometry": {"type": "LineString", "coordinates": [[12.79415, 64.36663], [12.79279, 64.366]]}, "properties": {"P": 17.58, "tau": 26.94, "tau_c": 43.47, "omega": 29.17, "M": 0.62, "D": 0.16, "R": 0.34, "sving": 0.0, "os": 0.08, "foss": 0.0, "juv": 0.0, "B": 0.66, "Q": 28.39, "w": 34.0, "h": 0.77, "S": 0.00356, "elv": "Alma - Aallejejohke", "km": 15.3}}, {"type": "Feature", "geometry": {"type": "LineString", "coordinates": [[12.79279, 64.366], [12.79157, 64.36529]]}, "properties": {"P": 17.65, "tau": 27.07, "tau_c": 43.61, "omega": 29.37, "M": 0.62, "D": 0.07, "R": 0.34, "sving": 0.14, "os": 0.06, "foss": 0.0, "juv": 0.0, "B": 0.66, "Q": 28.4, "w": 34.0, "h": 0.77, "S": 0.00358, "elv": "Alma - Aallejejohke", "km": 15.4}}, {"type": "Feature", "geometry": {"type": "LineString", "coordinates": [[12.79157, 64.36529], [12.78984, 64.36487]]}, "properties": {"P": 19.42, "tau": 31.41, "tau_c": 45.85, "omega": 36.81, "M": 0.69, "D": 0.01, "R": 0.43, "sving": 0.22, "os": 0.0, "foss": 0.0, "juv": 0.0, "B": 0.66, "Q": 28.41, "w": 30.0, "h": 0.81, "S": 0.00396, "elv": "Alma - Aallejejohke", "km": 15.5}}, {"type": "Feature", "geometry": {"type": "LineString", "coordinates": [[12.78984, 64.36487], [12.78777, 64.36487]]}, "properties": {"P": 18.73, "tau": 28.09, "tau_c": 43.57, "omega": 31.16, "M": 0.64, "D": 0.03, "R": 0.37, "sving": 0.24, "os": 0.0, "foss": 0.0, "juv": 0.0, "B": 0.66, "Q": 28.41, "w": 32.0, "h": 0.8, "S": 0.00358, "elv": "Alma - Aallejejohke", "km": 15.6}}, {"type": "Feature", "geometry": {"type": "LineString", "coordinates": [[12.78777, 64.36487], [12.78577, 64.36466]]}, "properties": {"P": 17.67, "tau": 26.73, "tau_c": 42.02, "omega": 29.0, "M": 0.64, "D": 0.08, "R": 0.36, "sving": 0.16, "os": 0.0, "foss": 0.0, "juv": 0.0, "B": 0.66, "Q": 28.42, "w": 32.0, "h": 0.82, "S": 0.00333, "elv": "Alma - Aallejejohke", "km": 15.7}}, {"type": "Feature", "geometry": {"type": "LineString", "coordinates": [[12.78577, 64.36466], [12.78377, 64.36442]]}, "properties": {"P": 14.33, "tau": 25.85, "tau_c": 43.1, "omega": 27.36, "M": 0.6, "D": 0.09, "R": 0.31, "sving": 0.05, "os": 0.0, "foss": 0.0, "juv": 0.0, "B": 0.66, "Q": 28.42, "w": 35.69, "h": 0.75, "S": 0.0035, "elv": "Alma - Aallejejohke", "km": 15.8}}, {"type": "Feature", "geometry": {"type": "LineString", "coordinates": [[12.78377, 64.36442], [12.78172, 64.36433]]}, "properties": {"P": 12.43, "tau": 20.81, "tau_c": 37.49, "omega": 19.97, "M": 0.56, "D": 0.06, "R": 0.25, "sving": 0.1, "os": 0.0, "foss": 0.0, "juv": 0.0, "B": 0.66, "Q": 28.96, "w": 37.69, "h": 0.8, "S": 0.00265, "elv": "Alma - Aallejejohke", "km": 15.9}}, {"type": "Feature", "geometry": {"type": "LineString", "coordinates": [[12.78172, 64.36433], [12.77967, 64.3642]]}, "properties": {"P": 11.61, "tau": 24.5, "tau_c": 44.89, "omega": 24.88, "M": 0.55, "D": 0.02, "R": 0.24, "sving": 0.14, "os": 0.0, "foss": 0.0, "juv": 0.0, "B": 0.66, "Q": 28.97, "w": 43.38, "h": 0.66, "S": 0.0038, "elv": "Alma - Aallejejohke", "km": 16.0}}, {"type": "Feature", "geometry": {"type": "LineString", "coordinates": [[12.77967, 64.3642], [12.7779, 64.36379]]}, "properties": {"P": 9.39, "tau": 28.76, "tau_c": 51.22, "omega": 31.18, "M": 0.56, "D": 0.0, "R": 0.26, "sving": 0.02, "os": 0.0, "foss": 0.0, "juv": 0.0, "B": 0.66, "Q": 28.97, "w": 45.07, "h": 0.59, "S": 0.00494, "elv": "Alma - Aallejejohke", "km": 16.1}}, {"type": "Feature", "geometry": {"type": "LineString", "coordinates": [[12.7779, 64.36379], [12.77623, 64.36325]]}, "properties": {"P": 9.31, "tau": 29.92, "tau_c": 52.68, "omega": 32.99, "M": 0.57, "D": 0.0, "R": 0.27, "sving": 0.0, "os": 0.0, "foss": 0.0, "juv": 0.0, "B": 0.66, "Q": 28.98, "w": 45.07, "h": 0.58, "S": 0.00523, "elv": "Alma - Aallejejohke", "km": 16.2}}, {"type": "Feature", "geometry": {"type": "LineString", "coordinates": [[12.77623, 64.36325], [12.77427, 64.36313]]}, "properties": {"P": 14.58, "tau": 35.28, "tau_c": 58.3, "omega": 41.98, "M": 0.61, "D": 0.0, "R": 0.32, "sving": 0.18, "os": 0.0, "foss": 0.0, "juv": 0.0, "B": 0.66, "Q": 28.98, "w": 43.38, "h": 0.56, "S": 0.00641, "elv": "Alma - Aallejejohke", "km": 16.3}}, {"type": "Feature", "geometry": {"type": "LineString", "coordinates": [[12.61009, 64.55298], [12.60968, 64.55384]]}, "properties": {"P": 28.42, "tau": 72.26, "tau_c": 218.29, "omega": 89.66, "M": 0.33, "D": 0.01, "R": 0.04, "sving": 0.43, "os": 1.0, "foss": 0.0, "juv": 0.0, "B": 0.6, "Q": 0.85, "w": 8.31, "h": 0.08, "S": 0.08981, "elv": "Storbekken", "km": 0.0}}, {"type": "Feature", "geometry": {"type": "LineString", "coordinates": [[12.60968, 64.55384], [12.60948, 64.5547]]}, "properties": {"P": 43.72, "tau": 74.0, "tau_c": 221.11, "omega": 92.91, "M": 0.33, "D": 0.02, "R": 0.04, "sving": 0.61, "os": 0.61, "foss": 1.0, "juv": 0.0, "B": 0.6, "Q": 0.86, "w": 8.35, "h": 0.08, "S": 0.09215, "elv": "Storbekken", "km": 0.1}}, {"type": "Feature", "geometry": {"type": "LineString", "coordinates": [[12.60948, 64.5547], [12.61021, 64.5555]]}, "properties": {"P": 30.4, "tau": 67.73, "tau_c": 206.77, "omega": 81.93, "M": 0.33, "D": 0.03, "R": 0.04, "sving": 0.12, "os": 0.38, "foss": 1.0, "juv": 0.0, "B": 0.6, "Q": 0.87, "w": 8.39, "h": 0.09, "S": 0.08058, "elv": "Storbekken", "km": 0.2}}, {"type": "Feature", "geometry": {"type": "LineString", "coordinates": [[12.61021, 64.5555], [12.61195, 64.55595]]}, "properties": {"P": 27.72, "tau": 67.16, "tau_c": 204.93, "omega": 81.03, "M": 0.33, "D": 0.02, "R": 0.04, "sving": 0.12, "os": 0.25, "foss": 1.0, "juv": 0.0, "B": 0.6, "Q": 0.88, "w": 8.45, "h": 0.09, "S": 0.07915, "elv": "Storbekken", "km": 0.3}}, {"type": "Feature", "geometry": {"type": "LineString", "coordinates": [[12.61195, 64.55595], [12.61126, 64.55646]]}, "properties": {"P": 27.01, "tau": 67.99, "tau_c": 206.12, "omega": 82.53, "M": 0.33, "D": 0.04, "R": 0.04, "sving": 0.13, "os": 0.18, "foss": 1.0, "juv": 0.0, "B": 0.6, "Q": 0.89, "w": 8.51, "h": 0.09, "S": 0.08008, "elv": "Storbekken", "km": 0.4}}, {"type": "Feature", "geometry": {"type": "LineString", "coordinates": [[12.61126, 64.55646], [12.61051, 64.55719]]}, "properties": {"P": 36.21, "tau": 67.36, "tau_c": 204.17, "omega": 81.52, "M": 0.33, "D": 0.08, "R": 0.04, "sving": 0.58, "os": 0.14, "foss": 1.0, "juv": 0.0, "B": 0.61, "Q": 0.91, "w": 8.57, "h": 0.09, "S": 0.07857, "elv": "Storbekken", "km": 0.5}}, {"type": "Feature", "geometry": {"type": "LineString", "coordinates": [[12.61051, 64.55719], [12.61145, 64.55766]]}, "properties": {"P": 25.37, "tau": 56.84, "tau_c": 180.27, "omega": 63.97, "M": 0.32, "D": 0.18, "R": 0.03, "sving": 0.22, "os": 0.1, "foss": 0.72, "juv": 0.0, "B": 0.61, "Q": 0.92, "w": 8.62, "h": 0.09, "S": 0.06125, "elv": "Storbekken", "km": 0.6}}, {"type": "Feature", "geometry": {"type": "LineString", "coordinates": [[12.61057, 64.55916], [12.61047, 64.56001]]}, "properties": {"P": 90.36, "tau": 271.73, "tau_c": 186.34, "omega": 856.48, "M": 1.46, "D": 0.0, "R": 1.0, "sving": 0.24, "os": 0.0, "foss": 1.0, "juv": 0.0, "B": 0.99, "Q": 44.84, "w": 33.61, "h": 0.42, "S": 0.06544, "elv": "Storbekken", "km": 0.9}}, {"type": "Feature", "geometry": {"type": "LineString", "coordinates": [[12.92067, 64.44045], [12.91874, 64.44072]]}, "properties": {"P": 17.42, "tau": 75.46, "tau_c": 240.39, "omega": 93.28, "M": 0.31, "D": 0.0, "R": 0.03, "sving": 0.29, "os": 0.0, "foss": 1.0, "juv": 0.0, "B": 0.41, "Q": 0.6, "w": 6.88, "h": 0.07, "S": 0.10892, "elv": "bekk", "km": 0.3}}, {"type": "Feature", "geometry": {"type": "LineString", "coordinates": [[12.91874, 64.44072], [12.91681, 64.44093]]}, "properties": {"P": 15.18, "tau": 88.15, "tau_c": 252.46, "omega": 118.9, "M": 0.35, "D": 0.0, "R": 0.05, "sving": 0.05, "os": 0.0, "foss": 1.0, "juv": 0.0, "B": 0.42, "Q": 0.73, "w": 7.25, "h": 0.07, "S": 0.12013, "elv": "bekk", "km": 0.4}}, {"type": "Feature", "geometry": {"type": "LineString", "coordinates": [[12.91681, 64.44093], [12.91485, 64.44112]]}, "properties": {"P": 17.28, "tau": 89.23, "tau_c": 260.23, "omega": 120.28, "M": 0.34, "D": 0.0, "R": 0.05, "sving": 0.21, "os": 0.0, "foss": 1.0, "juv": 0.0, "B": 0.42, "Q": 0.74, "w": 7.68, "h": 0.07, "S": 0.12764, "elv": "bekk", "km": 0.5}}, {"type": "Feature", "geometry": {"type": "LineString", "coordinates": [[12.91485, 64.44112], [12.91284, 64.44089]]}, "properties": {"P": 18.71, "tau": 98.65, "tau_c": 280.78, "omega": 138.77, "M": 0.35, "D": 0.01, "R": 0.05, "sving": 0.31, "os": 0.0, "foss": 1.0, "juv": 0.0, "B": 0.42, "Q": 0.76, "w": 7.94, "h": 0.07, "S": 0.14859, "elv": "bekk", "km": 0.6}}, {"type": "Feature", "geometry": {"type": "LineString", "coordinates": [[12.91284, 64.44089], [12.91084, 64.44066]]}, "properties": {"P": 17.69, "tau": 86.54, "tau_c": 247.4, "omega": 116.22, "M": 0.35, "D": 0.02, "R": 0.05, "sving": 0.2, "os": 0.0, "foss": 1.0, "juv": 0.0, "B": 0.43, "Q": 0.83, "w": 8.07, "h": 0.08, "S": 0.11536, "elv": "bekk", "km": 0.7}}, {"type": "Feature", "geometry": {"type": "LineString", "coordinates": [[12.91084, 64.44066], [12.9091, 64.44018]]}, "properties": {"P": 17.37, "tau": 86.07, "tau_c": 246.86, "omega": 115.27, "M": 0.35, "D": 0.01, "R": 0.05, "sving": 0.18, "os": 0.0, "foss": 1.0, "juv": 0.0, "B": 0.43, "Q": 0.84, "w": 8.2, "h": 0.08, "S": 0.11486, "elv": "bekk", "km": 0.8}}, {"type": "Feature", "geometry": {"type": "LineString", "coordinates": [[12.9091, 64.44018], [12.90713, 64.43991]]}, "properties": {"P": 17.46, "tau": 92.25, "tau_c": 258.04, "omega": 127.56, "M": 0.36, "D": 0.01, "R": 0.06, "sving": 0.18, "os": 0.0, "foss": 1.0, "juv": 0.0, "B": 0.43, "Q": 0.86, "w": 8.33, "h": 0.07, "S": 0.1255, "elv": "bekk", "km": 0.9}}, {"type": "Feature", "geometry": {"type": "LineString", "coordinates": [[12.90713, 64.43991], [12.90565, 64.43932]]}, "properties": {"P": 16.09, "tau": 89.81, "tau_c": 253.92, "omega": 122.63, "M": 0.35, "D": 0.01, "R": 0.06, "sving": 0.09, "os": 0.0, "foss": 1.0, "juv": 0.0, "B": 0.43, "Q": 0.86, "w": 8.39, "h": 0.08, "S": 0.12152, "elv": "bekk", "km": 1.0}}, {"type": "Feature", "geometry": {"type": "LineString", "coordinates": [[12.67697, 64.5716], [12.67697, 64.57073]]}, "properties": {"P": 22.65, "tau": 69.75, "tau_c": 224.99, "omega": 83.69, "M": 0.31, "D": 0.0, "R": 0.03, "sving": 0.06, "os": 0.62, "foss": 1.0, "juv": 0.0, "B": 0.41, "Q": 0.68, "w": 7.57, "h": 0.07, "S": 0.09541, "elv": "bekk", "km": 0.1}}, {"type": "Feature", "geometry": {"type": "LineString", "coordinates": [[12.67697, 64.57073], [12.67635, 64.56988]]}, "properties": {"P": 19.46, "tau": 70.01, "tau_c": 224.99, "omega": 84.23, "M": 0.31, "D": 0.0, "R": 0.03, "sving": 0.05, "os": 0.38, "foss": 1.0, "juv": 0.0, "B": 0.42, "Q": 0.7, "w": 7.75, "h": 0.07, "S": 0.09541, "elv": "bekk", "km": 0.2}}, {"type": "Feature", "geometry": {"type": "LineString", "coordinates": [[12.67635, 64.56988], [12.67625, 64.56902]]}, "properties": {"P": 18.15, "tau": 77.06, "tau_c": 224.99, "omega": 98.74, "M": 0.34, "D": 0.0, "R": 0.05, "sving": 0.02, "os": 0.24, "foss": 1.0, "juv": 0.0, "B": 0.43, "Q": 0.84, "w": 7.93, "h": 0.08, "S": 0.09541, "elv": "bekk", "km": 0.3}}, {"type": "Feature", "geometry": {"type": "LineString", "coordinates": [[12.77086, 64.53231], [12.76931, 64.53179]]}, "properties": {"P": 53.11, "tau": 176.68, "tau_c": 156.01, "omega": 443.99, "M": 1.13, "D": 0.0, "R": 0.9, "sving": 0.18, "os": 0.0, "foss": 0.72, "juv": 0.0, "B": 0.71, "Q": 33.07, "w": 33.52, "h": 0.39, "S": 0.04587, "elv": "bekk", "km": 0.6}}, {"type": "Feature", "geometry": {"type": "LineString", "coordinates": [[12.76931, 64.53179], [12.7675, 64.53143]]}, "properties": {"P": 46.92, "tau": 150.54, "tau_c": 154.26, "omega": 342.91, "M": 0.98, "D": 0.06, "R": 0.77, "sving": 0.22, "os": 0.0, "foss": 0.51, "juv": 0.0, "B": 0.71, "Q": 33.28, "w": 42.71, "h": 0.34, "S": 0.04485, "elv": "bekk", "km": 0.7}}, {"type": "Feature", "geometry": {"type": "LineString", "coordinates": [[12.51563, 64.48129], [12.51708, 64.48175]]}, "properties": {"P": 83.61, "tau": 144.24, "tau_c": 162.85, "omega": 311.71, "M": 0.89, "D": 0.0, "R": 0.68, "sving": 0.13, "os": 0.78, "foss": 1.0, "juv": 0.0, "B": 0.87, "Q": 14.68, "w": 23.09, "h": 0.29, "S": 0.04998, "elv": "bekk", "km": 0.2}}, {"type": "Feature", "geometry": {"type": "LineString", "coordinates": [[12.51407, 64.48218], [12.5159, 64.48181]]}, "properties": {"P": 9.98, "tau": 22.09, "tau_c": 50.43, "omega": 20.18, "M": 0.44, "D": 0.0, "R": 0.12, "sving": 0.0, "os": 0.29, "foss": 0.0, "juv": 0.0, "B": 0.64, "Q": 14.91, "w": 34.75, "h": 0.47, "S": 0.00479, "elv": "bekk", "km": 0.0}}, {"type": "Feature", "geometry": {"type": "LineString", "coordinates": [[12.73541, 64.41395], [12.73375, 64.41433]]}, "properties": {"P": 21.7, "tau": 60.15, "tau_c": 122.28, "omega": 79.37, "M": 0.49, "D": 0.0, "R": 0.18, "sving": 0.46, "os": 0.0, "foss": 0.51, "juv": 0.0, "B": 0.54, "Q": 3.67, "w": 12.77, "h": 0.22, "S": 0.02818, "elv": "bekk", "km": 0.2}}, {"type": "Feature", "geometry": {"type": "LineString", "coordinates": [[12.73375, 64.41433], [12.73174, 64.41431]]}, "properties": {"P": 17.19, "tau": 54.63, "tau_c": 122.28, "omega": 67.96, "M": 0.45, "D": 0.09, "R": 0.13, "sving": 0.3, "os": 0.0, "foss": 0.37, "juv": 0.0, "B": 0.54, "Q": 3.7, "w": 15.04, "h": 0.2, "S": 0.02818, "elv": "bekk", "km": 0.3}}, {"type": "Feature", "geometry": {"type": "LineString", "coordinates": [[12.73174, 64.41431], [12.72972, 64.41429]]}, "properties": {"P": 28.33, "tau": 32.99, "tau_c": 90.51, "omega": 32.43, "M": 0.36, "D": 0.18, "R": 0.06, "sving": 0.26, "os": 0.05, "foss": 1.0, "juv": 0.0, "B": 0.54, "Q": 3.71, "w": 17.31, "h": 0.22, "S": 0.01544, "elv": "bekk", "km": 0.4}}]}