{"type": "FeatureCollection", "features": [{"type": "Feature", "geometry": {"type": "LineString", "coordinates": [[10.18379, 62.65031], [10.18288, 62.6511]]}, "properties": {"P": 16.15, "tau": 28.35, "tau_c": 33.38, "omega": 34.55, "M": 0.85, "D": 0.0, "R": 0.64, "sving": 0.09, "os": 0.0, "foss": 0.0, "juv": 0.0, "B": 0.49, "Q": 90.59, "w": 54.0, "h": 1.38, "S": 0.0021, "elv": "Orkla", "km": 0.0}}, {"type": "Feature", "geometry": {"type": "LineString", "coordinates": [[10.18288, 62.6511], [10.18213, 62.65192]]}, "properties": {"P": 34.54, "tau": 26.32, "tau_c": 31.63, "omega": 31.05, "M": 0.83, "D": 0.0, "R": 0.62, "sving": 0.02, "os": 0.0, "foss": 0.0, "juv": 0.0, "B": 1.15, "Q": 90.61, "w": 54.0, "h": 1.42, "S": 0.00189, "elv": "Orkla", "km": 0.1}}, {"type": "Feature", "geometry": {"type": "LineString", "coordinates": [[10.18213, 62.65192], [10.18142, 62.65275]]}, "properties": {"P": 47.99, "tau": 36.33, "tau_c": 40.55, "omega": 49.21, "M": 0.9, "D": 0.0, "R": 0.69, "sving": 0.3, "os": 0.0, "foss": 0.0, "juv": 0.0, "B": 1.15, "Q": 90.63, "w": 56.0, "h": 1.19, "S": 0.0031, "elv": "Orkla", "km": 0.2}}, {"type": "Feature", "geometry": {"type": "LineString", "coordinates": [[10.18142, 62.65275], [10.18045, 62.65352]]}, "properties": {"P": 44.2, "tau": 42.01, "tau_c": 45.02, "omega": 60.66, "M": 0.93, "D": 0.0, "R": 0.73, "sving": 0.12, "os": 0.0, "foss": 0.0, "juv": 0.0, "B": 1.15, "Q": 90.64, "w": 56.0, "h": 1.12, "S": 0.00382, "elv": "Orkla", "km": 0.3}}, {"type": "Feature", "geometry": {"type": "LineString", "coordinates": [[10.18045, 62.65352], [10.17859, 62.65377]]}, "properties": {"P": 43.31, "tau": 44.78, "tau_c": 46.37, "omega": 66.74, "M": 0.97, "D": 0.0, "R": 0.76, "sving": 0.04, "os": 0.0, "foss": 0.0, "juv": 0.0, "B": 1.15, "Q": 90.66, "w": 54.0, "h": 1.13, "S": 0.00405, "elv": "Orkla", "km": 0.4}}, {"type": "Feature", "geometry": {"type": "LineString", "coordinates": [[10.17859, 62.65377], [10.17737, 62.65443]]}, "properties": {"P": 42.14, "tau": 42.26, "tau_c": 45.61, "omega": 61.05, "M": 0.93, "D": 0.01, "R": 0.72, "sving": 0.05, "os": 0.0, "foss": 0.0, "juv": 0.0, "B": 1.15, "Q": 90.69, "w": 57.15, "h": 1.1, "S": 0.00392, "elv": "Orkla", "km": 0.5}}, {"type": "Feature", "geometry": {"type": "LineString", "coordinates": [[10.17737, 62.65443], [10.17684, 62.65529]]}, "properties": {"P": 45.75, "tau": 45.94, "tau_c": 51.05, "omega": 67.97, "M": 0.9, "D": 0.04, "R": 0.7, "sving": 0.17, "os": 0.0, "foss": 0.0, "juv": 0.0, "B": 1.15, "Q": 90.7, "w": 64.29, "h": 0.95, "S": 0.00491, "elv": "Orkla", "km": 0.6}}, {"type": "Feature", "geometry": {"type": "LineString", "coordinates": [[10.17684, 62.65529], [10.17613, 62.6561]]}, "properties": {"P": 41.07, "tau": 42.51, "tau_c": 49.96, "omega": 60.29, "M": 0.85, "D": 0.11, "R": 0.64, "sving": 0.03, "os": 0.0, "foss": 0.0, "juv": 0.0, "B": 1.15, "Q": 90.75, "w": 69.45, "h": 0.92, "S": 0.0047, "elv": "Orkla", "km": 0.7}}, {"type": "Feature", "geometry": {"type": "LineString", "coordinates": [[10.17613, 62.6561], [10.1747, 62.65671]]}, "properties": {"P": 47.46, "tau": 35.23, "tau_c": 43.09, "omega": 46.18, "M": 0.82, "D": 0.18, "R": 0.6, "sving": 0.2, "os": 0.0, "foss": 0.0, "juv": 0.0, "B": 1.15, "Q": 90.76, "w": 67.45, "h": 1.03, "S": 0.0035, "elv": "Orkla", "km": 0.8}}, {"type": "Feature", "geometry": {"type": "LineString", "coordinates": [[10.1747, 62.65671], [10.17333, 62.65735]]}, "properties": {"P": 44.03, "tau": 25.55, "tau_c": 34.64, "omega": 29.02, "M": 0.74, "D": 0.2, "R": 0.5, "sving": 0.24, "os": 0.0, "foss": 0.0, "juv": 0.0, "B": 1.15, "Q": 90.84, "w": 69.45, "h": 1.15, "S": 0.00226, "elv": "Orkla", "km": 0.9}}, {"type": "Feature", "geometry": {"type": "LineString", "coordinates": [[10.17333, 62.65735], [10.17191, 62.65796]]}, "properties": {"P": 39.34, "tau": 25.88, "tau_c": 32.81, "omega": 29.99, "M": 0.79, "D": 0.19, "R": 0.56, "sving": 0.0, "os": 0.0, "foss": 0.0, "juv": 0.0, "B": 1.15, "Q": 90.85, "w": 60.3, "h": 1.3, "S": 0.00203, "elv": "Orkla", "km": 1.0}}, {"type": "Feature", "geometry": {"type": "LineString", "coordinates": [[10.17191, 62.65796], [10.17027, 62.65842]]}, "properties": {"P": 45.37, "tau": 25.92, "tau_c": 31.55, "omega": 30.32, "M": 0.82, "D": 0.12, "R": 0.6, "sving": 0.21, "os": 0.0, "foss": 0.0, "juv": 0.0, "B": 1.15, "Q": 90.86, "w": 55.16, "h": 1.41, "S": 0.00188, "elv": "Orkla", "km": 1.1}}, {"type": "Feature", "geometry": {"type": "LineString", "coordinates": [[10.17027, 62.65842], [10.16885, 62.65902]]}, "properties": {"P": 38.19, "tau": 13.83, "tau_c": 18.42, "omega": 12.39, "M": 0.75, "D": 0.07, "R": 0.51, "sving": 0.21, "os": 0.0, "foss": 0.0, "juv": 0.0, "B": 1.15, "Q": 90.87, "w": 46.0, "h": 2.21, "S": 0.00064, "elv": "Orkla", "km": 1.2}}, {"type": "Feature", "geometry": {"type": "LineString", "coordinates": [[10.16885, 62.65902], [10.16843, 62.65989]]}, "properties": {"P": 45.36, "tau": 24.83, "tau_c": 26.96, "omega": 29.08, "M": 0.92, "D": 0.0, "R": 0.72, "sving": 0.13, "os": 0.0, "foss": 0.0, "juv": 0.06, "B": 1.15, "Q": 90.87, "w": 42.0, "h": 1.85, "S": 0.00137, "elv": "Orkla", "km": 1.3}}, {"type": "Feature", "geometry": {"type": "LineString", "coordinates": [[10.16843, 62.65989], [10.16793, 62.66076]]}, "properties": {"P": 48.1, "tau": 25.82, "tau_c": 25.74, "omega": 30.95, "M": 1.0, "D": 0.0, "R": 0.8, "sving": 0.04, "os": 0.0, "foss": 0.0, "juv": 0.12, "B": 1.15, "Q": 90.94, "w": 36.0, "h": 2.11, "S": 0.00125, "elv": "Orkla", "km": 1.4}}, {"type": "Feature", "geometry": {"type": "LineString", "coordinates": [[10.16793, 62.66076], [10.16672, 62.66145]]}, "properties": {"P": 56.11, "tau": 25.82, "tau_c": 25.74, "omega": 30.96, "M": 1.0, "D": 0.0, "R": 0.8, "sving": 0.28, "os": 0.0, "foss": 0.0, "juv": 0.12, "B": 1.15, "Q": 90.96, "w": 36.0, "h": 2.11, "S": 0.00125, "elv": "Orkla", "km": 1.5}}, {"type": "Feature", "geometry": {"type": "LineString", "coordinates": [[10.16672, 62.66145], [10.16514, 62.66197]]}, "properties": {"P": 59.77, "tau": 27.97, "tau_c": 25.74, "omega": 34.84, "M": 1.09, "D": 0.01, "R": 0.87, "sving": 0.27, "os": 0.0, "foss": 0.0, "juv": 0.12, "B": 1.15, "Q": 90.99, "w": 32.0, "h": 2.28, "S": 0.00125, "elv": "Orkla", "km": 1.6}}, {"type": "Feature", "geometry": {"type": "LineString", "coordinates": [[10.16514, 62.66197], [10.16352, 62.66247]]}, "properties": {"P": 60.62, "tau": 31.69, "tau_c": 28.2, "omega": 41.81, "M": 1.12, "D": 0.12, "R": 0.89, "sving": 0.11, "os": 0.0, "foss": 0.0, "juv": 0.12, "B": 1.15, "Q": 91.0, "w": 32.0, "h": 2.16, "S": 0.0015, "elv": "Orkla", "km": 1.7}}, {"type": "Feature", "geometry": {"type": "LineString", "coordinates": [[10.16352, 62.66247], [10.1619, 62.66298]]}, "properties": {"P": 58.04, "tau": 23.61, "tau_c": 24.11, "omega": 27.18, "M": 0.98, "D": 0.3, "R": 0.78, "sving": 0.02, "os": 0.0, "foss": 0.0, "juv": 0.06, "B": 1.15, "Q": 91.01, "w": 36.0, "h": 2.2, "S": 0.0011, "elv": "Orkla", "km": 1.8}}, {"type": "Feature", "geometry": {"type": "LineString", "coordinates": [[9.81255, 62.71091], [9.81246, 62.7114]]}, "properties": {"P": 1.88, "tau": 23.44, "tau_c": 62.18, "omega": 20.53, "M": 0.38, "D": -0.0, "R": 0.07, "sving": 0.0, "os": 0.0, "foss": 0.0, "juv": 0.0, "B": 0.55, "Q": 4.13, "w": 14.38, "h": 0.33, "S": 0.00729, "elv": "Gryta", "km": 1.1}}, {"type": "Feature", "geometry": {"type": "LineString", "coordinates": [[9.81246, 62.7114], [9.81348, 62.71166]]}, "properties": {"P": 2.73, "tau": 22.65, "tau_c": 64.32, "omega": 19.28, "M": 0.35, "D": 0.03, "R": 0.05, "sving": 0.04, "os": 0.0, "foss": 0.0, "juv": 0.0, "B": 0.55, "Q": 4.13, "w": 16.39, "h": 0.3, "S": 0.0078, "elv": "Gryta", "km": 1.2}}, {"type": "Feature", "geometry": {"type": "LineString", "coordinates": [[9.81348, 62.71166], [9.81505, 62.71162]]}, "properties": {"P": 10.83, "tau": 21.37, "tau_c": 64.45, "omega": 17.56, "M": 0.33, "D": 0.06, "R": 0.04, "sving": 0.54, "os": 0.0, "foss": 0.0, "juv": 0.0, "B": 0.55, "Q": 4.21, "w": 18.39, "h": 0.28, "S": 0.00783, "elv": "Gryta", "km": 1.3}}, {"type": "Feature", "geometry": {"type": "LineString", "coordinates": [[9.81505, 62.71162], [9.81659, 62.71195]]}, "properties": {"P": 5.97, "tau": 19.66, "tau_c": 60.72, "omega": 15.57, "M": 0.32, "D": 0.08, "R": 0.04, "sving": 0.2, "os": 0.0, "foss": 0.0, "juv": 0.0, "B": 0.55, "Q": 4.21, "w": 18.43, "h": 0.29, "S": 0.00695, "elv": "Gryta", "km": 1.4}}, {"type": "Feature", "geometry": {"type": "LineString", "coordinates": [[9.81659, 62.71195], [9.81847, 62.71216]]}, "properties": {"P": 10.41, "tau": 19.27, "tau_c": 59.92, "omega": 15.13, "M": 0.32, "D": 0.07, "R": 0.04, "sving": 0.5, "os": 0.0, "foss": 0.0, "juv": 0.0, "B": 0.55, "Q": 4.21, "w": 18.48, "h": 0.29, "S": 0.00677, "elv": "Gryta", "km": 1.5}}, {"type": "Feature", "geometry": {"type": "LineString", "coordinates": [[9.81847, 62.71216], [9.82042, 62.71214]]}, "properties": {"P": 10.07, "tau": 17.73, "tau_c": 56.41, "omega": 13.42, "M": 0.31, "D": 0.09, "R": 0.03, "sving": 0.46, "os": 0.0, "foss": 0.0, "juv": 0.0, "B": 0.55, "Q": 4.22, "w": 18.48, "h": 0.3, "S": 0.006, "elv": "Gryta", "km": 1.6}}, {"type": "Feature", "geometry": {"type": "LineString", "coordinates": [[9.82042, 62.71214], [9.82076, 62.71263]]}, "properties": {"P": 7.69, "tau": 17.82, "tau_c": 56.59, "omega": 13.53, "M": 0.31, "D": 0.12, "R": 0.03, "sving": 0.27, "os": 0.0, "foss": 0.0, "juv": 0.0, "B": 0.55, "Q": 4.23, "w": 18.49, "h": 0.3, "S": 0.00604, "elv": "Gryta", "km": 1.7}}, {"type": "Feature", "geometry": {"type": "LineString", "coordinates": [[9.89114, 62.65398], [9.88964, 62.65455]]}, "properties": {"P": 37.53, "tau": 45.98, "tau_c": 82.83, "omega": 58.3, "M": 0.56, "D": 0.0, "R": 0.25, "sving": 0.75, "os": 1.0, "foss": 0.0, "juv": 0.0, "B": 0.6, "Q": 17.15, "w": 37.32, "h": 0.36, "S": 0.01293, "elv": "Byna", "km": 0.0}}, {"type": "Feature", "geometry": {"type": "LineString", "coordinates": [[9.88964, 62.65455], [9.88823, 62.65511]]}, "properties": {"P": 29.35, "tau": 47.49, "tau_c": 84.61, "omega": 61.12, "M": 0.56, "D": 0.0, "R": 0.26, "sving": 0.65, "os": 0.61, "foss": 0.0, "juv": 0.0, "B": 0.6, "Q": 17.25, "w": 37.36, "h": 0.36, "S": 0.01349, "elv": "Byna", "km": 0.1}}, {"type": "Feature", "geometry": {"type": "LineString", "coordinates": [[9.88823, 62.65511], [9.88843, 62.65594]]}, "properties": {"P": 22.8, "tau": 46.74, "tau_c": 83.63, "omega": 59.75, "M": 0.56, "D": 0.0, "R": 0.26, "sving": 0.51, "os": 0.38, "foss": 0.0, "juv": 0.0, "B": 0.6, "Q": 17.27, "w": 37.39, "h": 0.36, "S": 0.01318, "elv": "Byna", "km": 0.2}}, {"type": "Feature", "geometry": {"type": "LineString", "coordinates": [[9.88843, 62.65594], [9.88921, 62.65675]]}, "properties": {"P": 20.87, "tau": 48.72, "tau_c": 86.14, "omega": 63.41, "M": 0.57, "D": 0.0, "R": 0.27, "sving": 0.48, "os": 0.27, "foss": 0.0, "juv": 0.0, "B": 0.6, "Q": 17.3, "w": 37.44, "h": 0.36, "S": 0.01398, "elv": "Byna", "km": 0.3}}, {"type": "Feature", "geometry": {"type": "LineString", "coordinates": [[9.88921, 62.65675], [9.89008, 62.65755]]}, "properties": {"P": 13.0, "tau": 46.87, "tau_c": 83.74, "omega": 59.99, "M": 0.56, "D": 0.0, "R": 0.26, "sving": 0.12, "os": 0.2, "foss": 0.0, "juv": 0.0, "B": 0.6, "Q": 17.33, "w": 37.46, "h": 0.36, "S": 0.01322, "elv": "Byna", "km": 0.4}}, {"type": "Feature", "geometry": {"type": "LineString", "coordinates": [[9.89008, 62.65755], [9.89088, 62.65835]]}, "properties": {"P": 10.86, "tau": 47.15, "tau_c": 84.09, "omega": 60.51, "M": 0.56, "D": 0.0, "R": 0.26, "sving": 0.06, "os": 0.13, "foss": 0.0, "juv": 0.0, "B": 0.6, "Q": 17.35, "w": 37.48, "h": 0.36, "S": 0.01333, "elv": "Byna", "km": 0.5}}, {"type": "Feature", "geometry": {"type": "LineString", "coordinates": [[9.89088, 62.65835], [9.89167, 62.65917]]}, "properties": {"P": 13.21, "tau": 49.78, "tau_c": 87.39, "omega": 65.41, "M": 0.57, "D": 0.0, "R": 0.27, "sving": 0.22, "os": 0.09, "foss": 0.0, "juv": 0.0, "B": 0.6, "Q": 17.37, "w": 37.5, "h": 0.35, "S": 0.0144, "elv": "Byna", "km": 0.6}}, {"type": "Feature", "geometry": {"type": "LineString", "coordinates": [[9.89167, 62.65917], [9.89271, 62.65992]]}, "properties": {"P": 21.16, "tau": 53.08, "tau_c": 91.53, "omega": 71.71, "M": 0.58, "D": 0.02, "R": 0.29, "sving": 0.66, "os": 0.06, "foss": 0.0, "juv": 0.0, "B": 0.6, "Q": 17.37, "w": 37.52, "h": 0.34, "S": 0.01579, "elv": "Byna", "km": 0.7}}, {"type": "Feature", "geometry": {"type": "LineString", "coordinates": [[9.89271, 62.65992], [9.89438, 62.66036]]}, "properties": {"P": 13.06, "tau": 48.33, "tau_c": 85.56, "omega": 62.69, "M": 0.56, "D": 0.06, "R": 0.27, "sving": 0.23, "os": 0.0, "foss": 0.0, "juv": 0.0, "B": 0.6, "Q": 17.39, "w": 37.54, "h": 0.36, "S": 0.0138, "elv": "Byna", "km": 0.8}}, {"type": "Feature", "geometry": {"type": "LineString", "coordinates": [[9.89438, 62.66036], [9.8959, 62.65986]]}, "properties": {"P": 13.14, "tau": 43.82, "tau_c": 79.73, "omega": 54.5, "M": 0.55, "D": 0.09, "R": 0.25, "sving": 0.22, "os": 0.0, "foss": 0.0, "juv": 0.0, "B": 0.6, "Q": 17.42, "w": 37.55, "h": 0.37, "S": 0.01198, "elv": "Byna", "km": 0.9}}, {"type": "Feature", "geometry": {"type": "LineString", "coordinates": [[9.8959, 62.65986], [9.89711, 62.66018]]}, "properties": {"P": 10.58, "tau": 41.14, "tau_c": 76.17, "omega": 49.79, "M": 0.54, "D": 0.13, "R": 0.23, "sving": 0.05, "os": 0.0, "foss": 0.0, "juv": 0.0, "B": 0.6, "Q": 17.44, "w": 37.58, "h": 0.38, "S": 0.01093, "elv": "Byna", "km": 1.0}}, {"type": "Feature", "geometry": {"type": "LineString", "coordinates": [[9.89711, 62.66018], [9.89706, 62.66108]]}, "properties": {"P": 18.64, "tau": 38.76, "tau_c": 73.01, "omega": 45.71, "M": 0.53, "D": 0.19, "R": 0.22, "sving": 0.45, "os": 0.0, "foss": 0.0, "juv": 0.0, "B": 0.6, "Q": 17.44, "w": 37.61, "h": 0.39, "S": 0.01005, "elv": "Byna", "km": 1.1}}, {"type": "Feature", "geometry": {"type": "LineString", "coordinates": [[9.89706, 62.66108], [9.89882, 62.66141]]}, "properties": {"P": 13.42, "tau": 29.13, "tau_c": 59.45, "omega": 30.35, "M": 0.49, "D": 0.26, "R": 0.18, "sving": 0.13, "os": 0.0, "foss": 0.0, "juv": 0.0, "B": 0.6, "Q": 17.48, "w": 37.64, "h": 0.45, "S": 0.00666, "elv": "Byna", "km": 1.2}}, {"type": "Feature", "geometry": {"type": "LineString", "coordinates": [[9.89882, 62.66141], [9.90045, 62.6619]]}, "properties": {"P": 13.61, "tau": 15.71, "tau_c": 38.12, "omega": 12.52, "M": 0.41, "D": 0.29, "R": 0.1, "sving": 0.17, "os": 0.06, "foss": 0.0, "juv": 0.0, "B": 0.6, "Q": 17.54, "w": 37.66, "h": 0.58, "S": 0.00274, "elv": "Byna", "km": 1.3}}, {"type": "Feature", "geometry": {"type": "LineString", "coordinates": [[9.90045, 62.6619], [9.9022, 62.66206]]}, "properties": {"P": 18.45, "tau": 18.64, "tau_c": 43.11, "omega": 16.0, "M": 0.43, "D": 0.2, "R": 0.12, "sving": 0.51, "os": 0.09, "foss": 0.0, "juv": 0.0, "B": 0.61, "Q": 17.54, "w": 37.68, "h": 0.54, "S": 0.0035, "elv": "Byna", "km": 1.4}}, {"type": "Feature", "geometry": {"type": "LineString", "coordinates": [[9.9022, 62.66206], [9.90292, 62.6628]]}, "properties": {"P": 13.86, "tau": 18.26, "tau_c": 42.48, "omega": 15.53, "M": 0.43, "D": 0.08, "R": 0.11, "sving": 0.36, "os": 0.13, "foss": 0.0, "juv": 0.0, "B": 0.61, "Q": 17.55, "w": 37.7, "h": 0.55, "S": 0.0034, "elv": "Byna", "km": 1.5}}, {"type": "Feature", "geometry": {"type": "LineString", "coordinates": [[9.90292, 62.6628], [9.90257, 62.66367]]}, "properties": {"P": 15.26, "tau": 19.99, "tau_c": 45.34, "omega": 17.69, "M": 0.44, "D": 0.0, "R": 0.12, "sving": 0.46, "os": 0.21, "foss": 0.0, "juv": 0.0, "B": 0.61, "Q": 17.55, "w": 37.71, "h": 0.53, "S": 0.00388, "elv": "Byna", "km": 1.6}}, {"type": "Feature", "geometry": {"type": "LineString", "coordinates": [[9.90257, 62.66367], [9.90265, 62.66454]]}, "properties": {"P": 19.02, "tau": 18.56, "tau_c": 43.01, "omega": 15.9, "M": 0.43, "D": 0.0, "R": 0.12, "sving": 0.63, "os": 0.27, "foss": 0.0, "juv": 0.0, "B": 0.61, "Q": 17.55, "w": 37.76, "h": 0.54, "S": 0.00349, "elv": "Byna", "km": 1.7}}, {"type": "Feature", "geometry": {"type": "LineString", "coordinates": [[9.90265, 62.66454], [9.90294, 62.66539]]}, "properties": {"P": 21.25, "tau": 18.56, "tau_c": 43.01, "omega": 15.9, "M": 0.43, "D": 0.0, "R": 0.12, "sving": 0.69, "os": 0.33, "foss": 0.0, "juv": 0.0, "B": 0.61, "Q": 17.58, "w": 37.81, "h": 0.54, "S": 0.00349, "elv": "Byna", "km": 1.8}}, {"type": "Feature", "geometry": {"type": "LineString", "coordinates": [[9.90294, 62.66539], [9.90448, 62.66499]]}, "properties": {"P": 16.08, "tau": 21.14, "tau_c": 47.02, "omega": 19.19, "M": 0.45, "D": 0.01, "R": 0.13, "sving": 0.33, "os": 0.36, "foss": 0.0, "juv": 0.0, "B": 0.61, "Q": 17.77, "w": 37.85, "h": 0.52, "S": 0.00417, "elv": "Byna", "km": 1.9}}, {"type": "Feature", "geometry": {"type": "LineString", "coordinates": [[9.90448, 62.66499], [9.90641, 62.66491]]}, "properties": {"P": 20.88, "tau": 18.35, "tau_c": 42.5, "omega": 15.66, "M": 0.43, "D": 0.07, "R": 0.12, "sving": 0.36, "os": 0.55, "foss": 0.0, "juv": 0.0, "B": 0.61, "Q": 17.77, "w": 37.9, "h": 0.55, "S": 0.0034, "elv": "Byna", "km": 2.0}}, {"type": "Feature", "geometry": {"type": "LineString", "coordinates": [[9.90641, 62.66491], [9.90792, 62.66543]]}, "properties": {"P": 24.63, "tau": 18.01, "tau_c": 41.95, "omega": 15.24, "M": 0.43, "D": 0.12, "R": 0.11, "sving": 0.17, "os": 0.89, "foss": 0.0, "juv": 0.0, "B": 0.61, "Q": 17.78, "w": 37.95, "h": 0.55, "S": 0.00332, "elv": "Byna", "km": 2.1}}, {"type": "Feature", "geometry": {"type": "LineString", "coordinates": [[9.90792, 62.66543], [9.90967, 62.66581]]}, "properties": {"P": 18.02, "tau": 13.04, "tau_c": 33.28, "omega": 9.59, "M": 0.39, "D": 0.14, "R": 0.08, "sving": 0.03, "os": 0.68, "foss": 0.0, "juv": 0.0, "B": 0.61, "Q": 17.78, "w": 37.95, "h": 0.64, "S": 0.00209, "elv": "Byna", "km": 2.2}}, {"type": "Feature", "geometry": {"type": "LineString", "coordinates": [[9.90967, 62.66581], [9.91159, 62.66575]]}, "properties": {"P": 14.17, "tau": 13.04, "tau_c": 33.28, "omega": 9.59, "M": 0.39, "D": 0.07, "R": 0.08, "sving": 0.16, "os": 0.42, "foss": 0.0, "juv": 0.0, "B": 0.61, "Q": 17.78, "w": 37.95, "h": 0.64, "S": 0.00209, "elv": "Byna", "km": 2.3}}, {"type": "Feature", "geometry": {"type": "LineString", "coordinates": [[9.91159, 62.66575], [9.91352, 62.6656]]}, "properties": {"P": 14.97, "tau": 16.12, "tau_c": 38.74, "omega": 13.0, "M": 0.42, "D": 0.02, "R": 0.1, "sving": 0.19, "os": 0.47, "foss": 0.0, "juv": 0.0, "B": 0.61, "Q": 17.78, "w": 37.95, "h": 0.58, "S": 0.00283, "elv": "Byna", "km": 2.4}}, {"type": "Feature", "geometry": {"type": "LineString", "coordinates": [[9.91352, 62.6656], [9.91539, 62.66579]]}, "properties": {"P": 34.99, "tau": 13.71, "tau_c": 33.84, "omega": 10.35, "M": 0.41, "D": 0.07, "R": 0.09, "sving": 0.99, "os": 0.76, "foss": 0.0, "juv": 0.0, "B": 0.61, "Q": 17.78, "w": 36.36, "h": 0.65, "S": 0.00216, "elv": "Byna", "km": 2.5}}, {"type": "Feature", "geometry": {"type": "LineString", "coordinates": [[9.91539, 62.66579], [9.91628, 62.66637]]}, "properties": {"P": 31.62, "tau": 14.1, "tau_c": 33.84, "omega": 10.83, "M": 0.42, "D": 0.15, "R": 0.1, "sving": 0.63, "os": 0.8, "foss": 0.0, "juv": 0.0, "B": 0.61, "Q": 17.78, "w": 34.77, "h": 0.67, "S": 0.00216, "elv": "Byna", "km": 2.6}}, {"type": "Feature", "geometry": {"type": "LineString", "coordinates": [[9.91628, 62.66637], [9.91466, 62.66684]]}, "properties": {"P": 25.07, "tau": 9.19, "tau_c": 24.86, "omega": 5.84, "M": 0.37, "D": 0.27, "R": 0.07, "sving": 0.41, "os": 0.56, "foss": 0.0, "juv": 0.0, "B": 0.61, "Q": 17.78, "w": 34.77, "h": 0.8, "S": 0.00117, "elv": "Byna", "km": 2.7}}, {"type": "Feature", "geometry": {"type": "LineString", "coordinates": [[9.91466, 62.66684], [9.91478, 62.66771]]}, "properties": {"P": 18.81, "tau": 6.76, "tau_c": 19.98, "omega": 3.76, "M": 0.34, "D": 0.33, "R": 0.05, "sving": 0.03, "os": 0.53, "foss": 0.0, "juv": 0.0, "B": 0.61, "Q": 17.78, "w": 34.92, "h": 0.92, "S": 0.00075, "elv": "Byna", "km": 2.8}}, {"type": "Feature", "geometry": {"type": "LineString", "coordinates": [[9.91478, 62.66771], [9.9153, 62.66857]]}, "properties": {"P": 33.32, "tau": 6.74, "tau_c": 19.98, "omega": 3.74, "M": 0.34, "D": 0.39, "R": 0.05, "sving": 0.99, "os": 0.32, "foss": 0.0, "juv": 0.0, "B": 0.61, "Q": 17.78, "w": 35.07, "h": 0.91, "S": 0.00075, "elv": "Byna", "km": 2.9}}, {"type": "Feature", "geometry": {"type": "LineString", "coordinates": [[9.91998, 62.66965], [9.92132, 62.67029]]}, "properties": {"P": 11.39, "tau": 17.33, "tau_c": 40.2, "omega": 14.49, "M": 0.43, "D": -0.0, "R": 0.12, "sving": 0.38, "os": 0.07, "foss": 0.0, "juv": 0.0, "B": 0.61, "Q": 18.93, "w": 39.03, "h": 0.58, "S": 0.00305, "elv": "Byna", "km": 3.3}}, {"type": "Feature", "geometry": {"type": "LineString", "coordinates": [[9.92132, 62.67029], [9.92246, 62.671]]}, "properties": {"P": 8.75, "tau": 29.77, "tau_c": 58.1, "omega": 31.68, "M": 0.51, "D": -0.0, "R": 0.2, "sving": 0.16, "os": 0.0, "foss": 0.0, "juv": 0.0, "B": 0.61, "Q": 18.93, "w": 37.29, "h": 0.48, "S": 0.00636, "elv": "Byna", "km": 3.4}}, {"type": "Feature", "geometry": {"type": "LineString", "coordinates": [[9.92246, 62.671], [9.92354, 62.67171]]}, "properties": {"P": 8.02, "tau": 37.88, "tau_c": 69.03, "omega": 44.77, "M": 0.55, "D": -0.0, "R": 0.25, "sving": 0.04, "os": 0.0, "foss": 0.0, "juv": 0.0, "B": 0.61, "Q": 18.99, "w": 37.37, "h": 0.43, "S": 0.00898, "elv": "Byna", "km": 3.5}}, {"type": "Feature", "geometry": {"type": "LineString", "coordinates": [[9.92354, 62.67171], [9.92466, 62.67244]]}, "properties": {"P": 9.0, "tau": 44.13, "tau_c": 75.3, "omega": 56.06, "M": 0.59, "D": -0.0, "R": 0.29, "sving": 0.02, "os": 0.0, "foss": 0.0, "juv": 0.0, "B": 0.61, "Q": 19.0, "w": 35.54, "h": 0.42, "S": 0.01069, "elv": "Byna", "km": 3.6}}, {"type": "Feature", "geometry": {"type": "LineString", "coordinates": [[9.92466, 62.67244], [9.92616, 62.673]]}, "properties": {"P": 10.04, "tau": 52.94, "tau_c": 85.68, "omega": 72.82, "M": 0.62, "D": -0.0, "R": 0.34, "sving": 0.01, "os": 0.0, "foss": 0.0, "juv": 0.0, "B": 0.61, "Q": 19.09, "w": 35.58, "h": 0.39, "S": 0.01384, "elv": "Byna", "km": 3.7}}, {"type": "Feature", "geometry": {"type": "LineString", "coordinates": [[9.92616, 62.673], [9.92737, 62.67368]]}, "properties": {"P": 11.49, "tau": 60.76, "tau_c": 94.6, "omega": 88.69, "M": 0.64, "D": -0.0, "R": 0.37, "sving": 0.04, "os": 0.0, "foss": 0.0, "juv": 0.0, "B": 0.61, "Q": 19.09, "w": 35.62, "h": 0.37, "S": 0.01687, "elv": "Byna", "km": 3.8}}, {"type": "Feature", "geometry": {"type": "LineString", "coordinates": [[9.92737, 62.67368], [9.92852, 62.6744]]}, "properties": {"P": 15.98, "tau": 59.57, "tau_c": 95.31, "omega": 85.71, "M": 0.63, "D": 0.01, "R": 0.34, "sving": 0.31, "os": 0.0, "foss": 0.0, "juv": 0.0, "B": 0.61, "Q": 19.14, "w": 37.51, "h": 0.35, "S": 0.01712, "elv": "Byna", "km": 3.9}}, {"type": "Feature", "geometry": {"type": "LineString", "coordinates": [[9.92852, 62.6744], [9.92979, 62.67508]]}, "properties": {"P": 15.74, "tau": 58.25, "tau_c": 93.75, "omega": 83.02, "M": 0.62, "D": 0.01, "R": 0.34, "sving": 0.24, "os": 0.07, "foss": 0.0, "juv": 0.0, "B": 0.61, "Q": 19.18, "w": 37.54, "h": 0.36, "S": 0.01656, "elv": "Byna", "km": 4.0}}, {"type": "Feature", "geometry": {"type": "LineString", "coordinates": [[9.92979, 62.67508], [9.92988, 62.67593]]}, "properties": {"P": 16.86, "tau": 57.1, "tau_c": 94.35, "omega": 80.21, "M": 0.61, "D": 0.01, "R": 0.32, "sving": 0.29, "os": 0.11, "foss": 0.0, "juv": 0.0, "B": 0.62, "Q": 19.21, "w": 39.43, "h": 0.35, "S": 0.01678, "elv": "Byna", "km": 4.1}}, {"type": "Feature", "geometry": {"type": "LineString", "coordinates": [[10.06806, 62.86995], [10.06793, 62.86906]]}, "properties": {"P": 28.93, "tau": 56.64, "tau_c": 115.38, "omega": 73.84, "M": 0.49, "D": 0.01, "R": 0.18, "sving": 0.35, "os": 0.06, "foss": 1.0, "juv": 0.0, "B": 0.58, "Q": 6.54, "w": 21.81, "h": 0.23, "S": 0.02509, "elv": "Ila", "km": 0.0}}, {"type": "Feature", "geometry": {"type": "LineString", "coordinates": [[10.06793, 62.86906], [10.06813, 62.86818]]}, "properties": {"P": 19.11, "tau": 47.52, "tau_c": 101.71, "omega": 57.41, "M": 0.47, "D": 0.03, "R": 0.15, "sving": 0.0, "os": 0.1, "foss": 0.72, "juv": 0.0, "B": 0.6, "Q": 6.55, "w": 21.82, "h": 0.25, "S": 0.0195, "elv": "Ila", "km": 0.1}}, {"type": "Feature", "geometry": {"type": "LineString", "coordinates": [[10.06813, 62.86818], [10.06889, 62.86736]]}, "properties": {"P": 21.79, "tau": 52.08, "tau_c": 108.58, "omega": 65.46, "M": 0.48, "D": 0.07, "R": 0.16, "sving": 0.21, "os": 0.16, "foss": 0.51, "juv": 0.0, "B": 0.61, "Q": 6.55, "w": 21.82, "h": 0.24, "S": 0.02222, "elv": "Ila", "km": 0.2}}, {"type": "Feature", "geometry": {"type": "LineString", "coordinates": [[10.06889, 62.86736], [10.06875, 62.86648]]}, "properties": {"P": 22.04, "tau": 50.04, "tau_c": 107.25, "omega": 61.56, "M": 0.47, "D": 0.1, "R": 0.15, "sving": 0.25, "os": 0.23, "foss": 0.37, "juv": 0.0, "B": 0.62, "Q": 6.55, "w": 22.64, "h": 0.24, "S": 0.02168, "elv": "Ila", "km": 0.3}}, {"type": "Feature", "geometry": {"type": "LineString", "coordinates": [[10.06875, 62.86648], [10.0676, 62.86575]]}, "properties": {"P": 36.57, "tau": 35.59, "tau_c": 86.29, "omega": 37.49, "M": 0.41, "D": 0.13, "R": 0.1, "sving": 0.32, "os": 0.37, "foss": 1.0, "juv": 0.0, "B": 0.63, "Q": 6.55, "w": 24.07, "h": 0.26, "S": 0.01403, "elv": "Ila", "km": 0.4}}, {"type": "Feature", "geometry": {"type": "LineString", "coordinates": [[10.0676, 62.86575], [10.0666, 62.86503]]}, "properties": {"P": 43.77, "tau": 37.47, "tau_c": 79.74, "omega": 41.83, "M": 0.47, "D": 0.09, "R": 0.15, "sving": 0.61, "os": 0.6, "foss": 0.72, "juv": 0.0, "B": 0.66, "Q": 9.09, "w": 25.55, "h": 0.32, "S": 0.01199, "elv": "Ila", "km": 0.5}}, {"type": "Feature", "geometry": {"type": "LineString", "coordinates": [[10.0666, 62.86503], [10.06834, 62.86477]]}, "properties": {"P": 51.85, "tau": 38.03, "tau_c": 81.81, "omega": 42.57, "M": 0.46, "D": 0.07, "R": 0.15, "sving": 0.89, "os": 0.95, "foss": 0.51, "juv": 0.0, "B": 0.67, "Q": 9.09, "w": 26.43, "h": 0.31, "S": 0.01261, "elv": "Ila", "km": 0.6}}, {"type": "Feature", "geometry": {"type": "LineString", "coordinates": [[10.06834, 62.86477], [10.07028, 62.86476]]}, "properties": {"P": 46.33, "tau": 40.63, "tau_c": 86.59, "omega": 46.7, "M": 0.47, "D": 0.05, "R": 0.15, "sving": 0.95, "os": 0.73, "foss": 0.37, "juv": 0.0, "B": 0.68, "Q": 9.27, "w": 27.53, "h": 0.29, "S": 0.01413, "elv": "Ila", "km": 0.7}}, {"type": "Feature", "geometry": {"type": "LineString", "coordinates": [[10.07028, 62.86476], [10.07221, 62.86492]]}, "properties": {"P": 24.32, "tau": 31.75, "tau_c": 72.87, "omega": 32.75, "M": 0.44, "D": 0.13, "R": 0.12, "sving": 0.37, "os": 0.5, "foss": 0.0, "juv": 0.0, "B": 0.68, "Q": 9.28, "w": 27.81, "h": 0.32, "S": 0.01001, "elv": "Ila", "km": 0.8}}, {"type": "Feature", "geometry": {"type": "LineString", "coordinates": [[10.07221, 62.86492], [10.074, 62.86526]]}, "properties": {"P": 26.14, "tau": 30.35, "tau_c": 68.42, "omega": 31.0, "M": 0.44, "D": 0.15, "R": 0.13, "sving": 0.07, "os": 0.83, "foss": 0.0, "juv": 0.0, "B": 0.7, "Q": 10.06, "w": 28.1, "h": 0.35, "S": 0.00882, "elv": "Ila", "km": 0.9}}, {"type": "Feature", "geometry": {"type": "LineString", "coordinates": [[10.074, 62.86526], [10.07552, 62.86581]]}, "properties": {"P": 25.48, "tau": 24.93, "tau_c": 59.62, "omega": 23.34, "M": 0.42, "D": 0.16, "R": 0.1, "sving": 0.15, "os": 0.73, "foss": 0.0, "juv": 0.0, "B": 0.7, "Q": 10.06, "w": 28.34, "h": 0.38, "S": 0.0067, "elv": "Ila", "km": 1.0}}, {"type": "Feature", "geometry": {"type": "LineString", "coordinates": [[10.07552, 62.86581], [10.07744, 62.86596]]}, "properties": {"P": 19.15, "tau": 23.33, "tau_c": 57.01, "omega": 21.21, "M": 0.41, "D": 0.12, "R": 0.1, "sving": 0.17, "os": 0.45, "foss": 0.0, "juv": 0.0, "B": 0.71, "Q": 10.09, "w": 28.58, "h": 0.39, "S": 0.00613, "elv": "Ila", "km": 1.1}}, {"type": "Feature", "geometry": {"type": "LineString", "coordinates": [[10.07744, 62.86596], [10.07908, 62.86644]]}, "properties": {"P": 17.1, "tau": 23.61, "tau_c": 57.47, "omega": 21.58, "M": 0.41, "D": 0.12, "R": 0.1, "sving": 0.23, "os": 0.28, "foss": 0.0, "juv": 0.0, "B": 0.71, "Q": 10.11, "w": 28.6, "h": 0.39, "S": 0.00623, "elv": "Ila", "km": 1.2}}, {"type": "Feature", "geometry": {"type": "LineString", "coordinates": [[10.07908, 62.86644], [10.08037, 62.8671]]}, "properties": {"P": 21.55, "tau": 19.64, "tau_c": 50.38, "omega": 16.57, "M": 0.39, "D": 0.17, "R": 0.08, "sving": 0.28, "os": 0.41, "foss": 0.0, "juv": 0.0, "B": 0.72, "Q": 10.11, "w": 28.62, "h": 0.42, "S": 0.00478, "elv": "Ila", "km": 1.3}}, {"type": "Feature", "geometry": {"type": "LineString", "coordinates": [[10.08037, 62.8671], [10.08094, 62.86794]]}, "properties": {"P": 26.03, "tau": 16.86, "tau_c": 45.13, "omega": 13.31, "M": 0.37, "D": 0.2, "R": 0.07, "sving": 0.21, "os": 0.65, "foss": 0.0, "juv": 0.0, "B": 0.72, "Q": 10.13, "w": 28.66, "h": 0.45, "S": 0.00384, "elv": "Ila", "km": 1.4}}, {"type": "Feature", "geometry": {"type": "LineString", "coordinates": [[10.08094, 62.86794], [10.0821, 62.86862]]}, "properties": {"P": 28.45, "tau": 11.58, "tau_c": 34.46, "omega": 7.75, "M": 0.34, "D": 0.17, "R": 0.04, "sving": 0.11, "os": 0.94, "foss": 0.0, "juv": 0.0, "B": 0.73, "Q": 10.14, "w": 28.69, "h": 0.53, "S": 0.00224, "elv": "Ila", "km": 1.5}}, {"type": "Feature", "geometry": {"type": "LineString", "coordinates": [[10.0821, 62.86862], [10.08289, 62.86941]]}, "properties": {"P": 17.84, "tau": 12.78, "tau_c": 36.88, "omega": 8.95, "M": 0.35, "D": 0.08, "R": 0.05, "sving": 0.06, "os": 0.59, "foss": 0.0, "juv": 0.0, "B": 0.73, "Q": 10.22, "w": 28.73, "h": 0.51, "S": 0.00256, "elv": "Ila", "km": 1.6}}, {"type": "Feature", "geometry": {"type": "LineString", "coordinates": [[10.01462, 62.65014], [10.01489, 62.65102]]}, "properties": {"P": 26.29, "tau": 76.85, "tau_c": 108.34, "omega": 125.66, "M": 0.71, "D": 0.03, "R": 0.46, "sving": 0.11, "os": 0.21, "foss": 1.0, "juv": 0.0, "B": 0.43, "Q": 23.15, "w": 39.98, "h": 0.35, "S": 0.02212, "elv": "Inna", "km": 0.0}}, {"type": "Feature", "geometry": {"type": "LineString", "coordinates": [[10.01489, 62.65102], [10.01581, 62.65181]]}, "properties": {"P": 38.34, "tau": 68.89, "tau_c": 99.42, "omega": 107.67, "M": 0.69, "D": 0.03, "R": 0.44, "sving": 0.08, "os": 0.35, "foss": 0.91, "juv": 0.0, "B": 0.63, "Q": 23.16, "w": 39.32, "h": 0.38, "S": 0.01863, "elv": "Inna", "km": 0.1}}, {"type": "Feature", "geometry": {"type": "LineString", "coordinates": [[10.01581, 62.65181], [10.01635, 62.65266]]}, "properties": {"P": 38.23, "tau": 60.94, "tau_c": 91.04, "omega": 90.3, "M": 0.67, "D": 0.04, "R": 0.4, "sving": 0.15, "os": 0.57, "foss": 0.65, "juv": 0.0, "B": 0.63, "Q": 23.17, "w": 39.33, "h": 0.4, "S": 0.01562, "elv": "Inna", "km": 0.2}}, {"type": "Feature", "geometry": {"type": "LineString", "coordinates": [[10.01635, 62.65266], [10.0169, 62.65351]]}, "properties": {"P": 40.19, "tau": 77.66, "tau_c": 108.32, "omega": 127.83, "M": 0.72, "D": 0.01, "R": 0.47, "sving": 0.01, "os": 0.94, "foss": 0.47, "juv": 0.0, "B": 0.63, "Q": 23.18, "w": 39.34, "h": 0.36, "S": 0.02212, "elv": "Inna", "km": 0.3}}, {"type": "Feature", "geometry": {"type": "LineString", "coordinates": [[10.0169, 62.65351], [10.01789, 62.65428]]}, "properties": {"P": 32.04, "tau": 65.82, "tau_c": 96.18, "omega": 100.87, "M": 0.68, "D": 0.01, "R": 0.43, "sving": 0.06, "os": 0.65, "foss": 0.34, "juv": 0.0, "B": 0.63, "Q": 23.2, "w": 39.34, "h": 0.38, "S": 0.01743, "elv": "Inna", "km": 0.4}}, {"type": "Feature", "geometry": {"type": "LineString", "coordinates": [[10.01789, 62.65428], [10.01879, 62.65508]]}, "properties": {"P": 41.36, "tau": 85.44, "tau_c": 115.93, "omega": 146.62, "M": 0.74, "D": 0.0, "R": 0.5, "sving": 0.05, "os": 0.4, "foss": 1.0, "juv": 0.0, "B": 0.63, "Q": 23.21, "w": 39.34, "h": 0.34, "S": 0.02533, "elv": "Inna", "km": 0.5}}, {"type": "Feature", "geometry": {"type": "LineString", "coordinates": [[10.01879, 62.65508], [10.0196, 62.65589]]}, "properties": {"P": 35.15, "tau": 84.66, "tau_c": 112.49, "omega": 145.65, "M": 0.75, "D": 0.0, "R": 0.52, "sving": 0.11, "os": 0.24, "foss": 0.72, "juv": 0.0, "B": 0.63, "Q": 23.25, "w": 37.34, "h": 0.36, "S": 0.02385, "elv": "Inna", "km": 0.6}}, {"type": "Feature", "geometry": {"type": "LineString", "coordinates": [[10.0196, 62.65589], [10.01991, 62.65677]]}, "properties": {"P": 41.2, "tau": 95.19, "tau_c": 122.36, "omega": 172.3, "M": 0.78, "D": 0.02, "R": 0.55, "sving": 0.18, "os": 0.15, "foss": 1.0, "juv": 0.0, "B": 0.63, "Q": 23.25, "w": 37.36, "h": 0.34, "S": 0.02822, "elv": "Inna", "km": 0.7}}, {"type": "Feature", "geometry": {"type": "LineString", "coordinates": [[10.01991, 62.65677], [10.02036, 62.65764]]}, "properties": {"P": 33.87, "tau": 96.81, "tau_c": 122.82, "omega": 176.94, "M": 0.79, "D": 0.06, "R": 0.56, "sving": 0.03, "os": 0.09, "foss": 0.72, "juv": 0.0, "B": 0.63, "Q": 23.27, "w": 36.68, "h": 0.35, "S": 0.02843, "elv": "Inna", "km": 0.8}}, {"type": "Feature", "geometry": {"type": "LineString", "coordinates": [[10.02555, 62.66483], [10.02528, 62.66559]]}, "properties": {"P": 45.71, "tau": 237.89, "tau_c": 215.06, "omega": 657.23, "M": 1.11, "D": -0.0, "R": 0.88, "sving": 0.04, "os": 0.0, "foss": 1.0, "juv": 0.0, "B": 0.63, "Q": 23.63, "w": 30.75, "h": 0.28, "S": 0.08717, "elv": "Inna", "km": 1.8}}, {"type": "Feature", "geometry": {"type": "LineString", "coordinates": [[10.02528, 62.66559], [10.02503, 62.66628]]}, "properties": {"P": 52.39, "tau": 257.98, "tau_c": 218.67, "omega": 746.79, "M": 1.18, "D": 0.01, "R": 0.92, "sving": 0.32, "os": 0.0, "foss": 1.0, "juv": 0.0, "B": 0.63, "Q": 23.65, "w": 28.0, "h": 0.29, "S": 0.09013, "elv": "Inna", "km": 1.9}}, {"type": "Feature", "geometry": {"type": "LineString", "coordinates": [[10.02503, 62.66628], [10.02527, 62.66709]]}, "properties": {"P": 55.69, "tau": 242.19, "tau_c": 215.42, "omega": 676.47, "M": 1.12, "D": 0.06, "R": 0.89, "sving": 0.48, "os": 0.0, "foss": 1.0, "juv": 0.0, "B": 0.63, "Q": 23.65, "w": 30.0, "h": 0.28, "S": 0.08746, "elv": "Inna", "km": 2.0}}, {"type": "Feature", "geometry": {"type": "LineString", "coordinates": [[10.02527, 62.66709], [10.0258, 62.66775]]}, "properties": {"P": 49.8, "tau": 222.59, "tau_c": 210.59, "omega": 593.03, "M": 1.06, "D": 0.13, "R": 0.84, "sving": 0.43, "os": 0.0, "foss": 0.72, "juv": 0.0, "B": 0.63, "Q": 23.7, "w": 32.77, "h": 0.27, "S": 0.08359, "elv": "Inna", "km": 2.1}}, {"type": "Feature", "geometry": {"type": "LineString", "coordinates": [[10.0258, 62.66775], [10.02751, 62.66814]]}, "properties": {"P": 41.62, "tau": 176.69, "tau_c": 187.66, "omega": 419.87, "M": 0.94, "D": 0.23, "R": 0.74, "sving": 0.23, "os": 0.0, "foss": 0.51, "juv": 0.0, "B": 0.63, "Q": 23.71, "w": 36.77, "h": 0.27, "S": 0.06638, "elv": "Inna", "km": 2.2}}, {"type": "Feature", "geometry": {"type": "LineString", "coordinates": [[10.02751, 62.66814], [10.02914, 62.66863]]}, "properties": {"P": 37.12, "tau": 153.5, "tau_c": 173.59, "omega": 340.98, "M": 0.88, "D": 0.27, "R": 0.68, "sving": 0.18, "os": 0.0, "foss": 0.37, "juv": 0.0, "B": 0.63, "Q": 23.73, "w": 38.77, "h": 0.28, "S": 0.0568, "elv": "Inna", "km": 2.3}}, {"type": "Feature", "geometry": {"type": "LineString", "coordinates": [[10.02914, 62.66863], [10.03046, 62.66928]]}, "properties": {"P": 43.74, "tau": 89.39, "tau_c": 117.83, "omega": 157.16, "M": 0.76, "D": 0.28, "R": 0.52, "sving": 0.14, "os": 0.0, "foss": 1.0, "juv": 0.0, "B": 0.63, "Q": 23.74, "w": 38.77, "h": 0.35, "S": 0.02617, "elv": "Inna", "km": 2.4}}, {"type": "Feature", "geometry": {"type": "LineString", "coordinates": [[10.03046, 62.66928], [10.03189, 62.66989]]}, "properties": {"P": 42.68, "tau": 91.18, "tau_c": 119.49, "omega": 161.7, "M": 0.76, "D": 0.18, "R": 0.53, "sving": 0.22, "os": 0.0, "foss": 1.0, "juv": 0.0, "B": 0.63, "Q": 23.74, "w": 38.77, "h": 0.35, "S": 0.02691, "elv": "Inna", "km": 2.5}}, {"type": "Feature", "geometry": {"type": "LineString", "coordinates": [[10.03189, 62.66989], [10.0332, 62.67056]]}, "properties": {"P": 37.12, "tau": 97.28, "tau_c": 125.17, "omega": 177.44, "M": 0.78, "D": 0.09, "R": 0.55, "sving": 0.28, "os": 0.0, "foss": 0.72, "juv": 0.0, "B": 0.63, "Q": 23.75, "w": 38.78, "h": 0.34, "S": 0.02953, "elv": "Inna", "km": 2.6}}, {"type": "Feature", "geometry": {"type": "LineString", "coordinates": [[10.0332, 62.67056], [10.03396, 62.67137]]}, "properties": {"P": 30.76, "tau": 97.74, "tau_c": 125.58, "omega": 178.64, "M": 0.78, "D": 0.05, "R": 0.55, "sving": 0.19, "os": 0.0, "foss": 0.51, "juv": 0.0, "B": 0.63, "Q": 23.76, "w": 38.78, "h": 0.34, "S": 0.02972, "elv": "Inna", "km": 2.7}}, {"type": "Feature", "geometry": {"type": "LineString", "coordinates": [[10.03396, 62.67137], [10.03395, 62.6722]]}, "properties": {"P": 26.72, "tau": 87.1, "tau_c": 115.6, "omega": 151.47, "M": 0.75, "D": 0.11, "R": 0.52, "sving": 0.09, "os": 0.0, "foss": 0.37, "juv": 0.0, "B": 0.63, "Q": 23.77, "w": 38.78, "h": 0.35, "S": 0.02519, "elv": "Inna", "km": 2.8}}, {"type": "Feature", "geometry": {"type": "LineString", "coordinates": [[10.03395, 62.6722], [10.03458, 62.67305]]}, "properties": {"P": 18.55, "tau": 69.27, "tau_c": 100.27, "omega": 108.42, "M": 0.69, "D": 0.16, "R": 0.43, "sving": 0.08, "os": 0.0, "foss": 0.0, "juv": 0.0, "B": 0.63, "Q": 23.78, "w": 40.78, "h": 0.37, "S": 0.01895, "elv": "Inna", "km": 2.9}}, {"type": "Feature", "geometry": {"type": "LineString", "coordinates": [[10.03458, 62.67305], [10.03551, 62.67384]]}, "properties": {"P": 17.44, "tau": 68.48, "tau_c": 100.27, "omega": 106.39, "M": 0.68, "D": 0.15, "R": 0.42, "sving": 0.05, "os": 0.0, "foss": 0.0, "juv": 0.0, "B": 0.63, "Q": 23.78, "w": 41.56, "h": 0.37, "S": 0.01895, "elv": "Inna", "km": 3.0}}, {"type": "Feature", "geometry": {"type": "LineString", "coordinates": [[10.03551, 62.67384], [10.03587, 62.67471]]}, "properties": {"P": 33.58, "tau": 59.95, "tau_c": 90.4, "omega": 88.14, "M": 0.66, "D": 0.12, "R": 0.4, "sving": 0.02, "os": 0.0, "foss": 1.0, "juv": 0.0, "B": 0.63, "Q": 23.79, "w": 40.78, "h": 0.4, "S": 0.0154, "elv": "Inna", "km": 3.1}}, {"type": "Feature", "geometry": {"type": "LineString", "coordinates": [[10.03587, 62.67471], [10.03611, 62.6756]]}, "properties": {"P": 26.7, "tau": 53.04, "tau_c": 83.48, "omega": 73.77, "M": 0.64, "D": 0.06, "R": 0.36, "sving": 0.06, "os": 0.0, "foss": 0.72, "juv": 0.0, "B": 0.63, "Q": 23.79, "w": 41.56, "h": 0.41, "S": 0.01314, "elv": "Inna", "km": 3.2}}, {"type": "Feature", "geometry": {"type": "LineString", "coordinates": [[10.03611, 62.6756], [10.03661, 62.67642]]}, "properties": {"P": 22.73, "tau": 60.69, "tau_c": 92.69, "omega": 89.3, "M": 0.65, "D": 0.02, "R": 0.39, "sving": 0.06, "os": 0.0, "foss": 0.51, "juv": 0.0, "B": 0.63, "Q": 23.81, "w": 42.35, "h": 0.38, "S": 0.01619, "elv": "Inna", "km": 3.3}}, {"type": "Feature", "geometry": {"type": "LineString", "coordinates": [[10.03661, 62.67642], [10.0372, 62.67722]]}, "properties": {"P": 20.43, "tau": 58.79, "tau_c": 90.58, "omega": 85.31, "M": 0.65, "D": 0.0, "R": 0.38, "sving": 0.12, "os": 0.0, "foss": 0.37, "juv": 0.0, "B": 0.63, "Q": 23.81, "w": 42.35, "h": 0.39, "S": 0.01547, "elv": "Inna", "km": 3.4}}, {"type": "Feature", "geometry": {"type": "LineString", "coordinates": [[10.0372, 62.67722], [10.03727, 62.67809]]}, "properties": {"P": 14.93, "tau": 55.53, "tau_c": 86.95, "omega": 78.62, "M": 0.64, "D": -0.0, "R": 0.36, "sving": 0.21, "os": 0.0, "foss": 0.0, "juv": 0.0, "B": 0.63, "Q": 23.82, "w": 42.35, "h": 0.4, "S": 0.01425, "elv": "Inna", "km": 3.5}}, {"type": "Feature", "geometry": {"type": "LineString", "coordinates": [[10.03727, 62.67809], [10.03692, 62.67895]]}, "properties": {"P": 14.01, "tau": 64.16, "tau_c": 96.43, "omega": 96.69, "M": 0.67, "D": -0.0, "R": 0.4, "sving": 0.1, "os": 0.0, "foss": 0.0, "juv": 0.0, "B": 0.63, "Q": 23.82, "w": 42.35, "h": 0.37, "S": 0.01753, "elv": "Inna", "km": 3.6}}, {"type": "Feature", "geometry": {"type": "LineString", "coordinates": [[10.03692, 62.67895], [10.03636, 62.6798]]}, "properties": {"P": 12.87, "tau": 66.61, "tau_c": 98.24, "omega": 102.28, "M": 0.68, "D": -0.0, "R": 0.42, "sving": 0.01, "os": 0.0, "foss": 0.0, "juv": 0.0, "B": 0.63, "Q": 23.83, "w": 41.57, "h": 0.37, "S": 0.01819, "elv": "Inna", "km": 3.7}}, {"type": "Feature", "geometry": {"type": "LineString", "coordinates": [[10.03636, 62.6798], [10.03647, 62.6807]]}, "properties": {"P": 18.29, "tau": 78.87, "tau_c": 110.89, "omega": 130.3, "M": 0.71, "D": -0.0, "R": 0.46, "sving": 0.23, "os": 0.0, "foss": 0.0, "juv": 0.0, "B": 0.63, "Q": 23.83, "w": 41.58, "h": 0.35, "S": 0.02318, "elv": "Inna", "km": 3.8}}, {"type": "Feature", "geometry": {"type": "LineString", "coordinates": [[10.03647, 62.6807], [10.0366, 62.68159]]}, "properties": {"P": 15.62, "tau": 77.02, "tau_c": 109.87, "omega": 125.65, "M": 0.7, "D": -0.0, "R": 0.45, "sving": 0.11, "os": 0.0, "foss": 0.0, "juv": 0.0, "B": 0.63, "Q": 23.86, "w": 42.38, "h": 0.35, "S": 0.02275, "elv": "Inna", "km": 3.9}}, {"type": "Feature", "geometry": {"type": "LineString", "coordinates": [[10.0366, 62.68159], [10.03741, 62.6824]]}, "properties": {"P": 33.3, "tau": 85.13, "tau_c": 117.99, "omega": 145.04, "M": 0.72, "D": -0.0, "R": 0.48, "sving": 0.03, "os": 0.0, "foss": 1.0, "juv": 0.0, "B": 0.63, "Q": 23.89, "w": 42.4, "h": 0.33, "S": 0.02624, "elv": "Inna", "km": 4.0}}, {"type": "Feature", "geometry": {"type": "LineString", "coordinates": [[10.03741, 62.6824], [10.0374, 62.68329]]}, "properties": {"P": 29.41, "tau": 87.34, "tau_c": 121.17, "omega": 150.09, "M": 0.72, "D": -0.0, "R": 0.47, "sving": 0.1, "os": 0.0, "foss": 0.72, "juv": 0.0, "B": 0.63, "Q": 23.89, "w": 43.22, "h": 0.32, "S": 0.02767, "elv": "Inna", "km": 4.1}}, {"type": "Feature", "geometry": {"type": "LineString", "coordinates": [[10.0374, 62.68329], [10.03736, 62.68418]]}, "properties": {"P": 37.93, "tau": 98.82, "tau_c": 129.65, "omega": 180.24, "M": 0.76, "D": 0.0, "R": 0.53, "sving": 0.19, "os": 0.0, "foss": 1.0, "juv": 0.0, "B": 0.63, "Q": 23.9, "w": 41.22, "h": 0.32, "S": 0.03168, "elv": "Inna", "km": 4.2}}, {"type": "Feature", "geometry": {"type": "LineString", "coordinates": [[10.03736, 62.68418], [10.03799, 62.68501]]}, "properties": {"P": 37.27, "tau": 97.26, "tau_c": 127.95, "omega": 176.26, "M": 0.76, "D": 0.04, "R": 0.53, "sving": 0.04, "os": 0.07, "foss": 1.0, "juv": 0.0, "B": 0.63, "Q": 24.01, "w": 41.24, "h": 0.32, "S": 0.03086, "elv": "Inna", "km": 4.3}}, {"type": "Feature", "geometry": {"type": "LineString", "coordinates": [[10.03799, 62.68501], [10.03786, 62.68589]]}, "properties": {"P": 39.17, "tau": 84.58, "tau_c": 116.35, "omega": 144.09, "M": 0.73, "D": 0.09, "R": 0.48, "sving": 0.11, "os": 0.11, "foss": 1.0, "juv": 0.0, "B": 0.63, "Q": 24.02, "w": 41.73, "h": 0.34, "S": 0.02552, "elv": "Inna", "km": 4.4}}, {"type": "Feature", "geometry": {"type": "LineString", "coordinates": [[10.03786, 62.68589], [10.03766, 62.68676]]}, "properties": {"P": 35.07, "tau": 77.83, "tau_c": 110.16, "omega": 127.74, "M": 0.71, "D": 0.13, "R": 0.46, "sving": 0.08, "os": 0.19, "foss": 0.72, "juv": 0.0, "B": 0.63, "Q": 24.03, "w": 42.21, "h": 0.35, "S": 0.02287, "elv": "Inna", "km": 4.5}}, {"type": "Feature", "geometry": {"type": "LineString", "coordinates": [[10.03766, 62.68676], [10.03816, 62.68763]]}, "properties": {"P": 34.04, "tau": 69.06, "tau_c": 97.25, "omega": 108.96, "M": 0.71, "D": 0.17, "R": 0.46, "sving": 0.04, "os": 0.3, "foss": 0.51, "juv": 0.0, "B": 0.64, "Q": 26.59, "w": 42.67, "h": 0.39, "S": 0.01782, "elv": "Inna", "km": 4.6}}, {"type": "Feature", "geometry": {"type": "LineString", "coordinates": [[10.03816, 62.68763], [10.03841, 62.68852]]}, "properties": {"P": 36.44, "tau": 60.37, "tau_c": 91.23, "omega": 89.03, "M": 0.66, "D": 0.17, "R": 0.39, "sving": 0.15, "os": 0.49, "foss": 0.45, "juv": 0.0, "B": 0.64, "Q": 26.59, "w": 45.96, "h": 0.39, "S": 0.01569, "elv": "Inna", "km": 4.7}}, {"type": "Feature", "geometry": {"type": "LineString", "coordinates": [[10.03841, 62.68852], [10.03849, 62.68941]]}, "properties": {"P": 37.93, "tau": 46.2, "tau_c": 75.65, "omega": 60.61, "M": 0.61, "D": 0.14, "R": 0.33, "sving": 0.14, "os": 0.8, "foss": 0.38, "juv": 0.0, "B": 0.64, "Q": 26.59, "w": 46.43, "h": 0.44, "S": 0.01079, "elv": "Inna", "km": 4.8}}, {"type": "Feature", "geometry": {"type": "LineString", "coordinates": [[10.03849, 62.68941], [10.03908, 62.69026]]}, "properties": {"P": 32.35, "tau": 51.61, "tau_c": 81.84, "omega": 71.05, "M": 0.63, "D": 0.07, "R": 0.35, "sving": 0.02, "os": 0.75, "foss": 0.3, "juv": 0.0, "B": 0.64, "Q": 26.64, "w": 46.44, "h": 0.42, "S": 0.01262, "elv": "Inna", "km": 4.9}}, {"type": "Feature", "geometry": {"type": "LineString", "coordinates": [[10.03908, 62.69026], [10.03889, 62.69113]]}, "properties": {"P": 21.54, "tau": 53.23, "tau_c": 83.68, "omega": 74.25, "M": 0.64, "D": 0.02, "R": 0.36, "sving": 0.07, "os": 0.46, "foss": 0.0, "juv": 0.0, "B": 0.64, "Q": 26.65, "w": 46.47, "h": 0.41, "S": 0.0132, "elv": "Inna", "km": 5.0}}, {"type": "Feature", "geometry": {"type": "LineString", "coordinates": [[10.03889, 62.69113], [10.03903, 62.69195]]}, "properties": {"P": 18.23, "tau": 48.79, "tau_c": 78.65, "omega": 65.55, "M": 0.62, "D": -0.0, "R": 0.34, "sving": 0.13, "os": 0.29, "foss": 0.0, "juv": 0.0, "B": 0.64, "Q": 26.65, "w": 46.5, "h": 0.43, "S": 0.01166, "elv": "Inna", "km": 5.1}}, {"type": "Feature", "geometry": {"type": "LineString", "coordinates": [[10.03903, 62.69195], [10.03873, 62.69282]]}, "properties": {"P": 18.93, "tau": 63.77, "tau_c": 95.13, "omega": 96.23, "M": 0.67, "D": -0.0, "R": 0.41, "sving": 0.16, "os": 0.18, "foss": 0.0, "juv": 0.0, "B": 0.64, "Q": 26.75, "w": 46.52, "h": 0.38, "S": 0.01706, "elv": "Inna", "km": 5.2}}, {"type": "Feature", "geometry": {"type": "LineString", "coordinates": [[10.03873, 62.69282], [10.03864, 62.69371]]}, "properties": {"P": 15.29, "tau": 59.42, "tau_c": 90.46, "omega": 86.98, "M": 0.66, "D": -0.0, "R": 0.39, "sving": 0.07, "os": 0.11, "foss": 0.0, "juv": 0.0, "B": 0.64, "Q": 26.76, "w": 46.54, "h": 0.39, "S": 0.01542, "elv": "Inna", "km": 5.3}}, {"type": "Feature", "geometry": {"type": "LineString", "coordinates": [[10.03864, 62.69371], [10.03927, 62.69453]]}, "properties": {"P": 36.55, "tau": 68.53, "tau_c": 98.94, "omega": 107.08, "M": 0.69, "D": -0.0, "R": 0.44, "sving": 0.18, "os": 0.07, "foss": 1.0, "juv": 0.0, "B": 0.64, "Q": 26.77, "w": 45.25, "h": 0.38, "S": 0.01845, "elv": "Inna", "km": 5.4}}, {"type": "Feature", "geometry": {"type": "LineString", "coordinates": [[10.03927, 62.69453], [10.03977, 62.69539]]}, "properties": {"P": 28.74, "tau": 73.02, "tau_c": 103.52, "omega": 117.27, "M": 0.71, "D": -0.0, "R": 0.45, "sving": 0.08, "os": 0.0, "foss": 0.72, "juv": 0.0, "B": 0.64, "Q": 26.79, "w": 45.27, "h": 0.37, "S": 0.0202, "elv": "Inna", "km": 5.5}}, {"type": "Feature", "geometry": {"type": "LineString", "coordinates": [[10.03977, 62.69539], [10.04039, 62.69623]]}, "properties": {"P": 35.11, "tau": 90.42, "tau_c": 120.54, "omega": 159.31, "M": 0.75, "D": -0.0, "R": 0.51, "sving": 0.04, "os": 0.0, "foss": 1.0, "juv": 0.0, "B": 0.64, "Q": 26.86, "w": 45.29, "h": 0.34, "S": 0.02738, "elv": "Inna", "km": 5.6}}, {"type": "Feature", "geometry": {"type": "LineString", "coordinates": [[10.04039, 62.69623], [10.04072, 62.69711]]}, "properties": {"P": 31.21, "tau": 90.38, "tau_c": 120.54, "omega": 159.21, "M": 0.75, "D": -0.0, "R": 0.51, "sving": 0.12, "os": 0.0, "foss": 0.72, "juv": 0.0, "B": 0.64, "Q": 26.86, "w": 45.32, "h": 0.34, "S": 0.02738, "elv": "Inna", "km": 5.7}}, {"type": "Feature", "geometry": {"type": "LineString", "coordinates": [[10.04072, 62.69711], [10.04115, 62.69799]]}, "properties": {"P": 35.74, "tau": 100.21, "tau_c": 129.81, "omega": 184.56, "M": 0.77, "D": -0.0, "R": 0.54, "sving": 0.03, "os": 0.0, "foss": 1.0, "juv": 0.0, "B": 0.64, "Q": 26.87, "w": 45.36, "h": 0.32, "S": 0.03176, "elv": "Inna", "km": 5.8}}, {"type": "Feature", "geometry": {"type": "LineString", "coordinates": [[10.04115, 62.69799], [10.0422, 62.69874]]}, "properties": {"P": 32.13, "tau": 109.11, "tau_c": 135.04, "omega": 209.8, "M": 0.81, "D": -0.0, "R": 0.59, "sving": 0.04, "os": 0.0, "foss": 0.72, "juv": 0.0, "B": 0.64, "Q": 26.98, "w": 43.36, "h": 0.32, "S": 0.03437, "elv": "Inna", "km": 5.9}}, {"type": "Feature", "geometry": {"type": "LineString", "coordinates": [[10.0422, 62.69874], [10.04298, 62.69956]]}, "properties": {"P": 42.39, "tau": 118.05, "tau_c": 137.97, "omega": 237.22, "M": 0.86, "D": -0.0, "R": 0.65, "sving": 0.22, "os": 0.0, "foss": 1.0, "juv": 0.0, "B": 0.64, "Q": 26.98, "w": 40.03, "h": 0.34, "S": 0.03588, "elv": "Inna", "km": 6.0}}, {"type": "Feature", "geometry": {"type": "LineString", "coordinates": [[10.04298, 62.69956], [10.04309, 62.70045]]}, "properties": {"P": 42.74, "tau": 127.94, "tau_c": 137.28, "omega": 270.94, "M": 0.93, "D": -0.0, "R": 0.73, "sving": 0.38, "os": 0.0, "foss": 0.72, "juv": 0.0, "B": 0.64, "Q": 26.98, "w": 34.7, "h": 0.37, "S": 0.03552, "elv": "Inna", "km": 6.1}}, {"type": "Feature", "geometry": {"type": "LineString", "coordinates": [[10.04309, 62.70045], [10.04242, 62.70129]]}, "properties": {"P": 49.73, "tau": 162.79, "tau_c": 151.56, "omega": 390.41, "M": 1.07, "D": -0.0, "R": 0.86, "sving": 0.26, "os": 0.0, "foss": 1.0, "juv": 0.0, "B": 0.64, "Q": 26.98, "w": 29.35, "h": 0.38, "S": 0.04329, "elv": "Inna", "km": 6.2}}, {"type": "Feature", "geometry": {"type": "LineString", "coordinates": [[10.04242, 62.70129], [10.0416, 62.7021]]}, "properties": {"P": 47.11, "tau": 206.11, "tau_c": 164.18, "omega": 560.26, "M": 1.26, "D": -0.0, "R": 0.96, "sving": 0.24, "os": 0.0, "foss": 0.72, "juv": 0.0, "B": 0.64, "Q": 26.98, "w": 24.0, "h": 0.41, "S": 0.05081, "elv": "Inna", "km": 6.3}}, {"type": "Feature", "geometry": {"type": "LineString", "coordinates": [[10.0416, 62.7021], [10.04108, 62.70291]]}, "properties": {"P": 50.46, "tau": 187.55, "tau_c": 147.54, "omega": 493.56, "M": 1.27, "D": 0.02, "R": 0.96, "sving": 0.09, "os": 0.0, "foss": 1.0, "juv": 0.0, "B": 0.64, "Q": 26.98, "w": 22.0, "h": 0.47, "S": 0.04103, "elv": "Inna", "km": 6.4}}, {"type": "Feature", "geometry": {"type": "LineString", "coordinates": [[10.04108, 62.70291], [10.04004, 62.70365]]}, "properties": {"P": 50.21, "tau": 187.92, "tau_c": 147.75, "omega": 494.98, "M": 1.27, "D": 0.03, "R": 0.96, "sving": 0.08, "os": 0.0, "foss": 1.0, "juv": 0.0, "B": 0.64, "Q": 26.98, "w": 22.0, "h": 0.47, "S": 0.04115, "elv": "Inna", "km": 6.5}}, {"type": "Feature", "geometry": {"type": "LineString", "coordinates": [[10.04004, 62.70365], [10.03984, 62.70454]]}, "properties": {"P": 44.05, "tau": 178.33, "tau_c": 147.95, "omega": 455.0, "M": 1.21, "D": 0.05, "R": 0.94, "sving": 0.03, "os": 0.0, "foss": 0.72, "juv": 0.0, "B": 0.64, "Q": 26.98, "w": 24.0, "h": 0.44, "S": 0.04126, "elv": "Inna", "km": 6.6}}, {"type": "Feature", "geometry": {"type": "LineString", "coordinates": [[10.03984, 62.70454], [10.03939, 62.70541]]}, "properties": {"P": 43.73, "tau": 185.76, "tau_c": 151.8, "omega": 483.02, "M": 1.22, "D": 0.06, "R": 0.94, "sving": 0.2, "os": 0.0, "foss": 0.51, "juv": 0.0, "B": 0.64, "Q": 27.21, "w": 24.0, "h": 0.44, "S": 0.04343, "elv": "Inna", "km": 6.7}}, {"type": "Feature", "geometry": {"type": "LineString", "coordinates": [[10.03939, 62.70541], [10.03902, 62.70629]]}, "properties": {"P": 49.34, "tau": 155.6, "tau_c": 133.37, "omega": 374.64, "M": 1.17, "D": 0.07, "R": 0.92, "sving": 0.05, "os": 0.0, "foss": 1.0, "juv": 0.0, "B": 0.64, "Q": 27.34, "w": 24.0, "h": 0.47, "S": 0.03353, "elv": "Inna", "km": 6.8}}, {"type": "Feature", "geometry": {"type": "LineString", "coordinates": [[10.03902, 62.70629], [10.03893, 62.70718]]}, "properties": {"P": 48.59, "tau": 147.0, "tau_c": 132.55, "omega": 342.47, "M": 1.11, "D": 0.07, "R": 0.88, "sving": 0.07, "os": 0.0, "foss": 1.0, "juv": 0.0, "B": 0.64, "Q": 27.41, "w": 26.0, "h": 0.45, "S": 0.03311, "elv": "Inna", "km": 6.9}}, {"type": "Feature", "geometry": {"type": "LineString", "coordinates": [[10.03893, 62.70718], [10.0385, 62.70805]]}, "properties": {"P": 51.32, "tau": 174.06, "tau_c": 144.38, "omega": 440.31, "M": 1.21, "D": 0.08, "R": 0.94, "sving": 0.1, "os": 0.0, "foss": 1.0, "juv": 0.0, "B": 0.64, "Q": 27.41, "w": 24.0, "h": 0.45, "S": 0.03929, "elv": "Inna", "km": 7.0}}, {"type": "Feature", "geometry": {"type": "LineString", "coordinates": [[10.0385, 62.70805], [10.0384, 62.7089]]}, "properties": {"P": 42.8, "tau": 134.04, "tau_c": 147.81, "omega": 286.43, "M": 0.91, "D": 0.07, "R": 0.7, "sving": 0.04, "os": 0.0, "foss": 1.0, "juv": 0.0, "B": 0.64, "Q": 27.46, "w": 38.72, "h": 0.33, "S": 0.04118, "elv": "Inna", "km": 7.1}}, {"type": "Feature", "geometry": {"type": "LineString", "coordinates": [[10.0384, 62.7089], [10.03854, 62.70979]]}, "properties": {"P": 38.46, "tau": 107.3, "tau_c": 147.36, "omega": 198.86, "M": 0.73, "D": 0.04, "R": 0.48, "sving": 0.15, "os": 0.06, "foss": 1.0, "juv": 0.0, "B": 0.64, "Q": 27.46, "w": 55.44, "h": 0.27, "S": 0.04093, "elv": "Inna", "km": 7.2}}, {"type": "Feature", "geometry": {"type": "LineString", "coordinates": [[9.9278, 62.75041], [9.92914, 62.74978]]}, "properties": {"P": 39.36, "tau": 39.31, "tau_c": 128.14, "omega": 38.68, "M": 0.31, "D": 0.0, "R": 0.03, "sving": 0.43, "os": 1.0, "foss": 1.0, "juv": 0.0, "B": 0.55, "Q": 1.32, "w": 10.33, "h": 0.13, "S": 0.03095, "elv": "Hevra", "km": 0.0}}, {"type": "Feature", "geometry": {"type": "LineString", "coordinates": [[9.92914, 62.74978], [9.9295, 62.7489]]}, "properties": {"P": 31.17, "tau": 42.98, "tau_c": 136.55, "omega": 43.98, "M": 0.31, "D": 0.0, "R": 0.03, "sving": 0.31, "os": 0.61, "foss": 1.0, "juv": 0.0, "B": 0.55, "Q": 1.32, "w": 10.33, "h": 0.12, "S": 0.03514, "elv": "Hevra", "km": 0.1}}, {"type": "Feature", "geometry": {"type": "LineString", "coordinates": [[9.9295, 62.7489], [9.9298, 62.74819]]}, "properties": {"P": 20.46, "tau": 44.6, "tau_c": 140.19, "omega": 46.38, "M": 0.32, "D": 0.0, "R": 0.04, "sving": 0.14, "os": 0.39, "foss": 0.72, "juv": 0.0, "B": 0.55, "Q": 1.32, "w": 10.33, "h": 0.12, "S": 0.03704, "elv": "Hevra", "km": 0.2}}, {"type": "Feature", "geometry": {"type": "LineString", "coordinates": [[9.9298, 62.74819], [9.93146, 62.74805]]}, "properties": {"P": 27.61, "tau": 45.92, "tau_c": 143.6, "omega": 48.31, "M": 0.32, "D": 0.0, "R": 0.04, "sving": 0.44, "os": 0.26, "foss": 1.0, "juv": 0.0, "B": 0.54, "Q": 1.32, "w": 10.41, "h": 0.12, "S": 0.03886, "elv": "Hevra", "km": 0.3}}, {"type": "Feature", "geometry": {"type": "LineString", "coordinates": [[9.93146, 62.74805], [9.93321, 62.74768]]}, "properties": {"P": 26.39, "tau": 46.08, "tau_c": 144.44, "omega": 48.52, "M": 0.32, "D": 0.0, "R": 0.04, "sving": 0.44, "os": 0.2, "foss": 1.0, "juv": 0.0, "B": 0.54, "Q": 1.32, "w": 10.49, "h": 0.12, "S": 0.03933, "elv": "Hevra", "km": 0.4}}, {"type": "Feature", "geometry": {"type": "LineString", "coordinates": [[9.93321, 62.74768], [9.93496, 62.74751]]}, "properties": {"P": 19.78, "tau": 50.91, "tau_c": 151.09, "omega": 56.42, "M": 0.34, "D": 0.0, "R": 0.05, "sving": 0.06, "os": 0.13, "foss": 1.0, "juv": 0.0, "B": 0.54, "Q": 1.41, "w": 10.57, "h": 0.12, "S": 0.04303, "elv": "Hevra", "km": 0.5}}, {"type": "Feature", "geometry": {"type": "LineString", "coordinates": [[9.93496, 62.74751], [9.93683, 62.74732]]}, "properties": {"P": 21.46, "tau": 51.4, "tau_c": 152.16, "omega": 57.22, "M": 0.34, "D": 0.04, "R": 0.05, "sving": 0.15, "os": 0.09, "foss": 1.0, "juv": 0.0, "B": 0.54, "Q": 1.42, "w": 10.66, "h": 0.12, "S": 0.04364, "elv": "Hevra", "km": 0.6}}, {"type": "Feature", "geometry": {"type": "LineString", "coordinates": [[9.93683, 62.74732], [9.93866, 62.74703]]}, "properties": {"P": 21.67, "tau": 44.85, "tau_c": 138.34, "omega": 47.03, "M": 0.32, "D": 0.11, "R": 0.04, "sving": 0.13, "os": 0.06, "foss": 1.0, "juv": 0.0, "B": 0.54, "Q": 1.43, "w": 10.75, "h": 0.13, "S": 0.03607, "elv": "Hevra", "km": 0.7}}, {"type": "Feature", "geometry": {"type": "LineString", "coordinates": [[9.93866, 62.74703], [9.94061, 62.74702]]}, "properties": {"P": 25.44, "tau": 38.13, "tau_c": 123.25, "omega": 37.26, "M": 0.31, "D": 0.17, "R": 0.03, "sving": 0.36, "os": 0.0, "foss": 1.0, "juv": 0.0, "B": 0.54, "Q": 1.43, "w": 10.77, "h": 0.14, "S": 0.02863, "elv": "Hevra", "km": 0.8}}, {"type": "Feature", "geometry": {"type": "LineString", "coordinates": [[9.9468, 62.74808], [9.94847, 62.74819]]}, "properties": {"P": 19.6, "tau": 39.37, "tau_c": 125.38, "omega": 39.07, "M": 0.31, "D": -0.0, "R": 0.03, "sving": 0.23, "os": 0.0, "foss": 1.0, "juv": 0.0, "B": 0.53, "Q": 1.47, "w": 10.92, "h": 0.14, "S": 0.02963, "elv": "Hevra", "km": 1.4}}, {"type": "Feature", "geometry": {"type": "LineString", "coordinates": [[9.94847, 62.74819], [9.9501, 62.74817]]}, "properties": {"P": 19.73, "tau": 53.41, "tau_c": 155.4, "omega": 60.59, "M": 0.34, "D": -0.0, "R": 0.05, "sving": 0.22, "os": 0.0, "foss": 1.0, "juv": 0.0, "B": 0.53, "Q": 1.49, "w": 10.95, "h": 0.12, "S": 0.04552, "elv": "Hevra", "km": 1.5}}, {"type": "Feature", "geometry": {"type": "LineString", "coordinates": [[9.9501, 62.74817], [9.95195, 62.74824]]}, "properties": {"P": 17.64, "tau": 71.88, "tau_c": 192.31, "omega": 92.75, "M": 0.37, "D": -0.0, "R": 0.07, "sving": 0.05, "os": 0.0, "foss": 1.0, "juv": 0.0, "B": 0.53, "Q": 1.49, "w": 10.97, "h": 0.11, "S": 0.06971, "elv": "Hevra", "km": 1.6}}, {"type": "Feature", "geometry": {"type": "LineString", "coordinates": [[9.95195, 62.74824], [9.95375, 62.74846]]}, "properties": {"P": 18.17, "tau": 79.47, "tau_c": 206.59, "omega": 107.12, "M": 0.38, "D": -0.0, "R": 0.08, "sving": 0.08, "os": 0.0, "foss": 1.0, "juv": 0.0, "B": 0.52, "Q": 1.49, "w": 10.99, "h": 0.1, "S": 0.08044, "elv": "Hevra", "km": 1.7}}, {"type": "Feature", "geometry": {"type": "LineString", "coordinates": [[9.95375, 62.74846], [9.95555, 62.74847]]}, "properties": {"P": 18.39, "tau": 93.27, "tau_c": 231.83, "omega": 134.72, "M": 0.4, "D": -0.0, "R": 0.09, "sving": 0.07, "os": 0.0, "foss": 1.0, "juv": 0.0, "B": 0.52, "Q": 1.49, "w": 11.0, "h": 0.09, "S": 0.1013, "elv": "Hevra", "km": 1.8}}, {"type": "Feature", "geometry": {"type": "LineString", "coordinates": [[9.95555, 62.74847], [9.95709, 62.74859]]}, "properties": {"P": 20.13, "tau": 100.69, "tau_c": 244.61, "omega": 150.38, "M": 0.41, "D": -0.0, "R": 0.1, "sving": 0.18, "os": 0.0, "foss": 1.0, "juv": 0.0, "B": 0.52, "Q": 1.5, "w": 11.02, "h": 0.09, "S": 0.11278, "elv": "Hevra", "km": 1.9}}, {"type": "Feature", "geometry": {"type": "LineString", "coordinates": [[9.95709, 62.74859], [9.9589, 62.74883]]}, "properties": {"P": 18.84, "tau": 118.85, "tau_c": 275.04, "omega": 190.78, "M": 0.43, "D": -0.0, "R": 0.12, "sving": 0.06, "os": 0.0, "foss": 1.0, "juv": 0.0, "B": 0.52, "Q": 1.51, "w": 11.04, "h": 0.08, "S": 0.14258, "elv": "Hevra", "km": 2.0}}, {"type": "Feature", "geometry": {"type": "LineString", "coordinates": [[9.9589, 62.74883], [9.96074, 62.74864]]}, "properties": {"P": 20.37, "tau": 121.15, "tau_c": 278.98, "omega": 196.1, "M": 0.43, "D": -0.0, "R": 0.12, "sving": 0.17, "os": 0.0, "foss": 1.0, "juv": 0.0, "B": 0.52, "Q": 1.51, "w": 11.09, "h": 0.08, "S": 0.1467, "elv": "Hevra", "km": 2.1}}, {"type": "Feature", "geometry": {"type": "LineString", "coordinates": [[9.96074, 62.74864], [9.96265, 62.7488]]}, "properties": {"P": 20.79, "tau": 123.72, "tau_c": 283.76, "omega": 201.96, "M": 0.44, "D": -0.0, "R": 0.12, "sving": 0.2, "os": 0.0, "foss": 1.0, "juv": 0.0, "B": 0.52, "Q": 1.51, "w": 11.16, "h": 0.08, "S": 0.15177, "elv": "Hevra", "km": 2.2}}, {"type": "Feature", "geometry": {"type": "LineString", "coordinates": [[9.96265, 62.7488], [9.96405, 62.74925]]}, "properties": {"P": 18.45, "tau": 138.18, "tau_c": 303.17, "omega": 237.57, "M": 0.46, "D": -0.0, "R": 0.14, "sving": 0.0, "os": 0.0, "foss": 1.0, "juv": 0.0, "B": 0.52, "Q": 1.57, "w": 11.21, "h": 0.08, "S": 0.17323, "elv": "Hevra", "km": 2.3}}, {"type": "Feature", "geometry": {"type": "LineString", "coordinates": [[9.96405, 62.74925], [9.96583, 62.74905]]}, "properties": {"P": 19.01, "tau": 145.79, "tau_c": 314.17, "omega": 256.77, "M": 0.46, "D": -0.0, "R": 0.15, "sving": 0.03, "os": 0.0, "foss": 1.0, "juv": 0.0, "B": 0.52, "Q": 1.59, "w": 11.27, "h": 0.08, "S": 0.18604, "elv": "Hevra", "km": 2.4}}, {"type": "Feature", "geometry": {"type": "LineString", "coordinates": [[9.96583, 62.74905], [9.96771, 62.74887]]}, "properties": {"P": 25.17, "tau": 151.16, "tau_c": 319.66, "omega": 271.12, "M": 0.47, "D": 0.01, "R": 0.16, "sving": 0.42, "os": 0.0, "foss": 1.0, "juv": 0.0, "B": 0.52, "Q": 1.59, "w": 11.05, "h": 0.08, "S": 0.19259, "elv": "Hevra", "km": 2.5}}, {"type": "Feature", "geometry": {"type": "LineString", "coordinates": [[9.96771, 62.74887], [9.96924, 62.74894]]}, "properties": {"P": 19.94, "tau": 139.58, "tau_c": 298.87, "omega": 242.58, "M": 0.47, "D": 0.03, "R": 0.15, "sving": 0.06, "os": 0.0, "foss": 1.0, "juv": 0.0, "B": 0.51, "Q": 1.59, "w": 10.8, "h": 0.08, "S": 0.16836, "elv": "Hevra", "km": 2.6}}, {"type": "Feature", "geometry": {"type": "LineString", "coordinates": [[9.96924, 62.74894], [9.97091, 62.74851]]}, "properties": {"P": 21.64, "tau": 137.92, "tau_c": 296.32, "omega": 238.44, "M": 0.47, "D": 0.1, "R": 0.15, "sving": 0.08, "os": 0.0, "foss": 1.0, "juv": 0.0, "B": 0.51, "Q": 1.59, "w": 10.8, "h": 0.08, "S": 0.1655, "elv": "Hevra", "km": 2.7}}, {"type": "Feature", "geometry": {"type": "LineString", "coordinates": [[9.97091, 62.74851], [9.9727, 62.74844]]}, "properties": {"P": 24.49, "tau": 135.09, "tau_c": 291.95, "omega": 231.46, "M": 0.46, "D": 0.22, "R": 0.15, "sving": 0.12, "os": 0.0, "foss": 1.0, "juv": 0.0, "B": 0.51, "Q": 1.59, "w": 10.8, "h": 0.09, "S": 0.16066, "elv": "Hevra", "km": 2.8}}, {"type": "Feature", "geometry": {"type": "LineString", "coordinates": [[9.91026, 62.75133], [9.9119, 62.75176]]}, "properties": {"P": 24.82, "tau": 78.05, "tau_c": 251.46, "omega": 97.19, "M": 0.31, "D": 0.05, "R": 0.03, "sving": 0.23, "os": 0.0, "foss": 1.0, "juv": 0.0, "B": 0.64, "Q": 0.53, "w": 6.42, "h": 0.07, "S": 0.11918, "elv": "Hevra", "km": 3.3}}, {"type": "Feature", "geometry": {"type": "LineString", "coordinates": [[9.9153, 62.75158], [9.91676, 62.75115]]}, "properties": {"P": 27.05, "tau": 66.79, "tau_c": 210.86, "omega": 79.39, "M": 0.32, "D": 0.07, "R": 0.03, "sving": 0.27, "os": 0.0, "foss": 1.0, "juv": 0.0, "B": 0.66, "Q": 0.69, "w": 7.12, "h": 0.08, "S": 0.08381, "elv": "Hevra", "km": 3.6}}, {"type": "Feature", "geometry": {"type": "LineString", "coordinates": [[9.82586, 62.8176], [9.8266, 62.81841]]}, "properties": {"P": 2.35, "tau": 42.66, "tau_c": 130.72, "omega": 44.08, "M": 0.33, "D": 0.0, "R": 0.04, "sving": 0.2, "os": 0.0, "foss": 0.0, "juv": 0.0, "B": 0.31, "Q": 1.58, "w": 11.33, "h": 0.14, "S": 0.03221, "elv": "Tynna", "km": 0.0}}, {"type": "Feature", "geometry": {"type": "LineString", "coordinates": [[9.8266, 62.81841], [9.82799, 62.81896]]}, "properties": {"P": 29.8, "tau": 50.57, "tau_c": 147.53, "omega": 56.28, "M": 0.34, "D": 0.0, "R": 0.05, "sving": 0.3, "os": 0.0, "foss": 1.0, "juv": 0.0, "B": 0.75, "Q": 1.59, "w": 11.35, "h": 0.13, "S": 0.04102, "elv": "Tynna", "km": 0.1}}, {"type": "Feature", "geometry": {"type": "LineString", "coordinates": [[9.82799, 62.81896], [9.82824, 62.81979]]}, "properties": {"P": 27.4, "tau": 50.79, "tau_c": 147.82, "omega": 56.65, "M": 0.34, "D": 0.0, "R": 0.05, "sving": 0.19, "os": 0.0, "foss": 1.0, "juv": 0.0, "B": 0.75, "Q": 1.59, "w": 11.37, "h": 0.13, "S": 0.04119, "elv": "Tynna", "km": 0.2}}, {"type": "Feature", "geometry": {"type": "LineString", "coordinates": [[9.82824, 62.81979], [9.82787, 62.82061]]}, "properties": {"P": 29.12, "tau": 49.79, "tau_c": 145.49, "omega": 55.09, "M": 0.34, "D": 0.01, "R": 0.05, "sving": 0.25, "os": 0.0, "foss": 1.0, "juv": 0.0, "B": 0.75, "Q": 1.6, "w": 11.39, "h": 0.13, "S": 0.0399, "elv": "Tynna", "km": 0.3}}, {"type": "Feature", "geometry": {"type": "LineString", "coordinates": [[9.82787, 62.82061], [9.82771, 62.82136]]}, "properties": {"P": 24.87, "tau": 50.29, "tau_c": 146.44, "omega": 55.89, "M": 0.34, "D": 0.05, "R": 0.05, "sving": 0.01, "os": 0.0, "foss": 1.0, "juv": 0.0, "B": 0.75, "Q": 1.61, "w": 11.42, "h": 0.13, "S": 0.04042, "elv": "Tynna", "km": 0.4}}, {"type": "Feature", "geometry": {"type": "LineString", "coordinates": [[9.82771, 62.82136], [9.82806, 62.82218]]}, "properties": {"P": 27.12, "tau": 46.74, "tau_c": 138.77, "omega": 50.34, "M": 0.34, "D": 0.12, "R": 0.05, "sving": 0.02, "os": 0.0, "foss": 1.0, "juv": 0.0, "B": 0.75, "Q": 1.62, "w": 11.45, "h": 0.13, "S": 0.0363, "elv": "Tynna", "km": 0.5}}, {"type": "Feature", "geometry": {"type": "LineString", "coordinates": [[9.82806, 62.82218], [9.82828, 62.82306]]}, "properties": {"P": 24.85, "tau": 39.4, "tau_c": 122.71, "omega": 39.41, "M": 0.32, "D": 0.2, "R": 0.04, "sving": 0.1, "os": 0.0, "foss": 0.72, "juv": 0.0, "B": 0.75, "Q": 1.62, "w": 11.48, "h": 0.14, "S": 0.02838, "elv": "Tynna", "km": 0.6}}, {"type": "Feature", "geometry": {"type": "LineString", "coordinates": [[9.82699, 62.82756], [9.82812, 62.82823]]}, "properties": {"P": 21.34, "tau": 30.8, "tau_c": 101.72, "omega": 27.78, "M": 0.3, "D": -0.0, "R": 0.03, "sving": 0.93, "os": 0.0, "foss": 0.0, "juv": 0.0, "B": 0.76, "Q": 1.71, "w": 11.8, "h": 0.16, "S": 0.0195, "elv": "Tynna", "km": 1.4}}, {"type": "Feature", "geometry": {"type": "LineString", "coordinates": [[9.82812, 62.82823], [9.82955, 62.82865]]}, "properties": {"P": 23.65, "tau": 39.89, "tau_c": 122.12, "omega": 40.29, "M": 0.33, "D": -0.0, "R": 0.04, "sving": 0.02, "os": 0.0, "foss": 1.0, "juv": 0.0, "B": 0.76, "Q": 1.73, "w": 11.82, "h": 0.14, "S": 0.02811, "elv": "Tynna", "km": 1.5}}, {"type": "Feature", "geometry": {"type": "LineString", "coordinates": [[9.82955, 62.82865], [9.8305, 62.82829]]}, "properties": {"P": 27.54, "tau": 46.07, "tau_c": 135.25, "omega": 49.56, "M": 0.34, "D": -0.0, "R": 0.05, "sving": 0.18, "os": 0.0, "foss": 1.0, "juv": 0.0, "B": 0.76, "Q": 1.73, "w": 11.84, "h": 0.14, "S": 0.03448, "elv": "Tynna", "km": 1.6}}, {"type": "Feature", "geometry": {"type": "LineString", "coordinates": [[9.8305, 62.82829], [9.83055, 62.82918]]}, "properties": {"P": 29.77, "tau": 53.01, "tau_c": 149.74, "omega": 60.6, "M": 0.35, "D": -0.0, "R": 0.06, "sving": 0.27, "os": 0.0, "foss": 1.0, "juv": 0.0, "B": 0.76, "Q": 1.73, "w": 11.87, "h": 0.13, "S": 0.04226, "elv": "Tynna", "km": 1.7}}, {"type": "Feature", "geometry": {"type": "LineString", "coordinates": [[9.83055, 62.82918], [9.83089, 62.83002]]}, "properties": {"P": 41.66, "tau": 64.77, "tau_c": 172.82, "omega": 80.77, "M": 0.37, "D": -0.0, "R": 0.07, "sving": 0.79, "os": 0.0, "foss": 1.0, "juv": 0.0, "B": 0.76, "Q": 1.74, "w": 11.89, "h": 0.12, "S": 0.05629, "elv": "Tynna", "km": 1.8}}, {"type": "Feature", "geometry": {"type": "LineString", "coordinates": [[9.83089, 62.83002], [9.83139, 62.83085]]}, "properties": {"P": 25.6, "tau": 72.93, "tau_c": 187.46, "omega": 95.85, "M": 0.39, "D": -0.0, "R": 0.08, "sving": 0.04, "os": 0.0, "foss": 1.0, "juv": 0.0, "B": 0.76, "Q": 1.76, "w": 11.91, "h": 0.11, "S": 0.06624, "elv": "Tynna", "km": 1.9}}, {"type": "Feature", "geometry": {"type": "LineString", "coordinates": [[9.83139, 62.83085], [9.83169, 62.83173]]}, "properties": {"P": 28.83, "tau": 89.54, "tau_c": 217.21, "omega": 128.62, "M": 0.41, "D": -0.0, "R": 0.1, "sving": 0.15, "os": 0.0, "foss": 1.0, "juv": 0.0, "B": 0.76, "Q": 1.76, "w": 11.94, "h": 0.1, "S": 0.08893, "elv": "Tynna", "km": 2.0}}, {"type": "Feature", "geometry": {"type": "LineString", "coordinates": [[9.83169, 62.83173], [9.83194, 62.83261]]}, "properties": {"P": 29.64, "tau": 99.1, "tau_c": 233.35, "omega": 148.77, "M": 0.42, "D": -0.0, "R": 0.11, "sving": 0.17, "os": 0.0, "foss": 1.0, "juv": 0.0, "B": 0.76, "Q": 1.77, "w": 11.97, "h": 0.1, "S": 0.10263, "elv": "Tynna", "km": 2.1}}, {"type": "Feature", "geometry": {"type": "LineString", "coordinates": [[9.83194, 62.83261], [9.8315, 62.83348]]}, "properties": {"P": 30.03, "tau": 111.18, "tau_c": 253.27, "omega": 175.46, "M": 0.44, "D": -0.0, "R": 0.12, "sving": 0.17, "os": 0.0, "foss": 1.0, "juv": 0.0, "B": 0.76, "Q": 1.77, "w": 11.99, "h": 0.09, "S": 0.1209, "elv": "Tynna", "km": 2.2}}, {"type": "Feature", "geometry": {"type": "LineString", "coordinates": [[9.8315, 62.83348], [9.83114, 62.83436]]}, "properties": {"P": 31.88, "tau": 116.64, "tau_c": 257.9, "omega": 188.8, "M": 0.45, "D": -0.0, "R": 0.14, "sving": 0.23, "os": 0.0, "foss": 1.0, "juv": 0.0, "B": 0.76, "Q": 1.78, "w": 11.6, "h": 0.09, "S": 0.12536, "elv": "Tynna", "km": 2.3}}, {"type": "Feature", "geometry": {"type": "LineString", "coordinates": [[9.83114, 62.83436], [9.8306, 62.83518]]}, "properties": {"P": 29.74, "tau": 131.86, "tau_c": 281.28, "omega": 225.15, "M": 0.47, "D": -0.0, "R": 0.15, "sving": 0.03, "os": 0.07, "foss": 1.0, "juv": 0.0, "B": 0.76, "Q": 1.79, "w": 11.62, "h": 0.09, "S": 0.14913, "elv": "Tynna", "km": 2.4}}, {"type": "Feature", "geometry": {"type": "LineString", "coordinates": [[9.8306, 62.83518], [9.82982, 62.83586]]}, "properties": {"P": 33.61, "tau": 133.66, "tau_c": 279.45, "omega": 230.64, "M": 0.48, "D": -0.0, "R": 0.16, "sving": 0.14, "os": 0.12, "foss": 1.0, "juv": 0.0, "B": 0.76, "Q": 1.79, "w": 11.22, "h": 0.09, "S": 0.14719, "elv": "Tynna", "km": 2.5}}, {"type": "Feature", "geometry": {"type": "LineString", "coordinates": [[9.82982, 62.83586], [9.82954, 62.83672]]}, "properties": {"P": 43.7, "tau": 213.37, "tau_c": 364.2, "omega": 452.94, "M": 0.59, "D": -0.0, "R": 0.29, "sving": 0.32, "os": 0.18, "foss": 1.0, "juv": 0.0, "B": 0.76, "Q": 1.8, "w": 10.82, "h": 0.08, "S": 0.27816, "elv": "Tynna", "km": 2.6}}, {"type": "Feature", "geometry": {"type": "LineString", "coordinates": [[9.82954, 62.83672], [9.82849, 62.83747]]}, "properties": {"P": 42.47, "tau": 211.24, "tau_c": 364.2, "omega": 445.16, "M": 0.58, "D": -0.0, "R": 0.29, "sving": 0.18, "os": 0.28, "foss": 1.0, "juv": 0.0, "B": 0.76, "Q": 1.8, "w": 11.1, "h": 0.08, "S": 0.27979, "elv": "Tynna", "km": 2.7}}, {"type": "Feature", "geometry": {"type": "LineString", "coordinates": [[9.82849, 62.83747], [9.82682, 62.83781]]}, "properties": {"P": 43.88, "tau": 200.02, "tau_c": 364.2, "omega": 408.56, "M": 0.55, "D": 0.01, "R": 0.25, "sving": 0.12, "os": 0.46, "foss": 1.0, "juv": 0.0, "B": 0.76, "Q": 1.8, "w": 11.79, "h": 0.07, "S": 0.27245, "elv": "Tynna", "km": 2.8}}, {"type": "Feature", "geometry": {"type": "LineString", "coordinates": [[9.82682, 62.83781], [9.8268, 62.83869]]}, "properties": {"P": 55.79, "tau": 224.56, "tau_c": 364.2, "omega": 494.7, "M": 0.62, "D": 0.01, "R": 0.33, "sving": 0.26, "os": 0.64, "foss": 1.0, "juv": 0.0, "B": 0.78, "Q": 2.22, "w": 12.07, "h": 0.08, "S": 0.2738, "elv": "Tynna", "km": 2.9}}, {"type": "Feature", "geometry": {"type": "LineString", "coordinates": [[9.8268, 62.83869], [9.82712, 62.83958]]}, "properties": {"P": 71.48, "tau": 201.72, "tau_c": 360.71, "omega": 421.59, "M": 0.56, "D": 0.08, "R": 0.26, "sving": 0.67, "os": 0.95, "foss": 1.0, "juv": 0.0, "B": 0.79, "Q": 2.24, "w": 12.78, "h": 0.08, "S": 0.24524, "elv": "Tynna", "km": 3.0}}, {"type": "Feature", "geometry": {"type": "LineString", "coordinates": [[9.82712, 62.83958], [9.82735, 62.84045]]}, "properties": {"P": 50.89, "tau": 190.29, "tau_c": 353.89, "omega": 385.21, "M": 0.54, "D": 0.14, "R": 0.23, "sving": 0.1, "os": 0.58, "foss": 1.0, "juv": 0.0, "B": 0.79, "Q": 2.24, "w": 13.49, "h": 0.08, "S": 0.23605, "elv": "Tynna", "km": 3.1}}, {"type": "Feature", "geometry": {"type": "LineString", "coordinates": [[9.82735, 62.84045], [9.8284, 62.84109]]}, "properties": {"P": 48.66, "tau": 136.21, "tau_c": 277.99, "omega": 238.84, "M": 0.49, "D": 0.21, "R": 0.18, "sving": 0.23, "os": 0.35, "foss": 1.0, "juv": 0.0, "B": 0.79, "Q": 2.26, "w": 13.54, "h": 0.1, "S": 0.14566, "elv": "Tynna", "km": 3.2}}, {"type": "Feature", "geometry": {"type": "LineString", "coordinates": [[9.8284, 62.84109], [9.82796, 62.8418]]}, "properties": {"P": 39.4, "tau": 124.73, "tau_c": 261.24, "omega": 210.49, "M": 0.48, "D": 0.14, "R": 0.16, "sving": 0.05, "os": 0.24, "foss": 1.0, "juv": 0.0, "B": 0.79, "Q": 2.26, "w": 13.58, "h": 0.1, "S": 0.12863, "elv": "Tynna", "km": 3.3}}, {"type": "Feature", "geometry": {"type": "LineString", "coordinates": [[9.82796, 62.8418], [9.82726, 62.84248]]}, "properties": {"P": 43.07, "tau": 121.18, "tau_c": 254.69, "omega": 202.26, "M": 0.48, "D": 0.07, "R": 0.16, "sving": 0.37, "os": 0.16, "foss": 1.0, "juv": 0.0, "B": 0.79, "Q": 2.3, "w": 13.62, "h": 0.1, "S": 0.12226, "elv": "Tynna", "km": 3.4}}, {"type": "Feature", "geometry": {"type": "LineString", "coordinates": [[9.82726, 62.84248], [9.82725, 62.84336]]}, "properties": {"P": 37.43, "tau": 140.22, "tau_c": 282.43, "omega": 249.37, "M": 0.5, "D": -0.0, "R": 0.18, "sving": 0.23, "os": 0.12, "foss": 1.0, "juv": 0.0, "B": 0.79, "Q": 2.31, "w": 13.67, "h": 0.1, "S": 0.15034, "elv": "Tynna", "km": 3.5}}, {"type": "Feature", "geometry": {"type": "LineString", "coordinates": [[9.82725, 62.84336], [9.82661, 62.84418]]}, "properties": {"P": 34.1, "tau": 155.19, "tau_c": 303.69, "omega": 288.37, "M": 0.51, "D": -0.0, "R": 0.2, "sving": 0.1, "os": 0.07, "foss": 1.0, "juv": 0.0, "B": 0.79, "Q": 2.32, "w": 13.72, "h": 0.09, "S": 0.17383, "elv": "Tynna", "km": 3.6}}, {"type": "Feature", "geometry": {"type": "LineString", "coordinates": [[9.82661, 62.84418], [9.82723, 62.845]]}, "properties": {"P": 40.26, "tau": 150.72, "tau_c": 296.33, "omega": 276.86, "M": 0.51, "D": 0.0, "R": 0.2, "sving": 0.44, "os": 0.0, "foss": 1.0, "juv": 0.0, "B": 0.79, "Q": 2.34, "w": 13.75, "h": 0.09, "S": 0.16551, "elv": "Tynna", "km": 3.7}}, {"type": "Feature", "geometry": {"type": "LineString", "coordinates": [[9.82723, 62.845], [9.82689, 62.84585]]}, "properties": {"P": 41.37, "tau": 150.92, "tau_c": 296.77, "omega": 277.35, "M": 0.51, "D": 0.0, "R": 0.2, "sving": 0.41, "os": 0.08, "foss": 1.0, "juv": 0.0, "B": 0.79, "Q": 2.34, "w": 13.77, "h": 0.09, "S": 0.16601, "elv": "Tynna", "km": 3.8}}, {"type": "Feature", "geometry": {"type": "LineString", "coordinates": [[9.82689, 62.84585], [9.82825, 62.84611]]}, "properties": {"P": 31.28, "tau": 153.88, "tau_c": 301.07, "omega": 285.12, "M": 0.51, "D": 0.02, "R": 0.2, "sving": 0.19, "os": 0.12, "foss": 0.72, "juv": 0.0, "B": 0.79, "Q": 2.34, "w": 13.78, "h": 0.09, "S": 0.17084, "elv": "Tynna", "km": 3.9}}, {"type": "Feature", "geometry": {"type": "LineString", "coordinates": [[9.82825, 62.84611], [9.82926, 62.8466]]}, "properties": {"P": 41.21, "tau": 155.25, "tau_c": 302.99, "omega": 288.78, "M": 0.51, "D": 0.05, "R": 0.2, "sving": 0.25, "os": 0.15, "foss": 1.0, "juv": 0.0, "B": 0.79, "Q": 2.34, "w": 13.78, "h": 0.09, "S": 0.17303, "elv": "Tynna", "km": 4.0}}, {"type": "Feature", "geometry": {"type": "LineString", "coordinates": [[9.82926, 62.8466], [9.83054, 62.84713]]}, "properties": {"P": 39.07, "tau": 135.53, "tau_c": 274.91, "omega": 237.74, "M": 0.49, "D": 0.1, "R": 0.18, "sving": 0.09, "os": 0.2, "foss": 1.0, "juv": 0.0, "B": 0.79, "Q": 2.35, "w": 13.79, "h": 0.1, "S": 0.14244, "elv": "Tynna", "km": 4.1}}, {"type": "Feature", "geometry": {"type": "LineString", "coordinates": [[9.83054, 62.84713], [9.83138, 62.84785]]}, "properties": {"P": 45.55, "tau": 116.09, "tau_c": 248.31, "omega": 189.95, "M": 0.47, "D": 0.18, "R": 0.15, "sving": 0.24, "os": 0.28, "foss": 1.0, "juv": 0.0, "B": 0.79, "Q": 2.35, "w": 14.09, "h": 0.1, "S": 0.11621, "elv": "Tynna", "km": 4.2}}, {"type": "Feature", "geometry": {"type": "LineString", "coordinates": [[9.83138, 62.84785], [9.83293, 62.84837]]}, "properties": {"P": 49.55, "tau": 121.22, "tau_c": 258.48, "omega": 201.53, "M": 0.47, "D": 0.26, "R": 0.15, "sving": 0.19, "os": 0.39, "foss": 1.0, "juv": 0.0, "B": 0.79, "Q": 2.35, "w": 14.39, "h": 0.1, "S": 0.12593, "elv": "Tynna", "km": 4.3}}, {"type": "Feature", "geometry": {"type": "LineString", "coordinates": [[9.82284, 62.83472], [9.82285, 62.83558]]}, "properties": {"P": 12.03, "tau": 103.95, "tau_c": 339.76, "omega": 142.15, "M": 0.31, "D": -0.0, "R": 0.03, "sving": 0.01, "os": 0.0, "foss": 1.0, "juv": 0.0, "B": 0.39, "Q": 0.4, "w": 6.0, "h": 0.05, "S": 0.21758, "elv": "Gjerda", "km": 1.9}}, {"type": "Feature", "geometry": {"type": "LineString", "coordinates": [[9.82285, 62.83558], [9.82377, 62.83635]]}, "properties": {"P": 12.32, "tau": 101.14, "tau_c": 332.23, "omega": 136.8, "M": 0.3, "D": -0.0, "R": 0.03, "sving": 0.04, "os": 0.0, "foss": 1.0, "juv": 0.0, "B": 0.39, "Q": 0.4, "w": 6.0, "h": 0.05, "S": 0.20804, "elv": "Gjerda", "km": 2.0}}, {"type": "Feature", "geometry": {"type": "LineString", "coordinates": [[9.82449, 62.83718], [9.82528, 62.838]]}, "properties": {"P": 12.99, "tau": 110.88, "tau_c": 364.2, "omega": 150.27, "M": 0.3, "D": -0.0, "R": 0.03, "sving": 0.09, "os": 0.0, "foss": 1.0, "juv": 0.0, "B": 0.4, "Q": 0.41, "w": 8.29, "h": 0.04, "S": 0.30623, "elv": "Gjerda", "km": 2.2}}, {"type": "Feature", "geometry": {"type": "LineString", "coordinates": [[9.82528, 62.838], [9.82648, 62.8386]]}, "properties": {"P": 32.11, "tau": 298.46, "tau_c": 364.2, "omega": 770.96, "M": 0.82, "D": -0.0, "R": 0.6, "sving": 0.18, "os": 0.0, "foss": 1.0, "juv": 0.0, "B": 0.51, "Q": 2.24, "w": 9.09, "h": 0.1, "S": 0.31965, "elv": "Gjerda", "km": 2.3}}, {"type": "Feature", "geometry": {"type": "LineString", "coordinates": [[9.88941, 62.65052], [9.89001, 62.6513]]}, "properties": {"P": 11.94, "tau": 26.91, "tau_c": 61.07, "omega": 26.32, "M": 0.44, "D": 0.0, "R": 0.12, "sving": 0.33, "os": 0.14, "foss": 0.0, "juv": 0.0, "B": 0.61, "Q": 11.69, "w": 30.61, "h": 0.39, "S": 0.00703, "elv": "Byna", "km": 0.0}}, {"type": "Feature", "geometry": {"type": "LineString", "coordinates": [[9.89001, 62.6513], [9.88919, 62.65206]]}, "properties": {"P": 9.14, "tau": 32.97, "tau_c": 70.64, "omega": 35.23, "M": 0.47, "D": 0.0, "R": 0.15, "sving": 0.05, "os": 0.22, "foss": 0.0, "juv": 0.0, "B": 0.61, "Q": 11.69, "w": 30.61, "h": 0.36, "S": 0.00941, "elv": "Byna", "km": 0.1}}, {"type": "Feature", "geometry": {"type": "LineString", "coordinates": [[9.88919, 62.65206], [9.89044, 62.65264]]}, "properties": {"P": 10.13, "tau": 32.14, "tau_c": 70.64, "omega": 33.8, "M": 0.45, "D": 0.0, "R": 0.14, "sving": 0.04, "os": 0.31, "foss": 0.0, "juv": 0.0, "B": 0.61, "Q": 11.69, "w": 31.9, "h": 0.35, "S": 0.00941, "elv": "Byna", "km": 0.2}}, {"type": "Feature", "geometry": {"type": "LineString", "coordinates": [[9.89044, 62.65264], [9.89082, 62.65334]]}, "properties": {"P": 18.08, "tau": 31.37, "tau_c": 70.64, "omega": 32.5, "M": 0.44, "D": 0.0, "R": 0.13, "sving": 0.35, "os": 0.46, "foss": 0.0, "juv": 0.0, "B": 0.61, "Q": 11.69, "w": 33.19, "h": 0.34, "S": 0.00941, "elv": "Byna", "km": 0.3}}, {"type": "Feature", "geometry": {"type": "LineString", "coordinates": [[9.92995, 62.67645], [9.93164, 62.67684]]}, "properties": {"P": 21.82, "tau": 39.2, "tau_c": 72.16, "omega": 46.78, "M": 0.54, "D": 0.0, "R": 0.24, "sving": 0.61, "os": 0.22, "foss": 0.0, "juv": 0.0, "B": 0.62, "Q": 19.23, "w": 39.58, "h": 0.41, "S": 0.00982, "elv": "Byna", "km": 0.0}}, {"type": "Feature", "geometry": {"type": "LineString", "coordinates": [[9.93164, 62.67684], [9.93297, 62.67737]]}, "properties": {"P": 20.99, "tau": 42.32, "tau_c": 75.82, "omega": 52.28, "M": 0.56, "D": 0.0, "R": 0.26, "sving": 0.42, "os": 0.34, "foss": 0.0, "juv": 0.0, "B": 0.62, "Q": 19.5, "w": 39.65, "h": 0.4, "S": 0.01083, "elv": "Byna", "km": 0.1}}, {"type": "Feature", "geometry": {"type": "LineString", "coordinates": [[9.93297, 62.67737], [9.93353, 62.67823]]}, "properties": {"P": 22.29, "tau": 41.22, "tau_c": 74.43, "omega": 50.34, "M": 0.55, "D": 0.02, "R": 0.25, "sving": 0.31, "os": 0.51, "foss": 0.0, "juv": 0.0, "B": 0.62, "Q": 19.53, "w": 39.74, "h": 0.4, "S": 0.01044, "elv": "Byna", "km": 0.2}}, {"type": "Feature", "geometry": {"type": "LineString", "coordinates": [[9.93353, 62.67823], [9.93406, 62.67909]]}, "properties": {"P": 26.6, "tau": 42.91, "tau_c": 76.65, "omega": 53.33, "M": 0.56, "D": 0.05, "R": 0.26, "sving": 0.16, "os": 0.83, "foss": 0.0, "juv": 0.0, "B": 0.62, "Q": 19.56, "w": 39.84, "h": 0.4, "S": 0.01107, "elv": "Byna", "km": 0.3}}, {"type": "Feature", "geometry": {"type": "LineString", "coordinates": [[9.93406, 62.67909], [9.9346, 62.67991]]}, "properties": {"P": 22.66, "tau": 37.94, "tau_c": 70.01, "omega": 44.72, "M": 0.54, "D": 0.1, "R": 0.24, "sving": 0.01, "os": 0.73, "foss": 0.0, "juv": 0.0, "B": 0.62, "Q": 19.68, "w": 39.89, "h": 0.42, "S": 0.00924, "elv": "Byna", "km": 0.4}}, {"type": "Feature", "geometry": {"type": "LineString", "coordinates": [[9.9346, 62.67991], [9.93538, 62.68072]]}, "properties": {"P": 18.39, "tau": 31.83, "tau_c": 61.75, "omega": 34.78, "M": 0.52, "D": 0.16, "R": 0.21, "sving": 0.03, "os": 0.45, "foss": 0.0, "juv": 0.0, "B": 0.62, "Q": 19.7, "w": 39.94, "h": 0.45, "S": 0.00719, "elv": "Byna", "km": 0.5}}, {"type": "Feature", "geometry": {"type": "LineString", "coordinates": [[9.93538, 62.68072], [9.936, 62.68157]]}, "properties": {"P": 17.52, "tau": 30.05, "tau_c": 59.19, "omega": 32.02, "M": 0.51, "D": 0.21, "R": 0.2, "sving": 0.11, "os": 0.28, "foss": 0.0, "juv": 0.0, "B": 0.62, "Q": 19.79, "w": 40.03, "h": 0.46, "S": 0.0066, "elv": "Byna", "km": 0.6}}, {"type": "Feature", "geometry": {"type": "LineString", "coordinates": [[9.936, 62.68157], [9.93666, 62.68241]]}, "properties": {"P": 15.35, "tau": 22.22, "tau_c": 47.69, "omega": 20.76, "M": 0.47, "D": 0.3, "R": 0.15, "sving": 0.04, "os": 0.17, "foss": 0.0, "juv": 0.0, "B": 0.62, "Q": 19.79, "w": 40.09, "h": 0.53, "S": 0.00429, "elv": "Byna", "km": 0.7}}, {"type": "Feature", "geometry": {"type": "LineString", "coordinates": [[9.93666, 62.68241], [9.93667, 62.6833]]}, "properties": {"P": 14.6, "tau": 16.61, "tau_c": 38.6, "omega": 13.69, "M": 0.43, "D": 0.35, "R": 0.11, "sving": 0.06, "os": 0.1, "foss": 0.0, "juv": 0.0, "B": 0.62, "Q": 19.96, "w": 40.18, "h": 0.6, "S": 0.00281, "elv": "Byna", "km": 0.8}}, {"type": "Feature", "geometry": {"type": "LineString", "coordinates": [[9.93721, 62.6841], [9.93751, 62.68494]]}, "properties": {"P": 5.71, "tau": 11.29, "tau_c": 29.18, "omega": 7.87, "M": 0.39, "D": 0.12, "R": 0.08, "sving": 0.03, "os": 0.0, "foss": 0.0, "juv": 0.0, "B": 0.62, "Q": 20.17, "w": 40.34, "h": 0.72, "S": 0.0016, "elv": "Byna", "km": 1.0}}, {"type": "Feature", "geometry": {"type": "LineString", "coordinates": [[9.93751, 62.68494], [9.93729, 62.68583]]}, "properties": {"P": 9.02, "tau": 21.6, "tau_c": 44.35, "omega": 20.21, "M": 0.49, "D": 0.0, "R": 0.17, "sving": 0.22, "os": 0.0, "foss": 0.0, "juv": 0.0, "B": 0.62, "Q": 20.17, "w": 36.3, "h": 0.59, "S": 0.00371, "elv": "Byna", "km": 1.1}}, {"type": "Feature", "geometry": {"type": "LineString", "coordinates": [[9.93729, 62.68583], [9.93713, 62.68671]]}, "properties": {"P": 5.4, "tau": 22.53, "tau_c": 45.69, "omega": 21.48, "M": 0.49, "D": 0.0, "R": 0.18, "sving": 0.0, "os": 0.0, "foss": 0.0, "juv": 0.0, "B": 0.62, "Q": 20.18, "w": 36.25, "h": 0.58, "S": 0.00393, "elv": "Byna", "km": 1.2}}, {"type": "Feature", "geometry": {"type": "LineString", "coordinates": [[9.93713, 62.68671], [9.9366, 62.68756]]}, "properties": {"P": 9.35, "tau": 28.2, "tau_c": 53.6, "omega": 29.66, "M": 0.53, "D": 0.0, "R": 0.22, "sving": 0.16, "os": 0.0, "foss": 0.0, "juv": 0.0, "B": 0.62, "Q": 20.19, "w": 36.17, "h": 0.53, "S": 0.00542, "elv": "Byna", "km": 1.3}}, {"type": "Feature", "geometry": {"type": "LineString", "coordinates": [[9.9366, 62.68756], [9.93689, 62.68845]]}, "properties": {"P": 8.84, "tau": 28.24, "tau_c": 53.6, "omega": 29.73, "M": 0.53, "D": 0.0, "R": 0.22, "sving": 0.13, "os": 0.0, "foss": 0.0, "juv": 0.0, "B": 0.62, "Q": 20.19, "w": 36.09, "h": 0.53, "S": 0.00542, "elv": "Byna", "km": 1.4}}, {"type": "Feature", "geometry": {"type": "LineString", "coordinates": [[9.93689, 62.68845], [9.93749, 62.68929]]}, "properties": {"P": 12.1, "tau": 47.36, "tau_c": 77.47, "omega": 62.47, "M": 0.61, "D": 0.0, "R": 0.33, "sving": 0.13, "os": 0.0, "foss": 0.0, "juv": 0.0, "B": 0.62, "Q": 20.36, "w": 36.16, "h": 0.43, "S": 0.01131, "elv": "Byna", "km": 1.5}}, {"type": "Feature", "geometry": {"type": "LineString", "coordinates": [[9.93749, 62.68929], [9.938, 62.69015]]}, "properties": {"P": 9.13, "tau": 41.37, "tau_c": 73.36, "omega": 50.88, "M": 0.56, "D": 0.02, "R": 0.26, "sving": 0.05, "os": 0.0, "foss": 0.0, "juv": 0.0, "B": 0.62, "Q": 20.53, "w": 40.16, "h": 0.42, "S": 0.01014, "elv": "Byna", "km": 1.6}}, {"type": "Feature", "geometry": {"type": "LineString", "coordinates": [[9.938, 62.69015], [9.93814, 62.69105]]}, "properties": {"P": 27.42, "tau": 44.68, "tau_c": 77.66, "omega": 56.79, "M": 0.58, "D": 0.02, "R": 0.28, "sving": 0.04, "os": 0.0, "foss": 1.0, "juv": 0.0, "B": 0.62, "Q": 20.54, "w": 40.32, "h": 0.4, "S": 0.01137, "elv": "Byna", "km": 1.7}}, {"type": "Feature", "geometry": {"type": "LineString", "coordinates": [[9.93814, 62.69105], [9.93866, 62.6919]]}, "properties": {"P": 25.16, "tau": 42.9, "tau_c": 75.36, "omega": 53.58, "M": 0.57, "D": 0.02, "R": 0.27, "sving": 0.16, "os": 0.05, "foss": 0.72, "juv": 0.0, "B": 0.62, "Q": 20.58, "w": 40.32, "h": 0.41, "S": 0.0107, "elv": "Byna", "km": 1.8}}, {"type": "Feature", "geometry": {"type": "LineString", "coordinates": [[9.93866, 62.6919], [9.93946, 62.69271]]}, "properties": {"P": 22.48, "tau": 48.27, "tau_c": 82.15, "omega": 63.41, "M": 0.59, "D": 0.03, "R": 0.3, "sving": 0.12, "os": 0.08, "foss": 0.51, "juv": 0.0, "B": 0.62, "Q": 20.58, "w": 40.5, "h": 0.39, "S": 0.01272, "elv": "Byna", "km": 1.9}}, {"type": "Feature", "geometry": {"type": "LineString", "coordinates": [[9.93946, 62.69271], [9.94071, 62.6934]]}, "properties": {"P": 19.7, "tau": 48.28, "tau_c": 82.15, "omega": 63.45, "M": 0.59, "D": 0.03, "R": 0.3, "sving": 0.06, "os": 0.14, "foss": 0.37, "juv": 0.0, "B": 0.62, "Q": 20.6, "w": 40.52, "h": 0.39, "S": 0.01272, "elv": "Byna", "km": 2.0}}, {"type": "Feature", "geometry": {"type": "LineString", "coordinates": [[9.94071, 62.6934], [9.94147, 62.69421]]}, "properties": {"P": 11.68, "tau": 32.94, "tau_c": 62.41, "omega": 36.68, "M": 0.53, "D": 0.03, "R": 0.22, "sving": 0.02, "os": 0.22, "foss": 0.0, "juv": 0.0, "B": 0.62, "Q": 20.64, "w": 40.52, "h": 0.46, "S": 0.00734, "elv": "Byna", "km": 2.1}}, {"type": "Feature", "geometry": {"type": "LineString", "coordinates": [[9.94147, 62.69421], [9.94227, 62.69501]]}, "properties": {"P": 18.64, "tau": 55.94, "tau_c": 93.19, "omega": 77.88, "M": 0.6, "D": 0.0, "R": 0.31, "sving": 0.16, "os": 0.36, "foss": 0.0, "juv": 0.0, "B": 0.62, "Q": 20.65, "w": 42.58, "h": 0.35, "S": 0.01637, "elv": "Byna", "km": 2.2}}, {"type": "Feature", "geometry": {"type": "LineString", "coordinates": [[9.94227, 62.69501], [9.94297, 62.69584]]}, "properties": {"P": 31.08, "tau": 79.39, "tau_c": 98.76, "omega": 136.56, "M": 0.8, "D": 0.0, "R": 0.58, "sving": 0.09, "os": 0.6, "foss": 0.0, "juv": 0.0, "B": 0.65, "Q": 32.24, "w": 42.58, "h": 0.44, "S": 0.01838, "elv": "Byna", "km": 2.3}}, {"type": "Feature", "geometry": {"type": "LineString", "coordinates": [[9.94297, 62.69584], [9.94351, 62.6967]]}, "properties": {"P": 59.0, "tau": 84.84, "tau_c": 101.21, "omega": 151.14, "M": 0.84, "D": 0.0, "R": 0.62, "sving": 0.12, "os": 0.98, "foss": 1.0, "juv": 0.0, "B": 0.65, "Q": 32.24, "w": 40.4, "h": 0.45, "S": 0.01931, "elv": "Byna", "km": 2.4}}, {"type": "Feature", "geometry": {"type": "LineString", "coordinates": [[9.94351, 62.6967], [9.94466, 62.6974]]}, "properties": {"P": 54.58, "tau": 93.57, "tau_c": 108.26, "omega": 174.07, "M": 0.86, "D": 0.0, "R": 0.66, "sving": 0.2, "os": 0.62, "foss": 1.0, "juv": 0.0, "B": 0.65, "Q": 32.31, "w": 40.22, "h": 0.43, "S": 0.02209, "elv": "Byna", "km": 2.5}}, {"type": "Feature", "geometry": {"type": "LineString", "coordinates": [[9.94466, 62.6974], [9.946, 62.69805]]}, "properties": {"P": 48.64, "tau": 100.58, "tau_c": 113.93, "omega": 193.12, "M": 0.88, "D": 0.01, "R": 0.68, "sving": 0.34, "os": 0.39, "foss": 0.72, "juv": 0.0, "B": 0.65, "Q": 32.36, "w": 40.22, "h": 0.42, "S": 0.02446, "elv": "Byna", "km": 2.6}}, {"type": "Feature", "geometry": {"type": "LineString", "coordinates": [[9.946, 62.69805], [9.94749, 62.6986]]}, "properties": {"P": 48.22, "tau": 99.08, "tau_c": 112.72, "omega": 188.97, "M": 0.88, "D": 0.06, "R": 0.67, "sving": 0.13, "os": 0.24, "foss": 1.0, "juv": 0.0, "B": 0.65, "Q": 32.37, "w": 40.25, "h": 0.42, "S": 0.02395, "elv": "Byna", "km": 2.7}}, {"type": "Feature", "geometry": {"type": "LineString", "coordinates": [[9.94749, 62.6986], [9.9493, 62.69893]]}, "properties": {"P": 38.62, "tau": 85.0, "tau_c": 103.41, "omega": 150.71, "M": 0.82, "D": 0.09, "R": 0.6, "sving": 0.06, "os": 0.15, "foss": 0.72, "juv": 0.0, "B": 0.65, "Q": 32.39, "w": 42.5, "h": 0.43, "S": 0.02016, "elv": "Byna", "km": 2.8}}, {"type": "Feature", "geometry": {"type": "LineString", "coordinates": [[9.9493, 62.69893], [9.95095, 62.69941]]}, "properties": {"P": 33.37, "tau": 75.76, "tau_c": 99.28, "omega": 126.31, "M": 0.76, "D": 0.11, "R": 0.53, "sving": 0.14, "os": 0.1, "foss": 0.51, "juv": 0.0, "B": 0.65, "Q": 32.4, "w": 46.75, "h": 0.42, "S": 0.01858, "elv": "Byna", "km": 2.9}}, {"type": "Feature", "geometry": {"type": "LineString", "coordinates": [[9.95095, 62.69941], [9.95204, 62.70015]]}, "properties": {"P": 42.12, "tau": 81.61, "tau_c": 106.86, "omega": 139.71, "M": 0.76, "D": 0.08, "R": 0.53, "sving": 0.19, "os": 0.06, "foss": 1.0, "juv": 0.0, "B": 0.65, "Q": 32.43, "w": 49.01, "h": 0.39, "S": 0.02152, "elv": "Byna", "km": 3.0}}, {"type": "Feature", "geometry": {"type": "LineString", "coordinates": [[9.95204, 62.70015], [9.953, 62.70092]]}, "properties": {"P": 30.55, "tau": 70.65, "tau_c": 98.25, "omega": 113.0, "M": 0.72, "D": 0.05, "R": 0.47, "sving": 0.05, "os": 0.0, "foss": 0.72, "juv": 0.0, "B": 0.65, "Q": 32.46, "w": 51.27, "h": 0.4, "S": 0.01819, "elv": "Byna", "km": 3.1}}, {"type": "Feature", "geometry": {"type": "LineString", "coordinates": [[9.953, 62.70092], [9.95424, 62.70162]]}, "properties": {"P": 27.43, "tau": 68.58, "tau_c": 95.95, "omega": 108.38, "M": 0.71, "D": 0.02, "R": 0.47, "sving": 0.14, "os": 0.0, "foss": 0.51, "juv": 0.0, "B": 0.65, "Q": 32.49, "w": 51.03, "h": 0.4, "S": 0.01735, "elv": "Byna", "km": 3.2}}, {"type": "Feature", "geometry": {"type": "LineString", "coordinates": [[9.95424, 62.70162], [9.9557, 62.70219]]}, "properties": {"P": 23.94, "tau": 78.53, "tau_c": 105.71, "omega": 131.57, "M": 0.74, "D": 0.01, "R": 0.5, "sving": 0.06, "os": 0.0, "foss": 0.37, "juv": 0.0, "B": 0.65, "Q": 32.5, "w": 51.04, "h": 0.38, "S": 0.02106, "elv": "Byna", "km": 3.3}}, {"type": "Feature", "geometry": {"type": "LineString", "coordinates": [[9.9557, 62.70219], [9.95729, 62.70269]]}, "properties": {"P": 18.98, "tau": 74.8, "tau_c": 102.11, "omega": 122.72, "M": 0.73, "D": 0.02, "R": 0.49, "sving": 0.17, "os": 0.0, "foss": 0.0, "juv": 0.0, "B": 0.65, "Q": 32.51, "w": 51.06, "h": 0.39, "S": 0.01965, "elv": "Byna", "km": 3.4}}, {"type": "Feature", "geometry": {"type": "LineString", "coordinates": [[9.95729, 62.70269], [9.958, 62.70353]]}, "properties": {"P": 21.02, "tau": 70.84, "tau_c": 98.22, "omega": 113.51, "M": 0.72, "D": 0.03, "R": 0.47, "sving": 0.28, "os": 0.0, "foss": 0.0, "juv": 0.0, "B": 0.65, "Q": 32.51, "w": 51.09, "h": 0.4, "S": 0.01818, "elv": "Byna", "km": 3.5}}, {"type": "Feature", "geometry": {"type": "LineString", "coordinates": [[9.958, 62.70353], [9.95846, 62.70439]]}, "properties": {"P": 24.08, "tau": 69.49, "tau_c": 96.76, "omega": 110.48, "M": 0.72, "D": 0.04, "R": 0.47, "sving": 0.45, "os": 0.0, "foss": 0.0, "juv": 0.0, "B": 0.65, "Q": 32.62, "w": 51.11, "h": 0.4, "S": 0.01765, "elv": "Byna", "km": 3.6}}, {"type": "Feature", "geometry": {"type": "LineString", "coordinates": [[9.95846, 62.70439], [9.95868, 62.70528]]}, "properties": {"P": 21.55, "tau": 69.08, "tau_c": 94.68, "omega": 110.1, "M": 0.73, "D": 0.03, "R": 0.49, "sving": 0.29, "os": 0.0, "foss": 0.0, "juv": 0.0, "B": 0.65, "Q": 32.62, "w": 49.11, "h": 0.42, "S": 0.0169, "elv": "Byna", "km": 3.7}}, {"type": "Feature", "geometry": {"type": "LineString", "coordinates": [[9.95868, 62.70528], [9.95825, 62.70615]]}, "properties": {"P": 20.18, "tau": 68.13, "tau_c": 93.49, "omega": 108.02, "M": 0.73, "D": 0.05, "R": 0.48, "sving": 0.2, "os": 0.0, "foss": 0.0, "juv": 0.0, "B": 0.65, "Q": 32.65, "w": 48.85, "h": 0.42, "S": 0.01647, "elv": "Byna", "km": 3.8}}, {"type": "Feature", "geometry": {"type": "LineString", "coordinates": [[9.95825, 62.70615], [9.95746, 62.70697]]}, "properties": {"P": 20.22, "tau": 63.85, "tau_c": 89.26, "omega": 98.42, "M": 0.72, "D": 0.06, "R": 0.47, "sving": 0.21, "os": 0.0, "foss": 0.0, "juv": 0.0, "B": 0.65, "Q": 32.65, "w": 48.87, "h": 0.43, "S": 0.01502, "elv": "Byna", "km": 3.9}}, {"type": "Feature", "geometry": {"type": "LineString", "coordinates": [[9.95746, 62.70697], [9.95689, 62.70781]]}, "properties": {"P": 21.23, "tau": 57.01, "tau_c": 82.23, "omega": 83.68, "M": 0.69, "D": 0.07, "R": 0.44, "sving": 0.31, "os": 0.0, "foss": 0.0, "juv": 0.0, "B": 0.65, "Q": 32.73, "w": 48.9, "h": 0.46, "S": 0.01274, "elv": "Byna", "km": 4.0}}, {"type": "Feature", "geometry": {"type": "LineString", "coordinates": [[9.95689, 62.70781], [9.95804, 62.70848]]}, "properties": {"P": 23.54, "tau": 58.76, "tau_c": 83.75, "omega": 87.48, "M": 0.7, "D": 0.06, "R": 0.45, "sving": 0.42, "os": 0.0, "foss": 0.0, "juv": 0.0, "B": 0.65, "Q": 32.79, "w": 48.62, "h": 0.45, "S": 0.01322, "elv": "Byna", "km": 4.1}}, {"type": "Feature", "geometry": {"type": "LineString", "coordinates": [[9.95804, 62.70848], [9.95912, 62.70922]]}, "properties": {"P": 21.33, "tau": 57.28, "tau_c": 83.91, "omega": 83.86, "M": 0.68, "D": 0.03, "R": 0.42, "sving": 0.38, "os": 0.0, "foss": 0.0, "juv": 0.0, "B": 0.65, "Q": 32.81, "w": 50.93, "h": 0.44, "S": 0.01327, "elv": "Byna", "km": 4.2}}, {"type": "Feature", "geometry": {"type": "LineString", "coordinates": [[9.95912, 62.70922], [9.96039, 62.70989]]}, "properties": {"P": 14.6, "tau": 50.96, "tau_c": 77.36, "omega": 70.87, "M": 0.66, "D": 0.02, "R": 0.39, "sving": 0.1, "os": 0.0, "foss": 0.0, "juv": 0.0, "B": 0.65, "Q": 32.82, "w": 51.25, "h": 0.46, "S": 0.01128, "elv": "Byna", "km": 4.3}}, {"type": "Feature", "geometry": {"type": "LineString", "coordinates": [[9.96039, 62.70989], [9.96166, 62.71056]]}, "properties": {"P": 17.75, "tau": 60.74, "tau_c": 87.72, "omega": 91.15, "M": 0.69, "D": 0.0, "R": 0.44, "sving": 0.21, "os": 0.0, "foss": 0.0, "juv": 0.0, "B": 0.66, "Q": 32.84, "w": 51.26, "h": 0.43, "S": 0.0145, "elv": "Byna", "km": 4.4}}, {"type": "Feature", "geometry": {"type": "LineString", "coordinates": [[9.96166, 62.71056], [9.96242, 62.71138]]}, "properties": {"P": 18.03, "tau": 58.08, "tau_c": 84.72, "omega": 85.55, "M": 0.69, "D": 0.0, "R": 0.43, "sving": 0.24, "os": 0.0, "foss": 0.0, "juv": 0.0, "B": 0.66, "Q": 32.84, "w": 50.95, "h": 0.44, "S": 0.01353, "elv": "Byna", "km": 4.5}}, {"type": "Feature", "geometry": {"type": "LineString", "coordinates": [[9.96242, 62.71138], [9.96246, 62.71228]]}, "properties": {"P": 18.2, "tau": 60.39, "tau_c": 87.11, "omega": 90.48, "M": 0.69, "D": 0.01, "R": 0.44, "sving": 0.22, "os": 0.0, "foss": 0.0, "juv": 0.0, "B": 0.66, "Q": 32.85, "w": 50.95, "h": 0.43, "S": 0.0143, "elv": "Byna", "km": 4.6}}, {"type": "Feature", "geometry": {"type": "LineString", "coordinates": [[9.96246, 62.71228], [9.96258, 62.71317]]}, "properties": {"P": 15.83, "tau": 60.76, "tau_c": 87.17, "omega": 91.37, "M": 0.7, "D": 0.01, "R": 0.44, "sving": 0.08, "os": 0.0, "foss": 0.0, "juv": 0.0, "B": 0.66, "Q": 32.92, "w": 50.63, "h": 0.43, "S": 0.01432, "elv": "Byna", "km": 4.7}}, {"type": "Feature", "geometry": {"type": "LineString", "coordinates": [[9.96258, 62.71317], [9.96283, 62.71406]]}, "properties": {"P": 15.07, "tau": 53.62, "tau_c": 79.49, "omega": 76.45, "M": 0.67, "D": 0.04, "R": 0.41, "sving": 0.06, "os": 0.0, "foss": 0.0, "juv": 0.0, "B": 0.66, "Q": 32.93, "w": 50.32, "h": 0.46, "S": 0.01191, "elv": "Byna", "km": 4.8}}, {"type": "Feature", "geometry": {"type": "LineString", "coordinates": [[9.96283, 62.71406], [9.96317, 62.71494]]}, "properties": {"P": 17.55, "tau": 59.61, "tau_c": 85.76, "omega": 88.98, "M": 0.7, "D": 0.03, "R": 0.44, "sving": 0.16, "os": 0.0, "foss": 0.0, "juv": 0.0, "B": 0.66, "Q": 32.93, "w": 50.34, "h": 0.44, "S": 0.01386, "elv": "Byna", "km": 4.9}}, {"type": "Feature", "geometry": {"type": "LineString", "coordinates": [[9.96317, 62.71494], [9.96353, 62.71582]]}, "properties": {"P": 17.52, "tau": 51.46, "tau_c": 75.8, "omega": 72.45, "M": 0.68, "D": 0.03, "R": 0.42, "sving": 0.19, "os": 0.0, "foss": 0.0, "juv": 0.0, "B": 0.66, "Q": 32.96, "w": 48.34, "h": 0.48, "S": 0.01083, "elv": "Byna", "km": 5.0}}, {"type": "Feature", "geometry": {"type": "LineString", "coordinates": [[9.96353, 62.71582], [9.96443, 62.7166]]}, "properties": {"P": 15.25, "tau": 58.03, "tau_c": 81.09, "omega": 86.5, "M": 0.72, "D": 0.01, "R": 0.47, "sving": 0.02, "os": 0.0, "foss": 0.0, "juv": 0.0, "B": 0.66, "Q": 32.97, "w": 46.34, "h": 0.48, "S": 0.01239, "elv": "Byna", "km": 5.1}}, {"type": "Feature", "geometry": {"type": "LineString", "coordinates": [[9.96443, 62.7166], [9.96558, 62.71732]]}, "properties": {"P": 15.49, "tau": 56.77, "tau_c": 78.28, "omega": 84.27, "M": 0.73, "D": 0.01, "R": 0.48, "sving": 0.01, "os": 0.0, "foss": 0.0, "juv": 0.0, "B": 0.66, "Q": 32.98, "w": 44.34, "h": 0.5, "S": 0.01155, "elv": "Byna", "km": 5.2}}, {"type": "Feature", "geometry": {"type": "LineString", "coordinates": [[9.96558, 62.71732], [9.96603, 62.71818]]}, "properties": {"P": 18.04, "tau": 63.17, "tau_c": 81.03, "omega": 99.33, "M": 0.78, "D": 0.0, "R": 0.55, "sving": 0.03, "os": 0.0, "foss": 0.0, "juv": 0.0, "B": 0.66, "Q": 33.0, "w": 40.34, "h": 0.52, "S": 0.01237, "elv": "Byna", "km": 5.3}}, {"type": "Feature", "geometry": {"type": "LineString", "coordinates": [[9.96603, 62.71818], [9.96632, 62.71907]]}, "properties": {"P": 20.4, "tau": 66.95, "tau_c": 80.32, "omega": 109.36, "M": 0.83, "D": 0.0, "R": 0.62, "sving": 0.05, "os": 0.0, "foss": 0.0, "juv": 0.0, "B": 0.66, "Q": 33.01, "w": 36.0, "h": 0.56, "S": 0.01216, "elv": "Byna", "km": 5.4}}, {"type": "Feature", "geometry": {"type": "LineString", "coordinates": [[9.96632, 62.71907], [9.96739, 62.71981]]}, "properties": {"P": 22.14, "tau": 74.65, "tau_c": 86.79, "omega": 127.89, "M": 0.86, "D": 0.0, "R": 0.65, "sving": 0.09, "os": 0.0, "foss": 0.0, "juv": 0.0, "B": 0.66, "Q": 33.06, "w": 36.0, "h": 0.54, "S": 0.0142, "elv": "Byna", "km": 5.5}}, {"type": "Feature", "geometry": {"type": "LineString", "coordinates": [[9.96739, 62.71981], [9.96874, 62.72046]]}, "properties": {"P": 28.73, "tau": 82.23, "tau_c": 90.7, "omega": 147.9, "M": 0.91, "D": 0.0, "R": 0.7, "sving": 0.35, "os": 0.0, "foss": 0.0, "juv": 0.0, "B": 0.66, "Q": 33.06, "w": 34.0, "h": 0.54, "S": 0.0155, "elv": "Byna", "km": 5.6}}, {"type": "Feature", "geometry": {"type": "LineString", "coordinates": [[9.96874, 62.72046], [9.96874, 62.72133]]}, "properties": {"P": 26.2, "tau": 74.37, "tau_c": 86.55, "omega": 127.21, "M": 0.86, "D": 0.01, "R": 0.65, "sving": 0.28, "os": 0.0, "foss": 0.0, "juv": 0.0, "B": 0.66, "Q": 33.06, "w": 36.0, "h": 0.54, "S": 0.01412, "elv": "Byna", "km": 5.7}}, {"type": "Feature", "geometry": {"type": "LineString", "coordinates": [[9.96874, 62.72133], [9.9674, 62.72195]]}, "properties": {"P": 21.99, "tau": 76.26, "tau_c": 92.71, "omega": 130.16, "M": 0.82, "D": 0.02, "R": 0.61, "sving": 0.13, "os": 0.0, "foss": 0.0, "juv": 0.0, "B": 0.66, "Q": 33.07, "w": 40.38, "h": 0.48, "S": 0.0162, "elv": "Byna", "km": 5.8}}, {"type": "Feature", "geometry": {"type": "LineString", "coordinates": [[9.9674, 62.72195], [9.9671, 62.72277]]}, "properties": {"P": 20.11, "tau": 76.9, "tau_c": 95.27, "omega": 130.98, "M": 0.81, "D": 0.02, "R": 0.59, "sving": 0.06, "os": 0.0, "foss": 0.0, "juv": 0.0, "B": 0.66, "Q": 33.07, "w": 42.38, "h": 0.46, "S": 0.01711, "elv": "Byna", "km": 5.9}}, {"type": "Feature", "geometry": {"type": "LineString", "coordinates": [[9.9671, 62.72277], [9.96783, 62.72355]]}, "properties": {"P": 31.58, "tau": 74.78, "tau_c": 93.16, "omega": 125.91, "M": 0.8, "D": 0.0, "R": 0.58, "sving": 0.7, "os": 0.0, "foss": 0.0, "juv": 0.0, "B": 0.66, "Q": 33.26, "w": 42.38, "h": 0.47, "S": 0.01636, "elv": "Byna", "km": 6.0}}, {"type": "Feature", "geometry": {"type": "LineString", "coordinates": [[9.96783, 62.72355], [9.96815, 62.72439]]}, "properties": {"P": 33.39, "tau": 100.08, "tau_c": 119.85, "omega": 188.9, "M": 0.84, "D": 0.0, "R": 0.62, "sving": 0.66, "os": 0.06, "foss": 0.0, "juv": 0.0, "B": 0.66, "Q": 33.26, "w": 46.76, "h": 0.38, "S": 0.02708, "elv": "Byna", "km": 6.1}}, {"type": "Feature", "geometry": {"type": "LineString", "coordinates": [[9.96815, 62.72439], [9.96981, 62.72479]]}, "properties": {"P": 23.54, "tau": 93.28, "tau_c": 113.94, "omega": 170.8, "M": 0.82, "D": 0.0, "R": 0.6, "sving": 0.15, "os": 0.09, "foss": 0.0, "juv": 0.0, "B": 0.66, "Q": 33.27, "w": 46.76, "h": 0.39, "S": 0.02447, "elv": "Byna", "km": 6.2}}, {"type": "Feature", "geometry": {"type": "LineString", "coordinates": [[9.96981, 62.72479], [9.97144, 62.72477]]}, "properties": {"P": 47.34, "tau": 115.89, "tau_c": 133.1, "omega": 233.06, "M": 0.87, "D": 0.0, "R": 0.66, "sving": 0.25, "os": 0.15, "foss": 1.0, "juv": 0.0, "B": 0.66, "Q": 33.27, "w": 46.77, "h": 0.35, "S": 0.03339, "elv": "Byna", "km": 6.3}}, {"type": "Feature", "geometry": {"type": "LineString", "coordinates": [[9.97144, 62.72477], [9.97269, 62.72532]]}, "properties": {"P": 42.09, "tau": 134.26, "tau_c": 151.12, "omega": 285.88, "M": 0.89, "D": 0.0, "R": 0.68, "sving": 0.16, "os": 0.2, "foss": 0.72, "juv": 0.0, "B": 0.66, "Q": 33.27, "w": 49.15, "h": 0.32, "S": 0.04305, "elv": "Byna", "km": 6.4}}, {"type": "Feature", "geometry": {"type": "LineString", "coordinates": [[9.97269, 62.72532], [9.97412, 62.72592]]}, "properties": {"P": 57.7, "tau": 145.94, "tau_c": 160.43, "omega": 322.16, "M": 0.91, "D": 0.0, "R": 0.71, "sving": 0.55, "os": 0.32, "foss": 1.0, "juv": 0.0, "B": 0.66, "Q": 33.27, "w": 49.15, "h": 0.31, "S": 0.04851, "elv": "Byna", "km": 6.5}}, {"type": "Feature", "geometry": {"type": "LineString", "coordinates": [[9.97412, 62.72592], [9.97531, 62.72663]]}, "properties": {"P": 58.22, "tau": 166.12, "tau_c": 168.99, "omega": 392.49, "M": 0.98, "D": 0.0, "R": 0.78, "sving": 0.25, "os": 0.52, "foss": 1.0, "juv": 0.0, "B": 0.66, "Q": 33.27, "w": 44.77, "h": 0.31, "S": 0.05383, "elv": "Byna", "km": 6.6}}, {"type": "Feature", "geometry": {"type": "LineString", "coordinates": [[9.97531, 62.72663], [9.97556, 62.72749]]}, "properties": {"P": 62.37, "tau": 139.68, "tau_c": 149.82, "omega": 305.87, "M": 0.93, "D": 0.04, "R": 0.73, "sving": 0.2, "os": 0.83, "foss": 1.0, "juv": 0.0, "B": 0.66, "Q": 33.27, "w": 45.15, "h": 0.34, "S": 0.04231, "elv": "Byna", "km": 6.7}}, {"type": "Feature", "geometry": {"type": "LineString", "coordinates": [[9.97556, 62.72749], [9.97581, 62.72836]]}, "properties": {"P": 61.64, "tau": 151.67, "tau_c": 158.33, "omega": 344.54, "M": 0.96, "D": 0.07, "R": 0.76, "sving": 0.16, "os": 0.74, "foss": 1.0, "juv": 0.0, "B": 0.66, "Q": 33.27, "w": 44.77, "h": 0.33, "S": 0.04725, "elv": "Byna", "km": 6.8}}, {"type": "Feature", "geometry": {"type": "LineString", "coordinates": [[9.97581, 62.72836], [9.97638, 62.72921]]}, "properties": {"P": 49.88, "tau": 131.89, "tau_c": 142.72, "omega": 282.36, "M": 0.92, "D": 0.14, "R": 0.72, "sving": 0.07, "os": 0.45, "foss": 0.72, "juv": 0.0, "B": 0.66, "Q": 33.27, "w": 44.38, "h": 0.35, "S": 0.03839, "elv": "Byna", "km": 6.9}}, {"type": "Feature", "geometry": {"type": "LineString", "coordinates": [[9.97638, 62.72921], [9.9768, 62.73008]]}, "properties": {"P": 42.43, "tau": 110.05, "tau_c": 128.57, "omega": 216.29, "M": 0.86, "D": 0.15, "R": 0.65, "sving": 0.16, "os": 0.28, "foss": 0.51, "juv": 0.0, "B": 0.66, "Q": 33.27, "w": 47.02, "h": 0.36, "S": 0.03115, "elv": "Byna", "km": 7.0}}, {"type": "Feature", "geometry": {"type": "LineString", "coordinates": [[9.9768, 62.73008], [9.97742, 62.7309]]}, "properties": {"P": 36.61, "tau": 91.43, "tau_c": 112.3, "omega": 166.03, "M": 0.81, "D": 0.13, "R": 0.6, "sving": 0.22, "os": 0.17, "foss": 0.37, "juv": 0.0, "B": 0.66, "Q": 34.9, "w": 49.02, "h": 0.39, "S": 0.02377, "elv": "Byna", "km": 7.1}}, {"type": "Feature", "geometry": {"type": "LineString", "coordinates": [[9.97742, 62.7309], [9.97688, 62.73169]]}, "properties": {"P": 44.18, "tau": 96.22, "tau_c": 111.8, "omega": 180.74, "M": 0.86, "D": 0.06, "R": 0.65, "sving": 0.05, "os": 0.1, "foss": 1.0, "juv": 0.0, "B": 0.66, "Q": 34.91, "w": 44.64, "h": 0.42, "S": 0.02356, "elv": "Byna", "km": 7.2}}, {"type": "Feature", "geometry": {"type": "LineString", "coordinates": [[9.97688, 62.73169], [9.97632, 62.73255]]}, "properties": {"P": 40.22, "tau": 103.87, "tau_c": 113.28, "omega": 204.03, "M": 0.92, "D": 0.01, "R": 0.71, "sving": 0.09, "os": 0.07, "foss": 0.72, "juv": 0.05, "B": 0.66, "Q": 34.94, "w": 40.64, "h": 0.44, "S": 0.02419, "elv": "Byna", "km": 7.3}}, {"type": "Feature", "geometry": {"type": "LineString", "coordinates": [[9.97632, 62.73255], [9.97648, 62.73338]]}, "properties": {"P": 48.23, "tau": 106.3, "tau_c": 110.03, "omega": 213.53, "M": 0.97, "D": 0.0, "R": 0.76, "sving": 0.19, "os": 0.0, "foss": 1.0, "juv": 0.09, "B": 0.66, "Q": 34.95, "w": 36.64, "h": 0.47, "S": 0.02282, "elv": "Byna", "km": 7.4}}, {"type": "Feature", "geometry": {"type": "LineString", "coordinates": [[9.79836, 62.79744], [9.79964, 62.79799]]}, "properties": {"P": 16.17, "tau": 88.92, "tau_c": 289.55, "omega": 115.38, "M": 0.31, "D": 0.0, "R": 0.03, "sving": 0.35, "os": 0.0, "foss": 1.0, "juv": 0.0, "B": 0.4, "Q": 0.45, "w": 6.05, "h": 0.06, "S": 0.15803, "elv": "Vidalsbekken", "km": 0.1}}, {"type": "Feature", "geometry": {"type": "LineString", "coordinates": [[9.79964, 62.79799], [9.79917, 62.79878]]}, "properties": {"P": 14.62, "tau": 88.71, "tau_c": 288.64, "omega": 115.04, "M": 0.31, "D": 0.01, "R": 0.03, "sving": 0.2, "os": 0.0, "foss": 1.0, "juv": 0.0, "B": 0.4, "Q": 0.45, "w": 6.06, "h": 0.06, "S": 0.15703, "elv": "Vidalsbekken", "km": 0.2}}, {"type": "Feature", "geometry": {"type": "LineString", "coordinates": [[9.79917, 62.79878], [9.79945, 62.79967]]}, "properties": {"P": 17.07, "tau": 82.58, "tau_c": 273.54, "omega": 103.91, "M": 0.3, "D": 0.01, "R": 0.03, "sving": 0.42, "os": 0.0, "foss": 1.0, "juv": 0.0, "B": 0.4, "Q": 0.46, "w": 6.09, "h": 0.06, "S": 0.14103, "elv": "Vidalsbekken", "km": 0.3}}, {"type": "Feature", "geometry": {"type": "LineString", "coordinates": [[9.79945, 62.79967], [9.79944, 62.80054]]}, "properties": {"P": 15.28, "tau": 85.71, "tau_c": 281.17, "omega": 109.57, "M": 0.3, "D": 0.01, "R": 0.03, "sving": 0.26, "os": 0.0, "foss": 1.0, "juv": 0.0, "B": 0.4, "Q": 0.46, "w": 6.13, "h": 0.06, "S": 0.149, "elv": "Vidalsbekken", "km": 0.4}}, {"type": "Feature", "geometry": {"type": "LineString", "coordinates": [[9.79944, 62.80054], [9.79891, 62.80135]]}, "properties": {"P": 14.13, "tau": 88.78, "tau_c": 287.42, "omega": 115.37, "M": 0.31, "D": 0.0, "R": 0.03, "sving": 0.16, "os": 0.0, "foss": 1.0, "juv": 0.0, "B": 0.4, "Q": 0.47, "w": 6.23, "h": 0.06, "S": 0.15571, "elv": "Vidalsbekken", "km": 0.5}}, {"type": "Feature", "geometry": {"type": "LineString", "coordinates": [[9.79891, 62.80135], [9.79969, 62.80213]]}, "properties": {"P": 12.71, "tau": 92.61, "tau_c": 295.42, "omega": 122.71, "M": 0.31, "D": 0.0, "R": 0.03, "sving": 0.03, "os": 0.0, "foss": 1.0, "juv": 0.0, "B": 0.41, "Q": 0.48, "w": 6.32, "h": 0.06, "S": 0.16449, "elv": "Vidalsbekken", "km": 0.6}}, {"type": "Feature", "geometry": {"type": "LineString", "coordinates": [[9.79969, 62.80213], [9.79919, 62.80291]]}, "properties": {"P": 15.07, "tau": 88.06, "tau_c": 275.53, "omega": 115.36, "M": 0.32, "D": 0.0, "R": 0.04, "sving": 0.21, "os": 0.0, "foss": 1.0, "juv": 0.0, "B": 0.41, "Q": 0.53, "w": 6.42, "h": 0.06, "S": 0.14309, "elv": "Vidalsbekken", "km": 0.7}}, {"type": "Feature", "geometry": {"type": "LineString", "coordinates": [[9.79919, 62.80291], [9.79903, 62.80374]]}, "properties": {"P": 14.05, "tau": 94.11, "tau_c": 290.33, "omega": 126.73, "M": 0.32, "D": 0.0, "R": 0.04, "sving": 0.12, "os": 0.0, "foss": 1.0, "juv": 0.0, "B": 0.41, "Q": 0.53, "w": 6.53, "h": 0.06, "S": 0.15887, "elv": "Vidalsbekken", "km": 0.8}}, {"type": "Feature", "geometry": {"type": "LineString", "coordinates": [[9.79903, 62.80374], [9.79952, 62.80456]]}, "properties": {"P": 15.96, "tau": 102.42, "tau_c": 308.52, "omega": 143.1, "M": 0.33, "D": 0.0, "R": 0.04, "sving": 0.27, "os": 0.0, "foss": 1.0, "juv": 0.0, "B": 0.41, "Q": 0.54, "w": 6.63, "h": 0.06, "S": 0.1794, "elv": "Vidalsbekken", "km": 0.9}}, {"type": "Feature", "geometry": {"type": "LineString", "coordinates": [[9.79952, 62.80456], [9.80082, 62.80521]]}, "properties": {"P": 16.13, "tau": 109.42, "tau_c": 320.21, "omega": 157.83, "M": 0.34, "D": 0.0, "R": 0.05, "sving": 0.26, "os": 0.0, "foss": 1.0, "juv": 0.0, "B": 0.42, "Q": 0.55, "w": 6.66, "h": 0.06, "S": 0.19326, "elv": "Vidalsbekken", "km": 1.0}}, {"type": "Feature", "geometry": {"type": "LineString", "coordinates": [[9.80082, 62.80521], [9.80164, 62.80602]]}, "properties": {"P": 15.53, "tau": 109.45, "tau_c": 320.94, "omega": 157.8, "M": 0.34, "D": 0.02, "R": 0.05, "sving": 0.2, "os": 0.0, "foss": 1.0, "juv": 0.0, "B": 0.42, "Q": 0.56, "w": 6.73, "h": 0.06, "S": 0.19415, "elv": "Vidalsbekken", "km": 1.1}}, {"type": "Feature", "geometry": {"type": "LineString", "coordinates": [[9.80164, 62.80602], [9.80275, 62.80674]]}, "properties": {"P": 15.43, "tau": 100.54, "tau_c": 303.88, "omega": 139.49, "M": 0.33, "D": 0.04, "R": 0.04, "sving": 0.16, "os": 0.0, "foss": 1.0, "juv": 0.0, "B": 0.42, "Q": 0.56, "w": 6.84, "h": 0.06, "S": 0.17405, "elv": "Vidalsbekken", "km": 1.2}}, {"type": "Feature", "geometry": {"type": "LineString", "coordinates": [[9.80275, 62.80674], [9.80408, 62.80735]]}, "properties": {"P": 18.15, "tau": 99.97, "tau_c": 297.69, "omega": 139.08, "M": 0.34, "D": 0.05, "R": 0.04, "sving": 0.36, "os": 0.0, "foss": 1.0, "juv": 0.0, "B": 0.42, "Q": 0.59, "w": 6.93, "h": 0.06, "S": 0.16703, "elv": "Vidalsbekken", "km": 1.3}}, {"type": "Feature", "geometry": {"type": "LineString", "coordinates": [[9.80408, 62.80735], [9.80583, 62.80768]]}, "properties": {"P": 14.66, "tau": 92.07, "tau_c": 274.11, "omega": 124.53, "M": 0.34, "D": 0.05, "R": 0.04, "sving": 0.06, "os": 0.0, "foss": 1.0, "juv": 0.0, "B": 0.42, "Q": 0.63, "w": 7.01, "h": 0.07, "S": 0.14162, "elv": "Vidalsbekken", "km": 1.4}}, {"type": "Feature", "geometry": {"type": "LineString", "coordinates": [[9.80583, 62.80768], [9.80772, 62.80784]]}, "properties": {"P": 14.43, "tau": 92.66, "tau_c": 276.35, "omega": 125.56, "M": 0.34, "D": 0.02, "R": 0.04, "sving": 0.08, "os": 0.0, "foss": 1.0, "juv": 0.0, "B": 0.42, "Q": 0.63, "w": 7.1, "h": 0.07, "S": 0.14394, "elv": "Vidalsbekken", "km": 1.5}}, {"type": "Feature", "geometry": {"type": "LineString", "coordinates": [[9.80772, 62.80784], [9.80845, 62.80853]]}, "properties": {"P": 16.1, "tau": 92.57, "tau_c": 277.0, "omega": 125.26, "M": 0.33, "D": 0.01, "R": 0.04, "sving": 0.17, "os": 0.05, "foss": 1.0, "juv": 0.0, "B": 0.42, "Q": 0.63, "w": 7.15, "h": 0.07, "S": 0.14462, "elv": "Vidalsbekken", "km": 1.6}}, {"type": "Feature", "geometry": {"type": "LineString", "coordinates": [[9.80845, 62.80853], [9.80948, 62.80925]]}, "properties": {"P": 17.45, "tau": 105.2, "tau_c": 303.58, "omega": 150.46, "M": 0.35, "D": 0.0, "R": 0.05, "sving": 0.26, "os": 0.08, "foss": 1.0, "juv": 0.0, "B": 0.42, "Q": 0.63, "w": 7.15, "h": 0.06, "S": 0.17371, "elv": "Vidalsbekken", "km": 1.7}}, {"type": "Feature", "geometry": {"type": "LineString", "coordinates": [[9.80948, 62.80925], [9.81068, 62.80989]]}, "properties": {"P": 19.93, "tau": 98.06, "tau_c": 288.64, "omega": 136.06, "M": 0.34, "D": 0.02, "R": 0.05, "sving": 0.39, "os": 0.13, "foss": 1.0, "juv": 0.0, "B": 0.42, "Q": 0.63, "w": 7.16, "h": 0.06, "S": 0.15703, "elv": "Vidalsbekken", "km": 1.8}}, {"type": "Feature", "geometry": {"type": "LineString", "coordinates": [[9.81068, 62.80989], [9.81192, 62.81055]]}, "properties": {"P": 17.49, "tau": 91.05, "tau_c": 273.59, "omega": 122.36, "M": 0.33, "D": 0.03, "R": 0.04, "sving": 0.1, "os": 0.21, "foss": 1.0, "juv": 0.0, "B": 0.42, "Q": 0.63, "w": 7.16, "h": 0.07, "S": 0.14108, "elv": "Vidalsbekken", "km": 1.9}}, {"type": "Feature", "geometry": {"type": "LineString", "coordinates": [[9.81192, 62.81055], [9.81378, 62.81061]]}, "properties": {"P": 19.89, "tau": 95.16, "tau_c": 282.33, "omega": 130.35, "M": 0.34, "D": 0.04, "R": 0.05, "sving": 0.15, "os": 0.35, "foss": 1.0, "juv": 0.0, "B": 0.42, "Q": 0.63, "w": 7.16, "h": 0.06, "S": 0.15024, "elv": "Vidalsbekken", "km": 2.0}}, {"type": "Feature", "geometry": {"type": "LineString", "coordinates": [[9.81378, 62.81061], [9.81434, 62.8114]]}, "properties": {"P": 21.37, "tau": 89.79, "tau_c": 270.85, "omega": 119.93, "M": 0.33, "D": 0.05, "R": 0.04, "sving": 0.2, "os": 0.42, "foss": 1.0, "juv": 0.0, "B": 0.42, "Q": 0.63, "w": 7.16, "h": 0.07, "S": 0.13827, "elv": "Vidalsbekken", "km": 2.1}}, {"type": "Feature", "geometry": {"type": "LineString", "coordinates": [[9.97622, 62.72161], [9.97589, 62.72246]]}, "properties": {"P": 17.2, "tau": 56.75, "tau_c": 168.21, "omega": 65.24, "M": 0.34, "D": 0.0, "R": 0.05, "sving": 0.14, "os": 0.06, "foss": 1.0, "juv": 0.0, "B": 0.47, "Q": 1.18, "w": 9.43, "h": 0.11, "S": 0.05333, "elv": "Krokbekken", "km": 7.9}}, {"type": "Feature", "geometry": {"type": "LineString", "coordinates": [[9.97589, 62.72246], [9.97645, 62.7233]]}, "properties": {"P": 17.03, "tau": 56.42, "tau_c": 168.18, "omega": 64.65, "M": 0.34, "D": 0.0, "R": 0.04, "sving": 0.09, "os": 0.1, "foss": 1.0, "juv": 0.0, "B": 0.47, "Q": 1.19, "w": 9.63, "h": 0.11, "S": 0.05331, "elv": "Krokbekken", "km": 8.0}}, {"type": "Feature", "geometry": {"type": "LineString", "coordinates": [[9.97645, 62.7233], [9.97663, 62.72415]]}, "properties": {"P": 17.81, "tau": 60.47, "tau_c": 177.99, "omega": 71.26, "M": 0.34, "D": 0.01, "R": 0.05, "sving": 0.07, "os": 0.16, "foss": 1.0, "juv": 0.0, "B": 0.47, "Q": 1.2, "w": 9.84, "h": 0.1, "S": 0.05971, "elv": "Krokbekken", "km": 8.1}}, {"type": "Feature", "geometry": {"type": "LineString", "coordinates": [[9.97663, 62.72415], [9.97633, 62.72502]]}, "properties": {"P": 17.1, "tau": 62.1, "tau_c": 181.88, "omega": 73.98, "M": 0.34, "D": 0.03, "R": 0.05, "sving": 0.18, "os": 0.26, "foss": 0.72, "juv": 0.0, "B": 0.47, "Q": 1.2, "w": 9.95, "h": 0.1, "S": 0.06235, "elv": "Krokbekken", "km": 8.2}}, {"type": "Feature", "geometry": {"type": "LineString", "coordinates": [[9.97633, 62.72502], [9.97635, 62.72591]]}, "properties": {"P": 22.65, "tau": 52.38, "tau_c": 161.61, "omega": 57.91, "M": 0.32, "D": 0.07, "R": 0.04, "sving": 0.1, "os": 0.42, "foss": 1.0, "juv": 0.0, "B": 0.47, "Q": 1.21, "w": 10.06, "h": 0.11, "S": 0.04923, "elv": "Krokbekken", "km": 8.3}}, {"type": "Feature", "geometry": {"type": "LineString", "coordinates": [[9.97635, 62.72591], [9.97602, 62.72678]]}, "properties": {"P": 21.8, "tau": 53.61, "tau_c": 158.93, "omega": 60.5, "M": 0.34, "D": 0.08, "R": 0.05, "sving": 0.01, "os": 0.69, "foss": 0.72, "juv": 0.0, "B": 0.47, "Q": 1.32, "w": 10.17, "h": 0.11, "S": 0.04761, "elv": "Krokbekken", "km": 8.4}}, {"type": "Feature", "geometry": {"type": "LineString", "coordinates": [[10.15006, 62.66951], [10.14934, 62.67035]]}, "properties": {"P": 38.83, "tau": 324.62, "tau_c": 215.07, "omega": 1108.85, "M": 1.51, "D": 0.02, "R": 1.0, "sving": 0.06, "os": 0.0, "foss": 1.0, "juv": 0.0, "B": 0.49, "Q": 93.7, "w": 72.27, "h": 0.38, "S": 0.08718, "elv": "Orkla", "km": 0.0}}, {"type": "Feature", "geometry": {"type": "LineString", "coordinates": [[10.14934, 62.67035], [10.14859, 62.67117]]}, "properties": {"P": 64.92, "tau": 289.1, "tau_c": 186.26, "omega": 956.56, "M": 1.55, "D": 0.04, "R": 1.0, "sving": 0.03, "os": 0.0, "foss": 0.72, "juv": 0.0, "B": 0.92, "Q": 93.72, "w": 62.85, "h": 0.45, "S": 0.06539, "elv": "Orkla", "km": 0.1}}, {"type": "Feature", "geometry": {"type": "LineString", "coordinates": [[10.14859, 62.67117], [10.14772, 62.67198]]}, "properties": {"P": 63.58, "tau": 279.69, "tau_c": 166.59, "omega": 935.33, "M": 1.68, "D": 0.13, "R": 0.98, "sving": 0.09, "os": 0.0, "foss": 0.51, "juv": 0.0, "B": 0.92, "Q": 93.73, "w": 51.42, "h": 0.55, "S": 0.05231, "elv": "Orkla", "km": 0.2}}, {"type": "Feature", "geometry": {"type": "LineString", "coordinates": [[10.14772, 62.67198], [10.14711, 62.67282]]}, "properties": {"P": 67.37, "tau": 273.65, "tau_c": 153.08, "omega": 923.2, "M": 1.79, "D": 0.25, "R": 0.96, "sving": 0.26, "os": 0.0, "foss": 0.37, "juv": 0.0, "B": 0.92, "Q": 93.76, "w": 44.0, "h": 0.63, "S": 0.04416, "elv": "Orkla", "km": 0.3}}, {"type": "Feature", "geometry": {"type": "LineString", "coordinates": [[10.14711, 62.67282], [10.14683, 62.6737]]}, "properties": {"P": 64.91, "tau": 88.22, "tau_c": 66.42, "omega": 182.15, "M": 1.33, "D": 0.45, "R": 0.98, "sving": 0.23, "os": 0.0, "foss": 0.0, "juv": 0.0, "B": 0.92, "Q": 93.78, "w": 42.0, "h": 1.08, "S": 0.00832, "elv": "Orkla", "km": 0.4}}, {"type": "Feature", "geometry": {"type": "LineString", "coordinates": [[10.14683, 62.6737], [10.14738, 62.67452]]}, "properties": {"P": 61.28, "tau": 64.75, "tau_c": 51.96, "omega": 117.06, "M": 1.25, "D": 0.41, "R": 0.95, "sving": 0.12, "os": 0.06, "foss": 0.0, "juv": 0.0, "B": 0.92, "Q": 93.8, "w": 40.0, "h": 1.3, "S": 0.00509, "elv": "Orkla", "km": 0.5}}, {"type": "Feature", "geometry": {"type": "LineString", "coordinates": [[10.14738, 62.67452], [10.14765, 62.6754]]}, "properties": {"P": 53.06, "tau": 53.74, "tau_c": 45.41, "omega": 89.45, "M": 1.18, "D": 0.28, "R": 0.92, "sving": 0.0, "os": 0.1, "foss": 0.0, "juv": 0.0, "B": 0.92, "Q": 93.83, "w": 40.0, "h": 1.41, "S": 0.00389, "elv": "Orkla", "km": 0.6}}, {"type": "Feature", "geometry": {"type": "LineString", "coordinates": [[10.14765, 62.6754], [10.14767, 62.67629]]}, "properties": {"P": 52.98, "tau": 66.59, "tau_c": 53.01, "omega": 121.9, "M": 1.26, "D": 0.05, "R": 0.96, "sving": 0.19, "os": 0.16, "foss": 0.0, "juv": 0.0, "B": 0.92, "Q": 93.84, "w": 40.0, "h": 1.28, "S": 0.0053, "elv": "Orkla", "km": 0.7}}, {"type": "Feature", "geometry": {"type": "LineString", "coordinates": [[10.14767, 62.67629], [10.14739, 62.67718]]}, "properties": {"P": 53.09, "tau": 71.29, "tau_c": 53.01, "omega": 135.57, "M": 1.34, "D": 0.0, "R": 0.98, "sving": 0.11, "os": 0.25, "foss": 0.0, "juv": 0.0, "B": 0.92, "Q": 93.92, "w": 36.0, "h": 1.37, "S": 0.0053, "elv": "Orkla", "km": 0.8}}, {"type": "Feature", "geometry": {"type": "LineString", "coordinates": [[10.14739, 62.67718], [10.14701, 62.67806]]}, "properties": {"P": 55.98, "tau": 67.46, "tau_c": 50.93, "omega": 125.15, "M": 1.32, "D": 0.01, "R": 0.98, "sving": 0.05, "os": 0.42, "foss": 0.0, "juv": 0.0, "B": 0.92, "Q": 93.93, "w": 36.0, "h": 1.41, "S": 0.00489, "elv": "Orkla", "km": 0.9}}, {"type": "Feature", "geometry": {"type": "LineString", "coordinates": [[10.14701, 62.67806], [10.14668, 62.67894]]}, "properties": {"P": 63.98, "tau": 64.44, "tau_c": 49.25, "omega": 117.12, "M": 1.31, "D": 0.07, "R": 0.97, "sving": 0.02, "os": 0.69, "foss": 0.0, "juv": 0.0, "B": 0.92, "Q": 94.0, "w": 36.0, "h": 1.44, "S": 0.00457, "elv": "Orkla", "km": 1.0}}, {"type": "Feature", "geometry": {"type": "LineString", "coordinates": [[10.14668, 62.67894], [10.14642, 62.67983]]}, "properties": {"P": 71.72, "tau": 66.97, "tau_c": 49.27, "omega": 124.26, "M": 1.36, "D": 0.13, "R": 0.99, "sving": 0.02, "os": 0.88, "foss": 0.0, "juv": 0.0, "B": 0.92, "Q": 94.11, "w": 34.0, "h": 1.49, "S": 0.00458, "elv": "Orkla", "km": 1.1}}, {"type": "Feature", "geometry": {"type": "LineString", "coordinates": [[10.14642, 62.67983], [10.14627, 62.68072]]}, "properties": {"P": 63.14, "tau": 44.64, "tau_c": 37.73, "omega": 68.83, "M": 1.18, "D": 0.19, "R": 0.92, "sving": 0.02, "os": 0.58, "foss": 0.0, "juv": 0.0, "B": 0.92, "Q": 94.12, "w": 36.0, "h": 1.7, "S": 0.00268, "elv": "Orkla", "km": 1.2}}, {"type": "Feature", "geometry": {"type": "LineString", "coordinates": [[10.14627, 62.68072], [10.14601, 62.68161]]}, "properties": {"P": 50.36, "tau": 38.23, "tau_c": 37.83, "omega": 54.14, "M": 1.01, "D": 0.14, "R": 0.81, "sving": 0.03, "os": 0.36, "foss": 0.0, "juv": 0.0, "B": 0.92, "Q": 94.12, "w": 46.0, "h": 1.44, "S": 0.0027, "elv": "Orkla", "km": 1.3}}, {"type": "Feature", "geometry": {"type": "LineString", "coordinates": [[10.14601, 62.68161], [10.14558, 62.68248]]}, "properties": {"P": 49.11, "tau": 47.48, "tau_c": 44.23, "omega": 74.01, "M": 1.07, "D": 0.07, "R": 0.86, "sving": 0.13, "os": 0.22, "foss": 0.0, "juv": 0.0, "B": 0.92, "Q": 94.13, "w": 46.0, "h": 1.31, "S": 0.00369, "elv": "Orkla", "km": 1.4}}, {"type": "Feature", "geometry": {"type": "LineString", "coordinates": [[10.14558, 62.68248], [10.14519, 62.68333]]}, "properties": {"P": 46.0, "tau": 63.36, "tau_c": 55.51, "omega": 111.74, "M": 1.14, "D": 0.0, "R": 0.9, "sving": 0.11, "os": 0.13, "foss": 0.0, "juv": 0.0, "B": 0.92, "Q": 94.13, "w": 48.0, "h": 1.11, "S": 0.00581, "elv": "Orkla", "km": 1.5}}, {"type": "Feature", "geometry": {"type": "LineString", "coordinates": [[10.14519, 62.68333], [10.14569, 62.6842]]}, "properties": {"P": 43.72, "tau": 68.62, "tau_c": 59.68, "omega": 124.98, "M": 1.15, "D": 0.0, "R": 0.91, "sving": 0.06, "os": 0.08, "foss": 0.0, "juv": 0.0, "B": 0.92, "Q": 94.9, "w": 50.0, "h": 1.04, "S": 0.00671, "elv": "Orkla", "km": 1.6}}, {"type": "Feature", "geometry": {"type": "LineString", "coordinates": [[10.14569, 62.6842], [10.14597, 62.68506]]}, "properties": {"P": 44.58, "tau": 82.01, "tau_c": 67.83, "omega": 161.48, "M": 1.21, "D": 0.0, "R": 0.94, "sving": 0.05, "os": 0.07, "foss": 0.0, "juv": 0.0, "B": 0.92, "Q": 94.91, "w": 50.0, "h": 0.96, "S": 0.00867, "elv": "Orkla", "km": 1.7}}, {"type": "Feature", "geometry": {"type": "LineString", "coordinates": [[10.14597, 62.68506], [10.14586, 62.68596]]}, "properties": {"P": 57.66, "tau": 105.41, "tau_c": 75.11, "omega": 235.73, "M": 1.4, "D": 0.0, "R": 0.99, "sving": 0.42, "os": 0.11, "foss": 0.0, "juv": 0.0, "B": 0.92, "Q": 94.92, "w": 42.0, "h": 1.01, "S": 0.01063, "elv": "Orkla", "km": 1.8}}, {"type": "Feature", "geometry": {"type": "LineString", "coordinates": [[10.14586, 62.68596], [10.14573, 62.68683]]}, "properties": {"P": 55.44, "tau": 110.55, "tau_c": 76.02, "omega": 253.62, "M": 1.45, "D": 0.0, "R": 1.0, "sving": 0.27, "os": 0.17, "foss": 0.0, "juv": 0.0, "B": 0.92, "Q": 94.94, "w": 40.0, "h": 1.03, "S": 0.01089, "elv": "Orkla", "km": 1.9}}, {"type": "Feature", "geometry": {"type": "LineString", "coordinates": [[10.14573, 62.68683], [10.14426, 62.68741]]}, "properties": {"P": 54.77, "tau": 110.18, "tau_c": 75.83, "omega": 252.38, "M": 1.45, "D": 0.02, "R": 1.0, "sving": 0.14, "os": 0.24, "foss": 0.0, "juv": 0.0, "B": 0.92, "Q": 94.94, "w": 40.0, "h": 1.04, "S": 0.01084, "elv": "Orkla", "km": 2.0}}, {"type": "Feature", "geometry": {"type": "LineString", "coordinates": [[10.14426, 62.68741], [10.14323, 62.68816]]}, "properties": {"P": 58.15, "tau": 107.54, "tau_c": 72.79, "omega": 244.8, "M": 1.48, "D": 0.05, "R": 1.0, "sving": 0.07, "os": 0.4, "foss": 0.0, "juv": 0.0, "B": 0.92, "Q": 94.96, "w": 38.0, "h": 1.1, "S": 0.00999, "elv": "Orkla", "km": 2.1}}, {"type": "Feature", "geometry": {"type": "LineString", "coordinates": [[10.14323, 62.68816], [10.14242, 62.68898]]}, "properties": {"P": 70.61, "tau": 95.35, "tau_c": 65.06, "omega": 206.66, "M": 1.47, "D": 0.09, "R": 1.0, "sving": 0.25, "os": 0.63, "foss": 0.0, "juv": 0.0, "B": 0.92, "Q": 95.06, "w": 36.0, "h": 1.22, "S": 0.00798, "elv": "Orkla", "km": 2.2}}, {"type": "Feature", "geometry": {"type": "LineString", "coordinates": [[10.14242, 62.68898], [10.14195, 62.68983]]}, "properties": {"P": 68.25, "tau": 88.5, "tau_c": 60.02, "omega": 186.26, "M": 1.47, "D": 0.07, "R": 1.0, "sving": 0.11, "os": 0.71, "foss": 0.0, "juv": 0.0, "B": 0.92, "Q": 95.08, "w": 34.0, "h": 1.33, "S": 0.00679, "elv": "Orkla", "km": 2.3}}, {"type": "Feature", "geometry": {"type": "LineString", "coordinates": [[10.14195, 62.68983], [10.14161, 62.6907]]}, "properties": {"P": 58.49, "tau": 82.02, "tau_c": 58.34, "omega": 166.25, "M": 1.41, "D": 0.04, "R": 0.99, "sving": 0.03, "os": 0.47, "foss": 0.0, "juv": 0.0, "B": 0.92, "Q": 95.1, "w": 36.0, "h": 1.3, "S": 0.00642, "elv": "Orkla", "km": 2.4}}, {"type": "Feature", "geometry": {"type": "LineString", "coordinates": [[10.14161, 62.6907], [10.14108, 62.69157]]}, "properties": {"P": 54.24, "tau": 95.55, "tau_c": 61.64, "omega": 208.91, "M": 1.55, "D": 0.0, "R": 1.0, "sving": 0.1, "os": 0.29, "foss": 0.0, "juv": 0.0, "B": 0.92, "Q": 95.15, "w": 32.0, "h": 1.36, "S": 0.00716, "elv": "Orkla", "km": 2.5}}, {"type": "Feature", "geometry": {"type": "LineString", "coordinates": [[10.14108, 62.69157], [10.14042, 62.69241]]}, "properties": {"P": 57.81, "tau": 97.45, "tau_c": 60.64, "omega": 215.64, "M": 1.61, "D": 0.03, "R": 0.99, "sving": 0.28, "os": 0.18, "foss": 0.0, "juv": 0.06, "B": 0.92, "Q": 95.16, "w": 30.0, "h": 1.43, "S": 0.00693, "elv": "Orkla", "km": 2.6}}, {"type": "Feature", "geometry": {"type": "LineString", "coordinates": [[10.14042, 62.69241], [10.13948, 62.69319]]}, "properties": {"P": 54.8, "tau": 83.75, "tau_c": 54.32, "omega": 173.07, "M": 1.54, "D": 0.08, "R": 1.0, "sving": 0.15, "os": 0.11, "foss": 0.0, "juv": 0.06, "B": 0.92, "Q": 95.17, "w": 30.0, "h": 1.54, "S": 0.00556, "elv": "Orkla", "km": 2.7}}, {"type": "Feature", "geometry": {"type": "LineString", "coordinates": [[10.13948, 62.69319], [10.13799, 62.69371]]}, "properties": {"P": 53.03, "tau": 80.28, "tau_c": 54.32, "omega": 162.31, "M": 1.48, "D": 0.09, "R": 1.0, "sving": 0.11, "os": 0.07, "foss": 0.0, "juv": 0.06, "B": 0.92, "Q": 95.21, "w": 32.0, "h": 1.47, "S": 0.00556, "elv": "Orkla", "km": 2.8}}, {"type": "Feature", "geometry": {"type": "LineString", "coordinates": [[10.13799, 62.69371], [10.13678, 62.69441]]}, "properties": {"P": 49.97, "tau": 67.04, "tau_c": 50.39, "omega": 124.2, "M": 1.33, "D": 0.12, "R": 0.98, "sving": 0.05, "os": 0.0, "foss": 0.0, "juv": 0.06, "B": 0.92, "Q": 95.22, "w": 36.0, "h": 1.43, "S": 0.00479, "elv": "Orkla", "km": 2.9}}, {"type": "Feature", "geometry": {"type": "LineString", "coordinates": [[10.13678, 62.69441], [10.13563, 62.69512]]}, "properties": {"P": 57.54, "tau": 79.86, "tau_c": 57.18, "omega": 159.97, "M": 1.4, "D": 0.12, "R": 0.99, "sving": 0.32, "os": 0.0, "foss": 0.0, "juv": 0.06, "B": 0.92, "Q": 95.26, "w": 36.0, "h": 1.32, "S": 0.00616, "elv": "Orkla", "km": 3.0}}, {"type": "Feature", "geometry": {"type": "LineString", "coordinates": [[10.13563, 62.69512], [10.13493, 62.69596]]}, "properties": {"P": 53.48, "tau": 51.13, "tau_c": 44.51, "omega": 83.08, "M": 1.15, "D": 0.2, "R": 0.91, "sving": 0.25, "os": 0.0, "foss": 0.0, "juv": 0.0, "B": 0.92, "Q": 95.28, "w": 42.0, "h": 1.4, "S": 0.00373, "elv": "Orkla", "km": 3.1}}, {"type": "Feature", "geometry": {"type": "LineString", "coordinates": [[10.13493, 62.69596], [10.13482, 62.69685]]}, "properties": {"P": 49.61, "tau": 45.87, "tau_c": 46.0, "omega": 69.57, "M": 1.0, "D": 0.14, "R": 0.79, "sving": 0.31, "os": 0.07, "foss": 0.0, "juv": 0.0, "B": 0.92, "Q": 95.28, "w": 53.57, "h": 1.17, "S": 0.00399, "elv": "Orkla", "km": 3.2}}, {"type": "Feature", "geometry": {"type": "LineString", "coordinates": [[10.13482, 62.69685], [10.13483, 62.69775]]}, "properties": {"P": 45.68, "tau": 49.11, "tau_c": 49.11, "omega": 76.47, "M": 1.0, "D": 0.09, "R": 0.8, "sving": 0.18, "os": 0.1, "foss": 0.0, "juv": 0.0, "B": 0.92, "Q": 95.3, "w": 55.57, "h": 1.1, "S": 0.00455, "elv": "Orkla", "km": 3.3}}, {"type": "Feature", "geometry": {"type": "LineString", "coordinates": [[10.13483, 62.69775], [10.13516, 62.69862]]}, "properties": {"P": 52.17, "tau": 52.11, "tau_c": 49.54, "omega": 83.88, "M": 1.05, "D": 0.06, "R": 0.84, "sving": 0.33, "os": 0.16, "foss": 0.0, "juv": 0.0, "B": 0.92, "Q": 95.32, "w": 51.57, "h": 1.15, "S": 0.00463, "elv": "Orkla", "km": 3.4}}, {"type": "Feature", "geometry": {"type": "LineString", "coordinates": [[10.13516, 62.69862], [10.13379, 62.69917]]}, "properties": {"P": 50.5, "tau": 49.73, "tau_c": 49.54, "omega": 77.85, "M": 1.0, "D": 0.12, "R": 0.8, "sving": 0.18, "os": 0.23, "foss": 0.0, "juv": 0.0, "B": 0.92, "Q": 95.32, "w": 55.57, "h": 1.1, "S": 0.00463, "elv": "Orkla", "km": 3.5}}, {"type": "Feature", "geometry": {"type": "LineString", "coordinates": [[10.13379, 62.69917], [10.13227, 62.69969]]}, "properties": {"P": 54.35, "tau": 26.02, "tau_c": 30.03, "omega": 30.83, "M": 0.87, "D": 0.16, "R": 0.66, "sving": 0.39, "os": 0.37, "foss": 0.0, "juv": 0.0, "B": 0.92, "Q": 95.36, "w": 51.57, "h": 1.56, "S": 0.0017, "elv": "Orkla", "km": 3.6}}, {"type": "Feature", "geometry": {"type": "LineString", "coordinates": [[10.13227, 62.69969], [10.13136, 62.70048]]}, "properties": {"P": 68.57, "tau": 35.51, "tau_c": 34.93, "omega": 48.9, "M": 1.02, "D": 0.09, "R": 0.81, "sving": 0.2, "os": 0.58, "foss": 0.35, "juv": 0.0, "B": 0.92, "Q": 95.37, "w": 44.0, "h": 1.57, "S": 0.0023, "elv": "Orkla", "km": 3.7}}, {"type": "Feature", "geometry": {"type": "LineString", "coordinates": [[10.13136, 62.70048], [10.12989, 62.70106]]}, "properties": {"P": 77.31, "tau": 42.58, "tau_c": 43.1, "omega": 62.64, "M": 0.99, "D": 0.03, "R": 0.78, "sving": 0.14, "os": 0.95, "foss": 0.48, "juv": 0.0, "B": 0.92, "Q": 95.37, "w": 52.3, "h": 1.24, "S": 0.0035, "elv": "Orkla", "km": 3.8}}, {"type": "Feature", "geometry": {"type": "LineString", "coordinates": [[10.12989, 62.70106], [10.12814, 62.70123]]}, "properties": {"P": 82.95, "tau": 52.56, "tau_c": 49.24, "omega": 85.36, "M": 1.07, "D": 0.0, "R": 0.85, "sving": 0.25, "os": 0.82, "foss": 0.63, "juv": 0.0, "B": 0.92, "Q": 103.37, "w": 54.3, "h": 1.17, "S": 0.00457, "elv": "Orkla", "km": 3.9}}, {"type": "Feature", "geometry": {"type": "LineString", "coordinates": [[10.12814, 62.70123], [10.1266, 62.70142]]}, "properties": {"P": 79.94, "tau": 60.99, "tau_c": 53.88, "omega": 106.11, "M": 1.13, "D": 0.0, "R": 0.9, "sving": 0.13, "os": 0.76, "foss": 0.62, "juv": 0.0, "B": 0.92, "Q": 103.37, "w": 52.3, "h": 1.14, "S": 0.00547, "elv": "Orkla", "km": 4.0}}, {"type": "Feature", "geometry": {"type": "LineString", "coordinates": [[10.1266, 62.70142], [10.12483, 62.70179]]}, "properties": {"P": 70.06, "tau": 63.45, "tau_c": 56.38, "omega": 111.9, "M": 1.13, "D": 0.0, "R": 0.89, "sving": 0.1, "os": 0.51, "foss": 0.54, "juv": 0.0, "B": 0.92, "Q": 103.39, "w": 54.3, "h": 1.08, "S": 0.00599, "elv": "Orkla", "km": 4.1}}, {"type": "Feature", "geometry": {"type": "LineString", "coordinates": [[10.12483, 62.70179], [10.123, 62.7021]]}, "properties": {"P": 67.99, "tau": 66.3, "tau_c": 56.2, "omega": 120.11, "M": 1.18, "D": 0.0, "R": 0.92, "sving": 0.28, "os": 0.31, "foss": 0.43, "juv": 0.0, "B": 0.92, "Q": 103.43, "w": 50.3, "h": 1.14, "S": 0.00595, "elv": "Orkla", "km": 4.2}}, {"type": "Feature", "geometry": {"type": "LineString", "coordinates": [[10.123, 62.7021], [10.12109, 62.70204]]}, "properties": {"P": 63.86, "tau": 86.82, "tau_c": 60.03, "omega": 181.48, "M": 1.45, "D": 0.0, "R": 1.0, "sving": 0.22, "os": 0.19, "foss": 0.32, "juv": 0.01, "B": 0.92, "Q": 103.49, "w": 38.0, "h": 1.3, "S": 0.00679, "elv": "Orkla", "km": 4.3}}, {"type": "Feature", "geometry": {"type": "LineString", "coordinates": [[10.12109, 62.70204], [10.11936, 62.70164]]}, "properties": {"P": 52.08, "tau": 85.21, "tau_c": 56.22, "omega": 177.9, "M": 1.52, "D": 0.02, "R": 1.0, "sving": 0.13, "os": 0.12, "foss": 0.0, "juv": 0.01, "B": 0.92, "Q": 103.5, "w": 34.0, "h": 1.46, "S": 0.00596, "elv": "Orkla", "km": 4.4}}, {"type": "Feature", "geometry": {"type": "LineString", "coordinates": [[10.11936, 62.70164], [10.11745, 62.70148]]}, "properties": {"P": 48.71, "tau": 73.77, "tau_c": 50.64, "omega": 144.35, "M": 1.46, "D": 0.03, "R": 1.0, "sving": 0.04, "os": 0.08, "foss": 0.0, "juv": 0.01, "B": 0.92, "Q": 103.51, "w": 34.0, "h": 1.56, "S": 0.00483, "elv": "Orkla", "km": 4.5}}, {"type": "Feature", "geometry": {"type": "LineString", "coordinates": [[10.11745, 62.70148], [10.1155, 62.70148]]}, "properties": {"P": 50.87, "tau": 74.63, "tau_c": 51.06, "omega": 146.79, "M": 1.46, "D": 0.03, "R": 1.0, "sving": 0.2, "os": 0.0, "foss": 0.0, "juv": 0.01, "B": 0.92, "Q": 103.52, "w": 34.0, "h": 1.55, "S": 0.00491, "elv": "Orkla", "km": 4.6}}, {"type": "Feature", "geometry": {"type": "LineString", "coordinates": [[10.1155, 62.70148], [10.11355, 62.70152]]}, "properties": {"P": 52.0, "tau": 82.82, "tau_c": 56.56, "omega": 170.14, "M": 1.46, "D": 0.02, "R": 1.0, "sving": 0.26, "os": 0.0, "foss": 0.0, "juv": 0.01, "B": 0.92, "Q": 103.54, "w": 36.0, "h": 1.4, "S": 0.00603, "elv": "Orkla", "km": 4.7}}, {"type": "Feature", "geometry": {"type": "LineString", "coordinates": [[10.11355, 62.70152], [10.1116, 62.70158]]}, "properties": {"P": 49.22, "tau": 82.82, "tau_c": 56.56, "omega": 170.15, "M": 1.46, "D": 0.06, "R": 1.0, "sving": 0.1, "os": 0.0, "foss": 0.0, "juv": 0.01, "B": 0.92, "Q": 103.54, "w": 36.0, "h": 1.4, "S": 0.00603, "elv": "Orkla", "km": 4.8}}, {"type": "Feature", "geometry": {"type": "LineString", "coordinates": [[10.1116, 62.70158], [10.10996, 62.702]]}, "properties": {"P": 47.96, "tau": 66.25, "tau_c": 49.36, "omega": 122.75, "M": 1.34, "D": 0.07, "R": 0.98, "sving": 0.07, "os": 0.0, "foss": 0.0, "juv": 0.0, "B": 0.92, "Q": 103.55, "w": 38.0, "h": 1.47, "S": 0.00459, "elv": "Orkla", "km": 4.9}}, {"type": "Feature", "geometry": {"type": "LineString", "coordinates": [[10.10996, 62.702], [10.10809, 62.70224]]}, "properties": {"P": 46.34, "tau": 61.81, "tau_c": 46.94, "omega": 111.05, "M": 1.32, "D": 0.06, "R": 0.98, "sving": 0.04, "os": 0.0, "foss": 0.0, "juv": 0.0, "B": 0.92, "Q": 103.56, "w": 38.0, "h": 1.52, "S": 0.00415, "elv": "Orkla", "km": 5.0}}, {"type": "Feature", "geometry": {"type": "LineString", "coordinates": [[10.10809, 62.70224], [10.10621, 62.70243]]}, "properties": {"P": 45.73, "tau": 77.5, "tau_c": 55.29, "omega": 154.03, "M": 1.4, "D": 0.01, "R": 0.99, "sving": 0.04, "os": 0.0, "foss": 0.0, "juv": 0.0, "B": 0.92, "Q": 103.57, "w": 38.0, "h": 1.37, "S": 0.00576, "elv": "Orkla", "km": 5.1}}, {"type": "Feature", "geometry": {"type": "LineString", "coordinates": [[10.10621, 62.70243], [10.10431, 62.70257]]}, "properties": {"P": 47.68, "tau": 83.38, "tau_c": 58.28, "omega": 171.19, "M": 1.43, "D": 0.01, "R": 1.0, "sving": 0.12, "os": 0.0, "foss": 0.0, "juv": 0.0, "B": 0.92, "Q": 103.58, "w": 38.0, "h": 1.33, "S": 0.0064, "elv": "Orkla", "km": 5.2}}, {"type": "Feature", "geometry": {"type": "LineString", "coordinates": [[10.10431, 62.70257], [10.10251, 62.70291]]}, "properties": {"P": 49.29, "tau": 70.97, "tau_c": 53.12, "omega": 135.13, "M": 1.34, "D": 0.01, "R": 0.98, "sving": 0.14, "os": 0.05, "foss": 0.0, "juv": 0.0, "B": 0.92, "Q": 103.59, "w": 40.0, "h": 1.36, "S": 0.00532, "elv": "Orkla", "km": 5.3}}, {"type": "Feature", "geometry": {"type": "LineString", "coordinates": [[10.10251, 62.70291], [10.10089, 62.70342]]}, "properties": {"P": 50.96, "tau": 75.22, "tau_c": 56.66, "omega": 146.43, "M": 1.33, "D": 0.01, "R": 0.98, "sving": 0.18, "os": 0.09, "foss": 0.0, "juv": 0.0, "B": 0.92, "Q": 103.6, "w": 42.0, "h": 1.27, "S": 0.00605, "elv": "Orkla", "km": 5.4}}, {"type": "Feature", "geometry": {"type": "LineString", "coordinates": [[10.10089, 62.70342], [10.09928, 62.70392]]}, "properties": {"P": 50.28, "tau": 79.74, "tau_c": 57.78, "omega": 159.91, "M": 1.38, "D": 0.01, "R": 0.99, "sving": 0.08, "os": 0.15, "foss": 0.0, "juv": 0.0, "B": 0.92, "Q": 103.61, "w": 40.0, "h": 1.29, "S": 0.00629, "elv": "Orkla", "km": 5.5}}, {"type": "Feature", "geometry": {"type": "LineString", "coordinates": [[10.09928, 62.70392], [10.09771, 62.70446]]}, "properties": {"P": 50.64, "tau": 131.2, "tau_c": 80.65, "omega": 329.62, "M": 1.63, "D": 0.0, "R": 0.99, "sving": 0.0, "os": 0.24, "foss": 0.0, "juv": 0.01, "B": 0.92, "Q": 104.14, "w": 38.0, "h": 1.09, "S": 0.01226, "elv": "Orkla", "km": 5.6}}, {"type": "Feature", "geometry": {"type": "LineString", "coordinates": [[10.09771, 62.70446], [10.0961, 62.70496]]}, "properties": {"P": 53.88, "tau": 157.1, "tau_c": 89.59, "omega": 429.32, "M": 1.75, "D": 0.0, "R": 0.97, "sving": 0.01, "os": 0.4, "foss": 0.0, "juv": 0.01, "B": 0.92, "Q": 104.15, "w": 36.0, "h": 1.06, "S": 0.01513, "elv": "Orkla", "km": 5.7}}, {"type": "Feature", "geometry": {"type": "LineString", "coordinates": [[10.0961, 62.70496], [10.09449, 62.70547]]}, "properties": {"P": 89.9, "tau": 145.96, "tau_c": 84.96, "omega": 386.12, "M": 1.72, "D": 0.0, "R": 0.97, "sving": 0.09, "os": 0.66, "foss": 1.0, "juv": 0.01, "B": 0.92, "Q": 104.16, "w": 36.0, "h": 1.09, "S": 0.0136, "elv": "Orkla", "km": 5.8}}, {"type": "Feature", "geometry": {"type": "LineString", "coordinates": [[10.09449, 62.70547], [10.09292, 62.70598]]}, "properties": {"P": 94.56, "tau": 169.83, "tau_c": 87.01, "omega": 486.9, "M": 1.95, "D": 0.0, "R": 0.91, "sving": 0.06, "os": 0.92, "foss": 1.0, "juv": 0.08, "B": 0.92, "Q": 104.35, "w": 30.0, "h": 1.21, "S": 0.01427, "elv": "Orkla", "km": 5.9}}, {"type": "Feature", "geometry": {"type": "LineString", "coordinates": [[10.09292, 62.70598], [10.09117, 62.70632]]}, "properties": {"P": 80.41, "tau": 176.08, "tau_c": 92.04, "omega": 510.88, "M": 1.91, "D": 0.02, "R": 0.92, "sving": 0.13, "os": 0.56, "foss": 0.72, "juv": 0.08, "B": 0.92, "Q": 104.36, "w": 32.0, "h": 1.12, "S": 0.01597, "elv": "Orkla", "km": 6.0}}, {"type": "Feature", "geometry": {"type": "LineString", "coordinates": [[10.09117, 62.70632], [10.08946, 62.70669]]}, "properties": {"P": 73.57, "tau": 188.03, "tau_c": 91.34, "omega": 566.0, "M": 2.06, "D": 0.08, "R": 0.87, "sving": 0.2, "os": 0.35, "foss": 0.51, "juv": 0.21, "B": 0.92, "Q": 104.39, "w": 28.45, "h": 1.22, "S": 0.01573, "elv": "Orkla", "km": 6.1}}, {"type": "Feature", "geometry": {"type": "LineString", "coordinates": [[10.08946, 62.70669], [10.08759, 62.70691]]}, "properties": {"P": 71.59, "tau": 150.37, "tau_c": 80.2, "omega": 407.92, "M": 1.87, "D": 0.16, "R": 0.93, "sving": 0.2, "os": 0.22, "foss": 0.37, "juv": 0.2, "B": 0.92, "Q": 104.44, "w": 30.45, "h": 1.26, "S": 0.01212, "elv": "Orkla", "km": 6.2}}, {"type": "Feature", "geometry": {"type": "LineString", "coordinates": [[10.08759, 62.70691], [10.08568, 62.70698]]}, "properties": {"P": 59.39, "tau": 95.74, "tau_c": 61.3, "omega": 210.63, "M": 1.56, "D": 0.16, "R": 1.0, "sving": 0.08, "os": 0.13, "foss": 0.0, "juv": 0.2, "B": 0.92, "Q": 104.45, "w": 34.45, "h": 1.38, "S": 0.00708, "elv": "Orkla", "km": 6.3}}, {"type": "Feature", "geometry": {"type": "LineString", "coordinates": [[10.08568, 62.70698], [10.08374, 62.70685]]}, "properties": {"P": 52.14, "tau": 124.15, "tau_c": 75.93, "omega": 305.46, "M": 1.64, "D": 0.1, "R": 0.99, "sving": 0.01, "os": 0.08, "foss": 0.0, "juv": 0.14, "B": 0.92, "Q": 104.46, "w": 36.45, "h": 1.16, "S": 0.01087, "elv": "Orkla", "km": 6.4}}, {"type": "Feature", "geometry": {"type": "LineString", "coordinates": [[10.08374, 62.70685], [10.08185, 62.70704]]}, "properties": {"P": 49.64, "tau": 134.66, "tau_c": 76.28, "omega": 346.4, "M": 1.77, "D": 0.02, "R": 0.96, "sving": 0.04, "os": 0.05, "foss": 0.0, "juv": 0.21, "B": 0.92, "Q": 104.5, "w": 32.45, "h": 1.25, "S": 0.01097, "elv": "Orkla", "km": 6.5}}, {"type": "Feature", "geometry": {"type": "LineString", "coordinates": [[10.08185, 62.70704], [10.07997, 62.70728]]}, "properties": {"P": 50.51, "tau": 121.39, "tau_c": 72.31, "omega": 297.2, "M": 1.68, "D": 0.02, "R": 0.98, "sving": 0.14, "os": 0.0, "foss": 0.0, "juv": 0.14, "B": 0.92, "Q": 104.52, "w": 34.0, "h": 1.26, "S": 0.00986, "elv": "Orkla", "km": 6.6}}, {"type": "Feature", "geometry": {"type": "LineString", "coordinates": [[10.07997, 62.70728], [10.07805, 62.70744]]}, "properties": {"P": 47.3, "tau": 132.1, "tau_c": 74.72, "omega": 337.19, "M": 1.77, "D": 0.02, "R": 0.96, "sving": 0.05, "os": 0.0, "foss": 0.0, "juv": 0.15, "B": 0.92, "Q": 104.52, "w": 32.0, "h": 1.28, "S": 0.01052, "elv": "Orkla", "km": 6.7}}, {"type": "Feature", "geometry": {"type": "LineString", "coordinates": [[10.07805, 62.70744], [10.07615, 62.70764]]}, "properties": {"P": 44.79, "tau": 119.13, "tau_c": 62.74, "omega": 292.62, "M": 1.9, "D": 0.02, "R": 0.93, "sving": 0.01, "os": 0.0, "foss": 0.0, "juv": 0.15, "B": 0.92, "Q": 104.55, "w": 26.0, "h": 1.64, "S": 0.00742, "elv": "Orkla", "km": 6.8}}, {"type": "Feature", "geometry": {"type": "LineString", "coordinates": [[10.07615, 62.70764], [10.07431, 62.70794]]}, "properties": {"P": 40.34, "tau": 206.64, "tau_c": 90.09, "omega": 653.83, "M": 2.29, "D": 0.0, "R": 0.78, "sving": 0.07, "os": 0.0, "foss": 0.0, "juv": 0.22, "B": 0.92, "Q": 104.57, "w": 24.0, "h": 1.38, "S": 0.0153, "elv": "Orkla", "km": 6.9}}, {"type": "Feature", "geometry": {"type": "LineString", "coordinates": [[10.07431, 62.70794], [10.07247, 62.70821]]}, "properties": {"P": 38.95, "tau": 215.31, "tau_c": 89.84, "omega": 695.15, "M": 2.4, "D": 0.0, "R": 0.74, "sving": 0.05, "os": 0.0, "foss": 0.0, "juv": 0.28, "B": 0.92, "Q": 104.6, "w": 22.46, "h": 1.44, "S": 0.01521, "elv": "Orkla", "km": 7.0}}, {"type": "Feature", "geometry": {"type": "LineString", "coordinates": [[10.07247, 62.70821], [10.07067, 62.70853]]}, "properties": {"P": 63.91, "tau": 235.31, "tau_c": 92.52, "omega": 791.8, "M": 2.54, "D": 0.0, "R": 0.68, "sving": 0.04, "os": 0.0, "foss": 1.0, "juv": 0.35, "B": 0.92, "Q": 104.61, "w": 20.91, "h": 1.49, "S": 0.01613, "elv": "Orkla", "km": 7.1}}, {"type": "Feature", "geometry": {"type": "LineString", "coordinates": [[10.07067, 62.70853], [10.06887, 62.70883]]}, "properties": {"P": 55.26, "tau": 254.03, "tau_c": 92.98, "omega": 884.75, "M": 2.73, "D": 0.0, "R": 0.61, "sving": 0.07, "os": 0.0, "foss": 0.72, "juv": 0.41, "B": 0.92, "Q": 104.67, "w": 18.91, "h": 1.59, "S": 0.01629, "elv": "Orkla", "km": 7.2}}, {"type": "Feature", "geometry": {"type": "LineString", "coordinates": [[10.06887, 62.70883], [10.06713, 62.70921]]}, "properties": {"P": 53.2, "tau": 262.1, "tau_c": 95.13, "omega": 926.33, "M": 2.76, "D": 0.04, "R": 0.6, "sving": 0.16, "os": 0.0, "foss": 0.51, "juv": 0.41, "B": 0.92, "Q": 104.69, "w": 18.91, "h": 1.57, "S": 0.01706, "elv": "Orkla", "km": 7.3}}, {"type": "Feature", "geometry": {"type": "LineString", "coordinates": [[10.06713, 62.70921], [10.06543, 62.70963]]}, "properties": {"P": 58.13, "tau": 265.08, "tau_c": 100.88, "omega": 942.36, "M": 2.63, "D": 0.11, "R": 0.65, "sving": 0.35, "os": 0.0, "foss": 0.37, "juv": 0.35, "B": 0.92, "Q": 104.73, "w": 20.91, "h": 1.41, "S": 0.01918, "elv": "Orkla", "km": 7.4}}, {"type": "Feature", "geometry": {"type": "LineString", "coordinates": [[10.06543, 62.70963], [10.06352, 62.70958]]}, "properties": {"P": 58.36, "tau": 186.4, "tau_c": 87.55, "omega": 561.04, "M": 2.13, "D": 0.21, "R": 0.84, "sving": 0.36, "os": 0.0, "foss": 0.0, "juv": 0.21, "B": 0.92, "Q": 104.73, "w": 26.46, "h": 1.32, "S": 0.01445, "elv": "Orkla", "km": 7.5}}, {"type": "Feature", "geometry": {"type": "LineString", "coordinates": [[10.06352, 62.70958], [10.0619, 62.70908]]}, "properties": {"P": 61.73, "tau": 144.76, "tau_c": 74.86, "omega": 387.8, "M": 1.93, "D": 0.22, "R": 0.91, "sving": 0.4, "os": 0.0, "foss": 0.0, "juv": 0.15, "B": 0.92, "Q": 104.78, "w": 28.0, "h": 1.4, "S": 0.01056, "elv": "Orkla", "km": 7.6}}, {"type": "Feature", "geometry": {"type": "LineString", "coordinates": [[10.0619, 62.70908], [10.0602, 62.70864]]}, "properties": {"P": 50.82, "tau": 139.36, "tau_c": 75.26, "omega": 365.8, "M": 1.85, "D": 0.15, "R": 0.94, "sving": 0.09, "os": 0.0, "foss": 0.0, "juv": 0.08, "B": 0.92, "Q": 104.78, "w": 30.0, "h": 1.33, "S": 0.01068, "elv": "Orkla", "km": 7.7}}, {"type": "Feature", "geometry": {"type": "LineString", "coordinates": [[10.0602, 62.70864], [10.05857, 62.70816]]}, "properties": {"P": 49.34, "tau": 143.03, "tau_c": 76.69, "omega": 379.83, "M": 1.87, "D": 0.05, "R": 0.94, "sving": 0.17, "os": 0.0, "foss": 0.0, "juv": 0.08, "B": 0.92, "Q": 104.79, "w": 30.0, "h": 1.32, "S": 0.01108, "elv": "Orkla", "km": 7.8}}, {"type": "Feature", "geometry": {"type": "LineString", "coordinates": [[10.05857, 62.70816], [10.05669, 62.70791]]}, "properties": {"P": 44.66, "tau": 142.64, "tau_c": 76.52, "omega": 378.34, "M": 1.86, "D": 0.0, "R": 0.94, "sving": 0.06, "os": 0.0, "foss": 0.0, "juv": 0.08, "B": 0.92, "Q": 104.82, "w": 30.0, "h": 1.32, "S": 0.01104, "elv": "Orkla", "km": 7.9}}, {"type": "Feature", "geometry": {"type": "LineString", "coordinates": [[10.05669, 62.70791], [10.05476, 62.70779]]}, "properties": {"P": 46.9, "tau": 162.83, "tau_c": 81.52, "omega": 460.0, "M": 2.0, "D": 0.0, "R": 0.89, "sving": 0.22, "os": 0.0, "foss": 0.0, "juv": 0.09, "B": 0.92, "Q": 104.83, "w": 28.0, "h": 1.33, "S": 0.01252, "elv": "Orkla", "km": 8.0}}, {"type": "Feature", "geometry": {"type": "LineString", "coordinates": [[10.05476, 62.70779], [10.05294, 62.70747]]}, "properties": {"P": 46.98, "tau": 147.94, "tau_c": 76.03, "omega": 400.23, "M": 1.95, "D": 0.0, "R": 0.91, "sving": 0.19, "os": 0.0, "foss": 0.0, "juv": 0.09, "B": 0.92, "Q": 104.84, "w": 28.0, "h": 1.38, "S": 0.0109, "elv": "Orkla", "km": 8.1}}, {"type": "Feature", "geometry": {"type": "LineString", "coordinates": [[10.05294, 62.70747], [10.05103, 62.70747]]}, "properties": {"P": 44.6, "tau": 178.8, "tau_c": 87.23, "omega": 526.86, "M": 2.05, "D": 0.0, "R": 0.87, "sving": 0.16, "os": 0.0, "foss": 0.0, "juv": 0.09, "B": 0.92, "Q": 104.84, "w": 28.0, "h": 1.27, "S": 0.01434, "elv": "Orkla", "km": 8.2}}, {"type": "Feature", "geometry": {"type": "LineString", "coordinates": [[10.05103, 62.70747], [10.04913, 62.70767]]}, "properties": {"P": 47.51, "tau": 179.82, "tau_c": 84.54, "omega": 532.96, "M": 2.13, "D": 0.0, "R": 0.84, "sving": 0.27, "os": 0.0, "foss": 0.0, "juv": 0.15, "B": 0.92, "Q": 104.86, "w": 26.0, "h": 1.36, "S": 0.01347, "elv": "Orkla", "km": 8.3}}, {"type": "Feature", "geometry": {"type": "LineString", "coordinates": [[10.04913, 62.70767], [10.04726, 62.70792]]}, "properties": {"P": 47.19, "tau": 176.49, "tau_c": 83.39, "omega": 518.66, "M": 2.12, "D": 0.04, "R": 0.85, "sving": 0.15, "os": 0.05, "foss": 0.0, "juv": 0.15, "B": 0.92, "Q": 104.88, "w": 26.0, "h": 1.37, "S": 0.01311, "elv": "Orkla", "km": 8.4}}, {"type": "Feature", "geometry": {"type": "LineString", "coordinates": [[10.04726, 62.70792], [10.04543, 62.70823]]}, "properties": {"P": 51.54, "tau": 173.31, "tau_c": 85.25, "omega": 503.59, "M": 2.03, "D": 0.08, "R": 0.88, "sving": 0.18, "os": 0.08, "foss": 0.0, "juv": 0.15, "B": 0.92, "Q": 104.93, "w": 28.0, "h": 1.29, "S": 0.0137, "elv": "Orkla", "km": 8.5}}, {"type": "Feature", "geometry": {"type": "LineString", "coordinates": [[10.04543, 62.70823], [10.04367, 62.70859]]}, "properties": {"P": 53.11, "tau": 142.86, "tau_c": 76.58, "omega": 379.25, "M": 1.87, "D": 0.14, "R": 0.94, "sving": 0.06, "os": 0.14, "foss": 0.0, "juv": 0.08, "B": 0.92, "Q": 104.93, "w": 30.0, "h": 1.32, "S": 0.01105, "elv": "Orkla", "km": 8.6}}, {"type": "Feature", "geometry": {"type": "LineString", "coordinates": [[10.04367, 62.70859], [10.0422, 62.70917]]}, "properties": {"P": 55.75, "tau": 136.48, "tau_c": 71.68, "omega": 356.05, "M": 1.9, "D": 0.15, "R": 0.92, "sving": 0.04, "os": 0.22, "foss": 0.0, "juv": 0.15, "B": 0.92, "Q": 104.94, "w": 28.0, "h": 1.44, "S": 0.00968, "elv": "Orkla", "km": 8.7}}, {"type": "Feature", "geometry": {"type": "LineString", "coordinates": [[10.0422, 62.70917], [10.04044, 62.70956]]}, "properties": {"P": 63.82, "tau": 112.14, "tau_c": 71.77, "omega": 263.02, "M": 1.56, "D": 0.11, "R": 1.0, "sving": 0.17, "os": 0.36, "foss": 0.0, "juv": 0.08, "B": 0.92, "Q": 104.95, "w": 38.0, "h": 1.18, "S": 0.00971, "elv": "Orkla", "km": 8.8}}, {"type": "Feature", "geometry": {"type": "LineString", "coordinates": [[10.04044, 62.70956], [10.03868, 62.70995]]}, "properties": {"P": 65.62, "tau": 108.0, "tau_c": 69.85, "omega": 249.12, "M": 1.55, "D": 0.04, "R": 1.0, "sving": 0.08, "os": 0.6, "foss": 0.0, "juv": 0.1, "B": 0.92, "Q": 104.95, "w": 38.0, "h": 1.2, "S": 0.00919, "elv": "Orkla", "km": 8.9}}, {"type": "Feature", "geometry": {"type": "LineString", "coordinates": [[10.03868, 62.70995], [10.03745, 62.71063]]}, "properties": {"P": 72.81, "tau": 149.96, "tau_c": 79.82, "omega": 410.78, "M": 1.88, "D": 0.0, "R": 0.93, "sving": 0.07, "os": 0.98, "foss": 0.0, "juv": 0.1, "B": 0.94, "Q": 132.5, "w": 38.0, "h": 1.27, "S": 0.01201, "elv": "Orkla", "km": 9.0}}, {"type": "Feature", "geometry": {"type": "LineString", "coordinates": [[10.03745, 62.71063], [10.03627, 62.71134]]}, "properties": {"P": 63.21, "tau": 161.99, "tau_c": 84.38, "omega": 459.21, "M": 1.92, "D": 0.0, "R": 0.92, "sving": 0.09, "os": 0.62, "foss": 0.0, "juv": 0.12, "B": 0.94, "Q": 132.54, "w": 38.0, "h": 1.23, "S": 0.01342, "elv": "Orkla", "km": 9.1}}, {"type": "Feature", "geometry": {"type": "LineString", "coordinates": [[10.03627, 62.71134], [10.03472, 62.71187]]}, "properties": {"P": 54.54, "tau": 157.41, "tau_c": 84.62, "omega": 438.86, "M": 1.86, "D": 0.0, "R": 0.94, "sving": 0.01, "os": 0.38, "foss": 0.0, "juv": 0.08, "B": 0.94, "Q": 132.58, "w": 40.0, "h": 1.19, "S": 0.0135, "elv": "Orkla", "km": 9.2}}, {"type": "Feature", "geometry": {"type": "LineString", "coordinates": [[10.03472, 62.71187], [10.03323, 62.71244]]}, "properties": {"P": 50.41, "tau": 209.26, "tau_c": 93.71, "omega": 672.82, "M": 2.23, "D": 0.0, "R": 0.8, "sving": 0.06, "os": 0.39, "foss": 0.0, "juv": 0.11, "B": 0.94, "Q": 132.59, "w": 32.0, "h": 1.29, "S": 0.01655, "elv": "Orkla", "km": 9.3}}, {"type": "Feature", "geometry": {"type": "LineString", "coordinates": [[10.03323, 62.71244], [10.03193, 62.71311]]}, "properties": {"P": 59.95, "tau": 185.62, "tau_c": 83.31, "omega": 567.47, "M": 2.23, "D": 0.0, "R": 0.8, "sving": 0.12, "os": 0.63, "foss": 0.0, "juv": 0.16, "B": 0.94, "Q": 132.66, "w": 30.0, "h": 1.45, "S": 0.01308, "elv": "Orkla", "km": 9.4}}, {"type": "Feature", "geometry": {"type": "LineString", "coordinates": [[10.03193, 62.71311], [10.03101, 62.7139]]}, "properties": {"P": 62.99, "tau": 215.44, "tau_c": 89.8, "omega": 706.53, "M": 2.4, "D": 0.0, "R": 0.74, "sving": 0.0, "os": 0.96, "foss": 0.0, "juv": 0.19, "B": 0.94, "Q": 132.68, "w": 28.0, "h": 1.44, "S": 0.0152, "elv": "Orkla", "km": 9.5}}, {"type": "Feature", "geometry": {"type": "LineString", "coordinates": [[10.03101, 62.7139], [10.02989, 62.71463]]}, "properties": {"P": 57.04, "tau": 203.37, "tau_c": 86.11, "omega": 649.8, "M": 2.36, "D": 0.01, "R": 0.75, "sving": 0.13, "os": 0.58, "foss": 0.0, "juv": 0.19, "B": 0.94, "Q": 132.7, "w": 28.0, "h": 1.48, "S": 0.01398, "elv": "Orkla", "km": 9.6}}, {"type": "Feature", "geometry": {"type": "LineString", "coordinates": [[10.02989, 62.71463], [10.02839, 62.7152]]}, "properties": {"P": 53.55, "tau": 187.68, "tau_c": 81.23, "omega": 578.21, "M": 2.31, "D": 0.0, "R": 0.77, "sving": 0.2, "os": 0.36, "foss": 0.0, "juv": 0.19, "B": 0.94, "Q": 132.71, "w": 28.0, "h": 1.54, "S": 0.01244, "elv": "Orkla", "km": 9.7}}, {"type": "Feature", "geometry": {"type": "LineString", "coordinates": [[10.02839, 62.7152], [10.02667, 62.71562]]}, "properties": {"P": 51.18, "tau": 213.75, "tau_c": 89.15, "omega": 698.71, "M": 2.4, "D": 0.0, "R": 0.74, "sving": 0.11, "os": 0.42, "foss": 0.0, "juv": 0.19, "B": 0.94, "Q": 133.12, "w": 28.0, "h": 1.45, "S": 0.01498, "elv": "Orkla", "km": 9.8}}, {"type": "Feature", "geometry": {"type": "LineString", "coordinates": [[10.02667, 62.71562], [10.02502, 62.71608]]}, "properties": {"P": 55.92, "tau": 223.01, "tau_c": 95.02, "omega": 740.78, "M": 2.35, "D": 0.0, "R": 0.76, "sving": 0.02, "os": 0.68, "foss": 0.0, "juv": 0.13, "B": 0.94, "Q": 133.13, "w": 30.0, "h": 1.34, "S": 0.01702, "elv": "Orkla", "km": 9.9}}, {"type": "Feature", "geometry": {"type": "LineString", "coordinates": [[10.02502, 62.71608], [10.02348, 62.71663]]}, "properties": {"P": 60.67, "tau": 277.04, "tau_c": 107.62, "omega": 1018.16, "M": 2.57, "D": 0.0, "R": 0.67, "sving": 0.11, "os": 0.89, "foss": 0.0, "juv": 0.19, "B": 0.94, "Q": 133.13, "w": 28.0, "h": 1.29, "S": 0.02183, "elv": "Orkla", "km": 10.0}}, {"type": "Feature", "geometry": {"type": "LineString", "coordinates": [[10.02348, 62.71663], [10.02208, 62.71723]]}, "properties": {"P": 75.3, "tau": 310.82, "tau_c": 112.86, "omega": 1207.24, "M": 2.75, "D": 0.0, "R": 0.6, "sving": 0.07, "os": 0.54, "foss": 1.0, "juv": 0.25, "B": 0.94, "Q": 133.28, "w": 26.0, "h": 1.32, "S": 0.02401, "elv": "Orkla", "km": 10.1}}, {"type": "Feature", "geometry": {"type": "LineString", "coordinates": [[10.02208, 62.71723], [10.02068, 62.71786]]}, "properties": {"P": 61.45, "tau": 363.65, "tau_c": 121.64, "omega": 1521.08, "M": 2.99, "D": 0.0, "R": 0.52, "sving": 0.15, "os": 0.33, "foss": 0.72, "juv": 0.31, "B": 0.94, "Q": 133.43, "w": 24.0, "h": 1.33, "S": 0.02789, "elv": "Orkla", "km": 10.2}}, {"type": "Feature", "geometry": {"type": "LineString", "coordinates": [[10.02068, 62.71786], [10.01935, 62.7184]]}, "properties": {"P": 63.01, "tau": 417.56, "tau_c": 128.93, "omega": 1864.21, "M": 3.24, "D": 0.0, "R": 0.44, "sving": 0.14, "os": 0.2, "foss": 1.0, "juv": 0.37, "B": 0.94, "Q": 133.44, "w": 22.0, "h": 1.36, "S": 0.03133, "elv": "Orkla", "km": 10.3}}, {"type": "Feature", "geometry": {"type": "LineString", "coordinates": [[10.01935, 62.7184], [10.01748, 62.71864]]}, "properties": {"P": 57.83, "tau": 456.74, "tau_c": 127.16, "omega": 2125.55, "M": 3.59, "D": 0.0, "R": 0.35, "sving": 0.09, "os": 0.13, "foss": 1.0, "juv": 0.48, "B": 0.94, "Q": 133.45, "w": 18.77, "h": 1.53, "S": 0.03048, "elv": "Orkla", "km": 10.4}}, {"type": "Feature", "geometry": {"type": "LineString", "coordinates": [[10.01748, 62.71864], [10.01566, 62.71896]]}, "properties": {"P": 66.42, "tau": 436.77, "tau_c": 129.49, "omega": 1992.11, "M": 3.37, "D": 0.06, "R": 0.4, "sving": 0.24, "os": 0.17, "foss": 1.0, "juv": 0.42, "B": 0.94, "Q": 133.46, "w": 20.77, "h": 1.41, "S": 0.03161, "elv": "Orkla", "km": 10.5}}, {"type": "Feature", "geometry": {"type": "LineString", "coordinates": [[10.01566, 62.71896], [10.01399, 62.71941]]}, "properties": {"P": 59.13, "tau": 403.91, "tau_c": 122.3, "omega": 1777.04, "M": 3.3, "D": 0.13, "R": 0.42, "sving": 0.02, "os": 0.28, "foss": 0.72, "juv": 0.42, "B": 0.94, "Q": 133.47, "w": 20.77, "h": 1.46, "S": 0.02819, "elv": "Orkla", "km": 10.6}}, {"type": "Feature", "geometry": {"type": "LineString", "coordinates": [[10.01399, 62.71941], [10.01204, 62.71947]]}, "properties": {"P": 84.8, "tau": 309.09, "tau_c": 121.65, "omega": 1186.81, "M": 2.54, "D": 0.21, "R": 0.68, "sving": 0.03, "os": 0.45, "foss": 1.0, "juv": 0.34, "B": 0.94, "Q": 133.47, "w": 30.77, "h": 1.13, "S": 0.02789, "elv": "Orkla", "km": 10.7}}, {"type": "Feature", "geometry": {"type": "LineString", "coordinates": [[10.01204, 62.71947], [10.0102, 62.71977]]}, "properties": {"P": 91.63, "tau": 269.88, "tau_c": 110.22, "omega": 975.47, "M": 2.45, "D": 0.2, "R": 0.72, "sving": 0.23, "os": 0.74, "foss": 0.72, "juv": 0.34, "B": 0.94, "Q": 133.63, "w": 30.77, "h": 1.2, "S": 0.0229, "elv": "Orkla", "km": 10.8}}, {"type": "Feature", "geometry": {"type": "LineString", "coordinates": [[10.0102, 62.71977], [10.00846, 62.72016]]}, "properties": {"P": 95.74, "tau": 227.08, "tau_c": 101.91, "omega": 754.89, "M": 2.23, "D": 0.17, "R": 0.8, "sving": 0.47, "os": 0.82, "foss": 0.51, "juv": 0.22, "B": 0.94, "Q": 133.65, "w": 34.0, "h": 1.18, "S": 0.01958, "elv": "Orkla", "km": 10.9}}, {"type": "Feature", "geometry": {"type": "LineString", "coordinates": [[10.00846, 62.72016], [10.00763, 62.72095]]}, "properties": {"P": 75.26, "tau": 233.63, "tau_c": 101.13, "omega": 789.78, "M": 2.31, "D": 0.08, "R": 0.77, "sving": 0.31, "os": 0.5, "foss": 0.37, "juv": 0.28, "B": 0.94, "Q": 133.66, "w": 32.0, "h": 1.24, "S": 0.01928, "elv": "Orkla", "km": 11.0}}, {"type": "Feature", "geometry": {"type": "LineString", "coordinates": [[10.00763, 62.72095], [10.00716, 62.72182]]}, "properties": {"P": 52.94, "tau": 212.97, "tau_c": 94.57, "omega": 690.75, "M": 2.25, "D": 0.04, "R": 0.8, "sving": 0.06, "os": 0.33, "foss": 0.0, "juv": 0.28, "B": 0.94, "Q": 133.67, "w": 32.0, "h": 1.29, "S": 0.01686, "elv": "Orkla", "km": 11.1}}, {"type": "Feature", "geometry": {"type": "LineString", "coordinates": [[10.00716, 62.72182], [10.00644, 62.72262]]}, "properties": {"P": 41.64, "tau": 278.68, "tau_c": 95.85, "omega": 1033.24, "M": 2.91, "D": 0.0, "R": 0.54, "sving": 0.17, "os": 0.21, "foss": 0.0, "juv": 0.37, "B": 0.94, "Q": 133.81, "w": 22.0, "h": 1.64, "S": 0.01732, "elv": "Orkla", "km": 11.2}}, {"type": "Feature", "geometry": {"type": "LineString", "coordinates": [[10.00644, 62.72262], [10.00466, 62.72288]]}, "properties": {"P": 44.5, "tau": 250.55, "tau_c": 92.6, "omega": 884.29, "M": 2.71, "D": 0.0, "R": 0.62, "sving": 0.26, "os": 0.13, "foss": 0.0, "juv": 0.31, "B": 0.94, "Q": 133.85, "w": 24.0, "h": 1.58, "S": 0.01616, "elv": "Orkla", "km": 11.3}}, {"type": "Feature", "geometry": {"type": "LineString", "coordinates": [[10.00466, 62.72288], [10.00315, 62.72343]]}, "properties": {"P": 41.73, "tau": 265.21, "tau_c": 92.42, "omega": 960.98, "M": 2.87, "D": 0.01, "R": 0.56, "sving": 0.26, "os": 0.09, "foss": 0.0, "juv": 0.37, "B": 0.94, "Q": 133.86, "w": 22.0, "h": 1.68, "S": 0.0161, "elv": "Orkla", "km": 11.4}}, {"type": "Feature", "geometry": {"type": "LineString", "coordinates": [[10.00315, 62.72343], [10.00161, 62.72394]]}, "properties": {"P": 37.29, "tau": 272.16, "tau_c": 94.19, "omega": 998.1, "M": 2.89, "D": 0.03, "R": 0.55, "sving": 0.09, "os": 0.07, "foss": 0.0, "juv": 0.37, "B": 0.94, "Q": 133.87, "w": 22.0, "h": 1.66, "S": 0.01672, "elv": "Orkla", "km": 11.5}}, {"type": "Feature", "geometry": {"type": "LineString", "coordinates": [[10.00161, 62.72394], [9.99987, 62.72435]]}, "properties": {"P": 41.9, "tau": 248.83, "tau_c": 92.12, "omega": 875.5, "M": 2.7, "D": 0.08, "R": 0.62, "sving": 0.07, "os": 0.12, "foss": 0.0, "juv": 0.31, "B": 0.94, "Q": 133.92, "w": 24.0, "h": 1.59, "S": 0.01599, "elv": "Orkla", "km": 11.6}}, {"type": "Feature", "geometry": {"type": "LineString", "coordinates": [[9.99987, 62.72435], [9.99822, 62.72482]]}, "properties": {"P": 45.54, "tau": 221.88, "tau_c": 82.54, "omega": 740.43, "M": 2.69, "D": 0.14, "R": 0.62, "sving": 0.0, "os": 0.2, "foss": 0.0, "juv": 0.37, "B": 0.94, "Q": 133.92, "w": 22.78, "h": 1.76, "S": 0.01284, "elv": "Orkla", "km": 11.7}}, {"type": "Feature", "geometry": {"type": "LineString", "coordinates": [[9.99822, 62.72482], [9.99649, 62.72524]]}, "properties": {"P": 63.69, "tau": 182.02, "tau_c": 82.62, "omega": 551.73, "M": 2.2, "D": 0.17, "R": 0.81, "sving": 0.2, "os": 0.33, "foss": 0.0, "juv": 0.34, "B": 0.95, "Q": 134.59, "w": 30.78, "h": 1.44, "S": 0.01286, "elv": "Orkla", "km": 11.8}}, {"type": "Feature", "geometry": {"type": "LineString", "coordinates": [[9.99649, 62.72524], [9.99496, 62.72574]]}, "properties": {"P": 66.78, "tau": 164.87, "tau_c": 76.89, "omega": 477.93, "M": 2.14, "D": 0.15, "R": 0.84, "sving": 0.1, "os": 0.53, "foss": 0.0, "juv": 0.34, "B": 0.95, "Q": 134.59, "w": 30.78, "h": 1.51, "S": 0.01114, "elv": "Orkla", "km": 11.9}}, {"type": "Feature", "geometry": {"type": "LineString", "coordinates": [[9.99496, 62.72574], [9.99393, 62.7265]]}, "properties": {"P": 74.15, "tau": 161.51, "tau_c": 78.05, "omega": 462.46, "M": 2.07, "D": 0.13, "R": 0.87, "sving": 0.07, "os": 0.86, "foss": 0.0, "juv": 0.28, "B": 0.95, "Q": 134.6, "w": 32.78, "h": 1.43, "S": 0.01148, "elv": "Orkla", "km": 12.0}}, {"type": "Feature", "geometry": {"type": "LineString", "coordinates": [[9.99393, 62.7265], [9.99265, 62.72714]]}, "properties": {"P": 71.11, "tau": 148.04, "tau_c": 69.73, "omega": 409.31, "M": 2.12, "D": 0.1, "R": 0.85, "sving": 0.1, "os": 0.71, "foss": 0.0, "juv": 0.4, "B": 0.95, "Q": 134.63, "w": 29.57, "h": 1.65, "S": 0.00916, "elv": "Orkla", "km": 12.1}}, {"type": "Feature", "geometry": {"type": "LineString", "coordinates": [[9.99265, 62.72714], [9.99112, 62.7277]]}, "properties": {"P": 62.55, "tau": 122.19, "tau_c": 63.74, "omega": 308.54, "M": 1.92, "D": 0.06, "R": 0.92, "sving": 0.05, "os": 0.44, "foss": 0.0, "juv": 0.28, "B": 0.95, "Q": 134.65, "w": 32.79, "h": 1.63, "S": 0.00766, "elv": "Orkla", "km": 12.2}}, {"type": "Feature", "geometry": {"type": "LineString", "coordinates": [[9.99112, 62.7277], [9.9899, 62.72839]]}, "properties": {"P": 51.88, "tau": 141.98, "tau_c": 64.42, "omega": 385.81, "M": 2.2, "D": 0.02, "R": 0.81, "sving": 0.06, "os": 0.27, "foss": 0.0, "juv": 0.28, "B": 0.95, "Q": 134.66, "w": 26.79, "h": 1.85, "S": 0.00782, "elv": "Orkla", "km": 12.3}}, {"type": "Feature", "geometry": {"type": "LineString", "coordinates": [[9.9899, 62.72839], [9.98864, 62.72908]]}, "properties": {"P": 46.77, "tau": 161.81, "tau_c": 73.41, "omega": 466.23, "M": 2.2, "D": 0.0, "R": 0.81, "sving": 0.05, "os": 0.16, "foss": 0.0, "juv": 0.23, "B": 0.95, "Q": 134.69, "w": 28.79, "h": 1.62, "S": 0.01016, "elv": "Orkla", "km": 12.4}}, {"type": "Feature", "geometry": {"type": "LineString", "coordinates": [[9.98864, 62.72908], [9.9871, 62.72963]]}, "properties": {"P": 44.38, "tau": 155.53, "tau_c": 68.85, "omega": 440.73, "M": 2.26, "D": 0.0, "R": 0.79, "sving": 0.02, "os": 0.1, "foss": 0.0, "juv": 0.28, "B": 0.95, "Q": 134.7, "w": 26.79, "h": 1.77, "S": 0.00893, "elv": "Orkla", "km": 12.5}}, {"type": "Feature", "geometry": {"type": "LineString", "coordinates": [[9.9871, 62.72963], [9.98573, 62.73027]]}, "properties": {"P": 45.0, "tau": 144.87, "tau_c": 66.82, "omega": 397.15, "M": 2.17, "D": 0.0, "R": 0.83, "sving": 0.06, "os": 0.06, "foss": 0.0, "juv": 0.23, "B": 0.95, "Q": 134.7, "w": 28.0, "h": 1.75, "S": 0.00842, "elv": "Orkla", "km": 12.6}}, {"type": "Feature", "geometry": {"type": "LineString", "coordinates": [[9.98573, 62.73027], [9.98442, 62.73093]]}, "properties": {"P": 41.07, "tau": 195.79, "tau_c": 83.19, "omega": 615.73, "M": 2.35, "D": 0.0, "R": 0.75, "sving": 0.05, "os": 0.05, "foss": 0.0, "juv": 0.23, "B": 0.95, "Q": 134.72, "w": 28.0, "h": 1.53, "S": 0.01305, "elv": "Orkla", "km": 12.7}}, {"type": "Feature", "geometry": {"type": "LineString", "coordinates": [[9.98442, 62.73093], [9.98295, 62.7315]]}, "properties": {"P": 36.1, "tau": 253.55, "tau_c": 90.76, "omega": 900.46, "M": 2.79, "D": 0.0, "R": 0.58, "sving": 0.02, "os": 0.09, "foss": 0.0, "juv": 0.37, "B": 0.95, "Q": 134.73, "w": 22.79, "h": 1.66, "S": 0.01552, "elv": "Orkla", "km": 12.8}}, {"type": "Feature", "geometry": {"type": "LineString", "coordinates": [[9.98295, 62.7315], [9.98164, 62.7321]]}, "properties": {"P": 34.53, "tau": 303.24, "tau_c": 98.76, "omega": 1169.01, "M": 3.07, "D": 0.0, "R": 0.49, "sving": 0.02, "os": 0.15, "foss": 0.0, "juv": 0.43, "B": 0.95, "Q": 134.73, "w": 20.79, "h": 1.68, "S": 0.01838, "elv": "Orkla", "km": 12.9}}, {"type": "Feature", "geometry": {"type": "LineString", "coordinates": [[9.98164, 62.7321], [9.98021, 62.73271]]}, "properties": {"P": 41.96, "tau": 257.32, "tau_c": 87.55, "omega": 918.76, "M": 2.94, "D": 0.05, "R": 0.53, "sving": 0.07, "os": 0.23, "foss": 0.0, "juv": 0.43, "B": 0.95, "Q": 134.73, "w": 20.79, "h": 1.82, "S": 0.01445, "elv": "Orkla", "km": 13.0}}, {"type": "Feature", "geometry": {"type": "LineString", "coordinates": [[9.98021, 62.73271], [9.97884, 62.73335]]}, "properties": {"P": 50.3, "tau": 245.93, "tau_c": 88.75, "omega": 861.15, "M": 2.77, "D": 0.11, "R": 0.59, "sving": 0.08, "os": 0.39, "foss": 0.0, "juv": 0.39, "B": 0.95, "Q": 134.73, "w": 22.79, "h": 1.69, "S": 0.01485, "elv": "Orkla", "km": 13.1}}, {"type": "Feature", "geometry": {"type": "LineString", "coordinates": [[9.97884, 62.73335], [9.97759, 62.73404]]}, "properties": {"P": 65.23, "tau": 224.23, "tau_c": 86.51, "omega": 752.23, "M": 2.59, "D": 0.16, "R": 0.66, "sving": 0.21, "os": 0.63, "foss": 0.0, "juv": 0.36, "B": 0.95, "Q": 134.73, "w": 24.79, "h": 1.62, "S": 0.01411, "elv": "Orkla", "km": 13.2}}, {"type": "Feature", "geometry": {"type": "LineString", "coordinates": [[9.97759, 62.73404], [9.97652, 62.73479]]}, "properties": {"P": 80.31, "tau": 169.98, "tau_c": 78.23, "omega": 505.77, "M": 2.17, "D": 0.18, "R": 0.83, "sving": 0.18, "os": 0.96, "foss": 0.0, "juv": 0.22, "B": 0.96, "Q": 169.86, "w": 38.0, "h": 1.5, "S": 0.01153, "elv": "Orkla", "km": 13.3}}, {"type": "Feature", "geometry": {"type": "LineString", "coordinates": [[9.97652, 62.73479], [9.97603, 62.73564]]}, "properties": {"P": 68.45, "tau": 171.09, "tau_c": 85.86, "omega": 503.34, "M": 1.99, "D": 0.13, "R": 0.89, "sving": 0.13, "os": 0.58, "foss": 0.0, "juv": 0.13, "B": 0.96, "Q": 169.86, "w": 46.0, "h": 1.26, "S": 0.01389, "elv": "Orkla", "km": 13.4}}, {"type": "Feature", "geometry": {"type": "LineString", "coordinates": [[9.97603, 62.73564], [9.97546, 62.73649]]}, "properties": {"P": 60.48, "tau": 149.12, "tau_c": 79.29, "omega": 411.34, "M": 1.88, "D": 0.08, "R": 0.93, "sving": 0.1, "os": 0.36, "foss": 0.0, "juv": 0.09, "B": 0.96, "Q": 169.86, "w": 48.0, "h": 1.28, "S": 0.01185, "elv": "Orkla", "km": 13.5}}, {"type": "Feature", "geometry": {"type": "LineString", "coordinates": [[9.97546, 62.73649], [9.9748, 62.73733]]}, "properties": {"P": 79.22, "tau": 160.29, "tau_c": 85.08, "omega": 454.78, "M": 1.88, "D": 0.01, "R": 0.93, "sving": 0.04, "os": 0.22, "foss": 1.0, "juv": 0.05, "B": 0.96, "Q": 169.88, "w": 50.0, "h": 1.2, "S": 0.01364, "elv": "Orkla", "km": 13.6}}, {"type": "Feature", "geometry": {"type": "LineString", "coordinates": [[9.9748, 62.73733], [9.9742, 62.73818]]}, "properties": {"P": 73.9, "tau": 183.32, "tau_c": 97.01, "omega": 547.6, "M": 1.89, "D": 0.0, "R": 0.93, "sving": 0.05, "os": 0.32, "foss": 0.72, "juv": 0.05, "B": 0.96, "Q": 169.95, "w": 54.0, "h": 1.05, "S": 0.01774, "elv": "Orkla", "km": 13.7}}, {"type": "Feature", "geometry": {"type": "LineString", "coordinates": [[9.9742, 62.73818], [9.97353, 62.73902]]}, "properties": {"P": 72.24, "tau": 206.66, "tau_c": 98.35, "omega": 660.83, "M": 2.1, "D": 0.01, "R": 0.85, "sving": 0.1, "os": 0.53, "foss": 0.51, "juv": 0.05, "B": 0.96, "Q": 169.96, "w": 46.0, "h": 1.16, "S": 0.01823, "elv": "Orkla", "km": 13.8}}, {"type": "Feature", "geometry": {"type": "LineString", "coordinates": [[9.97353, 62.73902], [9.97319, 62.7399]]}, "properties": {"P": 100.0, "tau": 200.55, "tau_c": 94.32, "omega": 635.36, "M": 2.13, "D": 0.02, "R": 0.84, "sving": 0.27, "os": 0.87, "foss": 1.0, "juv": 0.05, "B": 0.96, "Q": 169.96, "w": 44.0, "h": 1.22, "S": 0.01677, "elv": "Orkla", "km": 13.9}}, {"type": "Feature", "geometry": {"type": "LineString", "coordinates": [[9.97319, 62.7399], [9.97304, 62.7408]]}, "properties": {"P": 93.08, "tau": 175.52, "tau_c": 90.81, "omega": 518.31, "M": 1.93, "D": 0.05, "R": 0.91, "sving": 0.35, "os": 0.7, "foss": 0.72, "juv": 0.0, "B": 0.96, "Q": 169.97, "w": 50.0, "h": 1.15, "S": 0.01554, "elv": "Orkla", "km": 14.0}}, {"type": "Feature", "geometry": {"type": "LineString", "coordinates": [[9.97304, 62.7408], [9.97378, 62.74161]]}, "properties": {"P": 73.51, "tau": 188.14, "tau_c": 93.61, "omega": 575.18, "M": 2.01, "D": 0.08, "R": 0.89, "sving": 0.09, "os": 0.42, "foss": 0.51, "juv": 0.05, "B": 0.96, "Q": 170.41, "w": 48.0, "h": 1.16, "S": 0.01652, "elv": "Orkla", "km": 14.1}}, {"type": "Feature", "geometry": {"type": "LineString", "coordinates": [[9.97378, 62.74161], [9.97485, 62.74236]]}, "properties": {"P": 66.94, "tau": 170.31, "tau_c": 88.75, "omega": 496.46, "M": 1.92, "D": 0.13, "R": 0.92, "sving": 0.03, "os": 0.27, "foss": 0.37, "juv": 0.05, "B": 0.96, "Q": 170.43, "w": 50.0, "h": 1.17, "S": 0.01485, "elv": "Orkla", "km": 14.2}}, {"type": "Feature", "geometry": {"type": "LineString", "coordinates": [[9.97485, 62.74236], [9.97499, 62.74325]]}, "properties": {"P": 58.72, "tau": 130.38, "tau_c": 74.54, "omega": 336.69, "M": 1.75, "D": 0.12, "R": 0.97, "sving": 0.14, "os": 0.17, "foss": 0.0, "juv": 0.05, "B": 0.96, "Q": 170.43, "w": 52.0, "h": 1.27, "S": 0.01047, "elv": "Orkla", "km": 14.3}}, {"type": "Feature", "geometry": {"type": "LineString", "coordinates": [[9.97499, 62.74325], [9.975, 62.74414]]}, "properties": {"P": 54.48, "tau": 117.61, "tau_c": 71.56, "omega": 288.23, "M": 1.64, "D": 0.08, "R": 0.99, "sving": 0.07, "os": 0.1, "foss": 0.0, "juv": 0.05, "B": 0.96, "Q": 170.46, "w": 56.0, "h": 1.24, "S": 0.00965, "elv": "Orkla", "km": 14.4}}, {"type": "Feature", "geometry": {"type": "LineString", "coordinates": [[9.975, 62.74414], [9.97506, 62.74502]]}, "properties": {"P": 50.25, "tau": 158.17, "tau_c": 85.65, "omega": 444.7, "M": 1.85, "D": 0.02, "R": 0.94, "sving": 0.12, "os": 0.06, "foss": 0.0, "juv": 0.05, "B": 0.96, "Q": 170.47, "w": 52.0, "h": 1.17, "S": 0.01383, "elv": "Orkla", "km": 14.5}}, {"type": "Feature", "geometry": {"type": "LineString", "coordinates": [[9.97506, 62.74502], [9.97582, 62.74585]]}, "properties": {"P": 46.02, "tau": 181.37, "tau_c": 96.13, "omega": 539.44, "M": 1.89, "D": 0.0, "R": 0.93, "sving": 0.01, "os": 0.1, "foss": 0.0, "juv": 0.0, "B": 0.96, "Q": 170.47, "w": 54.0, "h": 1.06, "S": 0.01742, "elv": "Orkla", "km": 14.6}}, {"type": "Feature", "geometry": {"type": "LineString", "coordinates": [[9.97582, 62.74585], [9.97658, 62.74667]]}, "properties": {"P": 73.67, "tau": 205.19, "tau_c": 95.35, "omega": 657.62, "M": 2.15, "D": 0.0, "R": 0.83, "sving": 0.03, "os": 0.16, "foss": 1.0, "juv": 0.1, "B": 0.97, "Q": 172.11, "w": 44.0, "h": 1.22, "S": 0.01714, "elv": "Orkla", "km": 14.7}}, {"type": "Feature", "geometry": {"type": "LineString", "coordinates": [[9.97658, 62.74667], [9.97662, 62.74757]]}, "properties": {"P": 73.97, "tau": 295.97, "tau_c": 116.11, "omega": 1129.04, "M": 2.55, "D": 0.0, "R": 0.68, "sving": 0.14, "os": 0.26, "foss": 1.0, "juv": 0.2, "B": 0.97, "Q": 172.12, "w": 38.0, "h": 1.19, "S": 0.02541, "elv": "Orkla", "km": 14.8}}, {"type": "Feature", "geometry": {"type": "LineString", "coordinates": [[9.97662, 62.74757], [9.97684, 62.74846]]}, "properties": {"P": 63.68, "tau": 439.77, "tau_c": 133.99, "omega": 2041.59, "M": 3.28, "D": 0.0, "R": 0.43, "sving": 0.23, "os": 0.44, "foss": 0.72, "juv": 0.3, "B": 0.97, "Q": 172.2, "w": 28.0, "h": 1.32, "S": 0.03384, "elv": "Orkla", "km": 14.9}}, {"type": "Feature", "geometry": {"type": "LineString", "coordinates": [[9.97684, 62.74846], [9.9769, 62.74935]]}, "properties": {"P": 72.71, "tau": 504.26, "tau_c": 147.96, "omega": 2489.73, "M": 3.41, "D": 0.02, "R": 0.39, "sving": 0.02, "os": 0.72, "foss": 1.0, "juv": 0.3, "B": 0.97, "Q": 172.21, "w": 28.0, "h": 1.25, "S": 0.04127, "elv": "Orkla", "km": 15.0}}, {"type": "Feature", "geometry": {"type": "LineString", "coordinates": [[9.9769, 62.74935], [9.97649, 62.75022]]}, "properties": {"P": 79.58, "tau": 461.0, "tau_c": 138.65, "omega": 2186.13, "M": 3.33, "D": 0.09, "R": 0.41, "sving": 0.0, "os": 0.85, "foss": 1.0, "juv": 0.3, "B": 0.97, "Q": 172.22, "w": 28.0, "h": 1.3, "S": 0.03623, "elv": "Orkla", "km": 15.1}}, {"type": "Feature", "geometry": {"type": "LineString", "coordinates": [[9.97649, 62.75022], [9.97664, 62.75111]]}, "properties": {"P": 79.62, "tau": 375.0, "tau_c": 123.34, "omega": 1614.93, "M": 3.04, "D": 0.2, "R": 0.5, "sving": 0.08, "os": 0.52, "foss": 1.0, "juv": 0.24, "B": 0.97, "Q": 172.23, "w": 30.0, "h": 1.33, "S": 0.02867, "elv": "Orkla", "km": 15.2}}, {"type": "Feature", "geometry": {"type": "LineString", "coordinates": [[9.97664, 62.75111], [9.97685, 62.752]]}, "properties": {"P": 88.4, "tau": 292.83, "tau_c": 117.92, "omega": 1107.26, "M": 2.48, "D": 0.31, "R": 0.7, "sving": 0.46, "os": 0.32, "foss": 0.72, "juv": 0.15, "B": 0.97, "Q": 172.25, "w": 40.0, "h": 1.14, "S": 0.02621, "elv": "Orkla", "km": 15.3}}, {"type": "Feature", "geometry": {"type": "LineString", "coordinates": [[9.97685, 62.752], [9.97733, 62.75284]]}, "properties": {"P": 86.07, "tau": 202.89, "tau_c": 96.44, "omega": 644.64, "M": 2.1, "D": 0.42, "R": 0.85, "sving": 0.37, "os": 0.19, "foss": 0.51, "juv": 0.05, "B": 0.97, "Q": 172.42, "w": 46.0, "h": 1.18, "S": 0.01753, "elv": "Orkla", "km": 15.4}}, {"type": "Feature", "geometry": {"type": "LineString", "coordinates": [[9.97733, 62.75284], [9.97899, 62.75332]]}, "properties": {"P": 91.34, "tau": 105.11, "tau_c": 65.67, "omega": 245.53, "M": 1.6, "D": 0.56, "R": 0.99, "sving": 0.36, "os": 0.12, "foss": 0.37, "juv": 0.05, "B": 0.97, "Q": 172.44, "w": 56.0, "h": 1.32, "S": 0.00813, "elv": "Orkla", "km": 15.5}}, {"type": "Feature", "geometry": {"type": "LineString", "coordinates": [[9.97899, 62.75332], [9.9807, 62.75375]]}, "properties": {"P": 43.54, "tau": 4.45, "tau_c": 11.65, "omega": 2.49, "M": 0.38, "D": 0.75, "R": 0.07, "sving": 0.32, "os": 0.09, "foss": 0.0, "juv": 0.05, "B": 0.97, "Q": 172.54, "w": 68.0, "h": 4.53, "S": 0.0001, "elv": "Orkla", "km": 15.6}}, {"type": "Feature", "geometry": {"type": "LineString", "coordinates": [[9.9807, 62.75375], [9.98242, 62.75418]]}, "properties": {"P": 28.66, "tau": 3.86, "tau_c": 11.65, "omega": 2.02, "M": 0.33, "D": 0.61, "R": 0.04, "sving": 0.08, "os": 0.06, "foss": 0.0, "juv": 0.0, "B": 0.97, "Q": 172.57, "w": 84.0, "h": 3.94, "S": 0.0001, "elv": "Orkla", "km": 15.7}}, {"type": "Feature", "geometry": {"type": "LineString", "coordinates": [[9.98242, 62.75418], [9.98417, 62.75457]]}, "properties": {"P": 15.22, "tau": 3.6, "tau_c": 11.65, "omega": 1.81, "M": 0.31, "D": 0.37, "R": 0.03, "sving": 0.0, "os": 0.0, "foss": 0.0, "juv": 0.0, "B": 0.97, "Q": 172.6, "w": 93.65, "h": 3.67, "S": 0.0001, "elv": "Orkla", "km": 15.8}}, {"type": "Feature", "geometry": {"type": "LineString", "coordinates": [[9.98601, 62.75486], [9.98772, 62.75529]]}, "properties": {"P": 23.11, "tau": 10.29, "tau_c": 16.41, "omega": 8.14, "M": 0.63, "D": 0.0, "R": 0.35, "sving": 0.25, "os": 0.0, "foss": 0.0, "juv": 0.0, "B": 0.97, "Q": 172.63, "w": 105.65, "h": 2.06, "S": 0.00051, "elv": "Orkla", "km": 16.0}}, {"type": "Feature", "geometry": {"type": "LineString", "coordinates": [[9.98772, 62.75529], [9.9889, 62.756]]}, "properties": {"P": 51.27, "tau": 72.02, "tau_c": 64.65, "omega": 133.86, "M": 1.11, "D": 0.0, "R": 0.88, "sving": 0.37, "os": 0.0, "foss": 0.0, "juv": 0.0, "B": 0.97, "Q": 172.63, "w": 99.65, "h": 0.93, "S": 0.00788, "elv": "Orkla", "km": 16.1}}, {"type": "Feature", "geometry": {"type": "LineString", "coordinates": [[9.9889, 62.756], [9.98975, 62.75681]]}, "properties": {"P": 67.8, "tau": 92.12, "tau_c": 72.16, "omega": 194.03, "M": 1.28, "D": 0.0, "R": 0.96, "sving": 0.42, "os": 0.06, "foss": 0.36, "juv": 0.0, "B": 0.97, "Q": 172.64, "w": 85.65, "h": 0.96, "S": 0.00981, "elv": "Orkla", "km": 16.2}}, {"type": "Feature", "geometry": {"type": "LineString", "coordinates": [[9.98975, 62.75681], [9.99024, 62.75767]]}, "properties": {"P": 83.86, "tau": 214.34, "tau_c": 119.43, "omega": 669.54, "M": 1.79, "D": 0.0, "R": 0.96, "sving": 0.3, "os": 0.09, "foss": 1.0, "juv": 0.05, "B": 0.97, "Q": 172.64, "w": 68.0, "h": 0.81, "S": 0.02688, "elv": "Orkla", "km": 16.3}}, {"type": "Feature", "geometry": {"type": "LineString", "coordinates": [[9.99024, 62.75767], [9.99015, 62.75855]]}, "properties": {"P": 70.44, "tau": 253.41, "tau_c": 119.43, "omega": 877.6, "M": 2.12, "D": 0.0, "R": 0.85, "sving": 0.2, "os": 0.14, "foss": 0.72, "juv": 0.1, "B": 0.97, "Q": 173.04, "w": 52.0, "h": 0.96, "S": 0.02688, "elv": "Orkla", "km": 16.4}}, {"type": "Feature", "geometry": {"type": "LineString", "coordinates": [[9.99015, 62.75855], [9.98985, 62.75944]]}, "properties": {"P": 76.84, "tau": 326.88, "tau_c": 124.44, "omega": 1303.88, "M": 2.63, "D": 0.0, "R": 0.65, "sving": 0.33, "os": 0.22, "foss": 1.0, "juv": 0.19, "B": 0.97, "Q": 173.05, "w": 38.0, "h": 1.14, "S": 0.02919, "elv": "Orkla", "km": 16.5}}, {"type": "Feature", "geometry": {"type": "LineString", "coordinates": [[9.98985, 62.75944], [9.98966, 62.76033]]}, "properties": {"P": 67.01, "tau": 383.64, "tau_c": 128.96, "omega": 1663.82, "M": 2.97, "D": 0.0, "R": 0.52, "sving": 0.29, "os": 0.36, "foss": 0.76, "juv": 0.19, "B": 0.97, "Q": 173.14, "w": 32.0, "h": 1.25, "S": 0.03135, "elv": "Orkla", "km": 16.6}}, {"type": "Feature", "geometry": {"type": "LineString", "coordinates": [[9.98966, 62.76033], [9.98855, 62.76102]]}, "properties": {"P": 67.21, "tau": 361.21, "tau_c": 127.0, "omega": 1518.94, "M": 2.84, "D": 0.08, "R": 0.57, "sving": 0.11, "os": 0.57, "foss": 0.55, "juv": 0.19, "B": 0.97, "Q": 173.17, "w": 34.0, "h": 1.21, "S": 0.0304, "elv": "Orkla", "km": 16.7}}, {"type": "Feature", "geometry": {"type": "LineString", "coordinates": [[9.98855, 62.76102], [9.98714, 62.76163]]}, "properties": {"P": 81.7, "tau": 332.7, "tau_c": 122.89, "omega": 1343.23, "M": 2.71, "D": 0.17, "R": 0.62, "sving": 0.25, "os": 0.93, "foss": 0.41, "juv": 0.15, "B": 0.97, "Q": 173.18, "w": 36.0, "h": 1.19, "S": 0.02846, "elv": "Orkla", "km": 16.8}}, {"type": "Feature", "geometry": {"type": "LineString", "coordinates": [[9.98714, 62.76163], [9.98629, 62.76244]]}, "properties": {"P": 94.49, "tau": 176.7, "tau_c": 77.75, "omega": 537.74, "M": 2.27, "D": 0.2, "R": 0.79, "sving": 0.07, "os": 0.66, "foss": 1.0, "juv": 0.15, "B": 0.97, "Q": 173.19, "w": 36.0, "h": 1.58, "S": 0.01139, "elv": "Orkla", "km": 16.9}}, {"type": "Feature", "geometry": {"type": "LineString", "coordinates": [[9.98629, 62.76244], [9.98494, 62.76307]]}, "properties": {"P": 77.18, "tau": 201.25, "tau_c": 89.74, "omega": 644.81, "M": 2.24, "D": 0.11, "R": 0.8, "sving": 0.14, "os": 0.4, "foss": 0.72, "juv": 0.05, "B": 0.97, "Q": 173.21, "w": 40.0, "h": 1.35, "S": 0.01518, "elv": "Orkla", "km": 17.0}}, {"type": "Feature", "geometry": {"type": "LineString", "coordinates": [[9.98494, 62.76307], [9.98409, 62.76388]]}, "properties": {"P": 56.64, "tau": 296.28, "tau_c": 115.86, "omega": 1131.55, "M": 2.56, "D": 0.03, "R": 0.67, "sving": 0.05, "os": 0.25, "foss": 0.51, "juv": 0.1, "B": 0.97, "Q": 173.23, "w": 38.0, "h": 1.19, "S": 0.0253, "elv": "Orkla", "km": 17.1}}, {"type": "Feature", "geometry": {"type": "LineString", "coordinates": [[9.98409, 62.76388], [9.98326, 62.76469]]}, "properties": {"P": 56.43, "tau": 286.01, "tau_c": 110.15, "omega": 1079.65, "M": 2.6, "D": 0.02, "R": 0.66, "sving": 0.32, "os": 0.15, "foss": 0.37, "juv": 0.1, "B": 0.97, "Q": 173.24, "w": 36.0, "h": 1.27, "S": 0.02287, "elv": "Orkla", "km": 17.2}}, {"type": "Feature", "geometry": {"type": "LineString", "coordinates": [[9.98326, 62.76469], [9.98265, 62.76554]]}, "properties": {"P": 73.57, "tau": 237.98, "tau_c": 96.44, "omega": 827.63, "M": 2.47, "D": 0.04, "R": 0.71, "sving": 0.26, "os": 0.09, "foss": 1.0, "juv": 0.1, "B": 0.97, "Q": 173.25, "w": 36.0, "h": 1.38, "S": 0.01753, "elv": "Orkla", "km": 17.3}}, {"type": "Feature", "geometry": {"type": "LineString", "coordinates": [[9.98265, 62.76554], [9.9828, 62.7664]]}, "properties": {"P": 61.88, "tau": 258.96, "tau_c": 105.07, "omega": 931.79, "M": 2.46, "D": 0.05, "R": 0.71, "sving": 0.17, "os": 0.06, "foss": 0.72, "juv": 0.05, "B": 0.97, "Q": 173.47, "w": 38.0, "h": 1.27, "S": 0.02081, "elv": "Orkla", "km": 17.4}}, {"type": "Feature", "geometry": {"type": "LineString", "coordinates": [[9.9828, 62.7664], [9.98325, 62.76728]]}, "properties": {"P": 53.61, "tau": 261.76, "tau_c": 105.89, "omega": 946.37, "M": 2.47, "D": 0.11, "R": 0.71, "sving": 0.05, "os": 0.0, "foss": 0.51, "juv": 0.05, "B": 0.97, "Q": 173.47, "w": 38.0, "h": 1.26, "S": 0.02113, "elv": "Orkla", "km": 17.5}}, {"type": "Feature", "geometry": {"type": "LineString", "coordinates": [[9.98325, 62.76728], [9.9833, 62.76815]]}, "properties": {"P": 56.76, "tau": 222.83, "tau_c": 98.71, "omega": 744.24, "M": 2.26, "D": 0.22, "R": 0.79, "sving": 0.05, "os": 0.0, "foss": 0.37, "juv": 0.0, "B": 0.97, "Q": 173.5, "w": 42.0, "h": 1.24, "S": 0.01837, "elv": "Orkla", "km": 17.6}}, {"type": "Feature", "geometry": {"type": "LineString", "coordinates": [[9.9833, 62.76815], [9.98296, 62.76903]]}, "properties": {"P": 60.37, "tau": 102.05, "tau_c": 56.13, "omega": 240.73, "M": 1.82, "D": 0.37, "R": 0.95, "sving": 0.1, "os": 0.0, "foss": 0.0, "juv": 0.0, "B": 0.97, "Q": 173.53, "w": 42.0, "h": 1.75, "S": 0.00594, "elv": "Orkla", "km": 17.7}}, {"type": "Feature", "geometry": {"type": "LineString", "coordinates": [[9.98296, 62.76903], [9.98282, 62.76993]]}, "properties": {"P": 63.87, "tau": 96.56, "tau_c": 55.12, "omega": 221.59, "M": 1.75, "D": 0.38, "R": 0.97, "sving": 0.18, "os": 0.0, "foss": 0.0, "juv": 0.0, "B": 0.97, "Q": 173.53, "w": 44.0, "h": 1.72, "S": 0.00573, "elv": "Orkla", "km": 17.8}}, {"type": "Feature", "geometry": {"type": "LineString", "coordinates": [[9.98282, 62.76993], [9.98277, 62.77082]]}, "properties": {"P": 60.29, "tau": 86.12, "tau_c": 49.64, "omega": 188.26, "M": 1.73, "D": 0.38, "R": 0.97, "sving": 0.01, "os": 0.0, "foss": 0.0, "juv": 0.05, "B": 0.97, "Q": 173.54, "w": 42.0, "h": 1.89, "S": 0.00464, "elv": "Orkla", "km": 17.9}}, {"type": "Feature", "geometry": {"type": "LineString", "coordinates": [[9.98277, 62.77082], [9.98197, 62.77155]]}, "properties": {"P": 64.29, "tau": 34.96, "tau_c": 26.94, "omega": 50.64, "M": 1.3, "D": 0.45, "R": 0.97, "sving": 0.06, "os": 0.0, "foss": 0.0, "juv": 0.05, "B": 0.97, "Q": 173.56, "w": 46.0, "h": 2.6, "S": 0.00137, "elv": "Orkla", "km": 18.0}}, {"type": "Feature", "geometry": {"type": "LineString", "coordinates": [[9.98197, 62.77155], [9.98166, 62.77243]]}, "properties": {"P": 65.49, "tau": 29.01, "tau_c": 23.52, "omega": 38.6, "M": 1.23, "D": 0.53, "R": 0.95, "sving": 0.04, "os": 0.0, "foss": 0.0, "juv": 0.05, "B": 0.97, "Q": 173.57, "w": 46.0, "h": 2.84, "S": 0.00104, "elv": "Orkla", "km": 18.1}}, {"type": "Feature", "geometry": {"type": "LineString", "coordinates": [[9.98166, 62.77243], [9.98183, 62.77332]]}, "properties": {"P": 28.2, "tau": 5.39, "tau_c": 11.65, "omega": 3.28, "M": 0.46, "D": 0.39, "R": 0.15, "sving": 0.21, "os": 0.0, "foss": 0.0, "juv": 0.05, "B": 0.97, "Q": 173.91, "w": 52.0, "h": 5.49, "S": 0.0001, "elv": "Orkla", "km": 18.2}}, {"type": "Feature", "geometry": {"type": "LineString", "coordinates": [[9.98183, 62.77332], [9.98199, 62.77421]]}, "properties": {"P": 17.32, "tau": 5.39, "tau_c": 11.65, "omega": 3.28, "M": 0.46, "D": 0.17, "R": 0.15, "sving": 0.12, "os": 0.0, "foss": 0.0, "juv": 0.05, "B": 0.97, "Q": 173.91, "w": 52.0, "h": 5.49, "S": 0.0001, "elv": "Orkla", "km": 18.3}}, {"type": "Feature", "geometry": {"type": "LineString", "coordinates": [[9.98199, 62.77421], [9.9822, 62.7751]]}, "properties": {"P": 46.14, "tau": 111.92, "tau_c": 68.44, "omega": 269.01, "M": 1.64, "D": -0.0, "R": 0.99, "sving": 0.01, "os": 0.0, "foss": 0.0, "juv": 0.0, "B": 0.97, "Q": 173.94, "w": 56.0, "h": 1.29, "S": 0.00883, "elv": "Orkla", "km": 18.4}}, {"type": "Feature", "geometry": {"type": "LineString", "coordinates": [[9.9822, 62.7751], [9.98251, 62.77599]]}, "properties": {"P": 45.24, "tau": 131.57, "tau_c": 73.04, "omega": 343.17, "M": 1.8, "D": -0.0, "R": 0.95, "sving": 0.0, "os": 0.0, "foss": 0.0, "juv": 0.05, "B": 0.97, "Q": 173.95, "w": 50.0, "h": 1.33, "S": 0.01006, "elv": "Orkla", "km": 18.5}}, {"type": "Feature", "geometry": {"type": "LineString", "coordinates": [[9.98251, 62.77599], [9.98263, 62.77688]]}, "properties": {"P": 73.1, "tau": 138.73, "tau_c": 73.04, "omega": 373.02, "M": 1.9, "D": -0.0, "R": 0.93, "sving": 0.02, "os": 0.0, "foss": 1.0, "juv": 0.1, "B": 0.97, "Q": 173.95, "w": 46.0, "h": 1.41, "S": 0.01006, "elv": "Orkla", "km": 18.6}}, {"type": "Feature", "geometry": {"type": "LineString", "coordinates": [[9.98263, 62.77688], [9.98281, 62.77777]]}, "properties": {"P": 59.87, "tau": 190.77, "tau_c": 84.12, "omega": 599.27, "M": 2.27, "D": -0.0, "R": 0.79, "sving": 0.02, "os": 0.0, "foss": 0.72, "juv": 0.15, "B": 0.97, "Q": 174.04, "w": 38.0, "h": 1.46, "S": 0.01334, "elv": "Orkla", "km": 18.7}}, {"type": "Feature", "geometry": {"type": "LineString", "coordinates": [[9.98281, 62.77777], [9.98313, 62.77866]]}, "properties": {"P": 52.11, "tau": 209.52, "tau_c": 85.41, "omega": 690.82, "M": 2.45, "D": 0.01, "R": 0.71, "sving": 0.03, "os": 0.0, "foss": 0.51, "juv": 0.19, "B": 0.97, "Q": 174.13, "w": 34.0, "h": 1.55, "S": 0.01375, "elv": "Orkla", "km": 18.8}}, {"type": "Feature", "geometry": {"type": "LineString", "coordinates": [[9.98313, 62.77866], [9.98356, 62.77953]]}, "properties": {"P": 50.33, "tau": 245.62, "tau_c": 90.27, "omega": 874.66, "M": 2.72, "D": 0.05, "R": 0.61, "sving": 0.05, "os": 0.0, "foss": 0.51, "juv": 0.24, "B": 0.97, "Q": 174.15, "w": 30.0, "h": 1.63, "S": 0.01536, "elv": "Orkla", "km": 18.9}}, {"type": "Feature", "geometry": {"type": "LineString", "coordinates": [[9.98356, 62.77953], [9.98382, 62.78041]]}, "properties": {"P": 64.94, "tau": 176.97, "tau_c": 73.38, "omega": 541.92, "M": 2.41, "D": 0.14, "R": 0.73, "sving": 0.04, "os": 0.06, "foss": 0.71, "juv": 0.19, "B": 0.97, "Q": 174.18, "w": 32.0, "h": 1.78, "S": 0.01015, "elv": "Orkla", "km": 19.0}}, {"type": "Feature", "geometry": {"type": "LineString", "coordinates": [[9.98382, 62.78041], [9.98428, 62.78128]]}, "properties": {"P": 81.0, "tau": 151.26, "tau_c": 69.29, "omega": 429.47, "M": 2.18, "D": 0.21, "R": 0.82, "sving": 0.09, "os": 0.09, "foss": 0.98, "juv": 0.15, "B": 0.97, "Q": 174.18, "w": 36.0, "h": 1.7, "S": 0.00905, "elv": "Orkla", "km": 19.1}}, {"type": "Feature", "geometry": {"type": "LineString", "coordinates": [[9.98428, 62.78128], [9.9844, 62.78217]]}, "properties": {"P": 77.39, "tau": 141.21, "tau_c": 69.29, "omega": 386.55, "M": 2.04, "D": 0.23, "R": 0.88, "sving": 0.07, "os": 0.15, "foss": 0.73, "juv": 0.1, "B": 0.97, "Q": 174.19, "w": 40.0, "h": 1.59, "S": 0.00905, "elv": "Orkla", "km": 19.2}}, {"type": "Feature", "geometry": {"type": "LineString", "coordinates": [[9.9844, 62.78217], [9.98437, 62.78306]]}, "properties": {"P": 74.52, "tau": 97.26, "tau_c": 55.31, "omega": 224.02, "M": 1.76, "D": 0.18, "R": 0.97, "sving": 0.01, "os": 0.25, "foss": 0.52, "juv": 0.05, "B": 0.97, "Q": 174.26, "w": 44.0, "h": 1.72, "S": 0.00577, "elv": "Orkla", "km": 19.3}}, {"type": "Feature", "geometry": {"type": "LineString", "coordinates": [[9.98437, 62.78306], [9.98497, 62.78391]]}, "properties": {"P": 73.15, "tau": 100.1, "tau_c": 58.81, "omega": 232.14, "M": 1.7, "D": 0.11, "R": 0.98, "sving": 0.07, "os": 0.41, "foss": 0.38, "juv": 0.0, "B": 0.97, "Q": 174.27, "w": 48.0, "h": 1.57, "S": 0.00652, "elv": "Orkla", "km": 19.4}}, {"type": "Feature", "geometry": {"type": "LineString", "coordinates": [[9.98497, 62.78391], [9.9855, 62.78478]]}, "properties": {"P": 75.42, "tau": 112.91, "tau_c": 64.12, "omega": 276.23, "M": 1.76, "D": 0.04, "R": 0.96, "sving": 0.1, "os": 0.67, "foss": 0.27, "juv": 0.0, "B": 0.97, "Q": 174.41, "w": 48.0, "h": 1.49, "S": 0.00775, "elv": "Orkla", "km": 19.5}}, {"type": "Feature", "geometry": {"type": "LineString", "coordinates": [[9.9855, 62.78478], [9.98599, 62.78565]]}, "properties": {"P": 75.12, "tau": 106.55, "tau_c": 59.06, "omega": 255.67, "M": 1.8, "D": 0.03, "R": 0.95, "sving": 0.14, "os": 0.9, "foss": 0.0, "juv": 0.05, "B": 0.97, "Q": 174.43, "w": 44.0, "h": 1.65, "S": 0.00657, "elv": "Orkla", "km": 19.6}}, {"type": "Feature", "geometry": {"type": "LineString", "coordinates": [[9.98599, 62.78565], [9.98647, 62.78652]]}, "properties": {"P": 64.95, "tau": 99.58, "tau_c": 58.49, "omega": 230.49, "M": 1.7, "D": 0.06, "R": 0.98, "sving": 0.04, "os": 0.55, "foss": 0.0, "juv": 0.05, "B": 0.97, "Q": 174.89, "w": 48.0, "h": 1.57, "S": 0.00645, "elv": "Orkla", "km": 19.7}}, {"type": "Feature", "geometry": {"type": "LineString", "coordinates": [[9.98647, 62.78652], [9.98637, 62.7874]]}, "properties": {"P": 72.32, "tau": 94.63, "tau_c": 58.49, "omega": 212.78, "M": 1.62, "D": 0.11, "R": 0.99, "sving": 0.3, "os": 0.47, "foss": 0.0, "juv": 0.05, "B": 0.97, "Q": 174.9, "w": 52.0, "h": 1.5, "S": 0.00645, "elv": "Orkla", "km": 19.8}}, {"type": "Feature", "geometry": {"type": "LineString", "coordinates": [[9.98637, 62.7874], [9.98705, 62.78818]]}, "properties": {"P": 78.66, "tau": 86.46, "tau_c": 58.49, "omega": 184.45, "M": 1.48, "D": 0.18, "R": 1.0, "sving": 0.13, "os": 0.77, "foss": 0.0, "juv": 0.05, "B": 0.97, "Q": 174.94, "w": 60.0, "h": 1.37, "S": 0.00645, "elv": "Orkla", "km": 19.9}}, {"type": "Feature", "geometry": {"type": "LineString", "coordinates": [[9.98705, 62.78818], [9.98874, 62.78862]]}, "properties": {"P": 85.84, "tau": 72.32, "tau_c": 52.95, "omega": 141.77, "M": 1.37, "D": 0.3, "R": 0.99, "sving": 0.2, "os": 0.81, "foss": 0.0, "juv": 0.05, "B": 0.97, "Q": 175.02, "w": 64.0, "h": 1.4, "S": 0.00528, "elv": "Orkla", "km": 20.0}}, {"type": "Feature", "geometry": {"type": "LineString", "coordinates": [[9.98874, 62.78862], [9.98982, 62.78936]]}, "properties": {"P": 75.35, "tau": 40.01, "tau_c": 36.01, "omega": 59.95, "M": 1.11, "D": 0.48, "R": 0.88, "sving": 0.1, "os": 0.5, "foss": 0.0, "juv": 0.0, "B": 0.97, "Q": 175.02, "w": 70.0, "h": 1.67, "S": 0.00244, "elv": "Orkla", "km": 20.1}}, {"type": "Feature", "geometry": {"type": "LineString", "coordinates": [[9.98982, 62.78936], [9.99072, 62.79016]]}, "properties": {"P": 29.56, "tau": 4.49, "tau_c": 11.65, "omega": 2.53, "M": 0.39, "D": 0.38, "R": 0.08, "sving": 0.11, "os": 0.31, "foss": 0.0, "juv": 0.0, "B": 0.97, "Q": 175.12, "w": 68.0, "h": 4.57, "S": 0.0001, "elv": "Orkla", "km": 20.2}}, {"type": "Feature", "geometry": {"type": "LineString", "coordinates": [[9.99072, 62.79016], [9.99189, 62.79087]]}, "properties": {"P": 21.32, "tau": 4.49, "tau_c": 11.65, "omega": 2.53, "M": 0.39, "D": 0.23, "R": 0.08, "sving": 0.14, "os": 0.19, "foss": 0.0, "juv": 0.0, "B": 0.97, "Q": 175.12, "w": 68.0, "h": 4.57, "S": 0.0001, "elv": "Orkla", "km": 20.3}}, {"type": "Feature", "geometry": {"type": "LineString", "coordinates": [[9.99189, 62.79087], [9.99322, 62.79153]]}, "properties": {"P": 59.16, "tau": 88.67, "tau_c": 61.3, "omega": 190.09, "M": 1.45, "D": -0.0, "R": 1.0, "sving": 0.24, "os": 0.22, "foss": 0.0, "juv": 0.0, "B": 0.97, "Q": 175.12, "w": 64.0, "h": 1.28, "S": 0.00708, "elv": "Orkla", "km": 20.4}}, {"type": "Feature", "geometry": {"type": "LineString", "coordinates": [[9.99322, 62.79153], [9.99483, 62.79203]]}, "properties": {"P": 66.26, "tau": 90.47, "tau_c": 61.3, "omega": 196.28, "M": 1.48, "D": -0.0, "R": 1.0, "sving": 0.1, "os": 0.35, "foss": 0.26, "juv": 0.0, "B": 0.97, "Q": 175.18, "w": 62.0, "h": 1.3, "S": 0.00708, "elv": "Orkla", "km": 20.5}}, {"type": "Feature", "geometry": {"type": "LineString", "coordinates": [[9.99483, 62.79203], [9.9966, 62.79241]]}, "properties": {"P": 94.43, "tau": 94.36, "tau_c": 61.3, "omega": 209.92, "M": 1.54, "D": -0.0, "R": 1.0, "sving": 0.15, "os": 0.58, "foss": 1.0, "juv": 0.0, "B": 0.97, "Q": 175.26, "w": 58.0, "h": 1.36, "S": 0.00708, "elv": "Orkla", "km": 20.6}}, {"type": "Feature", "geometry": {"type": "LineString", "coordinates": [[9.9966, 62.79241], [9.99814, 62.79296]]}, "properties": {"P": 94.3, "tau": 102.3, "tau_c": 61.81, "omega": 238.15, "M": 1.65, "D": -0.0, "R": 0.99, "sving": 0.04, "os": 0.95, "foss": 0.72, "juv": 0.05, "B": 0.97, "Q": 175.28, "w": 52.0, "h": 1.45, "S": 0.0072, "elv": "Orkla", "km": 20.7}}, {"type": "Feature", "geometry": {"type": "LineString", "coordinates": [[9.99814, 62.79296], [9.99992, 62.79333]]}, "properties": {"P": 86.84, "tau": 160.45, "tau_c": 80.84, "omega": 460.5, "M": 1.98, "D": -0.0, "R": 0.9, "sving": 0.25, "os": 0.64, "foss": 0.71, "juv": 0.05, "B": 0.97, "Q": 175.29, "w": 46.0, "h": 1.33, "S": 0.01232, "elv": "Orkla", "km": 20.8}}, {"type": "Feature", "geometry": {"type": "LineString", "coordinates": [[9.99992, 62.79333], [10.0014, 62.79391]]}, "properties": {"P": 86.82, "tau": 179.49, "tau_c": 84.06, "omega": 545.35, "M": 2.14, "D": 0.05, "R": 0.84, "sving": 0.24, "os": 0.39, "foss": 0.99, "juv": 0.05, "B": 0.97, "Q": 175.32, "w": 42.0, "h": 1.37, "S": 0.01332, "elv": "Orkla", "km": 20.9}}, {"type": "Feature", "geometry": {"type": "LineString", "coordinates": [[10.0014, 62.79391], [10.00228, 62.79471]]}, "properties": {"P": 90.41, "tau": 117.34, "tau_c": 61.82, "omega": 294.99, "M": 1.9, "D": 0.14, "R": 0.93, "sving": 0.25, "os": 0.24, "foss": 1.0, "juv": 0.05, "B": 0.97, "Q": 175.33, "w": 42.0, "h": 1.66, "S": 0.0072, "elv": "Orkla", "km": 21.0}}, {"type": "Feature", "geometry": {"type": "LineString", "coordinates": [[10.00228, 62.79471], [10.0028, 62.79557]]}, "properties": {"P": 75.55, "tau": 110.67, "tau_c": 61.82, "omega": 269.39, "M": 1.79, "D": 0.15, "R": 0.96, "sving": 0.01, "os": 0.15, "foss": 0.72, "juv": 0.05, "B": 0.97, "Q": 175.36, "w": 46.0, "h": 1.57, "S": 0.0072, "elv": "Orkla", "km": 21.1}}, {"type": "Feature", "geometry": {"type": "LineString", "coordinates": [[10.0028, 62.79557], [10.00368, 62.79635]]}, "properties": {"P": 75.23, "tau": 105.63, "tau_c": 65.4, "omega": 247.78, "M": 1.62, "D": 0.17, "R": 0.99, "sving": 0.17, "os": 0.14, "foss": 0.51, "juv": 0.0, "B": 0.97, "Q": 175.45, "w": 56.0, "h": 1.34, "S": 0.00806, "elv": "Orkla", "km": 21.2}}, {"type": "Feature", "geometry": {"type": "LineString", "coordinates": [[10.00368, 62.79635], [10.00522, 62.7969]]}, "properties": {"P": 73.66, "tau": 109.65, "tau_c": 68.26, "omega": 260.63, "M": 1.61, "D": 0.17, "R": 0.99, "sving": 0.18, "os": 0.22, "foss": 0.37, "juv": 0.0, "B": 0.97, "Q": 175.47, "w": 58.0, "h": 1.27, "S": 0.00878, "elv": "Orkla", "km": 21.3}}, {"type": "Feature", "geometry": {"type": "LineString", "coordinates": [[10.00522, 62.7969], [10.00678, 62.79744]]}, "properties": {"P": 67.65, "tau": 61.14, "tau_c": 44.1, "omega": 112.66, "M": 1.39, "D": 0.31, "R": 0.99, "sving": 0.01, "os": 0.36, "foss": 0.0, "juv": 0.0, "B": 0.97, "Q": 175.49, "w": 56.0, "h": 1.7, "S": 0.00366, "elv": "Orkla", "km": 21.4}}, {"type": "Feature", "geometry": {"type": "LineString", "coordinates": [[10.00678, 62.79744], [10.0081, 62.7981]]}, "properties": {"P": 79.21, "tau": 49.94, "tau_c": 37.46, "omega": 84.36, "M": 1.33, "D": 0.3, "R": 0.98, "sving": 0.22, "os": 0.59, "foss": 0.0, "juv": 0.0, "B": 0.97, "Q": 175.55, "w": 54.0, "h": 1.92, "S": 0.00265, "elv": "Orkla", "km": 21.5}}, {"type": "Feature", "geometry": {"type": "LineString", "coordinates": [[10.0081, 62.7981], [10.00894, 62.79891]]}, "properties": {"P": 85.69, "tau": 36.77, "tau_c": 30.02, "omega": 54.17, "M": 1.22, "D": 0.3, "R": 0.94, "sving": 0.13, "os": 0.97, "foss": 0.0, "juv": 0.0, "B": 0.97, "Q": 175.57, "w": 54.0, "h": 2.21, "S": 0.0017, "elv": "Orkla", "km": 21.6}}, {"type": "Feature", "geometry": {"type": "LineString", "coordinates": [[10.00894, 62.79891], [10.00956, 62.79975]]}, "properties": {"P": 76.18, "tau": 41.5, "tau_c": 30.36, "omega": 65.07, "M": 1.37, "D": 0.26, "R": 0.99, "sving": 0.12, "os": 0.63, "foss": 0.0, "juv": 0.0, "B": 0.97, "Q": 175.59, "w": 46.0, "h": 2.43, "S": 0.00174, "elv": "Orkla", "km": 21.7}}, {"type": "Feature", "geometry": {"type": "LineString", "coordinates": [[10.00956, 62.79975], [10.01061, 62.80051]]}, "properties": {"P": 71.43, "tau": 25.27, "tau_c": 21.6, "omega": 31.57, "M": 1.17, "D": 0.4, "R": 0.92, "sving": 0.12, "os": 0.38, "foss": 0.0, "juv": 0.0, "B": 0.97, "Q": 175.6, "w": 48.0, "h": 2.93, "S": 0.00088, "elv": "Orkla", "km": 21.8}}, {"type": "Feature", "geometry": {"type": "LineString", "coordinates": [[10.01061, 62.80051], [10.01143, 62.80131]]}, "properties": {"P": 39.86, "tau": 5.58, "tau_c": 11.65, "omega": 3.45, "M": 0.48, "D": 0.55, "R": 0.16, "sving": 0.03, "os": 0.4, "foss": 0.0, "juv": 0.0, "B": 0.97, "Q": 175.61, "w": 50.0, "h": 5.69, "S": 0.0001, "elv": "Orkla", "km": 21.9}}, {"type": "Feature", "geometry": {"type": "LineString", "coordinates": [[10.01143, 62.80131], [10.01169, 62.8022]]}, "properties": {"P": 61.39, "tau": 5.56, "tau_c": 11.65, "omega": 3.44, "M": 0.48, "D": 0.44, "R": 0.16, "sving": 0.38, "os": 0.65, "foss": 0.33, "juv": 0.0, "B": 0.97, "Q": 175.61, "w": 54.0, "h": 5.25, "S": 0.00011, "elv": "Orkla", "km": 22.0}}, {"type": "Feature", "geometry": {"type": "LineString", "coordinates": [[10.01169, 62.8022], [10.01246, 62.80302]]}, "properties": {"P": 69.17, "tau": 6.98, "tau_c": 11.65, "omega": 4.8, "M": 0.6, "D": 0.24, "R": 0.31, "sving": 0.25, "os": 0.94, "foss": 0.46, "juv": 0.0, "B": 0.97, "Q": 176.72, "w": 50.0, "h": 5.14, "S": 0.00014, "elv": "Orkla", "km": 22.1}}, {"type": "Feature", "geometry": {"type": "LineString", "coordinates": [[10.01246, 62.80302], [10.01164, 62.80383]]}, "properties": {"P": 50.89, "tau": 6.61, "tau_c": 11.65, "omega": 4.45, "M": 0.57, "D": 0.0, "R": 0.27, "sving": 0.11, "os": 0.62, "foss": 0.64, "juv": 0.0, "B": 0.97, "Q": 176.73, "w": 54.0, "h": 4.87, "S": 0.00014, "elv": "Orkla", "km": 22.2}}, {"type": "Feature", "geometry": {"type": "LineString", "coordinates": [[10.01164, 62.80383], [10.01117, 62.8047]]}, "properties": {"P": 58.84, "tau": 5.42, "tau_c": 11.65, "omega": 3.32, "M": 0.46, "D": 0.0, "R": 0.15, "sving": 0.14, "os": 0.98, "foss": 0.73, "juv": 0.0, "B": 0.97, "Q": 182.88, "w": 54.0, "h": 5.52, "S": 0.0001, "elv": "Orkla", "km": 22.3}}, {"type": "Feature", "geometry": {"type": "LineString", "coordinates": [[10.01117, 62.8047], [10.01084, 62.80558]]}, "properties": {"P": 69.12, "tau": 12.5, "tau_c": 13.7, "omega": 11.33, "M": 0.91, "D": -0.0, "R": 0.71, "sving": 0.04, "os": 0.59, "foss": 0.66, "juv": 0.0, "B": 0.97, "Q": 182.89, "w": 56.0, "h": 3.6, "S": 0.00035, "elv": "Orkla", "km": 22.4}}, {"type": "Feature", "geometry": {"type": "LineString", "coordinates": [[10.01084, 62.80558], [10.01089, 62.80647]]}, "properties": {"P": 65.39, "tau": 34.6, "tau_c": 31.39, "omega": 49.01, "M": 1.1, "D": -0.0, "R": 0.88, "sving": 0.01, "os": 0.36, "foss": 0.51, "juv": 0.0, "B": 0.97, "Q": 182.89, "w": 68.0, "h": 1.9, "S": 0.00186, "elv": "Orkla", "km": 22.5}}, {"type": "Feature", "geometry": {"type": "LineString", "coordinates": [[10.01089, 62.80647], [10.0103, 62.80723]]}, "properties": {"P": 63.46, "tau": 54.62, "tau_c": 43.61, "omega": 94.59, "M": 1.25, "D": -0.0, "R": 0.96, "sving": 0.07, "os": 0.22, "foss": 0.39, "juv": 0.0, "B": 0.97, "Q": 182.9, "w": 68.0, "h": 1.55, "S": 0.00358, "elv": "Orkla", "km": 22.6}}, {"type": "Feature", "geometry": {"type": "LineString", "coordinates": [[10.0103, 62.80723], [10.00979, 62.80809]]}, "properties": {"P": 58.74, "tau": 69.58, "tau_c": 51.22, "omega": 134.43, "M": 1.36, "D": -0.0, "R": 0.99, "sving": 0.03, "os": 0.14, "foss": 0.29, "juv": 0.0, "B": 0.97, "Q": 182.91, "w": 66.0, "h": 1.43, "S": 0.00494, "elv": "Orkla", "km": 22.7}}, {"type": "Feature", "geometry": {"type": "LineString", "coordinates": [[10.00979, 62.80809], [10.00982, 62.80898]]}, "properties": {"P": 49.67, "tau": 65.9, "tau_c": 51.22, "omega": 123.24, "M": 1.29, "D": 0.01, "R": 0.97, "sving": 0.06, "os": 0.09, "foss": 0.0, "juv": 0.0, "B": 0.97, "Q": 182.93, "w": 72.0, "h": 1.36, "S": 0.00494, "elv": "Orkla", "km": 22.8}}, {"type": "Feature", "geometry": {"type": "LineString", "coordinates": [[10.00982, 62.80898], [10.00972, 62.80986]]}, "properties": {"P": 47.7, "tau": 61.73, "tau_c": 51.22, "omega": 110.93, "M": 1.21, "D": 0.06, "R": 0.94, "sving": 0.01, "os": 0.05, "foss": 0.0, "juv": 0.0, "B": 0.97, "Q": 182.94, "w": 80.0, "h": 1.27, "S": 0.00494, "elv": "Orkla", "km": 22.9}}, {"type": "Feature", "geometry": {"type": "LineString", "coordinates": [[10.00972, 62.80986], [10.0088, 62.81065]]}, "properties": {"P": 54.17, "tau": 64.2, "tau_c": 51.5, "omega": 118.03, "M": 1.25, "D": 0.14, "R": 0.95, "sving": 0.1, "os": 0.07, "foss": 0.0, "juv": 0.0, "B": 0.97, "Q": 182.94, "w": 76.0, "h": 1.31, "S": 0.005, "elv": "Orkla", "km": 23.0}}, {"type": "Feature", "geometry": {"type": "LineString", "coordinates": [[10.0088, 62.81065], [10.00833, 62.81151]]}, "properties": {"P": 54.67, "tau": 45.78, "tau_c": 43.12, "omega": 71.46, "M": 1.06, "D": 0.26, "R": 0.85, "sving": 0.08, "os": 0.11, "foss": 0.0, "juv": 0.0, "B": 0.97, "Q": 182.95, "w": 88.0, "h": 1.33, "S": 0.0035, "elv": "Orkla", "km": 23.1}}, {"type": "Feature", "geometry": {"type": "LineString", "coordinates": [[10.00833, 62.81151], [10.00787, 62.81238]]}, "properties": {"P": 53.05, "tau": 33.14, "tau_c": 34.86, "omega": 44.71, "M": 0.95, "D": 0.24, "R": 0.75, "sving": 0.15, "os": 0.18, "foss": 0.0, "juv": 0.0, "B": 0.97, "Q": 183.03, "w": 92.0, "h": 1.47, "S": 0.00229, "elv": "Orkla", "km": 23.2}}, {"type": "Feature", "geometry": {"type": "LineString", "coordinates": [[10.00787, 62.81238], [10.00733, 62.81323]]}, "properties": {"P": 43.73, "tau": 18.73, "tau_c": 22.57, "omega": 19.8, "M": 0.83, "D": 0.17, "R": 0.61, "sving": 0.02, "os": 0.3, "foss": 0.0, "juv": 0.0, "B": 0.97, "Q": 184.93, "w": 88.0, "h": 1.99, "S": 0.00096, "elv": "Orkla", "km": 23.3}}, {"type": "Feature", "geometry": {"type": "LineString", "coordinates": [[10.00733, 62.81323], [10.00714, 62.81413]]}, "properties": {"P": 58.89, "tau": 40.14, "tau_c": 37.41, "omega": 59.84, "M": 1.07, "D": 0.03, "R": 0.86, "sving": 0.16, "os": 0.48, "foss": 0.0, "juv": 0.0, "B": 0.97, "Q": 184.98, "w": 80.0, "h": 1.55, "S": 0.00264, "elv": "Orkla", "km": 23.4}}, {"type": "Feature", "geometry": {"type": "LineString", "coordinates": [[10.00714, 62.81413], [10.00678, 62.81496]]}, "properties": {"P": 71.2, "tau": 49.96, "tau_c": 40.7, "omega": 83.31, "M": 1.23, "D": -0.0, "R": 0.95, "sving": 0.17, "os": 0.79, "foss": 0.0, "juv": 0.0, "B": 0.97, "Q": 184.99, "w": 68.0, "h": 1.63, "S": 0.00312, "elv": "Orkla", "km": 23.5}}, {"type": "Feature", "geometry": {"type": "LineString", "coordinates": [[10.00678, 62.81496], [10.00557, 62.81567]]}, "properties": {"P": 74.07, "tau": 57.26, "tau_c": 41.75, "omega": 102.81, "M": 1.37, "D": -0.0, "R": 0.99, "sving": 0.23, "os": 0.77, "foss": 0.0, "juv": 0.0, "B": 0.97, "Q": 185.0, "w": 58.0, "h": 1.78, "S": 0.00329, "elv": "Orkla", "km": 23.6}}, {"type": "Feature", "geometry": {"type": "LineString", "coordinates": [[10.00557, 62.81567], [10.00424, 62.81633]]}, "properties": {"P": 64.02, "tau": 66.96, "tau_c": 46.0, "omega": 129.24, "M": 1.46, "D": -0.0, "R": 1.0, "sving": 0.16, "os": 0.47, "foss": 0.0, "juv": 0.0, "B": 0.97, "Q": 185.01, "w": 56.0, "h": 1.71, "S": 0.00399, "elv": "Orkla", "km": 23.7}}, {"type": "Feature", "geometry": {"type": "LineString", "coordinates": [[10.00424, 62.81633], [10.00296, 62.817]]}, "properties": {"P": 56.25, "tau": 80.73, "tau_c": 52.64, "omega": 169.28, "M": 1.53, "D": -0.0, "R": 1.0, "sving": 0.06, "os": 0.28, "foss": 0.0, "juv": 0.0, "B": 0.97, "Q": 185.02, "w": 56.0, "h": 1.58, "S": 0.00522, "elv": "Orkla", "km": 23.8}}, {"type": "Feature", "geometry": {"type": "LineString", "coordinates": [[10.00296, 62.817], [10.00183, 62.81773]]}, "properties": {"P": 57.42, "tau": 94.74, "tau_c": 59.07, "omega": 213.2, "M": 1.6, "D": -0.0, "R": 0.99, "sving": 0.13, "os": 0.26, "foss": 0.0, "juv": 0.0, "B": 0.97, "Q": 185.07, "w": 56.0, "h": 1.47, "S": 0.00658, "elv": "Orkla", "km": 23.9}}, {"type": "Feature", "geometry": {"type": "LineString", "coordinates": [[10.00183, 62.81773], [10.00089, 62.81851]]}, "properties": {"P": 59.22, "tau": 88.15, "tau_c": 56.98, "omega": 191.55, "M": 1.55, "D": -0.0, "R": 1.0, "sving": 0.02, "os": 0.43, "foss": 0.0, "juv": 0.0, "B": 0.97, "Q": 185.1, "w": 58.0, "h": 1.47, "S": 0.00612, "elv": "Orkla", "km": 24.0}}, {"type": "Feature", "geometry": {"type": "LineString", "coordinates": [[10.00089, 62.81851], [10.00013, 62.81934]]}, "properties": {"P": 67.06, "tau": 94.48, "tau_c": 60.81, "omega": 211.04, "M": 1.55, "D": 0.0, "R": 1.0, "sving": 0.02, "os": 0.71, "foss": 0.0, "juv": 0.0, "B": 0.97, "Q": 185.17, "w": 60.0, "h": 1.38, "S": 0.00697, "elv": "Orkla", "km": 24.1}}, {"type": "Feature", "geometry": {"type": "LineString", "coordinates": [[10.00013, 62.81934], [9.99893, 62.82004]]}, "properties": {"P": 79.5, "tau": 103.12, "tau_c": 63.77, "omega": 240.12, "M": 1.62, "D": 0.05, "R": 0.99, "sving": 0.27, "os": 0.86, "foss": 0.0, "juv": 0.0, "B": 0.97, "Q": 185.19, "w": 58.0, "h": 1.37, "S": 0.00767, "elv": "Orkla", "km": 24.2}}, {"type": "Feature", "geometry": {"type": "LineString", "coordinates": [[9.99893, 62.82004], [9.99791, 62.82079]]}, "properties": {"P": 76.7, "tau": 87.24, "tau_c": 60.95, "omega": 185.71, "M": 1.43, "D": 0.14, "R": 1.0, "sving": 0.37, "os": 0.52, "foss": 0.0, "juv": 0.0, "B": 0.97, "Q": 185.21, "w": 68.5, "h": 1.27, "S": 0.007, "elv": "Orkla", "km": 24.3}}, {"type": "Feature", "geometry": {"type": "LineString", "coordinates": [[9.99791, 62.82079], [9.99615, 62.82108]]}, "properties": {"P": 66.75, "tau": 66.07, "tau_c": 52.44, "omega": 123.1, "M": 1.26, "D": 0.24, "R": 0.96, "sving": 0.14, "os": 0.32, "foss": 0.0, "juv": 0.0, "B": 0.97, "Q": 185.22, "w": 76.5, "h": 1.3, "S": 0.00518, "elv": "Orkla", "km": 24.4}}, {"type": "Feature", "geometry": {"type": "LineString", "coordinates": [[9.99615, 62.82108], [9.99423, 62.82125]]}, "properties": {"P": 62.92, "tau": 52.1, "tau_c": 44.72, "omega": 87.26, "M": 1.16, "D": 0.31, "R": 0.92, "sving": 0.09, "os": 0.21, "foss": 0.0, "juv": 0.0, "B": 0.97, "Q": 185.22, "w": 78.5, "h": 1.41, "S": 0.00377, "elv": "Orkla", "km": 24.5}}, {"type": "Feature", "geometry": {"type": "LineString", "coordinates": [[9.99423, 62.82125], [9.99255, 62.82169]]}, "properties": {"P": 65.81, "tau": 40.35, "tau_c": 36.78, "omega": 60.6, "M": 1.1, "D": 0.38, "R": 0.87, "sving": 0.25, "os": 0.14, "foss": 0.0, "juv": 0.0, "B": 0.97, "Q": 185.31, "w": 76.5, "h": 1.61, "S": 0.00255, "elv": "Orkla", "km": 24.6}}, {"type": "Feature", "geometry": {"type": "LineString", "coordinates": [[9.99255, 62.82169], [9.99116, 62.8223]]}, "properties": {"P": 64.8, "tau": 23.71, "tau_c": 25.38, "omega": 28.11, "M": 0.93, "D": 0.49, "R": 0.73, "sving": 0.36, "os": 0.08, "foss": 0.0, "juv": 0.0, "B": 0.97, "Q": 185.32, "w": 78.5, "h": 1.99, "S": 0.00121, "elv": "Orkla", "km": 24.7}}, {"type": "Feature", "geometry": {"type": "LineString", "coordinates": [[9.99116, 62.8223], [9.99013, 62.82306]]}, "properties": {"P": 29.06, "tau": 4.75, "tau_c": 11.65, "omega": 2.75, "M": 0.41, "D": 0.5, "R": 0.09, "sving": 0.16, "os": 0.05, "foss": 0.0, "juv": 0.0, "B": 0.97, "Q": 185.32, "w": 66.0, "h": 4.84, "S": 0.0001, "elv": "Orkla", "km": 24.8}}, {"type": "Feature", "geometry": {"type": "LineString", "coordinates": [[9.99013, 62.82306], [9.98934, 62.82388]]}, "properties": {"P": 19.54, "tau": 5.07, "tau_c": 11.65, "omega": 3.03, "M": 0.44, "D": 0.34, "R": 0.12, "sving": 0.04, "os": 0.0, "foss": 0.0, "juv": 0.0, "B": 0.97, "Q": 185.33, "w": 60.0, "h": 5.17, "S": 0.0001, "elv": "Orkla", "km": 24.9}}, {"type": "Feature", "geometry": {"type": "LineString", "coordinates": [[9.98934, 62.82388], [9.98821, 62.82461]]}, "properties": {"P": 38.98, "tau": 14.91, "tau_c": 16.0, "omega": 14.63, "M": 0.93, "D": 0.13, "R": 0.73, "sving": 0.0, "os": 0.0, "foss": 0.0, "juv": 0.0, "B": 0.97, "Q": 185.34, "w": 60.0, "h": 3.15, "S": 0.00048, "elv": "Orkla", "km": 25.0}}, {"type": "Feature", "geometry": {"type": "LineString", "coordinates": [[9.98821, 62.82461], [9.98696, 62.8253]]}, "properties": {"P": 41.9, "tau": 32.43, "tau_c": 28.97, "omega": 44.93, "M": 1.12, "D": -0.0, "R": 0.89, "sving": 0.02, "os": 0.0, "foss": 0.0, "juv": 0.0, "B": 0.97, "Q": 185.35, "w": 64.0, "h": 2.09, "S": 0.00158, "elv": "Orkla", "km": 25.1}}, {"type": "Feature", "geometry": {"type": "LineString", "coordinates": [[9.98696, 62.8253], [9.98594, 62.82606]]}, "properties": {"P": 47.29, "tau": 42.32, "tau_c": 35.09, "omega": 65.97, "M": 1.21, "D": -0.0, "R": 0.94, "sving": 0.13, "os": 0.0, "foss": 0.0, "juv": 0.0, "B": 0.97, "Q": 185.41, "w": 64.0, "h": 1.86, "S": 0.00232, "elv": "Orkla", "km": 25.2}}, {"type": "Feature", "geometry": {"type": "LineString", "coordinates": [[9.98594, 62.82606], [9.98524, 62.8269]]}, "properties": {"P": 48.65, "tau": 56.21, "tau_c": 43.06, "omega": 99.32, "M": 1.31, "D": -0.0, "R": 0.97, "sving": 0.12, "os": 0.0, "foss": 0.0, "juv": 0.0, "B": 0.97, "Q": 185.42, "w": 64.0, "h": 1.64, "S": 0.00349, "elv": "Orkla", "km": 25.3}}, {"type": "Feature", "geometry": {"type": "LineString", "coordinates": [[9.98524, 62.8269], [9.98471, 62.82776]]}, "properties": {"P": 49.51, "tau": 61.01, "tau_c": 45.67, "omega": 111.75, "M": 1.34, "D": -0.0, "R": 0.98, "sving": 0.08, "os": 0.05, "foss": 0.0, "juv": 0.0, "B": 0.97, "Q": 185.42, "w": 64.0, "h": 1.58, "S": 0.00393, "elv": "Orkla", "km": 25.4}}, {"type": "Feature", "geometry": {"type": "LineString", "coordinates": [[9.98471, 62.82776], [9.984, 62.82858]]}, "properties": {"P": 55.48, "tau": 69.43, "tau_c": 50.13, "omega": 134.64, "M": 1.39, "D": -0.0, "R": 0.99, "sving": 0.25, "os": 0.08, "foss": 0.0, "juv": 0.0, "B": 0.97, "Q": 185.44, "w": 64.0, "h": 1.49, "S": 0.00474, "elv": "Orkla", "km": 25.5}}, {"type": "Feature", "geometry": {"type": "LineString", "coordinates": [[9.984, 62.82858], [9.98263, 62.82922]]}, "properties": {"P": 57.76, "tau": 77.88, "tau_c": 53.65, "omega": 159.31, "M": 1.45, "D": -0.0, "R": 1.0, "sving": 0.28, "os": 0.12, "foss": 0.0, "juv": 0.0, "B": 0.97, "Q": 185.59, "w": 62.0, "h": 1.46, "S": 0.00543, "elv": "Orkla", "km": 25.6}}, {"type": "Feature", "geometry": {"type": "LineString", "coordinates": [[9.98263, 62.82922], [9.98094, 62.82967]]}, "properties": {"P": 59.8, "tau": 67.95, "tau_c": 47.91, "omega": 131.3, "M": 1.42, "D": 0.03, "R": 1.0, "sving": 0.24, "os": 0.2, "foss": 0.0, "juv": 0.0, "B": 0.97, "Q": 185.6, "w": 60.0, "h": 1.6, "S": 0.00433, "elv": "Orkla", "km": 25.7}}, {"type": "Feature", "geometry": {"type": "LineString", "coordinates": [[9.98094, 62.82967], [9.97928, 62.83013]]}, "properties": {"P": 61.86, "tau": 72.51, "tau_c": 50.96, "omega": 143.76, "M": 1.42, "D": 0.05, "R": 1.0, "sving": 0.17, "os": 0.32, "foss": 0.0, "juv": 0.0, "B": 0.97, "Q": 185.62, "w": 62.0, "h": 1.51, "S": 0.00489, "elv": "Orkla", "km": 25.8}}, {"type": "Feature", "geometry": {"type": "LineString", "coordinates": [[9.97928, 62.83013], [9.97764, 62.83059]]}, "properties": {"P": 73.08, "tau": 63.89, "tau_c": 45.82, "omega": 120.14, "M": 1.39, "D": 0.11, "R": 0.99, "sving": 0.28, "os": 0.53, "foss": 0.0, "juv": 0.0, "B": 0.97, "Q": 185.66, "w": 60.0, "h": 1.65, "S": 0.00396, "elv": "Orkla", "km": 25.9}}, {"type": "Feature", "geometry": {"type": "LineString", "coordinates": [[9.97764, 62.83059], [9.97594, 62.83088]]}, "properties": {"P": 83.71, "tau": 60.77, "tau_c": 44.2, "omega": 111.77, "M": 1.37, "D": 0.12, "R": 0.99, "sving": 0.32, "os": 0.86, "foss": 0.0, "juv": 0.0, "B": 0.97, "Q": 185.66, "w": 60.0, "h": 1.68, "S": 0.00368, "elv": "Orkla", "km": 26.0}}, {"type": "Feature", "geometry": {"type": "LineString", "coordinates": [[9.97594, 62.83088], [9.97403, 62.83068]]}, "properties": {"P": 74.22, "tau": 45.43, "tau_c": 39.07, "omega": 72.24, "M": 1.16, "D": 0.14, "R": 0.91, "sving": 0.24, "os": 0.71, "foss": 0.0, "juv": 0.0, "B": 0.97, "Q": 185.67, "w": 72.53, "h": 1.61, "S": 0.00288, "elv": "Orkla", "km": 26.1}}, {"type": "Feature", "geometry": {"type": "LineString", "coordinates": [[9.97403, 62.83068], [9.97216, 62.83042]]}, "properties": {"P": 58.42, "tau": 49.43, "tau_c": 45.05, "omega": 80.03, "M": 1.1, "D": 0.1, "R": 0.87, "sving": 0.06, "os": 0.44, "foss": 0.0, "juv": 0.0, "B": 0.97, "Q": 185.7, "w": 87.06, "h": 1.32, "S": 0.00382, "elv": "Orkla", "km": 26.2}}, {"type": "Feature", "geometry": {"type": "LineString", "coordinates": [[9.97216, 62.83042], [9.97023, 62.83034]]}, "properties": {"P": 58.72, "tau": 52.37, "tau_c": 47.89, "omega": 86.51, "M": 1.09, "D": 0.09, "R": 0.87, "sving": 0.26, "os": 0.27, "foss": 0.0, "juv": 0.0, "B": 0.97, "Q": 185.74, "w": 91.06, "h": 1.23, "S": 0.00432, "elv": "Orkla", "km": 26.3}}, {"type": "Feature", "geometry": {"type": "LineString", "coordinates": [[9.97023, 62.83034], [9.96855, 62.83078]]}, "properties": {"P": 46.05, "tau": 38.21, "tau_c": 40.0, "omega": 54.37, "M": 0.96, "D": 0.08, "R": 0.75, "sving": 0.1, "os": 0.18, "foss": 0.0, "juv": 0.0, "B": 0.97, "Q": 185.75, "w": 101.06, "h": 1.29, "S": 0.00302, "elv": "Orkla", "km": 26.4}}, {"type": "Feature", "geometry": {"type": "LineString", "coordinates": [[9.96855, 62.83078], [9.96684, 62.83118]]}, "properties": {"P": 50.0, "tau": 39.14, "tau_c": 41.4, "omega": 56.03, "M": 0.95, "D": 0.06, "R": 0.74, "sving": 0.2, "os": 0.27, "foss": 0.0, "juv": 0.0, "B": 0.97, "Q": 185.76, "w": 105.06, "h": 1.24, "S": 0.00323, "elv": "Orkla", "km": 26.5}}, {"type": "Feature", "geometry": {"type": "LineString", "coordinates": [[9.96684, 62.83118], [9.96489, 62.83115]]}, "properties": {"P": 49.83, "tau": 46.99, "tau_c": 47.2, "omega": 72.83, "M": 1.0, "D": 0.02, "R": 0.79, "sving": 0.03, "os": 0.4, "foss": 0.0, "juv": 0.0, "B": 0.97, "Q": 185.87, "w": 105.11, "h": 1.14, "S": 0.0042, "elv": "Orkla", "km": 26.6}}, {"type": "Feature", "geometry": {"type": "LineString", "coordinates": [[9.96489, 62.83115], [9.96338, 62.83067]]}, "properties": {"P": 60.09, "tau": 51.6, "tau_c": 50.48, "omega": 83.29, "M": 1.02, "D": -0.0, "R": 0.82, "sving": 0.16, "os": 0.63, "foss": 0.0, "juv": 0.0, "B": 0.97, "Q": 185.87, "w": 105.15, "h": 1.1, "S": 0.0048, "elv": "Orkla", "km": 26.7}}, {"type": "Feature", "geometry": {"type": "LineString", "coordinates": [[9.96338, 62.83067], [9.96166, 62.83105]]}, "properties": {"P": 73.5, "tau": 43.35, "tau_c": 45.6, "omega": 64.47, "M": 0.95, "D": -0.0, "R": 0.75, "sving": 0.4, "os": 0.98, "foss": 0.0, "juv": 0.0, "B": 0.97, "Q": 186.42, "w": 111.15, "h": 1.13, "S": 0.00392, "elv": "Orkla", "km": 26.8}}, {"type": "Feature", "geometry": {"type": "LineString", "coordinates": [[9.96166, 62.83105], [9.96042, 62.83173]]}, "properties": {"P": 71.9, "tau": 47.4, "tau_c": 46.63, "omega": 74.1, "M": 1.02, "D": -0.0, "R": 0.81, "sving": 0.62, "os": 0.6, "foss": 0.0, "juv": 0.0, "B": 0.97, "Q": 186.42, "w": 101.15, "h": 1.18, "S": 0.0041, "elv": "Orkla", "km": 26.9}}, {"type": "Feature", "geometry": {"type": "LineString", "coordinates": [[9.96042, 62.83173], [9.95942, 62.8325]]}, "properties": {"P": 59.63, "tau": 51.29, "tau_c": 48.04, "omega": 83.59, "M": 1.07, "D": -0.0, "R": 0.85, "sving": 0.33, "os": 0.38, "foss": 0.0, "juv": 0.0, "B": 0.97, "Q": 186.42, "w": 95.15, "h": 1.2, "S": 0.00435, "elv": "Orkla", "km": 27.0}}, {"type": "Feature", "geometry": {"type": "LineString", "coordinates": [[9.95942, 62.8325], [9.95842, 62.83326]]}, "properties": {"P": 53.63, "tau": 59.19, "tau_c": 50.53, "omega": 104.05, "M": 1.17, "D": -0.0, "R": 0.92, "sving": 0.15, "os": 0.23, "foss": 0.0, "juv": 0.0, "B": 0.97, "Q": 186.43, "w": 84.58, "h": 1.25, "S": 0.00481, "elv": "Orkla", "km": 27.1}}, {"type": "Feature", "geometry": {"type": "LineString", "coordinates": [[9.95842, 62.83326], [9.95798, 62.83413]]}, "properties": {"P": 56.08, "tau": 60.56, "tau_c": 47.79, "omega": 109.38, "M": 1.27, "D": 0.05, "R": 0.96, "sving": 0.14, "os": 0.2, "foss": 0.0, "juv": 0.0, "B": 0.97, "Q": 186.48, "w": 72.0, "h": 1.43, "S": 0.00431, "elv": "Orkla", "km": 27.2}}, {"type": "Feature", "geometry": {"type": "LineString", "coordinates": [[9.95798, 62.83413], [9.95743, 62.83499]]}, "properties": {"P": 63.51, "tau": 59.89, "tau_c": 44.31, "omega": 109.19, "M": 1.35, "D": 0.11, "R": 0.99, "sving": 0.15, "os": 0.33, "foss": 0.0, "juv": 0.0, "B": 0.97, "Q": 186.49, "w": 62.0, "h": 1.65, "S": 0.0037, "elv": "Orkla", "km": 27.3}}, {"type": "Feature", "geometry": {"type": "LineString", "coordinates": [[9.95743, 62.83499], [9.95712, 62.83584]]}, "properties": {"P": 78.9, "tau": 40.2, "tau_c": 36.17, "omega": 60.45, "M": 1.11, "D": 0.17, "R": 0.88, "sving": 0.58, "os": 0.55, "foss": 0.0, "juv": 0.0, "B": 0.97, "Q": 186.49, "w": 74.62, "h": 1.66, "S": 0.00247, "elv": "Orkla", "km": 27.4}}, {"type": "Feature", "geometry": {"type": "LineString", "coordinates": [[9.95712, 62.83584], [9.95563, 62.83633]]}, "properties": {"P": 84.14, "tau": 39.35, "tau_c": 38.47, "omega": 57.59, "M": 1.02, "D": 0.14, "R": 0.82, "sving": 0.58, "os": 0.88, "foss": 0.0, "juv": 0.0, "B": 0.97, "Q": 186.49, "w": 88.62, "h": 1.44, "S": 0.00279, "elv": "Orkla", "km": 27.5}}, {"type": "Feature", "geometry": {"type": "LineString", "coordinates": [[9.95563, 62.83633], [9.95373, 62.83615]]}, "properties": {"P": 73.95, "tau": 44.4, "tau_c": 41.05, "omega": 68.88, "M": 1.08, "D": 0.1, "R": 0.86, "sving": 0.23, "os": 0.84, "foss": 0.0, "juv": 0.0, "B": 0.97, "Q": 187.04, "w": 84.62, "h": 1.42, "S": 0.00318, "elv": "Orkla", "km": 27.6}}, {"type": "Feature", "geometry": {"type": "LineString", "coordinates": [[9.95373, 62.83615], [9.9519, 62.83591]]}, "properties": {"P": 60.31, "tau": 36.55, "tau_c": 35.31, "omega": 52.21, "M": 1.04, "D": 0.04, "R": 0.83, "sving": 0.01, "os": 0.72, "foss": 0.0, "juv": 0.0, "B": 0.97, "Q": 187.09, "w": 82.62, "h": 1.59, "S": 0.00235, "elv": "Orkla", "km": 27.7}}, {"type": "Feature", "geometry": {"type": "LineString", "coordinates": [[9.9519, 62.83591], [9.95056, 62.83653]]}, "properties": {"P": 53.18, "tau": 32.64, "tau_c": 32.55, "omega": 44.37, "M": 1.0, "D": 0.02, "R": 0.8, "sving": 0.09, "os": 0.44, "foss": 0.0, "juv": 0.0, "B": 0.97, "Q": 187.1, "w": 82.62, "h": 1.67, "S": 0.002, "elv": "Orkla", "km": 27.8}}, {"type": "Feature", "geometry": {"type": "LineString", "coordinates": [[9.95056, 62.83653], [9.94898, 62.83703]]}, "properties": {"P": 58.3, "tau": 43.87, "tau_c": 36.38, "omega": 69.38, "M": 1.21, "D": -0.0, "R": 0.94, "sving": 0.2, "os": 0.32, "foss": 0.0, "juv": 0.01, "B": 0.97, "Q": 187.11, "w": 66.0, "h": 1.79, "S": 0.00249, "elv": "Orkla", "km": 27.9}}, {"type": "Feature", "geometry": {"type": "LineString", "coordinates": [[9.94898, 62.83703], [9.94708, 62.83707]]}, "properties": {"P": 70.41, "tau": 47.93, "tau_c": 37.08, "omega": 79.44, "M": 1.29, "D": 0.07, "R": 0.97, "sving": 0.6, "os": 0.21, "foss": 0.0, "juv": 0.01, "B": 0.97, "Q": 187.46, "w": 60.0, "h": 1.88, "S": 0.00259, "elv": "Orkla", "km": 28.0}}, {"type": "Feature", "geometry": {"type": "LineString", "coordinates": [[9.94708, 62.83707], [9.94582, 62.83648]]}, "properties": {"P": 69.03, "tau": 34.17, "tau_c": 29.04, "omega": 48.72, "M": 1.18, "D": 0.19, "R": 0.92, "sving": 0.55, "os": 0.13, "foss": 0.0, "juv": 0.01, "B": 0.97, "Q": 187.47, "w": 60.0, "h": 2.19, "S": 0.00159, "elv": "Orkla", "km": 28.1}}, {"type": "Feature", "geometry": {"type": "LineString", "coordinates": [[9.94582, 62.83648], [9.94449, 62.83585]]}, "properties": {"P": 61.59, "tau": 23.97, "tau_c": 22.47, "omega": 29.18, "M": 1.07, "D": 0.3, "R": 0.85, "sving": 0.28, "os": 0.1, "foss": 0.0, "juv": 0.01, "B": 0.97, "Q": 187.48, "w": 60.0, "h": 2.57, "S": 0.00095, "elv": "Orkla", "km": 28.2}}, {"type": "Feature", "geometry": {"type": "LineString", "coordinates": [[9.94449, 62.83585], [9.94321, 62.83517]]}, "properties": {"P": 58.92, "tau": 20.68, "tau_c": 21.42, "omega": 23.38, "M": 0.97, "D": 0.36, "R": 0.76, "sving": 0.28, "os": 0.07, "foss": 0.0, "juv": 0.01, "B": 0.97, "Q": 187.49, "w": 68.0, "h": 2.44, "S": 0.00086, "elv": "Orkla", "km": 28.3}}, {"type": "Feature", "geometry": {"type": "LineString", "coordinates": [[9.94321, 62.83517], [9.94179, 62.83461]]}, "properties": {"P": 56.48, "tau": 15.13, "tau_c": 17.77, "omega": 14.79, "M": 0.85, "D": 0.41, "R": 0.64, "sving": 0.4, "os": 0.0, "foss": 0.0, "juv": 0.0, "B": 0.97, "Q": 187.49, "w": 74.0, "h": 2.59, "S": 0.00059, "elv": "Orkla", "km": 28.4}}, {"type": "Feature", "geometry": {"type": "LineString", "coordinates": [[9.94179, 62.83461], [9.9399, 62.83456]]}, "properties": {"P": 32.9, "tau": 4.69, "tau_c": 11.65, "omega": 2.71, "M": 0.4, "D": 0.5, "R": 0.09, "sving": 0.36, "os": 0.0, "foss": 0.0, "juv": 0.0, "B": 0.97, "Q": 187.74, "w": 68.0, "h": 4.78, "S": 0.0001, "elv": "Orkla", "km": 28.5}}, {"type": "Feature", "geometry": {"type": "LineString", "coordinates": [[9.9399, 62.83456], [9.938, 62.8348]]}, "properties": {"P": 22.45, "tau": 4.6, "tau_c": 11.65, "omega": 2.63, "M": 0.39, "D": 0.37, "R": 0.08, "sving": 0.17, "os": 0.0, "foss": 0.0, "juv": 0.0, "B": 0.97, "Q": 187.74, "w": 70.0, "h": 4.69, "S": 0.0001, "elv": "Orkla", "km": 28.6}}, {"type": "Feature", "geometry": {"type": "LineString", "coordinates": [[9.938, 62.8348], [9.93605, 62.83487]]}, "properties": {"P": 13.57, "tau": 4.6, "tau_c": 11.65, "omega": 2.63, "M": 0.39, "D": 0.2, "R": 0.08, "sving": 0.08, "os": 0.0, "foss": 0.0, "juv": 0.0, "B": 0.97, "Q": 187.75, "w": 70.0, "h": 4.69, "S": 0.0001, "elv": "Orkla", "km": 28.7}}, {"type": "Feature", "geometry": {"type": "LineString", "coordinates": [[9.93605, 62.83487], [9.93417, 62.83464]]}, "properties": {"P": 8.22, "tau": 5.0, "tau_c": 11.65, "omega": 2.97, "M": 0.43, "D": 0.0, "R": 0.11, "sving": 0.1, "os": 0.0, "foss": 0.0, "juv": 0.0, "B": 0.97, "Q": 187.76, "w": 62.0, "h": 5.09, "S": 0.0001, "elv": "Orkla", "km": 28.8}}, {"type": "Feature", "geometry": {"type": "LineString", "coordinates": [[9.93417, 62.83464], [9.93227, 62.83441]]}, "properties": {"P": 8.33, "tau": 5.24, "tau_c": 11.65, "omega": 3.18, "M": 0.45, "D": 0.0, "R": 0.13, "sving": 0.08, "os": 0.0, "foss": 0.0, "juv": 0.0, "B": 0.97, "Q": 187.77, "w": 58.0, "h": 5.34, "S": 0.0001, "elv": "Orkla", "km": 28.9}}, {"type": "Feature", "geometry": {"type": "LineString", "coordinates": [[9.93227, 62.83441], [9.93034, 62.8344]]}, "properties": {"P": 14.27, "tau": 5.37, "tau_c": 11.65, "omega": 3.29, "M": 0.46, "D": 0.0, "R": 0.14, "sving": 0.27, "os": 0.0, "foss": 0.0, "juv": 0.0, "B": 0.97, "Q": 187.77, "w": 56.0, "h": 5.47, "S": 0.0001, "elv": "Orkla", "km": 29.0}}, {"type": "Feature", "geometry": {"type": "LineString", "coordinates": [[9.93034, 62.8344], [9.92846, 62.83466]]}, "properties": {"P": 40.19, "tau": 15.66, "tau_c": 17.25, "omega": 15.66, "M": 0.91, "D": 0.0, "R": 0.7, "sving": 0.26, "os": 0.0, "foss": 0.0, "juv": 0.0, "B": 0.97, "Q": 187.78, "w": 66.0, "h": 2.84, "S": 0.00056, "elv": "Orkla", "km": 29.1}}, {"type": "Feature", "geometry": {"type": "LineString", "coordinates": [[9.92846, 62.83466], [9.9267, 62.83505]]}, "properties": {"P": 43.83, "tau": 33.71, "tau_c": 30.45, "omega": 47.34, "M": 1.11, "D": 0.0, "R": 0.88, "sving": 0.1, "os": 0.0, "foss": 0.0, "juv": 0.0, "B": 0.97, "Q": 187.8, "w": 68.0, "h": 1.97, "S": 0.00175, "elv": "Orkla", "km": 29.2}}, {"type": "Feature", "geometry": {"type": "LineString", "coordinates": [[9.9267, 62.83505], [9.92493, 62.83543]]}, "properties": {"P": 47.66, "tau": 53.34, "tau_c": 40.63, "omega": 92.48, "M": 1.31, "D": 0.0, "R": 0.98, "sving": 0.07, "os": 0.0, "foss": 0.0, "juv": 0.01, "B": 0.97, "Q": 187.86, "w": 62.0, "h": 1.75, "S": 0.00311, "elv": "Orkla", "km": 29.3}}, {"type": "Feature", "geometry": {"type": "LineString", "coordinates": [[9.92493, 62.83543], [9.92305, 62.83565]]}, "properties": {"P": 46.54, "tau": 52.28, "tau_c": 40.63, "omega": 89.59, "M": 1.29, "D": 0.0, "R": 0.97, "sving": 0.05, "os": 0.0, "foss": 0.0, "juv": 0.01, "B": 0.97, "Q": 187.86, "w": 64.0, "h": 1.71, "S": 0.00311, "elv": "Orkla", "km": 29.4}}, {"type": "Feature", "geometry": {"type": "LineString", "coordinates": [[9.92305, 62.83565], [9.92109, 62.83574]]}, "properties": {"P": 46.33, "tau": 52.87, "tau_c": 40.96, "omega": 91.07, "M": 1.29, "D": 0.0, "R": 0.97, "sving": 0.04, "os": 0.0, "foss": 0.0, "juv": 0.01, "B": 0.97, "Q": 187.89, "w": 64.0, "h": 1.7, "S": 0.00316, "elv": "Orkla", "km": 29.5}}, {"type": "Feature", "geometry": {"type": "LineString", "coordinates": [[9.92109, 62.83574], [9.91926, 62.83603]]}, "properties": {"P": 50.76, "tau": 66.76, "tau_c": 43.25, "omega": 129.97, "M": 1.54, "D": 0.0, "R": 1.0, "sving": 0.14, "os": 0.0, "foss": 0.0, "juv": 0.01, "B": 0.97, "Q": 187.91, "w": 50.0, "h": 1.93, "S": 0.00353, "elv": "Orkla", "km": 29.6}}, {"type": "Feature", "geometry": {"type": "LineString", "coordinates": [[9.91926, 62.83603], [9.91745, 62.83632]]}, "properties": {"P": 52.12, "tau": 68.15, "tau_c": 42.2, "omega": 134.53, "M": 1.61, "D": 0.0, "R": 0.99, "sving": 0.2, "os": 0.0, "foss": 0.0, "juv": 0.02, "B": 0.97, "Q": 187.91, "w": 46.0, "h": 2.07, "S": 0.00336, "elv": "Orkla", "km": 29.7}}, {"type": "Feature", "geometry": {"type": "LineString", "coordinates": [[9.91745, 62.83632], [9.91586, 62.83685]]}, "properties": {"P": 50.76, "tau": 55.65, "tau_c": 36.44, "omega": 100.28, "M": 1.53, "D": 0.0, "R": 1.0, "sving": 0.14, "os": 0.0, "foss": 0.0, "juv": 0.02, "B": 0.97, "Q": 187.92, "w": 46.0, "h": 2.27, "S": 0.0025, "elv": "Orkla", "km": 29.8}}, {"type": "Feature", "geometry": {"type": "LineString", "coordinates": [[9.91586, 62.83685], [9.91426, 62.83737]]}, "properties": {"P": 54.39, "tau": 67.16, "tau_c": 40.87, "omega": 132.0, "M": 1.64, "D": 0.0, "R": 0.99, "sving": 0.28, "os": 0.0, "foss": 0.0, "juv": 0.02, "B": 0.97, "Q": 188.02, "w": 44.0, "h": 2.17, "S": 0.00315, "elv": "Orkla", "km": 29.9}}, {"type": "Feature", "geometry": {"type": "LineString", "coordinates": [[9.91426, 62.83737], [9.91277, 62.83794]]}, "properties": {"P": 53.94, "tau": 75.09, "tau_c": 44.32, "omega": 155.22, "M": 1.69, "D": 0.02, "R": 0.98, "sving": 0.25, "os": 0.0, "foss": 0.0, "juv": 0.02, "B": 0.97, "Q": 188.02, "w": 44.0, "h": 2.07, "S": 0.0037, "elv": "Orkla", "km": 30.0}}, {"type": "Feature", "geometry": {"type": "LineString", "coordinates": [[9.91277, 62.83794], [9.91189, 62.83873]]}, "properties": {"P": 55.52, "tau": 74.38, "tau_c": 44.02, "omega": 153.08, "M": 1.69, "D": 0.06, "R": 0.98, "sving": 0.26, "os": 0.0, "foss": 0.0, "juv": 0.02, "B": 0.97, "Q": 188.03, "w": 44.0, "h": 2.08, "S": 0.00365, "elv": "Orkla", "km": 30.1}}, {"type": "Feature", "geometry": {"type": "LineString", "coordinates": [[9.91189, 62.83873], [9.91137, 62.83958]]}, "properties": {"P": 53.8, "tau": 56.63, "tau_c": 41.77, "omega": 101.1, "M": 1.36, "D": 0.1, "R": 0.99, "sving": 0.14, "os": 0.0, "foss": 0.0, "juv": 0.01, "B": 0.97, "Q": 188.03, "w": 60.0, "h": 1.76, "S": 0.00329, "elv": "Orkla", "km": 30.2}}, {"type": "Feature", "geometry": {"type": "LineString", "coordinates": [[9.91137, 62.83958], [9.91089, 62.84043]]}, "properties": {"P": 50.07, "tau": 62.01, "tau_c": 47.83, "omega": 113.61, "M": 1.3, "D": 0.12, "R": 0.97, "sving": 0.01, "os": 0.0, "foss": 0.0, "juv": 0.01, "B": 0.97, "Q": 188.04, "w": 70.0, "h": 1.47, "S": 0.00431, "elv": "Orkla", "km": 30.3}}, {"type": "Feature", "geometry": {"type": "LineString", "coordinates": [[9.91089, 62.84043], [9.90997, 62.84121]]}, "properties": {"P": 59.98, "tau": 60.57, "tau_c": 46.42, "omega": 110.16, "M": 1.3, "D": 0.14, "R": 0.97, "sving": 0.33, "os": 0.0, "foss": 0.0, "juv": 0.01, "B": 0.97, "Q": 188.04, "w": 68.0, "h": 1.52, "S": 0.00406, "elv": "Orkla", "km": 30.4}}, {"type": "Feature", "geometry": {"type": "LineString", "coordinates": [[9.90997, 62.84121], [9.90908, 62.84195]]}, "properties": {"P": 58.05, "tau": 39.25, "tau_c": 33.49, "omega": 59.13, "M": 1.17, "D": 0.1, "R": 0.92, "sving": 0.4, "os": 0.0, "foss": 0.0, "juv": 0.02, "B": 0.97, "Q": 188.17, "w": 66.0, "h": 1.89, "S": 0.00211, "elv": "Orkla", "km": 30.5}}, {"type": "Feature", "geometry": {"type": "LineString", "coordinates": [[9.90908, 62.84195], [9.90729, 62.84231]]}, "properties": {"P": 55.54, "tau": 43.65, "tau_c": 37.61, "omega": 68.37, "M": 1.16, "D": 0.05, "R": 0.91, "sving": 0.38, "os": 0.0, "foss": 0.0, "juv": 0.01, "B": 0.97, "Q": 188.19, "w": 72.0, "h": 1.67, "S": 0.00267, "elv": "Orkla", "km": 30.6}}, {"type": "Feature", "geometry": {"type": "LineString", "coordinates": [[9.90729, 62.84231], [9.90539, 62.84253]]}, "properties": {"P": 54.93, "tau": 64.39, "tau_c": 45.81, "omega": 121.69, "M": 1.41, "D": -0.0, "R": 0.99, "sving": 0.3, "os": 0.0, "foss": 0.0, "juv": 0.01, "B": 0.97, "Q": 188.2, "w": 60.0, "h": 1.66, "S": 0.00395, "elv": "Orkla", "km": 30.7}}, {"type": "Feature", "geometry": {"type": "LineString", "coordinates": [[9.90539, 62.84253], [9.90344, 62.84257]]}, "properties": {"P": 48.3, "tau": 71.06, "tau_c": 46.04, "omega": 141.9, "M": 1.54, "D": 0.04, "R": 1.0, "sving": 0.0, "os": 0.0, "foss": 0.0, "juv": 0.01, "B": 0.97, "Q": 188.23, "w": 52.0, "h": 1.81, "S": 0.004, "elv": "Orkla", "km": 30.8}}, {"type": "Feature", "geometry": {"type": "LineString", "coordinates": [[9.90344, 62.84257], [9.90155, 62.84282]]}, "properties": {"P": 51.49, "tau": 51.29, "tau_c": 37.65, "omega": 88.1, "M": 1.36, "D": 0.09, "R": 0.99, "sving": 0.01, "os": 0.06, "foss": 0.0, "juv": 0.01, "B": 0.97, "Q": 188.25, "w": 56.0, "h": 1.96, "S": 0.00267, "elv": "Orkla", "km": 30.9}}, {"type": "Feature", "geometry": {"type": "LineString", "coordinates": [[9.90155, 62.84282], [9.89975, 62.84316]]}, "properties": {"P": 53.82, "tau": 49.53, "tau_c": 37.31, "omega": 83.55, "M": 1.33, "D": 0.13, "R": 0.98, "sving": 0.02, "os": 0.09, "foss": 0.0, "juv": 0.0, "B": 0.97, "Q": 188.26, "w": 58.0, "h": 1.92, "S": 0.00262, "elv": "Orkla", "km": 31.0}}, {"type": "Feature", "geometry": {"type": "LineString", "coordinates": [[9.89975, 62.84316], [9.89786, 62.84336]]}, "properties": {"P": 59.65, "tau": 51.0, "tau_c": 37.49, "omega": 87.4, "M": 1.36, "D": 0.17, "R": 0.99, "sving": 0.12, "os": 0.15, "foss": 0.0, "juv": 0.0, "B": 0.97, "Q": 188.3, "w": 56.0, "h": 1.96, "S": 0.00265, "elv": "Orkla", "km": 31.1}}, {"type": "Feature", "geometry": {"type": "LineString", "coordinates": [[9.89786, 62.84336], [9.89591, 62.84346]]}, "properties": {"P": 64.73, "tau": 39.14, "tau_c": 31.47, "omega": 59.47, "M": 1.24, "D": 0.21, "R": 0.95, "sving": 0.2, "os": 0.24, "foss": 0.0, "juv": 0.0, "B": 0.97, "Q": 188.3, "w": 58.0, "h": 2.14, "S": 0.00187, "elv": "Orkla", "km": 31.2}}, {"type": "Feature", "geometry": {"type": "LineString", "coordinates": [[9.89591, 62.84346], [9.89396, 62.84344]]}, "properties": {"P": 66.0, "tau": 26.13, "tau_c": 24.6, "omega": 32.93, "M": 1.06, "D": 0.26, "R": 0.85, "sving": 0.21, "os": 0.39, "foss": 0.0, "juv": 0.0, "B": 0.97, "Q": 188.31, "w": 64.0, "h": 2.33, "S": 0.00114, "elv": "Orkla", "km": 31.3}}, {"type": "Feature", "geometry": {"type": "LineString", "coordinates": [[9.89396, 62.84344], [9.89202, 62.84331]]}, "properties": {"P": 66.7, "tau": 25.58, "tau_c": 24.92, "omega": 31.8, "M": 1.03, "D": 0.21, "R": 0.82, "sving": 0.1, "os": 0.64, "foss": 0.0, "juv": 0.0, "B": 0.97, "Q": 188.31, "w": 68.0, "h": 2.23, "S": 0.00117, "elv": "Orkla", "km": 31.4}}, {"type": "Feature", "geometry": {"type": "LineString", "coordinates": [[9.89202, 62.84331], [9.89017, 62.84302]]}, "properties": {"P": 68.17, "tau": 23.32, "tau_c": 23.93, "omega": 27.71, "M": 0.97, "D": 0.11, "R": 0.77, "sving": 0.05, "os": 0.95, "foss": 0.0, "juv": 0.0, "B": 0.97, "Q": 188.43, "w": 72.0, "h": 2.2, "S": 0.00108, "elv": "Orkla", "km": 31.5}}, {"type": "Feature", "geometry": {"type": "LineString", "coordinates": [[9.89017, 62.84302], [9.88823, 62.84289]]}, "properties": {"P": 57.33, "tau": 22.42, "tau_c": 23.55, "omega": 26.12, "M": 0.95, "D": 0.02, "R": 0.75, "sving": 0.19, "os": 0.58, "foss": 0.0, "juv": 0.0, "B": 0.97, "Q": 188.43, "w": 74.0, "h": 2.19, "S": 0.00105, "elv": "Orkla", "km": 31.6}}, {"type": "Feature", "geometry": {"type": "LineString", "coordinates": [[9.88823, 62.84289], [9.88629, 62.84275]]}, "properties": {"P": 57.41, "tau": 35.68, "tau_c": 34.91, "omega": 50.38, "M": 1.02, "D": -0.0, "R": 0.82, "sving": 0.34, "os": 0.35, "foss": 0.0, "juv": 0.0, "B": 0.97, "Q": 189.5, "w": 84.78, "h": 1.58, "S": 0.0023, "elv": "Orkla", "km": 31.7}}, {"type": "Feature", "geometry": {"type": "LineString", "coordinates": [[9.88629, 62.84275], [9.88448, 62.84306]]}, "properties": {"P": 56.83, "tau": 47.54, "tau_c": 43.8, "omega": 75.71, "M": 1.09, "D": -0.0, "R": 0.86, "sving": 0.37, "os": 0.21, "foss": 0.0, "juv": 0.0, "B": 0.97, "Q": 189.5, "w": 88.78, "h": 1.34, "S": 0.00362, "elv": "Orkla", "km": 31.8}}, {"type": "Feature", "geometry": {"type": "LineString", "coordinates": [[9.88448, 62.84306], [9.88284, 62.84354]]}, "properties": {"P": 55.07, "tau": 58.82, "tau_c": 49.47, "omega": 103.59, "M": 1.19, "D": -0.0, "R": 0.93, "sving": 0.28, "os": 0.14, "foss": 0.0, "juv": 0.0, "B": 0.97, "Q": 189.51, "w": 82.78, "h": 1.3, "S": 0.00461, "elv": "Orkla", "km": 31.9}}, {"type": "Feature", "geometry": {"type": "LineString", "coordinates": [[9.88284, 62.84354], [9.88155, 62.84421]]}, "properties": {"P": 49.42, "tau": 60.98, "tau_c": 49.09, "omega": 109.98, "M": 1.24, "D": -0.0, "R": 0.95, "sving": 0.08, "os": 0.09, "foss": 0.0, "juv": 0.01, "B": 0.97, "Q": 189.52, "w": 76.78, "h": 1.37, "S": 0.00454, "elv": "Orkla", "km": 32.0}}, {"type": "Feature", "geometry": {"type": "LineString", "coordinates": [[9.88155, 62.84421], [9.87993, 62.84471]]}, "properties": {"P": 52.58, "tau": 66.67, "tau_c": 53.53, "omega": 124.35, "M": 1.25, "D": -0.0, "R": 0.95, "sving": 0.22, "os": 0.06, "foss": 0.0, "juv": 0.01, "B": 0.97, "Q": 189.58, "w": 80.78, "h": 1.26, "S": 0.0054, "elv": "Orkla", "km": 32.1}}, {"type": "Feature", "geometry": {"type": "LineString", "coordinates": [[9.87993, 62.84471], [9.87806, 62.84482]]}, "properties": {"P": 60.0, "tau": 74.22, "tau_c": 53.53, "omega": 147.72, "M": 1.39, "D": 0.04, "R": 0.99, "sving": 0.38, "os": 0.06, "foss": 0.0, "juv": 0.01, "B": 0.97, "Q": 189.58, "w": 68.0, "h": 1.4, "S": 0.0054, "elv": "Orkla", "km": 32.2}}, {"type": "Feature", "geometry": {"type": "LineString", "coordinates": [[9.87806, 62.84482], [9.8761, 62.84481]]}, "properties": {"P": 63.17, "tau": 67.91, "tau_c": 48.16, "omega": 131.12, "M": 1.41, "D": 0.13, "R": 0.99, "sving": 0.32, "os": 0.09, "foss": 0.0, "juv": 0.01, "B": 0.97, "Q": 189.59, "w": 62.0, "h": 1.58, "S": 0.00437, "elv": "Orkla", "km": 32.3}}, {"type": "Feature", "geometry": {"type": "LineString", "coordinates": [[9.8761, 62.84481], [9.87416, 62.84468]]}, "properties": {"P": 65.55, "tau": 48.01, "tau_c": 38.06, "omega": 79.32, "M": 1.26, "D": 0.23, "R": 0.96, "sving": 0.29, "os": 0.15, "foss": 0.0, "juv": 0.01, "B": 0.97, "Q": 189.59, "w": 64.0, "h": 1.79, "S": 0.00273, "elv": "Orkla", "km": 32.4}}, {"type": "Feature", "geometry": {"type": "LineString", "coordinates": [[9.87416, 62.84468], [9.8723, 62.84444]]}, "properties": {"P": 64.24, "tau": 31.75, "tau_c": 29.81, "omega": 43.26, "M": 1.07, "D": 0.26, "R": 0.85, "sving": 0.3, "os": 0.23, "foss": 0.0, "juv": 0.0, "B": 0.97, "Q": 189.6, "w": 72.0, "h": 1.93, "S": 0.00167, "elv": "Orkla", "km": 32.5}}, {"type": "Feature", "geometry": {"type": "LineString", "coordinates": [[9.8723, 62.84444], [9.87073, 62.84391]]}, "properties": {"P": 61.34, "tau": 40.4, "tau_c": 35.0, "omega": 61.37, "M": 1.15, "D": 0.16, "R": 0.91, "sving": 0.09, "os": 0.37, "foss": 0.0, "juv": 0.0, "B": 0.97, "Q": 189.61, "w": 70.0, "h": 1.78, "S": 0.00231, "elv": "Orkla", "km": 32.6}}, {"type": "Feature", "geometry": {"type": "LineString", "coordinates": [[9.87073, 62.84391], [9.86937, 62.84326]]}, "properties": {"P": 69.61, "tau": 29.59, "tau_c": 27.74, "omega": 39.26, "M": 1.07, "D": 0.12, "R": 0.85, "sving": 0.3, "os": 0.6, "foss": 0.0, "juv": 0.0, "B": 0.97, "Q": 193.17, "w": 70.0, "h": 2.08, "S": 0.00145, "elv": "Orkla", "km": 32.7}}, {"type": "Feature", "geometry": {"type": "LineString", "coordinates": [[9.86937, 62.84326], [9.86761, 62.84294]]}, "properties": {"P": 86.61, "tau": 32.64, "tau_c": 28.57, "omega": 45.56, "M": 1.14, "D": 0.05, "R": 0.9, "sving": 0.52, "os": 0.99, "foss": 0.0, "juv": 0.01, "B": 0.97, "Q": 193.2, "w": 64.0, "h": 2.16, "S": 0.00154, "elv": "Orkla", "km": 32.8}}, {"type": "Feature", "geometry": {"type": "LineString", "coordinates": [[9.86761, 62.84294], [9.86597, 62.84338]]}, "properties": {"P": 76.08, "tau": 29.99, "tau_c": 26.47, "omega": 40.39, "M": 1.13, "D": 0.05, "R": 0.9, "sving": 0.53, "os": 0.62, "foss": 0.0, "juv": 0.01, "B": 0.97, "Q": 193.25, "w": 62.0, "h": 2.31, "S": 0.00132, "elv": "Orkla", "km": 32.9}}, {"type": "Feature", "geometry": {"type": "LineString", "coordinates": [[9.86597, 62.84338], [9.86455, 62.844]]}, "properties": {"P": 65.72, "tau": 37.63, "tau_c": 31.19, "omega": 56.07, "M": 1.21, "D": -0.0, "R": 0.94, "sving": 0.35, "os": 0.42, "foss": 0.0, "juv": 0.01, "B": 0.97, "Q": 193.26, "w": 62.0, "h": 2.09, "S": 0.00183, "elv": "Orkla", "km": 33.0}}, {"type": "Feature", "geometry": {"type": "LineString", "coordinates": [[9.86455, 62.844], [9.86293, 62.8445]]}, "properties": {"P": 53.59, "tau": 37.24, "tau_c": 30.49, "omega": 55.36, "M": 1.22, "D": -0.0, "R": 0.94, "sving": 0.06, "os": 0.27, "foss": 0.0, "juv": 0.01, "B": 0.97, "Q": 193.26, "w": 60.0, "h": 2.17, "S": 0.00175, "elv": "Orkla", "km": 33.1}}, {"type": "Feature", "geometry": {"type": "LineString", "coordinates": [[9.86293, 62.8445], [9.86127, 62.84497]]}, "properties": {"P": 50.91, "tau": 38.74, "tau_c": 31.85, "omega": 58.49, "M": 1.22, "D": -0.0, "R": 0.94, "sving": 0.07, "os": 0.17, "foss": 0.0, "juv": 0.01, "B": 0.97, "Q": 193.31, "w": 62.0, "h": 2.07, "S": 0.00191, "elv": "Orkla", "km": 33.2}}, {"type": "Feature", "geometry": {"type": "LineString", "coordinates": [[9.86127, 62.84497], [9.85975, 62.84554]]}, "properties": {"P": 50.4, "tau": 39.77, "tau_c": 33.41, "omega": 60.45, "M": 1.19, "D": -0.0, "R": 0.93, "sving": 0.14, "os": 0.1, "foss": 0.0, "juv": 0.0, "B": 0.97, "Q": 193.32, "w": 66.0, "h": 1.93, "S": 0.0021, "elv": "Orkla", "km": 33.3}}, {"type": "Feature", "geometry": {"type": "LineString", "coordinates": [[9.85975, 62.84554], [9.85812, 62.84602]]}, "properties": {"P": 52.3, "tau": 41.68, "tau_c": 35.03, "omega": 64.51, "M": 1.19, "D": -0.0, "R": 0.93, "sving": 0.25, "os": 0.06, "foss": 0.0, "juv": 0.0, "B": 0.97, "Q": 193.39, "w": 68.0, "h": 1.84, "S": 0.00231, "elv": "Orkla", "km": 33.4}}, {"type": "Feature", "geometry": {"type": "LineString", "coordinates": [[9.85812, 62.84602], [9.85626, 62.8462]]}, "properties": {"P": 55.53, "tau": 50.22, "tau_c": 38.96, "omega": 84.85, "M": 1.29, "D": -0.0, "R": 0.97, "sving": 0.36, "os": 0.0, "foss": 0.0, "juv": 0.0, "B": 0.97, "Q": 193.44, "w": 64.0, "h": 1.79, "S": 0.00286, "elv": "Orkla", "km": 33.5}}, {"type": "Feature", "geometry": {"type": "LineString", "coordinates": [[9.85626, 62.8462], [9.85431, 62.8461]]}, "properties": {"P": 55.93, "tau": 48.89, "tau_c": 37.66, "omega": 81.84, "M": 1.3, "D": 0.04, "R": 0.97, "sving": 0.32, "os": 0.0, "foss": 0.0, "juv": 0.0, "B": 0.97, "Q": 193.45, "w": 62.0, "h": 1.86, "S": 0.00267, "elv": "Orkla", "km": 33.6}}, {"type": "Feature", "geometry": {"type": "LineString", "coordinates": [[9.85431, 62.8461], [9.85243, 62.84584]]}, "properties": {"P": 53.18, "tau": 47.05, "tau_c": 35.52, "omega": 77.81, "M": 1.32, "D": 0.09, "R": 0.98, "sving": 0.14, "os": 0.0, "foss": 0.0, "juv": 0.0, "B": 0.97, "Q": 193.46, "w": 58.0, "h": 2.02, "S": 0.00238, "elv": "Orkla", "km": 33.7}}, {"type": "Feature", "geometry": {"type": "LineString", "coordinates": [[9.85243, 62.84584], [9.85054, 62.8456]]}, "properties": {"P": 50.97, "tau": 36.33, "tau_c": 28.98, "omega": 53.66, "M": 1.25, "D": 0.16, "R": 0.96, "sving": 0.01, "os": 0.0, "foss": 0.0, "juv": 0.0, "B": 0.97, "Q": 193.47, "w": 56.0, "h": 2.34, "S": 0.00158, "elv": "Orkla", "km": 33.8}}, {"type": "Feature", "geometry": {"type": "LineString", "coordinates": [[9.85054, 62.8456], [9.84861, 62.84545]]}, "properties": {"P": 58.22, "tau": 34.91, "tau_c": 27.17, "omega": 50.84, "M": 1.28, "D": 0.19, "R": 0.97, "sving": 0.21, "os": 0.0, "foss": 0.0, "juv": 0.01, "B": 0.97, "Q": 193.61, "w": 52.0, "h": 2.56, "S": 0.00139, "elv": "Orkla", "km": 33.9}}, {"type": "Feature", "geometry": {"type": "LineString", "coordinates": [[9.84861, 62.84545], [9.84667, 62.84531]]}, "properties": {"P": 61.55, "tau": 30.38, "tau_c": 24.1, "omega": 41.6, "M": 1.26, "D": 0.2, "R": 0.96, "sving": 0.32, "os": 0.0, "foss": 0.0, "juv": 0.01, "B": 0.97, "Q": 193.62, "w": 50.0, "h": 2.83, "S": 0.0011, "elv": "Orkla", "km": 34.0}}, {"type": "Feature", "geometry": {"type": "LineString", "coordinates": [[9.84667, 62.84531], [9.8448, 62.84555]]}, "properties": {"P": 53.64, "tau": 20.02, "tau_c": 17.41, "omega": 22.65, "M": 1.15, "D": 0.14, "R": 0.91, "sving": 0.21, "os": 0.0, "foss": 0.0, "juv": 0.01, "B": 0.97, "Q": 193.92, "w": 48.0, "h": 3.57, "S": 0.00057, "elv": "Orkla", "km": 34.1}}, {"type": "Feature", "geometry": {"type": "LineString", "coordinates": [[9.8448, 62.84555], [9.84315, 62.84603]]}, "properties": {"P": 52.86, "tau": 22.91, "tau_c": 20.37, "omega": 27.54, "M": 1.13, "D": 0.07, "R": 0.89, "sving": 0.23, "os": 0.07, "foss": 0.0, "juv": 0.01, "B": 0.97, "Q": 193.93, "w": 54.0, "h": 2.99, "S": 0.00078, "elv": "Orkla", "km": 34.2}}, {"type": "Feature", "geometry": {"type": "LineString", "coordinates": [[9.84315, 62.84603], [9.84133, 62.84637]]}, "properties": {"P": 50.3, "tau": 30.33, "tau_c": 26.24, "omega": 41.16, "M": 1.16, "D": 0.0, "R": 0.91, "sving": 0.16, "os": 0.11, "foss": 0.0, "juv": 0.01, "B": 0.97, "Q": 193.94, "w": 60.0, "h": 2.38, "S": 0.0013, "elv": "Orkla", "km": 34.3}}, {"type": "Feature", "geometry": {"type": "LineString", "coordinates": [[9.84133, 62.84637], [9.83958, 62.84677]]}, "properties": {"P": 49.34, "tau": 27.98, "tau_c": 26.24, "omega": 36.32, "M": 1.07, "D": -0.0, "R": 0.85, "sving": 0.16, "os": 0.18, "foss": 0.0, "juv": 0.0, "B": 0.97, "Q": 193.95, "w": 68.0, "h": 2.2, "S": 0.0013, "elv": "Orkla", "km": 34.4}}, {"type": "Feature", "geometry": {"type": "LineString", "coordinates": [[9.83958, 62.84677], [9.83808, 62.84734]]}, "properties": {"P": 62.91, "tau": 45.19, "tau_c": 38.06, "omega": 72.13, "M": 1.19, "D": -0.0, "R": 0.93, "sving": 0.42, "os": 0.27, "foss": 0.0, "juv": 0.0, "B": 0.97, "Q": 193.96, "w": 72.0, "h": 1.69, "S": 0.00273, "elv": "Orkla", "km": 34.5}}, {"type": "Feature", "geometry": {"type": "LineString", "coordinates": [[9.83808, 62.84734], [9.83705, 62.84808]]}, "properties": {"P": 71.25, "tau": 50.31, "tau_c": 41.11, "omega": 84.2, "M": 1.22, "D": -0.0, "R": 0.94, "sving": 0.53, "os": 0.43, "foss": 0.0, "juv": 0.0, "B": 0.97, "Q": 193.97, "w": 72.0, "h": 1.61, "S": 0.00319, "elv": "Orkla", "km": 34.6}}, {"type": "Feature", "geometry": {"type": "LineString", "coordinates": [[9.83705, 62.84808], [9.83692, 62.84897]]}, "properties": {"P": 78.27, "tau": 52.78, "tau_c": 40.9, "omega": 90.92, "M": 1.29, "D": -0.0, "R": 0.97, "sving": 0.48, "os": 0.7, "foss": 0.0, "juv": 0.0, "B": 0.97, "Q": 193.98, "w": 66.0, "h": 1.71, "S": 0.00315, "elv": "Orkla", "km": 34.7}}, {"type": "Feature", "geometry": {"type": "LineString", "coordinates": [[9.83692, 62.84897], [9.83752, 62.84982]]}, "properties": {"P": 84.15, "tau": 59.85, "tau_c": 46.85, "omega": 107.98, "M": 1.28, "D": -0.0, "R": 0.96, "sving": 0.42, "os": 0.97, "foss": 0.0, "juv": 0.0, "B": 0.98, "Q": 196.89, "w": 74.0, "h": 1.47, "S": 0.00414, "elv": "Orkla", "km": 34.8}}, {"type": "Feature", "geometry": {"type": "LineString", "coordinates": [[9.83752, 62.84982], [9.83827, 62.85065]]}, "properties": {"P": 65.7, "tau": 56.07, "tau_c": 43.59, "omega": 98.84, "M": 1.29, "D": 0.04, "R": 0.97, "sving": 0.05, "os": 0.63, "foss": 0.0, "juv": 0.0, "B": 0.98, "Q": 196.9, "w": 70.0, "h": 1.6, "S": 0.00358, "elv": "Orkla", "km": 34.9}}, {"type": "Feature", "geometry": {"type": "LineString", "coordinates": [[9.83827, 62.85065], [9.8393, 62.85141]]}, "properties": {"P": 63.78, "tau": 58.92, "tau_c": 43.99, "omega": 106.74, "M": 1.34, "D": 0.07, "R": 0.98, "sving": 0.16, "os": 0.38, "foss": 0.0, "juv": 0.0, "B": 0.98, "Q": 196.9, "w": 66.0, "h": 1.65, "S": 0.00365, "elv": "Orkla", "km": 35.0}}, {"type": "Feature", "geometry": {"type": "LineString", "coordinates": [[9.8393, 62.85141], [9.83943, 62.85229]]}, "properties": {"P": 59.68, "tau": 45.85, "tau_c": 36.72, "omega": 74.38, "M": 1.25, "D": 0.07, "R": 0.95, "sving": 0.21, "os": 0.23, "foss": 0.0, "juv": 0.0, "B": 0.98, "Q": 196.91, "w": 66.0, "h": 1.84, "S": 0.00254, "elv": "Orkla", "km": 35.1}}, {"type": "Feature", "geometry": {"type": "LineString", "coordinates": [[9.83943, 62.85229], [9.8392, 62.85318]]}, "properties": {"P": 58.46, "tau": 44.93, "tau_c": 36.18, "omega": 72.22, "M": 1.24, "D": 0.07, "R": 0.95, "sving": 0.26, "os": 0.15, "foss": 0.0, "juv": 0.0, "B": 0.98, "Q": 196.91, "w": 66.0, "h": 1.86, "S": 0.00247, "elv": "Orkla", "km": 35.2}}, {"type": "Feature", "geometry": {"type": "LineString", "coordinates": [[9.8392, 62.85318], [9.83889, 62.85407]]}, "properties": {"P": 56.58, "tau": 57.4, "tau_c": 39.33, "omega": 104.46, "M": 1.46, "D": 0.07, "R": 1.0, "sving": 0.03, "os": 0.22, "foss": 0.0, "juv": 0.0, "B": 0.98, "Q": 197.2, "w": 54.0, "h": 2.01, "S": 0.00292, "elv": "Orkla", "km": 35.3}}, {"type": "Feature", "geometry": {"type": "LineString", "coordinates": [[9.83889, 62.85407], [9.83863, 62.85495]]}, "properties": {"P": 69.34, "tau": 34.54, "tau_c": 27.23, "omega": 50.05, "M": 1.27, "D": 0.18, "R": 0.96, "sving": 0.25, "os": 0.37, "foss": 0.0, "juv": 0.0, "B": 0.98, "Q": 197.2, "w": 54.0, "h": 2.52, "S": 0.0014, "elv": "Orkla", "km": 35.4}}, {"type": "Feature", "geometry": {"type": "LineString", "coordinates": [[9.83863, 62.85495], [9.8389, 62.85583]]}, "properties": {"P": 80.29, "tau": 33.02, "tau_c": 26.35, "omega": 46.89, "M": 1.25, "D": 0.22, "R": 0.96, "sving": 0.37, "os": 0.6, "foss": 0.0, "juv": 0.0, "B": 0.98, "Q": 197.2, "w": 54.0, "h": 2.57, "S": 0.00131, "elv": "Orkla", "km": 35.5}}, {"type": "Feature", "geometry": {"type": "LineString", "coordinates": [[9.8389, 62.85583], [9.83993, 62.85659]]}, "properties": {"P": 85.52, "tau": 27.13, "tau_c": 25.69, "omega": 34.75, "M": 1.06, "D": 0.25, "R": 0.84, "sving": 0.32, "os": 0.98, "foss": 0.0, "juv": 0.0, "B": 0.98, "Q": 197.31, "w": 69.29, "h": 2.22, "S": 0.00124, "elv": "Orkla", "km": 35.6}}, {"type": "Feature", "geometry": {"type": "LineString", "coordinates": [[9.83993, 62.85659], [9.84138, 62.85719]]}, "properties": {"P": 59.73, "tau": 20.85, "tau_c": 22.07, "omega": 23.6, "M": 0.94, "D": 0.16, "R": 0.74, "sving": 0.05, "os": 0.62, "foss": 0.0, "juv": 0.0, "B": 0.98, "Q": 197.32, "w": 75.29, "h": 2.31, "S": 0.00092, "elv": "Orkla", "km": 35.7}}, {"type": "Feature", "geometry": {"type": "LineString", "coordinates": [[9.84138, 62.85719], [9.84263, 62.85785]]}, "properties": {"P": 55.75, "tau": 21.04, "tau_c": 21.94, "omega": 23.97, "M": 0.96, "D": 0.1, "R": 0.76, "sving": 0.21, "os": 0.38, "foss": 0.0, "juv": 0.0, "B": 0.98, "Q": 197.33, "w": 73.29, "h": 2.36, "S": 0.00091, "elv": "Orkla", "km": 35.8}}, {"type": "Feature", "geometry": {"type": "LineString", "coordinates": [[9.84263, 62.85785], [9.84263, 62.85874]]}, "properties": {"P": 51.96, "tau": 24.1, "tau_c": 24.51, "omega": 29.1, "M": 0.98, "D": 0.02, "R": 0.78, "sving": 0.28, "os": 0.23, "foss": 0.0, "juv": 0.0, "B": 0.98, "Q": 197.33, "w": 75.29, "h": 2.17, "S": 0.00113, "elv": "Orkla", "km": 35.9}}, {"type": "Feature", "geometry": {"type": "LineString", "coordinates": [[9.84263, 62.85874], [9.8426, 62.85963]]}, "properties": {"P": 46.98, "tau": 23.33, "tau_c": 24.51, "omega": 27.64, "M": 0.95, "D": 0.0, "R": 0.75, "sving": 0.26, "os": 0.16, "foss": 0.0, "juv": 0.0, "B": 0.98, "Q": 197.33, "w": 79.29, "h": 2.1, "S": 0.00113, "elv": "Orkla", "km": 36.0}}, {"type": "Feature", "geometry": {"type": "LineString", "coordinates": [[9.8426, 62.85963], [9.84276, 62.86052]]}, "properties": {"P": 46.62, "tau": 34.9, "tau_c": 30.13, "omega": 50.18, "M": 1.16, "D": 0.0, "R": 0.91, "sving": 0.04, "os": 0.1, "foss": 0.0, "juv": 0.0, "B": 0.98, "Q": 197.34, "w": 66.0, "h": 2.08, "S": 0.00171, "elv": "Orkla", "km": 36.1}}, {"type": "Feature", "geometry": {"type": "LineString", "coordinates": [[9.84276, 62.86052], [9.84277, 62.86142]]}, "properties": {"P": 46.98, "tau": 39.4, "tau_c": 31.95, "omega": 60.07, "M": 1.23, "D": 0.0, "R": 0.95, "sving": 0.03, "os": 0.06, "foss": 0.0, "juv": 0.0, "B": 0.98, "Q": 197.34, "w": 62.0, "h": 2.09, "S": 0.00192, "elv": "Orkla", "km": 36.2}}, {"type": "Feature", "geometry": {"type": "LineString", "coordinates": [[9.84277, 62.86142], [9.84257, 62.86231]]}, "properties": {"P": 47.49, "tau": 44.44, "tau_c": 35.33, "omega": 71.3, "M": 1.26, "D": 0.02, "R": 0.96, "sving": 0.02, "os": 0.05, "foss": 0.0, "juv": 0.0, "B": 0.98, "Q": 197.7, "w": 64.0, "h": 1.93, "S": 0.00235, "elv": "Orkla", "km": 36.3}}, {"type": "Feature", "geometry": {"type": "LineString", "coordinates": [[9.84257, 62.86231], [9.84269, 62.8632]]}, "properties": {"P": 52.16, "tau": 43.13, "tau_c": 34.07, "omega": 68.46, "M": 1.27, "D": 0.05, "R": 0.96, "sving": 0.11, "os": 0.08, "foss": 0.0, "juv": 0.0, "B": 0.98, "Q": 197.72, "w": 62.0, "h": 2.01, "S": 0.00219, "elv": "Orkla", "km": 36.4}}, {"type": "Feature", "geometry": {"type": "LineString", "coordinates": [[9.84269, 62.8632], [9.84294, 62.86409]]}, "properties": {"P": 62.81, "tau": 34.3, "tau_c": 27.53, "omega": 49.48, "M": 1.25, "D": 0.12, "R": 0.95, "sving": 0.35, "os": 0.12, "foss": 0.0, "juv": 0.01, "B": 0.98, "Q": 197.76, "w": 56.0, "h": 2.45, "S": 0.00143, "elv": "Orkla", "km": 36.5}}, {"type": "Feature", "geometry": {"type": "LineString", "coordinates": [[9.84294, 62.86409], [9.84242, 62.86493]]}, "properties": {"P": 70.33, "tau": 36.01, "tau_c": 27.53, "omega": 53.29, "M": 1.31, "D": 0.17, "R": 0.97, "sving": 0.47, "os": 0.17, "foss": 0.0, "juv": 0.02, "B": 0.98, "Q": 197.8, "w": 52.0, "h": 2.57, "S": 0.00143, "elv": "Orkla", "km": 36.6}}, {"type": "Feature", "geometry": {"type": "LineString", "coordinates": [[9.84242, 62.86493], [9.84074, 62.86538]]}, "properties": {"P": 71.34, "tau": 24.56, "tau_c": 21.23, "omega": 30.52, "M": 1.16, "D": 0.28, "R": 0.91, "sving": 0.39, "os": 0.24, "foss": 0.0, "juv": 0.02, "B": 0.98, "Q": 197.81, "w": 54.0, "h": 2.95, "S": 0.00085, "elv": "Orkla", "km": 36.7}}, {"type": "Feature", "geometry": {"type": "LineString", "coordinates": [[9.84074, 62.86538], [9.83892, 62.86571]]}, "properties": {"P": 66.01, "tau": 20.14, "tau_c": 18.37, "omega": 22.86, "M": 1.1, "D": 0.35, "R": 0.87, "sving": 0.02, "os": 0.4, "foss": 0.0, "juv": 0.02, "B": 0.98, "Q": 197.81, "w": 54.0, "h": 3.23, "S": 0.00064, "elv": "Orkla", "km": 36.8}}, {"type": "Feature", "geometry": {"type": "LineString", "coordinates": [[9.83892, 62.86571], [9.83739, 62.86625]]}, "properties": {"P": 72.91, "tau": 10.61, "tau_c": 11.65, "omega": 8.97, "M": 0.91, "D": 0.35, "R": 0.71, "sving": 0.27, "os": 0.65, "foss": 0.0, "juv": 0.02, "B": 0.98, "Q": 197.85, "w": 54.0, "h": 4.34, "S": 0.00025, "elv": "Orkla", "km": 36.9}}, {"type": "Feature", "geometry": {"type": "LineString", "coordinates": [[9.83739, 62.86625], [9.8368, 62.86706]]}, "properties": {"P": 52.63, "tau": 5.95, "tau_c": 11.65, "omega": 3.85, "M": 0.51, "D": 0.22, "R": 0.2, "sving": 0.3, "os": 0.94, "foss": 0.0, "juv": 0.01, "B": 0.98, "Q": 197.85, "w": 64.0, "h": 4.77, "S": 0.00013, "elv": "Orkla", "km": 37.0}}, {"type": "Feature", "geometry": {"type": "LineString", "coordinates": [[9.8368, 62.86706], [9.83621, 62.86791]]}, "properties": {"P": 57.65, "tau": 15.15, "tau_c": 16.92, "omega": 14.96, "M": 0.9, "D": 0.07, "R": 0.69, "sving": 0.21, "os": 0.59, "foss": 0.0, "juv": 0.0, "B": 0.98, "Q": 197.85, "w": 70.0, "h": 2.86, "S": 0.00054, "elv": "Orkla", "km": 37.1}}, {"type": "Feature", "geometry": {"type": "LineString", "coordinates": [[9.83621, 62.86791], [9.83549, 62.86874]]}, "properties": {"P": 43.42, "tau": 16.87, "tau_c": 18.53, "omega": 17.45, "M": 0.91, "D": -0.0, "R": 0.71, "sving": 0.01, "os": 0.36, "foss": 0.0, "juv": 0.0, "B": 0.98, "Q": 197.86, "w": 72.0, "h": 2.66, "S": 0.00065, "elv": "Orkla", "km": 37.2}}, {"type": "Feature", "geometry": {"type": "LineString", "coordinates": [[9.83549, 62.86874], [9.83485, 62.86955]]}, "properties": {"P": 40.15, "tau": 19.02, "tau_c": 20.72, "omega": 20.67, "M": 0.92, "D": -0.0, "R": 0.72, "sving": 0.02, "os": 0.22, "foss": 0.0, "juv": 0.0, "B": 0.98, "Q": 197.92, "w": 76.0, "h": 2.4, "S": 0.00081, "elv": "Orkla", "km": 37.3}}, {"type": "Feature", "geometry": {"type": "LineString", "coordinates": [[9.82508, 62.67752], [9.82458, 62.67666]]}, "properties": {"P": 13.49, "tau": 51.22, "tau_c": 163.55, "omega": 52.77, "M": 0.31, "D": 0.0, "R": 0.03, "sving": 0.09, "os": 0.19, "foss": 1.0, "juv": 0.0, "B": 0.35, "Q": 0.21, "w": 2.0, "h": 0.1, "S": 0.05041, "elv": "bekk", "km": 0.2}}, {"type": "Feature", "geometry": {"type": "LineString", "coordinates": [[9.82458, 62.67666], [9.82406, 62.67579]]}, "properties": {"P": 16.87, "tau": 67.25, "tau_c": 163.55, "omega": 81.51, "M": 0.41, "D": 0.0, "R": 0.1, "sving": 0.07, "os": 0.31, "foss": 1.0, "juv": 0.0, "B": 0.38, "Q": 0.33, "w": 2.0, "h": 0.14, "S": 0.05041, "elv": "bekk", "km": 0.3}}, {"type": "Feature", "geometry": {"type": "LineString", "coordinates": [[9.82406, 62.67579], [9.82369, 62.67493]]}, "properties": {"P": 19.35, "tau": 65.24, "tau_c": 156.33, "omega": 78.28, "M": 0.42, "D": 0.03, "R": 0.1, "sving": 0.03, "os": 0.51, "foss": 1.0, "juv": 0.0, "B": 0.38, "Q": 0.35, "w": 2.0, "h": 0.14, "S": 0.04606, "elv": "bekk", "km": 0.4}}, {"type": "Feature", "geometry": {"type": "LineString", "coordinates": [[9.85934, 62.66255], [9.86107, 62.66217]]}, "properties": {"P": 13.28, "tau": 74.22, "tau_c": 197.89, "omega": 91.97, "M": 0.38, "D": 0.0, "R": 0.07, "sving": 0.18, "os": 0.0, "foss": 1.0, "juv": 0.0, "B": 0.35, "Q": 0.25, "w": 2.0, "h": 0.1, "S": 0.07381, "elv": "bekk", "km": 1.7}}, {"type": "Feature", "geometry": {"type": "LineString", "coordinates": [[9.86107, 62.66217], [9.86228, 62.66159]]}, "properties": {"P": 12.0, "tau": 81.33, "tau_c": 208.46, "omega": 105.35, "M": 0.39, "D": 0.0, "R": 0.08, "sving": 0.03, "os": 0.0, "foss": 1.0, "juv": 0.0, "B": 0.36, "Q": 0.26, "w": 2.0, "h": 0.1, "S": 0.08191, "elv": "bekk", "km": 1.8}}, {"type": "Feature", "geometry": {"type": "LineString", "coordinates": [[9.86228, 62.66159], [9.86275, 62.66072]]}, "properties": {"P": 13.79, "tau": 82.39, "tau_c": 202.46, "omega": 108.21, "M": 0.41, "D": 0.0, "R": 0.09, "sving": 0.16, "os": 0.0, "foss": 1.0, "juv": 0.0, "B": 0.36, "Q": 0.29, "w": 2.0, "h": 0.11, "S": 0.07726, "elv": "bekk", "km": 1.9}}, {"type": "Feature", "geometry": {"type": "LineString", "coordinates": [[9.86275, 62.66072], [9.86393, 62.66003]]}, "properties": {"P": 14.58, "tau": 85.16, "tau_c": 207.11, "omega": 113.58, "M": 0.41, "D": 0.0, "R": 0.1, "sving": 0.23, "os": 0.0, "foss": 1.0, "juv": 0.0, "B": 0.36, "Q": 0.29, "w": 2.0, "h": 0.11, "S": 0.08085, "elv": "bekk", "km": 2.0}}, {"type": "Feature", "geometry": {"type": "LineString", "coordinates": [[9.86393, 62.66003], [9.86515, 62.65934]]}, "properties": {"P": 12.35, "tau": 86.74, "tau_c": 209.73, "omega": 116.65, "M": 0.41, "D": 0.0, "R": 0.1, "sving": 0.02, "os": 0.0, "foss": 1.0, "juv": 0.0, "B": 0.36, "Q": 0.29, "w": 2.0, "h": 0.11, "S": 0.08291, "elv": "bekk", "km": 2.1}}, {"type": "Feature", "geometry": {"type": "LineString", "coordinates": [[9.86515, 62.65934], [9.86542, 62.65846]]}, "properties": {"P": 14.3, "tau": 86.59, "tau_c": 209.33, "omega": 116.38, "M": 0.41, "D": 0.0, "R": 0.1, "sving": 0.2, "os": 0.0, "foss": 1.0, "juv": 0.0, "B": 0.36, "Q": 0.29, "w": 2.0, "h": 0.11, "S": 0.08259, "elv": "bekk", "km": 2.2}}, {"type": "Feature", "geometry": {"type": "LineString", "coordinates": [[9.86542, 62.65846], [9.8658, 62.65759]]}, "properties": {"P": 14.88, "tau": 92.61, "tau_c": 219.82, "omega": 128.33, "M": 0.42, "D": 0.0, "R": 0.11, "sving": 0.24, "os": 0.0, "foss": 1.0, "juv": 0.0, "B": 0.36, "Q": 0.29, "w": 2.0, "h": 0.1, "S": 0.09107, "elv": "bekk", "km": 2.3}}, {"type": "Feature", "geometry": {"type": "LineString", "coordinates": [[9.8658, 62.65759], [9.86607, 62.65673]]}, "properties": {"P": 13.97, "tau": 84.34, "tau_c": 205.36, "omega": 112.01, "M": 0.41, "D": 0.03, "R": 0.1, "sving": 0.14, "os": 0.0, "foss": 1.0, "juv": 0.0, "B": 0.36, "Q": 0.29, "w": 2.0, "h": 0.11, "S": 0.07949, "elv": "bekk", "km": 2.4}}, {"type": "Feature", "geometry": {"type": "LineString", "coordinates": [[9.86607, 62.65673], [9.86614, 62.65586]]}, "properties": {"P": 17.67, "tau": 89.63, "tau_c": 198.47, "omega": 124.28, "M": 0.45, "D": 0.04, "R": 0.14, "sving": 0.36, "os": 0.0, "foss": 1.0, "juv": 0.0, "B": 0.37, "Q": 0.34, "w": 2.0, "h": 0.12, "S": 0.07424, "elv": "bekk", "km": 2.5}}, {"type": "Feature", "geometry": {"type": "LineString", "coordinates": [[9.86614, 62.65586], [9.86704, 62.65514]]}, "properties": {"P": 16.45, "tau": 79.57, "tau_c": 180.61, "omega": 104.61, "M": 0.44, "D": 0.09, "R": 0.12, "sving": 0.2, "os": 0.0, "foss": 1.0, "juv": 0.0, "B": 0.38, "Q": 0.35, "w": 2.0, "h": 0.13, "S": 0.06148, "elv": "bekk", "km": 2.6}}, {"type": "Feature", "geometry": {"type": "LineString", "coordinates": [[9.86704, 62.65514], [9.86582, 62.65453]]}, "properties": {"P": 17.77, "tau": 71.23, "tau_c": 164.61, "omega": 89.18, "M": 0.43, "D": 0.13, "R": 0.12, "sving": 0.27, "os": 0.0, "foss": 1.0, "juv": 0.0, "B": 0.38, "Q": 0.36, "w": 2.0, "h": 0.14, "S": 0.05107, "elv": "bekk", "km": 2.7}}, {"type": "Feature", "geometry": {"type": "LineString", "coordinates": [[9.86582, 62.65453], [9.86507, 62.65372]]}, "properties": {"P": 17.16, "tau": 68.9, "tau_c": 160.57, "omega": 84.95, "M": 0.43, "D": 0.17, "R": 0.11, "sving": 0.17, "os": 0.0, "foss": 1.0, "juv": 0.0, "B": 0.38, "Q": 0.36, "w": 2.0, "h": 0.14, "S": 0.04859, "elv": "bekk", "km": 2.8}}, {"type": "Feature", "geometry": {"type": "LineString", "coordinates": [[9.86507, 62.65372], [9.86383, 62.65303]]}, "properties": {"P": 15.37, "tau": 49.95, "tau_c": 125.89, "omega": 53.11, "M": 0.4, "D": 0.21, "R": 0.09, "sving": 0.27, "os": 0.0, "foss": 0.72, "juv": 0.0, "B": 0.38, "Q": 0.36, "w": 2.0, "h": 0.17, "S": 0.02987, "elv": "bekk", "km": 2.9}}, {"type": "Feature", "geometry": {"type": "LineString", "coordinates": [[9.86383, 62.65303], [9.86398, 62.65217]]}, "properties": {"P": 15.23, "tau": 44.13, "tau_c": 113.18, "omega": 44.35, "M": 0.39, "D": 0.19, "R": 0.08, "sving": 0.0, "os": 0.0, "foss": 1.0, "juv": 0.0, "B": 0.38, "Q": 0.37, "w": 2.0, "h": 0.19, "S": 0.02414, "elv": "bekk", "km": 3.0}}, {"type": "Feature", "geometry": {"type": "LineString", "coordinates": [[9.86398, 62.65217], [9.86394, 62.65127]]}, "properties": {"P": 12.78, "tau": 41.76, "tau_c": 107.16, "omega": 40.96, "M": 0.39, "D": 0.15, "R": 0.08, "sving": 0.11, "os": 0.0, "foss": 0.72, "juv": 0.0, "B": 0.38, "Q": 0.39, "w": 2.0, "h": 0.2, "S": 0.02165, "elv": "bekk", "km": 3.1}}, {"type": "Feature", "geometry": {"type": "LineString", "coordinates": [[9.86394, 62.65127], [9.86319, 62.65045]]}, "properties": {"P": 10.81, "tau": 36.69, "tau_c": 97.27, "omega": 33.86, "M": 0.38, "D": 0.08, "R": 0.07, "sving": 0.24, "os": 0.0, "foss": 0.51, "juv": 0.0, "B": 0.38, "Q": 0.39, "w": 2.0, "h": 0.21, "S": 0.01783, "elv": "bekk", "km": 3.2}}, {"type": "Feature", "geometry": {"type": "LineString", "coordinates": [[9.82326, 62.67464], [9.82212, 62.67401]]}, "properties": {"P": 21.34, "tau": 55.27, "tau_c": 133.09, "omega": 61.76, "M": 0.42, "D": 0.0, "R": 0.1, "sving": 0.73, "os": 1.0, "foss": 0.0, "juv": 0.0, "B": 0.39, "Q": 0.38, "w": 2.0, "h": 0.17, "S": 0.03339, "elv": "Vesl-Stavåa", "km": 0.0}}, {"type": "Feature", "geometry": {"type": "LineString", "coordinates": [[9.82212, 62.67401], [9.82179, 62.67319]]}, "properties": {"P": 23.69, "tau": 58.29, "tau_c": 135.73, "omega": 66.96, "M": 0.43, "D": 0.0, "R": 0.11, "sving": 0.28, "os": 0.63, "foss": 1.0, "juv": 0.0, "B": 0.39, "Q": 0.39, "w": 2.0, "h": 0.17, "S": 0.03472, "elv": "Vesl-Stavåa", "km": 0.1}}, {"type": "Feature", "geometry": {"type": "LineString", "coordinates": [[9.82179, 62.67319], [9.82233, 62.67233]]}, "properties": {"P": 20.12, "tau": 63.4, "tau_c": 144.0, "omega": 75.78, "M": 0.44, "D": 0.0, "R": 0.12, "sving": 0.17, "os": 0.41, "foss": 1.0, "juv": 0.0, "B": 0.39, "Q": 0.4, "w": 2.0, "h": 0.17, "S": 0.03908, "elv": "Vesl-Stavåa", "km": 0.2}}, {"type": "Feature", "geometry": {"type": "LineString", "coordinates": [[9.82233, 62.67233], [9.82206, 62.67148]]}, "properties": {"P": 17.46, "tau": 66.48, "tau_c": 143.84, "omega": 81.64, "M": 0.46, "D": 0.0, "R": 0.15, "sving": 0.01, "os": 0.27, "foss": 1.0, "juv": 0.0, "B": 0.4, "Q": 0.43, "w": 2.0, "h": 0.17, "S": 0.039, "elv": "Vesl-Stavåa", "km": 0.3}}, {"type": "Feature", "geometry": {"type": "LineString", "coordinates": [[9.82206, 62.67148], [9.82159, 62.67066]]}, "properties": {"P": 17.59, "tau": 72.12, "tau_c": 143.5, "omega": 92.76, "M": 0.5, "D": 0.0, "R": 0.19, "sving": 0.02, "os": 0.17, "foss": 1.0, "juv": 0.0, "B": 0.41, "Q": 0.49, "w": 2.0, "h": 0.19, "S": 0.03881, "elv": "Vesl-Stavåa", "km": 0.4}}, {"type": "Feature", "geometry": {"type": "LineString", "coordinates": [[9.82159, 62.67066], [9.82117, 62.66981]]}, "properties": {"P": 21.0, "tau": 73.03, "tau_c": 144.22, "omega": 94.54, "M": 0.51, "D": 0.0, "R": 0.19, "sving": 0.37, "os": 0.1, "foss": 1.0, "juv": 0.0, "B": 0.41, "Q": 0.49, "w": 2.0, "h": 0.19, "S": 0.0392, "elv": "Vesl-Stavåa", "km": 0.5}}, {"type": "Feature", "geometry": {"type": "LineString", "coordinates": [[9.82117, 62.66981], [9.82179, 62.66902]]}, "properties": {"P": 16.6, "tau": 70.78, "tau_c": 140.41, "omega": 90.32, "M": 0.5, "D": 0.01, "R": 0.19, "sving": 0.31, "os": 0.06, "foss": 0.72, "juv": 0.0, "B": 0.41, "Q": 0.5, "w": 2.0, "h": 0.19, "S": 0.03716, "elv": "Vesl-Stavåa", "km": 0.6}}, {"type": "Feature", "geometry": {"type": "LineString", "coordinates": [[9.82179, 62.66902], [9.82323, 62.66842]]}, "properties": {"P": 16.02, "tau": 71.56, "tau_c": 141.56, "omega": 91.8, "M": 0.51, "D": 0.02, "R": 0.19, "sving": 0.03, "os": 0.0, "foss": 1.0, "juv": 0.0, "B": 0.41, "Q": 0.5, "w": 2.0, "h": 0.19, "S": 0.03777, "elv": "Vesl-Stavåa", "km": 0.7}}, {"type": "Feature", "geometry": {"type": "LineString", "coordinates": [[9.82323, 62.66842], [9.82427, 62.66767]]}, "properties": {"P": 18.18, "tau": 69.14, "tau_c": 134.35, "omega": 87.52, "M": 0.51, "D": 0.01, "R": 0.2, "sving": 0.18, "os": 0.0, "foss": 1.0, "juv": 0.0, "B": 0.41, "Q": 0.52, "w": 2.0, "h": 0.21, "S": 0.03402, "elv": "Vesl-Stavåa", "km": 0.8}}, {"type": "Feature", "geometry": {"type": "LineString", "coordinates": [[9.82427, 62.66767], [9.82398, 62.66679]]}, "properties": {"P": 21.7, "tau": 67.93, "tau_c": 132.09, "omega": 85.29, "M": 0.51, "D": 0.01, "R": 0.2, "sving": 0.49, "os": 0.0, "foss": 1.0, "juv": 0.0, "B": 0.41, "Q": 0.53, "w": 2.0, "h": 0.21, "S": 0.03289, "elv": "Vesl-Stavåa", "km": 0.9}}, {"type": "Feature", "geometry": {"type": "LineString", "coordinates": [[9.84326, 62.66918], [9.84322, 62.66832]]}, "properties": {"P": 1.29, "tau": 50.76, "tau_c": 139.68, "omega": 53.61, "M": 0.36, "D": 0.0, "R": 0.06, "sving": 0.02, "os": 0.0, "foss": 0.0, "juv": 0.0, "B": 0.37, "Q": 0.3, "w": 2.0, "h": 0.14, "S": 0.03677, "elv": "Dånnålibekken", "km": 0.8}}, {"type": "Feature", "geometry": {"type": "LineString", "coordinates": [[9.84322, 62.66832], [9.8435, 62.66745]]}, "properties": {"P": 13.74, "tau": 66.64, "tau_c": 169.45, "omega": 79.82, "M": 0.39, "D": 0.0, "R": 0.08, "sving": 0.15, "os": 0.0, "foss": 1.0, "juv": 0.0, "B": 0.37, "Q": 0.3, "w": 2.0, "h": 0.13, "S": 0.05412, "elv": "Dånnålibekken", "km": 0.9}}, {"type": "Feature", "geometry": {"type": "LineString", "coordinates": [[9.8435, 62.66745], [9.84417, 62.66661]]}, "properties": {"P": 12.71, "tau": 80.91, "tau_c": 193.29, "omega": 106.09, "M": 0.42, "D": 0.0, "R": 0.1, "sving": 0.02, "os": 0.0, "foss": 1.0, "juv": 0.0, "B": 0.37, "Q": 0.31, "w": 2.0, "h": 0.12, "S": 0.07042, "elv": "Dånnålibekken", "km": 1.0}}, {"type": "Feature", "geometry": {"type": "LineString", "coordinates": [[9.84417, 62.66661], [9.84493, 62.6658]]}, "properties": {"P": 12.96, "tau": 88.55, "tau_c": 205.87, "omega": 121.03, "M": 0.43, "D": 0.0, "R": 0.11, "sving": 0.02, "os": 0.0, "foss": 1.0, "juv": 0.0, "B": 0.37, "Q": 0.31, "w": 2.0, "h": 0.11, "S": 0.07988, "elv": "Dånnålibekken", "km": 1.1}}, {"type": "Feature", "geometry": {"type": "LineString", "coordinates": [[9.84493, 62.6658], [9.8448, 62.66491]]}, "properties": {"P": 15.31, "tau": 98.94, "tau_c": 221.91, "omega": 142.39, "M": 0.45, "D": 0.0, "R": 0.13, "sving": 0.22, "os": 0.0, "foss": 1.0, "juv": 0.0, "B": 0.37, "Q": 0.31, "w": 2.0, "h": 0.11, "S": 0.09281, "elv": "Dånnålibekken", "km": 1.2}}, {"type": "Feature", "geometry": {"type": "LineString", "coordinates": [[9.8448, 62.66491], [9.84518, 62.66408]]}, "properties": {"P": 14.75, "tau": 100.44, "tau_c": 224.22, "omega": 145.57, "M": 0.45, "D": 0.0, "R": 0.13, "sving": 0.16, "os": 0.0, "foss": 1.0, "juv": 0.0, "B": 0.37, "Q": 0.31, "w": 2.0, "h": 0.11, "S": 0.09476, "elv": "Dånnålibekken", "km": 1.3}}, {"type": "Feature", "geometry": {"type": "LineString", "coordinates": [[9.84518, 62.66408], [9.84475, 62.6632]]}, "properties": {"P": 13.3, "tau": 102.94, "tau_c": 225.87, "omega": 151.19, "M": 0.46, "D": 0.0, "R": 0.14, "sving": 0.01, "os": 0.0, "foss": 1.0, "juv": 0.0, "B": 0.37, "Q": 0.32, "w": 2.0, "h": 0.11, "S": 0.09616, "elv": "Dånnålibekken", "km": 1.4}}, {"type": "Feature", "geometry": {"type": "LineString", "coordinates": [[9.84475, 62.6632], [9.84471, 62.66231]]}, "properties": {"P": 14.08, "tau": 109.46, "tau_c": 235.03, "omega": 165.46, "M": 0.47, "D": 0.0, "R": 0.15, "sving": 0.06, "os": 0.0, "foss": 1.0, "juv": 0.0, "B": 0.37, "Q": 0.32, "w": 2.0, "h": 0.11, "S": 0.10411, "elv": "Dånnålibekken", "km": 1.5}}, {"type": "Feature", "geometry": {"type": "LineString", "coordinates": [[9.84471, 62.66231], [9.84453, 62.66142]]}, "properties": {"P": 13.69, "tau": 112.82, "tau_c": 237.97, "omega": 173.24, "M": 0.47, "D": 0.0, "R": 0.16, "sving": 0.01, "os": 0.0, "foss": 1.0, "juv": 0.0, "B": 0.37, "Q": 0.33, "w": 2.0, "h": 0.11, "S": 0.10673, "elv": "Dånnålibekken", "km": 1.6}}, {"type": "Feature", "geometry": {"type": "LineString", "coordinates": [[9.84453, 62.66142], [9.84461, 62.66054]]}, "properties": {"P": 15.03, "tau": 120.93, "tau_c": 244.7, "omega": 192.52, "M": 0.49, "D": 0.0, "R": 0.18, "sving": 0.08, "os": 0.0, "foss": 1.0, "juv": 0.0, "B": 0.38, "Q": 0.35, "w": 2.0, "h": 0.11, "S": 0.11286, "elv": "Dånnålibekken", "km": 1.7}}, {"type": "Feature", "geometry": {"type": "LineString", "coordinates": [[9.84461, 62.66054], [9.84418, 62.65973]]}, "properties": {"P": 15.21, "tau": 124.57, "tau_c": 247.41, "omega": 201.44, "M": 0.5, "D": 0.0, "R": 0.19, "sving": 0.08, "os": 0.0, "foss": 1.0, "juv": 0.0, "B": 0.38, "Q": 0.36, "w": 2.0, "h": 0.11, "S": 0.11537, "elv": "Dånnålibekken", "km": 1.8}}, {"type": "Feature", "geometry": {"type": "LineString", "coordinates": [[9.82371, 62.66622], [9.82373, 62.66537]]}, "properties": {"P": 20.03, "tau": 107.14, "tau_c": 183.93, "omega": 166.86, "M": 0.58, "D": 0.0, "R": 0.29, "sving": 0.22, "os": 0.0, "foss": 1.0, "juv": 0.0, "B": 0.41, "Q": 0.53, "w": 2.0, "h": 0.17, "S": 0.06376, "elv": "Vesl-Stavåa", "km": 0.0}}, {"type": "Feature", "geometry": {"type": "LineString", "coordinates": [[9.82373, 62.66537], [9.82376, 62.66452]]}, "properties": {"P": 21.79, "tau": 129.22, "tau_c": 188.74, "omega": 222.94, "M": 0.68, "D": 0.0, "R": 0.43, "sving": 0.07, "os": 0.0, "foss": 1.0, "juv": 0.0, "B": 0.43, "Q": 0.68, "w": 2.0, "h": 0.2, "S": 0.06714, "elv": "Vesl-Stavåa", "km": 0.1}}, {"type": "Feature", "geometry": {"type": "LineString", "coordinates": [[9.82376, 62.66452], [9.82432, 62.66369]]}, "properties": {"P": 22.31, "tau": 149.9, "tau_c": 207.43, "omega": 277.88, "M": 0.72, "D": 0.0, "R": 0.48, "sving": 0.02, "os": 0.0, "foss": 1.0, "juv": 0.0, "B": 0.43, "Q": 0.7, "w": 2.0, "h": 0.19, "S": 0.0811, "elv": "Vesl-Stavåa", "km": 0.2}}, {"type": "Feature", "geometry": {"type": "LineString", "coordinates": [[9.82432, 62.66369], [9.8246, 62.66283]]}, "properties": {"P": 24.49, "tau": 157.8, "tau_c": 212.17, "omega": 300.24, "M": 0.74, "D": 0.0, "R": 0.5, "sving": 0.14, "os": 0.0, "foss": 1.0, "juv": 0.0, "B": 0.43, "Q": 0.72, "w": 2.0, "h": 0.19, "S": 0.08484, "elv": "Vesl-Stavåa", "km": 0.3}}, {"type": "Feature", "geometry": {"type": "LineString", "coordinates": [[9.8246, 62.66283], [9.82471, 62.66197]]}, "properties": {"P": 24.37, "tau": 169.31, "tau_c": 217.12, "omega": 334.18, "M": 0.78, "D": 0.0, "R": 0.55, "sving": 0.04, "os": 0.0, "foss": 1.0, "juv": 0.0, "B": 0.43, "Q": 0.77, "w": 2.0, "h": 0.19, "S": 0.08885, "elv": "Vesl-Stavåa", "km": 0.4}}, {"type": "Feature", "geometry": {"type": "LineString", "coordinates": [[9.82471, 62.66197], [9.82538, 62.66123]]}, "properties": {"P": 26.14, "tau": 184.1, "tau_c": 228.98, "omega": 378.4, "M": 0.8, "D": 0.0, "R": 0.58, "sving": 0.12, "os": 0.0, "foss": 1.0, "juv": 0.0, "B": 0.43, "Q": 0.78, "w": 2.0, "h": 0.19, "S": 0.09883, "elv": "Vesl-Stavåa", "km": 0.5}}, {"type": "Feature", "geometry": {"type": "LineString", "coordinates": [[9.89757, 62.65063], [9.89619, 62.65125]]}, "properties": {"P": 25.46, "tau": 167.67, "tau_c": 102.76, "omega": 351.21, "M": 1.63, "D": 0.02, "R": 0.99, "sving": 0.07, "os": 0.08, "foss": 0.0, "juv": 0.0, "B": 0.48, "Q": 5.4, "w": 3.0, "h": 0.86, "S": 0.0199, "elv": "Langvella", "km": 0.0}}, {"type": "Feature", "geometry": {"type": "LineString", "coordinates": [[9.89619, 62.65125], [9.89455, 62.65173]]}, "properties": {"P": 41.47, "tau": 152.79, "tau_c": 95.63, "omega": 304.26, "M": 1.6, "D": 0.04, "R": 0.99, "sving": 0.13, "os": 0.14, "foss": 1.0, "juv": 0.0, "B": 0.48, "Q": 5.4, "w": 3.0, "h": 0.9, "S": 0.01724, "elv": "Langvella", "km": 0.1}}, {"type": "Feature", "geometry": {"type": "LineString", "coordinates": [[9.89455, 62.65173], [9.8933, 62.6524]]}, "properties": {"P": 38.08, "tau": 149.81, "tau_c": 94.17, "omega": 295.13, "M": 1.59, "D": 0.04, "R": 1.0, "sving": 0.09, "os": 0.22, "foss": 0.72, "juv": 0.0, "B": 0.48, "Q": 5.4, "w": 3.0, "h": 0.91, "S": 0.01672, "elv": "Langvella", "km": 0.2}}, {"type": "Feature", "geometry": {"type": "LineString", "coordinates": [[9.8933, 62.6524], [9.89231, 62.65317]]}, "properties": {"P": 37.91, "tau": 149.84, "tau_c": 94.17, "omega": 295.2, "M": 1.59, "D": 0.02, "R": 1.0, "sving": 0.16, "os": 0.35, "foss": 0.51, "juv": 0.0, "B": 0.49, "Q": 5.4, "w": 3.0, "h": 0.91, "S": 0.01672, "elv": "Langvella", "km": 0.3}}, {"type": "Feature", "geometry": {"type": "LineString", "coordinates": [[9.89231, 62.65317], [9.89129, 62.65391]]}, "properties": {"P": 24.25, "tau": 373.74, "tau_c": 98.68, "omega": 1026.03, "M": 3.79, "D": -0.0, "R": 0.3, "sving": 0.07, "os": 0.58, "foss": 0.37, "juv": 0.0, "B": 0.55, "Q": 17.1, "w": 3.0, "h": 2.08, "S": 0.01835, "elv": "Langvella", "km": 0.4}}, {"type": "Feature", "geometry": {"type": "LineString", "coordinates": [[9.91774, 62.65788], [9.91623, 62.65844]]}, "properties": {"P": 9.74, "tau": 74.56, "tau_c": 239.03, "omega": 88.74, "M": 0.31, "D": 0.0, "R": 0.03, "sving": 0.11, "os": 0.0, "foss": 1.0, "juv": 0.0, "B": 0.29, "Q": 0.17, "w": 2.0, "h": 0.07, "S": 0.10769, "elv": "bekk", "km": 2.1}}, {"type": "Feature", "geometry": {"type": "LineString", "coordinates": [[9.91623, 62.65844], [9.91453, 62.65888]]}, "properties": {"P": 11.02, "tau": 78.66, "tau_c": 243.36, "omega": 96.36, "M": 0.32, "D": 0.0, "R": 0.04, "sving": 0.24, "os": 0.0, "foss": 1.0, "juv": 0.0, "B": 0.29, "Q": 0.18, "w": 2.0, "h": 0.07, "S": 0.11162, "elv": "bekk", "km": 2.2}}, {"type": "Feature", "geometry": {"type": "LineString", "coordinates": [[9.91453, 62.65888], [9.91339, 62.65958]]}, "properties": {"P": 9.48, "tau": 79.08, "tau_c": 239.5, "omega": 97.58, "M": 0.33, "D": 0.03, "R": 0.04, "sving": 0.01, "os": 0.0, "foss": 1.0, "juv": 0.0, "B": 0.3, "Q": 0.18, "w": 2.0, "h": 0.07, "S": 0.10812, "elv": "bekk", "km": 2.3}}, {"type": "Feature", "geometry": {"type": "LineString", "coordinates": [[9.91339, 62.65958], [9.91217, 62.66027]]}, "properties": {"P": 11.46, "tau": 73.45, "tau_c": 222.77, "omega": 88.09, "M": 0.33, "D": 0.08, "R": 0.04, "sving": 0.16, "os": 0.0, "foss": 1.0, "juv": 0.0, "B": 0.3, "Q": 0.19, "w": 2.0, "h": 0.08, "S": 0.09353, "elv": "bekk", "km": 2.4}}, {"type": "Feature", "geometry": {"type": "LineString", "coordinates": [[9.91217, 62.66027], [9.91064, 62.66082]]}, "properties": {"P": 10.49, "tau": 63.25, "tau_c": 196.28, "omega": 71.23, "M": 0.32, "D": 0.08, "R": 0.04, "sving": 0.05, "os": 0.0, "foss": 1.0, "juv": 0.0, "B": 0.3, "Q": 0.2, "w": 2.0, "h": 0.09, "S": 0.07261, "elv": "bekk", "km": 2.5}}, {"type": "Feature", "geometry": {"type": "LineString", "coordinates": [[9.91064, 62.66082], [9.9095, 62.66154]]}, "properties": {"P": 9.56, "tau": 56.85, "tau_c": 178.47, "omega": 61.25, "M": 0.32, "D": 0.07, "R": 0.04, "sving": 0.17, "os": 0.06, "foss": 0.72, "juv": 0.0, "B": 0.3, "Q": 0.21, "w": 2.0, "h": 0.1, "S": 0.06003, "elv": "bekk", "km": 2.6}}, {"type": "Feature", "geometry": {"type": "LineString", "coordinates": [[9.9095, 62.66154], [9.90856, 62.66233]]}, "properties": {"P": 10.46, "tau": 70.37, "tau_c": 148.43, "omega": 88.88, "M": 0.47, "D": 0.06, "R": 0.16, "sving": 0.13, "os": 0.07, "foss": 0.51, "juv": 0.0, "B": 0.35, "Q": 0.44, "w": 2.0, "h": 0.17, "S": 0.04153, "elv": "bekk", "km": 2.7}}, {"type": "Feature", "geometry": {"type": "LineString", "coordinates": [[9.90856, 62.66233], [9.90813, 62.66319]]}, "properties": {"P": 10.22, "tau": 51.27, "tau_c": 117.16, "omega": 55.81, "M": 0.44, "D": 0.15, "R": 0.12, "sving": 0.17, "os": 0.09, "foss": 0.37, "juv": 0.0, "B": 0.35, "Q": 0.44, "w": 2.0, "h": 0.2, "S": 0.02587, "elv": "bekk", "km": 2.8}}, {"type": "Feature", "geometry": {"type": "LineString", "coordinates": [[9.90813, 62.66319], [9.90713, 62.66392]]}, "properties": {"P": 5.72, "tau": 42.02, "tau_c": 101.16, "omega": 41.6, "M": 0.42, "D": 0.12, "R": 0.1, "sving": 0.12, "os": 0.12, "foss": 0.0, "juv": 0.0, "B": 0.35, "Q": 0.44, "w": 2.0, "h": 0.22, "S": 0.01929, "elv": "bekk", "km": 2.9}}, {"type": "Feature", "geometry": {"type": "LineString", "coordinates": [[9.90713, 62.66392], [9.9068, 62.66476]]}, "properties": {"P": 4.21, "tau": 38.72, "tau_c": 95.23, "omega": 36.87, "M": 0.41, "D": 0.09, "R": 0.09, "sving": 0.02, "os": 0.12, "foss": 0.0, "juv": 0.0, "B": 0.35, "Q": 0.44, "w": 2.0, "h": 0.23, "S": 0.01709, "elv": "bekk", "km": 3.0}}, {"type": "Feature", "geometry": {"type": "LineString", "coordinates": [[9.84431, 62.65966], [9.84391, 62.65901]]}, "properties": {"P": 16.87, "tau": 91.37, "tau_c": 194.32, "omega": 128.64, "M": 0.47, "D": 0.0, "R": 0.15, "sving": 0.28, "os": 0.0, "foss": 1.0, "juv": 0.0, "B": 0.38, "Q": 0.37, "w": 2.0, "h": 0.13, "S": 0.07117, "elv": "Dånnålibekken", "km": 0.0}}, {"type": "Feature", "geometry": {"type": "LineString", "coordinates": [[9.84391, 62.65901], [9.84283, 62.65833]]}, "properties": {"P": 18.32, "tau": 91.28, "tau_c": 192.83, "omega": 128.61, "M": 0.47, "D": 0.01, "R": 0.16, "sving": 0.4, "os": 0.0, "foss": 1.0, "juv": 0.0, "B": 0.38, "Q": 0.37, "w": 2.0, "h": 0.13, "S": 0.07009, "elv": "Dånnålibekken", "km": 0.1}}, {"type": "Feature", "geometry": {"type": "LineString", "coordinates": [[9.84283, 62.65833], [9.843, 62.65752]]}, "properties": {"P": 14.53, "tau": 92.04, "tau_c": 192.78, "omega": 130.32, "M": 0.48, "D": 0.02, "R": 0.16, "sving": 0.02, "os": 0.0, "foss": 1.0, "juv": 0.0, "B": 0.38, "Q": 0.38, "w": 2.0, "h": 0.13, "S": 0.07005, "elv": "Dånnålibekken", "km": 0.2}}, {"type": "Feature", "geometry": {"type": "LineString", "coordinates": [[9.843, 62.65752], [9.84385, 62.65683]]}, "properties": {"P": 15.19, "tau": 87.37, "tau_c": 183.67, "omega": 120.99, "M": 0.48, "D": 0.05, "R": 0.16, "sving": 0.04, "os": 0.0, "foss": 1.0, "juv": 0.0, "B": 0.38, "Q": 0.39, "w": 2.0, "h": 0.14, "S": 0.06358, "elv": "Dånnålibekken", "km": 0.3}}, {"type": "Feature", "geometry": {"type": "LineString", "coordinates": [[9.84385, 62.65683], [9.84323, 62.65599]]}, "properties": {"P": 18.51, "tau": 80.84, "tau_c": 173.45, "omega": 108.02, "M": 0.47, "D": 0.08, "R": 0.15, "sving": 0.32, "os": 0.0, "foss": 1.0, "juv": 0.0, "B": 0.38, "Q": 0.39, "w": 2.0, "h": 0.15, "S": 0.0567, "elv": "Dånnålibekken", "km": 0.4}}, {"type": "Feature", "geometry": {"type": "LineString", "coordinates": [[9.84323, 62.65599], [9.84234, 62.65529]]}, "properties": {"P": 19.55, "tau": 77.29, "tau_c": 167.84, "omega": 101.14, "M": 0.46, "D": 0.09, "R": 0.14, "sving": 0.41, "os": 0.0, "foss": 1.0, "juv": 0.0, "B": 0.38, "Q": 0.39, "w": 2.0, "h": 0.15, "S": 0.0531, "elv": "Dånnålibekken", "km": 0.5}}, {"type": "Feature", "geometry": {"type": "LineString", "coordinates": [[9.84234, 62.65529], [9.8411, 62.65469]]}, "properties": {"P": 13.78, "tau": 71.01, "tau_c": 153.46, "omega": 89.73, "M": 0.46, "D": 0.1, "R": 0.15, "sving": 0.13, "os": 0.0, "foss": 0.72, "juv": 0.0, "B": 0.39, "Q": 0.41, "w": 2.0, "h": 0.16, "S": 0.04439, "elv": "Dånnålibekken", "km": 0.6}}, {"type": "Feature", "geometry": {"type": "LineString", "coordinates": [[9.8411, 62.65469], [9.84016, 62.65403]]}, "properties": {"P": 17.66, "tau": 67.82, "tau_c": 148.15, "omega": 83.89, "M": 0.46, "D": 0.1, "R": 0.14, "sving": 0.2, "os": 0.0, "foss": 1.0, "juv": 0.0, "B": 0.39, "Q": 0.41, "w": 2.0, "h": 0.17, "S": 0.04137, "elv": "Dånnålibekken", "km": 0.7}}, {"type": "Feature", "geometry": {"type": "LineString", "coordinates": [[9.84016, 62.65403], [9.84022, 62.65317]]}, "properties": {"P": 15.95, "tau": 56.83, "tau_c": 130.13, "omega": 64.72, "M": 0.44, "D": 0.1, "R": 0.12, "sving": 0.38, "os": 0.0, "foss": 0.72, "juv": 0.0, "B": 0.39, "Q": 0.41, "w": 2.0, "h": 0.18, "S": 0.03192, "elv": "Dånnålibekken", "km": 0.8}}, {"type": "Feature", "geometry": {"type": "LineString", "coordinates": [[9.84022, 62.65317], [9.84025, 62.65228]]}, "properties": {"P": 18.03, "tau": 58.01, "tau_c": 131.37, "omega": 66.74, "M": 0.44, "D": 0.06, "R": 0.13, "sving": 0.32, "os": 0.0, "foss": 1.0, "juv": 0.0, "B": 0.39, "Q": 0.42, "w": 2.0, "h": 0.18, "S": 0.03253, "elv": "Dånnålibekken", "km": 0.9}}, {"type": "Feature", "geometry": {"type": "LineString", "coordinates": [[9.84025, 62.65228], [9.84071, 62.65141]]}, "properties": {"P": 12.6, "tau": 60.02, "tau_c": 133.51, "omega": 70.26, "M": 0.45, "D": 0.02, "R": 0.13, "sving": 0.09, "os": 0.06, "foss": 0.72, "juv": 0.0, "B": 0.39, "Q": 0.43, "w": 2.0, "h": 0.18, "S": 0.0336, "elv": "Dånnålibekken", "km": 1.0}}, {"type": "Feature", "geometry": {"type": "LineString", "coordinates": [[9.84071, 62.65141], [9.84121, 62.65058]]}, "properties": {"P": 15.94, "tau": 55.49, "tau_c": 124.92, "omega": 62.66, "M": 0.44, "D": 0.0, "R": 0.13, "sving": 0.13, "os": 0.06, "foss": 1.0, "juv": 0.0, "B": 0.39, "Q": 0.43, "w": 2.0, "h": 0.19, "S": 0.02941, "elv": "Dånnålibekken", "km": 1.1}}, {"type": "Feature", "geometry": {"type": "LineString", "coordinates": [[9.82557, 62.66101], [9.82508, 62.66017]]}, "properties": {"P": 30.9, "tau": 176.38, "tau_c": 220.5, "omega": 355.54, "M": 0.8, "D": 0.0, "R": 0.58, "sving": 0.51, "os": 0.0, "foss": 1.0, "juv": 0.0, "B": 0.43, "Q": 0.79, "w": 2.0, "h": 0.2, "S": 0.09164, "elv": "Vesl-Stavåa", "km": 0.0}}, {"type": "Feature", "geometry": {"type": "LineString", "coordinates": [[9.82508, 62.66017], [9.82601, 62.65941]]}, "properties": {"P": 28.72, "tau": 180.26, "tau_c": 221.38, "omega": 367.6, "M": 0.81, "D": 0.0, "R": 0.6, "sving": 0.3, "os": 0.0, "foss": 1.0, "juv": 0.0, "B": 0.44, "Q": 0.81, "w": 2.0, "h": 0.2, "S": 0.09238, "elv": "Vesl-Stavåa", "km": 0.1}}, {"type": "Feature", "geometry": {"type": "LineString", "coordinates": [[9.82601, 62.65941], [9.82678, 62.65861]]}, "properties": {"P": 26.17, "tau": 179.93, "tau_c": 220.64, "omega": 366.71, "M": 0.82, "D": 0.01, "R": 0.6, "sving": 0.08, "os": 0.0, "foss": 1.0, "juv": 0.0, "B": 0.44, "Q": 0.81, "w": 2.0, "h": 0.2, "S": 0.09176, "elv": "Vesl-Stavåa", "km": 0.2}}, {"type": "Feature", "geometry": {"type": "LineString", "coordinates": [[9.82678, 62.65861], [9.8274, 62.65778]]}, "properties": {"P": 29.68, "tau": 182.44, "tau_c": 221.57, "omega": 374.51, "M": 0.82, "D": 0.02, "R": 0.61, "sving": 0.32, "os": 0.0, "foss": 1.0, "juv": 0.0, "B": 0.44, "Q": 0.83, "w": 2.0, "h": 0.2, "S": 0.09253, "elv": "Vesl-Stavåa", "km": 0.3}}, {"type": "Feature", "geometry": {"type": "LineString", "coordinates": [[9.8274, 62.65778], [9.82731, 62.65689]]}, "properties": {"P": 29.06, "tau": 173.85, "tau_c": 212.52, "omega": 349.04, "M": 0.82, "D": 0.05, "R": 0.6, "sving": 0.23, "os": 0.0, "foss": 1.0, "juv": 0.0, "B": 0.44, "Q": 0.84, "w": 2.0, "h": 0.21, "S": 0.08513, "elv": "Vesl-Stavåa", "km": 0.4}}, {"type": "Feature", "geometry": {"type": "LineString", "coordinates": [[9.82731, 62.65689], [9.82666, 62.65607]]}, "properties": {"P": 27.27, "tau": 165.52, "tau_c": 204.51, "omega": 324.72, "M": 0.81, "D": 0.07, "R": 0.59, "sving": 0.08, "os": 0.0, "foss": 1.0, "juv": 0.0, "B": 0.44, "Q": 0.84, "w": 2.0, "h": 0.21, "S": 0.07883, "elv": "Vesl-Stavåa", "km": 0.5}}, {"type": "Feature", "geometry": {"type": "LineString", "coordinates": [[9.82666, 62.65607], [9.82627, 62.6552]]}, "properties": {"P": 27.82, "tau": 145.88, "tau_c": 186.05, "omega": 269.44, "M": 0.78, "D": 0.09, "R": 0.56, "sving": 0.15, "os": 0.0, "foss": 1.0, "juv": 0.0, "B": 0.44, "Q": 0.84, "w": 2.0, "h": 0.23, "S": 0.06524, "elv": "Vesl-Stavåa", "km": 0.6}}, {"type": "Feature", "geometry": {"type": "LineString", "coordinates": [[9.82627, 62.6552], [9.8265, 62.65432]]}, "properties": {"P": 28.72, "tau": 147.71, "tau_c": 172.18, "omega": 276.11, "M": 0.86, "D": 0.08, "R": 0.65, "sving": 0.31, "os": 0.0, "foss": 0.72, "juv": 0.0, "B": 0.45, "Q": 1.01, "w": 2.0, "h": 0.27, "S": 0.05588, "elv": "Vesl-Stavåa", "km": 0.7}}, {"type": "Feature", "geometry": {"type": "LineString", "coordinates": [[9.8265, 62.65432], [9.82719, 62.65348]]}, "properties": {"P": 31.75, "tau": 137.1, "tau_c": 162.68, "omega": 247.12, "M": 0.84, "D": 0.08, "R": 0.63, "sving": 0.29, "os": 0.0, "foss": 1.0, "juv": 0.0, "B": 0.45, "Q": 1.01, "w": 2.0, "h": 0.28, "S": 0.04988, "elv": "Vesl-Stavåa", "km": 0.8}}, {"type": "Feature", "geometry": {"type": "LineString", "coordinates": [[9.82719, 62.65348], [9.8281, 62.65269]]}, "properties": {"P": 28.94, "tau": 126.92, "tau_c": 153.59, "omega": 220.27, "M": 0.83, "D": 0.06, "R": 0.61, "sving": 0.13, "os": 0.0, "foss": 1.0, "juv": 0.0, "B": 0.45, "Q": 1.01, "w": 2.0, "h": 0.29, "S": 0.04446, "elv": "Vesl-Stavåa", "km": 0.9}}, {"type": "Feature", "geometry": {"type": "LineString", "coordinates": [[9.8281, 62.65269], [9.82914, 62.65193]]}, "properties": {"P": 27.87, "tau": 124.28, "tau_c": 150.84, "omega": 213.47, "M": 0.82, "D": 0.04, "R": 0.61, "sving": 0.08, "os": 0.0, "foss": 1.0, "juv": 0.0, "B": 0.45, "Q": 1.01, "w": 2.0, "h": 0.3, "S": 0.04289, "elv": "Vesl-Stavåa", "km": 1.0}}, {"type": "Feature", "geometry": {"type": "LineString", "coordinates": [[9.82914, 62.65193], [9.83003, 62.65114]]}, "properties": {"P": 28.37, "tau": 131.73, "tau_c": 157.38, "omega": 232.86, "M": 0.84, "D": 0.01, "R": 0.62, "sving": 0.13, "os": 0.0, "foss": 1.0, "juv": 0.0, "B": 0.45, "Q": 1.02, "w": 2.0, "h": 0.29, "S": 0.04668, "elv": "Vesl-Stavåa", "km": 1.1}}, {"type": "Feature", "geometry": {"type": "LineString", "coordinates": [[9.83003, 62.65114], [9.8303, 62.65026]]}, "properties": {"P": 29.55, "tau": 136.0, "tau_c": 160.9, "omega": 244.22, "M": 0.85, "D": 0.0, "R": 0.63, "sving": 0.21, "os": 0.0, "foss": 1.0, "juv": 0.0, "B": 0.45, "Q": 1.02, "w": 2.0, "h": 0.28, "S": 0.04879, "elv": "Vesl-Stavåa", "km": 1.2}}, {"type": "Feature", "geometry": {"type": "LineString", "coordinates": [[10.04945, 62.6819], [10.04833, 62.68262]]}, "properties": {"P": 8.44, "tau": 24.06, "tau_c": 78.49, "omega": 20.04, "M": 0.31, "D": 0.0, "R": 0.03, "sving": 0.46, "os": 0.0, "foss": 0.0, "juv": 0.0, "B": 0.58, "Q": 2.51, "w": 14.26, "h": 0.21, "S": 0.01161, "elv": "Tyskseterbekken", "km": 2.0}}, {"type": "Feature", "geometry": {"type": "LineString", "coordinates": [[10.04833, 62.68262], [10.04705, 62.68327]]}, "properties": {"P": 4.63, "tau": 28.92, "tau_c": 89.49, "omega": 26.11, "M": 0.32, "D": 0.0, "R": 0.04, "sving": 0.22, "os": 0.0, "foss": 0.0, "juv": 0.0, "B": 0.58, "Q": 2.52, "w": 14.27, "h": 0.2, "S": 0.01509, "elv": "Tyskseterbekken", "km": 2.1}}, {"type": "Feature", "geometry": {"type": "LineString", "coordinates": [[10.04705, 62.68327], [10.04549, 62.68362]]}, "properties": {"P": 19.7, "tau": 30.51, "tau_c": 93.04, "omega": 28.18, "M": 0.33, "D": 0.0, "R": 0.04, "sving": 0.12, "os": 0.0, "foss": 1.0, "juv": 0.0, "B": 0.58, "Q": 2.52, "w": 14.29, "h": 0.19, "S": 0.01632, "elv": "Tyskseterbekken", "km": 2.2}}, {"type": "Feature", "geometry": {"type": "LineString", "coordinates": [[10.04549, 62.68362], [10.04478, 62.68441]]}, "properties": {"P": 15.34, "tau": 39.49, "tau_c": 112.05, "omega": 40.8, "M": 0.35, "D": 0.0, "R": 0.05, "sving": 0.12, "os": 0.0, "foss": 0.72, "juv": 0.0, "B": 0.58, "Q": 2.52, "w": 14.31, "h": 0.17, "S": 0.02366, "elv": "Tyskseterbekken", "km": 2.3}}, {"type": "Feature", "geometry": {"type": "LineString", "coordinates": [[10.04478, 62.68441], [10.04421, 62.68526]]}, "properties": {"P": 11.56, "tau": 68.06, "tau_c": 164.67, "omega": 89.19, "M": 0.41, "D": 0.0, "R": 0.1, "sving": 0.02, "os": 0.0, "foss": 0.51, "juv": 0.0, "B": 0.57, "Q": 2.55, "w": 14.33, "h": 0.14, "S": 0.05111, "elv": "Tyskseterbekken", "km": 2.4}}, {"type": "Feature", "geometry": {"type": "LineString", "coordinates": [[10.04421, 62.68526], [10.04279, 62.68563]]}, "properties": {"P": 21.54, "tau": 85.07, "tau_c": 193.31, "omega": 122.76, "M": 0.44, "D": 0.0, "R": 0.12, "sving": 0.1, "os": 0.0, "foss": 1.0, "juv": 0.0, "B": 0.57, "Q": 2.55, "w": 14.36, "h": 0.12, "S": 0.07043, "elv": "Tyskseterbekken", "km": 2.5}}, {"type": "Feature", "geometry": {"type": "LineString", "coordinates": [[10.04279, 62.68563], [10.0411, 62.68596]]}, "properties": {"P": 21.68, "tau": 82.31, "tau_c": 188.92, "omega": 117.07, "M": 0.44, "D": 0.04, "R": 0.12, "sving": 0.06, "os": 0.0, "foss": 1.0, "juv": 0.0, "B": 0.57, "Q": 2.55, "w": 14.38, "h": 0.12, "S": 0.06727, "elv": "Tyskseterbekken", "km": 2.6}}, {"type": "Feature", "geometry": {"type": "LineString", "coordinates": [[10.0411, 62.68596], [10.04005, 62.6866]]}, "properties": {"P": 27.81, "tau": 80.65, "tau_c": 186.02, "omega": 113.74, "M": 0.43, "D": 0.09, "R": 0.12, "sving": 0.37, "os": 0.0, "foss": 1.0, "juv": 0.0, "B": 0.57, "Q": 2.56, "w": 14.39, "h": 0.13, "S": 0.06522, "elv": "Tyskseterbekken", "km": 2.7}}, {"type": "Feature", "geometry": {"type": "LineString", "coordinates": [[10.04005, 62.6866], [10.03982, 62.68745]]}, "properties": {"P": 18.09, "tau": 65.84, "tau_c": 188.81, "omega": 81.13, "M": 0.35, "D": 0.09, "R": 0.05, "sving": 0.17, "os": 0.0, "foss": 0.72, "juv": 0.0, "B": 0.57, "Q": 2.56, "w": 20.8, "h": 0.1, "S": 0.06719, "elv": "Tyskseterbekken", "km": 2.8}}, {"type": "Feature", "geometry": {"type": "LineString", "coordinates": [[10.03968, 62.68828], [10.03851, 62.6889]]}, "properties": {"P": 44.26, "tau": 153.07, "tau_c": 154.9, "omega": 351.05, "M": 0.99, "D": 0.0, "R": 0.79, "sving": 0.29, "os": 0.0, "foss": 0.47, "juv": 0.0, "B": 0.74, "Q": 26.59, "w": 33.61, "h": 0.35, "S": 0.04522, "elv": "Tyskseterbekken", "km": 3.0}}, {"type": "Feature", "geometry": {"type": "LineString", "coordinates": [[10.04677, 62.65642], [10.04697, 62.6573]]}, "properties": {"P": 16.45, "tau": 92.43, "tau_c": 239.94, "omega": 130.78, "M": 0.39, "D": 0.0, "R": 0.08, "sving": 0.13, "os": 0.0, "foss": 1.0, "juv": 0.0, "B": 0.45, "Q": 0.97, "w": 7.93, "h": 0.09, "S": 0.10851, "elv": "Stortjønnbekken", "km": 0.8}}, {"type": "Feature", "geometry": {"type": "LineString", "coordinates": [[10.04697, 62.6573], [10.04744, 62.65812]]}, "properties": {"P": 16.28, "tau": 87.12, "tau_c": 235.5, "omega": 119.36, "M": 0.37, "D": 0.03, "R": 0.07, "sving": 0.1, "os": 0.0, "foss": 1.0, "juv": 0.0, "B": 0.45, "Q": 0.98, "w": 8.45, "h": 0.08, "S": 0.10453, "elv": "Stortjønnbekken", "km": 0.9}}, {"type": "Feature", "geometry": {"type": "LineString", "coordinates": [[10.04744, 62.65812], [10.04755, 62.65897]]}, "properties": {"P": 16.22, "tau": 82.7, "tau_c": 232.14, "omega": 110.1, "M": 0.36, "D": 0.07, "R": 0.06, "sving": 0.05, "os": 0.0, "foss": 1.0, "juv": 0.0, "B": 0.46, "Q": 0.99, "w": 8.99, "h": 0.08, "S": 0.10157, "elv": "Stortjønnbekken", "km": 1.0}}, {"type": "Feature", "geometry": {"type": "LineString", "coordinates": [[10.04755, 62.65897], [10.04773, 62.65985]]}, "properties": {"P": 17.3, "tau": 76.89, "tau_c": 220.33, "omega": 99.19, "M": 0.35, "D": 0.11, "R": 0.05, "sving": 0.09, "os": 0.0, "foss": 1.0, "juv": 0.0, "B": 0.46, "Q": 1.0, "w": 9.05, "h": 0.09, "S": 0.0915, "elv": "Stortjønnbekken", "km": 1.1}}, {"type": "Feature", "geometry": {"type": "LineString", "coordinates": [[10.04773, 62.65985], [10.04766, 62.66067]]}, "properties": {"P": 13.95, "tau": 66.91, "tau_c": 196.72, "omega": 81.62, "M": 0.34, "D": 0.13, "R": 0.05, "sving": 0.09, "os": 0.0, "foss": 0.72, "juv": 0.0, "B": 0.46, "Q": 1.04, "w": 9.12, "h": 0.09, "S": 0.07294, "elv": "Stortjønnbekken", "km": 1.2}}, {"type": "Feature", "geometry": {"type": "LineString", "coordinates": [[10.04766, 62.66067], [10.04855, 62.66142]]}, "properties": {"P": 18.86, "tau": 64.23, "tau_c": 191.25, "omega": 76.96, "M": 0.34, "D": 0.15, "R": 0.04, "sving": 0.15, "os": 0.0, "foss": 1.0, "juv": 0.0, "B": 0.46, "Q": 1.04, "w": 9.17, "h": 0.09, "S": 0.06894, "elv": "Stortjønnbekken", "km": 1.3}}, {"type": "Feature", "geometry": {"type": "LineString", "coordinates": [[10.04855, 62.66142], [10.04909, 62.66227]]}, "properties": {"P": 19.55, "tau": 51.48, "tau_c": 162.97, "omega": 56.06, "M": 0.32, "D": 0.16, "R": 0.03, "sving": 0.21, "os": 0.0, "foss": 1.0, "juv": 0.0, "B": 0.46, "Q": 1.05, "w": 9.22, "h": 0.1, "S": 0.05006, "elv": "Stortjønnbekken", "km": 1.4}}, {"type": "Feature", "geometry": {"type": "LineString", "coordinates": [[10.04909, 62.66227], [10.04999, 62.66302]]}, "properties": {"P": 14.9, "tau": 44.03, "tau_c": 145.63, "omega": 44.81, "M": 0.3, "D": 0.12, "R": 0.03, "sving": 0.13, "os": 0.08, "foss": 0.72, "juv": 0.0, "B": 0.46, "Q": 1.06, "w": 9.24, "h": 0.11, "S": 0.03998, "elv": "Stortjønnbekken", "km": 1.5}}, {"type": "Feature", "geometry": {"type": "LineString", "coordinates": [[10.04999, 62.66302], [10.05093, 62.66375]]}, "properties": {"P": 17.12, "tau": 50.11, "tau_c": 159.78, "omega": 53.94, "M": 0.31, "D": 0.07, "R": 0.03, "sving": 0.02, "os": 0.12, "foss": 1.0, "juv": 0.0, "B": 0.46, "Q": 1.06, "w": 9.26, "h": 0.11, "S": 0.04812, "elv": "Stortjønnbekken", "km": 1.6}}, {"type": "Feature", "geometry": {"type": "LineString", "coordinates": [[10.05093, 62.66375], [10.05122, 62.66461]]}, "properties": {"P": 21.04, "tau": 46.25, "tau_c": 150.69, "omega": 48.1, "M": 0.31, "D": 0.06, "R": 0.03, "sving": 0.27, "os": 0.19, "foss": 1.0, "juv": 0.0, "B": 0.46, "Q": 1.06, "w": 9.28, "h": 0.11, "S": 0.0428, "elv": "Stortjønnbekken", "km": 1.7}}, {"type": "Feature", "geometry": {"type": "LineString", "coordinates": [[10.05142, 62.66597], [10.05163, 62.66664]]}, "properties": {"P": 18.75, "tau": 47.81, "tau_c": 144.65, "omega": 51.5, "M": 0.33, "D": 0.06, "R": 0.04, "sving": 0.05, "os": 0.67, "foss": 0.51, "juv": 0.0, "B": 0.47, "Q": 1.32, "w": 9.93, "h": 0.12, "S": 0.03944, "elv": "Stortjønnbekken", "km": 2.0}}, {"type": "Feature", "geometry": {"type": "LineString", "coordinates": [[10.06012, 62.66587], [10.05909, 62.66663]]}, "properties": {"P": 17.89, "tau": 65.88, "tau_c": 215.02, "omega": 77.18, "M": 0.31, "D": 0.0, "R": 0.03, "sving": 0.09, "os": 0.18, "foss": 1.0, "juv": 0.0, "B": 0.47, "Q": 0.66, "w": 7.33, "h": 0.08, "S": 0.08714, "elv": "Fjellbekken", "km": 3.4}}, {"type": "Feature", "geometry": {"type": "LineString", "coordinates": [[10.05909, 62.66663], [10.0574, 62.66677]]}, "properties": {"P": 18.31, "tau": 72.0, "tau_c": 228.72, "omega": 87.72, "M": 0.31, "D": 0.0, "R": 0.03, "sving": 0.14, "os": 0.15, "foss": 1.0, "juv": 0.0, "B": 0.47, "Q": 0.66, "w": 7.33, "h": 0.07, "S": 0.0986, "elv": "Fjellbekken", "km": 3.5}}, {"type": "Feature", "geometry": {"type": "LineString", "coordinates": [[10.0574, 62.66677], [10.05553, 62.66687]]}, "properties": {"P": 22.35, "tau": 72.14, "tau_c": 229.2, "omega": 87.95, "M": 0.31, "D": 0.02, "R": 0.03, "sving": 0.33, "os": 0.23, "foss": 1.0, "juv": 0.0, "B": 0.47, "Q": 0.67, "w": 7.35, "h": 0.07, "S": 0.09902, "elv": "Fjellbekken", "km": 3.6}}, {"type": "Feature", "geometry": {"type": "LineString", "coordinates": [[10.05553, 62.66687], [10.0543, 62.66728]]}, "properties": {"P": 31.48, "tau": 68.38, "tau_c": 220.77, "omega": 81.42, "M": 0.31, "D": 0.09, "R": 0.03, "sving": 0.77, "os": 0.37, "foss": 1.0, "juv": 0.0, "B": 0.47, "Q": 0.67, "w": 7.36, "h": 0.08, "S": 0.09186, "elv": "Fjellbekken", "km": 3.7}}, {"type": "Feature", "geometry": {"type": "LineString", "coordinates": [[10.0543, 62.66728], [10.0548, 62.668]]}, "properties": {"P": 29.34, "tau": 60.88, "tau_c": 201.93, "omega": 69.07, "M": 0.3, "D": 0.21, "R": 0.03, "sving": 0.63, "os": 0.48, "foss": 0.72, "juv": 0.0, "B": 0.47, "Q": 0.68, "w": 7.38, "h": 0.08, "S": 0.07686, "elv": "Fjellbekken", "km": 3.8}}, {"type": "Feature", "geometry": {"type": "LineString", "coordinates": [[10.0562, 62.66938], [10.05694, 62.67018]]}, "properties": {"P": 13.82, "tau": 19.83, "tau_c": 65.98, "omega": 15.22, "M": 0.3, "D": 0.35, "R": 0.03, "sving": 0.2, "os": 0.15, "foss": 0.0, "juv": 0.0, "B": 0.56, "Q": 2.01, "w": 10.61, "h": 0.25, "S": 0.00821, "elv": "Fjellbekken", "km": 4.1}}, {"type": "Feature", "geometry": {"type": "LineString", "coordinates": [[9.81177, 62.75009], [9.81239, 62.7504]]}, "properties": {"P": 21.43, "tau": 38.41, "tau_c": 104.91, "omega": 39.64, "M": 0.37, "D": 0.08, "R": 0.06, "sving": 0.18, "os": 0.53, "foss": 0.51, "juv": 0.0, "B": 0.51, "Q": 2.37, "w": 12.16, "h": 0.19, "S": 0.02074, "elv": "Gisna", "km": 0.8}}, {"type": "Feature", "geometry": {"type": "LineString", "coordinates": [[9.81239, 62.7504], [9.81363, 62.7502]]}, "properties": {"P": 27.17, "tau": 25.95, "tau_c": 81.56, "omega": 22.4, "M": 0.32, "D": 0.24, "R": 0.04, "sving": 0.44, "os": 0.64, "foss": 0.37, "juv": 0.0, "B": 0.51, "Q": 2.37, "w": 13.01, "h": 0.21, "S": 0.01254, "elv": "Gisna", "km": 0.9}}, {"type": "Feature", "geometry": {"type": "LineString", "coordinates": [[9.81564, 62.74354], [9.81472, 62.74297]]}, "properties": {"P": 8.83, "tau": 26.74, "tau_c": 84.35, "omega": 23.35, "M": 0.32, "D": 0.0, "R": 0.03, "sving": 0.53, "os": 0.0, "foss": 0.0, "juv": 0.0, "B": 0.52, "Q": 2.55, "w": 14.36, "h": 0.2, "S": 0.01341, "elv": "Gisna", "km": 2.3}}, {"type": "Feature", "geometry": {"type": "LineString", "coordinates": [[9.81472, 62.74297], [9.81326, 62.74242]]}, "properties": {"P": 15.34, "tau": 29.94, "tau_c": 91.47, "omega": 27.47, "M": 0.33, "D": 0.0, "R": 0.04, "sving": 0.96, "os": 0.0, "foss": 0.0, "juv": 0.0, "B": 0.52, "Q": 2.55, "w": 14.38, "h": 0.19, "S": 0.01577, "elv": "Gisna", "km": 2.4}}, {"type": "Feature", "geometry": {"type": "LineString", "coordinates": [[9.81326, 62.74242], [9.8118, 62.74188]]}, "properties": {"P": 4.3, "tau": 34.27, "tau_c": 100.71, "omega": 33.35, "M": 0.34, "D": 0.0, "R": 0.05, "sving": 0.21, "os": 0.0, "foss": 0.0, "juv": 0.0, "B": 0.52, "Q": 2.56, "w": 14.41, "h": 0.18, "S": 0.01912, "elv": "Gisna", "km": 2.5}}, {"type": "Feature", "geometry": {"type": "LineString", "coordinates": [[9.8118, 62.74188], [9.8099, 62.7417]]}, "properties": {"P": 4.56, "tau": 31.79, "tau_c": 95.51, "omega": 29.94, "M": 0.33, "D": 0.02, "R": 0.04, "sving": 0.2, "os": 0.0, "foss": 0.0, "juv": 0.0, "B": 0.52, "Q": 2.57, "w": 14.46, "h": 0.19, "S": 0.01719, "elv": "Gisna", "km": 2.6}}, {"type": "Feature", "geometry": {"type": "LineString", "coordinates": [[9.8099, 62.7417], [9.80824, 62.7414]]}, "properties": {"P": 9.13, "tau": 30.31, "tau_c": 92.21, "omega": 27.97, "M": 0.33, "D": 0.06, "R": 0.04, "sving": 0.47, "os": 0.0, "foss": 0.0, "juv": 0.0, "B": 0.52, "Q": 2.58, "w": 14.51, "h": 0.19, "S": 0.01603, "elv": "Gisna", "km": 2.7}}, {"type": "Feature", "geometry": {"type": "LineString", "coordinates": [[9.80824, 62.7414], [9.8066, 62.74129]]}, "properties": {"P": 4.29, "tau": 29.89, "tau_c": 90.47, "omega": 27.48, "M": 0.33, "D": 0.12, "R": 0.04, "sving": 0.06, "os": 0.0, "foss": 0.0, "juv": 0.0, "B": 0.52, "Q": 2.64, "w": 14.56, "h": 0.2, "S": 0.01543, "elv": "Gisna", "km": 2.8}}, {"type": "Feature", "geometry": {"type": "LineString", "coordinates": [[9.8066, 62.74129], [9.80719, 62.74057]]}, "properties": {"P": 11.62, "tau": 24.95, "tau_c": 79.62, "omega": 21.2, "M": 0.31, "D": 0.19, "R": 0.03, "sving": 0.46, "os": 0.0, "foss": 0.0, "juv": 0.0, "B": 0.52, "Q": 2.64, "w": 14.62, "h": 0.21, "S": 0.01195, "elv": "Gisna", "km": 2.9}}, {"type": "Feature", "geometry": {"type": "LineString", "coordinates": [[9.80574, 62.73956], [9.8057, 62.7388]]}, "properties": {"P": 3.59, "tau": 21.06, "tau_c": 70.17, "omega": 16.64, "M": 0.3, "D": 0.03, "R": 0.03, "sving": 0.07, "os": 0.08, "foss": 0.0, "juv": 0.0, "B": 0.52, "Q": 2.7, "w": 14.75, "h": 0.23, "S": 0.00928, "elv": "Gisna", "km": 3.2}}, {"type": "Feature", "geometry": {"type": "LineString", "coordinates": [[9.8057, 62.7388], [9.80404, 62.73834]]}, "properties": {"P": 9.13, "tau": 25.02, "tau_c": 79.47, "omega": 21.31, "M": 0.31, "D": 0.0, "R": 0.03, "sving": 0.44, "os": 0.11, "foss": 0.0, "juv": 0.0, "B": 0.52, "Q": 2.7, "w": 14.81, "h": 0.21, "S": 0.0119, "elv": "Gisna", "km": 3.3}}, {"type": "Feature", "geometry": {"type": "LineString", "coordinates": [[9.80404, 62.73834], [9.80238, 62.73788]]}, "properties": {"P": 4.2, "tau": 27.02, "tau_c": 84.06, "omega": 23.8, "M": 0.32, "D": 0.0, "R": 0.04, "sving": 0.04, "os": 0.17, "foss": 0.0, "juv": 0.0, "B": 0.52, "Q": 2.71, "w": 14.87, "h": 0.21, "S": 0.01332, "elv": "Gisna", "km": 3.4}}, {"type": "Feature", "geometry": {"type": "LineString", "coordinates": [[9.80238, 62.73788], [9.80062, 62.7375]]}, "properties": {"P": 10.61, "tau": 30.59, "tau_c": 91.23, "omega": 28.5, "M": 0.34, "D": 0.0, "R": 0.04, "sving": 0.36, "os": 0.27, "foss": 0.0, "juv": 0.0, "B": 0.52, "Q": 2.76, "w": 14.91, "h": 0.2, "S": 0.01569, "elv": "Gisna", "km": 3.5}}, {"type": "Feature", "geometry": {"type": "LineString", "coordinates": [[9.80062, 62.7375], [9.80036, 62.73668]]}, "properties": {"P": 14.24, "tau": 30.61, "tau_c": 91.23, "omega": 28.52, "M": 0.34, "D": 0.01, "R": 0.04, "sving": 0.49, "os": 0.37, "foss": 0.0, "juv": 0.0, "B": 0.52, "Q": 2.77, "w": 14.97, "h": 0.2, "S": 0.01569, "elv": "Gisna", "km": 3.6}}, {"type": "Feature", "geometry": {"type": "LineString", "coordinates": [[9.80036, 62.73668], [9.80025, 62.73581]]}, "properties": {"P": 15.51, "tau": 28.69, "tau_c": 87.12, "omega": 25.99, "M": 0.33, "D": 0.01, "R": 0.04, "sving": 0.36, "os": 0.59, "foss": 0.0, "juv": 0.0, "B": 0.53, "Q": 2.78, "w": 15.03, "h": 0.2, "S": 0.01431, "elv": "Gisna", "km": 3.7}}, {"type": "Feature", "geometry": {"type": "LineString", "coordinates": [[9.80025, 62.73581], [9.80077, 62.73496]]}, "properties": {"P": 20.5, "tau": 29.05, "tau_c": 87.78, "omega": 26.47, "M": 0.33, "D": 0.01, "R": 0.04, "sving": 0.32, "os": 0.95, "foss": 0.0, "juv": 0.0, "B": 0.53, "Q": 2.8, "w": 15.07, "h": 0.2, "S": 0.01452, "elv": "Gisna", "km": 3.8}}, {"type": "Feature", "geometry": {"type": "LineString", "coordinates": [[9.80077, 62.73496], [9.80045, 62.7341]]}, "properties": {"P": 11.57, "tau": 32.5, "tau_c": 94.89, "omega": 31.12, "M": 0.34, "D": 0.0, "R": 0.05, "sving": 0.05, "os": 0.64, "foss": 0.0, "juv": 0.0, "B": 0.53, "Q": 2.83, "w": 15.11, "h": 0.2, "S": 0.01697, "elv": "Gisna", "km": 3.9}}, {"type": "Feature", "geometry": {"type": "LineString", "coordinates": [[9.80045, 62.7341], [9.79918, 62.73373]]}, "properties": {"P": 24.45, "tau": 34.59, "tau_c": 99.18, "omega": 34.04, "M": 0.35, "D": 0.0, "R": 0.05, "sving": 0.12, "os": 0.4, "foss": 1.0, "juv": 0.0, "B": 0.53, "Q": 2.84, "w": 15.16, "h": 0.19, "S": 0.01854, "elv": "Gisna", "km": 4.0}}, {"type": "Feature", "geometry": {"type": "LineString", "coordinates": [[9.79918, 62.73373], [9.7989, 62.73304]]}, "properties": {"P": 24.68, "tau": 35.2, "tau_c": 100.34, "omega": 34.92, "M": 0.35, "D": 0.0, "R": 0.05, "sving": 0.17, "os": 0.37, "foss": 1.0, "juv": 0.0, "B": 0.53, "Q": 2.85, "w": 15.22, "h": 0.19, "S": 0.01898, "elv": "Gisna", "km": 4.1}}, {"type": "Feature", "geometry": {"type": "LineString", "coordinates": [[9.7989, 62.73304], [9.7988, 62.73216]]}, "properties": {"P": 25.26, "tau": 43.58, "tau_c": 116.9, "omega": 47.45, "M": 0.37, "D": 0.0, "R": 0.07, "sving": 0.29, "os": 0.54, "foss": 0.72, "juv": 0.0, "B": 0.53, "Q": 2.87, "w": 15.27, "h": 0.17, "S": 0.02576, "elv": "Gisna", "km": 4.2}}, {"type": "Feature", "geometry": {"type": "LineString", "coordinates": [[9.7988, 62.73216], [9.79933, 62.73134]]}, "properties": {"P": 24.41, "tau": 53.18, "tau_c": 134.18, "omega": 63.22, "M": 0.4, "D": 0.0, "R": 0.09, "sving": 0.07, "os": 0.88, "foss": 0.51, "juv": 0.0, "B": 0.53, "Q": 2.91, "w": 15.32, "h": 0.16, "S": 0.03394, "elv": "Gisna", "km": 4.3}}, {"type": "Feature", "geometry": {"type": "LineString", "coordinates": [[9.79933, 62.73134], [9.79892, 62.73047]]}, "properties": {"P": 27.92, "tau": 50.12, "tau_c": 128.61, "omega": 58.08, "M": 0.39, "D": 0.0, "R": 0.08, "sving": 0.01, "os": 0.69, "foss": 1.0, "juv": 0.0, "B": 0.53, "Q": 2.92, "w": 15.38, "h": 0.16, "S": 0.03118, "elv": "Gisna", "km": 4.4}}, {"type": "Feature", "geometry": {"type": "LineString", "coordinates": [[9.79892, 62.73047], [9.79893, 62.7296]]}, "properties": {"P": 25.64, "tau": 59.1, "tau_c": 144.48, "omega": 73.59, "M": 0.41, "D": 0.0, "R": 0.1, "sving": 0.08, "os": 0.44, "foss": 1.0, "juv": 0.0, "B": 0.53, "Q": 2.94, "w": 15.43, "h": 0.15, "S": 0.03934, "elv": "Gisna", "km": 4.5}}, {"type": "Feature", "geometry": {"type": "LineString", "coordinates": [[9.79893, 62.7296], [9.79878, 62.72873]]}, "properties": {"P": 19.08, "tau": 62.26, "tau_c": 149.93, "omega": 79.3, "M": 0.42, "D": 0.0, "R": 0.1, "sving": 0.1, "os": 0.27, "foss": 0.72, "juv": 0.0, "B": 0.53, "Q": 2.95, "w": 15.49, "h": 0.15, "S": 0.04237, "elv": "Gisna", "km": 4.6}}, {"type": "Feature", "geometry": {"type": "LineString", "coordinates": [[9.79878, 62.72873], [9.79891, 62.72784]]}, "properties": {"P": 23.29, "tau": 67.75, "tau_c": 158.97, "omega": 89.58, "M": 0.43, "D": 0.0, "R": 0.11, "sving": 0.18, "os": 0.17, "foss": 1.0, "juv": 0.0, "B": 0.53, "Q": 2.98, "w": 15.54, "h": 0.14, "S": 0.04763, "elv": "Gisna", "km": 4.7}}, {"type": "Feature", "geometry": {"type": "LineString", "coordinates": [[9.79891, 62.72784], [9.79899, 62.72694]]}, "properties": {"P": 21.98, "tau": 77.0, "tau_c": 173.64, "omega": 107.72, "M": 0.44, "D": 0.0, "R": 0.13, "sving": 0.02, "os": 0.21, "foss": 1.0, "juv": 0.0, "B": 0.53, "Q": 3.01, "w": 15.57, "h": 0.14, "S": 0.05683, "elv": "Gisna", "km": 4.8}}, {"type": "Feature", "geometry": {"type": "LineString", "coordinates": [[9.79899, 62.72694], [9.79831, 62.72632]]}, "properties": {"P": 27.7, "tau": 76.71, "tau_c": 173.44, "omega": 107.11, "M": 0.44, "D": 0.01, "R": 0.13, "sving": 0.25, "os": 0.33, "foss": 1.0, "juv": 0.0, "B": 0.53, "Q": 3.01, "w": 15.65, "h": 0.14, "S": 0.0567, "elv": "Gisna", "km": 4.9}}, {"type": "Feature", "geometry": {"type": "LineString", "coordinates": [[9.79831, 62.72632], [9.79809, 62.72548]]}, "properties": {"P": 31.83, "tau": 79.51, "tau_c": 178.2, "omega": 112.71, "M": 0.45, "D": 0.02, "R": 0.13, "sving": 0.35, "os": 0.49, "foss": 1.0, "juv": 0.0, "B": 0.53, "Q": 3.02, "w": 15.72, "h": 0.14, "S": 0.05985, "elv": "Gisna", "km": 5.0}}, {"type": "Feature", "geometry": {"type": "LineString", "coordinates": [[9.79809, 62.72548], [9.79702, 62.72478]]}, "properties": {"P": 39.75, "tau": 71.26, "tau_c": 163.11, "omega": 96.62, "M": 0.44, "D": 0.05, "R": 0.12, "sving": 0.57, "os": 0.76, "foss": 1.0, "juv": 0.0, "B": 0.53, "Q": 3.1, "w": 15.78, "h": 0.14, "S": 0.05015, "elv": "Gisna", "km": 5.1}}, {"type": "Feature", "geometry": {"type": "LineString", "coordinates": [[9.79702, 62.72478], [9.7985, 62.72431]]}, "properties": {"P": 33.51, "tau": 71.19, "tau_c": 163.13, "omega": 96.47, "M": 0.44, "D": 0.07, "R": 0.12, "sving": 0.08, "os": 0.81, "foss": 1.0, "juv": 0.0, "B": 0.53, "Q": 3.11, "w": 15.85, "h": 0.14, "S": 0.05016, "elv": "Gisna", "km": 5.2}}, {"type": "Feature", "geometry": {"type": "LineString", "coordinates": [[9.7985, 62.72431], [9.80014, 62.72389]]}, "properties": {"P": 32.21, "tau": 67.8, "tau_c": 157.55, "omega": 89.97, "M": 0.43, "D": 0.1, "R": 0.11, "sving": 0.48, "os": 0.57, "foss": 0.72, "juv": 0.0, "B": 0.53, "Q": 3.14, "w": 16.0, "h": 0.15, "S": 0.04679, "elv": "Gisna", "km": 5.3}}, {"type": "Feature", "geometry": {"type": "LineString", "coordinates": [[9.80014, 62.72389], [9.80032, 62.72306]]}, "properties": {"P": 29.59, "tau": 55.77, "tau_c": 137.24, "omega": 67.97, "M": 0.41, "D": 0.12, "R": 0.09, "sving": 0.24, "os": 0.36, "foss": 1.0, "juv": 0.0, "B": 0.53, "Q": 3.14, "w": 16.11, "h": 0.16, "S": 0.0355, "elv": "Gisna", "km": 5.4}}, {"type": "Feature", "geometry": {"type": "LineString", "coordinates": [[9.80032, 62.72306], [9.80146, 62.72239]]}, "properties": {"P": 23.42, "tau": 51.78, "tau_c": 127.52, "omega": 61.48, "M": 0.41, "D": 0.1, "R": 0.09, "sving": 0.26, "os": 0.25, "foss": 0.72, "juv": 0.0, "B": 0.54, "Q": 3.32, "w": 16.22, "h": 0.17, "S": 0.03065, "elv": "Gisna", "km": 5.5}}, {"type": "Feature", "geometry": {"type": "LineString", "coordinates": [[9.80146, 62.72239], [9.80206, 62.72156]]}, "properties": {"P": 15.29, "tau": 51.52, "tau_c": 127.31, "omega": 61.01, "M": 0.4, "D": 0.07, "R": 0.09, "sving": 0.08, "os": 0.15, "foss": 0.51, "juv": 0.0, "B": 0.54, "Q": 3.32, "w": 16.32, "h": 0.17, "S": 0.03055, "elv": "Gisna", "km": 5.6}}, {"type": "Feature", "geometry": {"type": "LineString", "coordinates": [[9.80206, 62.72156], [9.80276, 62.72075]]}, "properties": {"P": 11.18, "tau": 51.48, "tau_c": 127.47, "omega": 60.91, "M": 0.4, "D": 0.04, "R": 0.09, "sving": 0.06, "os": 0.1, "foss": 0.37, "juv": 0.0, "B": 0.54, "Q": 3.33, "w": 16.41, "h": 0.17, "S": 0.03063, "elv": "Gisna", "km": 5.7}}, {"type": "Feature", "geometry": {"type": "LineString", "coordinates": [[9.80276, 62.72075], [9.80256, 62.71988]]}, "properties": {"P": 20.68, "tau": 48.0, "tau_c": 121.23, "omega": 55.11, "M": 0.4, "D": 0.04, "R": 0.09, "sving": 0.08, "os": 0.06, "foss": 1.0, "juv": 0.0, "B": 0.54, "Q": 3.33, "w": 16.42, "h": 0.18, "S": 0.0277, "elv": "Gisna", "km": 5.8}}, {"type": "Feature", "geometry": {"type": "LineString", "coordinates": [[9.80256, 62.71988], [9.80397, 62.71927]]}, "properties": {"P": 17.47, "tau": 47.8, "tau_c": 120.87, "omega": 54.77, "M": 0.4, "D": 0.04, "R": 0.08, "sving": 0.22, "os": 0.0, "foss": 0.72, "juv": 0.0, "B": 0.54, "Q": 3.33, "w": 16.42, "h": 0.18, "S": 0.02754, "elv": "Gisna", "km": 5.9}}, {"type": "Feature", "geometry": {"type": "LineString", "coordinates": [[9.80397, 62.71927], [9.80494, 62.71851]]}, "properties": {"P": 18.23, "tau": 45.24, "tau_c": 116.21, "omega": 50.62, "M": 0.39, "D": 0.04, "R": 0.08, "sving": 0.48, "os": 0.0, "foss": 0.51, "juv": 0.0, "B": 0.54, "Q": 3.33, "w": 16.43, "h": 0.18, "S": 0.02545, "elv": "Gisna", "km": 6.0}}, {"type": "Feature", "geometry": {"type": "LineString", "coordinates": [[9.80494, 62.71851], [9.80653, 62.718]]}, "properties": {"P": 11.6, "tau": 46.38, "tau_c": 118.31, "omega": 52.46, "M": 0.39, "D": 0.03, "R": 0.08, "sving": 0.21, "os": 0.0, "foss": 0.37, "juv": 0.0, "B": 0.54, "Q": 3.33, "w": 16.43, "h": 0.18, "S": 0.02638, "elv": "Gisna", "km": 6.1}}, {"type": "Feature", "geometry": {"type": "LineString", "coordinates": [[9.80653, 62.718], [9.80832, 62.71765]]}, "properties": {"P": 5.31, "tau": 43.58, "tau_c": 113.28, "omega": 47.97, "M": 0.38, "D": 0.03, "R": 0.08, "sving": 0.18, "os": 0.0, "foss": 0.0, "juv": 0.0, "B": 0.54, "Q": 3.34, "w": 16.5, "h": 0.18, "S": 0.02419, "elv": "Gisna", "km": 6.2}}, {"type": "Feature", "geometry": {"type": "LineString", "coordinates": [[9.80832, 62.71765], [9.81023, 62.71749]]}, "properties": {"P": 21.12, "tau": 43.38, "tau_c": 113.11, "omega": 47.62, "M": 0.38, "D": 0.02, "R": 0.08, "sving": 0.21, "os": 0.0, "foss": 1.0, "juv": 0.0, "B": 0.54, "Q": 3.34, "w": 16.58, "h": 0.18, "S": 0.02411, "elv": "Gisna", "km": 6.3}}, {"type": "Feature", "geometry": {"type": "LineString", "coordinates": [[9.81023, 62.71749], [9.81183, 62.71701]]}, "properties": {"P": 16.34, "tau": 44.16, "tau_c": 112.72, "omega": 49.1, "M": 0.39, "D": 0.02, "R": 0.08, "sving": 0.17, "os": 0.0, "foss": 0.72, "juv": 0.0, "B": 0.54, "Q": 3.48, "w": 16.65, "h": 0.19, "S": 0.02395, "elv": "Gisna", "km": 6.4}}, {"type": "Feature", "geometry": {"type": "LineString", "coordinates": [[9.81183, 62.71701], [9.81371, 62.71699]]}, "properties": {"P": 12.73, "tau": 42.14, "tau_c": 109.2, "omega": 45.89, "M": 0.39, "D": 0.03, "R": 0.08, "sving": 0.14, "os": 0.0, "foss": 0.51, "juv": 0.0, "B": 0.54, "Q": 3.48, "w": 16.73, "h": 0.19, "S": 0.02248, "elv": "Gisna", "km": 6.5}}, {"type": "Feature", "geometry": {"type": "LineString", "coordinates": [[9.81371, 62.71699], [9.81565, 62.71704]]}, "properties": {"P": 10.72, "tau": 42.03, "tau_c": 109.2, "omega": 45.68, "M": 0.38, "D": 0.04, "R": 0.08, "sving": 0.14, "os": 0.0, "foss": 0.37, "juv": 0.0, "B": 0.54, "Q": 3.49, "w": 16.83, "h": 0.19, "S": 0.02248, "elv": "Gisna", "km": 6.6}}, {"type": "Feature", "geometry": {"type": "LineString", "coordinates": [[9.81565, 62.71704], [9.81729, 62.71657]]}, "properties": {"P": 5.61, "tau": 38.93, "tau_c": 103.43, "omega": 40.92, "M": 0.38, "D": 0.06, "R": 0.07, "sving": 0.16, "os": 0.0, "foss": 0.0, "juv": 0.0, "B": 0.54, "Q": 3.49, "w": 16.86, "h": 0.2, "S": 0.02016, "elv": "Gisna", "km": 6.7}}, {"type": "Feature", "geometry": {"type": "LineString", "coordinates": [[9.81729, 62.71657], [9.81919, 62.71639]]}, "properties": {"P": 7.52, "tau": 37.27, "tau_c": 99.62, "omega": 38.53, "M": 0.37, "D": 0.08, "R": 0.07, "sving": 0.21, "os": 0.05, "foss": 0.0, "juv": 0.0, "B": 0.54, "Q": 3.55, "w": 16.9, "h": 0.2, "S": 0.0187, "elv": "Gisna", "km": 6.8}}, {"type": "Feature", "geometry": {"type": "LineString", "coordinates": [[9.81919, 62.71639], [9.82092, 62.716]]}, "properties": {"P": 7.36, "tau": 35.23, "tau_c": 95.75, "omega": 35.53, "M": 0.37, "D": 0.11, "R": 0.06, "sving": 0.14, "os": 0.08, "foss": 0.0, "juv": 0.0, "B": 0.54, "Q": 3.55, "w": 16.93, "h": 0.21, "S": 0.01728, "elv": "Gisna", "km": 6.9}}, {"type": "Feature", "geometry": {"type": "LineString", "coordinates": [[9.82092, 62.716], [9.82259, 62.71559]]}, "properties": {"P": 6.26, "tau": 30.9, "tau_c": 88.0, "omega": 29.35, "M": 0.35, "D": 0.13, "R": 0.05, "sving": 0.01, "os": 0.13, "foss": 0.0, "juv": 0.0, "B": 0.54, "Q": 3.55, "w": 17.32, "h": 0.22, "S": 0.0146, "elv": "Gisna", "km": 7.0}}, {"type": "Feature", "geometry": {"type": "LineString", "coordinates": [[9.82259, 62.71559], [9.82422, 62.71544]]}, "properties": {"P": 14.11, "tau": 26.8, "tau_c": 80.16, "omega": 23.88, "M": 0.33, "D": 0.15, "R": 0.04, "sving": 0.42, "os": 0.21, "foss": 0.0, "juv": 0.0, "B": 0.54, "Q": 3.55, "w": 17.68, "h": 0.23, "S": 0.01211, "elv": "Gisna", "km": 7.1}}, {"type": "Feature", "geometry": {"type": "LineString", "coordinates": [[9.82422, 62.71544], [9.82605, 62.71529]]}, "properties": {"P": 10.05, "tau": 26.13, "tau_c": 75.08, "omega": 23.4, "M": 0.35, "D": 0.1, "R": 0.05, "sving": 0.09, "os": 0.32, "foss": 0.0, "juv": 0.0, "B": 0.56, "Q": 4.35, "w": 19.38, "h": 0.25, "S": 0.01062, "elv": "Gisna", "km": 7.2}}, {"type": "Feature", "geometry": {"type": "LineString", "coordinates": [[9.82605, 62.71529], [9.82741, 62.71579]]}, "properties": {"P": 10.44, "tau": 20.13, "tau_c": 64.61, "omega": 15.94, "M": 0.31, "D": 0.06, "R": 0.03, "sving": 0.03, "os": 0.49, "foss": 0.0, "juv": 0.0, "B": 0.56, "Q": 4.35, "w": 21.07, "h": 0.26, "S": 0.00787, "elv": "Gisna", "km": 7.3}}, {"type": "Feature", "geometry": {"type": "LineString", "coordinates": [[9.82741, 62.71579], [9.82867, 62.71563]]}, "properties": {"P": 20.25, "tau": 26.38, "tau_c": 62.35, "omega": 25.19, "M": 0.42, "D": 0.0, "R": 0.11, "sving": 0.3, "os": 0.7, "foss": 0.0, "juv": 0.0, "B": 0.6, "Q": 7.98, "w": 22.76, "h": 0.37, "S": 0.00733, "elv": "Gisna", "km": 7.4}}, {"type": "Feature", "geometry": {"type": "LineString", "coordinates": [[9.82867, 62.71563], [9.83047, 62.71541]]}, "properties": {"P": 26.27, "tau": 26.46, "tau_c": 64.08, "omega": 25.14, "M": 0.41, "D": 0.0, "R": 0.1, "sving": 0.39, "os": 0.98, "foss": 0.0, "juv": 0.0, "B": 0.6, "Q": 7.98, "w": 24.09, "h": 0.35, "S": 0.00774, "elv": "Gisna", "km": 7.5}}, {"type": "Feature", "geometry": {"type": "LineString", "coordinates": [[9.83047, 62.71541], [9.83199, 62.71589]]}, "properties": {"P": 25.67, "tau": 26.57, "tau_c": 65.8, "omega": 25.14, "M": 0.4, "D": 0.0, "R": 0.09, "sving": 0.71, "os": 0.63, "foss": 0.0, "juv": 0.0, "B": 0.6, "Q": 7.98, "w": 25.43, "h": 0.33, "S": 0.00816, "elv": "Gisna", "km": 7.6}}, {"type": "Feature", "geometry": {"type": "LineString", "coordinates": [[9.83199, 62.71589], [9.83175, 62.71668]]}, "properties": {"P": 13.11, "tau": 34.33, "tau_c": 79.09, "omega": 36.3, "M": 0.43, "D": 0.0, "R": 0.12, "sving": 0.14, "os": 0.43, "foss": 0.0, "juv": 0.0, "B": 0.6, "Q": 7.99, "w": 25.44, "h": 0.3, "S": 0.01179, "elv": "Gisna", "km": 7.7}}, {"type": "Feature", "geometry": {"type": "LineString", "coordinates": [[9.83175, 62.71668], [9.83163, 62.7175]]}, "properties": {"P": 19.45, "tau": 40.77, "tau_c": 89.49, "omega": 46.45, "M": 0.46, "D": 0.0, "R": 0.14, "sving": 0.53, "os": 0.38, "foss": 0.0, "juv": 0.0, "B": 0.6, "Q": 7.99, "w": 25.46, "h": 0.28, "S": 0.01509, "elv": "Gisna", "km": 7.8}}, {"type": "Feature", "geometry": {"type": "LineString", "coordinates": [[9.83163, 62.7175], [9.8333, 62.71758]]}, "properties": {"P": 21.9, "tau": 46.01, "tau_c": 97.42, "omega": 55.27, "M": 0.47, "D": 0.0, "R": 0.16, "sving": 0.74, "os": 0.27, "foss": 0.0, "juv": 0.0, "B": 0.6, "Q": 8.02, "w": 25.47, "h": 0.26, "S": 0.01789, "elv": "Gisna", "km": 7.9}}, {"type": "Feature", "geometry": {"type": "LineString", "coordinates": [[9.8333, 62.71758], [9.83462, 62.71697]]}, "properties": {"P": 20.66, "tau": 51.16, "tau_c": 105.13, "omega": 64.34, "M": 0.49, "D": 0.0, "R": 0.17, "sving": 0.72, "os": 0.2, "foss": 0.0, "juv": 0.0, "B": 0.6, "Q": 8.02, "w": 25.49, "h": 0.25, "S": 0.02083, "elv": "Gisna", "km": 8.0}}, {"type": "Feature", "geometry": {"type": "LineString", "coordinates": [[9.83462, 62.71697], [9.83644, 62.71674]]}, "properties": {"P": 10.19, "tau": 53.51, "tau_c": 108.58, "omega": 68.62, "M": 0.49, "D": 0.0, "R": 0.18, "sving": 0.11, "os": 0.18, "foss": 0.0, "juv": 0.0, "B": 0.6, "Q": 8.03, "w": 25.5, "h": 0.25, "S": 0.02222, "elv": "Gisna", "km": 8.1}}, {"type": "Feature", "geometry": {"type": "LineString", "coordinates": [[9.83644, 62.71674], [9.83825, 62.7165]]}, "properties": {"P": 15.78, "tau": 57.88, "tau_c": 114.84, "omega": 76.8, "M": 0.5, "D": 0.0, "R": 0.19, "sving": 0.47, "os": 0.13, "foss": 0.0, "juv": 0.0, "B": 0.6, "Q": 8.03, "w": 25.51, "h": 0.24, "S": 0.02486, "elv": "Gisna", "km": 8.2}}, {"type": "Feature", "geometry": {"type": "LineString", "coordinates": [[9.83825, 62.7165], [9.84007, 62.71635]]}, "properties": {"P": 9.0, "tau": 59.85, "tau_c": 117.62, "omega": 80.56, "M": 0.51, "D": 0.0, "R": 0.2, "sving": 0.11, "os": 0.08, "foss": 0.0, "juv": 0.0, "B": 0.6, "Q": 8.03, "w": 25.51, "h": 0.23, "S": 0.02608, "elv": "Gisna", "km": 8.3}}, {"type": "Feature", "geometry": {"type": "LineString", "coordinates": [[9.84007, 62.71635], [9.84159, 62.7167]]}, "properties": {"P": 24.93, "tau": 57.9, "tau_c": 114.85, "omega": 76.83, "M": 0.5, "D": 0.0, "R": 0.19, "sving": 0.08, "os": 0.05, "foss": 1.0, "juv": 0.0, "B": 0.6, "Q": 8.04, "w": 25.52, "h": 0.24, "S": 0.02486, "elv": "Gisna", "km": 8.4}}, {"type": "Feature", "geometry": {"type": "LineString", "coordinates": [[9.84159, 62.7167], [9.84324, 62.71622]]}, "properties": {"P": 23.16, "tau": 62.61, "tau_c": 121.45, "omega": 85.94, "M": 0.52, "D": 0.0, "R": 0.21, "sving": 0.01, "os": 0.0, "foss": 1.0, "juv": 0.0, "B": 0.6, "Q": 8.04, "w": 25.52, "h": 0.23, "S": 0.0278, "elv": "Gisna", "km": 8.5}}, {"type": "Feature", "geometry": {"type": "LineString", "coordinates": [[9.84324, 62.71622], [9.84506, 62.71616]]}, "properties": {"P": 21.44, "tau": 68.1, "tau_c": 128.99, "omega": 96.94, "M": 0.53, "D": 0.0, "R": 0.22, "sving": 0.16, "os": 0.0, "foss": 0.72, "juv": 0.0, "B": 0.6, "Q": 8.05, "w": 25.53, "h": 0.22, "S": 0.03136, "elv": "Gisna", "km": 8.6}}, {"type": "Feature", "geometry": {"type": "LineString", "coordinates": [[9.84506, 62.71616], [9.84693, 62.71601]]}, "properties": {"P": 28.55, "tau": 82.12, "tau_c": 144.66, "omega": 127.48, "M": 0.57, "D": 0.0, "R": 0.27, "sving": 0.21, "os": 0.0, "foss": 1.0, "juv": 0.0, "B": 0.6, "Q": 8.05, "w": 24.43, "h": 0.21, "S": 0.03944, "elv": "Gisna", "km": 8.7}}, {"type": "Feature", "geometry": {"type": "LineString", "coordinates": [[9.84693, 62.71601], [9.84887, 62.71604]]}, "properties": {"P": 27.19, "tau": 90.16, "tau_c": 151.41, "omega": 146.64, "M": 0.6, "D": 0.0, "R": 0.31, "sving": 0.07, "os": 0.0, "foss": 1.0, "juv": 0.0, "B": 0.6, "Q": 8.07, "w": 23.33, "h": 0.21, "S": 0.04321, "elv": "Gisna", "km": 8.8}}, {"type": "Feature", "geometry": {"type": "LineString", "coordinates": [[9.84887, 62.71604], [9.85082, 62.71604]]}, "properties": {"P": 28.89, "tau": 94.96, "tau_c": 157.15, "omega": 157.93, "M": 0.6, "D": 0.0, "R": 0.32, "sving": 0.1, "os": 0.05, "foss": 1.0, "juv": 0.0, "B": 0.6, "Q": 8.07, "w": 23.34, "h": 0.21, "S": 0.04655, "elv": "Gisna", "km": 8.9}}, {"type": "Feature", "geometry": {"type": "LineString", "coordinates": [[9.85082, 62.71604], [9.85267, 62.71581]]}, "properties": {"P": 29.14, "tau": 98.88, "tau_c": 161.83, "omega": 167.34, "M": 0.61, "D": 0.01, "R": 0.33, "sving": 0.05, "os": 0.09, "foss": 1.0, "juv": 0.0, "B": 0.6, "Q": 8.07, "w": 23.36, "h": 0.2, "S": 0.04936, "elv": "Gisna", "km": 9.0}}, {"type": "Feature", "geometry": {"type": "LineString", "coordinates": [[9.85267, 62.71581], [9.85462, 62.71589]]}, "properties": {"P": 30.96, "tau": 96.89, "tau_c": 159.55, "omega": 162.52, "M": 0.61, "D": 0.05, "R": 0.32, "sving": 0.06, "os": 0.14, "foss": 1.0, "juv": 0.0, "B": 0.6, "Q": 8.08, "w": 23.39, "h": 0.21, "S": 0.04798, "elv": "Gisna", "km": 9.1}}, {"type": "Feature", "geometry": {"type": "LineString", "coordinates": [[9.85462, 62.71589], [9.85655, 62.71603]]}, "properties": {"P": 37.46, "tau": 89.03, "tau_c": 153.33, "omega": 143.12, "M": 0.58, "D": 0.1, "R": 0.29, "sving": 0.34, "os": 0.23, "foss": 1.0, "juv": 0.0, "B": 0.6, "Q": 8.13, "w": 24.71, "h": 0.2, "S": 0.04431, "elv": "Gisna", "km": 9.2}}, {"type": "Feature", "geometry": {"type": "LineString", "coordinates": [[9.85655, 62.71603], [9.85847, 62.71617]]}, "properties": {"P": 36.68, "tau": 75.68, "tau_c": 139.43, "omega": 112.71, "M": 0.54, "D": 0.14, "R": 0.24, "sving": 0.46, "os": 0.37, "foss": 0.72, "juv": 0.0, "B": 0.6, "Q": 8.16, "w": 26.03, "h": 0.21, "S": 0.03664, "elv": "Gisna", "km": 9.3}}, {"type": "Feature", "geometry": {"type": "LineString", "coordinates": [[9.85847, 62.71617], [9.85996, 62.71671]]}, "properties": {"P": 36.91, "tau": 70.16, "tau_c": 128.83, "omega": 101.93, "M": 0.54, "D": 0.13, "R": 0.24, "sving": 0.45, "os": 0.58, "foss": 0.51, "juv": 0.0, "B": 0.6, "Q": 8.72, "w": 26.25, "h": 0.23, "S": 0.03128, "elv": "Gisna", "km": 9.4}}, {"type": "Feature", "geometry": {"type": "LineString", "coordinates": [[9.85996, 62.71671], [9.86044, 62.71755]]}, "properties": {"P": 35.42, "tau": 62.41, "tau_c": 118.69, "omega": 86.14, "M": 0.53, "D": 0.11, "R": 0.22, "sving": 0.22, "os": 0.94, "foss": 0.37, "juv": 0.0, "B": 0.6, "Q": 8.75, "w": 26.46, "h": 0.24, "S": 0.02655, "elv": "Gisna", "km": 9.5}}, {"type": "Feature", "geometry": {"type": "LineString", "coordinates": [[9.86044, 62.71755], [9.86084, 62.71843]]}, "properties": {"P": 22.27, "tau": 61.56, "tau_c": 117.82, "omega": 84.41, "M": 0.52, "D": 0.06, "R": 0.21, "sving": 0.2, "os": 0.65, "foss": 0.0, "juv": 0.0, "B": 0.6, "Q": 8.77, "w": 26.67, "h": 0.24, "S": 0.02617, "elv": "Gisna", "km": 9.6}}, {"type": "Feature", "geometry": {"type": "LineString", "coordinates": [[9.86084, 62.71843], [9.86225, 62.71903]]}, "properties": {"P": 26.34, "tau": 59.83, "tau_c": 115.23, "omega": 81.08, "M": 0.52, "D": 0.04, "R": 0.21, "sving": 0.72, "os": 0.39, "foss": 0.0, "juv": 0.0, "B": 0.6, "Q": 8.82, "w": 26.71, "h": 0.24, "S": 0.02503, "elv": "Gisna", "km": 9.7}}, {"type": "Feature", "geometry": {"type": "LineString", "coordinates": [[9.86225, 62.71903], [9.86401, 62.71914]]}, "properties": {"P": 30.85, "tau": 60.35, "tau_c": 115.92, "omega": 82.1, "M": 0.52, "D": 0.02, "R": 0.21, "sving": 0.15, "os": 0.26, "foss": 1.0, "juv": 0.0, "B": 0.6, "Q": 8.84, "w": 26.76, "h": 0.24, "S": 0.02533, "elv": "Gisna", "km": 9.8}}, {"type": "Feature", "geometry": {"type": "LineString", "coordinates": [[9.86401, 62.71914], [9.8655, 62.71868]]}, "properties": {"P": 27.38, "tau": 57.64, "tau_c": 112.22, "omega": 76.85, "M": 0.51, "D": 0.02, "R": 0.2, "sving": 0.11, "os": 0.38, "foss": 0.72, "juv": 0.0, "B": 0.6, "Q": 8.85, "w": 26.82, "h": 0.25, "S": 0.02374, "elv": "Gisna", "km": 9.9}}, {"type": "Feature", "geometry": {"type": "LineString", "coordinates": [[9.8655, 62.71868], [9.86653, 62.71938]]}, "properties": {"P": 23.7, "tau": 59.19, "tau_c": 114.0, "omega": 79.91, "M": 0.52, "D": 0.03, "R": 0.21, "sving": 0.0, "os": 0.46, "foss": 0.51, "juv": 0.0, "B": 0.6, "Q": 8.93, "w": 26.86, "h": 0.25, "S": 0.0245, "elv": "Gisna", "km": 10.0}}, {"type": "Feature", "geometry": {"type": "LineString", "coordinates": [[9.86653, 62.71938], [9.86824, 62.71977]]}, "properties": {"P": 26.32, "tau": 56.22, "tau_c": 109.84, "omega": 74.25, "M": 0.51, "D": 0.04, "R": 0.2, "sving": 0.03, "os": 0.73, "foss": 0.37, "juv": 0.0, "B": 0.6, "Q": 8.95, "w": 26.89, "h": 0.25, "S": 0.02274, "elv": "Gisna", "km": 10.1}}, {"type": "Feature", "geometry": {"type": "LineString", "coordinates": [[9.86824, 62.71977], [9.87015, 62.71988]]}, "properties": {"P": 33.04, "tau": 52.42, "tau_c": 104.77, "omega": 67.11, "M": 0.5, "D": 0.03, "R": 0.19, "sving": 0.71, "os": 0.84, "foss": 0.0, "juv": 0.0, "B": 0.6, "Q": 8.95, "w": 27.08, "h": 0.26, "S": 0.02069, "elv": "Gisna", "km": 10.2}}, {"type": "Feature", "geometry": {"type": "LineString", "coordinates": [[9.87015, 62.71988], [9.87155, 62.71936]]}, "properties": {"P": 16.64, "tau": 54.72, "tau_c": 108.3, "omega": 71.31, "M": 0.51, "D": 0.02, "R": 0.19, "sving": 0.1, "os": 0.51, "foss": 0.0, "juv": 0.0, "B": 0.6, "Q": 8.95, "w": 27.24, "h": 0.25, "S": 0.02211, "elv": "Gisna", "km": 10.3}}, {"type": "Feature", "geometry": {"type": "LineString", "coordinates": [[9.87155, 62.71936], [9.87268, 62.7187]]}, "properties": {"P": 19.05, "tau": 54.78, "tau_c": 106.06, "omega": 71.91, "M": 0.52, "D": 0.01, "R": 0.21, "sving": 0.37, "os": 0.36, "foss": 0.0, "juv": 0.0, "B": 0.61, "Q": 9.47, "w": 27.39, "h": 0.26, "S": 0.0212, "elv": "Gisna", "km": 10.4}}, {"type": "Feature", "geometry": {"type": "LineString", "coordinates": [[9.87268, 62.7187], [9.87397, 62.71922]]}, "properties": {"P": 23.7, "tau": 55.72, "tau_c": 107.63, "omega": 73.63, "M": 0.52, "D": 0.01, "R": 0.21, "sving": 0.75, "os": 0.24, "foss": 0.0, "juv": 0.0, "B": 0.61, "Q": 9.47, "w": 27.55, "h": 0.26, "S": 0.02183, "elv": "Gisna", "km": 10.5}}, {"type": "Feature", "geometry": {"type": "LineString", "coordinates": [[9.87397, 62.71922], [9.87481, 62.72003]]}, "properties": {"P": 16.31, "tau": 52.24, "tau_c": 103.01, "omega": 67.09, "M": 0.51, "D": 0.03, "R": 0.2, "sving": 0.38, "os": 0.19, "foss": 0.0, "juv": 0.0, "B": 0.61, "Q": 9.47, "w": 27.7, "h": 0.27, "S": 0.02, "elv": "Gisna", "km": 10.6}}, {"type": "Feature", "geometry": {"type": "LineString", "coordinates": [[9.87481, 62.72003], [9.87524, 62.72077]]}, "properties": {"P": 15.45, "tau": 52.54, "tau_c": 103.4, "omega": 67.65, "M": 0.51, "D": 0.04, "R": 0.2, "sving": 0.35, "os": 0.16, "foss": 0.0, "juv": 0.0, "B": 0.61, "Q": 9.48, "w": 27.71, "h": 0.27, "S": 0.02015, "elv": "Gisna", "km": 10.7}}, {"type": "Feature", "geometry": {"type": "LineString", "coordinates": [[9.87524, 62.72077], [9.87716, 62.72085]]}, "properties": {"P": 13.72, "tau": 50.5, "tau_c": 100.5, "omega": 63.91, "M": 0.5, "D": 0.06, "R": 0.19, "sving": 0.26, "os": 0.13, "foss": 0.0, "juv": 0.0, "B": 0.61, "Q": 9.48, "w": 27.72, "h": 0.27, "S": 0.01904, "elv": "Gisna", "km": 10.8}}, {"type": "Feature", "geometry": {"type": "LineString", "coordinates": [[9.87716, 62.72085], [9.87906, 62.72068]]}, "properties": {"P": 15.49, "tau": 46.28, "tau_c": 94.41, "omega": 56.4, "M": 0.49, "D": 0.09, "R": 0.18, "sving": 0.39, "os": 0.08, "foss": 0.0, "juv": 0.0, "B": 0.61, "Q": 9.49, "w": 27.72, "h": 0.28, "S": 0.0168, "elv": "Gisna", "km": 10.9}}, {"type": "Feature", "geometry": {"type": "LineString", "coordinates": [[9.87906, 62.72068], [9.8808, 62.72106]]}, "properties": {"P": 10.92, "tau": 43.94, "tau_c": 91.07, "omega": 52.35, "M": 0.48, "D": 0.12, "R": 0.17, "sving": 0.14, "os": 0.05, "foss": 0.0, "juv": 0.0, "B": 0.61, "Q": 9.49, "w": 27.8, "h": 0.29, "S": 0.01563, "elv": "Gisna", "km": 11.0}}, {"type": "Feature", "geometry": {"type": "LineString", "coordinates": [[9.8808, 62.72106], [9.88263, 62.72128]]}, "properties": {"P": 22.58, "tau": 37.06, "tau_c": 80.69, "omega": 40.98, "M": 0.46, "D": 0.15, "R": 0.14, "sving": 0.85, "os": 0.0, "foss": 0.0, "juv": 0.0, "B": 0.61, "Q": 9.49, "w": 27.89, "h": 0.31, "S": 0.01227, "elv": "Gisna", "km": 11.1}}, {"type": "Feature", "geometry": {"type": "LineString", "coordinates": [[9.88263, 62.72128], [9.88436, 62.72168]]}, "properties": {"P": 8.55, "tau": 33.59, "tau_c": 74.38, "omega": 35.72, "M": 0.45, "D": 0.18, "R": 0.14, "sving": 0.02, "os": 0.0, "foss": 0.0, "juv": 0.0, "B": 0.61, "Q": 9.77, "w": 27.97, "h": 0.33, "S": 0.01043, "elv": "Gisna", "km": 11.2}}, {"type": "Feature", "geometry": {"type": "LineString", "coordinates": [[9.88436, 62.72168], [9.88366, 62.72229]]}, "properties": {"P": 12.16, "tau": 27.99, "tau_c": 65.38, "omega": 27.49, "M": 0.43, "D": 0.21, "R": 0.11, "sving": 0.23, "os": 0.0, "foss": 0.0, "juv": 0.0, "B": 0.61, "Q": 9.77, "w": 28.08, "h": 0.35, "S": 0.00806, "elv": "Gisna", "km": 11.3}}, {"type": "Feature", "geometry": {"type": "LineString", "coordinates": [[9.88366, 62.72229], [9.88481, 62.72257]]}, "properties": {"P": 7.86, "tau": 21.79, "tau_c": 54.71, "omega": 19.18, "M": 0.4, "D": 0.22, "R": 0.09, "sving": 0.01, "os": 0.0, "foss": 0.0, "juv": 0.0, "B": 0.61, "Q": 9.77, "w": 28.19, "h": 0.39, "S": 0.00564, "elv": "Gisna", "km": 11.4}}, {"type": "Feature", "geometry": {"type": "LineString", "coordinates": [[9.88481, 62.72257], [9.88656, 62.72228]]}, "properties": {"P": 14.07, "tau": 20.74, "tau_c": 52.59, "omega": 17.89, "M": 0.39, "D": 0.19, "R": 0.08, "sving": 0.41, "os": 0.0, "foss": 0.0, "juv": 0.0, "B": 0.61, "Q": 9.87, "w": 28.22, "h": 0.41, "S": 0.00521, "elv": "Gisna", "km": 11.5}}, {"type": "Feature", "geometry": {"type": "LineString", "coordinates": [[9.88656, 62.72228], [9.88752, 62.72252]]}, "properties": {"P": 7.2, "tau": 16.75, "tau_c": 45.14, "omega": 13.16, "M": 0.37, "D": 0.16, "R": 0.07, "sving": 0.08, "os": 0.0, "foss": 0.0, "juv": 0.0, "B": 0.61, "Q": 9.87, "w": 28.26, "h": 0.44, "S": 0.00384, "elv": "Gisna", "km": 11.6}}, {"type": "Feature", "geometry": {"type": "LineString", "coordinates": [[9.88752, 62.72252], [9.88863, 62.72324]]}, "properties": {"P": 5.58, "tau": 16.84, "tau_c": 45.36, "omega": 13.26, "M": 0.37, "D": 0.09, "R": 0.07, "sving": 0.09, "os": 0.0, "foss": 0.0, "juv": 0.0, "B": 0.61, "Q": 9.87, "w": 28.31, "h": 0.44, "S": 0.00388, "elv": "Gisna", "km": 11.7}}, {"type": "Feature", "geometry": {"type": "LineString", "coordinates": [[9.88863, 62.72324], [9.89007, 62.72382]]}, "properties": {"P": 13.26, "tau": 15.32, "tau_c": 42.28, "omega": 11.59, "M": 0.36, "D": 0.05, "R": 0.06, "sving": 0.59, "os": 0.0, "foss": 0.0, "juv": 0.0, "B": 0.61, "Q": 9.93, "w": 28.33, "h": 0.46, "S": 0.00337, "elv": "Gisna", "km": 11.8}}, {"type": "Feature", "geometry": {"type": "LineString", "coordinates": [[9.89007, 62.72382], [9.892, 62.72373]]}, "properties": {"P": 12.89, "tau": 16.94, "tau_c": 45.44, "omega": 13.38, "M": 0.37, "D": 0.05, "R": 0.07, "sving": 0.56, "os": 0.0, "foss": 0.0, "juv": 0.0, "B": 0.61, "Q": 9.94, "w": 28.35, "h": 0.44, "S": 0.00389, "elv": "Gisna", "km": 11.9}}, {"type": "Feature", "geometry": {"type": "LineString", "coordinates": [[9.892, 62.72373], [9.89293, 62.72295]]}, "properties": {"P": 14.79, "tau": 16.76, "tau_c": 45.1, "omega": 13.18, "M": 0.37, "D": 0.14, "R": 0.07, "sving": 0.55, "os": 0.0, "foss": 0.0, "juv": 0.0, "B": 0.61, "Q": 9.94, "w": 28.38, "h": 0.45, "S": 0.00383, "elv": "Gisna", "km": 12.0}}, {"type": "Feature", "geometry": {"type": "LineString", "coordinates": [[9.89293, 62.72295], [9.89446, 62.72254]]}, "properties": {"P": 22.18, "tau": 9.96, "tau_c": 31.03, "omega": 6.24, "M": 0.32, "D": 0.25, "R": 0.04, "sving": 0.86, "os": 0.0, "foss": 0.0, "juv": 0.0, "B": 0.61, "Q": 9.94, "w": 28.38, "h": 0.56, "S": 0.00182, "elv": "Gisna", "km": 12.1}}, {"type": "Feature", "geometry": {"type": "LineString", "coordinates": [[9.89446, 62.72254], [9.89581, 62.72198]]}, "properties": {"P": 9.03, "tau": 8.2, "tau_c": 26.98, "omega": 4.72, "M": 0.3, "D": 0.24, "R": 0.03, "sving": 0.14, "os": 0.0, "foss": 0.0, "juv": 0.0, "B": 0.61, "Q": 9.95, "w": 28.39, "h": 0.61, "S": 0.00137, "elv": "Gisna", "km": 12.2}}, {"type": "Feature", "geometry": {"type": "LineString", "coordinates": [[9.89581, 62.72198], [9.89481, 62.72156]]}, "properties": {"P": 9.69, "tau": 8.04, "tau_c": 26.59, "omega": 4.58, "M": 0.3, "D": 0.2, "R": 0.03, "sving": 0.23, "os": 0.0, "foss": 0.0, "juv": 0.0, "B": 0.61, "Q": 9.95, "w": 28.39, "h": 0.61, "S": 0.00133, "elv": "Gisna", "km": 12.3}}, {"type": "Feature", "geometry": {"type": "LineString", "coordinates": [[9.89481, 62.72156], [9.89499, 62.72089]]}, "properties": {"P": 14.34, "tau": 8.04, "tau_c": 26.59, "omega": 4.58, "M": 0.3, "D": 0.14, "R": 0.03, "sving": 0.58, "os": 0.0, "foss": 0.0, "juv": 0.0, "B": 0.61, "Q": 9.95, "w": 28.39, "h": 0.61, "S": 0.00133, "elv": "Gisna", "km": 12.4}}, {"type": "Feature", "geometry": {"type": "LineString", "coordinates": [[9.90986, 62.70957], [9.9108, 62.7088]]}, "properties": {"P": 4.86, "tau": 11.01, "tau_c": 32.49, "omega": 7.27, "M": 0.34, "D": 0.0, "R": 0.05, "sving": 0.2, "os": 0.0, "foss": 0.0, "juv": 0.0, "B": 0.62, "Q": 11.24, "w": 30.16, "h": 0.56, "S": 0.00199, "elv": "Gisna", "km": 15.4}}, {"type": "Feature", "geometry": {"type": "LineString", "coordinates": [[9.9108, 62.7088], [9.91205, 62.70815]]}, "properties": {"P": 8.63, "tau": 15.06, "tau_c": 40.68, "omega": 11.41, "M": 0.37, "D": 0.0, "R": 0.07, "sving": 0.37, "os": 0.0, "foss": 0.0, "juv": 0.0, "B": 0.62, "Q": 11.25, "w": 30.19, "h": 0.49, "S": 0.00312, "elv": "Gisna", "km": 15.5}}, {"type": "Feature", "geometry": {"type": "LineString", "coordinates": [[9.91205, 62.70815], [9.91207, 62.70731]]}, "properties": {"P": 4.94, "tau": 19.09, "tau_c": 48.21, "omega": 16.03, "M": 0.4, "D": 0.0, "R": 0.09, "sving": 0.13, "os": 0.0, "foss": 0.0, "juv": 0.0, "B": 0.62, "Q": 11.27, "w": 30.2, "h": 0.44, "S": 0.00438, "elv": "Gisna", "km": 15.6}}, {"type": "Feature", "geometry": {"type": "LineString", "coordinates": [[9.91207, 62.70731], [9.91363, 62.70679]]}, "properties": {"P": 5.44, "tau": 20.79, "tau_c": 51.26, "omega": 18.12, "M": 0.41, "D": 0.0, "R": 0.09, "sving": 0.15, "os": 0.0, "foss": 0.0, "juv": 0.0, "B": 0.62, "Q": 11.27, "w": 30.24, "h": 0.43, "S": 0.00495, "elv": "Gisna", "km": 15.7}}, {"type": "Feature", "geometry": {"type": "LineString", "coordinates": [[9.91363, 62.70679], [9.91393, 62.70593]]}, "properties": {"P": 5.37, "tau": 27.43, "tau_c": 62.59, "omega": 26.98, "M": 0.44, "D": 0.0, "R": 0.12, "sving": 0.1, "os": 0.0, "foss": 0.0, "juv": 0.0, "B": 0.62, "Q": 11.27, "w": 30.27, "h": 0.38, "S": 0.00738, "elv": "Gisna", "km": 15.8}}, {"type": "Feature", "geometry": {"type": "LineString", "coordinates": [[9.91393, 62.70593], [9.91453, 62.70509]]}, "properties": {"P": 7.78, "tau": 34.74, "tau_c": 71.62, "omega": 38.2, "M": 0.49, "D": 0.0, "R": 0.17, "sving": 0.15, "os": 0.0, "foss": 0.0, "juv": 0.0, "B": 0.62, "Q": 11.37, "w": 28.23, "h": 0.37, "S": 0.00967, "elv": "Gisna", "km": 15.9}}, {"type": "Feature", "geometry": {"type": "LineString", "coordinates": [[9.91453, 62.70509], [9.91504, 62.70423]]}, "properties": {"P": 10.73, "tau": 44.48, "tau_c": 82.69, "omega": 54.93, "M": 0.54, "D": 0.0, "R": 0.23, "sving": 0.21, "os": 0.0, "foss": 0.0, "juv": 0.0, "B": 0.62, "Q": 11.38, "w": 26.18, "h": 0.35, "S": 0.01289, "elv": "Gisna", "km": 16.0}}, {"type": "Feature", "geometry": {"type": "LineString", "coordinates": [[9.91504, 62.70423], [9.91604, 62.70346]]}, "properties": {"P": 8.44, "tau": 50.88, "tau_c": 90.97, "omega": 66.66, "M": 0.56, "D": 0.0, "R": 0.26, "sving": 0.04, "os": 0.0, "foss": 0.0, "juv": 0.0, "B": 0.62, "Q": 11.43, "w": 26.23, "h": 0.33, "S": 0.0156, "elv": "Gisna", "km": 16.1}}, {"type": "Feature", "geometry": {"type": "LineString", "coordinates": [[9.91604, 62.70346], [9.91733, 62.7028]]}, "properties": {"P": 19.48, "tau": 50.19, "tau_c": 90.05, "omega": 65.36, "M": 0.56, "D": 0.0, "R": 0.26, "sving": 0.66, "os": 0.0, "foss": 0.0, "juv": 0.0, "B": 0.62, "Q": 11.45, "w": 26.26, "h": 0.33, "S": 0.01528, "elv": "Gisna", "km": 16.2}}, {"type": "Feature", "geometry": {"type": "LineString", "coordinates": [[9.91733, 62.7028], [9.91814, 62.70199]]}, "properties": {"P": 11.15, "tau": 55.46, "tau_c": 96.76, "omega": 75.42, "M": 0.57, "D": 0.0, "R": 0.28, "sving": 0.16, "os": 0.0, "foss": 0.0, "juv": 0.0, "B": 0.62, "Q": 11.45, "w": 26.29, "h": 0.32, "S": 0.01765, "elv": "Gisna", "km": 16.3}}, {"type": "Feature", "geometry": {"type": "LineString", "coordinates": [[9.91814, 62.70199], [9.91949, 62.70229]]}, "properties": {"P": 12.45, "tau": 57.06, "tau_c": 101.92, "omega": 77.91, "M": 0.56, "D": 0.0, "R": 0.26, "sving": 0.26, "os": 0.0, "foss": 0.0, "juv": 0.0, "B": 0.62, "Q": 11.47, "w": 28.29, "h": 0.3, "S": 0.01958, "elv": "Gisna", "km": 16.4}}, {"type": "Feature", "geometry": {"type": "LineString", "coordinates": [[9.91949, 62.70229], [9.92066, 62.70193]]}, "properties": {"P": 11.65, "tau": 56.53, "tau_c": 104.31, "omega": 76.23, "M": 0.54, "D": 0.0, "R": 0.24, "sving": 0.26, "os": 0.0, "foss": 0.0, "juv": 0.0, "B": 0.62, "Q": 11.47, "w": 30.29, "h": 0.28, "S": 0.02051, "elv": "Gisna", "km": 16.5}}, {"type": "Feature", "geometry": {"type": "LineString", "coordinates": [[9.92066, 62.70193], [9.92071, 62.70103]]}, "properties": {"P": 18.57, "tau": 61.1, "tau_c": 110.28, "omega": 85.22, "M": 0.55, "D": 0.0, "R": 0.25, "sving": 0.62, "os": 0.0, "foss": 0.0, "juv": 0.0, "B": 0.62, "Q": 11.48, "w": 30.3, "h": 0.27, "S": 0.02292, "elv": "Gisna", "km": 16.6}}, {"type": "Feature", "geometry": {"type": "LineString", "coordinates": [[9.92071, 62.70103], [9.92023, 62.70018]]}, "properties": {"P": 10.24, "tau": 59.56, "tau_c": 108.28, "omega": 82.17, "M": 0.55, "D": 0.0, "R": 0.25, "sving": 0.16, "os": 0.0, "foss": 0.0, "juv": 0.0, "B": 0.62, "Q": 11.49, "w": 30.31, "h": 0.27, "S": 0.0221, "elv": "Gisna", "km": 16.7}}, {"type": "Feature", "geometry": {"type": "LineString", "coordinates": [[9.92023, 62.70018], [9.92083, 62.69949]]}, "properties": {"P": 35.88, "tau": 67.62, "tau_c": 118.53, "omega": 98.57, "M": 0.57, "D": 0.0, "R": 0.27, "sving": 0.55, "os": 0.0, "foss": 1.0, "juv": 0.0, "B": 0.62, "Q": 11.5, "w": 30.32, "h": 0.26, "S": 0.02648, "elv": "Gisna", "km": 16.8}}, {"type": "Feature", "geometry": {"type": "LineString", "coordinates": [[9.92083, 62.69949], [9.92276, 62.69934]]}, "properties": {"P": 26.36, "tau": 66.93, "tau_c": 117.66, "omega": 97.13, "M": 0.57, "D": 0.0, "R": 0.27, "sving": 0.31, "os": 0.0, "foss": 0.72, "juv": 0.0, "B": 0.62, "Q": 11.5, "w": 30.32, "h": 0.26, "S": 0.02609, "elv": "Gisna", "km": 16.9}}, {"type": "Feature", "geometry": {"type": "LineString", "coordinates": [[9.92276, 62.69934], [9.92468, 62.69927]]}, "properties": {"P": 31.15, "tau": 69.02, "tau_c": 120.45, "omega": 101.46, "M": 0.57, "D": 0.0, "R": 0.28, "sving": 0.28, "os": 0.0, "foss": 1.0, "juv": 0.0, "B": 0.62, "Q": 11.51, "w": 30.42, "h": 0.26, "S": 0.02734, "elv": "Gisna", "km": 17.0}}, {"type": "Feature", "geometry": {"type": "LineString", "coordinates": [[9.92468, 62.69927], [9.92564, 62.69856]]}, "properties": {"P": 21.46, "tau": 69.73, "tau_c": 121.33, "omega": 102.97, "M": 0.57, "D": 0.0, "R": 0.28, "sving": 0.02, "os": 0.0, "foss": 0.72, "juv": 0.0, "B": 0.62, "Q": 11.51, "w": 30.43, "h": 0.26, "S": 0.02775, "elv": "Gisna", "km": 17.1}}, {"type": "Feature", "geometry": {"type": "LineString", "coordinates": [[9.92564, 62.69856], [9.92705, 62.69826]]}, "properties": {"P": 32.94, "tau": 88.93, "tau_c": 144.18, "omega": 145.95, "M": 0.62, "D": 0.0, "R": 0.33, "sving": 0.28, "os": 0.0, "foss": 1.0, "juv": 0.0, "B": 0.62, "Q": 11.51, "w": 30.32, "h": 0.23, "S": 0.03918, "elv": "Gisna", "km": 17.2}}, {"type": "Feature", "geometry": {"type": "LineString", "coordinates": [[9.92705, 62.69826], [9.92869, 62.69809]]}, "properties": {"P": 29.51, "tau": 123.31, "tau_c": 176.55, "omega": 235.21, "M": 0.7, "D": 0.0, "R": 0.44, "sving": 0.19, "os": 0.0, "foss": 0.72, "juv": 0.0, "B": 0.62, "Q": 11.52, "w": 28.22, "h": 0.21, "S": 0.05875, "elv": "Gisna", "km": 17.3}}, {"type": "Feature", "geometry": {"type": "LineString", "coordinates": [[9.92869, 62.69809], [9.93, 62.69743]]}, "properties": {"P": 37.81, "tau": 142.74, "tau_c": 183.37, "omega": 295.67, "M": 0.78, "D": 0.0, "R": 0.55, "sving": 0.19, "os": 0.0, "foss": 1.0, "juv": 0.0, "B": 0.62, "Q": 11.52, "w": 24.22, "h": 0.23, "S": 0.06337, "elv": "Gisna", "km": 17.4}}, {"type": "Feature", "geometry": {"type": "LineString", "coordinates": [[9.93, 62.69743], [9.93169, 62.697]]}, "properties": {"P": 39.98, "tau": 172.72, "tau_c": 201.69, "omega": 393.12, "M": 0.86, "D": 0.0, "R": 0.65, "sving": 0.15, "os": 0.0, "foss": 1.0, "juv": 0.0, "B": 0.62, "Q": 11.56, "w": 22.11, "h": 0.23, "S": 0.07667, "elv": "Gisna", "km": 17.5}}, {"type": "Feature", "geometry": {"type": "LineString", "coordinates": [[9.93169, 62.697], [9.93358, 62.69707]]}, "properties": {"P": 41.99, "tau": 205.34, "tau_c": 208.51, "omega": 516.15, "M": 0.98, "D": 0.0, "R": 0.78, "sving": 0.04, "os": 0.0, "foss": 1.0, "juv": 0.01, "B": 0.62, "Q": 11.56, "w": 18.0, "h": 0.26, "S": 0.08194, "elv": "Gisna", "km": 17.6}}, {"type": "Feature", "geometry": {"type": "LineString", "coordinates": [[9.93358, 62.69707], [9.93545, 62.69724]]}, "properties": {"P": 44.97, "tau": 229.66, "tau_c": 214.36, "omega": 614.14, "M": 1.07, "D": 0.0, "R": 0.85, "sving": 0.08, "os": 0.0, "foss": 1.0, "juv": 0.01, "B": 0.62, "Q": 11.57, "w": 16.0, "h": 0.27, "S": 0.08661, "elv": "Gisna", "km": 17.7}}, {"type": "Feature", "geometry": {"type": "LineString", "coordinates": [[9.93545, 62.69724], [9.93681, 62.69668]]}, "properties": {"P": 48.55, "tau": 245.59, "tau_c": 211.78, "omega": 685.78, "M": 1.16, "D": 0.02, "R": 0.91, "sving": 0.16, "os": 0.0, "foss": 1.0, "juv": 0.01, "B": 0.62, "Q": 11.58, "w": 14.0, "h": 0.3, "S": 0.08454, "elv": "Gisna", "km": 17.8}}, {"type": "Feature", "geometry": {"type": "LineString", "coordinates": [[9.93681, 62.69668], [9.93819, 62.69612]]}, "properties": {"P": 48.2, "tau": 244.09, "tau_c": 223.85, "omega": 670.42, "M": 1.09, "D": 0.07, "R": 0.87, "sving": 0.15, "os": 0.0, "foss": 1.0, "juv": 0.01, "B": 0.62, "Q": 11.58, "w": 16.0, "h": 0.26, "S": 0.09444, "elv": "Gisna", "km": 17.9}}, {"type": "Feature", "geometry": {"type": "LineString", "coordinates": [[9.93819, 62.69612], [9.93992, 62.69582]]}, "properties": {"P": 44.13, "tau": 209.51, "tau_c": 231.93, "omega": 518.32, "M": 0.9, "D": 0.07, "R": 0.7, "sving": 0.2, "os": 0.0, "foss": 1.0, "juv": 0.01, "B": 0.62, "Q": 11.58, "w": 22.22, "h": 0.21, "S": 0.10139, "elv": "Gisna", "km": 18.0}}, {"type": "Feature", "geometry": {"type": "LineString", "coordinates": [[9.93992, 62.69582], [9.94176, 62.69565]]}, "properties": {"P": 39.09, "tau": 174.03, "tau_c": 232.97, "omega": 381.76, "M": 0.75, "D": 0.05, "R": 0.51, "sving": 0.26, "os": 0.0, "foss": 1.0, "juv": 0.0, "B": 0.62, "Q": 11.58, "w": 30.44, "h": 0.17, "S": 0.1023, "elv": "Gisna", "km": 18.1}}, {"type": "Feature", "geometry": {"type": "LineString", "coordinates": [[9.81522, 62.84928], [9.8168, 62.84963]]}, "properties": {"P": 13.14, "tau": 117.36, "tau_c": 364.2, "omega": 166.1, "M": 0.32, "D": 0.0, "R": 0.04, "sving": 0.12, "os": 0.0, "foss": 1.0, "juv": 0.0, "B": 0.38, "Q": 0.35, "w": 6.0, "h": 0.04, "S": 0.29069, "elv": "Hauka", "km": 1.1}}, {"type": "Feature", "geometry": {"type": "LineString", "coordinates": [[9.8168, 62.84963], [9.81855, 62.84986]]}, "properties": {"P": 12.31, "tau": 122.19, "tau_c": 364.2, "omega": 176.29, "M": 0.34, "D": 0.0, "R": 0.04, "sving": 0.04, "os": 0.0, "foss": 1.0, "juv": 0.0, "B": 0.39, "Q": 0.35, "w": 6.0, "h": 0.04, "S": 0.30439, "elv": "Hauka", "km": 1.2}}, {"type": "Feature", "geometry": {"type": "LineString", "coordinates": [[9.81855, 62.84986], [9.82047, 62.84982]]}, "properties": {"P": 13.76, "tau": 121.2, "tau_c": 364.2, "omega": 175.56, "M": 0.33, "D": 0.0, "R": 0.04, "sving": 0.15, "os": 0.0, "foss": 1.0, "juv": 0.0, "B": 0.39, "Q": 0.37, "w": 6.0, "h": 0.04, "S": 0.28702, "elv": "Hauka", "km": 1.3}}, {"type": "Feature", "geometry": {"type": "LineString", "coordinates": [[9.82047, 62.84982], [9.82235, 62.84976]]}, "properties": {"P": 15.03, "tau": 127.24, "tau_c": 364.2, "omega": 190.49, "M": 0.35, "D": 0.03, "R": 0.05, "sving": 0.2, "os": 0.0, "foss": 1.0, "juv": 0.0, "B": 0.4, "Q": 0.41, "w": 6.0, "h": 0.05, "S": 0.28509, "elv": "Hauka", "km": 1.4}}, {"type": "Feature", "geometry": {"type": "LineString", "coordinates": [[9.82235, 62.84976], [9.82409, 62.84979]]}, "properties": {"P": 13.71, "tau": 118.21, "tau_c": 364.2, "omega": 172.0, "M": 0.32, "D": 0.06, "R": 0.04, "sving": 0.05, "os": 0.0, "foss": 1.0, "juv": 0.0, "B": 0.4, "Q": 0.42, "w": 6.04, "h": 0.05, "S": 0.25111, "elv": "Hauka", "km": 1.5}}, {"type": "Feature", "geometry": {"type": "LineString", "coordinates": [[9.82409, 62.84979], [9.82568, 62.84961]]}, "properties": {"P": 14.19, "tau": 101.7, "tau_c": 327.15, "omega": 138.75, "M": 0.31, "D": 0.1, "R": 0.03, "sving": 0.05, "os": 0.0, "foss": 1.0, "juv": 0.0, "B": 0.4, "Q": 0.43, "w": 6.09, "h": 0.05, "S": 0.20173, "elv": "Hauka", "km": 1.6}}, {"type": "Feature", "geometry": {"type": "LineString", "coordinates": [[9.82568, 62.84961], [9.82746, 62.84946]]}, "properties": {"P": 14.57, "tau": 98.16, "tau_c": 306.97, "omega": 133.47, "M": 0.32, "D": 0.1, "R": 0.04, "sving": 0.0, "os": 0.06, "foss": 1.0, "juv": 0.0, "B": 0.4, "Q": 0.47, "w": 6.18, "h": 0.06, "S": 0.17761, "elv": "Hauka", "km": 1.7}}, {"type": "Feature", "geometry": {"type": "LineString", "coordinates": [[9.82746, 62.84946], [9.82919, 62.8495]]}, "properties": {"P": 16.34, "tau": 89.33, "tau_c": 285.34, "omega": 116.84, "M": 0.31, "D": 0.07, "R": 0.03, "sving": 0.15, "os": 0.09, "foss": 1.0, "juv": 0.0, "B": 0.41, "Q": 0.49, "w": 6.27, "h": 0.06, "S": 0.15346, "elv": "Hauka", "km": 1.8}}, {"type": "Feature", "geometry": {"type": "LineString", "coordinates": [[9.89631, 62.81834], [9.89574, 62.81918]]}, "properties": {"P": 22.04, "tau": 124.85, "tau_c": 267.89, "omega": 209.04, "M": 0.47, "D": 0.0, "R": 0.15, "sving": 0.31, "os": 0.81, "foss": 1.0, "juv": 0.0, "B": 0.32, "Q": 2.02, "w": 12.81, "h": 0.09, "S": 0.13526, "elv": "Gautvella", "km": 0.0}}, {"type": "Feature", "geometry": {"type": "LineString", "coordinates": [[9.89574, 62.81918], [9.89552, 62.81999]]}, "properties": {"P": 22.25, "tau": 127.01, "tau_c": 270.28, "omega": 214.47, "M": 0.47, "D": 0.0, "R": 0.15, "sving": 0.34, "os": 0.5, "foss": 1.0, "juv": 0.0, "B": 0.37, "Q": 2.04, "w": 12.84, "h": 0.09, "S": 0.13769, "elv": "Gautvella", "km": 0.1}}, {"type": "Feature", "geometry": {"type": "LineString", "coordinates": [[9.89552, 62.81999], [9.89573, 62.82081]]}, "properties": {"P": 18.88, "tau": 132.69, "tau_c": 279.2, "omega": 228.26, "M": 0.48, "D": 0.0, "R": 0.16, "sving": 0.2, "os": 0.32, "foss": 1.0, "juv": 0.0, "B": 0.37, "Q": 2.04, "w": 12.87, "h": 0.09, "S": 0.14692, "elv": "Gautvella", "km": 0.2}}, {"type": "Feature", "geometry": {"type": "LineString", "coordinates": [[9.89573, 62.82081], [9.89646, 62.82164]]}, "properties": {"P": 15.96, "tau": 126.83, "tau_c": 269.38, "omega": 214.21, "M": 0.47, "D": 0.0, "R": 0.15, "sving": 0.04, "os": 0.2, "foss": 1.0, "juv": 0.0, "B": 0.37, "Q": 2.06, "w": 12.91, "h": 0.09, "S": 0.13677, "elv": "Gautvella", "km": 0.3}}, {"type": "Feature", "geometry": {"type": "LineString", "coordinates": [[9.89646, 62.82164], [9.8969, 62.82251]]}, "properties": {"P": 16.77, "tau": 139.18, "tau_c": 287.51, "omega": 244.81, "M": 0.48, "D": 0.0, "R": 0.17, "sving": 0.12, "os": 0.17, "foss": 1.0, "juv": 0.0, "B": 0.37, "Q": 2.07, "w": 12.94, "h": 0.09, "S": 0.1558, "elv": "Gautvella", "km": 0.4}}, {"type": "Feature", "geometry": {"type": "LineString", "coordinates": [[9.8969, 62.82251], [9.89687, 62.82337]]}, "properties": {"P": 20.56, "tau": 154.06, "tau_c": 309.41, "omega": 283.07, "M": 0.5, "D": 0.0, "R": 0.18, "sving": 0.35, "os": 0.27, "foss": 1.0, "juv": 0.0, "B": 0.37, "Q": 2.08, "w": 12.99, "h": 0.09, "S": 0.18044, "elv": "Gautvella", "km": 0.5}}, {"type": "Feature", "geometry": {"type": "LineString", "coordinates": [[9.89687, 62.82337], [9.89647, 62.82421]]}, "properties": {"P": 21.01, "tau": 160.79, "tau_c": 319.45, "omega": 300.85, "M": 0.5, "D": 0.0, "R": 0.19, "sving": 0.23, "os": 0.43, "foss": 1.0, "juv": 0.0, "B": 0.37, "Q": 2.08, "w": 13.04, "h": 0.09, "S": 0.19235, "elv": "Gautvella", "km": 0.6}}, {"type": "Feature", "geometry": {"type": "LineString", "coordinates": [[9.89647, 62.82421], [9.89548, 62.82494]]}, "properties": {"P": 22.92, "tau": 171.39, "tau_c": 332.89, "omega": 330.15, "M": 0.51, "D": 0.0, "R": 0.2, "sving": 0.13, "os": 0.68, "foss": 1.0, "juv": 0.0, "B": 0.37, "Q": 2.13, "w": 13.21, "h": 0.08, "S": 0.20887, "elv": "Gautvella", "km": 0.7}}, {"type": "Feature", "geometry": {"type": "LineString", "coordinates": [[9.89548, 62.82494], [9.89477, 62.82575]]}, "properties": {"P": 24.98, "tau": 171.83, "tau_c": 334.14, "omega": 331.18, "M": 0.51, "D": 0.0, "R": 0.2, "sving": 0.1, "os": 0.9, "foss": 1.0, "juv": 0.0, "B": 0.37, "Q": 2.15, "w": 13.38, "h": 0.08, "S": 0.21043, "elv": "Gautvella", "km": 0.8}}, {"type": "Feature", "geometry": {"type": "LineString", "coordinates": [[9.89477, 62.82575], [9.89536, 62.82656]]}, "properties": {"P": 24.47, "tau": 202.62, "tau_c": 364.1, "omega": 423.65, "M": 0.56, "D": 0.01, "R": 0.26, "sving": 0.27, "os": 0.56, "foss": 1.0, "juv": 0.0, "B": 0.38, "Q": 2.34, "w": 13.55, "h": 0.08, "S": 0.24987, "elv": "Gautvella", "km": 0.9}}, {"type": "Feature", "geometry": {"type": "LineString", "coordinates": [[9.89536, 62.82656], [9.89548, 62.82746]]}, "properties": {"P": 21.21, "tau": 176.36, "tau_c": 330.39, "omega": 347.08, "M": 0.53, "D": 0.04, "R": 0.23, "sving": 0.16, "os": 0.36, "foss": 1.0, "juv": 0.0, "B": 0.38, "Q": 2.36, "w": 13.7, "h": 0.09, "S": 0.20574, "elv": "Gautvella", "km": 1.0}}, {"type": "Feature", "geometry": {"type": "LineString", "coordinates": [[9.89548, 62.82746], [9.89579, 62.82832]]}, "properties": {"P": 19.2, "tau": 157.36, "tau_c": 305.42, "omega": 294.56, "M": 0.52, "D": 0.06, "R": 0.2, "sving": 0.13, "os": 0.22, "foss": 1.0, "juv": 0.0, "B": 0.38, "Q": 2.36, "w": 13.85, "h": 0.09, "S": 0.17582, "elv": "Gautvella", "km": 1.1}}, {"type": "Feature", "geometry": {"type": "LineString", "coordinates": [[9.89579, 62.82832], [9.89589, 62.82922]]}, "properties": {"P": 18.46, "tau": 167.49, "tau_c": 318.79, "omega": 322.3, "M": 0.53, "D": 0.07, "R": 0.22, "sving": 0.11, "os": 0.14, "foss": 1.0, "juv": 0.0, "B": 0.38, "Q": 2.38, "w": 13.88, "h": 0.09, "S": 0.19155, "elv": "Gautvella", "km": 1.2}}, {"type": "Feature", "geometry": {"type": "LineString", "coordinates": [[9.89589, 62.82922], [9.89585, 62.83011]]}, "properties": {"P": 18.92, "tau": 153.55, "tau_c": 299.18, "omega": 284.71, "M": 0.51, "D": 0.1, "R": 0.2, "sving": 0.19, "os": 0.08, "foss": 1.0, "juv": 0.0, "B": 0.38, "Q": 2.39, "w": 13.91, "h": 0.09, "S": 0.1687, "elv": "Gautvella", "km": 1.3}}, {"type": "Feature", "geometry": {"type": "LineString", "coordinates": [[9.89585, 62.83011], [9.89539, 62.83098]]}, "properties": {"P": 18.32, "tau": 138.24, "tau_c": 278.27, "omega": 244.77, "M": 0.5, "D": 0.13, "R": 0.18, "sving": 0.16, "os": 0.05, "foss": 1.0, "juv": 0.0, "B": 0.38, "Q": 2.4, "w": 14.01, "h": 0.1, "S": 0.14595, "elv": "Gautvella", "km": 1.4}}, {"type": "Feature", "geometry": {"type": "LineString", "coordinates": [[9.89539, 62.83098], [9.89471, 62.83181]]}, "properties": {"P": 17.57, "tau": 108.0, "tau_c": 233.27, "omega": 171.85, "M": 0.46, "D": 0.16, "R": 0.15, "sving": 0.16, "os": 0.0, "foss": 1.0, "juv": 0.0, "B": 0.38, "Q": 2.41, "w": 14.11, "h": 0.11, "S": 0.10257, "elv": "Gautvella", "km": 1.5}}, {"type": "Feature", "geometry": {"type": "LineString", "coordinates": [[9.89471, 62.83181], [9.89402, 62.83263]]}, "properties": {"P": 17.33, "tau": 104.21, "tau_c": 222.89, "omega": 164.33, "M": 0.47, "D": 0.14, "R": 0.15, "sving": 0.15, "os": 0.0, "foss": 1.0, "juv": 0.0, "B": 0.38, "Q": 2.54, "w": 14.21, "h": 0.11, "S": 0.09364, "elv": "Gautvella", "km": 1.6}}, {"type": "Feature", "geometry": {"type": "LineString", "coordinates": [[9.89402, 62.83263], [9.89318, 62.83342]]}, "properties": {"P": 16.42, "tau": 106.71, "tau_c": 227.2, "omega": 169.9, "M": 0.47, "D": 0.14, "R": 0.15, "sving": 0.06, "os": 0.0, "foss": 1.0, "juv": 0.0, "B": 0.38, "Q": 2.55, "w": 14.32, "h": 0.11, "S": 0.0973, "elv": "Gautvella", "km": 1.7}}, {"type": "Feature", "geometry": {"type": "LineString", "coordinates": [[9.89318, 62.83342], [9.89348, 62.83429]]}, "properties": {"P": 13.71, "tau": 79.86, "tau_c": 184.41, "omega": 112.21, "M": 0.43, "D": 0.19, "R": 0.12, "sving": 0.1, "os": 0.0, "foss": 0.72, "juv": 0.0, "B": 0.38, "Q": 2.57, "w": 14.42, "h": 0.13, "S": 0.06409, "elv": "Gautvella", "km": 1.8}}, {"type": "Feature", "geometry": {"type": "LineString", "coordinates": [[9.89348, 62.83429], [9.89311, 62.83513]]}, "properties": {"P": 16.28, "tau": 66.7, "tau_c": 161.83, "omega": 86.73, "M": 0.41, "D": 0.22, "R": 0.1, "sving": 0.04, "os": 0.0, "foss": 1.0, "juv": 0.0, "B": 0.38, "Q": 2.59, "w": 14.45, "h": 0.14, "S": 0.04936, "elv": "Gautvella", "km": 1.9}}, {"type": "Feature", "geometry": {"type": "LineString", "coordinates": [[9.89311, 62.83513], [9.89291, 62.83598]]}, "properties": {"P": 22.49, "tau": 58.82, "tau_c": 148.06, "omega": 72.41, "M": 0.4, "D": 0.2, "R": 0.09, "sving": 0.64, "os": 0.0, "foss": 1.0, "juv": 0.0, "B": 0.38, "Q": 2.59, "w": 14.48, "h": 0.15, "S": 0.04132, "elv": "Gautvella", "km": 2.0}}, {"type": "Feature", "geometry": {"type": "LineString", "coordinates": [[9.89291, 62.83598], [9.89227, 62.83676]]}, "properties": {"P": 18.68, "tau": 49.09, "tau_c": 130.2, "omega": 55.86, "M": 0.38, "D": 0.2, "R": 0.07, "sving": 0.6, "os": 0.0, "foss": 0.72, "juv": 0.0, "B": 0.38, "Q": 2.59, "w": 14.52, "h": 0.16, "S": 0.03195, "elv": "Gautvella", "km": 2.1}}, {"type": "Feature", "geometry": {"type": "LineString", "coordinates": [[9.89227, 62.83676], [9.89085, 62.83677]]}, "properties": {"P": 10.42, "tau": 50.83, "tau_c": 133.03, "omega": 58.78, "M": 0.38, "D": 0.23, "R": 0.07, "sving": 0.01, "os": 0.0, "foss": 0.51, "juv": 0.0, "B": 0.38, "Q": 2.61, "w": 14.55, "h": 0.16, "S": 0.03336, "elv": "Gautvella", "km": 2.2}}, {"type": "Feature", "geometry": {"type": "LineString", "coordinates": [[9.89085, 62.83677], [9.8892, 62.83659]]}, "properties": {"P": 10.69, "tau": 25.99, "tau_c": 82.0, "omega": 22.47, "M": 0.32, "D": 0.34, "R": 0.03, "sving": 0.1, "os": 0.0, "foss": 0.37, "juv": 0.0, "B": 0.38, "Q": 2.64, "w": 14.58, "h": 0.21, "S": 0.01267, "elv": "Gautvella", "km": 2.3}}, {"type": "Feature", "geometry": {"type": "LineString", "coordinates": [[9.88767, 62.83879], [9.88612, 62.83932]]}, "properties": {"P": 3.09, "tau": 17.99, "tau_c": 58.26, "omega": 13.58, "M": 0.31, "D": 0.03, "R": 0.03, "sving": 0.12, "os": 0.06, "foss": 0.0, "juv": 0.0, "B": 0.39, "Q": 3.44, "w": 15.88, "h": 0.29, "S": 0.0064, "elv": "Gautvella", "km": 2.7}}, {"type": "Feature", "geometry": {"type": "LineString", "coordinates": [[9.88612, 62.83932], [9.88448, 62.83969]]}, "properties": {"P": 5.33, "tau": 18.15, "tau_c": 59.26, "omega": 13.71, "M": 0.31, "D": 0.02, "R": 0.03, "sving": 0.32, "os": 0.07, "foss": 0.0, "juv": 0.0, "B": 0.39, "Q": 3.44, "w": 16.28, "h": 0.28, "S": 0.00662, "elv": "Gautvella", "km": 2.8}}, {"type": "Feature", "geometry": {"type": "LineString", "coordinates": [[9.88448, 62.83969], [9.8829, 62.84021]]}, "properties": {"P": 5.29, "tau": 20.01, "tau_c": 64.28, "omega": 15.74, "M": 0.31, "D": 0.04, "R": 0.03, "sving": 0.3, "os": 0.06, "foss": 0.0, "juv": 0.0, "B": 0.39, "Q": 3.44, "w": 16.69, "h": 0.26, "S": 0.00779, "elv": "Gautvella", "km": 2.9}}, {"type": "Feature", "geometry": {"type": "LineString", "coordinates": [[9.87928, 62.84049], [9.8774, 62.84068]]}, "properties": {"P": 1.51, "tau": 18.56, "tau_c": 60.66, "omega": 14.14, "M": 0.31, "D": 0.01, "R": 0.03, "sving": 0.06, "os": 0.0, "foss": 0.0, "juv": 0.0, "B": 0.39, "Q": 3.48, "w": 16.76, "h": 0.27, "S": 0.00694, "elv": "Gautvella", "km": 3.2}}, {"type": "Feature", "geometry": {"type": "LineString", "coordinates": [[9.8774, 62.84068], [9.87544, 62.84071]]}, "properties": {"P": 4.08, "tau": 18.5, "tau_c": 60.55, "omega": 14.07, "M": 0.31, "D": 0.01, "R": 0.03, "sving": 0.29, "os": 0.0, "foss": 0.0, "juv": 0.0, "B": 0.39, "Q": 3.48, "w": 16.78, "h": 0.27, "S": 0.00691, "elv": "Gautvella", "km": 3.3}}, {"type": "Feature", "geometry": {"type": "LineString", "coordinates": [[9.87544, 62.84071], [9.87362, 62.84097]]}, "properties": {"P": 4.57, "tau": 17.88, "tau_c": 59.17, "omega": 13.4, "M": 0.3, "D": 0.08, "R": 0.03, "sving": 0.25, "os": 0.0, "foss": 0.0, "juv": 0.0, "B": 0.39, "Q": 3.48, "w": 16.83, "h": 0.28, "S": 0.0066, "elv": "Gautvella", "km": 3.4}}, {"type": "Feature", "geometry": {"type": "LineString", "coordinates": [[9.82073, 62.75613], [9.82177, 62.75545]]}, "properties": {"P": 15.82, "tau": 60.08, "tau_c": 185.0, "omega": 69.39, "M": 0.32, "D": 0.0, "R": 0.04, "sving": 0.07, "os": 0.39, "foss": 0.72, "juv": 0.0, "B": 0.44, "Q": 0.82, "w": 7.45, "h": 0.09, "S": 0.06451, "elv": "bekk", "km": 1.4}}, {"type": "Feature", "geometry": {"type": "LineString", "coordinates": [[9.80878, 62.81002], [9.8103, 62.81022]]}, "properties": {"P": 18.68, "tau": 125.27, "tau_c": 334.12, "omega": 194.85, "M": 0.37, "D": 0.0, "R": 0.07, "sving": 0.27, "os": 0.15, "foss": 1.0, "juv": 0.0, "B": 0.42, "Q": 0.63, "w": 6.7, "h": 0.06, "S": 0.21041, "elv": "bekk", "km": 0.3}}, {"type": "Feature", "geometry": {"type": "LineString", "coordinates": [[9.8103, 62.81022], [9.81124, 62.81084]]}, "properties": {"P": 20.03, "tau": 111.82, "tau_c": 312.47, "omega": 164.91, "M": 0.36, "D": 0.05, "R": 0.06, "sving": 0.27, "os": 0.21, "foss": 1.0, "juv": 0.0, "B": 0.42, "Q": 0.63, "w": 6.93, "h": 0.06, "S": 0.18403, "elv": "bekk", "km": 0.4}}, {"type": "Feature", "geometry": {"type": "LineString", "coordinates": [[9.81124, 62.81084], [9.81253, 62.81134]]}, "properties": {"P": 21.03, "tau": 103.56, "tau_c": 300.4, "omega": 147.09, "M": 0.34, "D": 0.09, "R": 0.05, "sving": 0.19, "os": 0.32, "foss": 1.0, "juv": 0.0, "B": 0.42, "Q": 0.63, "w": 7.18, "h": 0.06, "S": 0.17009, "elv": "bekk", "km": 0.5}}, {"type": "Feature", "geometry": {"type": "LineString", "coordinates": [[9.81253, 62.81134], [9.81379, 62.81193]]}, "properties": {"P": 22.23, "tau": 91.66, "tau_c": 275.59, "omega": 123.45, "M": 0.33, "D": 0.13, "R": 0.04, "sving": 0.08, "os": 0.48, "foss": 1.0, "juv": 0.0, "B": 0.42, "Q": 0.63, "w": 7.21, "h": 0.07, "S": 0.14315, "elv": "bekk", "km": 0.6}}, {"type": "Feature", "geometry": {"type": "LineString", "coordinates": [[10.09817, 62.76479], [10.09723, 62.76487]]}, "properties": {"P": 6.42, "tau": 23.33, "tau_c": 76.78, "omega": 19.12, "M": 0.3, "D": 0.03, "R": 0.03, "sving": 0.15, "os": 0.06, "foss": 0.0, "juv": 0.0, "B": 0.78, "Q": 2.21, "w": 12.63, "h": 0.21, "S": 0.01111, "elv": "Døåa", "km": 0.6}}, {"type": "Feature", "geometry": {"type": "LineString", "coordinates": [[10.08957, 62.77064], [10.08905, 62.77149]]}, "properties": {"P": 27.44, "tau": 29.52, "tau_c": 84.27, "omega": 27.45, "M": 0.35, "D": 0.02, "R": 0.05, "sving": 0.38, "os": 0.69, "foss": 0.0, "juv": 0.0, "B": 0.81, "Q": 2.81, "w": 13.45, "h": 0.22, "S": 0.01339, "elv": "Døåa", "km": 1.5}}, {"type": "Feature", "geometry": {"type": "LineString", "coordinates": [[10.08905, 62.77149], [10.08865, 62.77237]]}, "properties": {"P": 47.36, "tau": 25.7, "tau_c": 77.06, "omega": 22.44, "M": 0.33, "D": 0.02, "R": 0.04, "sving": 0.05, "os": 0.89, "foss": 1.0, "juv": 0.0, "B": 0.81, "Q": 2.81, "w": 13.77, "h": 0.23, "S": 0.01119, "elv": "Døåa", "km": 1.6}}, {"type": "Feature", "geometry": {"type": "LineString", "coordinates": [[10.08865, 62.77237], [10.08828, 62.77325]]}, "properties": {"P": 31.98, "tau": 20.93, "tau_c": 67.14, "omega": 16.67, "M": 0.31, "D": 0.02, "R": 0.03, "sving": 0.04, "os": 0.54, "foss": 0.72, "juv": 0.0, "B": 0.81, "Q": 2.82, "w": 14.09, "h": 0.25, "S": 0.0085, "elv": "Døåa", "km": 1.7}}, {"type": "Feature", "geometry": {"type": "LineString", "coordinates": [[10.08828, 62.77325], [10.08783, 62.77412]]}, "properties": {"P": 21.89, "tau": 29.59, "tau_c": 86.12, "omega": 27.41, "M": 0.34, "D": 0.0, "R": 0.05, "sving": 0.02, "os": 0.33, "foss": 0.51, "juv": 0.0, "B": 0.81, "Q": 2.82, "w": 14.11, "h": 0.22, "S": 0.01398, "elv": "Døåa", "km": 1.8}}, {"type": "Feature", "geometry": {"type": "LineString", "coordinates": [[10.08783, 62.77412], [10.08749, 62.775]]}, "properties": {"P": 15.41, "tau": 29.57, "tau_c": 85.94, "omega": 27.4, "M": 0.34, "D": 0.0, "R": 0.05, "sving": 0.01, "os": 0.2, "foss": 0.37, "juv": 0.0, "B": 0.81, "Q": 2.83, "w": 14.12, "h": 0.22, "S": 0.01392, "elv": "Døåa", "km": 1.9}}, {"type": "Feature", "geometry": {"type": "LineString", "coordinates": [[10.08749, 62.775], [10.08701, 62.77587]]}, "properties": {"P": 30.38, "tau": 31.27, "tau_c": 92.16, "omega": 29.47, "M": 0.34, "D": 0.0, "R": 0.05, "sving": 0.1, "os": 0.12, "foss": 1.0, "juv": 0.0, "B": 0.81, "Q": 2.84, "w": 15.16, "h": 0.2, "S": 0.01601, "elv": "Døåa", "km": 2.0}}, {"type": "Feature", "geometry": {"type": "LineString", "coordinates": [[10.08701, 62.77587], [10.08658, 62.77673]]}, "properties": {"P": 21.68, "tau": 40.51, "tau_c": 111.14, "omega": 42.7, "M": 0.36, "D": 0.0, "R": 0.06, "sving": 0.04, "os": 0.07, "foss": 0.72, "juv": 0.0, "B": 0.81, "Q": 2.84, "w": 15.21, "h": 0.18, "S": 0.02328, "elv": "Døåa", "km": 2.1}}, {"type": "Feature", "geometry": {"type": "LineString", "coordinates": [[10.08658, 62.77673], [10.08666, 62.77763]]}, "properties": {"P": 26.35, "tau": 49.15, "tau_c": 127.84, "omega": 56.32, "M": 0.38, "D": 0.0, "R": 0.08, "sving": 0.0, "os": 0.0, "foss": 1.0, "juv": 0.0, "B": 0.81, "Q": 2.84, "w": 15.26, "h": 0.16, "S": 0.0308, "elv": "Døåa", "km": 2.2}}, {"type": "Feature", "geometry": {"type": "LineString", "coordinates": [[10.08666, 62.77763], [10.08651, 62.77852]]}, "properties": {"P": 32.34, "tau": 54.26, "tau_c": 135.88, "omega": 65.1, "M": 0.4, "D": 0.0, "R": 0.09, "sving": 0.24, "os": 0.0, "foss": 1.0, "juv": 0.0, "B": 0.81, "Q": 2.92, "w": 15.31, "h": 0.16, "S": 0.0348, "elv": "Døåa", "km": 2.3}}, {"type": "Feature", "geometry": {"type": "LineString", "coordinates": [[10.08651, 62.77852], [10.08611, 62.77929]]}, "properties": {"P": 35.48, "tau": 51.85, "tau_c": 131.67, "omega": 60.97, "M": 0.39, "D": 0.02, "R": 0.08, "sving": 0.35, "os": 0.0, "foss": 1.0, "juv": 0.0, "B": 0.81, "Q": 2.92, "w": 15.37, "h": 0.16, "S": 0.03268, "elv": "Døåa", "km": 2.4}}, {"type": "Feature", "geometry": {"type": "LineString", "coordinates": [[10.08611, 62.77929], [10.08468, 62.77986]]}, "properties": {"P": 27.48, "tau": 53.82, "tau_c": 135.03, "omega": 64.36, "M": 0.4, "D": 0.06, "R": 0.09, "sving": 0.23, "os": 0.0, "foss": 0.72, "juv": 0.0, "B": 0.81, "Q": 2.95, "w": 15.43, "h": 0.16, "S": 0.03437, "elv": "Døåa", "km": 2.5}}, {"type": "Feature", "geometry": {"type": "LineString", "coordinates": [[10.08468, 62.77986], [10.08315, 62.78042]]}, "properties": {"P": 21.52, "tau": 47.66, "tau_c": 123.72, "omega": 54.07, "M": 0.39, "D": 0.13, "R": 0.08, "sving": 0.1, "os": 0.0, "foss": 0.51, "juv": 0.0, "B": 0.81, "Q": 2.95, "w": 15.45, "h": 0.17, "S": 0.02885, "elv": "Døåa", "km": 2.6}}, {"type": "Feature", "geometry": {"type": "LineString", "coordinates": [[10.08315, 62.78042], [10.08189, 62.7811]]}, "properties": {"P": 24.43, "tau": 39.0, "tau_c": 107.17, "omega": 40.56, "M": 0.36, "D": 0.18, "R": 0.06, "sving": 0.33, "os": 0.0, "foss": 0.37, "juv": 0.0, "B": 0.81, "Q": 2.95, "w": 15.47, "h": 0.18, "S": 0.02165, "elv": "Døåa", "km": 2.7}}, {"type": "Feature", "geometry": {"type": "LineString", "coordinates": [[10.08189, 62.7811], [10.08096, 62.78188]]}, "properties": {"P": 13.36, "tau": 30.38, "tau_c": 89.66, "omega": 28.33, "M": 0.34, "D": 0.18, "R": 0.05, "sving": 0.25, "os": 0.0, "foss": 0.0, "juv": 0.0, "B": 0.81, "Q": 2.96, "w": 15.52, "h": 0.2, "S": 0.01515, "elv": "Døåa", "km": 2.8}}, {"type": "Feature", "geometry": {"type": "LineString", "coordinates": [[10.08096, 62.78188], [10.081, 62.78277]]}, "properties": {"P": 8.05, "tau": 30.35, "tau_c": 89.63, "omega": 28.3, "M": 0.34, "D": 0.1, "R": 0.05, "sving": 0.13, "os": 0.0, "foss": 0.0, "juv": 0.0, "B": 0.81, "Q": 2.96, "w": 15.56, "h": 0.2, "S": 0.01514, "elv": "Døåa", "km": 2.9}}, {"type": "Feature", "geometry": {"type": "LineString", "coordinates": [[10.081, 62.78277], [10.08057, 62.78364]]}, "properties": {"P": 7.03, "tau": 32.04, "tau_c": 92.35, "omega": 30.66, "M": 0.35, "D": 0.03, "R": 0.05, "sving": 0.17, "os": 0.0, "foss": 0.0, "juv": 0.0, "B": 0.82, "Q": 3.03, "w": 15.6, "h": 0.2, "S": 0.01608, "elv": "Døåa", "km": 3.0}}, {"type": "Feature", "geometry": {"type": "LineString", "coordinates": [[10.08057, 62.78364], [10.07988, 62.78448]]}, "properties": {"P": 4.46, "tau": 31.22, "tau_c": 90.76, "omega": 29.54, "M": 0.34, "D": 0.01, "R": 0.05, "sving": 0.1, "os": 0.0, "foss": 0.0, "juv": 0.0, "B": 0.82, "Q": 3.03, "w": 15.64, "h": 0.2, "S": 0.01553, "elv": "Døåa", "km": 3.1}}, {"type": "Feature", "geometry": {"type": "LineString", "coordinates": [[10.07988, 62.78448], [10.07978, 62.78537]]}, "properties": {"P": 5.84, "tau": 32.9, "tau_c": 94.45, "omega": 31.83, "M": 0.35, "D": 0.01, "R": 0.05, "sving": 0.15, "os": 0.0, "foss": 0.0, "juv": 0.0, "B": 0.82, "Q": 3.03, "w": 15.72, "h": 0.2, "S": 0.01682, "elv": "Døåa", "km": 3.2}}, {"type": "Feature", "geometry": {"type": "LineString", "coordinates": [[10.07978, 62.78537], [10.07933, 62.78624]]}, "properties": {"P": 9.63, "tau": 30.15, "tau_c": 88.84, "omega": 28.07, "M": 0.34, "D": 0.02, "R": 0.05, "sving": 0.3, "os": 0.0, "foss": 0.0, "juv": 0.0, "B": 0.82, "Q": 3.03, "w": 15.77, "h": 0.21, "S": 0.01488, "elv": "Døåa", "km": 3.3}}, {"type": "Feature", "geometry": {"type": "LineString", "coordinates": [[10.07933, 62.78624], [10.07825, 62.78694]]}, "properties": {"P": 2.94, "tau": 33.74, "tau_c": 95.23, "omega": 33.1, "M": 0.35, "D": 0.01, "R": 0.06, "sving": 0.02, "os": 0.0, "foss": 0.0, "juv": 0.0, "B": 0.82, "Q": 3.12, "w": 15.82, "h": 0.2, "S": 0.01709, "elv": "Døåa", "km": 3.4}}, {"type": "Feature", "geometry": {"type": "LineString", "coordinates": [[10.07825, 62.78694], [10.07703, 62.78718]]}, "properties": {"P": 5.64, "tau": 30.37, "tau_c": 88.38, "omega": 28.46, "M": 0.34, "D": 0.01, "R": 0.05, "sving": 0.14, "os": 0.0, "foss": 0.0, "juv": 0.0, "B": 0.82, "Q": 3.13, "w": 15.86, "h": 0.21, "S": 0.01472, "elv": "Døåa", "km": 3.5}}, {"type": "Feature", "geometry": {"type": "LineString", "coordinates": [[10.07703, 62.78718], [10.07684, 62.78807]]}, "properties": {"P": 7.54, "tau": 33.59, "tau_c": 95.14, "omega": 32.87, "M": 0.35, "D": -0.0, "R": 0.05, "sving": 0.23, "os": 0.0, "foss": 0.0, "juv": 0.0, "B": 0.82, "Q": 3.13, "w": 15.92, "h": 0.2, "S": 0.01706, "elv": "Døåa", "km": 3.6}}, {"type": "Feature", "geometry": {"type": "LineString", "coordinates": [[10.07684, 62.78807], [10.07712, 62.78895]]}, "properties": {"P": 18.8, "tau": 51.6, "tau_c": 129.46, "omega": 60.84, "M": 0.4, "D": -0.0, "R": 0.09, "sving": 0.65, "os": 0.0, "foss": 0.0, "juv": 0.0, "B": 0.82, "Q": 3.13, "w": 15.94, "h": 0.17, "S": 0.03159, "elv": "Døåa", "km": 3.7}}, {"type": "Feature", "geometry": {"type": "LineString", "coordinates": [[10.07712, 62.78895], [10.07711, 62.78982]]}, "properties": {"P": 29.23, "tau": 63.78, "tau_c": 150.43, "omega": 82.48, "M": 0.42, "D": -0.0, "R": 0.11, "sving": 0.06, "os": 0.0, "foss": 1.0, "juv": 0.0, "B": 0.82, "Q": 3.15, "w": 15.97, "h": 0.15, "S": 0.04265, "elv": "Døåa", "km": 3.8}}, {"type": "Feature", "geometry": {"type": "LineString", "coordinates": [[10.07711, 62.78982], [10.07805, 62.79049]]}, "properties": {"P": 31.09, "tau": 86.18, "tau_c": 186.73, "omega": 126.95, "M": 0.46, "D": -0.0, "R": 0.15, "sving": 0.07, "os": 0.0, "foss": 1.0, "juv": 0.0, "B": 0.82, "Q": 3.15, "w": 16.0, "h": 0.13, "S": 0.06572, "elv": "Døåa", "km": 3.9}}, {"type": "Feature", "geometry": {"type": "LineString", "coordinates": [[10.07805, 62.79049], [10.07757, 62.79136]]}, "properties": {"P": 29.58, "tau": 83.49, "tau_c": 182.01, "omega": 121.42, "M": 0.46, "D": -0.0, "R": 0.14, "sving": 0.01, "os": 0.0, "foss": 1.0, "juv": 0.0, "B": 0.82, "Q": 3.18, "w": 16.04, "h": 0.14, "S": 0.06244, "elv": "Døåa", "km": 4.0}}, {"type": "Feature", "geometry": {"type": "LineString", "coordinates": [[10.07757, 62.79136], [10.0782, 62.79218]]}, "properties": {"P": 37.73, "tau": 93.8, "tau_c": 197.49, "omega": 143.55, "M": 0.47, "D": -0.0, "R": 0.16, "sving": 0.33, "os": 0.0, "foss": 1.0, "juv": 0.0, "B": 0.82, "Q": 3.2, "w": 16.08, "h": 0.13, "S": 0.07351, "elv": "Døåa", "km": 4.1}}, {"type": "Feature", "geometry": {"type": "LineString", "coordinates": [[10.0782, 62.79218], [10.07825, 62.79304]]}, "properties": {"P": 24.51, "tau": 94.88, "tau_c": 199.04, "omega": 145.92, "M": 0.48, "D": 0.03, "R": 0.16, "sving": 0.0, "os": 0.0, "foss": 0.72, "juv": 0.0, "B": 0.82, "Q": 3.21, "w": 16.12, "h": 0.13, "S": 0.07467, "elv": "Døåa", "km": 4.2}}, {"type": "Feature", "geometry": {"type": "LineString", "coordinates": [[10.07825, 62.79304], [10.07766, 62.79388]]}, "properties": {"P": 40.03, "tau": 86.0, "tau_c": 185.49, "omega": 126.78, "M": 0.46, "D": 0.11, "R": 0.15, "sving": 0.29, "os": 0.0, "foss": 1.0, "juv": 0.0, "B": 0.82, "Q": 3.22, "w": 16.14, "h": 0.14, "S": 0.06485, "elv": "Døåa", "km": 4.3}}, {"type": "Feature", "geometry": {"type": "LineString", "coordinates": [[10.07766, 62.79388], [10.07721, 62.79474]]}, "properties": {"P": 39.71, "tau": 72.89, "tau_c": 165.18, "omega": 99.95, "M": 0.44, "D": 0.19, "R": 0.12, "sving": 0.22, "os": 0.0, "foss": 1.0, "juv": 0.0, "B": 0.82, "Q": 3.22, "w": 16.27, "h": 0.14, "S": 0.05143, "elv": "Døåa", "km": 4.4}}, {"type": "Feature", "geometry": {"type": "LineString", "coordinates": [[10.07721, 62.79474], [10.07638, 62.79554]]}, "properties": {"P": 37.54, "tau": 50.35, "tau_c": 126.88, "omega": 58.81, "M": 0.4, "D": 0.24, "R": 0.09, "sving": 0.13, "os": 0.0, "foss": 1.0, "juv": 0.0, "B": 0.82, "Q": 3.24, "w": 16.39, "h": 0.17, "S": 0.03034, "elv": "Døåa", "km": 4.5}}, {"type": "Feature", "geometry": {"type": "LineString", "coordinates": [[10.07638, 62.79554], [10.07534, 62.7963]]}, "properties": {"P": 32.03, "tau": 53.58, "tau_c": 129.52, "omega": 64.77, "M": 0.41, "D": 0.22, "R": 0.1, "sving": 0.16, "os": 0.0, "foss": 0.72, "juv": 0.0, "B": 0.83, "Q": 3.45, "w": 16.51, "h": 0.17, "S": 0.03162, "elv": "Døåa", "km": 4.6}}, {"type": "Feature", "geometry": {"type": "LineString", "coordinates": [[10.07534, 62.7963], [10.07417, 62.79701]]}, "properties": {"P": 24.7, "tau": 40.23, "tau_c": 105.66, "omega": 42.92, "M": 0.38, "D": 0.26, "R": 0.07, "sving": 0.05, "os": 0.0, "foss": 0.51, "juv": 0.0, "B": 0.83, "Q": 3.46, "w": 16.64, "h": 0.19, "S": 0.02104, "elv": "Døåa", "km": 4.7}}, {"type": "Feature", "geometry": {"type": "LineString", "coordinates": [[10.07417, 62.79701], [10.07296, 62.79771]]}, "properties": {"P": 21.0, "tau": 29.03, "tau_c": 83.84, "omega": 26.87, "M": 0.35, "D": 0.27, "R": 0.05, "sving": 0.07, "os": 0.0, "foss": 0.37, "juv": 0.0, "B": 0.83, "Q": 3.46, "w": 16.76, "h": 0.22, "S": 0.01325, "elv": "Døåa", "km": 4.8}}, {"type": "Feature", "geometry": {"type": "LineString", "coordinates": [[10.07296, 62.79771], [10.0719, 62.79847]]}, "properties": {"P": 10.2, "tau": 23.24, "tau_c": 71.39, "omega": 19.52, "M": 0.33, "D": 0.27, "R": 0.04, "sving": 0.01, "os": 0.0, "foss": 0.0, "juv": 0.0, "B": 0.83, "Q": 3.48, "w": 16.79, "h": 0.25, "S": 0.00961, "elv": "Døåa", "km": 4.9}}, {"type": "Feature", "geometry": {"type": "LineString", "coordinates": [[10.0719, 62.79847], [10.07058, 62.79913]]}, "properties": {"P": 11.63, "tau": 21.91, "tau_c": 68.41, "omega": 17.94, "M": 0.32, "D": 0.19, "R": 0.04, "sving": 0.17, "os": 0.0, "foss": 0.0, "juv": 0.0, "B": 0.83, "Q": 3.48, "w": 16.81, "h": 0.25, "S": 0.00882, "elv": "Døåa", "km": 5.0}}, {"type": "Feature", "geometry": {"type": "LineString", "coordinates": [[10.07058, 62.79913], [10.06945, 62.79984]]}, "properties": {"P": 9.72, "tau": 19.4, "tau_c": 62.56, "omega": 15.07, "M": 0.31, "D": 0.14, "R": 0.03, "sving": 0.09, "os": 0.07, "foss": 0.0, "juv": 0.0, "B": 0.83, "Q": 3.51, "w": 16.84, "h": 0.27, "S": 0.00738, "elv": "Døåa", "km": 5.1}}, {"type": "Feature", "geometry": {"type": "LineString", "coordinates": [[10.192, 62.68824], [10.19208, 62.68906]]}, "properties": {"P": 4.35, "tau": 11.11, "tau_c": 36.06, "omega": 6.99, "M": 0.31, "D": 0.0, "R": 0.03, "sving": 0.04, "os": 0.09, "foss": 0.0, "juv": 0.0, "B": 0.84, "Q": 3.91, "w": 13.46, "h": 0.46, "S": 0.00245, "elv": "Nova", "km": 0.2}}, {"type": "Feature", "geometry": {"type": "LineString", "coordinates": [[10.19208, 62.68906], [10.1915, 62.68987]]}, "properties": {"P": 17.25, "tau": 22.08, "tau_c": 61.29, "omega": 18.74, "M": 0.36, "D": 0.0, "R": 0.06, "sving": 0.46, "os": 0.14, "foss": 0.0, "juv": 0.0, "B": 0.85, "Q": 4.33, "w": 16.03, "h": 0.32, "S": 0.00708, "elv": "Nova", "km": 0.3}}, {"type": "Feature", "geometry": {"type": "LineString", "coordinates": [[10.1915, 62.68987], [10.19227, 62.69067]]}, "properties": {"P": 11.19, "tau": 24.9, "tau_c": 71.22, "omega": 21.93, "M": 0.35, "D": 0.0, "R": 0.05, "sving": 0.15, "os": 0.22, "foss": 0.0, "juv": 0.0, "B": 0.85, "Q": 4.35, "w": 18.6, "h": 0.27, "S": 0.00956, "elv": "Nova", "km": 0.4}}, {"type": "Feature", "geometry": {"type": "LineString", "coordinates": [[10.19227, 62.69067], [10.19161, 62.69151]]}, "properties": {"P": 37.95, "tau": 32.13, "tau_c": 85.79, "omega": 31.59, "M": 0.37, "D": 0.0, "R": 0.07, "sving": 0.1, "os": 0.33, "foss": 1.0, "juv": 0.0, "B": 0.86, "Q": 4.39, "w": 18.89, "h": 0.24, "S": 0.01387, "elv": "Nova", "km": 0.5}}, {"type": "Feature", "geometry": {"type": "LineString", "coordinates": [[10.19161, 62.69151], [10.19096, 62.69236]]}, "properties": {"P": 44.56, "tau": 38.33, "tau_c": 97.64, "omega": 40.68, "M": 0.39, "D": 0.0, "R": 0.08, "sving": 0.42, "os": 0.54, "foss": 0.72, "juv": 0.0, "B": 0.86, "Q": 4.39, "w": 19.01, "h": 0.22, "S": 0.01797, "elv": "Nova", "km": 0.6}}, {"type": "Feature", "geometry": {"type": "LineString", "coordinates": [[10.19096, 62.69236], [10.18988, 62.6931]]}, "properties": {"P": 42.31, "tau": 45.04, "tau_c": 108.04, "omega": 51.49, "M": 0.42, "D": 0.0, "R": 0.1, "sving": 0.14, "os": 0.88, "foss": 0.51, "juv": 0.0, "B": 0.86, "Q": 4.59, "w": 19.22, "h": 0.21, "S": 0.022, "elv": "Nova", "km": 0.7}}, {"type": "Feature", "geometry": {"type": "LineString", "coordinates": [[10.18988, 62.6931], [10.18862, 62.69379]]}, "properties": {"P": 36.12, "tau": 50.66, "tau_c": 112.41, "omega": 61.69, "M": 0.45, "D": 0.0, "R": 0.13, "sving": 0.18, "os": 0.69, "foss": 0.37, "juv": 0.0, "B": 0.86, "Q": 4.61, "w": 17.45, "h": 0.22, "S": 0.02382, "elv": "Nova", "km": 0.8}}, {"type": "Feature", "geometry": {"type": "LineString", "coordinates": [[10.18862, 62.69379], [10.18734, 62.69446]]}, "properties": {"P": 20.55, "tau": 54.09, "tau_c": 109.96, "omega": 69.03, "M": 0.49, "D": 0.0, "R": 0.18, "sving": 0.11, "os": 0.42, "foss": 0.0, "juv": 0.0, "B": 0.87, "Q": 4.84, "w": 15.68, "h": 0.24, "S": 0.02279, "elv": "Nova", "km": 0.9}}, {"type": "Feature", "geometry": {"type": "LineString", "coordinates": [[10.18734, 62.69446], [10.18592, 62.69507]]}, "properties": {"P": 20.71, "tau": 49.72, "tau_c": 103.81, "omega": 61.14, "M": 0.48, "D": 0.0, "R": 0.16, "sving": 0.31, "os": 0.25, "foss": 0.0, "juv": 0.0, "B": 0.87, "Q": 4.85, "w": 15.81, "h": 0.25, "S": 0.02031, "elv": "Nova", "km": 1.0}}, {"type": "Feature", "geometry": {"type": "LineString", "coordinates": [[10.18592, 62.69507], [10.18441, 62.69563]]}, "properties": {"P": 21.8, "tau": 64.6, "tau_c": 125.25, "omega": 89.04, "M": 0.52, "D": 0.0, "R": 0.21, "sving": 0.38, "os": 0.15, "foss": 0.0, "juv": 0.0, "B": 0.87, "Q": 4.89, "w": 15.94, "h": 0.22, "S": 0.02957, "elv": "Nova", "km": 1.1}}, {"type": "Feature", "geometry": {"type": "LineString", "coordinates": [[10.18441, 62.69563], [10.18253, 62.69569]]}, "properties": {"P": 13.67, "tau": 65.59, "tau_c": 126.63, "omega": 91.01, "M": 0.52, "D": 0.0, "R": 0.21, "sving": 0.11, "os": 0.09, "foss": 0.0, "juv": 0.0, "B": 0.87, "Q": 4.9, "w": 15.97, "h": 0.22, "S": 0.03023, "elv": "Nova", "km": 1.2}}, {"type": "Feature", "geometry": {"type": "LineString", "coordinates": [[10.18253, 62.69569], [10.18064, 62.69555]]}, "properties": {"P": 33.33, "tau": 57.7, "tau_c": 121.5, "omega": 74.74, "M": 0.47, "D": 0.0, "R": 0.16, "sving": 0.0, "os": 0.06, "foss": 1.0, "juv": 0.0, "B": 0.87, "Q": 4.92, "w": 17.97, "h": 0.21, "S": 0.02783, "elv": "Nova", "km": 1.3}}, {"type": "Feature", "geometry": {"type": "LineString", "coordinates": [[10.18064, 62.69555], [10.17969, 62.69628]]}, "properties": {"P": 32.83, "tau": 73.62, "tau_c": 151.62, "omega": 104.61, "M": 0.49, "D": 0.0, "R": 0.17, "sving": 0.03, "os": 0.0, "foss": 1.0, "juv": 0.0, "B": 0.87, "Q": 4.92, "w": 19.99, "h": 0.17, "S": 0.04333, "elv": "Nova", "km": 1.4}}, {"type": "Feature", "geometry": {"type": "LineString", "coordinates": [[10.17969, 62.69628], [10.17836, 62.6968]]}, "properties": {"P": 37.1, "tau": 70.85, "tau_c": 147.21, "omega": 99.09, "M": 0.48, "D": 0.0, "R": 0.17, "sving": 0.49, "os": 0.0, "foss": 0.72, "juv": 0.0, "B": 0.87, "Q": 4.95, "w": 20.01, "h": 0.18, "S": 0.04085, "elv": "Nova", "km": 1.5}}, {"type": "Feature", "geometry": {"type": "LineString", "coordinates": [[10.17836, 62.6968], [10.17654, 62.69691]]}, "properties": {"P": 35.1, "tau": 81.07, "tau_c": 161.7, "omega": 120.29, "M": 0.5, "D": 0.0, "R": 0.19, "sving": 0.09, "os": 0.0, "foss": 1.0, "juv": 0.0, "B": 0.87, "Q": 4.99, "w": 20.05, "h": 0.17, "S": 0.04928, "elv": "Nova", "km": 1.6}}, {"type": "Feature", "geometry": {"type": "LineString", "coordinates": [[10.17654, 62.69691], [10.17577, 62.69773]]}, "properties": {"P": 26.08, "tau": 75.82, "tau_c": 154.11, "omega": 109.29, "M": 0.49, "D": 0.0, "R": 0.18, "sving": 0.03, "os": 0.0, "foss": 0.72, "juv": 0.0, "B": 0.87, "Q": 4.99, "w": 20.06, "h": 0.17, "S": 0.04476, "elv": "Nova", "km": 1.7}}, {"type": "Feature", "geometry": {"type": "LineString", "coordinates": [[10.17577, 62.69773], [10.17443, 62.69836]]}, "properties": {"P": 40.47, "tau": 76.65, "tau_c": 154.79, "omega": 111.12, "M": 0.5, "D": 0.02, "R": 0.18, "sving": 0.28, "os": 0.0, "foss": 1.0, "juv": 0.0, "B": 0.87, "Q": 5.03, "w": 20.06, "h": 0.17, "S": 0.04516, "elv": "Nova", "km": 1.8}}, {"type": "Feature", "geometry": {"type": "LineString", "coordinates": [[10.17443, 62.69836], [10.17304, 62.69898]]}, "properties": {"P": 37.5, "tau": 81.3, "tau_c": 161.35, "omega": 120.93, "M": 0.5, "D": 0.04, "R": 0.19, "sving": 0.13, "os": 0.0, "foss": 1.0, "juv": 0.0, "B": 0.87, "Q": 5.05, "w": 20.1, "h": 0.17, "S": 0.04907, "elv": "Nova", "km": 1.9}}, {"type": "Feature", "geometry": {"type": "LineString", "coordinates": [[10.17304, 62.69898], [10.17182, 62.69967]]}, "properties": {"P": 36.07, "tau": 62.99, "tau_c": 134.37, "omega": 83.9, "M": 0.47, "D": 0.04, "R": 0.15, "sving": 0.14, "os": 0.0, "foss": 1.0, "juv": 0.0, "B": 0.87, "Q": 5.05, "w": 20.1, "h": 0.19, "S": 0.03403, "elv": "Nova", "km": 2.0}}, {"type": "Feature", "geometry": {"type": "LineString", "coordinates": [[10.17182, 62.69967], [10.17047, 62.70032]]}, "properties": {"P": 43.59, "tau": 71.64, "tau_c": 146.99, "omega": 100.97, "M": 0.49, "D": 0.01, "R": 0.17, "sving": 0.44, "os": 0.0, "foss": 1.0, "juv": 0.0, "B": 0.87, "Q": 5.09, "w": 20.15, "h": 0.18, "S": 0.04072, "elv": "Nova", "km": 2.1}}, {"type": "Feature", "geometry": {"type": "LineString", "coordinates": [[10.17047, 62.70032], [10.16873, 62.70068]]}, "properties": {"P": 37.93, "tau": 83.35, "tau_c": 164.05, "omega": 125.38, "M": 0.51, "D": 0.0, "R": 0.2, "sving": 0.47, "os": 0.0, "foss": 0.72, "juv": 0.0, "B": 0.87, "Q": 5.1, "w": 20.26, "h": 0.17, "S": 0.05072, "elv": "Nova", "km": 2.2}}, {"type": "Feature", "geometry": {"type": "LineString", "coordinates": [[10.16873, 62.70068], [10.16696, 62.70035]]}, "properties": {"P": 45.76, "tau": 87.85, "tau_c": 170.03, "omega": 135.29, "M": 0.52, "D": 0.0, "R": 0.21, "sving": 0.48, "os": 0.0, "foss": 1.0, "juv": 0.0, "B": 0.87, "Q": 5.15, "w": 20.36, "h": 0.16, "S": 0.05449, "elv": "Nova", "km": 2.3}}, {"type": "Feature", "geometry": {"type": "LineString", "coordinates": [[10.16696, 62.70035], [10.16519, 62.70004]]}, "properties": {"P": 35.07, "tau": 99.57, "tau_c": 185.37, "omega": 162.02, "M": 0.54, "D": 0.0, "R": 0.23, "sving": 0.01, "os": 0.0, "foss": 1.0, "juv": 0.0, "B": 0.87, "Q": 5.21, "w": 20.41, "h": 0.16, "S": 0.06477, "elv": "Nova", "km": 2.4}}, {"type": "Feature", "geometry": {"type": "LineString", "coordinates": [[10.16519, 62.70004], [10.16347, 62.69964]]}, "properties": {"P": 37.21, "tau": 98.42, "tau_c": 184.19, "omega": 159.27, "M": 0.53, "D": 0.0, "R": 0.23, "sving": 0.1, "os": 0.0, "foss": 1.0, "juv": 0.0, "B": 0.87, "Q": 5.21, "w": 20.53, "h": 0.16, "S": 0.06395, "elv": "Nova", "km": 2.5}}, {"type": "Feature", "geometry": {"type": "LineString", "coordinates": [[10.16347, 62.69964], [10.16184, 62.70001]]}, "properties": {"P": 40.62, "tau": 115.29, "tau_c": 206.43, "omega": 199.74, "M": 0.56, "D": 0.0, "R": 0.26, "sving": 0.12, "os": 0.07, "foss": 1.0, "juv": 0.0, "B": 0.87, "Q": 5.22, "w": 20.58, "h": 0.15, "S": 0.08032, "elv": "Nova", "km": 2.6}}, {"type": "Feature", "geometry": {"type": "LineString", "coordinates": [[10.16184, 62.70001], [10.16034, 62.69993]]}, "properties": {"P": 51.89, "tau": 123.27, "tau_c": 206.31, "omega": 222.94, "M": 0.6, "D": 0.0, "R": 0.31, "sving": 0.44, "os": 0.11, "foss": 1.0, "juv": 0.0, "B": 0.87, "Q": 5.23, "w": 18.47, "h": 0.16, "S": 0.08023, "elv": "Nova", "km": 2.7}}, {"type": "Feature", "geometry": {"type": "LineString", "coordinates": [[10.16034, 62.69993], [10.15883, 62.6999]]}, "properties": {"P": 44.72, "tau": 122.92, "tau_c": 194.54, "omega": 225.6, "M": 0.63, "D": 0.0, "R": 0.35, "sving": 0.04, "os": 0.14, "foss": 1.0, "juv": 0.0, "B": 0.87, "Q": 5.28, "w": 16.36, "h": 0.18, "S": 0.07133, "elv": "Nova", "km": 2.8}}, {"type": "Feature", "geometry": {"type": "LineString", "coordinates": [[10.15883, 62.6999], [10.15736, 62.70048]]}, "properties": {"P": 60.77, "tau": 133.07, "tau_c": 193.72, "omega": 256.95, "M": 0.69, "D": 0.0, "R": 0.43, "sving": 0.51, "os": 0.19, "foss": 1.0, "juv": 0.0, "B": 0.87, "Q": 5.28, "w": 14.25, "h": 0.19, "S": 0.07073, "elv": "Nova", "km": 2.9}}, {"type": "Feature", "geometry": {"type": "LineString", "coordinates": [[10.15736, 62.70048], [10.15574, 62.70096]]}, "properties": {"P": 56.69, "tau": 123.51, "tau_c": 182.62, "omega": 231.21, "M": 0.68, "D": 0.03, "R": 0.41, "sving": 0.21, "os": 0.31, "foss": 1.0, "juv": 0.0, "B": 0.87, "Q": 5.3, "w": 14.13, "h": 0.2, "S": 0.06286, "elv": "Nova", "km": 3.0}}, {"type": "Feature", "geometry": {"type": "LineString", "coordinates": [[10.15574, 62.70096], [10.15513, 62.70179]]}, "properties": {"P": 66.24, "tau": 121.89, "tau_c": 180.06, "omega": 227.15, "M": 0.68, "D": 0.04, "R": 0.42, "sving": 0.4, "os": 0.49, "foss": 1.0, "juv": 0.0, "B": 0.87, "Q": 5.3, "w": 14.0, "h": 0.2, "S": 0.06111, "elv": "Nova", "km": 3.1}}, {"type": "Feature", "geometry": {"type": "LineString", "coordinates": [[10.15513, 62.70179], [10.15346, 62.70223]]}, "properties": {"P": 59.29, "tau": 107.02, "tau_c": 177.62, "omega": 184.56, "M": 0.6, "D": 0.04, "R": 0.31, "sving": 0.01, "os": 0.77, "foss": 1.0, "juv": 0.0, "B": 0.88, "Q": 5.31, "w": 16.8, "h": 0.18, "S": 0.05947, "elv": "Nova", "km": 3.2}}, {"type": "Feature", "geometry": {"type": "LineString", "coordinates": [[10.15346, 62.70223], [10.1517, 62.70193]]}, "properties": {"P": 68.15, "tau": 118.14, "tau_c": 168.17, "omega": 220.89, "M": 0.7, "D": 0.01, "R": 0.45, "sving": 0.35, "os": 0.79, "foss": 0.72, "juv": 0.0, "B": 0.91, "Q": 7.1, "w": 16.8, "h": 0.23, "S": 0.0533, "elv": "Nova", "km": 3.3}}, {"type": "Feature", "geometry": {"type": "LineString", "coordinates": [[10.1517, 62.70193], [10.15014, 62.70238]]}, "properties": {"P": 60.77, "tau": 120.65, "tau_c": 182.64, "omega": 223.58, "M": 0.66, "D": 0.02, "R": 0.39, "sving": 0.14, "os": 0.51, "foss": 1.0, "juv": 0.0, "B": 0.91, "Q": 7.11, "w": 19.6, "h": 0.2, "S": 0.06287, "elv": "Nova", "km": 3.4}}, {"type": "Feature", "geometry": {"type": "LineString", "coordinates": [[10.15014, 62.70238], [10.14858, 62.70262]]}, "properties": {"P": 57.38, "tau": 115.36, "tau_c": 176.77, "omega": 209.68, "M": 0.65, "D": 0.02, "R": 0.38, "sving": 0.48, "os": 0.34, "foss": 0.72, "juv": 0.0, "B": 0.91, "Q": 7.11, "w": 19.6, "h": 0.2, "S": 0.0589, "elv": "Nova", "km": 3.5}}, {"type": "Feature", "geometry": {"type": "LineString", "coordinates": [[10.14858, 62.70262], [10.14749, 62.70322]]}, "properties": {"P": 56.25, "tau": 104.5, "tau_c": 164.62, "omega": 182.0, "M": 0.63, "D": 0.02, "R": 0.36, "sving": 0.26, "os": 0.27, "foss": 1.0, "juv": 0.0, "B": 0.91, "Q": 7.12, "w": 19.6, "h": 0.21, "S": 0.05108, "elv": "Nova", "km": 3.6}}, {"type": "Feature", "geometry": {"type": "LineString", "coordinates": [[10.14749, 62.70322], [10.14637, 62.70392]]}, "properties": {"P": 56.77, "tau": 123.56, "tau_c": 185.65, "omega": 231.41, "M": 0.67, "D": -0.0, "R": 0.4, "sving": 0.11, "os": 0.4, "foss": 1.0, "juv": 0.0, "B": 0.91, "Q": 7.12, "w": 19.61, "h": 0.19, "S": 0.06496, "elv": "Nova", "km": 3.7}}, {"type": "Feature", "geometry": {"type": "LineString", "coordinates": [[10.14637, 62.70392], [10.14445, 62.70379]]}, "properties": {"P": 55.29, "tau": 118.46, "tau_c": 190.93, "omega": 214.28, "M": 0.62, "D": 0.0, "R": 0.34, "sving": 0.27, "os": 0.56, "foss": 0.72, "juv": 0.0, "B": 0.91, "Q": 7.13, "w": 22.43, "h": 0.18, "S": 0.06871, "elv": "Nova", "km": 3.8}}, {"type": "Feature", "geometry": {"type": "LineString", "coordinates": [[10.14445, 62.70379], [10.14251, 62.70383]]}, "properties": {"P": 74.35, "tau": 141.58, "tau_c": 213.4, "omega": 277.94, "M": 0.66, "D": 0.01, "R": 0.4, "sving": 0.25, "os": 0.92, "foss": 1.0, "juv": 0.0, "B": 0.91, "Q": 7.14, "w": 21.63, "h": 0.17, "S": 0.08583, "elv": "Nova", "km": 3.9}}, {"type": "Feature", "geometry": {"type": "LineString", "coordinates": [[10.14251, 62.70383], [10.1406, 62.70396]]}, "properties": {"P": 61.17, "tau": 123.53, "tau_c": 193.21, "omega": 228.73, "M": 0.64, "D": 0.02, "R": 0.36, "sving": 0.05, "os": 0.66, "foss": 1.0, "juv": 0.0, "B": 0.91, "Q": 7.17, "w": 21.63, "h": 0.18, "S": 0.07036, "elv": "Nova", "km": 4.0}}, {"type": "Feature", "geometry": {"type": "LineString", "coordinates": [[10.1406, 62.70396], [10.13872, 62.70419]]}, "properties": {"P": 75.68, "tau": 111.7, "tau_c": 182.71, "omega": 197.09, "M": 0.61, "D": 0.02, "R": 0.33, "sving": 0.51, "os": 0.81, "foss": 1.0, "juv": 0.0, "B": 0.91, "Q": 7.17, "w": 22.46, "h": 0.18, "S": 0.06292, "elv": "Nova", "km": 4.1}}, {"type": "Feature", "geometry": {"type": "LineString", "coordinates": [[10.13872, 62.70419], [10.13699, 62.70397]]}, "properties": {"P": 57.65, "tau": 130.5, "tau_c": 204.03, "omega": 246.35, "M": 0.64, "D": 0.02, "R": 0.36, "sving": 0.12, "os": 0.75, "foss": 0.72, "juv": 0.0, "B": 0.91, "Q": 7.19, "w": 22.48, "h": 0.17, "S": 0.07846, "elv": "Nova", "km": 4.2}}, {"type": "Feature", "geometry": {"type": "LineString", "coordinates": [[10.13699, 62.70397], [10.13656, 62.70318]]}, "properties": {"P": 51.06, "tau": 137.09, "tau_c": 211.44, "omega": 264.34, "M": 0.65, "D": 0.04, "R": 0.38, "sving": 0.28, "os": 0.48, "foss": 0.51, "juv": 0.0, "B": 0.91, "Q": 7.2, "w": 22.5, "h": 0.17, "S": 0.08426, "elv": "Nova", "km": 4.3}}, {"type": "Feature", "geometry": {"type": "LineString", "coordinates": [[10.13656, 62.70318], [10.13469, 62.70304]]}, "properties": {"P": 61.86, "tau": 111.35, "tau_c": 182.12, "omega": 196.27, "M": 0.61, "D": 0.11, "R": 0.33, "sving": 0.3, "os": 0.37, "foss": 1.0, "juv": 0.0, "B": 0.91, "Q": 7.2, "w": 22.5, "h": 0.18, "S": 0.06251, "elv": "Nova", "km": 4.4}}, {"type": "Feature", "geometry": {"type": "LineString", "coordinates": [[10.13469, 62.70304], [10.13309, 62.70265]]}, "properties": {"P": 50.8, "tau": 98.27, "tau_c": 169.62, "omega": 163.25, "M": 0.58, "D": 0.16, "R": 0.28, "sving": 0.02, "os": 0.24, "foss": 1.0, "juv": 0.0, "B": 0.91, "Q": 7.24, "w": 23.59, "h": 0.18, "S": 0.05423, "elv": "Nova", "km": 4.5}}, {"type": "Feature", "geometry": {"type": "LineString", "coordinates": [[10.13309, 62.70265], [10.13221, 62.7019]]}, "properties": {"P": 50.17, "tau": 86.75, "tau_c": 179.46, "omega": 130.81, "M": 0.48, "D": 0.12, "R": 0.17, "sving": 0.45, "os": 0.28, "foss": 0.72, "juv": 0.0, "B": 0.92, "Q": 7.98, "w": 36.34, "h": 0.15, "S": 0.0607, "elv": "Nova", "km": 4.6}}, {"type": "Feature", "geometry": {"type": "LineString", "coordinates": [[10.13221, 62.7019], [10.13182, 62.70103]]}, "properties": {"P": 55.87, "tau": 83.6, "tau_c": 198.88, "omega": 119.1, "M": 0.42, "D": 0.05, "R": 0.11, "sving": 0.44, "os": 0.43, "foss": 1.0, "juv": 0.0, "B": 0.92, "Q": 7.99, "w": 49.09, "h": 0.11, "S": 0.07455, "elv": "Nova", "km": 4.7}}, {"type": "Feature", "geometry": {"type": "LineString", "coordinates": [[10.12584, 62.70965], [10.12659, 62.70884]]}, "properties": {"P": 15.6, "tau": 71.9, "tau_c": 234.76, "omega": 86.76, "M": 0.31, "D": 0.0, "R": 0.03, "sving": 0.18, "os": 0.06, "foss": 1.0, "juv": 0.0, "B": 0.42, "Q": 0.59, "w": 6.98, "h": 0.07, "S": 0.10388, "elv": "Grytbekken", "km": 1.0}}, {"type": "Feature", "geometry": {"type": "LineString", "coordinates": [[10.12659, 62.70884], [10.127, 62.70796]]}, "properties": {"P": 14.31, "tau": 69.31, "tau_c": 228.6, "omega": 82.34, "M": 0.3, "D": 0.01, "R": 0.03, "sving": 0.12, "os": 0.0, "foss": 1.0, "juv": 0.0, "B": 0.42, "Q": 0.61, "w": 7.13, "h": 0.07, "S": 0.0985, "elv": "Grytbekken", "km": 1.1}}, {"type": "Feature", "geometry": {"type": "LineString", "coordinates": [[10.127, 62.70796], [10.12708, 62.70712]]}, "properties": {"P": 15.32, "tau": 70.06, "tau_c": 223.42, "omega": 84.45, "M": 0.31, "D": 0.02, "R": 0.03, "sving": 0.16, "os": 0.0, "foss": 1.0, "juv": 0.0, "B": 0.43, "Q": 0.67, "w": 7.28, "h": 0.08, "S": 0.09408, "elv": "Grytbekken", "km": 1.2}}, {"type": "Feature", "geometry": {"type": "LineString", "coordinates": [[10.12708, 62.70712], [10.12697, 62.70634]]}, "properties": {"P": 15.16, "tau": 69.0, "tau_c": 218.89, "omega": 82.88, "M": 0.32, "D": 0.04, "R": 0.03, "sving": 0.11, "os": 0.0, "foss": 1.0, "juv": 0.0, "B": 0.43, "Q": 0.69, "w": 7.43, "h": 0.08, "S": 0.09031, "elv": "Grytbekken", "km": 1.3}}, {"type": "Feature", "geometry": {"type": "LineString", "coordinates": [[10.12697, 62.70634], [10.12691, 62.70544]]}, "properties": {"P": 15.38, "tau": 63.63, "tau_c": 206.3, "omega": 73.83, "M": 0.31, "D": 0.03, "R": 0.03, "sving": 0.14, "os": 0.0, "foss": 1.0, "juv": 0.0, "B": 0.43, "Q": 0.71, "w": 7.56, "h": 0.08, "S": 0.08022, "elv": "Grytbekken", "km": 1.4}}, {"type": "Feature", "geometry": {"type": "LineString", "coordinates": [[10.12691, 62.70544], [10.12779, 62.70472]]}, "properties": {"P": 15.91, "tau": 59.89, "tau_c": 196.07, "omega": 67.86, "M": 0.31, "D": 0.04, "R": 0.03, "sving": 0.12, "os": 0.05, "foss": 1.0, "juv": 0.0, "B": 0.43, "Q": 0.73, "w": 7.64, "h": 0.08, "S": 0.07246, "elv": "Grytbekken", "km": 1.5}}, {"type": "Feature", "geometry": {"type": "LineString", "coordinates": [[10.12779, 62.70472], [10.12854, 62.70393]]}, "properties": {"P": 17.42, "tau": 82.75, "tau_c": 247.69, "omega": 107.82, "M": 0.33, "D": 0.06, "R": 0.04, "sving": 0.15, "os": 0.08, "foss": 1.0, "juv": 0.0, "B": 0.43, "Q": 0.73, "w": 7.69, "h": 0.07, "S": 0.11563, "elv": "Grytbekken", "km": 1.6}}, {"type": "Feature", "geometry": {"type": "LineString", "coordinates": [[10.12974, 62.70225], [10.12937, 62.70141]]}, "properties": {"P": 63.85, "tau": 616.74, "tau_c": 267.2, "omega": 2986.44, "M": 2.31, "D": 0.0, "R": 0.77, "sving": 0.23, "os": 0.36, "foss": 1.0, "juv": 0.0, "B": 0.77, "Q": 103.37, "w": 45.7, "h": 0.47, "S": 0.13457, "elv": "Grytbekken", "km": 1.9}}, {"type": "Feature", "geometry": {"type": "LineString", "coordinates": [[10.24278, 62.73678], [10.24167, 62.73732]]}, "properties": {"P": 22.27, "tau": 84.08, "tau_c": 180.15, "omega": 122.75, "M": 0.47, "D": 0.0, "R": 0.15, "sving": 0.46, "os": 0.07, "foss": 0.72, "juv": 0.0, "B": 0.52, "Q": 2.45, "w": 11.95, "h": 0.14, "S": 0.06117, "elv": "Skrammelbekken", "km": 0.2}}, {"type": "Feature", "geometry": {"type": "LineString", "coordinates": [[10.10898, 62.81137], [10.10863, 62.81216]]}, "properties": {"P": 15.32, "tau": 43.59, "tau_c": 145.01, "omega": 44.11, "M": 0.3, "D": 0.0, "R": 0.03, "sving": 0.13, "os": 0.0, "foss": 0.72, "juv": 0.0, "B": 0.59, "Q": 1.04, "w": 9.17, "h": 0.11, "S": 0.03963, "elv": "Stavåa", "km": 3.7}}, {"type": "Feature", "geometry": {"type": "LineString", "coordinates": [[10.10863, 62.81216], [10.10715, 62.81263]]}, "properties": {"P": 18.08, "tau": 44.51, "tau_c": 147.26, "omega": 45.46, "M": 0.3, "D": 0.0, "R": 0.03, "sving": 0.01, "os": 0.0, "foss": 1.0, "juv": 0.0, "B": 0.6, "Q": 1.04, "w": 9.18, "h": 0.11, "S": 0.04087, "elv": "Stavåa", "km": 3.8}}, {"type": "Feature", "geometry": {"type": "LineString", "coordinates": [[10.10715, 62.81263], [10.10601, 62.81336]]}, "properties": {"P": 30.67, "tau": 51.37, "tau_c": 165.33, "omega": 55.64, "M": 0.31, "D": 0.0, "R": 0.03, "sving": 0.73, "os": 0.0, "foss": 1.0, "juv": 0.0, "B": 0.6, "Q": 1.04, "w": 9.46, "h": 0.1, "S": 0.05152, "elv": "Stavåa", "km": 3.9}}, {"type": "Feature", "geometry": {"type": "LineString", "coordinates": [[10.10464, 62.81378], [10.10321, 62.81334]]}, "properties": {"P": 35.78, "tau": 50.4, "tau_c": 148.39, "omega": 55.77, "M": 0.34, "D": 0.03, "R": 0.05, "sving": 0.79, "os": 0.08, "foss": 1.0, "juv": 0.0, "B": 0.62, "Q": 1.38, "w": 10.04, "h": 0.12, "S": 0.0415, "elv": "Stavåa", "km": 4.1}}, {"type": "Feature", "geometry": {"type": "LineString", "coordinates": [[10.10321, 62.81334], [10.1019, 62.81394]]}, "properties": {"P": 22.83, "tau": 47.22, "tau_c": 142.46, "omega": 50.72, "M": 0.33, "D": 0.05, "R": 0.04, "sving": 0.3, "os": 0.12, "foss": 0.72, "juv": 0.0, "B": 0.63, "Q": 1.4, "w": 10.33, "h": 0.13, "S": 0.03825, "elv": "Stavåa", "km": 4.2}}, {"type": "Feature", "geometry": {"type": "LineString", "coordinates": [[10.1019, 62.81394], [10.10126, 62.81329]]}, "properties": {"P": 15.29, "tau": 35.98, "tau_c": 118.69, "omega": 34.22, "M": 0.3, "D": 0.07, "R": 0.03, "sving": 0.05, "os": 0.14, "foss": 0.51, "juv": 0.0, "B": 0.63, "Q": 1.4, "w": 10.63, "h": 0.14, "S": 0.02655, "elv": "Stavåa", "km": 4.3}}, {"type": "Feature", "geometry": {"type": "LineString", "coordinates": [[10.10126, 62.81329], [10.09963, 62.81314]]}, "properties": {"P": 31.78, "tau": 46.93, "tau_c": 143.62, "omega": 50.1, "M": 0.33, "D": 0.05, "R": 0.04, "sving": 0.43, "os": 0.19, "foss": 1.0, "juv": 0.0, "B": 0.63, "Q": 1.4, "w": 10.65, "h": 0.12, "S": 0.03888, "elv": "Stavåa", "km": 4.4}}, {"type": "Feature", "geometry": {"type": "LineString", "coordinates": [[10.09963, 62.81314], [10.0979, 62.81276]]}, "properties": {"P": 24.76, "tau": 38.25, "tau_c": 124.76, "omega": 37.31, "M": 0.31, "D": 0.05, "R": 0.03, "sving": 0.24, "os": 0.29, "foss": 0.72, "juv": 0.0, "B": 0.63, "Q": 1.4, "w": 10.83, "h": 0.13, "S": 0.02934, "elv": "Stavåa", "km": 4.5}}, {"type": "Feature", "geometry": {"type": "LineString", "coordinates": [[10.0979, 62.81276], [10.09613, 62.81245]]}, "properties": {"P": 36.25, "tau": 37.94, "tau_c": 124.9, "omega": 36.82, "M": 0.3, "D": 0.04, "R": 0.03, "sving": 0.42, "os": 0.46, "foss": 1.0, "juv": 0.0, "B": 0.63, "Q": 1.41, "w": 11.01, "h": 0.13, "S": 0.0294, "elv": "Stavåa", "km": 4.6}}, {"type": "Feature", "geometry": {"type": "LineString", "coordinates": [[10.09613, 62.81245], [10.09456, 62.81203]]}, "properties": {"P": 33.05, "tau": 41.2, "tau_c": 124.9, "omega": 42.18, "M": 0.33, "D": 0.04, "R": 0.04, "sving": 0.19, "os": 0.74, "foss": 0.72, "juv": 0.0, "B": 0.65, "Q": 1.64, "w": 11.2, "h": 0.14, "S": 0.0294, "elv": "Stavåa", "km": 4.7}}, {"type": "Feature", "geometry": {"type": "LineString", "coordinates": [[10.09456, 62.81203], [10.09366, 62.81258]]}, "properties": {"P": 30.47, "tau": 33.98, "tau_c": 109.14, "omega": 31.97, "M": 0.31, "D": 0.05, "R": 0.03, "sving": 0.16, "os": 0.82, "foss": 0.51, "juv": 0.0, "B": 0.65, "Q": 1.65, "w": 11.38, "h": 0.15, "S": 0.02245, "elv": "Stavåa", "km": 4.8}}, {"type": "Feature", "geometry": {"type": "LineString", "coordinates": [[10.09366, 62.81258], [10.09264, 62.81191]]}, "properties": {"P": 21.53, "tau": 40.61, "tau_c": 124.92, "omega": 41.21, "M": 0.33, "D": 0.05, "R": 0.04, "sving": 0.05, "os": 0.6, "foss": 0.37, "juv": 0.0, "B": 0.65, "Q": 1.65, "w": 11.57, "h": 0.14, "S": 0.02941, "elv": "Stavåa", "km": 4.9}}, {"type": "Feature", "geometry": {"type": "LineString", "coordinates": [[10.09264, 62.81191], [10.0914, 62.81132]]}, "properties": {"P": 20.42, "tau": 31.49, "tau_c": 104.0, "omega": 28.61, "M": 0.3, "D": 0.08, "R": 0.03, "sving": 0.43, "os": 0.5, "foss": 0.0, "juv": 0.0, "B": 0.65, "Q": 1.66, "w": 11.59, "h": 0.16, "S": 0.02039, "elv": "Stavåa", "km": 5.0}}, {"type": "Feature", "geometry": {"type": "LineString", "coordinates": [[10.0914, 62.81132], [10.0898, 62.81101]]}, "properties": {"P": 27.18, "tau": 31.34, "tau_c": 103.59, "omega": 28.42, "M": 0.3, "D": 0.04, "R": 0.03, "sving": 0.01, "os": 0.34, "foss": 1.0, "juv": 0.0, "B": 0.66, "Q": 1.66, "w": 11.61, "h": 0.16, "S": 0.02023, "elv": "Stavåa", "km": 5.1}}, {"type": "Feature", "geometry": {"type": "LineString", "coordinates": [[10.0898, 62.81101], [10.08818, 62.81084]]}, "properties": {"P": 25.44, "tau": 35.3, "tau_c": 112.79, "omega": 33.72, "M": 0.31, "D": 0.03, "R": 0.03, "sving": 0.32, "os": 0.22, "foss": 0.72, "juv": 0.0, "B": 0.66, "Q": 1.67, "w": 11.63, "h": 0.15, "S": 0.02398, "elv": "Stavåa", "km": 5.2}}, {"type": "Feature", "geometry": {"type": "LineString", "coordinates": [[10.08818, 62.81084], [10.08735, 62.81031]]}, "properties": {"P": 14.25, "tau": 48.6, "tau_c": 141.56, "omega": 53.39, "M": 0.34, "D": 0.0, "R": 0.05, "sving": 0.01, "os": 0.14, "foss": 0.51, "juv": 0.0, "B": 0.66, "Q": 1.68, "w": 11.64, "h": 0.13, "S": 0.03777, "elv": "Stavåa", "km": 5.3}}, {"type": "Feature", "geometry": {"type": "LineString", "coordinates": [[10.08735, 62.81031], [10.08596, 62.81034]]}, "properties": {"P": 14.41, "tau": 48.57, "tau_c": 141.58, "omega": 53.34, "M": 0.34, "D": 0.04, "R": 0.05, "sving": 0.05, "os": 0.21, "foss": 0.37, "juv": 0.0, "B": 0.66, "Q": 1.68, "w": 11.66, "h": 0.13, "S": 0.03778, "elv": "Stavåa", "km": 5.4}}, {"type": "Feature", "geometry": {"type": "LineString", "coordinates": [[10.08596, 62.81034], [10.08447, 62.81003]]}, "properties": {"P": 31.64, "tau": 40.01, "tau_c": 123.39, "omega": 40.38, "M": 0.32, "D": 0.09, "R": 0.04, "sving": 0.23, "os": 0.25, "foss": 1.0, "juv": 0.0, "B": 0.66, "Q": 1.69, "w": 11.75, "h": 0.14, "S": 0.0287, "elv": "Stavåa", "km": 5.5}}, {"type": "Feature", "geometry": {"type": "LineString", "coordinates": [[10.08447, 62.81003], [10.08314, 62.80981]]}, "properties": {"P": 37.99, "tau": 36.25, "tau_c": 115.33, "omega": 35.02, "M": 0.31, "D": 0.13, "R": 0.03, "sving": 0.71, "os": 0.34, "foss": 0.72, "juv": 0.0, "B": 0.66, "Q": 1.69, "w": 11.84, "h": 0.15, "S": 0.02507, "elv": "Stavåa", "km": 5.6}}, {"type": "Feature", "geometry": {"type": "LineString", "coordinates": [[10.08314, 62.80981], [10.08311, 62.80893]]}, "properties": {"P": 25.37, "tau": 35.51, "tau_c": 111.44, "omega": 34.2, "M": 0.32, "D": 0.18, "R": 0.04, "sving": 0.1, "os": 0.4, "foss": 0.51, "juv": 0.0, "B": 0.67, "Q": 1.8, "w": 12.08, "h": 0.15, "S": 0.02341, "elv": "Stavåa", "km": 5.7}}, {"type": "Feature", "geometry": {"type": "LineString", "coordinates": [[10.08311, 62.80893], [10.08354, 62.8082]]}, "properties": {"P": 34.49, "tau": 30.33, "tau_c": 100.26, "omega": 27.23, "M": 0.3, "D": 0.27, "R": 0.03, "sving": 0.36, "os": 0.64, "foss": 0.37, "juv": 0.0, "B": 0.67, "Q": 1.8, "w": 12.31, "h": 0.16, "S": 0.01895, "elv": "Stavåa", "km": 5.8}}, {"type": "Feature", "geometry": {"type": "LineString", "coordinates": [[10.06628, 62.8017], [10.06523, 62.80122]]}, "properties": {"P": 16.99, "tau": 27.82, "tau_c": 81.99, "omega": 25.22, "M": 0.34, "D": 0.0, "R": 0.05, "sving": 0.05, "os": 0.66, "foss": 0.0, "juv": 0.0, "B": 0.75, "Q": 3.53, "w": 17.38, "h": 0.22, "S": 0.01267, "elv": "Stavåa", "km": 7.4}}, {"type": "Feature", "geometry": {"type": "LineString", "coordinates": [[10.06523, 62.80122], [10.06342, 62.80142]]}, "properties": {"P": 37.61, "tau": 47.76, "tau_c": 101.65, "omega": 57.77, "M": 0.47, "D": 0.0, "R": 0.15, "sving": 0.42, "os": 0.97, "foss": 0.0, "juv": 0.0, "B": 0.79, "Q": 5.75, "w": 19.01, "h": 0.25, "S": 0.01948, "elv": "Stavåa", "km": 7.5}}, {"type": "Feature", "geometry": {"type": "LineString", "coordinates": [[10.06342, 62.80142], [10.06269, 62.80091]]}, "properties": {"P": 23.67, "tau": 44.58, "tau_c": 100.32, "omega": 51.83, "M": 0.44, "D": 0.0, "R": 0.13, "sving": 0.18, "os": 0.64, "foss": 0.0, "juv": 0.0, "B": 0.79, "Q": 5.75, "w": 20.65, "h": 0.24, "S": 0.01897, "elv": "Stavåa", "km": 7.6}}, {"type": "Feature", "geometry": {"type": "LineString", "coordinates": [[10.06269, 62.80091], [10.06097, 62.80109]]}, "properties": {"P": 47.11, "tau": 39.18, "tau_c": 93.24, "omega": 42.84, "M": 0.42, "D": 0.0, "R": 0.11, "sving": 0.35, "os": 0.53, "foss": 1.0, "juv": 0.0, "B": 0.8, "Q": 5.75, "w": 21.59, "h": 0.24, "S": 0.01639, "elv": "Stavåa", "km": 7.7}}, {"type": "Feature", "geometry": {"type": "LineString", "coordinates": [[10.06097, 62.80109], [10.06042, 62.80026]]}, "properties": {"P": 37.49, "tau": 61.02, "tau_c": 128.13, "omega": 80.86, "M": 0.48, "D": 0.0, "R": 0.16, "sving": 0.3, "os": 0.35, "foss": 0.72, "juv": 0.0, "B": 0.8, "Q": 5.75, "w": 21.6, "h": 0.2, "S": 0.03094, "elv": "Stavåa", "km": 7.8}}, {"type": "Feature", "geometry": {"type": "LineString", "coordinates": [[10.06042, 62.80026], [10.05899, 62.79971]]}, "properties": {"P": 32.91, "tau": 65.91, "tau_c": 134.4, "omega": 90.49, "M": 0.49, "D": 0.0, "R": 0.18, "sving": 0.1, "os": 0.52, "foss": 0.51, "juv": 0.0, "B": 0.8, "Q": 5.77, "w": 21.28, "h": 0.2, "S": 0.03405, "elv": "Stavåa", "km": 7.9}}, {"type": "Feature", "geometry": {"type": "LineString", "coordinates": [[10.05899, 62.79971], [10.0571, 62.79955]]}, "properties": {"P": 60.97, "tau": 68.99, "tau_c": 137.93, "omega": 96.79, "M": 0.5, "D": 0.0, "R": 0.19, "sving": 0.5, "os": 0.84, "foss": 1.0, "juv": 0.0, "B": 0.8, "Q": 5.77, "w": 20.96, "h": 0.2, "S": 0.03586, "elv": "Stavåa", "km": 8.0}}, {"type": "Feature", "geometry": {"type": "LineString", "coordinates": [[10.0571, 62.79955], [10.05514, 62.79951]]}, "properties": {"P": 52.17, "tau": 75.19, "tau_c": 146.72, "omega": 109.49, "M": 0.51, "D": 0.0, "R": 0.2, "sving": 0.21, "os": 0.72, "foss": 1.0, "juv": 0.0, "B": 0.8, "Q": 5.78, "w": 21.0, "h": 0.19, "S": 0.04058, "elv": "Stavåa", "km": 8.1}}, {"type": "Feature", "geometry": {"type": "LineString", "coordinates": [[10.05514, 62.79951], [10.0532, 62.79956]]}, "properties": {"P": 36.83, "tau": 92.18, "tau_c": 169.86, "omega": 146.59, "M": 0.54, "D": 0.0, "R": 0.24, "sving": 0.05, "os": 0.44, "foss": 0.72, "juv": 0.0, "B": 0.8, "Q": 5.78, "w": 21.04, "h": 0.17, "S": 0.05438, "elv": "Stavåa", "km": 8.2}}, {"type": "Feature", "geometry": {"type": "LineString", "coordinates": [[10.0532, 62.79956], [10.05128, 62.79943]]}, "properties": {"P": 43.23, "tau": 111.41, "tau_c": 192.32, "omega": 192.97, "M": 0.58, "D": 0.0, "R": 0.28, "sving": 0.13, "os": 0.27, "foss": 1.0, "juv": 0.0, "B": 0.8, "Q": 5.84, "w": 20.71, "h": 0.16, "S": 0.06971, "elv": "Stavåa", "km": 8.3}}, {"type": "Feature", "geometry": {"type": "LineString", "coordinates": [[10.05128, 62.79943], [10.04935, 62.79938]]}, "properties": {"P": 39.9, "tau": 104.58, "tau_c": 175.45, "omega": 178.6, "M": 0.6, "D": 0.0, "R": 0.31, "sving": 0.05, "os": 0.16, "foss": 1.0, "juv": 0.0, "B": 0.8, "Q": 5.87, "w": 18.71, "h": 0.18, "S": 0.05802, "elv": "Stavåa", "km": 8.4}}, {"type": "Feature", "geometry": {"type": "LineString", "coordinates": [[10.04935, 62.79938], [10.04748, 62.79964]]}, "properties": {"P": 40.95, "tau": 112.96, "tau_c": 185.39, "omega": 199.45, "M": 0.61, "D": 0.0, "R": 0.32, "sving": 0.13, "os": 0.1, "foss": 1.0, "juv": 0.0, "B": 0.8, "Q": 5.87, "w": 18.71, "h": 0.18, "S": 0.06478, "elv": "Stavåa", "km": 8.5}}, {"type": "Feature", "geometry": {"type": "LineString", "coordinates": [[10.04748, 62.79964], [10.04556, 62.79982]]}, "properties": {"P": 44.22, "tau": 130.34, "tau_c": 203.64, "omega": 245.47, "M": 0.64, "D": 0.0, "R": 0.37, "sving": 0.24, "os": 0.06, "foss": 1.0, "juv": 0.0, "B": 0.8, "Q": 5.88, "w": 18.36, "h": 0.17, "S": 0.07816, "elv": "Stavåa", "km": 8.6}}, {"type": "Feature", "geometry": {"type": "LineString", "coordinates": [[10.04556, 62.79982], [10.04364, 62.79999]]}, "properties": {"P": 42.61, "tau": 137.12, "tau_c": 198.76, "omega": 268.43, "M": 0.69, "D": 0.02, "R": 0.43, "sving": 0.04, "os": 0.06, "foss": 1.0, "juv": 0.0, "B": 0.81, "Q": 5.88, "w": 16.0, "h": 0.19, "S": 0.07446, "elv": "Stavåa", "km": 8.7}}, {"type": "Feature", "geometry": {"type": "LineString", "coordinates": [[10.04364, 62.79999], [10.04208, 62.80045]]}, "properties": {"P": 41.74, "tau": 117.24, "tau_c": 179.39, "omega": 213.86, "M": 0.65, "D": 0.02, "R": 0.38, "sving": 0.05, "os": 0.08, "foss": 1.0, "juv": 0.0, "B": 0.81, "Q": 5.89, "w": 16.37, "h": 0.2, "S": 0.06066, "elv": "Stavåa", "km": 8.8}}, {"type": "Feature", "geometry": {"type": "LineString", "coordinates": [[10.04208, 62.80045], [10.0404, 62.80078]]}, "properties": {"P": 46.09, "tau": 116.78, "tau_c": 189.85, "omega": 209.21, "M": 0.62, "D": 0.02, "R": 0.33, "sving": 0.31, "os": 0.09, "foss": 1.0, "juv": 0.0, "B": 0.81, "Q": 5.89, "w": 18.75, "h": 0.18, "S": 0.06794, "elv": "Stavåa", "km": 8.9}}, {"type": "Feature", "geometry": {"type": "LineString", "coordinates": [[10.0404, 62.80078], [10.03855, 62.80108]]}, "properties": {"P": 39.98, "tau": 135.84, "tau_c": 211.26, "omega": 259.95, "M": 0.64, "D": 0.02, "R": 0.37, "sving": 0.25, "os": 0.11, "foss": 0.72, "juv": 0.0, "B": 0.81, "Q": 5.91, "w": 18.75, "h": 0.16, "S": 0.08412, "elv": "Stavåa", "km": 9.0}}, {"type": "Feature", "geometry": {"type": "LineString", "coordinates": [[10.03855, 62.80108], [10.03758, 62.8018]]}, "properties": {"P": 46.02, "tau": 128.08, "tau_c": 202.5, "omega": 238.94, "M": 0.63, "D": 0.02, "R": 0.35, "sving": 0.23, "os": 0.12, "foss": 1.0, "juv": 0.0, "B": 0.81, "Q": 5.91, "w": 18.75, "h": 0.17, "S": 0.07729, "elv": "Stavåa", "km": 9.1}}, {"type": "Feature", "geometry": {"type": "LineString", "coordinates": [[10.03758, 62.8018], [10.03698, 62.80263]]}, "properties": {"P": 43.21, "tau": 106.16, "tau_c": 185.03, "omega": 180.3, "M": 0.57, "D": 0.02, "R": 0.28, "sving": 0.27, "os": 0.09, "foss": 1.0, "juv": 0.0, "B": 0.81, "Q": 5.91, "w": 20.75, "h": 0.17, "S": 0.06453, "elv": "Stavåa", "km": 9.2}}, {"type": "Feature", "geometry": {"type": "LineString", "coordinates": [[10.03698, 62.80263], [10.03596, 62.80339]]}, "properties": {"P": 40.73, "tau": 129.24, "tau_c": 212.26, "omega": 239.26, "M": 0.61, "D": 0.01, "R": 0.32, "sving": 0.08, "os": 0.12, "foss": 1.0, "juv": 0.0, "B": 0.81, "Q": 5.97, "w": 20.79, "h": 0.16, "S": 0.08492, "elv": "Stavåa", "km": 9.3}}, {"type": "Feature", "geometry": {"type": "LineString", "coordinates": [[10.03596, 62.80339], [10.035, 62.80416]]}, "properties": {"P": 48.42, "tau": 174.65, "tau_c": 249.26, "omega": 374.21, "M": 0.7, "D": 0.0, "R": 0.45, "sving": 0.46, "os": 0.15, "foss": 0.72, "juv": 0.0, "B": 0.81, "Q": 6.0, "w": 18.41, "h": 0.15, "S": 0.11711, "elv": "Stavåa", "km": 9.4}}, {"type": "Feature", "geometry": {"type": "LineString", "coordinates": [[10.035, 62.80416], [10.03378, 62.80477]]}, "properties": {"P": 60.55, "tau": 152.91, "tau_c": 228.66, "omega": 308.55, "M": 0.67, "D": 0.04, "R": 0.4, "sving": 0.69, "os": 0.17, "foss": 1.0, "juv": 0.0, "B": 0.81, "Q": 6.01, "w": 18.83, "h": 0.16, "S": 0.09855, "elv": "Stavåa", "km": 9.5}}, {"type": "Feature", "geometry": {"type": "LineString", "coordinates": [[10.03378, 62.80477], [10.03186, 62.80479]]}, "properties": {"P": 60.94, "tau": 138.82, "tau_c": 215.37, "omega": 267.93, "M": 0.64, "D": 0.04, "R": 0.37, "sving": 0.74, "os": 0.19, "foss": 1.0, "juv": 0.0, "B": 0.81, "Q": 6.01, "w": 19.25, "h": 0.16, "S": 0.08742, "elv": "Stavåa", "km": 9.6}}, {"type": "Feature", "geometry": {"type": "LineString", "coordinates": [[10.03186, 62.80479], [10.03065, 62.80418]]}, "properties": {"P": 60.83, "tau": 139.12, "tau_c": 217.68, "omega": 268.05, "M": 0.64, "D": 0.06, "R": 0.36, "sving": 0.65, "os": 0.27, "foss": 1.0, "juv": 0.0, "B": 0.81, "Q": 6.02, "w": 19.67, "h": 0.16, "S": 0.08931, "elv": "Stavåa", "km": 9.7}}, {"type": "Feature", "geometry": {"type": "LineString", "coordinates": [[10.03065, 62.80418], [10.02949, 62.80348]]}, "properties": {"P": 58.0, "tau": 149.86, "tau_c": 229.51, "omega": 298.21, "M": 0.65, "D": 0.06, "R": 0.38, "sving": 0.33, "os": 0.42, "foss": 1.0, "juv": 0.0, "B": 0.81, "Q": 6.03, "w": 19.68, "h": 0.15, "S": 0.09929, "elv": "Stavåa", "km": 9.8}}, {"type": "Feature", "geometry": {"type": "LineString", "coordinates": [[10.02949, 62.80348], [10.0283, 62.80279]]}, "properties": {"P": 65.5, "tau": 125.13, "tau_c": 212.11, "omega": 226.96, "M": 0.59, "D": 0.11, "R": 0.3, "sving": 0.46, "os": 0.68, "foss": 1.0, "juv": 0.0, "B": 0.82, "Q": 6.03, "w": 22.1, "h": 0.15, "S": 0.0848, "elv": "Stavåa", "km": 9.9}}, {"type": "Feature", "geometry": {"type": "LineString", "coordinates": [[10.0283, 62.80279], [10.02712, 62.80217]]}, "properties": {"P": 71.06, "tau": 99.0, "tau_c": 177.73, "omega": 162.73, "M": 0.56, "D": 0.12, "R": 0.26, "sving": 0.55, "os": 0.89, "foss": 1.0, "juv": 0.0, "B": 0.82, "Q": 6.04, "w": 21.69, "h": 0.17, "S": 0.05954, "elv": "Stavåa", "km": 10.0}}, {"type": "Feature", "geometry": {"type": "LineString", "coordinates": [[10.02712, 62.80217], [10.02538, 62.80251]]}, "properties": {"P": 68.85, "tau": 110.65, "tau_c": 182.75, "omega": 193.67, "M": 0.61, "D": 0.07, "R": 0.32, "sving": 0.73, "os": 0.57, "foss": 1.0, "juv": 0.0, "B": 0.82, "Q": 6.04, "w": 19.27, "h": 0.18, "S": 0.06295, "elv": "Stavåa", "km": 10.1}}, {"type": "Feature", "geometry": {"type": "LineString", "coordinates": [[10.02538, 62.80251], [10.02378, 62.80294]]}, "properties": {"P": 62.28, "tau": 106.04, "tau_c": 166.13, "omega": 185.51, "M": 0.64, "D": 0.02, "R": 0.36, "sving": 0.58, "os": 0.42, "foss": 1.0, "juv": 0.0, "B": 0.82, "Q": 6.13, "w": 16.85, "h": 0.21, "S": 0.05202, "elv": "Stavåa", "km": 10.2}}, {"type": "Feature", "geometry": {"type": "LineString", "coordinates": [[10.02378, 62.80294], [10.02286, 62.80367]]}, "properties": {"P": 51.19, "tau": 131.67, "tau_c": 191.84, "omega": 253.85, "M": 0.69, "D": 0.0, "R": 0.43, "sving": 0.17, "os": 0.29, "foss": 1.0, "juv": 0.0, "B": 0.82, "Q": 6.13, "w": 16.43, "h": 0.19, "S": 0.06936, "elv": "Stavåa", "km": 10.3}}, {"type": "Feature", "geometry": {"type": "LineString", "coordinates": [[10.02286, 62.80367], [10.02142, 62.80423]]}, "properties": {"P": 48.08, "tau": 129.57, "tau_c": 189.74, "omega": 248.01, "M": 0.68, "D": 0.0, "R": 0.42, "sving": 0.4, "os": 0.22, "foss": 0.72, "juv": 0.0, "B": 0.82, "Q": 6.13, "w": 16.46, "h": 0.19, "S": 0.06785, "elv": "Stavåa", "km": 10.4}}, {"type": "Feature", "geometry": {"type": "LineString", "coordinates": [[10.02142, 62.80423], [10.01953, 62.80419]]}, "properties": {"P": 50.6, "tau": 138.72, "tau_c": 201.66, "omega": 272.64, "M": 0.69, "D": 0.0, "R": 0.43, "sving": 0.29, "os": 0.14, "foss": 1.0, "juv": 0.0, "B": 0.82, "Q": 6.13, "w": 16.92, "h": 0.18, "S": 0.07665, "elv": "Stavåa", "km": 10.5}}, {"type": "Feature", "geometry": {"type": "LineString", "coordinates": [[10.01953, 62.80419], [10.01788, 62.80375]]}, "properties": {"P": 40.97, "tau": 132.47, "tau_c": 204.87, "omega": 251.77, "M": 0.65, "D": 0.0, "R": 0.37, "sving": 0.01, "os": 0.1, "foss": 1.0, "juv": 0.0, "B": 0.82, "Q": 6.14, "w": 18.92, "h": 0.17, "S": 0.07911, "elv": "Stavåa", "km": 10.6}}, {"type": "Feature", "geometry": {"type": "LineString", "coordinates": [[10.01788, 62.80375], [10.01634, 62.80396]]}, "properties": {"P": 46.28, "tau": 169.05, "tau_c": 254.86, "omega": 352.51, "M": 0.66, "D": 0.0, "R": 0.4, "sving": 0.14, "os": 0.16, "foss": 1.0, "juv": 0.0, "B": 0.82, "Q": 6.14, "w": 20.92, "h": 0.14, "S": 0.12242, "elv": "Stavåa", "km": 10.7}}, {"type": "Feature", "geometry": {"type": "LineString", "coordinates": [[10.01634, 62.80396], [10.0149, 62.80448]]}, "properties": {"P": 45.31, "tau": 181.7, "tau_c": 279.18, "omega": 386.3, "M": 0.65, "D": 0.0, "R": 0.38, "sving": 0.04, "os": 0.2, "foss": 1.0, "juv": 0.05, "B": 0.82, "Q": 6.14, "w": 22.92, "h": 0.13, "S": 0.14691, "elv": "Stavåa", "km": 10.8}}, {"type": "Feature", "geometry": {"type": "LineString", "coordinates": [[10.0149, 62.80448], [10.01326, 62.80415]]}, "properties": {"P": 52.16, "tau": 173.77, "tau_c": 278.07, "omega": 359.32, "M": 0.62, "D": 0.0, "R": 0.34, "sving": 0.35, "os": 0.21, "foss": 1.0, "juv": 0.1, "B": 0.82, "Q": 6.15, "w": 24.46, "h": 0.12, "S": 0.14574, "elv": "Stavåa", "km": 10.9}}, {"type": "Feature", "geometry": {"type": "LineString", "coordinates": [[10.09662, 62.81176], [10.09544, 62.812]]}, "properties": {"P": 19.28, "tau": 70.61, "tau_c": 179.38, "omega": 91.74, "M": 0.39, "D": -0.0, "R": 0.08, "sving": 0.26, "os": 0.0, "foss": 1.0, "juv": 0.0, "B": 0.48, "Q": 1.41, "w": 9.14, "h": 0.12, "S": 0.06065, "elv": "Storlibekken", "km": 3.2}}, {"type": "Feature", "geometry": {"type": "LineString", "coordinates": [[10.01287, 62.73081], [10.01111, 62.73044]]}, "properties": {"P": 13.1, "tau": 83.78, "tau_c": 254.6, "omega": 108.9, "M": 0.33, "D": 0.0, "R": 0.04, "sving": 0.01, "os": 0.0, "foss": 1.0, "juv": 0.0, "B": 0.42, "Q": 0.6, "w": 6.58, "h": 0.07, "S": 0.12218, "elv": "bekk", "km": 0.8}}, {"type": "Feature", "geometry": {"type": "LineString", "coordinates": [[10.01111, 62.73044], [10.00929, 62.73014]]}, "properties": {"P": 13.73, "tau": 87.16, "tau_c": 265.19, "omega": 114.85, "M": 0.33, "D": 0.0, "R": 0.04, "sving": 0.07, "os": 0.0, "foss": 1.0, "juv": 0.0, "B": 0.42, "Q": 0.6, "w": 6.77, "h": 0.07, "S": 0.13255, "elv": "bekk", "km": 0.9}}, {"type": "Feature", "geometry": {"type": "LineString", "coordinates": [[10.00929, 62.73014], [10.0074, 62.72994]]}, "properties": {"P": 13.47, "tau": 85.42, "tau_c": 264.46, "omega": 111.21, "M": 0.32, "D": 0.0, "R": 0.04, "sving": 0.05, "os": 0.0, "foss": 1.0, "juv": 0.0, "B": 0.42, "Q": 0.6, "w": 6.96, "h": 0.07, "S": 0.13182, "elv": "bekk", "km": 1.0}}, {"type": "Feature", "geometry": {"type": "LineString", "coordinates": [[10.0074, 62.72994], [10.00559, 62.72961]]}, "properties": {"P": 13.08, "tau": 84.48, "tau_c": 262.32, "omega": 109.46, "M": 0.32, "D": 0.0, "R": 0.04, "sving": 0.02, "os": 0.0, "foss": 1.0, "juv": 0.0, "B": 0.42, "Q": 0.6, "w": 6.96, "h": 0.07, "S": 0.1297, "elv": "bekk", "km": 1.1}}, {"type": "Feature", "geometry": {"type": "LineString", "coordinates": [[10.00559, 62.72961], [10.00376, 62.72935]]}, "properties": {"P": 16.39, "tau": 92.35, "tau_c": 279.65, "omega": 124.37, "M": 0.33, "D": 0.0, "R": 0.04, "sving": 0.28, "os": 0.0, "foss": 1.0, "juv": 0.0, "B": 0.42, "Q": 0.6, "w": 6.97, "h": 0.06, "S": 0.1474, "elv": "bekk", "km": 1.2}}, {"type": "Feature", "geometry": {"type": "LineString", "coordinates": [[10.00376, 62.72935], [10.0021, 62.72903]]}, "properties": {"P": 16.08, "tau": 93.36, "tau_c": 281.85, "omega": 126.33, "M": 0.33, "D": 0.01, "R": 0.04, "sving": 0.24, "os": 0.0, "foss": 1.0, "juv": 0.0, "B": 0.42, "Q": 0.6, "w": 6.97, "h": 0.06, "S": 0.14972, "elv": "bekk", "km": 1.3}}, {"type": "Feature", "geometry": {"type": "LineString", "coordinates": [[10.0021, 62.72903], [10.00103, 62.72829]]}, "properties": {"P": 21.39, "tau": 89.57, "tau_c": 273.59, "omega": 119.04, "M": 0.33, "D": 0.04, "R": 0.04, "sving": 0.65, "os": 0.0, "foss": 1.0, "juv": 0.0, "B": 0.42, "Q": 0.6, "w": 6.97, "h": 0.06, "S": 0.14108, "elv": "bekk", "km": 1.4}}, {"type": "Feature", "geometry": {"type": "LineString", "coordinates": [[10.00103, 62.72829], [10.00003, 62.72755]]}, "properties": {"P": 17.55, "tau": 85.42, "tau_c": 264.69, "omega": 111.19, "M": 0.32, "D": 0.08, "R": 0.04, "sving": 0.28, "os": 0.0, "foss": 1.0, "juv": 0.0, "B": 0.42, "Q": 0.6, "w": 6.98, "h": 0.07, "S": 0.13205, "elv": "bekk", "km": 1.5}}, {"type": "Feature", "geometry": {"type": "LineString", "coordinates": [[10.00003, 62.72755], [10.00082, 62.72682]]}, "properties": {"P": 19.39, "tau": 78.56, "tau_c": 250.44, "omega": 98.48, "M": 0.31, "D": 0.13, "R": 0.03, "sving": 0.37, "os": 0.0, "foss": 1.0, "juv": 0.0, "B": 0.42, "Q": 0.6, "w": 7.06, "h": 0.07, "S": 0.11821, "elv": "bekk", "km": 1.6}}, {"type": "Feature", "geometry": {"type": "LineString", "coordinates": [[10.00082, 62.72682], [10.00009, 62.72606]]}, "properties": {"P": 22.51, "tau": 68.56, "tau_c": 226.17, "omega": 81.15, "M": 0.3, "D": 0.21, "R": 0.03, "sving": 0.52, "os": 0.0, "foss": 1.0, "juv": 0.0, "B": 0.42, "Q": 0.61, "w": 7.13, "h": 0.07, "S": 0.09642, "elv": "bekk", "km": 1.7}}, {"type": "Feature", "geometry": {"type": "LineString", "coordinates": [[9.99637, 62.7264], [9.99471, 62.726]]}, "properties": {"P": 55.93, "tau": 608.28, "tau_c": 251.23, "omega": 2980.42, "M": 2.42, "D": 0.0, "R": 0.73, "sving": 0.25, "os": 0.0, "foss": 1.0, "juv": 0.0, "B": 0.79, "Q": 134.6, "w": 52.7, "h": 0.52, "S": 0.11896, "elv": "bekk", "km": 2.0}}, {"type": "Feature", "geometry": {"type": "LineString", "coordinates": [[10.03364, 62.7135], [10.03204, 62.71305]]}, "properties": {"P": 56.43, "tau": 687.1, "tau_c": 301.5, "omega": 3452.18, "M": 2.28, "D": -0.0, "R": 0.78, "sving": 0.28, "os": 0.1, "foss": 1.0, "juv": 0.0, "B": 0.73, "Q": 132.68, "w": 64.6, "h": 0.41, "S": 0.17134, "elv": "bekk", "km": 1.0}}, {"type": "Feature", "geometry": {"type": "LineString", "coordinates": [[10.03444, 62.78699], [10.03371, 62.78781]]}, "properties": {"P": 16.51, "tau": 59.43, "tau_c": 194.52, "omega": 67.17, "M": 0.31, "D": -0.0, "R": 0.03, "sving": 0.16, "os": 0.0, "foss": 1.0, "juv": 0.0, "B": 0.48, "Q": 0.74, "w": 7.7, "h": 0.08, "S": 0.07132, "elv": "Ea", "km": 2.8}}, {"type": "Feature", "geometry": {"type": "LineString", "coordinates": [[10.03371, 62.78781], [10.03299, 62.78864]]}, "properties": {"P": 16.25, "tau": 56.96, "tau_c": 189.08, "omega": 63.16, "M": 0.3, "D": -0.0, "R": 0.03, "sving": 0.14, "os": 0.0, "foss": 1.0, "juv": 0.0, "B": 0.48, "Q": 0.74, "w": 7.79, "h": 0.09, "S": 0.06739, "elv": "Ea", "km": 2.9}}, {"type": "Feature", "geometry": {"type": "LineString", "coordinates": [[10.03193, 62.78939], [10.03054, 62.79001]]}, "properties": {"P": 16.24, "tau": 60.82, "tau_c": 195.48, "omega": 69.72, "M": 0.31, "D": 0.01, "R": 0.03, "sving": 0.1, "os": 0.0, "foss": 1.0, "juv": 0.0, "B": 0.48, "Q": 0.8, "w": 8.1, "h": 0.09, "S": 0.07202, "elv": "Ea", "km": 3.1}}, {"type": "Feature", "geometry": {"type": "LineString", "coordinates": [[10.03054, 62.79001], [10.0301, 62.79088]]}, "properties": {"P": 16.4, "tau": 61.67, "tau_c": 191.42, "omega": 71.83, "M": 0.32, "D": 0.03, "R": 0.04, "sving": 0.07, "os": 0.0, "foss": 1.0, "juv": 0.0, "B": 0.49, "Q": 0.88, "w": 8.26, "h": 0.09, "S": 0.06907, "elv": "Ea", "km": 3.2}}, {"type": "Feature", "geometry": {"type": "LineString", "coordinates": [[10.0301, 62.79088], [10.0299, 62.79175]]}, "properties": {"P": 17.36, "tau": 52.73, "tau_c": 170.93, "omega": 57.41, "M": 0.31, "D": 0.03, "R": 0.03, "sving": 0.13, "os": 0.0, "foss": 1.0, "juv": 0.0, "B": 0.49, "Q": 0.89, "w": 8.42, "h": 0.1, "S": 0.05507, "elv": "Ea", "km": 3.3}}, {"type": "Feature", "geometry": {"type": "LineString", "coordinates": [[10.0299, 62.79175], [10.02858, 62.7924]]}, "properties": {"P": 16.42, "tau": 53.88, "tau_c": 174.23, "omega": 59.16, "M": 0.31, "D": 0.02, "R": 0.03, "sving": 0.07, "os": 0.0, "foss": 1.0, "juv": 0.0, "B": 0.49, "Q": 0.9, "w": 8.53, "h": 0.1, "S": 0.05722, "elv": "Ea", "km": 3.4}}, {"type": "Feature", "geometry": {"type": "LineString", "coordinates": [[10.02858, 62.7924], [10.02772, 62.7932]]}, "properties": {"P": 12.89, "tau": 59.15, "tau_c": 185.74, "omega": 67.7, "M": 0.32, "D": 0.01, "R": 0.04, "sving": 0.12, "os": 0.0, "foss": 0.72, "juv": 0.0, "B": 0.49, "Q": 0.91, "w": 8.57, "h": 0.09, "S": 0.06502, "elv": "Ea", "km": 3.5}}, {"type": "Feature", "geometry": {"type": "LineString", "coordinates": [[10.02772, 62.7932], [10.02692, 62.79402]]}, "properties": {"P": 16.41, "tau": 60.75, "tau_c": 189.62, "omega": 70.31, "M": 0.32, "D": -0.0, "R": 0.04, "sving": 0.09, "os": 0.0, "foss": 1.0, "juv": 0.0, "B": 0.49, "Q": 0.91, "w": 8.6, "h": 0.09, "S": 0.06777, "elv": "Ea", "km": 3.6}}, {"type": "Feature", "geometry": {"type": "LineString", "coordinates": [[10.02692, 62.79402], [10.02612, 62.79484]]}, "properties": {"P": 16.68, "tau": 63.3, "tau_c": 194.59, "omega": 74.66, "M": 0.33, "D": -0.0, "R": 0.04, "sving": 0.05, "os": 0.05, "foss": 1.0, "juv": 0.0, "B": 0.5, "Q": 0.92, "w": 8.63, "h": 0.09, "S": 0.07137, "elv": "Ea", "km": 3.7}}, {"type": "Feature", "geometry": {"type": "LineString", "coordinates": [[10.02612, 62.79484], [10.02516, 62.79562]]}, "properties": {"P": 16.43, "tau": 63.86, "tau_c": 195.31, "omega": 75.66, "M": 0.33, "D": 0.01, "R": 0.04, "sving": 0.01, "os": 0.06, "foss": 1.0, "juv": 0.0, "B": 0.5, "Q": 0.93, "w": 8.64, "h": 0.09, "S": 0.0719, "elv": "Ea", "km": 3.8}}, {"type": "Feature", "geometry": {"type": "LineString", "coordinates": [[10.02516, 62.79562], [10.02408, 62.79637]]}, "properties": {"P": 22.33, "tau": 69.25, "tau_c": 207.18, "omega": 84.98, "M": 0.33, "D": 0.02, "R": 0.04, "sving": 0.39, "os": 0.06, "foss": 1.0, "juv": 0.0, "B": 0.5, "Q": 0.93, "w": 8.66, "h": 0.09, "S": 0.0809, "elv": "Ea", "km": 3.9}}, {"type": "Feature", "geometry": {"type": "LineString", "coordinates": [[10.02408, 62.79637], [10.02324, 62.79717]]}, "properties": {"P": 21.21, "tau": 59.9, "tau_c": 187.98, "omega": 68.9, "M": 0.32, "D": 0.04, "R": 0.04, "sving": 0.32, "os": 0.05, "foss": 1.0, "juv": 0.0, "B": 0.5, "Q": 0.93, "w": 8.79, "h": 0.09, "S": 0.0666, "elv": "Ea", "km": 4.0}}, {"type": "Feature", "geometry": {"type": "LineString", "coordinates": [[10.02324, 62.79717], [10.02136, 62.79726]]}, "properties": {"P": 17.28, "tau": 57.56, "tau_c": 183.88, "omega": 64.95, "M": 0.31, "D": 0.03, "R": 0.03, "sving": 0.11, "os": 0.0, "foss": 1.0, "juv": 0.0, "B": 0.5, "Q": 0.93, "w": 8.92, "h": 0.09, "S": 0.06373, "elv": "Ea", "km": 4.1}}, {"type": "Feature", "geometry": {"type": "LineString", "coordinates": [[10.02136, 62.79726], [10.01954, 62.79743]]}, "properties": {"P": 15.45, "tau": 63.87, "tau_c": 187.66, "omega": 76.68, "M": 0.34, "D": 0.01, "R": 0.05, "sving": 0.24, "os": 0.0, "foss": 0.72, "juv": 0.0, "B": 0.51, "Q": 1.07, "w": 9.06, "h": 0.1, "S": 0.06638, "elv": "Ea", "km": 4.2}}, {"type": "Feature", "geometry": {"type": "LineString", "coordinates": [[10.01954, 62.79743], [10.01899, 62.79829]]}, "properties": {"P": 21.79, "tau": 77.8, "tau_c": 216.94, "omega": 101.64, "M": 0.36, "D": 0.0, "R": 0.06, "sving": 0.33, "os": 0.05, "foss": 1.0, "juv": 0.0, "B": 0.51, "Q": 1.07, "w": 9.19, "h": 0.09, "S": 0.0887, "elv": "Ea", "km": 4.3}}, {"type": "Feature", "geometry": {"type": "LineString", "coordinates": [[10.01899, 62.79829], [10.01934, 62.79908]]}, "properties": {"P": 20.72, "tau": 93.53, "tau_c": 248.92, "omega": 132.13, "M": 0.38, "D": 0.0, "R": 0.07, "sving": 0.23, "os": 0.06, "foss": 1.0, "juv": 0.0, "B": 0.51, "Q": 1.08, "w": 9.33, "h": 0.08, "S": 0.11679, "elv": "Ea", "km": 4.4}}, {"type": "Feature", "geometry": {"type": "LineString", "coordinates": [[10.01934, 62.79908], [10.01852, 62.79966]]}, "properties": {"P": 17.53, "tau": 100.76, "tau_c": 262.42, "omega": 147.04, "M": 0.38, "D": 0.0, "R": 0.08, "sving": 0.01, "os": 0.06, "foss": 1.0, "juv": 0.0, "B": 0.51, "Q": 1.08, "w": 9.34, "h": 0.08, "S": 0.1298, "elv": "Ea", "km": 4.5}}, {"type": "Feature", "geometry": {"type": "LineString", "coordinates": [[10.01852, 62.79966], [10.01719, 62.80032]]}, "properties": {"P": 25.3, "tau": 122.99, "tau_c": 302.77, "omega": 195.63, "M": 0.41, "D": 0.03, "R": 0.09, "sving": 0.46, "os": 0.06, "foss": 1.0, "juv": 0.0, "B": 0.51, "Q": 1.08, "w": 9.35, "h": 0.07, "S": 0.17278, "elv": "Ea", "km": 4.6}}, {"type": "Feature", "geometry": {"type": "LineString", "coordinates": [[10.01719, 62.80032], [10.0166, 62.80115]]}, "properties": {"P": 24.79, "tau": 153.02, "tau_c": 354.03, "omega": 267.48, "M": 0.43, "D": 0.12, "R": 0.12, "sving": 0.24, "os": 0.09, "foss": 1.0, "juv": 0.0, "B": 0.51, "Q": 1.08, "w": 9.35, "h": 0.07, "S": 0.23623, "elv": "Ea", "km": 4.7}}, {"type": "Feature", "geometry": {"type": "LineString", "coordinates": [[9.97282, 62.73766], [9.97296, 62.73855]]}, "properties": {"P": 51.1, "tau": 733.92, "tau_c": 240.8, "omega": 4103.92, "M": 3.05, "D": 0.0, "R": 0.5, "sving": 0.47, "os": 0.09, "foss": 1.0, "juv": 0.05, "B": 0.73, "Q": 169.95, "w": 44.4, "h": 0.68, "S": 0.10929, "elv": "Merrabekken", "km": 5.1}}, {"type": "Feature", "geometry": {"type": "LineString", "coordinates": [[10.23648, 62.75078], [10.2383, 62.75058]]}, "properties": {"P": 19.96, "tau": 64.24, "tau_c": 135.34, "omega": 85.78, "M": 0.47, "D": -0.0, "R": 0.16, "sving": 0.04, "os": 0.0, "foss": 1.0, "juv": 0.0, "B": 0.53, "Q": 3.05, "w": 12.06, "h": 0.19, "S": 0.03452, "elv": "bekk", "km": 2.1}}, {"type": "Feature", "geometry": {"type": "LineString", "coordinates": [[10.17067, 62.72229], [10.16889, 62.72203]]}, "properties": {"P": 22.16, "tau": 41.41, "tau_c": 137.68, "omega": 41.13, "M": 0.3, "D": 0.03, "R": 0.03, "sving": 0.22, "os": 0.06, "foss": 1.0, "juv": 0.0, "B": 0.57, "Q": 1.01, "w": 8.64, "h": 0.12, "S": 0.03573, "elv": "Vullunda", "km": 2.9}}, {"type": "Feature", "geometry": {"type": "LineString", "coordinates": [[10.16369, 62.71761], [10.16411, 62.71683]]}, "properties": {"P": 27.11, "tau": 40.2, "tau_c": 124.32, "omega": 40.49, "M": 0.32, "D": 0.01, "R": 0.04, "sving": 0.08, "os": 0.9, "foss": 0.51, "juv": 0.0, "B": 0.6, "Q": 1.44, "w": 10.14, "h": 0.14, "S": 0.02913, "elv": "Vullunda", "km": 3.7}}, {"type": "Feature", "geometry": {"type": "LineString", "coordinates": [[10.16411, 62.71683], [10.16448, 62.71598]]}, "properties": {"P": 28.83, "tau": 36.04, "tau_c": 116.57, "omega": 34.5, "M": 0.31, "D": 0.01, "R": 0.03, "sving": 0.03, "os": 0.58, "foss": 1.0, "juv": 0.0, "B": 0.6, "Q": 1.44, "w": 10.48, "h": 0.14, "S": 0.02561, "elv": "Vullunda", "km": 3.8}}, {"type": "Feature", "geometry": {"type": "LineString", "coordinates": [[10.16448, 62.71598], [10.16331, 62.71531]]}, "properties": {"P": 24.57, "tau": 35.04, "tau_c": 115.54, "omega": 33.03, "M": 0.3, "D": 0.01, "R": 0.03, "sving": 0.0, "os": 0.36, "foss": 1.0, "juv": 0.0, "B": 0.6, "Q": 1.45, "w": 10.83, "h": 0.14, "S": 0.02516, "elv": "Vullunda", "km": 3.9}}, {"type": "Feature", "geometry": {"type": "LineString", "coordinates": [[10.16331, 62.71531], [10.1633, 62.71447]]}, "properties": {"P": 23.63, "tau": 41.81, "tau_c": 131.12, "omega": 42.58, "M": 0.32, "D": 0.0, "R": 0.04, "sving": 0.33, "os": 0.26, "foss": 0.72, "juv": 0.0, "B": 0.6, "Q": 1.45, "w": 10.85, "h": 0.13, "S": 0.0324, "elv": "Vullunda", "km": 4.0}}, {"type": "Feature", "geometry": {"type": "LineString", "coordinates": [[10.1633, 62.71447], [10.16375, 62.71361]]}, "properties": {"P": 21.68, "tau": 59.17, "tau_c": 167.94, "omega": 70.08, "M": 0.35, "D": 0.0, "R": 0.05, "sving": 0.0, "os": 0.16, "foss": 1.0, "juv": 0.0, "B": 0.6, "Q": 1.46, "w": 10.87, "h": 0.11, "S": 0.05316, "elv": "Vullunda", "km": 4.1}}, {"type": "Feature", "geometry": {"type": "LineString", "coordinates": [[10.16375, 62.71361], [10.16256, 62.71296]]}, "properties": {"P": 23.81, "tau": 65.94, "tau_c": 181.83, "omega": 81.81, "M": 0.36, "D": 0.0, "R": 0.06, "sving": 0.18, "os": 0.1, "foss": 1.0, "juv": 0.0, "B": 0.6, "Q": 1.46, "w": 10.91, "h": 0.11, "S": 0.06231, "elv": "Vullunda", "km": 4.2}}, {"type": "Feature", "geometry": {"type": "LineString", "coordinates": [[10.16256, 62.71296], [10.16135, 62.71225]]}, "properties": {"P": 20.68, "tau": 77.5, "tau_c": 204.16, "omega": 103.12, "M": 0.38, "D": 0.0, "R": 0.07, "sving": 0.01, "os": 0.07, "foss": 1.0, "juv": 0.0, "B": 0.6, "Q": 1.47, "w": 10.95, "h": 0.1, "S": 0.07856, "elv": "Vullunda", "km": 4.3}}, {"type": "Feature", "geometry": {"type": "LineString", "coordinates": [[10.16135, 62.71225], [10.16047, 62.71146]]}, "properties": {"P": 25.02, "tau": 86.25, "tau_c": 217.96, "omega": 120.63, "M": 0.4, "D": 0.0, "R": 0.08, "sving": 0.24, "os": 0.06, "foss": 1.0, "juv": 0.0, "B": 0.6, "Q": 1.51, "w": 10.99, "h": 0.1, "S": 0.08954, "elv": "Vullunda", "km": 4.4}}, {"type": "Feature", "geometry": {"type": "LineString", "coordinates": [[10.16047, 62.71146], [10.16093, 62.71065]]}, "properties": {"P": 26.63, "tau": 93.52, "tau_c": 231.26, "omega": 135.43, "M": 0.4, "D": 0.0, "R": 0.09, "sving": 0.29, "os": 0.09, "foss": 1.0, "juv": 0.0, "B": 0.6, "Q": 1.51, "w": 11.04, "h": 0.09, "S": 0.1008, "elv": "Vullunda", "km": 4.5}}, {"type": "Feature", "geometry": {"type": "LineString", "coordinates": [[10.16093, 62.71065], [10.16084, 62.70977]]}, "properties": {"P": 26.06, "tau": 91.91, "tau_c": 228.65, "omega": 132.06, "M": 0.4, "D": 0.03, "R": 0.09, "sving": 0.18, "os": 0.14, "foss": 1.0, "juv": 0.0, "B": 0.6, "Q": 1.51, "w": 11.09, "h": 0.1, "S": 0.09854, "elv": "Vullunda", "km": 4.6}}, {"type": "Feature", "geometry": {"type": "LineString", "coordinates": [[10.16084, 62.70977], [10.16106, 62.7089]]}, "properties": {"P": 26.71, "tau": 86.44, "tau_c": 218.55, "omega": 121.0, "M": 0.4, "D": 0.08, "R": 0.08, "sving": 0.07, "os": 0.22, "foss": 1.0, "juv": 0.0, "B": 0.6, "Q": 1.52, "w": 11.11, "h": 0.1, "S": 0.09003, "elv": "Vullunda", "km": 4.7}}, {"type": "Feature", "geometry": {"type": "LineString", "coordinates": [[10.16106, 62.7089], [10.16106, 62.70802]]}, "properties": {"P": 30.61, "tau": 78.38, "tau_c": 203.43, "omega": 105.2, "M": 0.39, "D": 0.15, "R": 0.08, "sving": 0.07, "os": 0.36, "foss": 1.0, "juv": 0.0, "B": 0.6, "Q": 1.53, "w": 11.12, "h": 0.1, "S": 0.078, "elv": "Vullunda", "km": 4.8}}, {"type": "Feature", "geometry": {"type": "LineString", "coordinates": [[10.16106, 62.70802], [10.16187, 62.70722]]}, "properties": {"P": 34.07, "tau": 62.28, "tau_c": 172.33, "omega": 75.7, "M": 0.36, "D": 0.2, "R": 0.06, "sving": 0.01, "os": 0.58, "foss": 1.0, "juv": 0.0, "B": 0.6, "Q": 1.54, "w": 11.14, "h": 0.11, "S": 0.05597, "elv": "Vullunda", "km": 4.9}}, {"type": "Feature", "geometry": {"type": "LineString", "coordinates": [[10.16187, 62.70722], [10.16214, 62.70635]]}, "properties": {"P": 44.04, "tau": 51.12, "tau_c": 149.61, "omega": 57.02, "M": 0.34, "D": 0.19, "R": 0.05, "sving": 0.53, "os": 0.95, "foss": 0.72, "juv": 0.0, "B": 0.6, "Q": 1.54, "w": 11.15, "h": 0.12, "S": 0.04219, "elv": "Vullunda", "km": 5.0}}, {"type": "Feature", "geometry": {"type": "LineString", "coordinates": [[10.16214, 62.70635], [10.16229, 62.70558]]}, "properties": {"P": 39.66, "tau": 46.01, "tau_c": 138.76, "omega": 49.03, "M": 0.33, "D": 0.13, "R": 0.04, "sving": 0.87, "os": 0.65, "foss": 0.51, "juv": 0.0, "B": 0.6, "Q": 1.54, "w": 11.15, "h": 0.13, "S": 0.03629, "elv": "Vullunda", "km": 5.1}}, {"type": "Feature", "geometry": {"type": "LineString", "coordinates": [[10.16229, 62.70558], [10.16052, 62.70546]]}, "properties": {"P": 29.92, "tau": 49.47, "tau_c": 146.6, "omega": 54.36, "M": 0.34, "D": 0.06, "R": 0.05, "sving": 0.78, "os": 0.42, "foss": 0.37, "juv": 0.0, "B": 0.6, "Q": 1.54, "w": 11.23, "h": 0.12, "S": 0.04051, "elv": "Vullunda", "km": 5.2}}, {"type": "Feature", "geometry": {"type": "LineString", "coordinates": [[10.16052, 62.70546], [10.15885, 62.7057]]}, "properties": {"P": 29.46, "tau": 46.06, "tau_c": 139.71, "omega": 49.03, "M": 0.33, "D": 0.02, "R": 0.04, "sving": 0.21, "os": 0.39, "foss": 1.0, "juv": 0.0, "B": 0.6, "Q": 1.54, "w": 11.31, "h": 0.13, "S": 0.03679, "elv": "Vullunda", "km": 5.3}}, {"type": "Feature", "geometry": {"type": "LineString", "coordinates": [[10.15885, 62.7057], [10.15742, 62.70596]]}, "properties": {"P": 38.43, "tau": 53.38, "tau_c": 151.27, "omega": 61.07, "M": 0.35, "D": 0.0, "R": 0.05, "sving": 0.5, "os": 0.6, "foss": 1.0, "juv": 0.0, "B": 0.61, "Q": 1.64, "w": 11.39, "h": 0.13, "S": 0.04313, "elv": "Vullunda", "km": 5.4}}, {"type": "Feature", "geometry": {"type": "LineString", "coordinates": [[10.15742, 62.70596], [10.15657, 62.70519]]}, "properties": {"P": 42.49, "tau": 64.27, "tau_c": 173.9, "omega": 79.55, "M": 0.37, "D": 0.0, "R": 0.07, "sving": 0.53, "os": 0.78, "foss": 1.0, "juv": 0.0, "B": 0.61, "Q": 1.64, "w": 11.55, "h": 0.11, "S": 0.057, "elv": "Vullunda", "km": 5.5}}, {"type": "Feature", "geometry": {"type": "LineString", "coordinates": [[10.15657, 62.70519], [10.15638, 62.70436]]}, "properties": {"P": 48.33, "tau": 78.01, "tau_c": 201.07, "omega": 104.84, "M": 0.39, "D": 0.0, "R": 0.08, "sving": 0.83, "os": 0.79, "foss": 1.0, "juv": 0.0, "B": 0.61, "Q": 1.64, "w": 11.72, "h": 0.1, "S": 0.0762, "elv": "Vullunda", "km": 5.6}}, {"type": "Feature", "geometry": {"type": "LineString", "coordinates": [[10.15638, 62.70436], [10.15567, 62.70371]]}, "properties": {"P": 33.04, "tau": 101.98, "tau_c": 236.42, "omega": 155.35, "M": 0.43, "D": 0.0, "R": 0.12, "sving": 0.17, "os": 0.5, "foss": 1.0, "juv": 0.0, "B": 0.62, "Q": 1.78, "w": 11.82, "h": 0.1, "S": 0.10535, "elv": "Vullunda", "km": 5.7}}, {"type": "Feature", "geometry": {"type": "LineString", "coordinates": [[10.15567, 62.70371], [10.15617, 62.70287]]}, "properties": {"P": 31.83, "tau": 98.04, "tau_c": 244.63, "omega": 144.18, "M": 0.4, "D": 0.0, "R": 0.09, "sving": 0.31, "os": 0.34, "foss": 1.0, "juv": 0.0, "B": 0.62, "Q": 1.78, "w": 13.66, "h": 0.09, "S": 0.11279, "elv": "Vullunda", "km": 5.8}}, {"type": "Feature", "geometry": {"type": "LineString", "coordinates": [[10.15617, 62.70287], [10.15517, 62.70252]]}, "properties": {"P": 27.86, "tau": 98.82, "tau_c": 259.93, "omega": 143.44, "M": 0.38, "D": 0.0, "R": 0.07, "sving": 0.23, "os": 0.22, "foss": 1.0, "juv": 0.0, "B": 0.62, "Q": 1.78, "w": 15.5, "h": 0.08, "S": 0.12735, "elv": "Vullunda", "km": 5.9}}, {"type": "Feature", "geometry": {"type": "LineString", "coordinates": [[10.00814, 62.74434], [10.00622, 62.7445]]}, "properties": {"P": 13.67, "tau": 71.25, "tau_c": 232.97, "omega": 85.66, "M": 0.31, "D": -0.0, "R": 0.03, "sving": 0.08, "os": 0.0, "foss": 1.0, "juv": 0.0, "B": 0.42, "Q": 0.59, "w": 6.91, "h": 0.07, "S": 0.1023, "elv": "Jønnåa", "km": 2.3}}, {"type": "Feature", "geometry": {"type": "LineString", "coordinates": [[10.00622, 62.7445], [10.00444, 62.74427]]}, "properties": {"P": 13.93, "tau": 74.16, "tau_c": 239.77, "omega": 90.73, "M": 0.31, "D": 0.02, "R": 0.03, "sving": 0.07, "os": 0.0, "foss": 1.0, "juv": 0.0, "B": 0.42, "Q": 0.59, "w": 6.91, "h": 0.07, "S": 0.10835, "elv": "Jønnåa", "km": 2.4}}, {"type": "Feature", "geometry": {"type": "LineString", "coordinates": [[10.00444, 62.74427], [10.00259, 62.74433]]}, "properties": {"P": 16.65, "tau": 70.34, "tau_c": 230.83, "omega": 84.09, "M": 0.3, "D": 0.06, "R": 0.03, "sving": 0.25, "os": 0.0, "foss": 1.0, "juv": 0.0, "B": 0.42, "Q": 0.59, "w": 6.91, "h": 0.07, "S": 0.10043, "elv": "Jønnåa", "km": 2.5}}, {"type": "Feature", "geometry": {"type": "LineString", "coordinates": [[10.09446, 62.82378], [10.09274, 62.82398]]}, "properties": {"P": 24.83, "tau": 50.99, "tau_c": 167.82, "omega": 54.64, "M": 0.3, "D": -0.0, "R": 0.03, "sving": 0.2, "os": 0.0, "foss": 1.0, "juv": 0.0, "B": 0.69, "Q": 0.9, "w": 8.58, "h": 0.1, "S": 0.05308, "elv": "Skauma", "km": 2.1}}, {"type": "Feature", "geometry": {"type": "LineString", "coordinates": [[10.09274, 62.82398], [10.0911, 62.82447]]}, "properties": {"P": 21.44, "tau": 58.14, "tau_c": 183.93, "omega": 65.99, "M": 0.32, "D": -0.0, "R": 0.03, "sving": 0.3, "os": 0.0, "foss": 0.72, "juv": 0.0, "B": 0.69, "Q": 0.91, "w": 8.63, "h": 0.09, "S": 0.06376, "elv": "Skauma", "km": 2.2}}, {"type": "Feature", "geometry": {"type": "LineString", "coordinates": [[10.0911, 62.82447], [10.08924, 62.82474]]}, "properties": {"P": 25.98, "tau": 58.37, "tau_c": 182.15, "omega": 66.64, "M": 0.32, "D": 0.04, "R": 0.04, "sving": 0.18, "os": 0.0, "foss": 1.0, "juv": 0.0, "B": 0.69, "Q": 0.94, "w": 8.68, "h": 0.1, "S": 0.06254, "elv": "Skauma", "km": 2.3}}, {"type": "Feature", "geometry": {"type": "LineString", "coordinates": [[10.08924, 62.82474], [10.08729, 62.82478]]}, "properties": {"P": 26.04, "tau": 55.93, "tau_c": 176.98, "omega": 62.64, "M": 0.32, "D": 0.08, "R": 0.03, "sving": 0.13, "os": 0.0, "foss": 1.0, "juv": 0.0, "B": 0.7, "Q": 0.95, "w": 8.75, "h": 0.1, "S": 0.05903, "elv": "Skauma", "km": 2.4}}, {"type": "Feature", "geometry": {"type": "LineString", "coordinates": [[10.07021, 62.82103], [10.06845, 62.82064]]}, "properties": {"P": 28.03, "tau": 53.98, "tau_c": 166.99, "omega": 60.21, "M": 0.32, "D": -0.0, "R": 0.04, "sving": 0.31, "os": 0.0, "foss": 1.0, "juv": 0.0, "B": 0.71, "Q": 1.1, "w": 9.46, "h": 0.1, "S": 0.05256, "elv": "Skauma", "km": 3.6}}, {"type": "Feature", "geometry": {"type": "LineString", "coordinates": [[10.06845, 62.82064], [10.06657, 62.82049]]}, "properties": {"P": 29.91, "tau": 56.9, "tau_c": 173.06, "omega": 64.96, "M": 0.33, "D": -0.0, "R": 0.04, "sving": 0.39, "os": 0.0, "foss": 1.0, "juv": 0.0, "B": 0.71, "Q": 1.11, "w": 9.48, "h": 0.1, "S": 0.05645, "elv": "Skauma", "km": 3.7}}, {"type": "Feature", "geometry": {"type": "LineString", "coordinates": [[10.06657, 62.82049], [10.06483, 62.82087]]}, "properties": {"P": 27.93, "tau": 51.9, "tau_c": 162.69, "omega": 56.88, "M": 0.32, "D": 0.01, "R": 0.04, "sving": 0.29, "os": 0.0, "foss": 1.0, "juv": 0.0, "B": 0.71, "Q": 1.11, "w": 9.58, "h": 0.11, "S": 0.04989, "elv": "Skauma", "km": 3.8}}, {"type": "Feature", "geometry": {"type": "LineString", "coordinates": [[10.06483, 62.82087], [10.06321, 62.82135]]}, "properties": {"P": 30.24, "tau": 55.58, "tau_c": 171.63, "omega": 62.68, "M": 0.32, "D": 0.01, "R": 0.04, "sving": 0.4, "os": 0.0, "foss": 1.0, "juv": 0.0, "B": 0.71, "Q": 1.11, "w": 9.69, "h": 0.1, "S": 0.05552, "elv": "Skauma", "km": 3.9}}, {"type": "Feature", "geometry": {"type": "LineString", "coordinates": [[10.06321, 62.82135], [10.06137, 62.82164]]}, "properties": {"P": 25.83, "tau": 53.91, "tau_c": 162.13, "omega": 60.65, "M": 0.33, "D": 0.04, "R": 0.04, "sving": 0.4, "os": 0.0, "foss": 0.72, "juv": 0.0, "B": 0.72, "Q": 1.22, "w": 9.8, "h": 0.11, "S": 0.04955, "elv": "Skauma", "km": 4.0}}, {"type": "Feature", "geometry": {"type": "LineString", "coordinates": [[10.06137, 62.82164], [10.06076, 62.82082]]}, "properties": {"P": 35.08, "tau": 53.34, "tau_c": 160.94, "omega": 59.73, "M": 0.33, "D": 0.09, "R": 0.04, "sving": 0.44, "os": 0.05, "foss": 1.0, "juv": 0.0, "B": 0.72, "Q": 1.24, "w": 9.91, "h": 0.11, "S": 0.04882, "elv": "Skauma", "km": 4.1}}, {"type": "Feature", "geometry": {"type": "LineString", "coordinates": [[10.06076, 62.82082], [10.05966, 62.82047]]}, "properties": {"P": 31.54, "tau": 43.04, "tau_c": 138.32, "omega": 43.89, "M": 0.31, "D": 0.15, "R": 0.03, "sving": 0.47, "os": 0.07, "foss": 0.72, "juv": 0.0, "B": 0.72, "Q": 1.24, "w": 10.02, "h": 0.12, "S": 0.03606, "elv": "Skauma", "km": 4.2}}, {"type": "Feature", "geometry": {"type": "LineString", "coordinates": [[10.03233, 62.81473], [10.03138, 62.81445]]}, "properties": {"P": 14.13, "tau": 69.55, "tau_c": 185.96, "omega": 88.78, "M": 0.37, "D": 0.0, "R": 0.07, "sving": 0.46, "os": 0.0, "foss": 1.0, "juv": 0.0, "B": 0.31, "Q": 1.58, "w": 11.4, "h": 0.11, "S": 0.06518, "elv": "Skauma", "km": 0.0}}, {"type": "Feature", "geometry": {"type": "LineString", "coordinates": [[10.03138, 62.81445], [10.02987, 62.81453]]}, "properties": {"P": 12.7, "tau": 81.15, "tau_c": 205.1, "omega": 111.18, "M": 0.4, "D": 0.0, "R": 0.08, "sving": 0.04, "os": 0.0, "foss": 0.72, "juv": 0.0, "B": 0.49, "Q": 1.64, "w": 11.44, "h": 0.1, "S": 0.07929, "elv": "Skauma", "km": 0.1}}, {"type": "Feature", "geometry": {"type": "LineString", "coordinates": [[10.02987, 62.81453], [10.02914, 62.8137]]}, "properties": {"P": 16.6, "tau": 84.87, "tau_c": 212.85, "omega": 118.4, "M": 0.4, "D": 0.0, "R": 0.09, "sving": 0.03, "os": 0.0, "foss": 1.0, "juv": 0.0, "B": 0.49, "Q": 1.64, "w": 11.57, "h": 0.1, "S": 0.0854, "elv": "Skauma", "km": 0.2}}, {"type": "Feature", "geometry": {"type": "LineString", "coordinates": [[10.02914, 62.8137], [10.0277, 62.81318]]}, "properties": {"P": 19.48, "tau": 101.08, "tau_c": 241.88, "omega": 151.97, "M": 0.42, "D": 0.0, "R": 0.1, "sving": 0.21, "os": 0.0, "foss": 1.0, "juv": 0.0, "B": 0.49, "Q": 1.64, "w": 11.7, "h": 0.09, "S": 0.11027, "elv": "Skauma", "km": 0.3}}, {"type": "Feature", "geometry": {"type": "LineString", "coordinates": [[10.0277, 62.81318], [10.02613, 62.8128]]}, "properties": {"P": 25.91, "tau": 102.9, "tau_c": 238.34, "omega": 157.28, "M": 0.43, "D": 0.0, "R": 0.12, "sving": 0.62, "os": 0.0, "foss": 1.0, "juv": 0.0, "B": 0.49, "Q": 1.77, "w": 11.81, "h": 0.1, "S": 0.10707, "elv": "Skauma", "km": 0.4}}, {"type": "Feature", "geometry": {"type": "LineString", "coordinates": [[10.02613, 62.8128], [10.02458, 62.81246]]}, "properties": {"P": 22.87, "tau": 108.08, "tau_c": 243.85, "omega": 169.33, "M": 0.44, "D": 0.0, "R": 0.13, "sving": 0.39, "os": 0.0, "foss": 1.0, "juv": 0.0, "B": 0.49, "Q": 1.77, "w": 11.51, "h": 0.1, "S": 0.11208, "elv": "Skauma", "km": 0.5}}, {"type": "Feature", "geometry": {"type": "LineString", "coordinates": [[10.02458, 62.81246], [10.02291, 62.81285]]}, "properties": {"P": 23.55, "tau": 98.28, "tau_c": 227.74, "omega": 147.81, "M": 0.43, "D": 0.01, "R": 0.12, "sving": 0.44, "os": 0.0, "foss": 1.0, "juv": 0.0, "B": 0.5, "Q": 1.79, "w": 11.62, "h": 0.1, "S": 0.09776, "elv": "Skauma", "km": 0.6}}, {"type": "Feature", "geometry": {"type": "LineString", "coordinates": [[10.02291, 62.81285], [10.02114, 62.81317]]}, "properties": {"P": 21.44, "tau": 103.77, "tau_c": 236.3, "omega": 159.89, "M": 0.44, "D": 0.05, "R": 0.12, "sving": 0.24, "os": 0.0, "foss": 1.0, "juv": 0.0, "B": 0.5, "Q": 1.81, "w": 11.66, "h": 0.1, "S": 0.10524, "elv": "Skauma", "km": 0.7}}, {"type": "Feature", "geometry": {"type": "LineString", "coordinates": [[10.02114, 62.81317], [10.01963, 62.81374]]}, "properties": {"P": 19.67, "tau": 101.56, "tau_c": 232.97, "omega": 154.97, "M": 0.44, "D": 0.12, "R": 0.12, "sving": 0.31, "os": 0.0, "foss": 0.72, "juv": 0.0, "B": 0.5, "Q": 1.81, "w": 11.7, "h": 0.1, "S": 0.1023, "elv": "Skauma", "km": 0.8}}, {"type": "Feature", "geometry": {"type": "LineString", "coordinates": [[10.01963, 62.81374], [10.01776, 62.8139]]}, "properties": {"P": 21.79, "tau": 73.86, "tau_c": 184.75, "omega": 98.29, "M": 0.4, "D": 0.11, "R": 0.09, "sving": 0.24, "os": 0.0, "foss": 1.0, "juv": 0.0, "B": 0.5, "Q": 1.83, "w": 11.73, "h": 0.12, "S": 0.06433, "elv": "Skauma", "km": 0.9}}, {"type": "Feature", "geometry": {"type": "LineString", "coordinates": [[10.01776, 62.8139], [10.01591, 62.8136]]}, "properties": {"P": 19.89, "tau": 60.01, "tau_c": 161.68, "omega": 72.69, "M": 0.37, "D": 0.07, "R": 0.07, "sving": 0.19, "os": 0.0, "foss": 1.0, "juv": 0.0, "B": 0.5, "Q": 1.83, "w": 12.2, "h": 0.12, "S": 0.04927, "elv": "Skauma", "km": 1.0}}, {"type": "Feature", "geometry": {"type": "LineString", "coordinates": [[10.01591, 62.8136], [10.01403, 62.81338]]}, "properties": {"P": 13.45, "tau": 113.88, "tau_c": 256.2, "omega": 181.94, "M": 0.44, "D": 0.0, "R": 0.13, "sving": 0.01, "os": 0.0, "foss": 0.72, "juv": 0.0, "B": 0.5, "Q": 1.84, "w": 12.25, "h": 0.09, "S": 0.12372, "elv": "Skauma", "km": 1.1}}, {"type": "Feature", "geometry": {"type": "LineString", "coordinates": [[10.01403, 62.81338], [10.01215, 62.81355]]}, "properties": {"P": 15.3, "tau": 141.95, "tau_c": 297.19, "omega": 250.2, "M": 0.48, "D": 0.08, "R": 0.16, "sving": 0.18, "os": 0.0, "foss": 0.51, "juv": 0.0, "B": 0.5, "Q": 1.88, "w": 12.29, "h": 0.09, "S": 0.16647, "elv": "Skauma", "km": 1.2}}, {"type": "Feature", "geometry": {"type": "LineString", "coordinates": [[10.00848, 62.81379], [10.00757, 62.8145]]}, "properties": {"P": 55.35, "tau": 939.59, "tau_c": 328.6, "omega": 5645.06, "M": 2.86, "D": 0.0, "R": 0.56, "sving": 0.44, "os": 0.0, "foss": 1.0, "juv": 0.0, "B": 0.81, "Q": 184.99, "w": 65.43, "h": 0.47, "S": 0.20352, "elv": "Skauma", "km": 1.5}}, {"type": "Feature", "geometry": {"type": "LineString", "coordinates": [[10.12105, 62.80385], [10.12211, 62.8046]]}, "properties": {"P": 17.06, "tau": 49.41, "tau_c": 154.09, "omega": 53.09, "M": 0.32, "D": 0.0, "R": 0.04, "sving": 0.26, "os": 0.0, "foss": 1.0, "juv": 0.0, "B": 0.45, "Q": 0.92, "w": 7.57, "h": 0.11, "S": 0.04475, "elv": "bekk", "km": 1.7}}, {"type": "Feature", "geometry": {"type": "LineString", "coordinates": [[10.05162, 62.82063], [10.05123, 62.81975]]}, "properties": {"P": 19.04, "tau": 74.4, "tau_c": 187.9, "omega": 98.55, "M": 0.4, "D": -0.0, "R": 0.09, "sving": 0.0, "os": 0.25, "foss": 1.0, "juv": 0.0, "B": 0.47, "Q": 1.32, "w": 8.77, "h": 0.11, "S": 0.06655, "elv": "bekk", "km": 1.6}}, {"type": "Feature", "geometry": {"type": "LineString", "coordinates": [[10.07415, 62.85956], [10.07371, 62.86042]]}, "properties": {"P": 15.51, "tau": 62.04, "tau_c": 204.56, "omega": 70.97, "M": 0.3, "D": -0.0, "R": 0.03, "sving": 0.21, "os": 0.0, "foss": 1.0, "juv": 0.0, "B": 0.43, "Q": 0.68, "w": 7.39, "h": 0.08, "S": 0.07887, "elv": "Vadløkkjbekken", "km": 1.5}}, {"type": "Feature", "geometry": {"type": "LineString", "coordinates": [[10.074, 62.86205], [10.07431, 62.86293]]}, "properties": {"P": 15.45, "tau": 65.64, "tau_c": 211.4, "omega": 77.16, "M": 0.31, "D": -0.0, "R": 0.03, "sving": 0.09, "os": 0.1, "foss": 1.0, "juv": 0.0, "B": 0.43, "Q": 0.71, "w": 7.56, "h": 0.08, "S": 0.08423, "elv": "Vadløkkjbekken", "km": 1.8}}, {"type": "Feature", "geometry": {"type": "LineString", "coordinates": [[10.07431, 62.86293], [10.07427, 62.86382]]}, "properties": {"P": 19.21, "tau": 71.18, "tau_c": 224.58, "omega": 86.61, "M": 0.32, "D": -0.0, "R": 0.03, "sving": 0.36, "os": 0.12, "foss": 1.0, "juv": 0.0, "B": 0.43, "Q": 0.71, "w": 7.63, "h": 0.08, "S": 0.09506, "elv": "Vadløkkjbekken", "km": 1.9}}, {"type": "Feature", "geometry": {"type": "LineString", "coordinates": [[10.07427, 62.86382], [10.07332, 62.86459]]}, "properties": {"P": 19.44, "tau": 80.69, "tau_c": 244.69, "omega": 103.79, "M": 0.33, "D": -0.0, "R": 0.04, "sving": 0.34, "os": 0.15, "foss": 1.0, "juv": 0.0, "B": 0.43, "Q": 0.72, "w": 7.69, "h": 0.07, "S": 0.11285, "elv": "Vadløkkjbekken", "km": 2.0}}, {"type": "Feature", "geometry": {"type": "LineString", "coordinates": [[10.00311, 62.81927], [10.00127, 62.81909]]}, "properties": {"P": 73.22, "tau": 437.63, "tau_c": 202.76, "omega": 1854.75, "M": 2.16, "D": 0.0, "R": 0.83, "sving": 0.7, "os": 0.06, "foss": 1.0, "juv": 0.0, "B": 0.81, "Q": 185.16, "w": 75.88, "h": 0.58, "S": 0.07749, "elv": "Jaklabekken", "km": 1.4}}, {"type": "Feature", "geometry": {"type": "LineString", "coordinates": [[9.98441, 62.78795], [9.98635, 62.78787]]}, "properties": {"P": 45.5, "tau": 1430.29, "tau_c": 364.2, "omega": 10339.14, "M": 3.93, "D": 0.0, "R": 0.28, "sving": 0.35, "os": 0.15, "foss": 1.0, "juv": 0.0, "B": 0.81, "Q": 174.94, "w": 60.02, "h": 0.4, "S": 0.36157, "elv": "bekk", "km": 1.6}}, {"type": "Feature", "geometry": {"type": "LineString", "coordinates": [[9.95453, 62.84022], [9.95462, 62.83932]]}, "properties": {"P": 13.88, "tau": 113.9, "tau_c": 364.2, "omega": 154.82, "M": 0.31, "D": 0.07, "R": 0.03, "sving": 0.07, "os": 0.09, "foss": 1.0, "juv": 0.0, "B": 0.37, "Q": 0.29, "w": 6.0, "h": 0.04, "S": 0.33111, "elv": "Slipra", "km": 1.6}}, {"type": "Feature", "geometry": {"type": "LineString", "coordinates": [[9.95462, 62.83932], [9.9546, 62.83842]]}, "properties": {"P": 16.06, "tau": 117.25, "tau_c": 364.2, "omega": 161.39, "M": 0.32, "D": 0.19, "R": 0.04, "sving": 0.04, "os": 0.15, "foss": 1.0, "juv": 0.0, "B": 0.37, "Q": 0.29, "w": 6.0, "h": 0.03, "S": 0.34516, "elv": "Slipra", "km": 1.7}}, {"type": "Feature", "geometry": {"type": "LineString", "coordinates": [[9.95985, 62.82865], [9.96117, 62.82931]]}, "properties": {"P": 14.02, "tau": 103.31, "tau_c": 317.34, "omega": 143.77, "M": 0.33, "D": 0.04, "R": 0.04, "sving": 0.09, "os": 0.0, "foss": 1.0, "juv": 0.0, "B": 0.4, "Q": 0.47, "w": 6.13, "h": 0.06, "S": 0.1898, "elv": "bekk", "km": 1.7}}, {"type": "Feature", "geometry": {"type": "LineString", "coordinates": [[9.96782, 62.84369], [9.96709, 62.84286]]}, "properties": {"P": 18.94, "tau": 84.15, "tau_c": 279.64, "omega": 106.45, "M": 0.3, "D": 0.0, "R": 0.03, "sving": 0.13, "os": 0.0, "foss": 1.0, "juv": 0.0, "B": 0.56, "Q": 0.44, "w": 6.01, "h": 0.06, "S": 0.14739, "elv": "Brea", "km": 2.7}}, {"type": "Feature", "geometry": {"type": "LineString", "coordinates": [[9.96709, 62.84286], [9.96661, 62.842]]}, "properties": {"P": 19.46, "tau": 93.09, "tau_c": 299.94, "omega": 123.11, "M": 0.31, "D": 0.0, "R": 0.03, "sving": 0.15, "os": 0.0, "foss": 1.0, "juv": 0.0, "B": 0.56, "Q": 0.45, "w": 6.04, "h": 0.06, "S": 0.16957, "elv": "Brea", "km": 2.8}}, {"type": "Feature", "geometry": {"type": "LineString", "coordinates": [[9.96661, 62.842], [9.96603, 62.84115]]}, "properties": {"P": 19.72, "tau": 100.74, "tau_c": 316.56, "omega": 138.0, "M": 0.32, "D": 0.0, "R": 0.04, "sving": 0.16, "os": 0.0, "foss": 1.0, "juv": 0.0, "B": 0.56, "Q": 0.45, "w": 6.08, "h": 0.05, "S": 0.18887, "elv": "Brea", "km": 2.9}}, {"type": "Feature", "geometry": {"type": "LineString", "coordinates": [[9.96603, 62.84115], [9.96549, 62.84028]]}, "properties": {"P": 19.83, "tau": 115.41, "tau_c": 346.25, "omega": 168.08, "M": 0.33, "D": 0.0, "R": 0.04, "sving": 0.14, "os": 0.0, "foss": 1.0, "juv": 0.0, "B": 0.57, "Q": 0.46, "w": 6.12, "h": 0.05, "S": 0.22597, "elv": "Brea", "km": 3.0}}, {"type": "Feature", "geometry": {"type": "LineString", "coordinates": [[9.96549, 62.84028], [9.96556, 62.83939]]}, "properties": {"P": 20.72, "tau": 116.89, "tau_c": 348.24, "omega": 171.38, "M": 0.34, "D": 0.0, "R": 0.04, "sving": 0.19, "os": 0.0, "foss": 1.0, "juv": 0.0, "B": 0.57, "Q": 0.47, "w": 6.18, "h": 0.05, "S": 0.22858, "elv": "Brea", "km": 3.1}}, {"type": "Feature", "geometry": {"type": "LineString", "coordinates": [[9.96556, 62.83939], [9.96582, 62.8385]]}, "properties": {"P": 19.28, "tau": 131.12, "tau_c": 364.2, "omega": 202.17, "M": 0.36, "D": 0.0, "R": 0.06, "sving": 0.07, "os": 0.0, "foss": 1.0, "juv": 0.0, "B": 0.57, "Q": 0.48, "w": 6.24, "h": 0.05, "S": 0.26857, "elv": "Brea", "km": 3.2}}, {"type": "Feature", "geometry": {"type": "LineString", "coordinates": [[9.96582, 62.8385], [9.96621, 62.83763]]}, "properties": {"P": 21.82, "tau": 135.17, "tau_c": 364.2, "omega": 211.74, "M": 0.37, "D": 0.01, "R": 0.07, "sving": 0.19, "os": 0.0, "foss": 1.0, "juv": 0.0, "B": 0.58, "Q": 0.49, "w": 6.29, "h": 0.05, "S": 0.27582, "elv": "Brea", "km": 3.3}}, {"type": "Feature", "geometry": {"type": "LineString", "coordinates": [[9.96621, 62.83763], [9.96603, 62.83674]]}, "properties": {"P": 27.54, "tau": 131.74, "tau_c": 364.2, "omega": 204.31, "M": 0.36, "D": 0.05, "R": 0.06, "sving": 0.43, "os": 0.05, "foss": 1.0, "juv": 0.0, "B": 0.58, "Q": 0.5, "w": 6.32, "h": 0.05, "S": 0.26408, "elv": "Brea", "km": 3.4}}, {"type": "Feature", "geometry": {"type": "LineString", "coordinates": [[9.96603, 62.83674], [9.96517, 62.83595]]}, "properties": {"P": 30.19, "tau": 120.69, "tau_c": 352.66, "omega": 180.05, "M": 0.34, "D": 0.1, "R": 0.05, "sving": 0.54, "os": 0.06, "foss": 1.0, "juv": 0.0, "B": 0.58, "Q": 0.5, "w": 6.37, "h": 0.05, "S": 0.23441, "elv": "Brea", "km": 3.5}}, {"type": "Feature", "geometry": {"type": "LineString", "coordinates": [[9.96517, 62.83595], [9.96352, 62.83549]]}, "properties": {"P": 34.68, "tau": 101.88, "tau_c": 312.98, "omega": 141.17, "M": 0.33, "D": 0.2, "R": 0.04, "sving": 0.67, "os": 0.07, "foss": 1.0, "juv": 0.0, "B": 0.58, "Q": 0.5, "w": 6.4, "h": 0.06, "S": 0.18463, "elv": "Brea", "km": 3.6}}, {"type": "Feature", "geometry": {"type": "LineString", "coordinates": [[9.96352, 62.83549], [9.96167, 62.8352]]}, "properties": {"P": 38.42, "tau": 98.13, "tau_c": 301.03, "omega": 134.28, "M": 0.33, "D": 0.31, "R": 0.04, "sving": 0.69, "os": 0.11, "foss": 1.0, "juv": 0.0, "B": 0.58, "Q": 0.51, "w": 6.43, "h": 0.06, "S": 0.1708, "elv": "Brea", "km": 3.7}}, {"type": "Feature", "geometry": {"type": "LineString", "coordinates": [[10.02043, 62.85253], [10.02236, 62.8524]]}, "properties": {"P": 18.51, "tau": 114.35, "tau_c": 260.96, "omega": 181.3, "M": 0.44, "D": 0.0, "R": 0.12, "sving": 0.02, "os": 0.44, "foss": 0.72, "juv": 0.0, "B": 0.47, "Q": 1.2, "w": 8.3, "h": 0.09, "S": 0.12836, "elv": "Jønnåa", "km": 2.0}}, {"type": "Feature", "geometry": {"type": "LineString", "coordinates": [[9.90268, 62.8542], [9.90141, 62.85352]]}, "properties": {"P": 13.35, "tau": 87.06, "tau_c": 274.28, "omega": 113.36, "M": 0.32, "D": 0.0, "R": 0.04, "sving": 0.07, "os": 0.0, "foss": 1.0, "juv": 0.0, "B": 0.41, "Q": 0.51, "w": 6.32, "h": 0.06, "S": 0.1418, "elv": "Haugsæterbekken", "km": 2.0}}, {"type": "Feature", "geometry": {"type": "LineString", "coordinates": [[9.89855, 62.85983], [9.89875, 62.85894]]}, "properties": {"P": 11.35, "tau": 80.93, "tau_c": 265.59, "omega": 101.44, "M": 0.3, "D": 0.0, "R": 0.03, "sving": 0.18, "os": 0.1, "foss": 1.0, "juv": 0.0, "B": 0.3, "Q": 0.48, "w": 6.22, "h": 0.06, "S": 0.13295, "elv": "Røra", "km": 1.2}}, {"type": "Feature", "geometry": {"type": "LineString", "coordinates": [[9.89875, 62.85894], [9.89955, 62.85813]]}, "properties": {"P": 11.36, "tau": 84.8, "tau_c": 274.72, "omega": 108.47, "M": 0.31, "D": 0.0, "R": 0.03, "sving": 0.22, "os": 0.06, "foss": 1.0, "juv": 0.0, "B": 0.3, "Q": 0.49, "w": 6.27, "h": 0.06, "S": 0.14225, "elv": "Røra", "km": 1.3}}, {"type": "Feature", "geometry": {"type": "LineString", "coordinates": [[9.89955, 62.85813], [9.90012, 62.85727]]}, "properties": {"P": 10.41, "tau": 88.4, "tau_c": 282.54, "omega": 115.19, "M": 0.31, "D": 0.0, "R": 0.03, "sving": 0.09, "os": 0.07, "foss": 1.0, "juv": 0.0, "B": 0.3, "Q": 0.49, "w": 6.32, "h": 0.06, "S": 0.15046, "elv": "Røra", "km": 1.4}}, {"type": "Feature", "geometry": {"type": "LineString", "coordinates": [[9.90012, 62.85727], [9.90098, 62.85647]]}, "properties": {"P": 11.48, "tau": 103.08, "tau_c": 314.42, "omega": 143.71, "M": 0.33, "D": 0.0, "R": 0.04, "sving": 0.15, "os": 0.12, "foss": 1.0, "juv": 0.0, "B": 0.3, "Q": 0.5, "w": 6.36, "h": 0.06, "S": 0.18633, "elv": "Røra", "km": 1.5}}, {"type": "Feature", "geometry": {"type": "LineString", "coordinates": [[9.90098, 62.85647], [9.90162, 62.85564]]}, "properties": {"P": 12.28, "tau": 101.45, "tau_c": 310.64, "omega": 140.51, "M": 0.33, "D": 0.01, "R": 0.04, "sving": 0.16, "os": 0.18, "foss": 1.0, "juv": 0.0, "B": 0.3, "Q": 0.5, "w": 6.39, "h": 0.06, "S": 0.18188, "elv": "Røra", "km": 1.6}}, {"type": "Feature", "geometry": {"type": "LineString", "coordinates": [[9.90162, 62.85564], [9.90166, 62.85474]]}, "properties": {"P": 15.02, "tau": 97.67, "tau_c": 300.78, "omega": 133.28, "M": 0.32, "D": 0.03, "R": 0.04, "sving": 0.35, "os": 0.29, "foss": 1.0, "juv": 0.0, "B": 0.3, "Q": 0.51, "w": 6.42, "h": 0.06, "S": 0.17052, "elv": "Røra", "km": 1.7}}, {"type": "Feature", "geometry": {"type": "LineString", "coordinates": [[9.90166, 62.85474], [9.90142, 62.85386]]}, "properties": {"P": 16.97, "tau": 93.42, "tau_c": 291.73, "omega": 125.0, "M": 0.32, "D": 0.03, "R": 0.04, "sving": 0.39, "os": 0.48, "foss": 1.0, "juv": 0.0, "B": 0.3, "Q": 0.51, "w": 6.46, "h": 0.06, "S": 0.16041, "elv": "Røra", "km": 1.8}}, {"type": "Feature", "geometry": {"type": "LineString", "coordinates": [[9.90142, 62.85386], [9.90056, 62.85309]]}, "properties": {"P": 16.88, "tau": 94.92, "tau_c": 301.42, "omega": 127.12, "M": 0.31, "D": 0.01, "R": 0.03, "sving": 0.1, "os": 0.78, "foss": 1.0, "juv": 0.0, "B": 0.3, "Q": 0.52, "w": 6.82, "h": 0.06, "S": 0.17124, "elv": "Røra", "km": 1.9}}, {"type": "Feature", "geometry": {"type": "LineString", "coordinates": [[9.90056, 62.85309], [9.8993, 62.85241]]}, "properties": {"P": 16.41, "tau": 105.33, "tau_c": 327.62, "omega": 147.24, "M": 0.32, "D": 0.0, "R": 0.04, "sving": 0.05, "os": 0.78, "foss": 1.0, "juv": 0.0, "B": 0.3, "Q": 0.53, "w": 7.18, "h": 0.05, "S": 0.20231, "elv": "Røra", "km": 2.0}}, {"type": "Feature", "geometry": {"type": "LineString", "coordinates": [[9.8993, 62.85241], [9.89884, 62.85156]]}, "properties": {"P": 16.11, "tau": 133.73, "tau_c": 328.05, "omega": 218.66, "M": 0.41, "D": 0.0, "R": 0.09, "sving": 0.1, "os": 0.47, "foss": 1.0, "juv": 0.0, "B": 0.32, "Q": 0.83, "w": 7.54, "h": 0.07, "S": 0.20283, "elv": "Røra", "km": 2.1}}, {"type": "Feature", "geometry": {"type": "LineString", "coordinates": [[9.89884, 62.85156], [9.89885, 62.85066]]}, "properties": {"P": 13.89, "tau": 133.96, "tau_c": 333.8, "omega": 218.19, "M": 0.4, "D": 0.0, "R": 0.09, "sving": 0.04, "os": 0.3, "foss": 1.0, "juv": 0.0, "B": 0.32, "Q": 0.84, "w": 7.89, "h": 0.07, "S": 0.21001, "elv": "Røra", "km": 2.2}}, {"type": "Feature", "geometry": {"type": "LineString", "coordinates": [[9.89885, 62.85066], [9.89772, 62.85009]]}, "properties": {"P": 13.06, "tau": 131.69, "tau_c": 335.9, "omega": 211.8, "M": 0.39, "D": 0.01, "R": 0.08, "sving": 0.05, "os": 0.19, "foss": 1.0, "juv": 0.0, "B": 0.32, "Q": 0.84, "w": 8.23, "h": 0.06, "S": 0.21267, "elv": "Røra", "km": 2.3}}, {"type": "Feature", "geometry": {"type": "LineString", "coordinates": [[9.89772, 62.85009], [9.89636, 62.84949]]}, "properties": {"P": 12.79, "tau": 133.16, "tau_c": 338.87, "omega": 215.12, "M": 0.39, "D": 0.06, "R": 0.08, "sving": 0.03, "os": 0.13, "foss": 1.0, "juv": 0.0, "B": 0.32, "Q": 0.84, "w": 8.25, "h": 0.06, "S": 0.21644, "elv": "Røra", "km": 2.4}}, {"type": "Feature", "geometry": {"type": "LineString", "coordinates": [[9.89636, 62.84949], [9.89566, 62.84868]]}, "properties": {"P": 14.6, "tau": 124.54, "tau_c": 321.11, "omega": 195.83, "M": 0.39, "D": 0.13, "R": 0.08, "sving": 0.18, "os": 0.08, "foss": 1.0, "juv": 0.0, "B": 0.32, "Q": 0.85, "w": 8.27, "h": 0.07, "S": 0.19434, "elv": "Røra", "km": 2.5}}, {"type": "Feature", "geometry": {"type": "LineString", "coordinates": [[9.89566, 62.84868], [9.89581, 62.84787]]}, "properties": {"P": 15.55, "tau": 94.79, "tau_c": 264.27, "omega": 132.43, "M": 0.36, "D": 0.21, "R": 0.06, "sving": 0.28, "os": 0.0, "foss": 1.0, "juv": 0.0, "B": 0.32, "Q": 0.85, "w": 8.28, "h": 0.07, "S": 0.13163, "elv": "Røra", "km": 2.6}}, {"type": "Feature", "geometry": {"type": "LineString", "coordinates": [[9.89581, 62.84787], [9.89532, 62.84702]]}, "properties": {"P": 13.67, "tau": 75.2, "tau_c": 224.02, "omega": 95.02, "M": 0.34, "D": 0.25, "R": 0.04, "sving": 0.06, "os": 0.0, "foss": 1.0, "juv": 0.0, "B": 0.32, "Q": 0.85, "w": 8.29, "h": 0.08, "S": 0.09459, "elv": "Røra", "km": 2.7}}, {"type": "Feature", "geometry": {"type": "LineString", "coordinates": [[9.89532, 62.84702], [9.89521, 62.84612]]}, "properties": {"P": 15.61, "tau": 62.55, "tau_c": 196.32, "omega": 72.97, "M": 0.32, "D": 0.29, "R": 0.04, "sving": 0.23, "os": 0.0, "foss": 1.0, "juv": 0.0, "B": 0.32, "Q": 0.85, "w": 8.29, "h": 0.09, "S": 0.07264, "elv": "Røra", "km": 2.8}}, {"type": "Feature", "geometry": {"type": "LineString", "coordinates": [[9.89521, 62.84612], [9.89477, 62.84525]]}, "properties": {"P": 15.57, "tau": 56.81, "tau_c": 183.22, "omega": 63.56, "M": 0.31, "D": 0.33, "R": 0.03, "sving": 0.17, "os": 0.0, "foss": 1.0, "juv": 0.0, "B": 0.32, "Q": 0.85, "w": 8.29, "h": 0.09, "S": 0.06327, "elv": "Røra", "km": 2.9}}, {"type": "Feature", "geometry": {"type": "LineString", "coordinates": [[10.10425, 62.86533], [10.1029, 62.86598]]}, "properties": {"P": 12.91, "tau": 73.72, "tau_c": 236.54, "omega": 90.23, "M": 0.31, "D": -0.0, "R": 0.03, "sving": 0.01, "os": 0.0, "foss": 1.0, "juv": 0.0, "B": 0.42, "Q": 0.62, "w": 7.06, "h": 0.07, "S": 0.10546, "elv": "Kvernåa", "km": 0.8}}, {"type": "Feature", "geometry": {"type": "LineString", "coordinates": [[10.1029, 62.86598], [10.10155, 62.86663]]}, "properties": {"P": 14.4, "tau": 75.58, "tau_c": 240.97, "omega": 93.49, "M": 0.31, "D": 0.02, "R": 0.03, "sving": 0.04, "os": 0.06, "foss": 1.0, "juv": 0.0, "B": 0.42, "Q": 0.62, "w": 7.08, "h": 0.07, "S": 0.10944, "elv": "Kvernåa", "km": 0.9}}, {"type": "Feature", "geometry": {"type": "LineString", "coordinates": [[10.10155, 62.86663], [10.10049, 62.86739]]}, "properties": {"P": 14.98, "tau": 69.65, "tau_c": 227.42, "omega": 83.14, "M": 0.31, "D": 0.03, "R": 0.03, "sving": 0.04, "os": 0.1, "foss": 1.0, "juv": 0.0, "B": 0.42, "Q": 0.62, "w": 7.1, "h": 0.07, "S": 0.09749, "elv": "Kvernåa", "km": 1.0}}, {"type": "Feature", "geometry": {"type": "LineString", "coordinates": [[10.10049, 62.86739], [10.09935, 62.86811]]}, "properties": {"P": 16.3, "tau": 63.63, "tau_c": 211.58, "omega": 73.2, "M": 0.3, "D": 0.03, "R": 0.03, "sving": 0.09, "os": 0.15, "foss": 1.0, "juv": 0.0, "B": 0.42, "Q": 0.63, "w": 7.11, "h": 0.08, "S": 0.08437, "elv": "Kvernåa", "km": 1.1}}, {"type": "Feature", "geometry": {"type": "LineString", "coordinates": [[10.09935, 62.86811], [10.09787, 62.86869]]}, "properties": {"P": 14.89, "tau": 70.21, "tau_c": 227.14, "omega": 84.29, "M": 0.31, "D": 0.02, "R": 0.03, "sving": 0.18, "os": 0.25, "foss": 0.72, "juv": 0.0, "B": 0.42, "Q": 0.63, "w": 7.13, "h": 0.07, "S": 0.09724, "elv": "Kvernåa", "km": 1.2}}, {"type": "Feature", "geometry": {"type": "LineString", "coordinates": [[10.09787, 62.86869], [10.09622, 62.86918]]}, "properties": {"P": 19.83, "tau": 73.91, "tau_c": 239.06, "omega": 90.36, "M": 0.31, "D": 0.01, "R": 0.03, "sving": 0.16, "os": 0.41, "foss": 1.0, "juv": 0.0, "B": 0.42, "Q": 0.63, "w": 7.37, "h": 0.07, "S": 0.10772, "elv": "Kvernåa", "km": 1.3}}, {"type": "Feature", "geometry": {"type": "LineString", "coordinates": [[10.07898, 62.8674], [10.08069, 62.86781]]}, "properties": {"P": 48.93, "tau": 188.43, "tau_c": 215.52, "omega": 444.11, "M": 0.87, "D": 0.0, "R": 0.67, "sving": 0.76, "os": 0.19, "foss": 0.72, "juv": 0.0, "B": 0.61, "Q": 10.13, "w": 19.59, "h": 0.22, "S": 0.08755, "elv": "bekk", "km": 0.3}}, {"type": "Feature", "geometry": {"type": "LineString", "coordinates": [[10.22552, 62.86063], [10.22526, 62.86149]]}, "properties": {"P": 40.73, "tau": 33.5, "tau_c": 69.2, "omega": 36.43, "M": 0.48, "D": 0.03, "R": 0.17, "sving": 0.16, "os": 1.0, "foss": 0.0, "juv": 0.0, "B": 0.95, "Q": 13.26, "w": 32.22, "h": 0.38, "S": 0.00903, "elv": "Stavilla", "km": 0.0}}, {"type": "Feature", "geometry": {"type": "LineString", "coordinates": [[10.22526, 62.86149], [10.22557, 62.86238]]}, "properties": {"P": 30.26, "tau": 31.25, "tau_c": 65.83, "omega": 32.98, "M": 0.47, "D": 0.03, "R": 0.16, "sving": 0.18, "os": 0.62, "foss": 0.0, "juv": 0.0, "B": 0.95, "Q": 13.27, "w": 32.23, "h": 0.39, "S": 0.00817, "elv": "Stavilla", "km": 0.1}}, {"type": "Feature", "geometry": {"type": "LineString", "coordinates": [[10.22557, 62.86238], [10.22572, 62.86326]]}, "properties": {"P": 22.93, "tau": 26.75, "tau_c": 58.88, "omega": 26.38, "M": 0.45, "D": 0.03, "R": 0.14, "sving": 0.19, "os": 0.38, "foss": 0.0, "juv": 0.0, "B": 0.95, "Q": 13.27, "w": 32.24, "h": 0.42, "S": 0.00653, "elv": "Stavilla", "km": 0.2}}, {"type": "Feature", "geometry": {"type": "LineString", "coordinates": [[10.22572, 62.86326], [10.22614, 62.86413]]}, "properties": {"P": 15.18, "tau": 37.04, "tau_c": 74.31, "omega": 42.08, "M": 0.5, "D": 0.0, "R": 0.19, "sving": 0.01, "os": 0.23, "foss": 0.0, "juv": 0.0, "B": 0.95, "Q": 13.29, "w": 32.25, "h": 0.36, "S": 0.01041, "elv": "Stavilla", "km": 0.3}}, {"type": "Feature", "geometry": {"type": "LineString", "coordinates": [[10.22614, 62.86413], [10.22682, 62.86497]]}, "properties": {"P": 17.2, "tau": 33.63, "tau_c": 69.31, "omega": 36.64, "M": 0.49, "D": 0.0, "R": 0.17, "sving": 0.2, "os": 0.14, "foss": 0.0, "juv": 0.0, "B": 0.95, "Q": 13.31, "w": 32.26, "h": 0.38, "S": 0.00906, "elv": "Stavilla", "km": 0.4}}, {"type": "Feature", "geometry": {"type": "LineString", "coordinates": [[10.22682, 62.86497], [10.22706, 62.86585]]}, "properties": {"P": 30.07, "tau": 52.07, "tau_c": 95.56, "omega": 68.44, "M": 0.54, "D": 0.0, "R": 0.24, "sving": 0.61, "os": 0.09, "foss": 0.0, "juv": 0.0, "B": 0.95, "Q": 13.31, "w": 32.83, "h": 0.31, "S": 0.01721, "elv": "Stavilla", "km": 0.5}}, {"type": "Feature", "geometry": {"type": "LineString", "coordinates": [[10.22706, 62.86585], [10.22814, 62.86656]]}, "properties": {"P": 13.09, "tau": 51.0, "tau_c": 94.14, "omega": 66.43, "M": 0.54, "D": 0.0, "R": 0.24, "sving": 0.01, "os": 0.08, "foss": 0.0, "juv": 0.0, "B": 0.95, "Q": 13.31, "w": 32.84, "h": 0.31, "S": 0.0167, "elv": "Stavilla", "km": 0.6}}, {"type": "Feature", "geometry": {"type": "LineString", "coordinates": [[10.22814, 62.86656], [10.22996, 62.86633]]}, "properties": {"P": 43.88, "tau": 57.9, "tau_c": 103.09, "omega": 79.68, "M": 0.56, "D": 0.0, "R": 0.26, "sving": 0.07, "os": 0.09, "foss": 1.0, "juv": 0.0, "B": 0.95, "Q": 13.31, "w": 32.84, "h": 0.29, "S": 0.02003, "elv": "Stavilla", "km": 0.7}}, {"type": "Feature", "geometry": {"type": "LineString", "coordinates": [[10.22996, 62.86633], [10.23049, 62.86695]]}, "properties": {"P": 42.94, "tau": 74.89, "tau_c": 123.02, "omega": 115.46, "M": 0.61, "D": 0.0, "R": 0.32, "sving": 0.16, "os": 0.14, "foss": 0.72, "juv": 0.0, "B": 0.95, "Q": 13.32, "w": 32.27, "h": 0.27, "S": 0.02853, "elv": "Stavilla", "km": 0.8}}, {"type": "Feature", "geometry": {"type": "LineString", "coordinates": [[10.23049, 62.86695], [10.23109, 62.8678]]}, "properties": {"P": 46.59, "tau": 88.36, "tau_c": 137.42, "omega": 146.65, "M": 0.64, "D": 0.0, "R": 0.37, "sving": 0.43, "os": 0.14, "foss": 0.51, "juv": 0.0, "B": 0.95, "Q": 13.32, "w": 31.7, "h": 0.25, "S": 0.03559, "elv": "Stavilla", "km": 0.9}}, {"type": "Feature", "geometry": {"type": "LineString", "coordinates": [[10.23109, 62.8678], [10.23143, 62.86868]]}, "properties": {"P": 50.78, "tau": 94.51, "tau_c": 144.22, "omega": 161.49, "M": 0.66, "D": 0.0, "R": 0.39, "sving": 0.09, "os": 0.11, "foss": 1.0, "juv": 0.0, "B": 0.95, "Q": 13.32, "w": 31.71, "h": 0.25, "S": 0.0392, "elv": "Stavilla", "km": 1.0}}, {"type": "Feature", "geometry": {"type": "LineString", "coordinates": [[10.23143, 62.86868], [10.23251, 62.86927]]}, "properties": {"P": 49.9, "tau": 86.74, "tau_c": 134.46, "omega": 143.17, "M": 0.65, "D": 0.0, "R": 0.37, "sving": 0.11, "os": 0.08, "foss": 1.0, "juv": 0.0, "B": 0.95, "Q": 13.34, "w": 31.14, "h": 0.26, "S": 0.03407, "elv": "Stavilla", "km": 1.1}}, {"type": "Feature", "geometry": {"type": "LineString", "coordinates": [[10.23251, 62.86927], [10.23355, 62.86995]]}, "properties": {"P": 48.01, "tau": 102.51, "tau_c": 150.33, "omega": 182.31, "M": 0.68, "D": 0.0, "R": 0.42, "sving": 0.22, "os": 0.11, "foss": 0.72, "juv": 0.0, "B": 0.95, "Q": 13.34, "w": 30.57, "h": 0.25, "S": 0.04259, "elv": "Stavilla", "km": 1.2}}, {"type": "Feature", "geometry": {"type": "LineString", "coordinates": [[10.24587, 62.80796], [10.24443, 62.80844]]}, "properties": {"P": 5.92, "tau": 38.16, "tau_c": 119.67, "omega": 37.67, "M": 0.32, "D": 0.03, "R": 0.04, "sving": 0.21, "os": 0.0, "foss": 0.0, "juv": 0.0, "B": 0.67, "Q": 1.65, "w": 11.57, "h": 0.14, "S": 0.02699, "elv": "Midtstavilla", "km": 0.0}}, {"type": "Feature", "geometry": {"type": "LineString", "coordinates": [[10.24443, 62.80844], [10.24343, 62.80912]]}, "properties": {"P": 15.05, "tau": 34.3, "tau_c": 110.68, "omega": 32.35, "M": 0.31, "D": 0.07, "R": 0.03, "sving": 0.63, "os": 0.0, "foss": 0.0, "juv": 0.0, "B": 0.68, "Q": 1.65, "w": 11.59, "h": 0.15, "S": 0.02309, "elv": "Midtstavilla", "km": 0.1}}, {"type": "Feature", "geometry": {"type": "LineString", "coordinates": [[10.24343, 62.80912], [10.2423, 62.80979]]}, "properties": {"P": 6.01, "tau": 31.89, "tau_c": 104.77, "omega": 29.15, "M": 0.3, "D": 0.12, "R": 0.03, "sving": 0.11, "os": 0.0, "foss": 0.0, "juv": 0.0, "B": 0.68, "Q": 1.67, "w": 11.63, "h": 0.16, "S": 0.02069, "elv": "Midtstavilla", "km": 0.2}}, {"type": "Feature", "geometry": {"type": "LineString", "coordinates": [[10.23837, 62.81586], [10.23665, 62.81565]]}, "properties": {"P": 18.85, "tau": 33.26, "tau_c": 104.97, "omega": 31.27, "M": 0.32, "D": 0.0, "R": 0.03, "sving": 0.24, "os": 0.64, "foss": 0.0, "juv": 0.0, "B": 0.7, "Q": 1.91, "w": 12.43, "h": 0.16, "S": 0.02077, "elv": "Midtstavilla", "km": 1.3}}, {"type": "Feature", "geometry": {"type": "LineString", "coordinates": [[10.23665, 62.81565], [10.23509, 62.81569]]}, "properties": {"P": 31.89, "tau": 38.77, "tau_c": 117.2, "omega": 38.97, "M": 0.33, "D": 0.0, "R": 0.04, "sving": 0.09, "os": 0.42, "foss": 1.0, "juv": 0.0, "B": 0.7, "Q": 1.91, "w": 12.44, "h": 0.15, "S": 0.02589, "elv": "Midtstavilla", "km": 1.4}}, {"type": "Feature", "geometry": {"type": "LineString", "coordinates": [[10.23509, 62.81569], [10.23358, 62.81617]]}, "properties": {"P": 33.17, "tau": 35.89, "tau_c": 110.94, "omega": 34.87, "M": 0.32, "D": 0.0, "R": 0.04, "sving": 0.29, "os": 0.28, "foss": 1.0, "juv": 0.0, "B": 0.7, "Q": 1.92, "w": 12.51, "h": 0.16, "S": 0.0232, "elv": "Midtstavilla", "km": 1.5}}, {"type": "Feature", "geometry": {"type": "LineString", "coordinates": [[10.23358, 62.81617], [10.23201, 62.8166]]}, "properties": {"P": 32.38, "tau": 46.3, "tau_c": 133.25, "omega": 50.25, "M": 0.35, "D": 0.0, "R": 0.05, "sving": 0.2, "os": 0.31, "foss": 1.0, "juv": 0.0, "B": 0.7, "Q": 1.92, "w": 12.58, "h": 0.14, "S": 0.03347, "elv": "Midtstavilla", "km": 1.6}}, {"type": "Feature", "geometry": {"type": "LineString", "coordinates": [[10.23201, 62.8166], [10.23034, 62.81704]]}, "properties": {"P": 30.06, "tau": 46.89, "tau_c": 132.58, "omega": 51.39, "M": 0.35, "D": 0.01, "R": 0.06, "sving": 0.16, "os": 0.5, "foss": 0.72, "juv": 0.0, "B": 0.71, "Q": 2.0, "w": 12.66, "h": 0.14, "S": 0.03313, "elv": "Midtstavilla", "km": 1.7}}, {"type": "Feature", "geometry": {"type": "LineString", "coordinates": [[10.23034, 62.81704], [10.22893, 62.81748]]}, "properties": {"P": 40.38, "tau": 40.24, "tau_c": 118.96, "omega": 41.26, "M": 0.34, "D": 0.01, "R": 0.05, "sving": 0.09, "os": 0.8, "foss": 1.0, "juv": 0.0, "B": 0.71, "Q": 2.01, "w": 12.75, "h": 0.15, "S": 0.02667, "elv": "Midtstavilla", "km": 1.8}}, {"type": "Feature", "geometry": {"type": "LineString", "coordinates": [[10.22893, 62.81748], [10.22799, 62.8182]]}, "properties": {"P": 32.66, "tau": 44.62, "tau_c": 127.57, "omega": 47.92, "M": 0.35, "D": 0.01, "R": 0.05, "sving": 0.0, "os": 0.77, "foss": 0.72, "juv": 0.0, "B": 0.71, "Q": 2.05, "w": 12.84, "h": 0.15, "S": 0.03067, "elv": "Midtstavilla", "km": 1.9}}, {"type": "Feature", "geometry": {"type": "LineString", "coordinates": [[10.22799, 62.8182], [10.22616, 62.81848]]}, "properties": {"P": 27.92, "tau": 45.12, "tau_c": 128.41, "omega": 48.7, "M": 0.35, "D": 0.01, "R": 0.05, "sving": 0.27, "os": 0.48, "foss": 0.51, "juv": 0.0, "B": 0.71, "Q": 2.06, "w": 12.89, "h": 0.15, "S": 0.03108, "elv": "Midtstavilla", "km": 2.0}}, {"type": "Feature", "geometry": {"type": "LineString", "coordinates": [[10.22616, 62.81848], [10.22467, 62.81886]]}, "properties": {"P": 41.24, "tau": 48.41, "tau_c": 135.17, "omega": 53.87, "M": 0.36, "D": 0.0, "R": 0.06, "sving": 0.59, "os": 0.32, "foss": 1.0, "juv": 0.0, "B": 0.71, "Q": 2.06, "w": 12.93, "h": 0.14, "S": 0.03444, "elv": "Midtstavilla", "km": 2.1}}, {"type": "Feature", "geometry": {"type": "LineString", "coordinates": [[10.22467, 62.81886], [10.22421, 62.81964]]}, "properties": {"P": 33.34, "tau": 44.49, "tau_c": 127.08, "omega": 47.75, "M": 0.35, "D": 0.0, "R": 0.05, "sving": 0.09, "os": 0.44, "foss": 1.0, "juv": 0.0, "B": 0.71, "Q": 2.08, "w": 12.99, "h": 0.15, "S": 0.03044, "elv": "Midtstavilla", "km": 2.2}}, {"type": "Feature", "geometry": {"type": "LineString", "coordinates": [[10.22421, 62.81964], [10.22266, 62.81921]]}, "properties": {"P": 32.24, "tau": 47.16, "tau_c": 132.72, "omega": 51.88, "M": 0.36, "D": 0.01, "R": 0.06, "sving": 0.25, "os": 0.49, "foss": 0.72, "juv": 0.0, "B": 0.72, "Q": 2.08, "w": 13.04, "h": 0.14, "S": 0.0332, "elv": "Midtstavilla", "km": 2.3}}, {"type": "Feature", "geometry": {"type": "LineString", "coordinates": [[10.22266, 62.81921], [10.22128, 62.81962]]}, "properties": {"P": 48.49, "tau": 51.49, "tau_c": 139.91, "omega": 59.04, "M": 0.37, "D": 0.03, "R": 0.06, "sving": 0.44, "os": 0.75, "foss": 1.0, "juv": 0.0, "B": 0.72, "Q": 2.13, "w": 13.09, "h": 0.14, "S": 0.03689, "elv": "Midtstavilla", "km": 2.4}}, {"type": "Feature", "geometry": {"type": "LineString", "coordinates": [[10.22128, 62.81962], [10.22055, 62.82041]]}, "properties": {"P": 50.35, "tau": 41.72, "tau_c": 120.4, "omega": 43.66, "M": 0.35, "D": 0.05, "R": 0.05, "sving": 0.46, "os": 0.81, "foss": 1.0, "juv": 0.0, "B": 0.72, "Q": 2.14, "w": 13.15, "h": 0.16, "S": 0.02732, "elv": "Midtstavilla", "km": 2.5}}, {"type": "Feature", "geometry": {"type": "LineString", "coordinates": [[10.22055, 62.82041], [10.21863, 62.82053]]}, "properties": {"P": 31.63, "tau": 40.4, "tau_c": 117.9, "omega": 41.66, "M": 0.34, "D": 0.05, "R": 0.05, "sving": 0.16, "os": 0.5, "foss": 0.72, "juv": 0.0, "B": 0.72, "Q": 2.14, "w": 13.21, "h": 0.16, "S": 0.0262, "elv": "Midtstavilla", "km": 2.6}}, {"type": "Feature", "geometry": {"type": "LineString", "coordinates": [[10.21863, 62.82053], [10.21724, 62.82104]]}, "properties": {"P": 23.94, "tau": 44.96, "tau_c": 126.58, "omega": 48.66, "M": 0.36, "D": 0.02, "R": 0.06, "sving": 0.15, "os": 0.36, "foss": 0.51, "juv": 0.0, "B": 0.72, "Q": 2.18, "w": 13.25, "h": 0.15, "S": 0.0302, "elv": "Midtstavilla", "km": 2.7}}, {"type": "Feature", "geometry": {"type": "LineString", "coordinates": [[10.21724, 62.82104], [10.21623, 62.82177]]}, "properties": {"P": 19.47, "tau": 43.79, "tau_c": 124.1, "omega": 46.86, "M": 0.35, "D": 0.01, "R": 0.05, "sving": 0.24, "os": 0.23, "foss": 0.37, "juv": 0.0, "B": 0.72, "Q": 2.19, "w": 13.28, "h": 0.15, "S": 0.02903, "elv": "Midtstavilla", "km": 2.8}}, {"type": "Feature", "geometry": {"type": "LineString", "coordinates": [[10.21623, 62.82177], [10.21484, 62.82238]]}, "properties": {"P": 26.09, "tau": 44.48, "tau_c": 125.64, "omega": 47.91, "M": 0.35, "D": 0.01, "R": 0.06, "sving": 0.01, "os": 0.14, "foss": 1.0, "juv": 0.0, "B": 0.72, "Q": 2.19, "w": 13.31, "h": 0.15, "S": 0.02975, "elv": "Midtstavilla", "km": 2.9}}, {"type": "Feature", "geometry": {"type": "LineString", "coordinates": [[10.21484, 62.82238], [10.21345, 62.82299]]}, "properties": {"P": 28.0, "tau": 43.21, "tau_c": 123.04, "omega": 45.96, "M": 0.35, "D": 0.01, "R": 0.05, "sving": 0.16, "os": 0.09, "foss": 1.0, "juv": 0.0, "B": 0.73, "Q": 2.19, "w": 13.36, "h": 0.15, "S": 0.02853, "elv": "Midtstavilla", "km": 3.0}}, {"type": "Feature", "geometry": {"type": "LineString", "coordinates": [[10.21345, 62.82299], [10.2119, 62.82354]]}, "properties": {"P": 26.45, "tau": 44.37, "tau_c": 125.37, "omega": 47.75, "M": 0.35, "D": 0.0, "R": 0.06, "sving": 0.05, "os": 0.12, "foss": 1.0, "juv": 0.0, "B": 0.73, "Q": 2.2, "w": 13.4, "h": 0.15, "S": 0.02962, "elv": "Midtstavilla", "km": 3.1}}, {"type": "Feature", "geometry": {"type": "LineString", "coordinates": [[10.2119, 62.82354], [10.21027, 62.82403]]}, "properties": {"P": 21.88, "tau": 47.96, "tau_c": 131.55, "omega": 53.51, "M": 0.36, "D": 0.0, "R": 0.06, "sving": 0.03, "os": 0.2, "foss": 0.72, "juv": 0.0, "B": 0.73, "Q": 2.25, "w": 13.45, "h": 0.15, "S": 0.03262, "elv": "Midtstavilla", "km": 3.2}}, {"type": "Feature", "geometry": {"type": "LineString", "coordinates": [[10.21027, 62.82403], [10.20907, 62.82474]]}, "properties": {"P": 23.02, "tau": 53.92, "tau_c": 143.48, "omega": 63.27, "M": 0.38, "D": 0.0, "R": 0.07, "sving": 0.14, "os": 0.32, "foss": 0.51, "juv": 0.0, "B": 0.73, "Q": 2.26, "w": 13.6, "h": 0.14, "S": 0.0388, "elv": "Midtstavilla", "km": 3.3}}, {"type": "Feature", "geometry": {"type": "LineString", "coordinates": [[10.20907, 62.82474], [10.20757, 62.82531]]}, "properties": {"P": 40.66, "tau": 57.24, "tau_c": 150.45, "omega": 68.83, "M": 0.38, "D": 0.0, "R": 0.07, "sving": 0.29, "os": 0.52, "foss": 1.0, "juv": 0.0, "B": 0.73, "Q": 2.26, "w": 13.75, "h": 0.14, "S": 0.04267, "elv": "Midtstavilla", "km": 3.4}}, {"type": "Feature", "geometry": {"type": "LineString", "coordinates": [[10.20757, 62.82531], [10.20664, 62.82604]]}, "properties": {"P": 45.51, "tau": 56.34, "tau_c": 144.2, "omega": 67.94, "M": 0.39, "D": 0.01, "R": 0.08, "sving": 0.13, "os": 0.86, "foss": 1.0, "juv": 0.0, "B": 0.74, "Q": 2.45, "w": 13.88, "h": 0.15, "S": 0.03919, "elv": "Midtstavilla", "km": 3.5}}, {"type": "Feature", "geometry": {"type": "LineString", "coordinates": [[10.20664, 62.82604], [10.20621, 62.82692]]}, "properties": {"P": 44.43, "tau": 56.1, "tau_c": 144.27, "omega": 67.46, "M": 0.39, "D": 0.03, "R": 0.08, "sving": 0.21, "os": 0.71, "foss": 1.0, "juv": 0.0, "B": 0.74, "Q": 2.46, "w": 14.01, "h": 0.15, "S": 0.03923, "elv": "Midtstavilla", "km": 3.6}}, {"type": "Feature", "geometry": {"type": "LineString", "coordinates": [[10.20621, 62.82692], [10.20563, 62.82777]]}, "properties": {"P": 33.9, "tau": 54.11, "tau_c": 140.82, "omega": 64.03, "M": 0.38, "D": 0.09, "R": 0.08, "sving": 0.19, "os": 0.43, "foss": 0.72, "juv": 0.0, "B": 0.74, "Q": 2.47, "w": 14.14, "h": 0.15, "S": 0.03738, "elv": "Midtstavilla", "km": 3.7}}, {"type": "Feature", "geometry": {"type": "LineString", "coordinates": [[10.20563, 62.82777], [10.205, 62.82862]]}, "properties": {"P": 24.97, "tau": 48.47, "tau_c": 130.07, "omega": 54.7, "M": 0.37, "D": 0.2, "R": 0.07, "sving": 0.02, "os": 0.26, "foss": 0.51, "juv": 0.0, "B": 0.74, "Q": 2.48, "w": 14.16, "h": 0.15, "S": 0.03189, "elv": "Midtstavilla", "km": 3.8}}, {"type": "Feature", "geometry": {"type": "LineString", "coordinates": [[10.205, 62.82862], [10.20496, 62.82951]]}, "properties": {"P": 23.93, "tau": 32.99, "tau_c": 98.65, "omega": 31.5, "M": 0.33, "D": 0.32, "R": 0.04, "sving": 0.1, "os": 0.16, "foss": 0.37, "juv": 0.0, "B": 0.74, "Q": 2.48, "w": 14.18, "h": 0.18, "S": 0.01834, "elv": "Midtstavilla", "km": 3.9}}, {"type": "Feature", "geometry": {"type": "LineString", "coordinates": [[10.20437, 62.83126], [10.2043, 62.83216]]}, "properties": {"P": 6.46, "tau": 25.76, "tau_c": 82.47, "omega": 22.1, "M": 0.31, "D": 0.05, "R": 0.03, "sving": 0.09, "os": 0.08, "foss": 0.0, "juv": 0.0, "B": 0.74, "Q": 2.5, "w": 14.23, "h": 0.2, "S": 0.01282, "elv": "Midtstavilla", "km": 4.2}}, {"type": "Feature", "geometry": {"type": "LineString", "coordinates": [[10.2043, 62.83216], [10.20409, 62.83305]]}, "properties": {"P": 6.6, "tau": 29.5, "tau_c": 90.85, "omega": 26.86, "M": 0.32, "D": 0.01, "R": 0.04, "sving": 0.14, "os": 0.09, "foss": 0.0, "juv": 0.0, "B": 0.74, "Q": 2.51, "w": 14.25, "h": 0.19, "S": 0.01556, "elv": "Midtstavilla", "km": 4.3}}, {"type": "Feature", "geometry": {"type": "LineString", "coordinates": [[10.20409, 62.83305], [10.20317, 62.83379]]}, "properties": {"P": 33.92, "tau": 26.43, "tau_c": 83.89, "omega": 22.94, "M": 0.32, "D": 0.05, "R": 0.03, "sving": 0.37, "os": 0.09, "foss": 1.0, "juv": 0.0, "B": 0.75, "Q": 2.51, "w": 14.27, "h": 0.2, "S": 0.01327, "elv": "Midtstavilla", "km": 4.4}}, {"type": "Feature", "geometry": {"type": "LineString", "coordinates": [[10.2038, 62.83489], [10.20482, 62.83557]]}, "properties": {"P": 35.13, "tau": 52.03, "tau_c": 91.74, "omega": 68.82, "M": 0.57, "D": 0.0, "R": 0.27, "sving": 0.5, "os": 0.07, "foss": 0.37, "juv": 0.0, "B": 0.88, "Q": 10.13, "w": 22.9, "h": 0.33, "S": 0.01586, "elv": "Midtstavilla", "km": 4.7}}, {"type": "Feature", "geometry": {"type": "LineString", "coordinates": [[10.19201, 62.81326], [10.1927, 62.81383]]}, "properties": {"P": 28.15, "tau": 74.73, "tau_c": 126.27, "omega": 113.04, "M": 0.59, "D": 0.0, "R": 0.3, "sving": 0.11, "os": 0.56, "foss": 0.51, "juv": 0.0, "B": 0.58, "Q": 6.39, "w": 16.66, "h": 0.25, "S": 0.03005, "elv": "bekk", "km": 3.5}}, {"type": "Feature", "geometry": {"type": "LineString", "coordinates": [[10.2073, 62.84167], [10.20625, 62.84241]]}, "properties": {"P": 3.95, "tau": 17.83, "tau_c": 46.7, "omega": 14.45, "M": 0.38, "D": 0.0, "R": 0.07, "sving": 0.1, "os": 0.0, "foss": 0.0, "juv": 0.0, "B": 0.61, "Q": 10.4, "w": 29.03, "h": 0.44, "S": 0.00411, "elv": "bekk", "km": 0.0}}, {"type": "Feature", "geometry": {"type": "LineString", "coordinates": [[10.20625, 62.84241], [10.20582, 62.84327]]}, "properties": {"P": 3.36, "tau": 17.83, "tau_c": 46.7, "omega": 14.45, "M": 0.38, "D": 0.0, "R": 0.07, "sving": 0.07, "os": 0.0, "foss": 0.0, "juv": 0.0, "B": 0.61, "Q": 10.4, "w": 29.03, "h": 0.44, "S": 0.00411, "elv": "bekk", "km": 0.1}}, {"type": "Feature", "geometry": {"type": "LineString", "coordinates": [[10.20582, 62.84327], [10.20459, 62.84393]]}, "properties": {"P": 3.36, "tau": 17.83, "tau_c": 46.7, "omega": 14.45, "M": 0.38, "D": 0.0, "R": 0.07, "sving": 0.07, "os": 0.0, "foss": 0.0, "juv": 0.0, "B": 0.61, "Q": 10.4, "w": 29.03, "h": 0.44, "S": 0.00411, "elv": "bekk", "km": 0.2}}, {"type": "Feature", "geometry": {"type": "LineString", "coordinates": [[10.24533, 62.84179], [10.24542, 62.8426]]}, "properties": {"P": 13.58, "tau": 33.55, "tau_c": 93.1, "omega": 32.71, "M": 0.36, "D": 0.0, "R": 0.06, "sving": 0.51, "os": 0.0, "foss": 0.0, "juv": 0.0, "B": 0.78, "Q": 2.11, "w": 10.33, "h": 0.21, "S": 0.01634, "elv": "Litlstavilla", "km": 0.2}}, {"type": "Feature", "geometry": {"type": "LineString", "coordinates": [[10.24542, 62.8426], [10.24387, 62.84292]]}, "properties": {"P": 5.83, "tau": 33.39, "tau_c": 97.05, "omega": 32.18, "M": 0.34, "D": 0.01, "R": 0.05, "sving": 0.16, "os": 0.0, "foss": 0.0, "juv": 0.0, "B": 0.78, "Q": 2.18, "w": 11.79, "h": 0.19, "S": 0.01775, "elv": "Litlstavilla", "km": 0.3}}, {"type": "Feature", "geometry": {"type": "LineString", "coordinates": [[10.24387, 62.84292], [10.24247, 62.84344]]}, "properties": {"P": 3.84, "tau": 36.47, "tau_c": 108.94, "omega": 36.03, "M": 0.33, "D": 0.01, "R": 0.04, "sving": 0.08, "os": 0.0, "foss": 0.0, "juv": 0.0, "B": 0.78, "Q": 2.18, "w": 13.27, "h": 0.17, "S": 0.02237, "elv": "Litlstavilla", "km": 0.4}}, {"type": "Feature", "geometry": {"type": "LineString", "coordinates": [[10.24247, 62.84344], [10.24187, 62.84428]]}, "properties": {"P": 8.99, "tau": 30.75, "tau_c": 96.34, "omega": 28.22, "M": 0.32, "D": 0.01, "R": 0.04, "sving": 0.32, "os": 0.0, "foss": 0.0, "juv": 0.0, "B": 0.78, "Q": 2.19, "w": 13.34, "h": 0.18, "S": 0.01749, "elv": "Litlstavilla", "km": 0.5}}, {"type": "Feature", "geometry": {"type": "LineString", "coordinates": [[10.24187, 62.84428], [10.24158, 62.84515]]}, "properties": {"P": 5.94, "tau": 38.87, "tau_c": 113.7, "omega": 39.53, "M": 0.34, "D": 0.0, "R": 0.05, "sving": 0.18, "os": 0.0, "foss": 0.0, "juv": 0.0, "B": 0.78, "Q": 2.21, "w": 13.37, "h": 0.16, "S": 0.02437, "elv": "Litlstavilla", "km": 0.6}}, {"type": "Feature", "geometry": {"type": "LineString", "coordinates": [[10.24158, 62.84515], [10.24104, 62.84595]]}, "properties": {"P": 7.55, "tau": 39.71, "tau_c": 115.31, "omega": 40.78, "M": 0.34, "D": 0.01, "R": 0.05, "sving": 0.24, "os": 0.0, "foss": 0.0, "juv": 0.0, "B": 0.78, "Q": 2.22, "w": 13.4, "h": 0.16, "S": 0.02506, "elv": "Litlstavilla", "km": 0.7}}, {"type": "Feature", "geometry": {"type": "LineString", "coordinates": [[10.24104, 62.84595], [10.24033, 62.84672]]}, "properties": {"P": 33.32, "tau": 35.23, "tau_c": 105.95, "omega": 34.33, "M": 0.33, "D": 0.01, "R": 0.04, "sving": 0.4, "os": 0.0, "foss": 1.0, "juv": 0.0, "B": 0.78, "Q": 2.22, "w": 13.44, "h": 0.17, "S": 0.02116, "elv": "Litlstavilla", "km": 0.8}}, {"type": "Feature", "geometry": {"type": "LineString", "coordinates": [[10.24033, 62.84672], [10.2392, 62.84708]]}, "properties": {"P": 21.14, "tau": 37.54, "tau_c": 110.66, "omega": 37.64, "M": 0.34, "D": 0.01, "R": 0.05, "sving": 0.13, "os": 0.0, "foss": 0.72, "juv": 0.0, "B": 0.78, "Q": 2.24, "w": 13.47, "h": 0.17, "S": 0.02308, "elv": "Litlstavilla", "km": 0.9}}, {"type": "Feature", "geometry": {"type": "LineString", "coordinates": [[10.2392, 62.84708], [10.23749, 62.84737]]}, "properties": {"P": 14.13, "tau": 39.56, "tau_c": 114.62, "omega": 40.6, "M": 0.35, "D": 0.0, "R": 0.05, "sving": 0.03, "os": 0.0, "foss": 0.51, "juv": 0.0, "B": 0.79, "Q": 2.25, "w": 13.49, "h": 0.16, "S": 0.02476, "elv": "Litlstavilla", "km": 1.0}}, {"type": "Feature", "geometry": {"type": "LineString", "coordinates": [[10.23749, 62.84737], [10.23631, 62.84808]]}, "properties": {"P": 30.11, "tau": 48.74, "tau_c": 133.18, "omega": 54.77, "M": 0.37, "D": 0.0, "R": 0.06, "sving": 0.23, "os": 0.0, "foss": 1.0, "juv": 0.0, "B": 0.79, "Q": 2.26, "w": 13.51, "h": 0.15, "S": 0.03343, "elv": "Litlstavilla", "km": 1.1}}, {"type": "Feature", "geometry": {"type": "LineString", "coordinates": [[10.23631, 62.84808], [10.23542, 62.84888]]}, "properties": {"P": 31.24, "tau": 42.76, "tau_c": 121.29, "omega": 45.39, "M": 0.35, "D": 0.0, "R": 0.05, "sving": 0.29, "os": 0.0, "foss": 1.0, "juv": 0.0, "B": 0.79, "Q": 2.26, "w": 13.53, "h": 0.16, "S": 0.02773, "elv": "Litlstavilla", "km": 1.2}}, {"type": "Feature", "geometry": {"type": "LineString", "coordinates": [[10.23542, 62.84888], [10.23473, 62.84971]]}, "properties": {"P": 25.59, "tau": 48.97, "tau_c": 133.63, "omega": 55.14, "M": 0.37, "D": 0.0, "R": 0.06, "sving": 0.02, "os": 0.0, "foss": 1.0, "juv": 0.0, "B": 0.79, "Q": 2.26, "w": 13.54, "h": 0.15, "S": 0.03366, "elv": "Litlstavilla", "km": 1.3}}, {"type": "Feature", "geometry": {"type": "LineString", "coordinates": [[10.23473, 62.84971], [10.23392, 62.8505]]}, "properties": {"P": 26.2, "tau": 54.24, "tau_c": 143.61, "omega": 63.86, "M": 0.38, "D": 0.0, "R": 0.07, "sving": 0.04, "os": 0.0, "foss": 1.0, "juv": 0.0, "B": 0.79, "Q": 2.27, "w": 13.55, "h": 0.14, "S": 0.03887, "elv": "Litlstavilla", "km": 1.4}}, {"type": "Feature", "geometry": {"type": "LineString", "coordinates": [[10.23392, 62.8505], [10.23284, 62.85125]]}, "properties": {"P": 26.76, "tau": 50.63, "tau_c": 136.61, "omega": 57.86, "M": 0.37, "D": 0.01, "R": 0.07, "sving": 0.05, "os": 0.0, "foss": 1.0, "juv": 0.0, "B": 0.79, "Q": 2.27, "w": 13.57, "h": 0.15, "S": 0.03517, "elv": "Litlstavilla", "km": 1.5}}, {"type": "Feature", "geometry": {"type": "LineString", "coordinates": [[10.23284, 62.85125], [10.23178, 62.852]]}, "properties": {"P": 26.65, "tau": 51.49, "tau_c": 138.48, "omega": 59.26, "M": 0.37, "D": 0.01, "R": 0.07, "sving": 0.04, "os": 0.0, "foss": 1.0, "juv": 0.0, "B": 0.79, "Q": 2.28, "w": 13.61, "h": 0.15, "S": 0.03614, "elv": "Litlstavilla", "km": 1.6}}, {"type": "Feature", "geometry": {"type": "LineString", "coordinates": [[10.23178, 62.852], [10.23085, 62.85278]]}, "properties": {"P": 22.99, "tau": 49.37, "tau_c": 134.45, "omega": 55.79, "M": 0.37, "D": 0.02, "R": 0.06, "sving": 0.16, "os": 0.0, "foss": 0.72, "juv": 0.0, "B": 0.79, "Q": 2.28, "w": 13.66, "h": 0.15, "S": 0.03407, "elv": "Litlstavilla", "km": 1.7}}, {"type": "Feature", "geometry": {"type": "LineString", "coordinates": [[10.23085, 62.85278], [10.23024, 62.85363]]}, "properties": {"P": 27.08, "tau": 50.41, "tau_c": 131.7, "omega": 58.05, "M": 0.38, "D": 0.02, "R": 0.07, "sving": 0.04, "os": 0.0, "foss": 1.0, "juv": 0.0, "B": 0.79, "Q": 2.34, "w": 12.94, "h": 0.16, "S": 0.03269, "elv": "Litlstavilla", "km": 1.8}}, {"type": "Feature", "geometry": {"type": "LineString", "coordinates": [[10.23024, 62.85363], [10.22994, 62.8545]]}, "properties": {"P": 26.78, "tau": 48.77, "tau_c": 128.86, "omega": 55.34, "M": 0.38, "D": 0.03, "R": 0.07, "sving": 0.02, "os": 0.0, "foss": 1.0, "juv": 0.0, "B": 0.79, "Q": 2.34, "w": 13.0, "h": 0.16, "S": 0.0313, "elv": "Litlstavilla", "km": 1.9}}, {"type": "Feature", "geometry": {"type": "LineString", "coordinates": [[10.22994, 62.8545], [10.22906, 62.85529]]}, "properties": {"P": 20.45, "tau": 44.74, "tau_c": 121.34, "omega": 48.87, "M": 0.37, "D": 0.05, "R": 0.06, "sving": 0.01, "os": 0.0, "foss": 0.72, "juv": 0.0, "B": 0.79, "Q": 2.34, "w": 13.05, "h": 0.16, "S": 0.02775, "elv": "Litlstavilla", "km": 2.0}}, {"type": "Feature", "geometry": {"type": "LineString", "coordinates": [[10.22906, 62.85529], [10.22824, 62.85608]]}, "properties": {"P": 28.7, "tau": 48.68, "tau_c": 128.43, "omega": 55.22, "M": 0.38, "D": 0.07, "R": 0.07, "sving": 0.05, "os": 0.0, "foss": 1.0, "juv": 0.0, "B": 0.79, "Q": 2.37, "w": 13.07, "h": 0.16, "S": 0.03109, "elv": "Litlstavilla", "km": 2.1}}, {"type": "Feature", "geometry": {"type": "LineString", "coordinates": [[10.22824, 62.85608], [10.22771, 62.85691]]}, "properties": {"P": 30.21, "tau": 40.44, "tau_c": 112.43, "omega": 42.33, "M": 0.36, "D": 0.13, "R": 0.06, "sving": 0.27, "os": 0.07, "foss": 0.72, "juv": 0.0, "B": 0.79, "Q": 2.37, "w": 13.09, "h": 0.17, "S": 0.02382, "elv": "Litlstavilla", "km": 2.2}}, {"type": "Feature", "geometry": {"type": "LineString", "coordinates": [[10.22771, 62.85691], [10.22723, 62.85767]]}, "properties": {"P": 29.85, "tau": 34.79, "tau_c": 113.21, "omega": 33.06, "M": 0.31, "D": 0.1, "R": 0.03, "sving": 0.01, "os": 0.12, "foss": 1.0, "juv": 0.0, "B": 0.79, "Q": 2.37, "w": 17.01, "h": 0.15, "S": 0.02416, "elv": "Litlstavilla", "km": 2.3}}, {"type": "Feature", "geometry": {"type": "LineString", "coordinates": [[10.22723, 62.85767], [10.22761, 62.85834]]}, "properties": {"P": 24.05, "tau": 32.96, "tau_c": 106.57, "omega": 30.79, "M": 0.31, "D": 0.06, "R": 0.03, "sving": 0.01, "os": 0.18, "foss": 0.72, "juv": 0.02, "B": 0.79, "Q": 2.38, "w": 16.24, "h": 0.16, "S": 0.02141, "elv": "Litlstavilla", "km": 2.4}}, {"type": "Feature", "geometry": {"type": "LineString", "coordinates": [[10.22761, 62.85834], [10.22685, 62.85914]]}, "properties": {"P": 53.88, "tau": 68.96, "tau_c": 101.5, "omega": 105.85, "M": 0.68, "D": 0.0, "R": 0.42, "sving": 0.01, "os": 0.25, "foss": 1.0, "juv": 0.02, "B": 0.95, "Q": 10.82, "w": 19.47, "h": 0.36, "S": 0.01942, "elv": "Litlstavilla", "km": 2.5}}, {"type": "Feature", "geometry": {"type": "LineString", "coordinates": [[10.22685, 62.85914], [10.22625, 62.85999]]}, "properties": {"P": 61.82, "tau": 73.88, "tau_c": 104.69, "omega": 117.9, "M": 0.71, "D": 0.03, "R": 0.45, "sving": 0.28, "os": 0.41, "foss": 0.72, "juv": 0.02, "B": 0.97, "Q": 13.21, "w": 22.7, "h": 0.36, "S": 0.02066, "elv": "Litlstavilla", "km": 2.6}}, {"type": "Feature", "geometry": {"type": "LineString", "coordinates": [[10.19129, 62.82526], [10.19311, 62.82548]]}, "properties": {"P": 31.42, "tau": 97.92, "tau_c": 151.53, "omega": 167.16, "M": 0.65, "D": 0.0, "R": 0.37, "sving": 0.14, "os": 0.0, "foss": 1.0, "juv": 0.0, "B": 0.62, "Q": 6.55, "w": 16.62, "h": 0.23, "S": 0.04328, "elv": "Synner Skoftbekken", "km": 0.7}}, {"type": "Feature", "geometry": {"type": "LineString", "coordinates": [[9.89133, 62.80049], [9.89288, 62.80029]]}, "properties": {"P": 20.47, "tau": 73.42, "tau_c": 200.5, "omega": 94.84, "M": 0.37, "D": 0.01, "R": 0.06, "sving": 1.0, "os": 0.19, "foss": 1.0, "juv": 0.0, "B": 0.31, "Q": 1.4, "w": 10.94, "h": 0.1, "S": 0.07577, "elv": "bekk", "km": 0.0}}, {"type": "Feature", "geometry": {"type": "LineString", "coordinates": [[9.89288, 62.80029], [9.89383, 62.80106]]}, "properties": {"P": 32.32, "tau": 65.58, "tau_c": 187.18, "omega": 80.38, "M": 0.35, "D": 0.04, "R": 0.05, "sving": 0.93, "os": 0.28, "foss": 1.0, "juv": 0.0, "B": 0.48, "Q": 1.4, "w": 11.25, "h": 0.1, "S": 0.06604, "elv": "bekk", "km": 0.1}}, {"type": "Feature", "geometry": {"type": "LineString", "coordinates": [[9.89383, 62.80106], [9.8947, 62.80185]]}, "properties": {"P": 25.23, "tau": 65.87, "tau_c": 169.02, "omega": 83.57, "M": 0.39, "D": 0.04, "R": 0.08, "sving": 0.65, "os": 0.22, "foss": 0.72, "juv": 0.0, "B": 0.5, "Q": 1.83, "w": 11.57, "h": 0.12, "S": 0.05385, "elv": "bekk", "km": 0.2}}, {"type": "Feature", "geometry": {"type": "LineString", "coordinates": [[9.8947, 62.80185], [9.89464, 62.80274]]}, "properties": {"P": 21.42, "tau": 62.16, "tau_c": 164.05, "omega": 76.67, "M": 0.38, "D": 0.05, "R": 0.07, "sving": 0.17, "os": 0.15, "foss": 1.0, "juv": 0.0, "B": 0.5, "Q": 1.83, "w": 11.89, "h": 0.12, "S": 0.05072, "elv": "bekk", "km": 0.3}}, {"type": "Feature", "geometry": {"type": "LineString", "coordinates": [[9.89464, 62.80274], [9.89485, 62.80361]]}, "properties": {"P": 14.07, "tau": 70.01, "tau_c": 180.26, "omega": 90.7, "M": 0.39, "D": 0.03, "R": 0.08, "sving": 0.0, "os": 0.09, "foss": 0.72, "juv": 0.0, "B": 0.5, "Q": 1.84, "w": 12.21, "h": 0.12, "S": 0.06124, "elv": "bekk", "km": 0.4}}, {"type": "Feature", "geometry": {"type": "LineString", "coordinates": [[9.89485, 62.80361], [9.895, 62.8045]]}, "properties": {"P": 20.46, "tau": 55.74, "tau_c": 153.1, "omega": 65.42, "M": 0.36, "D": 0.05, "R": 0.06, "sving": 0.2, "os": 0.06, "foss": 1.0, "juv": 0.0, "B": 0.5, "Q": 1.85, "w": 12.23, "h": 0.13, "S": 0.04418, "elv": "bekk", "km": 0.5}}, {"type": "Feature", "geometry": {"type": "LineString", "coordinates": [[9.895, 62.8045], [9.89587, 62.80529]]}, "properties": {"P": 16.74, "tau": 59.82, "tau_c": 160.85, "omega": 72.43, "M": 0.37, "D": 0.03, "R": 0.07, "sving": 0.02, "os": 0.0, "foss": 1.0, "juv": 0.0, "B": 0.5, "Q": 1.86, "w": 12.25, "h": 0.13, "S": 0.04876, "elv": "bekk", "km": 0.6}}, {"type": "Feature", "geometry": {"type": "LineString", "coordinates": [[9.89587, 62.80529], [9.8968, 62.80607]]}, "properties": {"P": 16.69, "tau": 61.04, "tau_c": 163.13, "omega": 74.57, "M": 0.37, "D": 0.02, "R": 0.07, "sving": 0.02, "os": 0.0, "foss": 1.0, "juv": 0.0, "B": 0.5, "Q": 1.86, "w": 12.26, "h": 0.12, "S": 0.05016, "elv": "bekk", "km": 0.7}}, {"type": "Feature", "geometry": {"type": "LineString", "coordinates": [[9.8968, 62.80607], [9.8971, 62.80695]]}, "properties": {"P": 17.54, "tau": 64.54, "tau_c": 169.73, "omega": 80.77, "M": 0.38, "D": 0.0, "R": 0.07, "sving": 0.1, "os": 0.0, "foss": 1.0, "juv": 0.0, "B": 0.5, "Q": 1.86, "w": 12.28, "h": 0.12, "S": 0.0543, "elv": "bekk", "km": 0.8}}, {"type": "Feature", "geometry": {"type": "LineString", "coordinates": [[9.8971, 62.80695], [9.89716, 62.80785]]}, "properties": {"P": 18.55, "tau": 72.3, "tau_c": 184.11, "omega": 95.05, "M": 0.39, "D": 0.0, "R": 0.08, "sving": 0.16, "os": 0.0, "foss": 1.0, "juv": 0.0, "B": 0.5, "Q": 1.86, "w": 12.28, "h": 0.12, "S": 0.06389, "elv": "bekk", "km": 0.9}}, {"type": "Feature", "geometry": {"type": "LineString", "coordinates": [[9.89716, 62.80785], [9.89753, 62.8087]]}, "properties": {"P": 13.65, "tau": 73.04, "tau_c": 185.38, "omega": 96.46, "M": 0.39, "D": 0.0, "R": 0.08, "sving": 0.1, "os": 0.0, "foss": 0.72, "juv": 0.0, "B": 0.5, "Q": 1.87, "w": 12.29, "h": 0.11, "S": 0.06477, "elv": "bekk", "km": 1.0}}, {"type": "Feature", "geometry": {"type": "LineString", "coordinates": [[9.89753, 62.8087], [9.89769, 62.80958]]}, "properties": {"P": 16.95, "tau": 80.14, "tau_c": 198.15, "omega": 110.18, "M": 0.4, "D": 0.0, "R": 0.09, "sving": 0.03, "os": 0.0, "foss": 1.0, "juv": 0.0, "B": 0.5, "Q": 1.87, "w": 12.29, "h": 0.11, "S": 0.074, "elv": "bekk", "km": 1.1}}, {"type": "Feature", "geometry": {"type": "LineString", "coordinates": [[9.89769, 62.80958], [9.89749, 62.81047]]}, "properties": {"P": 17.23, "tau": 95.98, "tau_c": 225.47, "omega": 142.67, "M": 0.43, "D": 0.0, "R": 0.11, "sving": 0.02, "os": 0.0, "foss": 1.0, "juv": 0.0, "B": 0.5, "Q": 1.87, "w": 12.29, "h": 0.1, "S": 0.09582, "elv": "bekk", "km": 1.2}}, {"type": "Feature", "geometry": {"type": "LineString", "coordinates": [[9.89749, 62.81047], [9.89739, 62.81137]]}, "properties": {"P": 17.64, "tau": 95.15, "tau_c": 224.07, "omega": 140.9, "M": 0.42, "D": 0.0, "R": 0.11, "sving": 0.05, "os": 0.0, "foss": 1.0, "juv": 0.0, "B": 0.5, "Q": 1.87, "w": 12.29, "h": 0.1, "S": 0.09463, "elv": "bekk", "km": 1.3}}, {"type": "Feature", "geometry": {"type": "LineString", "coordinates": [[9.89739, 62.81137], [9.89787, 62.81224]]}, "properties": {"P": 18.41, "tau": 104.42, "tau_c": 235.55, "omega": 161.74, "M": 0.44, "D": 0.0, "R": 0.13, "sving": 0.07, "os": 0.0, "foss": 1.0, "juv": 0.0, "B": 0.5, "Q": 1.87, "w": 11.83, "h": 0.1, "S": 0.10458, "elv": "bekk", "km": 1.4}}, {"type": "Feature", "geometry": {"type": "LineString", "coordinates": [[9.89787, 62.81224], [9.89828, 62.81311]]}, "properties": {"P": 18.64, "tau": 97.73, "tau_c": 224.92, "omega": 147.05, "M": 0.43, "D": 0.03, "R": 0.12, "sving": 0.07, "os": 0.0, "foss": 1.0, "juv": 0.0, "B": 0.5, "Q": 1.87, "w": 11.87, "h": 0.1, "S": 0.09535, "elv": "bekk", "km": 1.5}}, {"type": "Feature", "geometry": {"type": "LineString", "coordinates": [[9.89828, 62.81311], [9.89843, 62.81401]]}, "properties": {"P": 21.25, "tau": 93.17, "tau_c": 217.79, "omega": 137.24, "M": 0.43, "D": 0.07, "R": 0.11, "sving": 0.2, "os": 0.0, "foss": 1.0, "juv": 0.0, "B": 0.5, "Q": 1.87, "w": 11.92, "h": 0.11, "S": 0.0894, "elv": "bekk", "km": 1.6}}, {"type": "Feature", "geometry": {"type": "LineString", "coordinates": [[9.89843, 62.81401], [9.89801, 62.81484]]}, "properties": {"P": 21.87, "tau": 89.72, "tau_c": 209.91, "omega": 130.41, "M": 0.43, "D": 0.11, "R": 0.11, "sving": 0.18, "os": 0.0, "foss": 1.0, "juv": 0.0, "B": 0.5, "Q": 1.92, "w": 11.98, "h": 0.11, "S": 0.08305, "elv": "bekk", "km": 1.7}}, {"type": "Feature", "geometry": {"type": "LineString", "coordinates": [[9.89801, 62.81484], [9.89747, 62.8157]]}, "properties": {"P": 19.46, "tau": 68.52, "tau_c": 172.44, "omega": 88.72, "M": 0.4, "D": 0.14, "R": 0.09, "sving": 0.01, "os": 0.0, "foss": 1.0, "juv": 0.0, "B": 0.5, "Q": 1.95, "w": 12.07, "h": 0.12, "S": 0.05605, "elv": "bekk", "km": 1.8}}, {"type": "Feature", "geometry": {"type": "LineString", "coordinates": [[9.89747, 62.8157], [9.89694, 62.81657]]}, "properties": {"P": 20.12, "tau": 69.72, "tau_c": 177.88, "omega": 90.5, "M": 0.39, "D": 0.1, "R": 0.08, "sving": 0.13, "os": 0.0, "foss": 1.0, "juv": 0.0, "B": 0.5, "Q": 1.95, "w": 12.63, "h": 0.12, "S": 0.05964, "elv": "bekk", "km": 1.9}}, {"type": "Feature", "geometry": {"type": "LineString", "coordinates": [[9.89694, 62.81657], [9.89716, 62.81745]]}, "properties": {"P": 16.21, "tau": 64.41, "tau_c": 166.33, "omega": 81.04, "M": 0.39, "D": 0.06, "R": 0.08, "sving": 0.2, "os": 0.0, "foss": 0.72, "juv": 0.0, "B": 0.5, "Q": 2.01, "w": 12.69, "h": 0.13, "S": 0.05214, "elv": "bekk", "km": 2.0}}, {"type": "Feature", "geometry": {"type": "LineString", "coordinates": [[9.89436, 62.82374], [9.89531, 62.82452]]}, "properties": {"P": 27.46, "tau": 250.34, "tau_c": 364.2, "omega": 586.36, "M": 0.69, "D": 0.0, "R": 0.43, "sving": 0.17, "os": 0.0, "foss": 1.0, "juv": 0.0, "B": 0.51, "Q": 2.13, "w": 10.28, "h": 0.09, "S": 0.28888, "elv": "Stortjønnbekken", "km": 1.8}}, {"type": "Feature", "geometry": {"type": "LineString", "coordinates": [[10.03028, 62.80242], [10.02884, 62.80284]]}, "properties": {"P": 46.12, "tau": 311.46, "tau_c": 350.67, "omega": 875.29, "M": 0.89, "D": 0.0, "R": 0.68, "sving": 0.38, "os": 0.05, "foss": 1.0, "juv": 0.0, "B": 0.62, "Q": 6.03, "w": 15.66, "h": 0.14, "S": 0.23178, "elv": "bekk", "km": 0.6}}]}