<?xml version="1.0" encoding="UTF-8"?>
<kml xmlns="http://www.opengis.net/kml/2.2"><Document><name>GULLØYE – alle områder</name>
<Folder><name>Rollag</name>
<Placemark><name>Rollag 1A Vikje (Numedalslågen)</name><description>P=100. Bratt stryk like oppstrøms – kulper og fjellsprekker. Os: sideelv kommer inn her – grus og tyngre materiale legges i osen og bankehodet nedenfor. Skarp sving – grav på innersvingen og bak store steiner. τ = 124 Pa ≈ 1.5× terskelen: sand og grus flyttes ved flom, gull blir liggende (retensjon). Berggrunn: Kvartsskifer (100 % gunstig oppstrøms). Regulert (Mykstufoss dam, 1964) – minstevann og gammelt elveleie tilgjengelig. Lett: bilvei 54 m unna (service). Parkering 296 m unna.</description><Point><coordinates>9.14603,60.04781,0</coordinates></Point></Placemark>
<Placemark><name>Rollag 2A Bogstrand (Numedalslågen)</name><description>P=92. Foss/stryk rett oppstrøms (9 m fall på 100 m) – fossekulp og fjell i dagen. τ = 204 Pa ≈ 1.9× terskelen: sand og grus flyttes ved flom, gull blir liggende (retensjon). Berggrunn: Kvartsskifer (100 % gunstig oppstrøms). Regulert (Kjerredammen, 1964) – minstevann og gammelt elveleie tilgjengelig. Kort gange: bilvei 221 m unna.</description><Point><coordinates>9.12083,60.06816,0</coordinates></Point></Placemark>
<Placemark><name>Rollag 3A Haugen (Numedalslågen)</name><description>P=91. Os: sideelv kommer inn her – grus og tyngre materiale legges i osen og bankehodet nedenfor. τ = 67 Pa ≈ 1.1× terskelen: sand og grus flyttes ved flom, gull blir liggende (retensjon). Berggrunn: Kvartsskifer (100 % gunstig oppstrøms). Regulert (Kjerredammen, 1964) – minstevann og gammelt elveleie tilgjengelig. Lett: bilvei 129 m unna (Numedalsvegen).</description><Point><coordinates>9.13355,60.05817,0</coordinates></Point></Placemark>
<Placemark><name>Rollag 4A Nordre Bjørkgarden (Numedalslågen)</name><description>P=82. Os: Nørdsteåe kommer inn her – grus og tyngre materiale legges i osen og bankehodet nedenfor. Strømeffekten faller 40 % over strekningen – tungt materiale slipper her. τ = 38 Pa ≈ 0.9× terskelen: sand og grus flyttes ved flom, gull blir liggende (retensjon). Berggrunn: Kvartsskifer (100 % gunstig oppstrøms). Regulert (Mykstufoss dam, 1964) – minstevann og gammelt elveleie tilgjengelig. Lett: bilvei 102 m unna (Østsida). Parkering 579 m unna.</description><Point><coordinates>9.16011,60.04744,0</coordinates></Point></Placemark>
<Placemark><name>Rollag 5A Skogly (Numedalslågen)</name><description>P=81. Os: Nordåe kommer inn her – grus og tyngre materiale legges i osen og bankehodet nedenfor. Skarp sving – grav på innersvingen og bak store steiner. τ = 35 Pa ≈ 1.1× terskelen: sand og grus flyttes ved flom, gull blir liggende (retensjon). Berggrunn: Intermediær vulkansk bergart (89 % gunstig oppstrøms). Lett: bilvei 138 m unna (Rollagsvegen). Parkering 178 m unna.</description><Point><coordinates>9.27216,60.01942,0</coordinates></Point></Placemark>
<Placemark><name>Rollag 6A Øye (Numedalslågen)</name><description>P=76. Os: Sønsteåe kommer inn her – grus og tyngre materiale legges i osen og bankehodet nedenfor. Strømeffekten faller 31 % over strekningen – tungt materiale slipper her. Berggrunn: Kvartsskifer (100 % gunstig oppstrøms). Regulert (Mykstufoss dam, 1964) – minstevann og gammelt elveleie tilgjengelig. Lett: bilvei 55 m unna (track). Parkering 900 m unna.</description><Point><coordinates>9.18177,60.04257,0</coordinates></Point></Placemark>
<Placemark><name>Rollag 7A Landsverk (Stærnesbekken)</name><description>P=76. Foss/stryk rett oppstrøms (7 m fall på 100 m) – fossekulp og fjell i dagen. Os: sideelv kommer inn her – grus og tyngre materiale legges i osen og bankehodet nedenfor. Strømeffekten faller 42 % over strekningen – tungt materiale slipper her. τ = 118 Pa ≈ 1.3× terskelen: sand og grus flyttes ved flom, gull blir liggende (retensjon). Berggrunn: Granittisk gneis (38 % gunstig oppstrøms). Lett: bilvei 16 m unna (Rollagsvegen). Parkering 875 m unna.</description><Point><coordinates>9.28504,59.97858,0</coordinates></Point></Placemark>
<Placemark><name>Rollag 8A Åsan (Numedalslågen)</name><description>P=76. Foss/stryk rett oppstrøms (6 m fall på 100 m) – fossekulp og fjell i dagen. τ = 144 Pa ≈ 1.8× terskelen: sand og grus flyttes ved flom, gull blir liggende (retensjon). Berggrunn: Intermediær vulkansk bergart (76 % gunstig oppstrøms). Regulert (Djupdalsdammen, 1976) – minstevann og gammelt elveleie tilgjengelig. Lett: bilvei 51 m unna (service).</description><Point><coordinates>9.33901,59.93989,0</coordinates></Point></Placemark>
<Placemark><name>Rollag 9A Nordre Kongsjorden (Tondra)</name><description>P=72. Foss/stryk rett oppstrøms (4 m fall på 100 m) – fossekulp og fjell i dagen. Skarp sving – grav på innersvingen og bak store steiner. τ = 166 Pa ≈ 1.8× terskelen: sand og grus flyttes ved flom, gull blir liggende (retensjon). Berggrunn: Kvartsskifer (80 % gunstig oppstrøms). Regulert (Mykstufoss dam, 1964) – minstevann og gammelt elveleie tilgjengelig. Kort gange: bilvei 285 m unna.</description><Point><coordinates>9.19464,60.04301,0</coordinates></Point></Placemark>
<Placemark><name>Rollag 10B Bakkebråtån (Numedalslågen)</name><description>P=70. Os: Liarbekken kommer inn her – grus og tyngre materiale legges i osen og bankehodet nedenfor. τ = 54 Pa ≈ 1.1× terskelen: sand og grus flyttes ved flom, gull blir liggende (retensjon). Berggrunn: Intermediær vulkansk bergart (76 % gunstig oppstrøms). Regulert (Djupdalsdammen, 1976) – minstevann og gammelt elveleie tilgjengelig. Kort gange: bilvei 183 m unna.</description><Point><coordinates>9.33198,59.93248,0</coordinates></Point></Placemark>
<Placemark><name>Rollag 11B Vårvikhaugen (Numedalslågen)</name><description>P=69. Os: sideelv kommer inn her – grus og tyngre materiale legges i osen og bankehodet nedenfor. τ = 17 Pa ≈ 1.0× terskelen: sand og grus flyttes ved flom, gull blir liggende (retensjon). Berggrunn: Intermediær vulkansk bergart (91 % gunstig oppstrøms). Lett: bilvei 95 m unna (Rollagsvegen). Parkering 980 m unna.</description><Point><coordinates>9.25743,60.01657,0</coordinates></Point></Placemark>
<Placemark><name>Rollag 12B Teigen (Numedalslågen)</name><description>P=68. Skarp sving – grav på innersvingen og bak store steiner. τ = 38 Pa ≈ 1.1× terskelen: sand og grus flyttes ved flom, gull blir liggende (retensjon). Berggrunn: Intermediær vulkansk bergart (75 % gunstig oppstrøms). Regulert (Djupdalsdammen, 1976) – minstevann og gammelt elveleie tilgjengelig. Lett: bilvei 76 m unna (Numedalsvegen).</description><Point><coordinates>9.33777,59.92662,0</coordinates></Point></Placemark>
<Placemark><name>Rollag 13B Bekkjordsmogen (Numedalslågen)</name><description>P=65. Os: Hekteåe kommer inn her – grus og tyngre materiale legges i osen og bankehodet nedenfor. τ = 31 Pa ≈ 0.9× terskelen: sand og grus flyttes ved flom, gull blir liggende (retensjon). Berggrunn: Kvartsskifer (100 % gunstig oppstrøms). Lett: bilvei 123 m unna (Østsida).</description><Point><coordinates>9.21378,60.03994,0</coordinates></Point></Placemark>
<Placemark><name>Rollag 14B Tinnes (bekk)</name><description>P=62. Foss/stryk rett oppstrøms (6 m fall på 100 m) – fossekulp og fjell i dagen. τ = 150 Pa ≈ 1.6× terskelen: sand og grus flyttes ved flom, gull blir liggende (retensjon). Lett: bilvei 103 m unna (Numedalsvegen).</description><Point><coordinates>9.29895,59.96857,0</coordinates></Point></Placemark>
<Placemark><name>Rollag 15B Ulstad (Ulstadåe)</name><description>P=60. Foss/stryk rett oppstrøms (13 m fall på 100 m) – fossekulp og fjell i dagen. τ = 295 Pa ≈ 1.8× terskelen: sand og grus flyttes ved flom, gull blir liggende (retensjon). Berggrunn: Granittisk gneis (36 % gunstig oppstrøms). Lett: bilvei 145 m unna (service).</description><Point><coordinates>9.27270,59.99598,0</coordinates></Point></Placemark>
<Placemark><name>Rollag 16B Glitre (Søre Fetjanbekk)</name><description>P=59. Foss/stryk rett oppstrøms (15 m fall på 100 m) – fossekulp og fjell i dagen. Skarp sving – grav på innersvingen og bak store steiner. Strømeffekten faller 37 % over strekningen – tungt materiale slipper her. τ = 339 Pa ≈ 2.0× terskelen: sand og grus flyttes ved flom, gull blir liggende (retensjon). Lett: bilvei 107 m unna (Numedalsvegen).</description><Point><coordinates>9.26742,60.00478,0</coordinates></Point></Placemark>
<Placemark><name>Rollag 17B Skørre (Numedalslågen)</name><description>P=58. τ = 32 Pa ≈ 1.4× terskelen: sand og grus flyttes ved flom, gull blir liggende (retensjon). Berggrunn: Intermediær vulkansk bergart (94 % gunstig oppstrøms). Lett: bilvei 39 m unna (Numedalsvegen). Parkering 1156 m unna.</description><Point><coordinates>9.24265,60.02123,0</coordinates></Point></Placemark>
<Placemark><name>Rollag 18B Søre Haugen (Rostadelve)</name><description>P=58. Foss/stryk rett oppstrøms (5 m fall på 100 m) – fossekulp og fjell i dagen. Skarp sving – grav på innersvingen og bak store steiner. τ = 243 Pa ≈ 2.0× terskelen: sand og grus flyttes ved flom, gull blir liggende (retensjon). Regulert (Djupdalsdammen, 1976) – minstevann og gammelt elveleie tilgjengelig. Kort gange: bilvei 169 m unna.</description><Point><coordinates>9.34172,59.91881,0</coordinates></Point></Placemark>
<Placemark><name>Rollag 19B Rebberud (Numedalslågen)</name><description>P=56. Os: Steinkloppbekken kommer inn her – grus og tyngre materiale legges i osen og bankehodet nedenfor. τ = 20 Pa ≈ 0.8× terskelen: sand og grus flyttes ved flom, gull blir liggende (retensjon). Berggrunn: Intermediær vulkansk bergart (74 % gunstig oppstrøms). Kort gange: bilvei 270 m unna.</description><Point><coordinates>9.35305,59.91255,0</coordinates></Point></Placemark>
<Placemark><name>Rollag 20B Gjuvenes (Juva)</name><description>P=55. Skarp sving – grav på innersvingen og bak store steiner. τ = 45 Pa ≈ 1.2× terskelen: sand og grus flyttes ved flom, gull blir liggende (retensjon). Berggrunn: Kvartsskifer (51 % gunstig oppstrøms). Kort gange: bilvei 240 m unna.</description><Point><coordinates>9.36013,59.89353,0</coordinates></Point></Placemark>
</Folder>
<Folder><name>Eidsvoll</name>
<Placemark><name>Eidsvoll 1A Bønsdalen (Andelva)</name><description>P=100. Foss/stryk rett oppstrøms (5 m fall på 100 m) – fossekulp og fjell i dagen. Skarp sving – grav på innersvingen og bak store steiner. τ = 98 Pa ≈ 1.1× terskelen: sand og grus flyttes ved flom, gull blir liggende (retensjon). Berggrunn: Granittisk gneis (35 % gunstig oppstrøms). Lett: bilvei 32 m unna (Bønsdalen industriveg). Parkering 773 m unna.</description><Point><coordinates>11.19567,60.28464,0</coordinates></Point></Placemark>
<Placemark><name>Eidsvoll 2A Langbakken (Holtåa)</name><description>P=84. Foss/stryk rett oppstrøms (5 m fall på 100 m) – fossekulp og fjell i dagen. Os: sideelv kommer inn her – grus og tyngre materiale legges i osen og bankehodet nedenfor. Berggrunn: Gabbro (100 % gunstig oppstrøms). NGU-registrert gullforekomst 4.1 km unna. Lett: bilvei 4 m unna (track).</description><Point><coordinates>11.27852,60.39818,0</coordinates></Point></Placemark>
<Placemark><name>Eidsvoll 3A Bårlidalen (Andelva)</name><description>P=81. Foss/stryk rett oppstrøms (6 m fall på 100 m) – fossekulp og fjell i dagen. τ = 68 Pa ≈ 0.9× terskelen: sand og grus flyttes ved flom, gull blir liggende (retensjon). Berggrunn: Granittisk gneis (35 % gunstig oppstrøms). NGU-registrert gullforekomst 4.9 km unna. Lett: bilvei 12 m unna (Bårlidalen bru). Parkering 783 m unna.</description><Point><coordinates>11.25762,60.32019,0</coordinates></Point></Placemark>
<Placemark><name>Eidsvoll 4A Ludvigsrud (Andelva)</name><description>P=80. Foss/stryk rett oppstrøms (7 m fall på 100 m) – fossekulp og fjell i dagen. Skarp sving – grav på innersvingen og bak store steiner. Berggrunn: Granittisk gneis (35 % gunstig oppstrøms). Lett: bilvei 39 m unna (Magovegen). Parkering 221 m unna.</description><Point><coordinates>11.17093,60.30184,0</coordinates></Point></Placemark>
<Placemark><name>Eidsvoll 5A Vestre Jøndal (Jøndalsåa)</name><description>P=80. Foss/stryk rett oppstrøms (10 m fall på 100 m) – fossekulp og fjell i dagen. Berggrunn: Glimmergneis (100 % gunstig oppstrøms). NGU-registrert gullforekomst 6.7 km unna. Kort gange: bilvei 462 m unna. Parkering 1368 m unna.</description><Point><coordinates>11.29398,60.30146,0</coordinates></Point></Placemark>
<Placemark><name>Eidsvoll 6A Holt (Holtåa)</name><description>P=74. Foss/stryk rett oppstrøms (17 m fall på 100 m) – fossekulp og fjell i dagen. Os: sideelv kommer inn her – grus og tyngre materiale legges i osen og bankehodet nedenfor. NGU-registrert gullforekomst 2.7 km unna. Lett: bilvei 12 m unna (service).</description><Point><coordinates>11.26503,60.38358,0</coordinates></Point></Placemark>
<Placemark><name>Eidsvoll 7A Venjarfossen (Andelva)</name><description>P=73. Foss/stryk rett oppstrøms (7 m fall på 100 m) – fossekulp og fjell i dagen. τ = 70 Pa ≈ 0.8× terskelen: sand og grus flyttes ved flom, gull blir liggende (retensjon). Berggrunn: Granittisk gneis (35 % gunstig oppstrøms). Lett: bilvei 16 m unna (track). Parkering 1161 m unna.</description><Point><coordinates>11.18922,60.29717,0</coordinates></Point></Placemark>
<Placemark><name>Eidsvoll 8A Nordbekk (Kampåa)</name><description>P=70. Foss/stryk rett oppstrøms (5 m fall på 100 m) – fossekulp og fjell i dagen. Os: sideelv kommer inn her – grus og tyngre materiale legges i osen og bankehodet nedenfor. Skarp sving – grav på innersvingen og bak store steiner. Berggrunn: Glimmergneis (61 % gunstig oppstrøms). NGU-registrert gullforekomst 7.2 km unna. Lett: bilvei 6 m unna (track). Parkering 636 m unna.</description><Point><coordinates>11.38016,60.26128,0</coordinates></Point></Placemark>
<Placemark><name>Eidsvoll 9B Mattises (Andelva)</name><description>P=58. Skarp sving – grav på innersvingen og bak store steiner. Strømeffekten faller 34 % over strekningen – tungt materiale slipper her. Berggrunn: Granittisk gneis (35 % gunstig oppstrøms). Lett: bilvei 79 m unna (service). Parkering 230 m unna.</description><Point><coordinates>11.16272,60.29625,0</coordinates></Point></Placemark>
<Placemark><name>Eidsvoll 10B Myrvoll (Rennåa)</name><description>P=56. Foss/stryk rett oppstrøms (6 m fall på 100 m) – fossekulp og fjell i dagen. Os: sideelv kommer inn her – grus og tyngre materiale legges i osen og bankehodet nedenfor. Skarp sving – grav på innersvingen og bak store steiner. NGU-registrert gullforekomst 2.8 km unna. Kort gange: bilvei 263 m unna.</description><Point><coordinates>11.32758,60.34663,0</coordinates></Point></Placemark>
<Placemark><name>Eidsvoll 11B Enger (Jøndalsåa)</name><description>P=52. Foss/stryk rett oppstrøms (5 m fall på 100 m) – fossekulp og fjell i dagen. Berggrunn: Glimmergneis (100 % gunstig oppstrøms). NGU-registrert gullforekomst 6.1 km unna. Lett: bilvei 53 m unna (Åslettavegen). Parkering 350 m unna.</description><Point><coordinates>11.30741,60.30778,0</coordinates></Point></Placemark>
<Placemark><name>Eidsvoll 12B Gunnesfallet (Holtåa)</name><description>P=52. Foss/stryk rett oppstrøms (5 m fall på 100 m) – fossekulp og fjell i dagen. Berggrunn: Gabbro (100 % gunstig oppstrøms). NGU-registrert gullforekomst 3.8 km unna. Lett: bilvei 10 m unna (track). Parkering 1443 m unna.</description><Point><coordinates>11.28129,60.40482,0</coordinates></Point></Placemark>
<Placemark><name>Eidsvoll 13B Dorrsvangen (Lysjøåa)</name><description>P=51. Foss/stryk rett oppstrøms (8 m fall på 100 m) – fossekulp og fjell i dagen. Berggrunn: Gabbro (68 % gunstig oppstrøms). NGU-registrert gullforekomst 2.9 km unna. Lett: bilvei 27 m unna (track).</description><Point><coordinates>11.29002,60.44482,0</coordinates></Point></Placemark>
<Placemark><name>Eidsvoll 14B Brøstet (Vorma)</name><description>P=49. Os: Andelva kommer inn her – grus og tyngre materiale legges i osen og bankehodet nedenfor. Berggrunn: Granittisk gneis (35 % gunstig oppstrøms). NGU-registrert gullforekomst 5.0 km unna. Kort gange: bilvei 187 m unna. Parkering 1210 m unna.</description><Point><coordinates>11.27281,60.31736,0</coordinates></Point></Placemark>
<Placemark><name>Eidsvoll 15B Langbakken (Holtåa)</name><description>P=46. Foss/stryk rett oppstrøms (7 m fall på 100 m) – fossekulp og fjell i dagen. Berggrunn: Gabbro (100 % gunstig oppstrøms). NGU-registrert gullforekomst 3.4 km unna. Lett: bilvei 28 m unna (track).</description><Point><coordinates>11.27429,60.39165,0</coordinates></Point></Placemark>
<Placemark><name>Eidsvoll 16C Lynesdalsevja (Vorma)</name><description>P=43. Os: Holtåa kommer inn her – grus og tyngre materiale legges i osen og bankehodet nedenfor. Berggrunn: Granittisk gneis (35 % gunstig oppstrøms). NGU-registrert gullforekomst 3.5 km unna. Kort gange: bilvei 401 m unna.</description><Point><coordinates>11.24941,60.38691,0</coordinates></Point></Placemark>
<Placemark><name>Eidsvoll 17C Lindset (Vorma)</name><description>P=43. Os: sideelv kommer inn her – grus og tyngre materiale legges i osen og bankehodet nedenfor. Berggrunn: Granittisk gneis (35 % gunstig oppstrøms). Kort gange: bilvei 201 m unna.</description><Point><coordinates>11.29092,60.28956,0</coordinates></Point></Placemark>
<Placemark><name>Eidsvoll 18C Nedre Hjera (Risa)</name><description>P=42. Foss/stryk rett oppstrøms (3 m fall på 100 m) – fossekulp og fjell i dagen. Berggrunn: Granittisk gneis (36 % gunstig oppstrøms). Kort gange: bilvei 186 m unna. Parkering 1294 m unna.</description><Point><coordinates>11.21048,60.27041,0</coordinates></Point></Placemark>
<Placemark><name>Eidsvoll 19C Viksmarka (Hona)</name><description>P=41. Foss/stryk rett oppstrøms (8 m fall på 100 m) – fossekulp og fjell i dagen. Os: Seljebekken kommer inn her – grus og tyngre materiale legges i osen og bankehodet nedenfor. Berggrunn: Alkalifeltspatsyenitt (32 % gunstig oppstrøms). Kort gange: bilvei 152 m unna.</description><Point><coordinates>11.06154,60.28719,0</coordinates></Point></Placemark>
<Placemark><name>Eidsvoll 20C Smørtynnevja (Vorma)</name><description>P=40. Os: sideelv kommer inn her – grus og tyngre materiale legges i osen og bankehodet nedenfor. Berggrunn: Granittisk gneis (35 % gunstig oppstrøms). NGU-registrert gullforekomst 2.6 km unna. Kort gange: bilvei 327 m unna.</description><Point><coordinates>11.24585,60.37403,0</coordinates></Point></Placemark>
</Folder>
<Folder><name>Bindal</name>
<Placemark><name>Bindal 1A Olderholmen (Kvennbekken)</name><description>P=100. Foss/stryk rett oppstrøms (7 m fall på 100 m) – fossekulp og fjell i dagen. τ = 165 Pa ≈ 1.5× terskelen: sand og grus flyttes ved flom, gull blir liggende (retensjon). Berggrunn: Kvartsdioritt (40 % gunstig oppstrøms). Lett: bilvei 128 m unna (Strandaveien).</description><Point><coordinates>12.48171,65.05547,0</coordinates></Point></Placemark>
<Placemark><name>Bindal 2A Svartåsfossen (Stordalsbekken)</name><description>P=87. Foss/stryk rett oppstrøms (10 m fall på 100 m) – fossekulp og fjell i dagen. Skarp sving – grav på innersvingen og bak store steiner. τ = 128 Pa ≈ 0.8× terskelen: sand og grus flyttes ved flom, gull blir liggende (retensjon). Berggrunn: Granitt (39 % gunstig oppstrøms). Kort gange: bilvei 532 m unna. Parkering 531 m unna.</description><Point><coordinates>12.36390,65.05427,0</coordinates></Point></Placemark>
<Placemark><name>Bindal 3A Kvernhusfossen (Terråkelva)</name><description>P=81. Foss/stryk rett oppstrøms (8 m fall på 100 m) – fossekulp og fjell i dagen. Skarp sving – grav på innersvingen og bak store steiner. Berggrunn: Monzonitt (40 % gunstig oppstrøms). Lett: bilvei 27 m unna (Stilleelva). Parkering 487 m unna.</description><Point><coordinates>12.36579,65.07988,0</coordinates></Point></Placemark>
<Placemark><name>Bindal 4A Lonan (Terråkelva)</name><description>P=78. Foss/stryk rett oppstrøms (6 m fall på 100 m) – fossekulp og fjell i dagen. Os: sideelv kommer inn her – grus og tyngre materiale legges i osen og bankehodet nedenfor. Berggrunn: Monzonitt (40 % gunstig oppstrøms). Kort gange: bilvei 286 m unna. Parkering 309 m unna.</description><Point><coordinates>12.35410,65.06452,0</coordinates></Point></Placemark>
<Placemark><name>Bindal 5B Buenget (Skjelsvikelva)</name><description>P=67. Foss/stryk rett oppstrøms (25 m fall på 100 m) – fossekulp og fjell i dagen. Skarp sving – grav på innersvingen og bak store steiner. Berggrunn: Kalkglimmerskifer (59 % gunstig oppstrøms). Kort gange: bilvei 226 m unna.</description><Point><coordinates>12.25032,65.16665,0</coordinates></Point></Placemark>
<Placemark><name>Bindal 6B Gjerde (Tverråa)</name><description>P=65. Foss/stryk rett oppstrøms (4 m fall på 100 m) – fossekulp og fjell i dagen. Os: Aunelva kommer inn her – grus og tyngre materiale legges i osen og bankehodet nedenfor. Skarp sving – grav på innersvingen og bak store steiner. Berggrunn: Kvartsdioritt (40 % gunstig oppstrøms). Kort gange: bilvei 418 m unna.</description><Point><coordinates>12.54937,65.06547,0</coordinates></Point></Placemark>
<Placemark><name>Bindal 7B Bjønnåa, km 1.4</name><description>P=63. Foss/stryk rett oppstrøms (22 m fall på 100 m) – fossekulp og fjell i dagen. Os: sideelv kommer inn her – grus og tyngre materiale legges i osen og bankehodet nedenfor. Berggrunn: Kvartsdioritt (40 % gunstig oppstrøms). NGU-registrert gullforekomst 7.8 km unna. Avsides: 2.7 km fra bilvei – planlegg dagstur.</description><Point><coordinates>12.50948,65.14821,0</coordinates></Point></Placemark>
<Placemark><name>Bindal 8B Stormyra (Fiskeroselva)</name><description>P=60. Foss/stryk rett oppstrøms (6 m fall på 100 m) – fossekulp og fjell i dagen. Os: Tverrelva kommer inn her – grus og tyngre materiale legges i osen og bankehodet nedenfor. Berggrunn: Glimmerskifer (55 % gunstig oppstrøms). Gange 1.1 km fra nærmeste bilvei.</description><Point><coordinates>12.22367,65.17859,0</coordinates></Point></Placemark>
<Placemark><name>Bindal 9B Moamyra (Hardangselva)</name><description>P=58. Foss/stryk rett oppstrøms (14 m fall på 100 m) – fossekulp og fjell i dagen. Os: sideelv kommer inn her – grus og tyngre materiale legges i osen og bankehodet nedenfor. Skarp sving – grav på innersvingen og bak store steiner. Berggrunn: Glimmerskifer (70 % gunstig oppstrøms). Lett: bilvei 21 m unna (Båtnesveien).</description><Point><coordinates>12.43881,65.27604,0</coordinates></Point></Placemark>
<Placemark><name>Bindal 10B Hornelva, km 4.0</name><description>P=57. Foss/stryk rett oppstrøms (6 m fall på 100 m) – fossekulp og fjell i dagen. Os: sideelv kommer inn her – grus og tyngre materiale legges i osen og bankehodet nedenfor. Berggrunn: Granitt (35 % gunstig oppstrøms). NGU-registrert gullforekomst 5.1 km unna. Lett: bilvei 87 m unna (service). Parkering 717 m unna.</description><Point><coordinates>12.20213,65.10832,0</coordinates></Point></Placemark>
<Placemark><name>Bindal 11B Bogen (Kvennelva)</name><description>P=56. Foss/stryk rett oppstrøms (11 m fall på 100 m) – fossekulp og fjell i dagen. Os: Kvernbekken kommer inn her – grus og tyngre materiale legges i osen og bankehodet nedenfor. Berggrunn: Glimmerskifer (70 % gunstig oppstrøms). Lett: bilvei 135 m unna (Sørfjordveien). Parkering 1356 m unna.</description><Point><coordinates>12.32227,65.06520,0</coordinates></Point></Placemark>
<Placemark><name>Bindal 12B Åbygda (Øvja)</name><description>P=56. Foss/stryk rett oppstrøms (7 m fall på 100 m) – fossekulp og fjell i dagen. Skarp sving – grav på innersvingen og bak store steiner. Berggrunn: Glimmerskifer (100 % gunstig oppstrøms). Lett: bilvei 72 m unna (Åbygdveien).</description><Point><coordinates>12.51001,65.05429,0</coordinates></Point></Placemark>
<Placemark><name>Bindal 13B Elvestad (Vågselva)</name><description>P=54. Foss/stryk rett oppstrøms (11 m fall på 100 m) – fossekulp og fjell i dagen. Berggrunn: Metasandstein (100 % gunstig oppstrøms). Kort gange: bilvei 185 m unna.</description><Point><coordinates>12.16075,65.26616,0</coordinates></Point></Placemark>
<Placemark><name>Bindal 14B Heimstad (Bjørbekkjen)</name><description>P=53. Foss/stryk rett oppstrøms (11 m fall på 100 m) – fossekulp og fjell i dagen. Skarp sving – grav på innersvingen og bak store steiner. Kort gange: bilvei 230 m unna.</description><Point><coordinates>12.52512,65.05938,0</coordinates></Point></Placemark>
<Placemark><name>Bindal 15B Bjønnåa, km 2.3</name><description>P=50. Foss/stryk rett oppstrøms (36 m fall på 100 m) – fossekulp og fjell i dagen. Skarp sving – grav på innersvingen og bak store steiner. Berggrunn: Kvartsdioritt (40 % gunstig oppstrøms). Avsides: 2.2 km fra bilvei – planlegg dagstur.</description><Point><coordinates>12.50900,65.14142,0</coordinates></Point></Placemark>
<Placemark><name>Bindal 16B Saltbuvikbekken, km 1.7</name><description>P=48. Foss/stryk rett oppstrøms (52 m fall på 100 m) – fossekulp og fjell i dagen. Berggrunn: Gabbro (100 % gunstig oppstrøms). Gange 0.9 km fra nærmeste bilvei.</description><Point><coordinates>12.26370,65.11365,0</coordinates></Point></Placemark>
<Placemark><name>Bindal 17B Jordfallsmyra (Leiråa)</name><description>P=47. Foss/stryk rett oppstrøms (4 m fall på 100 m) – fossekulp og fjell i dagen. Berggrunn: Kvartsdioritt (76 % gunstig oppstrøms). NGU-registrert gullforekomst 6.4 km unna. Lett: bilvei 87 m unna (service).</description><Point><coordinates>12.56709,65.12652,0</coordinates></Point></Placemark>
<Placemark><name>Bindal 18B Elvan (Kringlielva)</name><description>P=47. Foss/stryk rett oppstrøms (48 m fall på 100 m) – fossekulp og fjell i dagen. Berggrunn: Kvartsdioritt (40 % gunstig oppstrøms). Avsides: 5.3 km fra bilvei – planlegg dagstur.</description><Point><coordinates>12.45742,65.18163,0</coordinates></Point></Placemark>
<Placemark><name>Bindal 19B Flodalselva, km 0.2</name><description>P=46. Foss/stryk rett oppstrøms (20 m fall på 100 m) – fossekulp og fjell i dagen. Berggrunn: Kvartsdioritt (79 % gunstig oppstrøms). Gange 1.4 km fra nærmeste bilvei.</description><Point><coordinates>12.51101,65.08271,0</coordinates></Point></Placemark>
<Placemark><name>Bindal 20B Husmannli (Skjelsvikelva)</name><description>P=46. Foss/stryk rett oppstrøms (5 m fall på 100 m) – fossekulp og fjell i dagen. Skarp sving – grav på innersvingen og bak store steiner. Berggrunn: Kalkglimmerskifer (51 % gunstig oppstrøms). Lett: bilvei 27 m unna (Røytvollveien).</description><Point><coordinates>12.22265,65.15423,0</coordinates></Point></Placemark>
</Folder>
<Folder><name>Karasjok</name>
<Placemark><name>Karasjok 1A Ráitegorži (Kárášjohka)</name><description>P=100. Bratt stryk like oppstrøms – kulper og fjellsprekker. Os: sideelv kommer inn her – grus og tyngre materiale legges i osen og bankehodet nedenfor. τ = 72 Pa ≈ 1.2× terskelen: sand og grus flyttes ved flom, gull blir liggende (retensjon). Berggrunn: Amfibolgneis (98 % gunstig oppstrøms). NGU-registrert gullforekomst 3.0 km unna. Gange 1.6 km fra nærmeste bilvei.</description><Point><coordinates>25.00645,69.30772,0</coordinates></Point></Placemark>
<Placemark><name>Karasjok 2A Stuorragorži (Kárášjohka)</name><description>P=96. Bratt stryk like oppstrøms – kulper og fjellsprekker. Os: Nuorrojohka kommer inn her – grus og tyngre materiale legges i osen og bankehodet nedenfor. τ = 85 Pa ≈ 1.6× terskelen: sand og grus flyttes ved flom, gull blir liggende (retensjon). Berggrunn: Amfibolgneis (97 % gunstig oppstrøms). NGU-registrert gullforekomst 2.2 km unna. Avsides: 8.9 km fra bilvei – planlegg dagstur.</description><Point><coordinates>24.82521,69.29098,0</coordinates></Point></Placemark>
<Placemark><name>Karasjok 3A Dápmotguoika (Kárášjohka)</name><description>P=95. Os: Dápmotjohka kommer inn her – grus og tyngre materiale legges i osen og bankehodet nedenfor. τ = 55 Pa ≈ 1.4× terskelen: sand og grus flyttes ved flom, gull blir liggende (retensjon). Berggrunn: Amfibolgneis (97 % gunstig oppstrøms). NGU-registrert gullforekomst 3.7 km unna. Avsides: 6.8 km fra bilvei – planlegg dagstur.</description><Point><coordinates>24.78266,69.23201,0</coordinates></Point></Placemark>
<Placemark><name>Karasjok 4A Gáldojohguoika (Kárášjohka)</name><description>P=93. Bratt stryk like oppstrøms – kulper og fjellsprekker. τ = 51 Pa ≈ 1.3× terskelen: sand og grus flyttes ved flom, gull blir liggende (retensjon). Berggrunn: Amfibolgneis (97 % gunstig oppstrøms). NGU-registrert gullforekomst 0.5 km unna. Avsides: 7.3 km fra bilvei – planlegg dagstur.</description><Point><coordinates>24.86141,69.31106,0</coordinates></Point></Placemark>
<Placemark><name>Karasjok 5A Gohppe (Kárášjohka)</name><description>P=93. Bratt stryk like oppstrøms – kulper og fjellsprekker. τ = 46 Pa ≈ 1.2× terskelen: sand og grus flyttes ved flom, gull blir liggende (retensjon). Berggrunn: Amfibolgneis (98 % gunstig oppstrøms). NGU-registrert gullforekomst 3.1 km unna. Avsides: 2.2 km fra bilvei – planlegg dagstur.</description><Point><coordinates>24.99934,69.31918,0</coordinates></Point></Placemark>
<Placemark><name>Karasjok 6A Ráktoguoika (Kárášjohka)</name><description>P=91. Bratt stryk like oppstrøms – kulper og fjellsprekker. τ = 43 Pa ≈ 1.3× terskelen: sand og grus flyttes ved flom, gull blir liggende (retensjon). Berggrunn: Amfibolgneis (97 % gunstig oppstrøms). NGU-registrert gullforekomst 1.5 km unna. Avsides: 6.3 km fra bilvei – planlegg dagstur.</description><Point><coordinates>24.88649,69.31314,0</coordinates></Point></Placemark>
<Placemark><name>Karasjok 7A Kárášjohka, km 22.9</name><description>P=91. Os: Heastajogaš kommer inn her – grus og tyngre materiale legges i osen og bankehodet nedenfor. Strømeffekten faller 33 % over strekningen – tungt materiale slipper her. τ = 49 Pa ≈ 1.5× terskelen: sand og grus flyttes ved flom, gull blir liggende (retensjon). Berggrunn: Amfibolgneis (97 % gunstig oppstrøms). NGU-registrert gullforekomst 0.7 km unna. Avsides: 8.4 km fra bilvei – planlegg dagstur.</description><Point><coordinates>24.83358,69.30567,0</coordinates></Point></Placemark>
<Placemark><name>Karasjok 8A Rohtogorži (Kárášjohka)</name><description>P=91. Bratt stryk like oppstrøms – kulper og fjellsprekker. Os: sideelv kommer inn her – grus og tyngre materiale legges i osen og bankehodet nedenfor. Skarp sving – grav på innersvingen og bak store steiner. Berggrunn: Amfibolgneis (98 % gunstig oppstrøms). Lett: bilvei 135 m unna (Šuolggajohnjálbmi).</description><Point><coordinates>25.16230,69.39569,0</coordinates></Point></Placemark>
<Placemark><name>Karasjok 9A Gieddeguoika (Kárášjohka)</name><description>P=90. Bratt stryk like oppstrøms – kulper og fjellsprekker. τ = 56 Pa ≈ 1.3× terskelen: sand og grus flyttes ved flom, gull blir liggende (retensjon). Berggrunn: Amfibolgneis (97 % gunstig oppstrøms). NGU-registrert gullforekomst 1.4 km unna. Avsides: 6.1 km fra bilvei – planlegg dagstur.</description><Point><coordinates>24.75815,69.21190,0</coordinates></Point></Placemark>
<Placemark><name>Karasjok 10B Ráigebákgorži (Kárášjohka)</name><description>P=83. Foss/stryk rett oppstrøms (5 m fall på 100 m) – fossekulp og fjell i dagen. Strømeffekten faller 45 % over strekningen – tungt materiale slipper her. τ = 141 Pa ≈ 1.8× terskelen: sand og grus flyttes ved flom, gull blir liggende (retensjon). Berggrunn: Glimmerskifer (100 % gunstig oppstrøms). NGU-registrert gullforekomst 5.0 km unna. Avsides: 5.7 km fra bilvei – planlegg dagstur.</description><Point><coordinates>24.67926,69.16754,0</coordinates></Point></Placemark>
<Placemark><name>Karasjok 11B Kárášjohka, km 9.5</name><description>P=81. Os: Gaibafielbmá kommer inn her – grus og tyngre materiale legges i osen og bankehodet nedenfor. τ = 48 Pa ≈ 1.1× terskelen: sand og grus flyttes ved flom, gull blir liggende (retensjon). Berggrunn: Amfibolgneis (97 % gunstig oppstrøms). NGU-registrert gullforekomst 0.4 km unna. Avsides: 5.4 km fra bilvei – planlegg dagstur.</description><Point><coordinates>24.76331,69.20294,0</coordinates></Point></Placemark>
<Placemark><name>Karasjok 12B Buksaluhččenguoika (Kárášjohka)</name><description>P=80. Bratt stryk like oppstrøms – kulper og fjellsprekker. τ = 132 Pa ≈ 2.1× terskelen: sand og grus flyttes ved flom, gull blir liggende (retensjon). Berggrunn: Glimmerskifer (100 % gunstig oppstrøms). NGU-registrert gullforekomst 3.2 km unna. Avsides: 5.9 km fra bilvei – planlegg dagstur.</description><Point><coordinates>24.71528,69.17769,0</coordinates></Point></Placemark>
<Placemark><name>Karasjok 13B Mántalguoika (Iešjohka)</name><description>P=79. Bratt stryk like oppstrøms – kulper og fjellsprekker. Os: Bikká-Biretjohka kommer inn her – grus og tyngre materiale legges i osen og bankehodet nedenfor. τ = 30 Pa ≈ 0.9× terskelen: sand og grus flyttes ved flom, gull blir liggende (retensjon). Berggrunn: Granittisk gneis (98 % gunstig oppstrøms). Avsides: 2.7 km fra bilvei – planlegg dagstur.</description><Point><coordinates>24.64865,69.36692,0</coordinates></Point></Placemark>
<Placemark><name>Karasjok 14B Ájodappal (bekk)</name><description>P=78. Os: Rájájogaš kommer inn her – grus og tyngre materiale legges i osen og bankehodet nedenfor. Skarp sving – grav på innersvingen og bak store steiner. τ = 41 Pa ≈ 1.0× terskelen: sand og grus flyttes ved flom, gull blir liggende (retensjon). Berggrunn: Amfibolitt (76 % gunstig oppstrøms). NGU-registrert gullforekomst 7.2 km unna. Kort gange: bilvei 275 m unna.</description><Point><coordinates>25.08288,69.34146,0</coordinates></Point></Placemark>
<Placemark><name>Karasjok 15B Fálesgorži (Kárášjohka)</name><description>P=77. Bratt stryk like oppstrøms – kulper og fjellsprekker. τ = 41 Pa ≈ 1.2× terskelen: sand og grus flyttes ved flom, gull blir liggende (retensjon). Berggrunn: Glimmerskifer (100 % gunstig oppstrøms). NGU-registrert gullforekomst 4.1 km unna. Avsides: 5.8 km fra bilvei – planlegg dagstur.</description><Point><coordinates>24.69574,69.17314,0</coordinates></Point></Placemark>
<Placemark><name>Karasjok 16B Lásesguoika (Kárášjohka)</name><description>P=74. Bratt stryk like oppstrøms – kulper og fjellsprekker. τ = 98 Pa ≈ 1.9× terskelen: sand og grus flyttes ved flom, gull blir liggende (retensjon). Berggrunn: Amfibolgneis (97 % gunstig oppstrøms). NGU-registrert gullforekomst 2.6 km unna. Avsides: 6.7 km fra bilvei – planlegg dagstur.</description><Point><coordinates>24.76271,69.22292,0</coordinates></Point></Placemark>
<Placemark><name>Karasjok 17B Šuolggasavu (Kárášjohka)</name><description>P=74. Os: Šuolggajohka kommer inn her – grus og tyngre materiale legges i osen og bankehodet nedenfor. τ = 19 Pa ≈ 0.9× terskelen: sand og grus flyttes ved flom, gull blir liggende (retensjon). Berggrunn: Amfibolgneis (98 % gunstig oppstrøms). NGU-registrert gullforekomst 7.7 km unna. Lett: bilvei 55 m unna (track).</description><Point><coordinates>25.10025,69.33924,0</coordinates></Point></Placemark>
<Placemark><name>Karasjok 18B Inarijoki / Anárjohka, km 47.1</name><description>P=72. Os: Čáhppesjohka kommer inn her – grus og tyngre materiale legges i osen og bankehodet nedenfor. τ = 35 Pa ≈ 1.1× terskelen: sand og grus flyttes ved flom, gull blir liggende (retensjon). Berggrunn: Amfibolgneis (84 % gunstig oppstrøms). Lett: bilvei 72 m unna (Anárjohgeaidnu). Parkering 89 m unna.</description><Point><coordinates>25.79554,69.35696,0</coordinates></Point></Placemark>
<Placemark><name>Karasjok 19B Goikenjavesavu (Kárášjohka)</name><description>P=69. Os: Námmájohka kommer inn her – grus og tyngre materiale legges i osen og bankehodet nedenfor. τ = 30 Pa ≈ 0.9× terskelen: sand og grus flyttes ved flom, gull blir liggende (retensjon). Berggrunn: Amfibolgneis (98 % gunstig oppstrøms). Lett: bilvei 136 m unna (Šuolggajohnjálbmi).</description><Point><coordinates>25.15270,69.35358,0</coordinates></Point></Placemark>
<Placemark><name>Karasjok 20B bekk, km 1.5</name><description>P=69. Foss/stryk rett oppstrøms (12 m fall på 100 m) – fossekulp og fjell i dagen. Skarp sving – grav på innersvingen og bak store steiner. τ = 212 Pa ≈ 1.3× terskelen: sand og grus flyttes ved flom, gull blir liggende (retensjon). NGU-registrert gullforekomst 1.4 km unna. Gange 0.7 km fra nærmeste bilvei.</description><Point><coordinates>25.48743,69.13006,0</coordinates></Point></Placemark>
</Folder>
<Folder><name>Skarnes</name>
<Placemark><name>Skarnes 1A Østre Funni (Glomma)</name><description>P=87. Os: sideelv kommer inn her – grus og tyngre materiale legges i osen og bankehodet nedenfor. Strømeffekten faller 69 % over strekningen – tungt materiale slipper her. τ = 10 Pa ≈ 0.8× terskelen: sand og grus flyttes ved flom, gull blir liggende (retensjon). Berggrunn: Glimmergneis (56 % gunstig oppstrøms). Lett: bilvei 142 m unna (track). Parkering 774 m unna.</description><Point><coordinates>11.52016,60.16792,0</coordinates></Point></Placemark>
<Placemark><name>Skarnes 2A Skogheim (Glomma)</name><description>P=72. τ = 23 Pa ≈ 1.4× terskelen: sand og grus flyttes ved flom, gull blir liggende (retensjon). Berggrunn: Glimmerskifer (56 % gunstig oppstrøms). Kort gange: bilvei 173 m unna.</description><Point><coordinates>11.56055,60.16738,0</coordinates></Point></Placemark>
<Placemark><name>Skarnes 3B Korsmo (Glomma)</name><description>P=65. Os: Oppstadåa kommer inn her – grus og tyngre materiale legges i osen og bankehodet nedenfor. τ = 13 Pa ≈ 1.1× terskelen: sand og grus flyttes ved flom, gull blir liggende (retensjon). Berggrunn: Glimmerskifer (54 % gunstig oppstrøms). Lett: bilvei 116 m unna (Glomvegen). Parkering 233 m unna.</description><Point><coordinates>11.68044,60.25717,0</coordinates></Point></Placemark>
<Placemark><name>Skarnes 4B Sandbakken (Glomma)</name><description>P=64. Strømeffekten faller 52 % over strekningen – tungt materiale slipper her. τ = 67 Pa ≈ 1.7× terskelen: sand og grus flyttes ved flom, gull blir liggende (retensjon). Berggrunn: Glimmerskifer (52 % gunstig oppstrøms). Kort gange: bilvei 161 m unna.</description><Point><coordinates>11.88740,60.20341,0</coordinates></Point></Placemark>
<Placemark><name>Skarnes 5B Skålerud (bekk)</name><description>P=64. Foss/stryk rett oppstrøms (6 m fall på 100 m) – fossekulp og fjell i dagen. Os: Kampåa kommer inn her – grus og tyngre materiale legges i osen og bankehodet nedenfor. Berggrunn: Granittisk gneis (73 % gunstig oppstrøms). Kort gange: bilvei 267 m unna. Parkering 1467 m unna.</description><Point><coordinates>11.48814,60.18302,0</coordinates></Point></Placemark>
<Placemark><name>Skarnes 6B Lukmoen (bekk)</name><description>P=62. Foss/stryk rett oppstrøms (4 m fall på 100 m) – fossekulp og fjell i dagen. τ = 109 Pa ≈ 1.5× terskelen: sand og grus flyttes ved flom, gull blir liggende (retensjon). Berggrunn: Granittisk gneis (39 % gunstig oppstrøms). Lett: bilvei 92 m unna (service).</description><Point><coordinates>11.66854,60.23048,0</coordinates></Point></Placemark>
<Placemark><name>Skarnes 7B Funnefoss (Glomma)</name><description>P=61. Bratt stryk like oppstrøms – kulper og fjellsprekker. τ = 13 Pa ≈ 1.0× terskelen: sand og grus flyttes ved flom, gull blir liggende (retensjon). Berggrunn: Glimmerskifer (56 % gunstig oppstrøms). Kort gange: bilvei 156 m unna. Parkering 333 m unna.</description><Point><coordinates>11.53302,60.16695,0</coordinates></Point></Placemark>
<Placemark><name>Skarnes 8B Ringnes (Oppstadåa)</name><description>P=60. Os: sideelv kommer inn her – grus og tyngre materiale legges i osen og bankehodet nedenfor. Skarp sving – grav på innersvingen og bak store steiner. Berggrunn: Monzonittisk gneis (57 % gunstig oppstrøms). Lett: bilvei 71 m unna (service). Parkering 287 m unna.</description><Point><coordinates>11.66472,60.28913,0</coordinates></Point></Placemark>
<Placemark><name>Skarnes 9B Sundvoll (Glomma)</name><description>P=53. Os: Sæteråa kommer inn her – grus og tyngre materiale legges i osen og bankehodet nedenfor. τ = 10 Pa ≈ 0.9× terskelen: sand og grus flyttes ved flom, gull blir liggende (retensjon). Berggrunn: Glimmerskifer (55 % gunstig oppstrøms). Kort gange: bilvei 174 m unna.</description><Point><coordinates>11.64247,60.21224,0</coordinates></Point></Placemark>
<Placemark><name>Skarnes 10B Øverstrøm (bekk)</name><description>P=49. Foss/stryk rett oppstrøms (4 m fall på 100 m) – fossekulp og fjell i dagen. τ = 115 Pa ≈ 1.4× terskelen: sand og grus flyttes ved flom, gull blir liggende (retensjon). Berggrunn: Granittisk gneis (36 % gunstig oppstrøms). Lett: bilvei 142 m unna (service).</description><Point><coordinates>11.79234,60.23669,0</coordinates></Point></Placemark>
<Placemark><name>Skarnes 11B Moen (Glomma)</name><description>P=48. Strømeffekten faller 31 % over strekningen – tungt materiale slipper her. τ = 13 Pa ≈ 1.0× terskelen: sand og grus flyttes ved flom, gull blir liggende (retensjon). Berggrunn: Glimmerskifer (53 % gunstig oppstrøms). Lett: bilvei 130 m unna (Sandervegen). Parkering 1455 m unna.</description><Point><coordinates>11.76497,60.24060,0</coordinates></Point></Placemark>
<Placemark><name>Skarnes 12B Staksrud (Glomma)</name><description>P=48. Os: Dyståa kommer inn her – grus og tyngre materiale legges i osen og bankehodet nedenfor. Berggrunn: Glimmerskifer (56 % gunstig oppstrøms). Lett: bilvei 130 m unna (Oslovegen).</description><Point><coordinates>11.57810,60.19655,0</coordinates></Point></Placemark>
<Placemark><name>Skarnes 13B Øvre Bjertnes (Glomma)</name><description>P=47. τ = 13 Pa ≈ 1.0× terskelen: sand og grus flyttes ved flom, gull blir liggende (retensjon). Berggrunn: Glimmerskifer (56 % gunstig oppstrøms). Kort gange: bilvei 284 m unna. Parkering 1431 m unna.</description><Point><coordinates>11.55952,60.17904,0</coordinates></Point></Placemark>
<Placemark><name>Skarnes 14B Lillesetbrua (Glomma)</name><description>P=46. Os: Sjøåa kommer inn her – grus og tyngre materiale legges i osen og bankehodet nedenfor. Berggrunn: Glimmerskifer (55 % gunstig oppstrøms). Lett: bilvei 133 m unna (Norddisivegen).</description><Point><coordinates>11.66892,60.22192,0</coordinates></Point></Placemark>
<Placemark><name>Skarnes 15B Ytre Hærnes (Glomma)</name><description>P=45. Os: sideelv kommer inn her – grus og tyngre materiale legges i osen og bankehodet nedenfor. Berggrunn: Glimmerskifer (52 % gunstig oppstrøms). Lett: bilvei 140 m unna (service). Parkering 150 m unna.</description><Point><coordinates>11.83951,60.22896,0</coordinates></Point></Placemark>
<Placemark><name>Skarnes 16C Huken (Glomma)</name><description>P=44. τ = 29 Pa ≈ 1.9× terskelen: sand og grus flyttes ved flom, gull blir liggende (retensjon). Berggrunn: Glimmerskifer (55 % gunstig oppstrøms). Lett: bilvei 74 m unna (track). Parkering 817 m unna.</description><Point><coordinates>11.67277,60.23768,0</coordinates></Point></Placemark>
<Placemark><name>Skarnes 17C Skårerflaen (Uåa)</name><description>P=44. Foss/stryk rett oppstrøms (5 m fall på 100 m) – fossekulp og fjell i dagen. Os: sideelv kommer inn her – grus og tyngre materiale legges i osen og bankehodet nedenfor. Strømeffekten faller 34 % over strekningen – tungt materiale slipper her. Berggrunn: Granittisk gneis (100 % gunstig oppstrøms). Kort gange: bilvei 259 m unna.</description><Point><coordinates>11.50576,60.21303,0</coordinates></Point></Placemark>
<Placemark><name>Skarnes 18C Semingsrud (Glomma)</name><description>P=39. Os: Hørjua kommer inn her – grus og tyngre materiale legges i osen og bankehodet nedenfor. Berggrunn: Glimmerskifer (56 % gunstig oppstrøms). Lett: bilvei 132 m unna (track).</description><Point><coordinates>11.56671,60.18786,0</coordinates></Point></Placemark>
<Placemark><name>Skarnes 19C Øvre Krybelsrud (Sloa)</name><description>P=39. τ = 56 Pa ≈ 1.2× terskelen: sand og grus flyttes ved flom, gull blir liggende (retensjon). Berggrunn: Granittisk gneis (35 % gunstig oppstrøms). Kort gange: bilvei 175 m unna. Parkering 346 m unna.</description><Point><coordinates>11.73996,60.24464,0</coordinates></Point></Placemark>
<Placemark><name>Skarnes 20C Velta (Glomma)</name><description>P=38. Os: sideelv kommer inn her – grus og tyngre materiale legges i osen og bankehodet nedenfor. Berggrunn: Glimmerskifer (52 % gunstig oppstrøms). Kort gange: bilvei 267 m unna.</description><Point><coordinates>11.86813,60.20969,0</coordinates></Point></Placemark>
</Folder>
<Folder><name>Seljord</name>
<Placemark><name>Seljord 1A Tønsberg (Tokke)</name><description>P=97. Os: Heibøåi kommer inn her – grus og tyngre materiale legges i osen og bankehodet nedenfor. Skarp sving – grav på innersvingen og bak store steiner. τ = 88 Pa ≈ 1.8× terskelen: sand og grus flyttes ved flom, gull blir liggende (retensjon). Berggrunn: Meta-arkose (91 % gunstig oppstrøms). Lett: bilvei 51 m unna (Storvegen). Parkering 188 m unna.</description><Point><coordinates>7.97783,59.44448,0</coordinates></Point></Placemark>
<Placemark><name>Seljord 2A Åmot (Åmotsdalsåi)</name><description>P=94. Foss/stryk rett oppstrøms (4 m fall på 100 m) – fossekulp og fjell i dagen. Os: Valeåi kommer inn her – grus og tyngre materiale legges i osen og bankehodet nedenfor. Skarp sving – grav på innersvingen og bak store steiner. τ = 117 Pa ≈ 1.0× terskelen: sand og grus flyttes ved flom, gull blir liggende (retensjon). Berggrunn: Kvartsitt (87 % gunstig oppstrøms). NGU-registrert gullforekomst 7.7 km unna. Lett: bilvei 35 m unna (Åmotsdalsvegen). Parkering 1237 m unna.</description><Point><coordinates>8.42355,59.60840,0</coordinates></Point></Placemark>
<Placemark><name>Seljord 3A Rjukanfoss (Flatdøla)</name><description>P=94. Foss/stryk rett oppstrøms (9 m fall på 100 m) – fossekulp og fjell i dagen. Os: Spelbekk kommer inn her – grus og tyngre materiale legges i osen og bankehodet nedenfor. τ = 173 Pa ≈ 1.2× terskelen: sand og grus flyttes ved flom, gull blir liggende (retensjon). Berggrunn: Kvartsitt (91 % gunstig oppstrøms). NGU-registrert gullforekomst 3.6 km unna. Lett: bilvei 53 m unna (service).</description><Point><coordinates>8.52348,59.56462,0</coordinates></Point></Placemark>
<Placemark><name>Seljord 4A Nestestog (Tokke)</name><description>P=92. Os: sideelv kommer inn her – grus og tyngre materiale legges i osen og bankehodet nedenfor. τ = 23 Pa ≈ 1.0× terskelen: sand og grus flyttes ved flom, gull blir liggende (retensjon). Berggrunn: Meta-arkose (91 % gunstig oppstrøms). Lett: bilvei 62 m unna (service). Parkering 617 m unna.</description><Point><coordinates>8.00649,59.43923,0</coordinates></Point></Placemark>
<Placemark><name>Seljord 5A Midtveit (Tokke)</name><description>P=91. Foss/stryk rett oppstrøms (3 m fall på 100 m) – fossekulp og fjell i dagen. τ = 109 Pa ≈ 1.3× terskelen: sand og grus flyttes ved flom, gull blir liggende (retensjon). Berggrunn: Meta-arkose (100 % gunstig oppstrøms). Lett: bilvei 28 m unna (service).</description><Point><coordinates>8.00849,59.59809,0</coordinates></Point></Placemark>
<Placemark><name>Seljord 6A Gjuvland (Flatdøla)</name><description>P=91. Foss/stryk rett oppstrøms (7 m fall på 100 m) – fossekulp og fjell i dagen. Os: Tverråi kommer inn her – grus og tyngre materiale legges i osen og bankehodet nedenfor. τ = 149 Pa ≈ 1.3× terskelen: sand og grus flyttes ved flom, gull blir liggende (retensjon). Berggrunn: Kvartsitt (92 % gunstig oppstrøms). NGU-registrert gullforekomst 3.0 km unna. Lett: bilvei 128 m unna (service). Parkering 1057 m unna.</description><Point><coordinates>8.55127,59.56519,0</coordinates></Point></Placemark>
<Placemark><name>Seljord 7A Solstad (Åmotsdalsåi)</name><description>P=90. Foss/stryk rett oppstrøms (5 m fall på 100 m) – fossekulp og fjell i dagen. Os: Heiåi kommer inn her – grus og tyngre materiale legges i osen og bankehodet nedenfor. τ = 107 Pa ≈ 1.0× terskelen: sand og grus flyttes ved flom, gull blir liggende (retensjon). Berggrunn: Kvartsitt (87 % gunstig oppstrøms). NGU-registrert gullforekomst 7.6 km unna. Lett: bilvei 85 m unna (Heiåvegen). Parkering 343 m unna.</description><Point><coordinates>8.43025,59.61747,0</coordinates></Point></Placemark>
<Placemark><name>Seljord 8A Groven (Tokke)</name><description>P=90. Foss/stryk rett oppstrøms (4 m fall på 100 m) – fossekulp og fjell i dagen. Os: sideelv kommer inn her – grus og tyngre materiale legges i osen og bankehodet nedenfor. Skarp sving – grav på innersvingen og bak store steiner. τ = 200 Pa ≈ 2.2× terskelen: sand og grus flyttes ved flom, gull blir liggende (retensjon). Berggrunn: Meta-arkose (65 % gunstig oppstrøms). Kort gange: bilvei 280 m unna.</description><Point><coordinates>7.99199,59.55062,0</coordinates></Point></Placemark>
<Placemark><name>Seljord 9A Moland (Mandalselvi)</name><description>P=88. Foss/stryk rett oppstrøms (12 m fall på 100 m) – fossekulp og fjell i dagen. Os: Åmotsdalsåi kommer inn her – grus og tyngre materiale legges i osen og bankehodet nedenfor. τ = 283 Pa ≈ 1.3× terskelen: sand og grus flyttes ved flom, gull blir liggende (retensjon). Berggrunn: Kvartsitt (100 % gunstig oppstrøms). NGU-registrert gullforekomst 4.3 km unna. Lett: bilvei 62 m unna (track).</description><Point><coordinates>8.48338,59.58100,0</coordinates></Point></Placemark>
<Placemark><name>Seljord 10B Skogen øvre (Flatdøla)</name><description>P=87. Foss/stryk rett oppstrøms (10 m fall på 100 m) – fossekulp og fjell i dagen. τ = 222 Pa ≈ 1.7× terskelen: sand og grus flyttes ved flom, gull blir liggende (retensjon). Berggrunn: Kvartsitt (91 % gunstig oppstrøms). NGU-registrert gullforekomst 4.0 km unna. Lett: bilvei 30 m unna (track).</description><Point><coordinates>8.49227,59.57618,0</coordinates></Point></Placemark>
<Placemark><name>Seljord 11B Geishyl (Tokke)</name><description>P=87. Bratt stryk like oppstrøms – kulper og fjellsprekker. Os: Dalåi kommer inn her – grus og tyngre materiale legges i osen og bankehodet nedenfor. τ = 135 Pa ≈ 3.0× terskelen: sand og grus flyttes ved flom, gull blir liggende (retensjon). Berggrunn: Meta-arkose (90 % gunstig oppstrøms). Lett: bilvei 107 m unna (track).</description><Point><coordinates>7.95309,59.45094,0</coordinates></Point></Placemark>
<Placemark><name>Seljord 12B Skogstad (Tokke)</name><description>P=87. Foss/stryk rett oppstrøms (3 m fall på 100 m) – fossekulp og fjell i dagen. τ = 130 Pa ≈ 1.4× terskelen: sand og grus flyttes ved flom, gull blir liggende (retensjon). Berggrunn: Meta-arkose (100 % gunstig oppstrøms). Lett: bilvei 29 m unna (service).</description><Point><coordinates>8.00255,59.61824,0</coordinates></Point></Placemark>
<Placemark><name>Seljord 13B Åmdal Burtistog (Åmdalsåi)</name><description>P=86. Foss/stryk rett oppstrøms (20 m fall på 100 m) – fossekulp og fjell i dagen. Os: sideelv kommer inn her – grus og tyngre materiale legges i osen og bankehodet nedenfor. Skarp sving – grav på innersvingen og bak store steiner. τ = 278 Pa ≈ 1.3× terskelen: sand og grus flyttes ved flom, gull blir liggende (retensjon). Berggrunn: Kvartsitt (66 % gunstig oppstrøms). Lett: bilvei 112 m unna (unclassified). Parkering 892 m unna.</description><Point><coordinates>8.01695,59.36888,0</coordinates></Point></Placemark>
<Placemark><name>Seljord 14B Lakshøl (Vallaråi)</name><description>P=85. Foss/stryk rett oppstrøms (6 m fall på 100 m) – fossekulp og fjell i dagen. τ = 137 Pa ≈ 1.2× terskelen: sand og grus flyttes ved flom, gull blir liggende (retensjon). Berggrunn: Konglomerat (100 % gunstig oppstrøms). Lett: bilvei 30 m unna (service). Parkering 1201 m unna.</description><Point><coordinates>8.63615,59.50016,0</coordinates></Point></Placemark>
<Placemark><name>Seljord 15B Svartepyttholet (Tokke)</name><description>P=84. Foss/stryk rett oppstrøms (5 m fall på 100 m) – fossekulp og fjell i dagen. Os: sideelv kommer inn her – grus og tyngre materiale legges i osen og bankehodet nedenfor. Skarp sving – grav på innersvingen og bak store steiner. τ = 338 Pa ≈ 3.5× terskelen: sand og grus flyttes ved flom, gull blir liggende (retensjon). Berggrunn: Meta-arkose (88 % gunstig oppstrøms). Lett: bilvei 42 m unna (track).</description><Point><coordinates>7.95811,59.47729,0</coordinates></Point></Placemark>
<Placemark><name>Seljord 16B Lio (Tokke)</name><description>P=83. Foss/stryk rett oppstrøms (3 m fall på 100 m) – fossekulp og fjell i dagen. τ = 207 Pa ≈ 2.7× terskelen: sand og grus flyttes ved flom, gull blir liggende (retensjon). Berggrunn: Meta-arkose (89 % gunstig oppstrøms). Lett: bilvei 57 m unna (Storvegen).</description><Point><coordinates>7.94544,59.46453,0</coordinates></Point></Placemark>
<Placemark><name>Seljord 17B Øvre Hosom (Dalaåi)</name><description>P=83. Foss/stryk rett oppstrøms (8 m fall på 100 m) – fossekulp og fjell i dagen. Os: Rottjønnbekken kommer inn her – grus og tyngre materiale legges i osen og bankehodet nedenfor. τ = 136 Pa ≈ 1.1× terskelen: sand og grus flyttes ved flom, gull blir liggende (retensjon). Berggrunn: Meta-arkose (89 % gunstig oppstrøms). Lett: bilvei 18 m unna (Dalanvegen).</description><Point><coordinates>8.38909,59.43894,0</coordinates></Point></Placemark>
<Placemark><name>Seljord 18B Gjuvet (Åmotsdalsåi)</name><description>P=82. Foss/stryk rett oppstrøms (5 m fall på 100 m) – fossekulp og fjell i dagen. τ = 158 Pa ≈ 1.4× terskelen: sand og grus flyttes ved flom, gull blir liggende (retensjon). Berggrunn: Kvartsitt (88 % gunstig oppstrøms). NGU-registrert gullforekomst 5.5 km unna. Lett: bilvei 25 m unna (Åmotsdalsvegen).</description><Point><coordinates>8.45830,59.59495,0</coordinates></Point></Placemark>
<Placemark><name>Seljord 19B Jusureidfossen (Dalaåi)</name><description>P=80. Foss/stryk rett oppstrøms (17 m fall på 100 m) – fossekulp og fjell i dagen. Skarp sving – grav på innersvingen og bak store steiner. τ = 201 Pa ≈ 1.1× terskelen: sand og grus flyttes ved flom, gull blir liggende (retensjon). Berggrunn: Meta-arkose (89 % gunstig oppstrøms). Lett: bilvei 57 m unna (track).</description><Point><coordinates>8.36652,59.44735,0</coordinates></Point></Placemark>
<Placemark><name>Seljord 20B Tovshus (Rukkeåi)</name><description>P=80. Foss/stryk rett oppstrøms (14 m fall på 100 m) – fossekulp og fjell i dagen. Os: sideelv kommer inn her – grus og tyngre materiale legges i osen og bankehodet nedenfor. Berggrunn: Meta-arkose (100 % gunstig oppstrøms). Lett: bilvei 103 m unna (service).</description><Point><coordinates>7.89352,59.47185,0</coordinates></Point></Placemark>
</Folder>
<Folder><name>Skien</name>
<Placemark><name>Skien 1A Sverige (bekk)</name><description>P=87. Foss/stryk rett oppstrøms (17 m fall på 100 m) – fossekulp og fjell i dagen. τ = 218 Pa ≈ 0.9× terskelen: sand og grus flyttes ved flom, gull blir liggende (retensjon). Berggrunn: Sandstein (71 % gunstig oppstrøms). Kort gange: bilvei 189 m unna. Parkering 1165 m unna.</description><Point><coordinates>9.56210,59.29676,0</coordinates></Point></Placemark>
<Placemark><name>Skien 2A Bøkkeren (bekk)</name><description>P=72. Foss/stryk rett oppstrøms (4 m fall på 100 m) – fossekulp og fjell i dagen. Os: sideelv kommer inn her – grus og tyngre materiale legges i osen og bankehodet nedenfor. Berggrunn: Sandstein (53 % gunstig oppstrøms). Lett: bilvei 98 m unna (Luksefjellvegen). Parkering 977 m unna.</description><Point><coordinates>9.55073,59.32187,0</coordinates></Point></Placemark>
<Placemark><name>Skien 3B Hakhaug (bekk)</name><description>P=70. Foss/stryk rett oppstrøms (23 m fall på 100 m) – fossekulp og fjell i dagen. Skarp sving – grav på innersvingen og bak store steiner. τ = 245 Pa ≈ 1.0× terskelen: sand og grus flyttes ved flom, gull blir liggende (retensjon). Berggrunn: Larvikitt (40 % gunstig oppstrøms). Lett: bilvei 11 m unna (Grorudveien).</description><Point><coordinates>9.69416,59.37561,0</coordinates></Point></Placemark>
<Placemark><name>Skien 4B Skridua (Grønsteinbekken)</name><description>P=67. Foss/stryk rett oppstrøms (15 m fall på 100 m) – fossekulp og fjell i dagen. Skarp sving – grav på innersvingen og bak store steiner. τ = 191 Pa ≈ 0.9× terskelen: sand og grus flyttes ved flom, gull blir liggende (retensjon). Berggrunn: Granittisk gneis (37 % gunstig oppstrøms). Lett: bilvei 49 m unna (Valebøvegen). Parkering 66 m unna.</description><Point><coordinates>9.53927,59.26503,0</coordinates></Point></Placemark>
<Placemark><name>Skien 5B Hogstad, nedre (Vanebuelva)</name><description>P=66. Foss/stryk rett oppstrøms (13 m fall på 100 m) – fossekulp og fjell i dagen. Os: sideelv kommer inn her – grus og tyngre materiale legges i osen og bankehodet nedenfor. Berggrunn: Latitt (40 % gunstig oppstrøms). Lett: bilvei 98 m unna (service).</description><Point><coordinates>9.65875,59.32155,0</coordinates></Point></Placemark>
<Placemark><name>Skien 6B Skogstue (bekk)</name><description>P=65. Foss/stryk rett oppstrøms (41 m fall på 100 m) – fossekulp og fjell i dagen. τ = 363 Pa ≈ 1.2× terskelen: sand og grus flyttes ved flom, gull blir liggende (retensjon). Lett: bilvei 133 m unna (Grorudveien).</description><Point><coordinates>9.66640,59.32830,0</coordinates></Point></Placemark>
<Placemark><name>Skien 7B bekk, km 1.8</name><description>P=63. Foss/stryk rett oppstrøms (12 m fall på 100 m) – fossekulp og fjell i dagen. Os: Hellerbekken kommer inn her – grus og tyngre materiale legges i osen og bankehodet nedenfor. Berggrunn: Syenitt (40 % gunstig oppstrøms). Lett: bilvei 9 m unna (Grønnsjøvegen).</description><Point><coordinates>9.55426,59.33275,0</coordinates></Point></Placemark>
<Placemark><name>Skien 8B Lid (Ønnabekken)</name><description>P=63. Foss/stryk rett oppstrøms (29 m fall på 100 m) – fossekulp og fjell i dagen. Skarp sving – grav på innersvingen og bak store steiner. τ = 219 Pa ≈ 0.8× terskelen: sand og grus flyttes ved flom, gull blir liggende (retensjon). Kort gange: bilvei 171 m unna.</description><Point><coordinates>9.69950,59.16019,0</coordinates></Point></Placemark>
<Placemark><name>Skien 9B Tokleiv (bekk)</name><description>P=60. Foss/stryk rett oppstrøms (3 m fall på 100 m) – fossekulp og fjell i dagen. Os: sideelv kommer inn her – grus og tyngre materiale legges i osen og bankehodet nedenfor. Skarp sving – grav på innersvingen og bak store steiner. Berggrunn: Larvikitt (40 % gunstig oppstrøms). Lett: bilvei 121 m unna (Grorudveien).</description><Point><coordinates>9.66465,59.36222,0</coordinates></Point></Placemark>
<Placemark><name>Skien 10B Vanebuelva, km 0.5</name><description>P=59. Foss/stryk rett oppstrøms (13 m fall på 100 m) – fossekulp og fjell i dagen. τ = 165 Pa ≈ 0.9× terskelen: sand og grus flyttes ved flom, gull blir liggende (retensjon). Berggrunn: Latitt (40 % gunstig oppstrøms). Kort gange: bilvei 160 m unna.</description><Point><coordinates>9.66620,59.33853,0</coordinates></Point></Placemark>
<Placemark><name>Skien 11B Såta (Sagtjernelva)</name><description>P=56. Foss/stryk rett oppstrøms (6 m fall på 100 m) – fossekulp og fjell i dagen. Berggrunn: Ryolitt (100 % gunstig oppstrøms). Kort gange: bilvei 521 m unna. Parkering 628 m unna.</description><Point><coordinates>9.45880,59.30916,0</coordinates></Point></Placemark>
<Placemark><name>Skien 12B Eikornrød (bekk)</name><description>P=54. Foss/stryk rett oppstrøms (3 m fall på 100 m) – fossekulp og fjell i dagen. Os: sideelv kommer inn her – grus og tyngre materiale legges i osen og bankehodet nedenfor. Berggrunn: Sandstein (60 % gunstig oppstrøms). Lett: bilvei 49 m unna (track). Parkering 103 m unna.</description><Point><coordinates>9.55312,59.31351,0</coordinates></Point></Placemark>
<Placemark><name>Skien 13B Sagtjernelva, km 0.7</name><description>P=54. Foss/stryk rett oppstrøms (4 m fall på 100 m) – fossekulp og fjell i dagen. Os: Persholbekken kommer inn her – grus og tyngre materiale legges i osen og bankehodet nedenfor. Berggrunn: Ryolitt (100 % gunstig oppstrøms). Kort gange: bilvei 248 m unna. Parkering 952 m unna.</description><Point><coordinates>9.44554,59.31114,0</coordinates></Point></Placemark>
<Placemark><name>Skien 14B Siljan (Siljanelva)</name><description>P=53. Skarp sving – grav på innersvingen og bak store steiner. Strømeffekten faller 59 % over strekningen – tungt materiale slipper her. Berggrunn: Syenitt (40 % gunstig oppstrøms). Lett: bilvei 49 m unna (service). Parkering 127 m unna.</description><Point><coordinates>9.73229,59.27774,0</coordinates></Point></Placemark>
<Placemark><name>Skien 15B Såta (Sagtjernelva)</name><description>P=53. Foss/stryk rett oppstrøms (6 m fall på 100 m) – fossekulp og fjell i dagen. Skarp sving – grav på innersvingen og bak store steiner. Strømeffekten faller 41 % over strekningen – tungt materiale slipper her. Berggrunn: Ryolitt (100 % gunstig oppstrøms). Kort gange: bilvei 194 m unna. Parkering 1211 m unna.</description><Point><coordinates>9.47535,59.30622,0</coordinates></Point></Placemark>
<Placemark><name>Skien 16B bekk, km 1.0</name><description>P=52. Foss/stryk rett oppstrøms (6 m fall på 100 m) – fossekulp og fjell i dagen. τ = 130 Pa ≈ 0.8× terskelen: sand og grus flyttes ved flom, gull blir liggende (retensjon). Berggrunn: Syenitt (40 % gunstig oppstrøms). Lett: bilvei 18 m unna (Grønnsjøvegen).</description><Point><coordinates>9.55302,59.33949,0</coordinates></Point></Placemark>
<Placemark><name>Skien 17B Garvannsfossene (Garvannselva)</name><description>P=52. Foss/stryk rett oppstrøms (14 m fall på 100 m) – fossekulp og fjell i dagen. Berggrunn: Ryolitt (100 % gunstig oppstrøms). Lett: bilvei 114 m unna (Garvannsvegen).</description><Point><coordinates>9.41191,59.32384,0</coordinates></Point></Placemark>
<Placemark><name>Skien 18B Valeseter (Garvannselva)</name><description>P=52. Foss/stryk rett oppstrøms (4 m fall på 100 m) – fossekulp og fjell i dagen. Skarp sving – grav på innersvingen og bak store steiner. Berggrunn: Ryolitt (100 % gunstig oppstrøms). Lett: bilvei 13 m unna (Garvannsvegen). Parkering 405 m unna.</description><Point><coordinates>9.41827,59.31255,0</coordinates></Point></Placemark>
<Placemark><name>Skien 19B Tvigreina (bekk)</name><description>P=50. Foss/stryk rett oppstrøms (10 m fall på 100 m) – fossekulp og fjell i dagen. Os: Kolselva kommer inn her – grus og tyngre materiale legges i osen og bankehodet nedenfor. Lett: bilvei 48 m unna (service).</description><Point><coordinates>9.80564,59.36916,0</coordinates></Point></Placemark>
<Placemark><name>Skien 20B Hjellen (Skienselva)</name><description>P=50. Bratt stryk like oppstrøms – kulper og fjellsprekker. Berggrunn: Kalkstein (10 % gunstig oppstrøms). Lett: bilvei 129 m unna (Jernbanebrygga). Parkering 161 m unna.</description><Point><coordinates>9.61282,59.20272,0</coordinates></Point></Placemark>
</Folder>
<Folder><name>Leirvik</name>
<Placemark><name>Leirvik 1A Steingjelsheddo (Vadelva)</name><description>P=85. Foss/stryk rett oppstrøms (20 m fall på 100 m) – fossekulp og fjell i dagen. Os: sideelv kommer inn her – grus og tyngre materiale legges i osen og bankehodet nedenfor. Skarp sving – grav på innersvingen og bak store steiner. Berggrunn: Grønnskifer (100 % gunstig oppstrøms). Lett: bilvei 82 m unna (service). Parkering 76 m unna.</description><Point><coordinates>5.46954,59.84529,0</coordinates></Point></Placemark>
<Placemark><name>Leirvik 2A Vad (Vatnaelva)</name><description>P=85. Foss/stryk rett oppstrøms (7 m fall på 100 m) – fossekulp og fjell i dagen. Os: sideelv kommer inn her – grus og tyngre materiale legges i osen og bankehodet nedenfor. Skarp sving – grav på innersvingen og bak store steiner. Berggrunn: Sandstein (100 % gunstig oppstrøms). Lett: bilvei 97 m unna (Vadvegen).</description><Point><coordinates>5.47690,59.81720,0</coordinates></Point></Placemark>
<Placemark><name>Leirvik 3A Årbø (Tveitaelva)</name><description>P=77. Foss/stryk rett oppstrøms (6 m fall på 100 m) – fossekulp og fjell i dagen. Os: sideelv kommer inn her – grus og tyngre materiale legges i osen og bankehodet nedenfor. Skarp sving – grav på innersvingen og bak store steiner. Berggrunn: Grønnstein (68 % gunstig oppstrøms). Lett: bilvei 140 m unna (track). Parkering 576 m unna.</description><Point><coordinates>5.35493,59.87819,0</coordinates></Point></Placemark>
<Placemark><name>Leirvik 4A Vatna (Vatnaelva)</name><description>P=71. Foss/stryk rett oppstrøms (5 m fall på 100 m) – fossekulp og fjell i dagen. Berggrunn: Sandstein (100 % gunstig oppstrøms). Lett: bilvei 17 m unna (Vatnadalsvegen).</description><Point><coordinates>5.47141,59.80394,0</coordinates></Point></Placemark>
<Placemark><name>Leirvik 5B Jøtulbrutjørna (Rydlandselva)</name><description>P=67. Foss/stryk rett oppstrøms (5 m fall på 100 m) – fossekulp og fjell i dagen. Berggrunn: Felsisk vulkansk bergart (100 % gunstig oppstrøms). Kort gange: bilvei 187 m unna. Parkering 1149 m unna.</description><Point><coordinates>5.35557,59.87088,0</coordinates></Point></Placemark>
<Placemark><name>Leirvik 6B Eikekleiv (Vadelva)</name><description>P=66. Foss/stryk rett oppstrøms (16 m fall på 100 m) – fossekulp og fjell i dagen. Skarp sving – grav på innersvingen og bak store steiner. Berggrunn: Grønnskifer (100 % gunstig oppstrøms). Kort gange: bilvei 331 m unna. Parkering 359 m unna.</description><Point><coordinates>5.47991,59.83556,0</coordinates></Point></Placemark>
<Placemark><name>Leirvik 7B Vistvikelva, km 1.2</name><description>P=62. Foss/stryk rett oppstrøms (16 m fall på 100 m) – fossekulp og fjell i dagen. Os: sideelv kommer inn her – grus og tyngre materiale legges i osen og bankehodet nedenfor. Berggrunn: Metagabbro (100 % gunstig oppstrøms). Lett: bilvei 39 m unna (track).</description><Point><coordinates>5.40667,59.93229,0</coordinates></Point></Placemark>
<Placemark><name>Leirvik 8B Hauglandskverna (Vadelva)</name><description>P=59. Foss/stryk rett oppstrøms (5 m fall på 100 m) – fossekulp og fjell i dagen. Berggrunn: Grønnskifer (100 % gunstig oppstrøms). Lett: bilvei 17 m unna (track). Parkering 1461 m unna.</description><Point><coordinates>5.47417,59.82462,0</coordinates></Point></Placemark>
<Placemark><name>Leirvik 9B Bortveit (Bortveitelva)</name><description>P=59. Foss/stryk rett oppstrøms (20 m fall på 100 m) – fossekulp og fjell i dagen. Skarp sving – grav på innersvingen og bak store steiner. Berggrunn: Metagabbro (100 % gunstig oppstrøms). Lett: bilvei 59 m unna (Børtveit). Parkering 1285 m unna.</description><Point><coordinates>5.50514,59.89619,0</coordinates></Point></Placemark>
<Placemark><name>Leirvik 10B Bortveitsetra (Bortveitelva)</name><description>P=57. Foss/stryk rett oppstrøms (8 m fall på 100 m) – fossekulp og fjell i dagen. Os: sideelv kommer inn her – grus og tyngre materiale legges i osen og bankehodet nedenfor. Skarp sving – grav på innersvingen og bak store steiner. Berggrunn: Metagabbro (100 % gunstig oppstrøms). Lett: bilvei 67 m unna (Børtveit).</description><Point><coordinates>5.48681,59.89022,0</coordinates></Point></Placemark>
<Placemark><name>Leirvik 11B Årskog (Årskogelva)</name><description>P=56. Foss/stryk rett oppstrøms (20 m fall på 100 m) – fossekulp og fjell i dagen. Skarp sving – grav på innersvingen og bak store steiner. Berggrunn: Metagabbro (100 % gunstig oppstrøms). Lett: bilvei 65 m unna (Sandvikvågvegen).</description><Point><coordinates>5.33592,59.93869,0</coordinates></Point></Placemark>
<Placemark><name>Leirvik 12B Lomatjørna (Årskogelva)</name><description>P=56. Foss/stryk rett oppstrøms (11 m fall på 100 m) – fossekulp og fjell i dagen. Skarp sving – grav på innersvingen og bak store steiner. Berggrunn: Metagabbro (100 % gunstig oppstrøms). Kort gange: bilvei 442 m unna. Parkering 1355 m unna.</description><Point><coordinates>5.34773,59.93387,0</coordinates></Point></Placemark>
<Placemark><name>Leirvik 13B Grønestølen (Vistvikelva)</name><description>P=55. Foss/stryk rett oppstrøms (22 m fall på 100 m) – fossekulp og fjell i dagen. Skarp sving – grav på innersvingen og bak store steiner. Berggrunn: Metagabbro (100 % gunstig oppstrøms). Lett: bilvei 16 m unna (track).</description><Point><coordinates>5.40953,59.94226,0</coordinates></Point></Placemark>
<Placemark><name>Leirvik 14B Søldreid (bekk)</name><description>P=55. Foss/stryk rett oppstrøms (15 m fall på 100 m) – fossekulp og fjell i dagen. Skarp sving – grav på innersvingen og bak store steiner. Berggrunn: Grønnstein (100 % gunstig oppstrøms). Lett: bilvei 12 m unna (Nygardsvegen). Parkering 860 m unna.</description><Point><coordinates>5.33917,59.90022,0</coordinates></Point></Placemark>
<Placemark><name>Leirvik 15B bekk, km 0.2</name><description>P=53. Foss/stryk rett oppstrøms (26 m fall på 100 m) – fossekulp og fjell i dagen. Berggrunn: Grønnstein (100 % gunstig oppstrøms). Gange 1.0 km fra nærmeste bilvei.</description><Point><coordinates>5.39231,59.88044,0</coordinates></Point></Placemark>
<Placemark><name>Leirvik 16B Tveitaelva, km 1.7</name><description>P=46. Foss/stryk rett oppstrøms (21 m fall på 100 m) – fossekulp og fjell i dagen. Skarp sving – grav på innersvingen og bak store steiner. Berggrunn: Grønnstein (68 % gunstig oppstrøms). Gange 0.7 km fra nærmeste bilvei.</description><Point><coordinates>5.37422,59.88248,0</coordinates></Point></Placemark>
<Placemark><name>Leirvik 17B Volden (Fitjarelva)</name><description>P=45. Foss/stryk rett oppstrøms (7 m fall på 100 m) – fossekulp og fjell i dagen. Os: Kråbekken kommer inn her – grus og tyngre materiale legges i osen og bankehodet nedenfor. Berggrunn: Granitt (35 % gunstig oppstrøms). Lett: bilvei 89 m unna (Kvednavegen). Parkering 540 m unna.</description><Point><coordinates>5.34075,59.91252,0</coordinates></Point></Placemark>
<Placemark><name>Leirvik 18C Tråvås (bekk)</name><description>P=43. Foss/stryk rett oppstrøms (28 m fall på 100 m) – fossekulp og fjell i dagen. Berggrunn: Glimmerskifer (100 % gunstig oppstrøms). Lett: bilvei 131 m unna (Tittelsnesvegen). Parkering 171 m unna.</description><Point><coordinates>5.48496,59.67834,0</coordinates></Point></Placemark>
<Placemark><name>Leirvik 19C Bortveitsetra (Bortveitelva)</name><description>P=42. Foss/stryk rett oppstrøms (10 m fall på 100 m) – fossekulp og fjell i dagen. Berggrunn: Metagabbro (100 % gunstig oppstrøms). Lett: bilvei 22 m unna (track).</description><Point><coordinates>5.49010,59.89655,0</coordinates></Point></Placemark>
<Placemark><name>Leirvik 20C Ådnetjørna (Tveitaelva)</name><description>P=41. Foss/stryk rett oppstrøms (9 m fall på 100 m) – fossekulp og fjell i dagen. Berggrunn: Grønnstein (68 % gunstig oppstrøms). Gange 1.0 km fra nærmeste bilvei.</description><Point><coordinates>5.38291,59.89121,0</coordinates></Point></Placemark>
</Folder>
<Folder><name>Leksvik</name>
<Placemark><name>Leksvik 1A Hafella (Svartelva)</name><description>P=100. Foss/stryk rett oppstrøms (11 m fall på 100 m) – fossekulp og fjell i dagen. Os: sideelv kommer inn her – grus og tyngre materiale legges i osen og bankehodet nedenfor. Skarp sving – grav på innersvingen og bak store steiner. Berggrunn: Grønnstein (100 % gunstig oppstrøms). Lett: bilvei 122 m unna (Sliperveien). Parkering 377 m unna.</description><Point><coordinates>10.17149,63.64321,0</coordinates></Point></Placemark>
<Placemark><name>Leksvik 2A Storfossen (Holvasselva)</name><description>P=90. Foss/stryk rett oppstrøms (24 m fall på 100 m) – fossekulp og fjell i dagen. Skarp sving – grav på innersvingen og bak store steiner. τ = 167 Pa ≈ 0.8× terskelen: sand og grus flyttes ved flom, gull blir liggende (retensjon). Berggrunn: Grønnstein (100 % gunstig oppstrøms). Kort gange: bilvei 195 m unna. Parkering 582 m unna.</description><Point><coordinates>10.28508,63.78971,0</coordinates></Point></Placemark>
<Placemark><name>Leksvik 3A Fosshaugen (Osaelva)</name><description>P=81. Foss/stryk rett oppstrøms (15 m fall på 100 m) – fossekulp og fjell i dagen. Os: Bubekken kommer inn her – grus og tyngre materiale legges i osen og bankehodet nedenfor. Skarp sving – grav på innersvingen og bak store steiner. Berggrunn: Grønnstein (100 % gunstig oppstrøms). Lett: bilvei 45 m unna (Sagliveien).</description><Point><coordinates>10.15957,63.76117,0</coordinates></Point></Placemark>
<Placemark><name>Leksvik 4A Fossen (Holvasselva)</name><description>P=80. Foss/stryk rett oppstrøms (12 m fall på 100 m) – fossekulp og fjell i dagen. Os: Olausbekken kommer inn her – grus og tyngre materiale legges i osen og bankehodet nedenfor. Strømeffekten faller 37 % over strekningen – tungt materiale slipper her. Berggrunn: Grønnstein (100 % gunstig oppstrøms). Lett: bilvei 100 m unna (service). Parkering 251 m unna.</description><Point><coordinates>10.25648,63.78646,0</coordinates></Point></Placemark>
<Placemark><name>Leksvik 5A Kvislan (Svartelva)</name><description>P=78. Foss/stryk rett oppstrøms (11 m fall på 100 m) – fossekulp og fjell i dagen. Skarp sving – grav på innersvingen og bak store steiner. Berggrunn: Grønnstein (100 % gunstig oppstrøms). Lett: bilvei 17 m unna (Øvlandsveien). Parkering 953 m unna.</description><Point><coordinates>10.15208,63.64216,0</coordinates></Point></Placemark>
<Placemark><name>Leksvik 6B Olsøya (bekk)</name><description>P=69. Foss/stryk rett oppstrøms (36 m fall på 100 m) – fossekulp og fjell i dagen. Skarp sving – grav på innersvingen og bak store steiner. τ = 171 Pa ≈ 0.8× terskelen: sand og grus flyttes ved flom, gull blir liggende (retensjon). Berggrunn: Grønnstein (100 % gunstig oppstrøms). Lett: bilvei 55 m unna (Skaugdalsveien). Parkering 485 m unna.</description><Point><coordinates>10.20361,63.67000,0</coordinates></Point></Placemark>
<Placemark><name>Leksvik 7B Granmo (Svartelva)</name><description>P=62. Foss/stryk rett oppstrøms (5 m fall på 100 m) – fossekulp og fjell i dagen. Berggrunn: Grønnstein (100 % gunstig oppstrøms). Lett: bilvei 49 m unna (Rotåsveien). Parkering 1361 m unna.</description><Point><coordinates>10.13385,63.64068,0</coordinates></Point></Placemark>
<Placemark><name>Leksvik 8B Tømmerbakken (Osaelva)</name><description>P=55. Foss/stryk rett oppstrøms (5 m fall på 100 m) – fossekulp og fjell i dagen. Os: Granskardbekken kommer inn her – grus og tyngre materiale legges i osen og bankehodet nedenfor. Berggrunn: Grønnstein (100 % gunstig oppstrøms). Lett: bilvei 131 m unna (Sagliveien).</description><Point><coordinates>10.14611,63.75845,0</coordinates></Point></Placemark>
<Placemark><name>Leksvik 9B Gullgruvefossen (Osaelva)</name><description>P=54. Foss/stryk rett oppstrøms (6 m fall på 100 m) – fossekulp og fjell i dagen. Skarp sving – grav på innersvingen og bak store steiner. Berggrunn: Grønnstein (100 % gunstig oppstrøms). Lett: bilvei 27 m unna (Osaveien).</description><Point><coordinates>10.16681,63.75567,0</coordinates></Point></Placemark>
<Placemark><name>Leksvik 10B Merratjønna (Ytterelva)</name><description>P=47. Foss/stryk rett oppstrøms (16 m fall på 100 m) – fossekulp og fjell i dagen. Os: sideelv kommer inn her – grus og tyngre materiale legges i osen og bankehodet nedenfor. Skarp sving – grav på innersvingen og bak store steiner. Berggrunn: Granatglimmerskifer (55 % gunstig oppstrøms). Lett: bilvei 84 m unna (Kråkmoveien).</description><Point><coordinates>10.49081,63.69668,0</coordinates></Point></Placemark>
<Placemark><name>Leksvik 11B Lunfossen (bekk)</name><description>P=46. Foss/stryk rett oppstrøms (13 m fall på 100 m) – fossekulp og fjell i dagen. Skarp sving – grav på innersvingen og bak store steiner. Berggrunn: Glimmerskifer (100 % gunstig oppstrøms). Kort gange: bilvei 330 m unna.</description><Point><coordinates>10.55727,63.64307,0</coordinates></Point></Placemark>
<Placemark><name>Leksvik 12B Alset (Sørelva)</name><description>P=45. Foss/stryk rett oppstrøms (4 m fall på 100 m) – fossekulp og fjell i dagen. Os: Dalabekken kommer inn her – grus og tyngre materiale legges i osen og bankehodet nedenfor. Berggrunn: Øyegneis (57 % gunstig oppstrøms). Lett: bilvei 35 m unna (service).</description><Point><coordinates>10.32368,63.71064,0</coordinates></Point></Placemark>
<Placemark><name>Leksvik 13C Stamphølen (Ytterelva)</name><description>P=45. Foss/stryk rett oppstrøms (10 m fall på 100 m) – fossekulp og fjell i dagen. Os: Kvernbakkbekken kommer inn her – grus og tyngre materiale legges i osen og bankehodet nedenfor. Berggrunn: Granatglimmerskifer (55 % gunstig oppstrøms). Lett: bilvei 97 m unna (track). Parkering 813 m unna.</description><Point><coordinates>10.59540,63.67523,0</coordinates></Point></Placemark>
<Placemark><name>Leksvik 14C Østdalslunen (Juvasselva)</name><description>P=44. Os: Lunbekken kommer inn her – grus og tyngre materiale legges i osen og bankehodet nedenfor. Skarp sving – grav på innersvingen og bak store steiner. Berggrunn: Grønnstein (78 % gunstig oppstrøms). Lett: bilvei 103 m unna (Austdalsveien).</description><Point><coordinates>10.22701,63.84836,0</coordinates></Point></Placemark>
<Placemark><name>Leksvik 15C Stegahølen (Nordelva)</name><description>P=44. Foss/stryk rett oppstrøms (5 m fall på 100 m) – fossekulp og fjell i dagen. τ = 123 Pa ≈ 0.8× terskelen: sand og grus flyttes ved flom, gull blir liggende (retensjon). Berggrunn: Granodioritt (35 % gunstig oppstrøms). Lett: bilvei 67 m unna (track).</description><Point><coordinates>10.18180,63.79263,0</coordinates></Point></Placemark>
<Placemark><name>Leksvik 16C Øverskauøya (Kvernhusbekken)</name><description>P=43. Foss/stryk rett oppstrøms (27 m fall på 100 m) – fossekulp og fjell i dagen. τ = 263 Pa ≈ 1.0× terskelen: sand og grus flyttes ved flom, gull blir liggende (retensjon). Berggrunn: Granittisk gneis (36 % gunstig oppstrøms). Lett: bilvei 6 m unna (Skaugdalsveien). Parkering 882 m unna.</description><Point><coordinates>10.15880,63.65745,0</coordinates></Point></Placemark>
<Placemark><name>Leksvik 17C Hølen (Juvvasselva)</name><description>P=43. Foss/stryk rett oppstrøms (4 m fall på 100 m) – fossekulp og fjell i dagen. Skarp sving – grav på innersvingen og bak store steiner. Berggrunn: Grønnstein (68 % gunstig oppstrøms). Avsides: 3.1 km fra bilvei – planlegg dagstur.</description><Point><coordinates>10.38701,63.81770,0</coordinates></Point></Placemark>
<Placemark><name>Leksvik 18C Krukfossen (Innerelva)</name><description>P=42. Foss/stryk rett oppstrøms (31 m fall på 100 m) – fossekulp og fjell i dagen. Skarp sving – grav på innersvingen og bak store steiner. Berggrunn: Granatglimmerskifer (78 % gunstig oppstrøms). Lett: bilvei 117 m unna (Dalbygdveien). Parkering 451 m unna.</description><Point><coordinates>10.59698,63.70814,0</coordinates></Point></Placemark>
<Placemark><name>Leksvik 19C Ramsbakktjønna (Nordelva)</name><description>P=42. Foss/stryk rett oppstrøms (4 m fall på 100 m) – fossekulp og fjell i dagen. τ = 72 Pa ≈ 0.8× terskelen: sand og grus flyttes ved flom, gull blir liggende (retensjon). Berggrunn: Granodioritt (35 % gunstig oppstrøms). Kort gange: bilvei 437 m unna.</description><Point><coordinates>10.14861,63.78750,0</coordinates></Point></Placemark>
<Placemark><name>Leksvik 20C Johøla (bekk)</name><description>P=41. Foss/stryk rett oppstrøms (29 m fall på 100 m) – fossekulp og fjell i dagen. Berggrunn: Glimmerskifer (100 % gunstig oppstrøms). Lett: bilvei 52 m unna (Tømmerdalsveien). Parkering 694 m unna.</description><Point><coordinates>10.57398,63.63929,0</coordinates></Point></Placemark>
</Folder>
<Folder><name>Ballangen - Bálák</name>
<Placemark><name>Ballangen - Bálák 1A Bruksåsmoen (Børsvatnelva)</name><description>P=100. Os: sideelv kommer inn her – grus og tyngre materiale legges i osen og bankehodet nedenfor. Skarp sving – grav på innersvingen og bak store steiner. Strømeffekten faller 44 % over strekningen – tungt materiale slipper her. Berggrunn: Glimmerskifer (100 % gunstig oppstrøms). Kort gange: bilvei 232 m unna.</description><Point><coordinates>16.73130,68.31204,0</coordinates></Point></Placemark>
<Placemark><name>Ballangen - Bálák 2A Kjønnstad (Sørelva)</name><description>P=90. Foss/stryk rett oppstrøms (4 m fall på 100 m) – fossekulp og fjell i dagen. Os: Ruonkaelva kommer inn her – grus og tyngre materiale legges i osen og bankehodet nedenfor. Berggrunn: Granatglimmerskifer (100 % gunstig oppstrøms). Gange 0.7 km fra nærmeste bilvei.</description><Point><coordinates>16.69356,68.26610,0</coordinates></Point></Placemark>
<Placemark><name>Ballangen - Bálák 3A Melkevasselva, km 0.2</name><description>P=83. Foss/stryk rett oppstrøms (3 m fall på 100 m) – fossekulp og fjell i dagen. Berggrunn: Glimmerskifer (100 % gunstig oppstrøms). Gange 1.1 km fra nærmeste bilvei.</description><Point><coordinates>16.70309,68.22780,0</coordinates></Point></Placemark>
<Placemark><name>Ballangen - Bálák 4A Lauvdalen (bekk)</name><description>P=78. Foss/stryk rett oppstrøms (5 m fall på 100 m) – fossekulp og fjell i dagen. Berggrunn: Glimmerskifer (100 % gunstig oppstrøms). Lett: bilvei 19 m unna (Kjeldemarkveien).</description><Point><coordinates>16.56493,68.36698,0</coordinates></Point></Placemark>
<Placemark><name>Ballangen - Bálák 5A Lyngmo (Melkevasselva)</name><description>P=77. Foss/stryk rett oppstrøms (10 m fall på 100 m) – fossekulp og fjell i dagen. Skarp sving – grav på innersvingen og bak store steiner. Berggrunn: Glimmerskifer (100 % gunstig oppstrøms). Kort gange: bilvei 343 m unna.</description><Point><coordinates>16.70895,68.23457,0</coordinates></Point></Placemark>
<Placemark><name>Ballangen - Bálák 6A Grønli (Kjeldelva - Gáldojohka)</name><description>P=72. Foss/stryk rett oppstrøms (4 m fall på 100 m) – fossekulp og fjell i dagen. Os: sideelv kommer inn her – grus og tyngre materiale legges i osen og bankehodet nedenfor. Skarp sving – grav på innersvingen og bak store steiner. Berggrunn: Marmor (85 % gunstig oppstrøms). Kort gange: bilvei 151 m unna.</description><Point><coordinates>16.58145,68.38184,0</coordinates></Point></Placemark>
<Placemark><name>Ballangen - Bálák 7B Skjellneset (Arneselva)</name><description>P=70. Foss/stryk rett oppstrøms (28 m fall på 100 m) – fossekulp og fjell i dagen. Os: sideelv kommer inn her – grus og tyngre materiale legges i osen og bankehodet nedenfor. Berggrunn: Granatglimmerskifer (100 % gunstig oppstrøms). Lett: bilvei 41 m unna (service).</description><Point><coordinates>16.92939,68.34373,0</coordinates></Point></Placemark>
<Placemark><name>Ballangen - Bálák 8B Fosslund (Sørelva)</name><description>P=68. Foss/stryk rett oppstrøms (6 m fall på 100 m) – fossekulp og fjell i dagen. Berggrunn: Granatglimmerskifer (100 % gunstig oppstrøms). Lett: bilvei 56 m unna (service).</description><Point><coordinates>16.71002,68.25817,0</coordinates></Point></Placemark>
<Placemark><name>Ballangen - Bálák 9B Stokkedalen (Stokkedalelva)</name><description>P=64. Foss/stryk rett oppstrøms (43 m fall på 100 m) – fossekulp og fjell i dagen. Os: sideelv kommer inn her – grus og tyngre materiale legges i osen og bankehodet nedenfor. Berggrunn: Glimmerskifer (91 % gunstig oppstrøms). Avsides: 4.1 km fra bilvei – planlegg dagstur.</description><Point><coordinates>16.86227,68.27887,0</coordinates></Point></Placemark>
<Placemark><name>Ballangen - Bálák 10B Kvannmoen (bekk)</name><description>P=64. Foss/stryk rett oppstrøms (33 m fall på 100 m) – fossekulp og fjell i dagen. Skarp sving – grav på innersvingen og bak store steiner. Berggrunn: Kalkglimmerskifer (100 % gunstig oppstrøms). Avsides: 4.3 km fra bilvei – planlegg dagstur.</description><Point><coordinates>16.87828,68.24754,0</coordinates></Point></Placemark>
<Placemark><name>Ballangen - Bálák 11B Botnmoen (Botnelva)</name><description>P=63. Foss/stryk rett oppstrøms (27 m fall på 100 m) – fossekulp og fjell i dagen. Skarp sving – grav på innersvingen og bak store steiner. Berggrunn: Granatglimmerskifer (100 % gunstig oppstrøms). Avsides: 6.1 km fra bilvei – planlegg dagstur.</description><Point><coordinates>16.92724,68.24257,0</coordinates></Point></Placemark>
<Placemark><name>Ballangen - Bálák 12B Kjeldebotn - Gáldovuotna (Skarnesdalelva)</name><description>P=59. Foss/stryk rett oppstrøms (15 m fall på 100 m) – fossekulp og fjell i dagen. Os: sideelv kommer inn her – grus og tyngre materiale legges i osen og bankehodet nedenfor. Berggrunn: Granatglimmerskifer (62 % gunstig oppstrøms). Lett: bilvei 38 m unna (service). Parkering 290 m unna.</description><Point><coordinates>16.67190,68.40479,0</coordinates></Point></Placemark>
<Placemark><name>Ballangen - Bálák 13B Furuhaugfossen (Skarnesdalelva)</name><description>P=57. Foss/stryk rett oppstrøms (13 m fall på 100 m) – fossekulp og fjell i dagen. Os: Kvannelva kommer inn her – grus og tyngre materiale legges i osen og bankehodet nedenfor. Berggrunn: Granatglimmerskifer (54 % gunstig oppstrøms). Kort gange: bilvei 227 m unna.</description><Point><coordinates>16.71082,68.39502,0</coordinates></Point></Placemark>
<Placemark><name>Ballangen - Bálák 14B Arneslia-Bruavann (Arneselva)</name><description>P=56. Foss/stryk rett oppstrøms (23 m fall på 100 m) – fossekulp og fjell i dagen. Os: sideelv kommer inn her – grus og tyngre materiale legges i osen og bankehodet nedenfor. Berggrunn: Granatglimmerskifer (100 % gunstig oppstrøms). Kort gange: bilvei 280 m unna.</description><Point><coordinates>16.93450,68.33202,0</coordinates></Point></Placemark>
<Placemark><name>Ballangen - Bálák 15B Kvannmoelva, km 1.0</name><description>P=54. Foss/stryk rett oppstrøms (4 m fall på 100 m) – fossekulp og fjell i dagen. Os: sideelv kommer inn her – grus og tyngre materiale legges i osen og bankehodet nedenfor. Skarp sving – grav på innersvingen og bak store steiner. Berggrunn: Kalkglimmerskifer (100 % gunstig oppstrøms). Avsides: 3.4 km fra bilvei – planlegg dagstur.</description><Point><coordinates>16.86372,68.23643,0</coordinates></Point></Placemark>
<Placemark><name>Ballangen - Bálák 16B Botnelva, km 1.0</name><description>P=54. Foss/stryk rett oppstrøms (28 m fall på 100 m) – fossekulp og fjell i dagen. Strømeffekten faller 34 % over strekningen – tungt materiale slipper her. Berggrunn: Granatglimmerskifer (100 % gunstig oppstrøms). Avsides: 6.4 km fra bilvei – planlegg dagstur.</description><Point><coordinates>16.93642,68.23555,0</coordinates></Point></Placemark>
<Placemark><name>Ballangen - Bálák 17B Furuholt (Kjeldelva - Gáldojohka)</name><description>P=53. Foss/stryk rett oppstrøms (3 m fall på 100 m) – fossekulp og fjell i dagen. Berggrunn: Marmor (85 % gunstig oppstrøms). Kort gange: bilvei 320 m unna.</description><Point><coordinates>16.60122,68.39644,0</coordinates></Point></Placemark>
<Placemark><name>Ballangen - Bálák 18B bekk, km 0.7</name><description>P=52. Foss/stryk rett oppstrøms (7 m fall på 100 m) – fossekulp og fjell i dagen. Os: sideelv kommer inn her – grus og tyngre materiale legges i osen og bankehodet nedenfor. Berggrunn: Granatglimmerskifer (81 % gunstig oppstrøms). Avsides: 4.3 km fra bilvei – planlegg dagstur.</description><Point><coordinates>16.87767,68.28385,0</coordinates></Point></Placemark>
<Placemark><name>Ballangen - Bálák 19B Stokkedalen (bekk)</name><description>P=49. Foss/stryk rett oppstrøms (77 m fall på 100 m) – fossekulp og fjell i dagen. Berggrunn: Granatglimmerskifer (78 % gunstig oppstrøms). Avsides: 4.8 km fra bilvei – planlegg dagstur.</description><Point><coordinates>16.86849,68.27206,0</coordinates></Point></Placemark>
<Placemark><name>Ballangen - Bálák 20B Klippenborg (bekk)</name><description>P=47. Foss/stryk rett oppstrøms (13 m fall på 100 m) – fossekulp og fjell i dagen. Skarp sving – grav på innersvingen og bak store steiner. Berggrunn: Glimmerskifer (81 % gunstig oppstrøms). Kort gange: bilvei 150 m unna.</description><Point><coordinates>16.55692,68.35586,0</coordinates></Point></Placemark>
</Folder>
<Folder><name>Valestrandsfossen</name>
<Placemark><name>Valestrandsfossen 1A Hellestræet (Kalddalselva)</name><description>P=100. Foss/stryk rett oppstrøms (52 m fall på 100 m) – fossekulp og fjell i dagen. Skarp sving – grav på innersvingen og bak store steiner. τ = 625 Pa ≈ 1.8× terskelen: sand og grus flyttes ved flom, gull blir liggende (retensjon). Berggrunn: Migmatitt (100 % gunstig oppstrøms). Lett: bilvei 21 m unna (Hellevegen). Parkering 1242 m unna.</description><Point><coordinates>5.75211,60.56531,0</coordinates></Point></Placemark>
<Placemark><name>Valestrandsfossen 2A Tveite (bekk)</name><description>P=77. Foss/stryk rett oppstrøms (34 m fall på 100 m) – fossekulp og fjell i dagen. τ = 322 Pa ≈ 1.3× terskelen: sand og grus flyttes ved flom, gull blir liggende (retensjon). Berggrunn: Migmatitt (75 % gunstig oppstrøms). Lett: bilvei 26 m unna (Hellevegen). Parkering 1299 m unna.</description><Point><coordinates>5.77231,60.57881,0</coordinates></Point></Placemark>
<Placemark><name>Valestrandsfossen 3A Herlandsfossen (Herlandselva)</name><description>P=76. Foss/stryk rett oppstrøms (21 m fall på 100 m) – fossekulp og fjell i dagen. τ = 254 Pa ≈ 1.0× terskelen: sand og grus flyttes ved flom, gull blir liggende (retensjon). Berggrunn: Grønnskifer (100 % gunstig oppstrøms). Lett: bilvei 22 m unna (service). Parkering 1086 m unna.</description><Point><coordinates>5.54443,60.58091,0</coordinates></Point></Placemark>
<Placemark><name>Valestrandsfossen 4A Eikemo (Eikefetelva)</name><description>P=75. Foss/stryk rett oppstrøms (9 m fall på 100 m) – fossekulp og fjell i dagen. Os: Fitjaelva kommer inn her – grus og tyngre materiale legges i osen og bankehodet nedenfor. Berggrunn: Granodiorittisk gneis (96 % gunstig oppstrøms). Lett: bilvei 55 m unna (track).</description><Point><coordinates>5.54244,60.70788,0</coordinates></Point></Placemark>
<Placemark><name>Valestrandsfossen 5B Løtveit (Herlandselva)</name><description>P=63. Foss/stryk rett oppstrøms (17 m fall på 100 m) – fossekulp og fjell i dagen. τ = 182 Pa ≈ 0.8× terskelen: sand og grus flyttes ved flom, gull blir liggende (retensjon). Berggrunn: Grønnskifer (100 % gunstig oppstrøms). Kort gange: bilvei 194 m unna. Parkering 306 m unna.</description><Point><coordinates>5.56182,60.57813,0</coordinates></Point></Placemark>
<Placemark><name>Valestrandsfossen 6B Varhaugen (Hovdaelva)</name><description>P=56. Foss/stryk rett oppstrøms (26 m fall på 100 m) – fossekulp og fjell i dagen. Os: sideelv kommer inn her – grus og tyngre materiale legges i osen og bankehodet nedenfor. Berggrunn: Båndgneis (100 % gunstig oppstrøms). Lett: bilvei 69 m unna (Gjerstad).</description><Point><coordinates>5.55006,60.49813,0</coordinates></Point></Placemark>
<Placemark><name>Valestrandsfossen 7B Pilatusjelet (Eikefetelva)</name><description>P=52. Foss/stryk rett oppstrøms (9 m fall på 100 m) – fossekulp og fjell i dagen. Berggrunn: Granodiorittisk gneis (90 % gunstig oppstrøms). Kort gange: bilvei 166 m unna.</description><Point><coordinates>5.54455,60.71466,0</coordinates></Point></Placemark>
<Placemark><name>Valestrandsfossen 8B Langøyna (Øyadalselva)</name><description>P=51. Foss/stryk rett oppstrøms (4 m fall på 100 m) – fossekulp og fjell i dagen. Skarp sving – grav på innersvingen og bak store steiner. Strømeffekten faller 31 % over strekningen – tungt materiale slipper her. Berggrunn: Granodiorittisk gneis (100 % gunstig oppstrøms). Kort gange: bilvei 245 m unna.</description><Point><coordinates>5.79259,60.67621,0</coordinates></Point></Placemark>
<Placemark><name>Valestrandsfossen 9B Solbakken (bekk)</name><description>P=50. Foss/stryk rett oppstrøms (8 m fall på 100 m) – fossekulp og fjell i dagen. Os: sideelv kommer inn her – grus og tyngre materiale legges i osen og bankehodet nedenfor. Skarp sving – grav på innersvingen og bak store steiner. Berggrunn: Amfibolitt (100 % gunstig oppstrøms). Lett: bilvei 10 m unna (Gandalen). Parkering 307 m unna.</description><Point><coordinates>5.36487,60.49863,0</coordinates></Point></Placemark>
<Placemark><name>Valestrandsfossen 10B Andaberget (Ytråna)</name><description>P=50. Foss/stryk rett oppstrøms (74 m fall på 100 m) – fossekulp og fjell i dagen. Skarp sving – grav på innersvingen og bak store steiner. τ = 449 Pa ≈ 1.2× terskelen: sand og grus flyttes ved flom, gull blir liggende (retensjon). Kort gange: bilvei 179 m unna.</description><Point><coordinates>5.72942,60.51089,0</coordinates></Point></Placemark>
<Placemark><name>Valestrandsfossen 11B Solbjørg (Hovdaelva)</name><description>P=49. Foss/stryk rett oppstrøms (4 m fall på 100 m) – fossekulp og fjell i dagen. Skarp sving – grav på innersvingen og bak store steiner. Berggrunn: Båndgneis (100 % gunstig oppstrøms). Lett: bilvei 85 m unna (unclassified).</description><Point><coordinates>5.54153,60.50442,0</coordinates></Point></Placemark>
<Placemark><name>Valestrandsfossen 12B Giljafossen (Lonelva)</name><description>P=49. Foss/stryk rett oppstrøms (4 m fall på 100 m) – fossekulp og fjell i dagen. Berggrunn: Båndgneis (100 % gunstig oppstrøms). Lett: bilvei 42 m unna (service). Parkering 515 m unna.</description><Point><coordinates>5.50460,60.51849,0</coordinates></Point></Placemark>
<Placemark><name>Valestrandsfossen 13B Dalegarden (Daleelva)</name><description>P=48. Berggrunn: Granittisk gneis (100 % gunstig oppstrøms). Lett: bilvei 16 m unna (Vaksdalsvegen). Parkering 464 m unna.</description><Point><coordinates>5.78692,60.58092,0</coordinates></Point></Placemark>
<Placemark><name>Valestrandsfossen 14C Geithøyen (Fitjaelva)</name><description>P=45. Foss/stryk rett oppstrøms (16 m fall på 100 m) – fossekulp og fjell i dagen. Os: Setreelva kommer inn her – grus og tyngre materiale legges i osen og bankehodet nedenfor. Berggrunn: Migmatitt (68 % gunstig oppstrøms). Gange 0.7 km fra nærmeste bilvei.</description><Point><coordinates>5.52523,60.71010,0</coordinates></Point></Placemark>
<Placemark><name>Valestrandsfossen 15C Stadsberget (Kupelva)</name><description>P=43. Foss/stryk rett oppstrøms (7 m fall på 100 m) – fossekulp og fjell i dagen. Skarp sving – grav på innersvingen og bak store steiner. Berggrunn: Kvartsskifer (92 % gunstig oppstrøms). Lett: bilvei 97 m unna (unclassified). Parkering 1292 m unna.</description><Point><coordinates>5.65778,60.50806,0</coordinates></Point></Placemark>
<Placemark><name>Valestrandsfossen 16C Eikefet (Eikefetelva)</name><description>P=36. Foss/stryk rett oppstrøms (3 m fall på 100 m) – fossekulp og fjell i dagen. Berggrunn: Granodiorittisk gneis (97 % gunstig oppstrøms). Lett: bilvei 15 m unna (service).</description><Point><coordinates>5.54678,60.70170,0</coordinates></Point></Placemark>
<Placemark><name>Valestrandsfossen 17C Fyllåa, km 0.4</name><description>P=35. Foss/stryk rett oppstrøms (111 m fall på 100 m) – fossekulp og fjell i dagen. Skarp sving – grav på innersvingen og bak store steiner. Berggrunn: Migmatitt (100 % gunstig oppstrøms). Avsides: 2.7 km fra bilvei – planlegg dagstur.</description><Point><coordinates>5.75589,60.60239,0</coordinates></Point></Placemark>
<Placemark><name>Valestrandsfossen 18C Nardalselva, km 2.1</name><description>P=33. Foss/stryk rett oppstrøms (63 m fall på 100 m) – fossekulp og fjell i dagen. Skarp sving – grav på innersvingen og bak store steiner. Berggrunn: Migmatitt (100 % gunstig oppstrøms). Avsides: 2.7 km fra bilvei – planlegg dagstur.</description><Point><coordinates>5.71424,60.59309,0</coordinates></Point></Placemark>
<Placemark><name>Valestrandsfossen 19C Brotna (bekk)</name><description>P=33. Foss/stryk rett oppstrøms (16 m fall på 100 m) – fossekulp og fjell i dagen. Skarp sving – grav på innersvingen og bak store steiner. Berggrunn: Båndgneis (100 % gunstig oppstrøms). Lett: bilvei 60 m unna (track).</description><Point><coordinates>5.54686,60.52353,0</coordinates></Point></Placemark>
<Placemark><name>Valestrandsfossen 20C Tangane (Kupelva)</name><description>P=33. Foss/stryk rett oppstrøms (8 m fall på 100 m) – fossekulp og fjell i dagen. Berggrunn: Kvartsskifer (95 % gunstig oppstrøms). Lett: bilvei 4 m unna (service).</description><Point><coordinates>5.64973,60.51481,0</coordinates></Point></Placemark>
</Folder>
<Folder><name>Berg</name>
<Placemark><name>Berg 1A Bergfossen (Sanddøla - Sovvene)</name><description>P=100. Foss/stryk rett oppstrøms (5 m fall på 100 m) – fossekulp og fjell i dagen. Os: Langtjønnelva kommer inn her – grus og tyngre materiale legges i osen og bankehodet nedenfor. τ = 118 Pa ≈ 1.5× terskelen: sand og grus flyttes ved flom, gull blir liggende (retensjon). Berggrunn: Granittisk gneis (45 % gunstig oppstrøms). NGU-registrert gullforekomst 3.1 km unna. Lett: bilvei 115 m unna (Sanddøldalsvegen).</description><Point><coordinates>12.98223,64.47279,0</coordinates></Point></Placemark>
<Placemark><name>Berg 2A Bergmoen (Fremsttjønnbekken)</name><description>P=99. Foss/stryk rett oppstrøms (56 m fall på 100 m) – fossekulp og fjell i dagen. Skarp sving – grav på innersvingen og bak store steiner. τ = 998 Pa ≈ 2.7× terskelen: sand og grus flyttes ved flom, gull blir liggende (retensjon). Berggrunn: Grønnstein (100 % gunstig oppstrøms). NGU-registrert gullforekomst 7.6 km unna. Kort gange: bilvei 156 m unna.</description><Point><coordinates>12.88702,64.46940,0</coordinates></Point></Placemark>
<Placemark><name>Berg 3A Iskvennfossan (Nesåa)</name><description>P=96. Foss/stryk rett oppstrøms (7 m fall på 100 m) – fossekulp og fjell i dagen. Os: Storbekken kommer inn her – grus og tyngre materiale legges i osen og bankehodet nedenfor. τ = 144 Pa ≈ 1.2× terskelen: sand og grus flyttes ved flom, gull blir liggende (retensjon). Berggrunn: Granodioritt (70 % gunstig oppstrøms). Lett: bilvei 51 m unna (service).</description><Point><coordinates>12.61086,64.56019,0</coordinates></Point></Placemark>
<Placemark><name>Berg 4A Mortenfossan (Nesåa)</name><description>P=89. Foss/stryk rett oppstrøms (12 m fall på 100 m) – fossekulp og fjell i dagen. τ = 284 Pa ≈ 1.5× terskelen: sand og grus flyttes ved flom, gull blir liggende (retensjon). Berggrunn: Granodioritt (70 % gunstig oppstrøms). NGU-registrert gullforekomst 7.6 km unna. Gange 0.6 km fra nærmeste bilvei.</description><Point><coordinates>12.67915,64.54662,0</coordinates></Point></Placemark>
<Placemark><name>Berg 5A Sanddøla - Sovvene, km 1.7</name><description>P=85. Os: sideelv kommer inn her – grus og tyngre materiale legges i osen og bankehodet nedenfor. τ = 72 Pa ≈ 1.4× terskelen: sand og grus flyttes ved flom, gull blir liggende (retensjon). Berggrunn: Granittisk gneis (45 % gunstig oppstrøms). NGU-registrert gullforekomst 1.7 km unna. Kort gange: bilvei 226 m unna.</description><Point><coordinates>13.00736,64.47812,0</coordinates></Point></Placemark>
<Placemark><name>Berg 6A Gressbekkmoen (Olabekken)</name><description>P=85. Foss/stryk rett oppstrøms (3 m fall på 100 m) – fossekulp og fjell i dagen. Skarp sving – grav på innersvingen og bak store steiner. τ = 106 Pa ≈ 0.9× terskelen: sand og grus flyttes ved flom, gull blir liggende (retensjon). Berggrunn: Gabbro (74 % gunstig oppstrøms). Lett: bilvei 145 m unna (service).</description><Point><coordinates>12.66019,64.55124,0</coordinates></Point></Placemark>
<Placemark><name>Berg 7A Litlmyra (bekk)</name><description>P=84. Foss/stryk rett oppstrøms (7 m fall på 100 m) – fossekulp og fjell i dagen. Os: sideelv kommer inn her – grus og tyngre materiale legges i osen og bankehodet nedenfor. τ = 144 Pa ≈ 0.9× terskelen: sand og grus flyttes ved flom, gull blir liggende (retensjon). Berggrunn: Gabbro (83 % gunstig oppstrøms). Kort gange: bilvei 475 m unna.</description><Point><coordinates>12.51563,64.48129,0</coordinates></Point></Placemark>
<Placemark><name>Berg 8A Grønstrandfossan (Nesåa)</name><description>P=82. Bratt stryk like oppstrøms – kulper og fjellsprekker. Os: Urdalsbekken kommer inn her – grus og tyngre materiale legges i osen og bankehodet nedenfor. τ = 97 Pa ≈ 1.0× terskelen: sand og grus flyttes ved flom, gull blir liggende (retensjon). Berggrunn: Granodioritt (70 % gunstig oppstrøms). Lett: bilvei 64 m unna (service).</description><Point><coordinates>12.56119,64.56580,0</coordinates></Point></Placemark>
<Placemark><name>Berg 9A Blautdalfossen (Medalåa)</name><description>P=80. Bratt stryk like oppstrøms – kulper og fjellsprekker. Skarp sving – grav på innersvingen og bak store steiner. τ = 134 Pa ≈ 1.5× terskelen: sand og grus flyttes ved flom, gull blir liggende (retensjon). Berggrunn: Granittisk gneis (45 % gunstig oppstrøms). Gange 0.9 km fra nærmeste bilvei.</description><Point><coordinates>12.51587,64.38614,0</coordinates></Point></Placemark>
<Placemark><name>Berg 10B Nyneset (Sanddøla - Sovvene)</name><description>P=78. Os: sideelv kommer inn her – grus og tyngre materiale legges i osen og bankehodet nedenfor. τ = 52 Pa ≈ 1.3× terskelen: sand og grus flyttes ved flom, gull blir liggende (retensjon). Berggrunn: Granittisk gneis (45 % gunstig oppstrøms). NGU-registrert gullforekomst 2.5 km unna. Lett: bilvei 54 m unna (track). Parkering 225 m unna.</description><Point><coordinates>12.69949,64.45682,0</coordinates></Point></Placemark>
<Placemark><name>Berg 11B Sanddøla - Sovvene, km 16.3</name><description>P=75. Os: Børbekken kommer inn her – grus og tyngre materiale legges i osen og bankehodet nedenfor. τ = 64 Pa ≈ 1.5× terskelen: sand og grus flyttes ved flom, gull blir liggende (retensjon). Berggrunn: Granittisk gneis (45 % gunstig oppstrøms). NGU-registrert gullforekomst 2.5 km unna. Lett: bilvei 63 m unna (Sanddøldalsvegen). Parkering 165 m unna.</description><Point><coordinates>12.72393,64.45972,0</coordinates></Point></Placemark>
<Placemark><name>Berg 12B Nesåa, km 0.2</name><description>P=74. Foss/stryk rett oppstrøms (17 m fall på 100 m) – fossekulp og fjell i dagen. τ = 186 Pa ≈ 0.9× terskelen: sand og grus flyttes ved flom, gull blir liggende (retensjon). Berggrunn: Granodioritt (70 % gunstig oppstrøms). Avsides: 6.3 km fra bilvei – planlegg dagstur.</description><Point><coordinates>12.85976,64.58074,0</coordinates></Point></Placemark>
<Placemark><name>Berg 13B Myrvang (Hyllbekkåa)</name><description>P=74. Foss/stryk rett oppstrøms (4 m fall på 100 m) – fossekulp og fjell i dagen. τ = 93 Pa ≈ 1.0× terskelen: sand og grus flyttes ved flom, gull blir liggende (retensjon). Berggrunn: Gabbro (92 % gunstig oppstrøms). Kort gange: bilvei 233 m unna.</description><Point><coordinates>12.58506,64.56716,0</coordinates></Point></Placemark>
<Placemark><name>Berg 14B Solemsmosetran (Nesåa)</name><description>P=72. Foss/stryk rett oppstrøms (5 m fall på 100 m) – fossekulp og fjell i dagen. τ = 111 Pa ≈ 0.9× terskelen: sand og grus flyttes ved flom, gull blir liggende (retensjon). Berggrunn: Granodioritt (70 % gunstig oppstrøms). NGU-registrert gullforekomst 7.1 km unna. Gange 0.7 km fra nærmeste bilvei.</description><Point><coordinates>12.77261,64.53377,0</coordinates></Point></Placemark>
<Placemark><name>Berg 15B Mikalplassen (Sanddøla - Sovvene)</name><description>P=72. Os: Toremobekken kommer inn her – grus og tyngre materiale legges i osen og bankehodet nedenfor. τ = 45 Pa ≈ 1.1× terskelen: sand og grus flyttes ved flom, gull blir liggende (retensjon). Berggrunn: Granittisk gneis (45 % gunstig oppstrøms). NGU-registrert gullforekomst 3.8 km unna. Lett: bilvei 77 m unna (Sanddøldalsvegen).</description><Point><coordinates>12.76595,64.46160,0</coordinates></Point></Placemark>
<Placemark><name>Berg 16B Nesåa, km 5.2</name><description>P=69. Foss/stryk rett oppstrøms (4 m fall på 100 m) – fossekulp og fjell i dagen. Os: sideelv kommer inn her – grus og tyngre materiale legges i osen og bankehodet nedenfor. Berggrunn: Granodioritt (70 % gunstig oppstrøms). Avsides: 3.4 km fra bilvei – planlegg dagstur.</description><Point><coordinates>12.81506,64.54945,0</coordinates></Point></Placemark>
<Placemark><name>Berg 17B Gammel Hansmoen (Sanddøla - Sovvene)</name><description>P=69. Os: Hansmobekken kommer inn her – grus og tyngre materiale legges i osen og bankehodet nedenfor. τ = 46 Pa ≈ 1.1× terskelen: sand og grus flyttes ved flom, gull blir liggende (retensjon). Berggrunn: Granittisk gneis (45 % gunstig oppstrøms). NGU-registrert gullforekomst 6.2 km unna. Lett: bilvei 105 m unna (Sanddøldalsvegen).</description><Point><coordinates>12.82192,64.46548,0</coordinates></Point></Placemark>
<Placemark><name>Berg 18B bekk, km 2.1</name><description>P=68. Foss/stryk rett oppstrøms (15 m fall på 100 m) – fossekulp og fjell i dagen. Skarp sving – grav på innersvingen og bak store steiner. τ = 229 Pa ≈ 1.1× terskelen: sand og grus flyttes ved flom, gull blir liggende (retensjon). Berggrunn: Ryodacitt (40 % gunstig oppstrøms). Avsides: 6.6 km fra bilvei – planlegg dagstur.</description><Point><coordinates>12.88837,64.39851,0</coordinates></Point></Placemark>
<Placemark><name>Berg 19B Sanddøla - Sovvene, km 8.9</name><description>P=66. Os: Tverrelva kommer inn her – grus og tyngre materiale legges i osen og bankehodet nedenfor. τ = 46 Pa ≈ 1.2× terskelen: sand og grus flyttes ved flom, gull blir liggende (retensjon). Berggrunn: Granittisk gneis (45 % gunstig oppstrøms). Lett: bilvei 56 m unna (Sanddøldalsvegen).</description><Point><coordinates>12.87152,64.46796,0</coordinates></Point></Placemark>
<Placemark><name>Berg 20B Brenna (Sanddøla - Sovvene)</name><description>P=66. Os: sideelv kommer inn her – grus og tyngre materiale legges i osen og bankehodet nedenfor. τ = 40 Pa ≈ 1.0× terskelen: sand og grus flyttes ved flom, gull blir liggende (retensjon). Berggrunn: Granittisk gneis (45 % gunstig oppstrøms). NGU-registrert gullforekomst 4.3 km unna. Kort gange: bilvei 218 m unna.</description><Point><coordinates>12.63486,64.45152,0</coordinates></Point></Placemark>
</Folder>
<Folder><name>Berkåk</name>
<Placemark><name>Berkåk 1A Gullikstad (Orkla)</name><description>P=100. Foss/stryk rett oppstrøms (3 m fall på 100 m) – fossekulp og fjell i dagen. Os: Merrabekken kommer inn her – grus og tyngre materiale legges i osen og bankehodet nedenfor. τ = 201 Pa ≈ 2.1× terskelen: sand og grus flyttes ved flom, gull blir liggende (retensjon). Berggrunn: Granatglimmerskifer (62 % gunstig oppstrøms). Kort gange: bilvei 160 m unna. Parkering 806 m unna.</description><Point><coordinates>9.97353,62.73902,0</coordinates></Point></Placemark>
<Placemark><name>Berkåk 2A Pålsmoen (Orkla)</name><description>P=96. Foss/stryk rett oppstrøms (4 m fall på 100 m) – fossekulp og fjell i dagen. Os: sideelv kommer inn her – grus og tyngre materiale legges i osen og bankehodet nedenfor. τ = 227 Pa ≈ 2.2× terskelen: sand og grus flyttes ved flom, gull blir liggende (retensjon). Berggrunn: Granatglimmerskifer (62 % gunstig oppstrøms). Kort gange: bilvei 373 m unna. Parkering 890 m unna.</description><Point><coordinates>10.01020,62.71977,0</coordinates></Point></Placemark>
<Placemark><name>Berkåk 3A Nyberget (Orkla)</name><description>P=95. Foss/stryk rett oppstrøms (4 m fall på 100 m) – fossekulp og fjell i dagen. Os: Gruvbekken kommer inn her – grus og tyngre materiale legges i osen og bankehodet nedenfor. τ = 170 Pa ≈ 2.0× terskelen: sand og grus flyttes ved flom, gull blir liggende (retensjon). Berggrunn: Granatglimmerskifer (62 % gunstig oppstrøms). Lett: bilvei 112 m unna (Østerdalsveien).</description><Point><coordinates>10.09449,62.70547,0</coordinates></Point></Placemark>
<Placemark><name>Berkåk 4A Søndre Tosetbakken (Orkla)</name><description>P=94. Foss/stryk rett oppstrøms (4 m fall på 100 m) – fossekulp og fjell i dagen. Os: sideelv kommer inn her – grus og tyngre materiale legges i osen og bankehodet nedenfor. τ = 177 Pa ≈ 2.3× terskelen: sand og grus flyttes ved flom, gull blir liggende (retensjon). Berggrunn: Granatglimmerskifer (62 % gunstig oppstrøms). Kort gange: bilvei 258 m unna.</description><Point><coordinates>9.98714,62.76163,0</coordinates></Point></Placemark>
<Placemark><name>Berkåk 5A Nylenfossen (Orkla)</name><description>P=94. Foss/stryk rett oppstrøms (4 m fall på 100 m) – fossekulp og fjell i dagen. Os: Langvella kommer inn her – grus og tyngre materiale legges i osen og bankehodet nedenfor. τ = 94 Pa ≈ 1.5× terskelen: sand og grus flyttes ved flom, gull blir liggende (retensjon). Berggrunn: Granatglimmerskifer (62 % gunstig oppstrøms). Kort gange: bilvei 412 m unna.</description><Point><coordinates>9.99483,62.79203,0</coordinates></Point></Placemark>
<Placemark><name>Berkåk 6A Ulsberg (Orkla)</name><description>P=91. Foss/stryk rett oppstrøms (5 m fall på 100 m) – fossekulp og fjell i dagen. Strømeffekten faller 56 % over strekningen – tungt materiale slipper her. τ = 105 Pa ≈ 1.6× terskelen: sand og grus flyttes ved flom, gull blir liggende (retensjon). Berggrunn: Granatglimmerskifer (62 % gunstig oppstrøms). Kort gange: bilvei 213 m unna. Parkering 755 m unna.</description><Point><coordinates>9.97733,62.75284,0</coordinates></Point></Placemark>
<Placemark><name>Berkåk 7A Ærhølen (Orkla)</name><description>P=87. Os: Gautvella kommer inn her – grus og tyngre materiale legges i osen og bankehodet nedenfor. Skarp sving – grav på innersvingen og bak store steiner. τ = 33 Pa ≈ 1.1× terskelen: sand og grus flyttes ved flom, gull blir liggende (retensjon). Berggrunn: Granatglimmerskifer (62 % gunstig oppstrøms). Lett: bilvei 110 m unna (Gunnesveien).</description><Point><coordinates>9.86937,62.84326,0</coordinates></Point></Placemark>
<Placemark><name>Berkåk 8A Ytterhus (Orkla)</name><description>P=86. Os: Sæterbekken kommer inn her – grus og tyngre materiale legges i osen og bankehodet nedenfor. τ = 37 Pa ≈ 1.2× terskelen: sand og grus flyttes ved flom, gull blir liggende (retensjon). Berggrunn: Granatglimmerskifer (62 % gunstig oppstrøms). Lett: bilvei 79 m unna (service).</description><Point><coordinates>10.00810,62.79810,0</coordinates></Point></Placemark>
<Placemark><name>Berkåk 9A Nørigard (Orkla)</name><description>P=86. Os: sideelv kommer inn her – grus og tyngre materiale legges i osen og bankehodet nedenfor. τ = 27 Pa ≈ 1.1× terskelen: sand og grus flyttes ved flom, gull blir liggende (retensjon). Berggrunn: Granatglimmerskifer (62 % gunstig oppstrøms). Kort gange: bilvei 159 m unna.</description><Point><coordinates>9.83890,62.85583,0</coordinates></Point></Placemark>
<Placemark><name>Berkåk 10B Stamneshåggån (Orkla)</name><description>P=84. Os: Høka kommer inn her – grus og tyngre materiale legges i osen og bankehodet nedenfor. τ = 60 Pa ≈ 1.3× terskelen: sand og grus flyttes ved flom, gull blir liggende (retensjon). Berggrunn: Granatglimmerskifer (62 % gunstig oppstrøms). Kort gange: bilvei 218 m unna.</description><Point><coordinates>9.83692,62.84897,0</coordinates></Point></Placemark>
<Placemark><name>Berkåk 11B Sliperhølen (Orkla)</name><description>P=84. Os: Brea kommer inn her – grus og tyngre materiale legges i osen og bankehodet nedenfor. Skarp sving – grav på innersvingen og bak store steiner. τ = 39 Pa ≈ 1.0× terskelen: sand og grus flyttes ved flom, gull blir liggende (retensjon). Berggrunn: Granatglimmerskifer (62 % gunstig oppstrøms). Lett: bilvei 76 m unna (Orkdalsveien). Parkering 627 m unna.</description><Point><coordinates>9.95712,62.83584,0</coordinates></Point></Placemark>
<Placemark><name>Berkåk 12B Bruahølen (Orkla)</name><description>P=84. Os: Eggjåa kommer inn her – grus og tyngre materiale legges i osen og bankehodet nedenfor. τ = 61 Pa ≈ 1.4× terskelen: sand og grus flyttes ved flom, gull blir liggende (retensjon). Berggrunn: Granatglimmerskifer (62 % gunstig oppstrøms). Lett: bilvei 101 m unna (unclassified). Parkering 1244 m unna.</description><Point><coordinates>9.97764,62.83059,0</coordinates></Point></Placemark>
<Placemark><name>Berkåk 13B Østre Nåverdalen (Orkla)</name><description>P=83. Bratt stryk like oppstrøms – kulper og fjellsprekker. Os: Grytbekken kommer inn her – grus og tyngre materiale legges i osen og bankehodet nedenfor. τ = 53 Pa ≈ 1.1× terskelen: sand og grus flyttes ved flom, gull blir liggende (retensjon). Berggrunn: Granatglimmerskifer (62 % gunstig oppstrøms). Lett: bilvei 99 m unna (Østerdalsveien). Parkering 455 m unna.</description><Point><coordinates>10.12989,62.70106,0</coordinates></Point></Placemark>
<Placemark><name>Berkåk 14B Kvernhusfossen (Orkla)</name><description>P=81. Bratt stryk like oppstrøms – kulper og fjellsprekker. τ = 151 Pa ≈ 2.2× terskelen: sand og grus flyttes ved flom, gull blir liggende (retensjon). Berggrunn: Granatglimmerskifer (62 % gunstig oppstrøms). Kort gange: bilvei 289 m unna.</description><Point><coordinates>9.98382,62.78041,0</coordinates></Point></Placemark>
<Placemark><name>Berkåk 15B Uvsøya (Orkla)</name><description>P=79. Os: Jaklabekken kommer inn her – grus og tyngre materiale legges i osen og bankehodet nedenfor. τ = 103 Pa ≈ 1.6× terskelen: sand og grus flyttes ved flom, gull blir liggende (retensjon). Berggrunn: Granatglimmerskifer (62 % gunstig oppstrøms). Lett: bilvei 129 m unna (unclassified). Parkering 835 m unna.</description><Point><coordinates>10.00013,62.81934,0</coordinates></Point></Placemark>
<Placemark><name>Berkåk 16B Sigstad (Orkla)</name><description>P=75. Foss/stryk rett oppstrøms (3 m fall på 100 m) – fossekulp og fjell i dagen. Os: Nyhusbekken kommer inn her – grus og tyngre materiale legges i osen og bankehodet nedenfor. τ = 311 Pa ≈ 2.8× terskelen: sand og grus flyttes ved flom, gull blir liggende (retensjon). Berggrunn: Granatglimmerskifer (62 % gunstig oppstrøms). Kort gange: bilvei 245 m unna. Parkering 417 m unna.</description><Point><coordinates>10.02348,62.71663,0</coordinates></Point></Placemark>
<Placemark><name>Berkåk 17B Nåverdalen (Nova)</name><description>P=74. Foss/stryk rett oppstrøms (11 m fall på 100 m) – fossekulp og fjell i dagen. Os: sideelv kommer inn her – grus og tyngre materiale legges i osen og bankehodet nedenfor. Berggrunn: Glimmerskifer (100 % gunstig oppstrøms). Kort gange: bilvei 159 m unna. Parkering 724 m unna.</description><Point><coordinates>10.14445,62.70379,0</coordinates></Point></Placemark>
<Placemark><name>Berkåk 18B Bakken (Orkla)</name><description>P=74. Os: sideelv kommer inn her – grus og tyngre materiale legges i osen og bankehodet nedenfor. τ = 162 Pa ≈ 2.1× terskelen: sand og grus flyttes ved flom, gull blir liggende (retensjon). Berggrunn: Granatglimmerskifer (62 % gunstig oppstrøms). Kort gange: bilvei 313 m unna.</description><Point><coordinates>9.99496,62.72574,0</coordinates></Point></Placemark>
<Placemark><name>Berkåk 19B Buddenget (Orkla)</name><description>P=74. Foss/stryk rett oppstrøms (3 m fall på 100 m) – fossekulp og fjell i dagen. τ = 205 Pa ≈ 2.2× terskelen: sand og grus flyttes ved flom, gull blir liggende (retensjon). Berggrunn: Granatglimmerskifer (62 % gunstig oppstrøms). Kort gange: bilvei 243 m unna. Parkering 644 m unna.</description><Point><coordinates>9.97582,62.74585,0</coordinates></Point></Placemark>
<Placemark><name>Berkåk 20B Rokkogjerdet (Orkla)</name><description>P=73. Os: Rukku kommer inn her – grus og tyngre materiale legges i osen og bankehodet nedenfor. Strømeffekten faller 35 % over strekningen – tungt materiale slipper her. τ = 11 Pa ≈ 0.9× terskelen: sand og grus flyttes ved flom, gull blir liggende (retensjon). Berggrunn: Granatglimmerskifer (62 % gunstig oppstrøms). Lett: bilvei 143 m unna (service).</description><Point><coordinates>9.83892,62.86571,0</coordinates></Point></Placemark>
</Folder>
<Folder><name>Mosjøen</name>
<Placemark><name>Mosjøen 1A Torjorda (Mølnbekken)</name><description>P=100. Foss/stryk rett oppstrøms (28 m fall på 100 m) – fossekulp og fjell i dagen. Os: sideelv kommer inn her – grus og tyngre materiale legges i osen og bankehodet nedenfor. Skarp sving – grav på innersvingen og bak store steiner. τ = 410 Pa ≈ 1.5× terskelen: sand og grus flyttes ved flom, gull blir liggende (retensjon). Berggrunn: Glimmerskifer (64 % gunstig oppstrøms). Lett: bilvei 75 m unna (unclassified).</description><Point><coordinates>13.15605,65.67232,0</coordinates></Point></Placemark>
<Placemark><name>Mosjøen 2A Stormoida (Klubbelva)</name><description>P=98. Foss/stryk rett oppstrøms (13 m fall på 100 m) – fossekulp og fjell i dagen. Os: Brennhaugbekken kommer inn her – grus og tyngre materiale legges i osen og bankehodet nedenfor. τ = 419 Pa ≈ 1.7× terskelen: sand og grus flyttes ved flom, gull blir liggende (retensjon). Berggrunn: Glimmerskifer (100 % gunstig oppstrøms). Lett: bilvei 102 m unna (Eiterådalsvegen).</description><Point><coordinates>13.19988,65.69353,0</coordinates></Point></Placemark>
<Placemark><name>Mosjøen 3A Stigmoen (Vefsna - Vaapstenjeanoe)</name><description>P=98. Foss/stryk rett oppstrøms (5 m fall på 100 m) – fossekulp og fjell i dagen. Skarp sving – grav på innersvingen og bak store steiner. Strømeffekten faller 39 % over strekningen – tungt materiale slipper her. τ = 136 Pa ≈ 2.0× terskelen: sand og grus flyttes ved flom, gull blir liggende (retensjon). Berggrunn: Glimmerskifer (53 % gunstig oppstrøms). Kort gange: bilvei 223 m unna.</description><Point><coordinates>13.21763,65.72381,0</coordinates></Point></Placemark>
<Placemark><name>Mosjøen 4A Stormoida (Eiteråga)</name><description>P=92. Foss/stryk rett oppstrøms (3 m fall på 100 m) – fossekulp og fjell i dagen. Skarp sving – grav på innersvingen og bak store steiner. τ = 93 Pa ≈ 1.2× terskelen: sand og grus flyttes ved flom, gull blir liggende (retensjon). Berggrunn: Dioritt (80 % gunstig oppstrøms). Kort gange: bilvei 242 m unna. Parkering 944 m unna.</description><Point><coordinates>13.21540,65.69389,0</coordinates></Point></Placemark>
<Placemark><name>Mosjøen 5A Strupen (Eiteråga)</name><description>P=85. Foss/stryk rett oppstrøms (11 m fall på 100 m) – fossekulp og fjell i dagen. τ = 166 Pa ≈ 1.3× terskelen: sand og grus flyttes ved flom, gull blir liggende (retensjon). Berggrunn: Dioritt (79 % gunstig oppstrøms). Lett: bilvei 111 m unna (Eiterådalsvegen).</description><Point><coordinates>13.17671,65.69204,0</coordinates></Point></Placemark>
<Placemark><name>Mosjøen 6A Stormyra (Eiteråga)</name><description>P=79. Foss/stryk rett oppstrøms (3 m fall på 100 m) – fossekulp og fjell i dagen. τ = 89 Pa ≈ 1.1× terskelen: sand og grus flyttes ved flom, gull blir liggende (retensjon). Berggrunn: Dioritt (79 % gunstig oppstrøms). Kort gange: bilvei 398 m unna.</description><Point><coordinates>13.16355,65.68692,0</coordinates></Point></Placemark>
<Placemark><name>Mosjøen 7A Ramnåga (Vefsna - Vaapstenjeanoe)</name><description>P=73. Os: Ramnåga kommer inn her – grus og tyngre materiale legges i osen og bankehodet nedenfor. τ = 31 Pa ≈ 1.3× terskelen: sand og grus flyttes ved flom, gull blir liggende (retensjon). Berggrunn: Glimmerskifer (52 % gunstig oppstrøms). Lett: bilvei 98 m unna (service). Parkering 1359 m unna.</description><Point><coordinates>13.24244,65.70459,0</coordinates></Point></Placemark>
<Placemark><name>Mosjøen 8A Setra (Herringelva)</name><description>P=71. Foss/stryk rett oppstrøms (6 m fall på 100 m) – fossekulp og fjell i dagen. τ = 152 Pa ≈ 1.0× terskelen: sand og grus flyttes ved flom, gull blir liggende (retensjon). Berggrunn: Glimmerskifer (67 % gunstig oppstrøms). Lett: bilvei 81 m unna (service).</description><Point><coordinates>13.50413,65.84287,0</coordinates></Point></Placemark>
<Placemark><name>Mosjøen 9A Eiterånesholmen (Vefsna - Vaapstenjeanoe)</name><description>P=71. Os: Eiteråga kommer inn her – grus og tyngre materiale legges i osen og bankehodet nedenfor. τ = 55 Pa ≈ 1.5× terskelen: sand og grus flyttes ved flom, gull blir liggende (retensjon). Berggrunn: Glimmerskifer (52 % gunstig oppstrøms). Kort gange: bilvei 261 m unna. Parkering 483 m unna.</description><Point><coordinates>13.24617,65.69330,0</coordinates></Point></Placemark>
<Placemark><name>Mosjøen 10B Moen (Vefsna - Vaapstenjeanoe)</name><description>P=70. Strømeffekten faller 40 % over strekningen – tungt materiale slipper her. τ = 23 Pa ≈ 1.6× terskelen: sand og grus flyttes ved flom, gull blir liggende (retensjon). Berggrunn: Glimmerskifer (52 % gunstig oppstrøms). Lett: bilvei 60 m unna (Ramnåvegen).</description><Point><coordinates>13.22702,65.71189,0</coordinates></Point></Placemark>
<Placemark><name>Mosjøen 11B Hamptjønna (Vefsna - Vaapstenjeanoe)</name><description>P=68. τ = 17 Pa ≈ 1.3× terskelen: sand og grus flyttes ved flom, gull blir liggende (retensjon). Berggrunn: Glimmerskifer (53 % gunstig oppstrøms). Kort gange: bilvei 173 m unna.</description><Point><coordinates>13.22839,65.74322,0</coordinates></Point></Placemark>
<Placemark><name>Mosjøen 12B Turmoia (Vefsna - Vaapstenjeanoe)</name><description>P=68. Strømeffekten faller 50 % over strekningen – tungt materiale slipper her. τ = 19 Pa ≈ 1.1× terskelen: sand og grus flyttes ved flom, gull blir liggende (retensjon). Berggrunn: Glimmerskifer (51 % gunstig oppstrøms). Kort gange: bilvei 203 m unna. Parkering 653 m unna.</description><Point><coordinates>13.24458,65.68659,0</coordinates></Point></Placemark>
<Placemark><name>Mosjøen 13B Øya (Vefsna - Vaapstenjeanoe)</name><description>P=68. Os: Etterseterbekken kommer inn her – grus og tyngre materiale legges i osen og bankehodet nedenfor. τ = 40 Pa ≈ 1.2× terskelen: sand og grus flyttes ved flom, gull blir liggende (retensjon). Berggrunn: Glimmerskifer (55 % gunstig oppstrøms). Lett: bilvei 125 m unna (service). Parkering 435 m unna.</description><Point><coordinates>13.21106,65.82446,0</coordinates></Point></Placemark>
<Placemark><name>Mosjøen 14B Vikdalselva, km 0.7</name><description>P=67. Foss/stryk rett oppstrøms (13 m fall på 100 m) – fossekulp og fjell i dagen. Os: sideelv kommer inn her – grus og tyngre materiale legges i osen og bankehodet nedenfor. Berggrunn: Glimmerskifer (100 % gunstig oppstrøms). Kort gange: bilvei 209 m unna.</description><Point><coordinates>13.07196,65.86441,0</coordinates></Point></Placemark>
<Placemark><name>Mosjøen 15B Lian (Skjervo)</name><description>P=67. Foss/stryk rett oppstrøms (12 m fall på 100 m) – fossekulp og fjell i dagen. Os: Regnfjellelva kommer inn her – grus og tyngre materiale legges i osen og bankehodet nedenfor. Berggrunn: Grønnstein (88 % gunstig oppstrøms). Lett: bilvei 89 m unna (track).</description><Point><coordinates>13.32659,65.81474,0</coordinates></Point></Placemark>
<Placemark><name>Mosjøen 16B Fallan hyttegrend (Vefsna - Vaapstenjeanoe)</name><description>P=66. Os: Smådalsbekken kommer inn her – grus og tyngre materiale legges i osen og bankehodet nedenfor. τ = 27 Pa ≈ 1.4× terskelen: sand og grus flyttes ved flom, gull blir liggende (retensjon). Berggrunn: Glimmerskifer (51 % gunstig oppstrøms). Lett: bilvei 86 m unna (Fallmovegen). Parkering 949 m unna.</description><Point><coordinates>13.25047,65.67635,0</coordinates></Point></Placemark>
<Placemark><name>Mosjøen 17B Åslia (Skjervo)</name><description>P=66. Foss/stryk rett oppstrøms (12 m fall på 100 m) – fossekulp og fjell i dagen. Os: Dølo kommer inn her – grus og tyngre materiale legges i osen og bankehodet nedenfor. Berggrunn: Grønnstein (92 % gunstig oppstrøms). Lett: bilvei 82 m unna (Austerbygdvegen).</description><Point><coordinates>13.28118,65.82466,0</coordinates></Point></Placemark>
<Placemark><name>Mosjøen 18B Osheim (Vefsna - Vaapstenjeanoe)</name><description>P=65. Os: Tverråga kommer inn her – grus og tyngre materiale legges i osen og bankehodet nedenfor. τ = 18 Pa ≈ 0.9× terskelen: sand og grus flyttes ved flom, gull blir liggende (retensjon). Berggrunn: Glimmerskifer (54 % gunstig oppstrøms). Lett: bilvei 146 m unna (Vestersidvegen). Parkering 1288 m unna.</description><Point><coordinates>13.20876,65.79956,0</coordinates></Point></Placemark>
<Placemark><name>Mosjøen 19B Kroken (Eiteråga)</name><description>P=65. Os: Møllombekken kommer inn her – grus og tyngre materiale legges i osen og bankehodet nedenfor. Skarp sving – grav på innersvingen og bak store steiner. Berggrunn: Dioritt (78 % gunstig oppstrøms). Kort gange: bilvei 189 m unna.</description><Point><coordinates>13.15454,65.66399,0</coordinates></Point></Placemark>
<Placemark><name>Mosjøen 20B Spølremma (Vefsna - Vaapstenjeanoe)</name><description>P=65. Os: Hannabekken kommer inn her – grus og tyngre materiale legges i osen og bankehodet nedenfor. τ = 20 Pa ≈ 1.2× terskelen: sand og grus flyttes ved flom, gull blir liggende (retensjon). Berggrunn: Glimmerskifer (50 % gunstig oppstrøms). Kort gange: bilvei 196 m unna. Parkering 618 m unna.</description><Point><coordinates>13.26885,65.65676,0</coordinates></Point></Placemark>
</Folder>
<Folder><name>Vik</name>
<Placemark><name>Vik 1A Nordmelansfossen (Steinsdalselva)</name><description>P=100. Foss/stryk rett oppstrøms (15 m fall på 100 m) – fossekulp og fjell i dagen. τ = 122 Pa ≈ 1.0× terskelen: sand og grus flyttes ved flom, gull blir liggende (retensjon). Berggrunn: Granittisk gneis (84 % gunstig oppstrøms). Lett: bilvei 49 m unna (Steinsdalsveien). Parkering 290 m unna.</description><Point><coordinates>10.56113,64.28836,0</coordinates></Point></Placemark>
<Placemark><name>Vik 2A Smørdalsfossen (Skippelva)</name><description>P=82. Bratt stryk like oppstrøms – kulper og fjellsprekker. Os: Granlibekken kommer inn her – grus og tyngre materiale legges i osen og bankehodet nedenfor. Skarp sving – grav på innersvingen og bak store steiner. Strømeffekten faller 50 % over strekningen – tungt materiale slipper her. Berggrunn: Granittisk gneis (91 % gunstig oppstrøms). Lett: bilvei 46 m unna (Steinsseterveien).</description><Point><coordinates>10.65456,64.27945,0</coordinates></Point></Placemark>
<Placemark><name>Vik 3A Skolengsholmen (Steinsdalselva)</name><description>P=80. Foss/stryk rett oppstrøms (9 m fall på 100 m) – fossekulp og fjell i dagen. Os: Skolengsbekken kommer inn her – grus og tyngre materiale legges i osen og bankehodet nedenfor. Berggrunn: Granittisk gneis (84 % gunstig oppstrøms). Lett: bilvei 129 m unna (Granskogveien).</description><Point><coordinates>10.62592,64.25815,0</coordinates></Point></Placemark>
<Placemark><name>Vik 4A Stakkslættet (Skippelva)</name><description>P=75. Foss/stryk rett oppstrøms (4 m fall på 100 m) – fossekulp og fjell i dagen. Os: sideelv kommer inn her – grus og tyngre materiale legges i osen og bankehodet nedenfor. Skarp sving – grav på innersvingen og bak store steiner. Berggrunn: Granittisk gneis (91 % gunstig oppstrøms). Lett: bilvei 80 m unna (Steinsseterveien).</description><Point><coordinates>10.67999,64.28450,0</coordinates></Point></Placemark>
<Placemark><name>Vik 5B Jøssundfossen (Storelva)</name><description>P=68. Foss/stryk rett oppstrøms (16 m fall på 100 m) – fossekulp og fjell i dagen. Os: Trollengelva kommer inn her – grus og tyngre materiale legges i osen og bankehodet nedenfor. Berggrunn: Granittisk gneis (57 % gunstig oppstrøms). Lett: bilvei 19 m unna (Bøleveien).</description><Point><coordinates>10.82112,64.36179,0</coordinates></Point></Placemark>
<Placemark><name>Vik 6B Tausdalsfossen (bekk)</name><description>P=65. Foss/stryk rett oppstrøms (37 m fall på 100 m) – fossekulp og fjell i dagen. Os: Tverbekken kommer inn her – grus og tyngre materiale legges i osen og bankehodet nedenfor. τ = 243 Pa ≈ 0.9× terskelen: sand og grus flyttes ved flom, gull blir liggende (retensjon). Berggrunn: Amfibolitt (71 % gunstig oppstrøms). Kort gange: bilvei 156 m unna.</description><Point><coordinates>10.63221,64.27722,0</coordinates></Point></Placemark>
<Placemark><name>Vik 7B Kvernafossen (Skippelva)</name><description>P=64. Foss/stryk rett oppstrøms (19 m fall på 100 m) – fossekulp og fjell i dagen. Berggrunn: Granittisk gneis (91 % gunstig oppstrøms). Lett: bilvei 61 m unna (Steinsseterveien).</description><Point><coordinates>10.61559,64.27477,0</coordinates></Point></Placemark>
<Placemark><name>Vik 8B Einan (Gaupdalsbekken)</name><description>P=63. Foss/stryk rett oppstrøms (19 m fall på 100 m) – fossekulp og fjell i dagen. Berggrunn: Amfibolitt (79 % gunstig oppstrøms). Lett: bilvei 73 m unna (Jøssundveien).</description><Point><coordinates>10.84414,64.36754,0</coordinates></Point></Placemark>
<Placemark><name>Vik 9B Aftensøya (Steinsdalselva)</name><description>P=58. Os: Bjørndalsbekken kommer inn her – grus og tyngre materiale legges i osen og bankehodet nedenfor. Strømeffekten faller 37 % over strekningen – tungt materiale slipper her. Berggrunn: Granittisk gneis (84 % gunstig oppstrøms). Kort gange: bilvei 171 m unna. Parkering 1054 m unna.</description><Point><coordinates>10.53522,64.28925,0</coordinates></Point></Placemark>
<Placemark><name>Vik 10B Sveselva, km 2.4</name><description>P=57. Foss/stryk rett oppstrøms (4 m fall på 100 m) – fossekulp og fjell i dagen. Os: sideelv kommer inn her – grus og tyngre materiale legges i osen og bankehodet nedenfor. Skarp sving – grav på innersvingen og bak store steiner. Berggrunn: Granittisk gneis (68 % gunstig oppstrøms). Avsides: 2.1 km fra bilvei – planlegg dagstur.</description><Point><coordinates>10.63034,64.32889,0</coordinates></Point></Placemark>
<Placemark><name>Vik 11B Gammelsetertjønnin (Austerelva)</name><description>P=57. Foss/stryk rett oppstrøms (18 m fall på 100 m) – fossekulp og fjell i dagen. Os: Tuvbekken kommer inn her – grus og tyngre materiale legges i osen og bankehodet nedenfor. Berggrunn: Amfibolitt (100 % gunstig oppstrøms). Lett: bilvei 70 m unna (Jøssundveien).</description><Point><coordinates>10.88457,64.37523,0</coordinates></Point></Placemark>
<Placemark><name>Vik 12B Melhus (Steinsdalselva)</name><description>P=56. Os: Rosselva kommer inn her – grus og tyngre materiale legges i osen og bankehodet nedenfor. Skarp sving – grav på innersvingen og bak store steiner. Berggrunn: Granittisk gneis (84 % gunstig oppstrøms). Lett: bilvei 76 m unna (Steinsveien).</description><Point><coordinates>10.58627,64.26881,0</coordinates></Point></Placemark>
<Placemark><name>Vik 13B Bakkenget (Skjellåa)</name><description>P=55. Foss/stryk rett oppstrøms (12 m fall på 100 m) – fossekulp og fjell i dagen. Skarp sving – grav på innersvingen og bak store steiner. Berggrunn: Granittisk gneis (87 % gunstig oppstrøms). Lett: bilvei 20 m unna (Bøleveien).</description><Point><coordinates>10.80140,64.36065,0</coordinates></Point></Placemark>
<Placemark><name>Vik 14B Aunan (Storelva)</name><description>P=54. Os: sideelv kommer inn her – grus og tyngre materiale legges i osen og bankehodet nedenfor. Skarp sving – grav på innersvingen og bak store steiner. Berggrunn: Granittisk gneis (56 % gunstig oppstrøms). Lett: bilvei 47 m unna (Opplandsveien).</description><Point><coordinates>10.84956,64.34987,0</coordinates></Point></Placemark>
<Placemark><name>Vik 15B Austerelva, km 2.8</name><description>P=52. Foss/stryk rett oppstrøms (8 m fall på 100 m) – fossekulp og fjell i dagen. Os: Lomtjønnbekken kommer inn her – grus og tyngre materiale legges i osen og bankehodet nedenfor. Berggrunn: Amfibolitt (100 % gunstig oppstrøms). Lett: bilvei 20 m unna (Jøssundveien).</description><Point><coordinates>10.87077,64.37196,0</coordinates></Point></Placemark>
<Placemark><name>Vik 16B Nesa (Skippelva)</name><description>P=48. Os: Annelibekken kommer inn her – grus og tyngre materiale legges i osen og bankehodet nedenfor. Skarp sving – grav på innersvingen og bak store steiner. Berggrunn: Granittisk gneis (91 % gunstig oppstrøms). Lett: bilvei 129 m unna (Steinsseterveien).</description><Point><coordinates>10.70994,64.28472,0</coordinates></Point></Placemark>
<Placemark><name>Vik 17C Sørseteren (Storelva)</name><description>P=45. Foss/stryk rett oppstrøms (8 m fall på 100 m) – fossekulp og fjell i dagen. Os: Langsteinholbekken kommer inn her – grus og tyngre materiale legges i osen og bankehodet nedenfor. Berggrunn: Granittisk gneis (53 % gunstig oppstrøms). Gange 1.1 km fra nærmeste bilvei.</description><Point><coordinates>10.93924,64.31788,0</coordinates></Point></Placemark>
<Placemark><name>Vik 18C Teberøya (Steinsdalselva)</name><description>P=44. Os: sideelv kommer inn her – grus og tyngre materiale legges i osen og bankehodet nedenfor. Berggrunn: Granittisk gneis (84 % gunstig oppstrøms). Lett: bilvei 36 m unna (Granskogveien).</description><Point><coordinates>10.61411,64.26353,0</coordinates></Point></Placemark>
<Placemark><name>Vik 19C Holman (Skippelva)</name><description>P=43. Skarp sving – grav på innersvingen og bak store steiner. Berggrunn: Granittisk gneis (91 % gunstig oppstrøms). Gange 1.6 km fra nærmeste bilvei.</description><Point><coordinates>10.73767,64.29508,0</coordinates></Point></Placemark>
<Placemark><name>Vik 20C Øykvikseteren (Skjellåa)</name><description>P=42. Foss/stryk rett oppstrøms (10 m fall på 100 m) – fossekulp og fjell i dagen. Berggrunn: Granittisk gneis (87 % gunstig oppstrøms). Avsides: 2.5 km fra bilvei – planlegg dagstur.</description><Point><coordinates>10.75328,64.34981,0</coordinates></Point></Placemark>
</Folder>
<Folder><name>Bleskestad</name>
<Placemark><name>Bleskestad 1A Storåa, km 1.2</name><description>P=100. Foss/stryk rett oppstrøms (8 m fall på 100 m) – fossekulp og fjell i dagen. Os: Moskarbekken kommer inn her – grus og tyngre materiale legges i osen og bankehodet nedenfor. Skarp sving – grav på innersvingen og bak store steiner. τ = 235 Pa ≈ 1.0× terskelen: sand og grus flyttes ved flom, gull blir liggende (retensjon). Berggrunn: Basalt (83 % gunstig oppstrøms). Lett: bilvei 17 m unna (Vetrhusvegen). Parkering 440 m unna.</description><Point><coordinates>6.80983,59.57560,0</coordinates></Point></Placemark>
<Placemark><name>Bleskestad 2A Nedstastølen (bekk)</name><description>P=92. Foss/stryk rett oppstrøms (22 m fall på 100 m) – fossekulp og fjell i dagen. Os: sideelv kommer inn her – grus og tyngre materiale legges i osen og bankehodet nedenfor. Skarp sving – grav på innersvingen og bak store steiner. τ = 270 Pa ≈ 1.1× terskelen: sand og grus flyttes ved flom, gull blir liggende (retensjon). Berggrunn: Felsisk vulkansk bergart (68 % gunstig oppstrøms). Lett: bilvei 85 m unna (unclassified).</description><Point><coordinates>6.81647,59.68661,0</coordinates></Point></Placemark>
<Placemark><name>Bleskestad 3A Holmavassåna, km 0.5</name><description>P=86. Foss/stryk rett oppstrøms (12 m fall på 100 m) – fossekulp og fjell i dagen. Os: sideelv kommer inn her – grus og tyngre materiale legges i osen og bankehodet nedenfor. Berggrunn: Basalt (100 % gunstig oppstrøms). Lett: bilvei 102 m unna (unclassified).</description><Point><coordinates>7.13487,59.67336,0</coordinates></Point></Placemark>
<Placemark><name>Bleskestad 4A Gravetjørn (Holmavassåna)</name><description>P=84. Foss/stryk rett oppstrøms (4 m fall på 100 m) – fossekulp og fjell i dagen. τ = 157 Pa ≈ 1.1× terskelen: sand og grus flyttes ved flom, gull blir liggende (retensjon). Berggrunn: Basalt (100 % gunstig oppstrøms). Kort gange: bilvei 200 m unna.</description><Point><coordinates>7.10949,59.67140,0</coordinates></Point></Placemark>
<Placemark><name>Bleskestad 5A Bleskestad (Bleskestadåa)</name><description>P=80. Foss/stryk rett oppstrøms (18 m fall på 100 m) – fossekulp og fjell i dagen. Os: sideelv kommer inn her – grus og tyngre materiale legges i osen og bankehodet nedenfor. Skarp sving – grav på innersvingen og bak store steiner. τ = 365 Pa ≈ 1.6× terskelen: sand og grus flyttes ved flom, gull blir liggende (retensjon). Berggrunn: Granodioritt (43 % gunstig oppstrøms). Lett: bilvei 63 m unna (Gardavegen).</description><Point><coordinates>6.92325,59.64786,0</coordinates></Point></Placemark>
<Placemark><name>Bleskestad 6A Krokhøl (Jonsstølåno)</name><description>P=78. Foss/stryk rett oppstrøms (18 m fall på 100 m) – fossekulp og fjell i dagen. Os: Kyrkjesteinåno kommer inn her – grus og tyngre materiale legges i osen og bankehodet nedenfor. Berggrunn: Granitt (84 % gunstig oppstrøms). Lett: bilvei 18 m unna (Vetrhusvegen). Parkering 251 m unna.</description><Point><coordinates>6.84686,59.56479,0</coordinates></Point></Placemark>
<Placemark><name>Bleskestad 7A Nystølen (Bleskestadåa)</name><description>P=78. Foss/stryk rett oppstrøms (15 m fall på 100 m) – fossekulp og fjell i dagen. Os: sideelv kommer inn her – grus og tyngre materiale legges i osen og bankehodet nedenfor. τ = 424 Pa ≈ 2.3× terskelen: sand og grus flyttes ved flom, gull blir liggende (retensjon). Berggrunn: Granodioritt (47 % gunstig oppstrøms). Avsides: 2.3 km fra bilvei – planlegg dagstur.</description><Point><coordinates>6.96979,59.63006,0</coordinates></Point></Placemark>
<Placemark><name>Bleskestad 8A Oppigard (Roaldkvamsåa)</name><description>P=77. Foss/stryk rett oppstrøms (3 m fall på 100 m) – fossekulp og fjell i dagen. Os: Tverråa kommer inn her – grus og tyngre materiale legges i osen og bankehodet nedenfor. τ = 127 Pa ≈ 1.3× terskelen: sand og grus flyttes ved flom, gull blir liggende (retensjon). Berggrunn: Granodioritt (39 % gunstig oppstrøms). Lett: bilvei 127 m unna (Gardavegen).</description><Point><coordinates>6.87358,59.65236,0</coordinates></Point></Placemark>
<Placemark><name>Bleskestad 9A Krokhøl (Gaukstølåa)</name><description>P=74. Foss/stryk rett oppstrøms (5 m fall på 100 m) – fossekulp og fjell i dagen. Os: sideelv kommer inn her – grus og tyngre materiale legges i osen og bankehodet nedenfor. Berggrunn: Basalt (100 % gunstig oppstrøms). Lett: bilvei 25 m unna (Vetrhusvegen). Parkering 732 m unna.</description><Point><coordinates>6.85606,59.57205,0</coordinates></Point></Placemark>
<Placemark><name>Bleskestad 10B Storåa, km 0.2</name><description>P=73. Foss/stryk rett oppstrøms (9 m fall på 100 m) – fossekulp og fjell i dagen. τ = 151 Pa ≈ 1.0× terskelen: sand og grus flyttes ved flom, gull blir liggende (retensjon). Berggrunn: Basalt (81 % gunstig oppstrøms). Gange 0.8 km fra nærmeste bilvei. Parkering 943 m unna.</description><Point><coordinates>6.82679,59.57493,0</coordinates></Point></Placemark>
<Placemark><name>Bleskestad 11B bekk, km 2.0</name><description>P=72. Foss/stryk rett oppstrøms (14 m fall på 100 m) – fossekulp og fjell i dagen. τ = 226 Pa ≈ 0.9× terskelen: sand og grus flyttes ved flom, gull blir liggende (retensjon). Berggrunn: Glimmergneis (100 % gunstig oppstrøms). Lett: bilvei 12 m unna (Breivevegen).</description><Point><coordinates>7.23659,59.57167,0</coordinates></Point></Placemark>
<Placemark><name>Bleskestad 12B Sandvassåna, km 0.6</name><description>P=71. Foss/stryk rett oppstrøms (25 m fall på 100 m) – fossekulp og fjell i dagen. τ = 303 Pa ≈ 1.3× terskelen: sand og grus flyttes ved flom, gull blir liggende (retensjon). Berggrunn: Granodioritt (68 % gunstig oppstrøms). Avsides: 2.1 km fra bilvei – planlegg dagstur.</description><Point><coordinates>7.02311,59.63789,0</coordinates></Point></Placemark>
<Placemark><name>Bleskestad 13B Myrane (bekk)</name><description>P=69. Foss/stryk rett oppstrøms (15 m fall på 100 m) – fossekulp og fjell i dagen. Os: sideelv kommer inn her – grus og tyngre materiale legges i osen og bankehodet nedenfor. τ = 209 Pa ≈ 0.8× terskelen: sand og grus flyttes ved flom, gull blir liggende (retensjon). Berggrunn: Felsisk vulkansk bergart (68 % gunstig oppstrøms). Lett: bilvei 52 m unna (unclassified).</description><Point><coordinates>6.82515,59.69231,0</coordinates></Point></Placemark>
<Placemark><name>Bleskestad 14B Klauvfossen (Bleskestadåa)</name><description>P=68. Foss/stryk rett oppstrøms (74 m fall på 100 m) – fossekulp og fjell i dagen. Os: sideelv kommer inn her – grus og tyngre materiale legges i osen og bankehodet nedenfor. τ = 898 Pa ≈ 2.5× terskelen: sand og grus flyttes ved flom, gull blir liggende (retensjon). Berggrunn: Granodioritt (44 % gunstig oppstrøms). Lett: bilvei 73 m unna (track).</description><Point><coordinates>6.93333,59.64309,0</coordinates></Point></Placemark>
<Placemark><name>Bleskestad 15B Stovo (Sandvassåna)</name><description>P=68. Foss/stryk rett oppstrøms (4 m fall på 100 m) – fossekulp og fjell i dagen. Os: sideelv kommer inn her – grus og tyngre materiale legges i osen og bankehodet nedenfor. Berggrunn: Granodioritt (68 % gunstig oppstrøms). Avsides: 3.3 km fra bilvei – planlegg dagstur.</description><Point><coordinates>6.98963,59.62850,0</coordinates></Point></Placemark>
<Placemark><name>Bleskestad 16B Kvelvane (Nordmorkåa)</name><description>P=67. Foss/stryk rett oppstrøms (24 m fall på 100 m) – fossekulp og fjell i dagen. Os: sideelv kommer inn her – grus og tyngre materiale legges i osen og bankehodet nedenfor. τ = 306 Pa ≈ 1.0× terskelen: sand og grus flyttes ved flom, gull blir liggende (retensjon). Berggrunn: Granodioritt (35 % gunstig oppstrøms). Lett: bilvei 86 m unna (track).</description><Point><coordinates>6.95672,59.67158,0</coordinates></Point></Placemark>
<Placemark><name>Bleskestad 17B Fossaslåtta (bekk)</name><description>P=66. Foss/stryk rett oppstrøms (78 m fall på 100 m) – fossekulp og fjell i dagen. Os: sideelv kommer inn her – grus og tyngre materiale legges i osen og bankehodet nedenfor. Skarp sving – grav på innersvingen og bak store steiner. τ = 352 Pa ≈ 1.0× terskelen: sand og grus flyttes ved flom, gull blir liggende (retensjon). Berggrunn: Granittisk gneis (35 % gunstig oppstrøms). Avsides: 3.5 km fra bilvei – planlegg dagstur.</description><Point><coordinates>6.99455,59.69993,0</coordinates></Point></Placemark>
<Placemark><name>Bleskestad 18B Roaldkvamsåa, km 1.2</name><description>P=66. Foss/stryk rett oppstrøms (4 m fall på 100 m) – fossekulp og fjell i dagen. τ = 132 Pa ≈ 1.2× terskelen: sand og grus flyttes ved flom, gull blir liggende (retensjon). Berggrunn: Granodioritt (40 % gunstig oppstrøms). Lett: bilvei 17 m unna (Gardavegen).</description><Point><coordinates>6.88694,59.65411,0</coordinates></Point></Placemark>
<Placemark><name>Bleskestad 19B Dokkjo (Bleskestadåa)</name><description>P=66. Foss/stryk rett oppstrøms (9 m fall på 100 m) – fossekulp og fjell i dagen. τ = 359 Pa ≈ 2.2× terskelen: sand og grus flyttes ved flom, gull blir liggende (retensjon). Berggrunn: Granodioritt (43 % gunstig oppstrøms). Lett: bilvei 61 m unna (Gardavegen).</description><Point><coordinates>6.90877,59.65258,0</coordinates></Point></Placemark>
<Placemark><name>Bleskestad 20B Jonsstølen (Jonsstølåno)</name><description>P=65. Foss/stryk rett oppstrøms (8 m fall på 100 m) – fossekulp og fjell i dagen. Os: sideelv kommer inn her – grus og tyngre materiale legges i osen og bankehodet nedenfor. Skarp sving – grav på innersvingen og bak store steiner. Berggrunn: Granitt (84 % gunstig oppstrøms). Gange 1.3 km fra nærmeste bilvei. Parkering 1454 m unna.</description><Point><coordinates>6.86073,59.55571,0</coordinates></Point></Placemark>
</Folder>
<Folder><name>Tvedestrand</name>
<Placemark><name>Tvedestrand 1A Bøylefoss bru (Nidelva)</name><description>P=100. Foss/stryk rett oppstrøms (4 m fall på 100 m) – fossekulp og fjell i dagen. τ = 199 Pa ≈ 2.2× terskelen: sand og grus flyttes ved flom, gull blir liggende (retensjon). Berggrunn: Kvartsitt (100 % gunstig oppstrøms). NGU-registrert gullforekomst 2.6 km unna. Lett: bilvei 118 m unna (Bøylefossveien).</description><Point><coordinates>8.70859,58.60092,0</coordinates></Point></Placemark>
<Placemark><name>Tvedestrand 2A Kastefossen (Nidelva)</name><description>P=79. Foss/stryk rett oppstrøms (6 m fall på 100 m) – fossekulp og fjell i dagen. τ = 354 Pa ≈ 2.9× terskelen: sand og grus flyttes ved flom, gull blir liggende (retensjon). Berggrunn: Kvartsitt (100 % gunstig oppstrøms). NGU-registrert gullforekomst 2.4 km unna. Kort gange: bilvei 150 m unna.</description><Point><coordinates>8.70683,58.60863,0</coordinates></Point></Placemark>
<Placemark><name>Tvedestrand 3B Stoet (Nidelva)</name><description>P=69. τ = 107 Pa ≈ 1.9× terskelen: sand og grus flyttes ved flom, gull blir liggende (retensjon). Berggrunn: Amfibolitt (62 % gunstig oppstrøms). Lett: bilvei 85 m unna (Eivindstadveien).</description><Point><coordinates>8.67306,58.54153,0</coordinates></Point></Placemark>
<Placemark><name>Tvedestrand 4B Stemmyr (Nidelva)</name><description>P=57. Os: sideelv kommer inn her – grus og tyngre materiale legges i osen og bankehodet nedenfor. Strømeffekten faller 33 % over strekningen – tungt materiale slipper her. Berggrunn: Granitt (67 % gunstig oppstrøms). NGU-registrert gullforekomst 5.1 km unna. Lett: bilvei 62 m unna (track). Parkering 588 m unna.</description><Point><coordinates>8.70086,58.57192,0</coordinates></Point></Placemark>
<Placemark><name>Tvedestrand 5B Bergehagane (Storelva)</name><description>P=56. Foss/stryk rett oppstrøms (3 m fall på 100 m) – fossekulp og fjell i dagen. τ = 113 Pa ≈ 1.0× terskelen: sand og grus flyttes ved flom, gull blir liggende (retensjon). Berggrunn: Granitt (37 % gunstig oppstrøms). Lett: bilvei 54 m unna (Bergeveien).</description><Point><coordinates>8.90171,58.64068,0</coordinates></Point></Placemark>
<Placemark><name>Tvedestrand 6B Bakken (Storelva)</name><description>P=56. Foss/stryk rett oppstrøms (7 m fall på 100 m) – fossekulp og fjell i dagen. τ = 136 Pa ≈ 1.1× terskelen: sand og grus flyttes ved flom, gull blir liggende (retensjon). Berggrunn: Granitt (37 % gunstig oppstrøms). NGU-registrert gullforekomst 6.6 km unna. Lett: bilvei 33 m unna (Nesverkveien). Parkering 129 m unna.</description><Point><coordinates>8.85481,58.63149,0</coordinates></Point></Placemark>
<Placemark><name>Tvedestrand 7B Osevollen badeplass (Songeelva)</name><description>P=52. Foss/stryk rett oppstrøms (4 m fall på 100 m) – fossekulp og fjell i dagen. Skarp sving – grav på innersvingen og bak store steiner. Berggrunn: Granitt (78 % gunstig oppstrøms). Lett: bilvei 30 m unna (Osevollvegen). Parkering 293 m unna.</description><Point><coordinates>8.63285,58.50905,0</coordinates></Point></Placemark>
<Placemark><name>Tvedestrand 8B Langeidstryket (Nidelva)</name><description>P=50. τ = 12 Pa ≈ 0.9× terskelen: sand og grus flyttes ved flom, gull blir liggende (retensjon). Berggrunn: Granitt (65 % gunstig oppstrøms). NGU-registrert gullforekomst 6.4 km unna. Lett: bilvei 64 m unna (track).</description><Point><coordinates>8.69095,58.56164,0</coordinates></Point></Placemark>
<Placemark><name>Tvedestrand 9B Trollmoen (Songeelva)</name><description>P=49. Foss/stryk rett oppstrøms (3 m fall på 100 m) – fossekulp og fjell i dagen. Berggrunn: Granitt (78 % gunstig oppstrøms). Lett: bilvei 104 m unna (Jomåsveien).</description><Point><coordinates>8.63420,58.54765,0</coordinates></Point></Placemark>
<Placemark><name>Tvedestrand 10B Vassenden (Storelva)</name><description>P=48. Foss/stryk rett oppstrøms (5 m fall på 100 m) – fossekulp og fjell i dagen. τ = 76 Pa ≈ 0.8× terskelen: sand og grus flyttes ved flom, gull blir liggende (retensjon). Berggrunn: Granitt (37 % gunstig oppstrøms). NGU-registrert gullforekomst 7.3 km unna. Lett: bilvei 49 m unna (Nesverkveien).</description><Point><coordinates>8.84870,58.64952,0</coordinates></Point></Placemark>
<Placemark><name>Tvedestrand 11B Nes (Storelva)</name><description>P=47. Os: Lillelv kommer inn her – grus og tyngre materiale legges i osen og bankehodet nedenfor. Skarp sving – grav på innersvingen og bak store steiner. Strømeffekten faller 46 % over strekningen – tungt materiale slipper her. Berggrunn: Granitt (37 % gunstig oppstrøms). NGU-registrert gullforekomst 6.5 km unna. Lett: bilvei 49 m unna (Solbergveien). Parkering 525 m unna.</description><Point><coordinates>8.85713,58.62485,0</coordinates></Point></Placemark>
<Placemark><name>Tvedestrand 12C Nordbø (Songeelva)</name><description>P=44. Foss/stryk rett oppstrøms (4 m fall på 100 m) – fossekulp og fjell i dagen. Os: sideelv kommer inn her – grus og tyngre materiale legges i osen og bankehodet nedenfor. Berggrunn: Granitt (78 % gunstig oppstrøms). Lett: bilvei 54 m unna (Jomåsveien).</description><Point><coordinates>8.64098,58.53982,0</coordinates></Point></Placemark>
<Placemark><name>Tvedestrand 13C Sveinungsplass (Storelva)</name><description>P=42. Skarp sving – grav på innersvingen og bak store steiner. Strømeffekten faller 51 % over strekningen – tungt materiale slipper her. Berggrunn: Granitt (37 % gunstig oppstrøms). Lett: bilvei 52 m unna (track). Parkering 1498 m unna.</description><Point><coordinates>8.88137,58.63132,0</coordinates></Point></Placemark>
<Placemark><name>Tvedestrand 14C Rynnemyr (Songeelva)</name><description>P=40. Foss/stryk rett oppstrøms (5 m fall på 100 m) – fossekulp og fjell i dagen. Berggrunn: Granitt (78 % gunstig oppstrøms). Lett: bilvei 48 m unna (service). Parkering 977 m unna.</description><Point><coordinates>8.62580,58.52307,0</coordinates></Point></Placemark>
<Placemark><name>Tvedestrand 15C Ekra (Marendalselva)</name><description>P=40. Foss/stryk rett oppstrøms (4 m fall på 100 m) – fossekulp og fjell i dagen. Os: sideelv kommer inn her – grus og tyngre materiale legges i osen og bankehodet nedenfor. Skarp sving – grav på innersvingen og bak store steiner. Berggrunn: Trondhjemitt (35 % gunstig oppstrøms). NGU-registrert gullforekomst 5.2 km unna. Lett: bilvei 128 m unna (Vålandsveien). Parkering 496 m unna.</description><Point><coordinates>8.83651,58.62054,0</coordinates></Point></Placemark>
<Placemark><name>Tvedestrand 16C Brekka (Brekkeelva)</name><description>P=39. Foss/stryk rett oppstrøms (9 m fall på 100 m) – fossekulp og fjell i dagen. Os: sideelv kommer inn her – grus og tyngre materiale legges i osen og bankehodet nedenfor. Skarp sving – grav på innersvingen og bak store steiner. Berggrunn: Migmatitt (40 % gunstig oppstrøms). NGU-registrert gullforekomst 7.4 km unna. Lett: bilvei 22 m unna (Sagemoveien). Parkering 565 m unna.</description><Point><coordinates>8.80592,58.55114,0</coordinates></Point></Placemark>
<Placemark><name>Tvedestrand 17C Sagmyra (Songeelva)</name><description>P=37. Foss/stryk rett oppstrøms (4 m fall på 100 m) – fossekulp og fjell i dagen. Skarp sving – grav på innersvingen og bak store steiner. Berggrunn: Granitt (78 % gunstig oppstrøms). NGU-registrert gullforekomst 6.0 km unna. Kort gange: bilvei 470 m unna. Parkering 1424 m unna.</description><Point><coordinates>8.64572,58.60517,0</coordinates></Point></Placemark>
<Placemark><name>Tvedestrand 18C Vassenden (Nidelva)</name><description>P=33. Berggrunn: Granitt (79 % gunstig oppstrøms). NGU-registrert gullforekomst 2.9 km unna. Lett: bilvei 111 m unna (Bøylestadveien).</description><Point><coordinates>8.71593,58.59129,0</coordinates></Point></Placemark>
<Placemark><name>Tvedestrand 19C Frivoll (Songeelva)</name><description>P=33. Foss/stryk rett oppstrøms (4 m fall på 100 m) – fossekulp og fjell i dagen. Berggrunn: Granitt (78 % gunstig oppstrøms). NGU-registrert gullforekomst 7.8 km unna. Lett: bilvei 44 m unna (Jomåsveien). Parkering 516 m unna.</description><Point><coordinates>8.61553,58.60152,0</coordinates></Point></Placemark>
<Placemark><name>Tvedestrand 20C Venemyr (Sleikbekken)</name><description>P=32. Foss/stryk rett oppstrøms (8 m fall på 100 m) – fossekulp og fjell i dagen. Berggrunn: Granitt (35 % gunstig oppstrøms). NGU-registrert gullforekomst 7.5 km unna. Lett: bilvei 52 m unna (Jomåsveien).</description><Point><coordinates>8.64705,58.56963,0</coordinates></Point></Placemark>
</Folder>
</Document></kml>