{"type": "FeatureCollection", "features": [{"type": "Feature", "geometry": {"type": "LineString", "coordinates": [[5.52345, 60.49332], [5.5223, 60.49401]]}, "properties": {"P": 15.17, "tau": 46.49, "tau_c": 149.45, "omega": 48.67, "M": 0.31, "D": 0.0, "R": 0.03, "sving": 0.15, "os": 0.0, "foss": 1.0, "juv": 0.0, "B": 0.41, "Q": 1.13, "w": 9.58, "h": 0.11, "S": 0.0421, "elv": "Vevleelva", "km": 0.0}}, {"type": "Feature", "geometry": {"type": "LineString", "coordinates": [[5.5223, 60.49401], [5.5214, 60.49474]]}, "properties": {"P": 14.07, "tau": 45.79, "tau_c": 147.52, "omega": 47.65, "M": 0.31, "D": 0.01, "R": 0.03, "sving": 0.02, "os": 0.0, "foss": 1.0, "juv": 0.0, "B": 0.42, "Q": 1.14, "w": 9.62, "h": 0.11, "S": 0.04102, "elv": "Vevleelva", "km": 0.1}}, {"type": "Feature", "geometry": {"type": "LineString", "coordinates": [[5.5214, 60.49474], [5.52012, 60.49526]]}, "properties": {"P": 11.03, "tau": 46.36, "tau_c": 148.95, "omega": 48.49, "M": 0.31, "D": 0.02, "R": 0.03, "sving": 0.04, "os": 0.0, "foss": 0.72, "juv": 0.0, "B": 0.43, "Q": 1.14, "w": 9.67, "h": 0.11, "S": 0.04181, "elv": "Vevleelva", "km": 0.2}}, {"type": "Feature", "geometry": {"type": "LineString", "coordinates": [[5.52012, 60.49526], [5.51904, 60.49598]]}, "properties": {"P": 15.14, "tau": 42.53, "tau_c": 138.72, "omega": 42.97, "M": 0.31, "D": 0.04, "R": 0.03, "sving": 0.02, "os": 0.0, "foss": 1.0, "juv": 0.0, "B": 0.44, "Q": 1.17, "w": 9.72, "h": 0.12, "S": 0.03627, "elv": "Vevleelva", "km": 0.3}}, {"type": "Feature", "geometry": {"type": "LineString", "coordinates": [[5.51904, 60.49598], [5.51806, 60.49673]]}, "properties": {"P": 17.32, "tau": 42.94, "tau_c": 139.46, "omega": 43.6, "M": 0.31, "D": 0.03, "R": 0.03, "sving": 0.18, "os": 0.0, "foss": 1.0, "juv": 0.0, "B": 0.44, "Q": 1.19, "w": 9.78, "h": 0.12, "S": 0.03666, "elv": "Vevleelva", "km": 0.4}}, {"type": "Feature", "geometry": {"type": "LineString", "coordinates": [[5.51806, 60.49673], [5.51702, 60.49746]]}, "properties": {"P": 12.34, "tau": 40.16, "tau_c": 133.08, "omega": 39.59, "M": 0.3, "D": 0.03, "R": 0.03, "sving": 0.09, "os": 0.0, "foss": 0.72, "juv": 0.0, "B": 0.45, "Q": 1.19, "w": 9.83, "h": 0.12, "S": 0.03338, "elv": "Vevleelva", "km": 0.5}}, {"type": "Feature", "geometry": {"type": "LineString", "coordinates": [[5.51702, 60.49746], [5.51633, 60.49828]]}, "properties": {"P": 17.22, "tau": 42.39, "tau_c": 137.63, "omega": 42.85, "M": 0.31, "D": 0.02, "R": 0.03, "sving": 0.1, "os": 0.06, "foss": 1.0, "juv": 0.0, "B": 0.46, "Q": 1.21, "w": 9.88, "h": 0.12, "S": 0.0357, "elv": "Vevleelva", "km": 0.6}}, {"type": "Feature", "geometry": {"type": "LineString", "coordinates": [[5.51633, 60.49828], [5.51495, 60.49883]]}, "properties": {"P": 17.63, "tau": 40.65, "tau_c": 133.63, "omega": 40.35, "M": 0.3, "D": 0.04, "R": 0.03, "sving": 0.07, "os": 0.08, "foss": 1.0, "juv": 0.0, "B": 0.46, "Q": 1.21, "w": 9.92, "h": 0.12, "S": 0.03366, "elv": "Vevleelva", "km": 0.7}}, {"type": "Feature", "geometry": {"type": "LineString", "coordinates": [[5.51362, 60.49942], [5.51233, 60.50004]]}, "properties": {"P": 14.85, "tau": 37.99, "tau_c": 126.61, "omega": 36.67, "M": 0.3, "D": 0.07, "R": 0.03, "sving": 0.08, "os": 0.09, "foss": 0.72, "juv": 0.0, "B": 0.47, "Q": 1.24, "w": 10.0, "h": 0.13, "S": 0.03022, "elv": "Vevleelva", "km": 0.9}}, {"type": "Feature", "geometry": {"type": "LineString", "coordinates": [[5.36487, 60.49863], [5.36473, 60.49928]]}, "properties": {"P": 50.04, "tau": 49.31, "tau_c": 127.51, "omega": 56.21, "M": 0.39, "D": -0.0, "R": 0.08, "sving": 0.7, "os": 0.84, "foss": 0.72, "juv": 0.0, "B": 0.69, "Q": 1.81, "w": 9.67, "h": 0.16, "S": 0.03064, "elv": "bekk", "km": 1.6}}, {"type": "Feature", "geometry": {"type": "LineString", "coordinates": [[5.36473, 60.49928], [5.36375, 60.49987]]}, "properties": {"P": 43.37, "tau": 34.07, "tau_c": 103.09, "omega": 32.63, "M": 0.33, "D": 0.12, "R": 0.04, "sving": 0.59, "os": 0.73, "foss": 0.51, "juv": 0.0, "B": 0.69, "Q": 1.81, "w": 10.91, "h": 0.17, "S": 0.02003, "elv": "bekk", "km": 1.7}}, {"type": "Feature", "geometry": {"type": "LineString", "coordinates": [[5.36375, 60.49987], [5.36319, 60.50067]]}, "properties": {"P": 29.07, "tau": 29.78, "tau_c": 97.89, "omega": 26.6, "M": 0.3, "D": 0.21, "R": 0.03, "sving": 0.22, "os": 0.48, "foss": 0.37, "juv": 0.0, "B": 0.69, "Q": 1.82, "w": 12.15, "h": 0.17, "S": 0.01806, "elv": "bekk", "km": 1.8}}, {"type": "Feature", "geometry": {"type": "LineString", "coordinates": [[5.36089, 60.50205], [5.36045, 60.50288]]}, "properties": {"P": 7.59, "tau": 41.34, "tau_c": 123.43, "omega": 42.63, "M": 0.33, "D": -0.0, "R": 0.04, "sving": 0.18, "os": 0.11, "foss": 0.0, "juv": 0.0, "B": 0.69, "Q": 1.85, "w": 12.26, "h": 0.15, "S": 0.02872, "elv": "bekk", "km": 2.1}}, {"type": "Feature", "geometry": {"type": "LineString", "coordinates": [[5.36045, 60.50288], [5.35975, 60.50369]]}, "properties": {"P": 5.0, "tau": 41.38, "tau_c": 123.43, "omega": 42.71, "M": 0.34, "D": -0.0, "R": 0.04, "sving": 0.09, "os": 0.07, "foss": 0.0, "juv": 0.0, "B": 0.69, "Q": 1.86, "w": 12.3, "h": 0.15, "S": 0.02872, "elv": "bekk", "km": 2.2}}, {"type": "Feature", "geometry": {"type": "LineString", "coordinates": [[5.35975, 60.50369], [5.35936, 60.50455]]}, "properties": {"P": 25.64, "tau": 44.14, "tau_c": 128.77, "omega": 46.9, "M": 0.34, "D": -0.0, "R": 0.05, "sving": 0.07, "os": 0.07, "foss": 1.0, "juv": 0.0, "B": 0.69, "Q": 1.89, "w": 12.34, "h": 0.14, "S": 0.03125, "elv": "bekk", "km": 2.3}}, {"type": "Feature", "geometry": {"type": "LineString", "coordinates": [[5.35936, 60.50455], [5.35859, 60.50536]]}, "properties": {"P": 19.82, "tau": 50.66, "tau_c": 142.06, "omega": 57.17, "M": 0.36, "D": -0.0, "R": 0.06, "sving": 0.02, "os": 0.11, "foss": 0.72, "juv": 0.0, "B": 0.69, "Q": 1.9, "w": 12.37, "h": 0.14, "S": 0.03804, "elv": "bekk", "km": 2.4}}, {"type": "Feature", "geometry": {"type": "LineString", "coordinates": [[5.35551, 60.50801], [5.35533, 60.50868]]}, "properties": {"P": 54.46, "tau": 81.49, "tau_c": 195.42, "omega": 113.72, "M": 0.42, "D": 0.0, "R": 0.1, "sving": 0.4, "os": 1.0, "foss": 1.0, "juv": 0.0, "B": 0.69, "Q": 1.96, "w": 12.15, "h": 0.12, "S": 0.07198, "elv": "bekk", "km": 0.0}}, {"type": "Feature", "geometry": {"type": "LineString", "coordinates": [[5.35533, 60.50868], [5.35421, 60.50938]]}, "properties": {"P": 41.88, "tau": 81.47, "tau_c": 195.42, "omega": 113.68, "M": 0.42, "D": 0.0, "R": 0.1, "sving": 0.4, "os": 0.69, "foss": 0.72, "juv": 0.0, "B": 0.7, "Q": 1.97, "w": 12.23, "h": 0.12, "S": 0.07198, "elv": "bekk", "km": 0.1}}, {"type": "Feature", "geometry": {"type": "LineString", "coordinates": [[5.71358, 60.7107], [5.712, 60.71026]]}, "properties": {"P": 26.27, "tau": 66.74, "tau_c": 213.83, "omega": 79.03, "M": 0.31, "D": 0.03, "R": 0.03, "sving": 0.61, "os": 1.0, "foss": 0.0, "juv": 0.0, "B": 0.51, "Q": 0.72, "w": 7.68, "h": 0.08, "S": 0.08618, "elv": "bekk", "km": 0.0}}, {"type": "Feature", "geometry": {"type": "LineString", "coordinates": [[5.712, 60.71026], [5.71032, 60.71054]]}, "properties": {"P": 28.93, "tau": 62.68, "tau_c": 203.02, "omega": 72.41, "M": 0.31, "D": 0.07, "R": 0.03, "sving": 0.1, "os": 0.61, "foss": 1.0, "juv": 0.0, "B": 0.51, "Q": 0.73, "w": 7.73, "h": 0.08, "S": 0.07769, "elv": "bekk", "km": 0.1}}, {"type": "Feature", "geometry": {"type": "LineString", "coordinates": [[5.70705, 60.71055], [5.70592, 60.70992]]}, "properties": {"P": 21.76, "tau": 62.81, "tau_c": 200.26, "omega": 72.98, "M": 0.31, "D": 0.0, "R": 0.03, "sving": 0.43, "os": 0.17, "foss": 0.72, "juv": 0.0, "B": 0.52, "Q": 0.78, "w": 7.97, "h": 0.08, "S": 0.07559, "elv": "bekk", "km": 0.4}}, {"type": "Feature", "geometry": {"type": "LineString", "coordinates": [[5.70592, 60.70992], [5.70459, 60.70933]]}, "properties": {"P": 14.28, "tau": 77.68, "tau_c": 232.16, "omega": 99.12, "M": 0.33, "D": 0.0, "R": 0.04, "sving": 0.19, "os": 0.12, "foss": 0.51, "juv": 0.0, "B": 0.53, "Q": 0.8, "w": 8.05, "h": 0.08, "S": 0.10159, "elv": "bekk", "km": 0.5}}, {"type": "Feature", "geometry": {"type": "LineString", "coordinates": [[5.70459, 60.70933], [5.70338, 60.70866]]}, "properties": {"P": 19.81, "tau": 82.01, "tau_c": 240.31, "omega": 107.29, "M": 0.34, "D": 0.0, "R": 0.05, "sving": 0.07, "os": 0.08, "foss": 1.0, "juv": 0.0, "B": 0.53, "Q": 0.82, "w": 8.14, "h": 0.08, "S": 0.10884, "elv": "bekk", "km": 0.6}}, {"type": "Feature", "geometry": {"type": "LineString", "coordinates": [[5.70338, 60.70866], [5.70212, 60.70801]]}, "properties": {"P": 21.38, "tau": 88.07, "tau_c": 251.8, "omega": 119.0, "M": 0.35, "D": 0.0, "R": 0.05, "sving": 0.23, "os": 0.0, "foss": 1.0, "juv": 0.0, "B": 0.53, "Q": 0.83, "w": 8.22, "h": 0.08, "S": 0.11951, "elv": "bekk", "km": 0.7}}, {"type": "Feature", "geometry": {"type": "LineString", "coordinates": [[5.70212, 60.70801], [5.70121, 60.70726]]}, "properties": {"P": 19.55, "tau": 99.16, "tau_c": 272.99, "omega": 141.25, "M": 0.36, "D": 0.0, "R": 0.06, "sving": 0.1, "os": 0.0, "foss": 1.0, "juv": 0.0, "B": 0.54, "Q": 0.85, "w": 8.3, "h": 0.07, "S": 0.14046, "elv": "bekk", "km": 0.8}}, {"type": "Feature", "geometry": {"type": "LineString", "coordinates": [[5.70121, 60.70726], [5.70083, 60.7064]]}, "properties": {"P": 19.2, "tau": 106.97, "tau_c": 287.02, "omega": 157.67, "M": 0.37, "D": 0.02, "R": 0.07, "sving": 0.03, "os": 0.0, "foss": 1.0, "juv": 0.0, "B": 0.54, "Q": 0.87, "w": 8.38, "h": 0.07, "S": 0.15528, "elv": "bekk", "km": 0.9}}, {"type": "Feature", "geometry": {"type": "LineString", "coordinates": [[5.70083, 60.7064], [5.70002, 60.70563]]}, "properties": {"P": 18.97, "tau": 97.13, "tau_c": 266.78, "omega": 137.51, "M": 0.36, "D": 0.03, "R": 0.06, "sving": 0.0, "os": 0.0, "foss": 1.0, "juv": 0.0, "B": 0.54, "Q": 0.88, "w": 8.46, "h": 0.07, "S": 0.13414, "elv": "bekk", "km": 1.0}}, {"type": "Feature", "geometry": {"type": "LineString", "coordinates": [[5.70002, 60.70563], [5.6989, 60.70494]]}, "properties": {"P": 24.31, "tau": 87.85, "tau_c": 247.26, "omega": 119.23, "M": 0.36, "D": 0.11, "R": 0.06, "sving": 0.22, "os": 0.0, "foss": 1.0, "juv": 0.0, "B": 0.54, "Q": 0.9, "w": 8.54, "h": 0.08, "S": 0.11523, "elv": "bekk", "km": 1.1}}, {"type": "Feature", "geometry": {"type": "LineString", "coordinates": [[5.6989, 60.70494], [5.69796, 60.70417]]}, "properties": {"P": 19.72, "tau": 98.27, "tau_c": 266.88, "omega": 140.19, "M": 0.37, "D": 0.21, "R": 0.06, "sving": 0.08, "os": 0.0, "foss": 0.72, "juv": 0.0, "B": 0.55, "Q": 0.92, "w": 8.62, "h": 0.07, "S": 0.13425, "elv": "bekk", "km": 1.2}}, {"type": "Feature", "geometry": {"type": "LineString", "coordinates": [[5.75599, 60.70635], [5.75769, 60.70667]]}, "properties": {"P": 13.09, "tau": 112.16, "tau_c": 364.2, "omega": 148.81, "M": 0.31, "D": 0.0, "R": 0.03, "sving": 0.28, "os": 0.0, "foss": 1.0, "juv": 0.0, "B": 0.32, "Q": 0.25, "w": 6.0, "h": 0.03, "S": 0.36167, "elv": "bekk", "km": 0.1}}, {"type": "Feature", "geometry": {"type": "LineString", "coordinates": [[5.75769, 60.70667], [5.75947, 60.70678]]}, "properties": {"P": 13.06, "tau": 116.57, "tau_c": 364.2, "omega": 158.66, "M": 0.32, "D": 0.0, "R": 0.04, "sving": 0.21, "os": 0.0, "foss": 1.0, "juv": 0.0, "B": 0.34, "Q": 0.27, "w": 6.0, "h": 0.03, "S": 0.36167, "elv": "bekk", "km": 0.2}}, {"type": "Feature", "geometry": {"type": "LineString", "coordinates": [[5.75947, 60.70678], [5.76126, 60.70661]]}, "properties": {"P": 14.41, "tau": 120.89, "tau_c": 364.2, "omega": 168.52, "M": 0.33, "D": 0.0, "R": 0.04, "sving": 0.28, "os": 0.0, "foss": 1.0, "juv": 0.0, "B": 0.35, "Q": 0.28, "w": 6.0, "h": 0.03, "S": 0.36167, "elv": "bekk", "km": 0.3}}, {"type": "Feature", "geometry": {"type": "LineString", "coordinates": [[5.68158, 60.70817], [5.6806, 60.70743]]}, "properties": {"P": 16.23, "tau": 96.63, "tau_c": 307.13, "omega": 130.0, "M": 0.31, "D": -0.0, "R": 0.03, "sving": 0.02, "os": 0.0, "foss": 1.0, "juv": 0.0, "B": 0.49, "Q": 0.45, "w": 6.04, "h": 0.06, "S": 0.1778, "elv": "Idlåna", "km": 1.8}}, {"type": "Feature", "geometry": {"type": "LineString", "coordinates": [[5.6806, 60.70743], [5.67957, 60.7067]]}, "properties": {"P": 17.08, "tau": 113.85, "tau_c": 345.46, "omega": 164.43, "M": 0.33, "D": -0.0, "R": 0.04, "sving": 0.06, "os": 0.0, "foss": 1.0, "juv": 0.0, "B": 0.5, "Q": 0.45, "w": 6.04, "h": 0.05, "S": 0.22493, "elv": "Idlåna", "km": 1.9}}, {"type": "Feature", "geometry": {"type": "LineString", "coordinates": [[5.67957, 60.7067], [5.67858, 60.70595]]}, "properties": {"P": 20.24, "tau": 127.1, "tau_c": 364.2, "omega": 192.43, "M": 0.35, "D": -0.0, "R": 0.05, "sving": 0.25, "os": 0.0, "foss": 1.0, "juv": 0.0, "B": 0.5, "Q": 0.45, "w": 6.06, "h": 0.05, "S": 0.26426, "elv": "Idlåna", "km": 2.0}}, {"type": "Feature", "geometry": {"type": "LineString", "coordinates": [[5.67858, 60.70595], [5.67787, 60.70513]]}, "properties": {"P": 20.93, "tau": 143.89, "tau_c": 364.2, "omega": 229.72, "M": 0.4, "D": -0.0, "R": 0.08, "sving": 0.24, "os": 0.0, "foss": 1.0, "juv": 0.0, "B": 0.5, "Q": 0.45, "w": 6.11, "h": 0.05, "S": 0.31711, "elv": "Idlåna", "km": 2.1}}, {"type": "Feature", "geometry": {"type": "LineString", "coordinates": [[5.67787, 60.70513], [5.67628, 60.70485]]}, "properties": {"P": 23.23, "tau": 150.86, "tau_c": 364.2, "omega": 246.79, "M": 0.41, "D": 0.01, "R": 0.1, "sving": 0.33, "os": 0.0, "foss": 1.0, "juv": 0.0, "B": 0.5, "Q": 0.47, "w": 6.15, "h": 0.05, "S": 0.33097, "elv": "Idlåna", "km": 2.2}}, {"type": "Feature", "geometry": {"type": "LineString", "coordinates": [[5.79589, 60.67806], [5.79458, 60.67747]]}, "properties": {"P": 16.1, "tau": 45.42, "tau_c": 96.87, "omega": 54.18, "M": 0.47, "D": 0.04, "R": 0.15, "sving": 0.13, "os": 0.07, "foss": 1.0, "juv": 0.0, "B": 0.35, "Q": 7.9, "w": 25.31, "h": 0.26, "S": 0.01769, "elv": "Øyadalselva", "km": 0.0}}, {"type": "Feature", "geometry": {"type": "LineString", "coordinates": [[5.79458, 60.67747], [5.79397, 60.67664]]}, "properties": {"P": 46.9, "tau": 38.47, "tau_c": 85.96, "omega": 42.72, "M": 0.45, "D": 0.11, "R": 0.13, "sving": 0.67, "os": 0.08, "foss": 0.72, "juv": 0.0, "B": 0.84, "Q": 7.91, "w": 25.31, "h": 0.28, "S": 0.01393, "elv": "Øyadalselva", "km": 0.1}}, {"type": "Feature", "geometry": {"type": "LineString", "coordinates": [[5.79397, 60.67664], [5.79259, 60.67621]]}, "properties": {"P": 46.33, "tau": 33.49, "tau_c": 77.81, "omega": 35.0, "M": 0.43, "D": 0.22, "R": 0.11, "sving": 0.74, "os": 0.08, "foss": 0.51, "juv": 0.0, "B": 0.84, "Q": 7.92, "w": 25.32, "h": 0.3, "S": 0.01141, "elv": "Øyadalselva", "km": 0.2}}, {"type": "Feature", "geometry": {"type": "LineString", "coordinates": [[5.79259, 60.67621], [5.7912, 60.67668]]}, "properties": {"P": 51.43, "tau": 29.48, "tau_c": 71.07, "omega": 29.15, "M": 0.41, "D": 0.31, "R": 0.1, "sving": 0.98, "os": 0.09, "foss": 0.37, "juv": 0.0, "B": 0.84, "Q": 7.92, "w": 25.37, "h": 0.32, "S": 0.00952, "elv": "Øyadalselva", "km": 0.3}}, {"type": "Feature", "geometry": {"type": "LineString", "coordinates": [[5.7912, 60.67668], [5.79061, 60.67752]]}, "properties": {"P": 30.4, "tau": 11.51, "tau_c": 36.2, "omega": 7.55, "M": 0.32, "D": 0.44, "R": 0.04, "sving": 0.41, "os": 0.14, "foss": 0.0, "juv": 0.0, "B": 0.84, "Q": 7.92, "w": 25.41, "h": 0.47, "S": 0.00247, "elv": "Øyadalselva", "km": 0.4}}, {"type": "Feature", "geometry": {"type": "LineString", "coordinates": [[5.79061, 60.67752], [5.79026, 60.6784]]}, "properties": {"P": 22.58, "tau": 10.34, "tau_c": 33.3, "omega": 6.48, "M": 0.31, "D": 0.44, "R": 0.03, "sving": 0.03, "os": 0.21, "foss": 0.0, "juv": 0.0, "B": 0.84, "Q": 8.05, "w": 25.46, "h": 0.5, "S": 0.00209, "elv": "Øyadalselva", "km": 0.5}}, {"type": "Feature", "geometry": {"type": "LineString", "coordinates": [[5.71943, 60.68427], [5.7205, 60.68499]]}, "properties": {"P": 15.09, "tau": 110.02, "tau_c": 364.2, "omega": 151.69, "M": 0.3, "D": -0.0, "R": 0.03, "sving": 0.0, "os": 0.0, "foss": 1.0, "juv": 0.0, "B": 0.47, "Q": 0.35, "w": 6.0, "h": 0.04, "S": 0.26211, "elv": "bekk", "km": 1.6}}, {"type": "Feature", "geometry": {"type": "LineString", "coordinates": [[5.7205, 60.68499], [5.72166, 60.68569]]}, "properties": {"P": 15.82, "tau": 118.55, "tau_c": 364.2, "omega": 169.86, "M": 0.33, "D": -0.0, "R": 0.04, "sving": 0.02, "os": 0.0, "foss": 1.0, "juv": 0.0, "B": 0.48, "Q": 0.37, "w": 6.0, "h": 0.04, "S": 0.28031, "elv": "bekk", "km": 1.7}}, {"type": "Feature", "geometry": {"type": "LineString", "coordinates": [[5.72166, 60.68569], [5.72274, 60.68636]]}, "properties": {"P": 16.25, "tau": 116.98, "tau_c": 364.2, "omega": 167.64, "M": 0.32, "D": 0.01, "R": 0.04, "sving": 0.02, "os": 0.0, "foss": 1.0, "juv": 0.0, "B": 0.48, "Q": 0.39, "w": 6.0, "h": 0.05, "S": 0.26475, "elv": "bekk", "km": 1.8}}, {"type": "Feature", "geometry": {"type": "LineString", "coordinates": [[5.66454, 60.62957], [5.66355, 60.63023]]}, "properties": {"P": 11.89, "tau": 141.82, "tau_c": 346.9, "omega": 237.19, "M": 0.41, "D": 0.0, "R": 0.1, "sving": 0.36, "os": 0.0, "foss": 1.0, "juv": 0.0, "B": 0.26, "Q": 0.93, "w": 8.7, "h": 0.06, "S": 0.22681, "elv": "bekk", "km": 0.0}}, {"type": "Feature", "geometry": {"type": "LineString", "coordinates": [[5.66355, 60.63023], [5.66318, 60.63111]]}, "properties": {"P": 17.07, "tau": 143.81, "tau_c": 350.08, "omega": 242.05, "M": 0.41, "D": 0.0, "R": 0.1, "sving": 0.23, "os": 0.0, "foss": 1.0, "juv": 0.0, "B": 0.4, "Q": 0.93, "w": 8.74, "h": 0.06, "S": 0.231, "elv": "bekk", "km": 0.1}}, {"type": "Feature", "geometry": {"type": "LineString", "coordinates": [[5.66318, 60.63111], [5.66289, 60.63199]]}, "properties": {"P": 15.92, "tau": 150.13, "tau_c": 358.59, "omega": 257.97, "M": 0.42, "D": 0.0, "R": 0.1, "sving": 0.12, "os": 0.0, "foss": 1.0, "juv": 0.0, "B": 0.4, "Q": 0.95, "w": 8.79, "h": 0.06, "S": 0.24236, "elv": "bekk", "km": 0.2}}, {"type": "Feature", "geometry": {"type": "LineString", "coordinates": [[5.66289, 60.63199], [5.66258, 60.63287]]}, "properties": {"P": 14.75, "tau": 152.17, "tau_c": 360.48, "omega": 263.4, "M": 0.42, "D": 0.0, "R": 0.11, "sving": 0.02, "os": 0.0, "foss": 1.0, "juv": 0.0, "B": 0.4, "Q": 0.97, "w": 8.87, "h": 0.06, "S": 0.24493, "elv": "bekk", "km": 0.3}}, {"type": "Feature", "geometry": {"type": "LineString", "coordinates": [[5.66258, 60.63287], [5.66203, 60.63372]]}, "properties": {"P": 14.86, "tau": 155.67, "tau_c": 364.2, "omega": 272.34, "M": 0.43, "D": 0.0, "R": 0.11, "sving": 0.02, "os": 0.0, "foss": 1.0, "juv": 0.0, "B": 0.4, "Q": 0.99, "w": 8.95, "h": 0.06, "S": 0.25192, "elv": "bekk", "km": 0.4}}, {"type": "Feature", "geometry": {"type": "LineString", "coordinates": [[5.66203, 60.63372], [5.66159, 60.63456]]}, "properties": {"P": 15.97, "tau": 155.27, "tau_c": 362.81, "omega": 271.84, "M": 0.43, "D": 0.0, "R": 0.11, "sving": 0.1, "os": 0.0, "foss": 1.0, "juv": 0.0, "B": 0.41, "Q": 1.01, "w": 9.02, "h": 0.06, "S": 0.2481, "elv": "bekk", "km": 0.5}}, {"type": "Feature", "geometry": {"type": "LineString", "coordinates": [[5.66159, 60.63456], [5.66123, 60.63541]]}, "properties": {"P": 16.77, "tau": 156.9, "tau_c": 364.1, "omega": 276.3, "M": 0.43, "D": 0.0, "R": 0.12, "sving": 0.16, "os": 0.0, "foss": 1.0, "juv": 0.0, "B": 0.41, "Q": 1.03, "w": 9.1, "h": 0.06, "S": 0.24987, "elv": "bekk", "km": 0.6}}, {"type": "Feature", "geometry": {"type": "LineString", "coordinates": [[5.66123, 60.63541], [5.66047, 60.6362]]}, "properties": {"P": 15.16, "tau": 159.84, "tau_c": 364.2, "omega": 283.82, "M": 0.44, "D": 0.0, "R": 0.12, "sving": 0.01, "os": 0.0, "foss": 1.0, "juv": 0.0, "B": 0.41, "Q": 1.04, "w": 9.17, "h": 0.06, "S": 0.25624, "elv": "bekk", "km": 0.7}}, {"type": "Feature", "geometry": {"type": "LineString", "coordinates": [[5.66047, 60.6362], [5.66067, 60.63707]]}, "properties": {"P": 15.37, "tau": 156.02, "tau_c": 360.21, "omega": 274.7, "M": 0.43, "D": 0.0, "R": 0.12, "sving": 0.03, "os": 0.0, "foss": 1.0, "juv": 0.0, "B": 0.41, "Q": 1.06, "w": 9.24, "h": 0.07, "S": 0.24456, "elv": "bekk", "km": 0.8}}, {"type": "Feature", "geometry": {"type": "LineString", "coordinates": [[5.66067, 60.63707], [5.66015, 60.63793]]}, "properties": {"P": 17.63, "tau": 156.25, "tau_c": 360.14, "omega": 275.41, "M": 0.43, "D": 0.01, "R": 0.12, "sving": 0.2, "os": 0.0, "foss": 1.0, "juv": 0.0, "B": 0.41, "Q": 1.07, "w": 9.3, "h": 0.07, "S": 0.24446, "elv": "bekk", "km": 0.9}}, {"type": "Feature", "geometry": {"type": "LineString", "coordinates": [[5.66015, 60.63793], [5.65966, 60.63877]]}, "properties": {"P": 17.95, "tau": 155.89, "tau_c": 358.33, "omega": 274.83, "M": 0.44, "D": 0.03, "R": 0.12, "sving": 0.19, "os": 0.0, "foss": 1.0, "juv": 0.0, "B": 0.41, "Q": 1.09, "w": 9.38, "h": 0.07, "S": 0.24202, "elv": "bekk", "km": 1.0}}, {"type": "Feature", "geometry": {"type": "LineString", "coordinates": [[5.65966, 60.63877], [5.65981, 60.63964]]}, "properties": {"P": 16.51, "tau": 148.34, "tau_c": 345.93, "omega": 255.95, "M": 0.43, "D": 0.06, "R": 0.11, "sving": 0.04, "os": 0.0, "foss": 1.0, "juv": 0.0, "B": 0.41, "Q": 1.09, "w": 9.45, "h": 0.07, "S": 0.22555, "elv": "bekk", "km": 1.1}}, {"type": "Feature", "geometry": {"type": "LineString", "coordinates": [[5.65981, 60.63964], [5.65912, 60.64043]]}, "properties": {"P": 19.27, "tau": 137.84, "tau_c": 324.46, "omega": 231.27, "M": 0.42, "D": 0.11, "R": 0.11, "sving": 0.2, "os": 0.0, "foss": 1.0, "juv": 0.0, "B": 0.41, "Q": 1.13, "w": 9.51, "h": 0.07, "S": 0.19842, "elv": "bekk", "km": 1.2}}, {"type": "Feature", "geometry": {"type": "LineString", "coordinates": [[5.65912, 60.64043], [5.65845, 60.64123]]}, "properties": {"P": 20.05, "tau": 119.87, "tau_c": 310.52, "omega": 186.23, "M": 0.39, "D": 0.09, "R": 0.08, "sving": 0.34, "os": 0.0, "foss": 1.0, "juv": 0.0, "B": 0.41, "Q": 1.14, "w": 10.9, "h": 0.07, "S": 0.18174, "elv": "bekk", "km": 1.3}}, {"type": "Feature", "geometry": {"type": "LineString", "coordinates": [[5.65845, 60.64123], [5.65715, 60.64182]]}, "properties": {"P": 17.3, "tau": 107.66, "tau_c": 302.73, "omega": 157.24, "M": 0.36, "D": 0.05, "R": 0.06, "sving": 0.21, "os": 0.0, "foss": 1.0, "juv": 0.0, "B": 0.41, "Q": 1.14, "w": 12.28, "h": 0.06, "S": 0.17274, "elv": "bekk", "km": 1.4}}, {"type": "Feature", "geometry": {"type": "LineString", "coordinates": [[5.70546, 60.61375], [5.70666, 60.61429]]}, "properties": {"P": 16.65, "tau": 192.37, "tau_c": 364.2, "omega": 349.86, "M": 0.53, "D": 0.0, "R": 0.22, "sving": 0.17, "os": 0.0, "foss": 1.0, "juv": 0.0, "B": 0.35, "Q": 0.47, "w": 6.1, "h": 0.04, "S": 0.46584, "elv": "Vetlåna", "km": 0.8}}, {"type": "Feature", "geometry": {"type": "LineString", "coordinates": [[5.70666, 60.61429], [5.70823, 60.61464]]}, "properties": {"P": 15.98, "tau": 194.71, "tau_c": 364.2, "omega": 356.06, "M": 0.53, "D": 0.0, "R": 0.23, "sving": 0.1, "os": 0.0, "foss": 1.0, "juv": 0.0, "B": 0.35, "Q": 0.47, "w": 6.14, "h": 0.04, "S": 0.47335, "elv": "Vetlåna", "km": 0.9}}, {"type": "Feature", "geometry": {"type": "LineString", "coordinates": [[5.70823, 60.61464], [5.70954, 60.61524]]}, "properties": {"P": 15.38, "tau": 198.7, "tau_c": 364.2, "omega": 366.37, "M": 0.55, "D": 0.0, "R": 0.24, "sving": 0.02, "os": 0.0, "foss": 1.0, "juv": 0.0, "B": 0.35, "Q": 0.47, "w": 6.18, "h": 0.04, "S": 0.48916, "elv": "Vetlåna", "km": 1.0}}, {"type": "Feature", "geometry": {"type": "LineString", "coordinates": [[5.70954, 60.61524], [5.71069, 60.61591]]}, "properties": {"P": 16.57, "tau": 200.46, "tau_c": 364.2, "omega": 371.04, "M": 0.55, "D": 0.0, "R": 0.25, "sving": 0.06, "os": 0.06, "foss": 1.0, "juv": 0.0, "B": 0.36, "Q": 0.47, "w": 6.19, "h": 0.04, "S": 0.49522, "elv": "Vetlåna", "km": 1.1}}, {"type": "Feature", "geometry": {"type": "LineString", "coordinates": [[5.71069, 60.61591], [5.71207, 60.61648]]}, "properties": {"P": 17.76, "tau": 200.17, "tau_c": 364.2, "omega": 370.33, "M": 0.55, "D": 0.0, "R": 0.25, "sving": 0.13, "os": 0.09, "foss": 1.0, "juv": 0.0, "B": 0.36, "Q": 0.47, "w": 6.19, "h": 0.04, "S": 0.4937, "elv": "Vetlåna", "km": 1.2}}, {"type": "Feature", "geometry": {"type": "LineString", "coordinates": [[5.71207, 60.61648], [5.71358, 60.61697]]}, "properties": {"P": 18.94, "tau": 198.92, "tau_c": 364.2, "omega": 367.09, "M": 0.55, "D": 0.01, "R": 0.24, "sving": 0.18, "os": 0.15, "foss": 1.0, "juv": 0.0, "B": 0.36, "Q": 0.47, "w": 6.19, "h": 0.04, "S": 0.48874, "elv": "Vetlåna", "km": 1.3}}, {"type": "Feature", "geometry": {"type": "LineString", "coordinates": [[5.71358, 60.61697], [5.71525, 60.61731]]}, "properties": {"P": 19.55, "tau": 197.74, "tau_c": 364.2, "omega": 363.95, "M": 0.54, "D": 0.01, "R": 0.24, "sving": 0.15, "os": 0.24, "foss": 1.0, "juv": 0.0, "B": 0.36, "Q": 0.47, "w": 6.2, "h": 0.04, "S": 0.48474, "elv": "Vetlåna", "km": 1.4}}, {"type": "Feature", "geometry": {"type": "LineString", "coordinates": [[5.69592, 60.61379], [5.6976, 60.61366]]}, "properties": {"P": 15.28, "tau": 121.9, "tau_c": 364.2, "omega": 174.1, "M": 0.33, "D": 0.0, "R": 0.04, "sving": 0.44, "os": 0.0, "foss": 1.0, "juv": 0.0, "B": 0.33, "Q": 0.33, "w": 6.0, "h": 0.04, "S": 0.3215, "elv": "bekk", "km": 0.1}}, {"type": "Feature", "geometry": {"type": "LineString", "coordinates": [[5.6976, 60.61366], [5.69941, 60.61366]]}, "properties": {"P": 16.77, "tau": 119.77, "tau_c": 364.2, "omega": 171.35, "M": 0.33, "D": 0.01, "R": 0.04, "sving": 0.56, "os": 0.0, "foss": 1.0, "juv": 0.0, "B": 0.34, "Q": 0.35, "w": 6.0, "h": 0.04, "S": 0.29554, "elv": "bekk", "km": 0.2}}, {"type": "Feature", "geometry": {"type": "LineString", "coordinates": [[5.69941, 60.61366], [5.70097, 60.6139]]}, "properties": {"P": 15.68, "tau": 117.71, "tau_c": 364.2, "omega": 168.27, "M": 0.32, "D": 0.01, "R": 0.04, "sving": 0.45, "os": 0.0, "foss": 1.0, "juv": 0.0, "B": 0.34, "Q": 0.37, "w": 6.0, "h": 0.04, "S": 0.27622, "elv": "bekk", "km": 0.3}}, {"type": "Feature", "geometry": {"type": "LineString", "coordinates": [[5.70097, 60.6139], [5.70198, 60.61457]]}, "properties": {"P": 16.1, "tau": 116.05, "tau_c": 364.2, "omega": 164.93, "M": 0.32, "D": 0.01, "R": 0.04, "sving": 0.49, "os": 0.0, "foss": 1.0, "juv": 0.0, "B": 0.34, "Q": 0.37, "w": 6.0, "h": 0.04, "S": 0.27008, "elv": "bekk", "km": 0.4}}, {"type": "Feature", "geometry": {"type": "LineString", "coordinates": [[5.70198, 60.61457], [5.7029, 60.61532]]}, "properties": {"P": 14.33, "tau": 122.59, "tau_c": 364.2, "omega": 178.46, "M": 0.34, "D": 0.0, "R": 0.04, "sving": 0.31, "os": 0.0, "foss": 1.0, "juv": 0.0, "B": 0.34, "Q": 0.37, "w": 6.0, "h": 0.04, "S": 0.29153, "elv": "bekk", "km": 0.5}}, {"type": "Feature", "geometry": {"type": "LineString", "coordinates": [[5.7029, 60.61532], [5.70336, 60.61617]]}, "properties": {"P": 11.88, "tau": 139.9, "tau_c": 364.2, "omega": 215.7, "M": 0.38, "D": 0.0, "R": 0.08, "sving": 0.02, "os": 0.0, "foss": 1.0, "juv": 0.0, "B": 0.34, "Q": 0.38, "w": 6.0, "h": 0.04, "S": 0.35152, "elv": "bekk", "km": 0.6}}, {"type": "Feature", "geometry": {"type": "LineString", "coordinates": [[5.70336, 60.61617], [5.7041, 60.61695]]}, "properties": {"P": 15.43, "tau": 158.54, "tau_c": 364.2, "omega": 257.99, "M": 0.44, "D": 0.0, "R": 0.12, "sving": 0.29, "os": 0.0, "foss": 1.0, "juv": 0.0, "B": 0.34, "Q": 0.38, "w": 6.0, "h": 0.04, "S": 0.42044, "elv": "bekk", "km": 0.7}}, {"type": "Feature", "geometry": {"type": "LineString", "coordinates": [[5.7041, 60.61695], [5.7052, 60.6176]]}, "properties": {"P": 16.68, "tau": 171.68, "tau_c": 364.2, "omega": 289.14, "M": 0.47, "D": 0.0, "R": 0.16, "sving": 0.35, "os": 0.0, "foss": 1.0, "juv": 0.0, "B": 0.34, "Q": 0.38, "w": 6.0, "h": 0.04, "S": 0.47121, "elv": "bekk", "km": 0.8}}, {"type": "Feature", "geometry": {"type": "LineString", "coordinates": [[5.7052, 60.6176], [5.70685, 60.61781]]}, "properties": {"P": 15.48, "tau": 184.08, "tau_c": 364.2, "omega": 319.49, "M": 0.51, "D": 0.0, "R": 0.19, "sving": 0.17, "os": 0.0, "foss": 1.0, "juv": 0.0, "B": 0.34, "Q": 0.38, "w": 6.0, "h": 0.04, "S": 0.52067, "elv": "bekk", "km": 0.9}}, {"type": "Feature", "geometry": {"type": "LineString", "coordinates": [[5.70685, 60.61781], [5.70848, 60.61811]]}, "properties": {"P": 17.13, "tau": 192.21, "tau_c": 364.2, "omega": 339.9, "M": 0.53, "D": 0.01, "R": 0.22, "sving": 0.2, "os": 0.07, "foss": 1.0, "juv": 0.0, "B": 0.34, "Q": 0.38, "w": 6.0, "h": 0.04, "S": 0.55393, "elv": "bekk", "km": 1.0}}, {"type": "Feature", "geometry": {"type": "LineString", "coordinates": [[5.70848, 60.61811], [5.70988, 60.61867]]}, "properties": {"P": 16.05, "tau": 192.2, "tau_c": 364.2, "omega": 339.54, "M": 0.53, "D": 0.04, "R": 0.22, "sving": 0.03, "os": 0.11, "foss": 1.0, "juv": 0.0, "B": 0.34, "Q": 0.38, "w": 6.04, "h": 0.04, "S": 0.55722, "elv": "bekk", "km": 1.1}}, {"type": "Feature", "geometry": {"type": "LineString", "coordinates": [[5.70988, 60.61867], [5.71155, 60.61896]]}, "properties": {"P": 16.16, "tau": 166.8, "tau_c": 364.2, "omega": 274.91, "M": 0.46, "D": 0.04, "R": 0.14, "sving": 0.1, "os": 0.18, "foss": 1.0, "juv": 0.0, "B": 0.34, "Q": 0.38, "w": 6.44, "h": 0.04, "S": 0.48081, "elv": "bekk", "km": 1.2}}, {"type": "Feature", "geometry": {"type": "LineString", "coordinates": [[5.71155, 60.61896], [5.71329, 60.61912]]}, "properties": {"P": 19.09, "tau": 165.19, "tau_c": 364.2, "omega": 277.86, "M": 0.45, "D": 0.02, "R": 0.14, "sving": 0.21, "os": 0.29, "foss": 1.0, "juv": 0.0, "B": 0.36, "Q": 0.48, "w": 6.85, "h": 0.04, "S": 0.40744, "elv": "bekk", "km": 1.3}}, {"type": "Feature", "geometry": {"type": "LineString", "coordinates": [[5.71329, 60.61912], [5.71497, 60.6192]]}, "properties": {"P": 24.16, "tau": 207.71, "tau_c": 364.2, "omega": 410.03, "M": 0.57, "D": 0.0, "R": 0.27, "sving": 0.12, "os": 0.46, "foss": 1.0, "juv": 0.0, "B": 0.39, "Q": 0.79, "w": 7.26, "h": 0.05, "S": 0.38521, "elv": "bekk", "km": 1.4}}, {"type": "Feature", "geometry": {"type": "LineString", "coordinates": [[5.63053, 60.58199], [5.62951, 60.58127]]}, "properties": {"P": 20.85, "tau": 88.05, "tau_c": 261.99, "omega": 117.2, "M": 0.34, "D": 0.0, "R": 0.04, "sving": 0.12, "os": 0.0, "foss": 1.0, "juv": 0.0, "B": 0.57, "Q": 0.61, "w": 6.63, "h": 0.07, "S": 0.12937, "elv": "bekk", "km": 1.5}}, {"type": "Feature", "geometry": {"type": "LineString", "coordinates": [[5.62951, 60.58127], [5.62877, 60.58045]]}, "properties": {"P": 25.18, "tau": 88.3, "tau_c": 265.99, "omega": 117.24, "M": 0.33, "D": 0.02, "R": 0.04, "sving": 0.34, "os": 0.0, "foss": 1.0, "juv": 0.0, "B": 0.57, "Q": 0.61, "w": 6.84, "h": 0.07, "S": 0.13335, "elv": "bekk", "km": 1.6}}, {"type": "Feature", "geometry": {"type": "LineString", "coordinates": [[5.62877, 60.58045], [5.62721, 60.58004]]}, "properties": {"P": 31.2, "tau": 82.25, "tau_c": 256.17, "omega": 105.52, "M": 0.32, "D": 0.06, "R": 0.04, "sving": 0.64, "os": 0.0, "foss": 1.0, "juv": 0.0, "B": 0.57, "Q": 0.61, "w": 7.06, "h": 0.07, "S": 0.12369, "elv": "bekk", "km": 1.7}}, {"type": "Feature", "geometry": {"type": "LineString", "coordinates": [[5.62721, 60.58004], [5.62545, 60.57999]]}, "properties": {"P": 27.83, "tau": 77.52, "tau_c": 245.8, "omega": 96.91, "M": 0.32, "D": 0.09, "R": 0.03, "sving": 0.42, "os": 0.0, "foss": 1.0, "juv": 0.0, "B": 0.57, "Q": 0.61, "w": 7.09, "h": 0.07, "S": 0.11388, "elv": "bekk", "km": 1.8}}, {"type": "Feature", "geometry": {"type": "LineString", "coordinates": [[5.62545, 60.57999], [5.62424, 60.58055]]}, "properties": {"P": 23.27, "tau": 67.11, "tau_c": 221.04, "omega": 78.89, "M": 0.3, "D": 0.08, "R": 0.03, "sving": 0.17, "os": 0.0, "foss": 1.0, "juv": 0.0, "B": 0.57, "Q": 0.62, "w": 7.12, "h": 0.07, "S": 0.09209, "elv": "bekk", "km": 1.9}}, {"type": "Feature", "geometry": {"type": "LineString", "coordinates": [[5.62424, 60.58055], [5.62273, 60.58052]]}, "properties": {"P": 14.7, "tau": 68.52, "tau_c": 222.62, "omega": 81.47, "M": 0.31, "D": 0.04, "R": 0.03, "sving": 0.01, "os": 0.0, "foss": 0.72, "juv": 0.0, "B": 0.58, "Q": 0.64, "w": 7.16, "h": 0.07, "S": 0.09341, "elv": "bekk", "km": 2.0}}, {"type": "Feature", "geometry": {"type": "LineString", "coordinates": [[5.68848, 60.52888], [5.69002, 60.52914]]}, "properties": {"P": 15.69, "tau": 110.39, "tau_c": 364.2, "omega": 136.74, "M": 0.3, "D": 0.0, "R": 0.03, "sving": 0.6, "os": 0.0, "foss": 1.0, "juv": 0.0, "B": 0.31, "Q": 0.16, "w": 6.0, "h": 0.02, "S": 0.51949, "elv": "Krossarennen", "km": 0.0}}, {"type": "Feature", "geometry": {"type": "LineString", "coordinates": [[5.69002, 60.52914], [5.69156, 60.52927]]}, "properties": {"P": 14.59, "tau": 127.44, "tau_c": 364.2, "omega": 170.23, "M": 0.35, "D": 0.0, "R": 0.05, "sving": 0.37, "os": 0.0, "foss": 1.0, "juv": 0.0, "B": 0.33, "Q": 0.18, "w": 6.0, "h": 0.02, "S": 0.58606, "elv": "Krossarennen", "km": 0.1}}, {"type": "Feature", "geometry": {"type": "LineString", "coordinates": [[5.69156, 60.52927], [5.6923, 60.53004]]}, "properties": {"P": 13.97, "tau": 161.41, "tau_c": 364.2, "omega": 241.69, "M": 0.44, "D": 0.0, "R": 0.13, "sving": 0.13, "os": 0.0, "foss": 1.0, "juv": 0.0, "B": 0.34, "Q": 0.19, "w": 6.0, "h": 0.02, "S": 0.76071, "elv": "Krossarennen", "km": 0.2}}, {"type": "Feature", "geometry": {"type": "LineString", "coordinates": [[5.6923, 60.53004], [5.69316, 60.53082]]}, "properties": {"P": 15.57, "tau": 165.36, "tau_c": 364.2, "omega": 253.08, "M": 0.45, "D": 0.0, "R": 0.14, "sving": 0.22, "os": 0.0, "foss": 1.0, "juv": 0.0, "B": 0.35, "Q": 0.21, "w": 6.0, "h": 0.02, "S": 0.73364, "elv": "Krossarennen", "km": 0.3}}, {"type": "Feature", "geometry": {"type": "LineString", "coordinates": [[5.69316, 60.53082], [5.69432, 60.5308]]}, "properties": {"P": 20.81, "tau": 181.0, "tau_c": 364.2, "omega": 291.08, "M": 0.5, "D": 0.0, "R": 0.18, "sving": 0.58, "os": 0.0, "foss": 1.0, "juv": 0.0, "B": 0.36, "Q": 0.23, "w": 6.0, "h": 0.02, "S": 0.78201, "elv": "Krossarennen", "km": 0.4}}, {"type": "Feature", "geometry": {"type": "LineString", "coordinates": [[5.69432, 60.5308], [5.69576, 60.53048]]}, "properties": {"P": 24.98, "tau": 210.24, "tau_c": 364.2, "omega": 364.16, "M": 0.58, "D": 0.0, "R": 0.28, "sving": 0.75, "os": 0.0, "foss": 1.0, "juv": 0.0, "B": 0.37, "Q": 0.24, "w": 6.0, "h": 0.02, "S": 0.91161, "elv": "Krossarennen", "km": 0.5}}, {"type": "Feature", "geometry": {"type": "LineString", "coordinates": [[5.69643, 60.59846], [5.69805, 60.5981]]}, "properties": {"P": 18.51, "tau": 111.49, "tau_c": 364.2, "omega": 142.74, "M": 0.31, "D": 0.0, "R": 0.03, "sving": 0.21, "os": 0.0, "foss": 1.0, "juv": 0.0, "B": 0.48, "Q": 0.2, "w": 6.0, "h": 0.03, "S": 0.44093, "elv": "Nardalselva", "km": 0.9}}, {"type": "Feature", "geometry": {"type": "LineString", "coordinates": [[5.69805, 60.5981], [5.69969, 60.59797]]}, "properties": {"P": 16.48, "tau": 113.72, "tau_c": 364.2, "omega": 148.0, "M": 0.31, "D": 0.0, "R": 0.03, "sving": 0.07, "os": 0.0, "foss": 1.0, "juv": 0.0, "B": 0.48, "Q": 0.21, "w": 6.0, "h": 0.03, "S": 0.43167, "elv": "Nardalselva", "km": 1.0}}, {"type": "Feature", "geometry": {"type": "LineString", "coordinates": [[5.70275, 60.59704], [5.70408, 60.5965]]}, "properties": {"P": 15.99, "tau": 109.82, "tau_c": 364.2, "omega": 145.46, "M": 0.3, "D": 0.0, "R": 0.03, "sving": 0.03, "os": 0.0, "foss": 1.0, "juv": 0.0, "B": 0.49, "Q": 0.27, "w": 6.0, "h": 0.03, "S": 0.33508, "elv": "Nardalselva", "km": 1.3}}, {"type": "Feature", "geometry": {"type": "LineString", "coordinates": [[5.70408, 60.5965], [5.70552, 60.59604]]}, "properties": {"P": 16.02, "tau": 117.49, "tau_c": 364.2, "omega": 161.39, "M": 0.32, "D": 0.0, "R": 0.04, "sving": 0.01, "os": 0.0, "foss": 1.0, "juv": 0.0, "B": 0.49, "Q": 0.28, "w": 6.0, "h": 0.03, "S": 0.35266, "elv": "Nardalselva", "km": 1.4}}, {"type": "Feature", "geometry": {"type": "LineString", "coordinates": [[5.70552, 60.59604], [5.707, 60.59553]]}, "properties": {"P": 16.93, "tau": 119.93, "tau_c": 364.2, "omega": 167.2, "M": 0.33, "D": 0.0, "R": 0.04, "sving": 0.05, "os": 0.0, "foss": 1.0, "juv": 0.0, "B": 0.5, "Q": 0.29, "w": 6.0, "h": 0.03, "S": 0.34962, "elv": "Nardalselva", "km": 1.5}}, {"type": "Feature", "geometry": {"type": "LineString", "coordinates": [[5.707, 60.59553], [5.70853, 60.59506]]}, "properties": {"P": 18.97, "tau": 148.38, "tau_c": 364.2, "omega": 236.0, "M": 0.41, "D": 0.0, "R": 0.09, "sving": 0.02, "os": 0.0, "foss": 1.0, "juv": 0.0, "B": 0.53, "Q": 0.39, "w": 6.0, "h": 0.04, "S": 0.36869, "elv": "Nardalselva", "km": 1.6}}, {"type": "Feature", "geometry": {"type": "LineString", "coordinates": [[5.70853, 60.59506], [5.71007, 60.5946]]}, "properties": {"P": 20.42, "tau": 154.08, "tau_c": 364.2, "omega": 249.4, "M": 0.42, "D": 0.0, "R": 0.11, "sving": 0.09, "os": 0.0, "foss": 1.0, "juv": 0.0, "B": 0.53, "Q": 0.4, "w": 6.0, "h": 0.04, "S": 0.38608, "elv": "Nardalselva", "km": 1.7}}, {"type": "Feature", "geometry": {"type": "LineString", "coordinates": [[5.71007, 60.5946], [5.71152, 60.59407]]}, "properties": {"P": 19.77, "tau": 150.99, "tau_c": 364.2, "omega": 242.42, "M": 0.41, "D": 0.0, "R": 0.1, "sving": 0.06, "os": 0.0, "foss": 1.0, "juv": 0.0, "B": 0.53, "Q": 0.4, "w": 6.0, "h": 0.04, "S": 0.37366, "elv": "Nardalselva", "km": 1.8}}, {"type": "Feature", "geometry": {"type": "LineString", "coordinates": [[5.71152, 60.59407], [5.71269, 60.5934]]}, "properties": {"P": 26.68, "tau": 163.24, "tau_c": 364.2, "omega": 271.18, "M": 0.45, "D": 0.0, "R": 0.13, "sving": 0.44, "os": 0.0, "foss": 1.0, "juv": 0.0, "B": 0.53, "Q": 0.4, "w": 6.01, "h": 0.04, "S": 0.41679, "elv": "Nardalselva", "km": 1.9}}, {"type": "Feature", "geometry": {"type": "LineString", "coordinates": [[5.71269, 60.5934], [5.71424, 60.59309]]}, "properties": {"P": 28.61, "tau": 173.58, "tau_c": 364.2, "omega": 300.46, "M": 0.48, "D": 0.0, "R": 0.16, "sving": 0.47, "os": 0.0, "foss": 1.0, "juv": 0.0, "B": 0.54, "Q": 0.45, "w": 6.04, "h": 0.04, "S": 0.41494, "elv": "Nardalselva", "km": 2.0}}, {"type": "Feature", "geometry": {"type": "LineString", "coordinates": [[5.71424, 60.59309], [5.71563, 60.59357]]}, "properties": {"P": 33.45, "tau": 178.32, "tau_c": 364.2, "omega": 312.71, "M": 0.49, "D": 0.0, "R": 0.18, "sving": 0.73, "os": 0.0, "foss": 1.0, "juv": 0.0, "B": 0.54, "Q": 0.45, "w": 6.06, "h": 0.04, "S": 0.42755, "elv": "Nardalselva", "km": 2.1}}, {"type": "Feature", "geometry": {"type": "LineString", "coordinates": [[5.67069, 60.58364], [5.6696, 60.58319]]}, "properties": {"P": 18.07, "tau": 76.24, "tau_c": 250.79, "omega": 93.56, "M": 0.3, "D": 0.0, "R": 0.03, "sving": 0.02, "os": 0.0, "foss": 1.0, "juv": 0.0, "B": 0.55, "Q": 0.51, "w": 6.3, "h": 0.07, "S": 0.11855, "elv": "bekk", "km": 0.8}}, {"type": "Feature", "geometry": {"type": "LineString", "coordinates": [[5.6696, 60.58319], [5.66829, 60.58273]]}, "properties": {"P": 24.95, "tau": 78.48, "tau_c": 258.48, "omega": 97.26, "M": 0.3, "D": 0.01, "R": 0.03, "sving": 0.42, "os": 0.0, "foss": 1.0, "juv": 0.0, "B": 0.55, "Q": 0.51, "w": 6.45, "h": 0.06, "S": 0.12593, "elv": "bekk", "km": 0.9}}, {"type": "Feature", "geometry": {"type": "LineString", "coordinates": [[5.66829, 60.58273], [5.66716, 60.58215]]}, "properties": {"P": 23.9, "tau": 81.0, "tau_c": 258.21, "omega": 102.55, "M": 0.31, "D": 0.02, "R": 0.03, "sving": 0.31, "os": 0.0, "foss": 1.0, "juv": 0.0, "B": 0.56, "Q": 0.55, "w": 6.61, "h": 0.07, "S": 0.12567, "elv": "bekk", "km": 1.0}}, {"type": "Feature", "geometry": {"type": "LineString", "coordinates": [[5.66716, 60.58215], [5.66768, 60.58131]]}, "properties": {"P": 25.82, "tau": 71.89, "tau_c": 236.67, "omega": 86.49, "M": 0.3, "D": 0.02, "R": 0.03, "sving": 0.43, "os": 0.0, "foss": 1.0, "juv": 0.0, "B": 0.56, "Q": 0.56, "w": 6.72, "h": 0.07, "S": 0.10557, "elv": "bekk", "km": 1.1}}, {"type": "Feature", "geometry": {"type": "LineString", "coordinates": [[5.66768, 60.58131], [5.66761, 60.58043]]}, "properties": {"P": 24.72, "tau": 72.87, "tau_c": 239.41, "omega": 88.15, "M": 0.3, "D": 0.01, "R": 0.03, "sving": 0.37, "os": 0.0, "foss": 1.0, "juv": 0.0, "B": 0.57, "Q": 0.57, "w": 6.89, "h": 0.07, "S": 0.10803, "elv": "bekk", "km": 1.2}}, {"type": "Feature", "geometry": {"type": "LineString", "coordinates": [[5.66761, 60.58043], [5.66795, 60.57959]]}, "properties": {"P": 19.01, "tau": 83.5, "tau_c": 260.58, "omega": 107.61, "M": 0.32, "D": -0.0, "R": 0.04, "sving": 0.03, "os": 0.0, "foss": 1.0, "juv": 0.0, "B": 0.57, "Q": 0.6, "w": 7.01, "h": 0.07, "S": 0.12799, "elv": "bekk", "km": 1.3}}, {"type": "Feature", "geometry": {"type": "LineString", "coordinates": [[5.66795, 60.57959], [5.66833, 60.57873]]}, "properties": {"P": 20.33, "tau": 85.05, "tau_c": 257.59, "omega": 111.35, "M": 0.33, "D": -0.0, "R": 0.04, "sving": 0.08, "os": 0.0, "foss": 1.0, "juv": 0.0, "B": 0.58, "Q": 0.65, "w": 7.15, "h": 0.07, "S": 0.12506, "elv": "bekk", "km": 1.4}}, {"type": "Feature", "geometry": {"type": "LineString", "coordinates": [[5.66833, 60.57873], [5.6687, 60.57789]]}, "properties": {"P": 22.08, "tau": 85.95, "tau_c": 260.57, "omega": 112.94, "M": 0.33, "D": -0.0, "R": 0.04, "sving": 0.18, "os": 0.0, "foss": 1.0, "juv": 0.0, "B": 0.58, "Q": 0.66, "w": 7.28, "h": 0.07, "S": 0.12797, "elv": "bekk", "km": 1.5}}, {"type": "Feature", "geometry": {"type": "LineString", "coordinates": [[5.6687, 60.57789], [5.66901, 60.57706]]}, "properties": {"P": 22.94, "tau": 89.27, "tau_c": 268.04, "omega": 119.25, "M": 0.33, "D": -0.0, "R": 0.04, "sving": 0.22, "os": 0.0, "foss": 1.0, "juv": 0.0, "B": 0.58, "Q": 0.68, "w": 7.57, "h": 0.07, "S": 0.13542, "elv": "bekk", "km": 1.6}}, {"type": "Feature", "geometry": {"type": "LineString", "coordinates": [[5.66901, 60.57706], [5.67014, 60.57636]]}, "properties": {"P": 23.56, "tau": 96.74, "tau_c": 285.83, "omega": 133.58, "M": 0.34, "D": -0.0, "R": 0.05, "sving": 0.24, "os": 0.0, "foss": 1.0, "juv": 0.0, "B": 0.59, "Q": 0.69, "w": 7.82, "h": 0.06, "S": 0.15399, "elv": "bekk", "km": 1.7}}, {"type": "Feature", "geometry": {"type": "LineString", "coordinates": [[5.67014, 60.57636], [5.67127, 60.5758]]}, "properties": {"P": 21.62, "tau": 107.27, "tau_c": 281.87, "omega": 159.24, "M": 0.38, "D": -0.0, "R": 0.07, "sving": 0.04, "os": 0.0, "foss": 1.0, "juv": 0.0, "B": 0.61, "Q": 0.87, "w": 8.06, "h": 0.07, "S": 0.14975, "elv": "bekk", "km": 1.8}}, {"type": "Feature", "geometry": {"type": "LineString", "coordinates": [[5.67127, 60.5758], [5.67263, 60.57523]]}, "properties": {"P": 23.6, "tau": 105.46, "tau_c": 280.15, "omega": 155.16, "M": 0.38, "D": 0.02, "R": 0.07, "sving": 0.13, "os": 0.0, "foss": 1.0, "juv": 0.0, "B": 0.61, "Q": 0.89, "w": 8.31, "h": 0.07, "S": 0.14793, "elv": "bekk", "km": 1.9}}, {"type": "Feature", "geometry": {"type": "LineString", "coordinates": [[5.67263, 60.57523], [5.67276, 60.57436]]}, "properties": {"P": 25.06, "tau": 97.22, "tau_c": 268.15, "omega": 137.53, "M": 0.36, "D": 0.02, "R": 0.06, "sving": 0.21, "os": 0.0, "foss": 1.0, "juv": 0.0, "B": 0.61, "Q": 0.89, "w": 8.65, "h": 0.07, "S": 0.13552, "elv": "bekk", "km": 2.0}}, {"type": "Feature", "geometry": {"type": "LineString", "coordinates": [[5.67276, 60.57436], [5.67334, 60.57355]]}, "properties": {"P": 23.73, "tau": 97.16, "tau_c": 266.79, "omega": 137.65, "M": 0.36, "D": 0.02, "R": 0.06, "sving": 0.13, "os": 0.0, "foss": 1.0, "juv": 0.0, "B": 0.62, "Q": 0.92, "w": 8.83, "h": 0.07, "S": 0.13415, "elv": "bekk", "km": 2.1}}, {"type": "Feature", "geometry": {"type": "LineString", "coordinates": [[5.67334, 60.57355], [5.67372, 60.5727]]}, "properties": {"P": 24.22, "tau": 102.29, "tau_c": 265.05, "omega": 150.22, "M": 0.39, "D": 0.01, "R": 0.08, "sving": 0.12, "os": 0.0, "foss": 1.0, "juv": 0.0, "B": 0.63, "Q": 1.04, "w": 9.0, "h": 0.08, "S": 0.13241, "elv": "bekk", "km": 2.2}}, {"type": "Feature", "geometry": {"type": "LineString", "coordinates": [[5.67372, 60.5727], [5.67462, 60.57193]]}, "properties": {"P": 22.2, "tau": 93.76, "tau_c": 248.37, "omega": 132.74, "M": 0.38, "D": 0.01, "R": 0.07, "sving": 0.02, "os": 0.0, "foss": 1.0, "juv": 0.0, "B": 0.63, "Q": 1.07, "w": 9.2, "h": 0.08, "S": 0.11627, "elv": "bekk", "km": 2.3}}, {"type": "Feature", "geometry": {"type": "LineString", "coordinates": [[5.67462, 60.57193], [5.67532, 60.57112]]}, "properties": {"P": 26.12, "tau": 104.02, "tau_c": 268.63, "omega": 153.87, "M": 0.39, "D": 0.01, "R": 0.08, "sving": 0.21, "os": 0.0, "foss": 1.0, "juv": 0.0, "B": 0.63, "Q": 1.08, "w": 9.38, "h": 0.08, "S": 0.13602, "elv": "bekk", "km": 2.4}}, {"type": "Feature", "geometry": {"type": "LineString", "coordinates": [[5.67532, 60.57112], [5.676, 60.57032]]}, "properties": {"P": 28.13, "tau": 98.6, "tau_c": 256.13, "omega": 142.96, "M": 0.38, "D": 0.04, "R": 0.08, "sving": 0.27, "os": 0.0, "foss": 1.0, "juv": 0.0, "B": 0.64, "Q": 1.12, "w": 9.47, "h": 0.08, "S": 0.12365, "elv": "bekk", "km": 2.5}}, {"type": "Feature", "geometry": {"type": "LineString", "coordinates": [[5.676, 60.57032], [5.67703, 60.56981]]}, "properties": {"P": 24.57, "tau": 90.92, "tau_c": 242.67, "omega": 127.13, "M": 0.37, "D": 0.08, "R": 0.07, "sving": 0.04, "os": 0.0, "foss": 1.0, "juv": 0.0, "B": 0.64, "Q": 1.12, "w": 9.62, "h": 0.08, "S": 0.11099, "elv": "bekk", "km": 2.6}}, {"type": "Feature", "geometry": {"type": "LineString", "coordinates": [[5.67703, 60.56981], [5.67865, 60.56953]]}, "properties": {"P": 25.97, "tau": 83.99, "tau_c": 229.84, "omega": 113.42, "M": 0.37, "D": 0.11, "R": 0.06, "sving": 0.09, "os": 0.0, "foss": 1.0, "juv": 0.0, "B": 0.64, "Q": 1.14, "w": 9.85, "h": 0.09, "S": 0.09957, "elv": "bekk", "km": 2.7}}, {"type": "Feature", "geometry": {"type": "LineString", "coordinates": [[5.67865, 60.56953], [5.67949, 60.5688]]}, "properties": {"P": 26.68, "tau": 71.4, "tau_c": 198.63, "omega": 90.73, "M": 0.36, "D": 0.11, "R": 0.06, "sving": 0.1, "os": 0.0, "foss": 1.0, "juv": 0.0, "B": 0.65, "Q": 1.25, "w": 10.06, "h": 0.1, "S": 0.07436, "elv": "bekk", "km": 2.8}}, {"type": "Feature", "geometry": {"type": "LineString", "coordinates": [[5.67949, 60.5688], [5.68055, 60.56808]]}, "properties": {"P": 32.96, "tau": 74.28, "tau_c": 198.53, "omega": 96.89, "M": 0.37, "D": 0.07, "R": 0.07, "sving": 0.43, "os": 0.0, "foss": 1.0, "juv": 0.0, "B": 0.66, "Q": 1.37, "w": 10.27, "h": 0.1, "S": 0.07429, "elv": "bekk", "km": 2.9}}, {"type": "Feature", "geometry": {"type": "LineString", "coordinates": [[5.68055, 60.56808], [5.68136, 60.56736]]}, "properties": {"P": 18.81, "tau": 65.08, "tau_c": 180.7, "omega": 80.16, "M": 0.36, "D": 0.05, "R": 0.06, "sving": 0.05, "os": 0.0, "foss": 0.72, "juv": 0.0, "B": 0.66, "Q": 1.37, "w": 10.34, "h": 0.11, "S": 0.06154, "elv": "bekk", "km": 3.0}}, {"type": "Feature", "geometry": {"type": "LineString", "coordinates": [[5.68136, 60.56736], [5.6815, 60.56649]]}, "properties": {"P": 22.97, "tau": 67.75, "tau_c": 186.18, "omega": 84.9, "M": 0.36, "D": 0.02, "R": 0.06, "sving": 0.02, "os": 0.0, "foss": 1.0, "juv": 0.0, "B": 0.66, "Q": 1.39, "w": 10.46, "h": 0.11, "S": 0.06533, "elv": "bekk", "km": 3.1}}, {"type": "Feature", "geometry": {"type": "LineString", "coordinates": [[5.6815, 60.56649], [5.68258, 60.5658]]}, "properties": {"P": 23.7, "tau": 69.89, "tau_c": 191.38, "omega": 88.64, "M": 0.37, "D": 0.01, "R": 0.06, "sving": 0.06, "os": 0.0, "foss": 1.0, "juv": 0.0, "B": 0.66, "Q": 1.39, "w": 10.64, "h": 0.1, "S": 0.06904, "elv": "bekk", "km": 3.2}}, {"type": "Feature", "geometry": {"type": "LineString", "coordinates": [[5.68258, 60.5658], [5.6837, 60.5651]]}, "properties": {"P": 28.23, "tau": 74.83, "tau_c": 202.42, "omega": 97.56, "M": 0.37, "D": -0.0, "R": 0.07, "sving": 0.3, "os": 0.0, "foss": 1.0, "juv": 0.0, "B": 0.66, "Q": 1.39, "w": 10.83, "h": 0.1, "S": 0.07723, "elv": "bekk", "km": 3.3}}, {"type": "Feature", "geometry": {"type": "LineString", "coordinates": [[5.779, 60.58678], [5.77818, 60.58599]]}, "properties": {"P": 12.07, "tau": 120.67, "tau_c": 364.2, "omega": 163.98, "M": 0.33, "D": 0.0, "R": 0.04, "sving": 0.03, "os": 0.0, "foss": 1.0, "juv": 0.0, "B": 0.36, "Q": 0.24, "w": 6.0, "h": 0.03, "S": 0.4212, "elv": "bekk", "km": 0.4}}, {"type": "Feature", "geometry": {"type": "LineString", "coordinates": [[5.77818, 60.58599], [5.7773, 60.5852]]}, "properties": {"P": 13.12, "tau": 130.34, "tau_c": 364.2, "omega": 184.82, "M": 0.36, "D": 0.0, "R": 0.06, "sving": 0.07, "os": 0.0, "foss": 1.0, "juv": 0.0, "B": 0.37, "Q": 0.25, "w": 6.0, "h": 0.03, "S": 0.44365, "elv": "bekk", "km": 0.5}}, {"type": "Feature", "geometry": {"type": "LineString", "coordinates": [[5.7773, 60.5852], [5.77621, 60.58449]]}, "properties": {"P": 14.32, "tau": 146.55, "tau_c": 364.2, "omega": 220.5, "M": 0.4, "D": 0.0, "R": 0.09, "sving": 0.08, "os": 0.0, "foss": 1.0, "juv": 0.0, "B": 0.38, "Q": 0.27, "w": 6.0, "h": 0.03, "S": 0.49681, "elv": "bekk", "km": 0.6}}, {"type": "Feature", "geometry": {"type": "LineString", "coordinates": [[5.77621, 60.58449], [5.77523, 60.58374]]}, "properties": {"P": 15.46, "tau": 153.75, "tau_c": 364.2, "omega": 238.11, "M": 0.42, "D": 0.0, "R": 0.11, "sving": 0.12, "os": 0.0, "foss": 1.0, "juv": 0.0, "B": 0.39, "Q": 0.29, "w": 6.0, "h": 0.03, "S": 0.50546, "elv": "bekk", "km": 0.7}}, {"type": "Feature", "geometry": {"type": "LineString", "coordinates": [[5.77523, 60.58374], [5.7748, 60.58288]]}, "properties": {"P": 17.48, "tau": 148.34, "tau_c": 364.2, "omega": 227.97, "M": 0.41, "D": 0.01, "R": 0.09, "sving": 0.26, "os": 0.0, "foss": 1.0, "juv": 0.0, "B": 0.4, "Q": 0.3, "w": 6.0, "h": 0.03, "S": 0.45747, "elv": "bekk", "km": 0.8}}, {"type": "Feature", "geometry": {"type": "LineString", "coordinates": [[5.7748, 60.58288], [5.77444, 60.58202]]}, "properties": {"P": 16.56, "tau": 151.24, "tau_c": 364.2, "omega": 236.1, "M": 0.42, "D": 0.09, "R": 0.1, "sving": 0.03, "os": 0.0, "foss": 1.0, "juv": 0.0, "B": 0.41, "Q": 0.32, "w": 6.0, "h": 0.03, "S": 0.44923, "elv": "bekk", "km": 0.9}}, {"type": "Feature", "geometry": {"type": "LineString", "coordinates": [[5.77444, 60.58202], [5.77452, 60.58117]]}, "properties": {"P": 18.45, "tau": 144.0, "tau_c": 364.2, "omega": 221.62, "M": 0.4, "D": 0.22, "R": 0.08, "sving": 0.0, "os": 0.0, "foss": 1.0, "juv": 0.0, "B": 0.42, "Q": 0.34, "w": 6.0, "h": 0.04, "S": 0.40088, "elv": "bekk", "km": 1.0}}, {"type": "Feature", "geometry": {"type": "LineString", "coordinates": [[5.77326, 60.57956], [5.77231, 60.57881]]}, "properties": {"P": 69.5, "tau": 467.19, "tau_c": 285.14, "omega": 1845.82, "M": 1.64, "D": 0.0, "R": 0.99, "sving": 0.06, "os": 0.19, "foss": 0.72, "juv": 0.0, "B": 0.87, "Q": 49.71, "w": 40.49, "h": 0.31, "S": 0.15325, "elv": "bekk", "km": 1.3}}, {"type": "Feature", "geometry": {"type": "LineString", "coordinates": [[5.77231, 60.57881], [5.77123, 60.57811]]}, "properties": {"P": 76.92, "tau": 321.68, "tau_c": 243.3, "omega": 1047.59, "M": 1.32, "D": 0.17, "R": 0.98, "sving": 0.2, "os": 0.3, "foss": 0.51, "juv": 0.0, "B": 0.88, "Q": 49.76, "w": 51.99, "h": 0.29, "S": 0.11157, "elv": "bekk", "km": 1.4}}, {"type": "Feature", "geometry": {"type": "LineString", "coordinates": [[5.78779, 60.59325], [5.78883, 60.59251]]}, "properties": {"P": 14.31, "tau": 118.41, "tau_c": 364.2, "omega": 168.67, "M": 0.33, "D": 0.0, "R": 0.04, "sving": 0.08, "os": 0.0, "foss": 1.0, "juv": 0.0, "B": 0.41, "Q": 0.36, "w": 6.0, "h": 0.04, "S": 0.28946, "elv": "Brattremselva", "km": 0.6}}, {"type": "Feature", "geometry": {"type": "LineString", "coordinates": [[5.78883, 60.59251], [5.78984, 60.59177]]}, "properties": {"P": 14.49, "tau": 121.66, "tau_c": 364.2, "omega": 175.58, "M": 0.33, "D": 0.0, "R": 0.04, "sving": 0.06, "os": 0.0, "foss": 1.0, "juv": 0.0, "B": 0.42, "Q": 0.36, "w": 6.0, "h": 0.04, "S": 0.29831, "elv": "Brattremselva", "km": 0.7}}, {"type": "Feature", "geometry": {"type": "LineString", "coordinates": [[5.78984, 60.59177], [5.79076, 60.591]]}, "properties": {"P": 14.4, "tau": 128.29, "tau_c": 364.2, "omega": 191.08, "M": 0.35, "D": 0.0, "R": 0.05, "sving": 0.01, "os": 0.0, "foss": 1.0, "juv": 0.0, "B": 0.43, "Q": 0.38, "w": 6.0, "h": 0.04, "S": 0.30482, "elv": "Brattremselva", "km": 0.8}}, {"type": "Feature", "geometry": {"type": "LineString", "coordinates": [[5.79076, 60.591], [5.79178, 60.59026]]}, "properties": {"P": 15.04, "tau": 129.66, "tau_c": 364.2, "omega": 194.32, "M": 0.36, "D": 0.0, "R": 0.06, "sving": 0.04, "os": 0.0, "foss": 1.0, "juv": 0.0, "B": 0.44, "Q": 0.39, "w": 6.0, "h": 0.04, "S": 0.30639, "elv": "Brattremselva", "km": 0.9}}, {"type": "Feature", "geometry": {"type": "LineString", "coordinates": [[5.79178, 60.59026], [5.79285, 60.58954]]}, "properties": {"P": 15.78, "tau": 133.49, "tau_c": 364.2, "omega": 204.96, "M": 0.37, "D": 0.0, "R": 0.06, "sving": 0.05, "os": 0.0, "foss": 1.0, "juv": 0.0, "B": 0.45, "Q": 0.42, "w": 6.01, "h": 0.05, "S": 0.29661, "elv": "Brattremselva", "km": 1.0}}, {"type": "Feature", "geometry": {"type": "LineString", "coordinates": [[5.79285, 60.58954], [5.79371, 60.58875]]}, "properties": {"P": 15.97, "tau": 142.45, "tau_c": 364.2, "omega": 226.07, "M": 0.39, "D": 0.0, "R": 0.08, "sving": 0.01, "os": 0.0, "foss": 1.0, "juv": 0.0, "B": 0.46, "Q": 0.44, "w": 6.02, "h": 0.05, "S": 0.31528, "elv": "Brattremselva", "km": 1.1}}, {"type": "Feature", "geometry": {"type": "LineString", "coordinates": [[5.79371, 60.58875], [5.79482, 60.58804]]}, "properties": {"P": 16.58, "tau": 147.53, "tau_c": 364.2, "omega": 238.22, "M": 0.41, "D": 0.0, "R": 0.09, "sving": 0.02, "os": 0.0, "foss": 1.0, "juv": 0.0, "B": 0.46, "Q": 0.45, "w": 6.04, "h": 0.05, "S": 0.32714, "elv": "Brattremselva", "km": 1.2}}, {"type": "Feature", "geometry": {"type": "LineString", "coordinates": [[5.79482, 60.58804], [5.7958, 60.58729]]}, "properties": {"P": 17.22, "tau": 151.19, "tau_c": 364.2, "omega": 247.23, "M": 0.42, "D": 0.0, "R": 0.1, "sving": 0.04, "os": 0.0, "foss": 1.0, "juv": 0.0, "B": 0.47, "Q": 0.46, "w": 6.06, "h": 0.05, "S": 0.33444, "elv": "Brattremselva", "km": 1.3}}, {"type": "Feature", "geometry": {"type": "LineString", "coordinates": [[5.78206, 60.65178], [5.78132, 60.65259]]}, "properties": {"P": 26.47, "tau": 162.05, "tau_c": 364.2, "omega": 273.4, "M": 0.44, "D": 0.0, "R": 0.13, "sving": 0.38, "os": 0.0, "foss": 1.0, "juv": 0.0, "B": 0.54, "Q": 0.46, "w": 6.07, "h": 0.05, "S": 0.36657, "elv": "Inste Ulevikelva", "km": 1.3}}, {"type": "Feature", "geometry": {"type": "LineString", "coordinates": [[5.78132, 60.65259], [5.78153, 60.65348]]}, "properties": {"P": 27.54, "tau": 149.6, "tau_c": 364.2, "omega": 243.75, "M": 0.41, "D": 0.03, "R": 0.1, "sving": 0.46, "os": 0.0, "foss": 1.0, "juv": 0.0, "B": 0.54, "Q": 0.46, "w": 6.1, "h": 0.05, "S": 0.32761, "elv": "Inste Ulevikelva", "km": 1.4}}, {"type": "Feature", "geometry": {"type": "LineString", "coordinates": [[5.78153, 60.65348], [5.78269, 60.65412]]}, "properties": {"P": 27.9, "tau": 144.43, "tau_c": 364.2, "omega": 230.49, "M": 0.4, "D": 0.03, "R": 0.09, "sving": 0.5, "os": 0.0, "foss": 1.0, "juv": 0.0, "B": 0.54, "Q": 0.46, "w": 6.39, "h": 0.05, "S": 0.32368, "elv": "Inste Ulevikelva", "km": 1.5}}, {"type": "Feature", "geometry": {"type": "LineString", "coordinates": [[5.78269, 60.65412], [5.78404, 60.65464]]}, "properties": {"P": 25.51, "tau": 132.05, "tau_c": 364.2, "omega": 201.74, "M": 0.36, "D": 0.03, "R": 0.06, "sving": 0.39, "os": 0.0, "foss": 1.0, "juv": 0.0, "B": 0.54, "Q": 0.46, "w": 6.65, "h": 0.05, "S": 0.29439, "elv": "Inste Ulevikelva", "km": 1.6}}, {"type": "Feature", "geometry": {"type": "LineString", "coordinates": [[5.74089, 60.58588], [5.74017, 60.58506]]}, "properties": {"P": 17.42, "tau": 131.98, "tau_c": 364.2, "omega": 197.37, "M": 0.36, "D": 0.0, "R": 0.06, "sving": 0.0, "os": 0.0, "foss": 1.0, "juv": 0.0, "B": 0.52, "Q": 0.36, "w": 6.0, "h": 0.04, "S": 0.33448, "elv": "bekk", "km": 1.4}}, {"type": "Feature", "geometry": {"type": "LineString", "coordinates": [[5.74017, 60.58506], [5.73925, 60.58429]]}, "properties": {"P": 19.07, "tau": 145.61, "tau_c": 364.2, "omega": 228.78, "M": 0.4, "D": 0.0, "R": 0.09, "sving": 0.05, "os": 0.0, "foss": 1.0, "juv": 0.0, "B": 0.52, "Q": 0.38, "w": 6.0, "h": 0.04, "S": 0.36842, "elv": "bekk", "km": 1.5}}, {"type": "Feature", "geometry": {"type": "LineString", "coordinates": [[5.73925, 60.58429], [5.73827, 60.58353]]}, "properties": {"P": 20.33, "tau": 157.7, "tau_c": 364.2, "omega": 256.69, "M": 0.43, "D": 0.0, "R": 0.12, "sving": 0.08, "os": 0.0, "foss": 1.0, "juv": 0.0, "B": 0.52, "Q": 0.38, "w": 6.0, "h": 0.04, "S": 0.41046, "elv": "bekk", "km": 1.6}}, {"type": "Feature", "geometry": {"type": "LineString", "coordinates": [[5.73827, 60.58353], [5.73722, 60.5828]]}, "properties": {"P": 20.98, "tau": 173.32, "tau_c": 364.2, "omega": 294.14, "M": 0.48, "D": 0.0, "R": 0.16, "sving": 0.04, "os": 0.0, "foss": 1.0, "juv": 0.0, "B": 0.53, "Q": 0.39, "w": 6.0, "h": 0.04, "S": 0.46704, "elv": "bekk", "km": 1.7}}, {"type": "Feature", "geometry": {"type": "LineString", "coordinates": [[5.75697, 60.60181], [5.75589, 60.60239]]}, "properties": {"P": 33.76, "tau": 145.85, "tau_c": 364.2, "omega": 226.93, "M": 0.4, "D": 0.0, "R": 0.09, "sving": 1.0, "os": 0.0, "foss": 1.0, "juv": 0.0, "B": 0.52, "Q": 0.35, "w": 6.0, "h": 0.04, "S": 0.39442, "elv": "Fyllåa", "km": 0.3}}, {"type": "Feature", "geometry": {"type": "LineString", "coordinates": [[5.75589, 60.60239], [5.75454, 60.60178]]}, "properties": {"P": 35.25, "tau": 153.7, "tau_c": 364.2, "omega": 246.21, "M": 0.42, "D": 0.03, "R": 0.11, "sving": 1.0, "os": 0.0, "foss": 1.0, "juv": 0.0, "B": 0.52, "Q": 0.37, "w": 6.0, "h": 0.04, "S": 0.40809, "elv": "Fyllåa", "km": 0.4}}, {"type": "Feature", "geometry": {"type": "LineString", "coordinates": [[5.75454, 60.60178], [5.75321, 60.60117]]}, "properties": {"P": 31.17, "tau": 143.35, "tau_c": 364.2, "omega": 223.56, "M": 0.39, "D": 0.1, "R": 0.08, "sving": 0.69, "os": 0.0, "foss": 1.0, "juv": 0.0, "B": 0.52, "Q": 0.38, "w": 6.0, "h": 0.04, "S": 0.36172, "elv": "Fyllåa", "km": 0.5}}, {"type": "Feature", "geometry": {"type": "LineString", "coordinates": [[5.75321, 60.60117], [5.7521, 60.60047]]}, "properties": {"P": 21.15, "tau": 112.65, "tau_c": 354.1, "omega": 160.32, "M": 0.32, "D": 0.15, "R": 0.04, "sving": 0.04, "os": 0.0, "foss": 1.0, "juv": 0.0, "B": 0.53, "Q": 0.41, "w": 6.0, "h": 0.05, "S": 0.23633, "elv": "Fyllåa", "km": 0.6}}, {"type": "Feature", "geometry": {"type": "LineString", "coordinates": [[5.7521, 60.60047], [5.75113, 60.59972]]}, "properties": {"P": 20.15, "tau": 92.73, "tau_c": 303.93, "omega": 121.83, "M": 0.31, "D": 0.13, "R": 0.03, "sving": 0.02, "os": 0.0, "foss": 1.0, "juv": 0.0, "B": 0.54, "Q": 0.43, "w": 6.01, "h": 0.05, "S": 0.17411, "elv": "Fyllåa", "km": 0.7}}, {"type": "Feature", "geometry": {"type": "LineString", "coordinates": [[5.75113, 60.59972], [5.74994, 60.59905]]}, "properties": {"P": 19.29, "tau": 103.55, "tau_c": 326.35, "omega": 143.07, "M": 0.32, "D": 0.06, "R": 0.04, "sving": 0.03, "os": 0.0, "foss": 1.0, "juv": 0.0, "B": 0.54, "Q": 0.44, "w": 6.07, "h": 0.05, "S": 0.20074, "elv": "Fyllåa", "km": 0.8}}, {"type": "Feature", "geometry": {"type": "LineString", "coordinates": [[5.74994, 60.59905], [5.74866, 60.59841]]}, "properties": {"P": 18.51, "tau": 107.24, "tau_c": 334.01, "omega": 150.54, "M": 0.32, "D": 0.01, "R": 0.04, "sving": 0.05, "os": 0.0, "foss": 1.0, "juv": 0.0, "B": 0.54, "Q": 0.45, "w": 6.15, "h": 0.05, "S": 0.21028, "elv": "Fyllåa", "km": 0.9}}, {"type": "Feature", "geometry": {"type": "LineString", "coordinates": [[5.74866, 60.59841], [5.74741, 60.59776]]}, "properties": {"P": 18.14, "tau": 116.36, "tau_c": 342.71, "omega": 170.98, "M": 0.34, "D": 0.0, "R": 0.05, "sving": 0.0, "os": 0.0, "foss": 1.0, "juv": 0.0, "B": 0.55, "Q": 0.49, "w": 6.26, "h": 0.05, "S": 0.22138, "elv": "Fyllåa", "km": 1.0}}, {"type": "Feature", "geometry": {"type": "LineString", "coordinates": [[5.74741, 60.59776], [5.74625, 60.59707]]}, "properties": {"P": 18.81, "tau": 129.42, "tau_c": 364.2, "omega": 199.4, "M": 0.36, "D": 0.0, "R": 0.06, "sving": 0.02, "os": 0.0, "foss": 1.0, "juv": 0.0, "B": 0.55, "Q": 0.51, "w": 6.4, "h": 0.05, "S": 0.25589, "elv": "Fyllåa", "km": 1.1}}, {"type": "Feature", "geometry": {"type": "LineString", "coordinates": [[5.74625, 60.59707], [5.74504, 60.5964]]}, "properties": {"P": 19.24, "tau": 122.2, "tau_c": 351.02, "omega": 184.12, "M": 0.35, "D": 0.0, "R": 0.05, "sving": 0.04, "os": 0.0, "foss": 1.0, "juv": 0.0, "B": 0.56, "Q": 0.53, "w": 6.56, "h": 0.05, "S": 0.23224, "elv": "Fyllåa", "km": 1.2}}, {"type": "Feature", "geometry": {"type": "LineString", "coordinates": [[5.74504, 60.5964], [5.74383, 60.59573]]}, "properties": {"P": 20.84, "tau": 122.3, "tau_c": 347.5, "omega": 184.99, "M": 0.35, "D": 0.0, "R": 0.05, "sving": 0.12, "os": 0.0, "foss": 1.0, "juv": 0.0, "B": 0.56, "Q": 0.55, "w": 6.66, "h": 0.05, "S": 0.22761, "elv": "Fyllåa", "km": 1.3}}, {"type": "Feature", "geometry": {"type": "LineString", "coordinates": [[5.74383, 60.59573], [5.74246, 60.59515]]}, "properties": {"P": 25.83, "tau": 125.16, "tau_c": 349.08, "omega": 191.97, "M": 0.36, "D": 0.0, "R": 0.06, "sving": 0.39, "os": 0.0, "foss": 1.0, "juv": 0.0, "B": 0.57, "Q": 0.57, "w": 6.74, "h": 0.06, "S": 0.22967, "elv": "Fyllåa", "km": 1.4}}, {"type": "Feature", "geometry": {"type": "LineString", "coordinates": [[5.74246, 60.59515], [5.74092, 60.59468]]}, "properties": {"P": 29.54, "tau": 154.71, "tau_c": 364.2, "omega": 259.79, "M": 0.42, "D": 0.0, "R": 0.11, "sving": 0.53, "os": 0.0, "foss": 1.0, "juv": 0.0, "B": 0.57, "Q": 0.57, "w": 6.79, "h": 0.05, "S": 0.31329, "elv": "Fyllåa", "km": 1.5}}, {"type": "Feature", "geometry": {"type": "LineString", "coordinates": [[5.74092, 60.59468], [5.73929, 60.59484]]}, "properties": {"P": 31.34, "tau": 188.27, "tau_c": 364.2, "omega": 343.95, "M": 0.52, "D": 0.0, "R": 0.21, "sving": 0.47, "os": 0.0, "foss": 1.0, "juv": 0.0, "B": 0.57, "Q": 0.57, "w": 6.82, "h": 0.05, "S": 0.41643, "elv": "Fyllåa", "km": 1.6}}, {"type": "Feature", "geometry": {"type": "LineString", "coordinates": [[5.73929, 60.59484], [5.73777, 60.59531]]}, "properties": {"P": 31.33, "tau": 199.23, "tau_c": 364.2, "omega": 372.98, "M": 0.55, "D": 0.0, "R": 0.24, "sving": 0.41, "os": 0.0, "foss": 1.0, "juv": 0.0, "B": 0.57, "Q": 0.57, "w": 6.82, "h": 0.04, "S": 0.45157, "elv": "Fyllåa", "km": 1.7}}, {"type": "Feature", "geometry": {"type": "LineString", "coordinates": [[5.73777, 60.59531], [5.73625, 60.59576]]}, "properties": {"P": 28.93, "tau": 216.9, "tau_c": 364.2, "omega": 421.22, "M": 0.6, "D": 0.0, "R": 0.31, "sving": 0.17, "os": 0.0, "foss": 1.0, "juv": 0.0, "B": 0.57, "Q": 0.57, "w": 6.82, "h": 0.04, "S": 0.50998, "elv": "Fyllåa", "km": 1.8}}, {"type": "Feature", "geometry": {"type": "LineString", "coordinates": [[5.75211, 60.56531], [5.75163, 60.56447]]}, "properties": {"P": 100.0, "tau": 624.57, "tau_c": 349.64, "omega": 2801.08, "M": 1.79, "D": -0.0, "R": 0.96, "sving": 0.52, "os": 0.06, "foss": 1.0, "juv": 0.0, "B": 1.03, "Q": 50.56, "w": 40.8, "h": 0.28, "S": 0.23042, "elv": "Kalddalselva", "km": 1.6}}, {"type": "Feature", "geometry": {"type": "LineString", "coordinates": [[5.75366, 60.63103], [5.75284, 60.63183]]}, "properties": {"P": 19.3, "tau": 127.56, "tau_c": 364.2, "omega": 171.02, "M": 0.35, "D": 0.0, "R": 0.05, "sving": 0.23, "os": 0.0, "foss": 1.0, "juv": 0.0, "B": 0.48, "Q": 0.18, "w": 6.0, "h": 0.02, "S": 0.57536, "elv": "Kvåstadelva", "km": 0.9}}, {"type": "Feature", "geometry": {"type": "LineString", "coordinates": [[5.75284, 60.63183], [5.75176, 60.63243]]}, "properties": {"P": 17.34, "tau": 135.82, "tau_c": 364.2, "omega": 190.49, "M": 0.37, "D": 0.0, "R": 0.07, "sving": 0.07, "os": 0.0, "foss": 1.0, "juv": 0.0, "B": 0.48, "Q": 0.21, "w": 6.0, "h": 0.02, "S": 0.56283, "elv": "Kvåstadelva", "km": 1.0}}, {"type": "Feature", "geometry": {"type": "LineString", "coordinates": [[5.75176, 60.63243], [5.75161, 60.63333]]}, "properties": {"P": 18.17, "tau": 135.66, "tau_c": 364.2, "omega": 192.69, "M": 0.37, "D": 0.01, "R": 0.07, "sving": 0.12, "os": 0.0, "foss": 1.0, "juv": 0.0, "B": 0.48, "Q": 0.23, "w": 6.0, "h": 0.03, "S": 0.51758, "elv": "Kvåstadelva", "km": 1.1}}, {"type": "Feature", "geometry": {"type": "LineString", "coordinates": [[5.75161, 60.63333], [5.75117, 60.63419]]}, "properties": {"P": 18.83, "tau": 126.99, "tau_c": 364.2, "omega": 176.26, "M": 0.35, "D": 0.03, "R": 0.05, "sving": 0.16, "os": 0.0, "foss": 1.0, "juv": 0.0, "B": 0.48, "Q": 0.24, "w": 6.0, "h": 0.03, "S": 0.45544, "elv": "Kvåstadelva", "km": 1.2}}, {"type": "Feature", "geometry": {"type": "LineString", "coordinates": [[5.75117, 60.63419], [5.74994, 60.63479]]}, "properties": {"P": 22.73, "tau": 128.7, "tau_c": 364.2, "omega": 179.67, "M": 0.35, "D": 0.05, "R": 0.05, "sving": 0.4, "os": 0.0, "foss": 1.0, "juv": 0.0, "B": 0.48, "Q": 0.24, "w": 6.0, "h": 0.03, "S": 0.46427, "elv": "Kvåstadelva", "km": 1.3}}, {"type": "Feature", "geometry": {"type": "LineString", "coordinates": [[5.74994, 60.63479], [5.74943, 60.63564]]}, "properties": {"P": 23.64, "tau": 117.84, "tau_c": 364.2, "omega": 158.46, "M": 0.32, "D": 0.07, "R": 0.04, "sving": 0.47, "os": 0.0, "foss": 1.0, "juv": 0.0, "B": 0.48, "Q": 0.24, "w": 6.0, "h": 0.03, "S": 0.40789, "elv": "Kvåstadelva", "km": 1.4}}, {"type": "Feature", "geometry": {"type": "LineString", "coordinates": [[5.74789, 60.636], [5.74611, 60.63607]]}, "properties": {"P": 24.85, "tau": 110.72, "tau_c": 364.2, "omega": 146.91, "M": 0.3, "D": 0.03, "R": 0.03, "sving": 0.59, "os": 0.0, "foss": 1.0, "juv": 0.0, "B": 0.49, "Q": 0.27, "w": 6.11, "h": 0.03, "S": 0.34315, "elv": "Kvåstadelva", "km": 1.6}}, {"type": "Feature", "geometry": {"type": "LineString", "coordinates": [[5.74611, 60.63607], [5.74451, 60.63637]]}, "properties": {"P": 20.17, "tau": 111.14, "tau_c": 364.2, "omega": 148.52, "M": 0.31, "D": 0.01, "R": 0.03, "sving": 0.28, "os": 0.0, "foss": 1.0, "juv": 0.0, "B": 0.49, "Q": 0.28, "w": 6.24, "h": 0.03, "S": 0.33361, "elv": "Kvåstadelva", "km": 1.7}}, {"type": "Feature", "geometry": {"type": "LineString", "coordinates": [[5.74451, 60.63637], [5.74276, 60.63613]]}, "properties": {"P": 24.31, "tau": 163.36, "tau_c": 364.2, "omega": 280.06, "M": 0.45, "D": -0.0, "R": 0.13, "sving": 0.21, "os": 0.0, "foss": 1.0, "juv": 0.0, "B": 0.56, "Q": 0.53, "w": 6.38, "h": 0.05, "S": 0.34342, "elv": "Kvåstadelva", "km": 1.8}}, {"type": "Feature", "geometry": {"type": "LineString", "coordinates": [[5.74276, 60.63613], [5.74111, 60.63586]]}, "properties": {"P": 22.95, "tau": 146.67, "tau_c": 364.2, "omega": 240.45, "M": 0.4, "D": 0.02, "R": 0.09, "sving": 0.17, "os": 0.0, "foss": 1.0, "juv": 0.0, "B": 0.56, "Q": 0.55, "w": 6.51, "h": 0.05, "S": 0.2912, "elv": "Kvåstadelva", "km": 1.9}}, {"type": "Feature", "geometry": {"type": "LineString", "coordinates": [[5.74111, 60.63586], [5.73983, 60.63632]]}, "properties": {"P": 27.14, "tau": 146.96, "tau_c": 364.2, "omega": 240.56, "M": 0.4, "D": 0.02, "R": 0.09, "sving": 0.41, "os": 0.0, "foss": 1.0, "juv": 0.0, "B": 0.56, "Q": 0.55, "w": 6.65, "h": 0.05, "S": 0.29693, "elv": "Kvåstadelva", "km": 2.0}}, {"type": "Feature", "geometry": {"type": "LineString", "coordinates": [[5.73983, 60.63632], [5.73864, 60.63694]]}, "properties": {"P": 29.95, "tau": 148.69, "tau_c": 364.2, "omega": 244.56, "M": 0.41, "D": 0.02, "R": 0.1, "sving": 0.57, "os": 0.0, "foss": 1.0, "juv": 0.0, "B": 0.56, "Q": 0.55, "w": 6.67, "h": 0.05, "S": 0.30251, "elv": "Kvåstadelva", "km": 2.1}}, {"type": "Feature", "geometry": {"type": "LineString", "coordinates": [[5.78414, 60.61642], [5.78523, 60.61713]]}, "properties": {"P": 8.95, "tau": 134.69, "tau_c": 361.4, "omega": 214.61, "M": 0.37, "D": 0.0, "R": 0.07, "sving": 0.1, "os": 0.0, "foss": 1.0, "juv": 0.0, "B": 0.24, "Q": 0.65, "w": 7.28, "h": 0.06, "S": 0.24617, "elv": "Straumsmarkåna", "km": 0.0}}, {"type": "Feature", "geometry": {"type": "LineString", "coordinates": [[5.78523, 60.61713], [5.7864, 60.61782]]}, "properties": {"P": 22.45, "tau": 134.13, "tau_c": 360.52, "omega": 213.3, "M": 0.37, "D": 0.0, "R": 0.07, "sving": 0.15, "os": 0.0, "foss": 1.0, "juv": 0.0, "B": 0.58, "Q": 0.65, "w": 7.33, "h": 0.06, "S": 0.24497, "elv": "Straumsmarkåna", "km": 0.1}}, {"type": "Feature", "geometry": {"type": "LineString", "coordinates": [[5.7864, 60.61782], [5.78727, 60.61856]]}, "properties": {"P": 21.3, "tau": 131.02, "tau_c": 348.78, "omega": 207.33, "M": 0.38, "D": 0.0, "R": 0.07, "sving": 0.07, "os": 0.0, "foss": 1.0, "juv": 0.0, "B": 0.58, "Q": 0.68, "w": 7.39, "h": 0.06, "S": 0.22928, "elv": "Straumsmarkåna", "km": 0.2}}, {"type": "Feature", "geometry": {"type": "LineString", "coordinates": [[5.78727, 60.61856], [5.78874, 60.61907]]}, "properties": {"P": 21.77, "tau": 136.03, "tau_c": 357.67, "omega": 218.91, "M": 0.38, "D": 0.0, "R": 0.07, "sving": 0.1, "os": 0.0, "foss": 1.0, "juv": 0.0, "B": 0.59, "Q": 0.69, "w": 7.48, "h": 0.06, "S": 0.24112, "elv": "Straumsmarkåna", "km": 0.3}}, {"type": "Feature", "geometry": {"type": "LineString", "coordinates": [[5.78874, 60.61907], [5.79011, 60.61967]]}, "properties": {"P": 23.62, "tau": 153.61, "tau_c": 364.2, "omega": 260.67, "M": 0.42, "D": 0.0, "R": 0.11, "sving": 0.14, "os": 0.0, "foss": 1.0, "juv": 0.0, "B": 0.59, "Q": 0.7, "w": 7.56, "h": 0.05, "S": 0.28624, "elv": "Straumsmarkåna", "km": 0.4}}, {"type": "Feature", "geometry": {"type": "LineString", "coordinates": [[5.79011, 60.61967], [5.79158, 60.62018]]}, "properties": {"P": 23.47, "tau": 167.99, "tau_c": 364.2, "omega": 297.41, "M": 0.46, "D": 0.0, "R": 0.14, "sving": 0.06, "os": 0.0, "foss": 1.0, "juv": 0.0, "B": 0.59, "Q": 0.73, "w": 7.63, "h": 0.05, "S": 0.31803, "elv": "Straumsmarkåna", "km": 0.5}}, {"type": "Feature", "geometry": {"type": "LineString", "coordinates": [[5.79158, 60.62018], [5.79298, 60.62073]]}, "properties": {"P": 25.08, "tau": 166.42, "tau_c": 364.2, "omega": 293.1, "M": 0.46, "D": 0.0, "R": 0.14, "sving": 0.16, "os": 0.0, "foss": 1.0, "juv": 0.0, "B": 0.59, "Q": 0.73, "w": 7.7, "h": 0.05, "S": 0.31612, "elv": "Straumsmarkåna", "km": 0.6}}, {"type": "Feature", "geometry": {"type": "LineString", "coordinates": [[5.79298, 60.62073], [5.79427, 60.62136]]}, "properties": {"P": 25.02, "tau": 173.08, "tau_c": 364.2, "omega": 310.56, "M": 0.48, "D": 0.0, "R": 0.16, "sving": 0.12, "os": 0.0, "foss": 1.0, "juv": 0.0, "B": 0.59, "Q": 0.74, "w": 7.77, "h": 0.05, "S": 0.33106, "elv": "Straumsmarkåna", "km": 0.7}}, {"type": "Feature", "geometry": {"type": "LineString", "coordinates": [[5.79427, 60.62136], [5.79592, 60.62161]]}, "properties": {"P": 29.03, "tau": 190.18, "tau_c": 364.2, "omega": 356.43, "M": 0.52, "D": 0.0, "R": 0.21, "sving": 0.19, "os": 0.06, "foss": 1.0, "juv": 0.0, "B": 0.6, "Q": 0.76, "w": 7.82, "h": 0.05, "S": 0.3722, "elv": "Straumsmarkåna", "km": 0.8}}, {"type": "Feature", "geometry": {"type": "LineString", "coordinates": [[5.79595, 60.57851], [5.79456, 60.57905]]}, "properties": {"P": 47.34, "tau": 58.38, "tau_c": 77.69, "omega": 88.81, "M": 0.75, "D": 0.0, "R": 0.51, "sving": 0.39, "os": 0.26, "foss": 0.0, "juv": 0.0, "B": 1.03, "Q": 48.14, "w": 60.49, "h": 0.52, "S": 0.01138, "elv": "Daleelva", "km": 0.0}}, {"type": "Feature", "geometry": {"type": "LineString", "coordinates": [[5.79456, 60.57905], [5.79282, 60.57929]]}, "properties": {"P": 42.17, "tau": 62.27, "tau_c": 78.96, "omega": 98.25, "M": 0.79, "D": 0.01, "R": 0.56, "sving": 0.22, "os": 0.17, "foss": 0.0, "juv": 0.0, "B": 1.03, "Q": 48.14, "w": 56.49, "h": 0.54, "S": 0.01175, "elv": "Daleelva", "km": 0.1}}, {"type": "Feature", "geometry": {"type": "LineString", "coordinates": [[5.79282, 60.57929], [5.79102, 60.57942]]}, "properties": {"P": 38.38, "tau": 57.6, "tau_c": 71.06, "omega": 89.05, "M": 0.81, "D": 0.05, "R": 0.59, "sving": 0.07, "os": 0.1, "foss": 0.0, "juv": 0.0, "B": 1.03, "Q": 48.15, "w": 50.49, "h": 0.62, "S": 0.00952, "elv": "Daleelva", "km": 0.2}}, {"type": "Feature", "geometry": {"type": "LineString", "coordinates": [[5.79102, 60.57942], [5.78926, 60.57962]]}, "properties": {"P": 40.56, "tau": 51.78, "tau_c": 65.84, "omega": 76.43, "M": 0.79, "D": 0.07, "R": 0.56, "sving": 0.21, "os": 0.06, "foss": 0.0, "juv": 0.0, "B": 1.03, "Q": 48.15, "w": 50.49, "h": 0.65, "S": 0.00817, "elv": "Daleelva", "km": 0.3}}, {"type": "Feature", "geometry": {"type": "LineString", "coordinates": [[5.78926, 60.57962], [5.78813, 60.58027]]}, "properties": {"P": 34.58, "tau": 48.86, "tau_c": 62.91, "omega": 70.41, "M": 0.78, "D": 0.07, "R": 0.55, "sving": 0.09, "os": 0.0, "foss": 0.0, "juv": 0.0, "B": 1.03, "Q": 49.2, "w": 51.12, "h": 0.67, "S": 0.00746, "elv": "Daleelva", "km": 0.4}}, {"type": "Feature", "geometry": {"type": "LineString", "coordinates": [[5.78813, 60.58027], [5.78692, 60.58092]]}, "properties": {"P": 37.88, "tau": 52.02, "tau_c": 63.15, "omega": 77.87, "M": 0.82, "D": 0.06, "R": 0.61, "sving": 0.11, "os": 0.0, "foss": 0.0, "juv": 0.0, "B": 1.03, "Q": 49.25, "w": 46.63, "h": 0.71, "S": 0.00752, "elv": "Daleelva", "km": 0.5}}, {"type": "Feature", "geometry": {"type": "LineString", "coordinates": [[5.78692, 60.58092], [5.78526, 60.58126]]}, "properties": {"P": 47.63, "tau": 45.08, "tau_c": 56.97, "omega": 63.39, "M": 0.79, "D": 0.08, "R": 0.57, "sving": 0.47, "os": 0.0, "foss": 0.0, "juv": 0.0, "B": 1.03, "Q": 49.26, "w": 46.63, "h": 0.75, "S": 0.00612, "elv": "Daleelva", "km": 0.6}}, {"type": "Feature", "geometry": {"type": "LineString", "coordinates": [[5.78526, 60.58126], [5.78345, 60.58121]]}, "properties": {"P": 42.62, "tau": 39.46, "tau_c": 53.71, "omega": 51.89, "M": 0.73, "D": 0.06, "R": 0.49, "sving": 0.46, "os": 0.0, "foss": 0.0, "juv": 0.0, "B": 1.03, "Q": 49.27, "w": 50.63, "h": 0.74, "S": 0.00544, "elv": "Daleelva", "km": 0.7}}, {"type": "Feature", "geometry": {"type": "LineString", "coordinates": [[5.78345, 60.58121], [5.78179, 60.58087]]}, "properties": {"P": 36.35, "tau": 44.44, "tau_c": 56.37, "omega": 62.12, "M": 0.79, "D": 0.03, "R": 0.56, "sving": 0.18, "os": 0.0, "foss": 0.0, "juv": 0.0, "B": 1.03, "Q": 49.3, "w": 46.63, "h": 0.76, "S": 0.00599, "elv": "Daleelva", "km": 0.8}}, {"type": "Feature", "geometry": {"type": "LineString", "coordinates": [[5.78179, 60.58087], [5.78017, 60.58054]]}, "properties": {"P": 37.27, "tau": 44.8, "tau_c": 55.25, "omega": 63.23, "M": 0.81, "D": 0.02, "R": 0.59, "sving": 0.18, "os": 0.0, "foss": 0.0, "juv": 0.0, "B": 1.03, "Q": 49.3, "w": 44.0, "h": 0.79, "S": 0.00575, "elv": "Daleelva", "km": 0.9}}, {"type": "Feature", "geometry": {"type": "LineString", "coordinates": [[5.78017, 60.58054], [5.77836, 60.58046]]}, "properties": {"P": 39.99, "tau": 45.59, "tau_c": 56.92, "omega": 64.59, "M": 0.8, "D": 0.06, "R": 0.58, "sving": 0.17, "os": 0.06, "foss": 0.0, "juv": 0.0, "B": 1.03, "Q": 49.6, "w": 46.0, "h": 0.76, "S": 0.00611, "elv": "Daleelva", "km": 1.0}}, {"type": "Feature", "geometry": {"type": "LineString", "coordinates": [[5.77836, 60.58046], [5.77681, 60.58002]]}, "properties": {"P": 39.33, "tau": 39.04, "tau_c": 53.16, "omega": 51.14, "M": 0.73, "D": 0.12, "R": 0.49, "sving": 0.18, "os": 0.09, "foss": 0.0, "juv": 0.0, "B": 1.03, "Q": 49.61, "w": 50.68, "h": 0.75, "S": 0.00533, "elv": "Daleelva", "km": 1.1}}, {"type": "Feature", "geometry": {"type": "LineString", "coordinates": [[5.77681, 60.58002], [5.77563, 60.57934]]}, "properties": {"P": 42.65, "tau": 35.29, "tau_c": 50.57, "omega": 43.98, "M": 0.7, "D": 0.15, "R": 0.44, "sving": 0.26, "os": 0.15, "foss": 0.0, "juv": 0.0, "B": 1.03, "Q": 49.64, "w": 53.37, "h": 0.75, "S": 0.00482, "elv": "Daleelva", "km": 1.2}}, {"type": "Feature", "geometry": {"type": "LineString", "coordinates": [[5.77563, 60.57934], [5.77445, 60.57866]]}, "properties": {"P": 36.02, "tau": 29.11, "tau_c": 45.71, "omega": 33.04, "M": 0.64, "D": 0.14, "R": 0.36, "sving": 0.12, "os": 0.24, "foss": 0.0, "juv": 0.0, "B": 1.03, "Q": 49.65, "w": 58.06, "h": 0.75, "S": 0.00394, "elv": "Daleelva", "km": 1.3}}, {"type": "Feature", "geometry": {"type": "LineString", "coordinates": [[5.77445, 60.57866], [5.77318, 60.57802]]}, "properties": {"P": 33.74, "tau": 28.36, "tau_c": 45.75, "omega": 31.66, "M": 0.62, "D": 0.09, "R": 0.34, "sving": 0.01, "os": 0.39, "foss": 0.0, "juv": 0.0, "B": 1.03, "Q": 49.7, "w": 60.75, "h": 0.73, "S": 0.00395, "elv": "Daleelva", "km": 1.4}}, {"type": "Feature", "geometry": {"type": "LineString", "coordinates": [[5.77318, 60.57802], [5.77197, 60.57735]]}, "properties": {"P": 39.41, "tau": 32.26, "tau_c": 51.15, "omega": 37.9, "M": 0.63, "D": 0.05, "R": 0.35, "sving": 0.01, "os": 0.58, "foss": 0.0, "juv": 0.0, "B": 1.03, "Q": 49.7, "w": 63.44, "h": 0.67, "S": 0.00493, "elv": "Daleelva", "km": 1.5}}, {"type": "Feature", "geometry": {"type": "LineString", "coordinates": [[5.78045, 60.55865], [5.78146, 60.55936]]}, "properties": {"P": 13.33, "tau": 69.72, "tau_c": 219.71, "omega": 84.27, "M": 0.32, "D": 0.02, "R": 0.04, "sving": 0.05, "os": 0.0, "foss": 1.0, "juv": 0.0, "B": 0.39, "Q": 0.74, "w": 7.79, "h": 0.08, "S": 0.09098, "elv": "Moko", "km": 0.0}}, {"type": "Feature", "geometry": {"type": "LineString", "coordinates": [[5.78146, 60.55936], [5.78256, 60.56008]]}, "properties": {"P": 14.02, "tau": 65.82, "tau_c": 209.92, "omega": 77.72, "M": 0.31, "D": 0.05, "R": 0.03, "sving": 0.05, "os": 0.0, "foss": 1.0, "juv": 0.0, "B": 0.4, "Q": 0.75, "w": 7.86, "h": 0.08, "S": 0.08306, "elv": "Moko", "km": 0.1}}, {"type": "Feature", "geometry": {"type": "LineString", "coordinates": [[5.78256, 60.56008], [5.78349, 60.56084]]}, "properties": {"P": 14.77, "tau": 61.45, "tau_c": 196.21, "omega": 70.83, "M": 0.31, "D": 0.09, "R": 0.03, "sving": 0.01, "os": 0.0, "foss": 1.0, "juv": 0.0, "B": 0.41, "Q": 0.79, "w": 7.93, "h": 0.09, "S": 0.07257, "elv": "Moko", "km": 0.2}}, {"type": "Feature", "geometry": {"type": "LineString", "coordinates": [[5.78349, 60.56084], [5.78439, 60.56161]]}, "properties": {"P": 15.89, "tau": 57.59, "tau_c": 186.66, "omega": 64.61, "M": 0.31, "D": 0.11, "R": 0.03, "sving": 0.05, "os": 0.0, "foss": 1.0, "juv": 0.0, "B": 0.42, "Q": 0.81, "w": 8.03, "h": 0.09, "S": 0.06567, "elv": "Moko", "km": 0.3}}, {"type": "Feature", "geometry": {"type": "LineString", "coordinates": [[5.78634, 60.56308], [5.78683, 60.56392]]}, "properties": {"P": 12.2, "tau": 50.98, "tau_c": 169.71, "omega": 54.4, "M": 0.3, "D": 0.02, "R": 0.03, "sving": 0.12, "os": 0.0, "foss": 0.72, "juv": 0.0, "B": 0.44, "Q": 0.85, "w": 8.33, "h": 0.1, "S": 0.05429, "elv": "Moko", "km": 0.6}}, {"type": "Feature", "geometry": {"type": "LineString", "coordinates": [[5.78683, 60.56392], [5.78682, 60.56478]]}, "properties": {"P": 14.62, "tau": 55.13, "tau_c": 177.9, "omega": 61.04, "M": 0.31, "D": 0.0, "R": 0.03, "sving": 0.01, "os": 0.0, "foss": 1.0, "juv": 0.0, "B": 0.45, "Q": 0.88, "w": 8.44, "h": 0.09, "S": 0.05965, "elv": "Moko", "km": 0.7}}, {"type": "Feature", "geometry": {"type": "LineString", "coordinates": [[5.78682, 60.56478], [5.7874, 60.56563]]}, "properties": {"P": 17.14, "tau": 58.77, "tau_c": 184.43, "omega": 67.11, "M": 0.32, "D": 0.0, "R": 0.04, "sving": 0.17, "os": 0.0, "foss": 1.0, "juv": 0.0, "B": 0.46, "Q": 0.91, "w": 8.54, "h": 0.09, "S": 0.06411, "elv": "Moko", "km": 0.8}}, {"type": "Feature", "geometry": {"type": "LineString", "coordinates": [[5.7874, 60.56563], [5.78818, 60.56637]]}, "properties": {"P": 17.56, "tau": 63.36, "tau_c": 194.56, "omega": 74.78, "M": 0.33, "D": 0.0, "R": 0.04, "sving": 0.18, "os": 0.0, "foss": 1.0, "juv": 0.0, "B": 0.46, "Q": 0.92, "w": 8.63, "h": 0.09, "S": 0.07135, "elv": "Moko", "km": 0.9}}, {"type": "Feature", "geometry": {"type": "LineString", "coordinates": [[5.78818, 60.56637], [5.78939, 60.56703]]}, "properties": {"P": 16.79, "tau": 77.7, "tau_c": 224.94, "omega": 100.23, "M": 0.35, "D": 0.0, "R": 0.05, "sving": 0.09, "os": 0.0, "foss": 1.0, "juv": 0.0, "B": 0.47, "Q": 0.93, "w": 8.72, "h": 0.08, "S": 0.09536, "elv": "Moko", "km": 1.0}}, {"type": "Feature", "geometry": {"type": "LineString", "coordinates": [[5.78939, 60.56703], [5.7902, 60.56783]]}, "properties": {"P": 17.92, "tau": 89.43, "tau_c": 247.09, "omega": 122.87, "M": 0.36, "D": 0.0, "R": 0.06, "sving": 0.13, "os": 0.0, "foss": 1.0, "juv": 0.0, "B": 0.48, "Q": 0.96, "w": 8.78, "h": 0.08, "S": 0.11507, "elv": "Moko", "km": 1.1}}, {"type": "Feature", "geometry": {"type": "LineString", "coordinates": [[5.7902, 60.56783], [5.79118, 60.56858]]}, "properties": {"P": 18.87, "tau": 105.16, "tau_c": 281.07, "omega": 154.44, "M": 0.37, "D": 0.0, "R": 0.07, "sving": 0.17, "os": 0.0, "foss": 1.0, "juv": 0.0, "B": 0.48, "Q": 0.97, "w": 9.18, "h": 0.07, "S": 0.1489, "elv": "Moko", "km": 1.2}}, {"type": "Feature", "geometry": {"type": "LineString", "coordinates": [[5.79118, 60.56858], [5.79251, 60.56918]]}, "properties": {"P": 18.4, "tau": 114.98, "tau_c": 304.78, "omega": 174.64, "M": 0.38, "D": 0.0, "R": 0.07, "sving": 0.12, "os": 0.0, "foss": 1.0, "juv": 0.0, "B": 0.49, "Q": 0.98, "w": 9.6, "h": 0.07, "S": 0.17508, "elv": "Moko", "km": 1.3}}, {"type": "Feature", "geometry": {"type": "LineString", "coordinates": [[5.79251, 60.56918], [5.793, 60.57002]]}, "properties": {"P": 20.66, "tau": 164.85, "tau_c": 343.32, "omega": 305.76, "M": 0.48, "D": 0.0, "R": 0.16, "sving": 0.03, "os": 0.0, "foss": 1.0, "juv": 0.0, "B": 0.52, "Q": 1.4, "w": 10.01, "h": 0.08, "S": 0.22216, "elv": "Moko", "km": 1.4}}, {"type": "Feature", "geometry": {"type": "LineString", "coordinates": [[5.793, 60.57002], [5.79324, 60.5709]]}, "properties": {"P": 22.3, "tau": 189.71, "tau_c": 364.2, "omega": 374.04, "M": 0.52, "D": 0.0, "R": 0.21, "sving": 0.04, "os": 0.0, "foss": 1.0, "juv": 0.0, "B": 0.53, "Q": 1.44, "w": 10.23, "h": 0.07, "S": 0.2713, "elv": "Moko", "km": 1.5}}, {"type": "Feature", "geometry": {"type": "LineString", "coordinates": [[5.79324, 60.5709], [5.79407, 60.57167]]}, "properties": {"P": 25.04, "tau": 195.2, "tau_c": 364.2, "omega": 387.77, "M": 0.54, "D": 0.0, "R": 0.23, "sving": 0.17, "os": 0.0, "foss": 1.0, "juv": 0.0, "B": 0.53, "Q": 1.44, "w": 10.67, "h": 0.07, "S": 0.29204, "elv": "Moko", "km": 1.6}}, {"type": "Feature", "geometry": {"type": "LineString", "coordinates": [[5.79407, 60.57167], [5.79528, 60.57234]]}, "properties": {"P": 28.18, "tau": 204.51, "tau_c": 364.2, "omega": 414.88, "M": 0.56, "D": 0.0, "R": 0.26, "sving": 0.3, "os": 0.0, "foss": 1.0, "juv": 0.0, "B": 0.53, "Q": 1.47, "w": 10.76, "h": 0.07, "S": 0.31048, "elv": "Moko", "km": 1.7}}, {"type": "Feature", "geometry": {"type": "LineString", "coordinates": [[5.78603, 60.53884], [5.78494, 60.53826]]}, "properties": {"P": 6.0, "tau": 37.33, "tau_c": 114.32, "omega": 36.88, "M": 0.33, "D": 0.03, "R": 0.04, "sving": 0.58, "os": 0.0, "foss": 0.0, "juv": 0.0, "B": 0.29, "Q": 1.9, "w": 12.44, "h": 0.15, "S": 0.02463, "elv": "Fossdalselva", "km": 0.0}}, {"type": "Feature", "geometry": {"type": "LineString", "coordinates": [[5.78494, 60.53826], [5.78364, 60.53766]]}, "properties": {"P": 2.29, "tau": 30.98, "tau_c": 99.94, "omega": 28.23, "M": 0.31, "D": 0.03, "R": 0.03, "sving": 0.02, "os": 0.0, "foss": 0.0, "juv": 0.0, "B": 0.69, "Q": 1.92, "w": 12.53, "h": 0.17, "S": 0.01883, "elv": "Fossdalselva", "km": 0.1}}, {"type": "Feature", "geometry": {"type": "LineString", "coordinates": [[5.78364, 60.53766], [5.78199, 60.53762]]}, "properties": {"P": 23.49, "tau": 31.47, "tau_c": 100.89, "omega": 28.9, "M": 0.31, "D": 0.03, "R": 0.03, "sving": 0.02, "os": 0.0, "foss": 1.0, "juv": 0.0, "B": 0.69, "Q": 1.94, "w": 12.63, "h": 0.17, "S": 0.01919, "elv": "Fossdalselva", "km": 0.2}}, {"type": "Feature", "geometry": {"type": "LineString", "coordinates": [[5.78199, 60.53762], [5.78083, 60.53695]]}, "properties": {"P": 17.69, "tau": 40.43, "tau_c": 118.57, "omega": 41.63, "M": 0.34, "D": 0.0, "R": 0.05, "sving": 0.03, "os": 0.0, "foss": 0.72, "juv": 0.0, "B": 0.7, "Q": 2.04, "w": 12.75, "h": 0.16, "S": 0.0265, "elv": "Fossdalselva", "km": 0.3}}, {"type": "Feature", "geometry": {"type": "LineString", "coordinates": [[5.78083, 60.53695], [5.77952, 60.53633]]}, "properties": {"P": 19.96, "tau": 44.74, "tau_c": 127.65, "omega": 48.12, "M": 0.35, "D": 0.02, "R": 0.05, "sving": 0.31, "os": 0.0, "foss": 0.51, "juv": 0.0, "B": 0.7, "Q": 2.06, "w": 12.89, "h": 0.15, "S": 0.03071, "elv": "Fossdalselva", "km": 0.4}}, {"type": "Feature", "geometry": {"type": "LineString", "coordinates": [[5.77952, 60.53633], [5.77832, 60.53566]]}, "properties": {"P": 24.65, "tau": 39.82, "tau_c": 117.35, "omega": 40.74, "M": 0.34, "D": 0.02, "R": 0.05, "sving": 0.05, "os": 0.0, "foss": 1.0, "juv": 0.0, "B": 0.7, "Q": 2.09, "w": 13.03, "h": 0.16, "S": 0.02595, "elv": "Fossdalselva", "km": 0.5}}, {"type": "Feature", "geometry": {"type": "LineString", "coordinates": [[5.77832, 60.53566], [5.77714, 60.53498]]}, "properties": {"P": 19.14, "tau": 34.94, "tau_c": 106.22, "omega": 33.83, "M": 0.33, "D": 0.02, "R": 0.04, "sving": 0.08, "os": 0.0, "foss": 0.72, "juv": 0.0, "B": 0.7, "Q": 2.13, "w": 13.13, "h": 0.17, "S": 0.02126, "elv": "Fossdalselva", "km": 0.6}}, {"type": "Feature", "geometry": {"type": "LineString", "coordinates": [[5.77714, 60.53498], [5.77617, 60.53423]]}, "properties": {"P": 13.96, "tau": 48.46, "tau_c": 133.63, "omega": 54.17, "M": 0.36, "D": 0.0, "R": 0.06, "sving": 0.03, "os": 0.0, "foss": 0.51, "juv": 0.0, "B": 0.71, "Q": 2.17, "w": 13.24, "h": 0.15, "S": 0.03366, "elv": "Fossdalselva", "km": 0.7}}, {"type": "Feature", "geometry": {"type": "LineString", "coordinates": [[5.77617, 60.53423], [5.77517, 60.53349]]}, "properties": {"P": 11.24, "tau": 55.14, "tau_c": 146.29, "omega": 65.24, "M": 0.38, "D": 0.0, "R": 0.07, "sving": 0.04, "os": 0.0, "foss": 0.37, "juv": 0.0, "B": 0.71, "Q": 2.2, "w": 13.37, "h": 0.14, "S": 0.04034, "elv": "Fossdalselva", "km": 0.8}}, {"type": "Feature", "geometry": {"type": "LineString", "coordinates": [[5.77517, 60.53349], [5.7741, 60.53277]]}, "properties": {"P": 24.09, "tau": 49.71, "tau_c": 135.49, "omega": 56.27, "M": 0.37, "D": 0.0, "R": 0.06, "sving": 0.01, "os": 0.0, "foss": 1.0, "juv": 0.0, "B": 0.71, "Q": 2.24, "w": 13.48, "h": 0.15, "S": 0.0346, "elv": "Fossdalselva", "km": 0.9}}, {"type": "Feature", "geometry": {"type": "LineString", "coordinates": [[5.7741, 60.53277], [5.77307, 60.53204]]}, "properties": {"P": 25.85, "tau": 52.87, "tau_c": 140.58, "omega": 61.62, "M": 0.38, "D": 0.0, "R": 0.07, "sving": 0.08, "os": 0.0, "foss": 1.0, "juv": 0.0, "B": 0.71, "Q": 2.29, "w": 13.59, "h": 0.14, "S": 0.03725, "elv": "Fossdalselva", "km": 1.0}}, {"type": "Feature", "geometry": {"type": "LineString", "coordinates": [[5.77307, 60.53204], [5.77213, 60.53128]]}, "properties": {"P": 19.34, "tau": 56.44, "tau_c": 147.0, "omega": 67.73, "M": 0.38, "D": 0.02, "R": 0.08, "sving": 0.02, "os": 0.0, "foss": 0.72, "juv": 0.0, "B": 0.71, "Q": 2.32, "w": 13.69, "h": 0.14, "S": 0.04073, "elv": "Fossdalselva", "km": 1.1}}, {"type": "Feature", "geometry": {"type": "LineString", "coordinates": [[5.77213, 60.53128], [5.77084, 60.53064]]}, "properties": {"P": 26.85, "tau": 58.67, "tau_c": 150.91, "omega": 71.63, "M": 0.39, "D": 0.08, "R": 0.08, "sving": 0.0, "os": 0.0, "foss": 1.0, "juv": 0.0, "B": 0.71, "Q": 2.35, "w": 13.79, "h": 0.14, "S": 0.04292, "elv": "Fossdalselva", "km": 1.2}}, {"type": "Feature", "geometry": {"type": "LineString", "coordinates": [[5.77084, 60.53064], [5.76968, 60.52997]]}, "properties": {"P": 23.1, "tau": 46.26, "tau_c": 126.78, "omega": 51.02, "M": 0.36, "D": 0.17, "R": 0.06, "sving": 0.01, "os": 0.0, "foss": 0.72, "juv": 0.0, "B": 0.71, "Q": 2.38, "w": 13.87, "h": 0.16, "S": 0.0303, "elv": "Fossdalselva", "km": 1.3}}, {"type": "Feature", "geometry": {"type": "LineString", "coordinates": [[5.76968, 60.52997], [5.76865, 60.52924]]}, "properties": {"P": 31.45, "tau": 34.93, "tau_c": 103.47, "omega": 34.11, "M": 0.34, "D": 0.19, "R": 0.05, "sving": 0.11, "os": 0.0, "foss": 1.0, "juv": 0.0, "B": 0.72, "Q": 2.4, "w": 13.95, "h": 0.18, "S": 0.02018, "elv": "Fossdalselva", "km": 1.4}}, {"type": "Feature", "geometry": {"type": "LineString", "coordinates": [[5.76865, 60.52924], [5.76774, 60.52846]]}, "properties": {"P": 22.72, "tau": 28.95, "tau_c": 90.42, "omega": 26.05, "M": 0.32, "D": 0.14, "R": 0.04, "sving": 0.08, "os": 0.0, "foss": 0.72, "juv": 0.0, "B": 0.72, "Q": 2.42, "w": 14.03, "h": 0.19, "S": 0.01541, "elv": "Fossdalselva", "km": 1.5}}, {"type": "Feature", "geometry": {"type": "LineString", "coordinates": [[5.76774, 60.52846], [5.76687, 60.52768]]}, "properties": {"P": 14.53, "tau": 37.78, "tau_c": 108.81, "omega": 38.25, "M": 0.35, "D": 0.04, "R": 0.05, "sving": 0.01, "os": 0.0, "foss": 0.51, "juv": 0.0, "B": 0.72, "Q": 2.46, "w": 14.1, "h": 0.17, "S": 0.02232, "elv": "Fossdalselva", "km": 1.6}}, {"type": "Feature", "geometry": {"type": "LineString", "coordinates": [[5.76687, 60.52768], [5.76603, 60.52689]]}, "properties": {"P": 12.07, "tau": 39.4, "tau_c": 111.95, "omega": 40.65, "M": 0.35, "D": 0.0, "R": 0.05, "sving": 0.09, "os": 0.0, "foss": 0.37, "juv": 0.0, "B": 0.72, "Q": 2.49, "w": 14.17, "h": 0.17, "S": 0.02362, "elv": "Fossdalselva", "km": 1.7}}, {"type": "Feature", "geometry": {"type": "LineString", "coordinates": [[5.76603, 60.52689], [5.76506, 60.52614]]}, "properties": {"P": 26.27, "tau": 34.52, "tau_c": 101.82, "omega": 33.63, "M": 0.34, "D": 0.0, "R": 0.05, "sving": 0.12, "os": 0.0, "foss": 1.0, "juv": 0.0, "B": 0.72, "Q": 2.5, "w": 14.25, "h": 0.18, "S": 0.01954, "elv": "Fossdalselva", "km": 1.8}}, {"type": "Feature", "geometry": {"type": "LineString", "coordinates": [[5.76506, 60.52614], [5.7638, 60.52551]]}, "properties": {"P": 19.01, "tau": 48.52, "tau_c": 129.58, "omega": 54.85, "M": 0.37, "D": 0.0, "R": 0.07, "sving": 0.03, "os": 0.0, "foss": 0.72, "juv": 0.0, "B": 0.72, "Q": 2.53, "w": 14.32, "h": 0.16, "S": 0.03165, "elv": "Fossdalselva", "km": 1.9}}, {"type": "Feature", "geometry": {"type": "LineString", "coordinates": [[5.7638, 60.52551], [5.76248, 60.5249]]}, "properties": {"P": 14.29, "tau": 55.4, "tau_c": 141.95, "omega": 66.43, "M": 0.39, "D": 0.0, "R": 0.08, "sving": 0.0, "os": 0.0, "foss": 0.51, "juv": 0.0, "B": 0.72, "Q": 2.56, "w": 14.38, "h": 0.15, "S": 0.03798, "elv": "Fossdalselva", "km": 2.0}}, {"type": "Feature", "geometry": {"type": "LineString", "coordinates": [[5.76248, 60.5249], [5.76152, 60.52416]]}, "properties": {"P": 27.91, "tau": 64.82, "tau_c": 158.7, "omega": 83.23, "M": 0.41, "D": 0.01, "R": 0.1, "sving": 0.1, "os": 0.0, "foss": 1.0, "juv": 0.0, "B": 0.72, "Q": 2.58, "w": 14.42, "h": 0.14, "S": 0.04747, "elv": "Fossdalselva", "km": 2.1}}, {"type": "Feature", "geometry": {"type": "LineString", "coordinates": [[5.79588, 60.50859], [5.79435, 60.50812]]}, "properties": {"P": 13.99, "tau": 110.12, "tau_c": 341.31, "omega": 156.25, "M": 0.32, "D": 0.0, "R": 0.04, "sving": 0.91, "os": 0.05, "foss": 1.0, "juv": 0.0, "B": 0.23, "Q": 0.45, "w": 6.27, "h": 0.05, "S": 0.21957, "elv": "bekk", "km": 0.0}}, {"type": "Feature", "geometry": {"type": "LineString", "coordinates": [[5.79435, 60.50812], [5.79316, 60.50746]]}, "properties": {"P": 26.47, "tau": 104.08, "tau_c": 332.08, "omega": 143.58, "M": 0.31, "D": 0.0, "R": 0.03, "sving": 0.82, "os": 0.06, "foss": 1.0, "juv": 0.0, "B": 0.45, "Q": 0.46, "w": 6.47, "h": 0.05, "S": 0.20786, "elv": "bekk", "km": 0.1}}, {"type": "Feature", "geometry": {"type": "LineString", "coordinates": [[5.79316, 60.50746], [5.79351, 60.50665]]}, "properties": {"P": 26.97, "tau": 114.3, "tau_c": 316.71, "omega": 170.22, "M": 0.36, "D": 0.0, "R": 0.06, "sving": 0.7, "os": 0.07, "foss": 1.0, "juv": 0.0, "B": 0.47, "Q": 0.61, "w": 6.69, "h": 0.06, "S": 0.18905, "elv": "bekk", "km": 0.2}}, {"type": "Feature", "geometry": {"type": "LineString", "coordinates": [[5.79351, 60.50665], [5.79459, 60.50594]]}, "properties": {"P": 26.34, "tau": 112.49, "tau_c": 316.71, "omega": 165.85, "M": 0.36, "D": 0.02, "R": 0.06, "sving": 0.59, "os": 0.11, "foss": 1.0, "juv": 0.0, "B": 0.47, "Q": 0.62, "w": 6.91, "h": 0.06, "S": 0.18905, "elv": "bekk", "km": 0.3}}, {"type": "Feature", "geometry": {"type": "LineString", "coordinates": [[5.79459, 60.50594], [5.79595, 60.50535]]}, "properties": {"P": 23.74, "tau": 104.44, "tau_c": 301.16, "omega": 149.05, "M": 0.35, "D": 0.04, "R": 0.05, "sving": 0.32, "os": 0.18, "foss": 1.0, "juv": 0.0, "B": 0.48, "Q": 0.63, "w": 7.14, "h": 0.06, "S": 0.17095, "elv": "bekk", "km": 0.4}}, {"type": "Feature", "geometry": {"type": "LineString", "coordinates": [[5.73805, 60.53919], [5.73691, 60.53989]]}, "properties": {"P": 15.99, "tau": 111.4, "tau_c": 364.2, "omega": 141.27, "M": 0.31, "D": 0.0, "R": 0.03, "sving": 0.04, "os": 0.0, "foss": 1.0, "juv": 0.0, "B": 0.48, "Q": 0.19, "w": 6.0, "h": 0.02, "S": 0.46604, "elv": "Kraksåelva", "km": 0.8}}, {"type": "Feature", "geometry": {"type": "LineString", "coordinates": [[5.73691, 60.53989], [5.73544, 60.54041]]}, "properties": {"P": 16.79, "tau": 130.03, "tau_c": 364.2, "omega": 185.16, "M": 0.36, "D": 0.0, "R": 0.06, "sving": 0.04, "os": 0.0, "foss": 1.0, "juv": 0.0, "B": 0.49, "Q": 0.26, "w": 6.0, "h": 0.03, "S": 0.42799, "elv": "Kraksåelva", "km": 0.9}}, {"type": "Feature", "geometry": {"type": "LineString", "coordinates": [[5.73544, 60.54041], [5.73466, 60.5412]]}, "properties": {"P": 16.7, "tau": 127.9, "tau_c": 364.2, "omega": 181.33, "M": 0.35, "D": 0.0, "R": 0.05, "sving": 0.03, "os": 0.0, "foss": 1.0, "juv": 0.0, "B": 0.49, "Q": 0.27, "w": 6.0, "h": 0.03, "S": 0.41076, "elv": "Kraksåelva", "km": 1.0}}, {"type": "Feature", "geometry": {"type": "LineString", "coordinates": [[5.73466, 60.5412], [5.7334, 60.54184]]}, "properties": {"P": 18.18, "tau": 126.8, "tau_c": 364.2, "omega": 180.16, "M": 0.35, "D": 0.0, "R": 0.05, "sving": 0.12, "os": 0.0, "foss": 1.0, "juv": 0.0, "B": 0.49, "Q": 0.28, "w": 6.0, "h": 0.03, "S": 0.39116, "elv": "Kraksåelva", "km": 1.1}}, {"type": "Feature", "geometry": {"type": "LineString", "coordinates": [[5.7334, 60.54184], [5.73216, 60.5425]]}, "properties": {"P": 18.68, "tau": 125.07, "tau_c": 364.2, "omega": 177.04, "M": 0.34, "D": 0.0, "R": 0.05, "sving": 0.15, "os": 0.0, "foss": 1.0, "juv": 0.0, "B": 0.49, "Q": 0.29, "w": 6.0, "h": 0.03, "S": 0.37834, "elv": "Kraksåelva", "km": 1.2}}, {"type": "Feature", "geometry": {"type": "LineString", "coordinates": [[5.73216, 60.5425], [5.73108, 60.54322]]}, "properties": {"P": 18.17, "tau": 134.46, "tau_c": 364.2, "omega": 198.64, "M": 0.37, "D": 0.0, "R": 0.07, "sving": 0.08, "os": 0.0, "foss": 1.0, "juv": 0.0, "B": 0.5, "Q": 0.31, "w": 6.0, "h": 0.04, "S": 0.39015, "elv": "Kraksåelva", "km": 1.3}}, {"type": "Feature", "geometry": {"type": "LineString", "coordinates": [[5.73108, 60.54322], [5.72971, 60.5438]]}, "properties": {"P": 19.73, "tau": 135.02, "tau_c": 364.2, "omega": 199.92, "M": 0.37, "D": 0.0, "R": 0.07, "sving": 0.17, "os": 0.0, "foss": 1.0, "juv": 0.0, "B": 0.5, "Q": 0.31, "w": 6.0, "h": 0.04, "S": 0.39152, "elv": "Kraksåelva", "km": 1.4}}, {"type": "Feature", "geometry": {"type": "LineString", "coordinates": [[5.72971, 60.5438], [5.72821, 60.5443]]}, "properties": {"P": 20.49, "tau": 136.82, "tau_c": 364.2, "omega": 203.82, "M": 0.38, "D": 0.0, "R": 0.07, "sving": 0.21, "os": 0.0, "foss": 1.0, "juv": 0.0, "B": 0.5, "Q": 0.31, "w": 6.0, "h": 0.04, "S": 0.39802, "elv": "Kraksåelva", "km": 1.5}}, {"type": "Feature", "geometry": {"type": "LineString", "coordinates": [[5.72821, 60.5443], [5.72652, 60.54462]]}, "properties": {"P": 19.68, "tau": 131.32, "tau_c": 364.2, "omega": 192.27, "M": 0.36, "D": 0.01, "R": 0.06, "sving": 0.17, "os": 0.0, "foss": 1.0, "juv": 0.0, "B": 0.5, "Q": 0.31, "w": 6.0, "h": 0.04, "S": 0.37439, "elv": "Kraksåelva", "km": 1.6}}, {"type": "Feature", "geometry": {"type": "LineString", "coordinates": [[5.79581, 60.50094], [5.7946, 60.50027]]}, "properties": {"P": 30.1, "tau": 97.32, "tau_c": 197.82, "omega": 151.66, "M": 0.49, "D": 0.0, "R": 0.18, "sving": 0.33, "os": 0.23, "foss": 1.0, "juv": 0.0, "B": 0.53, "Q": 2.24, "w": 10.71, "h": 0.13, "S": 0.07376, "elv": "Sædalselva", "km": 0.0}}, {"type": "Feature", "geometry": {"type": "LineString", "coordinates": [[5.7946, 60.50027], [5.79388, 60.4995]]}, "properties": {"P": 29.53, "tau": 113.67, "tau_c": 227.07, "omega": 188.16, "M": 0.5, "D": 0.0, "R": 0.19, "sving": 0.37, "os": 0.14, "foss": 1.0, "juv": 0.0, "B": 0.53, "Q": 2.26, "w": 11.43, "h": 0.12, "S": 0.09718, "elv": "Sædalselva", "km": 0.1}}, {"type": "Feature", "geometry": {"type": "LineString", "coordinates": [[5.79388, 60.4995], [5.79225, 60.49916]]}, "properties": {"P": 22.27, "tau": 110.43, "tau_c": 228.12, "omega": 179.26, "M": 0.48, "D": 0.03, "R": 0.17, "sving": 0.24, "os": 0.09, "foss": 0.72, "juv": 0.0, "B": 0.53, "Q": 2.27, "w": 12.16, "h": 0.11, "S": 0.09808, "elv": "Sædalselva", "km": 0.2}}, {"type": "Feature", "geometry": {"type": "LineString", "coordinates": [[5.79225, 60.49916], [5.79048, 60.49907]]}, "properties": {"P": 30.86, "tau": 106.49, "tau_c": 227.39, "omega": 169.09, "M": 0.47, "D": 0.08, "R": 0.15, "sving": 0.48, "os": 0.06, "foss": 1.0, "juv": 0.0, "B": 0.53, "Q": 2.28, "w": 12.89, "h": 0.11, "S": 0.09746, "elv": "Sædalselva", "km": 0.3}}, {"type": "Feature", "geometry": {"type": "LineString", "coordinates": [[5.79048, 60.49907], [5.78873, 60.49889]]}, "properties": {"P": 23.99, "tau": 90.84, "tau_c": 207.21, "omega": 133.86, "M": 0.44, "D": 0.1, "R": 0.12, "sving": 0.13, "os": 0.0, "foss": 1.0, "juv": 0.0, "B": 0.54, "Q": 2.3, "w": 13.65, "h": 0.11, "S": 0.08092, "elv": "Sædalselva", "km": 0.4}}, {"type": "Feature", "geometry": {"type": "LineString", "coordinates": [[5.78873, 60.49889], [5.78702, 60.49901]]}, "properties": {"P": 25.2, "tau": 83.4, "tau_c": 195.89, "omega": 118.27, "M": 0.43, "D": 0.09, "R": 0.11, "sving": 0.23, "os": 0.0, "foss": 1.0, "juv": 0.0, "B": 0.54, "Q": 2.31, "w": 13.86, "h": 0.12, "S": 0.07233, "elv": "Sædalselva", "km": 0.5}}, {"type": "Feature", "geometry": {"type": "LineString", "coordinates": [[5.78702, 60.49901], [5.7857, 60.49841]]}, "properties": {"P": 23.96, "tau": 92.99, "tau_c": 211.63, "omega": 138.27, "M": 0.44, "D": 0.09, "R": 0.12, "sving": 0.42, "os": 0.0, "foss": 0.72, "juv": 0.0, "B": 0.54, "Q": 2.35, "w": 14.07, "h": 0.11, "S": 0.08441, "elv": "Sædalselva", "km": 0.6}}, {"type": "Feature", "geometry": {"type": "LineString", "coordinates": [[5.7857, 60.49841], [5.78437, 60.49783]]}, "properties": {"P": 29.93, "tau": 74.36, "tau_c": 173.14, "omega": 101.67, "M": 0.43, "D": 0.1, "R": 0.11, "sving": 0.46, "os": 0.0, "foss": 1.0, "juv": 0.0, "B": 0.55, "Q": 2.62, "w": 14.3, "h": 0.13, "S": 0.05651, "elv": "Sædalselva", "km": 0.7}}, {"type": "Feature", "geometry": {"type": "LineString", "coordinates": [[5.78437, 60.49783], [5.78395, 60.49697]]}, "properties": {"P": 22.68, "tau": 64.3, "tau_c": 156.29, "omega": 82.52, "M": 0.41, "D": 0.08, "R": 0.1, "sving": 0.09, "os": 0.0, "foss": 1.0, "juv": 0.0, "B": 0.55, "Q": 2.65, "w": 14.52, "h": 0.14, "S": 0.04604, "elv": "Sædalselva", "km": 0.8}}, {"type": "Feature", "geometry": {"type": "LineString", "coordinates": [[5.78395, 60.49697], [5.78314, 60.4962]]}, "properties": {"P": 22.39, "tau": 72.18, "tau_c": 169.57, "omega": 97.43, "M": 0.43, "D": 0.04, "R": 0.11, "sving": 0.37, "os": 0.0, "foss": 0.72, "juv": 0.0, "B": 0.55, "Q": 2.7, "w": 14.72, "h": 0.14, "S": 0.0542, "elv": "Sædalselva", "km": 0.9}}, {"type": "Feature", "geometry": {"type": "LineString", "coordinates": [[5.78314, 60.4962], [5.78214, 60.49546]]}, "properties": {"P": 22.07, "tau": 73.37, "tau_c": 172.04, "omega": 99.67, "M": 0.43, "D": 0.0, "R": 0.11, "sving": 0.12, "os": 0.0, "foss": 1.0, "juv": 0.0, "B": 0.55, "Q": 2.7, "w": 14.83, "h": 0.13, "S": 0.05579, "elv": "Sædalselva", "km": 1.0}}, {"type": "Feature", "geometry": {"type": "LineString", "coordinates": [[5.78214, 60.49546], [5.78237, 60.49465]]}, "properties": {"P": 22.57, "tau": 85.44, "tau_c": 192.35, "omega": 123.89, "M": 0.44, "D": 0.0, "R": 0.13, "sving": 0.13, "os": 0.0, "foss": 1.0, "juv": 0.0, "B": 0.55, "Q": 2.71, "w": 14.94, "h": 0.12, "S": 0.06973, "elv": "Sædalselva", "km": 1.1}}, {"type": "Feature", "geometry": {"type": "LineString", "coordinates": [[5.78237, 60.49465], [5.78252, 60.49384]]}, "properties": {"P": 22.29, "tau": 86.95, "tau_c": 191.58, "omega": 127.72, "M": 0.45, "D": 0.0, "R": 0.14, "sving": 0.08, "os": 0.0, "foss": 1.0, "juv": 0.0, "B": 0.56, "Q": 2.83, "w": 15.03, "h": 0.13, "S": 0.06918, "elv": "Sædalselva", "km": 1.2}}, {"type": "Feature", "geometry": {"type": "LineString", "coordinates": [[5.78252, 60.49384], [5.7812, 60.49323]]}, "properties": {"P": 29.63, "tau": 101.61, "tau_c": 214.19, "omega": 159.65, "M": 0.47, "D": 0.0, "R": 0.16, "sving": 0.48, "os": 0.0, "foss": 1.0, "juv": 0.0, "B": 0.56, "Q": 2.84, "w": 15.11, "h": 0.12, "S": 0.08647, "elv": "Sædalselva", "km": 1.3}}, {"type": "Feature", "geometry": {"type": "LineString", "coordinates": [[5.74676, 60.5143], [5.7453, 60.51381]]}, "properties": {"P": 18.49, "tau": 186.96, "tau_c": 303.07, "omega": 393.99, "M": 0.62, "D": 0.02, "R": 0.33, "sving": 0.28, "os": 0.0, "foss": 1.0, "juv": 0.0, "B": 0.32, "Q": 4.36, "w": 18.81, "h": 0.11, "S": 0.17312, "elv": "Ytråna", "km": 0.0}}, {"type": "Feature", "geometry": {"type": "LineString", "coordinates": [[5.7453, 60.51381], [5.7441, 60.51316]]}, "properties": {"P": 24.95, "tau": 174.07, "tau_c": 287.82, "omega": 355.76, "M": 0.6, "D": 0.06, "R": 0.32, "sving": 0.01, "os": 0.0, "foss": 1.0, "juv": 0.0, "B": 0.51, "Q": 4.37, "w": 18.82, "h": 0.11, "S": 0.15613, "elv": "Ytråna", "km": 0.1}}, {"type": "Feature", "geometry": {"type": "LineString", "coordinates": [[5.7441, 60.51316], [5.74236, 60.51297]]}, "properties": {"P": 25.38, "tau": 158.11, "tau_c": 268.65, "omega": 310.02, "M": 0.59, "D": 0.08, "R": 0.3, "sving": 0.04, "os": 0.0, "foss": 1.0, "juv": 0.0, "B": 0.51, "Q": 4.37, "w": 18.83, "h": 0.12, "S": 0.13604, "elv": "Ytråna", "km": 0.2}}, {"type": "Feature", "geometry": {"type": "LineString", "coordinates": [[5.74236, 60.51297], [5.7409, 60.51246]]}, "properties": {"P": 25.15, "tau": 150.7, "tau_c": 259.24, "omega": 289.54, "M": 0.58, "D": 0.09, "R": 0.29, "sving": 0.03, "os": 0.0, "foss": 1.0, "juv": 0.0, "B": 0.51, "Q": 4.39, "w": 18.85, "h": 0.12, "S": 0.12667, "elv": "Ytråna", "km": 0.3}}, {"type": "Feature", "geometry": {"type": "LineString", "coordinates": [[5.7409, 60.51246], [5.73952, 60.51188]]}, "properties": {"P": 28.43, "tau": 150.37, "tau_c": 259.15, "omega": 288.54, "M": 0.58, "D": 0.11, "R": 0.29, "sving": 0.22, "os": 0.0, "foss": 1.0, "juv": 0.0, "B": 0.51, "Q": 4.39, "w": 18.9, "h": 0.12, "S": 0.12659, "elv": "Ytråna", "km": 0.4}}, {"type": "Feature", "geometry": {"type": "LineString", "coordinates": [[5.73952, 60.51188], [5.73842, 60.51117]]}, "properties": {"P": 26.59, "tau": 124.54, "tau_c": 226.71, "omega": 220.21, "M": 0.55, "D": 0.1, "R": 0.25, "sving": 0.17, "os": 0.0, "foss": 1.0, "juv": 0.0, "B": 0.51, "Q": 4.39, "w": 18.96, "h": 0.13, "S": 0.09687, "elv": "Ytråna", "km": 0.5}}, {"type": "Feature", "geometry": {"type": "LineString", "coordinates": [[5.73842, 60.51117], [5.73719, 60.51052]]}, "properties": {"P": 25.81, "tau": 104.97, "tau_c": 198.73, "omega": 172.89, "M": 0.53, "D": 0.07, "R": 0.22, "sving": 0.21, "os": 0.0, "foss": 1.0, "juv": 0.0, "B": 0.51, "Q": 4.5, "w": 19.03, "h": 0.14, "S": 0.07444, "elv": "Ytråna", "km": 0.6}}, {"type": "Feature", "geometry": {"type": "LineString", "coordinates": [[5.73719, 60.51052], [5.73542, 60.51039]]}, "properties": {"P": 25.3, "tau": 133.8, "tau_c": 236.79, "omega": 244.65, "M": 0.57, "D": 0.02, "R": 0.27, "sving": 0.16, "os": 0.0, "foss": 1.0, "juv": 0.0, "B": 0.51, "Q": 4.51, "w": 19.09, "h": 0.13, "S": 0.10568, "elv": "Ytråna", "km": 0.7}}, {"type": "Feature", "geometry": {"type": "LineString", "coordinates": [[5.73542, 60.51039], [5.73367, 60.51025]]}, "properties": {"P": 24.64, "tau": 152.97, "tau_c": 259.91, "omega": 296.61, "M": 0.59, "D": 0.0, "R": 0.3, "sving": 0.09, "os": 0.0, "foss": 1.0, "juv": 0.0, "B": 0.51, "Q": 4.55, "w": 19.16, "h": 0.12, "S": 0.12733, "elv": "Ytråna", "km": 0.8}}, {"type": "Feature", "geometry": {"type": "LineString", "coordinates": [[5.73367, 60.51025], [5.73207, 60.50983]]}, "properties": {"P": 34.29, "tau": 226.28, "tau_c": 344.13, "omega": 519.44, "M": 0.66, "D": 0.0, "R": 0.39, "sving": 0.56, "os": 0.0, "foss": 1.0, "juv": 0.0, "B": 0.51, "Q": 4.55, "w": 19.18, "h": 0.1, "S": 0.22321, "elv": "Ytråna", "km": 0.9}}, {"type": "Feature", "geometry": {"type": "LineString", "coordinates": [[5.73207, 60.50983], [5.73056, 60.50936]]}, "properties": {"P": 38.07, "tau": 296.01, "tau_c": 364.2, "omega": 762.82, "M": 0.81, "D": 0.0, "R": 0.59, "sving": 0.47, "os": 0.0, "foss": 1.0, "juv": 0.0, "B": 0.51, "Q": 4.55, "w": 19.2, "h": 0.09, "S": 0.3281, "elv": "Ytråna", "km": 1.0}}, {"type": "Feature", "geometry": {"type": "LineString", "coordinates": [[5.73056, 60.50936], [5.73021, 60.51015]]}, "properties": {"P": 35.6, "tau": 356.69, "tau_c": 364.2, "omega": 1009.47, "M": 0.98, "D": 0.0, "R": 0.78, "sving": 0.0, "os": 0.0, "foss": 1.0, "juv": 0.0, "B": 0.51, "Q": 4.55, "w": 17.36, "h": 0.09, "S": 0.39259, "elv": "Ytråna", "km": 1.1}}, {"type": "Feature", "geometry": {"type": "LineString", "coordinates": [[5.73021, 60.51015], [5.72942, 60.51089]]}, "properties": {"P": 39.58, "tau": 431.31, "tau_c": 364.2, "omega": 1344.47, "M": 1.18, "D": 0.0, "R": 0.93, "sving": 0.01, "os": 0.0, "foss": 1.0, "juv": 0.0, "B": 0.51, "Q": 4.55, "w": 15.52, "h": 0.09, "S": 0.46747, "elv": "Ytråna", "km": 1.2}}, {"type": "Feature", "geometry": {"type": "LineString", "coordinates": [[5.72942, 60.51089], [5.72788, 60.51049]]}, "properties": {"P": 49.63, "tau": 448.61, "tau_c": 364.2, "omega": 1422.3, "M": 1.23, "D": 0.0, "R": 0.95, "sving": 0.62, "os": 0.0, "foss": 1.0, "juv": 0.0, "B": 0.51, "Q": 4.55, "w": 15.52, "h": 0.09, "S": 0.49453, "elv": "Ytråna", "km": 1.3}}, {"type": "Feature", "geometry": {"type": "LineString", "coordinates": [[5.72788, 60.51049], [5.72633, 60.51003]]}, "properties": {"P": 49.32, "tau": 487.07, "tau_c": 364.2, "omega": 1600.04, "M": 1.34, "D": 0.02, "R": 0.98, "sving": 0.52, "os": 0.0, "foss": 1.0, "juv": 0.0, "B": 0.51, "Q": 4.55, "w": 15.52, "h": 0.09, "S": 0.55633, "elv": "Ytråna", "km": 1.4}}, {"type": "Feature", "geometry": {"type": "LineString", "coordinates": [[5.72633, 60.51003], [5.72492, 60.50981]]}, "properties": {"P": 42.99, "tau": 471.87, "tau_c": 364.2, "omega": 1529.04, "M": 1.3, "D": 0.05, "R": 0.97, "sving": 0.09, "os": 0.0, "foss": 1.0, "juv": 0.0, "B": 0.51, "Q": 4.55, "w": 15.52, "h": 0.09, "S": 0.53164, "elv": "Ytråna", "km": 1.5}}, {"type": "Feature", "geometry": {"type": "LineString", "coordinates": [[5.49901, 60.57385], [5.49782, 60.57327]]}, "properties": {"P": 33.84, "tau": 104.11, "tau_c": 285.61, "omega": 150.97, "M": 0.36, "D": 0.0, "R": 0.06, "sving": 0.08, "os": 1.0, "foss": 1.0, "juv": 0.0, "B": 0.51, "Q": 0.82, "w": 8.21, "h": 0.07, "S": 0.15375, "elv": "Fagerdalselva", "km": 0.0}}, {"type": "Feature", "geometry": {"type": "LineString", "coordinates": [[5.49782, 60.57327], [5.49632, 60.5728]]}, "properties": {"P": 28.24, "tau": 114.71, "tau_c": 304.29, "omega": 173.81, "M": 0.38, "D": 0.0, "R": 0.07, "sving": 0.06, "os": 0.63, "foss": 1.0, "juv": 0.0, "B": 0.51, "Q": 0.84, "w": 8.25, "h": 0.07, "S": 0.17452, "elv": "Fagerdalselva", "km": 0.1}}, {"type": "Feature", "geometry": {"type": "LineString", "coordinates": [[5.49632, 60.5728], [5.49515, 60.57211]]}, "properties": {"P": 24.62, "tau": 124.26, "tau_c": 320.59, "omega": 195.22, "M": 0.39, "D": 0.0, "R": 0.08, "sving": 0.04, "os": 0.39, "foss": 1.0, "juv": 0.0, "B": 0.52, "Q": 0.85, "w": 8.32, "h": 0.07, "S": 0.19372, "elv": "Fagerdalselva", "km": 0.2}}, {"type": "Feature", "geometry": {"type": "LineString", "coordinates": [[5.49515, 60.57211], [5.494, 60.57142]]}, "properties": {"P": 26.51, "tau": 122.57, "tau_c": 316.14, "omega": 191.68, "M": 0.39, "D": 0.0, "R": 0.08, "sving": 0.3, "os": 0.24, "foss": 1.0, "juv": 0.0, "B": 0.52, "Q": 0.87, "w": 8.4, "h": 0.07, "S": 0.18838, "elv": "Fagerdalselva", "km": 0.3}}, {"type": "Feature", "geometry": {"type": "LineString", "coordinates": [[5.494, 60.57142], [5.49286, 60.57073]]}, "properties": {"P": 23.54, "tau": 122.25, "tau_c": 314.27, "omega": 191.23, "M": 0.39, "D": 0.01, "R": 0.08, "sving": 0.19, "os": 0.14, "foss": 1.0, "juv": 0.0, "B": 0.52, "Q": 0.89, "w": 8.48, "h": 0.07, "S": 0.18616, "elv": "Fagerdalselva", "km": 0.4}}, {"type": "Feature", "geometry": {"type": "LineString", "coordinates": [[5.49286, 60.57073], [5.49255, 60.56994]]}, "properties": {"P": 23.15, "tau": 123.69, "tau_c": 315.67, "omega": 194.73, "M": 0.39, "D": 0.03, "R": 0.08, "sving": 0.17, "os": 0.09, "foss": 1.0, "juv": 0.0, "B": 0.53, "Q": 0.9, "w": 8.56, "h": 0.07, "S": 0.18782, "elv": "Fagerdalselva", "km": 0.5}}, {"type": "Feature", "geometry": {"type": "LineString", "coordinates": [[5.49255, 60.56994], [5.49089, 60.56962]]}, "properties": {"P": 26.13, "tau": 116.38, "tau_c": 301.01, "omega": 178.69, "M": 0.39, "D": 0.09, "R": 0.08, "sving": 0.31, "os": 0.06, "foss": 1.0, "juv": 0.0, "B": 0.53, "Q": 0.92, "w": 8.64, "h": 0.07, "S": 0.17078, "elv": "Fagerdalselva", "km": 0.6}}, {"type": "Feature", "geometry": {"type": "LineString", "coordinates": [[5.49089, 60.56962], [5.49056, 60.56891]]}, "properties": {"P": 21.93, "tau": 100.76, "tau_c": 270.46, "omega": 145.56, "M": 0.37, "D": 0.14, "R": 0.07, "sving": 0.05, "os": 0.0, "foss": 1.0, "juv": 0.0, "B": 0.53, "Q": 0.94, "w": 8.72, "h": 0.07, "S": 0.13787, "elv": "Fagerdalselva", "km": 0.7}}, {"type": "Feature", "geometry": {"type": "LineString", "coordinates": [[5.49056, 60.56891], [5.49082, 60.56808]]}, "properties": {"P": 26.12, "tau": 84.01, "tau_c": 236.54, "omega": 112.32, "M": 0.36, "D": 0.15, "R": 0.06, "sving": 0.3, "os": 0.0, "foss": 1.0, "juv": 0.0, "B": 0.54, "Q": 0.95, "w": 8.79, "h": 0.08, "S": 0.10546, "elv": "Fagerdalselva", "km": 0.8}}, {"type": "Feature", "geometry": {"type": "LineString", "coordinates": [[5.49082, 60.56808], [5.49075, 60.56729]]}, "properties": {"P": 21.93, "tau": 78.06, "tau_c": 223.57, "omega": 101.22, "M": 0.35, "D": 0.14, "R": 0.05, "sving": 0.06, "os": 0.0, "foss": 1.0, "juv": 0.0, "B": 0.54, "Q": 0.97, "w": 8.87, "h": 0.08, "S": 0.09421, "elv": "Fagerdalselva", "km": 0.9}}, {"type": "Feature", "geometry": {"type": "LineString", "coordinates": [[5.49075, 60.56729], [5.49016, 60.56659]]}, "properties": {"P": 24.98, "tau": 78.41, "tau_c": 223.32, "omega": 102.01, "M": 0.35, "D": 0.11, "R": 0.05, "sving": 0.27, "os": 0.0, "foss": 1.0, "juv": 0.0, "B": 0.54, "Q": 0.99, "w": 8.93, "h": 0.09, "S": 0.094, "elv": "Fagerdalselva", "km": 1.0}}, {"type": "Feature", "geometry": {"type": "LineString", "coordinates": [[5.42116, 60.50666], [5.42252, 60.50618]]}, "properties": {"P": 17.21, "tau": 73.68, "tau_c": 239.72, "omega": 89.73, "M": 0.31, "D": 0.0, "R": 0.03, "sving": 0.01, "os": 0.08, "foss": 1.0, "juv": 0.0, "B": 0.49, "Q": 0.58, "w": 6.84, "h": 0.07, "S": 0.10831, "elv": "bekk", "km": 2.2}}, {"type": "Feature", "geometry": {"type": "LineString", "coordinates": [[5.46922, 60.50415], [5.46789, 60.50475]]}, "properties": {"P": 14.31, "tau": 41.9, "tau_c": 137.0, "omega": 42.09, "M": 0.31, "D": 0.1, "R": 0.03, "sving": 0.1, "os": 0.0, "foss": 0.51, "juv": 0.0, "B": 0.59, "Q": 1.19, "w": 9.79, "h": 0.12, "S": 0.03538, "elv": "bekk", "km": 0.9}}, {"type": "Feature", "geometry": {"type": "LineString", "coordinates": [[5.56599, 60.5771], [5.56476, 60.57775]]}, "properties": {"P": 30.7, "tau": 202.56, "tau_c": 245.53, "omega": 483.46, "M": 0.82, "D": 0.0, "R": 0.61, "sving": 0.64, "os": 0.0, "foss": 1.0, "juv": 0.0, "B": 0.38, "Q": 15.25, "w": 35.17, "h": 0.18, "S": 0.11363, "elv": "Herlandselva", "km": 0.0}}, {"type": "Feature", "geometry": {"type": "LineString", "coordinates": [[5.56476, 60.57775], [5.56347, 60.57816]]}, "properties": {"P": 65.22, "tau": 224.78, "tau_c": 260.89, "omega": 563.52, "M": 0.86, "D": 0.02, "R": 0.65, "sving": 0.25, "os": 0.0, "foss": 1.0, "juv": 0.0, "B": 0.91, "Q": 15.29, "w": 34.14, "h": 0.18, "S": 0.12828, "elv": "Herlandselva", "km": 0.1}}, {"type": "Feature", "geometry": {"type": "LineString", "coordinates": [[5.56347, 60.57816], [5.56182, 60.57813]]}, "properties": {"P": 59.37, "tau": 198.62, "tau_c": 235.49, "omega": 474.04, "M": 0.84, "D": 0.06, "R": 0.63, "sving": 0.01, "os": 0.0, "foss": 1.0, "juv": 0.0, "B": 0.91, "Q": 15.31, "w": 33.11, "h": 0.19, "S": 0.10452, "elv": "Herlandselva", "km": 0.2}}, {"type": "Feature", "geometry": {"type": "LineString", "coordinates": [[5.56182, 60.57813], [5.56012, 60.57842]]}, "properties": {"P": 63.22, "tau": 182.32, "tau_c": 221.19, "omega": 419.53, "M": 0.82, "D": 0.11, "R": 0.61, "sving": 0.12, "os": 0.0, "foss": 1.0, "juv": 0.0, "B": 0.91, "Q": 15.37, "w": 33.15, "h": 0.2, "S": 0.09222, "elv": "Herlandselva", "km": 0.3}}, {"type": "Feature", "geometry": {"type": "LineString", "coordinates": [[5.56012, 60.57842], [5.55904, 60.57897]]}, "properties": {"P": 54.44, "tau": 165.76, "tau_c": 206.72, "omega": 366.01, "M": 0.8, "D": 0.17, "R": 0.58, "sving": 0.06, "os": 0.0, "foss": 0.72, "juv": 0.0, "B": 0.91, "Q": 15.37, "w": 33.19, "h": 0.21, "S": 0.08054, "elv": "Herlandselva", "km": 0.4}}, {"type": "Feature", "geometry": {"type": "LineString", "coordinates": [[5.55904, 60.57897], [5.55734, 60.57919]]}, "properties": {"P": 62.85, "tau": 134.63, "tau_c": 175.39, "omega": 272.99, "M": 0.77, "D": 0.22, "R": 0.54, "sving": 0.07, "os": 0.0, "foss": 1.0, "juv": 0.0, "B": 0.91, "Q": 15.43, "w": 32.15, "h": 0.24, "S": 0.05798, "elv": "Herlandselva", "km": 0.5}}, {"type": "Feature", "geometry": {"type": "LineString", "coordinates": [[5.55734, 60.57919], [5.55553, 60.5793]]}, "properties": {"P": 58.87, "tau": 110.24, "tau_c": 154.09, "omega": 204.22, "M": 0.72, "D": 0.25, "R": 0.47, "sving": 0.29, "os": 0.0, "foss": 0.72, "juv": 0.0, "B": 0.91, "Q": 15.46, "w": 33.23, "h": 0.25, "S": 0.04475, "elv": "Herlandselva", "km": 0.6}}, {"type": "Feature", "geometry": {"type": "LineString", "coordinates": [[5.55553, 60.5793], [5.5539, 60.57941]]}, "properties": {"P": 38.1, "tau": 69.35, "tau_c": 112.06, "omega": 104.73, "M": 0.62, "D": 0.19, "R": 0.34, "sving": 0.05, "os": 0.0, "foss": 0.51, "juv": 0.0, "B": 0.91, "Q": 15.48, "w": 34.33, "h": 0.3, "S": 0.02367, "elv": "Herlandselva", "km": 0.7}}, {"type": "Feature", "geometry": {"type": "LineString", "coordinates": [[5.5539, 60.57941], [5.5522, 60.57943]]}, "properties": {"P": 51.44, "tau": 80.74, "tau_c": 124.95, "omega": 130.21, "M": 0.65, "D": 0.08, "R": 0.37, "sving": 0.12, "os": 0.0, "foss": 1.0, "juv": 0.0, "B": 0.91, "Q": 15.49, "w": 34.35, "h": 0.28, "S": 0.02943, "elv": "Herlandselva", "km": 0.8}}, {"type": "Feature", "geometry": {"type": "LineString", "coordinates": [[5.5522, 60.57943], [5.55055, 60.57977]]}, "properties": {"P": 53.44, "tau": 133.27, "tau_c": 176.28, "omega": 268.1, "M": 0.76, "D": 0.0, "R": 0.52, "sving": 0.06, "os": 0.0, "foss": 1.0, "juv": 0.0, "B": 0.91, "Q": 15.53, "w": 33.27, "h": 0.23, "S": 0.05857, "elv": "Herlandselva", "km": 0.9}}, {"type": "Feature", "geometry": {"type": "LineString", "coordinates": [[5.55055, 60.57977], [5.54897, 60.58014]]}, "properties": {"P": 56.31, "tau": 181.43, "tau_c": 219.76, "omega": 417.01, "M": 0.83, "D": 0.0, "R": 0.61, "sving": 0.01, "os": 0.0, "foss": 1.0, "juv": 0.0, "B": 0.91, "Q": 15.54, "w": 33.27, "h": 0.2, "S": 0.09103, "elv": "Herlandselva", "km": 1.0}}, {"type": "Feature", "geometry": {"type": "LineString", "coordinates": [[5.54897, 60.58014], [5.54733, 60.58038]]}, "properties": {"P": 63.14, "tau": 211.59, "tau_c": 235.11, "omega": 526.31, "M": 0.9, "D": 0.0, "R": 0.7, "sving": 0.11, "os": 0.0, "foss": 1.0, "juv": 0.0, "B": 0.91, "Q": 15.54, "w": 30.19, "h": 0.21, "S": 0.10419, "elv": "Herlandselva", "km": 1.1}}, {"type": "Feature", "geometry": {"type": "LineString", "coordinates": [[5.54733, 60.58038], [5.54572, 60.58037]]}, "properties": {"P": 67.26, "tau": 227.25, "tau_c": 243.36, "omega": 585.86, "M": 0.93, "D": 0.0, "R": 0.73, "sving": 0.2, "os": 0.0, "foss": 1.0, "juv": 0.0, "B": 0.91, "Q": 15.57, "w": 29.1, "h": 0.21, "S": 0.11163, "elv": "Herlandselva", "km": 1.2}}, {"type": "Feature", "geometry": {"type": "LineString", "coordinates": [[5.54572, 60.58037], [5.54443, 60.58091]]}, "properties": {"P": 71.26, "tau": 248.26, "tau_c": 246.76, "omega": 674.55, "M": 1.01, "D": 0.01, "R": 0.8, "sving": 0.22, "os": 0.0, "foss": 1.0, "juv": 0.0, "B": 0.91, "Q": 15.58, "w": 26.0, "h": 0.22, "S": 0.11477, "elv": "Herlandselva", "km": 1.3}}, {"type": "Feature", "geometry": {"type": "LineString", "coordinates": [[5.54443, 60.58091], [5.54344, 60.58166]]}, "properties": {"P": 76.08, "tau": 254.49, "tau_c": 242.52, "omega": 705.88, "M": 1.05, "D": 0.07, "R": 0.84, "sving": 0.25, "os": 0.0, "foss": 1.0, "juv": 0.0, "B": 0.91, "Q": 15.58, "w": 24.0, "h": 0.23, "S": 0.11086, "elv": "Herlandselva", "km": 1.4}}, {"type": "Feature", "geometry": {"type": "LineString", "coordinates": [[5.54344, 60.58166], [5.54229, 60.58234]]}, "properties": {"P": 73.1, "tau": 212.56, "tau_c": 205.14, "omega": 551.01, "M": 1.04, "D": 0.18, "R": 0.83, "sving": 0.02, "os": 0.0, "foss": 1.0, "juv": 0.0, "B": 0.91, "Q": 15.58, "w": 22.0, "h": 0.27, "S": 0.07932, "elv": "Herlandselva", "km": 1.5}}, {"type": "Feature", "geometry": {"type": "LineString", "coordinates": [[5.54229, 60.58234], [5.54087, 60.58289]]}, "properties": {"P": 65.08, "tau": 141.04, "tau_c": 157.67, "omega": 303.5, "M": 0.89, "D": 0.3, "R": 0.69, "sving": 0.07, "os": 0.0, "foss": 0.72, "juv": 0.0, "B": 0.91, "Q": 15.85, "w": 24.0, "h": 0.31, "S": 0.04686, "elv": "Herlandselva", "km": 1.6}}, {"type": "Feature", "geometry": {"type": "LineString", "coordinates": [[5.54087, 60.58289], [5.53949, 60.58341]]}, "properties": {"P": 55.6, "tau": 105.9, "tau_c": 131.02, "omega": 200.1, "M": 0.81, "D": 0.36, "R": 0.59, "sving": 0.02, "os": 0.0, "foss": 0.51, "juv": 0.0, "B": 0.91, "Q": 15.87, "w": 25.17, "h": 0.33, "S": 0.03235, "elv": "Herlandselva", "km": 1.7}}, {"type": "Feature", "geometry": {"type": "LineString", "coordinates": [[5.53949, 60.58341], [5.53824, 60.58405]]}, "properties": {"P": 52.13, "tau": 80.53, "tau_c": 103.74, "omega": 136.3, "M": 0.78, "D": 0.38, "R": 0.55, "sving": 0.06, "os": 0.0, "foss": 0.37, "juv": 0.03, "B": 0.91, "Q": 15.87, "w": 23.17, "h": 0.4, "S": 0.02029, "elv": "Herlandselva", "km": 1.8}}, {"type": "Feature", "geometry": {"type": "LineString", "coordinates": [[5.53824, 60.58405], [5.53705, 60.58469]]}, "properties": {"P": 38.41, "tau": 49.24, "tau_c": 69.91, "omega": 67.75, "M": 0.7, "D": 0.38, "R": 0.45, "sving": 0.08, "os": 0.0, "foss": 0.0, "juv": 0.07, "B": 0.91, "Q": 15.87, "w": 21.17, "h": 0.54, "S": 0.00921, "elv": "Herlandselva", "km": 1.9}}, {"type": "Feature", "geometry": {"type": "LineString", "coordinates": [[5.50914, 60.49467], [5.50946, 60.4955]]}, "properties": {"P": 4.28, "tau": 51.68, "tau_c": 170.63, "omega": 55.57, "M": 0.3, "D": 0.0, "R": 0.03, "sving": 0.28, "os": 0.0, "foss": 0.0, "juv": 0.0, "B": 0.42, "Q": 0.88, "w": 8.52, "h": 0.1, "S": 0.05487, "elv": "bekk", "km": 0.2}}, {"type": "Feature", "geometry": {"type": "LineString", "coordinates": [[5.50993, 60.49632], [5.51006, 60.49709]]}, "properties": {"P": 20.2, "tau": 57.01, "tau_c": 176.85, "omega": 64.67, "M": 0.32, "D": 0.0, "R": 0.04, "sving": 0.4, "os": 0.0, "foss": 1.0, "juv": 0.0, "B": 0.45, "Q": 0.98, "w": 8.72, "h": 0.1, "S": 0.05895, "elv": "bekk", "km": 0.4}}, {"type": "Feature", "geometry": {"type": "LineString", "coordinates": [[5.51006, 60.49709], [5.50913, 60.49783]]}, "properties": {"P": 21.16, "tau": 60.43, "tau_c": 185.04, "omega": 70.24, "M": 0.33, "D": 0.01, "R": 0.04, "sving": 0.42, "os": 0.0, "foss": 1.0, "juv": 0.0, "B": 0.46, "Q": 0.98, "w": 8.83, "h": 0.1, "S": 0.06454, "elv": "bekk", "km": 0.5}}, {"type": "Feature", "geometry": {"type": "LineString", "coordinates": [[5.50913, 60.49783], [5.50775, 60.4984]]}, "properties": {"P": 21.5, "tau": 61.21, "tau_c": 187.37, "omega": 71.48, "M": 0.33, "D": 0.08, "R": 0.04, "sving": 0.32, "os": 0.0, "foss": 1.0, "juv": 0.0, "B": 0.47, "Q": 0.99, "w": 8.95, "h": 0.09, "S": 0.06617, "elv": "bekk", "km": 0.6}}, {"type": "Feature", "geometry": {"type": "LineString", "coordinates": [[5.50775, 60.4984], [5.5064, 60.499]]}, "properties": {"P": 19.51, "tau": 51.82, "tau_c": 165.65, "omega": 56.37, "M": 0.31, "D": 0.17, "R": 0.03, "sving": 0.05, "os": 0.0, "foss": 1.0, "juv": 0.0, "B": 0.48, "Q": 1.0, "w": 8.98, "h": 0.1, "S": 0.05172, "elv": "bekk", "km": 0.7}}, {"type": "Feature", "geometry": {"type": "LineString", "coordinates": [[5.54952, 60.49371], [5.55021, 60.49449]]}, "properties": {"P": 35.93, "tau": 61.36, "tau_c": 138.31, "omega": 79.54, "M": 0.44, "D": 0.0, "R": 0.13, "sving": 0.79, "os": 0.0, "foss": 1.0, "juv": 0.0, "B": 0.59, "Q": 4.1, "w": 18.23, "h": 0.17, "S": 0.03605, "elv": "bekk", "km": 0.0}}, {"type": "Feature", "geometry": {"type": "LineString", "coordinates": [[5.55021, 60.49449], [5.54978, 60.49532]]}, "properties": {"P": 20.27, "tau": 77.02, "tau_c": 162.71, "omega": 110.17, "M": 0.47, "D": 0.0, "R": 0.16, "sving": 0.14, "os": 0.0, "foss": 0.72, "juv": 0.0, "B": 0.59, "Q": 4.11, "w": 18.24, "h": 0.16, "S": 0.0499, "elv": "bekk", "km": 0.1}}, {"type": "Feature", "geometry": {"type": "LineString", "coordinates": [[5.54978, 60.49532], [5.55114, 60.4954]]}, "properties": {"P": 19.19, "tau": 71.49, "tau_c": 154.1, "omega": 99.03, "M": 0.46, "D": 0.05, "R": 0.15, "sving": 0.22, "os": 0.0, "foss": 0.51, "juv": 0.0, "B": 0.6, "Q": 4.12, "w": 18.26, "h": 0.16, "S": 0.04476, "elv": "bekk", "km": 0.2}}, {"type": "Feature", "geometry": {"type": "LineString", "coordinates": [[5.55114, 60.4954], [5.55137, 60.49628]]}, "properties": {"P": 31.85, "tau": 67.38, "tau_c": 148.33, "omega": 90.87, "M": 0.45, "D": 0.1, "R": 0.14, "sving": 0.37, "os": 0.0, "foss": 1.0, "juv": 0.0, "B": 0.6, "Q": 4.12, "w": 18.43, "h": 0.17, "S": 0.04147, "elv": "bekk", "km": 0.3}}, {"type": "Feature", "geometry": {"type": "LineString", "coordinates": [[5.55137, 60.49628], [5.55105, 60.49715]]}, "properties": {"P": 35.2, "tau": 50.89, "tau_c": 121.65, "omega": 60.73, "M": 0.42, "D": 0.13, "R": 0.1, "sving": 0.85, "os": 0.0, "foss": 0.72, "juv": 0.0, "B": 0.6, "Q": 4.13, "w": 18.61, "h": 0.19, "S": 0.02789, "elv": "bekk", "km": 0.4}}, {"type": "Feature", "geometry": {"type": "LineString", "coordinates": [[5.55105, 60.49715], [5.54966, 60.49737]]}, "properties": {"P": 16.31, "tau": 51.34, "tau_c": 118.31, "omega": 62.16, "M": 0.43, "D": 0.11, "R": 0.12, "sving": 0.01, "os": 0.0, "foss": 0.51, "juv": 0.0, "B": 0.61, "Q": 4.51, "w": 18.79, "h": 0.2, "S": 0.02638, "elv": "bekk", "km": 0.5}}, {"type": "Feature", "geometry": {"type": "LineString", "coordinates": [[5.54966, 60.49737], [5.54854, 60.4979]]}, "properties": {"P": 15.94, "tau": 57.96, "tau_c": 129.6, "omega": 73.88, "M": 0.45, "D": 0.12, "R": 0.13, "sving": 0.1, "os": 0.0, "foss": 0.37, "juv": 0.0, "B": 0.62, "Q": 4.51, "w": 18.97, "h": 0.19, "S": 0.03166, "elv": "bekk", "km": 0.6}}, {"type": "Feature", "geometry": {"type": "LineString", "coordinates": [[5.54854, 60.4979], [5.54864, 60.49843]]}, "properties": {"P": 19.96, "tau": 36.98, "tau_c": 94.18, "omega": 38.76, "M": 0.39, "D": 0.19, "R": 0.08, "sving": 0.67, "os": 0.0, "foss": 0.0, "juv": 0.0, "B": 0.62, "Q": 4.52, "w": 19.14, "h": 0.23, "S": 0.01672, "elv": "bekk", "km": 0.7}}, {"type": "Feature", "geometry": {"type": "LineString", "coordinates": [[5.55171, 60.4978], [5.55006, 60.49813]]}, "properties": {"P": 55.41, "tau": 170.88, "tau_c": 245.37, "omega": 361.4, "M": 0.7, "D": 0.0, "R": 0.44, "sving": 0.06, "os": 0.53, "foss": 1.0, "juv": 0.0, "B": 0.78, "Q": 4.51, "w": 13.88, "h": 0.15, "S": 0.11347, "elv": "Hovdaelva", "km": 1.6}}, {"type": "Feature", "geometry": {"type": "LineString", "coordinates": [[5.55006, 60.49813], [5.54948, 60.49877]]}, "properties": {"P": 56.26, "tau": 141.79, "tau_c": 231.63, "omega": 270.78, "M": 0.61, "D": 0.08, "R": 0.33, "sving": 0.12, "os": 0.87, "foss": 0.72, "juv": 0.0, "B": 0.78, "Q": 4.51, "w": 16.53, "h": 0.14, "S": 0.10112, "elv": "Hovdaelva", "km": 1.7}}, {"type": "Feature", "geometry": {"type": "LineString", "coordinates": [[5.54948, 60.49877], [5.54806, 60.49931]]}, "properties": {"P": 52.8, "tau": 122.05, "tau_c": 221.25, "omega": 214.62, "M": 0.55, "D": 0.16, "R": 0.25, "sving": 0.33, "os": 0.75, "foss": 0.51, "juv": 0.0, "B": 0.78, "Q": 4.55, "w": 19.17, "h": 0.13, "S": 0.09226, "elv": "Hovdaelva", "km": 1.8}}, {"type": "Feature", "geometry": {"type": "LineString", "coordinates": [[5.54806, 60.49931], [5.54663, 60.49985]]}, "properties": {"P": 52.73, "tau": 101.05, "tau_c": 193.05, "omega": 163.84, "M": 0.52, "D": 0.22, "R": 0.21, "sving": 0.08, "os": 0.48, "foss": 1.0, "juv": 0.0, "B": 0.78, "Q": 4.56, "w": 19.2, "h": 0.15, "S": 0.07025, "elv": "Hovdaelva", "km": 1.9}}, {"type": "Feature", "geometry": {"type": "LineString", "coordinates": [[5.54663, 60.49985], [5.54609, 60.50067]]}, "properties": {"P": 38.96, "tau": 79.14, "tau_c": 155.11, "omega": 116.88, "M": 0.51, "D": 0.17, "R": 0.2, "sving": 0.07, "os": 0.3, "foss": 0.72, "juv": 0.0, "B": 0.78, "Q": 4.57, "w": 17.38, "h": 0.18, "S": 0.04535, "elv": "Hovdaelva", "km": 2.0}}, {"type": "Feature", "geometry": {"type": "LineString", "coordinates": [[5.54609, 60.50067], [5.54508, 60.50136]]}, "properties": {"P": 43.91, "tau": 81.16, "tau_c": 157.96, "omega": 121.17, "M": 0.51, "D": 0.09, "R": 0.2, "sving": 0.2, "os": 0.19, "foss": 1.0, "juv": 0.0, "B": 0.78, "Q": 4.57, "w": 17.38, "h": 0.18, "S": 0.04703, "elv": "Hovdaelva", "km": 2.1}}, {"type": "Feature", "geometry": {"type": "LineString", "coordinates": [[5.54508, 60.50136], [5.54386, 60.50202]]}, "properties": {"P": 36.89, "tau": 87.22, "tau_c": 166.68, "omega": 134.26, "M": 0.52, "D": 0.03, "R": 0.21, "sving": 0.03, "os": 0.12, "foss": 1.0, "juv": 0.0, "B": 0.78, "Q": 4.57, "w": 17.47, "h": 0.17, "S": 0.05237, "elv": "Hovdaelva", "km": 2.2}}, {"type": "Feature", "geometry": {"type": "LineString", "coordinates": [[5.54386, 60.50202], [5.54317, 60.50284]]}, "properties": {"P": 29.86, "tau": 80.31, "tau_c": 157.45, "omega": 119.2, "M": 0.51, "D": 0.08, "R": 0.2, "sving": 0.03, "os": 0.07, "foss": 0.72, "juv": 0.0, "B": 0.78, "Q": 4.57, "w": 17.56, "h": 0.18, "S": 0.04672, "elv": "Hovdaelva", "km": 2.3}}, {"type": "Feature", "geometry": {"type": "LineString", "coordinates": [[5.54317, 60.50284], [5.54246, 60.50366]]}, "properties": {"P": 38.82, "tau": 78.79, "tau_c": 152.97, "omega": 116.54, "M": 0.52, "D": 0.16, "R": 0.2, "sving": 0.06, "os": 0.0, "foss": 1.0, "juv": 0.0, "B": 0.79, "Q": 4.77, "w": 17.71, "h": 0.18, "S": 0.0441, "elv": "Hovdaelva", "km": 2.4}}, {"type": "Feature", "geometry": {"type": "LineString", "coordinates": [[5.54246, 60.50366], [5.54153, 60.50442]]}, "properties": {"P": 41.44, "tau": 47.31, "tau_c": 111.28, "omega": 55.38, "M": 0.43, "D": 0.28, "R": 0.11, "sving": 0.45, "os": 0.0, "foss": 0.72, "juv": 0.0, "B": 0.79, "Q": 4.77, "w": 19.74, "h": 0.21, "S": 0.02334, "elv": "Hovdaelva", "km": 2.5}}, {"type": "Feature", "geometry": {"type": "LineString", "coordinates": [[5.54153, 60.50442], [5.5401, 60.50497]]}, "properties": {"P": 49.37, "tau": 40.74, "tau_c": 98.96, "omega": 44.83, "M": 0.41, "D": 0.28, "R": 0.1, "sving": 1.0, "os": 0.0, "foss": 0.51, "juv": 0.0, "B": 0.79, "Q": 4.93, "w": 19.93, "h": 0.23, "S": 0.01846, "elv": "Hovdaelva", "km": 2.6}}, {"type": "Feature", "geometry": {"type": "LineString", "coordinates": [[5.5401, 60.50497], [5.53834, 60.50494]]}, "properties": {"P": 27.71, "tau": 35.45, "tau_c": 89.18, "omega": 36.77, "M": 0.4, "D": 0.26, "R": 0.09, "sving": 0.29, "os": 0.0, "foss": 0.37, "juv": 0.0, "B": 0.79, "Q": 5.01, "w": 20.04, "h": 0.24, "S": 0.01499, "elv": "Hovdaelva", "km": 2.7}}, {"type": "Feature", "geometry": {"type": "LineString", "coordinates": [[5.53834, 60.50494], [5.53865, 60.50407]]}, "properties": {"P": 10.47, "tau": 28.25, "tau_c": 75.72, "omega": 26.55, "M": 0.37, "D": 0.2, "R": 0.07, "sving": 0.06, "os": 0.0, "foss": 0.0, "juv": 0.0, "B": 0.79, "Q": 5.04, "w": 20.11, "h": 0.27, "S": 0.01081, "elv": "Hovdaelva", "km": 2.8}}, {"type": "Feature", "geometry": {"type": "LineString", "coordinates": [[5.53865, 60.50407], [5.53777, 60.50418]]}, "properties": {"P": 8.68, "tau": 26.21, "tau_c": 71.84, "omega": 23.84, "M": 0.36, "D": 0.13, "R": 0.06, "sving": 0.08, "os": 0.0, "foss": 0.0, "juv": 0.0, "B": 0.79, "Q": 5.04, "w": 20.15, "h": 0.27, "S": 0.00973, "elv": "Hovdaelva", "km": 2.9}}, {"type": "Feature", "geometry": {"type": "LineString", "coordinates": [[5.53777, 60.50418], [5.53659, 60.5048]]}, "properties": {"P": 20.49, "tau": 23.64, "tau_c": 66.73, "omega": 20.56, "M": 0.35, "D": 0.11, "R": 0.06, "sving": 0.61, "os": 0.0, "foss": 0.0, "juv": 0.0, "B": 0.79, "Q": 5.04, "w": 20.17, "h": 0.29, "S": 0.00839, "elv": "Hovdaelva", "km": 3.0}}, {"type": "Feature", "geometry": {"type": "LineString", "coordinates": [[5.53659, 60.5048], [5.53481, 60.50495]]}, "properties": {"P": 17.53, "tau": 27.01, "tau_c": 73.43, "omega": 24.9, "M": 0.37, "D": 0.05, "R": 0.06, "sving": 0.56, "os": 0.0, "foss": 0.0, "juv": 0.0, "B": 0.79, "Q": 5.04, "w": 20.2, "h": 0.27, "S": 0.01016, "elv": "Hovdaelva", "km": 3.1}}, {"type": "Feature", "geometry": {"type": "LineString", "coordinates": [[5.53481, 60.50495], [5.53313, 60.50486]]}, "properties": {"P": 6.79, "tau": 20.0, "tau_c": 59.21, "omega": 16.17, "M": 0.34, "D": 0.06, "R": 0.05, "sving": 0.13, "os": 0.0, "foss": 0.0, "juv": 0.0, "B": 0.79, "Q": 5.05, "w": 20.23, "h": 0.31, "S": 0.00661, "elv": "Hovdaelva", "km": 3.2}}, {"type": "Feature", "geometry": {"type": "LineString", "coordinates": [[5.53313, 60.50486], [5.53266, 60.5042]]}, "properties": {"P": 14.78, "tau": 23.55, "tau_c": 66.28, "omega": 20.47, "M": 0.36, "D": 0.02, "R": 0.06, "sving": 0.2, "os": 0.0, "foss": 0.29, "juv": 0.0, "B": 0.79, "Q": 5.12, "w": 20.31, "h": 0.29, "S": 0.00828, "elv": "Hovdaelva", "km": 3.3}}, {"type": "Feature", "geometry": {"type": "LineString", "coordinates": [[5.53266, 60.5042], [5.53105, 60.5046]]}, "properties": {"P": 12.15, "tau": 24.27, "tau_c": 64.61, "omega": 21.63, "M": 0.38, "D": 0.02, "R": 0.07, "sving": 0.36, "os": 0.0, "foss": 0.0, "juv": 0.0, "B": 0.79, "Q": 5.12, "w": 18.26, "h": 0.31, "S": 0.00787, "elv": "Hovdaelva", "km": 3.4}}, {"type": "Feature", "geometry": {"type": "LineString", "coordinates": [[5.53105, 60.5046], [5.52968, 60.50518]]}, "properties": {"P": 28.25, "tau": 21.45, "tau_c": 59.12, "omega": 18.11, "M": 0.36, "D": 0.02, "R": 0.06, "sving": 0.71, "os": 0.0, "foss": 0.33, "juv": 0.0, "B": 0.79, "Q": 5.13, "w": 18.3, "h": 0.33, "S": 0.00659, "elv": "Hovdaelva", "km": 3.5}}, {"type": "Feature", "geometry": {"type": "LineString", "coordinates": [[5.52968, 60.50518], [5.52848, 60.50585]]}, "properties": {"P": 15.61, "tau": 23.22, "tau_c": 62.58, "omega": 20.29, "M": 0.37, "D": 0.02, "R": 0.07, "sving": 0.07, "os": 0.0, "foss": 0.44, "juv": 0.0, "B": 0.79, "Q": 5.13, "w": 18.31, "h": 0.32, "S": 0.00738, "elv": "Hovdaelva", "km": 3.6}}, {"type": "Feature", "geometry": {"type": "LineString", "coordinates": [[5.52848, 60.50585], [5.52704, 60.5064]]}, "properties": {"P": 17.6, "tau": 21.43, "tau_c": 59.06, "omega": 18.09, "M": 0.36, "D": 0.02, "R": 0.06, "sving": 0.03, "os": 0.0, "foss": 0.57, "juv": 0.0, "B": 0.8, "Q": 5.14, "w": 18.32, "h": 0.33, "S": 0.00657, "elv": "Hovdaelva", "km": 3.7}}, {"type": "Feature", "geometry": {"type": "LineString", "coordinates": [[5.56036, 60.52641], [5.55888, 60.52591]]}, "properties": {"P": 9.57, "tau": 67.91, "tau_c": 222.49, "omega": 80.29, "M": 0.31, "D": 0.0, "R": 0.03, "sving": 0.26, "os": 0.0, "foss": 1.0, "juv": 0.0, "B": 0.24, "Q": 0.63, "w": 7.18, "h": 0.07, "S": 0.0933, "elv": "bekk", "km": 0.0}}, {"type": "Feature", "geometry": {"type": "LineString", "coordinates": [[5.55888, 60.52591], [5.55731, 60.52551]]}, "properties": {"P": 21.32, "tau": 97.32, "tau_c": 286.61, "omega": 134.67, "M": 0.34, "D": 0.0, "R": 0.05, "sving": 0.13, "os": 0.0, "foss": 1.0, "juv": 0.0, "B": 0.58, "Q": 0.64, "w": 7.24, "h": 0.06, "S": 0.15483, "elv": "bekk", "km": 0.1}}, {"type": "Feature", "geometry": {"type": "LineString", "coordinates": [[5.55731, 60.52551], [5.55558, 60.52529]]}, "properties": {"P": 20.36, "tau": 106.8, "tau_c": 305.4, "omega": 154.02, "M": 0.35, "D": 0.0, "R": 0.05, "sving": 0.06, "os": 0.0, "foss": 1.0, "juv": 0.0, "B": 0.58, "Q": 0.65, "w": 7.31, "h": 0.06, "S": 0.17579, "elv": "bekk", "km": 0.2}}, {"type": "Feature", "geometry": {"type": "LineString", "coordinates": [[5.55558, 60.52529], [5.55448, 60.52466]]}, "properties": {"P": 20.42, "tau": 104.73, "tau_c": 298.17, "omega": 150.26, "M": 0.35, "D": 0.0, "R": 0.05, "sving": 0.06, "os": 0.0, "foss": 1.0, "juv": 0.0, "B": 0.58, "Q": 0.68, "w": 7.43, "h": 0.06, "S": 0.16756, "elv": "bekk", "km": 0.3}}, {"type": "Feature", "geometry": {"type": "LineString", "coordinates": [[5.55448, 60.52466], [5.55302, 60.52433]]}, "properties": {"P": 21.01, "tau": 110.87, "tau_c": 310.41, "omega": 163.09, "M": 0.36, "D": 0.0, "R": 0.06, "sving": 0.08, "os": 0.0, "foss": 1.0, "juv": 0.0, "B": 0.59, "Q": 0.69, "w": 7.56, "h": 0.06, "S": 0.18161, "elv": "bekk", "km": 0.4}}, {"type": "Feature", "geometry": {"type": "LineString", "coordinates": [[5.55302, 60.52433], [5.55174, 60.52387]]}, "properties": {"P": 24.66, "tau": 123.05, "tau_c": 325.86, "omega": 190.95, "M": 0.38, "D": 0.01, "R": 0.07, "sving": 0.23, "os": 0.0, "foss": 1.0, "juv": 0.0, "B": 0.59, "Q": 0.75, "w": 7.69, "h": 0.06, "S": 0.20014, "elv": "bekk", "km": 0.5}}, {"type": "Feature", "geometry": {"type": "LineString", "coordinates": [[5.55174, 60.52387], [5.5503, 60.52351]]}, "properties": {"P": 26.04, "tau": 119.29, "tau_c": 318.8, "omega": 182.64, "M": 0.37, "D": 0.05, "R": 0.07, "sving": 0.25, "os": 0.0, "foss": 1.0, "juv": 0.0, "B": 0.6, "Q": 0.76, "w": 7.82, "h": 0.06, "S": 0.19156, "elv": "bekk", "km": 0.6}}, {"type": "Feature", "geometry": {"type": "LineString", "coordinates": [[5.5503, 60.52351], [5.54857, 60.52331]]}, "properties": {"P": 33.01, "tau": 104.45, "tau_c": 289.33, "omega": 151.11, "M": 0.36, "D": 0.1, "R": 0.06, "sving": 0.58, "os": 0.0, "foss": 1.0, "juv": 0.0, "B": 0.6, "Q": 0.77, "w": 7.93, "h": 0.07, "S": 0.15778, "elv": "bekk", "km": 0.7}}, {"type": "Feature", "geometry": {"type": "LineString", "coordinates": [[5.54857, 60.52331], [5.54686, 60.52353]]}, "properties": {"P": 32.6, "tau": 92.17, "tau_c": 261.93, "omega": 126.72, "M": 0.35, "D": 0.14, "R": 0.05, "sving": 0.5, "os": 0.0, "foss": 1.0, "juv": 0.0, "B": 0.6, "Q": 0.8, "w": 8.0, "h": 0.07, "S": 0.12931, "elv": "bekk", "km": 0.8}}, {"type": "Feature", "geometry": {"type": "LineString", "coordinates": [[5.54686, 60.52353], [5.54595, 60.52411]]}, "properties": {"P": 33.19, "tau": 84.38, "tau_c": 246.64, "omega": 111.56, "M": 0.34, "D": 0.15, "R": 0.05, "sving": 0.53, "os": 0.0, "foss": 1.0, "juv": 0.0, "B": 0.6, "Q": 0.8, "w": 8.07, "h": 0.08, "S": 0.11466, "elv": "bekk", "km": 0.9}}, {"type": "Feature", "geometry": {"type": "LineString", "coordinates": [[5.54595, 60.52411], [5.54478, 60.52478]]}, "properties": {"P": 32.0, "tau": 73.81, "tau_c": 223.08, "omega": 92.24, "M": 0.33, "D": 0.15, "R": 0.04, "sving": 0.47, "os": 0.0, "foss": 1.0, "juv": 0.0, "B": 0.6, "Q": 0.82, "w": 8.17, "h": 0.08, "S": 0.0938, "elv": "bekk", "km": 1.0}}, {"type": "Feature", "geometry": {"type": "LineString", "coordinates": [[5.54478, 60.52478], [5.54407, 60.52559]]}, "properties": {"P": 23.11, "tau": 64.06, "tau_c": 201.83, "omega": 75.26, "M": 0.32, "D": 0.14, "R": 0.04, "sving": 0.0, "os": 0.0, "foss": 1.0, "juv": 0.0, "B": 0.6, "Q": 0.83, "w": 8.26, "h": 0.09, "S": 0.07678, "elv": "bekk", "km": 1.1}}, {"type": "Feature", "geometry": {"type": "LineString", "coordinates": [[5.54407, 60.52559], [5.54397, 60.52638]]}, "properties": {"P": 23.34, "tau": 62.26, "tau_c": 193.39, "omega": 72.74, "M": 0.32, "D": 0.14, "R": 0.04, "sving": 0.01, "os": 0.0, "foss": 1.0, "juv": 0.0, "B": 0.61, "Q": 0.88, "w": 8.35, "h": 0.09, "S": 0.07049, "elv": "bekk", "km": 1.2}}, {"type": "Feature", "geometry": {"type": "LineString", "coordinates": [[5.54397, 60.52638], [5.54286, 60.52708]]}, "properties": {"P": 24.89, "tau": 53.58, "tau_c": 173.38, "omega": 58.69, "M": 0.31, "D": 0.15, "R": 0.03, "sving": 0.03, "os": 0.05, "foss": 1.0, "juv": 0.0, "B": 0.61, "Q": 0.89, "w": 8.43, "h": 0.1, "S": 0.05666, "elv": "bekk", "km": 1.3}}, {"type": "Feature", "geometry": {"type": "LineString", "coordinates": [[5.53482, 60.5587], [5.53559, 60.55789]]}, "properties": {"P": 26.83, "tau": 87.79, "tau_c": 287.86, "omega": 113.17, "M": 0.3, "D": 0.01, "R": 0.03, "sving": 0.1, "os": 1.0, "foss": 1.0, "juv": 0.0, "B": 0.41, "Q": 0.45, "w": 6.11, "h": 0.06, "S": 0.15619, "elv": "bekk", "km": 0.0}}, {"type": "Feature", "geometry": {"type": "LineString", "coordinates": [[5.53559, 60.55789], [5.53628, 60.55707]]}, "properties": {"P": 26.81, "tau": 82.39, "tau_c": 272.04, "omega": 103.7, "M": 0.3, "D": 0.02, "R": 0.03, "sving": 0.43, "os": 0.61, "foss": 1.0, "juv": 0.0, "B": 0.42, "Q": 0.47, "w": 6.18, "h": 0.06, "S": 0.13949, "elv": "bekk", "km": 0.1}}, {"type": "Feature", "geometry": {"type": "LineString", "coordinates": [[5.53628, 60.55707], [5.53725, 60.55632]]}, "properties": {"P": 27.53, "tau": 82.61, "tau_c": 270.1, "omega": 104.4, "M": 0.31, "D": 0.05, "R": 0.03, "sving": 0.65, "os": 0.37, "foss": 1.0, "juv": 0.0, "B": 0.42, "Q": 0.48, "w": 6.27, "h": 0.06, "S": 0.1375, "elv": "bekk", "km": 0.2}}, {"type": "Feature", "geometry": {"type": "LineString", "coordinates": [[5.53725, 60.55632], [5.53861, 60.55613]]}, "properties": {"P": 29.32, "tau": 78.97, "tau_c": 259.65, "omega": 98.12, "M": 0.3, "D": 0.08, "R": 0.03, "sving": 0.86, "os": 0.23, "foss": 1.0, "juv": 0.0, "B": 0.43, "Q": 0.5, "w": 6.37, "h": 0.06, "S": 0.12707, "elv": "bekk", "km": 0.3}}, {"type": "Feature", "geometry": {"type": "LineString", "coordinates": [[5.65388, 60.49952], [5.65489, 60.50011]]}, "properties": {"P": 18.27, "tau": 93.28, "tau_c": 293.59, "omega": 124.41, "M": 0.32, "D": 0.05, "R": 0.04, "sving": 0.47, "os": 0.08, "foss": 1.0, "juv": 0.0, "B": 0.36, "Q": 0.49, "w": 6.33, "h": 0.06, "S": 0.16247, "elv": "Kupelva", "km": 0.0}}, {"type": "Feature", "geometry": {"type": "LineString", "coordinates": [[5.65591, 60.50261], [5.6553, 60.50343]]}, "properties": {"P": 9.01, "tau": 73.26, "tau_c": 237.55, "omega": 89.14, "M": 0.31, "D": 0.01, "R": 0.03, "sving": 0.01, "os": 0.0, "foss": 0.51, "juv": 0.0, "B": 0.51, "Q": 0.58, "w": 6.75, "h": 0.07, "S": 0.10636, "elv": "Kupelva", "km": 0.4}}, {"type": "Feature", "geometry": {"type": "LineString", "coordinates": [[5.65563, 60.50681], [5.65654, 60.50725]]}, "properties": {"P": 17.67, "tau": 78.34, "tau_c": 222.91, "omega": 101.75, "M": 0.35, "D": 0.03, "R": 0.05, "sving": 0.01, "os": 0.15, "foss": 0.72, "juv": 0.0, "B": 0.58, "Q": 0.87, "w": 7.84, "h": 0.09, "S": 0.09365, "elv": "Kupelva", "km": 0.9}}, {"type": "Feature", "geometry": {"type": "LineString", "coordinates": [[5.65654, 60.50725], [5.6579, 60.50719]]}, "properties": {"P": 20.87, "tau": 65.43, "tau_c": 199.5, "omega": 78.2, "M": 0.33, "D": 0.11, "R": 0.04, "sving": 0.27, "os": 0.19, "foss": 0.51, "juv": 0.0, "B": 0.58, "Q": 0.87, "w": 8.21, "h": 0.09, "S": 0.07501, "elv": "Kupelva", "km": 1.0}}, {"type": "Feature", "geometry": {"type": "LineString", "coordinates": [[5.65778, 60.50806], [5.65711, 60.50887]]}, "properties": {"P": 43.04, "tau": 45.98, "tau_c": 152.52, "omega": 47.41, "M": 0.3, "D": 0.13, "R": 0.03, "sving": 0.89, "os": 0.27, "foss": 1.0, "juv": 0.0, "B": 0.59, "Q": 0.96, "w": 8.7, "h": 0.11, "S": 0.04385, "elv": "Kupelva", "km": 1.2}}, {"type": "Feature", "geometry": {"type": "LineString", "coordinates": [[5.65711, 60.50887], [5.65643, 60.50967]]}, "properties": {"P": 31.95, "tau": 48.38, "tau_c": 160.56, "omega": 50.82, "M": 0.3, "D": 0.05, "R": 0.03, "sving": 0.21, "os": 0.43, "foss": 1.0, "juv": 0.0, "B": 0.6, "Q": 0.98, "w": 9.19, "h": 0.1, "S": 0.04859, "elv": "Kupelva", "km": 1.3}}, {"type": "Feature", "geometry": {"type": "LineString", "coordinates": [[5.65643, 60.50967], [5.65533, 60.51028]]}, "properties": {"P": 33.65, "tau": 52.45, "tau_c": 173.53, "omega": 56.75, "M": 0.3, "D": -0.0, "R": 0.03, "sving": 0.1, "os": 0.69, "foss": 1.0, "juv": 0.0, "B": 0.6, "Q": 0.99, "w": 9.7, "h": 0.09, "S": 0.05676, "elv": "Kupelva", "km": 1.4}}, {"type": "Feature", "geometry": {"type": "LineString", "coordinates": [[5.65533, 60.51028], [5.65427, 60.51101]]}, "properties": {"P": 40.19, "tau": 64.52, "tau_c": 171.66, "omega": 80.2, "M": 0.38, "D": -0.0, "R": 0.07, "sving": 0.03, "os": 0.92, "foss": 1.0, "juv": 0.0, "B": 0.64, "Q": 1.46, "w": 9.94, "h": 0.12, "S": 0.05554, "elv": "Kupelva", "km": 1.5}}, {"type": "Feature", "geometry": {"type": "LineString", "coordinates": [[5.65427, 60.51101], [5.65315, 60.51171]]}, "properties": {"P": 35.48, "tau": 60.62, "tau_c": 164.77, "omega": 73.29, "M": 0.37, "D": 0.01, "R": 0.06, "sving": 0.14, "os": 0.56, "foss": 1.0, "juv": 0.0, "B": 0.64, "Q": 1.48, "w": 10.16, "h": 0.12, "S": 0.05117, "elv": "Kupelva", "km": 1.6}}, {"type": "Feature", "geometry": {"type": "LineString", "coordinates": [[5.65315, 60.51171], [5.65234, 60.5125]]}, "properties": {"P": 29.07, "tau": 64.66, "tau_c": 175.4, "omega": 80.04, "M": 0.37, "D": 0.01, "R": 0.06, "sving": 0.03, "os": 0.34, "foss": 1.0, "juv": 0.0, "B": 0.64, "Q": 1.49, "w": 10.58, "h": 0.11, "S": 0.05798, "elv": "Kupelva", "km": 1.7}}, {"type": "Feature", "geometry": {"type": "LineString", "coordinates": [[5.65234, 60.5125], [5.65172, 60.51332]]}, "properties": {"P": 26.68, "tau": 62.16, "tau_c": 170.51, "omega": 75.66, "M": 0.36, "D": 0.02, "R": 0.06, "sving": 0.02, "os": 0.21, "foss": 1.0, "juv": 0.0, "B": 0.65, "Q": 1.5, "w": 10.65, "h": 0.12, "S": 0.0548, "elv": "Kupelva", "km": 1.8}}, {"type": "Feature", "geometry": {"type": "LineString", "coordinates": [[5.65172, 60.51332], [5.65076, 60.51408]]}, "properties": {"P": 28.45, "tau": 64.82, "tau_c": 175.89, "omega": 80.33, "M": 0.37, "D": 0.03, "R": 0.06, "sving": 0.17, "os": 0.13, "foss": 1.0, "juv": 0.0, "B": 0.65, "Q": 1.51, "w": 10.73, "h": 0.11, "S": 0.05831, "elv": "Kupelva", "km": 1.9}}, {"type": "Feature", "geometry": {"type": "LineString", "coordinates": [[5.65076, 60.51408], [5.64973, 60.51481]]}, "properties": {"P": 26.81, "tau": 60.29, "tau_c": 167.28, "omega": 72.4, "M": 0.36, "D": 0.06, "R": 0.06, "sving": 0.09, "os": 0.08, "foss": 1.0, "juv": 0.0, "B": 0.65, "Q": 1.56, "w": 11.18, "h": 0.12, "S": 0.05274, "elv": "Kupelva", "km": 2.0}}, {"type": "Feature", "geometry": {"type": "LineString", "coordinates": [[5.64973, 60.51481], [5.6483, 60.51536]]}, "properties": {"P": 33.12, "tau": 54.83, "tau_c": 158.0, "omega": 63.01, "M": 0.35, "D": 0.1, "R": 0.05, "sving": 0.35, "os": 0.09, "foss": 1.0, "juv": 0.0, "B": 0.65, "Q": 1.59, "w": 11.63, "h": 0.12, "S": 0.04705, "elv": "Kupelva", "km": 2.1}}, {"type": "Feature", "geometry": {"type": "LineString", "coordinates": [[5.6483, 60.51536], [5.64726, 60.51608]]}, "properties": {"P": 31.84, "tau": 53.79, "tau_c": 147.11, "omega": 62.4, "M": 0.37, "D": 0.15, "R": 0.06, "sving": 0.38, "os": 0.14, "foss": 0.72, "juv": 0.0, "B": 0.67, "Q": 1.85, "w": 11.87, "h": 0.13, "S": 0.04079, "elv": "Kupelva", "km": 2.2}}, {"type": "Feature", "geometry": {"type": "LineString", "coordinates": [[5.64726, 60.51608], [5.64549, 60.51615]]}, "properties": {"P": 25.7, "tau": 39.97, "tau_c": 119.68, "omega": 40.69, "M": 0.33, "D": 0.26, "R": 0.04, "sving": 0.09, "os": 0.23, "foss": 0.51, "juv": 0.0, "B": 0.67, "Q": 1.85, "w": 12.07, "h": 0.15, "S": 0.027, "elv": "Kupelva", "km": 2.3}}, {"type": "Feature", "geometry": {"type": "LineString", "coordinates": [[5.64549, 60.51615], [5.64374, 60.51609]]}, "properties": {"P": 25.58, "tau": 29.49, "tau_c": 96.87, "omega": 26.26, "M": 0.3, "D": 0.34, "R": 0.03, "sving": 0.04, "os": 0.34, "foss": 0.37, "juv": 0.0, "B": 0.67, "Q": 1.85, "w": 12.26, "h": 0.17, "S": 0.01769, "elv": "Kupelva", "km": 2.4}}, {"type": "Feature", "geometry": {"type": "LineString", "coordinates": [[5.54178, 60.53593], [5.54197, 60.53508]]}, "properties": {"P": 23.13, "tau": 53.26, "tau_c": 174.9, "omega": 57.96, "M": 0.3, "D": 0.03, "R": 0.03, "sving": 0.62, "os": 0.2, "foss": 1.0, "juv": 0.0, "B": 0.4, "Q": 0.87, "w": 8.45, "h": 0.09, "S": 0.05766, "elv": "bekk", "km": 0.9}}, {"type": "Feature", "geometry": {"type": "LineString", "coordinates": [[5.53959, 60.53382], [5.53958, 60.53312]]}, "properties": {"P": 25.01, "tau": 41.26, "tau_c": 125.61, "omega": 42.14, "M": 0.33, "D": 0.1, "R": 0.04, "sving": 0.23, "os": 0.75, "foss": 0.72, "juv": 0.0, "B": 0.43, "Q": 1.45, "w": 10.02, "h": 0.14, "S": 0.02974, "elv": "bekk", "km": 1.2}}, {"type": "Feature", "geometry": {"type": "LineString", "coordinates": [[5.53958, 60.53312], [5.53932, 60.53224]]}, "properties": {"P": 26.4, "tau": 35.62, "tau_c": 118.05, "omega": 33.73, "M": 0.3, "D": 0.15, "R": 0.03, "sving": 0.41, "os": 0.83, "foss": 0.51, "juv": 0.0, "B": 0.43, "Q": 1.46, "w": 11.12, "h": 0.14, "S": 0.02627, "elv": "bekk", "km": 1.3}}, {"type": "Feature", "geometry": {"type": "LineString", "coordinates": [[5.52223, 60.50928], [5.52092, 60.50988]]}, "properties": {"P": 11.9, "tau": 7.07, "tau_c": 23.48, "omega": 3.83, "M": 0.3, "D": 0.11, "R": 0.03, "sving": 0.08, "os": 0.18, "foss": 0.0, "juv": 0.0, "B": 0.86, "Q": 9.19, "w": 24.46, "h": 0.69, "S": 0.00104, "elv": "Lonelva", "km": 0.3}}, {"type": "Feature", "geometry": {"type": "LineString", "coordinates": [[5.51054, 60.51519], [5.50907, 60.51571]]}, "properties": {"P": 4.24, "tau": 11.97, "tau_c": 36.98, "omega": 8.03, "M": 0.32, "D": -0.0, "R": 0.04, "sving": 0.1, "os": 0.0, "foss": 0.0, "juv": 0.0, "B": 0.86, "Q": 9.31, "w": 29.33, "h": 0.47, "S": 0.00258, "elv": "Lonelva", "km": 1.3}}, {"type": "Feature", "geometry": {"type": "LineString", "coordinates": [[5.50907, 60.51571], [5.50788, 60.51638]]}, "properties": {"P": 9.33, "tau": 22.94, "tau_c": 47.45, "omega": 21.75, "M": 0.48, "D": -0.0, "R": 0.17, "sving": 0.06, "os": 0.0, "foss": 0.0, "juv": 0.0, "B": 0.9, "Q": 14.55, "w": 27.85, "h": 0.55, "S": 0.00424, "elv": "Lonelva", "km": 1.4}}, {"type": "Feature", "geometry": {"type": "LineString", "coordinates": [[5.50788, 60.51638], [5.50671, 60.51706]]}, "properties": {"P": 22.48, "tau": 31.59, "tau_c": 60.18, "omega": 34.4, "M": 0.52, "D": -0.0, "R": 0.22, "sving": 0.14, "os": 0.0, "foss": 0.32, "juv": 0.0, "B": 0.9, "Q": 14.57, "w": 28.36, "h": 0.47, "S": 0.00683, "elv": "Lonelva", "km": 1.5}}, {"type": "Feature", "geometry": {"type": "LineString", "coordinates": [[5.50671, 60.51706], [5.50557, 60.51775]]}, "properties": {"P": 28.74, "tau": 51.71, "tau_c": 83.68, "omega": 70.22, "M": 0.62, "D": -0.0, "R": 0.34, "sving": 0.04, "os": 0.0, "foss": 0.44, "juv": 0.0, "B": 0.9, "Q": 14.57, "w": 26.87, "h": 0.4, "S": 0.0132, "elv": "Lonelva", "km": 1.6}}, {"type": "Feature", "geometry": {"type": "LineString", "coordinates": [[5.50557, 60.51775], [5.5046, 60.51849]]}, "properties": {"P": 38.15, "tau": 69.79, "tau_c": 98.64, "omega": 109.36, "M": 0.71, "D": -0.0, "R": 0.46, "sving": 0.01, "os": 0.0, "foss": 0.61, "juv": 0.0, "B": 0.9, "Q": 14.59, "w": 24.0, "h": 0.39, "S": 0.01834, "elv": "Lonelva", "km": 1.7}}, {"type": "Feature", "geometry": {"type": "LineString", "coordinates": [[5.5046, 60.51849], [5.50327, 60.51908]]}, "properties": {"P": 49.36, "tau": 75.52, "tau_c": 106.07, "omega": 122.01, "M": 0.71, "D": -0.0, "R": 0.46, "sving": 0.02, "os": 0.0, "foss": 1.0, "juv": 0.0, "B": 0.9, "Q": 14.6, "w": 24.88, "h": 0.36, "S": 0.02121, "elv": "Lonelva", "km": 1.8}}, {"type": "Feature", "geometry": {"type": "LineString", "coordinates": [[5.50327, 60.51908], [5.50205, 60.51974]]}, "properties": {"P": 49.29, "tau": 77.58, "tau_c": 113.49, "omega": 125.23, "M": 0.68, "D": -0.0, "R": 0.42, "sving": 0.08, "os": 0.0, "foss": 1.0, "juv": 0.0, "B": 0.9, "Q": 14.6, "w": 27.77, "h": 0.33, "S": 0.02428, "elv": "Lonelva", "km": 1.9}}, {"type": "Feature", "geometry": {"type": "LineString", "coordinates": [[5.51103, 60.59062], [5.51202, 60.59117]]}, "properties": {"P": 20.5, "tau": 116.45, "tau_c": 364.2, "omega": 162.73, "M": 0.32, "D": 0.0, "R": 0.04, "sving": 0.47, "os": 0.26, "foss": 1.0, "juv": 0.0, "B": 0.38, "Q": 0.33, "w": 6.0, "h": 0.04, "S": 0.30491, "elv": "bekk", "km": 0.5}}, {"type": "Feature", "geometry": {"type": "LineString", "coordinates": [[5.51202, 60.59117], [5.51297, 60.59185]]}, "properties": {"P": 18.83, "tau": 133.78, "tau_c": 364.2, "omega": 199.85, "M": 0.37, "D": 0.0, "R": 0.06, "sving": 0.1, "os": 0.4, "foss": 1.0, "juv": 0.0, "B": 0.39, "Q": 0.34, "w": 6.0, "h": 0.04, "S": 0.35627, "elv": "bekk", "km": 0.6}}, {"type": "Feature", "geometry": {"type": "LineString", "coordinates": [[5.51297, 60.59185], [5.51388, 60.59243]]}, "properties": {"P": 21.89, "tau": 148.39, "tau_c": 364.2, "omega": 233.32, "M": 0.41, "D": 0.0, "R": 0.09, "sving": 0.03, "os": 0.63, "foss": 1.0, "juv": 0.0, "B": 0.4, "Q": 0.36, "w": 6.0, "h": 0.04, "S": 0.39667, "elv": "bekk", "km": 0.7}}, {"type": "Feature", "geometry": {"type": "LineString", "coordinates": [[5.63573, 60.51321], [5.63694, 60.51354]]}, "properties": {"P": 21.53, "tau": 69.56, "tau_c": 207.99, "omega": 85.26, "M": 0.33, "D": 0.0, "R": 0.04, "sving": 0.27, "os": 0.18, "foss": 1.0, "juv": 0.0, "B": 0.46, "Q": 0.76, "w": 7.13, "h": 0.09, "S": 0.08154, "elv": "bekk", "km": 0.5}}, {"type": "Feature", "geometry": {"type": "LineString", "coordinates": [[5.63694, 60.51354], [5.63823, 60.51407]]}, "properties": {"P": 14.53, "tau": 62.87, "tau_c": 196.85, "omega": 73.41, "M": 0.32, "D": 0.0, "R": 0.04, "sving": 0.1, "os": 0.13, "foss": 0.72, "juv": 0.0, "B": 0.47, "Q": 0.77, "w": 7.51, "h": 0.09, "S": 0.07304, "elv": "bekk", "km": 0.6}}, {"type": "Feature", "geometry": {"type": "LineString", "coordinates": [[5.63823, 60.51407], [5.63918, 60.5147]]}, "properties": {"P": 22.25, "tau": 86.0, "tau_c": 251.89, "omega": 114.36, "M": 0.34, "D": 0.0, "R": 0.05, "sving": 0.33, "os": 0.11, "foss": 1.0, "juv": 0.0, "B": 0.48, "Q": 0.77, "w": 7.89, "h": 0.07, "S": 0.11959, "elv": "bekk", "km": 0.7}}, {"type": "Feature", "geometry": {"type": "LineString", "coordinates": [[5.63918, 60.5147], [5.63925, 60.5156]]}, "properties": {"P": 22.01, "tau": 87.45, "tau_c": 254.5, "omega": 117.19, "M": 0.34, "D": 0.01, "R": 0.05, "sving": 0.51, "os": 0.16, "foss": 0.72, "juv": 0.0, "B": 0.49, "Q": 0.77, "w": 7.91, "h": 0.07, "S": 0.12208, "elv": "bekk", "km": 0.8}}, {"type": "Feature", "geometry": {"type": "LineString", "coordinates": [[5.63925, 60.5156], [5.63957, 60.51648]]}, "properties": {"P": 26.36, "tau": 79.58, "tau_c": 237.93, "omega": 102.36, "M": 0.33, "D": 0.03, "R": 0.04, "sving": 0.39, "os": 0.25, "foss": 1.0, "juv": 0.0, "B": 0.49, "Q": 0.77, "w": 7.92, "h": 0.08, "S": 0.1067, "elv": "bekk", "km": 0.9}}, {"type": "Feature", "geometry": {"type": "LineString", "coordinates": [[5.63957, 60.51648], [5.6388, 60.51722]]}, "properties": {"P": 25.71, "tau": 81.03, "tau_c": 240.99, "omega": 105.06, "M": 0.34, "D": 0.03, "R": 0.04, "sving": 0.18, "os": 0.39, "foss": 1.0, "juv": 0.0, "B": 0.5, "Q": 0.77, "w": 7.92, "h": 0.08, "S": 0.10947, "elv": "bekk", "km": 1.0}}, {"type": "Feature", "geometry": {"type": "LineString", "coordinates": [[5.6388, 60.51722], [5.63812, 60.51803]]}, "properties": {"P": 25.62, "tau": 78.43, "tau_c": 235.44, "omega": 100.26, "M": 0.33, "D": 0.09, "R": 0.04, "sving": 0.08, "os": 0.4, "foss": 1.0, "juv": 0.0, "B": 0.5, "Q": 0.77, "w": 7.92, "h": 0.08, "S": 0.10448, "elv": "bekk", "km": 1.1}}, {"type": "Feature", "geometry": {"type": "LineString", "coordinates": [[5.63812, 60.51803], [5.63736, 60.5188]]}, "properties": {"P": 22.41, "tau": 79.99, "tau_c": 257.91, "omega": 100.87, "M": 0.31, "D": 0.14, "R": 0.03, "sving": 0.17, "os": 0.33, "foss": 0.72, "juv": 0.0, "B": 0.51, "Q": 0.77, "w": 9.45, "h": 0.07, "S": 0.12537, "elv": "bekk", "km": 1.2}}, {"type": "Feature", "geometry": {"type": "LineString", "coordinates": [[5.50204, 60.57663], [5.502, 60.57578]]}, "properties": {"P": 24.61, "tau": 119.07, "tau_c": 364.2, "omega": 171.71, "M": 0.33, "D": -0.0, "R": 0.04, "sving": 0.3, "os": 0.17, "foss": 1.0, "juv": 0.0, "B": 0.52, "Q": 0.38, "w": 6.0, "h": 0.04, "S": 0.27397, "elv": "bekk", "km": 2.3}}, {"type": "Feature", "geometry": {"type": "LineString", "coordinates": [[5.65719, 60.52393], [5.65553, 60.52364]]}, "properties": {"P": 9.68, "tau": 115.27, "tau_c": 364.2, "omega": 151.44, "M": 0.32, "D": -0.0, "R": 0.03, "sving": 0.01, "os": 0.0, "foss": 1.0, "juv": 0.0, "B": 0.3, "Q": 0.22, "w": 6.0, "h": 0.03, "S": 0.4306, "elv": "bekk", "km": 0.9}}, {"type": "Feature", "geometry": {"type": "LineString", "coordinates": [[5.65553, 60.52364], [5.65371, 60.52361]]}, "properties": {"P": 11.53, "tau": 125.33, "tau_c": 364.2, "omega": 170.69, "M": 0.34, "D": -0.0, "R": 0.05, "sving": 0.19, "os": 0.0, "foss": 1.0, "juv": 0.0, "B": 0.3, "Q": 0.22, "w": 6.0, "h": 0.03, "S": 0.48535, "elv": "bekk", "km": 1.0}}, {"type": "Feature", "geometry": {"type": "LineString", "coordinates": [[5.65371, 60.52361], [5.6519, 60.52355]]}, "properties": {"P": 11.52, "tau": 133.25, "tau_c": 364.2, "omega": 186.35, "M": 0.37, "D": 0.0, "R": 0.06, "sving": 0.16, "os": 0.0, "foss": 1.0, "juv": 0.0, "B": 0.3, "Q": 0.22, "w": 6.0, "h": 0.03, "S": 0.52986, "elv": "bekk", "km": 1.1}}, {"type": "Feature", "geometry": {"type": "LineString", "coordinates": [[5.6519, 60.52355], [5.65011, 60.52345]]}, "properties": {"P": 11.65, "tau": 134.12, "tau_c": 364.2, "omega": 188.08, "M": 0.37, "D": 0.03, "R": 0.06, "sving": 0.06, "os": 0.08, "foss": 1.0, "juv": 0.0, "B": 0.3, "Q": 0.22, "w": 6.0, "h": 0.03, "S": 0.53479, "elv": "bekk", "km": 1.2}}, {"type": "Feature", "geometry": {"type": "LineString", "coordinates": [[5.65011, 60.52345], [5.64832, 60.52353]]}, "properties": {"P": 12.13, "tau": 124.85, "tau_c": 364.2, "omega": 169.93, "M": 0.34, "D": 0.07, "R": 0.05, "sving": 0.04, "os": 0.13, "foss": 1.0, "juv": 0.0, "B": 0.3, "Q": 0.22, "w": 6.0, "h": 0.03, "S": 0.47969, "elv": "bekk", "km": 1.3}}, {"type": "Feature", "geometry": {"type": "LineString", "coordinates": [[5.64832, 60.52353], [5.6466, 60.52364]]}, "properties": {"P": 15.44, "tau": 110.77, "tau_c": 364.2, "omega": 144.67, "M": 0.3, "D": 0.12, "R": 0.03, "sving": 0.29, "os": 0.21, "foss": 1.0, "juv": 0.0, "B": 0.3, "Q": 0.23, "w": 6.0, "h": 0.03, "S": 0.37922, "elv": "bekk", "km": 1.4}}, {"type": "Feature", "geometry": {"type": "LineString", "coordinates": [[5.6021, 60.52878], [5.60348, 60.52842]]}, "properties": {"P": 17.81, "tau": 116.29, "tau_c": 364.2, "omega": 159.38, "M": 0.32, "D": 0.0, "R": 0.04, "sving": 0.12, "os": 0.0, "foss": 1.0, "juv": 0.0, "B": 0.49, "Q": 0.28, "w": 6.0, "h": 0.03, "S": 0.34276, "elv": "bekk", "km": 1.6}}, {"type": "Feature", "geometry": {"type": "LineString", "coordinates": [[5.60348, 60.52842], [5.60468, 60.52853]]}, "properties": {"P": 17.65, "tau": 115.44, "tau_c": 364.2, "omega": 157.71, "M": 0.32, "D": 0.03, "R": 0.03, "sving": 0.08, "os": 0.0, "foss": 1.0, "juv": 0.0, "B": 0.49, "Q": 0.28, "w": 6.0, "h": 0.03, "S": 0.33916, "elv": "bekk", "km": 1.7}}, {"type": "Feature", "geometry": {"type": "LineString", "coordinates": [[5.60468, 60.52853], [5.60621, 60.52901]]}, "properties": {"P": 25.52, "tau": 119.03, "tau_c": 364.2, "omega": 166.0, "M": 0.33, "D": 0.06, "R": 0.04, "sving": 0.53, "os": 0.0, "foss": 1.0, "juv": 0.0, "B": 0.5, "Q": 0.3, "w": 6.0, "h": 0.04, "S": 0.33843, "elv": "bekk", "km": 1.8}}, {"type": "Feature", "geometry": {"type": "LineString", "coordinates": [[5.66068, 60.51858], [5.65916, 60.51809]]}, "properties": {"P": 11.66, "tau": 113.01, "tau_c": 364.2, "omega": 143.98, "M": 0.31, "D": 0.01, "R": 0.03, "sving": 0.21, "os": 0.0, "foss": 1.0, "juv": 0.0, "B": 0.3, "Q": 0.18, "w": 6.0, "h": 0.02, "S": 0.48035, "elv": "bekk", "km": 1.1}}, {"type": "Feature", "geometry": {"type": "LineString", "coordinates": [[5.65916, 60.51809], [5.65771, 60.5177]]}, "properties": {"P": 10.62, "tau": 110.2, "tau_c": 364.2, "omega": 140.57, "M": 0.3, "D": 0.06, "R": 0.03, "sving": 0.04, "os": 0.0, "foss": 1.0, "juv": 0.0, "B": 0.3, "Q": 0.2, "w": 6.0, "h": 0.03, "S": 0.42989, "elv": "bekk", "km": 1.2}}, {"type": "Feature", "geometry": {"type": "LineString", "coordinates": [[5.64679, 60.51786], [5.64519, 60.51757]]}, "properties": {"P": 17.5, "tau": 50.15, "tau_c": 128.14, "omega": 57.73, "M": 0.39, "D": -0.0, "R": 0.08, "sving": 0.22, "os": 0.27, "foss": 0.72, "juv": 0.0, "B": 0.43, "Q": 1.86, "w": 9.76, "h": 0.17, "S": 0.03095, "elv": "bekk", "km": 2.1}}, {"type": "Feature", "geometry": {"type": "LineString", "coordinates": [[5.64519, 60.51757], [5.64348, 60.51775]]}, "properties": {"P": 15.33, "tau": 51.19, "tau_c": 137.15, "omega": 58.66, "M": 0.37, "D": 0.06, "R": 0.07, "sving": 0.05, "os": 0.42, "foss": 0.51, "juv": 0.0, "B": 0.43, "Q": 1.86, "w": 11.01, "h": 0.15, "S": 0.03545, "elv": "bekk", "km": 2.2}}, {"type": "Feature", "geometry": {"type": "LineString", "coordinates": [[5.60685, 60.49393], [5.60747, 60.49312]]}, "properties": {"P": 22.93, "tau": 75.17, "tau_c": 221.86, "omega": 95.01, "M": 0.34, "D": 0.0, "R": 0.05, "sving": 0.13, "os": 0.07, "foss": 1.0, "juv": 0.0, "B": 0.59, "Q": 0.74, "w": 7.07, "h": 0.08, "S": 0.09277, "elv": "bekk", "km": 1.9}}, {"type": "Feature", "geometry": {"type": "LineString", "coordinates": [[5.63256, 60.65806], [5.63137, 60.6574]]}, "properties": {"P": 16.2, "tau": 58.56, "tau_c": 185.99, "omega": 66.49, "M": 0.31, "D": 0.0, "R": 0.03, "sving": 0.1, "os": 0.0, "foss": 0.72, "juv": 0.0, "B": 0.61, "Q": 0.84, "w": 8.06, "h": 0.09, "S": 0.0652, "elv": "bekk", "km": 1.7}}, {"type": "Feature", "geometry": {"type": "LineString", "coordinates": [[5.51143, 60.66498], [5.51124, 60.66416]]}, "properties": {"P": 19.63, "tau": 115.97, "tau_c": 364.2, "omega": 162.92, "M": 0.32, "D": 0.0, "R": 0.04, "sving": 0.87, "os": 0.0, "foss": 1.0, "juv": 0.0, "B": 0.33, "Q": 0.34, "w": 6.0, "h": 0.04, "S": 0.28983, "elv": "bekk", "km": 0.1}}, {"type": "Feature", "geometry": {"type": "LineString", "coordinates": [[5.51124, 60.66416], [5.51127, 60.6633]]}, "properties": {"P": 17.8, "tau": 110.9, "tau_c": 364.2, "omega": 153.15, "M": 0.3, "D": 0.02, "R": 0.03, "sving": 0.67, "os": 0.0, "foss": 1.0, "juv": 0.0, "B": 0.33, "Q": 0.35, "w": 6.0, "h": 0.04, "S": 0.26823, "elv": "bekk", "km": 0.2}}, {"type": "Feature", "geometry": {"type": "LineString", "coordinates": [[5.51358, 60.66192], [5.51389, 60.6611]]}, "properties": {"P": 17.11, "tau": 112.06, "tau_c": 344.09, "omega": 160.38, "M": 0.33, "D": 0.0, "R": 0.04, "sving": 0.53, "os": 0.0, "foss": 1.0, "juv": 0.0, "B": 0.35, "Q": 0.44, "w": 6.07, "h": 0.05, "S": 0.22316, "elv": "bekk", "km": 0.5}}, {"type": "Feature", "geometry": {"type": "LineString", "coordinates": [[5.51389, 60.6611], [5.51321, 60.66029]]}, "properties": {"P": 16.75, "tau": 104.88, "tau_c": 322.67, "omega": 146.65, "M": 0.33, "D": 0.03, "R": 0.04, "sving": 0.44, "os": 0.0, "foss": 1.0, "juv": 0.0, "B": 0.35, "Q": 0.47, "w": 6.12, "h": 0.05, "S": 0.19625, "elv": "bekk", "km": 0.6}}, {"type": "Feature", "geometry": {"type": "LineString", "coordinates": [[5.51321, 60.66029], [5.51198, 60.65963]]}, "properties": {"P": 16.32, "tau": 97.88, "tau_c": 309.55, "omega": 132.55, "M": 0.32, "D": 0.03, "R": 0.03, "sving": 0.41, "os": 0.0, "foss": 1.0, "juv": 0.0, "B": 0.36, "Q": 0.47, "w": 6.34, "h": 0.06, "S": 0.1806, "elv": "bekk", "km": 0.7}}, {"type": "Feature", "geometry": {"type": "LineString", "coordinates": [[5.51198, 60.65963], [5.51116, 60.65884]]}, "properties": {"P": 15.27, "tau": 94.61, "tau_c": 304.36, "omega": 126.01, "M": 0.31, "D": 0.03, "R": 0.03, "sving": 0.32, "os": 0.0, "foss": 1.0, "juv": 0.0, "B": 0.36, "Q": 0.48, "w": 6.57, "h": 0.06, "S": 0.1746, "elv": "bekk", "km": 0.8}}, {"type": "Feature", "geometry": {"type": "LineString", "coordinates": [[5.51116, 60.65884], [5.5098, 60.65832]]}, "properties": {"P": 15.31, "tau": 123.91, "tau_c": 335.92, "omega": 191.07, "M": 0.37, "D": -0.0, "R": 0.07, "sving": 0.24, "os": 0.0, "foss": 1.0, "juv": 0.0, "B": 0.37, "Q": 0.62, "w": 6.79, "h": 0.06, "S": 0.21269, "elv": "bekk", "km": 0.9}}, {"type": "Feature", "geometry": {"type": "LineString", "coordinates": [[5.5098, 60.65832], [5.50808, 60.65802]]}, "properties": {"P": 16.39, "tau": 144.93, "tau_c": 364.2, "omega": 238.65, "M": 0.4, "D": -0.0, "R": 0.09, "sving": 0.29, "os": 0.0, "foss": 1.0, "juv": 0.0, "B": 0.37, "Q": 0.63, "w": 7.01, "h": 0.05, "S": 0.27048, "elv": "bekk", "km": 1.0}}, {"type": "Feature", "geometry": {"type": "LineString", "coordinates": [[5.50808, 60.65802], [5.5063, 60.65785]]}, "properties": {"P": 15.79, "tau": 172.96, "tau_c": 364.2, "omega": 307.34, "M": 0.47, "D": -0.0, "R": 0.16, "sving": 0.11, "os": 0.0, "foss": 1.0, "juv": 0.0, "B": 0.38, "Q": 0.65, "w": 7.25, "h": 0.05, "S": 0.34969, "elv": "bekk", "km": 1.1}}, {"type": "Feature", "geometry": {"type": "LineString", "coordinates": [[5.5063, 60.65785], [5.50459, 60.65756]]}, "properties": {"P": 15.59, "tau": 174.37, "tau_c": 364.2, "omega": 311.11, "M": 0.48, "D": -0.0, "R": 0.16, "sving": 0.08, "os": 0.0, "foss": 1.0, "juv": 0.0, "B": 0.38, "Q": 0.66, "w": 7.35, "h": 0.05, "S": 0.35282, "elv": "bekk", "km": 1.2}}, {"type": "Feature", "geometry": {"type": "LineString", "coordinates": [[5.50459, 60.65756], [5.5029, 60.65724]]}, "properties": {"P": 17.27, "tau": 190.71, "tau_c": 364.2, "omega": 354.92, "M": 0.52, "D": -0.0, "R": 0.21, "sving": 0.13, "os": 0.0, "foss": 1.0, "juv": 0.0, "B": 0.38, "Q": 0.68, "w": 7.44, "h": 0.05, "S": 0.39276, "elv": "bekk", "km": 1.3}}, {"type": "Feature", "geometry": {"type": "LineString", "coordinates": [[5.5029, 60.65724], [5.50139, 60.65678]]}, "properties": {"P": 18.77, "tau": 214.54, "tau_c": 364.2, "omega": 421.6, "M": 0.59, "D": -0.0, "R": 0.3, "sving": 0.11, "os": 0.0, "foss": 1.0, "juv": 0.0, "B": 0.38, "Q": 0.71, "w": 7.5, "h": 0.05, "S": 0.4545, "elv": "bekk", "km": 1.4}}, {"type": "Feature", "geometry": {"type": "LineString", "coordinates": [[5.48335, 60.67672], [5.48244, 60.676]]}, "properties": {"P": 14.36, "tau": 109.44, "tau_c": 364.2, "omega": 131.55, "M": 0.3, "D": 0.0, "R": 0.03, "sving": 0.34, "os": 0.13, "foss": 1.0, "juv": 0.0, "B": 0.31, "Q": 0.13, "w": 6.0, "h": 0.02, "S": 0.60343, "elv": "bekk", "km": 0.8}}, {"type": "Feature", "geometry": {"type": "LineString", "coordinates": [[5.47773, 60.67482], [5.47612, 60.67455]]}, "properties": {"P": 20.91, "tau": 115.26, "tau_c": 364.2, "omega": 159.4, "M": 0.32, "D": 0.0, "R": 0.03, "sving": 0.22, "os": 0.82, "foss": 1.0, "juv": 0.0, "B": 0.33, "Q": 0.31, "w": 6.0, "h": 0.04, "S": 0.31217, "elv": "bekk", "km": 1.2}}, {"type": "Feature", "geometry": {"type": "LineString", "coordinates": [[5.47612, 60.67455], [5.47436, 60.67476]]}, "properties": {"P": 21.98, "tau": 113.55, "tau_c": 364.2, "omega": 156.63, "M": 0.31, "D": 0.1, "R": 0.03, "sving": 0.26, "os": 0.75, "foss": 1.0, "juv": 0.0, "B": 0.33, "Q": 0.32, "w": 6.0, "h": 0.04, "S": 0.29815, "elv": "bekk", "km": 1.3}}, {"type": "Feature", "geometry": {"type": "LineString", "coordinates": [[5.47059, 60.69167], [5.46886, 60.69165]]}, "properties": {"P": 11.32, "tau": 114.02, "tau_c": 364.2, "omega": 139.5, "M": 0.31, "D": 0.0, "R": 0.03, "sving": 0.14, "os": 0.0, "foss": 1.0, "juv": 0.0, "B": 0.31, "Q": 0.13, "w": 6.0, "h": 0.02, "S": 0.63989, "elv": "bekk", "km": 0.8}}, {"type": "Feature", "geometry": {"type": "LineString", "coordinates": [[5.46886, 60.69165], [5.46709, 60.69156]]}, "properties": {"P": 12.42, "tau": 129.64, "tau_c": 364.2, "omega": 170.39, "M": 0.36, "D": 0.0, "R": 0.06, "sving": 0.21, "os": 0.0, "foss": 1.0, "juv": 0.0, "B": 0.31, "Q": 0.15, "w": 6.0, "h": 0.02, "S": 0.69475, "elv": "bekk", "km": 0.9}}, {"type": "Feature", "geometry": {"type": "LineString", "coordinates": [[5.46709, 60.69156], [5.46528, 60.6916]]}, "properties": {"P": 10.91, "tau": 140.37, "tau_c": 364.2, "omega": 193.75, "M": 0.39, "D": 0.0, "R": 0.08, "sving": 0.02, "os": 0.0, "foss": 1.0, "juv": 0.0, "B": 0.31, "Q": 0.17, "w": 6.0, "h": 0.02, "S": 0.711, "elv": "bekk", "km": 1.0}}, {"type": "Feature", "geometry": {"type": "LineString", "coordinates": [[5.46528, 60.6916], [5.46352, 60.69142]]}, "properties": {"P": 11.25, "tau": 151.41, "tau_c": 364.2, "omega": 218.78, "M": 0.42, "D": 0.0, "R": 0.1, "sving": 0.01, "os": 0.0, "foss": 1.0, "juv": 0.0, "B": 0.31, "Q": 0.18, "w": 6.0, "h": 0.02, "S": 0.72988, "elv": "bekk", "km": 1.1}}, {"type": "Feature", "geometry": {"type": "LineString", "coordinates": [[5.46352, 60.69142], [5.4617, 60.69135]]}, "properties": {"P": 11.89, "tau": 144.31, "tau_c": 364.2, "omega": 206.76, "M": 0.4, "D": 0.02, "R": 0.09, "sving": 0.08, "os": 0.0, "foss": 1.0, "juv": 0.0, "B": 0.31, "Q": 0.2, "w": 6.0, "h": 0.02, "S": 0.63228, "elv": "bekk", "km": 1.2}}, {"type": "Feature", "geometry": {"type": "LineString", "coordinates": [[5.4617, 60.69135], [5.4599, 60.69123]]}, "properties": {"P": 12.59, "tau": 134.45, "tau_c": 364.2, "omega": 190.76, "M": 0.37, "D": 0.05, "R": 0.07, "sving": 0.15, "os": 0.0, "foss": 1.0, "juv": 0.0, "B": 0.31, "Q": 0.23, "w": 6.0, "h": 0.03, "S": 0.50247, "elv": "bekk", "km": 1.3}}, {"type": "Feature", "geometry": {"type": "LineString", "coordinates": [[5.4599, 60.69123], [5.45815, 60.69108]]}, "properties": {"P": 13.45, "tau": 131.51, "tau_c": 364.2, "omega": 186.54, "M": 0.36, "D": 0.09, "R": 0.06, "sving": 0.2, "os": 0.0, "foss": 1.0, "juv": 0.0, "B": 0.31, "Q": 0.25, "w": 6.0, "h": 0.03, "S": 0.4593, "elv": "bekk", "km": 1.4}}, {"type": "Feature", "geometry": {"type": "LineString", "coordinates": [[5.45815, 60.69108], [5.45671, 60.6906]]}, "properties": {"P": 13.64, "tau": 112.41, "tau_c": 364.2, "omega": 149.17, "M": 0.31, "D": 0.11, "R": 0.03, "sving": 0.23, "os": 0.0, "foss": 1.0, "juv": 0.0, "B": 0.31, "Q": 0.25, "w": 6.0, "h": 0.03, "S": 0.36465, "elv": "bekk", "km": 1.5}}, {"type": "Feature", "geometry": {"type": "LineString", "coordinates": [[5.54471, 60.64016], [5.54563, 60.64046]]}, "properties": {"P": 31.66, "tau": 201.55, "tau_c": 361.06, "omega": 419.48, "M": 0.56, "D": 0.0, "R": 0.26, "sving": 0.11, "os": 0.0, "foss": 1.0, "juv": 0.0, "B": 0.67, "Q": 1.61, "w": 9.25, "h": 0.08, "S": 0.24571, "elv": "Molvikelva", "km": 1.6}}, {"type": "Feature", "geometry": {"type": "LineString", "coordinates": [[5.54552, 60.64342], [5.54534, 60.64258]]}, "properties": {"P": 20.07, "tau": 47.4, "tau_c": 150.29, "omega": 50.17, "M": 0.32, "D": -0.0, "R": 0.03, "sving": 0.18, "os": 0.0, "foss": 1.0, "juv": 0.0, "B": 0.53, "Q": 1.17, "w": 9.71, "h": 0.11, "S": 0.04257, "elv": "Molvikelva", "km": 1.1}}, {"type": "Feature", "geometry": {"type": "LineString", "coordinates": [[5.54534, 60.64258], [5.5456, 60.64169]]}, "properties": {"P": 19.09, "tau": 55.17, "tau_c": 168.03, "omega": 62.33, "M": 0.33, "D": -0.0, "R": 0.04, "sving": 0.1, "os": 0.0, "foss": 1.0, "juv": 0.0, "B": 0.54, "Q": 1.18, "w": 9.9, "h": 0.11, "S": 0.05322, "elv": "Molvikelva", "km": 1.2}}, {"type": "Feature", "geometry": {"type": "LineString", "coordinates": [[5.41817, 60.68077], [5.41777, 60.68163]]}, "properties": {"P": 11.94, "tau": 120.1, "tau_c": 364.2, "omega": 161.79, "M": 0.33, "D": 0.02, "R": 0.04, "sving": 0.16, "os": 0.0, "foss": 1.0, "juv": 0.0, "B": 0.31, "Q": 0.23, "w": 6.0, "h": 0.03, "S": 0.43592, "elv": "bekk", "km": 0.0}}, {"type": "Feature", "geometry": {"type": "LineString", "coordinates": [[5.41777, 60.68163], [5.41725, 60.68249]]}, "properties": {"P": 12.77, "tau": 111.21, "tau_c": 364.2, "omega": 146.36, "M": 0.31, "D": 0.05, "R": 0.03, "sving": 0.17, "os": 0.0, "foss": 1.0, "juv": 0.0, "B": 0.32, "Q": 0.24, "w": 6.0, "h": 0.03, "S": 0.36736, "elv": "bekk", "km": 0.1}}, {"type": "Feature", "geometry": {"type": "LineString", "coordinates": [[5.3575, 60.56818], [5.35867, 60.5675]]}, "properties": {"P": 15.93, "tau": 72.67, "tau_c": 233.61, "omega": 88.44, "M": 0.31, "D": -0.0, "R": 0.03, "sving": 0.04, "os": 0.0, "foss": 1.0, "juv": 0.0, "B": 0.48, "Q": 0.61, "w": 6.99, "h": 0.07, "S": 0.10286, "elv": "bekk", "km": 1.0}}, {"type": "Feature", "geometry": {"type": "LineString", "coordinates": [[5.35867, 60.5675], [5.35984, 60.56681]]}, "properties": {"P": 17.93, "tau": 70.84, "tau_c": 229.67, "omega": 85.25, "M": 0.31, "D": 0.08, "R": 0.03, "sving": 0.05, "os": 0.0, "foss": 1.0, "juv": 0.0, "B": 0.48, "Q": 0.62, "w": 7.06, "h": 0.07, "S": 0.09942, "elv": "bekk", "km": 1.1}}, {"type": "Feature", "geometry": {"type": "LineString", "coordinates": [[5.35984, 60.56681], [5.3613, 60.56629]]}, "properties": {"P": 20.53, "tau": 85.22, "tau_c": 262.53, "omega": 111.07, "M": 0.32, "D": 0.2, "R": 0.04, "sving": 0.04, "os": 0.0, "foss": 1.0, "juv": 0.0, "B": 0.49, "Q": 0.62, "w": 7.12, "h": 0.07, "S": 0.1299, "elv": "bekk", "km": 1.2}}, {"type": "Feature", "geometry": {"type": "LineString", "coordinates": [[5.61584, 60.71869], [5.61701, 60.71815]]}, "properties": {"P": 35.56, "tau": 134.75, "tau_c": 267.72, "omega": 237.56, "M": 0.5, "D": 0.0, "R": 0.19, "sving": 0.3, "os": 0.0, "foss": 1.0, "juv": 0.0, "B": 0.72, "Q": 2.62, "w": 14.61, "h": 0.1, "S": 0.13509, "elv": "Vetle-Aurdalselva", "km": 0.0}}, {"type": "Feature", "geometry": {"type": "LineString", "coordinates": [[5.61701, 60.71815], [5.61857, 60.71786]]}, "properties": {"P": 35.81, "tau": 135.82, "tau_c": 267.72, "omega": 240.71, "M": 0.51, "D": 0.0, "R": 0.2, "sving": 0.3, "os": 0.0, "foss": 1.0, "juv": 0.0, "B": 0.72, "Q": 2.66, "w": 14.63, "h": 0.1, "S": 0.13509, "elv": "Vetle-Aurdalselva", "km": 0.1}}, {"type": "Feature", "geometry": {"type": "LineString", "coordinates": [[5.51439, 60.69925], [5.51481, 60.70009]]}, "properties": {"P": 12.47, "tau": 58.73, "tau_c": 193.83, "omega": 65.95, "M": 0.3, "D": 0.0, "R": 0.03, "sving": 0.01, "os": 0.0, "foss": 1.0, "juv": 0.0, "B": 0.39, "Q": 0.74, "w": 7.81, "h": 0.08, "S": 0.07081, "elv": "Fitjaelva", "km": 0.0}}, {"type": "Feature", "geometry": {"type": "LineString", "coordinates": [[5.51481, 60.70009], [5.51478, 60.70095]]}, "properties": {"P": 18.72, "tau": 55.73, "tau_c": 184.29, "omega": 61.41, "M": 0.3, "D": 0.0, "R": 0.03, "sving": 0.5, "os": 0.0, "foss": 1.0, "juv": 0.0, "B": 0.4, "Q": 0.77, "w": 7.85, "h": 0.09, "S": 0.06401, "elv": "Fitjaelva", "km": 0.1}}, {"type": "Feature", "geometry": {"type": "LineString", "coordinates": [[5.51478, 60.70095], [5.51521, 60.70174]]}, "properties": {"P": 14.85, "tau": 76.03, "tau_c": 230.13, "omega": 95.9, "M": 0.33, "D": 0.0, "R": 0.04, "sving": 0.13, "os": 0.0, "foss": 1.0, "juv": 0.0, "B": 0.41, "Q": 0.77, "w": 7.9, "h": 0.08, "S": 0.09982, "elv": "Fitjaelva", "km": 0.2}}, {"type": "Feature", "geometry": {"type": "LineString", "coordinates": [[5.51521, 60.70174], [5.51397, 60.70238]]}, "properties": {"P": 13.63, "tau": 72.31, "tau_c": 222.07, "omega": 89.24, "M": 0.33, "D": 0.01, "R": 0.04, "sving": 0.01, "os": 0.0, "foss": 1.0, "juv": 0.0, "B": 0.41, "Q": 0.78, "w": 7.96, "h": 0.08, "S": 0.09295, "elv": "Fitjaelva", "km": 0.3}}, {"type": "Feature", "geometry": {"type": "LineString", "coordinates": [[5.51397, 60.70238], [5.51378, 60.70325]]}, "properties": {"P": 15.66, "tau": 75.21, "tau_c": 227.3, "omega": 94.57, "M": 0.33, "D": 0.02, "R": 0.04, "sving": 0.12, "os": 0.0, "foss": 1.0, "juv": 0.0, "B": 0.42, "Q": 0.79, "w": 8.02, "h": 0.08, "S": 0.09738, "elv": "Fitjaelva", "km": 0.4}}, {"type": "Feature", "geometry": {"type": "LineString", "coordinates": [[5.51378, 60.70325], [5.51378, 60.70413]]}, "properties": {"P": 23.28, "tau": 73.13, "tau_c": 228.24, "omega": 90.24, "M": 0.32, "D": 0.02, "R": 0.04, "sving": 0.7, "os": 0.0, "foss": 1.0, "juv": 0.0, "B": 0.43, "Q": 0.8, "w": 8.54, "h": 0.08, "S": 0.09819, "elv": "Fitjaelva", "km": 0.5}}, {"type": "Feature", "geometry": {"type": "LineString", "coordinates": [[5.51378, 60.70413], [5.5148, 60.70488]]}, "properties": {"P": 21.06, "tau": 66.02, "tau_c": 215.24, "omega": 77.64, "M": 0.31, "D": 0.04, "R": 0.03, "sving": 0.48, "os": 0.0, "foss": 1.0, "juv": 0.0, "B": 0.44, "Q": 0.82, "w": 9.07, "h": 0.08, "S": 0.08732, "elv": "Fitjaelva", "km": 0.6}}, {"type": "Feature", "geometry": {"type": "LineString", "coordinates": [[5.5148, 60.70488], [5.51634, 60.70526]]}, "properties": {"P": 24.96, "tau": 87.32, "tau_c": 216.02, "omega": 123.24, "M": 0.4, "D": 0.06, "R": 0.09, "sving": 0.47, "os": 0.0, "foss": 1.0, "juv": 0.0, "B": 0.48, "Q": 1.37, "w": 9.58, "h": 0.1, "S": 0.08795, "elv": "Fitjaelva", "km": 0.7}}, {"type": "Feature", "geometry": {"type": "LineString", "coordinates": [[5.51634, 60.70526], [5.51796, 60.7056]]}, "properties": {"P": 17.64, "tau": 56.34, "tau_c": 161.8, "omega": 65.31, "M": 0.35, "D": 0.16, "R": 0.05, "sving": 0.17, "os": 0.0, "foss": 0.72, "juv": 0.0, "B": 0.49, "Q": 1.38, "w": 10.23, "h": 0.12, "S": 0.04934, "elv": "Fitjaelva", "km": 0.8}}, {"type": "Feature", "geometry": {"type": "LineString", "coordinates": [[5.51796, 60.7056], [5.51966, 60.70587]]}, "properties": {"P": 30.37, "tau": 48.18, "tau_c": 148.59, "omega": 51.8, "M": 0.32, "D": 0.18, "R": 0.04, "sving": 0.72, "os": 0.0, "foss": 1.0, "juv": 0.0, "B": 0.49, "Q": 1.38, "w": 10.88, "h": 0.12, "S": 0.04161, "elv": "Fitjaelva", "km": 0.9}}, {"type": "Feature", "geometry": {"type": "LineString", "coordinates": [[5.51966, 60.70587], [5.51987, 60.70662]]}, "properties": {"P": 25.6, "tau": 46.7, "tau_c": 137.86, "omega": 50.34, "M": 0.34, "D": 0.18, "R": 0.05, "sving": 0.57, "os": 0.05, "foss": 0.72, "juv": 0.0, "B": 0.51, "Q": 1.58, "w": 11.06, "h": 0.13, "S": 0.03582, "elv": "Fitjaelva", "km": 1.0}}, {"type": "Feature", "geometry": {"type": "LineString", "coordinates": [[5.51987, 60.70662], [5.51868, 60.70715]]}, "properties": {"P": 20.97, "tau": 41.55, "tau_c": 126.96, "omega": 42.58, "M": 0.33, "D": 0.09, "R": 0.04, "sving": 0.56, "os": 0.08, "foss": 0.51, "juv": 0.0, "B": 0.51, "Q": 1.6, "w": 11.23, "h": 0.14, "S": 0.03038, "elv": "Fitjaelva", "km": 1.1}}, {"type": "Feature", "geometry": {"type": "LineString", "coordinates": [[5.51868, 60.70715], [5.51804, 60.70798]]}, "properties": {"P": 9.75, "tau": 38.83, "tau_c": 121.67, "omega": 38.57, "M": 0.32, "D": 0.05, "R": 0.04, "sving": 0.04, "os": 0.08, "foss": 0.37, "juv": 0.0, "B": 0.52, "Q": 1.61, "w": 11.4, "h": 0.14, "S": 0.0279, "elv": "Fitjaelva", "km": 1.2}}, {"type": "Feature", "geometry": {"type": "LineString", "coordinates": [[5.51804, 60.70798], [5.51765, 60.70882]]}, "properties": {"P": 26.93, "tau": 42.6, "tau_c": 129.95, "omega": 44.06, "M": 0.33, "D": 0.02, "R": 0.04, "sving": 0.5, "os": 0.1, "foss": 1.0, "juv": 0.0, "B": 0.52, "Q": 1.61, "w": 11.43, "h": 0.14, "S": 0.03183, "elv": "Fitjaelva", "km": 1.3}}, {"type": "Feature", "geometry": {"type": "LineString", "coordinates": [[5.51765, 60.70882], [5.51808, 60.70966]]}, "properties": {"P": 25.98, "tau": 47.42, "tau_c": 140.71, "omega": 51.35, "M": 0.34, "D": 0.0, "R": 0.05, "sving": 0.71, "os": 0.12, "foss": 0.72, "juv": 0.0, "B": 0.53, "Q": 1.62, "w": 11.53, "h": 0.13, "S": 0.03732, "elv": "Fitjaelva", "km": 1.4}}, {"type": "Feature", "geometry": {"type": "LineString", "coordinates": [[5.51808, 60.70966], [5.51886, 60.71035]]}, "properties": {"P": 31.46, "tau": 55.29, "tau_c": 158.13, "omega": 63.87, "M": 0.35, "D": 0.0, "R": 0.05, "sving": 0.7, "os": 0.16, "foss": 1.0, "juv": 0.0, "B": 0.53, "Q": 1.62, "w": 11.73, "h": 0.12, "S": 0.04713, "elv": "Fitjaelva", "km": 1.5}}, {"type": "Feature", "geometry": {"type": "LineString", "coordinates": [[5.51886, 60.71035], [5.52052, 60.71039]]}, "properties": {"P": 30.45, "tau": 56.38, "tau_c": 153.37, "omega": 66.57, "M": 0.37, "D": 0.0, "R": 0.06, "sving": 0.53, "os": 0.21, "foss": 1.0, "juv": 0.0, "B": 0.54, "Q": 1.75, "w": 11.45, "h": 0.13, "S": 0.04433, "elv": "Fitjaelva", "km": 1.6}}, {"type": "Feature", "geometry": {"type": "LineString", "coordinates": [[5.52052, 60.71039], [5.52229, 60.71034]]}, "properties": {"P": 32.44, "tau": 55.99, "tau_c": 152.14, "omega": 66.04, "M": 0.37, "D": 0.0, "R": 0.06, "sving": 0.5, "os": 0.33, "foss": 1.0, "juv": 0.0, "B": 0.55, "Q": 1.9, "w": 12.34, "h": 0.13, "S": 0.04363, "elv": "Fitjaelva", "km": 1.7}}, {"type": "Feature", "geometry": {"type": "LineString", "coordinates": [[5.52229, 60.71034], [5.52398, 60.71026]]}, "properties": {"P": 25.09, "tau": 74.4, "tau_c": 192.08, "omega": 98.43, "M": 0.39, "D": 0.0, "R": 0.08, "sving": 0.11, "os": 0.53, "foss": 0.72, "juv": 0.0, "B": 0.55, "Q": 1.91, "w": 13.24, "h": 0.11, "S": 0.06954, "elv": "Fitjaelva", "km": 1.8}}, {"type": "Feature", "geometry": {"type": "LineString", "coordinates": [[5.52398, 60.71026], [5.52523, 60.7101]]}, "properties": {"P": 41.63, "tau": 93.7, "tau_c": 187.82, "omega": 145.28, "M": 0.5, "D": 0.0, "R": 0.19, "sving": 0.16, "os": 0.81, "foss": 1.0, "juv": 0.0, "B": 0.6, "Q": 3.13, "w": 14.04, "h": 0.14, "S": 0.06649, "elv": "Fitjaelva", "km": 1.9}}, {"type": "Feature", "geometry": {"type": "LineString", "coordinates": [[5.52523, 60.7101], [5.52693, 60.7099]]}, "properties": {"P": 44.58, "tau": 116.29, "tau_c": 224.06, "omega": 196.79, "M": 0.52, "D": 0.0, "R": 0.21, "sving": 0.32, "os": 0.75, "foss": 1.0, "juv": 0.0, "B": 0.6, "Q": 3.13, "w": 14.78, "h": 0.13, "S": 0.09463, "elv": "Fitjaelva", "km": 2.0}}, {"type": "Feature", "geometry": {"type": "LineString", "coordinates": [[5.52693, 60.7099], [5.52854, 60.7102]]}, "properties": {"P": 39.34, "tau": 126.73, "tau_c": 246.57, "omega": 220.41, "M": 0.51, "D": 0.0, "R": 0.2, "sving": 0.3, "os": 0.49, "foss": 1.0, "juv": 0.0, "B": 0.61, "Q": 3.14, "w": 16.0, "h": 0.11, "S": 0.11459, "elv": "Fitjaelva", "km": 2.1}}, {"type": "Feature", "geometry": {"type": "LineString", "coordinates": [[5.52854, 60.7102], [5.52984, 60.71081]]}, "properties": {"P": 36.32, "tau": 154.73, "tau_c": 282.34, "omega": 294.05, "M": 0.55, "D": 0.0, "R": 0.24, "sving": 0.21, "os": 0.34, "foss": 1.0, "juv": 0.0, "B": 0.61, "Q": 3.2, "w": 16.05, "h": 0.1, "S": 0.15025, "elv": "Fitjaelva", "km": 2.2}}, {"type": "Feature", "geometry": {"type": "LineString", "coordinates": [[5.52984, 60.71081], [5.53139, 60.71128]]}, "properties": {"P": 33.98, "tau": 182.01, "tau_c": 317.33, "omega": 370.92, "M": 0.57, "D": 0.0, "R": 0.28, "sving": 0.12, "os": 0.24, "foss": 1.0, "juv": 0.0, "B": 0.61, "Q": 3.21, "w": 16.09, "h": 0.1, "S": 0.18979, "elv": "Fitjaelva", "km": 2.3}}, {"type": "Feature", "geometry": {"type": "LineString", "coordinates": [[5.53139, 60.71128], [5.5331, 60.71155]]}, "properties": {"P": 36.58, "tau": 188.08, "tau_c": 324.81, "omega": 388.8, "M": 0.58, "D": 0.0, "R": 0.28, "sving": 0.32, "os": 0.15, "foss": 1.0, "juv": 0.0, "B": 0.62, "Q": 3.22, "w": 16.14, "h": 0.1, "S": 0.19886, "elv": "Fitjaelva", "km": 2.4}}, {"type": "Feature", "geometry": {"type": "LineString", "coordinates": [[5.5331, 60.71155], [5.53493, 60.7116]]}, "properties": {"P": 40.64, "tau": 210.54, "tau_c": 352.05, "omega": 456.95, "M": 0.6, "D": 0.0, "R": 0.31, "sving": 0.54, "os": 0.09, "foss": 1.0, "juv": 0.0, "B": 0.62, "Q": 3.22, "w": 16.16, "h": 0.09, "S": 0.23361, "elv": "Fitjaelva", "km": 2.5}}, {"type": "Feature", "geometry": {"type": "LineString", "coordinates": [[5.53493, 60.7116], [5.53674, 60.71151]]}, "properties": {"P": 42.09, "tau": 195.05, "tau_c": 332.94, "omega": 409.76, "M": 0.59, "D": 0.04, "R": 0.29, "sving": 0.63, "os": 0.06, "foss": 1.0, "juv": 0.0, "B": 0.62, "Q": 3.24, "w": 16.21, "h": 0.1, "S": 0.20892, "elv": "Fitjaelva", "km": 2.6}}, {"type": "Feature", "geometry": {"type": "LineString", "coordinates": [[5.53674, 60.71151], [5.53782, 60.71085]]}, "properties": {"P": 31.3, "tau": 188.17, "tau_c": 324.92, "omega": 389.08, "M": 0.58, "D": 0.08, "R": 0.28, "sving": 0.06, "os": 0.0, "foss": 1.0, "juv": 0.0, "B": 0.63, "Q": 3.24, "w": 16.26, "h": 0.1, "S": 0.19899, "elv": "Fitjaelva", "km": 2.7}}, {"type": "Feature", "geometry": {"type": "LineString", "coordinates": [[5.53782, 60.71085], [5.5382, 60.70999]]}, "properties": {"P": 40.79, "tau": 165.67, "tau_c": 295.19, "omega": 324.74, "M": 0.56, "D": 0.15, "R": 0.26, "sving": 0.48, "os": 0.0, "foss": 1.0, "juv": 0.0, "B": 0.63, "Q": 3.29, "w": 16.32, "h": 0.1, "S": 0.16423, "elv": "Fitjaelva", "km": 2.8}}, {"type": "Feature", "geometry": {"type": "LineString", "coordinates": [[5.5382, 60.70999], [5.53998, 60.70989]]}, "properties": {"P": 33.47, "tau": 143.2, "tau_c": 265.06, "omega": 263.86, "M": 0.54, "D": 0.22, "R": 0.23, "sving": 0.05, "os": 0.0, "foss": 1.0, "juv": 0.0, "B": 0.63, "Q": 3.33, "w": 16.38, "h": 0.11, "S": 0.13242, "elv": "Fitjaelva", "km": 2.9}}, {"type": "Feature", "geometry": {"type": "LineString", "coordinates": [[5.53998, 60.70989], [5.54029, 60.70907]]}, "properties": {"P": 23.19, "tau": 105.41, "tau_c": 234.16, "omega": 165.4, "M": 0.45, "D": 0.18, "R": 0.13, "sving": 0.02, "os": 0.0, "foss": 0.72, "juv": 0.0, "B": 0.64, "Q": 3.35, "w": 20.55, "h": 0.1, "S": 0.10335, "elv": "Fitjaelva", "km": 3.0}}, {"type": "Feature", "geometry": {"type": "LineString", "coordinates": [[5.54029, 60.70907], [5.54122, 60.70831]]}, "properties": {"P": 32.89, "tau": 73.1, "tau_c": 195.15, "omega": 95.6, "M": 0.37, "D": 0.1, "R": 0.07, "sving": 0.44, "os": 0.0, "foss": 1.0, "juv": 0.0, "B": 0.64, "Q": 3.35, "w": 24.7, "h": 0.1, "S": 0.07178, "elv": "Fitjaelva", "km": 3.1}}, {"type": "Feature", "geometry": {"type": "LineString", "coordinates": [[5.54122, 60.70831], [5.5417, 60.70748]]}, "properties": {"P": 53.1, "tau": 179.59, "tau_c": 197.43, "omega": 423.48, "M": 0.91, "D": -0.0, "R": 0.71, "sving": 0.05, "os": 0.0, "foss": 1.0, "juv": 0.0, "B": 0.78, "Q": 16.94, "w": 28.83, "h": 0.25, "S": 0.07347, "elv": "Fitjaelva", "km": 3.2}}, {"type": "Feature", "geometry": {"type": "LineString", "coordinates": [[5.51922, 60.71887], [5.51988, 60.71804]]}, "properties": {"P": 10.46, "tau": 101.91, "tau_c": 274.22, "omega": 147.67, "M": 0.37, "D": 0.0, "R": 0.07, "sving": 0.23, "os": 0.0, "foss": 1.0, "juv": 0.0, "B": 0.26, "Q": 0.92, "w": 8.66, "h": 0.07, "S": 0.14173, "elv": "Setreelva", "km": 0.0}}, {"type": "Feature", "geometry": {"type": "LineString", "coordinates": [[5.51988, 60.71804], [5.52084, 60.71728]]}, "properties": {"P": 21.29, "tau": 102.23, "tau_c": 274.89, "omega": 148.34, "M": 0.37, "D": 0.0, "R": 0.07, "sving": 0.02, "os": 0.0, "foss": 1.0, "juv": 0.0, "B": 0.62, "Q": 0.93, "w": 8.77, "h": 0.07, "S": 0.14243, "elv": "Setreelva", "km": 0.1}}, {"type": "Feature", "geometry": {"type": "LineString", "coordinates": [[5.52084, 60.71728], [5.52197, 60.71659]]}, "properties": {"P": 22.17, "tau": 109.38, "tau_c": 289.21, "omega": 163.33, "M": 0.38, "D": 0.0, "R": 0.07, "sving": 0.06, "os": 0.0, "foss": 1.0, "juv": 0.0, "B": 0.62, "Q": 0.94, "w": 8.89, "h": 0.07, "S": 0.15765, "elv": "Setreelva", "km": 0.2}}, {"type": "Feature", "geometry": {"type": "LineString", "coordinates": [[5.52197, 60.71659], [5.52267, 60.7158]]}, "properties": {"P": 27.73, "tau": 129.02, "tau_c": 312.51, "omega": 209.59, "M": 0.41, "D": 0.0, "R": 0.1, "sving": 0.28, "os": 0.0, "foss": 1.0, "juv": 0.0, "B": 0.63, "Q": 1.04, "w": 9.0, "h": 0.07, "S": 0.18408, "elv": "Setreelva", "km": 0.3}}, {"type": "Feature", "geometry": {"type": "LineString", "coordinates": [[5.52267, 60.7158], [5.52304, 60.715]]}, "properties": {"P": 26.52, "tau": 127.33, "tau_c": 312.21, "omega": 205.17, "M": 0.41, "D": 0.0, "R": 0.09, "sving": 0.22, "os": 0.0, "foss": 1.0, "juv": 0.0, "B": 0.63, "Q": 1.05, "w": 9.19, "h": 0.07, "S": 0.18372, "elv": "Setreelva", "km": 0.4}}, {"type": "Feature", "geometry": {"type": "LineString", "coordinates": [[5.52304, 60.715], [5.52475, 60.71476]]}, "properties": {"P": 25.73, "tau": 127.81, "tau_c": 316.04, "omega": 205.7, "M": 0.4, "D": 0.01, "R": 0.09, "sving": 0.18, "os": 0.0, "foss": 1.0, "juv": 0.0, "B": 0.63, "Q": 1.05, "w": 9.39, "h": 0.07, "S": 0.18825, "elv": "Setreelva", "km": 0.5}}, {"type": "Feature", "geometry": {"type": "LineString", "coordinates": [[5.52475, 60.71476], [5.52489, 60.71389]]}, "properties": {"P": 24.59, "tau": 129.41, "tau_c": 308.95, "omega": 211.53, "M": 0.42, "D": 0.02, "R": 0.1, "sving": 0.07, "os": 0.0, "foss": 1.0, "juv": 0.0, "B": 0.64, "Q": 1.14, "w": 9.51, "h": 0.07, "S": 0.17991, "elv": "Setreelva", "km": 0.6}}, {"type": "Feature", "geometry": {"type": "LineString", "coordinates": [[5.52489, 60.71389], [5.52476, 60.71299]]}, "properties": {"P": 34.22, "tau": 122.15, "tau_c": 294.95, "omega": 195.07, "M": 0.41, "D": 0.06, "R": 0.1, "sving": 0.5, "os": 0.0, "foss": 1.0, "juv": 0.0, "B": 0.64, "Q": 1.17, "w": 9.64, "h": 0.08, "S": 0.16397, "elv": "Setreelva", "km": 0.7}}, {"type": "Feature", "geometry": {"type": "LineString", "coordinates": [[5.52476, 60.71299], [5.52485, 60.7121]]}, "properties": {"P": 25.98, "tau": 116.21, "tau_c": 284.96, "omega": 181.58, "M": 0.41, "D": 0.1, "R": 0.09, "sving": 0.04, "os": 0.0, "foss": 1.0, "juv": 0.0, "B": 0.64, "Q": 1.18, "w": 9.78, "h": 0.08, "S": 0.15305, "elv": "Setreelva", "km": 0.8}}, {"type": "Feature", "geometry": {"type": "LineString", "coordinates": [[5.52485, 60.7121], [5.52478, 60.71121]]}, "properties": {"P": 25.48, "tau": 94.25, "tau_c": 244.05, "omega": 134.73, "M": 0.39, "D": 0.12, "R": 0.08, "sving": 0.02, "os": 0.0, "foss": 1.0, "juv": 0.0, "B": 0.64, "Q": 1.2, "w": 9.84, "h": 0.09, "S": 0.11226, "elv": "Setreelva", "km": 0.9}}, {"type": "Feature", "geometry": {"type": "LineString", "coordinates": [[5.54481, 60.71899], [5.54521, 60.71812]]}, "properties": {"P": 36.16, "tau": 109.77, "tau_c": 153.19, "omega": 202.83, "M": 0.72, "D": 0.0, "R": 0.47, "sving": 0.26, "os": 0.0, "foss": 1.0, "juv": 0.0, "B": 0.58, "Q": 13.36, "w": 28.59, "h": 0.25, "S": 0.04423, "elv": "Eikefetelva", "km": 0.0}}, {"type": "Feature", "geometry": {"type": "LineString", "coordinates": [[5.54521, 60.71812], [5.54459, 60.7173]]}, "properties": {"P": 35.12, "tau": 103.16, "tau_c": 146.46, "omega": 185.58, "M": 0.7, "D": 0.0, "R": 0.45, "sving": 0.09, "os": 0.0, "foss": 0.72, "juv": 0.0, "B": 0.74, "Q": 13.38, "w": 28.59, "h": 0.26, "S": 0.04043, "elv": "Eikefetelva", "km": 0.1}}, {"type": "Feature", "geometry": {"type": "LineString", "coordinates": [[5.54459, 60.7173], [5.54438, 60.71644]]}, "properties": {"P": 44.95, "tau": 115.02, "tau_c": 158.19, "omega": 216.94, "M": 0.73, "D": 0.0, "R": 0.48, "sving": 0.06, "os": 0.0, "foss": 1.0, "juv": 0.0, "B": 0.79, "Q": 13.41, "w": 28.59, "h": 0.25, "S": 0.04716, "elv": "Eikefetelva", "km": 0.2}}, {"type": "Feature", "geometry": {"type": "LineString", "coordinates": [[5.54438, 60.71644], [5.54445, 60.71555]]}, "properties": {"P": 44.33, "tau": 124.75, "tau_c": 156.87, "omega": 248.29, "M": 0.8, "D": 0.0, "R": 0.57, "sving": 0.1, "os": 0.0, "foss": 0.72, "juv": 0.02, "B": 0.82, "Q": 13.42, "w": 24.59, "h": 0.27, "S": 0.04638, "elv": "Eikefetelva", "km": 0.3}}, {"type": "Feature", "geometry": {"type": "LineString", "coordinates": [[5.54445, 60.71555], [5.54455, 60.71466]]}, "properties": {"P": 49.53, "tau": 122.93, "tau_c": 162.11, "omega": 240.23, "M": 0.76, "D": 0.01, "R": 0.52, "sving": 0.06, "os": 0.0, "foss": 1.0, "juv": 0.02, "B": 0.83, "Q": 13.45, "w": 27.2, "h": 0.25, "S": 0.04953, "elv": "Eikefetelva", "km": 0.4}}, {"type": "Feature", "geometry": {"type": "LineString", "coordinates": [[5.54455, 60.71466], [5.54439, 60.71377]]}, "properties": {"P": 52.43, "tau": 135.28, "tau_c": 173.53, "omega": 275.59, "M": 0.78, "D": 0.01, "R": 0.55, "sving": 0.1, "os": 0.0, "foss": 1.0, "juv": 0.02, "B": 0.84, "Q": 13.47, "w": 27.23, "h": 0.24, "S": 0.05676, "elv": "Eikefetelva", "km": 0.5}}, {"type": "Feature", "geometry": {"type": "LineString", "coordinates": [[5.54439, 60.71377], [5.54445, 60.71288]]}, "properties": {"P": 54.03, "tau": 120.0, "tau_c": 159.19, "omega": 232.12, "M": 0.75, "D": 0.04, "R": 0.52, "sving": 0.16, "os": 0.0, "foss": 1.0, "juv": 0.02, "B": 0.85, "Q": 13.49, "w": 27.23, "h": 0.26, "S": 0.04777, "elv": "Eikefetelva", "km": 0.6}}, {"type": "Feature", "geometry": {"type": "LineString", "coordinates": [[5.54445, 60.71288], [5.54498, 60.71205]]}, "properties": {"P": 53.92, "tau": 128.85, "tau_c": 169.11, "omega": 256.38, "M": 0.76, "D": 0.05, "R": 0.53, "sving": 0.11, "os": 0.0, "foss": 1.0, "juv": 0.02, "B": 0.86, "Q": 13.51, "w": 27.85, "h": 0.24, "S": 0.0539, "elv": "Eikefetelva", "km": 0.7}}, {"type": "Feature", "geometry": {"type": "LineString", "coordinates": [[5.54498, 60.71205], [5.54434, 60.71122]]}, "properties": {"P": 52.89, "tau": 111.49, "tau_c": 162.83, "omega": 204.44, "M": 0.68, "D": 0.1, "R": 0.43, "sving": 0.11, "os": 0.06, "foss": 1.0, "juv": 0.0, "B": 0.86, "Q": 13.55, "w": 32.48, "h": 0.23, "S": 0.04997, "elv": "Eikefetelva", "km": 0.8}}, {"type": "Feature", "geometry": {"type": "LineString", "coordinates": [[5.54434, 60.71122], [5.54369, 60.7104]]}, "properties": {"P": 53.51, "tau": 107.16, "tau_c": 158.24, "omega": 193.18, "M": 0.68, "D": 0.08, "R": 0.42, "sving": 0.12, "os": 0.11, "foss": 1.0, "juv": 0.0, "B": 0.86, "Q": 13.56, "w": 32.5, "h": 0.23, "S": 0.0472, "elv": "Eikefetelva", "km": 0.9}}, {"type": "Feature", "geometry": {"type": "LineString", "coordinates": [[5.54369, 60.7104], [5.54325, 60.70957]]}, "properties": {"P": 51.4, "tau": 92.69, "tau_c": 142.65, "omega": 156.93, "M": 0.65, "D": 0.08, "R": 0.38, "sving": 0.03, "os": 0.17, "foss": 1.0, "juv": 0.0, "B": 0.87, "Q": 13.56, "w": 32.52, "h": 0.25, "S": 0.03835, "elv": "Eikefetelva", "km": 1.0}}, {"type": "Feature", "geometry": {"type": "LineString", "coordinates": [[5.54325, 60.70957], [5.54322, 60.70868]]}, "properties": {"P": 46.14, "tau": 102.89, "tau_c": 156.57, "omega": 181.26, "M": 0.66, "D": 0.03, "R": 0.39, "sving": 0.06, "os": 0.28, "foss": 0.72, "juv": 0.0, "B": 0.87, "Q": 13.57, "w": 33.94, "h": 0.23, "S": 0.0462, "elv": "Eikefetelva", "km": 1.1}}, {"type": "Feature", "geometry": {"type": "LineString", "coordinates": [[5.54322, 60.70868], [5.54244, 60.70788]]}, "properties": {"P": 53.43, "tau": 96.95, "tau_c": 151.55, "omega": 165.98, "M": 0.64, "D": 0.03, "R": 0.36, "sving": 0.4, "os": 0.45, "foss": 0.51, "juv": 0.0, "B": 0.87, "Q": 13.57, "w": 34.73, "h": 0.23, "S": 0.04329, "elv": "Eikefetelva", "km": 1.2}}, {"type": "Feature", "geometry": {"type": "LineString", "coordinates": [[5.54244, 60.70788], [5.54206, 60.70706]]}, "properties": {"P": 75.5, "tau": 102.49, "tau_c": 144.59, "omega": 184.76, "M": 0.71, "D": 0.02, "R": 0.46, "sving": 0.25, "os": 0.73, "foss": 1.0, "juv": 0.0, "B": 0.9, "Q": 16.98, "w": 35.52, "h": 0.27, "S": 0.0394, "elv": "Eikefetelva", "km": 1.3}}, {"type": "Feature", "geometry": {"type": "LineString", "coordinates": [[5.54206, 60.70706], [5.54326, 60.7065]]}, "properties": {"P": 68.14, "tau": 90.84, "tau_c": 128.21, "omega": 156.94, "M": 0.71, "D": 0.02, "R": 0.46, "sving": 0.16, "os": 0.83, "foss": 0.72, "juv": 0.0, "B": 0.9, "Q": 16.98, "w": 32.88, "h": 0.3, "S": 0.03098, "elv": "Eikefetelva", "km": 1.4}}, {"type": "Feature", "geometry": {"type": "LineString", "coordinates": [[5.54326, 60.7065], [5.54432, 60.70581]]}, "properties": {"P": 68.37, "tau": 100.65, "tau_c": 139.41, "omega": 181.25, "M": 0.72, "D": 0.0, "R": 0.48, "sving": 0.16, "os": 0.54, "foss": 1.0, "juv": 0.0, "B": 0.9, "Q": 16.99, "w": 33.69, "h": 0.28, "S": 0.03663, "elv": "Eikefetelva", "km": 1.5}}, {"type": "Feature", "geometry": {"type": "LineString", "coordinates": [[5.54432, 60.70581], [5.54428, 60.70494]]}, "properties": {"P": 53.13, "tau": 109.04, "tau_c": 147.48, "omega": 203.35, "M": 0.74, "D": 0.01, "R": 0.5, "sving": 0.05, "os": 0.33, "foss": 0.72, "juv": 0.0, "B": 0.9, "Q": 17.04, "w": 33.71, "h": 0.27, "S": 0.041, "elv": "Eikefetelva", "km": 1.6}}, {"type": "Feature", "geometry": {"type": "LineString", "coordinates": [[5.54428, 60.70494], [5.54464, 60.70412]]}, "properties": {"P": 59.59, "tau": 90.79, "tau_c": 129.38, "omega": 156.4, "M": 0.7, "D": 0.04, "R": 0.45, "sving": 0.14, "os": 0.22, "foss": 1.0, "juv": 0.0, "B": 0.9, "Q": 17.05, "w": 33.73, "h": 0.29, "S": 0.03155, "elv": "Eikefetelva", "km": 1.7}}, {"type": "Feature", "geometry": {"type": "LineString", "coordinates": [[5.54464, 60.70412], [5.54579, 60.70343]]}, "properties": {"P": 59.61, "tau": 96.31, "tau_c": 128.65, "omega": 172.51, "M": 0.75, "D": 0.04, "R": 0.51, "sving": 0.11, "os": 0.14, "foss": 1.0, "juv": 0.0, "B": 0.9, "Q": 17.09, "w": 30.31, "h": 0.31, "S": 0.0312, "elv": "Eikefetelva", "km": 1.8}}, {"type": "Feature", "geometry": {"type": "LineString", "coordinates": [[5.54579, 60.70343], [5.54627, 60.70256]]}, "properties": {"P": 60.58, "tau": 84.46, "tau_c": 120.42, "omega": 141.82, "M": 0.7, "D": 0.11, "R": 0.45, "sving": 0.22, "os": 0.09, "foss": 1.0, "juv": 0.0, "B": 0.9, "Q": 17.09, "w": 32.31, "h": 0.31, "S": 0.02733, "elv": "Eikefetelva", "km": 1.9}}, {"type": "Feature", "geometry": {"type": "LineString", "coordinates": [[5.54627, 60.70256], [5.54678, 60.7017]]}, "properties": {"P": 51.51, "tau": 89.69, "tau_c": 123.2, "omega": 155.44, "M": 0.73, "D": 0.16, "R": 0.48, "sving": 0.08, "os": 0.05, "foss": 0.72, "juv": 0.0, "B": 0.9, "Q": 17.1, "w": 30.88, "h": 0.32, "S": 0.02861, "elv": "Eikefetelva", "km": 2.0}}, {"type": "Feature", "geometry": {"type": "LineString", "coordinates": [[5.54678, 60.7017], [5.54807, 60.70109]]}, "properties": {"P": 35.6, "tau": 55.44, "tau_c": 108.98, "omega": 73.14, "M": 0.51, "D": 0.16, "R": 0.2, "sving": 0.24, "os": 0.0, "foss": 0.51, "juv": 0.0, "B": 0.91, "Q": 17.13, "w": 51.44, "h": 0.25, "S": 0.02238, "elv": "Eikefetelva", "km": 2.1}}, {"type": "Feature", "geometry": {"type": "LineString", "coordinates": [[5.54807, 60.70109], [5.5495, 60.70053]]}, "properties": {"P": 26.21, "tau": 42.12, "tau_c": 103.55, "omega": 47.19, "M": 0.41, "D": 0.09, "R": 0.09, "sving": 0.31, "os": 0.0, "foss": 0.37, "juv": 0.0, "B": 0.91, "Q": 17.14, "w": 72.0, "h": 0.21, "S": 0.02021, "elv": "Eikefetelva", "km": 2.2}}, {"type": "Feature", "geometry": {"type": "LineString", "coordinates": [[5.46486, 60.71858], [5.4635, 60.71799]]}, "properties": {"P": 2.91, "tau": 125.94, "tau_c": 364.2, "omega": 180.32, "M": 0.35, "D": 0.0, "R": 0.05, "sving": 0.37, "os": 0.0, "foss": 0.0, "juv": 0.0, "B": 0.21, "Q": 0.33, "w": 6.44, "h": 0.04, "S": 0.3635, "elv": "bekk", "km": 0.0}}, {"type": "Feature", "geometry": {"type": "LineString", "coordinates": [[5.4635, 60.71799], [5.46207, 60.71745]]}, "properties": {"P": 15.52, "tau": 168.56, "tau_c": 364.2, "omega": 297.13, "M": 0.46, "D": 0.0, "R": 0.15, "sving": 0.12, "os": 0.0, "foss": 1.0, "juv": 0.0, "B": 0.37, "Q": 0.62, "w": 6.7, "h": 0.05, "S": 0.32879, "elv": "bekk", "km": 0.1}}, {"type": "Feature", "geometry": {"type": "LineString", "coordinates": [[5.46207, 60.71745], [5.4604, 60.71726]]}, "properties": {"P": 16.0, "tau": 173.78, "tau_c": 364.2, "omega": 309.71, "M": 0.48, "D": 0.01, "R": 0.16, "sving": 0.12, "os": 0.0, "foss": 1.0, "juv": 0.0, "B": 0.37, "Q": 0.63, "w": 6.97, "h": 0.05, "S": 0.34923, "elv": "bekk", "km": 0.2}}, {"type": "Feature", "geometry": {"type": "LineString", "coordinates": [[5.4604, 60.71726], [5.45881, 60.71684]]}, "properties": {"P": 15.72, "tau": 157.0, "tau_c": 364.2, "omega": 267.49, "M": 0.43, "D": 0.04, "R": 0.12, "sving": 0.12, "os": 0.0, "foss": 1.0, "juv": 0.0, "B": 0.38, "Q": 0.66, "w": 7.36, "h": 0.05, "S": 0.30526, "elv": "bekk", "km": 0.3}}, {"type": "Feature", "geometry": {"type": "LineString", "coordinates": [[5.45881, 60.71684], [5.45718, 60.7165]]}, "properties": {"P": 19.22, "tau": 161.77, "tau_c": 364.2, "omega": 278.78, "M": 0.44, "D": 0.07, "R": 0.13, "sving": 0.36, "os": 0.0, "foss": 1.0, "juv": 0.0, "B": 0.38, "Q": 0.66, "w": 7.53, "h": 0.05, "S": 0.3221, "elv": "bekk", "km": 0.4}}, {"type": "Feature", "geometry": {"type": "LineString", "coordinates": [[5.45718, 60.7165], [5.45614, 60.71577]]}, "properties": {"P": 15.97, "tau": 134.49, "tau_c": 342.29, "omega": 217.88, "M": 0.39, "D": 0.11, "R": 0.08, "sving": 0.07, "os": 0.0, "foss": 1.0, "juv": 0.0, "B": 0.39, "Q": 0.78, "w": 7.72, "h": 0.06, "S": 0.22082, "elv": "bekk", "km": 0.5}}, {"type": "Feature", "geometry": {"type": "LineString", "coordinates": [[5.45614, 60.71577], [5.45545, 60.71495]]}, "properties": {"P": 16.47, "tau": 125.31, "tau_c": 328.42, "omega": 196.37, "M": 0.38, "D": 0.12, "R": 0.07, "sving": 0.1, "os": 0.0, "foss": 1.0, "juv": 0.0, "B": 0.39, "Q": 0.78, "w": 7.9, "h": 0.06, "S": 0.2033, "elv": "bekk", "km": 0.6}}, {"type": "Feature", "geometry": {"type": "LineString", "coordinates": [[5.45545, 60.71495], [5.45403, 60.7144]]}, "properties": {"P": 17.53, "tau": 124.72, "tau_c": 324.08, "omega": 195.69, "M": 0.38, "D": 0.14, "R": 0.08, "sving": 0.15, "os": 0.0, "foss": 1.0, "juv": 0.0, "B": 0.39, "Q": 0.81, "w": 8.06, "h": 0.06, "S": 0.19796, "elv": "bekk", "km": 0.7}}, {"type": "Feature", "geometry": {"type": "LineString", "coordinates": [[5.41993, 60.71846], [5.41837, 60.718]]}, "properties": {"P": 7.74, "tau": 86.28, "tau_c": 279.42, "omega": 111.02, "M": 0.31, "D": 0.0, "R": 0.03, "sving": 0.06, "os": 0.0, "foss": 1.0, "juv": 0.0, "B": 0.23, "Q": 0.48, "w": 6.25, "h": 0.06, "S": 0.14716, "elv": "Strandaelva", "km": 0.0}}, {"type": "Feature", "geometry": {"type": "LineString", "coordinates": [[5.41837, 60.718], [5.4166, 60.71779]]}, "properties": {"P": 19.78, "tau": 92.29, "tau_c": 292.43, "omega": 122.37, "M": 0.32, "D": 0.01, "R": 0.03, "sving": 0.11, "os": 0.0, "foss": 1.0, "juv": 0.0, "B": 0.55, "Q": 0.48, "w": 6.26, "h": 0.06, "S": 0.16118, "elv": "Strandaelva", "km": 0.1}}, {"type": "Feature", "geometry": {"type": "LineString", "coordinates": [[5.4166, 60.71779], [5.41513, 60.71727]]}, "properties": {"P": 19.2, "tau": 85.6, "tau_c": 277.03, "omega": 109.88, "M": 0.31, "D": 0.03, "R": 0.03, "sving": 0.05, "os": 0.0, "foss": 1.0, "juv": 0.0, "B": 0.55, "Q": 0.49, "w": 6.26, "h": 0.06, "S": 0.14465, "elv": "Strandaelva", "km": 0.2}}, {"type": "Feature", "geometry": {"type": "LineString", "coordinates": [[5.41513, 60.71727], [5.41382, 60.71665]]}, "properties": {"P": 29.29, "tau": 82.49, "tau_c": 269.7, "omega": 104.2, "M": 0.31, "D": 0.07, "R": 0.03, "sving": 0.61, "os": 0.0, "foss": 1.0, "juv": 0.0, "B": 0.55, "Q": 0.49, "w": 6.27, "h": 0.06, "S": 0.1371, "elv": "Strandaelva", "km": 0.3}}, {"type": "Feature", "geometry": {"type": "LineString", "coordinates": [[5.41382, 60.71665], [5.41244, 60.7161]]}, "properties": {"P": 25.62, "tau": 78.25, "tau_c": 259.6, "omega": 96.63, "M": 0.3, "D": 0.08, "R": 0.03, "sving": 0.37, "os": 0.0, "foss": 1.0, "juv": 0.0, "B": 0.55, "Q": 0.49, "w": 6.28, "h": 0.06, "S": 0.12702, "elv": "Strandaelva", "km": 0.4}}, {"type": "Feature", "geometry": {"type": "LineString", "coordinates": [[5.65788, 60.51037], [5.65645, 60.50996]]}, "properties": {"P": 18.51, "tau": 49.4, "tau_c": 157.91, "omega": 52.81, "M": 0.31, "D": 0.05, "R": 0.03, "sving": 0.45, "os": 0.0, "foss": 1.0, "juv": 0.0, "B": 0.39, "Q": 0.98, "w": 8.6, "h": 0.11, "S": 0.047, "elv": "bekk", "km": 1.9}}, {"type": "Feature", "geometry": {"type": "LineString", "coordinates": [[5.67879, 60.67509], [5.67865, 60.67591]]}, "properties": {"P": 18.98, "tau": 67.3, "tau_c": 216.36, "omega": 79.82, "M": 0.31, "D": 0.0, "R": 0.03, "sving": 0.13, "os": 0.27, "foss": 1.0, "juv": 0.0, "B": 0.43, "Q": 0.69, "w": 7.52, "h": 0.08, "S": 0.08824, "elv": "bekk", "km": 0.5}}, {"type": "Feature", "geometry": {"type": "LineString", "coordinates": [[5.67865, 60.67591], [5.67832, 60.67678]]}, "properties": {"P": 17.8, "tau": 77.44, "tau_c": 237.02, "omega": 97.92, "M": 0.33, "D": 0.0, "R": 0.04, "sving": 0.11, "os": 0.18, "foss": 1.0, "juv": 0.0, "B": 0.43, "Q": 0.72, "w": 7.61, "h": 0.07, "S": 0.10588, "elv": "bekk", "km": 0.6}}, {"type": "Feature", "geometry": {"type": "LineString", "coordinates": [[5.67832, 60.67678], [5.67812, 60.67765]]}, "properties": {"P": 15.98, "tau": 89.69, "tau_c": 264.01, "omega": 120.77, "M": 0.34, "D": 0.0, "R": 0.05, "sving": 0.01, "os": 0.11, "foss": 1.0, "juv": 0.0, "B": 0.44, "Q": 0.72, "w": 7.68, "h": 0.07, "S": 0.13137, "elv": "bekk", "km": 0.7}}, {"type": "Feature", "geometry": {"type": "LineString", "coordinates": [[5.54351, 60.55049], [5.54229, 60.54986]]}, "properties": {"P": 26.42, "tau": 61.47, "tau_c": 194.77, "omega": 71.05, "M": 0.32, "D": 0.0, "R": 0.03, "sving": 0.36, "os": 0.27, "foss": 1.0, "juv": 0.0, "B": 0.51, "Q": 0.83, "w": 8.2, "h": 0.09, "S": 0.0715, "elv": "Mykingelva", "km": 0.3}}, {"type": "Feature", "geometry": {"type": "LineString", "coordinates": [[5.54229, 60.54986], [5.54128, 60.54941]]}, "properties": {"P": 15.64, "tau": 69.57, "tau_c": 211.94, "omega": 84.97, "M": 0.33, "D": 0.0, "R": 0.04, "sving": 0.02, "os": 0.19, "foss": 0.72, "juv": 0.0, "B": 0.52, "Q": 0.85, "w": 8.29, "h": 0.08, "S": 0.08466, "elv": "Mykingelva", "km": 0.4}}, {"type": "Feature", "geometry": {"type": "LineString", "coordinates": [[5.54128, 60.54941], [5.53993, 60.54883]]}, "properties": {"P": 20.1, "tau": 81.85, "tau_c": 236.95, "omega": 107.45, "M": 0.35, "D": 0.0, "R": 0.05, "sving": 0.05, "os": 0.13, "foss": 1.0, "juv": 0.0, "B": 0.52, "Q": 0.86, "w": 8.35, "h": 0.08, "S": 0.10583, "elv": "Mykingelva", "km": 0.5}}, {"type": "Feature", "geometry": {"type": "LineString", "coordinates": [[5.6378, 60.52648], [5.63691, 60.52726]]}, "properties": {"P": 24.75, "tau": 122.18, "tau_c": 206.85, "omega": 218.34, "M": 0.59, "D": 0.0, "R": 0.3, "sving": 0.16, "os": 0.16, "foss": 1.0, "juv": 0.0, "B": 0.45, "Q": 3.42, "w": 12.39, "h": 0.15, "S": 0.08065, "elv": "bekk", "km": 0.4}}, {"type": "Feature", "geometry": {"type": "LineString", "coordinates": [[5.35849, 60.50599], [5.35752, 60.50674]]}, "properties": {"P": 44.47, "tau": 36.58, "tau_c": 112.52, "omega": 35.83, "M": 0.33, "D": 0.0, "R": 0.04, "sving": 0.04, "os": 1.0, "foss": 1.0, "juv": 0.0, "B": 0.69, "Q": 1.91, "w": 12.46, "h": 0.16, "S": 0.02386, "elv": "bekk", "km": 0.0}}, {"type": "Feature", "geometry": {"type": "LineString", "coordinates": [[5.35752, 60.50674], [5.35645, 60.50746]]}, "properties": {"P": 30.28, "tau": 36.6, "tau_c": 112.52, "omega": 35.87, "M": 0.33, "D": 0.0, "R": 0.04, "sving": 0.04, "os": 0.61, "foss": 0.72, "juv": 0.0, "B": 0.69, "Q": 1.91, "w": 12.49, "h": 0.16, "S": 0.02386, "elv": "bekk", "km": 0.1}}, {"type": "Feature", "geometry": {"type": "LineString", "coordinates": [[5.71418, 60.63241], [5.71513, 60.63165]]}, "properties": {"P": 12.24, "tau": 112.05, "tau_c": 364.2, "omega": 154.22, "M": 0.31, "D": 0.0, "R": 0.03, "sving": 0.02, "os": 0.0, "foss": 1.0, "juv": 0.0, "B": 0.38, "Q": 0.33, "w": 6.0, "h": 0.04, "S": 0.28594, "elv": "Håleelva", "km": 0.5}}, {"type": "Feature", "geometry": {"type": "LineString", "coordinates": [[5.71513, 60.63165], [5.7163, 60.63099]]}, "properties": {"P": 15.86, "tau": 129.92, "tau_c": 364.2, "omega": 191.91, "M": 0.36, "D": 0.0, "R": 0.06, "sving": 0.25, "os": 0.0, "foss": 1.0, "juv": 0.0, "B": 0.39, "Q": 0.35, "w": 6.0, "h": 0.04, "S": 0.3387, "elv": "Håleelva", "km": 0.6}}, {"type": "Feature", "geometry": {"type": "LineString", "coordinates": [[5.7163, 60.63099], [5.71798, 60.63112]]}, "properties": {"P": 21.29, "tau": 152.87, "tau_c": 364.2, "omega": 243.78, "M": 0.42, "D": 0.0, "R": 0.11, "sving": 0.59, "os": 0.0, "foss": 1.0, "juv": 0.0, "B": 0.4, "Q": 0.36, "w": 6.0, "h": 0.04, "S": 0.4105, "elv": "Håleelva", "km": 0.7}}, {"type": "Feature", "geometry": {"type": "LineString", "coordinates": [[5.50173, 60.57546], [5.50049, 60.57509]]}, "properties": {"P": 38.98, "tau": 106.59, "tau_c": 320.28, "omega": 151.09, "M": 0.33, "D": 0.0, "R": 0.04, "sving": 0.42, "os": 1.0, "foss": 1.0, "juv": 0.0, "B": 0.51, "Q": 0.52, "w": 6.57, "h": 0.06, "S": 0.19334, "elv": "bekk", "km": 0.0}}, {"type": "Feature", "geometry": {"type": "LineString", "coordinates": [[5.50049, 60.57509], [5.49972, 60.57434]]}, "properties": {"P": 34.19, "tau": 108.22, "tau_c": 320.28, "omega": 154.94, "M": 0.34, "D": 0.0, "R": 0.05, "sving": 0.42, "os": 0.67, "foss": 1.0, "juv": 0.0, "B": 0.52, "Q": 0.54, "w": 6.62, "h": 0.06, "S": 0.19334, "elv": "bekk", "km": 0.1}}, {"type": "Feature", "geometry": {"type": "LineString", "coordinates": [[5.54608, 60.65561], [5.54659, 60.65475]]}, "properties": {"P": 14.6, "tau": 89.86, "tau_c": 275.96, "omega": 119.25, "M": 0.33, "D": 0.0, "R": 0.04, "sving": 0.02, "os": 0.0, "foss": 1.0, "juv": 0.0, "B": 0.44, "Q": 0.55, "w": 6.48, "h": 0.06, "S": 0.14354, "elv": "bekk", "km": 0.9}}, {"type": "Feature", "geometry": {"type": "LineString", "coordinates": [[5.54659, 60.65475], [5.54715, 60.65391]]}, "properties": {"P": 14.96, "tau": 85.64, "tau_c": 264.4, "omega": 111.64, "M": 0.32, "D": 0.02, "R": 0.04, "sving": 0.0, "os": 0.0, "foss": 1.0, "juv": 0.0, "B": 0.45, "Q": 0.58, "w": 6.68, "h": 0.07, "S": 0.13176, "elv": "bekk", "km": 1.0}}, {"type": "Feature", "geometry": {"type": "LineString", "coordinates": [[5.54715, 60.65391], [5.54767, 60.65306]]}, "properties": {"P": 15.37, "tau": 78.25, "tau_c": 248.69, "omega": 98.03, "M": 0.31, "D": 0.03, "R": 0.03, "sving": 0.01, "os": 0.0, "foss": 1.0, "juv": 0.0, "B": 0.45, "Q": 0.59, "w": 6.88, "h": 0.07, "S": 0.11657, "elv": "bekk", "km": 1.1}}, {"type": "Feature", "geometry": {"type": "LineString", "coordinates": [[5.65576, 60.54406], [5.65403, 60.54405]]}, "properties": {"P": 14.08, "tau": 113.08, "tau_c": 364.2, "omega": 156.82, "M": 0.31, "D": 0.0, "R": 0.03, "sving": 0.2, "os": 0.0, "foss": 1.0, "juv": 0.0, "B": 0.37, "Q": 0.34, "w": 6.0, "h": 0.04, "S": 0.28329, "elv": "bekk", "km": 0.4}}, {"type": "Feature", "geometry": {"type": "LineString", "coordinates": [[5.6205, 60.56638], [5.61904, 60.56591]]}, "properties": {"P": 12.57, "tau": 82.46, "tau_c": 259.56, "omega": 105.54, "M": 0.32, "D": 0.0, "R": 0.04, "sving": 0.05, "os": 0.0, "foss": 1.0, "juv": 0.0, "B": 0.37, "Q": 0.59, "w": 7.01, "h": 0.07, "S": 0.12698, "elv": "bekk", "km": 0.0}}, {"type": "Feature", "geometry": {"type": "LineString", "coordinates": [[5.61904, 60.56591], [5.61746, 60.56548]]}, "properties": {"P": 13.14, "tau": 84.72, "tau_c": 259.56, "omega": 110.36, "M": 0.33, "D": 0.0, "R": 0.04, "sving": 0.05, "os": 0.0, "foss": 1.0, "juv": 0.0, "B": 0.38, "Q": 0.62, "w": 7.05, "h": 0.07, "S": 0.12698, "elv": "bekk", "km": 0.1}}, {"type": "Feature", "geometry": {"type": "LineString", "coordinates": [[5.71058, 60.61947], [5.71232, 60.61967]]}, "properties": {"P": 13.1, "tau": 109.3, "tau_c": 364.2, "omega": 141.45, "M": 0.3, "D": 0.0, "R": 0.03, "sving": 0.07, "os": 0.21, "foss": 1.0, "juv": 0.0, "B": 0.32, "Q": 0.23, "w": 6.0, "h": 0.03, "S": 0.37995, "elv": "bekk", "km": 0.1}}, {"type": "Feature", "geometry": {"type": "LineString", "coordinates": [[5.71232, 60.61967], [5.71404, 60.61981]]}, "properties": {"P": 14.85, "tau": 113.94, "tau_c": 364.2, "omega": 151.55, "M": 0.31, "D": 0.0, "R": 0.03, "sving": 0.07, "os": 0.33, "foss": 1.0, "juv": 0.0, "B": 0.33, "Q": 0.24, "w": 6.0, "h": 0.03, "S": 0.37995, "elv": "bekk", "km": 0.2}}, {"type": "Feature", "geometry": {"type": "LineString", "coordinates": [[5.72103, 60.71059], [5.72073, 60.70974]]}, "properties": {"P": 19.33, "tau": 109.68, "tau_c": 364.2, "omega": 147.98, "M": 0.3, "D": 0.0, "R": 0.03, "sving": 1.0, "os": 0.13, "foss": 0.72, "juv": 0.0, "B": 0.34, "Q": 0.31, "w": 6.0, "h": 0.04, "S": 0.29675, "elv": "bekk", "km": 0.1}}, {"type": "Feature", "geometry": {"type": "LineString", "coordinates": [[5.71741, 60.71024], [5.71577, 60.71062]]}, "properties": {"P": 15.86, "tau": 116.08, "tau_c": 364.2, "omega": 163.36, "M": 0.32, "D": 0.0, "R": 0.04, "sving": 0.01, "os": 0.34, "foss": 1.0, "juv": 0.0, "B": 0.37, "Q": 0.36, "w": 6.14, "h": 0.04, "S": 0.28808, "elv": "bekk", "km": 0.4}}, {"type": "Feature", "geometry": {"type": "LineString", "coordinates": [[5.71577, 60.71062], [5.71396, 60.71069]]}, "properties": {"P": 21.72, "tau": 137.54, "tau_c": 364.2, "omega": 208.98, "M": 0.38, "D": 0.0, "R": 0.07, "sving": 0.21, "os": 0.55, "foss": 1.0, "juv": 0.0, "B": 0.38, "Q": 0.37, "w": 6.28, "h": 0.04, "S": 0.3601, "elv": "bekk", "km": 0.5}}, {"type": "Feature", "geometry": {"type": "LineString", "coordinates": [[5.45367, 60.68848], [5.45202, 60.68827]]}, "properties": {"P": 21.11, "tau": 51.05, "tau_c": 165.77, "omega": 54.83, "M": 0.31, "D": 0.0, "R": 0.03, "sving": 0.39, "os": 0.24, "foss": 1.0, "juv": 0.0, "B": 0.41, "Q": 0.82, "w": 7.61, "h": 0.1, "S": 0.05179, "elv": "bekk", "km": 0.3}}, {"type": "Feature", "geometry": {"type": "LineString", "coordinates": [[5.45202, 60.68827], [5.45026, 60.68833]]}, "properties": {"P": 16.24, "tau": 54.69, "tau_c": 175.54, "omega": 60.43, "M": 0.31, "D": 0.0, "R": 0.03, "sving": 0.33, "os": 0.16, "foss": 0.72, "juv": 0.0, "B": 0.42, "Q": 0.85, "w": 8.0, "h": 0.1, "S": 0.05808, "elv": "bekk", "km": 0.4}}, {"type": "Feature", "geometry": {"type": "LineString", "coordinates": [[5.45026, 60.68833], [5.44851, 60.6882]]}, "properties": {"P": 20.07, "tau": 62.52, "tau_c": 193.9, "omega": 73.2, "M": 0.32, "D": 0.0, "R": 0.04, "sving": 0.36, "os": 0.12, "foss": 1.0, "juv": 0.0, "B": 0.43, "Q": 0.88, "w": 8.39, "h": 0.09, "S": 0.07087, "elv": "bekk", "km": 0.5}}, {"type": "Feature", "geometry": {"type": "LineString", "coordinates": [[5.44851, 60.6882], [5.44688, 60.68829]]}, "properties": {"P": 18.29, "tau": 66.51, "tau_c": 202.91, "omega": 79.97, "M": 0.33, "D": 0.0, "R": 0.04, "sving": 0.24, "os": 0.08, "foss": 1.0, "juv": 0.0, "B": 0.43, "Q": 0.89, "w": 8.47, "h": 0.09, "S": 0.0776, "elv": "bekk", "km": 0.6}}, {"type": "Feature", "geometry": {"type": "LineString", "coordinates": [[5.44688, 60.68829], [5.44551, 60.68887]]}, "properties": {"P": 20.79, "tau": 71.24, "tau_c": 212.9, "omega": 88.3, "M": 0.33, "D": 0.0, "R": 0.04, "sving": 0.43, "os": 0.05, "foss": 1.0, "juv": 0.0, "B": 0.44, "Q": 0.9, "w": 8.53, "h": 0.09, "S": 0.08543, "elv": "bekk", "km": 0.7}}, {"type": "Feature", "geometry": {"type": "LineString", "coordinates": [[5.43611, 60.51203], [5.43678, 60.5113]]}, "properties": {"P": 20.0, "tau": 84.29, "tau_c": 161.39, "omega": 127.51, "M": 0.52, "D": 0.0, "R": 0.21, "sving": 0.12, "os": 0.16, "foss": 0.72, "juv": 0.0, "B": 0.49, "Q": 3.33, "w": 12.56, "h": 0.18, "S": 0.04909, "elv": "bekk", "km": 0.2}}]}