{"type": "FeatureCollection", "features": [{"type": "Feature", "geometry": {"type": "LineString", "coordinates": [[9.55036, 59.2895], [9.55075, 59.28866]]}, "properties": {"P": 10.71, "tau": 34.22, "tau_c": 63.62, "omega": 38.85, "M": 0.54, "D": 0.05, "R": 0.23, "sving": 0.02, "os": 0.0, "foss": 0.0, "juv": 0.0, "B": 0.67, "Q": 21.83, "w": 42.06, "h": 0.46, "S": 0.00763, "elv": "Hoppestadelva", "km": 0.0}}, {"type": "Feature", "geometry": {"type": "LineString", "coordinates": [[9.55075, 59.28866], [9.55157, 59.28789]]}, "properties": {"P": 9.95, "tau": 27.98, "tau_c": 55.1, "omega": 29.11, "M": 0.51, "D": 0.12, "R": 0.2, "sving": 0.01, "os": 0.0, "foss": 0.0, "juv": 0.0, "B": 0.59, "Q": 21.84, "w": 42.11, "h": 0.5, "S": 0.00572, "elv": "Hoppestadelva", "km": 0.1}}, {"type": "Feature", "geometry": {"type": "LineString", "coordinates": [[9.55157, 59.28789], [9.55202, 59.28703]]}, "properties": {"P": 10.89, "tau": 23.96, "tau_c": 49.28, "omega": 23.31, "M": 0.49, "D": 0.21, "R": 0.17, "sving": 0.01, "os": 0.0, "foss": 0.0, "juv": 0.0, "B": 0.56, "Q": 21.88, "w": 42.15, "h": 0.53, "S": 0.00458, "elv": "Hoppestadelva", "km": 0.2}}, {"type": "Feature", "geometry": {"type": "LineString", "coordinates": [[9.55202, 59.28703], [9.55245, 59.28616]]}, "properties": {"P": 13.81, "tau": 21.2, "tau_c": 44.99, "omega": 19.57, "M": 0.47, "D": 0.3, "R": 0.16, "sving": 0.09, "os": 0.0, "foss": 0.0, "juv": 0.0, "B": 0.54, "Q": 22.06, "w": 42.2, "h": 0.57, "S": 0.00381, "elv": "Hoppestadelva", "km": 0.3}}, {"type": "Feature", "geometry": {"type": "LineString", "coordinates": [[9.55245, 59.28616], [9.55288, 59.28529]]}, "properties": {"P": 13.97, "tau": 12.84, "tau_c": 31.41, "omega": 9.53, "M": 0.41, "D": 0.43, "R": 0.1, "sving": 0.04, "os": 0.0, "foss": 0.0, "juv": 0.0, "B": 0.53, "Q": 22.07, "w": 42.24, "h": 0.7, "S": 0.00186, "elv": "Hoppestadelva", "km": 0.4}}, {"type": "Feature", "geometry": {"type": "LineString", "coordinates": [[9.55288, 59.28529], [9.55331, 59.28442]]}, "properties": {"P": 15.39, "tau": 4.65, "tau_c": 15.12, "omega": 2.21, "M": 0.31, "D": 0.58, "R": 0.03, "sving": 0.03, "os": 0.0, "foss": 0.0, "juv": 0.0, "B": 0.53, "Q": 22.07, "w": 42.28, "h": 1.1, "S": 0.00043, "elv": "Hoppestadelva", "km": 0.5}}, {"type": "Feature", "geometry": {"type": "LineString", "coordinates": [[9.55583, 59.2811], [9.55641, 59.28025]]}, "properties": {"P": 1.99, "tau": 4.36, "tau_c": 12.86, "omega": 2.05, "M": 0.34, "D": 0.0, "R": 0.05, "sving": 0.04, "os": 0.0, "foss": 0.0, "juv": 0.0, "B": 0.51, "Q": 22.09, "w": 32.92, "h": 1.43, "S": 0.00031, "elv": "Hoppestadelva", "km": 1.0}}, {"type": "Feature", "geometry": {"type": "LineString", "coordinates": [[9.55641, 59.28025], [9.55719, 59.27945]]}, "properties": {"P": 1.99, "tau": 5.88, "tau_c": 15.87, "omega": 3.17, "M": 0.37, "D": 0.0, "R": 0.07, "sving": 0.0, "os": 0.0, "foss": 0.0, "juv": 0.0, "B": 0.51, "Q": 22.1, "w": 32.46, "h": 1.26, "S": 0.00047, "elv": "Hoppestadelva", "km": 1.1}}, {"type": "Feature", "geometry": {"type": "LineString", "coordinates": [[9.55719, 59.27945], [9.55782, 59.27861]]}, "properties": {"P": 2.2, "tau": 5.23, "tau_c": 15.08, "omega": 2.66, "M": 0.35, "D": 0.01, "R": 0.05, "sving": 0.03, "os": 0.0, "foss": 0.0, "juv": 0.0, "B": 0.51, "Q": 22.1, "w": 34.93, "h": 1.24, "S": 0.00043, "elv": "Hoppestadelva", "km": 1.2}}, {"type": "Feature", "geometry": {"type": "LineString", "coordinates": [[9.55782, 59.27861], [9.55839, 59.27777]]}, "properties": {"P": 2.28, "tau": 5.72, "tau_c": 16.59, "omega": 3.01, "M": 0.34, "D": 0.01, "R": 0.05, "sving": 0.03, "os": 0.0, "foss": 0.0, "juv": 0.0, "B": 0.5, "Q": 22.11, "w": 37.39, "h": 1.12, "S": 0.00052, "elv": "Hoppestadelva", "km": 1.3}}, {"type": "Feature", "geometry": {"type": "LineString", "coordinates": [[9.55839, 59.27777], [9.55885, 59.2769]]}, "properties": {"P": 5.18, "tau": 5.49, "tau_c": 16.11, "omega": 2.84, "M": 0.34, "D": 0.01, "R": 0.05, "sving": 0.13, "os": 0.07, "foss": 0.0, "juv": 0.0, "B": 0.5, "Q": 22.11, "w": 37.4, "h": 1.14, "S": 0.00049, "elv": "Hoppestadelva", "km": 1.4}}, {"type": "Feature", "geometry": {"type": "LineString", "coordinates": [[9.55885, 59.2769], [9.55946, 59.2761]]}, "properties": {"P": 10.27, "tau": 34.84, "tau_c": 63.96, "omega": 39.96, "M": 0.54, "D": 0.0, "R": 0.24, "sving": 0.09, "os": 0.11, "foss": 0.0, "juv": 0.0, "B": 0.5, "Q": 22.12, "w": 41.87, "h": 0.46, "S": 0.00771, "elv": "Hoppestadelva", "km": 1.5}}, {"type": "Feature", "geometry": {"type": "LineString", "coordinates": [[9.55946, 59.2761], [9.55947, 59.27526]]}, "properties": {"P": 15.15, "tau": 62.25, "tau_c": 92.76, "omega": 92.97, "M": 0.67, "D": 0.0, "R": 0.41, "sving": 0.06, "os": 0.15, "foss": 0.0, "juv": 0.0, "B": 0.5, "Q": 22.13, "w": 37.87, "h": 0.39, "S": 0.01622, "elv": "Hoppestadelva", "km": 1.6}}, {"type": "Feature", "geometry": {"type": "LineString", "coordinates": [[9.55947, 59.27526], [9.55961, 59.2744]]}, "properties": {"P": 33.96, "tau": 78.65, "tau_c": 106.48, "omega": 131.06, "M": 0.74, "D": 0.0, "R": 0.5, "sving": 0.0, "os": 0.16, "foss": 1.0, "juv": 0.0, "B": 0.5, "Q": 22.13, "w": 35.4, "h": 0.38, "S": 0.02137, "elv": "Hoppestadelva", "km": 1.7}}, {"type": "Feature", "geometry": {"type": "LineString", "coordinates": [[9.55961, 59.2744], [9.56032, 59.27361]]}, "properties": {"P": 40.84, "tau": 105.22, "tau_c": 127.08, "omega": 200.67, "M": 0.83, "D": 0.0, "R": 0.61, "sving": 0.22, "os": 0.16, "foss": 1.0, "juv": 0.0, "B": 0.5, "Q": 22.13, "w": 32.94, "h": 0.35, "S": 0.03044, "elv": "Hoppestadelva", "km": 1.8}}, {"type": "Feature", "geometry": {"type": "LineString", "coordinates": [[9.56032, 59.27361], [9.56097, 59.27278]]}, "properties": {"P": 42.04, "tau": 120.17, "tau_c": 126.89, "omega": 249.05, "M": 0.95, "D": 0.01, "R": 0.75, "sving": 0.02, "os": 0.17, "foss": 1.0, "juv": 0.06, "B": 0.5, "Q": 22.14, "w": 26.47, "h": 0.4, "S": 0.03035, "elv": "Hoppestadelva", "km": 1.9}}, {"type": "Feature", "geometry": {"type": "LineString", "coordinates": [[9.56097, 59.27278], [9.56194, 59.27204]]}, "properties": {"P": 46.37, "tau": 130.66, "tau_c": 134.5, "omega": 281.02, "M": 0.97, "D": 0.06, "R": 0.77, "sving": 0.18, "os": 0.15, "foss": 1.0, "juv": 0.06, "B": 0.5, "Q": 22.26, "w": 26.49, "h": 0.39, "S": 0.0341, "elv": "Hoppestadelva", "km": 2.0}}, {"type": "Feature", "geometry": {"type": "LineString", "coordinates": [[9.56194, 59.27204], [9.56215, 59.27119]]}, "properties": {"P": 38.73, "tau": 100.49, "tau_c": 119.41, "omega": 189.36, "M": 0.84, "D": 0.17, "R": 0.63, "sving": 0.13, "os": 0.13, "foss": 0.72, "juv": 0.06, "B": 0.5, "Q": 22.26, "w": 30.99, "h": 0.38, "S": 0.02687, "elv": "Hoppestadelva", "km": 2.1}}, {"type": "Feature", "geometry": {"type": "LineString", "coordinates": [[9.56215, 59.27119], [9.56208, 59.27029]]}, "properties": {"P": 34.89, "tau": 77.71, "tau_c": 102.77, "omega": 129.78, "M": 0.76, "D": 0.29, "R": 0.52, "sving": 0.16, "os": 0.09, "foss": 0.51, "juv": 0.06, "B": 0.5, "Q": 22.26, "w": 33.5, "h": 0.4, "S": 0.01991, "elv": "Hoppestadelva", "km": 2.2}}, {"type": "Feature", "geometry": {"type": "LineString", "coordinates": [[9.56208, 59.27029], [9.56216, 59.26939]]}, "properties": {"P": 29.89, "tau": 59.92, "tau_c": 87.98, "omega": 88.64, "M": 0.68, "D": 0.37, "R": 0.42, "sving": 0.11, "os": 0.06, "foss": 0.37, "juv": 0.06, "B": 0.5, "Q": 22.3, "w": 36.01, "h": 0.42, "S": 0.01459, "elv": "Hoppestadelva", "km": 2.3}}, {"type": "Feature", "geometry": {"type": "LineString", "coordinates": [[9.56216, 59.26939], [9.56245, 59.26851]]}, "properties": {"P": 16.33, "tau": 29.17, "tau_c": 56.48, "omega": 30.96, "M": 0.52, "D": 0.43, "R": 0.21, "sving": 0.05, "os": 0.0, "foss": 0.0, "juv": 0.0, "B": 0.5, "Q": 22.32, "w": 42.53, "h": 0.49, "S": 0.00601, "elv": "Hoppestadelva", "km": 2.4}}, {"type": "Feature", "geometry": {"type": "LineString", "coordinates": [[9.56245, 59.26851], [9.56217, 59.26766]]}, "properties": {"P": 22.44, "tau": 29.21, "tau_c": 56.48, "omega": 31.02, "M": 0.52, "D": 0.38, "R": 0.21, "sving": 0.47, "os": 0.0, "foss": 0.0, "juv": 0.0, "B": 0.5, "Q": 22.38, "w": 42.55, "h": 0.5, "S": 0.00601, "elv": "Hoppestadelva", "km": 2.5}}, {"type": "Feature", "geometry": {"type": "LineString", "coordinates": [[9.56217, 59.26766], [9.5623, 59.2668]]}, "properties": {"P": 19.8, "tau": 15.11, "tau_c": 35.21, "omega": 12.05, "M": 0.43, "D": 0.41, "R": 0.11, "sving": 0.44, "os": 0.0, "foss": 0.0, "juv": 0.0, "B": 0.5, "Q": 22.38, "w": 42.57, "h": 0.66, "S": 0.00234, "elv": "Hoppestadelva", "km": 2.6}}, {"type": "Feature", "geometry": {"type": "LineString", "coordinates": [[9.5623, 59.2668], [9.56392, 59.26658]]}, "properties": {"P": 16.15, "tau": 16.09, "tau_c": 35.84, "omega": 13.27, "M": 0.45, "D": 0.33, "R": 0.13, "sving": 0.29, "os": 0.0, "foss": 0.0, "juv": 0.0, "B": 0.5, "Q": 22.39, "w": 40.07, "h": 0.68, "S": 0.00242, "elv": "Hoppestadelva", "km": 2.7}}, {"type": "Feature", "geometry": {"type": "LineString", "coordinates": [[9.56392, 59.26658], [9.56558, 59.26637]]}, "properties": {"P": 14.28, "tau": 6.86, "tau_c": 19.3, "omega": 3.9, "M": 0.36, "D": 0.45, "R": 0.06, "sving": 0.16, "os": 0.0, "foss": 0.0, "juv": 0.0, "B": 0.5, "Q": 22.39, "w": 39.55, "h": 1.0, "S": 0.0007, "elv": "Hoppestadelva", "km": 2.8}}, {"type": "Feature", "geometry": {"type": "LineString", "coordinates": [[9.56558, 59.26637], [9.56658, 59.26564]]}, "properties": {"P": 18.05, "tau": 6.92, "tau_c": 19.3, "omega": 3.95, "M": 0.36, "D": 0.39, "R": 0.06, "sving": 0.45, "os": 0.0, "foss": 0.0, "juv": 0.0, "B": 0.5, "Q": 22.4, "w": 39.03, "h": 1.0, "S": 0.0007, "elv": "Hoppestadelva", "km": 2.9}}, {"type": "Feature", "geometry": {"type": "LineString", "coordinates": [[9.56839, 59.26226], [9.56886, 59.26139]]}, "properties": {"P": 4.86, "tau": 7.88, "tau_c": 21.8, "omega": 4.74, "M": 0.36, "D": 0.0, "R": 0.06, "sving": 0.19, "os": 0.0, "foss": 0.0, "juv": 0.0, "B": 0.49, "Q": 22.43, "w": 41.57, "h": 0.9, "S": 0.0009, "elv": "Hoppestadelva", "km": 3.4}}, {"type": "Feature", "geometry": {"type": "LineString", "coordinates": [[9.56886, 59.26139], [9.56927, 59.26052]]}, "properties": {"P": 3.01, "tau": 11.8, "tau_c": 29.13, "omega": 8.47, "M": 0.4, "D": 0.0, "R": 0.09, "sving": 0.02, "os": 0.0, "foss": 0.0, "juv": 0.0, "B": 0.49, "Q": 22.44, "w": 41.58, "h": 0.75, "S": 0.0016, "elv": "Hoppestadelva", "km": 3.5}}, {"type": "Feature", "geometry": {"type": "LineString", "coordinates": [[9.56927, 59.26052], [9.56874, 59.25969]]}, "properties": {"P": 6.59, "tau": 11.8, "tau_c": 29.13, "omega": 8.47, "M": 0.41, "D": 0.0, "R": 0.09, "sving": 0.16, "os": 0.07, "foss": 0.0, "juv": 0.0, "B": 0.49, "Q": 22.45, "w": 41.59, "h": 0.75, "S": 0.0016, "elv": "Hoppestadelva", "km": 3.6}}, {"type": "Feature", "geometry": {"type": "LineString", "coordinates": [[9.56874, 59.25969], [9.56922, 59.25899]]}, "properties": {"P": 5.35, "tau": 11.78, "tau_c": 29.29, "omega": 8.44, "M": 0.4, "D": 0.0, "R": 0.09, "sving": 0.06, "os": 0.11, "foss": 0.0, "juv": 0.0, "B": 0.49, "Q": 22.46, "w": 42.21, "h": 0.74, "S": 0.00162, "elv": "Hoppestadelva", "km": 3.7}}, {"type": "Feature", "geometry": {"type": "LineString", "coordinates": [[9.56922, 59.25899], [9.57028, 59.25835]]}, "properties": {"P": 10.75, "tau": 11.79, "tau_c": 29.29, "omega": 8.44, "M": 0.4, "D": 0.06, "R": 0.09, "sving": 0.24, "os": 0.16, "foss": 0.0, "juv": 0.0, "B": 0.49, "Q": 22.47, "w": 42.21, "h": 0.74, "S": 0.00162, "elv": "Hoppestadelva", "km": 3.8}}, {"type": "Feature", "geometry": {"type": "LineString", "coordinates": [[9.57028, 59.25835], [9.57095, 59.25753]]}, "properties": {"P": 13.24, "tau": 11.91, "tau_c": 29.29, "omega": 8.59, "M": 0.41, "D": 0.19, "R": 0.09, "sving": 0.13, "os": 0.25, "foss": 0.0, "juv": 0.0, "B": 0.49, "Q": 22.92, "w": 42.3, "h": 0.75, "S": 0.00162, "elv": "Hoppestadelva", "km": 3.9}}, {"type": "Feature", "geometry": {"type": "LineString", "coordinates": [[9.57095, 59.25753], [9.57152, 59.25669]]}, "properties": {"P": 29.69, "tau": 6.79, "tau_c": 19.56, "omega": 3.83, "M": 0.35, "D": 0.39, "R": 0.05, "sving": 0.73, "os": 0.42, "foss": 0.0, "juv": 0.0, "B": 0.49, "Q": 22.93, "w": 42.39, "h": 0.96, "S": 0.00072, "elv": "Hoppestadelva", "km": 4.0}}, {"type": "Feature", "geometry": {"type": "LineString", "coordinates": [[9.56631, 59.2431], [9.5653, 59.24237]]}, "properties": {"P": 9.29, "tau": 10.76, "tau_c": 27.21, "omega": 7.43, "M": 0.4, "D": 0.0, "R": 0.08, "sving": 0.35, "os": 0.07, "foss": 0.0, "juv": 0.0, "B": 0.49, "Q": 23.83, "w": 43.93, "h": 0.79, "S": 0.0014, "elv": "Hoppestadelva", "km": 6.0}}, {"type": "Feature", "geometry": {"type": "LineString", "coordinates": [[9.5653, 59.24237], [9.56425, 59.24165]]}, "properties": {"P": 8.78, "tau": 12.21, "tau_c": 29.81, "omega": 8.92, "M": 0.41, "D": 0.0, "R": 0.1, "sving": 0.25, "os": 0.11, "foss": 0.0, "juv": 0.0, "B": 0.49, "Q": 23.84, "w": 43.94, "h": 0.74, "S": 0.00168, "elv": "Hoppestadelva", "km": 6.1}}, {"type": "Feature", "geometry": {"type": "LineString", "coordinates": [[9.56425, 59.24165], [9.56285, 59.24115]]}, "properties": {"P": 9.06, "tau": 14.27, "tau_c": 33.33, "omega": 11.15, "M": 0.43, "D": 0.0, "R": 0.11, "sving": 0.17, "os": 0.18, "foss": 0.0, "juv": 0.0, "B": 0.49, "Q": 23.84, "w": 43.94, "h": 0.69, "S": 0.00209, "elv": "Hoppestadelva", "km": 6.2}}, {"type": "Feature", "geometry": {"type": "LineString", "coordinates": [[9.69756, 59.29117], [9.69894, 59.29063]]}, "properties": {"P": 12.51, "tau": 13.45, "tau_c": 30.32, "omega": 10.35, "M": 0.44, "D": 0.0, "R": 0.13, "sving": 0.34, "os": 0.0, "foss": 0.0, "juv": 0.0, "B": 0.67, "Q": 23.11, "w": 37.95, "h": 0.79, "S": 0.00173, "elv": "Siljanelva", "km": 1.0}}, {"type": "Feature", "geometry": {"type": "LineString", "coordinates": [[9.69894, 59.29063], [9.7002, 59.29001]]}, "properties": {"P": 11.3, "tau": 14.79, "tau_c": 31.41, "omega": 11.96, "M": 0.47, "D": 0.0, "R": 0.15, "sving": 0.24, "os": 0.0, "foss": 0.0, "juv": 0.0, "B": 0.67, "Q": 23.13, "w": 35.3, "h": 0.81, "S": 0.00186, "elv": "Siljanelva", "km": 1.1}}, {"type": "Feature", "geometry": {"type": "LineString", "coordinates": [[9.7002, 59.29001], [9.7013, 59.28932]]}, "properties": {"P": 11.59, "tau": 30.54, "tau_c": 52.47, "omega": 34.0, "M": 0.58, "D": 0.0, "R": 0.29, "sving": 0.03, "os": 0.0, "foss": 0.0, "juv": 0.0, "B": 0.67, "Q": 23.15, "w": 34.65, "h": 0.6, "S": 0.00519, "elv": "Siljanelva", "km": 1.2}}, {"type": "Feature", "geometry": {"type": "LineString", "coordinates": [[9.7013, 59.28932], [9.70256, 59.28871]]}, "properties": {"P": 15.3, "tau": 35.67, "tau_c": 56.58, "omega": 42.86, "M": 0.63, "D": 0.0, "R": 0.35, "sving": 0.08, "os": 0.0, "foss": 0.0, "juv": 0.0, "B": 0.67, "Q": 23.18, "w": 32.0, "h": 0.6, "S": 0.00603, "elv": "Siljanelva", "km": 1.3}}, {"type": "Feature", "geometry": {"type": "LineString", "coordinates": [[9.70256, 59.28871], [9.70403, 59.28823]]}, "properties": {"P": 21.01, "tau": 41.89, "tau_c": 59.8, "omega": 54.74, "M": 0.7, "D": 0.0, "R": 0.45, "sving": 0.18, "os": 0.0, "foss": 0.0, "juv": 0.0, "B": 0.67, "Q": 23.18, "w": 28.0, "h": 0.63, "S": 0.00674, "elv": "Siljanelva", "km": 1.4}}, {"type": "Feature", "geometry": {"type": "LineString", "coordinates": [[9.70403, 59.28823], [9.70553, 59.28776]]}, "properties": {"P": 20.13, "tau": 51.74, "tau_c": 74.59, "omega": 72.97, "M": 0.69, "D": 0.0, "R": 0.44, "sving": 0.15, "os": 0.0, "foss": 0.0, "juv": 0.0, "B": 0.67, "Q": 23.18, "w": 32.68, "h": 0.5, "S": 0.01049, "elv": "Siljanelva", "km": 1.5}}, {"type": "Feature", "geometry": {"type": "LineString", "coordinates": [[9.70553, 59.28776], [9.70714, 59.2874]]}, "properties": {"P": 17.29, "tau": 59.6, "tau_c": 85.48, "omega": 88.6, "M": 0.7, "D": 0.01, "R": 0.44, "sving": 0.01, "os": 0.0, "foss": 0.0, "juv": 0.0, "B": 0.67, "Q": 23.19, "w": 35.36, "h": 0.44, "S": 0.01377, "elv": "Siljanelva", "km": 1.6}}, {"type": "Feature", "geometry": {"type": "LineString", "coordinates": [[9.70714, 59.2874], [9.70879, 59.2871]]}, "properties": {"P": 22.28, "tau": 60.8, "tau_c": 87.33, "omega": 91.0, "M": 0.7, "D": 0.06, "R": 0.44, "sving": 0.17, "os": 0.0, "foss": 0.0, "juv": 0.0, "B": 0.67, "Q": 23.26, "w": 36.05, "h": 0.43, "S": 0.01437, "elv": "Siljanelva", "km": 1.7}}, {"type": "Feature", "geometry": {"type": "LineString", "coordinates": [[9.70879, 59.2871], [9.71022, 59.2866]]}, "properties": {"P": 19.77, "tau": 48.65, "tau_c": 76.81, "omega": 65.54, "M": 0.63, "D": 0.12, "R": 0.36, "sving": 0.06, "os": 0.05, "foss": 0.0, "juv": 0.0, "B": 0.67, "Q": 23.27, "w": 38.73, "h": 0.45, "S": 0.01112, "elv": "Siljanelva", "km": 1.8}}, {"type": "Feature", "geometry": {"type": "LineString", "coordinates": [[9.71022, 59.2866], [9.71119, 59.28586]]}, "properties": {"P": 23.98, "tau": 42.74, "tau_c": 73.6, "omega": 53.69, "M": 0.58, "D": 0.18, "R": 0.29, "sving": 0.25, "os": 0.09, "foss": 0.0, "juv": 0.0, "B": 0.67, "Q": 23.27, "w": 43.41, "h": 0.43, "S": 0.01021, "elv": "Siljanelva", "km": 1.9}}, {"type": "Feature", "geometry": {"type": "LineString", "coordinates": [[9.71119, 59.28586], [9.71264, 59.28539]]}, "properties": {"P": 24.86, "tau": 40.56, "tau_c": 70.89, "omega": 49.8, "M": 0.57, "D": 0.26, "R": 0.28, "sving": 0.16, "os": 0.13, "foss": 0.0, "juv": 0.0, "B": 0.67, "Q": 23.27, "w": 43.41, "h": 0.44, "S": 0.00947, "elv": "Siljanelva", "km": 2.0}}, {"type": "Feature", "geometry": {"type": "LineString", "coordinates": [[9.71264, 59.28539], [9.71422, 59.28565]]}, "properties": {"P": 29.31, "tau": 28.48, "tau_c": 55.12, "omega": 29.98, "M": 0.52, "D": 0.39, "R": 0.21, "sving": 0.22, "os": 0.21, "foss": 0.0, "juv": 0.0, "B": 0.67, "Q": 23.27, "w": 43.61, "h": 0.51, "S": 0.00573, "elv": "Siljanelva", "km": 2.1}}, {"type": "Feature", "geometry": {"type": "LineString", "coordinates": [[9.71422, 59.28565], [9.71581, 59.2855]]}, "properties": {"P": 30.71, "tau": 7.68, "tau_c": 21.56, "omega": 4.57, "M": 0.36, "D": 0.59, "R": 0.06, "sving": 0.16, "os": 0.3, "foss": 0.0, "juv": 0.0, "B": 0.67, "Q": 23.27, "w": 43.8, "h": 0.89, "S": 0.00088, "elv": "Siljanelva", "km": 2.2}}, {"type": "Feature", "geometry": {"type": "LineString", "coordinates": [[9.72845, 59.28223], [9.72991, 59.28185]]}, "properties": {"P": 23.06, "tau": 12.86, "tau_c": 30.8, "omega": 9.62, "M": 0.42, "D": 0.0, "R": 0.1, "sving": 0.47, "os": 0.0, "foss": 0.37, "juv": 0.0, "B": 0.67, "Q": 24.35, "w": 44.41, "h": 0.73, "S": 0.00179, "elv": "Siljanelva", "km": 3.2}}, {"type": "Feature", "geometry": {"type": "LineString", "coordinates": [[9.72991, 59.28185], [9.73069, 59.28106]]}, "properties": {"P": 28.7, "tau": 66.44, "tau_c": 100.06, "omega": 101.34, "M": 0.66, "D": 0.0, "R": 0.4, "sving": 0.1, "os": 0.0, "foss": 0.49, "juv": 0.0, "B": 0.67, "Q": 24.35, "w": 44.48, "h": 0.36, "S": 0.01887, "elv": "Siljanelva", "km": 3.3}}, {"type": "Feature", "geometry": {"type": "LineString", "coordinates": [[9.73069, 59.28106], [9.73142, 59.28032]]}, "properties": {"P": 43.85, "tau": 66.38, "tau_c": 100.06, "omega": 101.19, "M": 0.66, "D": 0.0, "R": 0.4, "sving": 0.5, "os": 0.07, "foss": 0.68, "juv": 0.0, "B": 0.67, "Q": 24.36, "w": 44.56, "h": 0.36, "S": 0.01887, "elv": "Siljanelva", "km": 3.4}}, {"type": "Feature", "geometry": {"type": "LineString", "coordinates": [[9.73142, 59.28032], [9.73309, 59.28009]]}, "properties": {"P": 48.05, "tau": 68.34, "tau_c": 101.55, "omega": 105.71, "M": 0.67, "D": 0.0, "R": 0.41, "sving": 0.3, "os": 0.11, "foss": 1.0, "juv": 0.0, "B": 0.67, "Q": 24.74, "w": 44.63, "h": 0.36, "S": 0.01944, "elv": "Siljanelva", "km": 3.5}}, {"type": "Feature", "geometry": {"type": "LineString", "coordinates": [[9.73309, 59.28009], [9.73279, 59.27948]]}, "properties": {"P": 41.11, "tau": 68.27, "tau_c": 101.55, "omega": 105.53, "M": 0.67, "D": 0.01, "R": 0.41, "sving": 0.16, "os": 0.13, "foss": 0.81, "juv": 0.0, "B": 0.67, "Q": 24.74, "w": 44.7, "h": 0.36, "S": 0.01944, "elv": "Siljanelva", "km": 3.6}}, {"type": "Feature", "geometry": {"type": "LineString", "coordinates": [[9.73279, 59.27948], [9.73222, 59.27863]]}, "properties": {"P": 50.01, "tau": 68.21, "tau_c": 101.55, "omega": 105.37, "M": 0.67, "D": 0.12, "R": 0.41, "sving": 0.44, "os": 0.18, "foss": 0.72, "juv": 0.0, "B": 0.67, "Q": 24.74, "w": 44.77, "h": 0.36, "S": 0.01944, "elv": "Siljanelva", "km": 3.7}}, {"type": "Feature", "geometry": {"type": "LineString", "coordinates": [[9.73222, 59.27863], [9.73229, 59.27774]]}, "properties": {"P": 47.99, "tau": 63.79, "tau_c": 96.76, "omega": 95.73, "M": 0.66, "D": 0.29, "R": 0.39, "sving": 0.22, "os": 0.3, "foss": 0.54, "juv": 0.0, "B": 0.67, "Q": 24.76, "w": 44.78, "h": 0.37, "S": 0.01765, "elv": "Siljanelva", "km": 3.8}}, {"type": "Feature", "geometry": {"type": "LineString", "coordinates": [[9.73229, 59.27774], [9.73254, 59.27686]]}, "properties": {"P": 52.94, "tau": 5.82, "tau_c": 17.35, "omega": 3.08, "M": 0.34, "D": 0.59, "R": 0.04, "sving": 0.57, "os": 0.49, "foss": 0.39, "juv": 0.0, "B": 0.67, "Q": 24.77, "w": 44.78, "h": 1.05, "S": 0.00057, "elv": "Siljanelva", "km": 3.9}}, {"type": "Feature", "geometry": {"type": "LineString", "coordinates": [[9.73254, 59.27686], [9.73308, 59.27607]]}, "properties": {"P": 49.04, "tau": 5.82, "tau_c": 17.35, "omega": 3.08, "M": 0.34, "D": 0.6, "R": 0.04, "sving": 0.18, "os": 0.8, "foss": 0.28, "juv": 0.0, "B": 0.67, "Q": 24.77, "w": 44.79, "h": 1.05, "S": 0.00057, "elv": "Siljanelva", "km": 4.0}}, {"type": "Feature", "geometry": {"type": "LineString", "coordinates": [[9.73829, 59.27015], [9.73976, 59.26967]]}, "properties": {"P": 17.87, "tau": 7.09, "tau_c": 19.27, "omega": 4.12, "M": 0.37, "D": 0.0, "R": 0.06, "sving": 0.58, "os": 0.09, "foss": 0.0, "juv": 0.0, "B": 0.67, "Q": 25.41, "w": 42.3, "h": 1.03, "S": 0.0007, "elv": "Siljanelva", "km": 4.9}}, {"type": "Feature", "geometry": {"type": "LineString", "coordinates": [[9.73976, 59.26967], [9.74142, 59.26942]]}, "properties": {"P": 11.86, "tau": 7.09, "tau_c": 19.27, "omega": 4.13, "M": 0.37, "D": 0.0, "R": 0.06, "sving": 0.26, "os": 0.14, "foss": 0.0, "juv": 0.0, "B": 0.68, "Q": 25.45, "w": 42.31, "h": 1.03, "S": 0.0007, "elv": "Siljanelva", "km": 5.0}}, {"type": "Feature", "geometry": {"type": "LineString", "coordinates": [[9.74142, 59.26942], [9.74308, 59.26965]]}, "properties": {"P": 17.09, "tau": 7.09, "tau_c": 19.27, "omega": 4.13, "M": 0.37, "D": 0.0, "R": 0.06, "sving": 0.43, "os": 0.21, "foss": 0.0, "juv": 0.0, "B": 0.68, "Q": 25.45, "w": 42.31, "h": 1.03, "S": 0.0007, "elv": "Siljanelva", "km": 5.1}}, {"type": "Feature", "geometry": {"type": "LineString", "coordinates": [[9.74308, 59.26965], [9.74435, 59.26936]]}, "properties": {"P": 22.18, "tau": 7.09, "tau_c": 19.27, "omega": 4.13, "M": 0.37, "D": 0.0, "R": 0.06, "sving": 0.64, "os": 0.21, "foss": 0.0, "juv": 0.0, "B": 0.68, "Q": 25.45, "w": 42.32, "h": 1.03, "S": 0.0007, "elv": "Siljanelva", "km": 5.2}}, {"type": "Feature", "geometry": {"type": "LineString", "coordinates": [[9.74435, 59.26936], [9.74411, 59.26847]]}, "properties": {"P": 21.99, "tau": 7.09, "tau_c": 19.27, "omega": 4.13, "M": 0.37, "D": 0.0, "R": 0.06, "sving": 0.6, "os": 0.24, "foss": 0.0, "juv": 0.0, "B": 0.68, "Q": 25.45, "w": 42.32, "h": 1.03, "S": 0.0007, "elv": "Siljanelva", "km": 5.3}}, {"type": "Feature", "geometry": {"type": "LineString", "coordinates": [[9.74411, 59.26847], [9.74339, 59.26767]]}, "properties": {"P": 14.36, "tau": 6.93, "tau_c": 19.55, "omega": 3.96, "M": 0.35, "D": 0.0, "R": 0.06, "sving": 0.12, "os": 0.4, "foss": 0.0, "juv": 0.0, "B": 0.68, "Q": 25.45, "w": 45.4, "h": 0.98, "S": 0.00072, "elv": "Siljanelva", "km": 5.4}}, {"type": "Feature", "geometry": {"type": "LineString", "coordinates": [[9.74339, 59.26767], [9.74379, 59.26683]]}, "properties": {"P": 25.77, "tau": 8.41, "tau_c": 22.24, "omega": 5.25, "M": 0.38, "D": 0.0, "R": 0.07, "sving": 0.37, "os": 0.63, "foss": 0.0, "juv": 0.0, "B": 0.68, "Q": 25.45, "w": 44.32, "h": 0.92, "S": 0.00093, "elv": "Siljanelva", "km": 5.5}}, {"type": "Feature", "geometry": {"type": "LineString", "coordinates": [[9.74379, 59.26683], [9.74507, 59.26622]]}, "properties": {"P": 38.63, "tau": 15.22, "tau_c": 34.06, "omega": 12.32, "M": 0.45, "D": 0.0, "R": 0.13, "sving": 0.49, "os": 0.98, "foss": 0.0, "juv": 0.0, "B": 0.68, "Q": 25.45, "w": 44.34, "h": 0.71, "S": 0.00219, "elv": "Siljanelva", "km": 5.6}}, {"type": "Feature", "geometry": {"type": "LineString", "coordinates": [[9.74507, 59.26622], [9.74639, 59.26563]]}, "properties": {"P": 28.17, "tau": 15.45, "tau_c": 34.06, "omega": 12.62, "M": 0.45, "D": 0.0, "R": 0.14, "sving": 0.4, "os": 0.59, "foss": 0.0, "juv": 0.0, "B": 0.68, "Q": 25.46, "w": 43.26, "h": 0.72, "S": 0.00219, "elv": "Siljanelva", "km": 5.7}}, {"type": "Feature", "geometry": {"type": "LineString", "coordinates": [[9.74639, 59.26563], [9.74772, 59.26505]]}, "properties": {"P": 19.35, "tau": 15.48, "tau_c": 34.06, "omega": 12.67, "M": 0.45, "D": 0.0, "R": 0.14, "sving": 0.24, "os": 0.36, "foss": 0.0, "juv": 0.0, "B": 0.68, "Q": 25.55, "w": 43.28, "h": 0.72, "S": 0.00219, "elv": "Siljanelva", "km": 5.8}}, {"type": "Feature", "geometry": {"type": "LineString", "coordinates": [[9.74772, 59.26505], [9.74938, 59.26483]]}, "properties": {"P": 13.3, "tau": 15.48, "tau_c": 34.06, "omega": 12.66, "M": 0.45, "D": 0.03, "R": 0.14, "sving": 0.09, "os": 0.22, "foss": 0.0, "juv": 0.0, "B": 0.68, "Q": 25.55, "w": 43.3, "h": 0.72, "S": 0.00219, "elv": "Siljanelva", "km": 5.9}}, {"type": "Feature", "geometry": {"type": "LineString", "coordinates": [[9.74938, 59.26483], [9.75112, 59.26474]]}, "properties": {"P": 18.11, "tau": 15.03, "tau_c": 33.72, "omega": 12.1, "M": 0.45, "D": 0.13, "R": 0.13, "sving": 0.25, "os": 0.14, "foss": 0.0, "juv": 0.0, "B": 0.68, "Q": 25.56, "w": 44.4, "h": 0.71, "S": 0.00214, "elv": "Siljanelva", "km": 6.0}}, {"type": "Feature", "geometry": {"type": "LineString", "coordinates": [[9.75112, 59.26474], [9.7525, 59.26437]]}, "properties": {"P": 23.84, "tau": 12.67, "tau_c": 29.49, "omega": 9.49, "M": 0.43, "D": 0.26, "R": 0.11, "sving": 0.4, "os": 0.09, "foss": 0.0, "juv": 0.0, "B": 0.68, "Q": 25.56, "w": 43.3, "h": 0.79, "S": 0.00164, "elv": "Siljanelva", "km": 6.1}}, {"type": "Feature", "geometry": {"type": "LineString", "coordinates": [[9.7525, 59.26437], [9.75282, 59.26349]]}, "properties": {"P": 28.02, "tau": 4.77, "tau_c": 14.28, "omega": 2.34, "M": 0.33, "D": 0.4, "R": 0.04, "sving": 0.55, "os": 0.06, "foss": 0.0, "juv": 0.0, "B": 0.68, "Q": 25.56, "w": 41.3, "h": 1.26, "S": 0.00038, "elv": "Siljanelva", "km": 6.2}}, {"type": "Feature", "geometry": {"type": "LineString", "coordinates": [[9.75282, 59.26349], [9.75323, 59.26262]]}, "properties": {"P": 23.38, "tau": 4.77, "tau_c": 14.28, "omega": 2.34, "M": 0.33, "D": 0.3, "R": 0.04, "sving": 0.54, "os": 0.0, "foss": 0.0, "juv": 0.0, "B": 0.68, "Q": 25.56, "w": 41.3, "h": 1.26, "S": 0.00038, "elv": "Siljanelva", "km": 6.3}}, {"type": "Feature", "geometry": {"type": "LineString", "coordinates": [[9.75323, 59.26262], [9.75325, 59.26173]]}, "properties": {"P": 8.66, "tau": 4.77, "tau_c": 14.28, "omega": 2.34, "M": 0.33, "D": 0.17, "R": 0.04, "sving": 0.08, "os": 0.0, "foss": 0.0, "juv": 0.0, "B": 0.68, "Q": 25.57, "w": 41.31, "h": 1.26, "S": 0.00038, "elv": "Siljanelva", "km": 6.4}}, {"type": "Feature", "geometry": {"type": "LineString", "coordinates": [[9.75325, 59.26173], [9.75265, 59.26089]]}, "properties": {"P": 12.45, "tau": 34.04, "tau_c": 58.72, "omega": 39.45, "M": 0.58, "D": 0.0, "R": 0.28, "sving": 0.07, "os": 0.0, "foss": 0.0, "juv": 0.0, "B": 0.68, "Q": 25.58, "w": 41.33, "h": 0.53, "S": 0.0065, "elv": "Siljanelva", "km": 6.5}}, {"type": "Feature", "geometry": {"type": "LineString", "coordinates": [[9.75265, 59.26089], [9.75261, 59.26002]]}, "properties": {"P": 14.46, "tau": 33.48, "tau_c": 58.72, "omega": 38.41, "M": 0.57, "D": 0.02, "R": 0.27, "sving": 0.15, "os": 0.0, "foss": 0.0, "juv": 0.0, "B": 0.68, "Q": 25.58, "w": 42.46, "h": 0.53, "S": 0.0065, "elv": "Siljanelva", "km": 6.6}}, {"type": "Feature", "geometry": {"type": "LineString", "coordinates": [[9.75261, 59.26002], [9.75271, 59.25913]]}, "properties": {"P": 48.89, "tau": 30.81, "tau_c": 56.96, "omega": 33.83, "M": 0.54, "D": 0.03, "R": 0.24, "sving": 0.69, "os": 0.0, "foss": 1.0, "juv": 0.0, "B": 0.68, "Q": 25.71, "w": 45.59, "h": 0.51, "S": 0.00611, "elv": "Siljanelva", "km": 6.7}}, {"type": "Feature", "geometry": {"type": "LineString", "coordinates": [[9.75271, 59.25913], [9.75337, 59.25836]]}, "properties": {"P": 41.48, "tau": 30.8, "tau_c": 56.96, "omega": 33.81, "M": 0.54, "D": 0.03, "R": 0.24, "sving": 0.65, "os": 0.0, "foss": 0.72, "juv": 0.0, "B": 0.68, "Q": 25.71, "w": 45.61, "h": 0.51, "S": 0.00611, "elv": "Siljanelva", "km": 6.8}}, {"type": "Feature", "geometry": {"type": "LineString", "coordinates": [[9.75337, 59.25836], [9.75508, 59.25829]]}, "properties": {"P": 38.0, "tau": 30.79, "tau_c": 56.96, "omega": 33.79, "M": 0.54, "D": 0.12, "R": 0.24, "sving": 0.58, "os": 0.0, "foss": 0.51, "juv": 0.0, "B": 0.68, "Q": 25.71, "w": 45.64, "h": 0.51, "S": 0.00611, "elv": "Siljanelva", "km": 6.9}}, {"type": "Feature", "geometry": {"type": "LineString", "coordinates": [[9.75508, 59.25829], [9.75679, 59.25842]]}, "properties": {"P": 36.47, "tau": 30.79, "tau_c": 56.96, "omega": 33.8, "M": 0.54, "D": 0.24, "R": 0.24, "sving": 0.51, "os": 0.0, "foss": 0.37, "juv": 0.0, "B": 0.68, "Q": 25.72, "w": 45.64, "h": 0.51, "S": 0.00611, "elv": "Siljanelva", "km": 7.0}}, {"type": "Feature", "geometry": {"type": "LineString", "coordinates": [[9.75854, 59.25845], [9.76025, 59.25862]]}, "properties": {"P": 16.46, "tau": 10.56, "tau_c": 25.58, "omega": 7.32, "M": 0.41, "D": 0.33, "R": 0.1, "sving": 0.11, "os": 0.0, "foss": 0.0, "juv": 0.0, "B": 0.68, "Q": 25.73, "w": 42.52, "h": 0.87, "S": 0.00123, "elv": "Siljanelva", "km": 7.2}}, {"type": "Feature", "geometry": {"type": "LineString", "coordinates": [[9.76025, 59.25862], [9.76192, 59.25878]]}, "properties": {"P": 12.04, "tau": 11.97, "tau_c": 28.03, "omega": 8.77, "M": 0.43, "D": 0.2, "R": 0.11, "sving": 0.07, "os": 0.0, "foss": 0.0, "juv": 0.0, "B": 0.68, "Q": 25.73, "w": 42.61, "h": 0.82, "S": 0.00148, "elv": "Siljanelva", "km": 7.3}}, {"type": "Feature", "geometry": {"type": "LineString", "coordinates": [[9.76192, 59.25878], [9.76359, 59.25865]]}, "properties": {"P": 8.94, "tau": 13.96, "tau_c": 31.33, "omega": 10.94, "M": 0.45, "D": 0.0, "R": 0.13, "sving": 0.17, "os": 0.0, "foss": 0.0, "juv": 0.0, "B": 0.68, "Q": 25.73, "w": 42.7, "h": 0.77, "S": 0.00185, "elv": "Siljanelva", "km": 7.4}}, {"type": "Feature", "geometry": {"type": "LineString", "coordinates": [[9.68851, 59.15424], [9.6871, 59.15398]]}, "properties": {"P": 37.12, "tau": 29.16, "tau_c": 72.14, "omega": 28.48, "M": 0.4, "D": 0.05, "R": 0.09, "sving": 0.11, "os": 1.0, "foss": 0.0, "juv": 0.0, "B": 0.82, "Q": 7.1, "w": 23.98, "h": 0.3, "S": 0.00981, "elv": "Oselva", "km": 0.0}}, {"type": "Feature", "geometry": {"type": "LineString", "coordinates": [[9.6871, 59.15398], [9.68606, 59.15346]]}, "properties": {"P": 34.66, "tau": 23.87, "tau_c": 62.48, "omega": 21.36, "M": 0.38, "D": 0.09, "R": 0.07, "sving": 0.35, "os": 0.65, "foss": 0.0, "juv": 0.0, "B": 0.82, "Q": 7.1, "w": 24.0, "h": 0.33, "S": 0.00736, "elv": "Oselva", "km": 0.1}}, {"type": "Feature", "geometry": {"type": "LineString", "coordinates": [[9.68606, 59.15346], [9.68487, 59.15334]]}, "properties": {"P": 29.83, "tau": 20.43, "tau_c": 55.88, "omega": 17.09, "M": 0.37, "D": 0.13, "R": 0.06, "sving": 0.35, "os": 0.44, "foss": 0.0, "juv": 0.0, "B": 0.82, "Q": 7.11, "w": 24.02, "h": 0.35, "S": 0.00589, "elv": "Oselva", "km": 0.2}}, {"type": "Feature", "geometry": {"type": "LineString", "coordinates": [[9.68487, 59.15334], [9.68423, 59.15347]]}, "properties": {"P": 17.7, "tau": 23.57, "tau_c": 61.78, "omega": 20.99, "M": 0.38, "D": 0.14, "R": 0.07, "sving": 0.0, "os": 0.31, "foss": 0.0, "juv": 0.0, "B": 0.82, "Q": 7.15, "w": 24.04, "h": 0.33, "S": 0.00719, "elv": "Oselva", "km": 0.3}}, {"type": "Feature", "geometry": {"type": "LineString", "coordinates": [[9.68423, 59.15347], [9.68349, 59.15372]]}, "properties": {"P": 18.66, "tau": 16.88, "tau_c": 47.89, "omega": 13.04, "M": 0.35, "D": 0.21, "R": 0.05, "sving": 0.03, "os": 0.27, "foss": 0.0, "juv": 0.0, "B": 0.82, "Q": 7.15, "w": 23.24, "h": 0.4, "S": 0.00432, "elv": "Oselva", "km": 0.4}}, {"type": "Feature", "geometry": {"type": "LineString", "coordinates": [[9.68349, 59.15372], [9.68257, 59.15325]]}, "properties": {"P": 28.34, "tau": 12.12, "tau_c": 37.15, "omega": 8.14, "M": 0.33, "D": 0.16, "R": 0.04, "sving": 0.49, "os": 0.23, "foss": 0.0, "juv": 0.0, "B": 0.82, "Q": 7.15, "w": 22.44, "h": 0.47, "S": 0.0026, "elv": "Oselva", "km": 0.5}}, {"type": "Feature", "geometry": {"type": "LineString", "coordinates": [[9.68257, 59.15325], [9.68092, 59.15315]]}, "properties": {"P": 16.37, "tau": 12.13, "tau_c": 37.15, "omega": 8.14, "M": 0.33, "D": 0.11, "R": 0.04, "sving": 0.21, "os": 0.17, "foss": 0.0, "juv": 0.0, "B": 0.82, "Q": 7.16, "w": 22.45, "h": 0.48, "S": 0.0026, "elv": "Oselva", "km": 0.6}}, {"type": "Feature", "geometry": {"type": "LineString", "coordinates": [[9.68092, 59.15315], [9.67991, 59.15242]]}, "properties": {"P": 9.49, "tau": 16.44, "tau_c": 46.25, "omega": 12.61, "M": 0.36, "D": 0.03, "R": 0.06, "sving": 0.09, "os": 0.1, "foss": 0.0, "juv": 0.0, "B": 0.82, "Q": 7.16, "w": 22.46, "h": 0.42, "S": 0.00403, "elv": "Oselva", "km": 0.7}}, {"type": "Feature", "geometry": {"type": "LineString", "coordinates": [[9.67991, 59.15242], [9.6785, 59.15244]]}, "properties": {"P": 27.02, "tau": 16.46, "tau_c": 46.25, "omega": 12.63, "M": 0.36, "D": 0.12, "R": 0.06, "sving": 0.64, "os": 0.07, "foss": 0.0, "juv": 0.0, "B": 0.83, "Q": 7.18, "w": 22.47, "h": 0.42, "S": 0.00403, "elv": "Oselva", "km": 0.8}}, {"type": "Feature", "geometry": {"type": "LineString", "coordinates": [[9.67165, 59.14547], [9.67039, 59.14484]]}, "properties": {"P": 18.95, "tau": 8.24, "tau_c": 27.39, "omega": 4.69, "M": 0.3, "D": 0.0, "R": 0.03, "sving": 0.62, "os": 0.0, "foss": 0.0, "juv": 0.0, "B": 0.83, "Q": 7.23, "w": 21.36, "h": 0.59, "S": 0.00141, "elv": "Oselva", "km": 1.9}}, {"type": "Feature", "geometry": {"type": "LineString", "coordinates": [[9.67039, 59.14484], [9.66962, 59.14422]]}, "properties": {"P": 20.47, "tau": 9.35, "tau_c": 30.0, "omega": 5.63, "M": 0.31, "D": 0.0, "R": 0.03, "sving": 0.67, "os": 0.0, "foss": 0.0, "juv": 0.0, "B": 0.83, "Q": 7.23, "w": 21.36, "h": 0.56, "S": 0.0017, "elv": "Oselva", "km": 2.0}}, {"type": "Feature", "geometry": {"type": "LineString", "coordinates": [[9.66962, 59.14422], [9.67079, 59.14406]]}, "properties": {"P": 30.23, "tau": 10.92, "tau_c": 33.54, "omega": 7.04, "M": 0.33, "D": 0.0, "R": 0.04, "sving": 1.0, "os": 0.0, "foss": 0.0, "juv": 0.0, "B": 0.83, "Q": 7.23, "w": 21.36, "h": 0.52, "S": 0.00212, "elv": "Oselva", "km": 2.1}}, {"type": "Feature", "geometry": {"type": "LineString", "coordinates": [[9.54919, 59.20419], [9.55089, 59.204]]}, "properties": {"P": 39.95, "tau": 6.16, "tau_c": 11.65, "omega": 4.21, "M": 0.53, "D": 0.03, "R": 0.22, "sving": 0.0, "os": 1.0, "foss": 0.0, "juv": 0.0, "B": 0.83, "Q": 398.62, "w": 130.0, "h": 4.48, "S": 0.00014, "elv": "Farelva", "km": 0.0}}, {"type": "Feature", "geometry": {"type": "LineString", "coordinates": [[9.55089, 59.204], [9.5526, 59.20381]]}, "properties": {"P": 25.72, "tau": 5.26, "tau_c": 11.65, "omega": 3.36, "M": 0.45, "D": 0.06, "R": 0.13, "sving": 0.0, "os": 0.61, "foss": 0.0, "juv": 0.0, "B": 0.83, "Q": 398.63, "w": 122.0, "h": 5.11, "S": 0.0001, "elv": "Farelva", "km": 0.1}}, {"type": "Feature", "geometry": {"type": "LineString", "coordinates": [[9.5526, 59.20381], [9.55431, 59.20362]]}, "properties": {"P": 19.96, "tau": 5.08, "tau_c": 11.65, "omega": 3.21, "M": 0.44, "D": 0.06, "R": 0.12, "sving": 0.06, "os": 0.37, "foss": 0.0, "juv": 0.0, "B": 0.83, "Q": 398.63, "w": 122.0, "h": 5.18, "S": 0.0001, "elv": "Farelva", "km": 0.2}}, {"type": "Feature", "geometry": {"type": "LineString", "coordinates": [[9.55431, 59.20362], [9.55602, 59.20342]]}, "properties": {"P": 14.6, "tau": 5.14, "tau_c": 11.65, "omega": 3.26, "M": 0.44, "D": 0.04, "R": 0.12, "sving": 0.04, "os": 0.22, "foss": 0.0, "juv": 0.0, "B": 0.83, "Q": 398.64, "w": 120.0, "h": 5.24, "S": 0.0001, "elv": "Farelva", "km": 0.3}}, {"type": "Feature", "geometry": {"type": "LineString", "coordinates": [[9.55602, 59.20342], [9.55776, 59.20337]]}, "properties": {"P": 13.44, "tau": 5.14, "tau_c": 11.65, "omega": 3.26, "M": 0.44, "D": 0.03, "R": 0.12, "sving": 0.1, "os": 0.14, "foss": 0.0, "juv": 0.0, "B": 0.82, "Q": 398.66, "w": 120.0, "h": 5.24, "S": 0.0001, "elv": "Farelva", "km": 0.4}}, {"type": "Feature", "geometry": {"type": "LineString", "coordinates": [[9.55776, 59.20337], [9.55947, 59.20326]]}, "properties": {"P": 11.57, "tau": 4.88, "tau_c": 11.65, "omega": 3.01, "M": 0.42, "D": 0.04, "R": 0.1, "sving": 0.1, "os": 0.08, "foss": 0.0, "juv": 0.0, "B": 0.82, "Q": 398.66, "w": 130.0, "h": 4.97, "S": 0.0001, "elv": "Farelva", "km": 0.5}}, {"type": "Feature", "geometry": {"type": "LineString", "coordinates": [[9.55947, 59.20326], [9.56101, 59.20284]]}, "properties": {"P": 12.03, "tau": 4.7, "tau_c": 11.65, "omega": 2.83, "M": 0.4, "D": 0.05, "R": 0.09, "sving": 0.16, "os": 0.05, "foss": 0.0, "juv": 0.0, "B": 0.82, "Q": 398.67, "w": 138.0, "h": 4.79, "S": 0.0001, "elv": "Farelva", "km": 0.6}}, {"type": "Feature", "geometry": {"type": "LineString", "coordinates": [[9.56101, 59.20284], [9.56256, 59.20242]]}, "properties": {"P": 9.67, "tau": 4.57, "tau_c": 11.65, "omega": 2.72, "M": 0.39, "D": 0.06, "R": 0.08, "sving": 0.14, "os": 0.0, "foss": 0.0, "juv": 0.0, "B": 0.82, "Q": 398.69, "w": 144.0, "h": 4.66, "S": 0.0001, "elv": "Farelva", "km": 0.7}}, {"type": "Feature", "geometry": {"type": "LineString", "coordinates": [[9.56256, 59.20242], [9.5641, 59.202]]}, "properties": {"P": 8.13, "tau": 4.38, "tau_c": 11.65, "omega": 2.54, "M": 0.38, "D": 0.05, "R": 0.07, "sving": 0.11, "os": 0.0, "foss": 0.0, "juv": 0.0, "B": 0.81, "Q": 398.71, "w": 153.94, "h": 4.46, "S": 0.0001, "elv": "Farelva", "km": 0.8}}, {"type": "Feature", "geometry": {"type": "LineString", "coordinates": [[9.5641, 59.202], [9.56564, 59.20158]]}, "properties": {"P": 7.77, "tau": 4.24, "tau_c": 11.65, "omega": 2.42, "M": 0.36, "D": 0.03, "R": 0.06, "sving": 0.14, "os": 0.0, "foss": 0.0, "juv": 0.0, "B": 0.81, "Q": 398.71, "w": 161.89, "h": 4.32, "S": 0.0001, "elv": "Farelva", "km": 0.9}}, {"type": "Feature", "geometry": {"type": "LineString", "coordinates": [[9.56564, 59.20158], [9.56734, 59.20141]]}, "properties": {"P": 7.11, "tau": 4.24, "tau_c": 11.65, "omega": 2.42, "M": 0.36, "D": 0.01, "R": 0.06, "sving": 0.14, "os": 0.0, "foss": 0.0, "juv": 0.0, "B": 0.81, "Q": 398.72, "w": 161.89, "h": 4.32, "S": 0.0001, "elv": "Farelva", "km": 1.0}}, {"type": "Feature", "geometry": {"type": "LineString", "coordinates": [[9.56734, 59.20141], [9.56908, 59.2013]]}, "properties": {"P": 6.9, "tau": 4.34, "tau_c": 11.65, "omega": 2.51, "M": 0.37, "D": 0.0, "R": 0.07, "sving": 0.14, "os": 0.0, "foss": 0.0, "juv": 0.0, "B": 0.81, "Q": 398.76, "w": 155.89, "h": 4.43, "S": 0.0001, "elv": "Farelva", "km": 1.1}}, {"type": "Feature", "geometry": {"type": "LineString", "coordinates": [[9.56908, 59.2013], [9.57081, 59.20119]]}, "properties": {"P": 4.17, "tau": 4.49, "tau_c": 11.65, "omega": 2.65, "M": 0.39, "D": 0.0, "R": 0.08, "sving": 0.02, "os": 0.0, "foss": 0.0, "juv": 0.0, "B": 0.81, "Q": 398.76, "w": 147.89, "h": 4.58, "S": 0.0001, "elv": "Farelva", "km": 1.2}}, {"type": "Feature", "geometry": {"type": "LineString", "coordinates": [[9.57081, 59.20119], [9.57255, 59.20107]]}, "properties": {"P": 4.44, "tau": 4.79, "tau_c": 11.65, "omega": 2.92, "M": 0.41, "D": 0.0, "R": 0.1, "sving": 0.0, "os": 0.0, "foss": 0.0, "juv": 0.0, "B": 0.8, "Q": 398.77, "w": 133.94, "h": 4.88, "S": 0.0001, "elv": "Farelva", "km": 1.3}}, {"type": "Feature", "geometry": {"type": "LineString", "coordinates": [[9.57255, 59.20107], [9.57428, 59.20096]]}, "properties": {"P": 6.6, "tau": 5.32, "tau_c": 11.65, "omega": 3.42, "M": 0.46, "D": 0.0, "R": 0.14, "sving": 0.01, "os": 0.0, "foss": 0.0, "juv": 0.0, "B": 0.8, "Q": 398.77, "w": 126.0, "h": 4.93, "S": 0.00011, "elv": "Farelva", "km": 1.4}}, {"type": "Feature", "geometry": {"type": "LineString", "coordinates": [[9.57428, 59.20096], [9.57602, 59.20085]]}, "properties": {"P": 9.44, "tau": 5.37, "tau_c": 11.65, "omega": 3.46, "M": 0.46, "D": 0.0, "R": 0.14, "sving": 0.11, "os": 0.0, "foss": 0.0, "juv": 0.0, "B": 0.8, "Q": 398.78, "w": 128.0, "h": 4.84, "S": 0.00011, "elv": "Farelva", "km": 1.5}}, {"type": "Feature", "geometry": {"type": "LineString", "coordinates": [[9.57602, 59.20085], [9.57774, 59.20072]]}, "properties": {"P": 12.88, "tau": 5.89, "tau_c": 11.65, "omega": 3.92, "M": 0.51, "D": 0.0, "R": 0.19, "sving": 0.15, "os": 0.0, "foss": 0.0, "juv": 0.0, "B": 0.8, "Q": 399.19, "w": 141.96, "h": 4.22, "S": 0.00014, "elv": "Farelva", "km": 1.6}}, {"type": "Feature", "geometry": {"type": "LineString", "coordinates": [[9.57774, 59.20072], [9.57935, 59.20036]]}, "properties": {"P": 16.45, "tau": 5.79, "tau_c": 11.65, "omega": 3.81, "M": 0.5, "D": 0.04, "R": 0.18, "sving": 0.25, "os": 0.0, "foss": 0.0, "juv": 0.0, "B": 0.8, "Q": 399.22, "w": 145.96, "h": 4.15, "S": 0.00014, "elv": "Farelva", "km": 1.7}}, {"type": "Feature", "geometry": {"type": "LineString", "coordinates": [[9.57935, 59.20036], [9.58083, 59.19992]]}, "properties": {"P": 15.97, "tau": 5.69, "tau_c": 11.65, "omega": 3.71, "M": 0.49, "D": 0.08, "R": 0.17, "sving": 0.19, "os": 0.0, "foss": 0.0, "juv": 0.0, "B": 0.8, "Q": 399.22, "w": 149.96, "h": 4.08, "S": 0.00014, "elv": "Farelva", "km": 1.8}}, {"type": "Feature", "geometry": {"type": "LineString", "coordinates": [[9.58083, 59.19992], [9.58206, 59.19928]]}, "properties": {"P": 10.08, "tau": 4.46, "tau_c": 11.65, "omega": 2.61, "M": 0.38, "D": 0.12, "R": 0.07, "sving": 0.08, "os": 0.0, "foss": 0.0, "juv": 0.0, "B": 0.79, "Q": 399.23, "w": 149.96, "h": 4.54, "S": 0.0001, "elv": "Farelva", "km": 1.9}}, {"type": "Feature", "geometry": {"type": "LineString", "coordinates": [[9.58206, 59.19928], [9.58344, 59.19873]]}, "properties": {"P": 10.3, "tau": 4.35, "tau_c": 11.65, "omega": 2.51, "M": 0.37, "D": 0.09, "R": 0.07, "sving": 0.15, "os": 0.0, "foss": 0.0, "juv": 0.0, "B": 0.79, "Q": 399.24, "w": 155.93, "h": 4.43, "S": 0.0001, "elv": "Farelva", "km": 2.0}}, {"type": "Feature", "geometry": {"type": "LineString", "coordinates": [[9.58344, 59.19873], [9.58485, 59.1982]]}, "properties": {"P": 14.3, "tau": 4.46, "tau_c": 11.65, "omega": 2.61, "M": 0.38, "D": 0.05, "R": 0.07, "sving": 0.29, "os": 0.06, "foss": 0.0, "juv": 0.0, "B": 0.79, "Q": 399.24, "w": 149.97, "h": 4.54, "S": 0.0001, "elv": "Farelva", "km": 2.1}}, {"type": "Feature", "geometry": {"type": "LineString", "coordinates": [[9.58485, 59.1982], [9.58655, 59.19809]]}, "properties": {"P": 12.68, "tau": 4.42, "tau_c": 11.65, "omega": 2.58, "M": 0.38, "D": 0.02, "R": 0.07, "sving": 0.24, "os": 0.09, "foss": 0.0, "juv": 0.0, "B": 0.79, "Q": 399.25, "w": 151.97, "h": 4.5, "S": 0.0001, "elv": "Farelva", "km": 2.2}}, {"type": "Feature", "geometry": {"type": "LineString", "coordinates": [[9.58655, 59.19809], [9.58829, 59.19807]]}, "properties": {"P": 13.8, "tau": 4.24, "tau_c": 11.65, "omega": 2.42, "M": 0.36, "D": 0.03, "R": 0.06, "sving": 0.23, "os": 0.14, "foss": 0.0, "juv": 0.0, "B": 0.79, "Q": 399.26, "w": 161.94, "h": 4.33, "S": 0.0001, "elv": "Farelva", "km": 2.3}}, {"type": "Feature", "geometry": {"type": "LineString", "coordinates": [[9.58829, 59.19807], [9.59004, 59.19805]]}, "properties": {"P": 11.0, "tau": 4.12, "tau_c": 11.65, "omega": 2.31, "M": 0.35, "D": 0.04, "R": 0.05, "sving": 0.04, "os": 0.23, "foss": 0.0, "juv": 0.0, "B": 0.79, "Q": 399.26, "w": 169.92, "h": 4.2, "S": 0.0001, "elv": "Farelva", "km": 2.4}}, {"type": "Feature", "geometry": {"type": "LineString", "coordinates": [[9.59004, 59.19805], [9.59179, 59.19803]]}, "properties": {"P": 13.51, "tau": 4.09, "tau_c": 11.65, "omega": 2.28, "M": 0.35, "D": 0.02, "R": 0.05, "sving": 0.0, "os": 0.38, "foss": 0.0, "juv": 0.0, "B": 0.79, "Q": 399.32, "w": 171.6, "h": 4.17, "S": 0.0001, "elv": "Farelva", "km": 2.5}}, {"type": "Feature", "geometry": {"type": "LineString", "coordinates": [[9.59179, 59.19803], [9.59354, 59.19801]]}, "properties": {"P": 21.64, "tau": 3.98, "tau_c": 11.65, "omega": 2.19, "M": 0.34, "D": 0.01, "R": 0.05, "sving": 0.09, "os": 0.63, "foss": 0.0, "juv": 0.0, "B": 0.79, "Q": 399.55, "w": 179.24, "h": 4.06, "S": 0.0001, "elv": "Farelva", "km": 2.6}}, {"type": "Feature", "geometry": {"type": "LineString", "coordinates": [[9.59354, 59.19801], [9.59529, 59.19799]]}, "properties": {"P": 32.21, "tau": 4.13, "tau_c": 11.65, "omega": 2.32, "M": 0.35, "D": -0.0, "R": 0.06, "sving": 0.15, "os": 0.97, "foss": 0.0, "juv": 0.0, "B": 0.78, "Q": 437.45, "w": 184.89, "h": 4.21, "S": 0.0001, "elv": "Farelva", "km": 2.7}}, {"type": "Feature", "geometry": {"type": "LineString", "coordinates": [[9.59529, 59.19799], [9.59697, 59.19818]]}, "properties": {"P": 22.02, "tau": 4.1, "tau_c": 11.65, "omega": 2.3, "M": 0.35, "D": 0.0, "R": 0.05, "sving": 0.15, "os": 0.59, "foss": 0.0, "juv": 0.0, "B": 0.78, "Q": 437.45, "w": 186.57, "h": 4.18, "S": 0.0001, "elv": "Farelva", "km": 2.8}}, {"type": "Feature", "geometry": {"type": "LineString", "coordinates": [[9.59697, 59.19818], [9.5986, 59.1985]]}, "properties": {"P": 15.97, "tau": 4.08, "tau_c": 11.65, "omega": 2.28, "M": 0.35, "D": 0.0, "R": 0.05, "sving": 0.15, "os": 0.36, "foss": 0.0, "juv": 0.0, "B": 0.78, "Q": 437.47, "w": 188.24, "h": 4.16, "S": 0.0001, "elv": "Farelva", "km": 2.9}}, {"type": "Feature", "geometry": {"type": "LineString", "coordinates": [[9.5986, 59.1985], [9.60023, 59.19882]]}, "properties": {"P": 13.24, "tau": 4.08, "tau_c": 11.65, "omega": 2.28, "M": 0.35, "D": 0.0, "R": 0.05, "sving": 0.18, "os": 0.22, "foss": 0.0, "juv": 0.0, "B": 0.78, "Q": 437.47, "w": 188.24, "h": 4.16, "S": 0.0001, "elv": "Farelva", "km": 3.0}}, {"type": "Feature", "geometry": {"type": "LineString", "coordinates": [[9.60023, 59.19882], [9.60187, 59.19914]]}, "properties": {"P": 10.5, "tau": 4.08, "tau_c": 11.65, "omega": 2.28, "M": 0.35, "D": 0.0, "R": 0.05, "sving": 0.17, "os": 0.14, "foss": 0.0, "juv": 0.0, "B": 0.78, "Q": 437.48, "w": 188.24, "h": 4.16, "S": 0.0001, "elv": "Farelva", "km": 3.1}}, {"type": "Feature", "geometry": {"type": "LineString", "coordinates": [[9.60187, 59.19914], [9.6032, 59.19972]]}, "properties": {"P": 10.97, "tau": 4.08, "tau_c": 11.65, "omega": 2.28, "M": 0.35, "D": 0.0, "R": 0.05, "sving": 0.24, "os": 0.08, "foss": 0.0, "juv": 0.0, "B": 0.78, "Q": 437.48, "w": 188.25, "h": 4.16, "S": 0.0001, "elv": "Farelva", "km": 3.2}}, {"type": "Feature", "geometry": {"type": "LineString", "coordinates": [[9.6032, 59.19972], [9.60439, 59.20036]]}, "properties": {"P": 10.15, "tau": 4.08, "tau_c": 11.65, "omega": 2.28, "M": 0.35, "D": -0.0, "R": 0.05, "sving": 0.24, "os": 0.05, "foss": 0.0, "juv": 0.0, "B": 0.78, "Q": 437.49, "w": 188.25, "h": 4.16, "S": 0.0001, "elv": "Farelva", "km": 3.3}}, {"type": "Feature", "geometry": {"type": "LineString", "coordinates": [[9.60439, 59.20036], [9.60532, 59.20112]]}, "properties": {"P": 6.53, "tau": 4.08, "tau_c": 11.65, "omega": 2.28, "M": 0.35, "D": -0.0, "R": 0.05, "sving": 0.16, "os": 0.0, "foss": 0.0, "juv": 0.0, "B": 0.78, "Q": 437.52, "w": 188.25, "h": 4.16, "S": 0.0001, "elv": "Farelva", "km": 3.4}}, {"type": "Feature", "geometry": {"type": "LineString", "coordinates": [[9.60532, 59.20112], [9.60624, 59.20188]]}, "properties": {"P": 16.31, "tau": 4.19, "tau_c": 11.65, "omega": 2.38, "M": 0.36, "D": -0.0, "R": 0.06, "sving": 0.2, "os": 0.0, "foss": 0.32, "juv": 0.0, "B": 0.78, "Q": 437.52, "w": 180.6, "h": 4.27, "S": 0.0001, "elv": "Farelva", "km": 3.5}}, {"type": "Feature", "geometry": {"type": "LineString", "coordinates": [[9.60624, 59.20188], [9.607, 59.20268]]}, "properties": {"P": 19.26, "tau": 4.34, "tau_c": 11.65, "omega": 2.51, "M": 0.37, "D": -0.0, "R": 0.07, "sving": 0.18, "os": 0.0, "foss": 0.44, "juv": 0.0, "B": 0.78, "Q": 437.54, "w": 170.95, "h": 4.42, "S": 0.0001, "elv": "Farelva", "km": 3.6}}, {"type": "Feature", "geometry": {"type": "LineString", "coordinates": [[9.607, 59.20268], [9.60739, 59.20356]]}, "properties": {"P": 26.75, "tau": 4.65, "tau_c": 11.65, "omega": 2.8, "M": 0.4, "D": -0.0, "R": 0.09, "sving": 0.31, "os": 0.0, "foss": 0.56, "juv": 0.0, "B": 0.78, "Q": 437.9, "w": 153.3, "h": 4.74, "S": 0.0001, "elv": "Farelva", "km": 3.7}}, {"type": "Feature", "geometry": {"type": "LineString", "coordinates": [[9.60739, 59.20356], [9.60754, 59.20445]]}, "properties": {"P": 29.73, "tau": 4.98, "tau_c": 11.65, "omega": 3.12, "M": 0.43, "D": -0.0, "R": 0.11, "sving": 0.35, "os": 0.0, "foss": 0.59, "juv": 0.0, "B": 0.78, "Q": 437.9, "w": 137.65, "h": 5.08, "S": 0.0001, "elv": "Farelva", "km": 3.8}}, {"type": "Feature", "geometry": {"type": "LineString", "coordinates": [[9.60754, 59.20445], [9.60866, 59.20456]]}, "properties": {"P": 34.71, "tau": 5.39, "tau_c": 11.65, "omega": 3.52, "M": 0.46, "D": -0.0, "R": 0.15, "sving": 0.57, "os": 0.0, "foss": 0.5, "juv": 0.0, "B": 0.77, "Q": 437.9, "w": 122.0, "h": 5.49, "S": 0.0001, "elv": "Farelva", "km": 3.9}}, {"type": "Feature", "geometry": {"type": "LineString", "coordinates": [[9.54352, 59.2064], [9.54454, 59.20568]]}, "properties": {"P": 21.58, "tau": 6.25, "tau_c": 11.65, "omega": 4.37, "M": 0.54, "D": 0.0, "R": 0.23, "sving": 0.22, "os": 0.17, "foss": 0.0, "juv": 0.0, "B": 0.82, "Q": 398.35, "w": 89.44, "h": 6.37, "S": 0.0001, "elv": "Meierelva", "km": 1.6}}, {"type": "Feature", "geometry": {"type": "LineString", "coordinates": [[9.54454, 59.20568], [9.54598, 59.20518]]}, "properties": {"P": 20.84, "tau": 5.04, "tau_c": 11.65, "omega": 3.16, "M": 0.43, "D": 0.06, "R": 0.12, "sving": 0.19, "os": 0.28, "foss": 0.0, "juv": 0.0, "B": 0.82, "Q": 398.6, "w": 123.64, "h": 5.14, "S": 0.0001, "elv": "Meierelva", "km": 1.7}}, {"type": "Feature", "geometry": {"type": "LineString", "coordinates": [[9.54598, 59.20518], [9.54748, 59.20472]]}, "properties": {"P": 21.78, "tau": 4.45, "tau_c": 11.65, "omega": 2.61, "M": 0.38, "D": 0.09, "R": 0.07, "sving": 0.15, "os": 0.39, "foss": 0.0, "juv": 0.0, "B": 0.82, "Q": 398.6, "w": 149.87, "h": 4.54, "S": 0.0001, "elv": "Meierelva", "km": 1.8}}, {"type": "Feature", "geometry": {"type": "LineString", "coordinates": [[9.54748, 59.20472], [9.54898, 59.20425]]}, "properties": {"P": 19.45, "tau": 4.24, "tau_c": 11.65, "omega": 2.42, "M": 0.36, "D": 0.1, "R": 0.06, "sving": 0.03, "os": 0.44, "foss": 0.0, "juv": 0.0, "B": 0.82, "Q": 398.61, "w": 161.87, "h": 4.32, "S": 0.0001, "elv": "Meierelva", "km": 1.9}}, {"type": "Feature", "geometry": {"type": "LineString", "coordinates": [[9.66019, 59.3138], [9.66131, 59.31311]]}, "properties": {"P": 39.71, "tau": 8.42, "tau_c": 23.64, "omega": 5.16, "M": 0.36, "D": 0.05, "R": 0.06, "sving": 0.61, "os": 1.0, "foss": 0.0, "juv": 0.0, "B": 0.66, "Q": 20.24, "w": 40.52, "h": 0.82, "S": 0.00105, "elv": "Opdalselva", "km": 0.0}}, {"type": "Feature", "geometry": {"type": "LineString", "coordinates": [[9.66131, 59.31311], [9.66235, 59.31239]]}, "properties": {"P": 43.88, "tau": 6.91, "tau_c": 20.48, "omega": 3.88, "M": 0.34, "D": 0.12, "R": 0.05, "sving": 0.77, "os": 0.95, "foss": 0.0, "juv": 0.0, "B": 0.66, "Q": 20.3, "w": 40.53, "h": 0.89, "S": 0.00079, "elv": "Opdalselva", "km": 0.1}}, {"type": "Feature", "geometry": {"type": "LineString", "coordinates": [[9.66235, 59.31239], [9.66217, 59.31158]]}, "properties": {"P": 35.59, "tau": 5.91, "tau_c": 18.31, "omega": 3.1, "M": 0.32, "D": 0.24, "R": 0.04, "sving": 0.56, "os": 0.64, "foss": 0.0, "juv": 0.0, "B": 0.66, "Q": 20.3, "w": 40.54, "h": 0.95, "S": 0.00063, "elv": "Opdalselva", "km": 0.2}}, {"type": "Feature", "geometry": {"type": "LineString", "coordinates": [[9.66217, 59.31158], [9.66086, 59.31099]]}, "properties": {"P": 26.77, "tau": 5.21, "tau_c": 16.72, "omega": 2.59, "M": 0.31, "D": 0.33, "R": 0.03, "sving": 0.27, "os": 0.43, "foss": 0.0, "juv": 0.0, "B": 0.66, "Q": 20.31, "w": 40.57, "h": 1.01, "S": 0.00053, "elv": "Opdalselva", "km": 0.3}}, {"type": "Feature", "geometry": {"type": "LineString", "coordinates": [[9.66047, 59.30891], [9.66209, 59.30861]]}, "properties": {"P": 8.27, "tau": 12.93, "tau_c": 30.48, "omega": 9.69, "M": 0.42, "D": 0.0, "R": 0.11, "sving": 0.09, "os": 0.1, "foss": 0.0, "juv": 0.0, "B": 0.66, "Q": 20.36, "w": 36.12, "h": 0.75, "S": 0.00175, "elv": "Opdalselva", "km": 0.7}}, {"type": "Feature", "geometry": {"type": "LineString", "coordinates": [[9.66209, 59.30861], [9.6632, 59.30807]]}, "properties": {"P": 19.41, "tau": 45.31, "tau_c": 73.02, "omega": 59.05, "M": 0.62, "D": 0.0, "R": 0.34, "sving": 0.21, "os": 0.08, "foss": 0.0, "juv": 0.0, "B": 0.66, "Q": 20.37, "w": 34.0, "h": 0.46, "S": 0.01005, "elv": "Opdalselva", "km": 0.8}}, {"type": "Feature", "geometry": {"type": "LineString", "coordinates": [[9.6632, 59.30807], [9.66347, 59.30719]]}, "properties": {"P": 28.47, "tau": 66.7, "tau_c": 91.17, "omega": 104.35, "M": 0.73, "D": 0.0, "R": 0.49, "sving": 0.39, "os": 0.06, "foss": 0.0, "juv": 0.0, "B": 0.66, "Q": 20.37, "w": 30.0, "h": 0.43, "S": 0.01567, "elv": "Opdalselva", "km": 0.9}}, {"type": "Feature", "geometry": {"type": "LineString", "coordinates": [[9.66347, 59.30719], [9.66372, 59.3063]]}, "properties": {"P": 42.67, "tau": 70.22, "tau_c": 97.33, "omega": 111.52, "M": 0.72, "D": 0.0, "R": 0.48, "sving": 0.11, "os": 0.0, "foss": 1.0, "juv": 0.0, "B": 0.66, "Q": 20.37, "w": 32.0, "h": 0.4, "S": 0.01785, "elv": "Opdalselva", "km": 1.0}}, {"type": "Feature", "geometry": {"type": "LineString", "coordinates": [[9.66372, 59.3063], [9.66403, 59.30542]]}, "properties": {"P": 44.55, "tau": 70.23, "tau_c": 97.33, "omega": 111.54, "M": 0.72, "D": 0.02, "R": 0.48, "sving": 0.17, "os": 0.0, "foss": 1.0, "juv": 0.0, "B": 0.66, "Q": 20.38, "w": 32.0, "h": 0.4, "S": 0.01785, "elv": "Opdalselva", "km": 1.1}}, {"type": "Feature", "geometry": {"type": "LineString", "coordinates": [[9.66403, 59.30542], [9.66489, 59.30467]]}, "properties": {"P": 39.49, "tau": 70.38, "tau_c": 97.63, "omega": 111.84, "M": 0.72, "D": 0.08, "R": 0.47, "sving": 0.14, "os": 0.0, "foss": 0.72, "juv": 0.0, "B": 0.66, "Q": 20.39, "w": 32.14, "h": 0.4, "S": 0.01797, "elv": "Opdalselva", "km": 1.2}}, {"type": "Feature", "geometry": {"type": "LineString", "coordinates": [[9.66489, 59.30467], [9.66588, 59.30394]]}, "properties": {"P": 36.58, "tau": 63.05, "tau_c": 92.75, "omega": 94.81, "M": 0.68, "D": 0.21, "R": 0.42, "sving": 0.14, "os": 0.0, "foss": 0.51, "juv": 0.0, "B": 0.66, "Q": 20.43, "w": 34.28, "h": 0.4, "S": 0.01621, "elv": "Opdalselva", "km": 1.3}}, {"type": "Feature", "geometry": {"type": "LineString", "coordinates": [[9.66588, 59.30394], [9.66673, 59.30316]]}, "properties": {"P": 35.9, "tau": 40.2, "tau_c": 70.99, "omega": 49.0, "M": 0.57, "D": 0.38, "R": 0.27, "sving": 0.27, "os": 0.0, "foss": 0.37, "juv": 0.0, "B": 0.66, "Q": 20.44, "w": 38.87, "h": 0.43, "S": 0.0095, "elv": "Opdalselva", "km": 1.4}}, {"type": "Feature", "geometry": {"type": "LineString", "coordinates": [[9.66673, 59.30316], [9.6664, 59.30229]]}, "properties": {"P": 30.47, "tau": 19.07, "tau_c": 42.78, "omega": 16.68, "M": 0.45, "D": 0.56, "R": 0.13, "sving": 0.4, "os": 0.0, "foss": 0.0, "juv": 0.0, "B": 0.66, "Q": 20.44, "w": 41.47, "h": 0.56, "S": 0.00345, "elv": "Opdalselva", "km": 1.5}}, {"type": "Feature", "geometry": {"type": "LineString", "coordinates": [[9.6658, 59.34225], [9.66737, 59.34188]]}, "properties": {"P": 43.62, "tau": 182.89, "tau_c": 212.11, "omega": 427.12, "M": 0.86, "D": 0.01, "R": 0.65, "sving": 1.0, "os": 0.0, "foss": 1.0, "juv": 0.0, "B": 0.41, "Q": 16.02, "w": 31.21, "h": 0.22, "S": 0.0848, "elv": "Vanebuelva", "km": 0.0}}, {"type": "Feature", "geometry": {"type": "LineString", "coordinates": [[9.66737, 59.34188], [9.66741, 59.3411]]}, "properties": {"P": 58.13, "tau": 178.53, "tau_c": 211.93, "omega": 410.61, "M": 0.84, "D": 0.02, "R": 0.63, "sving": 0.57, "os": 0.0, "foss": 1.0, "juv": 0.0, "B": 0.64, "Q": 16.03, "w": 32.42, "h": 0.21, "S": 0.08465, "elv": "Vanebuelva", "km": 0.1}}, {"type": "Feature", "geometry": {"type": "LineString", "coordinates": [[9.66741, 59.3411], [9.66668, 59.34029]]}, "properties": {"P": 58.01, "tau": 171.69, "tau_c": 200.41, "omega": 391.47, "M": 0.86, "D": 0.03, "R": 0.65, "sving": 0.53, "os": 0.0, "foss": 1.0, "juv": 0.0, "B": 0.64, "Q": 16.03, "w": 30.42, "h": 0.23, "S": 0.0757, "elv": "Vanebuelva", "km": 0.2}}, {"type": "Feature", "geometry": {"type": "LineString", "coordinates": [[9.66668, 59.34029], [9.66667, 59.3394]]}, "properties": {"P": 46.81, "tau": 166.93, "tau_c": 196.4, "omega": 376.03, "M": 0.85, "D": 0.03, "R": 0.64, "sving": 0.03, "os": 0.0, "foss": 1.0, "juv": 0.0, "B": 0.64, "Q": 16.04, "w": 30.42, "h": 0.23, "S": 0.0727, "elv": "Vanebuelva", "km": 0.3}}, {"type": "Feature", "geometry": {"type": "LineString", "coordinates": [[9.66667, 59.3394], [9.6662, 59.33853]]}, "properties": {"P": 57.88, "tau": 169.92, "tau_c": 202.37, "omega": 383.78, "M": 0.84, "D": 0.05, "R": 0.63, "sving": 0.47, "os": 0.06, "foss": 1.0, "juv": 0.0, "B": 0.64, "Q": 16.04, "w": 31.64, "h": 0.22, "S": 0.07719, "elv": "Vanebuelva", "km": 0.4}}, {"type": "Feature", "geometry": {"type": "LineString", "coordinates": [[9.6662, 59.33853], [9.6661, 59.33766]]}, "properties": {"P": 59.17, "tau": 164.81, "tau_c": 188.94, "omega": 372.34, "M": 0.87, "D": 0.11, "R": 0.66, "sving": 0.36, "os": 0.08, "foss": 1.0, "juv": 0.0, "B": 0.64, "Q": 16.04, "w": 28.44, "h": 0.25, "S": 0.06728, "elv": "Vanebuelva", "km": 0.5}}, {"type": "Feature", "geometry": {"type": "LineString", "coordinates": [[9.6661, 59.33766], [9.66734, 59.33708]]}, "properties": {"P": 58.88, "tau": 125.91, "tau_c": 155.64, "omega": 253.23, "M": 0.81, "D": 0.21, "R": 0.59, "sving": 0.29, "os": 0.12, "foss": 1.0, "juv": 0.0, "B": 0.64, "Q": 16.13, "w": 28.53, "h": 0.28, "S": 0.04565, "elv": "Vanebuelva", "km": 0.6}}, {"type": "Feature", "geometry": {"type": "LineString", "coordinates": [[9.66734, 59.33708], [9.66873, 59.33656]]}, "properties": {"P": 47.83, "tau": 93.22, "tau_c": 130.67, "omega": 162.77, "M": 0.71, "D": 0.28, "R": 0.46, "sving": 0.11, "os": 0.19, "foss": 0.72, "juv": 0.0, "B": 0.65, "Q": 16.42, "w": 31.85, "h": 0.3, "S": 0.03218, "elv": "Vanebuelva", "km": 0.7}}, {"type": "Feature", "geometry": {"type": "LineString", "coordinates": [[9.66873, 59.33656], [9.66954, 59.33584]]}, "properties": {"P": 47.95, "tau": 78.53, "tau_c": 117.62, "omega": 126.68, "M": 0.67, "D": 0.34, "R": 0.4, "sving": 0.25, "os": 0.3, "foss": 0.51, "juv": 0.0, "B": 0.65, "Q": 16.43, "w": 33.18, "h": 0.31, "S": 0.02607, "elv": "Vanebuelva", "km": 0.8}}, {"type": "Feature", "geometry": {"type": "LineString", "coordinates": [[9.66954, 59.33584], [9.66995, 59.33498]]}, "properties": {"P": 48.29, "tau": 57.15, "tau_c": 93.45, "omega": 80.38, "M": 0.61, "D": 0.24, "R": 0.33, "sving": 0.5, "os": 0.47, "foss": 0.37, "juv": 0.0, "B": 0.65, "Q": 16.58, "w": 33.29, "h": 0.35, "S": 0.01646, "elv": "Vanebuelva", "km": 0.9}}, {"type": "Feature", "geometry": {"type": "LineString", "coordinates": [[9.66995, 59.33498], [9.67026, 59.3341]]}, "properties": {"P": 32.53, "tau": 21.26, "tau_c": 45.96, "omega": 19.45, "M": 0.46, "D": 0.13, "R": 0.15, "sving": 0.3, "os": 0.77, "foss": 0.0, "juv": 0.0, "B": 0.65, "Q": 16.58, "w": 33.29, "h": 0.54, "S": 0.00398, "elv": "Vanebuelva", "km": 1.0}}, {"type": "Feature", "geometry": {"type": "LineString", "coordinates": [[9.67026, 59.3341], [9.66961, 59.33329]]}, "properties": {"P": 36.75, "tau": 85.32, "tau_c": 122.24, "omega": 143.53, "M": 0.7, "D": 0.0, "R": 0.44, "sving": 0.14, "os": 0.79, "foss": 0.0, "juv": 0.0, "B": 0.65, "Q": 16.62, "w": 32.0, "h": 0.31, "S": 0.02816, "elv": "Vanebuelva", "km": 1.1}}, {"type": "Feature", "geometry": {"type": "LineString", "coordinates": [[9.66961, 59.33329], [9.66913, 59.33243]]}, "properties": {"P": 30.53, "tau": 97.57, "tau_c": 132.07, "omega": 174.87, "M": 0.74, "D": 0.0, "R": 0.5, "sving": 0.06, "os": 0.5, "foss": 0.0, "juv": 0.0, "B": 0.65, "Q": 16.63, "w": 30.67, "h": 0.3, "S": 0.03288, "elv": "Vanebuelva", "km": 1.2}}, {"type": "Feature", "geometry": {"type": "LineString", "coordinates": [[9.66913, 59.33243], [9.66892, 59.33155]]}, "properties": {"P": 51.86, "tau": 98.89, "tau_c": 133.37, "omega": 178.27, "M": 0.74, "D": 0.0, "R": 0.5, "sving": 0.21, "os": 0.3, "foss": 1.0, "juv": 0.0, "B": 0.65, "Q": 16.63, "w": 30.68, "h": 0.3, "S": 0.03353, "elv": "Vanebuelva", "km": 1.3}}, {"type": "Feature", "geometry": {"type": "LineString", "coordinates": [[9.66892, 59.33155], [9.66948, 59.33071]]}, "properties": {"P": 45.66, "tau": 105.42, "tau_c": 139.74, "omega": 195.35, "M": 0.75, "D": 0.0, "R": 0.52, "sving": 0.04, "os": 0.45, "foss": 0.72, "juv": 0.0, "B": 0.65, "Q": 16.64, "w": 30.75, "h": 0.29, "S": 0.03681, "elv": "Vanebuelva", "km": 1.4}}, {"type": "Feature", "geometry": {"type": "LineString", "coordinates": [[9.66948, 59.33071], [9.66979, 59.32983]]}, "properties": {"P": 47.73, "tau": 100.85, "tau_c": 141.71, "omega": 180.93, "M": 0.71, "D": 0.05, "R": 0.46, "sving": 0.09, "os": 0.73, "foss": 0.51, "juv": 0.0, "B": 0.65, "Q": 16.64, "w": 34.16, "h": 0.27, "S": 0.03785, "elv": "Vanebuelva", "km": 1.5}}, {"type": "Feature", "geometry": {"type": "LineString", "coordinates": [[9.66979, 59.32983], [9.66952, 59.32895]]}, "properties": {"P": 56.85, "tau": 107.49, "tau_c": 149.93, "omega": 197.68, "M": 0.72, "D": 0.1, "R": 0.47, "sving": 0.47, "os": 0.83, "foss": 0.37, "juv": 0.0, "B": 0.65, "Q": 16.92, "w": 35.58, "h": 0.26, "S": 0.04237, "elv": "Vanebuelva", "km": 1.6}}, {"type": "Feature", "geometry": {"type": "LineString", "coordinates": [[9.66952, 59.32895], [9.6689, 59.32812]]}, "properties": {"P": 32.61, "tau": 74.7, "tau_c": 117.48, "omega": 116.82, "M": 0.64, "D": 0.15, "R": 0.36, "sving": 0.17, "os": 0.51, "foss": 0.0, "juv": 0.0, "B": 0.65, "Q": 16.94, "w": 37.0, "h": 0.29, "S": 0.02601, "elv": "Vanebuelva", "km": 1.7}}, {"type": "Feature", "geometry": {"type": "LineString", "coordinates": [[9.6689, 59.32812], [9.66752, 59.32758]]}, "properties": {"P": 30.46, "tau": 67.73, "tau_c": 109.44, "omega": 101.53, "M": 0.62, "D": 0.1, "R": 0.34, "sving": 0.13, "os": 0.56, "foss": 0.0, "juv": 0.0, "B": 0.65, "Q": 17.0, "w": 37.08, "h": 0.31, "S": 0.02258, "elv": "Vanebuelva", "km": 1.8}}, {"type": "Feature", "geometry": {"type": "LineString", "coordinates": [[9.66752, 59.32758], [9.66705, 59.32673]]}, "properties": {"P": 62.34, "tau": 82.76, "tau_c": 126.37, "omega": 135.3, "M": 0.65, "D": 0.05, "R": 0.39, "sving": 0.21, "os": 0.9, "foss": 1.0, "juv": 0.0, "B": 0.65, "Q": 17.0, "w": 37.1, "h": 0.28, "S": 0.0301, "elv": "Vanebuelva", "km": 1.9}}, {"type": "Feature", "geometry": {"type": "LineString", "coordinates": [[9.66705, 59.32673], [9.66625, 59.32596]]}, "properties": {"P": 50.98, "tau": 84.87, "tau_c": 128.65, "omega": 140.28, "M": 0.66, "D": 0.0, "R": 0.39, "sving": 0.27, "os": 0.67, "foss": 0.72, "juv": 0.0, "B": 0.65, "Q": 17.02, "w": 37.12, "h": 0.28, "S": 0.03119, "elv": "Vanebuelva", "km": 2.0}}, {"type": "Feature", "geometry": {"type": "LineString", "coordinates": [[9.66625, 59.32596], [9.66484, 59.32542]]}, "properties": {"P": 46.72, "tau": 92.91, "tau_c": 137.26, "omega": 159.69, "M": 0.68, "D": 0.0, "R": 0.42, "sving": 0.01, "os": 0.42, "foss": 1.0, "juv": 0.0, "B": 0.65, "Q": 17.02, "w": 37.13, "h": 0.27, "S": 0.03551, "elv": "Vanebuelva", "km": 2.1}}, {"type": "Feature", "geometry": {"type": "LineString", "coordinates": [[9.66484, 59.32542], [9.6645, 59.32455]]}, "properties": {"P": 36.32, "tau": 84.5, "tau_c": 128.24, "omega": 139.39, "M": 0.66, "D": 0.0, "R": 0.39, "sving": 0.01, "os": 0.27, "foss": 0.72, "juv": 0.0, "B": 0.65, "Q": 17.02, "w": 37.13, "h": 0.28, "S": 0.03099, "elv": "Vanebuelva", "km": 2.2}}, {"type": "Feature", "geometry": {"type": "LineString", "coordinates": [[9.6645, 59.32455], [9.66407, 59.32369]]}, "properties": {"P": 42.93, "tau": 90.45, "tau_c": 134.63, "omega": 153.68, "M": 0.67, "D": 0.0, "R": 0.41, "sving": 0.1, "os": 0.17, "foss": 1.0, "juv": 0.0, "B": 0.65, "Q": 17.03, "w": 37.14, "h": 0.27, "S": 0.03416, "elv": "Vanebuelva", "km": 2.3}}, {"type": "Feature", "geometry": {"type": "LineString", "coordinates": [[9.66407, 59.32369], [9.6632, 59.32292]]}, "properties": {"P": 43.69, "tau": 125.76, "tau_c": 170.44, "omega": 246.35, "M": 0.74, "D": 0.0, "R": 0.5, "sving": 0.28, "os": 0.16, "foss": 0.72, "juv": 0.0, "B": 0.65, "Q": 17.04, "w": 37.14, "h": 0.23, "S": 0.05475, "elv": "Vanebuelva", "km": 2.4}}, {"type": "Feature", "geometry": {"type": "LineString", "coordinates": [[9.6632, 59.32292], [9.66158, 59.32259]]}, "properties": {"P": 51.83, "tau": 127.57, "tau_c": 172.19, "omega": 251.43, "M": 0.74, "D": 0.0, "R": 0.5, "sving": 0.26, "os": 0.25, "foss": 1.0, "juv": 0.0, "B": 0.65, "Q": 17.04, "w": 37.15, "h": 0.23, "S": 0.05588, "elv": "Vanebuelva", "km": 2.5}}, {"type": "Feature", "geometry": {"type": "LineString", "coordinates": [[9.66158, 59.32259], [9.66017, 59.32207]]}, "properties": {"P": 53.12, "tau": 123.19, "tau_c": 165.09, "omega": 240.39, "M": 0.75, "D": 0.01, "R": 0.51, "sving": 0.15, "os": 0.4, "foss": 1.0, "juv": 0.0, "B": 0.65, "Q": 17.04, "w": 35.72, "h": 0.24, "S": 0.05137, "elv": "Vanebuelva", "km": 2.6}}, {"type": "Feature", "geometry": {"type": "LineString", "coordinates": [[9.66017, 59.32207], [9.65875, 59.32155]]}, "properties": {"P": 62.25, "tau": 121.75, "tau_c": 163.79, "omega": 236.34, "M": 0.74, "D": 0.03, "R": 0.5, "sving": 0.29, "os": 0.65, "foss": 1.0, "juv": 0.0, "B": 0.65, "Q": 17.04, "w": 35.77, "h": 0.25, "S": 0.05057, "elv": "Vanebuelva", "km": 2.7}}, {"type": "Feature", "geometry": {"type": "LineString", "coordinates": [[9.65875, 59.32155], [9.65736, 59.32102]]}, "properties": {"P": 65.68, "tau": 126.52, "tau_c": 167.79, "omega": 249.97, "M": 0.75, "D": 0.09, "R": 0.52, "sving": 0.34, "os": 0.93, "foss": 0.72, "juv": 0.0, "B": 0.65, "Q": 17.2, "w": 35.82, "h": 0.24, "S": 0.05306, "elv": "Vanebuelva", "km": 2.8}}, {"type": "Feature", "geometry": {"type": "LineString", "coordinates": [[9.65736, 59.32102], [9.65665, 59.32023]]}, "properties": {"P": 54.08, "tau": 103.95, "tau_c": 145.62, "omega": 188.73, "M": 0.71, "D": 0.22, "R": 0.46, "sving": 0.3, "os": 0.57, "foss": 0.51, "juv": 0.0, "B": 0.65, "Q": 17.27, "w": 35.87, "h": 0.27, "S": 0.03997, "elv": "Vanebuelva", "km": 2.9}}, {"type": "Feature", "geometry": {"type": "LineString", "coordinates": [[9.65665, 59.32023], [9.65658, 59.31934]]}, "properties": {"P": 43.4, "tau": 64.17, "tau_c": 103.23, "omega": 94.52, "M": 0.62, "D": 0.33, "R": 0.34, "sving": 0.23, "os": 0.36, "foss": 0.37, "juv": 0.0, "B": 0.65, "Q": 17.27, "w": 36.0, "h": 0.33, "S": 0.02009, "elv": "Vanebuelva", "km": 3.0}}, {"type": "Feature", "geometry": {"type": "LineString", "coordinates": [[9.65658, 59.31934], [9.65632, 59.31845]]}, "properties": {"P": 27.35, "tau": 41.14, "tau_c": 76.49, "omega": 49.72, "M": 0.54, "D": 0.36, "R": 0.23, "sving": 0.13, "os": 0.24, "foss": 0.0, "juv": 0.0, "B": 0.65, "Q": 17.27, "w": 37.57, "h": 0.38, "S": 0.01103, "elv": "Vanebuelva", "km": 3.1}}, {"type": "Feature", "geometry": {"type": "LineString", "coordinates": [[9.65632, 59.31845], [9.65575, 59.3176]]}, "properties": {"P": 32.4, "tau": 43.31, "tau_c": 78.72, "omega": 53.66, "M": 0.55, "D": 0.28, "R": 0.25, "sving": 0.53, "os": 0.15, "foss": 0.0, "juv": 0.0, "B": 0.65, "Q": 17.64, "w": 37.66, "h": 0.38, "S": 0.01168, "elv": "Vanebuelva", "km": 3.2}}, {"type": "Feature", "geometry": {"type": "LineString", "coordinates": [[9.65575, 59.3176], [9.6556, 59.31677]]}, "properties": {"P": 28.42, "tau": 30.68, "tau_c": 61.47, "omega": 32.73, "M": 0.5, "D": 0.2, "R": 0.19, "sving": 0.62, "os": 0.09, "foss": 0.0, "juv": 0.0, "B": 0.65, "Q": 17.68, "w": 37.75, "h": 0.44, "S": 0.00712, "elv": "Vanebuelva", "km": 3.3}}, {"type": "Feature", "geometry": {"type": "LineString", "coordinates": [[9.6556, 59.31677], [9.65732, 59.3166]]}, "properties": {"P": 27.54, "tau": 31.72, "tau_c": 63.04, "omega": 34.33, "M": 0.5, "D": 0.13, "R": 0.19, "sving": 0.63, "os": 0.12, "foss": 0.0, "juv": 0.0, "B": 0.65, "Q": 17.68, "w": 37.85, "h": 0.43, "S": 0.00749, "elv": "Vanebuelva", "km": 3.4}}, {"type": "Feature", "geometry": {"type": "LineString", "coordinates": [[9.65732, 59.3166], [9.65907, 59.31653]]}, "properties": {"P": 18.13, "tau": 30.2, "tau_c": 59.7, "omega": 32.15, "M": 0.51, "D": 0.13, "R": 0.19, "sving": 0.15, "os": 0.17, "foss": 0.0, "juv": 0.0, "B": 0.65, "Q": 17.7, "w": 36.29, "h": 0.46, "S": 0.00672, "elv": "Vanebuelva", "km": 3.5}}, {"type": "Feature", "geometry": {"type": "LineString", "coordinates": [[9.65907, 59.31653], [9.66073, 59.31634]]}, "properties": {"P": 28.9, "tau": 23.64, "tau_c": 50.09, "omega": 22.63, "M": 0.47, "D": 0.11, "R": 0.16, "sving": 0.68, "os": 0.21, "foss": 0.0, "juv": 0.0, "B": 0.65, "Q": 17.7, "w": 36.29, "h": 0.51, "S": 0.00473, "elv": "Vanebuelva", "km": 3.6}}, {"type": "Feature", "geometry": {"type": "LineString", "coordinates": [[9.66073, 59.31634], [9.66125, 59.31551]]}, "properties": {"P": 27.64, "tau": 24.83, "tau_c": 51.88, "omega": 24.28, "M": 0.48, "D": 0.08, "R": 0.16, "sving": 0.63, "os": 0.24, "foss": 0.0, "juv": 0.0, "B": 0.65, "Q": 17.7, "w": 36.29, "h": 0.5, "S": 0.00507, "elv": "Vanebuelva", "km": 3.7}}, {"type": "Feature", "geometry": {"type": "LineString", "coordinates": [[9.66125, 59.31551], [9.66051, 59.31472]]}, "properties": {"P": 29.44, "tau": 23.72, "tau_c": 50.52, "omega": 22.69, "M": 0.47, "D": 0.1, "R": 0.15, "sving": 0.58, "os": 0.37, "foss": 0.0, "juv": 0.0, "B": 0.65, "Q": 17.7, "w": 36.82, "h": 0.5, "S": 0.00481, "elv": "Vanebuelva", "km": 3.8}}, {"type": "Feature", "geometry": {"type": "LineString", "coordinates": [[9.66051, 59.31472], [9.66018, 59.31385]]}, "properties": {"P": 28.51, "tau": 27.47, "tau_c": 56.49, "omega": 27.97, "M": 0.49, "D": 0.12, "R": 0.17, "sving": 0.25, "os": 0.59, "foss": 0.0, "juv": 0.0, "B": 0.65, "Q": 17.7, "w": 37.34, "h": 0.47, "S": 0.00601, "elv": "Vanebuelva", "km": 3.9}}, {"type": "Feature", "geometry": {"type": "LineString", "coordinates": [[9.80753, 59.38757], [9.80849, 59.38684]]}, "properties": {"P": 9.82, "tau": 36.51, "tau_c": 99.27, "omega": 37.27, "M": 0.37, "D": 0.0, "R": 0.06, "sving": 0.73, "os": 0.0, "foss": 0.0, "juv": 0.0, "B": 0.35, "Q": 3.39, "w": 16.58, "h": 0.2, "S": 0.01857, "elv": "Skibberdalselva", "km": 0.0}}, {"type": "Feature", "geometry": {"type": "LineString", "coordinates": [[9.80849, 59.38684], [9.8097, 59.3863]]}, "properties": {"P": 10.87, "tau": 36.5, "tau_c": 99.27, "omega": 37.25, "M": 0.37, "D": 0.0, "R": 0.06, "sving": 0.49, "os": 0.0, "foss": 0.0, "juv": 0.0, "B": 0.54, "Q": 3.39, "w": 16.6, "h": 0.2, "S": 0.01857, "elv": "Skibberdalselva", "km": 0.1}}, {"type": "Feature", "geometry": {"type": "LineString", "coordinates": [[9.8097, 59.3863], [9.8114, 59.3863]]}, "properties": {"P": 29.21, "tau": 36.49, "tau_c": 99.27, "omega": 37.23, "M": 0.37, "D": 0.0, "R": 0.06, "sving": 0.49, "os": 0.0, "foss": 1.0, "juv": 0.0, "B": 0.54, "Q": 3.4, "w": 16.63, "h": 0.2, "S": 0.01857, "elv": "Skibberdalselva", "km": 0.2}}, {"type": "Feature", "geometry": {"type": "LineString", "coordinates": [[9.80404, 59.36449], [9.80414, 59.36536]]}, "properties": {"P": 17.05, "tau": 62.15, "tau_c": 170.0, "omega": 75.78, "M": 0.37, "D": 0.0, "R": 0.06, "sving": 0.42, "os": 0.07, "foss": 1.0, "juv": 0.0, "B": 0.31, "Q": 1.63, "w": 11.51, "h": 0.12, "S": 0.05447, "elv": "bekk", "km": 0.0}}, {"type": "Feature", "geometry": {"type": "LineString", "coordinates": [[9.80414, 59.36536], [9.80399, 59.36624]]}, "properties": {"P": 20.87, "tau": 61.71, "tau_c": 169.1, "omega": 75.02, "M": 0.36, "D": 0.0, "R": 0.06, "sving": 0.04, "os": 0.11, "foss": 1.0, "juv": 0.0, "B": 0.49, "Q": 1.64, "w": 11.52, "h": 0.12, "S": 0.0539, "elv": "bekk", "km": 0.1}}, {"type": "Feature", "geometry": {"type": "LineString", "coordinates": [[9.80399, 59.36624], [9.80314, 59.36702]]}, "properties": {"P": 24.71, "tau": 64.71, "tau_c": 174.82, "omega": 80.33, "M": 0.37, "D": 0.0, "R": 0.07, "sving": 0.2, "os": 0.18, "foss": 1.0, "juv": 0.0, "B": 0.49, "Q": 1.64, "w": 11.54, "h": 0.11, "S": 0.05761, "elv": "bekk", "km": 0.2}}, {"type": "Feature", "geometry": {"type": "LineString", "coordinates": [[9.80314, 59.36702], [9.80336, 59.36784]]}, "properties": {"P": 28.8, "tau": 70.36, "tau_c": 184.97, "omega": 90.66, "M": 0.38, "D": 0.01, "R": 0.07, "sving": 0.36, "os": 0.24, "foss": 1.0, "juv": 0.0, "B": 0.49, "Q": 1.66, "w": 11.56, "h": 0.11, "S": 0.06448, "elv": "bekk", "km": 0.3}}, {"type": "Feature", "geometry": {"type": "LineString", "coordinates": [[9.80336, 59.36784], [9.80433, 59.36859]]}, "properties": {"P": 39.82, "tau": 69.29, "tau_c": 191.21, "omega": 87.59, "M": 0.36, "D": 0.01, "R": 0.06, "sving": 0.92, "os": 0.35, "foss": 1.0, "juv": 0.0, "B": 0.49, "Q": 1.66, "w": 12.81, "h": 0.1, "S": 0.06891, "elv": "bekk", "km": 0.4}}, {"type": "Feature", "geometry": {"type": "LineString", "coordinates": [[9.80433, 59.36859], [9.80564, 59.36916]]}, "properties": {"P": 39.47, "tau": 62.14, "tau_c": 184.16, "omega": 74.07, "M": 0.34, "D": 0.01, "R": 0.05, "sving": 0.7, "os": 0.57, "foss": 1.0, "juv": 0.0, "B": 0.49, "Q": 1.66, "w": 14.05, "h": 0.1, "S": 0.06393, "elv": "bekk", "km": 0.5}}, {"type": "Feature", "geometry": {"type": "LineString", "coordinates": [[9.80564, 59.36916], [9.80716, 59.36885]]}, "properties": {"P": 50.38, "tau": 86.05, "tau_c": 166.94, "omega": 131.01, "M": 0.52, "D": 0.0, "R": 0.21, "sving": 0.42, "os": 0.94, "foss": 1.0, "juv": 0.0, "B": 0.55, "Q": 3.89, "w": 15.29, "h": 0.17, "S": 0.05253, "elv": "bekk", "km": 0.6}}, {"type": "Feature", "geometry": {"type": "LineString", "coordinates": [[9.80716, 59.36885], [9.80872, 59.36847]]}, "properties": {"P": 38.51, "tau": 82.18, "tau_c": 167.06, "omega": 121.51, "M": 0.49, "D": 0.06, "R": 0.18, "sving": 0.32, "os": 0.65, "foss": 0.72, "juv": 0.0, "B": 0.55, "Q": 3.89, "w": 16.52, "h": 0.16, "S": 0.0526, "elv": "bekk", "km": 0.7}}, {"type": "Feature", "geometry": {"type": "LineString", "coordinates": [[9.80872, 59.36847], [9.81044, 59.36835]]}, "properties": {"P": 26.9, "tau": 73.41, "tau_c": 158.98, "omega": 102.46, "M": 0.46, "D": 0.13, "R": 0.15, "sving": 0.12, "os": 0.4, "foss": 0.51, "juv": 0.0, "B": 0.55, "Q": 3.89, "w": 17.76, "h": 0.16, "S": 0.04764, "elv": "bekk", "km": 0.8}}, {"type": "Feature", "geometry": {"type": "LineString", "coordinates": [[9.76149, 59.37441], [9.76157, 59.37383]]}, "properties": {"P": 22.63, "tau": 57.42, "tau_c": 159.35, "omega": 67.84, "M": 0.36, "D": 0.01, "R": 0.06, "sving": 1.0, "os": 0.0, "foss": 1.0, "juv": 0.0, "B": 0.32, "Q": 1.69, "w": 11.71, "h": 0.12, "S": 0.04786, "elv": "Kolselva", "km": 0.0}}, {"type": "Feature", "geometry": {"type": "LineString", "coordinates": [[9.76157, 59.37383], [9.76322, 59.37412]]}, "properties": {"P": 31.77, "tau": 58.74, "tau_c": 161.98, "omega": 70.07, "M": 0.36, "D": 0.03, "R": 0.06, "sving": 0.76, "os": 0.0, "foss": 1.0, "juv": 0.0, "B": 0.49, "Q": 1.69, "w": 11.71, "h": 0.12, "S": 0.04945, "elv": "Kolselva", "km": 0.1}}, {"type": "Feature", "geometry": {"type": "LineString", "coordinates": [[9.76322, 59.37412], [9.76493, 59.37433]]}, "properties": {"P": 25.43, "tau": 54.57, "tau_c": 153.63, "omega": 63.07, "M": 0.36, "D": 0.07, "R": 0.06, "sving": 0.61, "os": 0.0, "foss": 0.72, "juv": 0.0, "B": 0.49, "Q": 1.69, "w": 11.72, "h": 0.13, "S": 0.04449, "elv": "Kolselva", "km": 0.2}}, {"type": "Feature", "geometry": {"type": "LineString", "coordinates": [[9.76493, 59.37433], [9.76668, 59.37434]]}, "properties": {"P": 22.63, "tau": 49.18, "tau_c": 142.52, "omega": 54.34, "M": 0.35, "D": 0.12, "R": 0.05, "sving": 0.1, "os": 0.0, "foss": 1.0, "juv": 0.0, "B": 0.49, "Q": 1.7, "w": 11.72, "h": 0.13, "S": 0.03828, "elv": "Kolselva", "km": 0.3}}, {"type": "Feature", "geometry": {"type": "LineString", "coordinates": [[9.76668, 59.37434], [9.76841, 59.37445]]}, "properties": {"P": 18.79, "tau": 43.3, "tau_c": 130.18, "omega": 45.26, "M": 0.33, "D": 0.16, "R": 0.04, "sving": 0.12, "os": 0.0, "foss": 0.72, "juv": 0.0, "B": 0.49, "Q": 1.7, "w": 11.78, "h": 0.14, "S": 0.03194, "elv": "Kolselva", "km": 0.4}}, {"type": "Feature", "geometry": {"type": "LineString", "coordinates": [[9.76841, 59.37445], [9.77002, 59.3745]]}, "properties": {"P": 14.93, "tau": 36.56, "tau_c": 115.45, "omega": 35.5, "M": 0.32, "D": 0.21, "R": 0.03, "sving": 0.05, "os": 0.0, "foss": 0.51, "juv": 0.0, "B": 0.49, "Q": 1.7, "w": 11.83, "h": 0.15, "S": 0.02512, "elv": "Kolselva", "km": 0.5}}, {"type": "Feature", "geometry": {"type": "LineString", "coordinates": [[9.77002, 59.3745], [9.77176, 59.37442]]}, "properties": {"P": 14.39, "tau": 32.08, "tau_c": 103.71, "omega": 29.55, "M": 0.31, "D": 0.25, "R": 0.03, "sving": 0.1, "os": 0.0, "foss": 0.37, "juv": 0.0, "B": 0.49, "Q": 1.77, "w": 11.88, "h": 0.16, "S": 0.02027, "elv": "Kolselva", "km": 0.6}}, {"type": "Feature", "geometry": {"type": "LineString", "coordinates": [[9.78183, 59.37415], [9.78357, 59.37421]]}, "properties": {"P": 11.14, "tau": 34.58, "tau_c": 106.72, "omega": 33.19, "M": 0.32, "D": -0.0, "R": 0.04, "sving": 0.07, "os": 0.0, "foss": 0.51, "juv": 0.0, "B": 0.5, "Q": 2.01, "w": 12.76, "h": 0.16, "S": 0.02147, "elv": "Kolselva", "km": 1.3}}, {"type": "Feature", "geometry": {"type": "LineString", "coordinates": [[9.78357, 59.37421], [9.78526, 59.37443]]}, "properties": {"P": 8.02, "tau": 36.16, "tau_c": 110.35, "omega": 35.39, "M": 0.33, "D": -0.0, "R": 0.04, "sving": 0.03, "os": 0.0, "foss": 0.37, "juv": 0.0, "B": 0.5, "Q": 2.01, "w": 12.81, "h": 0.16, "S": 0.02295, "elv": "Kolselva", "km": 1.4}}, {"type": "Feature", "geometry": {"type": "LineString", "coordinates": [[9.78526, 59.37443], [9.787, 59.37449]]}, "properties": {"P": 19.73, "tau": 48.42, "tau_c": 135.9, "omega": 53.79, "M": 0.36, "D": -0.0, "R": 0.06, "sving": 0.06, "os": 0.0, "foss": 1.0, "juv": 0.0, "B": 0.5, "Q": 2.02, "w": 12.85, "h": 0.14, "S": 0.03481, "elv": "Kolselva", "km": 1.5}}, {"type": "Feature", "geometry": {"type": "LineString", "coordinates": [[9.787, 59.37449], [9.78876, 59.37445]]}, "properties": {"P": 16.68, "tau": 55.4, "tau_c": 148.39, "omega": 65.44, "M": 0.37, "D": -0.0, "R": 0.07, "sving": 0.14, "os": 0.0, "foss": 0.72, "juv": 0.0, "B": 0.51, "Q": 2.07, "w": 12.89, "h": 0.14, "S": 0.0415, "elv": "Kolselva", "km": 1.6}}, {"type": "Feature", "geometry": {"type": "LineString", "coordinates": [[9.78876, 59.37445], [9.79051, 59.37439]]}, "properties": {"P": 20.64, "tau": 81.9, "tau_c": 196.68, "omega": 114.54, "M": 0.42, "D": -0.0, "R": 0.1, "sving": 0.03, "os": 0.0, "foss": 1.0, "juv": 0.0, "B": 0.51, "Q": 2.07, "w": 12.94, "h": 0.11, "S": 0.07291, "elv": "Kolselva", "km": 1.7}}, {"type": "Feature", "geometry": {"type": "LineString", "coordinates": [[9.79051, 59.37439], [9.79225, 59.37427]]}, "properties": {"P": 20.7, "tau": 80.62, "tau_c": 194.66, "omega": 111.94, "M": 0.41, "D": -0.0, "R": 0.1, "sving": 0.04, "os": 0.0, "foss": 1.0, "juv": 0.0, "B": 0.51, "Q": 2.08, "w": 13.0, "h": 0.12, "S": 0.07142, "elv": "Kolselva", "km": 1.8}}, {"type": "Feature", "geometry": {"type": "LineString", "coordinates": [[9.79225, 59.37427], [9.79399, 59.3744]]}, "properties": {"P": 21.01, "tau": 83.68, "tau_c": 199.24, "omega": 118.22, "M": 0.42, "D": -0.0, "R": 0.11, "sving": 0.04, "os": 0.0, "foss": 1.0, "juv": 0.0, "B": 0.51, "Q": 2.1, "w": 13.03, "h": 0.11, "S": 0.07482, "elv": "Kolselva", "km": 1.9}}, {"type": "Feature", "geometry": {"type": "LineString", "coordinates": [[9.79399, 59.3744], [9.79566, 59.37428]]}, "properties": {"P": 16.85, "tau": 92.3, "tau_c": 213.47, "omega": 136.09, "M": 0.43, "D": 0.0, "R": 0.12, "sving": 0.06, "os": 0.0, "foss": 0.72, "juv": 0.0, "B": 0.51, "Q": 2.11, "w": 13.06, "h": 0.11, "S": 0.08589, "elv": "Kolselva", "km": 2.0}}, {"type": "Feature", "geometry": {"type": "LineString", "coordinates": [[9.79566, 59.37428], [9.79738, 59.37412]]}, "properties": {"P": 26.99, "tau": 83.71, "tau_c": 198.86, "omega": 118.37, "M": 0.42, "D": 0.06, "R": 0.11, "sving": 0.31, "os": 0.0, "foss": 1.0, "juv": 0.0, "B": 0.51, "Q": 2.12, "w": 13.09, "h": 0.11, "S": 0.07454, "elv": "Kolselva", "km": 2.1}}, {"type": "Feature", "geometry": {"type": "LineString", "coordinates": [[9.79738, 59.37412], [9.79903, 59.37385]]}, "properties": {"P": 29.21, "tau": 83.09, "tau_c": 197.85, "omega": 117.1, "M": 0.42, "D": 0.09, "R": 0.11, "sving": 0.39, "os": 0.0, "foss": 1.0, "juv": 0.0, "B": 0.51, "Q": 2.12, "w": 13.11, "h": 0.11, "S": 0.07378, "elv": "Kolselva", "km": 2.2}}, {"type": "Feature", "geometry": {"type": "LineString", "coordinates": [[9.79903, 59.37385], [9.80039, 59.37329]]}, "properties": {"P": 29.19, "tau": 59.62, "tau_c": 156.0, "omega": 72.77, "M": 0.38, "D": 0.14, "R": 0.07, "sving": 0.38, "os": 0.0, "foss": 1.0, "juv": 0.0, "B": 0.51, "Q": 2.13, "w": 13.17, "h": 0.13, "S": 0.04587, "elv": "Kolselva", "km": 2.3}}, {"type": "Feature", "geometry": {"type": "LineString", "coordinates": [[9.80039, 59.37329], [9.80105, 59.37247]]}, "properties": {"P": 24.75, "tau": 66.26, "tau_c": 168.45, "omega": 84.64, "M": 0.39, "D": 0.1, "R": 0.08, "sving": 0.16, "os": 0.0, "foss": 1.0, "juv": 0.0, "B": 0.51, "Q": 2.13, "w": 13.22, "h": 0.13, "S": 0.05348, "elv": "Kolselva", "km": 2.4}}, {"type": "Feature", "geometry": {"type": "LineString", "coordinates": [[9.80105, 59.37247], [9.80169, 59.37164]]}, "properties": {"P": 20.41, "tau": 62.27, "tau_c": 159.29, "omega": 77.7, "M": 0.39, "D": 0.09, "R": 0.08, "sving": 0.2, "os": 0.0, "foss": 0.72, "juv": 0.0, "B": 0.51, "Q": 2.2, "w": 13.28, "h": 0.13, "S": 0.04783, "elv": "Kolselva", "km": 2.5}}, {"type": "Feature", "geometry": {"type": "LineString", "coordinates": [[9.80169, 59.37164], [9.80296, 59.37105]]}, "properties": {"P": 21.62, "tau": 53.67, "tau_c": 143.23, "omega": 62.8, "M": 0.37, "D": 0.06, "R": 0.07, "sving": 0.05, "os": 0.0, "foss": 1.0, "juv": 0.0, "B": 0.51, "Q": 2.21, "w": 13.34, "h": 0.14, "S": 0.03867, "elv": "Kolselva", "km": 2.6}}, {"type": "Feature", "geometry": {"type": "LineString", "coordinates": [[9.80296, 59.37105], [9.80356, 59.37022]]}, "properties": {"P": 21.45, "tau": 54.77, "tau_c": 145.29, "omega": 64.65, "M": 0.38, "D": 0.05, "R": 0.07, "sving": 0.05, "os": 0.0, "foss": 1.0, "juv": 0.0, "B": 0.51, "Q": 2.22, "w": 13.39, "h": 0.14, "S": 0.03979, "elv": "Kolselva", "km": 2.7}}, {"type": "Feature", "geometry": {"type": "LineString", "coordinates": [[9.80356, 59.37022], [9.80438, 59.36948]]}, "properties": {"P": 17.67, "tau": 55.77, "tau_c": 147.18, "omega": 66.37, "M": 0.38, "D": 0.02, "R": 0.07, "sving": 0.16, "os": 0.0, "foss": 0.72, "juv": 0.0, "B": 0.51, "Q": 2.22, "w": 13.4, "h": 0.14, "S": 0.04083, "elv": "Kolselva", "km": 2.8}}, {"type": "Feature", "geometry": {"type": "LineString", "coordinates": [[9.50494, 59.30174], [9.50584, 59.30097]]}, "properties": {"P": 1.03, "tau": 11.95, "tau_c": 38.34, "omega": 7.87, "M": 0.31, "D": 0.0, "R": 0.03, "sving": 0.01, "os": 0.0, "foss": 0.0, "juv": 0.0, "B": 0.47, "Q": 6.21, "w": 21.44, "h": 0.44, "S": 0.00277, "elv": "Bøelva", "km": 0.7}}, {"type": "Feature", "geometry": {"type": "LineString", "coordinates": [[9.50584, 59.30097], [9.507, 59.3003]]}, "properties": {"P": 3.55, "tau": 27.42, "tau_c": 69.63, "omega": 25.95, "M": 0.39, "D": 0.0, "R": 0.08, "sving": 0.08, "os": 0.0, "foss": 0.0, "juv": 0.0, "B": 0.47, "Q": 6.21, "w": 21.46, "h": 0.31, "S": 0.00914, "elv": "Bøelva", "km": 0.8}}, {"type": "Feature", "geometry": {"type": "LineString", "coordinates": [[9.507, 59.3003], [9.5082, 59.29964]]}, "properties": {"P": 2.66, "tau": 27.76, "tau_c": 69.51, "omega": 26.48, "M": 0.4, "D": 0.0, "R": 0.09, "sving": 0.02, "os": 0.0, "foss": 0.0, "juv": 0.0, "B": 0.47, "Q": 6.22, "w": 20.98, "h": 0.31, "S": 0.00911, "elv": "Bøelva", "km": 0.9}}, {"type": "Feature", "geometry": {"type": "LineString", "coordinates": [[9.5082, 59.29964], [9.50943, 59.29905]]}, "properties": {"P": 23.3, "tau": 33.74, "tau_c": 80.73, "omega": 34.96, "M": 0.42, "D": 0.0, "R": 0.1, "sving": 0.23, "os": 0.06, "foss": 1.0, "juv": 0.0, "B": 0.47, "Q": 6.23, "w": 21.48, "h": 0.28, "S": 0.01228, "elv": "Bøelva", "km": 1.0}}, {"type": "Feature", "geometry": {"type": "LineString", "coordinates": [[9.50943, 59.29905], [9.51022, 59.29828]]}, "properties": {"P": 18.02, "tau": 38.68, "tau_c": 89.04, "omega": 42.53, "M": 0.43, "D": 0.0, "R": 0.12, "sving": 0.14, "os": 0.07, "foss": 0.72, "juv": 0.0, "B": 0.47, "Q": 6.24, "w": 21.49, "h": 0.26, "S": 0.01494, "elv": "Bøelva", "km": 1.1}}, {"type": "Feature", "geometry": {"type": "LineString", "coordinates": [[9.51022, 59.29828], [9.51039, 59.29739]]}, "properties": {"P": 16.77, "tau": 35.32, "tau_c": 84.25, "omega": 37.23, "M": 0.42, "D": 0.07, "R": 0.1, "sving": 0.19, "os": 0.08, "foss": 0.51, "juv": 0.0, "B": 0.47, "Q": 6.24, "w": 21.99, "h": 0.27, "S": 0.01338, "elv": "Bøelva", "km": 1.2}}, {"type": "Feature", "geometry": {"type": "LineString", "coordinates": [[9.51039, 59.29739], [9.51101, 59.29658]]}, "properties": {"P": 19.05, "tau": 33.54, "tau_c": 81.18, "omega": 34.58, "M": 0.41, "D": 0.15, "R": 0.1, "sving": 0.41, "os": 0.06, "foss": 0.37, "juv": 0.0, "B": 0.47, "Q": 6.24, "w": 22.0, "h": 0.28, "S": 0.01242, "elv": "Bøelva", "km": 1.3}}, {"type": "Feature", "geometry": {"type": "LineString", "coordinates": [[9.51101, 59.29658], [9.51151, 59.29576]]}, "properties": {"P": 5.42, "tau": 20.76, "tau_c": 58.06, "omega": 17.33, "M": 0.36, "D": 0.15, "R": 0.06, "sving": 0.05, "os": 0.0, "foss": 0.0, "juv": 0.0, "B": 0.47, "Q": 6.26, "w": 22.5, "h": 0.33, "S": 0.00635, "elv": "Bøelva", "km": 1.4}}, {"type": "Feature", "geometry": {"type": "LineString", "coordinates": [[9.51151, 59.29576], [9.51056, 59.29505]]}, "properties": {"P": 5.0, "tau": 21.05, "tau_c": 58.06, "omega": 17.72, "M": 0.36, "D": 0.07, "R": 0.06, "sving": 0.12, "os": 0.0, "foss": 0.0, "juv": 0.0, "B": 0.47, "Q": 6.26, "w": 22.01, "h": 0.34, "S": 0.00635, "elv": "Bøelva", "km": 1.5}}, {"type": "Feature", "geometry": {"type": "LineString", "coordinates": [[9.51056, 59.29505], [9.5105, 59.2942]]}, "properties": {"P": 3.85, "tau": 37.2, "tau_c": 87.35, "omega": 40.12, "M": 0.43, "D": 0.0, "R": 0.11, "sving": 0.06, "os": 0.0, "foss": 0.0, "juv": 0.0, "B": 0.47, "Q": 6.26, "w": 22.02, "h": 0.26, "S": 0.01438, "elv": "Bøelva", "km": 1.6}}, {"type": "Feature", "geometry": {"type": "LineString", "coordinates": [[9.5105, 59.2942], [9.51061, 59.29331]]}, "properties": {"P": 7.67, "tau": 42.45, "tau_c": 95.02, "omega": 48.62, "M": 0.45, "D": 0.0, "R": 0.13, "sving": 0.26, "os": 0.0, "foss": 0.0, "juv": 0.0, "B": 0.47, "Q": 6.27, "w": 21.51, "h": 0.25, "S": 0.01702, "elv": "Bøelva", "km": 1.7}}, {"type": "Feature", "geometry": {"type": "LineString", "coordinates": [[9.51061, 59.29331], [9.51088, 59.29242]]}, "properties": {"P": 22.05, "tau": 47.03, "tau_c": 101.2, "omega": 56.49, "M": 0.46, "D": 0.0, "R": 0.15, "sving": 0.14, "os": 0.0, "foss": 1.0, "juv": 0.0, "B": 0.47, "Q": 6.27, "w": 21.01, "h": 0.25, "S": 0.0193, "elv": "Bøelva", "km": 1.8}}, {"type": "Feature", "geometry": {"type": "LineString", "coordinates": [[9.51088, 59.29242], [9.51107, 59.29153]]}, "properties": {"P": 22.58, "tau": 50.65, "tau_c": 106.78, "omega": 62.82, "M": 0.47, "D": 0.0, "R": 0.16, "sving": 0.15, "os": 0.0, "foss": 1.0, "juv": 0.0, "B": 0.47, "Q": 6.27, "w": 21.04, "h": 0.24, "S": 0.02149, "elv": "Bøelva", "km": 1.9}}, {"type": "Feature", "geometry": {"type": "LineString", "coordinates": [[9.51107, 59.29153], [9.51042, 59.29074]]}, "properties": {"P": 21.98, "tau": 49.97, "tau_c": 106.72, "omega": 61.45, "M": 0.47, "D": 0.06, "R": 0.15, "sving": 0.33, "os": 0.0, "foss": 0.72, "juv": 0.0, "B": 0.47, "Q": 6.3, "w": 21.58, "h": 0.24, "S": 0.02147, "elv": "Bøelva", "km": 2.0}}, {"type": "Feature", "geometry": {"type": "LineString", "coordinates": [[9.53212, 59.27608], [9.53288, 59.27527]]}, "properties": {"P": 28.26, "tau": 103.28, "tau_c": 133.38, "omega": 189.7, "M": 0.77, "D": -0.0, "R": 0.54, "sving": 0.05, "os": 0.0, "foss": 0.72, "juv": 0.0, "B": 0.49, "Q": 10.24, "w": 17.76, "h": 0.31, "S": 0.03353, "elv": "Bøelva", "km": 4.4}}, {"type": "Feature", "geometry": {"type": "LineString", "coordinates": [[9.53288, 59.27527], [9.53333, 59.27441]]}, "properties": {"P": 24.24, "tau": 101.23, "tau_c": 137.11, "omega": 182.44, "M": 0.74, "D": 0.06, "R": 0.5, "sving": 0.02, "os": 0.0, "foss": 0.51, "juv": 0.0, "B": 0.49, "Q": 10.25, "w": 19.53, "h": 0.29, "S": 0.03543, "elv": "Bøelva", "km": 4.5}}, {"type": "Feature", "geometry": {"type": "LineString", "coordinates": [[9.53333, 59.27441], [9.53388, 59.27356]]}, "properties": {"P": 31.69, "tau": 85.58, "tau_c": 131.4, "omega": 140.5, "M": 0.65, "D": 0.13, "R": 0.38, "sving": 0.07, "os": 0.0, "foss": 1.0, "juv": 0.0, "B": 0.49, "Q": 10.25, "w": 23.3, "h": 0.27, "S": 0.03254, "elv": "Bøelva", "km": 4.6}}, {"type": "Feature", "geometry": {"type": "LineString", "coordinates": [[9.53388, 59.27356], [9.53471, 59.27277]]}, "properties": {"P": 23.91, "tau": 67.78, "tau_c": 119.13, "omega": 98.68, "M": 0.57, "D": 0.17, "R": 0.27, "sving": 0.03, "os": 0.0, "foss": 0.72, "juv": 0.0, "B": 0.49, "Q": 10.27, "w": 27.3, "h": 0.26, "S": 0.02675, "elv": "Bøelva", "km": 4.7}}, {"type": "Feature", "geometry": {"type": "LineString", "coordinates": [[9.53471, 59.27277], [9.53572, 59.27208]]}, "properties": {"P": 19.76, "tau": 64.14, "tau_c": 114.48, "omega": 91.17, "M": 0.56, "D": 0.16, "R": 0.26, "sving": 0.02, "os": 0.0, "foss": 0.51, "juv": 0.0, "B": 0.49, "Q": 10.27, "w": 27.3, "h": 0.26, "S": 0.0247, "elv": "Bøelva", "km": 4.8}}, {"type": "Feature", "geometry": {"type": "LineString", "coordinates": [[9.53572, 59.27208], [9.5363, 59.27124]]}, "properties": {"P": 18.3, "tau": 70.4, "tau_c": 117.93, "omega": 105.4, "M": 0.6, "D": 0.13, "R": 0.31, "sving": 0.02, "os": 0.0, "foss": 0.37, "juv": 0.0, "B": 0.5, "Q": 11.31, "w": 27.59, "h": 0.27, "S": 0.02621, "elv": "Bøelva", "km": 4.9}}, {"type": "Feature", "geometry": {"type": "LineString", "coordinates": [[9.5363, 59.27124], [9.53676, 59.27037]]}, "properties": {"P": 11.13, "tau": 45.16, "tau_c": 86.17, "omega": 55.69, "M": 0.52, "D": 0.18, "R": 0.22, "sving": 0.05, "os": 0.0, "foss": 0.0, "juv": 0.0, "B": 0.5, "Q": 11.31, "w": 27.89, "h": 0.33, "S": 0.01399, "elv": "Bøelva", "km": 5.0}}, {"type": "Feature", "geometry": {"type": "LineString", "coordinates": [[9.53676, 59.27037], [9.53751, 59.26957]]}, "properties": {"P": 11.13, "tau": 44.92, "tau_c": 86.19, "omega": 55.21, "M": 0.52, "D": 0.16, "R": 0.21, "sving": 0.03, "os": 0.06, "foss": 0.0, "juv": 0.0, "B": 0.5, "Q": 11.33, "w": 28.18, "h": 0.33, "S": 0.014, "elv": "Bøelva", "km": 5.1}}, {"type": "Feature", "geometry": {"type": "LineString", "coordinates": [[9.53751, 59.26957], [9.53835, 59.26878]]}, "properties": {"P": 11.63, "tau": 41.94, "tau_c": 82.21, "omega": 50.02, "M": 0.51, "D": 0.14, "R": 0.2, "sving": 0.06, "os": 0.1, "foss": 0.0, "juv": 0.0, "B": 0.5, "Q": 11.33, "w": 28.31, "h": 0.34, "S": 0.01274, "elv": "Bøelva", "km": 5.2}}, {"type": "Feature", "geometry": {"type": "LineString", "coordinates": [[9.53835, 59.26878], [9.53904, 59.26796]]}, "properties": {"P": 10.43, "tau": 37.99, "tau_c": 76.57, "omega": 43.41, "M": 0.5, "D": 0.11, "R": 0.18, "sving": 0.0, "os": 0.17, "foss": 0.0, "juv": 0.0, "B": 0.5, "Q": 11.34, "w": 28.31, "h": 0.35, "S": 0.01105, "elv": "Bøelva", "km": 5.3}}, {"type": "Feature", "geometry": {"type": "LineString", "coordinates": [[9.53904, 59.26796], [9.53976, 59.26714]]}, "properties": {"P": 12.38, "tau": 36.36, "tau_c": 73.54, "omega": 40.87, "M": 0.49, "D": 0.1, "R": 0.18, "sving": 0.01, "os": 0.27, "foss": 0.0, "juv": 0.0, "B": 0.5, "Q": 11.61, "w": 28.4, "h": 0.36, "S": 0.01019, "elv": "Bøelva", "km": 5.4}}, {"type": "Feature", "geometry": {"type": "LineString", "coordinates": [[9.53976, 59.26714], [9.54053, 59.26633]]}, "properties": {"P": 14.57, "tau": 29.77, "tau_c": 63.79, "omega": 30.66, "M": 0.47, "D": 0.11, "R": 0.15, "sving": 0.01, "os": 0.45, "foss": 0.0, "juv": 0.0, "B": 0.5, "Q": 11.61, "w": 28.49, "h": 0.4, "S": 0.00767, "elv": "Bøelva", "km": 5.5}}, {"type": "Feature", "geometry": {"type": "LineString", "coordinates": [[9.54053, 59.26633], [9.54132, 59.26553]]}, "properties": {"P": 20.4, "tau": 32.67, "tau_c": 68.14, "omega": 35.05, "M": 0.48, "D": 0.11, "R": 0.16, "sving": 0.02, "os": 0.74, "foss": 0.0, "juv": 0.0, "B": 0.5, "Q": 11.67, "w": 28.58, "h": 0.38, "S": 0.00875, "elv": "Bøelva", "km": 5.6}}, {"type": "Feature", "geometry": {"type": "LineString", "coordinates": [[9.54132, 59.26553], [9.54203, 59.26471]]}, "properties": {"P": 24.83, "tau": 28.61, "tau_c": 61.97, "omega": 28.97, "M": 0.46, "D": 0.18, "R": 0.15, "sving": 0.15, "os": 0.82, "foss": 0.0, "juv": 0.0, "B": 0.5, "Q": 11.67, "w": 28.6, "h": 0.4, "S": 0.00724, "elv": "Bøelva", "km": 5.7}}, {"type": "Feature", "geometry": {"type": "LineString", "coordinates": [[9.54203, 59.26471], [9.54265, 59.26388]]}, "properties": {"P": 18.04, "tau": 18.66, "tau_c": 47.09, "omega": 15.56, "M": 0.4, "D": 0.22, "R": 0.09, "sving": 0.02, "os": 0.6, "foss": 0.0, "juv": 0.0, "B": 0.5, "Q": 11.67, "w": 30.76, "h": 0.46, "S": 0.00418, "elv": "Bøelva", "km": 5.8}}, {"type": "Feature", "geometry": {"type": "LineString", "coordinates": [[9.54265, 59.26388], [9.54273, 59.26299]]}, "properties": {"P": 23.05, "tau": 16.41, "tau_c": 42.93, "omega": 12.94, "M": 0.38, "D": 0.18, "R": 0.07, "sving": 0.01, "os": 0.98, "foss": 0.0, "juv": 0.0, "B": 0.5, "Q": 11.68, "w": 30.78, "h": 0.48, "S": 0.00347, "elv": "Bøelva", "km": 5.9}}, {"type": "Feature", "geometry": {"type": "LineString", "coordinates": [[9.54273, 59.26299], [9.54357, 59.26222]]}, "properties": {"P": 21.32, "tau": 18.54, "tau_c": 46.7, "omega": 15.42, "M": 0.4, "D": 0.1, "R": 0.09, "sving": 0.35, "os": 0.62, "foss": 0.0, "juv": 0.0, "B": 0.5, "Q": 11.72, "w": 30.63, "h": 0.46, "S": 0.00411, "elv": "Bøelva", "km": 6.0}}, {"type": "Feature", "geometry": {"type": "LineString", "coordinates": [[9.54357, 59.26222], [9.5443, 59.26143]]}, "properties": {"P": 17.59, "tau": 17.87, "tau_c": 44.0, "omega": 14.75, "M": 0.41, "D": 0.07, "R": 0.09, "sving": 0.39, "os": 0.39, "foss": 0.0, "juv": 0.0, "B": 0.5, "Q": 11.74, "w": 28.48, "h": 0.5, "S": 0.00365, "elv": "Bøelva", "km": 6.1}}, {"type": "Feature", "geometry": {"type": "LineString", "coordinates": [[9.5443, 59.26143], [9.54346, 59.26075]]}, "properties": {"P": 11.39, "tau": 14.07, "tau_c": 36.95, "omega": 10.47, "M": 0.38, "D": 0.12, "R": 0.07, "sving": 0.14, "os": 0.24, "foss": 0.0, "juv": 0.0, "B": 0.5, "Q": 11.75, "w": 28.33, "h": 0.56, "S": 0.00257, "elv": "Bøelva", "km": 6.2}}, {"type": "Feature", "geometry": {"type": "LineString", "coordinates": [[9.54346, 59.26075], [9.54499, 59.26033]]}, "properties": {"P": 11.91, "tau": 13.2, "tau_c": 35.3, "omega": 9.55, "M": 0.37, "D": 0.12, "R": 0.07, "sving": 0.24, "os": 0.18, "foss": 0.0, "juv": 0.0, "B": 0.5, "Q": 11.75, "w": 28.35, "h": 0.57, "S": 0.00235, "elv": "Bøelva", "km": 6.3}}, {"type": "Feature", "geometry": {"type": "LineString", "coordinates": [[9.54499, 59.26033], [9.54522, 59.25953]]}, "properties": {"P": 13.4, "tau": 12.6, "tau_c": 34.08, "omega": 8.94, "M": 0.37, "D": 0.16, "R": 0.07, "sving": 0.33, "os": 0.13, "foss": 0.0, "juv": 0.0, "B": 0.5, "Q": 11.81, "w": 28.37, "h": 0.59, "S": 0.00219, "elv": "Bøelva", "km": 6.4}}, {"type": "Feature", "geometry": {"type": "LineString", "coordinates": [[9.54522, 59.25953], [9.54662, 59.25915]]}, "properties": {"P": 19.29, "tau": 12.55, "tau_c": 34.08, "omega": 8.88, "M": 0.37, "D": 0.23, "R": 0.06, "sving": 0.63, "os": 0.08, "foss": 0.0, "juv": 0.0, "B": 0.5, "Q": 11.81, "w": 28.56, "h": 0.58, "S": 0.00219, "elv": "Bøelva", "km": 6.5}}, {"type": "Feature", "geometry": {"type": "LineString", "coordinates": [[9.55283, 59.24768], [9.55313, 59.24707]]}, "properties": {"P": 3.17, "tau": 6.23, "tau_c": 20.67, "omega": 3.25, "M": 0.3, "D": 0.0, "R": 0.03, "sving": 0.14, "os": 0.0, "foss": 0.0, "juv": 0.0, "B": 0.51, "Q": 13.03, "w": 31.71, "h": 0.79, "S": 0.00081, "elv": "Bøelva", "km": 8.2}}, {"type": "Feature", "geometry": {"type": "LineString", "coordinates": [[9.55522, 59.24693], [9.55506, 59.24604]]}, "properties": {"P": 16.72, "tau": 6.43, "tau_c": 21.22, "omega": 3.39, "M": 0.3, "D": 0.0, "R": 0.03, "sving": 0.92, "os": 0.0, "foss": 0.0, "juv": 0.0, "B": 0.51, "Q": 13.05, "w": 32.0, "h": 0.77, "S": 0.00085, "elv": "Bøelva", "km": 8.5}}, {"type": "Feature", "geometry": {"type": "LineString", "coordinates": [[9.55506, 59.24604], [9.55599, 59.24532]]}, "properties": {"P": 3.68, "tau": 6.43, "tau_c": 21.22, "omega": 3.4, "M": 0.3, "D": 0.0, "R": 0.03, "sving": 0.16, "os": 0.0, "foss": 0.0, "juv": 0.0, "B": 0.51, "Q": 13.06, "w": 32.01, "h": 0.77, "S": 0.00085, "elv": "Bøelva", "km": 8.6}}, {"type": "Feature", "geometry": {"type": "LineString", "coordinates": [[9.55599, 59.24532], [9.55561, 59.24453]]}, "properties": {"P": 10.73, "tau": 8.07, "tau_c": 24.99, "omega": 4.71, "M": 0.32, "D": 0.0, "R": 0.04, "sving": 0.49, "os": 0.07, "foss": 0.0, "juv": 0.0, "B": 0.51, "Q": 13.06, "w": 32.02, "h": 0.7, "S": 0.00118, "elv": "Bøelva", "km": 8.7}}, {"type": "Feature", "geometry": {"type": "LineString", "coordinates": [[9.55561, 59.24453], [9.5557, 59.24376]]}, "properties": {"P": 9.83, "tau": 8.07, "tau_c": 24.99, "omega": 4.71, "M": 0.32, "D": 0.08, "R": 0.04, "sving": 0.3, "os": 0.1, "foss": 0.0, "juv": 0.0, "B": 0.51, "Q": 13.07, "w": 32.03, "h": 0.7, "S": 0.00118, "elv": "Bøelva", "km": 8.8}}, {"type": "Feature", "geometry": {"type": "LineString", "coordinates": [[9.5557, 59.24376], [9.55731, 59.24346]]}, "properties": {"P": 13.0, "tau": 8.07, "tau_c": 24.99, "omega": 4.71, "M": 0.32, "D": 0.19, "R": 0.04, "sving": 0.3, "os": 0.15, "foss": 0.0, "juv": 0.0, "B": 0.51, "Q": 13.08, "w": 32.04, "h": 0.7, "S": 0.00118, "elv": "Bøelva", "km": 8.9}}, {"type": "Feature", "geometry": {"type": "LineString", "coordinates": [[9.55994, 59.23945], [9.55913, 59.23865]]}, "properties": {"P": 45.89, "tau": 31.89, "tau_c": 49.98, "omega": 37.24, "M": 0.64, "D": 0.04, "R": 0.36, "sving": 0.73, "os": 1.0, "foss": 0.0, "juv": 0.0, "B": 0.56, "Q": 37.02, "w": 45.91, "h": 0.69, "S": 0.00471, "elv": "Falkumelva", "km": 0.0}}, {"type": "Feature", "geometry": {"type": "LineString", "coordinates": [[9.55913, 59.23865], [9.5584, 59.23785]]}, "properties": {"P": 37.46, "tau": 26.11, "tau_c": 43.29, "omega": 27.95, "M": 0.6, "D": 0.11, "R": 0.32, "sving": 0.66, "os": 0.61, "foss": 0.0, "juv": 0.0, "B": 0.56, "Q": 37.04, "w": 45.91, "h": 0.75, "S": 0.00353, "elv": "Falkumelva", "km": 0.1}}, {"type": "Feature", "geometry": {"type": "LineString", "coordinates": [[9.5584, 59.23785], [9.55919, 59.23708]]}, "properties": {"P": 33.58, "tau": 23.41, "tau_c": 39.22, "omega": 24.01, "M": 0.6, "D": 0.21, "R": 0.31, "sving": 0.58, "os": 0.37, "foss": 0.0, "juv": 0.0, "B": 0.57, "Q": 37.07, "w": 43.91, "h": 0.82, "S": 0.0029, "elv": "Falkumelva", "km": 0.2}}, {"type": "Feature", "geometry": {"type": "LineString", "coordinates": [[9.55919, 59.23708], [9.5605, 59.2365]]}, "properties": {"P": 29.88, "tau": 19.79, "tau_c": 35.81, "omega": 18.73, "M": 0.55, "D": 0.29, "R": 0.25, "sving": 0.49, "os": 0.26, "foss": 0.0, "juv": 0.0, "B": 0.57, "Q": 37.07, "w": 46.91, "h": 0.84, "S": 0.00242, "elv": "Falkumelva", "km": 0.3}}, {"type": "Feature", "geometry": {"type": "LineString", "coordinates": [[9.5605, 59.2365], [9.56203, 59.23606]]}, "properties": {"P": 19.46, "tau": 9.32, "tau_c": 20.57, "omega": 6.35, "M": 0.45, "D": 0.4, "R": 0.14, "sving": 0.06, "os": 0.19, "foss": 0.0, "juv": 0.0, "B": 0.57, "Q": 37.32, "w": 45.95, "h": 1.19, "S": 0.0008, "elv": "Falkumelva", "km": 0.4}}, {"type": "Feature", "geometry": {"type": "LineString", "coordinates": [[9.56203, 59.23606], [9.56333, 59.23549]]}, "properties": {"P": 21.38, "tau": 10.09, "tau_c": 20.68, "omega": 7.2, "M": 0.49, "D": 0.43, "R": 0.17, "sving": 0.11, "os": 0.14, "foss": 0.0, "juv": 0.0, "B": 0.57, "Q": 37.32, "w": 41.0, "h": 1.28, "S": 0.00081, "elv": "Falkumelva", "km": 0.5}}, {"type": "Feature", "geometry": {"type": "LineString", "coordinates": [[9.57024, 59.22833], [9.57032, 59.22744]]}, "properties": {"P": 2.33, "tau": 4.06, "tau_c": 11.65, "omega": 1.91, "M": 0.35, "D": -0.0, "R": 0.05, "sving": 0.03, "os": 0.0, "foss": 0.0, "juv": 0.0, "B": 0.57, "Q": 37.44, "w": 49.01, "h": 1.63, "S": 0.00025, "elv": "Falkumelva", "km": 1.5}}, {"type": "Feature", "geometry": {"type": "LineString", "coordinates": [[9.57032, 59.22744], [9.57084, 59.22659]]}, "properties": {"P": 2.67, "tau": 5.54, "tau_c": 14.54, "omega": 2.99, "M": 0.38, "D": -0.0, "R": 0.07, "sving": 0.01, "os": 0.0, "foss": 0.0, "juv": 0.0, "B": 0.57, "Q": 37.44, "w": 49.02, "h": 1.42, "S": 0.0004, "elv": "Falkumelva", "km": 1.6}}, {"type": "Feature", "geometry": {"type": "LineString", "coordinates": [[9.57084, 59.22659], [9.57165, 59.2258]]}, "properties": {"P": 4.54, "tau": 6.11, "tau_c": 15.6, "omega": 3.44, "M": 0.39, "D": -0.0, "R": 0.08, "sving": 0.02, "os": 0.08, "foss": 0.0, "juv": 0.0, "B": 0.57, "Q": 37.45, "w": 49.02, "h": 1.36, "S": 0.00046, "elv": "Falkumelva", "km": 1.7}}, {"type": "Feature", "geometry": {"type": "LineString", "coordinates": [[9.57165, 59.2258], [9.57235, 59.22498]]}, "properties": {"P": 7.41, "tau": 5.2, "tau_c": 14.01, "omega": 2.72, "M": 0.37, "D": 0.02, "R": 0.07, "sving": 0.12, "os": 0.13, "foss": 0.0, "juv": 0.0, "B": 0.57, "Q": 37.46, "w": 50.04, "h": 1.43, "S": 0.00037, "elv": "Falkumelva", "km": 1.8}}, {"type": "Feature", "geometry": {"type": "LineString", "coordinates": [[9.57235, 59.22498], [9.57251, 59.22409]]}, "properties": {"P": 9.88, "tau": 5.66, "tau_c": 15.04, "omega": 3.07, "M": 0.38, "D": 0.06, "R": 0.07, "sving": 0.11, "os": 0.21, "foss": 0.0, "juv": 0.0, "B": 0.57, "Q": 37.46, "w": 51.06, "h": 1.35, "S": 0.00043, "elv": "Falkumelva", "km": 1.9}}, {"type": "Feature", "geometry": {"type": "LineString", "coordinates": [[9.57251, 59.22409], [9.57251, 59.2232]]}, "properties": {"P": 15.73, "tau": 5.46, "tau_c": 15.04, "omega": 2.9, "M": 0.36, "D": 0.15, "R": 0.06, "sving": 0.16, "os": 0.34, "foss": 0.0, "juv": 0.0, "B": 0.57, "Q": 37.48, "w": 54.09, "h": 1.3, "S": 0.00043, "elv": "Falkumelva", "km": 2.0}}, {"type": "Feature", "geometry": {"type": "LineString", "coordinates": [[9.57251, 59.2232], [9.57283, 59.22236]]}, "properties": {"P": 22.33, "tau": 3.88, "tau_c": 11.75, "omega": 1.77, "M": 0.33, "D": 0.27, "R": 0.04, "sving": 0.16, "os": 0.55, "foss": 0.0, "juv": 0.0, "B": 0.57, "Q": 37.52, "w": 54.1, "h": 1.52, "S": 0.00026, "elv": "Falkumelva", "km": 2.1}}, {"type": "Feature", "geometry": {"type": "LineString", "coordinates": [[9.59298, 59.19893], [9.5934, 59.19805]]}, "properties": {"P": 6.08, "tau": 5.04, "tau_c": 11.65, "omega": 3.18, "M": 0.43, "D": 0.0, "R": 0.12, "sving": 0.06, "os": 0.0, "foss": 0.0, "juv": 0.0, "B": 0.71, "Q": 437.45, "w": 135.11, "h": 5.14, "S": 0.0001, "elv": "Falkumelva", "km": 5.1}}, {"type": "Feature", "geometry": {"type": "LineString", "coordinates": [[9.68142, 59.36922], [9.68057, 59.36853]]}, "properties": {"P": 27.47, "tau": 182.07, "tau_c": 231.13, "omega": 412.83, "M": 0.79, "D": 0.03, "R": 0.56, "sving": 0.0, "os": 0.0, "foss": 1.0, "juv": 0.0, "B": 0.41, "Q": 14.15, "w": 33.86, "h": 0.18, "S": 0.10069, "elv": "bekk", "km": 0.0}}, {"type": "Feature", "geometry": {"type": "LineString", "coordinates": [[9.68057, 59.36853], [9.67943, 59.36785]]}, "properties": {"P": 43.11, "tau": 148.89, "tau_c": 200.16, "omega": 309.54, "M": 0.74, "D": 0.06, "R": 0.5, "sving": 0.07, "os": 0.0, "foss": 1.0, "juv": 0.0, "B": 0.64, "Q": 14.15, "w": 33.87, "h": 0.2, "S": 0.07552, "elv": "bekk", "km": 0.1}}, {"type": "Feature", "geometry": {"type": "LineString", "coordinates": [[9.67943, 59.36785], [9.6785, 59.3671]]}, "properties": {"P": 43.42, "tau": 147.98, "tau_c": 199.23, "omega": 306.86, "M": 0.74, "D": 0.06, "R": 0.5, "sving": 0.08, "os": 0.0, "foss": 1.0, "juv": 0.0, "B": 0.64, "Q": 14.17, "w": 33.88, "h": 0.2, "S": 0.07482, "elv": "bekk", "km": 0.2}}, {"type": "Feature", "geometry": {"type": "LineString", "coordinates": [[9.6785, 59.3671], [9.67778, 59.36629]]}, "properties": {"P": 38.78, "tau": 150.9, "tau_c": 201.89, "omega": 315.62, "M": 0.75, "D": 0.05, "R": 0.51, "sving": 0.16, "os": 0.0, "foss": 0.72, "juv": 0.0, "B": 0.64, "Q": 14.19, "w": 33.89, "h": 0.2, "S": 0.07683, "elv": "bekk", "km": 0.3}}, {"type": "Feature", "geometry": {"type": "LineString", "coordinates": [[9.67778, 59.36629], [9.67655, 59.36566]]}, "properties": {"P": 44.65, "tau": 157.41, "tau_c": 208.15, "omega": 335.28, "M": 0.76, "D": 0.06, "R": 0.52, "sving": 0.11, "os": 0.0, "foss": 1.0, "juv": 0.0, "B": 0.64, "Q": 14.2, "w": 33.92, "h": 0.2, "S": 0.08166, "elv": "bekk", "km": 0.4}}, {"type": "Feature", "geometry": {"type": "LineString", "coordinates": [[9.67655, 59.36566], [9.67608, 59.36484]]}, "properties": {"P": 44.61, "tau": 131.78, "tau_c": 183.32, "omega": 259.94, "M": 0.72, "D": 0.12, "R": 0.47, "sving": 0.11, "os": 0.0, "foss": 1.0, "juv": 0.0, "B": 0.64, "Q": 14.2, "w": 33.95, "h": 0.21, "S": 0.06334, "elv": "bekk", "km": 0.5}}, {"type": "Feature", "geometry": {"type": "LineString", "coordinates": [[9.67608, 59.36484], [9.67565, 59.36403]]}, "properties": {"P": 47.29, "tau": 105.94, "tau_c": 156.51, "omega": 190.28, "M": 0.68, "D": 0.16, "R": 0.41, "sving": 0.22, "os": 0.06, "foss": 1.0, "juv": 0.0, "B": 0.64, "Q": 14.27, "w": 33.97, "h": 0.23, "S": 0.04617, "elv": "bekk", "km": 0.6}}, {"type": "Feature", "geometry": {"type": "LineString", "coordinates": [[9.67565, 59.36403], [9.67452, 59.36339]]}, "properties": {"P": 46.47, "tau": 108.45, "tau_c": 159.25, "omega": 196.74, "M": 0.68, "D": 0.16, "R": 0.42, "sving": 0.44, "os": 0.07, "foss": 0.72, "juv": 0.0, "B": 0.64, "Q": 14.27, "w": 34.02, "h": 0.23, "S": 0.0478, "elv": "bekk", "km": 0.7}}, {"type": "Feature", "geometry": {"type": "LineString", "coordinates": [[9.67452, 59.36339], [9.67286, 59.36322]]}, "properties": {"P": 38.69, "tau": 91.99, "tau_c": 141.64, "omega": 155.39, "M": 0.65, "D": 0.2, "R": 0.38, "sving": 0.27, "os": 0.11, "foss": 0.51, "juv": 0.0, "B": 0.64, "Q": 14.28, "w": 34.08, "h": 0.25, "S": 0.03781, "elv": "bekk", "km": 0.8}}, {"type": "Feature", "geometry": {"type": "LineString", "coordinates": [[9.67286, 59.36322], [9.67112, 59.3631]]}, "properties": {"P": 34.85, "tau": 71.49, "tau_c": 117.78, "omega": 108.43, "M": 0.61, "D": 0.25, "R": 0.32, "sving": 0.19, "os": 0.18, "foss": 0.37, "juv": 0.0, "B": 0.64, "Q": 14.43, "w": 34.13, "h": 0.28, "S": 0.02615, "elv": "bekk", "km": 0.9}}, {"type": "Feature", "geometry": {"type": "LineString", "coordinates": [[9.67112, 59.3631], [9.6697, 59.36261]]}, "properties": {"P": 25.22, "tau": 49.29, "tau_c": 90.19, "omega": 63.66, "M": 0.55, "D": 0.27, "R": 0.24, "sving": 0.11, "os": 0.29, "foss": 0.0, "juv": 0.0, "B": 0.64, "Q": 14.47, "w": 34.18, "h": 0.33, "S": 0.01533, "elv": "bekk", "km": 1.0}}, {"type": "Feature", "geometry": {"type": "LineString", "coordinates": [[9.6697, 59.36261], [9.66804, 59.36233]]}, "properties": {"P": 24.08, "tau": 43.6, "tau_c": 81.74, "omega": 53.54, "M": 0.53, "D": 0.19, "R": 0.23, "sving": 0.03, "os": 0.45, "foss": 0.0, "juv": 0.0, "B": 0.64, "Q": 14.47, "w": 33.38, "h": 0.35, "S": 0.01259, "elv": "bekk", "km": 1.1}}, {"type": "Feature", "geometry": {"type": "LineString", "coordinates": [[9.66804, 59.36233], [9.66633, 59.3624]]}, "properties": {"P": 32.71, "tau": 47.99, "tau_c": 87.68, "omega": 61.42, "M": 0.55, "D": 0.1, "R": 0.24, "sving": 0.24, "os": 0.73, "foss": 0.0, "juv": 0.0, "B": 0.64, "Q": 14.48, "w": 33.51, "h": 0.34, "S": 0.01449, "elv": "bekk", "km": 1.2}}, {"type": "Feature", "geometry": {"type": "LineString", "coordinates": [[9.66633, 59.3624], [9.66465, 59.36222]]}, "properties": {"P": 41.93, "tau": 44.1, "tau_c": 82.59, "omega": 54.39, "M": 0.53, "D": 0.08, "R": 0.23, "sving": 0.61, "os": 0.83, "foss": 0.0, "juv": 0.0, "B": 0.64, "Q": 14.5, "w": 33.63, "h": 0.35, "S": 0.01286, "elv": "bekk", "km": 1.3}}, {"type": "Feature", "geometry": {"type": "LineString", "coordinates": [[9.66465, 59.36222], [9.66408, 59.36142]]}, "properties": {"P": 59.75, "tau": 39.84, "tau_c": 75.85, "omega": 47.21, "M": 0.53, "D": 0.13, "R": 0.22, "sving": 0.69, "os": 0.52, "foss": 1.0, "juv": 0.0, "B": 0.64, "Q": 14.98, "w": 33.75, "h": 0.37, "S": 0.01084, "elv": "bekk", "km": 1.4}}, {"type": "Feature", "geometry": {"type": "LineString", "coordinates": [[9.66408, 59.36142], [9.66474, 59.3606]]}, "properties": {"P": 52.25, "tau": 32.25, "tau_c": 65.28, "omega": 34.85, "M": 0.49, "D": 0.19, "R": 0.18, "sving": 0.54, "os": 0.59, "foss": 0.72, "juv": 0.0, "B": 0.64, "Q": 14.98, "w": 33.87, "h": 0.41, "S": 0.00803, "elv": "bekk", "km": 1.5}}, {"type": "Feature", "geometry": {"type": "LineString", "coordinates": [[9.66474, 59.3606], [9.66504, 59.35971]]}, "properties": {"P": 48.97, "tau": 27.58, "tau_c": 59.07, "omega": 27.75, "M": 0.47, "D": 0.27, "R": 0.15, "sving": 0.16, "os": 0.97, "foss": 0.51, "juv": 0.0, "B": 0.64, "Q": 14.99, "w": 34.84, "h": 0.43, "S": 0.00658, "elv": "bekk", "km": 1.6}}, {"type": "Feature", "geometry": {"type": "LineString", "coordinates": [[9.66504, 59.35971], [9.66518, 59.35882]]}, "properties": {"P": 42.9, "tau": 25.19, "tau_c": 55.34, "omega": 24.37, "M": 0.46, "D": 0.35, "R": 0.14, "sving": 0.28, "os": 0.62, "foss": 0.37, "juv": 0.0, "B": 0.64, "Q": 15.0, "w": 34.85, "h": 0.44, "S": 0.00577, "elv": "bekk", "km": 1.7}}, {"type": "Feature", "geometry": {"type": "LineString", "coordinates": [[9.6653, 59.35793], [9.6647, 59.35714]]}, "properties": {"P": 17.38, "tau": 8.14, "tau_c": 24.26, "omega": 4.82, "M": 0.34, "D": 0.34, "R": 0.04, "sving": 0.04, "os": 0.23, "foss": 0.0, "juv": 0.0, "B": 0.64, "Q": 15.0, "w": 33.9, "h": 0.75, "S": 0.00111, "elv": "bekk", "km": 1.9}}, {"type": "Feature", "geometry": {"type": "LineString", "coordinates": [[9.6647, 59.35714], [9.66473, 59.35625]]}, "properties": {"P": 12.06, "tau": 10.29, "tau_c": 28.76, "omega": 6.76, "M": 0.36, "D": 0.2, "R": 0.06, "sving": 0.04, "os": 0.15, "foss": 0.0, "juv": 0.0, "B": 0.64, "Q": 15.01, "w": 33.97, "h": 0.67, "S": 0.00156, "elv": "bekk", "km": 2.0}}, {"type": "Feature", "geometry": {"type": "LineString", "coordinates": [[9.66473, 59.35625], [9.6647, 59.35536]]}, "properties": {"P": 6.83, "tau": 14.97, "tau_c": 37.64, "omega": 11.58, "M": 0.4, "D": 0.0, "R": 0.09, "sving": 0.01, "os": 0.16, "foss": 0.0, "juv": 0.0, "B": 0.64, "Q": 15.05, "w": 34.04, "h": 0.57, "S": 0.00267, "elv": "bekk", "km": 2.1}}, {"type": "Feature", "geometry": {"type": "LineString", "coordinates": [[9.6647, 59.35536], [9.66461, 59.35447]]}, "properties": {"P": 16.71, "tau": 15.11, "tau_c": 37.64, "omega": 11.76, "M": 0.4, "D": 0.0, "R": 0.09, "sving": 0.37, "os": 0.25, "foss": 0.0, "juv": 0.0, "B": 0.64, "Q": 15.31, "w": 34.11, "h": 0.58, "S": 0.00267, "elv": "bekk", "km": 2.2}}, {"type": "Feature", "geometry": {"type": "LineString", "coordinates": [[9.66461, 59.35447], [9.66405, 59.35364]]}, "properties": {"P": 22.06, "tau": 14.83, "tau_c": 37.64, "omega": 11.41, "M": 0.39, "D": 0.05, "R": 0.08, "sving": 0.42, "os": 0.38, "foss": 0.0, "juv": 0.0, "B": 0.64, "Q": 15.31, "w": 35.16, "h": 0.57, "S": 0.00267, "elv": "bekk", "km": 2.3}}, {"type": "Feature", "geometry": {"type": "LineString", "coordinates": [[9.66405, 59.35364], [9.66541, 59.35318]]}, "properties": {"P": 17.45, "tau": 14.81, "tau_c": 37.64, "omega": 11.39, "M": 0.39, "D": 0.05, "R": 0.08, "sving": 0.14, "os": 0.45, "foss": 0.0, "juv": 0.0, "B": 0.64, "Q": 15.31, "w": 35.22, "h": 0.57, "S": 0.00267, "elv": "bekk", "km": 2.4}}, {"type": "Feature", "geometry": {"type": "LineString", "coordinates": [[9.66541, 59.35318], [9.66683, 59.35282]]}, "properties": {"P": 21.63, "tau": 10.2, "tau_c": 28.77, "omega": 6.66, "M": 0.35, "D": 0.05, "R": 0.06, "sving": 0.12, "os": 0.71, "foss": 0.0, "juv": 0.0, "B": 0.64, "Q": 15.32, "w": 35.23, "h": 0.67, "S": 0.00156, "elv": "bekk", "km": 2.5}}, {"type": "Feature", "geometry": {"type": "LineString", "coordinates": [[9.66683, 59.35282], [9.66613, 59.35202]]}, "properties": {"P": 33.7, "tau": 22.65, "tau_c": 51.04, "omega": 20.96, "M": 0.44, "D": 0.0, "R": 0.13, "sving": 0.47, "os": 0.86, "foss": 0.0, "juv": 0.0, "B": 0.64, "Q": 15.32, "w": 35.23, "h": 0.47, "S": 0.00491, "elv": "bekk", "km": 2.6}}, {"type": "Feature", "geometry": {"type": "LineString", "coordinates": [[9.66613, 59.35202], [9.66506, 59.35131]]}, "properties": {"P": 25.87, "tau": 30.49, "tau_c": 63.19, "omega": 32.09, "M": 0.48, "D": 0.0, "R": 0.17, "sving": 0.35, "os": 0.55, "foss": 0.0, "juv": 0.0, "B": 0.64, "Q": 15.33, "w": 35.26, "h": 0.41, "S": 0.00753, "elv": "bekk", "km": 2.7}}, {"type": "Feature", "geometry": {"type": "LineString", "coordinates": [[9.66506, 59.35131], [9.66463, 59.35046]]}, "properties": {"P": 19.17, "tau": 34.58, "tau_c": 69.22, "omega": 38.45, "M": 0.5, "D": 0.0, "R": 0.19, "sving": 0.22, "os": 0.35, "foss": 0.0, "juv": 0.0, "B": 0.64, "Q": 15.33, "w": 35.33, "h": 0.39, "S": 0.00903, "elv": "bekk", "km": 2.8}}, {"type": "Feature", "geometry": {"type": "LineString", "coordinates": [[9.66463, 59.35046], [9.66494, 59.34958]]}, "properties": {"P": 27.42, "tau": 40.58, "tau_c": 77.39, "omega": 48.39, "M": 0.52, "D": 0.0, "R": 0.22, "sving": 0.41, "os": 0.48, "foss": 0.0, "juv": 0.0, "B": 0.64, "Q": 15.46, "w": 35.39, "h": 0.37, "S": 0.01129, "elv": "bekk", "km": 2.9}}, {"type": "Feature", "geometry": {"type": "LineString", "coordinates": [[9.75462, 59.31365], [9.75625, 59.31384]]}, "properties": {"P": 14.4, "tau": 41.7, "tau_c": 136.93, "omega": 41.76, "M": 0.3, "D": 0.02, "R": 0.03, "sving": 0.11, "os": 0.0, "foss": 0.72, "juv": 0.0, "B": 0.47, "Q": 1.17, "w": 9.71, "h": 0.12, "S": 0.03534, "elv": "Sandåa", "km": 0.7}}, {"type": "Feature", "geometry": {"type": "LineString", "coordinates": [[9.76521, 59.31107], [9.76668, 59.31062]]}, "properties": {"P": 18.54, "tau": 48.21, "tau_c": 149.39, "omega": 51.72, "M": 0.32, "D": 0.0, "R": 0.04, "sving": 0.09, "os": 0.0, "foss": 1.0, "juv": 0.0, "B": 0.47, "Q": 1.27, "w": 10.1, "h": 0.12, "S": 0.04206, "elv": "Sandåa", "km": 1.5}}, {"type": "Feature", "geometry": {"type": "LineString", "coordinates": [[9.76668, 59.31062], [9.76835, 59.3107]]}, "properties": {"P": 14.36, "tau": 48.2, "tau_c": 149.47, "omega": 51.7, "M": 0.32, "D": 0.01, "R": 0.04, "sving": 0.1, "os": 0.0, "foss": 0.72, "juv": 0.0, "B": 0.47, "Q": 1.27, "w": 10.13, "h": 0.12, "S": 0.04211, "elv": "Sandåa", "km": 1.6}}, {"type": "Feature", "geometry": {"type": "LineString", "coordinates": [[9.76835, 59.3107], [9.77001, 59.31055]]}, "properties": {"P": 23.19, "tau": 41.4, "tau_c": 134.07, "omega": 41.56, "M": 0.31, "D": 0.02, "R": 0.03, "sving": 0.36, "os": 0.0, "foss": 1.0, "juv": 0.0, "B": 0.47, "Q": 1.27, "w": 10.16, "h": 0.12, "S": 0.03388, "elv": "Sandåa", "km": 1.7}}, {"type": "Feature", "geometry": {"type": "LineString", "coordinates": [[9.77001, 59.31055], [9.77134, 59.31004]]}, "properties": {"P": 13.01, "tau": 45.96, "tau_c": 144.2, "omega": 48.31, "M": 0.32, "D": 0.02, "R": 0.04, "sving": 0.0, "os": 0.0, "foss": 0.72, "juv": 0.0, "B": 0.47, "Q": 1.28, "w": 10.21, "h": 0.12, "S": 0.03919, "elv": "Sandåa", "km": 1.8}}, {"type": "Feature", "geometry": {"type": "LineString", "coordinates": [[9.77134, 59.31004], [9.77287, 59.31039]]}, "properties": {"P": 11.52, "tau": 44.51, "tau_c": 141.1, "omega": 46.13, "M": 0.32, "D": 0.04, "R": 0.03, "sving": 0.09, "os": 0.0, "foss": 0.51, "juv": 0.0, "B": 0.47, "Q": 1.29, "w": 10.27, "h": 0.12, "S": 0.03752, "elv": "Sandåa", "km": 1.9}}, {"type": "Feature", "geometry": {"type": "LineString", "coordinates": [[9.77287, 59.31039], [9.77458, 59.31047]]}, "properties": {"P": 17.98, "tau": 46.78, "tau_c": 144.54, "omega": 49.71, "M": 0.32, "D": 0.03, "R": 0.04, "sving": 0.01, "os": 0.0, "foss": 1.0, "juv": 0.0, "B": 0.48, "Q": 1.33, "w": 10.33, "h": 0.12, "S": 0.03938, "elv": "Sandåa", "km": 2.0}}, {"type": "Feature", "geometry": {"type": "LineString", "coordinates": [[9.77458, 59.31047], [9.77618, 59.31011]]}, "properties": {"P": 17.77, "tau": 37.24, "tau_c": 122.82, "omega": 35.85, "M": 0.3, "D": 0.03, "R": 0.03, "sving": 0.29, "os": 0.0, "foss": 0.72, "juv": 0.0, "B": 0.48, "Q": 1.34, "w": 10.46, "h": 0.13, "S": 0.02843, "elv": "Sandåa", "km": 2.1}}, {"type": "Feature", "geometry": {"type": "LineString", "coordinates": [[9.77618, 59.31011], [9.77761, 59.30959]]}, "properties": {"P": 13.97, "tau": 47.12, "tau_c": 146.04, "omega": 50.17, "M": 0.32, "D": 0.0, "R": 0.04, "sving": 0.29, "os": 0.0, "foss": 0.51, "juv": 0.0, "B": 0.48, "Q": 1.35, "w": 10.59, "h": 0.12, "S": 0.0402, "elv": "Sandåa", "km": 2.2}}, {"type": "Feature", "geometry": {"type": "LineString", "coordinates": [[9.77761, 59.30959], [9.77922, 59.30928]]}, "properties": {"P": 22.43, "tau": 49.86, "tau_c": 148.09, "omega": 54.86, "M": 0.34, "D": 0.03, "R": 0.05, "sving": 0.25, "os": 0.0, "foss": 1.0, "juv": 0.0, "B": 0.48, "Q": 1.45, "w": 10.68, "h": 0.12, "S": 0.04133, "elv": "Sandåa", "km": 2.3}}, {"type": "Feature", "geometry": {"type": "LineString", "coordinates": [[9.77922, 59.30928], [9.78056, 59.30873]]}, "properties": {"P": 20.2, "tau": 40.21, "tau_c": 127.01, "omega": 40.3, "M": 0.32, "D": 0.07, "R": 0.03, "sving": 0.08, "os": 0.0, "foss": 1.0, "juv": 0.0, "B": 0.48, "Q": 1.46, "w": 10.78, "h": 0.13, "S": 0.0304, "elv": "Sandåa", "km": 2.4}}, {"type": "Feature", "geometry": {"type": "LineString", "coordinates": [[9.78056, 59.30873], [9.78136, 59.30797]]}, "properties": {"P": 16.81, "tau": 37.14, "tau_c": 120.52, "omega": 35.92, "M": 0.31, "D": 0.1, "R": 0.03, "sving": 0.12, "os": 0.0, "foss": 0.72, "juv": 0.0, "B": 0.48, "Q": 1.46, "w": 10.89, "h": 0.14, "S": 0.02738, "elv": "Sandåa", "km": 2.5}}, {"type": "Feature", "geometry": {"type": "LineString", "coordinates": [[9.78136, 59.30797], [9.78254, 59.30731]]}, "properties": {"P": 16.4, "tau": 38.97, "tau_c": 124.53, "omega": 38.5, "M": 0.31, "D": 0.14, "R": 0.03, "sving": 0.25, "os": 0.0, "foss": 0.51, "juv": 0.0, "B": 0.48, "Q": 1.47, "w": 10.94, "h": 0.14, "S": 0.02923, "elv": "Sandåa", "km": 2.6}}, {"type": "Feature", "geometry": {"type": "LineString", "coordinates": [[9.78254, 59.30731], [9.78389, 59.30676]]}, "properties": {"P": 12.57, "tau": 32.85, "tau_c": 109.47, "omega": 30.2, "M": 0.3, "D": 0.15, "R": 0.03, "sving": 0.16, "os": 0.0, "foss": 0.37, "juv": 0.0, "B": 0.48, "Q": 1.5, "w": 10.99, "h": 0.15, "S": 0.02259, "elv": "Sandåa", "km": 2.7}}, {"type": "Feature", "geometry": {"type": "LineString", "coordinates": [[9.78443, 59.30501], [9.78422, 59.30412]]}, "properties": {"P": 2.61, "tau": 46.87, "tau_c": 140.72, "omega": 50.34, "M": 0.33, "D": 0.0, "R": 0.04, "sving": 0.09, "os": 0.0, "foss": 0.0, "juv": 0.0, "B": 0.48, "Q": 1.53, "w": 11.1, "h": 0.13, "S": 0.03732, "elv": "Sandåa", "km": 3.0}}, {"type": "Feature", "geometry": {"type": "LineString", "coordinates": [[9.78422, 59.30412], [9.784, 59.30323]]}, "properties": {"P": 24.14, "tau": 53.95, "tau_c": 155.8, "omega": 61.58, "M": 0.35, "D": 0.0, "R": 0.05, "sving": 0.38, "os": 0.0, "foss": 1.0, "juv": 0.0, "B": 0.48, "Q": 1.53, "w": 11.14, "h": 0.12, "S": 0.04575, "elv": "Sandåa", "km": 3.1}}, {"type": "Feature", "geometry": {"type": "LineString", "coordinates": [[9.784, 59.30323], [9.78402, 59.30236]]}, "properties": {"P": 18.54, "tau": 50.8, "tau_c": 149.36, "omega": 56.48, "M": 0.34, "D": 0.0, "R": 0.05, "sving": 0.05, "os": 0.0, "foss": 1.0, "juv": 0.0, "B": 0.48, "Q": 1.53, "w": 11.17, "h": 0.12, "S": 0.04205, "elv": "Sandåa", "km": 3.2}}, {"type": "Feature", "geometry": {"type": "LineString", "coordinates": [[9.78402, 59.30236], [9.78556, 59.30194]]}, "properties": {"P": 20.4, "tau": 52.62, "tau_c": 152.6, "omega": 59.47, "M": 0.34, "D": 0.0, "R": 0.05, "sving": 0.15, "os": 0.0, "foss": 1.0, "juv": 0.0, "B": 0.49, "Q": 1.55, "w": 11.21, "h": 0.12, "S": 0.04389, "elv": "Sandåa", "km": 3.3}}, {"type": "Feature", "geometry": {"type": "LineString", "coordinates": [[9.78556, 59.30194], [9.78518, 59.30116]]}, "properties": {"P": 17.94, "tau": 62.68, "tau_c": 172.04, "omega": 76.55, "M": 0.36, "D": 0.03, "R": 0.06, "sving": 0.22, "os": 0.0, "foss": 0.72, "juv": 0.0, "B": 0.49, "Q": 1.57, "w": 11.24, "h": 0.11, "S": 0.05579, "elv": "Sandåa", "km": 3.4}}, {"type": "Feature", "geometry": {"type": "LineString", "coordinates": [[9.78518, 59.30116], [9.78431, 59.30039]]}, "properties": {"P": 18.33, "tau": 51.88, "tau_c": 150.38, "omega": 58.35, "M": 0.34, "D": 0.12, "R": 0.05, "sving": 0.35, "os": 0.0, "foss": 0.51, "juv": 0.0, "B": 0.49, "Q": 1.57, "w": 11.28, "h": 0.12, "S": 0.04262, "elv": "Sandåa", "km": 3.5}}, {"type": "Feature", "geometry": {"type": "LineString", "coordinates": [[9.78431, 59.30039], [9.78335, 59.29964]]}, "properties": {"P": 28.04, "tau": 40.64, "tau_c": 126.29, "omega": 41.12, "M": 0.32, "D": 0.18, "R": 0.04, "sving": 0.38, "os": 0.0, "foss": 1.0, "juv": 0.0, "B": 0.49, "Q": 1.58, "w": 11.31, "h": 0.14, "S": 0.03006, "elv": "Sandåa", "km": 3.6}}, {"type": "Feature", "geometry": {"type": "LineString", "coordinates": [[9.78335, 59.29964], [9.78358, 59.29879]]}, "properties": {"P": 22.22, "tau": 33.82, "tau_c": 110.46, "omega": 31.61, "M": 0.31, "D": 0.19, "R": 0.03, "sving": 0.32, "os": 0.0, "foss": 0.72, "juv": 0.0, "B": 0.49, "Q": 1.59, "w": 11.33, "h": 0.15, "S": 0.023, "elv": "Sandåa", "km": 3.7}}, {"type": "Feature", "geometry": {"type": "LineString", "coordinates": [[9.78358, 59.29879], [9.78478, 59.29817]]}, "properties": {"P": 22.89, "tau": 33.81, "tau_c": 110.46, "omega": 31.59, "M": 0.31, "D": 0.14, "R": 0.03, "sving": 0.15, "os": 0.0, "foss": 1.0, "juv": 0.0, "B": 0.49, "Q": 1.59, "w": 11.35, "h": 0.15, "S": 0.023, "elv": "Sandåa", "km": 3.8}}, {"type": "Feature", "geometry": {"type": "LineString", "coordinates": [[9.78478, 59.29817], [9.78532, 59.29733]]}, "properties": {"P": 21.92, "tau": 31.89, "tau_c": 105.94, "omega": 29.05, "M": 0.3, "D": 0.1, "R": 0.03, "sving": 0.43, "os": 0.0, "foss": 0.72, "juv": 0.0, "B": 0.49, "Q": 1.59, "w": 11.37, "h": 0.15, "S": 0.02115, "elv": "Sandåa", "km": 3.9}}, {"type": "Feature", "geometry": {"type": "LineString", "coordinates": [[9.79099, 59.29514], [9.79272, 59.29499]]}, "properties": {"P": 14.94, "tau": 42.09, "tau_c": 119.75, "omega": 44.33, "M": 0.35, "D": 0.0, "R": 0.05, "sving": 0.41, "os": 0.0, "foss": 0.37, "juv": 0.0, "B": 0.5, "Q": 2.06, "w": 12.34, "h": 0.16, "S": 0.02703, "elv": "Sandåa", "km": 4.5}}, {"type": "Feature", "geometry": {"type": "LineString", "coordinates": [[9.79272, 59.29499], [9.79437, 59.2952]]}, "properties": {"P": 26.03, "tau": 41.0, "tau_c": 118.55, "omega": 42.59, "M": 0.35, "D": 0.0, "R": 0.05, "sving": 0.43, "os": 0.0, "foss": 1.0, "juv": 0.0, "B": 0.51, "Q": 2.07, "w": 12.65, "h": 0.16, "S": 0.02649, "elv": "Sandåa", "km": 4.6}}, {"type": "Feature", "geometry": {"type": "LineString", "coordinates": [[9.79437, 59.2952], [9.79453, 59.2944]]}, "properties": {"P": 26.35, "tau": 45.62, "tau_c": 129.42, "omega": 49.5, "M": 0.35, "D": 0.0, "R": 0.05, "sving": 0.44, "os": 0.0, "foss": 1.0, "juv": 0.0, "B": 0.51, "Q": 2.07, "w": 12.97, "h": 0.15, "S": 0.03157, "elv": "Sandåa", "km": 4.7}}, {"type": "Feature", "geometry": {"type": "LineString", "coordinates": [[9.79453, 59.2944], [9.7951, 59.29355]]}, "properties": {"P": 30.17, "tau": 46.05, "tau_c": 130.37, "omega": 50.16, "M": 0.35, "D": 0.02, "R": 0.05, "sving": 0.63, "os": 0.0, "foss": 1.0, "juv": 0.0, "B": 0.51, "Q": 2.07, "w": 12.99, "h": 0.15, "S": 0.03203, "elv": "Sandåa", "km": 4.8}}, {"type": "Feature", "geometry": {"type": "LineString", "coordinates": [[9.7951, 59.29355], [9.79549, 59.29268]]}, "properties": {"P": 22.11, "tau": 44.27, "tau_c": 126.38, "omega": 47.44, "M": 0.35, "D": 0.05, "R": 0.05, "sving": 0.13, "os": 0.0, "foss": 1.0, "juv": 0.0, "B": 0.51, "Q": 2.1, "w": 13.06, "h": 0.15, "S": 0.0301, "elv": "Sandåa", "km": 4.9}}, {"type": "Feature", "geometry": {"type": "LineString", "coordinates": [[9.79549, 59.29268], [9.79572, 59.29179]]}, "properties": {"P": 16.88, "tau": 39.01, "tau_c": 115.69, "omega": 39.54, "M": 0.34, "D": 0.08, "R": 0.05, "sving": 0.08, "os": 0.0, "foss": 0.72, "juv": 0.0, "B": 0.51, "Q": 2.1, "w": 13.14, "h": 0.16, "S": 0.02523, "elv": "Sandåa", "km": 5.0}}, {"type": "Feature", "geometry": {"type": "LineString", "coordinates": [[9.79572, 59.29179], [9.79645, 59.29099]]}, "properties": {"P": 12.98, "tau": 37.8, "tau_c": 111.28, "omega": 37.98, "M": 0.34, "D": 0.09, "R": 0.05, "sving": 0.04, "os": 0.0, "foss": 0.51, "juv": 0.0, "B": 0.51, "Q": 2.19, "w": 13.21, "h": 0.17, "S": 0.02334, "elv": "Sandåa", "km": 5.1}}, {"type": "Feature", "geometry": {"type": "LineString", "coordinates": [[9.79645, 59.29099], [9.79663, 59.29015]]}, "properties": {"P": 10.3, "tau": 37.24, "tau_c": 107.83, "omega": 37.38, "M": 0.35, "D": 0.08, "R": 0.05, "sving": 0.04, "os": 0.0, "foss": 0.37, "juv": 0.0, "B": 0.51, "Q": 2.19, "w": 12.6, "h": 0.17, "S": 0.02192, "elv": "Sandåa", "km": 5.2}}, {"type": "Feature", "geometry": {"type": "LineString", "coordinates": [[9.79663, 59.29015], [9.79683, 59.28927]]}, "properties": {"P": 3.04, "tau": 30.9, "tau_c": 94.51, "omega": 28.59, "M": 0.33, "D": 0.07, "R": 0.04, "sving": 0.02, "os": 0.0, "foss": 0.0, "juv": 0.0, "B": 0.51, "Q": 2.19, "w": 12.66, "h": 0.19, "S": 0.01684, "elv": "Sandåa", "km": 5.3}}, {"type": "Feature", "geometry": {"type": "LineString", "coordinates": [[9.79683, 59.28927], [9.79686, 59.28841]]}, "properties": {"P": 28.43, "tau": 33.75, "tau_c": 100.67, "omega": 32.44, "M": 0.34, "D": 0.04, "R": 0.04, "sving": 0.52, "os": 0.0, "foss": 1.0, "juv": 0.0, "B": 0.51, "Q": 2.19, "w": 12.66, "h": 0.18, "S": 0.0191, "elv": "Sandåa", "km": 5.4}}, {"type": "Feature", "geometry": {"type": "LineString", "coordinates": [[9.79686, 59.28841], [9.79749, 59.28761]]}, "properties": {"P": 15.61, "tau": 33.75, "tau_c": 100.67, "omega": 32.44, "M": 0.34, "D": 0.02, "R": 0.04, "sving": 0.08, "os": 0.0, "foss": 0.72, "juv": 0.0, "B": 0.51, "Q": 2.19, "w": 12.66, "h": 0.18, "S": 0.0191, "elv": "Sandåa", "km": 5.5}}, {"type": "Feature", "geometry": {"type": "LineString", "coordinates": [[9.79749, 59.28761], [9.79616, 59.2874]]}, "properties": {"P": 22.13, "tau": 30.32, "tau_c": 93.23, "omega": 27.82, "M": 0.33, "D": 0.0, "R": 0.04, "sving": 0.21, "os": 0.0, "foss": 1.0, "juv": 0.0, "B": 0.51, "Q": 2.19, "w": 12.66, "h": 0.19, "S": 0.01638, "elv": "Sandåa", "km": 5.6}}, {"type": "Feature", "geometry": {"type": "LineString", "coordinates": [[9.79616, 59.2874], [9.79598, 59.28655]]}, "properties": {"P": 18.19, "tau": 83.61, "tau_c": 197.34, "omega": 118.43, "M": 0.42, "D": 0.0, "R": 0.11, "sving": 0.15, "os": 0.0, "foss": 0.72, "juv": 0.0, "B": 0.51, "Q": 2.19, "w": 13.32, "h": 0.12, "S": 0.0734, "elv": "Sandåa", "km": 5.7}}, {"type": "Feature", "geometry": {"type": "LineString", "coordinates": [[9.79598, 59.28655], [9.7951, 59.2858]]}, "properties": {"P": 16.23, "tau": 93.47, "tau_c": 213.75, "omega": 138.94, "M": 0.44, "D": 0.0, "R": 0.12, "sving": 0.22, "os": 0.0, "foss": 0.51, "juv": 0.0, "B": 0.51, "Q": 2.19, "w": 13.32, "h": 0.11, "S": 0.08611, "elv": "Sandåa", "km": 5.8}}, {"type": "Feature", "geometry": {"type": "LineString", "coordinates": [[9.7951, 59.2858], [9.79506, 59.28491]]}, "properties": {"P": 25.82, "tau": 93.47, "tau_c": 213.75, "omega": 138.94, "M": 0.44, "D": 0.0, "R": 0.12, "sving": 0.29, "os": 0.0, "foss": 1.0, "juv": 0.0, "B": 0.51, "Q": 2.19, "w": 13.32, "h": 0.11, "S": 0.08611, "elv": "Sandåa", "km": 5.9}}, {"type": "Feature", "geometry": {"type": "LineString", "coordinates": [[9.79506, 59.28491], [9.79398, 59.28422]]}, "properties": {"P": 31.11, "tau": 93.59, "tau_c": 213.94, "omega": 139.2, "M": 0.44, "D": 0.0, "R": 0.12, "sving": 0.59, "os": 0.0, "foss": 1.0, "juv": 0.0, "B": 0.51, "Q": 2.19, "w": 13.32, "h": 0.11, "S": 0.08627, "elv": "Sandåa", "km": 6.0}}, {"type": "Feature", "geometry": {"type": "LineString", "coordinates": [[9.79398, 59.28422], [9.79269, 59.28367]]}, "properties": {"P": 28.91, "tau": 93.59, "tau_c": 213.94, "omega": 139.2, "M": 0.44, "D": 0.07, "R": 0.12, "sving": 0.66, "os": 0.0, "foss": 0.72, "juv": 0.0, "B": 0.51, "Q": 2.19, "w": 13.32, "h": 0.11, "S": 0.08627, "elv": "Sandåa", "km": 6.1}}, {"type": "Feature", "geometry": {"type": "LineString", "coordinates": [[9.79269, 59.28367], [9.79128, 59.28411]]}, "properties": {"P": 31.26, "tau": 99.16, "tau_c": 222.99, "omega": 151.21, "M": 0.44, "D": 0.17, "R": 0.13, "sving": 0.36, "os": 0.0, "foss": 1.0, "juv": 0.0, "B": 0.51, "Q": 2.19, "w": 13.32, "h": 0.11, "S": 0.09372, "elv": "Sandåa", "km": 6.2}}, {"type": "Feature", "geometry": {"type": "LineString", "coordinates": [[9.79128, 59.28411], [9.78962, 59.2843]]}, "properties": {"P": 23.45, "tau": 48.91, "tau_c": 135.7, "omega": 54.78, "M": 0.36, "D": 0.33, "R": 0.06, "sving": 0.09, "os": 0.0, "foss": 0.72, "juv": 0.0, "B": 0.51, "Q": 2.19, "w": 13.62, "h": 0.14, "S": 0.03471, "elv": "Sandåa", "km": 6.3}}, {"type": "Feature", "geometry": {"type": "LineString", "coordinates": [[9.78962, 59.2843], [9.78787, 59.28436]]}, "properties": {"P": 30.72, "tau": 30.36, "tau_c": 97.31, "omega": 27.57, "M": 0.31, "D": 0.34, "R": 0.03, "sving": 0.26, "os": 0.0, "foss": 1.0, "juv": 0.0, "B": 0.51, "Q": 2.19, "w": 13.92, "h": 0.17, "S": 0.01785, "elv": "Sandåa", "km": 6.4}}, {"type": "Feature", "geometry": {"type": "LineString", "coordinates": [[9.78787, 59.28436], [9.78639, 59.28399]]}, "properties": {"P": 21.11, "tau": 37.52, "tau_c": 104.41, "omega": 38.3, "M": 0.36, "D": 0.23, "R": 0.06, "sving": 0.06, "os": 0.0, "foss": 0.72, "juv": 0.0, "B": 0.52, "Q": 2.71, "w": 14.24, "h": 0.19, "S": 0.02055, "elv": "Sandåa", "km": 6.5}}, {"type": "Feature", "geometry": {"type": "LineString", "coordinates": [[9.78639, 59.28399], [9.78472, 59.28386]]}, "properties": {"P": 16.72, "tau": 30.8, "tau_c": 91.46, "omega": 28.78, "M": 0.34, "D": 0.15, "R": 0.05, "sving": 0.08, "os": 0.06, "foss": 0.51, "juv": 0.0, "B": 0.52, "Q": 2.71, "w": 14.56, "h": 0.2, "S": 0.01577, "elv": "Sandåa", "km": 6.6}}, {"type": "Feature", "geometry": {"type": "LineString", "coordinates": [[9.78472, 59.28386], [9.78297, 59.28391]]}, "properties": {"P": 14.51, "tau": 30.66, "tau_c": 91.46, "omega": 28.58, "M": 0.34, "D": 0.14, "R": 0.04, "sving": 0.08, "os": 0.1, "foss": 0.37, "juv": 0.0, "B": 0.52, "Q": 2.75, "w": 14.88, "h": 0.2, "S": 0.01577, "elv": "Sandåa", "km": 6.7}}, {"type": "Feature", "geometry": {"type": "LineString", "coordinates": [[9.77434, 59.28428], [9.77345, 59.28351]]}, "properties": {"P": 25.02, "tau": 53.17, "tau_c": 130.27, "omega": 63.82, "M": 0.41, "D": 0.0, "R": 0.1, "sving": 0.75, "os": 0.46, "foss": 0.0, "juv": 0.0, "B": 0.54, "Q": 3.27, "w": 16.06, "h": 0.17, "S": 0.03199, "elv": "Sandåa", "km": 7.4}}, {"type": "Feature", "geometry": {"type": "LineString", "coordinates": [[9.77345, 59.28351], [9.77287, 59.2827]]}, "properties": {"P": 22.98, "tau": 53.46, "tau_c": 126.46, "omega": 64.91, "M": 0.42, "D": 0.0, "R": 0.11, "sving": 0.69, "os": 0.39, "foss": 0.0, "juv": 0.0, "B": 0.54, "Q": 3.31, "w": 15.07, "h": 0.18, "S": 0.03014, "elv": "Sandåa", "km": 7.5}}, {"type": "Feature", "geometry": {"type": "LineString", "coordinates": [[9.77287, 59.2827], [9.77208, 59.28204]]}, "properties": {"P": 31.16, "tau": 53.65, "tau_c": 126.46, "omega": 65.3, "M": 0.42, "D": 0.0, "R": 0.11, "sving": 0.23, "os": 0.29, "foss": 1.0, "juv": 0.0, "B": 0.54, "Q": 3.34, "w": 15.11, "h": 0.18, "S": 0.03014, "elv": "Sandåa", "km": 7.6}}, {"type": "Feature", "geometry": {"type": "LineString", "coordinates": [[9.77208, 59.28204], [9.77274, 59.28122]]}, "properties": {"P": 22.0, "tau": 59.67, "tau_c": 136.61, "omega": 76.05, "M": 0.44, "D": 0.0, "R": 0.12, "sving": 0.09, "os": 0.2, "foss": 0.72, "juv": 0.0, "B": 0.54, "Q": 3.34, "w": 15.15, "h": 0.17, "S": 0.03517, "elv": "Sandåa", "km": 7.7}}, {"type": "Feature", "geometry": {"type": "LineString", "coordinates": [[9.77274, 59.28122], [9.77288, 59.28033]]}, "properties": {"P": 20.94, "tau": 63.48, "tau_c": 142.78, "omega": 83.1, "M": 0.44, "D": 0.06, "R": 0.13, "sving": 0.18, "os": 0.17, "foss": 0.51, "juv": 0.0, "B": 0.54, "Q": 3.35, "w": 15.17, "h": 0.17, "S": 0.03842, "elv": "Sandåa", "km": 7.8}}, {"type": "Feature", "geometry": {"type": "LineString", "coordinates": [[9.77288, 59.28033], [9.77267, 59.27944]]}, "properties": {"P": 29.98, "tau": 63.54, "tau_c": 142.78, "omega": 83.23, "M": 0.45, "D": 0.13, "R": 0.13, "sving": 0.13, "os": 0.11, "foss": 1.0, "juv": 0.0, "B": 0.54, "Q": 3.35, "w": 15.19, "h": 0.17, "S": 0.03842, "elv": "Sandåa", "km": 7.9}}, {"type": "Feature", "geometry": {"type": "LineString", "coordinates": [[9.77267, 59.27944], [9.77253, 59.27854]]}, "properties": {"P": 28.81, "tau": 35.41, "tau_c": 97.33, "omega": 35.63, "M": 0.36, "D": 0.24, "R": 0.06, "sving": 0.36, "os": 0.07, "foss": 0.72, "juv": 0.0, "B": 0.54, "Q": 3.36, "w": 16.5, "h": 0.2, "S": 0.01785, "elv": "Sandåa", "km": 8.0}}, {"type": "Feature", "geometry": {"type": "LineString", "coordinates": [[9.77253, 59.27854], [9.7726, 59.27766]]}, "properties": {"P": 18.96, "tau": 35.04, "tau_c": 96.53, "omega": 35.12, "M": 0.36, "D": 0.22, "R": 0.06, "sving": 0.13, "os": 0.0, "foss": 0.51, "juv": 0.0, "B": 0.54, "Q": 3.37, "w": 16.52, "h": 0.2, "S": 0.01756, "elv": "Sandåa", "km": 8.1}}, {"type": "Feature", "geometry": {"type": "LineString", "coordinates": [[9.7726, 59.27766], [9.77127, 59.27711]]}, "properties": {"P": 27.64, "tau": 35.06, "tau_c": 96.53, "omega": 35.15, "M": 0.36, "D": 0.21, "R": 0.06, "sving": 0.13, "os": 0.0, "foss": 1.0, "juv": 0.0, "B": 0.54, "Q": 3.37, "w": 16.54, "h": 0.2, "S": 0.01756, "elv": "Sandåa", "km": 8.2}}, {"type": "Feature", "geometry": {"type": "LineString", "coordinates": [[9.77127, 59.27711], [9.77051, 59.27633]]}, "properties": {"P": 25.44, "tau": 27.04, "tau_c": 79.98, "omega": 24.23, "M": 0.34, "D": 0.1, "R": 0.05, "sving": 0.46, "os": 0.0, "foss": 0.72, "juv": 0.0, "B": 0.54, "Q": 3.39, "w": 16.56, "h": 0.23, "S": 0.01206, "elv": "Sandåa", "km": 8.3}}, {"type": "Feature", "geometry": {"type": "LineString", "coordinates": [[9.77051, 59.27633], [9.7698, 59.27554]]}, "properties": {"P": 14.56, "tau": 20.72, "tau_c": 66.06, "omega": 16.54, "M": 0.31, "D": 0.07, "R": 0.03, "sving": 0.14, "os": 0.0, "foss": 0.51, "juv": 0.0, "B": 0.54, "Q": 3.4, "w": 16.58, "h": 0.26, "S": 0.00823, "elv": "Sandåa", "km": 8.4}}, {"type": "Feature", "geometry": {"type": "LineString", "coordinates": [[9.56097, 59.29798], [9.56234, 59.29755]]}, "properties": {"P": 100.0, "tau": 175.94, "tau_c": 205.66, "omega": 405.13, "M": 0.86, "D": 0.0, "R": 0.65, "sving": 0.44, "os": 1.0, "foss": 1.0, "juv": 0.0, "B": 0.84, "Q": 19.64, "w": 37.91, "h": 0.22, "S": 0.07972, "elv": "bekk", "km": 0.0}}, {"type": "Feature", "geometry": {"type": "LineString", "coordinates": [[9.56234, 59.29755], [9.5621, 59.29676]]}, "properties": {"P": 85.86, "tau": 210.83, "tau_c": 234.04, "omega": 524.9, "M": 0.9, "D": 0.0, "R": 0.7, "sving": 0.5, "os": 0.63, "foss": 0.72, "juv": 0.0, "B": 0.84, "Q": 19.65, "w": 37.92, "h": 0.21, "S": 0.10324, "elv": "bekk", "km": 0.1}}, {"type": "Feature", "geometry": {"type": "LineString", "coordinates": [[9.5621, 59.29676], [9.5628, 59.29598]]}, "properties": {"P": 87.48, "tau": 217.81, "tau_c": 234.04, "omega": 553.84, "M": 0.93, "D": 0.0, "R": 0.73, "sving": 0.38, "os": 0.47, "foss": 1.0, "juv": 0.0, "B": 0.84, "Q": 19.65, "w": 35.94, "h": 0.22, "S": 0.10324, "elv": "bekk", "km": 0.2}}, {"type": "Feature", "geometry": {"type": "LineString", "coordinates": [[9.5628, 59.29598], [9.56281, 59.2951]]}, "properties": {"P": 79.03, "tau": 225.51, "tau_c": 234.04, "omega": 586.44, "M": 0.96, "D": 0.01, "R": 0.76, "sving": 0.08, "os": 0.4, "foss": 1.0, "juv": 0.0, "B": 0.84, "Q": 19.67, "w": 33.96, "h": 0.22, "S": 0.10324, "elv": "bekk", "km": 0.3}}, {"type": "Feature", "geometry": {"type": "LineString", "coordinates": [[9.40127, 59.22079], [9.40301, 59.22072]]}, "properties": {"P": 2.46, "tau": 57.22, "tau_c": 181.1, "omega": 64.59, "M": 0.32, "D": 0.0, "R": 0.03, "sving": 0.01, "os": 0.1, "foss": 0.0, "juv": 0.0, "B": 0.45, "Q": 0.92, "w": 8.65, "h": 0.09, "S": 0.06181, "elv": "Brusetbekken", "km": 0.1}}, {"type": "Feature", "geometry": {"type": "LineString", "coordinates": [[9.40301, 59.22072], [9.40459, 59.22095]]}, "properties": {"P": 23.9, "tau": 50.78, "tau_c": 165.96, "omega": 54.45, "M": 0.31, "D": 0.04, "R": 0.03, "sving": 0.31, "os": 0.15, "foss": 1.0, "juv": 0.0, "B": 0.45, "Q": 0.93, "w": 8.68, "h": 0.1, "S": 0.05191, "elv": "Brusetbekken", "km": 0.2}}, {"type": "Feature", "geometry": {"type": "LineString", "coordinates": [[9.4089, 59.22188], [9.41019, 59.22237]]}, "properties": {"P": 29.55, "tau": 40.49, "tau_c": 134.01, "omega": 40.01, "M": 0.3, "D": 0.25, "R": 0.03, "sving": 0.24, "os": 0.92, "foss": 0.37, "juv": 0.0, "B": 0.46, "Q": 1.11, "w": 9.21, "h": 0.12, "S": 0.03385, "elv": "Brusetbekken", "km": 0.6}}, {"type": "Feature", "geometry": {"type": "LineString", "coordinates": [[9.40957, 59.32594], [9.41022, 59.32529]]}, "properties": {"P": 18.58, "tau": 99.89, "tau_c": 208.14, "omega": 156.44, "M": 0.48, "D": 0.03, "R": 0.16, "sving": 0.1, "os": 0.21, "foss": 1.0, "juv": 0.0, "B": 0.34, "Q": 2.71, "w": 13.87, "h": 0.12, "S": 0.08165, "elv": "Garvannselva", "km": 0.0}}, {"type": "Feature", "geometry": {"type": "LineString", "coordinates": [[9.41022, 59.32529], [9.41133, 59.32467]]}, "properties": {"P": 38.68, "tau": 97.08, "tau_c": 203.89, "omega": 150.21, "M": 0.48, "D": 0.07, "R": 0.16, "sving": 0.12, "os": 0.2, "foss": 0.73, "juv": 0.0, "B": 0.81, "Q": 2.71, "w": 13.89, "h": 0.13, "S": 0.07835, "elv": "Garvannselva", "km": 0.1}}, {"type": "Feature", "geometry": {"type": "LineString", "coordinates": [[9.41133, 59.32467], [9.41191, 59.32384]]}, "properties": {"P": 44.84, "tau": 83.52, "tau_c": 182.36, "omega": 121.21, "M": 0.46, "D": 0.14, "R": 0.14, "sving": 0.03, "os": 0.18, "foss": 1.0, "juv": 0.0, "B": 0.81, "Q": 2.74, "w": 13.91, "h": 0.14, "S": 0.06268, "elv": "Garvannselva", "km": 0.2}}, {"type": "Feature", "geometry": {"type": "LineString", "coordinates": [[9.41191, 59.32384], [9.41305, 59.32317]]}, "properties": {"P": 52.0, "tau": 73.52, "tau_c": 166.47, "omega": 100.96, "M": 0.44, "D": 0.16, "R": 0.13, "sving": 0.34, "os": 0.13, "foss": 1.0, "juv": 0.0, "B": 0.81, "Q": 2.75, "w": 13.94, "h": 0.14, "S": 0.05223, "elv": "Garvannselva", "km": 0.3}}, {"type": "Feature", "geometry": {"type": "LineString", "coordinates": [[9.41305, 59.32317], [9.41394, 59.32242]]}, "properties": {"P": 34.57, "tau": 56.85, "tau_c": 142.55, "omega": 69.28, "M": 0.4, "D": 0.18, "R": 0.09, "sving": 0.06, "os": 0.1, "foss": 0.72, "juv": 0.0, "B": 0.81, "Q": 2.75, "w": 14.94, "h": 0.15, "S": 0.0383, "elv": "Garvannselva", "km": 0.4}}, {"type": "Feature", "geometry": {"type": "LineString", "coordinates": [[9.41394, 59.32242], [9.41365, 59.32157]]}, "properties": {"P": 24.24, "tau": 62.79, "tau_c": 153.11, "omega": 79.88, "M": 0.41, "D": 0.1, "R": 0.1, "sving": 0.0, "os": 0.06, "foss": 0.51, "juv": 0.0, "B": 0.81, "Q": 2.76, "w": 14.96, "h": 0.14, "S": 0.04419, "elv": "Garvannselva", "km": 0.5}}, {"type": "Feature", "geometry": {"type": "LineString", "coordinates": [[9.41365, 59.32157], [9.41395, 59.32069]]}, "properties": {"P": 19.26, "tau": 50.05, "tau_c": 129.83, "omega": 57.74, "M": 0.39, "D": 0.06, "R": 0.08, "sving": 0.13, "os": 0.0, "foss": 0.37, "juv": 0.0, "B": 0.81, "Q": 2.78, "w": 14.98, "h": 0.16, "S": 0.03177, "elv": "Garvannselva", "km": 0.6}}, {"type": "Feature", "geometry": {"type": "LineString", "coordinates": [[9.41395, 59.32069], [9.41506, 59.32003]]}, "properties": {"P": 33.49, "tau": 75.56, "tau_c": 174.39, "omega": 104.23, "M": 0.43, "D": 0.0, "R": 0.12, "sving": 0.02, "os": 0.0, "foss": 1.0, "juv": 0.0, "B": 0.81, "Q": 2.78, "w": 14.99, "h": 0.13, "S": 0.05732, "elv": "Garvannselva", "km": 0.7}}, {"type": "Feature", "geometry": {"type": "LineString", "coordinates": [[9.41506, 59.32003], [9.4154, 59.31921]]}, "properties": {"P": 35.25, "tau": 94.15, "tau_c": 204.21, "omega": 142.83, "M": 0.46, "D": 0.0, "R": 0.14, "sving": 0.04, "os": 0.0, "foss": 1.0, "juv": 0.0, "B": 0.81, "Q": 2.78, "w": 15.02, "h": 0.12, "S": 0.0786, "elv": "Garvannselva", "km": 0.8}}, {"type": "Feature", "geometry": {"type": "LineString", "coordinates": [[9.4154, 59.31921], [9.41521, 59.31837]]}, "properties": {"P": 36.05, "tau": 107.8, "tau_c": 225.07, "omega": 173.38, "M": 0.48, "D": 0.0, "R": 0.16, "sving": 0.04, "os": 0.0, "foss": 1.0, "juv": 0.0, "B": 0.81, "Q": 2.78, "w": 15.04, "h": 0.12, "S": 0.09548, "elv": "Garvannselva", "km": 0.9}}, {"type": "Feature", "geometry": {"type": "LineString", "coordinates": [[9.41521, 59.31837], [9.4157, 59.31751]]}, "properties": {"P": 38.85, "tau": 110.38, "tau_c": 228.25, "omega": 179.52, "M": 0.48, "D": 0.01, "R": 0.17, "sving": 0.11, "os": 0.0, "foss": 1.0, "juv": 0.0, "B": 0.81, "Q": 2.81, "w": 15.06, "h": 0.11, "S": 0.09819, "elv": "Garvannselva", "km": 1.0}}, {"type": "Feature", "geometry": {"type": "LineString", "coordinates": [[9.4157, 59.31751], [9.41665, 59.31681]]}, "properties": {"P": 41.26, "tau": 105.31, "tau_c": 220.62, "omega": 167.84, "M": 0.48, "D": 0.08, "R": 0.16, "sving": 0.12, "os": 0.0, "foss": 1.0, "juv": 0.0, "B": 0.81, "Q": 2.81, "w": 15.08, "h": 0.12, "S": 0.09174, "elv": "Garvannselva", "km": 1.1}}, {"type": "Feature", "geometry": {"type": "LineString", "coordinates": [[9.41665, 59.31681], [9.41744, 59.31607]]}, "properties": {"P": 33.67, "tau": 98.1, "tau_c": 209.69, "omega": 151.63, "M": 0.47, "D": 0.17, "R": 0.15, "sving": 0.01, "os": 0.0, "foss": 0.73, "juv": 0.0, "B": 0.81, "Q": 2.82, "w": 15.12, "h": 0.12, "S": 0.08288, "elv": "Garvannselva", "km": 1.2}}, {"type": "Feature", "geometry": {"type": "LineString", "coordinates": [[9.41744, 59.31607], [9.41783, 59.31519]]}, "properties": {"P": 36.55, "tau": 64.94, "tau_c": 156.07, "omega": 83.96, "M": 0.42, "D": 0.29, "R": 0.1, "sving": 0.23, "os": 0.0, "foss": 0.54, "juv": 0.0, "B": 0.81, "Q": 2.82, "w": 15.14, "h": 0.14, "S": 0.04591, "elv": "Garvannselva", "km": 1.3}}, {"type": "Feature", "geometry": {"type": "LineString", "coordinates": [[9.41783, 59.31519], [9.41826, 59.31434]]}, "properties": {"P": 32.21, "tau": 50.09, "tau_c": 129.23, "omega": 57.91, "M": 0.39, "D": 0.35, "R": 0.08, "sving": 0.19, "os": 0.0, "foss": 0.39, "juv": 0.0, "B": 0.81, "Q": 2.84, "w": 15.16, "h": 0.16, "S": 0.03147, "elv": "Garvannselva", "km": 1.4}}, {"type": "Feature", "geometry": {"type": "LineString", "coordinates": [[9.41826, 59.31434], [9.41826, 59.31345]]}, "properties": {"P": 25.58, "tau": 31.38, "tau_c": 92.4, "omega": 29.62, "M": 0.34, "D": 0.37, "R": 0.05, "sving": 0.01, "os": 0.06, "foss": 0.28, "juv": 0.0, "B": 0.81, "Q": 2.85, "w": 15.18, "h": 0.2, "S": 0.01609, "elv": "Garvannselva", "km": 1.5}}, {"type": "Feature", "geometry": {"type": "LineString", "coordinates": [[9.41826, 59.31345], [9.41827, 59.31255]]}, "properties": {"P": 48.02, "tau": 27.13, "tau_c": 84.34, "omega": 23.95, "M": 0.32, "D": 0.29, "R": 0.04, "sving": 0.21, "os": 0.09, "foss": 1.0, "juv": 0.0, "B": 0.81, "Q": 2.85, "w": 15.66, "h": 0.21, "S": 0.01341, "elv": "Garvannselva", "km": 1.6}}, {"type": "Feature", "geometry": {"type": "LineString", "coordinates": [[9.41827, 59.31255], [9.4187, 59.3117]]}, "properties": {"P": 51.6, "tau": 22.19, "tau_c": 73.86, "omega": 17.89, "M": 0.3, "D": 0.2, "R": 0.03, "sving": 0.69, "os": 0.15, "foss": 0.72, "juv": 0.0, "B": 0.81, "Q": 2.86, "w": 16.13, "h": 0.22, "S": 0.01028, "elv": "Garvannselva", "km": 1.7}}, {"type": "Feature", "geometry": {"type": "LineString", "coordinates": [[9.4187, 59.3117], [9.41981, 59.31115]]}, "properties": {"P": 42.5, "tau": 22.66, "tau_c": 67.3, "omega": 19.05, "M": 0.34, "D": 0.16, "R": 0.04, "sving": 0.45, "os": 0.23, "foss": 0.51, "juv": 0.0, "B": 0.84, "Q": 3.79, "w": 16.65, "h": 0.27, "S": 0.00854, "elv": "Garvannselva", "km": 1.8}}, {"type": "Feature", "geometry": {"type": "LineString", "coordinates": [[9.41981, 59.31115], [9.42142, 59.31137]]}, "properties": {"P": 29.8, "tau": 22.17, "tau_c": 67.3, "omega": 18.39, "M": 0.33, "D": 0.25, "R": 0.04, "sving": 0.01, "os": 0.26, "foss": 0.37, "juv": 0.0, "B": 0.84, "Q": 3.79, "w": 17.25, "h": 0.26, "S": 0.00854, "elv": "Garvannselva", "km": 1.9}}, {"type": "Feature", "geometry": {"type": "LineString", "coordinates": [[9.43454, 59.30898], [9.43618, 59.3093]]}, "properties": {"P": 22.46, "tau": 62.42, "tau_c": 139.88, "omega": 81.54, "M": 0.45, "D": 0.05, "R": 0.13, "sving": 0.3, "os": 0.28, "foss": 1.0, "juv": 0.0, "B": 0.35, "Q": 4.12, "w": 18.28, "h": 0.17, "S": 0.03688, "elv": "Sagtjernelva", "km": 0.0}}, {"type": "Feature", "geometry": {"type": "LineString", "coordinates": [[9.43618, 59.3093], [9.43783, 59.3096]]}, "properties": {"P": 36.07, "tau": 51.08, "tau_c": 121.14, "omega": 61.17, "M": 0.42, "D": 0.12, "R": 0.11, "sving": 0.02, "os": 0.17, "foss": 0.72, "juv": 0.0, "B": 0.85, "Q": 4.12, "w": 18.29, "h": 0.19, "S": 0.02766, "elv": "Sagtjernelva", "km": 0.1}}, {"type": "Feature", "geometry": {"type": "LineString", "coordinates": [[9.43783, 59.3096], [9.43902, 59.31018]]}, "properties": {"P": 30.7, "tau": 43.8, "tau_c": 108.35, "omega": 49.09, "M": 0.4, "D": 0.2, "R": 0.09, "sving": 0.02, "os": 0.1, "foss": 0.51, "juv": 0.0, "B": 0.85, "Q": 4.14, "w": 18.31, "h": 0.2, "S": 0.02213, "elv": "Sagtjernelva", "km": 0.2}}, {"type": "Feature", "geometry": {"type": "LineString", "coordinates": [[9.43902, 59.31018], [9.44051, 59.31051]]}, "properties": {"P": 28.58, "tau": 38.57, "tau_c": 98.91, "omega": 40.91, "M": 0.39, "D": 0.26, "R": 0.08, "sving": 0.02, "os": 0.13, "foss": 0.37, "juv": 0.0, "B": 0.85, "Q": 4.15, "w": 18.34, "h": 0.21, "S": 0.01844, "elv": "Sagtjernelva", "km": 0.3}}, {"type": "Feature", "geometry": {"type": "LineString", "coordinates": [[9.44051, 59.31051], [9.44213, 59.31077]]}, "properties": {"P": 26.47, "tau": 25.95, "tau_c": 74.33, "omega": 23.19, "M": 0.35, "D": 0.3, "R": 0.05, "sving": 0.23, "os": 0.2, "foss": 0.0, "juv": 0.0, "B": 0.85, "Q": 4.17, "w": 18.37, "h": 0.25, "S": 0.01041, "elv": "Sagtjernelva", "km": 0.4}}, {"type": "Feature", "geometry": {"type": "LineString", "coordinates": [[9.44213, 59.31077], [9.44381, 59.31103]]}, "properties": {"P": 21.69, "tau": 18.92, "tau_c": 59.26, "omega": 14.73, "M": 0.32, "D": 0.23, "R": 0.04, "sving": 0.05, "os": 0.32, "foss": 0.0, "juv": 0.0, "B": 0.85, "Q": 4.17, "w": 18.4, "h": 0.29, "S": 0.00662, "elv": "Sagtjernelva", "km": 0.5}}, {"type": "Feature", "geometry": {"type": "LineString", "coordinates": [[9.44381, 59.31103], [9.44554, 59.31114]]}, "properties": {"P": 52.84, "tau": 18.98, "tau_c": 59.26, "omega": 14.8, "M": 0.32, "D": 0.13, "R": 0.04, "sving": 0.06, "os": 0.53, "foss": 1.0, "juv": 0.0, "B": 0.85, "Q": 4.2, "w": 18.42, "h": 0.29, "S": 0.00662, "elv": "Sagtjernelva", "km": 0.6}}, {"type": "Feature", "geometry": {"type": "LineString", "coordinates": [[9.44554, 59.31114], [9.44697, 59.3116]]}, "properties": {"P": 53.65, "tau": 23.02, "tau_c": 68.07, "omega": 19.52, "M": 0.34, "D": 0.02, "R": 0.05, "sving": 0.16, "os": 0.87, "foss": 0.72, "juv": 0.0, "B": 0.85, "Q": 4.2, "w": 18.43, "h": 0.27, "S": 0.00873, "elv": "Sagtjernelva", "km": 0.7}}, {"type": "Feature", "geometry": {"type": "LineString", "coordinates": [[9.44697, 59.3116], [9.44852, 59.31198]]}, "properties": {"P": 41.58, "tau": 22.95, "tau_c": 68.07, "omega": 19.43, "M": 0.34, "D": 0.08, "R": 0.05, "sving": 0.03, "os": 0.7, "foss": 0.51, "juv": 0.0, "B": 0.85, "Q": 4.2, "w": 18.53, "h": 0.27, "S": 0.00873, "elv": "Sagtjernelva", "km": 0.8}}, {"type": "Feature", "geometry": {"type": "LineString", "coordinates": [[9.44852, 59.31198], [9.44981, 59.31255]]}, "properties": {"P": 44.42, "tau": 22.89, "tau_c": 68.07, "omega": 19.36, "M": 0.34, "D": 0.2, "R": 0.04, "sving": 0.4, "os": 0.43, "foss": 0.37, "juv": 0.0, "B": 0.85, "Q": 4.2, "w": 18.61, "h": 0.27, "S": 0.00873, "elv": "Sagtjernelva", "km": 0.9}}, {"type": "Feature", "geometry": {"type": "LineString", "coordinates": [[9.45291, 59.31235], [9.45336, 59.31149]]}, "properties": {"P": 24.8, "tau": 33.48, "tau_c": 88.2, "omega": 33.54, "M": 0.38, "D": 0.0, "R": 0.07, "sving": 0.6, "os": 0.13, "foss": 0.0, "juv": 0.0, "B": 0.86, "Q": 4.4, "w": 18.87, "h": 0.23, "S": 0.01466, "elv": "Sagtjernelva", "km": 1.2}}, {"type": "Feature", "geometry": {"type": "LineString", "coordinates": [[9.45336, 59.31149], [9.45384, 59.31063]]}, "properties": {"P": 10.67, "tau": 44.6, "tau_c": 108.34, "omega": 50.6, "M": 0.41, "D": 0.0, "R": 0.1, "sving": 0.08, "os": 0.12, "foss": 0.0, "juv": 0.0, "B": 0.86, "Q": 4.4, "w": 18.88, "h": 0.21, "S": 0.02212, "elv": "Sagtjernelva", "km": 1.3}}, {"type": "Feature", "geometry": {"type": "LineString", "coordinates": [[9.45384, 59.31063], [9.45414, 59.30976]]}, "properties": {"P": 52.03, "tau": 44.61, "tau_c": 108.34, "omega": 50.63, "M": 0.41, "D": 0.0, "R": 0.1, "sving": 0.52, "os": 0.11, "foss": 1.0, "juv": 0.0, "B": 0.86, "Q": 4.41, "w": 18.89, "h": 0.21, "S": 0.02212, "elv": "Sagtjernelva", "km": 1.4}}, {"type": "Feature", "geometry": {"type": "LineString", "coordinates": [[9.45414, 59.30976], [9.45535, 59.30922]]}, "properties": {"P": 49.97, "tau": 53.3, "tau_c": 123.17, "omega": 65.33, "M": 0.43, "D": 0.0, "R": 0.12, "sving": 0.43, "os": 0.09, "foss": 1.0, "juv": 0.0, "B": 0.86, "Q": 4.41, "w": 18.91, "h": 0.19, "S": 0.02859, "elv": "Sagtjernelva", "km": 1.5}}, {"type": "Feature", "geometry": {"type": "LineString", "coordinates": [[9.45535, 59.30922], [9.45708, 59.30928]]}, "properties": {"P": 49.73, "tau": 60.45, "tau_c": 134.88, "omega": 78.23, "M": 0.45, "D": 0.0, "R": 0.13, "sving": 0.68, "os": 0.09, "foss": 0.72, "juv": 0.0, "B": 0.86, "Q": 4.41, "w": 18.94, "h": 0.18, "S": 0.03429, "elv": "Sagtjernelva", "km": 1.6}}, {"type": "Feature", "geometry": {"type": "LineString", "coordinates": [[9.45708, 59.30928], [9.4588, 59.30916]]}, "properties": {"P": 46.79, "tau": 68.56, "tau_c": 146.85, "omega": 93.84, "M": 0.47, "D": 0.03, "R": 0.15, "sving": 0.17, "os": 0.14, "foss": 1.0, "juv": 0.0, "B": 0.86, "Q": 4.46, "w": 18.97, "h": 0.17, "S": 0.04064, "elv": "Sagtjernelva", "km": 1.7}}, {"type": "Feature", "geometry": {"type": "LineString", "coordinates": [[9.4588, 59.30916], [9.46038, 59.30953]]}, "properties": {"P": 55.83, "tau": 56.3, "tau_c": 122.09, "omega": 71.6, "M": 0.46, "D": 0.09, "R": 0.14, "sving": 0.32, "os": 0.23, "foss": 1.0, "juv": 0.0, "B": 0.86, "Q": 4.47, "w": 17.19, "h": 0.2, "S": 0.02809, "elv": "Sagtjernelva", "km": 1.8}}, {"type": "Feature", "geometry": {"type": "LineString", "coordinates": [[9.46038, 59.30953], [9.46192, 59.30932]]}, "properties": {"P": 50.34, "tau": 47.42, "tau_c": 107.98, "omega": 55.97, "M": 0.44, "D": 0.13, "R": 0.12, "sving": 0.01, "os": 0.33, "foss": 1.0, "juv": 0.0, "B": 0.86, "Q": 4.47, "w": 17.23, "h": 0.22, "S": 0.02198, "elv": "Sagtjernelva", "km": 1.9}}, {"type": "Feature", "geometry": {"type": "LineString", "coordinates": [[9.46192, 59.30932], [9.46311, 59.3087]]}, "properties": {"P": 54.29, "tau": 47.33, "tau_c": 107.98, "omega": 55.8, "M": 0.44, "D": 0.1, "R": 0.12, "sving": 0.29, "os": 0.52, "foss": 0.72, "juv": 0.0, "B": 0.86, "Q": 4.48, "w": 17.31, "h": 0.22, "S": 0.02198, "elv": "Sagtjernelva", "km": 2.0}}, {"type": "Feature", "geometry": {"type": "LineString", "coordinates": [[9.46311, 59.3087], [9.46485, 59.30861]]}, "properties": {"P": 47.52, "tau": 42.52, "tau_c": 100.14, "omega": 47.83, "M": 0.42, "D": 0.06, "R": 0.11, "sving": 0.05, "os": 0.81, "foss": 0.51, "juv": 0.0, "B": 0.86, "Q": 4.49, "w": 17.39, "h": 0.23, "S": 0.0189, "elv": "Sagtjernelva", "km": 2.1}}, {"type": "Feature", "geometry": {"type": "LineString", "coordinates": [[9.46485, 59.30861], [9.4665, 59.30831]]}, "properties": {"P": 45.31, "tau": 55.07, "tau_c": 118.83, "omega": 69.63, "M": 0.46, "D": 0.02, "R": 0.15, "sving": 0.16, "os": 0.75, "foss": 0.37, "juv": 0.0, "B": 0.86, "Q": 4.66, "w": 17.48, "h": 0.21, "S": 0.02662, "elv": "Sagtjernelva", "km": 2.2}}, {"type": "Feature", "geometry": {"type": "LineString", "coordinates": [[9.4665, 59.30831], [9.46807, 59.30798]]}, "properties": {"P": 23.79, "tau": 42.78, "tau_c": 103.68, "omega": 47.9, "M": 0.41, "D": 0.02, "R": 0.1, "sving": 0.16, "os": 0.46, "foss": 0.0, "juv": 0.0, "B": 0.86, "Q": 4.67, "w": 19.37, "h": 0.22, "S": 0.02026, "elv": "Sagtjernelva", "km": 2.3}}, {"type": "Feature", "geometry": {"type": "LineString", "coordinates": [[9.46807, 59.30798], [9.46967, 59.30767]]}, "properties": {"P": 48.99, "tau": 56.99, "tau_c": 127.54, "omega": 72.22, "M": 0.45, "D": 0.01, "R": 0.13, "sving": 0.16, "os": 0.28, "foss": 1.0, "juv": 0.0, "B": 0.86, "Q": 4.67, "w": 19.45, "h": 0.19, "S": 0.03066, "elv": "Sagtjernelva", "km": 2.4}}, {"type": "Feature", "geometry": {"type": "LineString", "coordinates": [[9.46967, 59.30767], [9.47118, 59.30722]]}, "properties": {"P": 38.77, "tau": 53.46, "tau_c": 121.81, "omega": 65.9, "M": 0.44, "D": 0.03, "R": 0.12, "sving": 0.19, "os": 0.17, "foss": 0.72, "juv": 0.0, "B": 0.86, "Q": 4.67, "w": 19.46, "h": 0.19, "S": 0.02797, "elv": "Sagtjernelva", "km": 2.5}}, {"type": "Feature", "geometry": {"type": "LineString", "coordinates": [[9.47118, 59.30722], [9.47288, 59.3073]]}, "properties": {"P": 46.37, "tau": 53.46, "tau_c": 121.81, "omega": 65.9, "M": 0.44, "D": 0.09, "R": 0.12, "sving": 0.06, "os": 0.2, "foss": 1.0, "juv": 0.0, "B": 0.86, "Q": 4.68, "w": 19.47, "h": 0.19, "S": 0.02797, "elv": "Sagtjernelva", "km": 2.6}}, {"type": "Feature", "geometry": {"type": "LineString", "coordinates": [[9.47288, 59.3073], [9.4739, 59.30665]]}, "properties": {"P": 43.03, "tau": 49.23, "tau_c": 114.71, "omega": 58.58, "M": 0.43, "D": 0.18, "R": 0.11, "sving": 0.16, "os": 0.17, "foss": 0.72, "juv": 0.0, "B": 0.86, "Q": 4.69, "w": 19.48, "h": 0.2, "S": 0.0248, "elv": "Sagtjernelva", "km": 2.7}}, {"type": "Feature", "geometry": {"type": "LineString", "coordinates": [[9.4739, 59.30665], [9.47535, 59.30622]]}, "properties": {"P": 38.3, "tau": 28.61, "tau_c": 77.74, "omega": 26.89, "M": 0.37, "D": 0.32, "R": 0.06, "sving": 0.05, "os": 0.2, "foss": 0.51, "juv": 0.0, "B": 0.86, "Q": 4.69, "w": 19.49, "h": 0.26, "S": 0.01139, "elv": "Sagtjernelva", "km": 2.8}}, {"type": "Feature", "geometry": {"type": "LineString", "coordinates": [[9.47535, 59.30622], [9.47709, 59.30612]]}, "properties": {"P": 52.8, "tau": 28.61, "tau_c": 77.74, "omega": 26.9, "M": 0.37, "D": 0.41, "R": 0.06, "sving": 0.6, "os": 0.18, "foss": 0.37, "juv": 0.0, "B": 0.86, "Q": 4.69, "w": 19.5, "h": 0.26, "S": 0.01139, "elv": "Sagtjernelva", "km": 2.9}}, {"type": "Feature", "geometry": {"type": "LineString", "coordinates": [[9.44517, 59.36596], [9.44669, 59.36637]]}, "properties": {"P": 11.99, "tau": 82.39, "tau_c": 203.55, "omega": 114.46, "M": 0.4, "D": 0.0, "R": 0.09, "sving": 0.93, "os": 0.0, "foss": 0.0, "juv": 0.0, "B": 0.32, "Q": 1.96, "w": 13.12, "h": 0.11, "S": 0.07809, "elv": "Linddalselva", "km": 0.0}}, {"type": "Feature", "geometry": {"type": "LineString", "coordinates": [[9.44669, 59.36637], [9.44832, 59.3663]]}, "properties": {"P": 24.75, "tau": 87.95, "tau_c": 192.68, "omega": 129.64, "M": 0.46, "D": 0.0, "R": 0.14, "sving": 0.69, "os": 0.0, "foss": 1.0, "juv": 0.0, "B": 0.38, "Q": 2.38, "w": 12.6, "h": 0.13, "S": 0.06998, "elv": "Linddalselva", "km": 0.1}}, {"type": "Feature", "geometry": {"type": "LineString", "coordinates": [[9.44832, 59.3663], [9.44958, 59.36568]]}, "properties": {"P": 22.31, "tau": 82.74, "tau_c": 185.95, "omega": 118.52, "M": 0.44, "D": 0.0, "R": 0.13, "sving": 0.51, "os": 0.0, "foss": 1.0, "juv": 0.0, "B": 0.38, "Q": 2.39, "w": 12.87, "h": 0.13, "S": 0.06517, "elv": "Linddalselva", "km": 0.2}}, {"type": "Feature", "geometry": {"type": "LineString", "coordinates": [[9.44958, 59.36568], [9.45068, 59.36498]]}, "properties": {"P": 21.05, "tau": 83.75, "tau_c": 188.95, "omega": 120.36, "M": 0.44, "D": 0.02, "R": 0.13, "sving": 0.39, "os": 0.0, "foss": 1.0, "juv": 0.0, "B": 0.38, "Q": 2.4, "w": 13.14, "h": 0.13, "S": 0.06729, "elv": "Linddalselva", "km": 0.3}}, {"type": "Feature", "geometry": {"type": "LineString", "coordinates": [[9.45068, 59.36498], [9.4518, 59.36429]]}, "properties": {"P": 17.55, "tau": 86.03, "tau_c": 192.7, "omega": 125.07, "M": 0.45, "D": 0.06, "R": 0.13, "sving": 0.06, "os": 0.0, "foss": 1.0, "juv": 0.0, "B": 0.38, "Q": 2.4, "w": 13.19, "h": 0.13, "S": 0.06999, "elv": "Linddalselva", "km": 0.4}}, {"type": "Feature", "geometry": {"type": "LineString", "coordinates": [[9.4518, 59.36429], [9.45252, 59.36351]]}, "properties": {"P": 17.7, "tau": 74.98, "tau_c": 174.79, "omega": 102.68, "M": 0.43, "D": 0.12, "R": 0.11, "sving": 0.03, "os": 0.0, "foss": 1.0, "juv": 0.0, "B": 0.38, "Q": 2.41, "w": 13.24, "h": 0.13, "S": 0.05758, "elv": "Linddalselva", "km": 0.5}}, {"type": "Feature", "geometry": {"type": "LineString", "coordinates": [[9.45252, 59.36351], [9.45352, 59.36283]]}, "properties": {"P": 18.24, "tau": 61.0, "tau_c": 153.26, "omega": 76.06, "M": 0.4, "D": 0.15, "R": 0.09, "sving": 0.06, "os": 0.0, "foss": 1.0, "juv": 0.0, "B": 0.38, "Q": 2.47, "w": 14.08, "h": 0.14, "S": 0.04427, "elv": "Linddalselva", "km": 0.6}}, {"type": "Feature", "geometry": {"type": "LineString", "coordinates": [[9.45352, 59.36283], [9.45447, 59.36213]]}, "properties": {"P": 18.07, "tau": 57.97, "tau_c": 147.8, "omega": 70.69, "M": 0.39, "D": 0.15, "R": 0.08, "sving": 0.06, "os": 0.0, "foss": 1.0, "juv": 0.0, "B": 0.38, "Q": 2.47, "w": 14.14, "h": 0.14, "S": 0.04118, "elv": "Linddalselva", "km": 0.7}}, {"type": "Feature", "geometry": {"type": "LineString", "coordinates": [[9.45447, 59.36213], [9.45534, 59.36136]]}, "properties": {"P": 13.67, "tau": 55.03, "tau_c": 142.23, "omega": 65.65, "M": 0.39, "D": 0.13, "R": 0.08, "sving": 0.03, "os": 0.0, "foss": 0.72, "juv": 0.0, "B": 0.38, "Q": 2.49, "w": 14.2, "h": 0.15, "S": 0.03813, "elv": "Linddalselva", "km": 0.8}}, {"type": "Feature", "geometry": {"type": "LineString", "coordinates": [[9.45534, 59.36136], [9.45634, 59.36062]]}, "properties": {"P": 10.63, "tau": 46.45, "tau_c": 125.83, "omega": 51.5, "M": 0.37, "D": 0.12, "R": 0.07, "sving": 0.03, "os": 0.0, "foss": 0.51, "juv": 0.0, "B": 0.38, "Q": 2.5, "w": 14.22, "h": 0.16, "S": 0.02984, "elv": "Linddalselva", "km": 0.9}}, {"type": "Feature", "geometry": {"type": "LineString", "coordinates": [[9.45634, 59.36062], [9.45726, 59.35986]]}, "properties": {"P": 7.8, "tau": 43.17, "tau_c": 119.44, "omega": 46.37, "M": 0.36, "D": 0.08, "R": 0.06, "sving": 0.02, "os": 0.0, "foss": 0.37, "juv": 0.0, "B": 0.38, "Q": 2.51, "w": 14.27, "h": 0.16, "S": 0.02689, "elv": "Linddalselva", "km": 1.0}}, {"type": "Feature", "geometry": {"type": "LineString", "coordinates": [[9.45726, 59.35986], [9.45813, 59.35908]]}, "properties": {"P": 5.1, "tau": 42.5, "tau_c": 118.2, "omega": 45.32, "M": 0.36, "D": 0.04, "R": 0.06, "sving": 0.24, "os": 0.0, "foss": 0.0, "juv": 0.0, "B": 0.38, "Q": 2.51, "w": 14.31, "h": 0.16, "S": 0.02633, "elv": "Linddalselva", "km": 1.1}}, {"type": "Feature", "geometry": {"type": "LineString", "coordinates": [[9.45813, 59.35908], [9.45909, 59.35833]]}, "properties": {"P": 5.14, "tau": 49.7, "tau_c": 131.28, "omega": 56.85, "M": 0.38, "D": 0.0, "R": 0.07, "sving": 0.28, "os": 0.0, "foss": 0.0, "juv": 0.0, "B": 0.38, "Q": 2.56, "w": 14.35, "h": 0.16, "S": 0.03249, "elv": "Linddalselva", "km": 1.2}}, {"type": "Feature", "geometry": {"type": "LineString", "coordinates": [[9.45909, 59.35833], [9.46072, 59.35805]]}, "properties": {"P": 17.54, "tau": 60.13, "tau_c": 150.65, "omega": 74.68, "M": 0.4, "D": 0.0, "R": 0.09, "sving": 0.2, "os": 0.0, "foss": 1.0, "juv": 0.0, "B": 0.38, "Q": 2.56, "w": 14.38, "h": 0.14, "S": 0.04278, "elv": "Linddalselva", "km": 1.3}}, {"type": "Feature", "geometry": {"type": "LineString", "coordinates": [[9.46072, 59.35805], [9.46237, 59.35781]]}, "properties": {"P": 16.61, "tau": 61.07, "tau_c": 152.37, "omega": 76.36, "M": 0.4, "D": 0.0, "R": 0.09, "sving": 0.13, "os": 0.0, "foss": 1.0, "juv": 0.0, "B": 0.38, "Q": 2.57, "w": 14.44, "h": 0.14, "S": 0.04376, "elv": "Linddalselva", "km": 1.4}}, {"type": "Feature", "geometry": {"type": "LineString", "coordinates": [[9.46237, 59.35781], [9.46389, 59.35737]]}, "properties": {"P": 15.0, "tau": 62.98, "tau_c": 155.89, "omega": 79.79, "M": 0.4, "D": 0.0, "R": 0.09, "sving": 0.0, "os": 0.0, "foss": 1.0, "juv": 0.0, "B": 0.38, "Q": 2.57, "w": 14.47, "h": 0.14, "S": 0.0458, "elv": "Linddalselva", "km": 1.5}}, {"type": "Feature", "geometry": {"type": "LineString", "coordinates": [[9.46389, 59.35737], [9.46529, 59.35683]]}, "properties": {"P": 16.54, "tau": 79.1, "tau_c": 182.34, "omega": 110.85, "M": 0.43, "D": 0.0, "R": 0.12, "sving": 0.07, "os": 0.0, "foss": 1.0, "juv": 0.0, "B": 0.38, "Q": 2.62, "w": 14.51, "h": 0.13, "S": 0.06267, "elv": "Linddalselva", "km": 1.6}}, {"type": "Feature", "geometry": {"type": "LineString", "coordinates": [[9.46529, 59.35683], [9.46669, 59.35658]]}, "properties": {"P": 17.13, "tau": 82.96, "tau_c": 188.96, "omega": 118.62, "M": 0.44, "D": 0.02, "R": 0.12, "sving": 0.08, "os": 0.0, "foss": 1.0, "juv": 0.0, "B": 0.38, "Q": 2.62, "w": 14.57, "h": 0.13, "S": 0.0673, "elv": "Linddalselva", "km": 1.7}}, {"type": "Feature", "geometry": {"type": "LineString", "coordinates": [[9.46669, 59.35658], [9.46817, 59.3562]]}, "properties": {"P": 19.0, "tau": 76.7, "tau_c": 178.92, "omega": 105.96, "M": 0.43, "D": 0.06, "R": 0.11, "sving": 0.19, "os": 0.0, "foss": 1.0, "juv": 0.0, "B": 0.38, "Q": 2.62, "w": 14.64, "h": 0.13, "S": 0.06034, "elv": "Linddalselva", "km": 1.8}}, {"type": "Feature", "geometry": {"type": "LineString", "coordinates": [[9.46817, 59.3562], [9.46947, 59.35562]]}, "properties": {"P": 21.47, "tau": 66.64, "tau_c": 160.29, "omega": 86.87, "M": 0.42, "D": 0.11, "R": 0.1, "sving": 0.33, "os": 0.0, "foss": 1.0, "juv": 0.0, "B": 0.38, "Q": 2.68, "w": 14.68, "h": 0.14, "S": 0.04842, "elv": "Linddalselva", "km": 1.9}}, {"type": "Feature", "geometry": {"type": "LineString", "coordinates": [[9.46947, 59.35562], [9.4702, 59.3548]]}, "properties": {"P": 16.72, "tau": 64.2, "tau_c": 156.19, "omega": 82.34, "M": 0.41, "D": 0.14, "R": 0.1, "sving": 0.21, "os": 0.0, "foss": 0.72, "juv": 0.0, "B": 0.38, "Q": 2.69, "w": 14.73, "h": 0.14, "S": 0.04598, "elv": "Linddalselva", "km": 2.0}}, {"type": "Feature", "geometry": {"type": "LineString", "coordinates": [[9.4702, 59.3548], [9.47081, 59.35396]]}, "properties": {"P": 14.64, "tau": 57.62, "tau_c": 144.67, "omega": 70.51, "M": 0.4, "D": 0.2, "R": 0.09, "sving": 0.19, "os": 0.0, "foss": 0.51, "juv": 0.0, "B": 0.38, "Q": 2.69, "w": 14.78, "h": 0.15, "S": 0.03945, "elv": "Linddalselva", "km": 2.1}}, {"type": "Feature", "geometry": {"type": "LineString", "coordinates": [[9.47081, 59.35396], [9.4717, 59.35319]]}, "properties": {"P": 13.15, "tau": 41.14, "tau_c": 113.42, "omega": 43.51, "M": 0.36, "D": 0.26, "R": 0.06, "sving": 0.19, "os": 0.0, "foss": 0.37, "juv": 0.0, "B": 0.38, "Q": 2.71, "w": 14.81, "h": 0.17, "S": 0.02425, "elv": "Linddalselva", "km": 2.2}}, {"type": "Feature", "geometry": {"type": "LineString", "coordinates": [[9.4717, 59.35319], [9.47227, 59.35235]]}, "properties": {"P": 5.87, "tau": 28.47, "tau_c": 87.1, "omega": 25.67, "M": 0.33, "D": 0.26, "R": 0.04, "sving": 0.04, "os": 0.0, "foss": 0.0, "juv": 0.0, "B": 0.38, "Q": 2.72, "w": 14.85, "h": 0.2, "S": 0.0143, "elv": "Linddalselva", "km": 2.3}}, {"type": "Feature", "geometry": {"type": "LineString", "coordinates": [[9.47227, 59.35235], [9.47215, 59.35147]]}, "properties": {"P": 5.35, "tau": 28.86, "tau_c": 87.97, "omega": 26.18, "M": 0.33, "D": 0.18, "R": 0.04, "sving": 0.1, "os": 0.0, "foss": 0.0, "juv": 0.0, "B": 0.38, "Q": 2.72, "w": 14.89, "h": 0.2, "S": 0.01459, "elv": "Linddalselva", "km": 2.4}}, {"type": "Feature", "geometry": {"type": "LineString", "coordinates": [[9.47215, 59.35147], [9.47259, 59.3506]]}, "properties": {"P": 3.42, "tau": 29.85, "tau_c": 89.62, "omega": 27.52, "M": 0.33, "D": 0.07, "R": 0.04, "sving": 0.09, "os": 0.0, "foss": 0.0, "juv": 0.0, "B": 0.39, "Q": 2.77, "w": 14.93, "h": 0.2, "S": 0.01514, "elv": "Linddalselva", "km": 2.5}}, {"type": "Feature", "geometry": {"type": "LineString", "coordinates": [[9.47259, 59.3506], [9.47303, 59.34974]]}, "properties": {"P": 7.35, "tau": 25.48, "tau_c": 80.07, "omega": 21.91, "M": 0.32, "D": 0.02, "R": 0.04, "sving": 0.13, "os": 0.0, "foss": 0.35, "juv": 0.0, "B": 0.39, "Q": 2.77, "w": 14.97, "h": 0.21, "S": 0.01208, "elv": "Linddalselva", "km": 2.6}}, {"type": "Feature", "geometry": {"type": "LineString", "coordinates": [[9.47303, 59.34974], [9.47317, 59.34886]]}, "properties": {"P": 9.01, "tau": 59.52, "tau_c": 147.02, "omega": 74.04, "M": 0.4, "D": 0.0, "R": 0.09, "sving": 0.05, "os": 0.0, "foss": 0.48, "juv": 0.0, "B": 0.39, "Q": 2.78, "w": 15.01, "h": 0.15, "S": 0.04074, "elv": "Linddalselva", "km": 2.7}}, {"type": "Feature", "geometry": {"type": "LineString", "coordinates": [[9.47317, 59.34886], [9.47366, 59.34802]]}, "properties": {"P": 13.02, "tau": 74.38, "tau_c": 166.89, "omega": 102.84, "M": 0.45, "D": 0.0, "R": 0.13, "sving": 0.1, "os": 0.0, "foss": 0.67, "juv": 0.0, "B": 0.39, "Q": 2.8, "w": 14.02, "h": 0.14, "S": 0.0525, "elv": "Linddalselva", "km": 2.8}}, {"type": "Feature", "geometry": {"type": "LineString", "coordinates": [[9.47366, 59.34802], [9.47387, 59.34715]]}, "properties": {"P": 20.19, "tau": 78.24, "tau_c": 173.15, "omega": 110.56, "M": 0.45, "D": 0.0, "R": 0.14, "sving": 0.31, "os": 0.0, "foss": 1.0, "juv": 0.0, "B": 0.39, "Q": 2.8, "w": 14.04, "h": 0.14, "S": 0.05651, "elv": "Linddalselva", "km": 2.9}}, {"type": "Feature", "geometry": {"type": "LineString", "coordinates": [[9.47387, 59.34715], [9.47476, 59.34638]]}, "properties": {"P": 17.84, "tau": 78.74, "tau_c": 173.94, "omega": 111.57, "M": 0.45, "D": 0.0, "R": 0.14, "sving": 0.13, "os": 0.0, "foss": 1.0, "juv": 0.0, "B": 0.39, "Q": 2.81, "w": 14.07, "h": 0.14, "S": 0.05702, "elv": "Linddalselva", "km": 3.0}}, {"type": "Feature", "geometry": {"type": "LineString", "coordinates": [[9.47476, 59.34638], [9.47613, 59.34584]]}, "properties": {"P": 13.47, "tau": 75.35, "tau_c": 168.61, "omega": 104.75, "M": 0.45, "D": 0.06, "R": 0.13, "sving": 0.01, "os": 0.0, "foss": 0.72, "juv": 0.0, "B": 0.39, "Q": 2.81, "w": 14.09, "h": 0.14, "S": 0.05358, "elv": "Linddalselva", "km": 3.1}}, {"type": "Feature", "geometry": {"type": "LineString", "coordinates": [[9.47613, 59.34584], [9.47707, 59.34519]]}, "properties": {"P": 13.92, "tau": 78.0, "tau_c": 172.27, "omega": 110.19, "M": 0.45, "D": 0.15, "R": 0.14, "sving": 0.11, "os": 0.0, "foss": 0.51, "juv": 0.0, "B": 0.39, "Q": 2.84, "w": 14.12, "h": 0.14, "S": 0.05593, "elv": "Linddalselva", "km": 3.2}}, {"type": "Feature", "geometry": {"type": "LineString", "coordinates": [[9.47707, 59.34519], [9.47735, 59.34431]]}, "properties": {"P": 15.66, "tau": 48.17, "tau_c": 125.78, "omega": 54.75, "M": 0.38, "D": 0.31, "R": 0.08, "sving": 0.29, "os": 0.0, "foss": 0.37, "juv": 0.0, "B": 0.39, "Q": 2.84, "w": 15.17, "h": 0.16, "S": 0.02982, "elv": "Linddalselva", "km": 3.3}}, {"type": "Feature", "geometry": {"type": "LineString", "coordinates": [[9.47735, 59.34431], [9.47775, 59.34344]]}, "properties": {"P": 10.66, "tau": 30.55, "tau_c": 90.51, "omega": 28.51, "M": 0.34, "D": 0.39, "R": 0.05, "sving": 0.22, "os": 0.0, "foss": 0.0, "juv": 0.0, "B": 0.39, "Q": 2.86, "w": 15.2, "h": 0.2, "S": 0.01544, "elv": "Linddalselva", "km": 3.4}}, {"type": "Feature", "geometry": {"type": "LineString", "coordinates": [[9.47775, 59.34344], [9.47801, 59.34257]]}, "properties": {"P": 8.65, "tau": 23.44, "tau_c": 74.87, "omega": 19.49, "M": 0.31, "D": 0.36, "R": 0.03, "sving": 0.12, "os": 0.0, "foss": 0.0, "juv": 0.0, "B": 0.39, "Q": 2.86, "w": 15.21, "h": 0.23, "S": 0.01056, "elv": "Linddalselva", "km": 3.5}}, {"type": "Feature", "geometry": {"type": "LineString", "coordinates": [[9.47889, 59.34088], [9.47975, 59.3401]]}, "properties": {"P": 4.89, "tau": 29.22, "tau_c": 85.01, "omega": 26.96, "M": 0.34, "D": 0.0, "R": 0.05, "sving": 0.29, "os": 0.0, "foss": 0.0, "juv": 0.0, "B": 0.39, "Q": 2.86, "w": 14.18, "h": 0.22, "S": 0.01362, "elv": "Linddalselva", "km": 3.8}}, {"type": "Feature", "geometry": {"type": "LineString", "coordinates": [[9.47975, 59.3401], [9.48086, 59.33941]]}, "properties": {"P": 2.06, "tau": 39.34, "tau_c": 101.73, "omega": 41.66, "M": 0.39, "D": 0.0, "R": 0.08, "sving": 0.03, "os": 0.0, "foss": 0.0, "juv": 0.0, "B": 0.39, "Q": 2.86, "w": 13.13, "h": 0.21, "S": 0.0195, "elv": "Linddalselva", "km": 3.9}}, {"type": "Feature", "geometry": {"type": "LineString", "coordinates": [[9.48086, 59.33941], [9.48215, 59.3388]]}, "properties": {"P": 16.03, "tau": 50.47, "tau_c": 117.26, "omega": 60.14, "M": 0.43, "D": 0.0, "R": 0.11, "sving": 0.03, "os": 0.0, "foss": 1.0, "juv": 0.0, "B": 0.39, "Q": 2.86, "w": 12.09, "h": 0.2, "S": 0.02591, "elv": "Linddalselva", "km": 4.0}}, {"type": "Feature", "geometry": {"type": "LineString", "coordinates": [[9.48215, 59.3388], [9.48305, 59.33804]]}, "properties": {"P": 16.54, "tau": 57.3, "tau_c": 128.45, "omega": 72.17, "M": 0.45, "D": 0.0, "R": 0.13, "sving": 0.04, "os": 0.0, "foss": 1.0, "juv": 0.0, "B": 0.39, "Q": 2.86, "w": 12.09, "h": 0.19, "S": 0.0311, "elv": "Linddalselva", "km": 4.1}}, {"type": "Feature", "geometry": {"type": "LineString", "coordinates": [[9.48305, 59.33804], [9.48401, 59.3373]]}, "properties": {"P": 18.02, "tau": 66.94, "tau_c": 143.61, "omega": 90.21, "M": 0.47, "D": 0.0, "R": 0.15, "sving": 0.12, "os": 0.0, "foss": 1.0, "juv": 0.0, "B": 0.39, "Q": 2.86, "w": 12.09, "h": 0.18, "S": 0.03887, "elv": "Linddalselva", "km": 4.2}}, {"type": "Feature", "geometry": {"type": "LineString", "coordinates": [[9.38306, 59.28688], [9.38263, 59.28612]]}, "properties": {"P": 16.62, "tau": 66.65, "tau_c": 221.15, "omega": 77.91, "M": 0.3, "D": 0.0, "R": 0.03, "sving": 0.15, "os": 0.0, "foss": 1.0, "juv": 0.0, "B": 0.41, "Q": 0.58, "w": 6.71, "h": 0.07, "S": 0.09218, "elv": "Solbergbekken", "km": 2.5}}, {"type": "Feature", "geometry": {"type": "LineString", "coordinates": [[9.38263, 59.28612], [9.38106, 59.28573]]}, "properties": {"P": 22.18, "tau": 72.64, "tau_c": 235.72, "omega": 88.11, "M": 0.31, "D": 0.0, "R": 0.03, "sving": 0.54, "os": 0.0, "foss": 1.0, "juv": 0.0, "B": 0.41, "Q": 0.58, "w": 6.81, "h": 0.07, "S": 0.10473, "elv": "Solbergbekken", "km": 2.6}}, {"type": "Feature", "geometry": {"type": "LineString", "coordinates": [[9.38106, 59.28573], [9.3794, 59.28545]]}, "properties": {"P": 21.59, "tau": 82.34, "tau_c": 258.41, "omega": 105.4, "M": 0.32, "D": 0.0, "R": 0.04, "sving": 0.49, "os": 0.0, "foss": 1.0, "juv": 0.0, "B": 0.41, "Q": 0.59, "w": 6.89, "h": 0.07, "S": 0.12586, "elv": "Solbergbekken", "km": 2.7}}, {"type": "Feature", "geometry": {"type": "LineString", "coordinates": [[9.47355, 59.34308], [9.47423, 59.34228]]}, "properties": {"P": 5.28, "tau": 32.95, "tau_c": 78.68, "omega": 33.32, "M": 0.42, "D": 0.0, "R": 0.1, "sving": 0.12, "os": 0.0, "foss": 0.0, "juv": 0.0, "B": 0.53, "Q": 3.14, "w": 10.8, "h": 0.29, "S": 0.01167, "elv": "bekk", "km": 0.1}}, {"type": "Feature", "geometry": {"type": "LineString", "coordinates": [[9.47423, 59.34228], [9.47499, 59.34148]]}, "properties": {"P": 5.24, "tau": 25.42, "tau_c": 70.37, "omega": 22.58, "M": 0.36, "D": 0.08, "R": 0.06, "sving": 0.08, "os": 0.0, "foss": 0.0, "juv": 0.0, "B": 0.52, "Q": 3.16, "w": 12.81, "h": 0.28, "S": 0.00933, "elv": "bekk", "km": 0.2}}, {"type": "Feature", "geometry": {"type": "LineString", "coordinates": [[9.47499, 59.34148], [9.47586, 59.3407]]}, "properties": {"P": 21.83, "tau": 20.46, "tau_c": 64.24, "omega": 16.29, "M": 0.32, "D": 0.08, "R": 0.04, "sving": 0.06, "os": 0.0, "foss": 1.0, "juv": 0.0, "B": 0.52, "Q": 3.16, "w": 14.83, "h": 0.27, "S": 0.00778, "elv": "bekk", "km": 0.3}}, {"type": "Feature", "geometry": {"type": "LineString", "coordinates": [[9.47586, 59.3407], [9.47677, 59.33993]]}, "properties": {"P": 15.54, "tau": 19.52, "tau_c": 64.24, "omega": 15.09, "M": 0.3, "D": 0.08, "R": 0.03, "sving": 0.0, "os": 0.0, "foss": 0.72, "juv": 0.0, "B": 0.52, "Q": 3.18, "w": 16.05, "h": 0.26, "S": 0.00778, "elv": "bekk", "km": 0.4}}, {"type": "Feature", "geometry": {"type": "LineString", "coordinates": [[9.47677, 59.33993], [9.47771, 59.33918]]}, "properties": {"P": 12.16, "tau": 27.87, "tau_c": 82.8, "omega": 25.19, "M": 0.34, "D": 0.0, "R": 0.04, "sving": 0.03, "os": 0.07, "foss": 0.51, "juv": 0.0, "B": 0.52, "Q": 3.2, "w": 16.08, "h": 0.22, "S": 0.01292, "elv": "bekk", "km": 0.5}}, {"type": "Feature", "geometry": {"type": "LineString", "coordinates": [[9.47771, 59.33918], [9.47846, 59.33838]]}, "properties": {"P": 10.13, "tau": 27.69, "tau_c": 82.31, "omega": 24.97, "M": 0.34, "D": 0.01, "R": 0.04, "sving": 0.01, "os": 0.11, "foss": 0.37, "juv": 0.0, "B": 0.52, "Q": 3.21, "w": 16.11, "h": 0.22, "S": 0.01277, "elv": "bekk", "km": 0.6}}, {"type": "Feature", "geometry": {"type": "LineString", "coordinates": [[9.47846, 59.33838], [9.47921, 59.33756]]}, "properties": {"P": 21.87, "tau": 23.57, "tau_c": 73.28, "omega": 19.82, "M": 0.32, "D": 0.01, "R": 0.04, "sving": 0.0, "os": 0.16, "foss": 1.0, "juv": 0.0, "B": 0.52, "Q": 3.22, "w": 16.14, "h": 0.24, "S": 0.01012, "elv": "bekk", "km": 0.7}}, {"type": "Feature", "geometry": {"type": "LineString", "coordinates": [[9.47921, 59.33756], [9.48014, 59.33681]]}, "properties": {"P": 19.06, "tau": 26.05, "tau_c": 78.78, "omega": 22.88, "M": 0.33, "D": 0.01, "R": 0.04, "sving": 0.05, "os": 0.23, "foss": 0.72, "juv": 0.0, "B": 0.52, "Q": 3.22, "w": 16.17, "h": 0.23, "S": 0.0117, "elv": "bekk", "km": 0.8}}, {"type": "Feature", "geometry": {"type": "LineString", "coordinates": [[9.48014, 59.33681], [9.48109, 59.33606]]}, "properties": {"P": 17.11, "tau": 28.31, "tau_c": 83.59, "omega": 25.77, "M": 0.34, "D": 0.03, "R": 0.05, "sving": 0.05, "os": 0.3, "foss": 0.51, "juv": 0.0, "B": 0.52, "Q": 3.23, "w": 16.19, "h": 0.22, "S": 0.01317, "elv": "bekk", "km": 0.9}}, {"type": "Feature", "geometry": {"type": "LineString", "coordinates": [[9.48109, 59.33606], [9.48207, 59.33531]]}, "properties": {"P": 16.27, "tau": 29.85, "tau_c": 83.59, "omega": 28.09, "M": 0.36, "D": 0.07, "R": 0.06, "sving": 0.03, "os": 0.34, "foss": 0.37, "juv": 0.0, "B": 0.52, "Q": 3.25, "w": 14.96, "h": 0.23, "S": 0.01317, "elv": "bekk", "km": 1.0}}, {"type": "Feature", "geometry": {"type": "LineString", "coordinates": [[9.48207, 59.33531], [9.48301, 59.33456]]}, "properties": {"P": 10.85, "tau": 21.14, "tau_c": 65.25, "omega": 17.12, "M": 0.32, "D": 0.18, "R": 0.04, "sving": 0.0, "os": 0.31, "foss": 0.0, "juv": 0.0, "B": 0.52, "Q": 3.26, "w": 14.99, "h": 0.27, "S": 0.00802, "elv": "bekk", "km": 1.1}}, {"type": "Feature", "geometry": {"type": "LineString", "coordinates": [[9.48301, 59.33456], [9.48407, 59.33384]]}, "properties": {"P": 11.69, "tau": 20.3, "tau_c": 63.38, "omega": 16.14, "M": 0.32, "D": 0.27, "R": 0.04, "sving": 0.01, "os": 0.23, "foss": 0.0, "juv": 0.0, "B": 0.52, "Q": 3.26, "w": 15.01, "h": 0.27, "S": 0.00757, "elv": "bekk", "km": 1.2}}, {"type": "Feature", "geometry": {"type": "LineString", "coordinates": [[9.4908, 59.32866], [9.49128, 59.3278]]}, "properties": {"P": 1.14, "tau": 20.42, "tau_c": 65.73, "omega": 16.16, "M": 0.31, "D": 0.0, "R": 0.03, "sving": 0.01, "os": 0.0, "foss": 0.0, "juv": 0.0, "B": 0.52, "Q": 3.31, "w": 16.38, "h": 0.26, "S": 0.00814, "elv": "bekk", "km": 2.0}}, {"type": "Feature", "geometry": {"type": "LineString", "coordinates": [[9.49128, 59.3278], [9.49206, 59.327]]}, "properties": {"P": 1.52, "tau": 29.52, "tau_c": 85.61, "omega": 27.42, "M": 0.34, "D": 0.0, "R": 0.05, "sving": 0.0, "os": 0.0, "foss": 0.0, "juv": 0.0, "B": 0.52, "Q": 3.32, "w": 16.4, "h": 0.22, "S": 0.01381, "elv": "bekk", "km": 2.1}}, {"type": "Feature", "geometry": {"type": "LineString", "coordinates": [[9.49206, 59.327], [9.49282, 59.32619]]}, "properties": {"P": 2.97, "tau": 27.46, "tau_c": 81.29, "omega": 24.73, "M": 0.34, "D": 0.0, "R": 0.05, "sving": 0.09, "os": 0.0, "foss": 0.0, "juv": 0.0, "B": 0.52, "Q": 3.32, "w": 16.42, "h": 0.22, "S": 0.01246, "elv": "bekk", "km": 2.2}}, {"type": "Feature", "geometry": {"type": "LineString", "coordinates": [[9.49282, 59.32619], [9.49373, 59.32544]]}, "properties": {"P": 20.31, "tau": 29.9, "tau_c": 86.29, "omega": 27.95, "M": 0.35, "D": 0.0, "R": 0.05, "sving": 0.07, "os": 0.0, "foss": 1.0, "juv": 0.0, "B": 0.52, "Q": 3.34, "w": 16.43, "h": 0.22, "S": 0.01403, "elv": "bekk", "km": 2.3}}, {"type": "Feature", "geometry": {"type": "LineString", "coordinates": [[9.49373, 59.32544], [9.49457, 59.32467]]}, "properties": {"P": 14.28, "tau": 28.87, "tau_c": 84.08, "omega": 26.58, "M": 0.34, "D": 0.0, "R": 0.05, "sving": 0.01, "os": 0.0, "foss": 0.72, "juv": 0.0, "B": 0.52, "Q": 3.35, "w": 16.45, "h": 0.22, "S": 0.01333, "elv": "bekk", "km": 2.4}}, {"type": "Feature", "geometry": {"type": "LineString", "coordinates": [[9.49457, 59.32467], [9.49506, 59.32382]]}, "properties": {"P": 14.21, "tau": 50.09, "tau_c": 124.84, "omega": 58.59, "M": 0.4, "D": 0.0, "R": 0.09, "sving": 0.15, "os": 0.0, "foss": 0.51, "juv": 0.0, "B": 0.52, "Q": 3.35, "w": 16.47, "h": 0.17, "S": 0.02937, "elv": "bekk", "km": 2.5}}, {"type": "Feature", "geometry": {"type": "LineString", "coordinates": [[9.49506, 59.32382], [9.49578, 59.323]]}, "properties": {"P": 9.73, "tau": 60.75, "tau_c": 143.29, "omega": 77.29, "M": 0.42, "D": 0.0, "R": 0.11, "sving": 0.0, "os": 0.0, "foss": 0.37, "juv": 0.0, "B": 0.52, "Q": 3.36, "w": 16.48, "h": 0.16, "S": 0.0387, "elv": "bekk", "km": 2.6}}, {"type": "Feature", "geometry": {"type": "LineString", "coordinates": [[9.49578, 59.323], [9.49606, 59.32212]]}, "properties": {"P": 24.87, "tau": 73.8, "tau_c": 164.71, "omega": 102.14, "M": 0.45, "D": 0.0, "R": 0.13, "sving": 0.19, "os": 0.0, "foss": 1.0, "juv": 0.0, "B": 0.52, "Q": 3.36, "w": 16.5, "h": 0.15, "S": 0.05113, "elv": "bekk", "km": 2.7}}, {"type": "Feature", "geometry": {"type": "LineString", "coordinates": [[9.49606, 59.32212], [9.49691, 59.32134]]}, "properties": {"P": 23.78, "tau": 87.32, "tau_c": 185.74, "omega": 129.98, "M": 0.47, "D": 0.0, "R": 0.15, "sving": 0.1, "os": 0.0, "foss": 1.0, "juv": 0.0, "B": 0.52, "Q": 3.36, "w": 16.51, "h": 0.14, "S": 0.06502, "elv": "bekk", "km": 2.8}}, {"type": "Feature", "geometry": {"type": "LineString", "coordinates": [[9.49691, 59.32134], [9.49816, 59.32073]]}, "properties": {"P": 24.61, "tau": 118.77, "tau_c": 231.4, "omega": 202.0, "M": 0.51, "D": 0.0, "R": 0.2, "sving": 0.06, "os": 0.0, "foss": 1.0, "juv": 0.0, "B": 0.52, "Q": 3.37, "w": 16.52, "h": 0.12, "S": 0.10093, "elv": "bekk", "km": 2.9}}, {"type": "Feature", "geometry": {"type": "LineString", "coordinates": [[9.49816, 59.32073], [9.49924, 59.32003]]}, "properties": {"P": 27.83, "tau": 144.86, "tau_c": 257.19, "omega": 271.32, "M": 0.56, "D": 0.0, "R": 0.26, "sving": 0.14, "os": 0.0, "foss": 1.0, "juv": 0.0, "B": 0.52, "Q": 3.38, "w": 15.22, "h": 0.12, "S": 0.12468, "elv": "bekk", "km": 3.0}}, {"type": "Feature", "geometry": {"type": "LineString", "coordinates": [[9.49924, 59.32003], [9.49979, 59.3192]]}, "properties": {"P": 26.56, "tau": 141.44, "tau_c": 243.08, "omega": 265.16, "M": 0.58, "D": 0.01, "R": 0.29, "sving": 0.01, "os": 0.0, "foss": 1.0, "juv": 0.0, "B": 0.52, "Q": 3.38, "w": 13.92, "h": 0.13, "S": 0.11137, "elv": "bekk", "km": 3.1}}, {"type": "Feature", "geometry": {"type": "LineString", "coordinates": [[9.49979, 59.3192], [9.50114, 59.31864]]}, "properties": {"P": 27.16, "tau": 142.88, "tau_c": 244.85, "omega": 269.03, "M": 0.58, "D": 0.03, "R": 0.29, "sving": 0.01, "os": 0.0, "foss": 1.0, "juv": 0.0, "B": 0.52, "Q": 3.38, "w": 13.93, "h": 0.13, "S": 0.113, "elv": "bekk", "km": 3.2}}, {"type": "Feature", "geometry": {"type": "LineString", "coordinates": [[9.50114, 59.31864], [9.50236, 59.318]]}, "properties": {"P": 26.73, "tau": 131.02, "tau_c": 229.93, "omega": 237.66, "M": 0.57, "D": 0.1, "R": 0.27, "sving": 0.22, "os": 0.0, "foss": 0.72, "juv": 0.0, "B": 0.52, "Q": 3.39, "w": 13.94, "h": 0.13, "S": 0.09965, "elv": "bekk", "km": 3.3}}, {"type": "Feature", "geometry": {"type": "LineString", "coordinates": [[9.50236, 59.318], [9.50347, 59.31734]]}, "properties": {"P": 31.92, "tau": 123.09, "tau_c": 219.84, "omega": 217.34, "M": 0.56, "D": 0.18, "R": 0.26, "sving": 0.14, "os": 0.0, "foss": 1.0, "juv": 0.0, "B": 0.52, "Q": 3.39, "w": 13.95, "h": 0.14, "S": 0.09109, "elv": "bekk", "km": 3.4}}, {"type": "Feature", "geometry": {"type": "LineString", "coordinates": [[9.50347, 59.31734], [9.50484, 59.3168]]}, "properties": {"P": 29.36, "tau": 87.36, "tau_c": 178.86, "omega": 131.5, "M": 0.49, "D": 0.26, "R": 0.17, "sving": 0.31, "os": 0.0, "foss": 0.72, "juv": 0.0, "B": 0.52, "Q": 3.4, "w": 15.27, "h": 0.15, "S": 0.06029, "elv": "bekk", "km": 3.5}}, {"type": "Feature", "geometry": {"type": "LineString", "coordinates": [[9.50484, 59.3168], [9.50568, 59.31602]]}, "properties": {"P": 28.07, "tau": 57.18, "tau_c": 136.82, "omega": 70.93, "M": 0.42, "D": 0.28, "R": 0.1, "sving": 0.06, "os": 0.0, "foss": 1.0, "juv": 0.0, "B": 0.52, "Q": 3.4, "w": 16.6, "h": 0.17, "S": 0.03528, "elv": "bekk", "km": 3.6}}, {"type": "Feature", "geometry": {"type": "LineString", "coordinates": [[9.50568, 59.31602], [9.50559, 59.31513]]}, "properties": {"P": 25.8, "tau": 64.33, "tau_c": 148.86, "omega": 83.97, "M": 0.43, "D": 0.18, "R": 0.12, "sving": 0.03, "os": 0.0, "foss": 1.0, "juv": 0.0, "B": 0.52, "Q": 3.4, "w": 16.61, "h": 0.16, "S": 0.04177, "elv": "bekk", "km": 3.7}}, {"type": "Feature", "geometry": {"type": "LineString", "coordinates": [[9.50559, 59.31513], [9.50652, 59.31438]]}, "properties": {"P": 20.43, "tau": 55.06, "tau_c": 133.04, "omega": 67.2, "M": 0.41, "D": 0.07, "R": 0.1, "sving": 0.18, "os": 0.0, "foss": 0.72, "juv": 0.0, "B": 0.52, "Q": 3.41, "w": 16.62, "h": 0.17, "S": 0.03336, "elv": "bekk", "km": 3.8}}, {"type": "Feature", "geometry": {"type": "LineString", "coordinates": [[9.50652, 59.31438], [9.5078, 59.31378]]}, "properties": {"P": 25.42, "tau": 66.81, "tau_c": 152.88, "omega": 88.67, "M": 0.44, "D": 0.0, "R": 0.12, "sving": 0.24, "os": 0.0, "foss": 1.0, "juv": 0.0, "B": 0.52, "Q": 3.41, "w": 16.63, "h": 0.15, "S": 0.04405, "elv": "bekk", "km": 3.9}}, {"type": "Feature", "geometry": {"type": "LineString", "coordinates": [[9.5078, 59.31378], [9.50925, 59.31328]]}, "properties": {"P": 21.9, "tau": 73.44, "tau_c": 163.56, "omega": 101.56, "M": 0.45, "D": 0.0, "R": 0.13, "sving": 0.02, "os": 0.0, "foss": 1.0, "juv": 0.0, "B": 0.52, "Q": 3.42, "w": 16.64, "h": 0.15, "S": 0.05042, "elv": "bekk", "km": 4.0}}, {"type": "Feature", "geometry": {"type": "LineString", "coordinates": [[9.50925, 59.31328], [9.51022, 59.31255]]}, "properties": {"P": 23.87, "tau": 71.15, "tau_c": 154.05, "omega": 98.07, "M": 0.46, "D": 0.0, "R": 0.15, "sving": 0.11, "os": 0.0, "foss": 1.0, "juv": 0.0, "B": 0.52, "Q": 3.42, "w": 15.31, "h": 0.16, "S": 0.04473, "elv": "bekk", "km": 4.1}}, {"type": "Feature", "geometry": {"type": "LineString", "coordinates": [[9.51022, 59.31255], [9.51106, 59.31176]]}, "properties": {"P": 25.19, "tau": 85.26, "tau_c": 175.33, "omega": 127.1, "M": 0.49, "D": 0.0, "R": 0.17, "sving": 0.14, "os": 0.0, "foss": 1.0, "juv": 0.0, "B": 0.52, "Q": 3.43, "w": 15.32, "h": 0.15, "S": 0.05794, "elv": "bekk", "km": 4.2}}, {"type": "Feature", "geometry": {"type": "LineString", "coordinates": [[9.51106, 59.31176], [9.51189, 59.31102]]}, "properties": {"P": 19.52, "tau": 80.25, "tau_c": 167.9, "omega": 116.53, "M": 0.48, "D": 0.04, "R": 0.16, "sving": 0.07, "os": 0.0, "foss": 0.72, "juv": 0.0, "B": 0.52, "Q": 3.43, "w": 15.33, "h": 0.15, "S": 0.05313, "elv": "bekk", "km": 4.3}}, {"type": "Feature", "geometry": {"type": "LineString", "coordinates": [[9.51189, 59.31102], [9.5128, 59.31033]]}, "properties": {"P": 25.53, "tau": 78.57, "tau_c": 165.33, "omega": 113.07, "M": 0.48, "D": 0.09, "R": 0.16, "sving": 0.06, "os": 0.0, "foss": 1.0, "juv": 0.0, "B": 0.52, "Q": 3.43, "w": 15.35, "h": 0.16, "S": 0.05152, "elv": "bekk", "km": 4.4}}, {"type": "Feature", "geometry": {"type": "LineString", "coordinates": [[9.5128, 59.31033], [9.51348, 59.30953]]}, "properties": {"P": 21.12, "tau": 64.59, "tau_c": 143.62, "omega": 85.37, "M": 0.45, "D": 0.15, "R": 0.13, "sving": 0.06, "os": 0.0, "foss": 0.72, "juv": 0.0, "B": 0.52, "Q": 3.44, "w": 15.36, "h": 0.17, "S": 0.03888, "elv": "bekk", "km": 4.5}}, {"type": "Feature", "geometry": {"type": "LineString", "coordinates": [[9.51348, 59.30953], [9.51407, 59.30869]]}, "properties": {"P": 17.53, "tau": 53.57, "tau_c": 130.18, "omega": 64.67, "M": 0.41, "D": 0.17, "R": 0.1, "sving": 0.1, "os": 0.0, "foss": 0.51, "juv": 0.0, "B": 0.52, "Q": 3.45, "w": 16.7, "h": 0.17, "S": 0.03194, "elv": "bekk", "km": 4.6}}, {"type": "Feature", "geometry": {"type": "LineString", "coordinates": [[9.51407, 59.30869], [9.51468, 59.30785]]}, "properties": {"P": 15.05, "tau": 56.37, "tau_c": 135.04, "omega": 69.56, "M": 0.42, "D": 0.15, "R": 0.1, "sving": 0.12, "os": 0.0, "foss": 0.37, "juv": 0.0, "B": 0.52, "Q": 3.45, "w": 16.72, "h": 0.17, "S": 0.03437, "elv": "bekk", "km": 4.7}}, {"type": "Feature", "geometry": {"type": "LineString", "coordinates": [[9.51468, 59.30785], [9.51526, 59.30701]]}, "properties": {"P": 8.27, "tau": 43.45, "tau_c": 111.97, "omega": 47.9, "M": 0.39, "D": 0.16, "R": 0.08, "sving": 0.12, "os": 0.0, "foss": 0.0, "juv": 0.0, "B": 0.52, "Q": 3.46, "w": 16.73, "h": 0.19, "S": 0.02363, "elv": "bekk", "km": 4.8}}, {"type": "Feature", "geometry": {"type": "LineString", "coordinates": [[9.51526, 59.30701], [9.51542, 59.30612]]}, "properties": {"P": 6.89, "tau": 41.84, "tau_c": 108.96, "omega": 45.37, "M": 0.38, "D": 0.15, "R": 0.08, "sving": 0.07, "os": 0.0, "foss": 0.0, "juv": 0.0, "B": 0.52, "Q": 3.46, "w": 16.75, "h": 0.19, "S": 0.02238, "elv": "bekk", "km": 4.9}}, {"type": "Feature", "geometry": {"type": "LineString", "coordinates": [[9.51542, 59.30612], [9.51545, 59.30522]]}, "properties": {"P": 7.93, "tau": 35.5, "tau_c": 96.8, "omega": 35.85, "M": 0.37, "D": 0.16, "R": 0.06, "sving": 0.13, "os": 0.0, "foss": 0.0, "juv": 0.0, "B": 0.52, "Q": 3.47, "w": 16.77, "h": 0.2, "S": 0.01766, "elv": "bekk", "km": 5.0}}, {"type": "Feature", "geometry": {"type": "LineString", "coordinates": [[9.51545, 59.30522], [9.51575, 59.3044]]}, "properties": {"P": 5.44, "tau": 31.51, "tau_c": 88.79, "omega": 30.23, "M": 0.35, "D": 0.12, "R": 0.06, "sving": 0.05, "os": 0.0, "foss": 0.0, "juv": 0.0, "B": 0.52, "Q": 3.48, "w": 16.78, "h": 0.22, "S": 0.01486, "elv": "bekk", "km": 5.1}}, {"type": "Feature", "geometry": {"type": "LineString", "coordinates": [[9.51575, 59.3044], [9.51682, 59.30372]]}, "properties": {"P": 4.43, "tau": 31.54, "tau_c": 88.87, "omega": 30.27, "M": 0.35, "D": 0.1, "R": 0.06, "sving": 0.02, "os": 0.0, "foss": 0.0, "juv": 0.0, "B": 0.52, "Q": 3.48, "w": 16.8, "h": 0.22, "S": 0.01489, "elv": "bekk", "km": 5.2}}, {"type": "Feature", "geometry": {"type": "LineString", "coordinates": [[9.51682, 59.30372], [9.51723, 59.30286]]}, "properties": {"P": 4.28, "tau": 28.87, "tau_c": 83.34, "omega": 26.67, "M": 0.35, "D": 0.1, "R": 0.05, "sving": 0.02, "os": 0.0, "foss": 0.0, "juv": 0.0, "B": 0.52, "Q": 3.49, "w": 16.81, "h": 0.22, "S": 0.01309, "elv": "bekk", "km": 5.3}}, {"type": "Feature", "geometry": {"type": "LineString", "coordinates": [[9.51723, 59.30286], [9.51735, 59.302]]}, "properties": {"P": 5.94, "tau": 26.37, "tau_c": 78.11, "omega": 23.42, "M": 0.34, "D": 0.07, "R": 0.05, "sving": 0.16, "os": 0.0, "foss": 0.0, "juv": 0.0, "B": 0.52, "Q": 3.49, "w": 16.82, "h": 0.23, "S": 0.0115, "elv": "bekk", "km": 5.4}}, {"type": "Feature", "geometry": {"type": "LineString", "coordinates": [[9.51735, 59.302], [9.51776, 59.30115]]}, "properties": {"P": 2.33, "tau": 23.32, "tau_c": 71.48, "omega": 19.63, "M": 0.33, "D": 0.05, "R": 0.04, "sving": 0.0, "os": 0.0, "foss": 0.0, "juv": 0.0, "B": 0.52, "Q": 3.5, "w": 16.84, "h": 0.25, "S": 0.00963, "elv": "bekk", "km": 5.5}}, {"type": "Feature", "geometry": {"type": "LineString", "coordinates": [[9.41698, 59.35699], [9.41821, 59.35635]]}, "properties": {"P": 1.23, "tau": 39.58, "tau_c": 131.57, "omega": 38.78, "M": 0.3, "D": 0.0, "R": 0.03, "sving": 0.0, "os": 0.0, "foss": 0.0, "juv": 0.0, "B": 0.72, "Q": 1.19, "w": 9.81, "h": 0.12, "S": 0.03263, "elv": "Eikstulbekken", "km": 0.4}}, {"type": "Feature", "geometry": {"type": "LineString", "coordinates": [[9.41821, 59.35635], [9.41936, 59.35567]]}, "properties": {"P": 26.09, "tau": 44.85, "tau_c": 143.74, "omega": 46.42, "M": 0.31, "D": 0.0, "R": 0.03, "sving": 0.01, "os": 0.0, "foss": 1.0, "juv": 0.0, "B": 0.72, "Q": 1.2, "w": 9.84, "h": 0.12, "S": 0.03894, "elv": "Eikstulbekken", "km": 0.5}}, {"type": "Feature", "geometry": {"type": "LineString", "coordinates": [[9.41936, 59.35567], [9.42046, 59.35497]]}, "properties": {"P": 26.79, "tau": 51.21, "tau_c": 157.83, "omega": 56.17, "M": 0.32, "D": 0.0, "R": 0.04, "sving": 0.03, "os": 0.0, "foss": 1.0, "juv": 0.0, "B": 0.72, "Q": 1.2, "w": 9.88, "h": 0.11, "S": 0.04695, "elv": "Eikstulbekken", "km": 0.6}}, {"type": "Feature", "geometry": {"type": "LineString", "coordinates": [[9.42046, 59.35497], [9.42169, 59.35433]]}, "properties": {"P": 27.1, "tau": 53.7, "tau_c": 163.17, "omega": 60.15, "M": 0.33, "D": 0.0, "R": 0.04, "sving": 0.04, "os": 0.0, "foss": 1.0, "juv": 0.0, "B": 0.72, "Q": 1.21, "w": 9.91, "h": 0.11, "S": 0.05018, "elv": "Eikstulbekken", "km": 0.7}}, {"type": "Feature", "geometry": {"type": "LineString", "coordinates": [[9.42169, 59.35433], [9.42301, 59.35374]]}, "properties": {"P": 26.76, "tau": 51.78, "tau_c": 158.56, "omega": 57.13, "M": 0.33, "D": 0.0, "R": 0.04, "sving": 0.02, "os": 0.0, "foss": 1.0, "juv": 0.0, "B": 0.72, "Q": 1.22, "w": 9.94, "h": 0.11, "S": 0.04739, "elv": "Eikstulbekken", "km": 0.8}}, {"type": "Feature", "geometry": {"type": "LineString", "coordinates": [[9.42301, 59.35374], [9.42428, 59.35313]]}, "properties": {"P": 20.34, "tau": 53.9, "tau_c": 163.7, "omega": 60.46, "M": 0.33, "D": 0.0, "R": 0.04, "sving": 0.04, "os": 0.0, "foss": 0.72, "juv": 0.0, "B": 0.72, "Q": 1.23, "w": 10.05, "h": 0.11, "S": 0.05051, "elv": "Eikstulbekken", "km": 0.9}}, {"type": "Feature", "geometry": {"type": "LineString", "coordinates": [[9.42428, 59.35313], [9.42544, 59.35246]]}, "properties": {"P": 17.57, "tau": 52.89, "tau_c": 159.65, "omega": 59.08, "M": 0.33, "D": 0.02, "R": 0.04, "sving": 0.1, "os": 0.0, "foss": 0.51, "juv": 0.0, "B": 0.73, "Q": 1.27, "w": 10.16, "h": 0.11, "S": 0.04804, "elv": "Eikstulbekken", "km": 1.0}}, {"type": "Feature", "geometry": {"type": "LineString", "coordinates": [[9.42544, 59.35246], [9.42679, 59.35189]]}, "properties": {"P": 28.41, "tau": 51.47, "tau_c": 153.73, "omega": 57.14, "M": 0.33, "D": 0.04, "R": 0.04, "sving": 0.01, "os": 0.0, "foss": 1.0, "juv": 0.0, "B": 0.73, "Q": 1.34, "w": 10.26, "h": 0.12, "S": 0.04454, "elv": "Eikstulbekken", "km": 1.1}}, {"type": "Feature", "geometry": {"type": "LineString", "coordinates": [[9.42679, 59.35189], [9.42836, 59.3515]]}, "properties": {"P": 28.21, "tau": 47.01, "tau_c": 144.43, "omega": 50.15, "M": 0.33, "D": 0.05, "R": 0.04, "sving": 0.0, "os": 0.0, "foss": 1.0, "juv": 0.0, "B": 0.73, "Q": 1.35, "w": 10.36, "h": 0.12, "S": 0.03932, "elv": "Eikstulbekken", "km": 1.2}}, {"type": "Feature", "geometry": {"type": "LineString", "coordinates": [[9.42836, 59.3515], [9.42957, 59.35087]]}, "properties": {"P": 28.23, "tau": 46.02, "tau_c": 142.77, "omega": 48.58, "M": 0.32, "D": 0.03, "R": 0.04, "sving": 0.03, "os": 0.0, "foss": 1.0, "juv": 0.0, "B": 0.73, "Q": 1.35, "w": 10.47, "h": 0.12, "S": 0.03842, "elv": "Eikstulbekken", "km": 1.3}}, {"type": "Feature", "geometry": {"type": "LineString", "coordinates": [[9.42957, 59.35087], [9.43072, 59.3502]]}, "properties": {"P": 27.1, "tau": 49.44, "tau_c": 149.97, "omega": 53.89, "M": 0.33, "D": 0.01, "R": 0.04, "sving": 0.29, "os": 0.0, "foss": 0.72, "juv": 0.0, "B": 0.73, "Q": 1.36, "w": 10.49, "h": 0.12, "S": 0.04239, "elv": "Eikstulbekken", "km": 1.4}}, {"type": "Feature", "geometry": {"type": "LineString", "coordinates": [[9.43072, 59.3502], [9.43217, 59.34969]]}, "properties": {"P": 20.09, "tau": 51.04, "tau_c": 153.21, "omega": 56.42, "M": 0.33, "D": 0.01, "R": 0.04, "sving": 0.21, "os": 0.0, "foss": 0.51, "juv": 0.0, "B": 0.73, "Q": 1.37, "w": 10.51, "h": 0.12, "S": 0.04425, "elv": "Eikstulbekken", "km": 1.5}}, {"type": "Feature", "geometry": {"type": "LineString", "coordinates": [[9.43217, 59.34969], [9.43274, 59.34885]]}, "properties": {"P": 15.39, "tau": 46.65, "tau_c": 143.64, "omega": 49.6, "M": 0.32, "D": 0.03, "R": 0.04, "sving": 0.14, "os": 0.0, "foss": 0.37, "juv": 0.0, "B": 0.73, "Q": 1.37, "w": 10.53, "h": 0.12, "S": 0.03889, "elv": "Eikstulbekken", "km": 1.6}}, {"type": "Feature", "geometry": {"type": "LineString", "coordinates": [[9.43274, 59.34885], [9.43314, 59.34798]]}, "properties": {"P": 33.9, "tau": 46.59, "tau_c": 143.44, "omega": 49.52, "M": 0.32, "D": 0.03, "R": 0.04, "sving": 0.25, "os": 0.0, "foss": 1.0, "juv": 0.0, "B": 0.73, "Q": 1.37, "w": 10.55, "h": 0.12, "S": 0.03878, "elv": "Eikstulbekken", "km": 1.7}}, {"type": "Feature", "geometry": {"type": "LineString", "coordinates": [[9.43314, 59.34798], [9.43374, 59.34714]]}, "properties": {"P": 28.05, "tau": 43.61, "tau_c": 136.74, "omega": 45.05, "M": 0.32, "D": 0.02, "R": 0.04, "sving": 0.03, "os": 0.0, "foss": 1.0, "juv": 0.0, "B": 0.73, "Q": 1.38, "w": 10.57, "h": 0.13, "S": 0.03524, "elv": "Eikstulbekken", "km": 1.8}}, {"type": "Feature", "geometry": {"type": "LineString", "coordinates": [[9.43374, 59.34714], [9.43427, 59.34629]]}, "properties": {"P": 28.62, "tau": 52.33, "tau_c": 155.5, "omega": 58.54, "M": 0.34, "D": -0.0, "R": 0.04, "sving": 0.07, "os": 0.0, "foss": 1.0, "juv": 0.0, "B": 0.73, "Q": 1.39, "w": 10.58, "h": 0.12, "S": 0.04557, "elv": "Eikstulbekken", "km": 1.9}}, {"type": "Feature", "geometry": {"type": "LineString", "coordinates": [[9.43427, 59.34629], [9.43498, 59.34547]]}, "properties": {"P": 28.3, "tau": 48.6, "tau_c": 148.56, "omega": 52.54, "M": 0.33, "D": 0.03, "R": 0.04, "sving": 0.31, "os": 0.0, "foss": 0.72, "juv": 0.0, "B": 0.74, "Q": 1.39, "w": 10.77, "h": 0.12, "S": 0.0416, "elv": "Eikstulbekken", "km": 2.0}}, {"type": "Feature", "geometry": {"type": "LineString", "coordinates": [[9.43498, 59.34547], [9.43568, 59.34465]]}, "properties": {"P": 41.14, "tau": 44.38, "tau_c": 140.21, "omega": 46.05, "M": 0.32, "D": 0.06, "R": 0.03, "sving": 0.5, "os": 0.0, "foss": 1.0, "juv": 0.0, "B": 0.74, "Q": 1.39, "w": 10.97, "h": 0.12, "S": 0.03705, "elv": "Eikstulbekken", "km": 2.1}}, {"type": "Feature", "geometry": {"type": "LineString", "coordinates": [[9.43568, 59.34465], [9.43496, 59.34394]]}, "properties": {"P": 40.36, "tau": 43.34, "tau_c": 129.74, "omega": 45.33, "M": 0.33, "D": 0.06, "R": 0.04, "sving": 0.7, "os": 0.0, "foss": 0.72, "juv": 0.0, "B": 0.75, "Q": 1.63, "w": 11.16, "h": 0.14, "S": 0.03173, "elv": "Eikstulbekken", "km": 2.2}}, {"type": "Feature", "geometry": {"type": "LineString", "coordinates": [[9.43496, 59.34394], [9.43347, 59.34348]]}, "properties": {"P": 47.93, "tau": 37.73, "tau_c": 117.62, "omega": 37.15, "M": 0.32, "D": 0.06, "R": 0.04, "sving": 0.73, "os": 0.0, "foss": 1.0, "juv": 0.0, "B": 0.75, "Q": 1.65, "w": 11.36, "h": 0.15, "S": 0.02608, "elv": "Eikstulbekken", "km": 2.3}}, {"type": "Feature", "geometry": {"type": "LineString", "coordinates": [[9.43347, 59.34348], [9.43175, 59.34338]]}, "properties": {"P": 31.85, "tau": 51.03, "tau_c": 147.08, "omega": 57.19, "M": 0.35, "D": 0.02, "R": 0.05, "sving": 0.36, "os": 0.05, "foss": 0.72, "juv": 0.0, "B": 0.75, "Q": 1.65, "w": 11.55, "h": 0.13, "S": 0.04077, "elv": "Eikstulbekken", "km": 2.4}}, {"type": "Feature", "geometry": {"type": "LineString", "coordinates": [[9.43175, 59.34338], [9.43, 59.34336]]}, "properties": {"P": 23.55, "tau": 37.64, "tau_c": 118.41, "omega": 36.95, "M": 0.32, "D": 0.06, "R": 0.04, "sving": 0.18, "os": 0.08, "foss": 0.51, "juv": 0.0, "B": 0.75, "Q": 1.65, "w": 11.61, "h": 0.15, "S": 0.02643, "elv": "Eikstulbekken", "km": 2.5}}, {"type": "Feature", "geometry": {"type": "LineString", "coordinates": [[9.43, 59.34336], [9.42829, 59.34325]]}, "properties": {"P": 32.81, "tau": 42.72, "tau_c": 129.71, "omega": 44.31, "M": 0.33, "D": 0.04, "R": 0.04, "sving": 0.02, "os": 0.14, "foss": 1.0, "juv": 0.0, "B": 0.75, "Q": 1.66, "w": 11.65, "h": 0.14, "S": 0.03171, "elv": "Eikstulbekken", "km": 2.6}}, {"type": "Feature", "geometry": {"type": "LineString", "coordinates": [[9.42829, 59.34325], [9.42654, 59.34318]]}, "properties": {"P": 27.94, "tau": 39.23, "tau_c": 120.8, "omega": 39.33, "M": 0.32, "D": 0.04, "R": 0.04, "sving": 0.02, "os": 0.22, "foss": 0.72, "juv": 0.0, "B": 0.76, "Q": 1.7, "w": 11.69, "h": 0.15, "S": 0.0275, "elv": "Eikstulbekken", "km": 2.7}}, {"type": "Feature", "geometry": {"type": "LineString", "coordinates": [[9.5064, 59.22352], [9.50666, 59.22269]]}, "properties": {"P": 26.22, "tau": 69.02, "tau_c": 222.57, "omega": 82.44, "M": 0.31, "D": 0.0, "R": 0.03, "sving": 0.03, "os": 0.73, "foss": 1.0, "juv": 0.0, "B": 0.43, "Q": 0.64, "w": 7.09, "h": 0.08, "S": 0.09337, "elv": "bekk", "km": 0.1}}, {"type": "Feature", "geometry": {"type": "LineString", "coordinates": [[9.53927, 59.26503], [9.54028, 59.26565]]}, "properties": {"P": 66.96, "tau": 191.38, "tau_c": 211.99, "omega": 458.45, "M": 0.9, "D": 0.0, "R": 0.7, "sving": 0.68, "os": 0.39, "foss": 1.0, "juv": 0.0, "B": 0.61, "Q": 11.67, "w": 21.15, "h": 0.23, "S": 0.0847, "elv": "Grønsteinbekken", "km": 0.4}}, {"type": "Feature", "geometry": {"type": "LineString", "coordinates": [[9.63652, 59.24063], [9.63631, 59.23974]]}, "properties": {"P": 33.39, "tau": 68.48, "tau_c": 197.46, "omega": 84.45, "M": 0.35, "D": 0.0, "R": 0.05, "sving": 0.21, "os": 0.83, "foss": 0.72, "juv": 0.0, "B": 0.53, "Q": 0.87, "w": 7.45, "h": 0.09, "S": 0.07349, "elv": "Åmotbekken", "km": 1.4}}, {"type": "Feature", "geometry": {"type": "LineString", "coordinates": [[9.63631, 59.23974], [9.63638, 59.23885]]}, "properties": {"P": 24.41, "tau": 62.82, "tau_c": 190.81, "omega": 74.07, "M": 0.33, "D": 0.07, "R": 0.04, "sving": 0.16, "os": 0.5, "foss": 0.51, "juv": 0.0, "B": 0.54, "Q": 0.87, "w": 7.95, "h": 0.09, "S": 0.06862, "elv": "Åmotbekken", "km": 1.5}}, {"type": "Feature", "geometry": {"type": "LineString", "coordinates": [[9.63633, 59.23708], [9.63589, 59.23622]]}, "properties": {"P": 24.04, "tau": 58.3, "tau_c": 184.06, "omega": 66.28, "M": 0.32, "D": 0.02, "R": 0.03, "sving": 0.09, "os": 0.11, "foss": 1.0, "juv": 0.0, "B": 0.55, "Q": 0.9, "w": 8.52, "h": 0.09, "S": 0.06385, "elv": "Åmotbekken", "km": 1.8}}, {"type": "Feature", "geometry": {"type": "LineString", "coordinates": [[9.63589, 59.23622], [9.63548, 59.23535]]}, "properties": {"P": 16.3, "tau": 67.2, "tau_c": 203.71, "omega": 81.27, "M": 0.33, "D": 0.0, "R": 0.04, "sving": 0.01, "os": 0.07, "foss": 0.72, "juv": 0.0, "B": 0.55, "Q": 0.91, "w": 8.54, "h": 0.09, "S": 0.07821, "elv": "Åmotbekken", "km": 1.9}}, {"type": "Feature", "geometry": {"type": "LineString", "coordinates": [[9.63548, 59.23535], [9.63516, 59.23447]]}, "properties": {"P": 20.37, "tau": 65.46, "tau_c": 199.95, "omega": 78.27, "M": 0.33, "D": 0.0, "R": 0.04, "sving": 0.01, "os": 0.0, "foss": 1.0, "juv": 0.0, "B": 0.56, "Q": 0.91, "w": 8.57, "h": 0.09, "S": 0.07535, "elv": "Åmotbekken", "km": 2.0}}, {"type": "Feature", "geometry": {"type": "LineString", "coordinates": [[9.63516, 59.23447], [9.63496, 59.23358]]}, "properties": {"P": 22.43, "tau": 73.99, "tau_c": 218.3, "omega": 93.29, "M": 0.34, "D": 0.0, "R": 0.05, "sving": 0.1, "os": 0.0, "foss": 1.0, "juv": 0.0, "B": 0.56, "Q": 0.91, "w": 8.58, "h": 0.08, "S": 0.08982, "elv": "Åmotbekken", "km": 2.1}}, {"type": "Feature", "geometry": {"type": "LineString", "coordinates": [[9.63496, 59.23358], [9.63449, 59.23274]]}, "properties": {"P": 23.45, "tau": 82.65, "tau_c": 235.93, "omega": 109.36, "M": 0.35, "D": 0.0, "R": 0.05, "sving": 0.06, "os": 0.07, "foss": 1.0, "juv": 0.0, "B": 0.56, "Q": 0.91, "w": 8.59, "h": 0.08, "S": 0.10491, "elv": "Åmotbekken", "km": 2.2}}, {"type": "Feature", "geometry": {"type": "LineString", "coordinates": [[9.63449, 59.23274], [9.63365, 59.23196]]}, "properties": {"P": 24.4, "tau": 100.11, "tau_c": 270.6, "omega": 143.95, "M": 0.37, "D": 0.0, "R": 0.07, "sving": 0.04, "os": 0.12, "foss": 1.0, "juv": 0.0, "B": 0.57, "Q": 0.91, "w": 8.6, "h": 0.07, "S": 0.13801, "elv": "Åmotbekken", "km": 2.3}}, {"type": "Feature", "geometry": {"type": "LineString", "coordinates": [[9.63365, 59.23196], [9.63306, 59.23114]]}, "properties": {"P": 29.88, "tau": 89.41, "tau_c": 249.59, "omega": 122.43, "M": 0.36, "D": 0.03, "R": 0.06, "sving": 0.22, "os": 0.19, "foss": 1.0, "juv": 0.0, "B": 0.57, "Q": 0.91, "w": 8.61, "h": 0.08, "S": 0.11741, "elv": "Åmotbekken", "km": 2.4}}, {"type": "Feature", "geometry": {"type": "LineString", "coordinates": [[9.63306, 59.23114], [9.63271, 59.23035]]}, "properties": {"P": 34.63, "tau": 82.51, "tau_c": 235.61, "omega": 109.11, "M": 0.35, "D": 0.04, "R": 0.05, "sving": 0.35, "os": 0.3, "foss": 1.0, "juv": 0.0, "B": 0.57, "Q": 0.92, "w": 8.61, "h": 0.08, "S": 0.10463, "elv": "Åmotbekken", "km": 2.5}}, {"type": "Feature", "geometry": {"type": "LineString", "coordinates": [[9.63271, 59.23035], [9.63145, 59.22981]]}, "properties": {"P": 32.73, "tau": 85.78, "tau_c": 245.67, "omega": 114.91, "M": 0.35, "D": 0.04, "R": 0.05, "sving": 0.4, "os": 0.42, "foss": 0.72, "juv": 0.0, "B": 0.57, "Q": 0.92, "w": 8.89, "h": 0.08, "S": 0.11375, "elv": "Åmotbekken", "km": 2.6}}, {"type": "Feature", "geometry": {"type": "LineString", "coordinates": [[9.63145, 59.22981], [9.63007, 59.2297]]}, "properties": {"P": 36.78, "tau": 83.49, "tau_c": 244.22, "omega": 110.12, "M": 0.34, "D": 0.02, "R": 0.05, "sving": 0.6, "os": 0.66, "foss": 0.51, "juv": 0.0, "B": 0.58, "Q": 0.92, "w": 9.18, "h": 0.08, "S": 0.11242, "elv": "Åmotbekken", "km": 2.7}}, {"type": "Feature", "geometry": {"type": "LineString", "coordinates": [[9.55408, 59.32812], [9.55292, 59.32746]]}, "properties": {"P": 68.05, "tau": 147.41, "tau_c": 188.24, "omega": 310.75, "M": 0.78, "D": 0.0, "R": 0.56, "sving": 0.0, "os": 1.0, "foss": 1.0, "juv": 0.0, "B": 0.68, "Q": 18.23, "w": 38.42, "h": 0.23, "S": 0.06678, "elv": "bekk", "km": 0.0}}, {"type": "Feature", "geometry": {"type": "LineString", "coordinates": [[9.6995, 59.16019], [9.69843, 59.15959]]}, "properties": {"P": 62.98, "tau": 218.55, "tau_c": 264.12, "omega": 531.98, "M": 0.83, "D": 0.0, "R": 0.61, "sving": 0.84, "os": 0.29, "foss": 1.0, "juv": 0.0, "B": 0.59, "Q": 6.8, "w": 16.49, "h": 0.17, "S": 0.13149, "elv": "Ønnabekken", "km": 1.6}}, {"type": "Feature", "geometry": {"type": "LineString", "coordinates": [[9.69974, 59.17265], [9.6996, 59.17182]]}, "properties": {"P": 28.22, "tau": 66.23, "tau_c": 214.14, "omega": 77.96, "M": 0.31, "D": -0.0, "R": 0.03, "sving": 0.27, "os": 0.14, "foss": 1.0, "juv": 0.0, "B": 0.57, "Q": 0.68, "w": 7.39, "h": 0.08, "S": 0.08643, "elv": "Langerødbekken", "km": 1.8}}, {"type": "Feature", "geometry": {"type": "LineString", "coordinates": [[9.6996, 59.17182], [9.69818, 59.1714]]}, "properties": {"P": 25.54, "tau": 71.0, "tau_c": 226.02, "omega": 86.05, "M": 0.31, "D": -0.0, "R": 0.03, "sving": 0.07, "os": 0.2, "foss": 1.0, "juv": 0.0, "B": 0.57, "Q": 0.68, "w": 7.46, "h": 0.08, "S": 0.09629, "elv": "Langerødbekken", "km": 1.9}}, {"type": "Feature", "geometry": {"type": "LineString", "coordinates": [[9.69818, 59.1714], [9.6976, 59.17091]]}, "properties": {"P": 31.31, "tau": 79.13, "tau_c": 244.88, "omega": 100.45, "M": 0.32, "D": -0.0, "R": 0.04, "sving": 0.23, "os": 0.32, "foss": 1.0, "juv": 0.0, "B": 0.57, "Q": 0.68, "w": 7.51, "h": 0.07, "S": 0.11302, "elv": "Langerødbekken", "km": 2.0}}, {"type": "Feature", "geometry": {"type": "LineString", "coordinates": [[9.53275, 59.37415], [9.53443, 59.37394]]}, "properties": {"P": 29.55, "tau": 79.57, "tau_c": 226.87, "omega": 103.79, "M": 0.35, "D": 0.0, "R": 0.05, "sving": 0.15, "os": 0.71, "foss": 1.0, "juv": 0.0, "B": 0.44, "Q": 0.83, "w": 7.57, "h": 0.08, "S": 0.09701, "elv": "Grønsjøbekken", "km": 2.2}}, {"type": "Feature", "geometry": {"type": "LineString", "coordinates": [[9.53443, 59.37394], [9.536, 59.37365]]}, "properties": {"P": 28.7, "tau": 81.84, "tau_c": 234.7, "omega": 107.67, "M": 0.35, "D": 0.06, "R": 0.05, "sving": 0.15, "os": 0.86, "foss": 0.72, "juv": 0.0, "B": 0.44, "Q": 0.84, "w": 7.9, "h": 0.08, "S": 0.10383, "elv": "Grønsjøbekken", "km": 2.3}}, {"type": "Feature", "geometry": {"type": "LineString", "coordinates": [[9.536, 59.37365], [9.53719, 59.37299]]}, "properties": {"P": 24.0, "tau": 58.88, "tau_c": 188.55, "omega": 66.84, "M": 0.31, "D": 0.14, "R": 0.03, "sving": 0.29, "os": 0.53, "foss": 0.51, "juv": 0.0, "B": 0.45, "Q": 0.84, "w": 8.24, "h": 0.09, "S": 0.06701, "elv": "Grønsjøbekken", "km": 2.4}}, {"type": "Feature", "geometry": {"type": "LineString", "coordinates": [[9.51611, 59.31729], [9.51672, 59.31646]]}, "properties": {"P": 13.37, "tau": 46.16, "tau_c": 153.72, "omega": 47.62, "M": 0.3, "D": 0.0, "R": 0.03, "sving": 0.1, "os": 0.0, "foss": 0.72, "juv": 0.0, "B": 0.45, "Q": 0.96, "w": 8.82, "h": 0.11, "S": 0.04454, "elv": "bekk", "km": 0.3}}, {"type": "Feature", "geometry": {"type": "LineString", "coordinates": [[9.52225, 59.30995], [9.5234, 59.30929]]}, "properties": {"P": 12.53, "tau": 49.1, "tau_c": 158.36, "omega": 52.29, "M": 0.31, "D": -0.0, "R": 0.03, "sving": 0.03, "os": 0.0, "foss": 0.72, "juv": 0.0, "B": 0.46, "Q": 1.03, "w": 9.13, "h": 0.11, "S": 0.04727, "elv": "bekk", "km": 1.3}}, {"type": "Feature", "geometry": {"type": "LineString", "coordinates": [[9.5234, 59.30929], [9.52493, 59.30886]]}, "properties": {"P": 23.45, "tau": 57.38, "tau_c": 177.05, "omega": 65.38, "M": 0.32, "D": -0.0, "R": 0.04, "sving": 0.44, "os": 0.0, "foss": 1.0, "juv": 0.0, "B": 0.46, "Q": 1.03, "w": 9.14, "h": 0.1, "S": 0.05908, "elv": "bekk", "km": 1.4}}, {"type": "Feature", "geometry": {"type": "LineString", "coordinates": [[9.5322, 59.37755], [9.53268, 59.37669]]}, "properties": {"P": 14.06, "tau": 77.35, "tau_c": 224.93, "omega": 99.23, "M": 0.34, "D": 0.0, "R": 0.05, "sving": 0.07, "os": 0.07, "foss": 0.72, "juv": 0.0, "B": 0.44, "Q": 0.76, "w": 7.17, "h": 0.08, "S": 0.09536, "elv": "bekk", "km": 1.2}}, {"type": "Feature", "geometry": {"type": "LineString", "coordinates": [[9.53268, 59.37669], [9.53312, 59.37582]]}, "properties": {"P": 12.59, "tau": 57.4, "tau_c": 185.75, "omega": 64.3, "M": 0.31, "D": 0.09, "R": 0.03, "sving": 0.08, "os": 0.08, "foss": 0.51, "juv": 0.0, "B": 0.44, "Q": 0.77, "w": 7.6, "h": 0.09, "S": 0.06503, "elv": "bekk", "km": 1.3}}, {"type": "Feature", "geometry": {"type": "LineString", "coordinates": [[9.5522, 59.3327], [9.5537, 59.33226]]}, "properties": {"P": 61.33, "tau": 348.84, "tau_c": 274.48, "omega": 1142.95, "M": 1.27, "D": -0.0, "R": 0.96, "sving": 0.05, "os": 0.11, "foss": 1.0, "juv": 0.0, "B": 0.65, "Q": 17.71, "w": 21.58, "h": 0.25, "S": 0.14201, "elv": "Hellerbekken", "km": 1.7}}, {"type": "Feature", "geometry": {"type": "LineString", "coordinates": [[9.59623, 59.3616], [9.59531, 59.36087]]}, "properties": {"P": 11.5, "tau": 50.01, "tau_c": 164.54, "omega": 53.24, "M": 0.3, "D": 0.0, "R": 0.03, "sving": 0.12, "os": 0.0, "foss": 1.0, "juv": 0.0, "B": 0.29, "Q": 0.93, "w": 8.71, "h": 0.1, "S": 0.05103, "elv": "Vesleøkterbekken", "km": 0.0}}, {"type": "Feature", "geometry": {"type": "LineString", "coordinates": [[9.59386, 59.36036], [9.59276, 59.35974]]}, "properties": {"P": 12.85, "tau": 68.13, "tau_c": 202.02, "omega": 83.37, "M": 0.34, "D": 0.0, "R": 0.05, "sving": 0.04, "os": 0.0, "foss": 0.72, "juv": 0.0, "B": 0.45, "Q": 0.97, "w": 8.8, "h": 0.09, "S": 0.07692, "elv": "Vesleøkterbekken", "km": 0.2}}, {"type": "Feature", "geometry": {"type": "LineString", "coordinates": [[9.59276, 59.35974], [9.59204, 59.35892]]}, "properties": {"P": 9.89, "tau": 66.67, "tau_c": 200.51, "omega": 80.65, "M": 0.33, "D": 0.0, "R": 0.04, "sving": 0.05, "os": 0.0, "foss": 0.51, "juv": 0.0, "B": 0.45, "Q": 0.97, "w": 8.98, "h": 0.09, "S": 0.07578, "elv": "Vesleøkterbekken", "km": 0.3}}, {"type": "Feature", "geometry": {"type": "LineString", "coordinates": [[9.59204, 59.35892], [9.59125, 59.35812]]}, "properties": {"P": 22.73, "tau": 67.34, "tau_c": 203.71, "omega": 81.62, "M": 0.33, "D": 0.0, "R": 0.04, "sving": 0.4, "os": 0.0, "foss": 1.0, "juv": 0.0, "B": 0.45, "Q": 0.97, "w": 9.16, "h": 0.09, "S": 0.07821, "elv": "Vesleøkterbekken", "km": 0.4}}, {"type": "Feature", "geometry": {"type": "LineString", "coordinates": [[9.59125, 59.35812], [9.58981, 59.35776]]}, "properties": {"P": 24.75, "tau": 66.49, "tau_c": 190.62, "omega": 81.58, "M": 0.35, "D": 0.0, "R": 0.05, "sving": 0.47, "os": 0.0, "foss": 1.0, "juv": 0.0, "B": 0.46, "Q": 1.13, "w": 9.31, "h": 0.1, "S": 0.06849, "elv": "Vesleøkterbekken", "km": 0.5}}, {"type": "Feature", "geometry": {"type": "LineString", "coordinates": [[9.58981, 59.35776], [9.5881, 59.35794]]}, "properties": {"P": 26.76, "tau": 74.45, "tau_c": 207.62, "omega": 95.82, "M": 0.36, "D": 0.0, "R": 0.06, "sving": 0.59, "os": 0.0, "foss": 1.0, "juv": 0.0, "B": 0.47, "Q": 1.14, "w": 9.46, "h": 0.09, "S": 0.08124, "elv": "Vesleøkterbekken", "km": 0.6}}, {"type": "Feature", "geometry": {"type": "LineString", "coordinates": [[9.5881, 59.35794], [9.58637, 59.35804]]}, "properties": {"P": 17.14, "tau": 78.24, "tau_c": 216.27, "omega": 102.75, "M": 0.36, "D": 0.02, "R": 0.06, "sving": 0.24, "os": 0.0, "foss": 0.72, "juv": 0.0, "B": 0.47, "Q": 1.14, "w": 9.62, "h": 0.09, "S": 0.08816, "elv": "Vesleøkterbekken", "km": 0.7}}, {"type": "Feature", "geometry": {"type": "LineString", "coordinates": [[9.58637, 59.35804], [9.58482, 59.35846]]}, "properties": {"P": 19.84, "tau": 66.98, "tau_c": 193.46, "omega": 82.25, "M": 0.35, "D": 0.08, "R": 0.05, "sving": 0.06, "os": 0.0, "foss": 1.0, "juv": 0.0, "B": 0.47, "Q": 1.15, "w": 9.64, "h": 0.1, "S": 0.07055, "elv": "Vesleøkterbekken", "km": 0.8}}, {"type": "Feature", "geometry": {"type": "LineString", "coordinates": [[9.58482, 59.35846], [9.5831, 59.35861]]}, "properties": {"P": 19.2, "tau": 64.64, "tau_c": 188.51, "omega": 78.17, "M": 0.34, "D": 0.08, "R": 0.05, "sving": 0.02, "os": 0.0, "foss": 1.0, "juv": 0.0, "B": 0.47, "Q": 1.15, "w": 9.69, "h": 0.1, "S": 0.06698, "elv": "Vesleøkterbekken", "km": 0.9}}, {"type": "Feature", "geometry": {"type": "LineString", "coordinates": [[9.5831, 59.35861], [9.58147, 59.35894]]}, "properties": {"P": 23.29, "tau": 51.73, "tau_c": 160.83, "omega": 56.79, "M": 0.32, "D": 0.06, "R": 0.04, "sving": 0.32, "os": 0.0, "foss": 1.0, "juv": 0.0, "B": 0.47, "Q": 1.16, "w": 9.75, "h": 0.11, "S": 0.04875, "elv": "Vesleøkterbekken", "km": 1.0}}, {"type": "Feature", "geometry": {"type": "LineString", "coordinates": [[9.58147, 59.35894], [9.57975, 59.35907]]}, "properties": {"P": 19.56, "tau": 64.77, "tau_c": 186.87, "omega": 78.66, "M": 0.35, "D": 0.01, "R": 0.05, "sving": 0.13, "os": 0.0, "foss": 1.0, "juv": 0.0, "B": 0.47, "Q": 1.2, "w": 9.81, "h": 0.1, "S": 0.06582, "elv": "Vesleøkterbekken", "km": 1.1}}, {"type": "Feature", "geometry": {"type": "LineString", "coordinates": [[9.57975, 59.35907], [9.57812, 59.35875]]}, "properties": {"P": 14.52, "tau": 68.03, "tau_c": 192.59, "omega": 84.52, "M": 0.35, "D": 0.0, "R": 0.05, "sving": 0.1, "os": 0.0, "foss": 0.72, "juv": 0.0, "B": 0.47, "Q": 1.22, "w": 9.87, "h": 0.1, "S": 0.06991, "elv": "Vesleøkterbekken", "km": 1.2}}, {"type": "Feature", "geometry": {"type": "LineString", "coordinates": [[9.57812, 59.35875], [9.57643, 59.35858]]}, "properties": {"P": 17.9, "tau": 71.64, "tau_c": 200.06, "omega": 91.02, "M": 0.36, "D": 0.01, "R": 0.06, "sving": 0.01, "os": 0.0, "foss": 1.0, "juv": 0.0, "B": 0.47, "Q": 1.22, "w": 9.93, "h": 0.1, "S": 0.07544, "elv": "Vesleøkterbekken", "km": 1.3}}, {"type": "Feature", "geometry": {"type": "LineString", "coordinates": [[9.57643, 59.35858], [9.57469, 59.35869]]}, "properties": {"P": 21.71, "tau": 63.28, "tau_c": 182.87, "omega": 76.21, "M": 0.35, "D": 0.02, "R": 0.05, "sving": 0.25, "os": 0.0, "foss": 1.0, "juv": 0.0, "B": 0.47, "Q": 1.23, "w": 9.96, "h": 0.1, "S": 0.06303, "elv": "Vesleøkterbekken", "km": 1.4}}, {"type": "Feature", "geometry": {"type": "LineString", "coordinates": [[9.55464, 59.34772], [9.55442, 59.34694]]}, "properties": {"P": 30.69, "tau": 155.88, "tau_c": 198.02, "omega": 335.4, "M": 0.79, "D": 0.04, "R": 0.56, "sving": 0.18, "os": 0.0, "foss": 1.0, "juv": 0.0, "B": 0.42, "Q": 17.36, "w": 37.52, "h": 0.22, "S": 0.0739, "elv": "bekk", "km": 0.0}}, {"type": "Feature", "geometry": {"type": "LineString", "coordinates": [[9.55442, 59.34694], [9.55384, 59.34615]]}, "properties": {"P": 47.34, "tau": 131.75, "tau_c": 175.35, "omega": 263.76, "M": 0.75, "D": 0.09, "R": 0.51, "sving": 0.16, "os": 0.0, "foss": 1.0, "juv": 0.0, "B": 0.65, "Q": 17.41, "w": 37.54, "h": 0.23, "S": 0.05796, "elv": "bekk", "km": 0.1}}, {"type": "Feature", "geometry": {"type": "LineString", "coordinates": [[9.55384, 59.34615], [9.55321, 59.34533]]}, "properties": {"P": 45.65, "tau": 120.73, "tau_c": 164.74, "omega": 232.74, "M": 0.73, "D": 0.15, "R": 0.49, "sving": 0.04, "os": 0.0, "foss": 1.0, "juv": 0.0, "B": 0.65, "Q": 17.42, "w": 37.55, "h": 0.24, "S": 0.05115, "elv": "bekk", "km": 0.2}}, {"type": "Feature", "geometry": {"type": "LineString", "coordinates": [[9.55321, 59.34533], [9.55247, 59.34458]]}, "properties": {"P": 41.4, "tau": 112.15, "tau_c": 156.25, "omega": 209.42, "M": 0.72, "D": 0.2, "R": 0.47, "sving": 0.11, "os": 0.0, "foss": 0.72, "juv": 0.0, "B": 0.65, "Q": 17.43, "w": 37.57, "h": 0.25, "S": 0.04601, "elv": "bekk", "km": 0.3}}, {"type": "Feature", "geometry": {"type": "LineString", "coordinates": [[9.55247, 59.34458], [9.55241, 59.34371]]}, "properties": {"P": 38.92, "tau": 77.34, "tau_c": 119.79, "omega": 122.99, "M": 0.65, "D": 0.23, "R": 0.37, "sving": 0.32, "os": 0.0, "foss": 0.51, "juv": 0.0, "B": 0.65, "Q": 17.44, "w": 37.61, "h": 0.29, "S": 0.02705, "elv": "bekk", "km": 0.4}}, {"type": "Feature", "geometry": {"type": "LineString", "coordinates": [[9.55241, 59.34371], [9.55228, 59.34285]]}, "properties": {"P": 27.16, "tau": 66.42, "tau_c": 107.45, "omega": 98.89, "M": 0.62, "D": 0.16, "R": 0.34, "sving": 0.09, "os": 0.0, "foss": 0.37, "juv": 0.0, "B": 0.65, "Q": 17.44, "w": 37.66, "h": 0.31, "S": 0.02176, "elv": "bekk", "km": 0.5}}, {"type": "Feature", "geometry": {"type": "LineString", "coordinates": [[9.55228, 59.34285], [9.5531, 59.34206]]}, "properties": {"P": 15.32, "tau": 69.7, "tau_c": 110.83, "omega": 106.08, "M": 0.63, "D": 0.08, "R": 0.35, "sving": 0.0, "os": 0.0, "foss": 0.0, "juv": 0.0, "B": 0.65, "Q": 17.6, "w": 37.69, "h": 0.31, "S": 0.02315, "elv": "bekk", "km": 0.6}}, {"type": "Feature", "geometry": {"type": "LineString", "coordinates": [[9.5531, 59.34206], [9.55271, 59.34122]]}, "properties": {"P": 19.25, "tau": 76.72, "tau_c": 110.74, "omega": 124.12, "M": 0.69, "D": 0.0, "R": 0.44, "sving": 0.11, "os": 0.0, "foss": 0.0, "juv": 0.04, "B": 0.65, "Q": 17.61, "w": 32.18, "h": 0.34, "S": 0.02312, "elv": "bekk", "km": 0.7}}, {"type": "Feature", "geometry": {"type": "LineString", "coordinates": [[9.55271, 59.34122], [9.55264, 59.34035]]}, "properties": {"P": 43.73, "tau": 83.15, "tau_c": 117.38, "omega": 139.27, "M": 0.71, "D": 0.0, "R": 0.46, "sving": 0.18, "os": 0.0, "foss": 1.0, "juv": 0.04, "B": 0.65, "Q": 17.61, "w": 32.22, "h": 0.33, "S": 0.02597, "elv": "bekk", "km": 0.8}}, {"type": "Feature", "geometry": {"type": "LineString", "coordinates": [[9.55264, 59.34035], [9.55302, 59.33949]]}, "properties": {"P": 40.22, "tau": 122.54, "tau_c": 147.22, "omega": 246.33, "M": 0.83, "D": 0.0, "R": 0.62, "sving": 0.04, "os": 0.0, "foss": 0.72, "juv": 0.04, "B": 0.65, "Q": 17.62, "w": 28.67, "h": 0.31, "S": 0.04085, "elv": "bekk", "km": 0.9}}, {"type": "Feature", "geometry": {"type": "LineString", "coordinates": [[9.55302, 59.33949], [9.55302, 59.3386]]}, "properties": {"P": 52.07, "tau": 130.26, "tau_c": 153.8, "omega": 268.86, "M": 0.85, "D": 0.02, "R": 0.64, "sving": 0.23, "os": 0.0, "foss": 1.0, "juv": 0.04, "B": 0.65, "Q": 17.63, "w": 28.68, "h": 0.3, "S": 0.04458, "elv": "bekk", "km": 1.0}}, {"type": "Feature", "geometry": {"type": "LineString", "coordinates": [[9.55302, 59.3386], [9.5528, 59.33771]]}, "properties": {"P": 50.74, "tau": 135.66, "tau_c": 158.31, "omega": 285.03, "M": 0.86, "D": 0.04, "R": 0.65, "sving": 0.13, "os": 0.0, "foss": 1.0, "juv": 0.04, "B": 0.65, "Q": 17.65, "w": 28.69, "h": 0.29, "S": 0.04724, "elv": "bekk", "km": 1.1}}, {"type": "Feature", "geometry": {"type": "LineString", "coordinates": [[9.5528, 59.33771], [9.55373, 59.33698]]}, "properties": {"P": 44.82, "tau": 103.93, "tau_c": 141.32, "omega": 190.37, "M": 0.74, "D": 0.08, "R": 0.49, "sving": 0.09, "os": 0.0, "foss": 1.0, "juv": 0.0, "B": 0.65, "Q": 17.66, "w": 34.25, "h": 0.28, "S": 0.03764, "elv": "bekk", "km": 1.2}}, {"type": "Feature", "geometry": {"type": "LineString", "coordinates": [[9.55373, 59.33698], [9.5535, 59.33611]]}, "properties": {"P": 40.65, "tau": 122.09, "tau_c": 158.6, "omega": 239.75, "M": 0.77, "D": 0.06, "R": 0.54, "sving": 0.07, "os": 0.07, "foss": 0.72, "juv": 0.0, "B": 0.65, "Q": 17.66, "w": 34.27, "h": 0.26, "S": 0.04741, "elv": "bekk", "km": 1.3}}, {"type": "Feature", "geometry": {"type": "LineString", "coordinates": [[9.5535, 59.33611], [9.5531, 59.33523]]}, "properties": {"P": 32.3, "tau": 103.13, "tau_c": 146.71, "omega": 185.94, "M": 0.7, "D": 0.05, "R": 0.45, "sving": 0.02, "os": 0.11, "foss": 0.51, "juv": 0.0, "B": 0.65, "Q": 17.68, "w": 37.84, "h": 0.26, "S": 0.04057, "elv": "bekk", "km": 1.4}}, {"type": "Feature", "geometry": {"type": "LineString", "coordinates": [[9.5531, 59.33523], [9.5532, 59.33434]]}, "properties": {"P": 44.58, "tau": 107.0, "tau_c": 150.63, "omega": 196.01, "M": 0.71, "D": 0.0, "R": 0.46, "sving": 0.06, "os": 0.18, "foss": 1.0, "juv": 0.0, "B": 0.65, "Q": 17.68, "w": 37.85, "h": 0.26, "S": 0.04276, "elv": "bekk", "km": 1.5}}, {"type": "Feature", "geometry": {"type": "LineString", "coordinates": [[9.5532, 59.33434], [9.5542, 59.33364]]}, "properties": {"P": 44.01, "tau": 129.85, "tau_c": 172.99, "omega": 258.59, "M": 0.75, "D": 0.0, "R": 0.51, "sving": 0.11, "os": 0.3, "foss": 0.72, "juv": 0.0, "B": 0.65, "Q": 17.69, "w": 37.86, "h": 0.23, "S": 0.0564, "elv": "bekk", "km": 1.6}}, {"type": "Feature", "geometry": {"type": "LineString", "coordinates": [[9.5542, 59.33364], [9.55426, 59.33275]]}, "properties": {"P": 52.0, "tau": 132.08, "tau_c": 175.13, "omega": 264.97, "M": 0.75, "D": 0.0, "R": 0.52, "sving": 0.04, "os": 0.44, "foss": 1.0, "juv": 0.0, "B": 0.65, "Q": 17.7, "w": 37.88, "h": 0.23, "S": 0.05781, "elv": "bekk", "km": 1.7}}, {"type": "Feature", "geometry": {"type": "LineString", "coordinates": [[9.55426, 59.33275], [9.55339, 59.33202]]}, "properties": {"P": 63.09, "tau": 132.85, "tau_c": 175.87, "omega": 267.19, "M": 0.76, "D": 0.0, "R": 0.52, "sving": 0.26, "os": 0.72, "foss": 1.0, "juv": 0.0, "B": 0.65, "Q": 17.71, "w": 37.9, "h": 0.23, "S": 0.0583, "elv": "bekk", "km": 1.8}}, {"type": "Feature", "geometry": {"type": "LineString", "coordinates": [[9.55339, 59.33202], [9.55334, 59.33116]]}, "properties": {"P": 60.7, "tau": 128.78, "tau_c": 171.71, "omega": 255.67, "M": 0.75, "D": 0.02, "R": 0.51, "sving": 0.01, "os": 0.85, "foss": 1.0, "juv": 0.0, "B": 0.65, "Q": 17.78, "w": 37.92, "h": 0.24, "S": 0.05557, "elv": "bekk", "km": 1.9}}, {"type": "Feature", "geometry": {"type": "LineString", "coordinates": [[9.55334, 59.33116], [9.55323, 59.33032]]}, "properties": {"P": 54.68, "tau": 143.05, "tau_c": 181.73, "omega": 298.83, "M": 0.79, "D": 0.05, "R": 0.56, "sving": 0.19, "os": 0.55, "foss": 0.72, "juv": 0.0, "B": 0.65, "Q": 17.79, "w": 36.35, "h": 0.23, "S": 0.06225, "elv": "bekk", "km": 2.0}}, {"type": "Feature", "geometry": {"type": "LineString", "coordinates": [[9.55323, 59.33032], [9.55324, 59.32955]]}, "properties": {"P": 58.5, "tau": 119.11, "tau_c": 159.44, "omega": 229.9, "M": 0.75, "D": 0.12, "R": 0.51, "sving": 0.23, "os": 0.4, "foss": 1.0, "juv": 0.0, "B": 0.65, "Q": 17.79, "w": 36.37, "h": 0.25, "S": 0.04791, "elv": "bekk", "km": 2.1}}, {"type": "Feature", "geometry": {"type": "LineString", "coordinates": [[9.55324, 59.32955], [9.55318, 59.3287]]}, "properties": {"P": 58.53, "tau": 94.57, "tau_c": 135.27, "omega": 165.17, "M": 0.7, "D": 0.11, "R": 0.45, "sving": 0.24, "os": 0.5, "foss": 1.0, "juv": 0.0, "B": 0.65, "Q": 17.8, "w": 36.47, "h": 0.28, "S": 0.03449, "elv": "bekk", "km": 2.2}}, {"type": "Feature", "geometry": {"type": "LineString", "coordinates": [[9.55318, 59.3287], [9.55391, 59.32812]]}, "properties": {"P": 61.85, "tau": 94.71, "tau_c": 135.52, "omega": 165.47, "M": 0.7, "D": 0.08, "R": 0.44, "sving": 0.28, "os": 0.66, "foss": 1.0, "juv": 0.0, "B": 0.65, "Q": 17.81, "w": 36.56, "h": 0.28, "S": 0.03462, "elv": "bekk", "km": 2.3}}, {"type": "Feature", "geometry": {"type": "LineString", "coordinates": [[9.51915, 59.29938], [9.51988, 59.29856]]}, "properties": {"P": 9.69, "tau": 45.6, "tau_c": 115.47, "omega": 51.4, "M": 0.39, "D": 0.04, "R": 0.08, "sving": 0.15, "os": 0.48, "foss": 0.0, "juv": 0.0, "B": 0.35, "Q": 3.53, "w": 16.91, "h": 0.18, "S": 0.02513, "elv": "Sandåa", "km": 0.0}}, {"type": "Feature", "geometry": {"type": "LineString", "coordinates": [[9.51988, 59.29856], [9.52029, 59.29771]]}, "properties": {"P": 12.52, "tau": 37.36, "tau_c": 100.0, "omega": 38.63, "M": 0.37, "D": 0.09, "R": 0.07, "sving": 0.15, "os": 0.29, "foss": 0.0, "juv": 0.0, "B": 0.54, "Q": 3.53, "w": 16.92, "h": 0.2, "S": 0.01885, "elv": "Sandåa", "km": 0.1}}, {"type": "Feature", "geometry": {"type": "LineString", "coordinates": [[9.52029, 59.29771], [9.52067, 59.29691]]}, "properties": {"P": 9.25, "tau": 35.32, "tau_c": 96.07, "omega": 35.65, "M": 0.37, "D": 0.15, "R": 0.06, "sving": 0.02, "os": 0.18, "foss": 0.0, "juv": 0.0, "B": 0.54, "Q": 3.54, "w": 16.93, "h": 0.21, "S": 0.0174, "elv": "Sandåa", "km": 0.2}}, {"type": "Feature", "geometry": {"type": "LineString", "coordinates": [[9.52067, 59.29691], [9.52089, 59.29606]]}, "properties": {"P": 9.31, "tau": 31.9, "tau_c": 89.23, "omega": 30.81, "M": 0.36, "D": 0.19, "R": 0.06, "sving": 0.05, "os": 0.11, "foss": 0.0, "juv": 0.0, "B": 0.54, "Q": 3.55, "w": 16.94, "h": 0.22, "S": 0.01501, "elv": "Sandåa", "km": 0.3}}, {"type": "Feature", "geometry": {"type": "LineString", "coordinates": [[9.52089, 59.29606], [9.52153, 59.29523]]}, "properties": {"P": 7.51, "tau": 25.01, "tau_c": 74.92, "omega": 21.72, "M": 0.33, "D": 0.17, "R": 0.04, "sving": 0.03, "os": 0.07, "foss": 0.0, "juv": 0.0, "B": 0.54, "Q": 3.55, "w": 16.95, "h": 0.24, "S": 0.01058, "elv": "Sandåa", "km": 0.4}}, {"type": "Feature", "geometry": {"type": "LineString", "coordinates": [[9.52153, 59.29523], [9.52215, 59.29439]]}, "properties": {"P": 6.01, "tau": 19.32, "tau_c": 62.23, "omega": 15.0, "M": 0.31, "D": 0.12, "R": 0.03, "sving": 0.11, "os": 0.0, "foss": 0.0, "juv": 0.0, "B": 0.54, "Q": 3.55, "w": 16.97, "h": 0.27, "S": 0.0073, "elv": "Sandåa", "km": 0.5}}, {"type": "Feature", "geometry": {"type": "LineString", "coordinates": [[9.52215, 59.29439], [9.52269, 59.29356]]}, "properties": {"P": 3.42, "tau": 25.37, "tau_c": 75.67, "omega": 22.17, "M": 0.34, "D": 0.04, "R": 0.04, "sving": 0.05, "os": 0.0, "foss": 0.0, "juv": 0.0, "B": 0.54, "Q": 3.56, "w": 16.98, "h": 0.24, "S": 0.01079, "elv": "Sandåa", "km": 0.6}}, {"type": "Feature", "geometry": {"type": "LineString", "coordinates": [[9.52269, 59.29356], [9.52341, 59.29274]]}, "properties": {"P": 2.73, "tau": 38.79, "tau_c": 102.57, "omega": 40.8, "M": 0.38, "D": 0.0, "R": 0.07, "sving": 0.03, "os": 0.0, "foss": 0.0, "juv": 0.0, "B": 0.54, "Q": 3.56, "w": 16.99, "h": 0.2, "S": 0.01983, "elv": "Sandåa", "km": 0.7}}, {"type": "Feature", "geometry": {"type": "LineString", "coordinates": [[9.52341, 59.29274], [9.52428, 59.29197]]}, "properties": {"P": 21.95, "tau": 42.25, "tau_c": 108.98, "omega": 46.12, "M": 0.39, "D": 0.0, "R": 0.08, "sving": 0.06, "os": 0.0, "foss": 1.0, "juv": 0.0, "B": 0.54, "Q": 3.57, "w": 17.0, "h": 0.19, "S": 0.02238, "elv": "Sandåa", "km": 0.8}}, {"type": "Feature", "geometry": {"type": "LineString", "coordinates": [[9.52428, 59.29197], [9.52477, 59.29112]]}, "properties": {"P": 21.09, "tau": 45.54, "tau_c": 115.01, "omega": 51.36, "M": 0.4, "D": 0.0, "R": 0.09, "sving": 0.0, "os": 0.0, "foss": 1.0, "juv": 0.0, "B": 0.54, "Q": 3.57, "w": 17.02, "h": 0.19, "S": 0.02493, "elv": "Sandåa", "km": 0.9}}, {"type": "Feature", "geometry": {"type": "LineString", "coordinates": [[9.52477, 59.29112], [9.52556, 59.29032]]}, "properties": {"P": 17.35, "tau": 47.51, "tau_c": 118.48, "omega": 54.58, "M": 0.4, "D": 0.02, "R": 0.09, "sving": 0.0, "os": 0.05, "foss": 0.72, "juv": 0.0, "B": 0.54, "Q": 3.58, "w": 17.03, "h": 0.18, "S": 0.02646, "elv": "Sandåa", "km": 1.0}}, {"type": "Feature", "geometry": {"type": "LineString", "coordinates": [[9.52556, 59.29032], [9.52629, 59.2895]]}, "properties": {"P": 16.02, "tau": 50.8, "tau_c": 124.28, "omega": 60.08, "M": 0.41, "D": 0.07, "R": 0.1, "sving": 0.04, "os": 0.06, "foss": 0.51, "juv": 0.0, "B": 0.54, "Q": 3.59, "w": 17.04, "h": 0.18, "S": 0.02911, "elv": "Sandåa", "km": 1.1}}, {"type": "Feature", "geometry": {"type": "LineString", "coordinates": [[9.52629, 59.2895], [9.52715, 59.28873]]}, "properties": {"P": 15.5, "tau": 40.8, "tau_c": 106.18, "omega": 43.88, "M": 0.38, "D": 0.15, "R": 0.08, "sving": 0.07, "os": 0.07, "foss": 0.37, "juv": 0.0, "B": 0.54, "Q": 3.59, "w": 17.06, "h": 0.2, "S": 0.02125, "elv": "Sandåa", "km": 1.2}}, {"type": "Feature", "geometry": {"type": "LineString", "coordinates": [[9.52715, 59.28873], [9.52781, 59.28793]]}, "properties": {"P": 13.92, "tau": 31.22, "tau_c": 87.66, "omega": 29.89, "M": 0.36, "D": 0.21, "R": 0.06, "sving": 0.3, "os": 0.07, "foss": 0.0, "juv": 0.0, "B": 0.54, "Q": 3.59, "w": 17.07, "h": 0.22, "S": 0.01448, "elv": "Sandåa", "km": 1.3}}, {"type": "Feature", "geometry": {"type": "LineString", "coordinates": [[9.52781, 59.28793], [9.5283, 59.2871]]}, "properties": {"P": 13.8, "tau": 27.46, "tau_c": 79.78, "omega": 24.88, "M": 0.34, "D": 0.2, "R": 0.05, "sving": 0.34, "os": 0.07, "foss": 0.0, "juv": 0.0, "B": 0.54, "Q": 3.61, "w": 17.09, "h": 0.23, "S": 0.012, "elv": "Sandåa", "km": 1.4}}, {"type": "Feature", "geometry": {"type": "LineString", "coordinates": [[9.5283, 59.2871], [9.52777, 59.28642]]}, "properties": {"P": 12.62, "tau": 24.87, "tau_c": 74.32, "omega": 21.59, "M": 0.33, "D": 0.12, "R": 0.04, "sving": 0.39, "os": 0.06, "foss": 0.0, "juv": 0.0, "B": 0.54, "Q": 3.62, "w": 17.11, "h": 0.24, "S": 0.01041, "elv": "Sandåa", "km": 1.5}}, {"type": "Feature", "geometry": {"type": "LineString", "coordinates": [[9.56277, 59.24113], [9.56129, 59.24069]]}, "properties": {"P": 42.37, "tau": 119.32, "tau_c": 157.74, "omega": 231.84, "M": 0.76, "D": 0.0, "R": 0.52, "sving": 0.36, "os": 0.29, "foss": 1.0, "juv": 0.0, "B": 0.49, "Q": 23.85, "w": 47.32, "h": 0.26, "S": 0.0469, "elv": "Hoppestadelva", "km": 0.0}}, {"type": "Feature", "geometry": {"type": "LineString", "coordinates": [[9.56129, 59.24069], [9.56016, 59.24103]]}, "properties": {"P": 52.15, "tau": 151.36, "tau_c": 157.74, "omega": 344.11, "M": 0.96, "D": 0.0, "R": 0.76, "sving": 0.24, "os": 0.45, "foss": 1.0, "juv": 0.0, "B": 0.52, "Q": 37.01, "w": 49.48, "h": 0.33, "S": 0.0469, "elv": "Hoppestadelva", "km": 0.1}}, {"type": "Feature", "geometry": {"type": "LineString", "coordinates": [[9.56016, 59.24103], [9.55868, 59.24099]]}, "properties": {"P": 46.16, "tau": 147.48, "tau_c": 157.74, "omega": 329.71, "M": 0.93, "D": 0.01, "R": 0.73, "sving": 0.24, "os": 0.41, "foss": 0.72, "juv": 0.0, "B": 0.52, "Q": 37.01, "w": 51.64, "h": 0.32, "S": 0.0469, "elv": "Hoppestadelva", "km": 0.2}}, {"type": "Feature", "geometry": {"type": "LineString", "coordinates": [[9.55291, 59.32688], [9.55311, 59.32599]]}, "properties": {"P": 82.64, "tau": 130.27, "tau_c": 172.28, "omega": 260.37, "M": 0.76, "D": 0.03, "R": 0.52, "sving": 0.58, "os": 1.0, "foss": 1.0, "juv": 0.0, "B": 0.69, "Q": 18.23, "w": 38.43, "h": 0.24, "S": 0.05594, "elv": "bekk", "km": 0.0}}, {"type": "Feature", "geometry": {"type": "LineString", "coordinates": [[9.55311, 59.32599], [9.55243, 59.32521]]}, "properties": {"P": 55.47, "tau": 117.75, "tau_c": 160.3, "omega": 225.27, "M": 0.73, "D": 0.07, "R": 0.49, "sving": 0.09, "os": 0.61, "foss": 0.72, "juv": 0.0, "B": 0.7, "Q": 18.24, "w": 38.46, "h": 0.25, "S": 0.04843, "elv": "bekk", "km": 0.1}}, {"type": "Feature", "geometry": {"type": "LineString", "coordinates": [[9.55243, 59.32521], [9.55136, 59.32451]]}, "properties": {"P": 58.85, "tau": 102.52, "tau_c": 145.2, "omega": 184.74, "M": 0.71, "D": 0.11, "R": 0.45, "sving": 0.15, "os": 0.39, "foss": 1.0, "juv": 0.0, "B": 0.71, "Q": 18.24, "w": 38.49, "h": 0.26, "S": 0.03974, "elv": "bekk", "km": 0.2}}, {"type": "Feature", "geometry": {"type": "LineString", "coordinates": [[9.55136, 59.32451], [9.55126, 59.32362]]}, "properties": {"P": 48.98, "tau": 101.87, "tau_c": 144.19, "omega": 183.22, "M": 0.71, "D": 0.08, "R": 0.46, "sving": 0.15, "os": 0.29, "foss": 0.72, "juv": 0.0, "B": 0.71, "Q": 18.37, "w": 38.53, "h": 0.27, "S": 0.03918, "elv": "bekk", "km": 0.3}}, {"type": "Feature", "geometry": {"type": "LineString", "coordinates": [[9.55126, 59.32362], [9.55075, 59.32276]]}, "properties": {"P": 50.16, "tau": 90.48, "tau_c": 126.72, "omega": 156.57, "M": 0.71, "D": 0.08, "R": 0.47, "sving": 0.22, "os": 0.44, "foss": 0.51, "juv": 0.0, "B": 0.72, "Q": 18.38, "w": 34.85, "h": 0.3, "S": 0.03027, "elv": "bekk", "km": 0.4}}, {"type": "Feature", "geometry": {"type": "LineString", "coordinates": [[9.55075, 59.32276], [9.55073, 59.32187]]}, "properties": {"P": 70.56, "tau": 101.76, "tau_c": 131.07, "omega": 187.96, "M": 0.78, "D": 0.09, "R": 0.55, "sving": 0.19, "os": 0.65, "foss": 1.0, "juv": 0.0, "B": 0.72, "Q": 18.44, "w": 31.16, "h": 0.32, "S": 0.03238, "elv": "bekk", "km": 0.5}}, {"type": "Feature", "geometry": {"type": "LineString", "coordinates": [[9.55073, 59.32187], [9.55059, 59.32098]]}, "properties": {"P": 72.19, "tau": 73.71, "tau_c": 101.41, "omega": 119.17, "M": 0.73, "D": 0.11, "R": 0.48, "sving": 0.38, "os": 0.58, "foss": 1.0, "juv": 0.0, "B": 0.73, "Q": 18.45, "w": 29.45, "h": 0.39, "S": 0.01938, "elv": "bekk", "km": 0.6}}, {"type": "Feature", "geometry": {"type": "LineString", "coordinates": [[9.55059, 59.32098], [9.55133, 59.3202]]}, "properties": {"P": 66.44, "tau": 61.84, "tau_c": 89.41, "omega": 92.61, "M": 0.69, "D": 0.07, "R": 0.43, "sving": 0.22, "os": 0.9, "foss": 0.72, "juv": 0.0, "B": 0.73, "Q": 18.46, "w": 29.46, "h": 0.42, "S": 0.01507, "elv": "bekk", "km": 0.7}}, {"type": "Feature", "geometry": {"type": "LineString", "coordinates": [[9.55133, 59.3202], [9.55248, 59.31952]]}, "properties": {"P": 55.45, "tau": 88.61, "tau_c": 115.73, "omega": 155.17, "M": 0.77, "D": 0.03, "R": 0.53, "sving": 0.09, "os": 0.67, "foss": 0.51, "juv": 0.0, "B": 0.74, "Q": 18.47, "w": 29.47, "h": 0.36, "S": 0.02525, "elv": "bekk", "km": 0.8}}, {"type": "Feature", "geometry": {"type": "LineString", "coordinates": [[9.55248, 59.31952], [9.55341, 59.31878]]}, "properties": {"P": 46.72, "tau": 73.87, "tau_c": 104.55, "omega": 118.61, "M": 0.71, "D": 0.05, "R": 0.46, "sving": 0.25, "os": 0.41, "foss": 0.37, "juv": 0.0, "B": 0.74, "Q": 18.47, "w": 31.47, "h": 0.37, "S": 0.0206, "elv": "bekk", "km": 0.9}}, {"type": "Feature", "geometry": {"type": "LineString", "coordinates": [[9.55341, 59.31878], [9.55371, 59.3179]]}, "properties": {"P": 57.55, "tau": 63.74, "tau_c": 98.84, "omega": 94.72, "M": 0.64, "D": 0.06, "R": 0.37, "sving": 0.31, "os": 0.25, "foss": 1.0, "juv": 0.0, "B": 0.75, "Q": 18.47, "w": 35.23, "h": 0.35, "S": 0.01841, "elv": "bekk", "km": 1.0}}, {"type": "Feature", "geometry": {"type": "LineString", "coordinates": [[9.55371, 59.3179], [9.55333, 59.31703]]}, "properties": {"P": 43.95, "tau": 68.33, "tau_c": 106.12, "omega": 104.03, "M": 0.64, "D": 0.06, "R": 0.37, "sving": 0.15, "os": 0.16, "foss": 0.72, "juv": 0.0, "B": 0.75, "Q": 18.48, "w": 36.99, "h": 0.33, "S": 0.02122, "elv": "bekk", "km": 1.1}}, {"type": "Feature", "geometry": {"type": "LineString", "coordinates": [[9.55333, 59.31703], [9.55312, 59.31616]]}, "properties": {"P": 35.72, "tau": 69.6, "tau_c": 107.33, "omega": 106.87, "M": 0.65, "D": 0.04, "R": 0.38, "sving": 0.09, "os": 0.11, "foss": 0.51, "juv": 0.0, "B": 0.76, "Q": 18.57, "w": 37.01, "h": 0.33, "S": 0.02171, "elv": "bekk", "km": 1.2}}, {"type": "Feature", "geometry": {"type": "LineString", "coordinates": [[9.55312, 59.31616], [9.55342, 59.31528]]}, "properties": {"P": 49.97, "tau": 79.38, "tau_c": 117.93, "omega": 129.02, "M": 0.67, "D": 0.06, "R": 0.41, "sving": 0.04, "os": 0.13, "foss": 1.0, "juv": 0.0, "B": 0.76, "Q": 18.58, "w": 37.03, "h": 0.31, "S": 0.02621, "elv": "bekk", "km": 1.3}}, {"type": "Feature", "geometry": {"type": "LineString", "coordinates": [[9.55342, 59.31528], [9.55333, 59.3144]]}, "properties": {"P": 42.51, "tau": 54.36, "tau_c": 91.88, "omega": 74.55, "M": 0.59, "D": 0.13, "R": 0.3, "sving": 0.03, "os": 0.22, "foss": 0.72, "juv": 0.0, "B": 0.76, "Q": 18.58, "w": 38.9, "h": 0.35, "S": 0.01591, "elv": "bekk", "km": 1.4}}, {"type": "Feature", "geometry": {"type": "LineString", "coordinates": [[9.55333, 59.3144], [9.55312, 59.31351]]}, "properties": {"P": 45.92, "tau": 57.39, "tau_c": 95.64, "omega": 80.54, "M": 0.6, "D": 0.14, "R": 0.31, "sving": 0.18, "os": 0.36, "foss": 0.51, "juv": 0.0, "B": 0.77, "Q": 18.58, "w": 39.01, "h": 0.34, "S": 0.01724, "elv": "bekk", "km": 1.5}}, {"type": "Feature", "geometry": {"type": "LineString", "coordinates": [[9.55312, 59.31351], [9.55305, 59.31262]]}, "properties": {"P": 53.71, "tau": 51.16, "tau_c": 87.13, "omega": 68.53, "M": 0.59, "D": 0.17, "R": 0.29, "sving": 0.37, "os": 0.59, "foss": 0.37, "juv": 0.0, "B": 0.77, "Q": 19.1, "w": 39.12, "h": 0.36, "S": 0.01431, "elv": "bekk", "km": 1.6}}, {"type": "Feature", "geometry": {"type": "LineString", "coordinates": [[9.55305, 59.31262], [9.55411, 59.31192]]}, "properties": {"P": 53.46, "tau": 40.03, "tau_c": 73.17, "omega": 48.2, "M": 0.55, "D": 0.19, "R": 0.24, "sving": 0.4, "os": 0.96, "foss": 0.0, "juv": 0.0, "B": 0.78, "Q": 19.11, "w": 39.23, "h": 0.4, "S": 0.01009, "elv": "bekk", "km": 1.7}}, {"type": "Feature", "geometry": {"type": "LineString", "coordinates": [[9.55411, 59.31192], [9.55551, 59.31138]]}, "properties": {"P": 43.5, "tau": 38.58, "tau_c": 71.38, "omega": 45.69, "M": 0.54, "D": 0.23, "R": 0.24, "sving": 0.31, "os": 0.63, "foss": 0.0, "juv": 0.0, "B": 0.78, "Q": 19.11, "w": 39.41, "h": 0.41, "S": 0.0096, "elv": "bekk", "km": 1.8}}, {"type": "Feature", "geometry": {"type": "LineString", "coordinates": [[9.55551, 59.31138], [9.55695, 59.31086]]}, "properties": {"P": 34.21, "tau": 24.79, "tau_c": 52.02, "omega": 24.22, "M": 0.48, "D": 0.31, "R": 0.16, "sving": 0.22, "os": 0.39, "foss": 0.0, "juv": 0.0, "B": 0.78, "Q": 19.12, "w": 39.48, "h": 0.5, "S": 0.0051, "elv": "bekk", "km": 1.9}}, {"type": "Feature", "geometry": {"type": "LineString", "coordinates": [[9.55695, 59.31086], [9.55817, 59.31024]]}, "properties": {"P": 36.79, "tau": 22.56, "tau_c": 48.31, "omega": 21.21, "M": 0.47, "D": 0.32, "R": 0.15, "sving": 0.45, "os": 0.24, "foss": 0.0, "juv": 0.0, "B": 0.79, "Q": 19.44, "w": 39.55, "h": 0.52, "S": 0.0044, "elv": "bekk", "km": 2.0}}, {"type": "Feature", "geometry": {"type": "LineString", "coordinates": [[9.55817, 59.31024], [9.5583, 59.30936]]}, "properties": {"P": 32.2, "tau": 11.35, "tau_c": 29.52, "omega": 7.91, "M": 0.38, "D": 0.42, "R": 0.08, "sving": 0.27, "os": 0.23, "foss": 0.0, "juv": 0.0, "B": 0.79, "Q": 19.45, "w": 39.63, "h": 0.7, "S": 0.00164, "elv": "bekk", "km": 2.1}}, {"type": "Feature", "geometry": {"type": "LineString", "coordinates": [[9.5583, 59.30936], [9.55784, 59.30849]]}, "properties": {"P": 19.0, "tau": 10.27, "tau_c": 27.48, "omega": 6.84, "M": 0.37, "D": 0.28, "R": 0.07, "sving": 0.06, "os": 0.15, "foss": 0.0, "juv": 0.0, "B": 0.79, "Q": 19.46, "w": 39.7, "h": 0.74, "S": 0.00142, "elv": "bekk", "km": 2.2}}, {"type": "Feature", "geometry": {"type": "LineString", "coordinates": [[9.55784, 59.30849], [9.55824, 59.30763]]}, "properties": {"P": 15.37, "tau": 4.78, "tau_c": 15.86, "omega": 2.28, "M": 0.3, "D": 0.18, "R": 0.03, "sving": 0.19, "os": 0.09, "foss": 0.0, "juv": 0.0, "B": 0.8, "Q": 19.46, "w": 39.7, "h": 1.03, "S": 0.00047, "elv": "bekk", "km": 2.3}}, {"type": "Feature", "geometry": {"type": "LineString", "coordinates": [[9.55824, 59.30763], [9.55926, 59.3069]]}, "properties": {"P": 12.94, "tau": 11.43, "tau_c": 29.69, "omega": 7.99, "M": 0.39, "D": 0.0, "R": 0.08, "sving": 0.29, "os": 0.06, "foss": 0.0, "juv": 0.0, "B": 0.8, "Q": 19.47, "w": 39.71, "h": 0.7, "S": 0.00166, "elv": "bekk", "km": 2.4}}, {"type": "Feature", "geometry": {"type": "LineString", "coordinates": [[9.55926, 59.3069], [9.56023, 59.30617]]}, "properties": {"P": 8.59, "tau": 11.47, "tau_c": 29.76, "omega": 8.03, "M": 0.39, "D": 0.0, "R": 0.08, "sving": 0.19, "os": 0.0, "foss": 0.0, "juv": 0.0, "B": 0.8, "Q": 19.47, "w": 39.72, "h": 0.7, "S": 0.00167, "elv": "bekk", "km": 2.5}}, {"type": "Feature", "geometry": {"type": "LineString", "coordinates": [[9.56023, 59.30617], [9.56106, 59.30539]]}, "properties": {"P": 5.71, "tau": 11.48, "tau_c": 29.76, "omega": 8.03, "M": 0.39, "D": 0.02, "R": 0.08, "sving": 0.05, "os": 0.0, "foss": 0.0, "juv": 0.0, "B": 0.81, "Q": 19.48, "w": 39.72, "h": 0.7, "S": 0.00167, "elv": "bekk", "km": 2.6}}, {"type": "Feature", "geometry": {"type": "LineString", "coordinates": [[9.56106, 59.30539], [9.56223, 59.30472]]}, "properties": {"P": 5.24, "tau": 11.48, "tau_c": 29.76, "omega": 8.03, "M": 0.39, "D": 0.04, "R": 0.08, "sving": 0.01, "os": 0.0, "foss": 0.0, "juv": 0.0, "B": 0.81, "Q": 19.49, "w": 39.73, "h": 0.7, "S": 0.00167, "elv": "bekk", "km": 2.7}}, {"type": "Feature", "geometry": {"type": "LineString", "coordinates": [[9.56223, 59.30472], [9.56344, 59.30407]]}, "properties": {"P": 11.77, "tau": 10.07, "tau_c": 27.1, "omega": 6.66, "M": 0.37, "D": 0.14, "R": 0.07, "sving": 0.13, "os": 0.0, "foss": 0.0, "juv": 0.0, "B": 0.81, "Q": 19.49, "w": 39.74, "h": 0.74, "S": 0.00138, "elv": "bekk", "km": 2.8}}, {"type": "Feature", "geometry": {"type": "LineString", "coordinates": [[9.56344, 59.30407], [9.56447, 59.30335]]}, "properties": {"P": 19.89, "tau": 10.25, "tau_c": 27.43, "omega": 6.83, "M": 0.37, "D": 0.25, "R": 0.07, "sving": 0.27, "os": 0.0, "foss": 0.0, "juv": 0.0, "B": 0.81, "Q": 19.5, "w": 39.74, "h": 0.74, "S": 0.00142, "elv": "bekk", "km": 2.9}}, {"type": "Feature", "geometry": {"type": "LineString", "coordinates": [[9.67564, 59.17355], [9.67688, 59.17334]]}, "properties": {"P": 7.53, "tau": 13.01, "tau_c": 42.96, "omega": 8.75, "M": 0.3, "D": 0.07, "R": 0.03, "sving": 0.14, "os": 0.0, "foss": 0.0, "juv": 0.0, "B": 0.8, "Q": 5.26, "w": 20.52, "h": 0.38, "S": 0.00348, "elv": "Leirkup", "km": 6.8}}, {"type": "Feature", "geometry": {"type": "LineString", "coordinates": [[9.37339, 59.17062], [9.3736, 59.16973]]}, "properties": {"P": 25.66, "tau": 53.95, "tau_c": 94.72, "omega": 71.91, "M": 0.57, "D": 0.0, "R": 0.27, "sving": 0.45, "os": 0.0, "foss": 0.37, "juv": 0.0, "B": 0.59, "Q": 7.42, "w": 17.11, "h": 0.33, "S": 0.01691, "elv": "bekk", "km": 1.4}}, {"type": "Feature", "geometry": {"type": "LineString", "coordinates": [[9.3736, 59.16973], [9.37435, 59.16894]]}, "properties": {"P": 14.9, "tau": 18.07, "tau_c": 47.1, "omega": 14.62, "M": 0.38, "D": 0.18, "R": 0.08, "sving": 0.38, "os": 0.0, "foss": 0.0, "juv": 0.0, "B": 0.59, "Q": 7.42, "w": 20.81, "h": 0.44, "S": 0.00418, "elv": "bekk", "km": 1.5}}, {"type": "Feature", "geometry": {"type": "LineString", "coordinates": [[9.39201, 59.16025], [9.39192, 59.16114]]}, "properties": {"P": 29.63, "tau": 52.12, "tau_c": 101.48, "omega": 67.17, "M": 0.51, "D": 0.0, "R": 0.2, "sving": 0.08, "os": 1.0, "foss": 0.0, "juv": 0.0, "B": 0.61, "Q": 10.08, "w": 28.57, "h": 0.27, "S": 0.01941, "elv": "bekk", "km": 0.0}}, {"type": "Feature", "geometry": {"type": "LineString", "coordinates": [[9.39192, 59.16114], [9.39202, 59.16203]]}, "properties": {"P": 42.26, "tau": 52.12, "tau_c": 101.48, "omega": 67.17, "M": 0.51, "D": 0.0, "R": 0.2, "sving": 0.08, "os": 0.61, "foss": 1.0, "juv": 0.0, "B": 0.61, "Q": 10.08, "w": 28.57, "h": 0.27, "S": 0.01941, "elv": "bekk", "km": 0.1}}, {"type": "Feature", "geometry": {"type": "LineString", "coordinates": [[9.68197, 59.1869], [9.68176, 59.18601]]}, "properties": {"P": 29.89, "tau": 75.88, "tau_c": 244.35, "omega": 93.67, "M": 0.31, "D": 0.0, "R": 0.03, "sving": 0.6, "os": 0.0, "foss": 1.0, "juv": 0.0, "B": 0.53, "Q": 0.58, "w": 6.87, "h": 0.07, "S": 0.11253, "elv": "Grønnerødbekken", "km": 0.9}}, {"type": "Feature", "geometry": {"type": "LineString", "coordinates": [[9.68176, 59.18601], [9.68083, 59.18528]]}, "properties": {"P": 31.85, "tau": 75.26, "tau_c": 242.92, "omega": 92.58, "M": 0.31, "D": 0.0, "R": 0.03, "sving": 0.7, "os": 0.0, "foss": 1.0, "juv": 0.0, "B": 0.53, "Q": 0.58, "w": 6.87, "h": 0.07, "S": 0.11122, "elv": "Grønnerødbekken", "km": 1.0}}, {"type": "Feature", "geometry": {"type": "LineString", "coordinates": [[9.68083, 59.18528], [9.67926, 59.18536]]}, "properties": {"P": 29.96, "tau": 79.52, "tau_c": 252.68, "omega": 100.17, "M": 0.31, "D": 0.02, "R": 0.03, "sving": 0.56, "os": 0.0, "foss": 1.0, "juv": 0.0, "B": 0.54, "Q": 0.58, "w": 6.87, "h": 0.07, "S": 0.12034, "elv": "Grønnerødbekken", "km": 1.1}}, {"type": "Feature", "geometry": {"type": "LineString", "coordinates": [[9.67926, 59.18536], [9.67763, 59.18555]]}, "properties": {"P": 23.75, "tau": 78.43, "tau_c": 250.19, "omega": 98.21, "M": 0.31, "D": 0.07, "R": 0.03, "sving": 0.14, "os": 0.0, "foss": 1.0, "juv": 0.0, "B": 0.54, "Q": 0.58, "w": 6.87, "h": 0.07, "S": 0.11798, "elv": "Grønnerødbekken", "km": 1.2}}, {"type": "Feature", "geometry": {"type": "LineString", "coordinates": [[9.61029, 59.20385], [9.61188, 59.20347]]}, "properties": {"P": 57.91, "tau": 16.63, "tau_c": 19.89, "omega": 17.17, "M": 0.84, "D": 0.05, "R": 0.62, "sving": 0.43, "os": 0.83, "foss": 0.73, "juv": 0.0, "B": 0.55, "Q": 437.91, "w": 186.67, "h": 2.27, "S": 0.00075, "elv": "Skienselva", "km": 0.0}}, {"type": "Feature", "geometry": {"type": "LineString", "coordinates": [[9.61188, 59.20347], [9.61282, 59.20272]]}, "properties": {"P": 54.85, "tau": 13.61, "tau_c": 17.23, "omega": 12.88, "M": 0.79, "D": 0.11, "R": 0.56, "sving": 0.31, "os": 0.5, "foss": 0.67, "juv": 0.0, "B": 0.63, "Q": 438.03, "w": 186.68, "h": 2.48, "S": 0.00056, "elv": "Skienselva", "km": 0.1}}, {"type": "Feature", "geometry": {"type": "LineString", "coordinates": [[9.61282, 59.20272], [9.61375, 59.20196]]}, "properties": {"P": 49.74, "tau": 11.87, "tau_c": 15.41, "omega": 10.63, "M": 0.77, "D": 0.21, "R": 0.54, "sving": 0.26, "os": 0.32, "foss": 0.57, "juv": 0.0, "B": 0.63, "Q": 438.03, "w": 181.01, "h": 2.7, "S": 0.00045, "elv": "Skienselva", "km": 0.2}}, {"type": "Feature", "geometry": {"type": "LineString", "coordinates": [[9.61375, 59.20196], [9.61462, 59.20119]]}, "properties": {"P": 41.99, "tau": 10.9, "tau_c": 14.07, "omega": 9.46, "M": 0.77, "D": 0.27, "R": 0.55, "sving": 0.06, "os": 0.2, "foss": 0.44, "juv": 0.0, "B": 0.63, "Q": 438.04, "w": 169.35, "h": 2.98, "S": 0.00037, "elv": "Skienselva", "km": 0.3}}, {"type": "Feature", "geometry": {"type": "LineString", "coordinates": [[9.61462, 59.20119], [9.61538, 59.20038]]}, "properties": {"P": 23.61, "tau": 4.65, "tau_c": 11.65, "omega": 2.8, "M": 0.4, "D": 0.35, "R": 0.09, "sving": 0.05, "os": 0.12, "foss": 0.32, "juv": 0.0, "B": 0.63, "Q": 438.04, "w": 153.35, "h": 4.74, "S": 0.0001, "elv": "Skienselva", "km": 0.4}}, {"type": "Feature", "geometry": {"type": "LineString", "coordinates": [[9.61538, 59.20038], [9.61609, 59.19956]]}, "properties": {"P": 13.25, "tau": 4.98, "tau_c": 11.65, "omega": 3.12, "M": 0.43, "D": 0.25, "R": 0.11, "sving": 0.03, "os": 0.07, "foss": 0.0, "juv": 0.0, "B": 0.63, "Q": 438.07, "w": 137.67, "h": 5.08, "S": 0.0001, "elv": "Skienselva", "km": 0.5}}, {"type": "Feature", "geometry": {"type": "LineString", "coordinates": [[9.61609, 59.19956], [9.61681, 59.19874]]}, "properties": {"P": 14.32, "tau": 4.98, "tau_c": 11.65, "omega": 3.12, "M": 0.43, "D": 0.15, "R": 0.11, "sving": 0.02, "os": 0.0, "foss": 0.26, "juv": 0.0, "B": 0.63, "Q": 438.08, "w": 137.68, "h": 5.08, "S": 0.0001, "elv": "Skienselva", "km": 0.6}}, {"type": "Feature", "geometry": {"type": "LineString", "coordinates": [[9.61681, 59.19874], [9.61756, 59.19793]]}, "properties": {"P": 6.63, "tau": 4.86, "tau_c": 11.65, "omega": 3.0, "M": 0.42, "D": 0.03, "R": 0.1, "sving": 0.1, "os": 0.0, "foss": 0.0, "juv": 0.0, "B": 0.63, "Q": 438.09, "w": 143.36, "h": 4.95, "S": 0.0001, "elv": "Skienselva", "km": 0.7}}, {"type": "Feature", "geometry": {"type": "LineString", "coordinates": [[9.61756, 59.19793], [9.61823, 59.19711]]}, "properties": {"P": 6.56, "tau": 4.62, "tau_c": 11.65, "omega": 2.77, "M": 0.4, "D": 0.05, "R": 0.09, "sving": 0.1, "os": 0.0, "foss": 0.0, "juv": 0.0, "B": 0.63, "Q": 438.16, "w": 155.04, "h": 4.71, "S": 0.0001, "elv": "Skienselva", "km": 0.8}}, {"type": "Feature", "geometry": {"type": "LineString", "coordinates": [[9.61823, 59.19711], [9.6185, 59.19622]]}, "properties": {"P": 5.46, "tau": 4.47, "tau_c": 11.65, "omega": 2.64, "M": 0.38, "D": 0.04, "R": 0.08, "sving": 0.08, "os": 0.0, "foss": 0.0, "juv": 0.0, "B": 0.63, "Q": 438.16, "w": 163.04, "h": 4.56, "S": 0.0001, "elv": "Skienselva", "km": 0.9}}, {"type": "Feature", "geometry": {"type": "LineString", "coordinates": [[9.6185, 59.19622], [9.61877, 59.19533]]}, "properties": {"P": 3.48, "tau": 4.41, "tau_c": 11.65, "omega": 2.57, "M": 0.38, "D": 0.02, "R": 0.07, "sving": 0.02, "os": 0.0, "foss": 0.0, "juv": 0.0, "B": 0.63, "Q": 438.19, "w": 167.04, "h": 4.49, "S": 0.0001, "elv": "Skienselva", "km": 1.0}}, {"type": "Feature", "geometry": {"type": "LineString", "coordinates": [[9.61877, 59.19533], [9.61915, 59.19446]]}, "properties": {"P": 5.76, "tau": 4.61, "tau_c": 11.65, "omega": 2.77, "M": 0.4, "D": 0.0, "R": 0.09, "sving": 0.13, "os": 0.0, "foss": 0.0, "juv": 0.0, "B": 0.63, "Q": 438.19, "w": 155.36, "h": 4.7, "S": 0.0001, "elv": "Skienselva", "km": 1.1}}, {"type": "Feature", "geometry": {"type": "LineString", "coordinates": [[9.61915, 59.19446], [9.61973, 59.19362]]}, "properties": {"P": 6.27, "tau": 4.98, "tau_c": 11.65, "omega": 3.12, "M": 0.43, "D": 0.0, "R": 0.11, "sving": 0.11, "os": 0.0, "foss": 0.0, "juv": 0.0, "B": 0.63, "Q": 438.2, "w": 137.68, "h": 5.08, "S": 0.0001, "elv": "Skienselva", "km": 1.2}}, {"type": "Feature", "geometry": {"type": "LineString", "coordinates": [[9.61973, 59.19362], [9.62056, 59.19283]]}, "properties": {"P": 6.35, "tau": 5.45, "tau_c": 11.65, "omega": 3.58, "M": 0.47, "D": 0.0, "R": 0.15, "sving": 0.04, "os": 0.0, "foss": 0.0, "juv": 0.0, "B": 0.63, "Q": 438.21, "w": 120.0, "h": 5.56, "S": 0.0001, "elv": "Skienselva", "km": 1.3}}, {"type": "Feature", "geometry": {"type": "LineString", "coordinates": [[9.62056, 59.19283], [9.62131, 59.19202]]}, "properties": {"P": 6.06, "tau": 5.57, "tau_c": 11.65, "omega": 3.71, "M": 0.48, "D": 0.0, "R": 0.16, "sving": 0.01, "os": 0.0, "foss": 0.0, "juv": 0.0, "B": 0.63, "Q": 438.21, "w": 116.0, "h": 5.68, "S": 0.0001, "elv": "Skienselva", "km": 1.4}}, {"type": "Feature", "geometry": {"type": "LineString", "coordinates": [[9.62131, 59.19202], [9.62189, 59.19118]]}, "properties": {"P": 8.57, "tau": 5.64, "tau_c": 11.65, "omega": 3.77, "M": 0.48, "D": 0.01, "R": 0.17, "sving": 0.1, "os": 0.0, "foss": 0.0, "juv": 0.0, "B": 0.63, "Q": 438.22, "w": 114.0, "h": 5.75, "S": 0.0001, "elv": "Skienselva", "km": 1.5}}, {"type": "Feature", "geometry": {"type": "LineString", "coordinates": [[9.62189, 59.19118], [9.62242, 59.19032]]}, "properties": {"P": 9.08, "tau": 5.45, "tau_c": 11.65, "omega": 3.58, "M": 0.47, "D": 0.04, "R": 0.15, "sving": 0.12, "os": 0.0, "foss": 0.0, "juv": 0.0, "B": 0.63, "Q": 438.22, "w": 120.0, "h": 5.56, "S": 0.0001, "elv": "Skienselva", "km": 1.6}}, {"type": "Feature", "geometry": {"type": "LineString", "coordinates": [[9.62242, 59.19032], [9.62281, 59.18945]]}, "properties": {"P": 8.05, "tau": 5.12, "tau_c": 11.65, "omega": 3.26, "M": 0.44, "D": 0.07, "R": 0.12, "sving": 0.08, "os": 0.0, "foss": 0.0, "juv": 0.0, "B": 0.63, "Q": 438.23, "w": 132.0, "h": 5.22, "S": 0.0001, "elv": "Skienselva", "km": 1.7}}, {"type": "Feature", "geometry": {"type": "LineString", "coordinates": [[9.62281, 59.18945], [9.62301, 59.18856]]}, "properties": {"P": 6.46, "tau": 4.85, "tau_c": 11.65, "omega": 2.99, "M": 0.42, "D": 0.08, "R": 0.1, "sving": 0.03, "os": 0.0, "foss": 0.0, "juv": 0.0, "B": 0.63, "Q": 438.71, "w": 144.0, "h": 4.94, "S": 0.0001, "elv": "Skienselva", "km": 1.8}}, {"type": "Feature", "geometry": {"type": "LineString", "coordinates": [[9.62301, 59.18856], [9.62322, 59.18767]]}, "properties": {"P": 6.24, "tau": 4.6, "tau_c": 11.65, "omega": 2.76, "M": 0.4, "D": 0.08, "R": 0.08, "sving": 0.05, "os": 0.0, "foss": 0.0, "juv": 0.0, "B": 0.63, "Q": 438.71, "w": 156.0, "h": 4.69, "S": 0.0001, "elv": "Skienselva", "km": 1.9}}, {"type": "Feature", "geometry": {"type": "LineString", "coordinates": [[9.62322, 59.18767], [9.62362, 59.1868]]}, "properties": {"P": 6.25, "tau": 4.36, "tau_c": 11.65, "omega": 2.54, "M": 0.37, "D": 0.06, "R": 0.07, "sving": 0.09, "os": 0.0, "foss": 0.0, "juv": 0.0, "B": 0.63, "Q": 438.73, "w": 169.7, "h": 4.45, "S": 0.0001, "elv": "Skienselva", "km": 2.0}}, {"type": "Feature", "geometry": {"type": "LineString", "coordinates": [[9.62362, 59.1868], [9.62424, 59.18596]]}, "properties": {"P": 5.59, "tau": 4.27, "tau_c": 11.65, "omega": 2.45, "M": 0.37, "D": 0.05, "R": 0.06, "sving": 0.09, "os": 0.0, "foss": 0.0, "juv": 0.0, "B": 0.63, "Q": 438.74, "w": 175.41, "h": 4.36, "S": 0.0001, "elv": "Skienselva", "km": 2.1}}, {"type": "Feature", "geometry": {"type": "LineString", "coordinates": [[9.62424, 59.18596], [9.62485, 59.18512]]}, "properties": {"P": 4.18, "tau": 4.19, "tau_c": 11.65, "omega": 2.38, "M": 0.36, "D": 0.03, "R": 0.06, "sving": 0.05, "os": 0.0, "foss": 0.0, "juv": 0.0, "B": 0.63, "Q": 438.77, "w": 181.12, "h": 4.27, "S": 0.0001, "elv": "Skienselva", "km": 2.2}}, {"type": "Feature", "geometry": {"type": "LineString", "coordinates": [[9.62485, 59.18512], [9.62547, 59.18428]]}, "properties": {"P": 2.75, "tau": 4.11, "tau_c": 11.65, "omega": 2.3, "M": 0.35, "D": 0.02, "R": 0.05, "sving": 0.01, "os": 0.0, "foss": 0.0, "juv": 0.0, "B": 0.63, "Q": 438.8, "w": 186.82, "h": 4.19, "S": 0.0001, "elv": "Skienselva", "km": 2.3}}, {"type": "Feature", "geometry": {"type": "LineString", "coordinates": [[9.62547, 59.18428], [9.6261, 59.18345]]}, "properties": {"P": 2.41, "tau": 4.09, "tau_c": 11.65, "omega": 2.28, "M": 0.35, "D": 0.01, "R": 0.05, "sving": 0.01, "os": 0.0, "foss": 0.0, "juv": 0.0, "B": 0.63, "Q": 438.83, "w": 188.53, "h": 4.16, "S": 0.0001, "elv": "Skienselva", "km": 2.4}}, {"type": "Feature", "geometry": {"type": "LineString", "coordinates": [[9.6261, 59.18345], [9.62676, 59.18262]]}, "properties": {"P": 2.78, "tau": 4.11, "tau_c": 11.65, "omega": 2.3, "M": 0.35, "D": 0.0, "R": 0.05, "sving": 0.04, "os": 0.0, "foss": 0.0, "juv": 0.0, "B": 0.63, "Q": 438.84, "w": 186.83, "h": 4.19, "S": 0.0001, "elv": "Skienselva", "km": 2.5}}, {"type": "Feature", "geometry": {"type": "LineString", "coordinates": [[9.62676, 59.18262], [9.62741, 59.18178]]}, "properties": {"P": 2.69, "tau": 4.11, "tau_c": 11.65, "omega": 2.3, "M": 0.35, "D": 0.0, "R": 0.05, "sving": 0.04, "os": 0.0, "foss": 0.0, "juv": 0.0, "B": 0.63, "Q": 438.87, "w": 186.83, "h": 4.19, "S": 0.0001, "elv": "Skienselva", "km": 2.6}}, {"type": "Feature", "geometry": {"type": "LineString", "coordinates": [[9.62741, 59.18178], [9.62818, 59.18098]]}, "properties": {"P": 2.58, "tau": 4.11, "tau_c": 11.65, "omega": 2.3, "M": 0.35, "D": 0.0, "R": 0.05, "sving": 0.03, "os": 0.0, "foss": 0.0, "juv": 0.0, "B": 0.63, "Q": 438.89, "w": 186.84, "h": 4.19, "S": 0.0001, "elv": "Skienselva", "km": 2.7}}, {"type": "Feature", "geometry": {"type": "LineString", "coordinates": [[9.62818, 59.18098], [9.62896, 59.18018]]}, "properties": {"P": 2.9, "tau": 4.11, "tau_c": 11.65, "omega": 2.3, "M": 0.35, "D": 0.0, "R": 0.05, "sving": 0.04, "os": 0.0, "foss": 0.0, "juv": 0.0, "B": 0.63, "Q": 438.9, "w": 186.84, "h": 4.19, "S": 0.0001, "elv": "Skienselva", "km": 2.8}}, {"type": "Feature", "geometry": {"type": "LineString", "coordinates": [[9.62896, 59.18018], [9.62974, 59.17937]]}, "properties": {"P": 2.41, "tau": 4.11, "tau_c": 11.65, "omega": 2.3, "M": 0.35, "D": 0.0, "R": 0.05, "sving": 0.02, "os": 0.0, "foss": 0.0, "juv": 0.0, "B": 0.63, "Q": 438.92, "w": 186.84, "h": 4.19, "S": 0.0001, "elv": "Skienselva", "km": 2.9}}, {"type": "Feature", "geometry": {"type": "LineString", "coordinates": [[9.62974, 59.17937], [9.63058, 59.17859]]}, "properties": {"P": 2.32, "tau": 4.09, "tau_c": 11.65, "omega": 2.28, "M": 0.35, "D": 0.0, "R": 0.05, "sving": 0.02, "os": 0.0, "foss": 0.0, "juv": 0.0, "B": 0.63, "Q": 438.93, "w": 188.56, "h": 4.16, "S": 0.0001, "elv": "Skienselva", "km": 3.0}}, {"type": "Feature", "geometry": {"type": "LineString", "coordinates": [[9.63058, 59.17859], [9.63143, 59.1778]]}, "properties": {"P": 2.75, "tau": 4.09, "tau_c": 11.65, "omega": 2.28, "M": 0.35, "D": 0.0, "R": 0.05, "sving": 0.04, "os": 0.0, "foss": 0.0, "juv": 0.0, "B": 0.63, "Q": 438.94, "w": 188.56, "h": 4.16, "S": 0.0001, "elv": "Skienselva", "km": 3.1}}, {"type": "Feature", "geometry": {"type": "LineString", "coordinates": [[9.63143, 59.1778], [9.63228, 59.17702]]}, "properties": {"P": 3.96, "tau": 4.09, "tau_c": 11.65, "omega": 2.28, "M": 0.35, "D": 0.0, "R": 0.05, "sving": 0.1, "os": 0.0, "foss": 0.0, "juv": 0.0, "B": 0.63, "Q": 438.95, "w": 188.56, "h": 4.16, "S": 0.0001, "elv": "Skienselva", "km": 3.2}}, {"type": "Feature", "geometry": {"type": "LineString", "coordinates": [[9.63228, 59.17702], [9.63321, 59.17627]]}, "properties": {"P": 3.89, "tau": 4.09, "tau_c": 11.65, "omega": 2.28, "M": 0.35, "D": 0.0, "R": 0.05, "sving": 0.09, "os": 0.0, "foss": 0.0, "juv": 0.0, "B": 0.63, "Q": 438.96, "w": 188.57, "h": 4.16, "S": 0.0001, "elv": "Skienselva", "km": 3.3}}, {"type": "Feature", "geometry": {"type": "LineString", "coordinates": [[9.63321, 59.17627], [9.63441, 59.17561]]}, "properties": {"P": 2.22, "tau": 4.09, "tau_c": 11.65, "omega": 2.28, "M": 0.35, "D": 0.0, "R": 0.05, "sving": 0.02, "os": 0.0, "foss": 0.0, "juv": 0.0, "B": 0.63, "Q": 439.04, "w": 188.57, "h": 4.17, "S": 0.0001, "elv": "Skienselva", "km": 3.4}}, {"type": "Feature", "geometry": {"type": "LineString", "coordinates": [[9.63441, 59.17561], [9.63561, 59.17496]]}, "properties": {"P": 2.69, "tau": 4.09, "tau_c": 11.65, "omega": 2.28, "M": 0.35, "D": 0.0, "R": 0.05, "sving": 0.04, "os": 0.0, "foss": 0.0, "juv": 0.0, "B": 0.63, "Q": 439.05, "w": 188.59, "h": 4.17, "S": 0.0001, "elv": "Skienselva", "km": 3.5}}, {"type": "Feature", "geometry": {"type": "LineString", "coordinates": [[9.63561, 59.17496], [9.63639, 59.17416]]}, "properties": {"P": 4.48, "tau": 4.09, "tau_c": 11.65, "omega": 2.28, "M": 0.35, "D": 0.0, "R": 0.05, "sving": 0.12, "os": 0.0, "foss": 0.0, "juv": 0.0, "B": 0.63, "Q": 439.07, "w": 188.62, "h": 4.16, "S": 0.0001, "elv": "Skienselva", "km": 3.6}}, {"type": "Feature", "geometry": {"type": "LineString", "coordinates": [[9.63639, 59.17416], [9.63717, 59.17336]]}, "properties": {"P": 4.72, "tau": 4.09, "tau_c": 11.65, "omega": 2.29, "M": 0.35, "D": 0.0, "R": 0.05, "sving": 0.13, "os": 0.0, "foss": 0.0, "juv": 0.0, "B": 0.63, "Q": 439.44, "w": 188.64, "h": 4.17, "S": 0.0001, "elv": "Skienselva", "km": 3.7}}, {"type": "Feature", "geometry": {"type": "LineString", "coordinates": [[9.63717, 59.17336], [9.63791, 59.17254]]}, "properties": {"P": 2.57, "tau": 4.11, "tau_c": 11.65, "omega": 2.31, "M": 0.35, "D": 0.0, "R": 0.05, "sving": 0.03, "os": 0.0, "foss": 0.0, "juv": 0.0, "B": 0.63, "Q": 439.49, "w": 186.92, "h": 4.19, "S": 0.0001, "elv": "Skienselva", "km": 3.8}}, {"type": "Feature", "geometry": {"type": "LineString", "coordinates": [[9.63791, 59.17254], [9.63859, 59.17172]]}, "properties": {"P": 2.91, "tau": 4.14, "tau_c": 11.65, "omega": 2.33, "M": 0.35, "D": 0.0, "R": 0.06, "sving": 0.04, "os": 0.0, "foss": 0.0, "juv": 0.0, "B": 0.63, "Q": 439.5, "w": 185.2, "h": 4.22, "S": 0.0001, "elv": "Skienselva", "km": 3.9}}, {"type": "Feature", "geometry": {"type": "LineString", "coordinates": [[9.63859, 59.17172], [9.63925, 59.17089]]}, "properties": {"P": 3.41, "tau": 4.16, "tau_c": 11.65, "omega": 2.35, "M": 0.36, "D": 0.0, "R": 0.06, "sving": 0.06, "os": 0.0, "foss": 0.0, "juv": 0.0, "B": 0.63, "Q": 439.52, "w": 183.47, "h": 4.24, "S": 0.0001, "elv": "Skienselva", "km": 4.0}}, {"type": "Feature", "geometry": {"type": "LineString", "coordinates": [[9.63925, 59.17089], [9.63985, 59.17005]]}, "properties": {"P": 3.21, "tau": 4.16, "tau_c": 11.65, "omega": 2.35, "M": 0.36, "D": 0.0, "R": 0.06, "sving": 0.05, "os": 0.0, "foss": 0.0, "juv": 0.0, "B": 0.63, "Q": 439.52, "w": 183.47, "h": 4.24, "S": 0.0001, "elv": "Skienselva", "km": 4.1}}, {"type": "Feature", "geometry": {"type": "LineString", "coordinates": [[9.63985, 59.17005], [9.6403, 59.16918]]}, "properties": {"P": 2.67, "tau": 4.16, "tau_c": 11.65, "omega": 2.35, "M": 0.36, "D": 0.0, "R": 0.06, "sving": 0.03, "os": 0.0, "foss": 0.0, "juv": 0.0, "B": 0.63, "Q": 439.53, "w": 183.48, "h": 4.24, "S": 0.0001, "elv": "Skienselva", "km": 4.2}}, {"type": "Feature", "geometry": {"type": "LineString", "coordinates": [[9.6403, 59.16918], [9.64075, 59.16831]]}, "properties": {"P": 4.07, "tau": 4.14, "tau_c": 11.65, "omega": 2.33, "M": 0.35, "D": 0.01, "R": 0.06, "sving": 0.09, "os": 0.0, "foss": 0.0, "juv": 0.0, "B": 0.63, "Q": 439.58, "w": 185.22, "h": 4.22, "S": 0.0001, "elv": "Skienselva", "km": 4.3}}, {"type": "Feature", "geometry": {"type": "LineString", "coordinates": [[9.64075, 59.16831], [9.64129, 59.16746]]}, "properties": {"P": 4.45, "tau": 4.11, "tau_c": 11.65, "omega": 2.31, "M": 0.35, "D": 0.01, "R": 0.05, "sving": 0.11, "os": 0.0, "foss": 0.0, "juv": 0.0, "B": 0.63, "Q": 439.6, "w": 186.96, "h": 4.19, "S": 0.0001, "elv": "Skienselva", "km": 4.4}}, {"type": "Feature", "geometry": {"type": "LineString", "coordinates": [[9.64129, 59.16746], [9.64148, 59.16658]]}, "properties": {"P": 6.16, "tau": 4.09, "tau_c": 11.65, "omega": 2.29, "M": 0.35, "D": 0.0, "R": 0.05, "sving": 0.19, "os": 0.0, "foss": 0.0, "juv": 0.0, "B": 0.63, "Q": 439.64, "w": 188.71, "h": 4.17, "S": 0.0001, "elv": "Skienselva", "km": 4.5}}, {"type": "Feature", "geometry": {"type": "LineString", "coordinates": [[9.64148, 59.16658], [9.64143, 59.16569]]}, "properties": {"P": 6.03, "tau": 4.11, "tau_c": 11.65, "omega": 2.31, "M": 0.35, "D": 0.0, "R": 0.05, "sving": 0.19, "os": 0.0, "foss": 0.0, "juv": 0.0, "B": 0.63, "Q": 439.65, "w": 186.97, "h": 4.19, "S": 0.0001, "elv": "Skienselva", "km": 4.6}}, {"type": "Feature", "geometry": {"type": "LineString", "coordinates": [[9.64143, 59.16569], [9.64098, 59.16482]]}, "properties": {"P": 4.92, "tau": 4.25, "tau_c": 11.65, "omega": 2.43, "M": 0.36, "D": 0.0, "R": 0.06, "sving": 0.08, "os": 0.05, "foss": 0.0, "juv": 0.0, "B": 0.63, "Q": 439.65, "w": 177.23, "h": 4.33, "S": 0.0001, "elv": "Skienselva", "km": 4.7}}, {"type": "Feature", "geometry": {"type": "LineString", "coordinates": [[9.64098, 59.16482], [9.64066, 59.16394]]}, "properties": {"P": 4.27, "tau": 4.25, "tau_c": 11.65, "omega": 2.43, "M": 0.36, "D": 0.0, "R": 0.06, "sving": 0.01, "os": 0.08, "foss": 0.0, "juv": 0.0, "B": 0.63, "Q": 439.66, "w": 177.23, "h": 4.33, "S": 0.0001, "elv": "Skienselva", "km": 4.8}}, {"type": "Feature", "geometry": {"type": "LineString", "coordinates": [[9.64066, 59.16394], [9.64049, 59.16305]]}, "properties": {"P": 8.33, "tau": 4.25, "tau_c": 11.65, "omega": 2.43, "M": 0.36, "D": 0.0, "R": 0.06, "sving": 0.15, "os": 0.14, "foss": 0.0, "juv": 0.0, "B": 0.63, "Q": 439.68, "w": 177.23, "h": 4.33, "S": 0.0001, "elv": "Skienselva", "km": 4.9}}, {"type": "Feature", "geometry": {"type": "LineString", "coordinates": [[9.64049, 59.16305], [9.64038, 59.16215]]}, "properties": {"P": 14.64, "tau": 4.25, "tau_c": 11.65, "omega": 2.43, "M": 0.36, "D": 0.01, "R": 0.06, "sving": 0.34, "os": 0.23, "foss": 0.0, "juv": 0.0, "B": 0.63, "Q": 439.72, "w": 177.24, "h": 4.34, "S": 0.0001, "elv": "Skienselva", "km": 5.0}}, {"type": "Feature", "geometry": {"type": "LineString", "coordinates": [[9.64038, 59.16215], [9.64061, 59.16128]]}, "properties": {"P": 17.53, "tau": 4.23, "tau_c": 11.65, "omega": 2.41, "M": 0.36, "D": 0.01, "R": 0.06, "sving": 0.33, "os": 0.37, "foss": 0.0, "juv": 0.0, "B": 0.63, "Q": 439.72, "w": 178.99, "h": 4.31, "S": 0.0001, "elv": "Skienselva", "km": 5.1}}, {"type": "Feature", "geometry": {"type": "LineString", "coordinates": [[9.64061, 59.16128], [9.64177, 59.16061]]}, "properties": {"P": 21.35, "tau": 4.09, "tau_c": 11.65, "omega": 2.29, "M": 0.35, "D": 0.02, "R": 0.05, "sving": 0.34, "os": 0.55, "foss": 0.0, "juv": 0.0, "B": 0.63, "Q": 439.79, "w": 188.74, "h": 4.17, "S": 0.0001, "elv": "Skienselva", "km": 5.2}}, {"type": "Feature", "geometry": {"type": "LineString", "coordinates": [[9.64177, 59.16061], [9.64301, 59.15998]]}, "properties": {"P": 17.97, "tau": 4.09, "tau_c": 11.65, "omega": 2.29, "M": 0.35, "D": 0.01, "R": 0.05, "sving": 0.26, "os": 0.48, "foss": 0.0, "juv": 0.0, "B": 0.63, "Q": 439.8, "w": 188.74, "h": 4.17, "S": 0.0001, "elv": "Skienselva", "km": 5.3}}, {"type": "Feature", "geometry": {"type": "LineString", "coordinates": [[9.64301, 59.15998], [9.64432, 59.15938]]}, "properties": {"P": 9.33, "tau": 4.11, "tau_c": 11.65, "omega": 2.31, "M": 0.35, "D": 0.0, "R": 0.05, "sving": 0.01, "os": 0.32, "foss": 0.0, "juv": 0.0, "B": 0.63, "Q": 439.82, "w": 187.0, "h": 4.19, "S": 0.0001, "elv": "Skienselva", "km": 5.4}}, {"type": "Feature", "geometry": {"type": "LineString", "coordinates": [[9.64432, 59.15938], [9.6456, 59.15878]]}, "properties": {"P": 7.68, "tau": 4.11, "tau_c": 11.65, "omega": 2.31, "M": 0.35, "D": -0.0, "R": 0.05, "sving": 0.06, "os": 0.2, "foss": 0.0, "juv": 0.0, "B": 0.63, "Q": 439.82, "w": 187.0, "h": 4.19, "S": 0.0001, "elv": "Skienselva", "km": 5.5}}, {"type": "Feature", "geometry": {"type": "LineString", "coordinates": [[9.6456, 59.15878], [9.64682, 59.15813]]}, "properties": {"P": 8.1, "tau": 4.11, "tau_c": 11.65, "omega": 2.31, "M": 0.35, "D": -0.0, "R": 0.05, "sving": 0.16, "os": 0.13, "foss": 0.0, "juv": 0.0, "B": 0.63, "Q": 439.84, "w": 187.01, "h": 4.19, "S": 0.0001, "elv": "Skienselva", "km": 5.6}}, {"type": "Feature", "geometry": {"type": "LineString", "coordinates": [[9.64682, 59.15813], [9.64783, 59.1574]]}, "properties": {"P": 7.58, "tau": 4.11, "tau_c": 11.65, "omega": 2.31, "M": 0.35, "D": 0.0, "R": 0.05, "sving": 0.18, "os": 0.08, "foss": 0.0, "juv": 0.0, "B": 0.63, "Q": 439.89, "w": 187.01, "h": 4.19, "S": 0.0001, "elv": "Skienselva", "km": 5.7}}, {"type": "Feature", "geometry": {"type": "LineString", "coordinates": [[9.64783, 59.1574], [9.64852, 59.15659]]}, "properties": {"P": 5.67, "tau": 4.11, "tau_c": 11.65, "omega": 2.31, "M": 0.35, "D": 0.0, "R": 0.05, "sving": 0.17, "os": 0.0, "foss": 0.0, "juv": 0.0, "B": 0.63, "Q": 439.93, "w": 187.02, "h": 4.19, "S": 0.0001, "elv": "Skienselva", "km": 5.8}}, {"type": "Feature", "geometry": {"type": "LineString", "coordinates": [[9.64852, 59.15659], [9.6491, 59.15574]]}, "properties": {"P": 4.47, "tau": 4.09, "tau_c": 11.65, "omega": 2.29, "M": 0.35, "D": 0.0, "R": 0.05, "sving": 0.12, "os": 0.0, "foss": 0.0, "juv": 0.0, "B": 0.63, "Q": 439.96, "w": 188.78, "h": 4.17, "S": 0.0001, "elv": "Skienselva", "km": 5.9}}, {"type": "Feature", "geometry": {"type": "LineString", "coordinates": [[9.6491, 59.15574], [9.64963, 59.15489]]}, "properties": {"P": 3.07, "tau": 4.09, "tau_c": 11.65, "omega": 2.29, "M": 0.35, "D": 0.0, "R": 0.05, "sving": 0.05, "os": 0.0, "foss": 0.0, "juv": 0.0, "B": 0.63, "Q": 439.98, "w": 188.78, "h": 4.17, "S": 0.0001, "elv": "Skienselva", "km": 6.0}}, {"type": "Feature", "geometry": {"type": "LineString", "coordinates": [[9.54929, 59.32253], [9.54989, 59.32176]]}, "properties": {"P": 42.5, "tau": 95.78, "tau_c": 138.06, "omega": 167.71, "M": 0.69, "D": 0.0, "R": 0.44, "sving": 0.07, "os": 1.0, "foss": 0.0, "juv": 0.0, "B": 0.69, "Q": 18.38, "w": 38.61, "h": 0.27, "S": 0.03592, "elv": "bekk", "km": 0.0}}, {"type": "Feature", "geometry": {"type": "LineString", "coordinates": [[9.54989, 59.32176], [9.55036, 59.3209]]}, "properties": {"P": 58.56, "tau": 96.0, "tau_c": 138.06, "omega": 168.33, "M": 0.7, "D": 0.0, "R": 0.44, "sving": 0.07, "os": 0.63, "foss": 1.0, "juv": 0.0, "B": 0.71, "Q": 18.45, "w": 38.63, "h": 0.27, "S": 0.03592, "elv": "bekk", "km": 0.1}}, {"type": "Feature", "geometry": {"type": "LineString", "coordinates": [[9.69878, 59.16235], [9.69802, 59.1616]]}, "properties": {"P": 14.19, "tau": 22.77, "tau_c": 61.31, "omega": 19.87, "M": 0.37, "D": 0.01, "R": 0.07, "sving": 0.19, "os": 0.19, "foss": 0.0, "juv": 0.0, "B": 0.82, "Q": 6.65, "w": 23.26, "h": 0.33, "S": 0.00709, "elv": "Leirkup", "km": 0.0}}, {"type": "Feature", "geometry": {"type": "LineString", "coordinates": [[9.69802, 59.1616], [9.69793, 59.16071]]}, "properties": {"P": 24.97, "tau": 24.42, "tau_c": 64.52, "omega": 21.97, "M": 0.38, "D": 0.01, "R": 0.07, "sving": 0.47, "os": 0.29, "foss": 0.0, "juv": 0.0, "B": 0.82, "Q": 6.65, "w": 23.31, "h": 0.32, "S": 0.00785, "elv": "Leirkup", "km": 0.1}}, {"type": "Feature", "geometry": {"type": "LineString", "coordinates": [[9.69793, 59.16071], [9.69759, 59.15993]]}, "properties": {"P": 19.96, "tau": 21.15, "tau_c": 57.71, "omega": 17.92, "M": 0.37, "D": 0.06, "R": 0.06, "sving": 0.05, "os": 0.48, "foss": 0.0, "juv": 0.0, "B": 0.82, "Q": 6.8, "w": 23.37, "h": 0.34, "S": 0.00628, "elv": "Leirkup", "km": 0.2}}, {"type": "Feature", "geometry": {"type": "LineString", "coordinates": [[9.69759, 59.15993], [9.69809, 59.15942]]}, "properties": {"P": 34.05, "tau": 24.05, "tau_c": 63.33, "omega": 21.53, "M": 0.38, "D": 0.07, "R": 0.07, "sving": 0.28, "os": 0.71, "foss": 0.0, "juv": 0.0, "B": 0.82, "Q": 6.8, "w": 23.43, "h": 0.32, "S": 0.00756, "elv": "Leirkup", "km": 0.3}}, {"type": "Feature", "geometry": {"type": "LineString", "coordinates": [[9.69809, 59.15942], [9.69736, 59.15889]]}, "properties": {"P": 38.27, "tau": 17.3, "tau_c": 50.03, "omega": 13.41, "M": 0.35, "D": 0.14, "R": 0.05, "sving": 0.11, "os": 0.98, "foss": 0.0, "juv": 0.0, "B": 0.82, "Q": 6.81, "w": 23.49, "h": 0.37, "S": 0.00472, "elv": "Leirkup", "km": 0.4}}, {"type": "Feature", "geometry": {"type": "LineString", "coordinates": [[9.69736, 59.15889], [9.69659, 59.1585]]}, "properties": {"P": 46.67, "tau": 17.29, "tau_c": 50.03, "omega": 13.41, "M": 0.35, "D": 0.16, "R": 0.05, "sving": 0.67, "os": 0.7, "foss": 0.0, "juv": 0.0, "B": 0.83, "Q": 6.81, "w": 23.5, "h": 0.37, "S": 0.00472, "elv": "Leirkup", "km": 0.5}}, {"type": "Feature", "geometry": {"type": "LineString", "coordinates": [[9.69659, 59.1585], [9.69664, 59.15807]]}, "properties": {"P": 29.45, "tau": 15.49, "tau_c": 46.17, "omega": 11.45, "M": 0.34, "D": 0.2, "R": 0.04, "sving": 0.19, "os": 0.51, "foss": 0.0, "juv": 0.0, "B": 0.83, "Q": 6.83, "w": 23.52, "h": 0.39, "S": 0.00402, "elv": "Leirkup", "km": 0.6}}, {"type": "Feature", "geometry": {"type": "LineString", "coordinates": [[9.69664, 59.15807], [9.69566, 59.15794]]}, "properties": {"P": 25.87, "tau": 10.6, "tau_c": 35.15, "omega": 6.63, "M": 0.3, "D": 0.23, "R": 0.03, "sving": 0.14, "os": 0.43, "foss": 0.0, "juv": 0.0, "B": 0.83, "Q": 6.83, "w": 23.53, "h": 0.46, "S": 0.00233, "elv": "Leirkup", "km": 0.7}}, {"type": "Feature", "geometry": {"type": "LineString", "coordinates": [[9.69566, 59.15794], [9.69468, 59.1577]]}, "properties": {"P": 19.45, "tau": 10.61, "tau_c": 35.15, "omega": 6.65, "M": 0.3, "D": 0.22, "R": 0.03, "sving": 0.01, "os": 0.34, "foss": 0.0, "juv": 0.0, "B": 0.83, "Q": 6.85, "w": 23.55, "h": 0.46, "S": 0.00233, "elv": "Leirkup", "km": 0.8}}, {"type": "Feature", "geometry": {"type": "LineString", "coordinates": [[9.64988, 59.15449], [9.65045, 59.15364]]}, "properties": {"P": 23.66, "tau": 4.09, "tau_c": 11.65, "omega": 2.29, "M": 0.35, "D": 0.0, "R": 0.05, "sving": 0.02, "os": 1.0, "foss": 0.0, "juv": 0.0, "B": 0.63, "Q": 440.03, "w": 188.79, "h": 4.17, "S": 0.0001, "elv": "Porsgrunnselva", "km": 0.0}}, {"type": "Feature", "geometry": {"type": "LineString", "coordinates": [[9.65045, 59.15364], [9.65101, 59.15279]]}, "properties": {"P": 15.37, "tau": 4.09, "tau_c": 11.65, "omega": 2.29, "M": 0.35, "D": 0.0, "R": 0.05, "sving": 0.02, "os": 0.61, "foss": 0.0, "juv": 0.0, "B": 0.63, "Q": 440.05, "w": 188.8, "h": 4.17, "S": 0.0001, "elv": "Porsgrunnselva", "km": 0.1}}, {"type": "Feature", "geometry": {"type": "LineString", "coordinates": [[9.65101, 59.15279], [9.65154, 59.15193]]}, "properties": {"P": 10.15, "tau": 4.09, "tau_c": 11.65, "omega": 2.29, "M": 0.35, "D": 0.0, "R": 0.05, "sving": 0.02, "os": 0.37, "foss": 0.0, "juv": 0.0, "B": 0.63, "Q": 440.05, "w": 188.8, "h": 4.17, "S": 0.0001, "elv": "Porsgrunnselva", "km": 0.2}}, {"type": "Feature", "geometry": {"type": "LineString", "coordinates": [[9.65154, 59.15193], [9.65203, 59.15107]]}, "properties": {"P": 7.13, "tau": 4.09, "tau_c": 11.65, "omega": 2.29, "M": 0.35, "D": 0.0, "R": 0.05, "sving": 0.02, "os": 0.22, "foss": 0.0, "juv": 0.0, "B": 0.63, "Q": 440.08, "w": 188.8, "h": 4.17, "S": 0.0001, "elv": "Porsgrunnselva", "km": 0.3}}, {"type": "Feature", "geometry": {"type": "LineString", "coordinates": [[9.65203, 59.15107], [9.65251, 59.15021]]}, "properties": {"P": 5.22, "tau": 4.09, "tau_c": 11.65, "omega": 2.29, "M": 0.35, "D": 0.0, "R": 0.05, "sving": 0.02, "os": 0.14, "foss": 0.0, "juv": 0.0, "B": 0.63, "Q": 440.11, "w": 188.81, "h": 4.17, "S": 0.0001, "elv": "Porsgrunnselva", "km": 0.4}}, {"type": "Feature", "geometry": {"type": "LineString", "coordinates": [[9.65251, 59.15021], [9.65298, 59.14935]]}, "properties": {"P": 4.46, "tau": 4.09, "tau_c": 11.65, "omega": 2.29, "M": 0.35, "D": 0.0, "R": 0.05, "sving": 0.04, "os": 0.08, "foss": 0.0, "juv": 0.0, "B": 0.63, "Q": 440.13, "w": 188.81, "h": 4.17, "S": 0.0001, "elv": "Porsgrunnselva", "km": 0.5}}, {"type": "Feature", "geometry": {"type": "LineString", "coordinates": [[9.65298, 59.14935], [9.65342, 59.14848]]}, "properties": {"P": 4.07, "tau": 4.09, "tau_c": 11.65, "omega": 2.29, "M": 0.35, "D": 0.0, "R": 0.05, "sving": 0.04, "os": 0.06, "foss": 0.0, "juv": 0.0, "B": 0.63, "Q": 440.13, "w": 188.81, "h": 4.17, "S": 0.0001, "elv": "Porsgrunnselva", "km": 0.6}}, {"type": "Feature", "geometry": {"type": "LineString", "coordinates": [[9.65342, 59.14848], [9.65373, 59.1476]]}, "properties": {"P": 4.97, "tau": 4.14, "tau_c": 11.65, "omega": 2.33, "M": 0.36, "D": 0.0, "R": 0.06, "sving": 0.03, "os": 0.1, "foss": 0.0, "juv": 0.0, "B": 0.63, "Q": 440.14, "w": 185.05, "h": 4.22, "S": 0.0001, "elv": "Porsgrunnselva", "km": 0.7}}, {"type": "Feature", "geometry": {"type": "LineString", "coordinates": [[9.65373, 59.1476], [9.65405, 59.14672]]}, "properties": {"P": 7.09, "tau": 4.17, "tau_c": 11.65, "omega": 2.36, "M": 0.36, "D": 0.0, "R": 0.06, "sving": 0.06, "os": 0.17, "foss": 0.0, "juv": 0.0, "B": 0.63, "Q": 440.14, "w": 183.29, "h": 4.25, "S": 0.0001, "elv": "Porsgrunnselva", "km": 0.8}}, {"type": "Feature", "geometry": {"type": "LineString", "coordinates": [[9.65405, 59.14672], [9.65436, 59.14583]]}, "properties": {"P": 10.33, "tau": 4.17, "tau_c": 11.65, "omega": 2.36, "M": 0.36, "D": 0.0, "R": 0.06, "sving": 0.1, "os": 0.28, "foss": 0.0, "juv": 0.0, "B": 0.63, "Q": 440.15, "w": 183.29, "h": 4.25, "S": 0.0001, "elv": "Porsgrunnselva", "km": 0.9}}, {"type": "Feature", "geometry": {"type": "LineString", "coordinates": [[9.65436, 59.14583], [9.6545, 59.14494]]}, "properties": {"P": 14.33, "tau": 4.22, "tau_c": 11.65, "omega": 2.41, "M": 0.36, "D": 0.0, "R": 0.06, "sving": 0.1, "os": 0.47, "foss": 0.0, "juv": 0.0, "B": 0.63, "Q": 440.16, "w": 179.53, "h": 4.3, "S": 0.0001, "elv": "Porsgrunnselva", "km": 1.0}}, {"type": "Feature", "geometry": {"type": "LineString", "coordinates": [[9.6545, 59.14494], [9.65433, 59.14405]]}, "properties": {"P": 21.61, "tau": 4.28, "tau_c": 11.65, "omega": 2.46, "M": 0.37, "D": 0.0, "R": 0.06, "sving": 0.14, "os": 0.77, "foss": 0.0, "juv": 0.0, "B": 0.63, "Q": 440.16, "w": 175.76, "h": 4.36, "S": 0.0001, "elv": "Porsgrunnselva", "km": 1.1}}, {"type": "Feature", "geometry": {"type": "LineString", "coordinates": [[9.64157, 59.29662], [9.6423, 59.29738]]}, "properties": {"P": 20.15, "tau": 82.01, "tau_c": 262.67, "omega": 104.13, "M": 0.31, "D": 0.0, "R": 0.03, "sving": 0.38, "os": 0.0, "foss": 1.0, "juv": 0.0, "B": 0.41, "Q": 0.54, "w": 6.61, "h": 0.06, "S": 0.13004, "elv": "bekk", "km": 0.1}}, {"type": "Feature", "geometry": {"type": "LineString", "coordinates": [[9.6423, 59.29738], [9.64378, 59.29785]]}, "properties": {"P": 16.61, "tau": 95.95, "tau_c": 294.01, "omega": 130.38, "M": 0.33, "D": 0.0, "R": 0.04, "sving": 0.11, "os": 0.0, "foss": 1.0, "juv": 0.0, "B": 0.41, "Q": 0.54, "w": 6.61, "h": 0.06, "S": 0.16292, "elv": "bekk", "km": 0.2}}, {"type": "Feature", "geometry": {"type": "LineString", "coordinates": [[9.64378, 59.29785], [9.64514, 59.29839]]}, "properties": {"P": 15.05, "tau": 95.95, "tau_c": 294.01, "omega": 130.38, "M": 0.33, "D": 0.0, "R": 0.04, "sving": 0.0, "os": 0.0, "foss": 1.0, "juv": 0.0, "B": 0.41, "Q": 0.54, "w": 6.62, "h": 0.06, "S": 0.16292, "elv": "bekk", "km": 0.3}}, {"type": "Feature", "geometry": {"type": "LineString", "coordinates": [[9.64514, 59.29839], [9.64591, 59.29919]]}, "properties": {"P": 19.8, "tau": 106.0, "tau_c": 315.85, "omega": 150.38, "M": 0.34, "D": 0.0, "R": 0.04, "sving": 0.28, "os": 0.05, "foss": 1.0, "juv": 0.0, "B": 0.41, "Q": 0.54, "w": 6.63, "h": 0.06, "S": 0.18803, "elv": "bekk", "km": 0.4}}, {"type": "Feature", "geometry": {"type": "LineString", "coordinates": [[9.66311, 59.35187], [9.66367, 59.35103]]}, "properties": {"P": 44.18, "tau": 73.67, "tau_c": 99.61, "omega": 119.16, "M": 0.74, "D": 0.0, "R": 0.5, "sving": 0.17, "os": 0.3, "foss": 0.72, "juv": 0.0, "B": 0.64, "Q": 15.33, "w": 23.6, "h": 0.4, "S": 0.0187, "elv": "bekk", "km": 0.7}}, {"type": "Feature", "geometry": {"type": "LineString", "coordinates": [[9.66367, 59.35103], [9.66371, 59.35014]]}, "properties": {"P": 36.84, "tau": 67.96, "tau_c": 103.43, "omega": 103.59, "M": 0.66, "D": 0.02, "R": 0.39, "sving": 0.15, "os": 0.35, "foss": 0.51, "juv": 0.0, "B": 0.64, "Q": 15.46, "w": 29.51, "h": 0.34, "S": 0.02016, "elv": "bekk", "km": 0.8}}, {"type": "Feature", "geometry": {"type": "LineString", "coordinates": [[9.66371, 59.35014], [9.6639, 59.34925]]}, "properties": {"P": 48.86, "tau": 71.02, "tau_c": 115.64, "omega": 107.91, "M": 0.61, "D": 0.02, "R": 0.33, "sving": 0.11, "os": 0.54, "foss": 1.0, "juv": 0.0, "B": 0.64, "Q": 15.46, "w": 35.43, "h": 0.29, "S": 0.02521, "elv": "bekk", "km": 0.9}}, {"type": "Feature", "geometry": {"type": "LineString", "coordinates": [[9.66269, 59.36117], [9.66364, 59.36043]]}, "properties": {"P": 58.92, "tau": 178.18, "tau_c": 188.75, "omega": 422.64, "M": 0.94, "D": 0.0, "R": 0.74, "sving": 0.43, "os": 0.32, "foss": 0.72, "juv": 0.0, "B": 0.64, "Q": 14.99, "w": 23.36, "h": 0.27, "S": 0.06715, "elv": "Todalsbekken", "km": 1.1}}, {"type": "Feature", "geometry": {"type": "LineString", "coordinates": [[9.69416, 59.37561], [9.69348, 59.37485]]}, "properties": {"P": 69.89, "tau": 245.34, "tau_c": 241.2, "omega": 665.0, "M": 1.02, "D": 0.0, "R": 0.81, "sving": 0.7, "os": 0.47, "foss": 0.72, "juv": 0.0, "B": 0.63, "Q": 13.96, "w": 22.58, "h": 0.23, "S": 0.10966, "elv": "bekk", "km": 0.4}}, {"type": "Feature", "geometry": {"type": "LineString", "coordinates": [[9.69234, 59.37809], [9.69217, 59.3772]]}, "properties": {"P": 44.74, "tau": 72.01, "tau_c": 100.89, "omega": 114.22, "M": 0.71, "D": -0.0, "R": 0.46, "sving": 0.44, "os": 0.15, "foss": 0.72, "juv": 0.0, "B": 0.63, "Q": 13.5, "w": 22.24, "h": 0.38, "S": 0.01918, "elv": "bekk", "km": 1.8}}, {"type": "Feature", "geometry": {"type": "LineString", "coordinates": [[9.6126, 59.3201], [9.61426, 59.32036]]}, "properties": {"P": 20.62, "tau": 57.36, "tau_c": 188.07, "omega": 64.02, "M": 0.3, "D": 0.01, "R": 0.03, "sving": 0.14, "os": 0.17, "foss": 1.0, "juv": 0.0, "B": 0.44, "Q": 0.77, "w": 7.88, "h": 0.09, "S": 0.06667, "elv": "Sølverødbekken", "km": 1.3}}, {"type": "Feature", "geometry": {"type": "LineString", "coordinates": [[9.61757, 59.32065], [9.61908, 59.32069]]}, "properties": {"P": 25.41, "tau": 45.88, "tau_c": 147.43, "omega": 47.73, "M": 0.31, "D": 0.11, "R": 0.03, "sving": 0.01, "os": 0.71, "foss": 0.72, "juv": 0.0, "B": 0.46, "Q": 1.03, "w": 8.66, "h": 0.11, "S": 0.04097, "elv": "Sølverødbekken", "km": 1.6}}, {"type": "Feature", "geometry": {"type": "LineString", "coordinates": [[9.61908, 59.32069], [9.62043, 59.321]]}, "properties": {"P": 38.27, "tau": 42.35, "tau_c": 140.85, "omega": 42.42, "M": 0.3, "D": 0.19, "R": 0.03, "sving": 0.78, "os": 0.87, "foss": 0.51, "juv": 0.0, "B": 0.46, "Q": 1.03, "w": 8.9, "h": 0.12, "S": 0.03739, "elv": "Sølverødbekken", "km": 1.7}}, {"type": "Feature", "geometry": {"type": "LineString", "coordinates": [[9.64086, 59.31627], [9.64237, 59.3159]]}, "properties": {"P": 17.29, "tau": 46.63, "tau_c": 142.26, "omega": 49.72, "M": 0.33, "D": -0.0, "R": 0.04, "sving": 0.62, "os": 0.0, "foss": 0.37, "juv": 0.0, "B": 0.48, "Q": 1.43, "w": 10.75, "h": 0.12, "S": 0.03815, "elv": "Sølverødbekken", "km": 3.8}}, {"type": "Feature", "geometry": {"type": "LineString", "coordinates": [[9.64237, 59.3159], [9.64371, 59.31532]]}, "properties": {"P": 24.9, "tau": 51.13, "tau_c": 152.01, "omega": 56.75, "M": 0.34, "D": -0.0, "R": 0.04, "sving": 0.45, "os": 0.0, "foss": 1.0, "juv": 0.0, "B": 0.48, "Q": 1.43, "w": 10.76, "h": 0.12, "S": 0.04355, "elv": "Sølverødbekken", "km": 3.9}}, {"type": "Feature", "geometry": {"type": "LineString", "coordinates": [[9.64371, 59.31532], [9.64525, 59.31495]]}, "properties": {"P": 18.31, "tau": 55.07, "tau_c": 160.33, "omega": 63.11, "M": 0.34, "D": -0.0, "R": 0.05, "sving": 0.04, "os": 0.0, "foss": 1.0, "juv": 0.0, "B": 0.48, "Q": 1.43, "w": 10.76, "h": 0.12, "S": 0.04845, "elv": "Sølverødbekken", "km": 4.0}}, {"type": "Feature", "geometry": {"type": "LineString", "coordinates": [[9.64525, 59.31495], [9.64667, 59.31448]]}, "properties": {"P": 18.2, "tau": 71.34, "tau_c": 192.85, "omega": 91.5, "M": 0.37, "D": -0.0, "R": 0.07, "sving": 0.0, "os": 0.0, "foss": 1.0, "juv": 0.0, "B": 0.48, "Q": 1.43, "w": 10.77, "h": 0.1, "S": 0.0701, "elv": "Sølverødbekken", "km": 4.1}}, {"type": "Feature", "geometry": {"type": "LineString", "coordinates": [[9.64667, 59.31448], [9.64811, 59.31403]]}, "properties": {"P": 15.94, "tau": 66.44, "tau_c": 188.27, "omega": 82.01, "M": 0.35, "D": 0.03, "R": 0.05, "sving": 0.13, "os": 0.0, "foss": 0.72, "juv": 0.0, "B": 0.48, "Q": 1.43, "w": 11.45, "h": 0.1, "S": 0.06681, "elv": "Sølverødbekken", "km": 4.2}}, {"type": "Feature", "geometry": {"type": "LineString", "coordinates": [[9.64811, 59.31403], [9.64945, 59.31346]]}, "properties": {"P": 25.08, "tau": 59.7, "tau_c": 178.85, "omega": 69.84, "M": 0.33, "D": 0.07, "R": 0.04, "sving": 0.36, "os": 0.0, "foss": 1.0, "juv": 0.0, "B": 0.48, "Q": 1.43, "w": 12.14, "h": 0.1, "S": 0.06029, "elv": "Sølverødbekken", "km": 4.3}}, {"type": "Feature", "geometry": {"type": "LineString", "coordinates": [[9.64945, 59.31346], [9.65096, 59.31339]]}, "properties": {"P": 26.34, "tau": 58.79, "tau_c": 142.8, "omega": 73.01, "M": 0.41, "D": 0.13, "R": 0.1, "sving": 0.45, "os": 0.0, "foss": 0.72, "juv": 0.0, "B": 0.52, "Q": 2.48, "w": 12.83, "h": 0.16, "S": 0.03844, "elv": "Sølverødbekken", "km": 4.4}}, {"type": "Feature", "geometry": {"type": "LineString", "coordinates": [[9.65096, 59.31339], [9.65242, 59.31371]]}, "properties": {"P": 22.17, "tau": 45.19, "tau_c": 120.93, "omega": 49.77, "M": 0.37, "D": 0.24, "R": 0.07, "sving": 0.24, "os": 0.07, "foss": 0.51, "juv": 0.0, "B": 0.52, "Q": 2.49, "w": 13.53, "h": 0.17, "S": 0.02756, "elv": "Sølverødbekken", "km": 4.5}}, {"type": "Feature", "geometry": {"type": "LineString", "coordinates": [[9.65242, 59.31371], [9.65365, 59.31417]]}, "properties": {"P": 20.76, "tau": 38.3, "tau_c": 109.67, "omega": 39.04, "M": 0.35, "D": 0.34, "R": 0.05, "sving": 0.15, "os": 0.11, "foss": 0.37, "juv": 0.0, "B": 0.52, "Q": 2.5, "w": 14.23, "h": 0.17, "S": 0.02267, "elv": "Sølverødbekken", "km": 4.6}}, {"type": "Feature", "geometry": {"type": "LineString", "coordinates": [[9.65696, 59.3144], [9.65859, 59.31454]]}, "properties": {"P": 26.8, "tau": 37.35, "tau_c": 60.28, "omega": 45.32, "M": 0.62, "D": -0.0, "R": 0.34, "sving": 0.26, "os": 0.37, "foss": 0.0, "juv": 0.0, "B": 0.66, "Q": 20.23, "w": 30.0, "h": 0.56, "S": 0.00685, "elv": "Sølverødbekken", "km": 4.9}}, {"type": "Feature", "geometry": {"type": "LineString", "coordinates": [[9.65859, 59.31454], [9.65988, 59.31394]]}, "properties": {"P": 33.89, "tau": 34.54, "tau_c": 61.23, "omega": 39.8, "M": 0.56, "D": -0.0, "R": 0.26, "sving": 0.53, "os": 0.54, "foss": 0.0, "juv": 0.0, "B": 0.66, "Q": 20.24, "w": 35.25, "h": 0.5, "S": 0.00707, "elv": "Sølverødbekken", "km": 5.0}}, {"type": "Feature", "geometry": {"type": "LineString", "coordinates": [[9.6664, 59.3283], [9.66722, 59.32751]]}, "properties": {"P": 65.02, "tau": 363.2, "tau_c": 304.95, "omega": 1185.0, "M": 1.19, "D": 0.0, "R": 0.93, "sving": 0.15, "os": 0.25, "foss": 1.0, "juv": 0.0, "B": 0.65, "Q": 17.0, "w": 24.66, "h": 0.21, "S": 0.17527, "elv": "bekk", "km": 1.7}}, {"type": "Feature", "geometry": {"type": "LineString", "coordinates": [[9.73073, 59.27633], [9.73246, 59.27644]]}, "properties": {"P": 15.69, "tau": 68.75, "tau_c": 102.07, "omega": 106.6, "M": 0.67, "D": 0.0, "R": 0.41, "sving": 0.0, "os": 0.0, "foss": 0.0, "juv": 0.0, "B": 0.67, "Q": 24.8, "w": 44.82, "h": 0.36, "S": 0.01964, "elv": "bekk", "km": 0.0}}, {"type": "Feature", "geometry": {"type": "LineString", "coordinates": [[9.68978, 59.2769], [9.68873, 59.27755]]}, "properties": {"P": 3.3, "tau": 34.61, "tau_c": 110.78, "omega": 32.83, "M": 0.31, "D": 0.0, "R": 0.03, "sving": 0.14, "os": 0.0, "foss": 0.0, "juv": 0.0, "B": 0.49, "Q": 1.69, "w": 11.71, "h": 0.15, "S": 0.02313, "elv": "Galtetjønnbekken", "km": 0.4}}, {"type": "Feature", "geometry": {"type": "LineString", "coordinates": [[9.68873, 59.27755], [9.68866, 59.27845]]}, "properties": {"P": 18.39, "tau": 37.78, "tau_c": 118.08, "omega": 37.22, "M": 0.32, "D": 0.0, "R": 0.04, "sving": 0.04, "os": 0.0, "foss": 1.0, "juv": 0.0, "B": 0.49, "Q": 1.7, "w": 11.74, "h": 0.15, "S": 0.02628, "elv": "Galtetjønnbekken", "km": 0.5}}, {"type": "Feature", "geometry": {"type": "LineString", "coordinates": [[9.68866, 59.27845], [9.68845, 59.27932]]}, "properties": {"P": 21.37, "tau": 43.26, "tau_c": 130.24, "omega": 45.19, "M": 0.33, "D": 0.0, "R": 0.04, "sving": 0.21, "os": 0.0, "foss": 1.0, "juv": 0.0, "B": 0.49, "Q": 1.7, "w": 11.77, "h": 0.14, "S": 0.03197, "elv": "Galtetjønnbekken", "km": 0.6}}, {"type": "Feature", "geometry": {"type": "LineString", "coordinates": [[9.68845, 59.27932], [9.68824, 59.28019]]}, "properties": {"P": 16.18, "tau": 48.92, "tau_c": 141.26, "omega": 54.02, "M": 0.35, "D": 0.0, "R": 0.05, "sving": 0.16, "os": 0.0, "foss": 0.72, "juv": 0.0, "B": 0.49, "Q": 1.73, "w": 11.82, "h": 0.13, "S": 0.03761, "elv": "Galtetjønnbekken", "km": 0.7}}, {"type": "Feature", "geometry": {"type": "LineString", "coordinates": [[9.68824, 59.28019], [9.68802, 59.28102]]}, "properties": {"P": 21.44, "tau": 51.6, "tau_c": 147.1, "omega": 58.28, "M": 0.35, "D": 0.0, "R": 0.05, "sving": 0.19, "os": 0.0, "foss": 1.0, "juv": 0.0, "B": 0.49, "Q": 1.73, "w": 11.88, "h": 0.13, "S": 0.04078, "elv": "Galtetjønnbekken", "km": 0.8}}, {"type": "Feature", "geometry": {"type": "LineString", "coordinates": [[9.68802, 59.28102], [9.68724, 59.28179]]}, "properties": {"P": 23.44, "tau": 51.68, "tau_c": 146.09, "omega": 58.55, "M": 0.35, "D": 0.0, "R": 0.06, "sving": 0.23, "os": 0.07, "foss": 1.0, "juv": 0.0, "B": 0.49, "Q": 1.77, "w": 11.94, "h": 0.13, "S": 0.04023, "elv": "Galtetjønnbekken", "km": 0.9}}, {"type": "Feature", "geometry": {"type": "LineString", "coordinates": [[9.68724, 59.28179], [9.68623, 59.28251]]}, "properties": {"P": 23.81, "tau": 48.91, "tau_c": 140.25, "omega": 54.13, "M": 0.35, "D": 0.0, "R": 0.05, "sving": 0.23, "os": 0.1, "foss": 1.0, "juv": 0.0, "B": 0.49, "Q": 1.78, "w": 11.98, "h": 0.13, "S": 0.03708, "elv": "Galtetjønnbekken", "km": 1.0}}, {"type": "Feature", "geometry": {"type": "LineString", "coordinates": [[9.68623, 59.28251], [9.68506, 59.28316]]}, "properties": {"P": 24.98, "tau": 55.82, "tau_c": 154.35, "omega": 65.4, "M": 0.36, "D": 0.0, "R": 0.06, "sving": 0.23, "os": 0.15, "foss": 1.0, "juv": 0.0, "B": 0.49, "Q": 1.78, "w": 12.01, "h": 0.13, "S": 0.0449, "elv": "Galtetjønnbekken", "km": 1.1}}, {"type": "Feature", "geometry": {"type": "LineString", "coordinates": [[9.68506, 59.28316], [9.68391, 59.2838]]}, "properties": {"P": 24.31, "tau": 54.89, "tau_c": 152.5, "omega": 63.85, "M": 0.36, "D": 0.02, "R": 0.06, "sving": 0.37, "os": 0.23, "foss": 0.72, "juv": 0.0, "B": 0.5, "Q": 1.79, "w": 12.03, "h": 0.13, "S": 0.04383, "elv": "Galtetjønnbekken", "km": 1.2}}, {"type": "Feature", "geometry": {"type": "LineString", "coordinates": [[9.68391, 59.2838], [9.68411, 59.28458]]}, "properties": {"P": 25.39, "tau": 55.49, "tau_c": 153.7, "omega": 64.85, "M": 0.36, "D": 0.02, "R": 0.06, "sving": 0.05, "os": 0.33, "foss": 1.0, "juv": 0.0, "B": 0.5, "Q": 1.79, "w": 12.04, "h": 0.13, "S": 0.04453, "elv": "Galtetjønnbekken", "km": 1.3}}, {"type": "Feature", "geometry": {"type": "LineString", "coordinates": [[9.68411, 59.28458], [9.68471, 59.2854]]}, "properties": {"P": 33.17, "tau": 48.81, "tau_c": 140.09, "omega": 53.96, "M": 0.35, "D": 0.02, "R": 0.05, "sving": 0.58, "os": 0.27, "foss": 1.0, "juv": 0.0, "B": 0.5, "Q": 1.79, "w": 12.04, "h": 0.13, "S": 0.03699, "elv": "Galtetjønnbekken", "km": 1.4}}, {"type": "Feature", "geometry": {"type": "LineString", "coordinates": [[9.68471, 59.2854], [9.6838, 59.28578]]}, "properties": {"P": 25.24, "tau": 58.32, "tau_c": 159.11, "omega": 69.66, "M": 0.37, "D": 0.0, "R": 0.06, "sving": 0.2, "os": 0.19, "foss": 1.0, "juv": 0.0, "B": 0.5, "Q": 1.79, "w": 12.05, "h": 0.12, "S": 0.04772, "elv": "Galtetjønnbekken", "km": 1.5}}, {"type": "Feature", "geometry": {"type": "LineString", "coordinates": [[9.6838, 59.28578], [9.68506, 59.28639]]}, "properties": {"P": 25.41, "tau": 58.78, "tau_c": 159.96, "omega": 70.46, "M": 0.37, "D": 0.0, "R": 0.06, "sving": 0.49, "os": 0.2, "foss": 0.72, "juv": 0.0, "B": 0.5, "Q": 1.8, "w": 12.06, "h": 0.12, "S": 0.04823, "elv": "Galtetjønnbekken", "km": 1.6}}, {"type": "Feature", "geometry": {"type": "LineString", "coordinates": [[9.68506, 59.28639], [9.68459, 59.28695]]}, "properties": {"P": 20.6, "tau": 48.25, "tau_c": 138.81, "omega": 53.09, "M": 0.35, "D": 0.0, "R": 0.05, "sving": 0.01, "os": 0.12, "foss": 1.0, "juv": 0.0, "B": 0.5, "Q": 1.8, "w": 12.07, "h": 0.14, "S": 0.03632, "elv": "Galtetjønnbekken", "km": 1.7}}, {"type": "Feature", "geometry": {"type": "LineString", "coordinates": [[9.68459, 59.28695], [9.68319, 59.28748]]}, "properties": {"P": 32.17, "tau": 72.77, "tau_c": 186.34, "omega": 95.7, "M": 0.39, "D": 0.0, "R": 0.08, "sving": 0.66, "os": 0.11, "foss": 1.0, "juv": 0.0, "B": 0.5, "Q": 1.8, "w": 12.08, "h": 0.11, "S": 0.06544, "elv": "Galtetjønnbekken", "km": 1.8}}, {"type": "Feature", "geometry": {"type": "LineString", "coordinates": [[9.68319, 59.28748], [9.6818, 59.28801]]}, "properties": {"P": 19.49, "tau": 83.19, "tau_c": 205.06, "omega": 115.94, "M": 0.41, "D": 0.0, "R": 0.09, "sving": 0.1, "os": 0.18, "foss": 0.72, "juv": 0.0, "B": 0.5, "Q": 1.8, "w": 12.08, "h": 0.11, "S": 0.07926, "elv": "Galtetjønnbekken", "km": 1.9}}, {"type": "Feature", "geometry": {"type": "LineString", "coordinates": [[9.6818, 59.28801], [9.68038, 59.28853]]}, "properties": {"P": 26.97, "tau": 96.55, "tau_c": 229.22, "omega": 143.31, "M": 0.42, "D": 0.0, "R": 0.11, "sving": 0.12, "os": 0.3, "foss": 1.0, "juv": 0.0, "B": 0.5, "Q": 1.81, "w": 12.24, "h": 0.1, "S": 0.09903, "elv": "Galtetjønnbekken", "km": 2.0}}, {"type": "Feature", "geometry": {"type": "LineString", "coordinates": [[9.68038, 59.28853], [9.67929, 59.28921]]}, "properties": {"P": 30.01, "tau": 93.81, "tau_c": 225.71, "omega": 137.33, "M": 0.42, "D": 0.0, "R": 0.1, "sving": 0.12, "os": 0.49, "foss": 1.0, "juv": 0.0, "B": 0.5, "Q": 1.81, "w": 12.4, "h": 0.1, "S": 0.09602, "elv": "Galtetjønnbekken", "km": 2.1}}, {"type": "Feature", "geometry": {"type": "LineString", "coordinates": [[9.67929, 59.28921], [9.67851, 59.28979]]}, "properties": {"P": 37.49, "tau": 111.5, "tau_c": 243.72, "omega": 178.51, "M": 0.46, "D": 0.0, "R": 0.14, "sving": 0.17, "os": 0.78, "foss": 1.0, "juv": 0.0, "B": 0.5, "Q": 2.04, "w": 12.55, "h": 0.1, "S": 0.11195, "elv": "Galtetjønnbekken", "km": 2.2}}, {"type": "Feature", "geometry": {"type": "LineString", "coordinates": [[9.56306, 59.29482], [9.56215, 59.29436]]}, "properties": {"P": 39.93, "tau": 37.05, "tau_c": 68.58, "omega": 43.29, "M": 0.54, "D": 0.0, "R": 0.23, "sving": 0.0, "os": 1.0, "foss": 0.0, "juv": 0.0, "B": 0.84, "Q": 20.13, "w": 40.44, "h": 0.43, "S": 0.00887, "elv": "bekk", "km": 0.0}}, {"type": "Feature", "geometry": {"type": "LineString", "coordinates": [[9.55553, 59.32919], [9.55457, 59.32844]]}, "properties": {"P": 37.21, "tau": 69.07, "tau_c": 110.16, "omega": 104.7, "M": 0.63, "D": 0.0, "R": 0.35, "sving": 0.0, "os": 1.0, "foss": 0.0, "juv": 0.0, "B": 0.69, "Q": 17.8, "w": 38.15, "h": 0.31, "S": 0.02287, "elv": "bekk", "km": 0.0}}, {"type": "Feature", "geometry": {"type": "LineString", "coordinates": [[9.4227, 59.26617], [9.42099, 59.26633]]}, "properties": {"P": 22.26, "tau": 76.66, "tau_c": 245.82, "omega": 95.1, "M": 0.31, "D": 0.0, "R": 0.03, "sving": 0.03, "os": 0.06, "foss": 1.0, "juv": 0.0, "B": 0.57, "Q": 0.59, "w": 6.89, "h": 0.07, "S": 0.1139, "elv": "Kvernhusbekken", "km": 0.4}}, {"type": "Feature", "geometry": {"type": "LineString", "coordinates": [[9.42099, 59.26633], [9.41936, 59.26652]]}, "properties": {"P": 22.66, "tau": 85.33, "tau_c": 265.46, "omega": 110.89, "M": 0.32, "D": 0.0, "R": 0.04, "sving": 0.06, "os": 0.06, "foss": 1.0, "juv": 0.0, "B": 0.56, "Q": 0.59, "w": 6.89, "h": 0.07, "S": 0.13282, "elv": "Kvernhusbekken", "km": 0.5}}, {"type": "Feature", "geometry": {"type": "LineString", "coordinates": [[9.41936, 59.26652], [9.4177, 59.26671]]}, "properties": {"P": 22.51, "tau": 92.49, "tau_c": 281.24, "omega": 124.46, "M": 0.33, "D": 0.0, "R": 0.04, "sving": 0.02, "os": 0.09, "foss": 1.0, "juv": 0.0, "B": 0.56, "Q": 0.59, "w": 6.89, "h": 0.06, "S": 0.14908, "elv": "Kvernhusbekken", "km": 0.6}}, {"type": "Feature", "geometry": {"type": "LineString", "coordinates": [[9.55961, 59.29888], [9.56098, 59.2985]]}, "properties": {"P": 90.19, "tau": 236.06, "tau_c": 259.48, "omega": 612.88, "M": 0.91, "D": 0.0, "R": 0.71, "sving": 0.0, "os": 1.0, "foss": 1.0, "juv": 0.0, "B": 0.83, "Q": 19.63, "w": 39.88, "h": 0.19, "S": 0.12691, "elv": "bekk", "km": 0.0}}]}